RowTotal,Cohort,Stat,ExitFrom,ExitTo,ReturnTime,HHType,HHVet,HHChronic,HHDisability,HHFleeingDV,HoHRaceEthnicity,HHAdultAge,HHParent,AC3Plus,SystemPath,ReportID
1,-2,1,2,24,-1,1,0,0,0,2,346,25,0,0,1,608011156
2,-2,1,2,98,-1,1,0,0,0,0,1,25,0,0,1,608011156
2,-2,1,2,98,-1,1,0,0,0,0,3,25,0,0,1,608011156
1,-2,1,2,98,-1,1,0,0,0,0,5,24,0,0,1,608011156
1,-2,1,2,98,-1,1,0,0,0,0,5,25,0,0,1,608011156
2,-2,1,2,98,-1,1,0,0,0,0,5,55,0,0,1,608011156
1,-2,1,2,98,-1,1,0,0,0,0,24,25,0,0,1,608011156
1,-2,1,2,98,-1,1,0,0,0,0,46,25,0,0,1,608011156
1,-2,1,2,98,-1,1,0,0,0,0,56,25,0,0,1,608011156
1,-2,1,2,98,-1,1,0,0,0,1,3,25,0,0,1,608011156
1,-2,1,2,98,-1,1,0,0,0,2,5,25,0,0,1,608011156
1,-2,1,2,98,-1,1,0,0,0,2,5,55,0,0,1,608011156
1,-2,1,2,98,-1,1,0,0,0,2,46,25,0,0,1,608011156
1,-2,1,2,98,-1,1,0,0,0,2,245,25,0,0,1,608011156
1,-2,1,2,98,-1,1,0,0,1,0,3,25,0,0,1,608011156
6,-2,1,2,98,-1,1,0,0,1,0,5,25,0,0,1,608011156
3,-2,1,2,98,-1,1,0,0,1,0,5,55,0,0,1,608011156
1,-2,1,2,98,-1,1,0,0,1,0,124,55,0,0,1,608011156
1,-2,1,2,98,-1,1,0,0,1,0,247,24,0,0,1,608011156
2,-2,1,2,98,-1,1,0,0,1,1,15,25,0,0,1,608011156
1,-2,1,2,98,-1,1,0,0,1,2,3,25,0,0,1,608011156
3,-2,1,2,98,-1,1,0,0,1,2,5,55,0,0,1,608011156
1,-2,1,2,98,-1,1,0,0,1,2,14,25,0,0,1,608011156
1,-2,1,2,98,-1,1,0,1,1,0,5,25,0,0,1,608011156
1,-2,1,2,98,-1,1,0,1,1,0,15,25,0,0,1,608011156
1,-2,1,2,98,-1,1,0,1,1,0,67,25,0,0,1,608011156
2,-2,1,2,98,-1,1,0,1,1,2,5,25,0,0,1,608011156
1,-2,1,2,98,-1,1,0,1,1,3,456,55,0,0,1,608011156
1,-2,1,2,98,-1,1,0,4,0,0,5,25,0,0,1,608011156
1,-2,1,2,98,-1,1,0,5,1,0,5,55,0,0,1,608011156
1,-2,1,2,98,-1,1,0,6,1,0,5,25,0,0,1,608011156
1,-2,1,2,98,-1,1,1,0,1,0,5,55,0,0,1,608011156
1,-2,1,2,98,-1,2,0,0,0,0,5,18,1,0,1,608011156
1,-2,1,2,98,-1,2,0,0,0,2,36,25,1,0,1,608011156
1,-2,1,2,98,-1,2,0,0,1,0,3,25,1,0,1,608011156
1,-2,1,2,98,-1,2,0,0,1,2,5,25,1,0,1,608011156
1,-2,1,2,98,-1,2,0,0,1,2,5,25,1,1,1,608011156
1,-2,1,2,98,-1,99,0,9,0,0,98,-1,0,0,1,608011156
1,-2,1,2,98,90,1,0,0,0,0,5,18,0,0,1,608011156
1,-2,1,2,98,365,1,0,0,1,0,3,24,0,0,1,608011156
1,-2,1,2,98,365,1,0,0,1,0,5,25,0,0,1,608011156
1,-2,1,2,98,365,1,0,0,1,2,246,24,0,0,1,608011156
1,-2,1,2,98,365,1,0,1,1,1,2,25,0,0,1,608011156
1,-2,1,2,98,365,1,0,4,0,0,3,55,0,0,1,608011156
1,-2,1,2,98,365,1,0,4,0,0,17,25,0,0,1,608011156
1,-2,1,2,98,547,1,0,0,1,0,3,55,0,0,1,608011156
1,-2,1,2,98,547,1,0,0,1,0,5,55,0,0,1,608011156
1,-2,1,2,98,547,1,0,4,0,0,5,24,0,0,1,608011156
1,-2,1,2,98,730,1,0,0,0,0,4,25,0,0,1,608011156
1,-2,1,2,98,730,1,0,0,1,2,346,25,0,0,1,608011156
1,-2,1,2,98,730,1,0,1,1,1,567,25,0,0,1,608011156
1,-2,1,2,98,730,1,0,4,0,0,3,25,0,0,1,608011156
1,-2,1,2,99,-1,1,0,0,0,0,1,18,0,0,1,608011156
1,-2,1,2,99,-1,1,0,0,0,0,2,25,0,0,1,608011156
2,-2,1,2,99,-1,1,0,0,0,0,2,55,0,0,1,608011156
2,-2,1,2,99,-1,1,0,0,0,0,3,18,0,0,1,608011156
4,-2,1,2,99,-1,1,0,0,0,0,3,24,0,0,1,608011156
10,-2,1,2,99,-1,1,0,0,0,0,3,25,0,0,1,608011156
4,-2,1,2,99,-1,1,0,0,0,0,3,55,0,0,1,608011156
2,-2,1,2,99,-1,1,0,0,0,0,5,24,0,0,1,608011156
11,-2,1,2,99,-1,1,0,0,0,0,5,25,0,0,1,608011156
1,-2,1,2,99,-1,1,0,0,0,0,5,55,0,0,1,608011156
1,-2,1,2,99,-1,1,0,0,0,0,6,25,0,0,1,608011156
1,-2,1,2,99,-1,1,0,0,0,0,13,55,0,0,1,608011156
1,-2,1,2,99,-1,1,0,0,0,0,14,25,0,0,1,608011156
1,-2,1,2,99,-1,1,0,0,0,0,37,25,0,0,1,608011156
3,-2,1,2,99,-1,1,0,0,0,0,56,25,0,0,1,608011156
1,-2,1,2,99,-1,1,0,0,0,0,346,25,0,0,1,608011156
1,-2,1,2,99,-1,1,0,0,0,0,347,25,0,0,1,608011156
1,-2,1,2,99,-1,1,0,0,0,0,356,25,0,0,1,608011156
1,-2,1,2,99,-1,1,0,0,0,0,367,25,0,0,1,608011156
1,-2,1,2,99,-1,1,0,0,0,1,3,18,0,0,1,608011156
1,-2,1,2,99,-1,1,0,0,0,1,3,25,0,0,1,608011156
1,-2,1,2,99,-1,1,0,0,0,1,5,25,0,0,1,608011156
1,-2,1,2,99,-1,1,0,0,0,1,5,55,0,0,1,608011156
1,-2,1,2,99,-1,1,0,0,0,2,3,25,0,0,1,608011156
1,-2,1,2,99,-1,1,0,0,0,2,3,55,0,0,1,608011156
4,-2,1,2,99,-1,1,0,0,0,2,5,25,0,0,1,608011156
1,-2,1,2,99,-1,1,0,0,0,2,5,55,0,0,1,608011156
1,-2,1,2,99,-1,1,0,0,0,2,16,25,0,0,1,608011156
1,-2,1,2,99,-1,1,0,0,0,2,24,25,0,0,1,608011156
1,-2,1,2,99,-1,1,0,0,1,0,3,18,0,0,1,608011156
5,-2,1,2,99,-1,1,0,0,1,0,3,25,0,0,1,608011156
2,-2,1,2,99,-1,1,0,0,1,0,3,55,0,0,1,608011156
2,-2,1,2,99,-1,1,0,0,1,0,5,18,0,0,1,608011156
1,-2,1,2,99,-1,1,0,0,1,0,5,24,0,0,1,608011156
11,-2,1,2,99,-1,1,0,0,1,0,5,25,0,0,1,608011156
2,-2,1,2,99,-1,1,0,0,1,0,5,55,0,0,1,608011156
1,-2,1,2,99,-1,1,0,0,1,0,15,25,0,0,1,608011156
1,-2,1,2,99,-1,1,0,0,1,0,15,55,0,0,1,608011156
1,-2,1,2,99,-1,1,0,0,1,0,34,25,0,0,1,608011156
1,-2,1,2,99,-1,1,0,0,1,0,46,55,0,0,1,608011156
1,-2,1,2,99,-1,1,0,0,1,0,56,18,0,0,1,608011156
1,-2,1,2,99,-1,1,0,0,1,0,134,55,0,0,1,608011156
1,-2,1,2,99,-1,1,0,0,1,0,235,24,0,0,1,608011156
1,-2,1,2,99,-1,1,0,0,1,1,3,25,0,0,1,608011156
1,-2,1,2,99,-1,1,0,0,1,1,5,18,0,0,1,608011156
1,-2,1,2,99,-1,1,0,0,1,1,5,25,0,0,1,608011156
1,-2,1,2,99,-1,1,0,0,1,1,457,25,0,0,1,608011156
1,-2,1,2,99,-1,1,0,0,1,2,5,24,0,0,1,608011156
3,-2,1,2,99,-1,1,0,0,1,2,5,25,0,0,1,608011156
2,-2,1,2,99,-1,1,0,0,1,2,5,55,0,0,1,608011156
1,-2,1,2,99,-1,1,0,0,1,2,56,25,0,0,1,608011156
1,-2,1,2,99,-1,1,0,0,1,2,347,55,0,0,1,608011156
1,-2,1,2,99,-1,1,0,0,1,3,3,55,0,0,1,608011156
2,-2,1,2,99,-1,1,0,1,1,0,3,25,0,0,1,608011156
1,-2,1,2,99,-1,1,0,1,1,0,3,55,0,0,1,608011156
1,-2,1,2,99,-1,1,0,1,1,0,5,18,0,0,1,608011156
4,-2,1,2,99,-1,1,0,1,1,0,5,25,0,0,1,608011156
3,-2,1,2,99,-1,1,0,1,1,0,5,55,0,0,1,608011156
1,-2,1,2,99,-1,1,0,1,1,0,24,18,0,0,1,608011156
1,-2,1,2,99,-1,1,0,1,1,0,35,25,0,0,1,608011156
1,-2,1,2,99,-1,1,0,1,1,0,56,55,0,0,1,608011156
1,-2,1,2,99,-1,1,0,1,1,0,123,25,0,0,1,608011156
1,-2,1,2,99,-1,1,0,1,1,0,136,25,0,0,1,608011156
1,-2,1,2,99,-1,1,0,1,1,1,3,25,0,0,1,608011156
1,-2,1,2,99,-1,1,0,1,1,1,3,55,0,0,1,608011156
1,-2,1,2,99,-1,1,0,1,1,1,5,18,0,0,1,608011156
1,-2,1,2,99,-1,1,0,1,1,1,5,25,0,0,1,608011156
1,-2,1,2,99,-1,1,0,1,1,1,5,55,0,0,1,608011156
1,-2,1,2,99,-1,1,0,1,1,1,26,25,0,0,1,608011156
1,-2,1,2,99,-1,1,0,1,1,2,5,18,0,0,1,608011156
1,-2,1,2,99,-1,1,0,1,1,2,5,25,0,0,1,608011156
1,-2,1,2,99,-1,1,0,1,1,2,5,55,0,0,1,608011156
1,-2,1,2,99,-1,1,0,1,1,2,7,25,0,0,1,608011156
1,-2,1,2,99,-1,1,0,1,1,2,134,25,0,0,1,608011156
1,-2,1,2,99,-1,1,0,4,0,0,2,25,0,0,1,608011156
1,-2,1,2,99,-1,1,0,4,0,0,3,24,0,0,1,608011156
3,-2,1,2,99,-1,1,0,4,0,0,3,25,0,0,1,608011156
2,-2,1,2,99,-1,1,0,4,0,0,3,55,0,0,1,608011156
2,-2,1,2,99,-1,1,0,4,0,0,5,25,0,0,1,608011156
2,-2,1,2,99,-1,1,0,4,0,0,5,55,0,0,1,608011156
1,-2,1,2,99,-1,1,0,4,0,0,15,55,0,0,1,608011156
1,-2,1,2,99,-1,1,0,4,0,0,234,55,0,0,1,608011156
1,-2,1,2,99,-1,1,0,4,0,0,567,55,0,0,1,608011156
1,-2,1,2,99,-1,1,0,4,0,1,3,24,0,0,1,608011156
1,-2,1,2,99,-1,1,0,4,0,1,26,25,0,0,1,608011156
1,-2,1,2,99,-1,1,0,5,1,0,5,55,0,0,1,608011156
1,-2,1,2,99,-1,1,0,6,1,0,5,25,0,0,1,608011156
1,-2,1,2,99,-1,1,0,6,1,2,137,55,0,0,1,608011156
1,-2,1,2,99,-1,1,0,9,1,0,3,25,0,0,1,608011156
1,-2,1,2,99,-1,1,0,9,1,0,5,24,0,0,1,608011156
1,-2,1,2,99,-1,1,0,9,1,0,5,25,0,0,1,608011156
2,-2,1,2,99,-1,1,0,9,1,0,5,55,0,0,1,608011156
1,-2,1,2,99,-1,1,0,9,1,0,56,25,0,0,1,608011156
1,-2,1,2,99,-1,1,0,9,1,1,24,25,0,0,1,608011156
1,-2,1,2,99,-1,1,0,9,1,2,56,25,0,0,1,608011156
1,-2,1,2,99,-1,1,1,0,0,0,5,25,0,0,1,608011156
3,-2,1,2,99,-1,1,1,0,0,0,5,55,0,0,1,608011156
1,-2,1,2,99,-1,1,1,0,1,0,5,25,0,0,1,608011156
2,-2,1,2,99,-1,1,1,0,1,0,5,55,0,0,1,608011156
1,-2,1,2,99,-1,1,1,0,1,0,37,25,0,0,1,608011156
1,-2,1,2,99,-1,1,1,0,1,2,26,25,0,0,1,608011156
1,-2,1,2,99,-1,1,1,0,1,2,237,25,0,0,1,608011156
3,-2,1,2,99,-1,1,1,1,1,0,5,55,0,0,1,608011156
1,-2,1,2,99,-1,1,1,1,1,0,67,25,0,0,1,608011156
1,-2,1,2,99,-1,2,0,0,0,0,3,24,1,0,1,608011156
1,-2,1,2,99,-1,2,0,0,0,0,3,25,1,0,1,608011156
2,-2,1,2,99,-1,2,0,0,0,0,3,25,1,1,1,608011156
1,-2,1,2,99,-1,2,0,0,0,0,5,24,1,0,1,608011156
1,-2,1,2,99,-1,2,0,0,0,0,6,25,1,0,1,608011156
1,-2,1,2,99,-1,2,0,0,0,0,15,25,1,1,1,608011156
1,-2,1,2,99,-1,2,0,0,0,0,56,25,1,0,1,608011156
1,-2,1,2,99,-1,2,0,0,0,0,124,24,1,0,1,608011156
1,-2,1,2,99,-1,2,0,0,0,1,5,25,1,0,1,608011156
2,-2,1,2,99,-1,2,0,0,0,2,5,25,1,0,1,608011156
1,-2,1,2,99,-1,2,0,0,1,0,3,25,1,1,1,608011156
1,-2,1,2,99,-1,2,0,0,1,1,3,25,1,0,1,608011156
1,-2,1,2,99,-1,2,0,0,1,1,5,24,1,0,1,608011156
2,-2,1,2,99,-1,2,0,0,1,2,3,25,1,0,1,608011156
2,-2,1,2,99,-1,2,0,0,1,2,56,25,1,0,1,608011156
1,-2,1,2,99,-1,2,0,4,0,0,5,24,1,0,1,608011156
1,-2,1,2,99,-1,2,0,4,0,1,3,25,1,0,1,608011156
1,-2,1,2,99,-1,2,1,0,1,1,5,25,1,0,1,608011156
1,-2,1,2,99,-1,3,0,0,0,0,5,-1,0,0,1,608011156
1,-2,1,2,99,-1,3,0,0,0,0,56,-1,0,0,1,608011156
1,-2,1,2,99,-1,3,0,0,1,0,5,-1,0,0,1,608011156
1,-2,1,2,99,-1,3,0,4,0,0,5,-1,0,0,1,608011156
1,-2,1,2,99,-1,3,0,9,1,0,5,-1,0,0,1,608011156
1,-2,1,2,99,-1,99,0,9,0,0,98,-1,0,0,1,608011156
1,-2,1,2,99,30,1,0,0,0,0,3,25,0,0,1,608011156
1,-2,1,2,99,30,1,0,0,0,0,13,25,0,0,1,608011156
1,-2,1,2,99,30,1,0,0,1,0,5,25,0,0,1,608011156
1,-2,1,2,99,30,1,0,0,1,0,5,55,0,0,1,608011156
1,-2,1,2,99,30,1,0,0,1,0,45,25,0,0,1,608011156
1,-2,1,2,99,30,1,0,0,1,0,245,25,0,0,1,608011156
1,-2,1,2,99,30,1,0,1,1,0,5,25,0,0,1,608011156
1,-2,1,2,99,60,1,0,0,1,0,126,25,0,0,1,608011156
1,-2,1,2,99,60,1,0,0,1,2,57,25,0,0,1,608011156
1,-2,1,2,99,60,1,0,1,1,0,3,55,0,0,1,608011156
1,-2,1,2,99,60,1,0,1,1,0,35,25,0,0,1,608011156
1,-2,1,2,99,90,1,0,0,0,0,5,25,0,0,1,608011156
2,-2,1,2,99,90,1,0,0,1,0,5,25,0,0,1,608011156
1,-2,1,2,99,180,1,0,0,0,0,134,25,0,0,1,608011156
2,-2,1,2,99,180,1,0,0,1,0,3,25,0,0,1,608011156
2,-2,1,2,99,180,1,0,0,1,0,5,25,0,0,1,608011156
1,-2,1,2,99,180,1,0,0,1,1,127,25,0,0,1,608011156
1,-2,1,2,99,180,1,0,0,1,2,56,25,0,0,1,608011156
1,-2,1,2,99,180,1,0,1,1,0,5,25,0,0,1,608011156
1,-2,1,2,99,180,1,0,1,1,0,137,25,0,0,1,608011156
1,-2,1,2,99,180,1,0,1,1,0,267,25,0,0,1,608011156
2,-2,1,2,99,180,1,0,4,0,0,3,25,0,0,1,608011156
1,-2,1,2,99,180,1,0,4,0,0,5,55,0,0,1,608011156
1,-2,1,2,99,180,1,0,4,0,1,5,25,0,0,1,608011156
1,-2,1,2,99,180,1,0,4,0,2,137,55,0,0,1,608011156
1,-2,1,2,99,365,1,0,0,0,0,5,18,0,0,1,608011156
1,-2,1,2,99,365,1,0,0,0,0,5,25,0,0,1,608011156
1,-2,1,2,99,365,1,0,0,0,0,245,25,0,0,1,608011156
1,-2,1,2,99,365,1,0,0,0,2,5,25,0,0,1,608011156
1,-2,1,2,99,365,1,0,0,1,0,57,55,0,0,1,608011156
1,-2,1,2,99,365,1,0,0,1,2,3,25,0,0,1,608011156
1,-2,1,2,99,365,1,0,0,1,2,5,25,0,0,1,608011156
1,-2,1,2,99,365,1,0,0,1,2,56,25,0,0,1,608011156
1,-2,1,2,99,365,1,0,1,1,0,2,25,0,0,1,608011156
1,-2,1,2,99,365,1,0,1,1,0,3,55,0,0,1,608011156
1,-2,1,2,99,365,1,0,1,1,0,5,25,0,0,1,608011156
1,-2,1,2,99,365,1,0,1,1,0,346,25,0,0,1,608011156
1,-2,1,2,99,365,1,0,1,1,1,56,25,0,0,1,608011156
1,-2,1,2,99,365,1,0,1,1,2,5,25,0,0,1,608011156
1,-2,1,2,99,365,1,0,1,1,2,15,25,0,0,1,608011156
1,-2,1,2,99,365,1,0,4,0,0,3,25,0,0,1,608011156
1,-2,1,2,99,365,1,0,4,0,0,5,25,0,0,1,608011156
1,-2,1,2,99,365,1,0,4,0,0,13,25,0,0,1,608011156
1,-2,1,2,99,365,1,0,9,0,0,3,25,0,0,1,608011156
1,-2,1,2,99,365,1,0,9,0,0,5,25,0,0,1,608011156
1,-2,1,2,99,365,1,0,9,1,0,5,55,0,0,1,608011156
1,-2,1,2,99,365,1,1,0,1,2,3,55,0,0,1,608011156
2,-2,1,2,99,547,1,0,0,0,0,3,25,0,0,1,608011156
1,-2,1,2,99,547,1,0,0,0,0,3,55,0,0,1,608011156
1,-2,1,2,99,547,1,0,0,0,0,5,55,0,0,1,608011156
1,-2,1,2,99,547,1,0,0,0,0,35,24,0,0,1,608011156
2,-2,1,2,99,547,1,0,0,0,0,56,25,0,0,1,608011156
2,-2,1,2,99,547,1,0,0,1,0,3,25,0,0,1,608011156
1,-2,1,2,99,547,1,0,0,1,0,5,18,0,0,1,608011156
1,-2,1,2,99,547,1,0,0,1,2,5,25,0,0,1,608011156
1,-2,1,2,99,547,1,0,0,1,2,15,25,0,0,1,608011156
1,-2,1,2,99,547,1,0,1,1,0,357,25,0,0,1,608011156
1,-2,1,2,99,547,1,0,4,0,0,2,25,0,0,1,608011156
1,-2,1,2,99,547,1,0,4,0,0,3,25,0,0,1,608011156
1,-2,1,2,99,547,1,0,4,0,0,56,25,0,0,1,608011156
1,-2,1,2,99,547,1,0,4,0,2,5,25,0,0,1,608011156
1,-2,1,2,99,547,2,0,0,0,0,126,25,1,0,1,608011156
1,-2,1,2,99,547,2,0,9,1,2,5,25,1,0,1,608011156
1,-2,1,2,99,730,1,0,0,0,0,3,25,0,0,1,608011156
3,-2,1,2,99,730,1,0,0,0,0,5,25,0,0,1,608011156
1,-2,1,2,99,730,1,0,0,0,0,5,55,0,0,1,608011156
1,-2,1,2,99,730,1,0,0,0,1,245,25,0,0,1,608011156
1,-2,1,2,99,730,1,0,0,1,0,3,25,0,0,1,608011156
1,-2,1,2,99,730,1,0,0,1,0,5,25,0,0,1,608011156
1,-2,1,2,99,730,1,0,0,1,2,5,25,0,0,1,608011156
2,-2,1,2,99,730,1,0,1,1,0,3,25,0,0,1,608011156
1,-2,1,2,99,730,1,0,1,1,0,5,55,0,0,1,608011156
1,-2,1,2,99,730,1,0,1,1,0,125,25,0,0,1,608011156
1,-2,1,2,99,730,1,0,1,1,0,136,25,0,0,1,608011156
1,-2,1,2,99,730,1,0,1,1,1,5,25,0,0,1,608011156
1,-2,1,2,99,730,1,0,4,0,0,5,25,0,0,1,608011156
1,-2,1,2,99,730,1,0,4,0,0,5,55,0,0,1,608011156
1,-2,1,2,99,730,1,0,9,1,0,5,55,0,0,1,608011156
1,-2,1,2,99,730,1,0,9,1,0,15,24,0,0,1,608011156
2,-2,1,2,101,-1,1,0,0,0,0,3,25,0,0,1,608011156
1,-2,1,2,101,-1,1,0,0,0,0,5,24,0,0,1,608011156
3,-2,1,2,101,-1,1,0,0,0,0,5,25,0,0,1,608011156
1,-2,1,2,101,-1,1,0,0,0,0,167,25,0,0,1,608011156
1,-2,1,2,101,-1,1,0,0,0,0,234,24,0,0,1,608011156
1,-2,1,2,101,-1,1,0,0,0,1,3,25,0,0,1,608011156
1,-2,1,2,101,-1,1,0,0,0,2,3,24,0,0,1,608011156
1,-2,1,2,101,-1,1,0,0,0,2,56,25,0,0,1,608011156
1,-2,1,2,101,-1,1,0,0,1,0,3,25,0,0,1,608011156
1,-2,1,2,101,-1,1,0,0,1,0,3,55,0,0,1,608011156
4,-2,1,2,101,-1,1,0,0,1,0,5,25,0,0,1,608011156
1,-2,1,2,101,-1,1,0,0,1,0,5,25,1,0,1,608011156
2,-2,1,2,101,-1,1,0,0,1,0,5,55,0,0,1,608011156
1,-2,1,2,101,-1,1,0,0,1,0,34,25,0,0,1,608011156
1,-2,1,2,101,-1,1,0,0,1,0,98,55,0,0,1,608011156
1,-2,1,2,101,-1,1,0,0,1,0,124,55,0,0,1,608011156
1,-2,1,2,101,-1,1,0,0,1,1,3,25,0,0,1,608011156
1,-2,1,2,101,-1,1,0,0,1,1,3,55,0,0,1,608011156
2,-2,1,2,101,-1,1,0,0,1,1,5,25,0,0,1,608011156
1,-2,1,2,101,-1,1,0,0,1,2,2,25,0,0,1,608011156
1,-2,1,2,101,-1,1,0,0,1,2,5,18,0,0,1,608011156
1,-2,1,2,101,-1,1,0,0,1,2,5,25,0,0,1,608011156
1,-2,1,2,101,-1,1,0,0,1,3,5,55,0,0,1,608011156
2,-2,1,2,101,-1,1,0,1,1,0,5,25,0,0,1,608011156
3,-2,1,2,101,-1,1,0,1,1,0,5,55,0,0,1,608011156
1,-2,1,2,101,-1,1,0,1,1,0,124,55,0,0,1,608011156
1,-2,1,2,101,-1,1,0,1,1,2,37,25,0,0,1,608011156
1,-2,1,2,101,-1,1,0,4,0,0,3,24,0,0,1,608011156
2,-2,1,2,101,-1,1,0,4,0,0,5,25,0,0,1,608011156
1,-2,1,2,101,-1,1,0,4,0,0,5,55,0,0,1,608011156
1,-2,1,2,101,-1,1,0,9,1,0,3,25,0,0,1,608011156
1,-2,1,2,101,-1,1,0,9,1,0,5,18,0,0,1,608011156
1,-2,1,2,101,-1,1,0,9,1,0,5,55,0,0,1,608011156
1,-2,1,2,101,-1,1,1,0,0,0,56,25,0,0,1,608011156
1,-2,1,2,101,-1,1,1,0,1,0,5,25,0,0,1,608011156
1,-2,1,2,101,-1,1,1,4,0,0,256,25,0,0,1,608011156
1,-2,1,2,101,-1,2,0,0,0,0,3,25,1,0,1,608011156
1,-2,1,2,101,-1,2,0,0,1,0,3,25,1,1,1,608011156
1,-2,1,2,101,-1,2,0,0,1,1,3,25,1,0,1,608011156
1,-2,1,2,101,-1,3,0,1,1,0,3,-1,0,0,1,608011156
1,-2,1,2,101,60,1,0,0,1,0,12,25,0,0,1,608011156
1,-2,1,2,101,60,1,0,1,1,1,12,25,0,0,1,608011156
1,-2,1,2,101,90,1,0,0,0,2,3,25,0,0,1,608011156
1,-2,1,2,101,180,1,0,0,1,0,35,25,0,0,1,608011156
1,-2,1,2,101,180,1,0,0,1,0,146,25,0,0,1,608011156
1,-2,1,2,101,180,1,0,1,1,0,3,18,0,0,1,608011156
1,-2,1,2,101,180,1,0,1,1,2,5,25,0,0,1,608011156
1,-2,1,2,101,180,1,0,1,1,2,23,55,0,0,1,608011156
1,-2,1,2,101,365,1,0,1,1,2,5,55,0,0,1,608011156
1,-2,1,2,101,365,1,0,4,0,0,5,25,0,0,1,608011156
1,-2,1,2,101,365,2,0,4,0,1,3,25,1,0,1,608011156
1,-2,1,2,101,547,1,0,0,1,0,5,25,0,0,1,608011156
1,-2,1,2,101,547,1,0,0,1,0,5,55,0,0,1,608011156
1,-2,1,2,101,547,1,0,0,1,0,345,25,0,0,1,608011156
1,-2,1,2,101,547,1,0,1,1,0,5,25,0,0,1,608011156
1,-2,1,2,101,547,1,1,0,0,0,15,55,0,0,1,608011156
1,-2,1,2,101,730,1,0,0,0,0,5,25,0,0,1,608011156
1,-2,1,2,101,730,1,0,0,1,0,5,55,0,0,1,608011156
1,-2,1,2,101,730,1,0,1,1,2,3,25,0,0,1,608011156
1,-2,1,2,101,730,1,0,4,0,0,3,25,0,0,1,608011156
1,-2,1,2,116,-1,1,0,0,0,0,2,25,0,0,1,608011156
1,-2,1,2,116,-1,1,0,0,0,0,3,55,0,0,1,608011156
4,-2,1,2,116,-1,1,0,0,0,0,5,25,0,0,1,608011156
1,-2,1,2,116,-1,1,0,0,0,0,5,55,0,0,1,608011156
1,-2,1,2,116,-1,1,0,0,0,0,16,25,0,0,1,608011156
1,-2,1,2,116,-1,1,0,0,1,0,3,25,0,0,1,608011156
1,-2,1,2,116,-1,1,0,0,1,0,5,25,0,0,1,608011156
1,-2,1,2,116,-1,1,0,0,1,0,98,25,0,0,1,608011156
1,-2,1,2,116,-1,1,0,0,1,0,145,25,0,0,1,608011156
1,-2,1,2,116,-1,1,0,0,1,2,1,55,0,0,1,608011156
1,-2,1,2,116,-1,1,0,1,1,0,2,55,0,0,1,608011156
2,-2,1,2,116,-1,1,0,1,1,0,3,25,0,0,1,608011156
2,-2,1,2,116,-1,1,0,1,1,0,5,25,0,0,1,608011156
1,-2,1,2,116,-1,1,0,1,1,0,13,55,0,0,1,608011156
1,-2,1,2,116,-1,1,0,4,0,0,3,25,0,0,1,608011156
1,-2,1,2,116,-1,1,0,4,0,0,5,55,0,0,1,608011156
1,-2,1,2,116,-1,1,0,4,0,2,5,25,0,0,1,608011156
1,-2,1,2,116,30,1,0,1,1,2,5,25,0,0,1,608011156
1,-2,1,2,116,180,1,0,1,1,0,3,25,0,0,1,608011156
1,-2,1,2,116,180,1,0,4,0,0,47,55,0,0,1,608011156
1,-2,1,2,116,180,1,1,0,0,0,5,55,0,0,1,608011156
1,-2,1,2,116,365,1,0,0,1,0,5,25,0,0,1,608011156
1,-2,1,2,116,365,1,0,1,1,0,5,25,0,0,1,608011156
1,-2,1,2,116,365,1,0,1,1,2,5,25,0,0,1,608011156
1,-2,1,2,116,365,1,0,4,0,0,1,55,0,0,1,608011156
1,-2,1,2,116,365,1,0,4,0,0,56,55,0,0,1,608011156
1,-2,1,2,116,365,1,1,0,0,0,35,25,0,0,1,608011156
1,-2,1,2,116,730,1,0,4,0,0,3,25,0,0,1,608011156
1,-2,1,2,118,-1,1,0,4,0,2,256,25,0,0,1,608011156
1,-2,1,2,118,547,1,0,0,0,0,5,25,0,0,1,608011156
2,-2,1,2,204,-1,1,0,0,0,0,5,25,0,0,1,608011156
1,-2,1,2,204,-1,1,0,0,0,2,156,25,0,0,1,608011156
1,-2,1,2,204,-1,1,0,0,1,0,16,55,0,0,1,608011156
1,-2,1,2,204,-1,1,0,0,1,2,5,55,0,0,1,608011156
1,-2,1,2,204,-1,1,0,1,1,0,5,25,0,0,1,608011156
1,-2,1,2,204,180,1,0,0,1,2,156,18,0,0,1,608011156
3,-2,1,2,205,-1,1,0,0,0,0,5,25,0,0,1,608011156
1,-2,1,2,205,-1,1,0,0,1,0,5,25,0,0,1,608011156
1,-2,1,2,205,-1,1,0,1,1,0,5,25,0,0,1,608011156
1,-2,1,2,205,-1,1,0,1,1,2,5,25,0,0,1,608011156
1,-2,1,2,205,-1,1,1,0,1,0,5,25,0,0,1,608011156
1,-2,1,2,205,-1,1,1,0,1,0,5,55,0,0,1,608011156
1,-2,1,2,205,-1,2,0,0,0,2,5,24,1,0,1,608011156
1,-2,1,2,205,60,1,0,0,0,0,3,25,0,0,1,608011156
1,-2,1,2,205,90,1,0,0,1,0,457,25,0,0,1,608011156
1,-2,1,2,206,-1,1,0,0,0,0,5,25,0,0,1,608011156
1,-2,1,2,206,-1,1,0,0,0,2,5,18,0,0,1,608011156
1,-2,1,2,206,-1,1,0,0,1,0,3,55,0,0,1,608011156
1,-2,1,2,206,-1,1,0,0,1,0,5,25,0,0,1,608011156
1,-2,1,2,206,-1,1,0,0,1,0,5,55,0,0,1,608011156
1,-2,1,2,206,-1,1,0,0,1,0,46,55,0,0,1,608011156
1,-2,1,2,206,-1,1,0,0,1,0,157,25,0,0,1,608011156
1,-2,1,2,206,-1,1,0,0,1,1,5,25,0,0,1,608011156
2,-2,1,2,206,-1,1,0,0,1,2,5,25,0,0,1,608011156
1,-2,1,2,206,-1,1,0,0,1,2,5,55,0,0,1,608011156
1,-2,1,2,206,-1,1,0,0,1,2,34,25,0,0,1,608011156
1,-2,1,2,206,-1,1,0,0,1,2,235,25,0,0,1,608011156
1,-2,1,2,206,-1,1,0,1,1,0,5,18,0,0,1,608011156
1,-2,1,2,206,-1,1,0,1,1,0,23,55,0,0,1,608011156
1,-2,1,2,206,-1,1,0,1,1,2,5,25,0,0,1,608011156
1,-2,1,2,206,-1,1,0,1,1,2,135,25,0,0,1,608011156
1,-2,1,2,206,-1,2,0,0,1,2,5,18,1,0,1,608011156
1,-2,1,2,206,-1,2,0,1,1,1,5,25,1,0,1,608011156
1,-2,1,2,206,365,1,0,0,1,2,5,25,0,0,1,608011156
1,-2,1,2,206,547,1,1,0,1,2,5,55,0,0,1,608011156
1,-2,1,2,207,-1,1,0,0,0,0,3,55,0,0,1,608011156
1,-2,1,2,207,-1,1,0,0,0,0,56,25,0,0,1,608011156
1,-2,1,2,207,-1,1,0,0,0,0,457,25,0,0,1,608011156
2,-2,1,2,207,-1,1,0,0,0,2,3,25,0,0,1,608011156
2,-2,1,2,207,-1,1,0,0,1,0,3,25,0,0,1,608011156
1,-2,1,2,207,-1,1,0,0,1,0,15,25,0,0,1,608011156
1,-2,1,2,207,-1,1,0,0,1,0,35,18,0,0,1,608011156
1,-2,1,2,207,-1,1,0,0,1,0,345,25,0,0,1,608011156
1,-2,1,2,207,-1,1,0,0,1,2,3,25,0,0,1,608011156
1,-2,1,2,207,-1,1,0,0,1,2,5,24,0,0,1,608011156
1,-2,1,2,207,-1,1,0,1,1,0,5,25,0,0,1,608011156
1,-2,1,2,207,-1,1,0,1,1,1,56,25,0,0,1,608011156
1,-2,1,2,207,-1,1,0,1,1,1,127,18,0,0,1,608011156
1,-2,1,2,207,-1,1,0,4,0,0,5,25,0,0,1,608011156
1,-2,1,2,207,30,1,0,0,0,0,3,25,0,0,1,608011156
1,-2,1,2,207,180,1,0,0,0,0,3,55,0,0,1,608011156
1,-2,1,2,215,-1,1,0,0,1,0,3,55,0,0,1,608011156
1,-2,1,2,215,-1,1,0,9,1,0,5,55,0,0,1,608011156
1,-2,1,2,225,-1,1,0,0,0,0,5,55,0,0,1,608011156
1,-2,1,2,302,-1,1,0,0,0,0,5,25,0,0,1,608011156
1,-2,1,2,302,-1,1,0,0,0,2,3,18,0,0,1,608011156
1,-2,1,2,302,-1,1,0,0,0,2,5,25,0,0,1,608011156
1,-2,1,2,302,-1,1,0,0,1,0,3,25,0,0,1,608011156
1,-2,1,2,302,-1,1,0,0,1,2,5,25,0,0,1,608011156
1,-2,1,2,302,-1,1,0,1,1,0,124,25,0,0,1,608011156
1,-2,1,2,302,-1,1,1,0,1,0,5,55,0,0,1,608011156
1,-2,1,2,302,-1,1,1,9,1,0,5,25,0,0,1,608011156
1,-2,1,2,302,-1,2,0,0,0,2,3,24,1,1,1,608011156
1,-2,1,2,302,-1,2,0,0,0,2,3,25,1,0,1,608011156
1,-2,1,2,302,-1,2,0,0,1,0,5,25,1,0,1,608011156
1,-2,1,2,302,-1,2,0,0,1,1,256,25,1,0,1,608011156
1,-2,1,2,302,90,1,1,1,1,0,5,55,0,0,1,608011156
1,-2,1,2,302,90,1,1,1,1,2,5,25,0,0,1,608011156
1,-2,1,2,302,365,1,0,0,1,0,5,25,0,0,1,608011156
1,-2,1,2,302,365,1,0,0,1,0,5,55,0,0,1,608011156
1,-2,1,2,302,365,1,0,0,1,0,37,24,0,0,1,608011156
1,-2,1,2,302,365,1,0,4,0,2,3,25,0,0,1,608011156
1,-2,1,2,302,365,2,0,1,1,0,3,24,1,0,1,608011156
1,-2,1,2,302,730,1,1,0,0,0,3,55,0,0,1,608011156
5,-2,1,2,312,-1,1,0,0,0,0,3,25,0,0,1,608011156
5,-2,1,2,312,-1,1,0,0,0,0,5,25,0,0,1,608011156
1,-2,1,2,312,-1,1,0,0,0,0,15,25,0,0,1,608011156
1,-2,1,2,312,-1,1,0,0,0,0,24,25,0,0,1,608011156
1,-2,1,2,312,-1,1,0,0,0,0,35,24,0,0,1,608011156
1,-2,1,2,312,-1,1,0,0,0,0,37,24,0,0,1,608011156
1,-2,1,2,312,-1,1,0,0,0,0,56,55,0,0,1,608011156
1,-2,1,2,312,-1,1,0,0,0,0,135,25,0,0,1,608011156
1,-2,1,2,312,-1,1,0,0,0,0,236,25,0,0,1,608011156
1,-2,1,2,312,-1,1,0,0,0,0,367,18,0,0,1,608011156
1,-2,1,2,312,-1,1,0,0,0,1,367,24,0,0,1,608011156
1,-2,1,2,312,-1,1,0,0,0,2,5,25,0,0,1,608011156
1,-2,1,2,312,-1,1,0,0,1,0,3,18,0,0,1,608011156
3,-2,1,2,312,-1,1,0,0,1,0,3,25,0,0,1,608011156
11,-2,1,2,312,-1,1,0,0,1,0,5,25,0,0,1,608011156
1,-2,1,2,312,-1,1,0,0,1,0,5,55,0,0,1,608011156
1,-2,1,2,312,-1,1,0,0,1,0,6,25,0,0,1,608011156
1,-2,1,2,312,-1,1,0,0,1,0,15,25,0,0,1,608011156
1,-2,1,2,312,-1,1,0,0,1,0,16,25,0,0,1,608011156
1,-2,1,2,312,-1,1,0,0,1,0,36,25,0,0,1,608011156
1,-2,1,2,312,-1,1,0,0,1,0,56,55,0,0,1,608011156
1,-2,1,2,312,-1,1,0,0,1,0,234,24,0,0,1,608011156
1,-2,1,2,312,-1,1,0,0,1,1,3,55,0,0,1,608011156
1,-2,1,2,312,-1,1,0,0,1,1,25,25,0,0,1,608011156
1,-2,1,2,312,-1,1,0,0,1,1,34,55,0,0,1,608011156
1,-2,1,2,312,-1,1,0,0,1,1,56,25,0,0,1,608011156
1,-2,1,2,312,-1,1,0,0,1,1,126,55,0,0,1,608011156
2,-2,1,2,312,-1,1,0,0,1,2,3,25,0,0,1,608011156
1,-2,1,2,312,-1,1,0,0,1,2,5,18,0,0,1,608011156
3,-2,1,2,312,-1,1,0,0,1,2,5,25,0,0,1,608011156
1,-2,1,2,312,-1,1,0,0,1,2,5,55,0,0,1,608011156
1,-2,1,2,312,-1,1,0,0,1,2,126,24,0,0,1,608011156
1,-2,1,2,312,-1,1,0,1,1,0,3,25,0,0,1,608011156
1,-2,1,2,312,-1,1,0,1,1,0,67,25,0,0,1,608011156
3,-2,1,2,312,-1,1,0,1,1,2,5,25,0,0,1,608011156
1,-2,1,2,312,-1,1,0,1,1,2,27,25,0,0,1,608011156
1,-2,1,2,312,-1,1,0,4,0,0,46,25,0,0,1,608011156
1,-2,1,2,312,-1,1,0,9,1,0,5,25,0,0,1,608011156
1,-2,1,2,312,-1,1,0,9,1,2,5,24,0,0,1,608011156
1,-2,1,2,312,-1,2,0,0,0,0,3,24,1,0,1,608011156
1,-2,1,2,312,-1,2,0,0,0,0,3,25,1,0,1,608011156
1,-2,1,2,312,-1,2,0,0,0,0,3,25,1,1,1,608011156
1,-2,1,2,312,-1,2,0,0,0,0,5,25,1,0,1,608011156
1,-2,1,2,312,-1,2,0,0,0,0,56,25,1,0,1,608011156
1,-2,1,2,312,-1,2,0,0,0,0,367,25,1,0,1,608011156
1,-2,1,2,312,-1,2,0,0,0,1,35,25,1,0,1,608011156
1,-2,1,2,312,-1,2,0,0,0,2,3,24,1,1,1,608011156
1,-2,1,2,312,-1,2,0,0,0,2,3,25,1,0,1,608011156
1,-2,1,2,312,-1,2,0,0,0,2,3,25,1,1,1,608011156
1,-2,1,2,312,-1,2,0,0,0,2,5,24,1,0,1,608011156
2,-2,1,2,312,-1,2,0,0,0,2,5,25,1,0,1,608011156
1,-2,1,2,312,-1,2,0,0,1,2,5,25,1,0,1,608011156
1,-2,1,2,312,-1,2,0,4,0,0,2,24,1,0,1,608011156
1,-2,1,2,312,-1,2,0,4,0,0,3,24,1,0,1,608011156
1,-2,1,2,312,-1,3,0,0,1,0,3,-1,0,0,1,608011156
1,-2,1,2,312,180,1,0,0,0,2,5,25,0,0,1,608011156
1,-2,1,2,312,180,1,0,0,1,0,3,25,0,0,1,608011156
1,-2,1,2,312,180,1,0,1,1,0,56,25,0,0,1,608011156
1,-2,1,2,312,180,1,0,1,1,2,5,25,0,0,1,608011156
1,-2,1,2,312,180,2,0,0,1,3,5,25,1,1,1,608011156
1,-2,1,2,312,365,1,0,0,0,0,3,24,0,0,1,608011156
1,-2,1,2,312,365,1,0,0,0,0,5,25,0,0,1,608011156
1,-2,1,2,312,365,1,0,0,0,2,17,25,0,0,1,608011156
1,-2,1,2,312,365,1,0,0,1,2,347,25,0,0,1,608011156
1,-2,1,2,312,365,1,0,1,1,0,6,55,0,0,1,608011156
1,-2,1,2,312,365,1,0,1,1,2,5,55,0,0,1,608011156
1,-2,1,2,312,365,1,0,1,1,2,56,18,0,0,1,608011156
1,-2,1,2,312,365,1,0,4,0,0,5,25,0,0,1,608011156
1,-2,1,2,312,365,1,0,4,0,2,5,55,0,0,1,608011156
1,-2,1,2,312,365,2,0,0,0,2,3,25,1,0,1,608011156
1,-2,1,2,312,547,1,0,0,1,0,5,55,0,0,1,608011156
1,-2,1,2,312,547,1,0,0,1,2,356,25,0,0,1,608011156
1,-2,1,2,312,547,1,0,1,1,0,1,25,0,0,1,608011156
1,-2,1,2,312,547,2,0,4,0,0,15,25,1,0,1,608011156
1,-2,1,2,312,547,2,0,4,0,0,56,18,1,0,1,608011156
1,-2,1,2,312,730,1,0,1,1,0,5,25,0,0,1,608011156
1,-2,1,2,312,730,1,0,9,1,1,136,25,0,0,1,608011156
1,-2,1,2,312,730,1,0,9,1,2,5,18,0,0,1,608011156
1,-2,1,2,312,730,2,0,0,1,2,5,25,1,0,1,608011156
1,-2,1,2,312,730,2,0,9,1,2,3,25,1,0,1,608011156
1,-2,1,2,313,-1,1,0,0,0,0,3,24,0,0,1,608011156
9,-2,1,2,313,-1,1,0,0,0,0,3,25,0,0,1,608011156
1,-2,1,2,313,-1,1,0,0,0,0,5,18,0,0,1,608011156
1,-2,1,2,313,-1,1,0,0,0,0,5,24,0,0,1,608011156
10,-2,1,2,313,-1,1,0,0,0,0,5,25,0,0,1,608011156
2,-2,1,2,313,-1,1,0,0,0,0,5,55,0,0,1,608011156
1,-2,1,2,313,-1,1,0,0,0,0,17,25,0,0,1,608011156
1,-2,1,2,313,-1,1,0,0,0,0,23,25,0,0,1,608011156
1,-2,1,2,313,-1,1,0,0,0,0,36,25,0,0,1,608011156
1,-2,1,2,313,-1,1,0,0,0,0,137,25,0,0,1,608011156
1,-2,1,2,313,-1,1,0,0,0,0,145,25,0,0,1,608011156
1,-2,1,2,313,-1,1,0,0,0,0,567,24,0,0,1,608011156
4,-2,1,2,313,-1,1,0,0,0,2,5,25,0,0,1,608011156
1,-2,1,2,313,-1,1,0,0,0,2,5,25,1,0,1,608011156
1,-2,1,2,313,-1,1,0,0,0,2,167,25,0,0,1,608011156
2,-2,1,2,313,-1,1,0,0,1,0,3,25,0,0,1,608011156
2,-2,1,2,313,-1,1,0,0,1,0,3,55,0,0,1,608011156
2,-2,1,2,313,-1,1,0,0,1,0,5,18,0,0,1,608011156
1,-2,1,2,313,-1,1,0,0,1,0,5,24,0,0,1,608011156
7,-2,1,2,313,-1,1,0,0,1,0,5,25,0,0,1,608011156
1,-2,1,2,313,-1,1,0,0,1,0,7,25,0,0,1,608011156
1,-2,1,2,313,-1,1,0,0,1,0,67,25,0,0,1,608011156
1,-2,1,2,313,-1,1,0,0,1,0,246,25,0,0,1,608011156
2,-2,1,2,313,-1,1,0,0,1,1,3,25,0,0,1,608011156
1,-2,1,2,313,-1,1,0,0,1,1,3,55,0,0,1,608011156
1,-2,1,2,313,-1,1,0,0,1,1,5,25,0,0,1,608011156
1,-2,1,2,313,-1,1,0,0,1,1,15,25,0,0,1,608011156
1,-2,1,2,313,-1,1,0,0,1,2,3,55,0,0,1,608011156
11,-2,1,2,313,-1,1,0,0,1,2,5,25,0,0,1,608011156
1,-2,1,2,313,-1,1,0,0,1,2,5,55,0,0,1,608011156
1,-2,1,2,313,-1,1,0,0,1,2,257,25,0,0,1,608011156
1,-2,1,2,313,-1,1,0,0,1,2,567,25,0,0,1,608011156
2,-2,1,2,313,-1,1,0,1,1,0,3,25,0,0,1,608011156
2,-2,1,2,313,-1,1,0,1,1,0,3,55,0,0,1,608011156
1,-2,1,2,313,-1,1,0,1,1,0,5,18,0,0,1,608011156
3,-2,1,2,313,-1,1,0,1,1,0,5,25,0,0,1,608011156
1,-2,1,2,313,-1,1,0,1,1,0,5,55,0,0,1,608011156
1,-2,1,2,313,-1,1,0,1,1,0,36,25,0,0,1,608011156
2,-2,1,2,313,-1,1,0,1,1,0,56,25,0,0,1,608011156
1,-2,1,2,313,-1,1,0,1,1,0,124,25,0,0,1,608011156
1,-2,1,2,313,-1,1,0,1,1,1,5,25,0,0,1,608011156
1,-2,1,2,313,-1,1,0,1,1,1,124,25,0,0,1,608011156
4,-2,1,2,313,-1,1,0,1,1,2,5,25,0,0,1,608011156
1,-2,1,2,313,-1,1,0,1,1,2,15,25,0,0,1,608011156
1,-2,1,2,313,-1,1,0,1,1,2,98,25,0,0,1,608011156
1,-2,1,2,313,-1,1,0,1,1,2,167,25,0,0,1,608011156
1,-2,1,2,313,-1,1,0,4,0,0,5,25,0,0,1,608011156
1,-2,1,2,313,-1,1,0,4,0,0,12,55,0,0,1,608011156
2,-2,1,2,313,-1,1,0,4,0,0,36,25,0,0,1,608011156
1,-2,1,2,313,-1,1,0,4,0,0,98,25,0,0,1,608011156
1,-2,1,2,313,-1,1,0,4,0,0,346,25,0,0,1,608011156
2,-2,1,2,313,-1,1,0,4,0,2,5,25,0,0,1,608011156
1,-2,1,2,313,-1,1,0,6,1,0,57,25,0,0,1,608011156
1,-2,1,2,313,-1,1,0,6,1,0,146,25,0,0,1,608011156
1,-2,1,2,313,-1,1,0,9,1,0,5,25,0,0,1,608011156
1,-2,1,2,313,-1,1,0,9,1,1,5,55,0,0,1,608011156
2,-2,1,2,313,-1,1,1,1,1,0,5,55,0,0,1,608011156
1,-2,1,2,313,-1,1,1,1,1,0,46,25,0,0,1,608011156
3,-2,1,2,313,-1,2,0,0,0,0,5,25,1,0,1,608011156
1,-2,1,2,313,-1,2,0,0,0,0,25,25,1,0,1,608011156
1,-2,1,2,313,-1,2,0,0,0,0,356,24,1,0,1,608011156
1,-2,1,2,313,-1,2,0,0,0,1,3,24,1,0,1,608011156
1,-2,1,2,313,-1,2,0,0,0,1,3,25,1,0,1,608011156
1,-2,1,2,313,-1,2,0,0,0,1,5,25,1,0,1,608011156
1,-2,1,2,313,-1,2,0,0,0,1,5,25,1,1,1,608011156
1,-2,1,2,313,-1,2,0,0,0,1,235,25,1,0,1,608011156
1,-2,1,2,313,-1,2,0,0,0,2,5,24,1,0,1,608011156
1,-2,1,2,313,-1,2,0,0,0,2,5,25,1,0,1,608011156
1,-2,1,2,313,-1,2,0,0,0,2,56,25,1,0,1,608011156
2,-2,1,2,313,-1,2,0,0,1,0,3,25,1,0,1,608011156
1,-2,1,2,313,-1,2,0,0,1,1,5,25,1,0,1,608011156
1,-2,1,2,313,-1,2,0,0,1,1,5,25,1,1,1,608011156
1,-2,1,2,313,-1,2,0,0,1,2,5,24,1,0,1,608011156
1,-2,1,2,313,-1,2,0,0,1,2,5,25,0,0,1,608011156
3,-2,1,2,313,-1,2,0,0,1,2,5,25,1,0,1,608011156
1,-2,1,2,313,-1,2,0,0,1,2,167,25,1,0,1,608011156
2,-2,1,2,313,-1,2,0,1,1,0,5,25,1,0,1,608011156
1,-2,1,2,313,-1,2,0,4,0,2,5,25,1,0,1,608011156
1,-2,1,2,313,-1,2,0,4,0,2,36,24,1,0,1,608011156
1,-2,1,2,313,-1,3,0,0,1,0,5,-1,0,0,1,608011156
1,-2,1,2,313,-1,3,0,0,1,0,46,-1,0,0,1,608011156
1,-2,1,2,313,-1,3,0,0,1,1,35,-1,0,0,1,608011156
1,-2,1,2,313,60,1,0,0,1,0,5,25,0,0,1,608011156
1,-2,1,2,313,60,1,0,1,1,0,5,55,0,0,1,608011156
1,-2,1,2,313,60,1,0,1,1,0,126,25,0,0,1,608011156
1,-2,1,2,313,90,1,0,0,1,0,3,25,0,0,1,608011156
1,-2,1,2,313,90,1,0,0,1,0,5,18,0,0,1,608011156
1,-2,1,2,313,90,1,0,0,1,0,5,25,0,0,1,608011156
1,-2,1,2,313,90,1,0,1,1,2,467,25,0,0,1,608011156
1,-2,1,2,313,90,1,0,4,0,0,123,55,0,0,1,608011156
1,-2,1,2,313,90,1,0,4,0,2,135,25,0,0,1,608011156
1,-2,1,2,313,180,1,0,0,0,0,56,25,0,0,1,608011156
1,-2,1,2,313,180,1,0,0,1,2,5,25,0,0,1,608011156
1,-2,1,2,313,180,1,0,1,1,0,3,24,0,0,1,608011156
1,-2,1,2,313,180,1,0,1,1,1,15,25,0,0,1,608011156
1,-2,1,2,313,180,1,0,6,1,0,567,25,0,0,1,608011156
3,-2,1,2,313,365,1,0,0,0,0,5,25,0,0,1,608011156
1,-2,1,2,313,365,1,0,0,0,0,5,55,0,0,1,608011156
1,-2,1,2,313,365,1,0,0,0,2,5,25,0,0,1,608011156
1,-2,1,2,313,365,1,0,0,1,0,5,25,0,0,1,608011156
1,-2,1,2,313,365,1,0,0,1,0,5,55,0,0,1,608011156
1,-2,1,2,313,365,1,0,0,1,0,467,25,0,0,1,608011156
1,-2,1,2,313,365,1,0,0,1,1,5,25,0,0,1,608011156
1,-2,1,2,313,365,1,0,0,1,2,5,25,0,0,1,608011156
2,-2,1,2,313,365,1,0,1,1,0,5,25,0,0,1,608011156
1,-2,1,2,313,365,1,0,1,1,1,5,25,0,0,1,608011156
1,-2,1,2,313,365,1,0,1,1,1,247,25,0,0,1,608011156
1,-2,1,2,313,365,1,0,4,0,0,5,25,0,0,1,608011156
1,-2,1,2,313,365,1,0,4,0,2,5,25,0,0,1,608011156
1,-2,1,2,313,365,2,0,0,0,0,3,18,1,0,1,608011156
1,-2,1,2,313,365,2,0,0,0,0,3,25,1,0,1,608011156
1,-2,1,2,313,365,2,0,0,0,2,3,25,1,1,1,608011156
1,-2,1,2,313,365,2,0,0,1,2,456,25,1,0,1,608011156
1,-2,1,2,313,365,2,0,1,1,1,35,25,1,0,1,608011156
1,-2,1,2,313,547,1,0,0,0,0,3,25,0,0,1,608011156
1,-2,1,2,313,547,1,0,0,0,2,5,25,0,0,1,608011156
1,-2,1,2,313,547,1,0,0,1,0,25,25,0,0,1,608011156
1,-2,1,2,313,547,1,0,0,1,2,15,18,0,0,1,608011156
1,-2,1,2,313,547,1,0,1,1,0,5,25,0,0,1,608011156
1,-2,1,2,313,547,1,0,1,1,0,37,25,0,0,1,608011156
1,-2,1,2,313,547,1,0,4,0,0,3,25,0,0,1,608011156
1,-2,1,2,313,547,1,0,4,0,0,26,25,0,0,1,608011156
1,-2,1,2,313,547,1,0,4,0,2,5,25,0,0,1,608011156
1,-2,1,2,313,547,2,0,0,0,2,3,25,1,0,1,608011156
1,-2,1,2,313,547,2,0,0,1,1,5,25,1,0,1,608011156
1,-2,1,2,313,730,1,0,1,1,0,14,25,0,0,1,608011156
1,-2,1,2,313,730,1,0,1,1,0,126,55,0,0,1,608011156
1,-2,1,2,313,730,1,0,4,0,0,3,24,0,0,1,608011156
1,-2,1,2,314,-1,1,0,0,0,0,5,25,0,0,1,608011156
1,-2,1,2,314,-1,1,0,0,0,0,5,55,0,0,1,608011156
1,-2,1,2,314,-1,1,0,0,0,0,56,55,0,0,1,608011156
1,-2,1,2,314,-1,1,0,0,0,2,5,55,0,0,1,608011156
1,-2,1,2,314,-1,1,0,0,1,0,1,25,0,0,1,608011156
1,-2,1,2,314,-1,1,0,0,1,0,3,25,0,0,1,608011156
2,-2,1,2,314,-1,1,0,0,1,0,5,25,0,0,1,608011156
2,-2,1,2,314,-1,1,0,0,1,0,5,55,0,0,1,608011156
2,-2,1,2,314,-1,1,0,0,1,2,5,25,0,0,1,608011156
2,-2,1,2,314,-1,1,0,1,1,0,5,55,0,0,1,608011156
1,-2,1,2,314,-1,1,0,4,0,1,5,25,0,0,1,608011156
1,-2,1,2,314,-1,1,0,4,0,2,5,55,0,0,1,608011156
2,-2,1,2,314,-1,2,0,0,0,0,5,25,1,0,1,608011156
1,-2,1,2,314,-1,2,0,0,0,1,5,25,1,0,1,608011156
1,-2,1,2,314,-1,2,0,0,1,1,3,25,1,0,1,608011156
1,-2,1,2,314,-1,2,0,0,1,2,5,25,1,0,1,608011156
1,-2,1,2,314,-1,2,0,4,0,2,5,25,1,1,1,608011156
1,-2,1,2,314,-1,2,1,0,0,2,5,25,1,1,1,608011156
1,-2,1,2,314,90,1,0,0,1,1,37,55,0,0,1,608011156
1,-2,1,2,314,180,1,0,0,0,0,5,55,0,0,1,608011156
1,-2,1,2,314,180,1,0,1,1,2,1,25,0,0,1,608011156
1,-2,1,2,314,365,1,0,0,0,0,3,25,0,0,1,608011156
1,-2,1,2,314,365,1,0,0,1,0,3,55,0,0,1,608011156
1,-2,1,2,314,365,1,0,0,1,0,5,25,0,0,1,608011156
1,-2,1,2,314,365,1,0,0,1,1,5,25,0,0,1,608011156
1,-2,1,2,314,365,1,1,0,1,0,5,55,0,0,1,608011156
1,-2,1,2,314,365,2,0,0,1,2,5,25,1,0,1,608011156
1,-2,1,2,314,547,1,0,0,0,0,3,55,0,0,1,608011156
1,-2,1,2,314,547,1,0,1,1,0,135,55,0,0,1,608011156
1,-2,1,2,314,730,1,0,0,0,0,5,25,0,0,1,608011156
1,-2,1,2,314,730,1,0,0,1,2,5,25,0,0,1,608011156
1,-2,1,2,329,-1,1,0,0,0,0,3,25,0,0,1,608011156
1,-2,1,2,329,-1,1,0,0,1,0,5,24,0,0,1,608011156
1,-2,1,2,329,-1,1,0,1,1,0,3,25,0,0,1,608011156
1,-2,1,2,329,-1,1,0,1,1,2,5,25,0,0,1,608011156
1,-2,1,2,329,365,1,0,1,1,0,247,25,0,0,1,608011156
1,-2,1,2,332,-1,1,0,0,1,0,5,25,0,0,1,608011156
1,-2,1,2,332,547,1,0,0,0,2,5,25,0,0,1,608011156
3,-2,1,2,410,-1,1,0,0,0,0,3,25,0,0,1,608011156
1,-2,1,2,410,-1,1,0,0,0,0,3,55,0,0,1,608011156
1,-2,1,2,410,-1,1,0,0,0,0,5,24,0,0,1,608011156
8,-2,1,2,410,-1,1,0,0,0,0,5,25,0,0,1,608011156
4,-2,1,2,410,-1,1,0,0,0,0,5,55,0,0,1,608011156
1,-2,1,2,410,-1,1,0,0,0,0,13,25,0,0,1,608011156
1,-2,1,2,410,-1,1,0,0,0,0,25,25,0,0,1,608011156
1,-2,1,2,410,-1,1,0,0,0,0,36,25,0,0,1,608011156
1,-2,1,2,410,-1,1,0,0,0,0,98,24,0,0,1,608011156
1,-2,1,2,410,-1,1,0,0,0,0,267,25,0,0,1,608011156
1,-2,1,2,410,-1,1,0,0,0,1,3,25,0,0,1,608011156
1,-2,1,2,410,-1,1,0,0,0,1,56,25,0,0,1,608011156
2,-2,1,2,410,-1,1,0,0,0,2,3,25,0,0,1,608011156
1,-2,1,2,410,-1,1,0,0,0,2,5,25,0,0,1,608011156
1,-2,1,2,410,-1,1,0,0,0,2,5,55,0,0,1,608011156
1,-2,1,2,410,-1,1,0,0,0,2,23,25,0,0,1,608011156
1,-2,1,2,410,-1,1,0,0,0,2,35,25,0,0,1,608011156
1,-2,1,2,410,-1,1,0,0,0,2,56,25,0,0,1,608011156
1,-2,1,2,410,-1,1,0,0,0,3,3,55,0,0,1,608011156
2,-2,1,2,410,-1,1,0,0,1,0,1,25,0,0,1,608011156
1,-2,1,2,410,-1,1,0,0,1,0,2,25,0,0,1,608011156
1,-2,1,2,410,-1,1,0,0,1,0,3,25,0,0,1,608011156
2,-2,1,2,410,-1,1,0,0,1,0,3,55,0,0,1,608011156
13,-2,1,2,410,-1,1,0,0,1,0,5,25,0,0,1,608011156
6,-2,1,2,410,-1,1,0,0,1,0,5,55,0,0,1,608011156
1,-2,1,2,410,-1,1,0,0,1,0,15,25,0,0,1,608011156
1,-2,1,2,410,-1,1,0,0,1,0,135,25,0,0,1,608011156
1,-2,1,2,410,-1,1,0,0,1,0,246,25,0,0,1,608011156
1,-2,1,2,410,-1,1,0,0,1,1,5,25,0,0,1,608011156
1,-2,1,2,410,-1,1,0,0,1,1,15,25,0,0,1,608011156
1,-2,1,2,410,-1,1,0,0,1,2,1,25,0,0,1,608011156
1,-2,1,2,410,-1,1,0,0,1,2,3,25,0,0,1,608011156
4,-2,1,2,410,-1,1,0,0,1,2,5,25,0,0,1,608011156
1,-2,1,2,410,-1,1,0,0,1,2,35,25,0,0,1,608011156
1,-2,1,2,410,-1,1,0,0,1,2,47,25,0,0,1,608011156
1,-2,1,2,410,-1,1,0,0,1,2,123,25,0,0,1,608011156
3,-2,1,2,410,-1,1,0,1,1,0,5,25,0,0,1,608011156
1,-2,1,2,410,-1,1,0,1,1,0,36,55,0,0,1,608011156
1,-2,1,2,410,-1,1,0,1,1,1,1,25,0,0,1,608011156
2,-2,1,2,410,-1,1,0,1,1,1,5,25,0,0,1,608011156
1,-2,1,2,410,-1,1,0,1,1,2,5,55,0,0,1,608011156
1,-2,1,2,410,-1,1,0,1,1,2,167,25,0,0,1,608011156
1,-2,1,2,410,-1,1,0,4,0,0,56,55,0,0,1,608011156
1,-2,1,2,410,-1,1,0,4,0,2,3,55,0,0,1,608011156
1,-2,1,2,410,-1,1,0,4,0,2,5,24,0,0,1,608011156
1,-2,1,2,410,-1,1,0,4,0,2,35,25,0,0,1,608011156
1,-2,1,2,410,-1,1,0,6,1,0,5,25,0,0,1,608011156
1,-2,1,2,410,-1,1,0,9,1,0,5,25,0,0,1,608011156
1,-2,1,2,410,-1,1,0,9,1,2,3,55,0,0,1,608011156
1,-2,1,2,410,-1,1,1,0,0,0,3,24,0,0,1,608011156
1,-2,1,2,410,-1,1,1,0,1,0,5,55,0,0,1,608011156
1,-2,1,2,410,-1,1,1,0,1,0,16,25,0,0,1,608011156
1,-2,1,2,410,-1,1,1,1,1,2,5,25,0,0,1,608011156
2,-2,1,2,410,-1,2,0,0,0,0,3,25,1,0,1,608011156
2,-2,1,2,410,-1,2,0,0,0,0,3,25,1,1,1,608011156
4,-2,1,2,410,-1,2,0,0,0,0,5,25,1,0,1,608011156
1,-2,1,2,410,-1,2,0,0,0,0,37,25,1,0,1,608011156
1,-2,1,2,410,-1,2,0,0,0,1,3,25,1,1,1,608011156
2,-2,1,2,410,-1,2,0,0,0,2,3,25,1,0,1,608011156
3,-2,1,2,410,-1,2,0,0,0,2,5,25,1,0,1,608011156
1,-2,1,2,410,-1,2,0,0,0,2,5,25,1,1,1,608011156
2,-2,1,2,410,-1,2,0,0,1,0,56,25,1,0,1,608011156
1,-2,1,2,410,-1,2,0,0,1,2,5,25,1,0,1,608011156
1,-2,1,2,410,-1,2,0,0,1,2,5,25,1,1,1,608011156
1,-2,1,2,410,-1,99,0,9,0,0,4,-1,0,0,1,608011156
1,-2,1,2,410,30,1,0,0,1,0,236,25,0,0,1,608011156
1,-2,1,2,410,90,1,0,0,0,0,35,18,0,0,1,608011156
1,-2,1,2,410,180,1,0,0,1,2,5,25,0,0,1,608011156
1,-2,1,2,410,180,1,0,1,1,1,5,25,0,0,1,608011156
1,-2,1,2,410,365,1,0,0,1,2,3,25,0,0,1,608011156
1,-2,1,2,410,365,1,0,0,1,2,5,25,0,0,1,608011156
1,-2,1,2,410,365,1,0,0,1,3,5,25,1,0,1,608011156
1,-2,1,2,410,365,1,0,1,1,0,3,25,0,0,1,608011156
1,-2,1,2,410,365,1,0,4,0,1,5,25,0,0,1,608011156
1,-2,1,2,410,365,2,0,0,0,0,3,25,1,0,1,608011156
1,-2,1,2,410,365,2,0,0,0,0,5,25,1,0,1,608011156
1,-2,1,2,410,365,2,0,0,0,1,3,18,1,0,1,608011156
1,-2,1,2,410,365,2,0,4,0,1,3,25,1,1,1,608011156
1,-2,1,2,410,547,1,0,0,0,0,5,25,0,0,1,608011156
1,-2,1,2,410,547,1,0,0,0,2,3,25,0,0,1,608011156
1,-2,1,2,410,547,1,0,0,1,0,1,25,0,0,1,608011156
1,-2,1,2,410,547,1,0,0,1,0,16,55,0,0,1,608011156
1,-2,1,2,410,547,1,0,0,1,0,236,25,0,0,1,608011156
1,-2,1,2,410,547,1,0,0,1,1,347,25,0,0,1,608011156
1,-2,1,2,410,547,1,0,1,1,0,3,25,0,0,1,608011156
2,-2,1,2,410,547,1,0,1,1,0,5,25,0,0,1,608011156
1,-2,1,2,410,547,1,0,4,0,2,457,25,0,0,1,608011156
1,-2,1,2,410,730,1,0,0,0,0,5,55,0,0,1,608011156
1,-2,1,2,410,730,1,0,0,1,0,5,55,0,0,1,608011156
1,-2,1,2,410,730,1,0,0,1,0,146,25,0,0,1,608011156
1,-2,1,2,410,730,1,0,4,0,0,3,25,0,0,1,608011156
1,-2,1,2,410,730,2,0,0,0,0,47,25,1,0,1,608011156
1,-2,1,2,410,730,2,0,0,0,2,136,25,1,0,1,608011156
1,-2,1,2,411,-1,1,0,9,1,0,3,25,0,0,1,608011156
1,-2,1,2,411,-1,2,0,0,0,2,345,25,1,0,1,608011156
2,-2,1,2,411,-1,2,0,0,1,0,5,25,1,0,1,608011156
1,-2,1,2,411,-1,2,0,0,1,0,136,25,1,1,1,608011156
1,-2,1,2,411,90,2,0,0,0,0,3,25,1,1,1,608011156
1,-2,1,2,411,730,1,0,4,0,2,5,55,0,0,1,608011156
1,-2,1,2,419,-1,1,0,0,1,0,5,25,0,0,1,608011156
1,-2,1,2,419,-1,1,0,9,1,0,3,25,0,0,1,608011156
1,-2,1,2,419,-1,1,1,0,0,3,5,25,0,0,1,608011156
1,-2,1,2,419,-1,1,1,0,1,0,5,25,0,0,1,608011156
1,-2,1,2,419,-1,1,1,1,1,0,5,55,0,0,1,608011156
1,-2,1,2,419,-1,1,1,4,0,0,5,25,0,0,1,608011156
1,-2,1,2,419,-1,1,1,9,1,0,5,25,0,0,1,608011156
1,-2,1,2,419,-1,1,1,9,1,0,5,55,0,0,1,608011156
1,-2,1,2,419,180,1,0,0,1,0,26,25,0,0,1,608011156
1,-2,1,2,419,365,1,0,0,1,0,5,25,0,0,1,608011156
1,-2,1,2,420,-1,1,0,0,0,0,3,24,0,0,1,608011156
1,-2,1,2,420,-1,1,0,0,0,0,3,25,0,0,1,608011156
3,-2,1,2,420,-1,1,0,0,0,0,5,55,0,0,1,608011156
1,-2,1,2,420,-1,1,0,0,0,0,156,55,0,0,1,608011156
1,-2,1,2,420,-1,1,0,0,0,1,5,25,0,0,1,608011156
1,-2,1,2,420,-1,1,0,0,0,2,5,25,0,0,1,608011156
1,-2,1,2,420,-1,1,0,0,0,2,35,25,0,0,1,608011156
1,-2,1,2,420,-1,1,0,0,1,0,3,25,0,0,1,608011156
1,-2,1,2,420,-1,1,0,0,1,0,3,55,0,0,1,608011156
2,-2,1,2,420,-1,1,0,0,1,0,5,25,0,0,1,608011156
1,-2,1,2,420,-1,1,0,0,1,0,5,25,1,0,1,608011156
3,-2,1,2,420,-1,1,0,0,1,0,5,55,0,0,1,608011156
1,-2,1,2,420,-1,1,0,0,1,0,137,25,0,0,1,608011156
1,-2,1,2,420,-1,1,0,0,1,1,5,25,0,0,1,608011156
1,-2,1,2,420,-1,1,0,0,1,1,56,18,0,0,1,608011156
1,-2,1,2,420,-1,1,0,0,1,2,5,25,0,0,1,608011156
1,-2,1,2,420,-1,1,0,0,1,2,56,55,0,0,1,608011156
2,-2,1,2,420,-1,1,0,1,1,0,5,25,0,0,1,608011156
1,-2,1,2,420,-1,1,0,1,1,0,5,55,0,0,1,608011156
1,-2,1,2,420,-1,1,0,1,1,2,3,25,0,0,1,608011156
1,-2,1,2,420,-1,1,0,1,1,2,5,25,0,0,1,608011156
1,-2,1,2,420,-1,1,0,1,1,2,124,25,0,0,1,608011156
1,-2,1,2,420,-1,1,0,1,1,2,347,25,0,0,1,608011156
1,-2,1,2,420,-1,1,0,6,1,2,13,25,0,0,1,608011156
1,-2,1,2,420,-1,1,0,9,1,1,5,25,0,0,1,608011156
1,-2,1,2,420,-1,1,0,9,1,2,256,25,0,0,1,608011156
1,-2,1,2,420,-1,1,1,0,1,0,5,25,0,0,1,608011156
1,-2,1,2,420,-1,2,0,0,0,0,3,18,1,0,1,608011156
1,-2,1,2,420,-1,2,0,0,0,0,3,25,1,0,1,608011156
1,-2,1,2,420,-1,2,0,0,0,0,3,25,1,1,1,608011156
1,-2,1,2,420,-1,2,0,0,0,0,5,25,1,1,1,608011156
1,-2,1,2,420,-1,2,0,0,0,1,3,25,1,0,1,608011156
1,-2,1,2,420,-1,2,0,0,1,0,267,25,1,1,1,608011156
1,-2,1,2,420,-1,2,0,0,1,2,5,25,1,0,1,608011156
1,-2,1,2,420,-1,2,0,4,0,1,147,25,1,0,1,608011156
1,-2,1,2,420,-1,2,0,9,1,1,5,25,1,0,1,608011156
1,-2,1,2,420,-1,2,1,0,0,0,5,25,1,1,1,608011156
1,-2,1,2,420,60,1,0,0,1,0,3,25,0,0,1,608011156
1,-2,1,2,420,60,1,0,1,1,0,5,25,0,0,1,608011156
1,-2,1,2,420,180,1,0,0,0,2,3,25,0,0,1,608011156
1,-2,1,2,420,180,1,0,4,0,1,5,25,0,0,1,608011156
1,-2,1,2,420,365,1,0,0,1,0,3,55,0,0,1,608011156
1,-2,1,2,420,365,1,0,0,1,0,5,55,0,0,1,608011156
1,-2,1,2,420,365,1,0,0,1,0,7,25,0,0,1,608011156
1,-2,1,2,420,365,1,0,0,1,2,3,25,0,0,1,608011156
1,-2,1,2,420,365,1,0,4,0,0,3,25,0,0,1,608011156
2,-2,1,2,420,547,1,0,0,1,1,5,25,0,0,1,608011156
1,-2,1,2,420,547,1,0,0,1,2,5,25,0,0,1,608011156
1,-2,1,2,420,547,1,0,9,1,0,3,25,0,0,1,608011156
1,-2,1,2,420,730,1,0,0,0,0,357,25,0,0,1,608011156
1,-2,1,2,420,730,2,0,0,0,0,3,25,1,1,1,608011156
1,-2,1,2,421,-1,1,0,0,1,0,3,25,0,0,1,608011156
1,-2,1,2,421,-1,1,0,1,1,0,5,25,0,0,1,608011156
1,-2,1,2,422,-1,1,0,0,0,0,2,25,0,0,1,608011156
1,-2,1,2,422,-1,1,0,0,0,0,3,24,0,0,1,608011156
1,-2,1,2,422,-1,1,0,0,0,0,3,25,0,0,1,608011156
1,-2,1,2,422,-1,1,0,0,0,0,4,25,0,0,1,608011156
1,-2,1,2,422,-1,1,0,0,0,0,67,55,0,0,1,608011156
1,-2,1,2,422,-1,1,0,0,0,0,167,25,0,0,1,608011156
1,-2,1,2,422,-1,1,0,0,0,2,3,25,0,0,1,608011156
2,-2,1,2,422,-1,1,0,0,0,2,5,25,0,0,1,608011156
2,-2,1,2,422,-1,1,0,0,1,0,3,25,0,0,1,608011156
2,-2,1,2,422,-1,1,0,0,1,0,5,24,0,0,1,608011156
7,-2,1,2,422,-1,1,0,0,1,0,5,25,0,0,1,608011156
4,-2,1,2,422,-1,1,0,0,1,0,5,55,0,0,1,608011156
1,-2,1,2,422,-1,1,0,0,1,0,35,25,0,0,1,608011156
1,-2,1,2,422,-1,1,0,0,1,1,1,25,0,0,1,608011156
1,-2,1,2,422,-1,1,0,0,1,1,5,25,0,0,1,608011156
1,-2,1,2,422,-1,1,0,0,1,2,3,25,0,0,1,608011156
2,-2,1,2,422,-1,1,0,0,1,2,5,25,0,0,1,608011156
1,-2,1,2,422,-1,1,0,0,1,2,5,55,0,0,1,608011156
1,-2,1,2,422,-1,1,0,0,1,2,56,25,0,0,1,608011156
2,-2,1,2,422,-1,1,0,1,1,0,3,25,0,0,1,608011156
2,-2,1,2,422,-1,1,0,1,1,0,5,25,0,0,1,608011156
1,-2,1,2,422,-1,1,0,1,1,2,5,25,0,0,1,608011156
2,-2,1,2,422,-1,1,0,4,0,0,5,25,0,0,1,608011156
1,-2,1,2,422,-1,1,0,4,0,1,17,25,0,0,1,608011156
1,-2,1,2,422,-1,1,0,4,0,2,5,55,0,0,1,608011156
1,-2,1,2,422,-1,1,0,4,0,2,245,55,0,0,1,608011156
1,-2,1,2,422,-1,2,0,0,0,0,3,25,1,0,1,608011156
1,-2,1,2,422,-1,2,0,0,0,0,3,25,1,1,1,608011156
2,-2,1,2,422,-1,2,0,0,0,1,3,25,1,1,1,608011156
1,-2,1,2,422,-1,2,0,0,0,2,3,18,1,0,1,608011156
1,-2,1,2,422,-1,2,0,0,0,2,3,24,1,0,1,608011156
1,-2,1,2,422,-1,2,0,0,0,2,5,25,1,1,1,608011156
1,-2,1,2,422,-1,2,0,0,1,1,5,25,1,1,1,608011156
1,-2,1,2,422,-1,2,0,0,1,1,56,25,1,1,1,608011156
1,-2,1,2,422,-1,2,0,0,1,2,3,25,1,1,1,608011156
2,-2,1,2,422,-1,2,0,4,0,0,3,25,1,0,1,608011156
1,-2,1,2,422,-1,3,0,0,0,2,5,-1,1,0,1,608011156
1,-2,1,2,422,30,1,0,0,0,1,5,25,0,0,1,608011156
1,-2,1,2,422,60,1,0,0,0,0,5,25,0,0,1,608011156
1,-2,1,2,422,60,1,0,0,0,0,56,18,0,0,1,608011156
1,-2,1,2,422,180,1,0,0,1,0,126,18,0,0,1,608011156
1,-2,1,2,422,180,1,0,4,0,1,5,25,0,0,1,608011156
1,-2,1,2,422,365,1,0,0,0,0,5,25,0,0,1,608011156
1,-2,1,2,422,365,1,0,0,0,0,127,25,0,0,1,608011156
1,-2,1,2,422,365,1,0,0,1,0,3,25,0,0,1,608011156
1,-2,1,2,422,365,1,0,0,1,0,5,55,0,0,1,608011156
1,-2,1,2,422,365,1,0,1,1,0,3,25,0,0,1,608011156
1,-2,1,2,422,365,1,0,4,0,0,56,25,0,0,1,608011156
1,-2,1,2,422,547,1,0,0,0,0,5,18,0,0,1,608011156
1,-2,1,2,422,547,1,0,4,0,0,5,55,0,0,1,608011156
1,-2,1,2,422,547,2,0,0,0,0,356,25,1,1,1,608011156
1,-2,1,2,422,547,2,0,0,0,2,3,25,1,0,1,608011156
1,-2,1,2,422,547,2,0,0,0,2,5,25,1,0,1,608011156
1,-2,1,2,422,730,1,0,0,0,0,5,25,0,0,1,608011156
1,-2,1,2,422,730,1,0,0,0,0,235,25,0,0,1,608011156
1,-2,1,2,422,730,1,0,0,1,0,5,55,0,0,1,608011156
1,-2,1,2,422,730,1,0,0,1,1,1,25,0,0,1,608011156
1,-2,1,2,422,730,1,0,4,0,0,5,25,0,0,1,608011156
1,-2,1,2,422,730,1,0,4,0,0,346,25,0,0,1,608011156
1,-2,1,2,422,730,2,0,0,0,0,5,25,1,0,1,608011156
1,-2,1,2,422,730,2,0,4,0,0,5,25,1,0,1,608011156
1,-2,1,2,423,-1,1,0,0,0,0,3,25,0,0,1,608011156
3,-2,1,2,423,-1,1,0,0,0,0,5,25,0,0,1,608011156
1,-2,1,2,423,-1,1,0,0,0,0,14,25,0,0,1,608011156
1,-2,1,2,423,-1,1,0,0,0,0,56,18,0,0,1,608011156
1,-2,1,2,423,-1,1,0,0,0,0,235,25,0,0,1,608011156
1,-2,1,2,423,-1,1,0,0,0,1,5,25,0,0,1,608011156
1,-2,1,2,423,-1,1,0,0,0,1,45,25,0,0,1,608011156
3,-2,1,2,423,-1,1,0,0,0,2,5,25,0,0,1,608011156
1,-2,1,2,423,-1,1,0,0,1,0,5,18,0,0,1,608011156
2,-2,1,2,423,-1,1,0,0,1,0,5,24,0,0,1,608011156
4,-2,1,2,423,-1,1,0,0,1,0,5,25,0,0,1,608011156
2,-2,1,2,423,-1,1,0,0,1,0,5,55,0,0,1,608011156
1,-2,1,2,423,-1,1,0,0,1,0,25,55,0,0,1,608011156
1,-2,1,2,423,-1,1,0,0,1,1,5,55,0,0,1,608011156
2,-2,1,2,423,-1,1,0,0,1,2,5,25,0,0,1,608011156
1,-2,1,2,423,-1,1,0,0,1,2,15,25,0,0,1,608011156
1,-2,1,2,423,-1,1,0,0,1,2,46,18,0,0,1,608011156
1,-2,1,2,423,-1,1,0,1,1,0,5,55,0,0,1,608011156
1,-2,1,2,423,-1,1,0,1,1,0,16,18,0,0,1,608011156
2,-2,1,2,423,-1,1,0,1,1,1,5,25,0,0,1,608011156
1,-2,1,2,423,-1,1,0,1,1,2,5,25,0,0,1,608011156
1,-2,1,2,423,-1,1,0,4,0,0,56,25,0,0,1,608011156
1,-2,1,2,423,-1,1,0,4,0,0,256,25,0,0,1,608011156
1,-2,1,2,423,-1,1,0,4,0,1,156,25,0,0,1,608011156
1,-2,1,2,423,-1,1,0,9,1,0,5,25,0,0,1,608011156
1,-2,1,2,423,-1,1,1,0,0,0,17,25,0,0,1,608011156
1,-2,1,2,423,-1,1,1,0,1,0,5,25,0,0,1,608011156
1,-2,1,2,423,-1,1,1,0,1,2,5,25,0,0,1,608011156
1,-2,1,2,423,-1,1,1,0,1,2,156,25,0,0,1,608011156
1,-2,1,2,423,-1,2,0,0,0,0,3,25,1,0,1,608011156
1,-2,1,2,423,-1,2,0,0,0,0,3,25,1,1,1,608011156
2,-2,1,2,423,-1,2,0,0,0,0,5,25,1,0,1,608011156
1,-2,1,2,423,-1,2,0,0,0,1,3,25,1,0,1,608011156
1,-2,1,2,423,-1,2,0,0,0,1,3,25,1,1,1,608011156
1,-2,1,2,423,-1,2,0,0,0,1,5,25,1,0,1,608011156
1,-2,1,2,423,-1,2,0,0,0,1,236,25,1,0,1,608011156
1,-2,1,2,423,-1,2,0,0,0,2,5,25,1,0,1,608011156
1,-2,1,2,423,-1,2,0,0,1,1,5,25,1,0,1,608011156
1,-2,1,2,423,-1,2,0,0,1,1,257,25,1,0,1,608011156
1,-2,1,2,423,-1,2,0,1,1,2,5,25,1,0,1,608011156
1,-2,1,2,423,30,1,0,0,1,0,56,25,0,0,1,608011156
1,-2,1,2,423,180,1,0,4,0,0,5,55,0,0,1,608011156
2,-2,1,2,423,365,1,0,0,0,0,5,25,0,0,1,608011156
1,-2,1,2,423,365,1,0,0,0,1,3,25,0,0,1,608011156
1,-2,1,2,423,365,1,0,0,1,0,5,25,0,0,1,608011156
1,-2,1,2,423,365,1,0,0,1,1,5,25,0,0,1,608011156
1,-2,1,2,423,365,1,0,0,1,2,3,25,0,0,1,608011156
2,-2,1,2,423,365,1,0,4,0,0,5,55,0,0,1,608011156
1,-2,1,2,423,365,1,0,9,1,0,5,55,0,0,1,608011156
1,-2,1,2,423,365,2,0,0,0,2,157,25,1,1,1,608011156
1,-2,1,2,423,547,1,0,0,0,0,5,55,0,0,1,608011156
1,-2,1,2,423,547,1,0,0,1,2,5,25,0,0,1,608011156
1,-2,1,2,423,547,1,0,1,1,1,3,25,0,0,1,608011156
1,-2,1,2,423,547,2,0,0,1,1,5,25,1,0,1,608011156
1,-2,1,2,423,730,1,0,0,0,0,5,55,0,0,1,608011156
1,-2,1,2,423,730,1,0,0,1,0,5,25,0,0,1,608011156
1,-2,1,2,423,730,1,0,4,0,0,5,25,0,0,1,608011156
1,-2,1,2,423,730,2,0,0,0,1,3,25,1,1,1,608011156
1,-2,1,2,423,730,2,0,0,1,0,5,25,1,0,1,608011156
1,-2,1,2,423,730,2,0,4,0,1,5,25,1,0,1,608011156
3,-2,1,2,431,-1,1,0,0,0,0,3,25,0,0,1,608011156
1,-2,1,2,431,-1,1,0,0,0,2,3,25,0,0,1,608011156
1,-2,1,2,431,-1,1,0,0,0,2,47,25,0,0,1,608011156
1,-2,1,2,431,-1,1,0,0,0,2,56,25,0,0,1,608011156
1,-2,1,2,431,-1,1,0,0,1,2,3,25,0,0,1,608011156
1,-2,1,2,431,-1,1,0,0,1,2,5,25,0,0,1,608011156
1,-2,1,2,431,-1,1,0,1,1,2,2,25,0,0,1,608011156
1,-2,1,2,431,-1,1,0,1,1,2,5,25,0,0,1,608011156
1,-2,1,2,431,-1,1,0,4,0,0,5,25,0,0,1,608011156
1,-2,1,2,431,-1,2,0,0,0,0,3,25,1,0,1,608011156
1,-2,1,2,431,-1,2,0,0,0,1,3,25,1,1,1,608011156
1,-2,1,2,431,-1,2,0,0,0,1,5,25,1,1,1,608011156
1,-2,1,2,431,-1,2,0,0,0,2,3,24,1,0,1,608011156
1,-2,1,2,431,-1,2,0,0,0,2,3,25,1,1,1,608011156
1,-2,1,2,431,-1,2,0,0,1,1,5,25,1,0,1,608011156
1,-2,1,2,431,-1,2,0,9,1,1,5,25,1,0,1,608011156
1,-2,1,2,431,365,1,0,0,1,2,5,25,0,0,1,608011156
1,-2,1,2,431,365,2,0,0,0,1,3,25,1,1,1,608011156
1,-2,1,2,431,730,1,0,0,1,0,12,55,0,0,1,608011156
1,-2,1,2,431,730,1,0,0,1,2,5,55,0,0,1,608011156
1,-2,1,2,431,730,1,0,1,1,0,5,25,0,0,1,608011156
1,-2,1,2,431,730,2,0,0,1,2,3,25,1,0,1,608011156
1,-2,1,2,434,-1,1,0,0,0,0,157,25,0,0,1,608011156
1,-2,1,2,434,-1,1,0,0,1,2,5,25,0,0,1,608011156
1,-2,1,2,434,-1,2,0,0,1,2,3,25,1,0,1,608011156
1,-2,1,2,434,-1,2,0,0,1,2,5,25,1,0,1,608011156
1,-2,1,2,434,-1,2,0,9,1,2,5,25,1,0,1,608011156
1,-2,1,2,434,60,1,0,1,1,1,5,24,0,0,1,608011156
2,-2,1,2,440,-1,1,0,0,0,0,5,25,0,0,1,608011156
1,-2,1,2,440,-1,1,0,0,1,0,5,25,0,0,1,608011156
1,-2,1,2,440,-1,1,0,1,1,3,5,25,0,0,1,608011156
1,-2,1,2,440,365,1,0,0,0,0,5,25,0,0,1,608011156
6,-2,1,3,98,-1,1,0,0,1,0,5,25,0,0,2,608011156
1,-2,1,3,98,-1,1,0,0,1,0,5,55,0,0,2,608011156
1,-2,1,3,98,-1,1,0,0,1,2,15,25,0,0,2,608011156
1,-2,1,3,98,-1,1,0,0,1,2,26,25,0,0,2,608011156
1,-2,1,3,98,730,1,0,0,1,0,13,25,0,0,2,608011156
1,-2,1,3,99,-1,1,0,0,1,0,5,25,0,0,2,608011156
1,-2,1,3,99,-1,3,0,1,1,0,56,-1,0,0,2,608011156
1,-2,1,3,99,-1,3,0,9,1,0,5,-1,0,0,2,608011156
1,-2,1,3,205,-1,1,0,0,1,0,5,18,0,0,2,608011156
1,-2,1,3,206,-1,3,0,0,1,0,4,-1,0,0,2,608011156
1,-2,1,3,207,-1,3,0,0,1,0,3,-1,0,0,2,608011156
1,-2,1,3,207,-1,3,0,0,1,0,5,-1,0,0,2,608011156
2,-2,1,3,207,-1,3,0,9,1,0,3,-1,0,0,2,608011156
1,-2,1,3,215,-1,1,0,0,0,0,2,18,0,0,2,608011156
1,-2,1,3,215,-1,1,0,0,1,0,5,18,0,0,2,608011156
3,-2,1,3,215,-1,3,0,0,1,0,5,-1,0,0,2,608011156
1,-2,1,3,215,-1,3,0,0,1,0,7,-1,0,0,2,608011156
4,-2,1,3,215,-1,3,0,9,1,0,5,-1,0,0,2,608011156
1,-2,1,3,215,-1,3,0,9,1,0,56,-1,0,0,2,608011156
1,-2,1,3,215,547,3,0,0,1,0,5,-1,0,0,2,608011156
1,-2,1,3,302,-1,1,0,0,1,0,3,25,0,0,2,608011156
2,-2,1,3,302,-1,1,0,0,1,0,5,25,0,0,2,608011156
1,-2,1,3,302,-1,1,0,0,1,2,5,25,0,0,2,608011156
1,-2,1,3,312,-1,1,0,0,1,0,5,25,0,0,2,608011156
1,-2,1,3,312,-1,1,0,0,1,2,56,25,0,0,2,608011156
1,-2,1,3,312,365,1,1,9,1,0,3,55,0,0,2,608011156
1,-2,1,3,313,-1,1,0,0,1,0,5,25,0,0,2,608011156
1,-2,1,3,313,-1,1,0,0,1,2,15,25,0,0,2,608011156
1,-2,1,3,313,-1,1,1,0,0,0,146,25,0,0,2,608011156
1,-2,1,3,313,-1,3,0,9,1,0,5,-1,0,0,2,608011156
1,-2,1,3,313,730,1,0,1,1,2,5,24,0,0,2,608011156
1,-2,1,3,314,-1,1,0,0,1,0,5,25,0,0,2,608011156
1,-2,1,3,314,-1,1,1,0,1,0,3,55,0,0,2,608011156
1,-2,1,3,329,-1,1,0,0,1,0,5,25,0,0,2,608011156
1,-2,1,3,410,-1,1,0,0,1,0,5,25,0,0,2,608011156
1,-2,1,3,410,-1,1,0,0,1,0,26,25,0,0,2,608011156
1,-2,1,3,410,730,1,0,0,1,0,5,24,0,0,2,608011156
1,-2,1,3,410,730,1,0,9,1,0,5,25,0,0,2,608011156
1,-2,1,3,419,-1,1,1,0,1,0,5,25,0,0,2,608011156
1,-2,1,3,420,-1,1,0,0,1,0,1,25,0,0,2,608011156
1,-2,1,3,422,-1,3,0,0,0,0,5,-1,0,0,2,608011156
1,-2,1,3,422,-1,3,0,0,0,0,13,-1,0,0,2,608011156
1,-2,1,3,422,-1,3,0,0,1,0,3,-1,0,0,2,608011156
2,-2,1,3,422,-1,3,0,0,1,0,5,-1,0,0,2,608011156
1,-2,1,3,422,-1,3,0,0,1,0,35,-1,0,0,2,608011156
1,-2,1,3,422,-1,3,0,0,1,0,56,-1,0,0,2,608011156
1,-2,1,3,422,-1,3,0,9,1,0,3,-1,0,0,2,608011156
1,-2,1,3,422,-1,3,0,9,1,0,5,-1,0,0,2,608011156
1,-2,1,3,422,90,1,1,0,0,0,4,25,0,0,2,608011156
1,-2,1,3,431,180,1,1,0,1,2,5,55,0,0,2,608011156
1,-2,1,4,116,-1,1,1,0,1,0,5,25,0,0,1,608011156
1,-2,1,4,207,-1,1,1,1,1,0,3,55,0,0,1,608011156
1,-2,1,4,302,365,1,1,1,1,0,5,55,0,0,1,608011156
1,-2,1,4,312,-1,1,1,0,1,0,5,25,0,0,1,608011156
1,-2,1,4,313,-1,1,1,0,1,0,146,25,0,0,1,608011156
1,-2,1,4,410,-1,1,1,0,1,0,5,25,0,0,1,608011156
1,-2,1,4,410,-1,1,1,1,1,0,3,55,0,0,1,608011156
1,-2,1,5,24,-1,1,0,5,1,0,56,55,0,0,4,608011156
1,-2,1,5,24,-1,1,1,1,1,0,5,55,0,0,4,608011156
2,-2,1,5,98,-1,1,0,0,1,0,5,25,0,0,4,608011156
1,-2,1,5,98,-1,1,0,9,1,0,5,25,0,0,4,608011156
1,-2,1,5,98,-1,1,0,9,1,0,5,55,0,0,4,608011156
1,-2,1,5,98,-1,1,0,9,1,2,5,25,0,0,4,608011156
1,-2,1,5,98,-1,1,1,0,1,2,5,25,0,0,4,608011156
1,-2,1,5,98,-1,2,0,0,1,2,5,25,1,0,4,608011156
1,-2,1,5,98,365,1,0,0,1,0,3,25,0,0,4,608011156
1,-2,1,5,99,-1,1,1,0,1,0,56,25,0,0,4,608011156
1,-2,1,5,99,-1,1,1,0,1,0,126,55,0,0,4,608011156
1,-2,1,5,99,-1,1,1,0,1,1,56,55,0,0,4,608011156
1,-2,1,5,99,-1,1,1,9,1,0,5,55,0,0,4,608011156
1,-2,1,5,99,30,1,1,1,1,2,5,55,0,0,4,608011156
1,-2,1,5,99,365,1,1,1,1,0,357,55,0,0,6,608011156
1,-2,1,5,99,547,1,0,4,0,0,3,25,0,0,4,608011156
1,-2,1,5,99,730,2,0,1,1,2,5,25,1,0,4,608011156
1,-2,1,5,101,730,1,1,1,1,0,56,55,0,0,4,608011156
1,-2,1,5,116,-1,1,0,6,1,2,5,25,0,0,4,608011156
1,-2,1,5,116,547,1,0,0,1,0,5,55,0,0,4,608011156
1,-2,1,5,204,-1,1,1,9,1,0,145,55,0,0,4,608011156
1,-2,1,5,205,547,1,0,1,1,0,3,55,0,0,5,608011156
1,-2,1,5,206,-1,1,0,0,0,0,3,55,0,0,4,608011156
1,-2,1,5,207,-1,1,0,0,1,2,156,25,0,0,4,608011156
1,-2,1,5,207,-1,1,0,4,0,0,3,25,0,0,4,608011156
1,-2,1,5,207,60,1,0,4,0,2,146,25,0,0,5,608011156
1,-2,1,5,207,365,1,0,1,1,2,367,25,0,0,4,608011156
1,-2,1,5,312,-1,2,0,0,0,1,15,25,1,1,4,608011156
1,-2,1,5,313,-1,2,0,9,1,1,3,25,1,0,4,608011156
4,-2,1,5,410,-1,1,0,0,0,0,3,25,0,0,4,608011156
1,-2,1,5,410,-1,1,0,0,0,0,3,55,0,0,4,608011156
2,-2,1,5,410,-1,1,0,0,0,0,5,25,0,0,4,608011156
1,-2,1,5,410,-1,1,0,0,0,0,5,55,0,0,4,608011156
2,-2,1,5,410,-1,1,0,0,0,0,56,25,0,0,4,608011156
2,-2,1,5,410,-1,1,0,0,0,0,56,55,0,0,4,608011156
1,-2,1,5,410,-1,1,0,0,0,0,346,18,0,0,4,608011156
1,-2,1,5,410,-1,1,0,0,0,0,346,25,0,0,4,608011156
1,-2,1,5,410,-1,1,0,0,0,1,3,55,0,0,-1,608011156
1,-2,1,5,410,-1,1,0,0,0,2,5,18,0,0,4,608011156
1,-2,1,5,410,-1,1,0,0,0,2,5,25,0,0,4,608011156
1,-2,1,5,410,-1,1,0,0,0,2,12,25,0,0,-1,608011156
1,-2,1,5,410,-1,1,0,0,0,2,237,24,0,0,4,608011156
2,-2,1,5,410,-1,1,0,0,1,0,3,25,0,0,4,608011156
1,-2,1,5,410,-1,1,0,0,1,0,3,25,1,0,4,608011156
1,-2,1,5,410,-1,1,0,0,1,0,3,55,0,0,4,608011156
1,-2,1,5,410,-1,1,0,0,1,0,5,18,0,0,-1,608011156
2,-2,1,5,410,-1,1,0,0,1,0,5,25,0,0,-1,608011156
5,-2,1,5,410,-1,1,0,0,1,0,5,25,0,0,4,608011156
1,-2,1,5,410,-1,1,0,0,1,0,6,25,0,0,4,608011156
1,-2,1,5,410,-1,1,0,0,1,0,47,25,0,0,4,608011156
1,-2,1,5,410,-1,1,0,0,1,0,56,25,0,0,4,608011156
1,-2,1,5,410,-1,1,0,0,1,0,134,18,0,0,4,608011156
1,-2,1,5,410,-1,1,0,0,1,0,157,55,0,0,4,608011156
1,-2,1,5,410,-1,1,0,0,1,0,346,25,0,0,-1,608011156
1,-2,1,5,410,-1,1,0,0,1,1,3,55,0,0,4,608011156
2,-2,1,5,410,-1,1,0,0,1,1,5,25,0,0,4,608011156
2,-2,1,5,410,-1,1,0,0,1,2,3,25,0,0,4,608011156
1,-2,1,5,410,-1,1,0,0,1,2,4,25,0,0,4,608011156
3,-2,1,5,410,-1,1,0,0,1,2,5,25,0,0,-1,608011156
3,-2,1,5,410,-1,1,0,0,1,2,5,25,0,0,4,608011156
1,-2,1,5,410,-1,1,0,0,1,2,136,25,0,0,4,608011156
1,-2,1,5,410,-1,1,0,0,1,2,147,55,0,0,4,608011156
1,-2,1,5,410,-1,1,0,1,1,0,3,25,0,0,4,608011156
1,-2,1,5,410,-1,1,0,1,1,0,5,24,0,0,4,608011156
1,-2,1,5,410,-1,1,0,1,1,0,5,25,0,0,4,608011156
1,-2,1,5,410,-1,1,0,1,1,0,5,55,0,0,4,608011156
2,-2,1,5,410,-1,1,0,1,1,2,5,25,0,0,4,608011156
1,-2,1,5,410,-1,1,0,1,1,2,5,55,0,0,4,608011156
1,-2,1,5,410,-1,1,0,1,1,2,134,25,1,0,4,608011156
1,-2,1,5,410,-1,1,0,1,1,2,457,25,0,0,4,608011156
1,-2,1,5,410,-1,1,0,4,0,0,3,25,0,0,4,608011156
1,-2,1,5,410,-1,1,0,4,0,0,5,25,0,0,4,608011156
1,-2,1,5,410,-1,1,0,4,0,0,35,55,0,0,4,608011156
1,-2,1,5,410,-1,1,0,4,0,0,367,25,0,0,4,608011156
1,-2,1,5,410,-1,1,0,4,0,1,5,25,0,0,4,608011156
1,-2,1,5,410,-1,1,0,6,1,2,15,25,0,0,4,608011156
1,-2,1,5,410,-1,1,0,9,1,0,3,25,0,0,4,608011156
1,-2,1,5,410,-1,1,0,9,1,0,5,18,0,0,4,608011156
2,-2,1,5,410,-1,1,0,9,1,0,5,25,0,0,4,608011156
1,-2,1,5,410,-1,1,0,9,1,1,5,25,0,0,4,608011156
1,-2,1,5,410,-1,1,0,9,1,2,3,18,0,0,4,608011156
2,-2,1,5,410,-1,1,0,9,1,2,5,55,0,0,4,608011156
1,-2,1,5,410,-1,1,0,9,1,2,357,25,0,0,4,608011156
1,-2,1,5,410,-1,1,1,0,0,0,3,24,0,0,4,608011156
1,-2,1,5,410,-1,1,1,0,0,0,3,55,0,0,4,608011156
1,-2,1,5,410,-1,1,1,0,0,0,5,25,0,0,4,608011156
2,-2,1,5,410,-1,1,1,0,0,0,5,55,0,0,4,608011156
1,-2,1,5,410,-1,1,1,0,1,0,3,25,0,0,4,608011156
1,-2,1,5,410,-1,1,1,0,1,0,5,25,0,0,-1,608011156
2,-2,1,5,410,-1,1,1,0,1,0,5,25,0,0,4,608011156
3,-2,1,5,410,-1,1,1,0,1,0,5,55,0,0,4,608011156
1,-2,1,5,410,-1,1,1,0,1,0,7,55,0,0,4,608011156
1,-2,1,5,410,-1,1,1,0,1,1,3,55,0,0,4,608011156
3,-2,1,5,410,-1,1,1,1,1,0,5,25,0,0,4,608011156
2,-2,1,5,410,-1,1,1,1,1,0,5,55,0,0,4,608011156
1,-2,1,5,410,-1,1,1,1,1,0,13,55,0,0,4,608011156
1,-2,1,5,410,-1,1,1,1,1,0,123,55,0,0,4,608011156
1,-2,1,5,410,-1,1,1,1,1,1,3,25,0,0,4,608011156
1,-2,1,5,410,-1,1,1,1,1,1,5,25,0,0,4,608011156
1,-2,1,5,410,-1,1,1,1,1,2,5,25,0,0,4,608011156
1,-2,1,5,410,-1,1,1,1,1,2,5,25,1,0,4,608011156
1,-2,1,5,410,-1,1,1,1,1,2,5,55,0,0,4,608011156
1,-2,1,5,410,-1,1,1,1,1,2,15,55,0,0,4,608011156
1,-2,1,5,410,-1,1,1,4,0,0,5,25,0,0,4,608011156
1,-2,1,5,410,-1,1,1,9,1,0,5,25,0,0,4,608011156
2,-2,1,5,410,-1,1,1,9,1,0,5,55,0,0,4,608011156
1,-2,1,5,410,-1,1,1,9,1,0,24,55,0,0,4,608011156
1,-2,1,5,410,-1,1,1,9,1,0,367,55,0,0,4,608011156
1,-2,1,5,410,-1,1,1,9,1,2,256,25,0,0,4,608011156
1,-2,1,5,410,-1,2,0,0,0,0,3,25,1,0,-1,608011156
1,-2,1,5,410,-1,2,0,0,0,0,3,25,1,0,4,608011156
1,-2,1,5,410,-1,2,0,0,0,0,3,25,1,1,4,608011156
1,-2,1,5,410,-1,2,0,0,0,0,5,25,1,0,4,608011156
1,-2,1,5,410,-1,2,0,0,0,0,56,24,1,1,4,608011156
1,-2,1,5,410,-1,2,0,0,0,1,3,25,1,1,4,608011156
1,-2,1,5,410,-1,2,0,0,0,1,5,25,1,1,4,608011156
1,-2,1,5,410,-1,2,0,0,0,1,24,25,1,1,4,608011156
1,-2,1,5,410,-1,2,0,0,0,1,35,25,1,0,4,608011156
1,-2,1,5,410,-1,2,0,0,0,1,35,25,1,1,4,608011156
1,-2,1,5,410,-1,2,0,0,0,2,3,25,1,1,-1,608011156
1,-2,1,5,410,-1,2,0,0,0,2,5,25,1,1,4,608011156
1,-2,1,5,410,-1,2,0,0,1,0,3,25,1,0,4,608011156
1,-2,1,5,410,-1,2,0,0,1,0,5,25,1,1,-1,608011156
1,-2,1,5,410,-1,2,0,0,1,1,237,25,1,0,4,608011156
2,-2,1,5,410,-1,2,0,0,1,2,5,25,1,1,4,608011156
1,-2,1,5,410,-1,2,0,0,1,2,6,25,1,0,4,608011156
1,-2,1,5,410,-1,2,0,1,1,0,3,25,1,1,4,608011156
1,-2,1,5,410,-1,2,0,1,1,0,5,25,1,1,4,608011156
1,-2,1,5,410,-1,2,0,1,1,1,3,25,1,1,4,608011156
1,-2,1,5,410,-1,2,0,1,1,2,5,25,1,0,4,608011156
1,-2,1,5,410,-1,2,0,1,1,2,35,25,1,0,5,608011156
1,-2,1,5,410,-1,2,0,1,1,2,367,25,1,0,4,608011156
1,-2,1,5,410,-1,2,0,4,0,0,3,25,1,1,4,608011156
1,-2,1,5,410,-1,2,0,4,0,1,5,25,1,0,4,608011156
1,-2,1,5,410,-1,2,0,4,0,2,3,25,1,1,4,608011156
1,-2,1,5,410,-1,2,0,4,0,2,5,25,1,1,4,608011156
1,-2,1,5,410,-1,2,0,9,1,2,5,25,1,1,4,608011156
1,-2,1,5,410,-1,2,1,0,0,0,5,25,1,0,4,608011156
1,-2,1,5,410,-1,2,1,0,1,0,5,25,1,0,4,608011156
1,-2,1,5,410,-1,2,1,0,1,0,5,25,1,1,-1,608011156
1,-2,1,5,410,-1,2,1,0,1,0,35,25,1,0,4,608011156
1,-2,1,5,410,-1,2,1,0,1,2,5,25,1,0,4,608011156
1,-2,1,5,410,-1,2,1,0,1,2,347,25,1,0,4,608011156
1,-2,1,5,410,-1,2,1,1,1,2,5,25,1,1,4,608011156
1,-2,1,5,410,-1,2,1,9,1,0,5,25,1,1,4,608011156
1,-2,1,5,410,-1,2,1,9,1,0,247,25,1,0,4,608011156
1,-2,1,5,410,30,1,0,1,1,2,3,25,0,0,4,608011156
1,-2,1,5,410,60,1,0,9,1,0,3,25,0,0,4,608011156
1,-2,1,5,410,60,1,1,0,1,0,15,55,0,0,-1,608011156
1,-2,1,5,410,60,1,1,9,1,2,5,55,0,0,4,608011156
1,-2,1,5,410,60,2,0,0,1,1,134,24,1,0,4,608011156
1,-2,1,5,410,180,1,0,0,0,0,5,25,0,0,5,608011156
1,-2,1,5,410,180,1,0,1,1,0,5,25,0,0,4,608011156
1,-2,1,5,410,180,1,0,9,1,2,3,25,0,0,4,608011156
1,-2,1,5,410,365,1,0,0,0,0,3,25,0,0,4,608011156
1,-2,1,5,410,365,1,0,0,1,0,5,25,0,0,4,608011156
1,-2,1,5,410,365,1,0,0,1,0,145,18,0,0,4,608011156
1,-2,1,5,410,365,1,0,1,1,0,126,25,0,0,4,608011156
1,-2,1,5,410,365,1,0,4,0,0,16,25,0,0,4,608011156
1,-2,1,5,410,365,1,0,9,1,1,3,25,0,0,4,608011156
1,-2,1,5,410,365,1,1,0,1,0,5,55,0,0,4,608011156
1,-2,1,5,410,365,1,1,1,1,0,3,55,0,0,4,608011156
1,-2,1,5,410,365,1,1,9,1,2,2,25,0,0,4,608011156
1,-2,1,5,410,365,2,0,0,0,0,3,25,1,0,4,608011156
1,-2,1,5,410,547,1,0,0,1,2,3,25,0,0,4,608011156
1,-2,1,5,410,547,1,0,4,0,0,5,25,0,0,4,608011156
1,-2,1,5,410,547,1,0,9,1,0,13,55,0,0,4,608011156
1,-2,1,5,410,547,2,0,0,0,0,3,25,1,0,4,608011156
1,-2,1,5,410,547,2,0,4,0,2,3,24,1,0,4,608011156
1,-2,1,5,410,730,1,0,0,1,0,5,25,0,0,-1,608011156
1,-2,1,5,410,730,1,0,0,1,0,5,55,0,0,4,608011156
1,-2,1,5,410,730,1,0,0,1,1,5,25,0,0,4,608011156
1,-2,1,5,410,730,1,1,0,0,0,5,55,0,0,4,608011156
1,-2,1,5,410,730,1,1,0,1,0,3,55,0,0,4,608011156
1,-2,1,5,410,730,1,1,0,1,0,5,25,0,0,4,608011156
1,-2,1,5,410,730,2,1,0,0,2,5,25,1,0,4,608011156
2,-2,1,5,419,-1,1,1,0,1,0,5,55,0,0,4,608011156
1,-2,1,5,419,-1,1,1,0,1,0,45,55,0,0,-1,608011156
1,-2,1,5,419,-1,1,1,0,1,2,5,55,0,0,4,608011156
1,-2,1,5,419,-1,1,1,0,1,2,25,25,0,0,4,608011156
1,-2,1,5,419,-1,1,1,1,1,0,5,55,0,0,4,608011156
1,-2,1,5,419,-1,1,1,1,1,2,5,55,0,0,4,608011156
1,-2,1,5,419,-1,1,1,4,0,2,5,25,0,0,4,608011156
1,-2,1,5,419,-1,1,1,4,1,2,5,25,0,0,4,608011156
1,-2,1,5,419,-1,1,1,9,1,0,3,25,0,0,4,608011156
1,-2,1,5,419,-1,1,1,9,1,0,3,55,0,0,4,608011156
1,-2,1,5,419,730,1,1,0,1,0,235,25,0,0,4,608011156
1,-2,1,5,420,-1,1,0,1,1,1,34,24,0,0,4,608011156
1,-2,1,5,420,-1,1,0,1,1,1,57,25,0,0,4,608011156
1,-2,1,5,420,-1,1,0,9,1,1,5,55,0,0,4,608011156
1,-2,1,5,420,-1,1,0,9,1,2,5,24,0,0,4,608011156
1,-2,1,5,420,-1,1,1,0,1,0,34,25,0,0,4,608011156
1,-2,1,5,420,-1,1,1,0,1,3,3,25,0,0,4,608011156
1,-2,1,5,420,-1,1,1,1,1,0,5,55,0,0,4,608011156
1,-2,1,5,420,-1,1,1,9,1,2,5,55,0,0,4,608011156
1,-2,1,5,420,-1,2,0,0,0,1,3,25,1,1,4,608011156
1,-2,1,5,420,-1,2,0,0,0,1,56,25,1,0,-1,608011156
1,-2,1,5,420,-1,2,0,0,1,2,5,25,1,1,4,608011156
1,-2,1,5,420,365,1,0,0,1,0,5,25,0,0,4,608011156
1,-2,1,5,422,-1,1,0,0,0,0,3,25,1,0,4,608011156
1,-2,1,5,422,-1,1,0,0,0,1,3,25,0,0,4,608011156
1,-2,1,5,422,-1,1,0,0,1,0,5,25,0,0,4,608011156
1,-2,1,5,422,-1,1,0,0,1,0,256,25,0,0,4,608011156
1,-2,1,5,422,-1,1,0,0,1,2,35,25,0,0,4,608011156
1,-2,1,5,422,-1,1,0,1,1,0,5,25,0,0,4,608011156
1,-2,1,5,422,-1,1,0,1,1,1,3,24,0,0,4,608011156
1,-2,1,5,422,-1,1,0,1,1,2,35,25,0,0,4,608011156
1,-2,1,5,422,-1,1,0,1,1,3,5,25,0,0,4,608011156
1,-2,1,5,422,-1,1,0,4,0,0,5,55,0,0,4,608011156
1,-2,1,5,422,-1,1,0,9,1,2,5,25,0,0,4,608011156
1,-2,1,5,422,-1,1,1,0,1,0,5,25,0,0,4,608011156
1,-2,1,5,422,-1,1,1,1,1,0,3,55,0,0,4,608011156
1,-2,1,5,422,-1,1,1,1,1,0,5,25,0,0,4,608011156
1,-2,1,5,422,-1,1,1,9,1,0,3,25,0,0,4,608011156
1,-2,1,5,422,-1,2,0,0,0,0,347,25,1,0,4,608011156
1,-2,1,5,422,-1,2,0,0,0,2,5,25,1,0,4,608011156
1,-2,1,5,422,-1,2,0,0,1,2,3,25,1,0,4,608011156
1,-2,1,5,422,-1,2,0,0,1,2,567,25,1,0,4,608011156
1,-2,1,5,422,60,1,0,1,1,2,5,25,0,0,5,608011156
1,-2,1,5,422,365,1,0,0,1,1,3,24,0,0,4,608011156
1,-2,1,5,422,547,1,0,0,1,0,46,25,0,0,4,608011156
1,-2,1,5,422,730,1,0,1,1,1,467,25,0,0,4,608011156
1,-2,1,5,423,-1,1,0,0,0,1,5,24,0,0,4,608011156
1,-2,1,5,423,-1,1,0,0,0,2,3,25,0,0,4,608011156
1,-2,1,5,423,-1,1,0,0,1,0,5,25,0,0,-1,608011156
1,-2,1,5,423,-1,1,0,0,1,0,5,25,0,0,4,608011156
1,-2,1,5,423,-1,1,0,1,1,0,5,24,0,0,4,608011156
1,-2,1,5,423,-1,1,0,1,1,0,5,55,0,0,4,608011156
1,-2,1,5,423,-1,1,0,1,1,0,16,25,0,0,4,608011156
1,-2,1,5,423,-1,1,0,1,1,2,1,25,0,0,4,608011156
2,-2,1,5,423,-1,1,0,1,1,2,5,25,0,0,4,608011156
1,-2,1,5,423,-1,1,0,4,0,0,16,25,0,0,4,608011156
1,-2,1,5,423,-1,1,0,6,1,2,237,25,0,0,4,608011156
1,-2,1,5,423,-1,1,1,1,1,0,5,55,0,0,4,608011156
1,-2,1,5,423,-1,2,0,0,1,2,5,25,1,1,4,608011156
1,-2,1,5,423,-1,2,0,4,0,2,257,18,1,0,4,608011156
1,-2,1,5,423,-1,2,1,0,1,2,5,25,1,0,4,608011156
1,-2,1,5,423,365,1,0,1,1,2,7,55,0,0,4,608011156
1,-2,1,5,423,547,1,0,0,0,0,5,25,0,0,4,608011156
1,-2,1,5,423,730,1,0,0,1,2,5,55,0,0,4,608011156
1,-2,1,5,431,-1,1,0,1,1,0,347,18,0,0,4,608011156
1,-2,1,5,431,-1,1,0,6,1,2,5,25,0,0,4,608011156
1,-2,1,5,431,-1,1,1,0,0,0,3,55,0,0,4,608011156
1,-2,1,5,431,-1,2,0,0,0,1,3,24,1,0,4,608011156
1,-2,1,5,431,-1,2,0,0,1,2,5,25,1,0,4,608011156
1,-2,1,5,431,-1,2,0,1,1,0,125,25,1,1,4,608011156
1,-2,1,5,431,365,1,0,1,1,0,5,25,0,0,4,608011156
1,-2,1,5,433,-1,1,0,1,1,0,5,25,0,0,4,608011156
1,-2,1,5,433,-1,1,1,2,1,0,5,25,0,0,4,608011156
1,-2,1,5,433,-1,2,0,0,0,1,257,25,1,1,4,608011156
1,-2,1,5,433,-1,2,0,0,0,3,5,25,1,1,4,608011156
1,-2,1,5,434,-1,1,0,0,1,0,56,55,0,0,4,608011156
1,-2,1,5,434,-1,1,0,0,1,1,5,25,0,0,4,608011156
1,-2,1,5,434,-1,1,0,4,0,0,36,25,0,0,4,608011156
1,-2,1,5,434,-1,1,0,4,0,2,5,25,0,0,4,608011156
1,-2,1,5,434,-1,1,0,6,1,2,15,55,0,0,4,608011156
1,-2,1,5,434,-1,1,1,9,1,0,457,55,0,0,4,608011156
1,-2,1,5,434,180,1,1,1,1,0,5,55,0,0,4,608011156
1,-2,1,5,434,365,1,0,0,0,0,5,25,0,0,4,608011156
1,-2,1,5,440,-1,1,0,0,1,1,3,25,0,0,-1,608011156
1,-2,1,6,24,-1,1,0,0,1,0,167,25,0,0,-1,608011156
1,-2,1,6,24,-1,1,1,0,1,0,5,55,0,0,-1,608011156
1,-2,1,6,207,-1,1,1,0,1,0,3,55,0,0,-1,608011156
1,-2,1,6,225,-1,1,1,0,0,0,5,55,0,0,-1,608011156
1,-2,1,6,410,-1,1,1,0,0,0,5,25,0,0,-1,608011156
1,-2,1,6,410,-1,1,1,0,1,0,5,25,0,0,-1,608011156
1,-2,1,6,420,-1,1,1,0,1,0,5,25,0,0,-1,608011156
1,-2,1,6,423,-1,1,1,0,1,0,27,55,0,0,-1,608011156
1,-2,1,6,433,-1,1,1,0,1,0,3,25,0,0,-1,608011156
1,-2,1,7,99,-1,1,0,0,0,1,3,25,0,0,4,608011156
1,-2,1,7,99,-1,1,0,0,1,0,5,25,0,0,4,608011156
1,-2,1,7,99,-1,1,0,0,1,2,456,25,0,0,4,608011156
1,-2,1,7,99,-1,1,0,1,1,0,5,25,0,0,4,608011156
1,-2,1,7,99,-1,1,1,9,1,0,5,55,0,0,4,608011156
1,-2,1,7,99,-1,2,0,0,0,0,5,18,1,0,4,608011156
1,-2,1,7,99,-1,2,1,1,1,1,5,25,1,0,4,608011156
1,-2,1,7,99,-1,2,1,6,1,0,5,25,1,0,4,608011156
1,-2,1,7,99,-1,2,1,9,1,0,5,25,0,1,4,608011156
1,-2,1,7,99,60,1,1,1,1,0,5,25,0,0,4,608011156
1,-2,1,7,99,180,1,1,1,1,0,5,55,0,0,4,608011156
1,-2,1,7,99,365,1,0,1,1,0,3,25,0,0,4,608011156
1,-2,1,7,99,730,1,1,0,1,0,5,55,0,0,4,608011156
1,-2,1,7,99,730,2,0,0,0,2,36,25,1,0,4,608011156
1,-2,1,7,101,-1,1,0,0,0,0,5,25,0,0,4,608011156
1,-2,1,7,101,-1,1,0,1,1,0,5,25,0,0,4,608011156
1,-2,1,7,101,-1,1,0,1,1,0,5,55,0,0,4,608011156
1,-2,1,7,101,-1,1,0,4,0,0,5,55,0,0,4,608011156
1,-2,1,7,101,365,2,0,4,0,0,5,25,1,0,4,608011156
1,-2,1,7,116,-1,1,1,1,1,0,5,25,0,0,4,608011156
1,-2,1,7,116,90,1,0,1,1,0,5,25,0,0,4,608011156
1,-2,1,7,116,365,1,0,4,0,2,5,25,0,0,4,608011156
1,-2,1,7,116,547,1,0,1,1,0,5,25,0,0,4,608011156
1,-2,1,7,116,547,1,1,1,1,0,5,55,0,0,4,608011156
1,-2,1,7,204,-1,1,1,9,1,1,357,25,0,0,4,608011156
1,-2,1,7,207,-1,1,0,0,0,1,3,25,0,0,4,608011156
1,-2,1,7,207,-1,1,0,1,1,0,3,25,0,0,4,608011156
1,-2,1,7,207,-1,1,0,4,0,2,5,25,0,0,4,608011156
1,-2,1,7,207,180,1,1,1,1,0,246,55,0,0,4,608011156
1,-2,1,7,312,-1,1,0,0,0,0,267,25,0,0,4,608011156
1,-2,1,7,313,-1,1,0,4,0,1,5,25,0,0,4,608011156
1,-2,1,7,314,-1,1,0,0,1,0,5,25,0,0,4,608011156
1,-2,1,7,314,-1,1,0,4,0,0,246,25,0,0,4,608011156
1,-2,1,7,410,-1,2,0,0,1,2,3,25,1,0,4,608011156
1,-2,1,7,410,180,1,1,1,1,0,5,25,0,0,4,608011156
1,-2,1,7,410,547,1,0,0,1,2,5,25,0,0,4,608011156
1,-2,1,7,411,-1,1,0,1,1,0,234,25,0,0,4,608011156
1,-2,1,7,420,-1,1,1,0,1,0,156,55,0,0,4,608011156
1,-2,1,7,422,-1,1,0,0,1,0,5,25,0,0,4,608011156
1,-2,1,7,423,60,1,0,0,1,1,35,25,0,0,5,608011156
1,-2,1,8,410,-1,1,0,1,1,0,5,25,0,0,8,608011156
1,-2,1,8,420,-1,1,1,0,1,0,5,55,0,0,8,608011156
1,-2,1,9,410,-1,1,0,0,0,0,5,25,0,0,12,608011156
1,-2,1,9,410,-1,2,0,4,0,2,3,25,1,1,12,608011156
1,-2,1,9,411,-1,2,0,0,0,1,56,25,1,0,12,608011156
1,-2,1,9,420,-1,2,0,0,0,0,5,25,1,0,12,608011156
1,-2,1,9,431,-1,1,0,0,0,0,5,25,0,0,12,608011156
1,-2,1,9,431,730,1,0,9,1,1,47,25,0,0,12,608011156
1,-2,1,9,433,-1,1,0,0,0,1,246,25,0,0,12,608011156
1,-2,1,9,434,-1,2,0,0,0,1,15,25,1,1,12,608011156
1,-2,1,9,434,-1,2,0,0,0,1,56,25,1,1,12,608011156
1,-2,2,2,99,-1,1,0,4,0,0,157,25,0,0,1,608011156
1,-2,2,2,101,60,1,0,0,0,0,3,55,0,0,1,608011156
1,-2,2,2,101,547,1,0,0,1,0,5,25,0,0,1,608011156
1,-2,2,2,431,-1,1,0,1,1,0,136,55,0,0,1,608011156
1,-2,2,3,422,-1,3,0,0,0,0,3,-1,0,0,2,608011156
1,-2,3,2,99,30,1,1,0,1,0,3,25,0,0,1,608011156
1,-2,3,2,99,730,1,0,0,1,0,3,25,0,0,1,608011156
1,-2,3,2,207,-1,1,0,0,1,0,3,24,0,0,1,608011156
1,-2,3,2,313,90,1,0,4,0,0,5,55,0,0,1,608011156
1,-2,3,2,313,180,1,0,1,1,0,127,25,0,0,1,608011156
1,-2,3,2,313,180,1,1,1,1,0,15,55,0,0,1,608011156
1,-2,3,2,410,365,1,0,1,1,0,5,55,0,0,1,608011156
1,-2,3,2,420,365,1,0,0,0,2,56,18,0,0,1,608011156
1,-2,3,2,422,-1,1,0,0,0,2,567,25,0,0,1,608011156
1,-2,3,2,423,547,1,0,0,0,1,3,25,0,0,1,608011156
1,-2,3,5,410,-1,1,0,0,1,0,3,25,0,0,4,608011156
1,-2,3,5,410,-1,1,0,0,1,0,5,25,0,0,4,608011156
1,-2,3,5,410,-1,1,1,0,1,0,5,25,0,0,4,608011156
1,-2,3,5,410,730,1,0,0,1,0,5,25,0,0,4,608011156
1,-2,3,5,422,-1,1,0,0,1,2,256,25,0,0,4,608011156
1,-2,3,5,422,-1,1,0,9,1,0,15,25,0,0,5,608011156
1,-2,3,7,423,547,1,0,1,1,0,256,25,0,0,4,608011156
1,-2,4,2,99,-1,1,0,6,1,0,5,25,0,0,1,608011156
1,-2,4,2,99,180,1,0,0,0,0,5,25,0,0,1,608011156
1,-2,4,2,99,365,1,0,1,1,0,5,25,0,0,1,608011156
1,-2,4,2,99,730,1,1,4,0,0,5,25,0,0,1,608011156
1,-2,4,2,116,180,1,0,1,1,0,5,25,0,0,1,608011156
1,-2,4,2,116,180,1,0,1,1,0,27,25,0,0,1,608011156
1,-2,4,2,312,180,1,0,1,1,1,5,18,0,0,1,608011156
1,-2,4,2,312,547,1,0,0,1,0,5,25,0,0,1,608011156
1,-2,4,2,313,90,1,0,0,1,0,3,25,0,0,1,608011156
1,-2,4,2,313,365,1,0,1,1,0,5,25,0,0,1,608011156
1,-2,4,2,314,30,1,0,0,1,0,5,55,0,0,1,608011156
1,-2,4,3,101,-1,3,0,1,1,0,5,-1,0,0,2,608011156
1,-2,4,3,302,-1,1,1,0,1,3,5,55,0,0,2,608011156
1,-2,4,5,410,-1,1,1,1,1,0,5,25,0,0,4,608011156
1,-2,4,5,410,730,1,1,6,1,2,5,25,0,0,4,608011156
1,-2,5,2,99,-1,1,0,4,0,1,15,25,0,0,1,608011156
1,-2,5,2,99,30,1,0,0,1,0,5,25,0,0,1,608011156
1,-2,5,2,99,30,1,0,0,1,0,56,18,0,0,1,608011156
1,-2,5,2,99,60,1,0,1,1,0,3,55,0,0,1,608011156
1,-2,5,2,99,60,1,0,1,1,0,5,25,0,0,1,608011156
1,-2,5,2,99,60,1,0,1,1,0,24,55,0,0,1,608011156
1,-2,5,2,99,90,1,0,4,0,0,3,25,0,0,1,608011156
1,-2,5,2,99,90,1,1,1,1,0,5,25,0,0,1,608011156
1,-2,5,2,99,180,1,0,0,1,0,3,25,0,0,1,608011156
1,-2,5,2,99,180,1,0,1,1,0,13,25,0,0,1,608011156
1,-2,5,2,99,180,1,0,1,1,0,356,25,0,0,1,608011156
1,-2,5,2,99,180,1,0,9,1,0,56,25,0,0,1,608011156
1,-2,5,2,99,365,1,0,0,0,2,5,18,0,0,1,608011156
1,-2,5,2,99,365,1,0,1,1,0,5,18,0,0,1,608011156
1,-2,5,2,99,365,1,0,1,1,0,5,25,0,0,1,608011156
1,-2,5,2,99,365,1,0,4,0,0,2,25,0,0,1,608011156
1,-2,5,2,99,547,1,0,0,0,0,3,25,0,0,1,608011156
1,-2,5,2,99,547,1,0,0,1,0,5,25,0,0,1,608011156
1,-2,5,2,99,547,1,1,1,1,0,5,55,0,0,1,608011156
1,-2,5,2,99,730,1,0,0,0,0,3,25,0,0,1,608011156
1,-2,5,2,99,730,1,0,0,1,0,5,25,0,0,1,608011156
1,-2,5,2,99,730,1,0,1,1,0,5,25,0,0,1,608011156
1,-2,5,2,101,30,1,0,4,0,0,3,25,0,0,1,608011156
2,-2,5,2,101,60,1,0,1,1,0,5,25,0,0,1,608011156
1,-2,5,2,101,60,1,0,4,0,0,3,25,0,0,1,608011156
1,-2,5,2,101,90,1,0,1,1,0,56,25,0,0,1,608011156
1,-2,5,2,101,365,1,0,0,1,0,247,25,0,0,1,608011156
1,-2,5,2,101,365,1,0,1,1,0,146,25,0,0,1,608011156
1,-2,5,2,101,547,1,0,1,1,0,5,18,0,0,1,608011156
1,-2,5,2,116,30,1,0,4,0,0,3,25,0,0,1,608011156
1,-2,5,2,116,60,1,0,1,1,0,3,25,0,0,1,608011156
1,-2,5,2,116,60,1,1,1,1,0,5,55,0,0,1,608011156
1,-2,5,2,116,90,1,0,1,1,0,5,24,0,0,1,608011156
1,-2,5,2,116,365,1,0,1,1,0,5,25,0,0,1,608011156
1,-2,5,2,116,365,1,0,4,0,0,5,55,0,0,1,608011156
1,-2,5,2,116,547,1,0,1,1,0,36,55,0,0,1,608011156
1,-2,5,2,116,730,1,0,1,1,0,56,25,0,0,1,608011156
1,-2,5,2,116,730,1,0,4,0,0,5,25,0,0,1,608011156
1,-2,5,2,207,730,1,0,1,1,2,5,25,0,0,1,608011156
1,-2,5,2,312,-1,1,0,0,0,0,3,24,0,0,1,608011156
1,-2,5,2,312,30,1,0,1,1,2,5,25,0,0,5,608011156
1,-2,5,2,312,60,1,0,0,0,1,3,25,0,0,1,608011156
1,-2,5,2,312,90,1,0,4,0,0,1,25,0,0,1,608011156
1,-2,5,2,312,180,1,0,1,1,0,3,25,0,0,1,608011156
1,-2,5,2,312,180,1,0,1,1,0,35,55,0,0,5,608011156
1,-2,5,2,312,180,1,0,4,0,0,5,25,0,0,1,608011156
1,-2,5,2,312,365,1,0,1,1,0,3,25,0,0,1,608011156
1,-2,5,2,312,547,1,0,1,1,0,5,55,0,0,1,608011156
1,-2,5,2,312,547,1,0,4,0,0,3,25,0,0,1,608011156
1,-2,5,2,312,547,1,0,6,1,0,3,25,0,0,1,608011156
1,-2,5,2,312,547,2,0,0,0,0,3,18,1,0,1,608011156
1,-2,5,2,313,30,1,0,0,0,2,5,25,0,0,1,608011156
1,-2,5,2,313,30,1,0,1,1,1,5,25,0,0,1,608011156
2,-2,5,2,313,60,1,0,1,1,0,5,55,0,0,1,608011156
1,-2,5,2,313,180,1,0,0,1,0,3,25,0,0,1,608011156
1,-2,5,2,313,180,1,0,1,1,0,5,25,0,0,1,608011156
1,-2,5,2,313,180,1,0,4,0,2,5,25,0,0,1,608011156
1,-2,5,2,313,365,1,0,0,1,2,5,25,0,0,1,608011156
1,-2,5,2,313,365,1,0,1,1,0,15,25,0,0,1,608011156
1,-2,5,2,313,365,1,0,1,1,2,1,55,0,0,1,608011156
1,-2,5,2,313,730,1,0,1,1,0,5,25,0,0,1,608011156
1,-2,5,2,313,730,1,0,4,0,0,3,25,0,0,1,608011156
1,-2,5,2,313,730,1,0,4,0,0,357,25,0,0,1,608011156
1,-2,5,2,410,-1,1,0,0,0,0,3,25,0,0,1,608011156
1,-2,5,2,410,365,1,0,0,0,0,5,55,0,0,1,608011156
1,-2,5,2,410,365,1,0,0,0,2,3,25,0,0,1,608011156
1,-2,5,2,410,730,1,0,0,1,0,5,25,0,0,1,608011156
1,-2,5,2,410,730,1,0,0,1,2,7,25,0,0,1,608011156
1,-2,5,2,410,730,1,0,4,0,0,3,25,0,0,1,608011156
1,-2,5,2,420,730,1,0,0,1,0,5,25,0,0,1,608011156
1,-2,5,2,422,60,1,0,1,1,0,3,24,0,0,1,608011156
2,-2,5,2,423,365,1,0,1,1,0,5,25,0,0,1,608011156
1,-2,5,2,423,365,1,0,1,1,0,35,25,0,0,1,608011156
1,-2,5,2,431,60,1,0,1,1,2,56,55,0,0,1,608011156
1,-2,5,3,410,730,1,1,5,1,1,3,25,0,0,2,608011156
1,-2,5,3,419,-1,1,1,9,1,0,5,55,0,0,3,608011156
1,-2,5,3,419,730,1,1,1,1,0,56,55,0,0,3,608011156
1,-2,5,5,99,547,1,0,1,1,0,5,25,0,0,5,608011156
1,-2,5,5,99,547,1,1,0,0,0,5,25,0,0,5,608011156
1,-2,5,5,410,-1,1,1,9,1,0,5,55,0,0,7,608011156
1,-2,5,5,410,-1,1,1,9,1,1,5,55,0,0,7,608011156
1,-2,5,5,410,-1,2,0,0,1,2,135,24,1,0,5,608011156
1,-2,5,5,410,60,1,0,0,1,0,3,24,0,0,5,608011156
1,-2,5,5,410,180,1,0,1,1,0,3,25,0,0,5,608011156
1,-2,5,5,410,180,1,0,9,1,0,3,25,0,0,5,608011156
1,-2,5,5,410,365,1,0,9,1,0,1,25,0,0,4,608011156
1,-2,5,5,410,365,1,1,0,1,2,345,55,0,0,7,608011156
1,-2,5,5,410,365,1,1,6,1,2,56,25,0,0,6,608011156
1,-2,5,5,410,547,1,0,1,1,0,5,25,0,0,5,608011156
1,-2,5,5,410,547,1,1,0,0,0,5,25,0,0,7,608011156
1,-2,5,5,410,730,1,0,0,1,0,3,25,0,0,5,608011156
1,-2,5,5,410,730,1,0,1,1,0,3,24,0,0,5,608011156
1,-2,5,5,410,730,1,0,1,1,0,3,25,0,0,5,608011156
1,-2,5,5,410,730,1,0,1,1,0,5,25,0,0,5,608011156
1,-2,5,5,410,730,1,1,0,0,0,3,25,0,0,6,608011156
1,-2,5,5,410,730,1,1,9,1,2,5,25,0,0,7,608011156
1,-2,5,5,419,-1,1,1,1,1,0,3,55,0,0,5,608011156
1,-2,5,5,419,-1,1,1,9,1,0,5,55,0,0,7,608011156
1,-2,5,5,419,547,1,1,1,1,2,5,55,0,0,7,608011156
1,-2,5,5,422,180,2,0,0,0,2,3,25,1,0,5,608011156
1,-2,5,5,422,365,1,1,9,1,1,5,25,0,0,5,608011156
1,-2,5,5,423,180,1,0,1,1,0,137,25,0,0,5,608011156
1,-2,5,7,99,365,1,1,1,1,0,157,55,0,0,4,608011156
1,-2,5,7,101,547,1,0,1,1,0,12,25,0,0,5,608011156
1,-2,5,7,116,30,1,0,1,1,0,5,55,0,0,4,608011156
1,-2,5,7,116,365,1,0,0,1,2,5,55,0,0,5,608011156
1,-2,5,7,205,180,1,1,0,1,0,5,25,0,0,7,608011156
1,-2,5,7,206,730,1,0,1,1,0,126,55,0,0,5,608011156
1,-2,5,7,207,365,1,0,0,1,0,5,25,0,0,5,608011156
1,-2,5,7,313,180,1,0,4,0,0,2,25,0,0,5,608011156
1,-2,5,7,410,365,1,1,0,1,0,5,25,0,0,7,608011156
1,-2,5,9,410,180,1,0,1,1,2,5,25,0,0,1,608011156
1,-2,5,9,410,547,1,0,0,1,0,5,25,0,0,1,608011156
1,-2,5,9,423,365,1,0,4,0,0,5,25,0,0,1,608011156
1,-2,5,9,431,547,1,0,0,0,1,5,55,0,0,1,608011156
1,-1,1,2,24,-1,1,0,0,0,0,3,25,0,0,1,608011156
2,-1,1,2,98,-1,1,0,0,0,0,3,18,0,0,1,608011156
3,-1,1,2,98,-1,1,0,0,0,0,3,25,0,0,1,608011156
1,-1,1,2,98,-1,1,0,0,0,0,5,18,0,0,1,608011156
6,-1,1,2,98,-1,1,0,0,0,0,5,25,0,0,1,608011156
1,-1,1,2,98,-1,1,0,0,0,0,6,55,0,0,1,608011156
1,-1,1,2,98,-1,1,0,0,0,0,24,25,0,0,1,608011156
1,-1,1,2,98,-1,1,0,0,0,0,27,18,0,0,1,608011156
1,-1,1,2,98,-1,1,0,0,0,0,27,55,0,0,1,608011156
1,-1,1,2,98,-1,1,0,0,0,0,245,18,0,0,1,608011156
1,-1,1,2,98,-1,1,0,0,0,0,257,25,0,0,1,608011156
1,-1,1,2,98,-1,1,0,0,0,1,5,25,0,0,1,608011156
1,-1,1,2,98,-1,1,0,0,0,1,36,25,0,0,1,608011156
1,-1,1,2,98,-1,1,0,0,0,2,5,25,0,0,1,608011156
1,-1,1,2,98,-1,1,0,0,0,2,56,25,0,0,1,608011156
1,-1,1,2,98,-1,1,0,0,0,2,126,25,0,0,1,608011156
1,-1,1,2,98,-1,1,0,0,1,0,3,24,0,0,1,608011156
1,-1,1,2,98,-1,1,0,0,1,0,3,25,0,0,1,608011156
1,-1,1,2,98,-1,1,0,0,1,0,5,25,0,0,1,608011156
3,-1,1,2,98,-1,1,0,0,1,0,5,55,0,0,1,608011156
1,-1,1,2,98,-1,1,0,0,1,0,17,25,0,0,1,608011156
1,-1,1,2,98,-1,1,0,0,1,0,56,25,0,0,1,608011156
1,-1,1,2,98,-1,1,0,0,1,1,3,25,0,0,1,608011156
1,-1,1,2,98,-1,1,0,0,1,1,7,25,0,0,1,608011156
1,-1,1,2,98,-1,1,0,0,1,2,1,25,0,0,1,608011156
1,-1,1,2,98,-1,1,0,0,1,2,4,25,0,0,1,608011156
4,-1,1,2,98,-1,1,0,0,1,2,5,25,0,0,1,608011156
3,-1,1,2,98,-1,1,0,1,1,0,5,25,0,0,1,608011156
1,-1,1,2,98,-1,1,0,1,1,2,3,25,0,0,1,608011156
1,-1,1,2,98,-1,1,0,4,0,0,5,25,0,0,1,608011156
1,-1,1,2,98,-1,1,0,4,0,0,5,55,0,0,1,608011156
2,-1,1,2,98,-1,1,0,4,0,2,5,18,0,0,1,608011156
1,-1,1,2,98,-1,1,0,9,0,0,5,18,0,0,1,608011156
1,-1,1,2,98,-1,1,0,9,1,0,3,18,0,0,1,608011156
1,-1,1,2,98,-1,1,0,9,1,0,5,18,0,0,1,608011156
1,-1,1,2,98,-1,1,0,9,1,0,5,55,0,0,1,608011156
1,-1,1,2,98,-1,1,0,9,1,1,5,25,0,0,1,608011156
1,-1,1,2,98,-1,1,1,0,0,2,5,25,0,0,1,608011156
1,-1,1,2,98,-1,1,1,0,1,0,5,25,0,0,1,608011156
1,-1,1,2,98,-1,1,1,0,1,0,134,25,0,0,1,608011156
1,-1,1,2,98,-1,2,0,0,0,0,3,25,1,0,1,608011156
1,-1,1,2,98,-1,2,0,0,0,0,35,25,1,0,1,608011156
1,-1,1,2,98,-1,2,0,0,0,0,37,25,1,0,1,608011156
1,-1,1,2,98,-1,2,0,0,0,0,156,18,1,0,1,608011156
1,-1,1,2,98,-1,2,0,0,0,2,1,25,1,0,1,608011156
1,-1,1,2,98,-1,2,0,0,0,2,5,24,1,0,1,608011156
1,-1,1,2,98,-1,2,0,0,0,2,5,25,1,0,1,608011156
1,-1,1,2,98,-1,2,0,0,0,2,5,25,1,1,1,608011156
1,-1,1,2,98,-1,2,0,0,0,2,98,25,1,0,1,608011156
1,-1,1,2,98,-1,2,0,0,1,1,3,25,1,0,1,608011156
1,-1,1,2,98,-1,2,0,0,1,1,5,25,1,0,1,608011156
1,-1,1,2,98,-1,2,0,0,1,2,12,25,1,0,1,608011156
1,-1,1,2,98,-1,3,0,0,0,2,56,-1,1,0,1,608011156
1,-1,1,2,98,30,1,0,0,0,0,5,25,0,0,1,608011156
1,-1,1,2,98,30,2,0,0,1,2,56,25,1,1,1,608011156
1,-1,1,2,98,60,1,0,0,0,2,25,25,0,0,1,608011156
1,-1,1,2,98,60,3,0,0,0,0,35,-1,0,0,1,608011156
1,-1,1,2,98,90,1,1,0,1,0,3,55,0,0,1,608011156
1,-1,1,2,98,180,1,0,0,0,0,5,18,0,0,1,608011156
1,-1,1,2,98,180,1,0,0,0,2,5,25,0,0,1,608011156
1,-1,1,2,98,180,1,0,0,1,2,26,25,0,0,1,608011156
1,-1,1,2,98,180,1,0,1,1,1,5,25,0,0,1,608011156
1,-1,1,2,98,180,1,0,4,0,0,5,55,0,0,1,608011156
1,-1,1,2,98,180,1,0,4,0,0,7,25,0,0,1,608011156
1,-1,1,2,98,180,1,1,1,1,2,5,24,0,0,1,608011156
1,-1,1,2,98,365,1,0,0,0,0,1,25,0,0,1,608011156
1,-1,1,2,98,365,1,0,0,0,0,3,24,0,0,1,608011156
1,-1,1,2,98,365,1,0,0,0,0,3,25,0,0,1,608011156
1,-1,1,2,98,365,1,0,0,0,0,5,25,0,0,1,608011156
1,-1,1,2,98,365,1,0,0,0,0,157,25,0,0,1,608011156
1,-1,1,2,98,365,1,0,0,0,2,5,25,0,0,1,608011156
1,-1,1,2,98,365,1,0,0,1,0,5,25,0,0,1,608011156
1,-1,1,2,98,365,1,0,0,1,1,5,25,0,0,1,608011156
1,-1,1,2,98,365,1,0,1,1,1,5,25,0,0,1,608011156
1,-1,1,2,98,365,1,0,1,1,2,3,25,0,0,1,608011156
1,-1,1,2,98,365,1,0,1,1,2,5,25,0,0,1,608011156
1,-1,1,2,98,365,1,0,9,1,0,2,25,0,0,1,608011156
1,-1,1,2,98,365,1,1,0,1,0,3,55,0,0,1,608011156
1,-1,1,2,98,547,1,0,0,0,0,1,25,0,0,1,608011156
1,-1,1,2,98,547,1,0,0,0,0,5,55,0,0,1,608011156
1,-1,1,2,98,547,1,0,0,1,0,3,25,0,0,1,608011156
1,-1,1,2,98,547,1,0,0,1,0,56,25,0,0,1,608011156
1,-1,1,2,98,547,1,0,0,1,2,5,25,0,0,1,608011156
1,-1,1,2,98,547,2,0,0,0,0,56,24,1,0,1,608011156
3,-1,1,2,99,-1,1,0,0,0,0,3,18,0,0,1,608011156
4,-1,1,2,99,-1,1,0,0,0,0,3,24,0,0,1,608011156
11,-1,1,2,99,-1,1,0,0,0,0,3,25,0,0,1,608011156
1,-1,1,2,99,-1,1,0,0,0,0,3,55,0,0,1,608011156
1,-1,1,2,99,-1,1,0,0,0,0,5,18,0,0,1,608011156
1,-1,1,2,99,-1,1,0,0,0,0,5,24,0,0,1,608011156
15,-1,1,2,99,-1,1,0,0,0,0,5,25,0,0,1,608011156
3,-1,1,2,99,-1,1,0,0,0,0,5,55,0,0,1,608011156
1,-1,1,2,99,-1,1,0,0,0,0,13,25,0,0,1,608011156
1,-1,1,2,99,-1,1,0,0,0,0,17,25,0,0,1,608011156
1,-1,1,2,99,-1,1,0,0,0,0,35,18,0,0,1,608011156
1,-1,1,2,99,-1,1,0,0,0,0,35,25,0,0,1,608011156
1,-1,1,2,99,-1,1,0,0,0,0,36,25,0,0,1,608011156
1,-1,1,2,99,-1,1,0,0,0,0,45,25,0,0,1,608011156
1,-1,1,2,99,-1,1,0,0,0,0,98,25,0,0,1,608011156
1,-1,1,2,99,-1,1,0,0,0,0,135,25,0,0,1,608011156
1,-1,1,2,99,-1,1,0,0,0,0,146,25,0,0,1,608011156
1,-1,1,2,99,-1,1,0,0,0,0,234,25,0,0,1,608011156
1,-1,1,2,99,-1,1,0,0,0,0,256,25,0,0,1,608011156
1,-1,1,2,99,-1,1,0,0,0,1,3,18,0,0,1,608011156
1,-1,1,2,99,-1,1,0,0,0,1,3,25,0,0,1,608011156
1,-1,1,2,99,-1,1,0,0,0,1,3,55,0,0,1,608011156
2,-1,1,2,99,-1,1,0,0,0,1,5,25,0,0,1,608011156
1,-1,1,2,99,-1,1,0,0,0,1,5,55,0,0,1,608011156
1,-1,1,2,99,-1,1,0,0,0,1,98,18,0,0,1,608011156
1,-1,1,2,99,-1,1,0,0,0,2,5,24,0,0,1,608011156
2,-1,1,2,99,-1,1,0,0,0,2,5,25,0,0,1,608011156
1,-1,1,2,99,-1,1,0,0,0,2,5,55,0,0,1,608011156
1,-1,1,2,99,-1,1,0,0,0,2,16,55,0,0,1,608011156
1,-1,1,2,99,-1,1,0,0,0,3,3,25,0,0,1,608011156
1,-1,1,2,99,-1,1,0,0,1,0,1,25,0,0,1,608011156
1,-1,1,2,99,-1,1,0,0,1,0,1,55,0,0,1,608011156
3,-1,1,2,99,-1,1,0,0,1,0,3,18,0,0,1,608011156
7,-1,1,2,99,-1,1,0,0,1,0,3,25,0,0,1,608011156
4,-1,1,2,99,-1,1,0,0,1,0,3,55,0,0,1,608011156
15,-1,1,2,99,-1,1,0,0,1,0,5,25,0,0,1,608011156
7,-1,1,2,99,-1,1,0,0,1,0,5,55,0,0,1,608011156
1,-1,1,2,99,-1,1,0,0,1,0,17,25,0,0,1,608011156
1,-1,1,2,99,-1,1,0,0,1,0,35,25,0,0,1,608011156
1,-1,1,2,99,-1,1,0,0,1,0,36,55,0,0,1,608011156
1,-1,1,2,99,-1,1,0,0,1,0,56,25,0,0,1,608011156
1,-1,1,2,99,-1,1,0,0,1,0,146,18,0,0,1,608011156
1,-1,1,2,99,-1,1,0,0,1,0,234,25,0,0,1,608011156
1,-1,1,2,99,-1,1,0,0,1,0,456,25,0,0,1,608011156
1,-1,1,2,99,-1,1,0,0,1,1,3,25,0,0,1,608011156
2,-1,1,2,99,-1,1,0,0,1,1,5,25,0,0,1,608011156
1,-1,1,2,99,-1,1,0,0,1,1,5,55,0,0,1,608011156
1,-1,1,2,99,-1,1,0,0,1,1,145,25,0,0,1,608011156
6,-1,1,2,99,-1,1,0,0,1,2,5,25,0,0,1,608011156
2,-1,1,2,99,-1,1,0,0,1,2,5,55,0,0,1,608011156
1,-1,1,2,99,-1,1,0,0,1,2,46,25,0,0,1,608011156
1,-1,1,2,99,-1,1,0,1,1,0,3,25,0,0,1,608011156
1,-1,1,2,99,-1,1,0,1,1,0,5,25,0,0,1,608011156
2,-1,1,2,99,-1,1,0,1,1,0,5,55,0,0,1,608011156
1,-1,1,2,99,-1,1,0,1,1,0,36,25,0,0,1,608011156
1,-1,1,2,99,-1,1,0,1,1,0,56,55,0,0,1,608011156
1,-1,1,2,99,-1,1,0,1,1,0,125,55,0,0,1,608011156
1,-1,1,2,99,-1,1,0,1,1,1,5,25,0,0,1,608011156
1,-1,1,2,99,-1,1,0,1,1,2,3,25,0,0,1,608011156
1,-1,1,2,99,-1,1,0,1,1,2,5,25,0,0,1,608011156
1,-1,1,2,99,-1,1,0,2,1,0,5,25,0,0,1,608011156
1,-1,1,2,99,-1,1,0,4,0,0,3,25,0,0,1,608011156
1,-1,1,2,99,-1,1,0,4,0,0,5,24,0,0,1,608011156
1,-1,1,2,99,-1,1,0,4,0,0,5,25,0,0,1,608011156
1,-1,1,2,99,-1,1,0,4,0,0,147,25,0,0,1,608011156
1,-1,1,2,99,-1,1,0,4,0,0,246,25,0,0,1,608011156
1,-1,1,2,99,-1,1,0,4,0,1,3,25,0,0,1,608011156
1,-1,1,2,99,-1,1,0,4,0,1,56,25,0,0,1,608011156
1,-1,1,2,99,-1,1,0,4,0,2,23,55,0,0,1,608011156
1,-1,1,2,99,-1,1,0,4,0,3,3,55,0,0,1,608011156
1,-1,1,2,99,-1,1,0,9,0,0,4,25,0,0,1,608011156
1,-1,1,2,99,-1,1,0,9,0,0,56,25,0,0,1,608011156
1,-1,1,2,99,-1,1,0,9,0,0,99,55,0,0,1,608011156
1,-1,1,2,99,-1,1,0,9,1,0,1,25,0,0,1,608011156
1,-1,1,2,99,-1,1,0,9,1,0,3,24,0,0,1,608011156
2,-1,1,2,99,-1,1,0,9,1,0,3,25,0,0,1,608011156
1,-1,1,2,99,-1,1,0,9,1,0,3,55,0,0,1,608011156
3,-1,1,2,99,-1,1,0,9,1,0,5,25,0,0,1,608011156
1,-1,1,2,99,-1,1,0,9,1,0,5,55,0,0,1,608011156
1,-1,1,2,99,-1,1,0,9,1,0,47,55,0,0,1,608011156
1,-1,1,2,99,-1,1,0,9,1,2,5,25,0,0,1,608011156
1,-1,1,2,99,-1,1,0,9,1,3,124,25,0,0,1,608011156
3,-1,1,2,99,-1,1,1,0,0,0,3,25,0,0,1,608011156
2,-1,1,2,99,-1,1,1,0,0,0,3,55,0,0,1,608011156
1,-1,1,2,99,-1,1,1,0,0,0,35,55,0,0,1,608011156
1,-1,1,2,99,-1,1,1,0,1,0,3,25,0,0,1,608011156
3,-1,1,2,99,-1,1,1,0,1,0,5,25,0,0,1,608011156
2,-1,1,2,99,-1,1,1,0,1,0,5,55,0,0,1,608011156
1,-1,1,2,99,-1,1,1,0,1,2,456,25,0,0,1,608011156
1,-1,1,2,99,-1,1,1,1,1,0,5,25,0,0,1,608011156
1,-1,1,2,99,-1,1,1,1,1,0,5,55,0,0,1,608011156
1,-1,1,2,99,-1,1,1,4,0,0,5,25,0,0,1,608011156
1,-1,1,2,99,-1,1,1,4,0,0,267,25,0,0,1,608011156
2,-1,1,2,99,-1,2,0,0,0,0,3,18,1,0,1,608011156
1,-1,1,2,99,-1,2,0,0,0,0,3,24,1,0,1,608011156
1,-1,1,2,99,-1,2,0,0,0,0,3,25,0,0,1,608011156
3,-1,1,2,99,-1,2,0,0,0,0,3,25,1,0,1,608011156
1,-1,1,2,99,-1,2,0,0,0,0,4,25,1,1,1,608011156
1,-1,1,2,99,-1,2,0,0,0,0,5,18,0,0,1,608011156
1,-1,1,2,99,-1,2,0,0,0,0,5,18,1,0,1,608011156
5,-1,1,2,99,-1,2,0,0,0,0,5,25,1,0,1,608011156
1,-1,1,2,99,-1,2,0,0,0,0,45,25,1,0,1,608011156
1,-1,1,2,99,-1,2,0,0,0,0,56,25,1,1,1,608011156
1,-1,1,2,99,-1,2,0,0,0,0,267,25,1,0,1,608011156
1,-1,1,2,99,-1,2,0,0,0,1,3,24,1,0,1,608011156
1,-1,1,2,99,-1,2,0,0,0,1,35,25,1,0,1,608011156
1,-1,1,2,99,-1,2,0,0,0,1,56,24,1,0,1,608011156
1,-1,1,2,99,-1,2,0,0,0,1,56,25,1,1,1,608011156
1,-1,1,2,99,-1,2,0,0,0,2,3,25,1,0,1,608011156
2,-1,1,2,99,-1,2,0,0,0,2,5,25,1,0,1,608011156
1,-1,1,2,99,-1,2,0,0,0,2,35,25,1,0,1,608011156
1,-1,1,2,99,-1,2,0,0,1,0,3,25,1,0,1,608011156
1,-1,1,2,99,-1,2,0,0,1,0,3,25,1,1,1,608011156
2,-1,1,2,99,-1,2,0,0,1,0,5,25,1,0,1,608011156
1,-1,1,2,99,-1,2,0,0,1,0,5,25,1,1,1,608011156
1,-1,1,2,99,-1,2,0,0,1,0,136,25,1,1,1,608011156
1,-1,1,2,99,-1,2,0,0,1,2,3,24,1,0,1,608011156
1,-1,1,2,99,-1,2,0,0,1,2,5,25,0,0,1,608011156
1,-1,1,2,99,-1,2,0,0,1,2,5,25,1,0,1,608011156
1,-1,1,2,99,-1,2,0,0,1,2,45,25,0,0,1,608011156
1,-1,1,2,99,-1,2,0,0,1,2,457,24,1,0,1,608011156
1,-1,1,2,99,-1,2,0,1,1,1,3,25,1,0,1,608011156
1,-1,1,2,99,-1,2,0,4,0,0,3,25,1,0,1,608011156
1,-1,1,2,99,-1,2,0,9,0,0,99,25,1,0,1,608011156
1,-1,1,2,99,-1,2,1,0,1,2,3,25,1,0,1,608011156
2,-1,1,2,99,-1,3,0,0,0,0,3,-1,0,0,1,608011156
1,-1,1,2,99,-1,99,0,0,0,0,98,-1,0,0,1,608011156
1,-1,1,2,99,30,1,0,0,0,0,3,25,0,0,1,608011156
1,-1,1,2,99,30,1,0,0,0,0,246,25,0,0,1,608011156
1,-1,1,2,99,30,1,0,0,1,0,5,25,0,0,1,608011156
1,-1,1,2,99,30,1,0,0,1,1,126,25,0,0,1,608011156
1,-1,1,2,99,30,1,0,1,1,0,5,25,0,0,1,608011156
1,-1,1,2,99,30,1,0,9,0,0,5,25,0,0,1,608011156
1,-1,1,2,99,30,1,1,0,1,0,13,55,0,0,1,608011156
1,-1,1,2,99,30,2,0,0,0,2,5,25,1,0,1,608011156
1,-1,1,2,99,30,2,0,1,1,2,3,25,1,0,1,608011156
1,-1,1,2,99,60,1,0,0,0,0,5,25,0,0,1,608011156
1,-1,1,2,99,60,1,0,0,1,2,5,25,0,0,1,608011156
1,-1,1,2,99,60,1,0,1,1,0,3,25,0,0,1,608011156
1,-1,1,2,99,60,1,0,4,0,0,3,18,0,0,1,608011156
1,-1,1,2,99,60,2,0,0,0,2,5,25,1,1,1,608011156
1,-1,1,2,99,90,1,0,0,1,1,13,25,0,0,1,608011156
1,-1,1,2,99,90,1,0,1,1,0,3,25,0,0,1,608011156
1,-1,1,2,99,90,1,0,1,1,0,134,55,0,0,1,608011156
1,-1,1,2,99,90,1,0,4,0,2,5,25,0,0,1,608011156
1,-1,1,2,99,90,1,1,0,0,0,5,55,0,0,1,608011156
1,-1,1,2,99,90,1,1,0,1,2,57,55,0,0,1,608011156
1,-1,1,2,99,180,1,0,0,0,0,3,18,0,0,1,608011156
3,-1,1,2,99,180,1,0,0,0,0,5,25,0,0,1,608011156
1,-1,1,2,99,180,1,0,0,0,0,5,55,0,0,1,608011156
1,-1,1,2,99,180,1,0,0,0,0,25,25,0,0,1,608011156
1,-1,1,2,99,180,1,0,0,0,0,147,18,0,0,1,608011156
1,-1,1,2,99,180,1,0,0,0,2,3,25,0,0,1,608011156
1,-1,1,2,99,180,1,0,0,1,0,5,55,0,0,1,608011156
1,-1,1,2,99,180,1,0,0,1,0,35,25,0,0,1,608011156
1,-1,1,2,99,180,1,0,0,1,1,5,25,0,0,1,608011156
1,-1,1,2,99,180,1,0,1,1,0,5,25,0,0,1,608011156
1,-1,1,2,99,180,1,0,1,1,1,5,25,0,0,1,608011156
1,-1,1,2,99,180,1,0,4,0,0,5,25,0,0,1,608011156
1,-1,1,2,99,180,1,0,9,1,0,25,55,0,0,1,608011156
1,-1,1,2,99,180,1,0,9,1,2,15,25,0,0,1,608011156
1,-1,1,2,99,180,1,1,0,0,0,5,55,0,0,1,608011156
2,-1,1,2,99,180,1,1,0,1,0,5,55,0,0,1,608011156
1,-1,1,2,99,365,1,0,0,0,0,3,24,0,0,1,608011156
1,-1,1,2,99,365,1,0,0,0,0,5,25,0,0,1,608011156
1,-1,1,2,99,365,1,0,0,0,0,5,55,0,0,1,608011156
1,-1,1,2,99,365,1,0,0,0,2,5,25,0,0,1,608011156
1,-1,1,2,99,365,1,0,0,1,0,5,18,0,0,1,608011156
5,-1,1,2,99,365,1,0,0,1,0,5,25,0,0,1,608011156
1,-1,1,2,99,365,1,0,0,1,0,5,55,0,0,1,608011156
1,-1,1,2,99,365,1,0,0,1,1,3,25,0,0,1,608011156
1,-1,1,2,99,365,1,0,0,1,1,5,25,0,0,1,608011156
1,-1,1,2,99,365,1,0,0,1,2,3,18,0,0,1,608011156
1,-1,1,2,99,365,1,0,0,1,2,3,25,0,0,1,608011156
1,-1,1,2,99,365,1,0,0,1,2,5,25,0,0,1,608011156
1,-1,1,2,99,365,1,0,1,1,0,3,55,0,0,1,608011156
1,-1,1,2,99,365,1,0,1,1,0,5,25,0,0,1,608011156
1,-1,1,2,99,365,1,0,1,1,0,5,55,0,0,1,608011156
1,-1,1,2,99,365,1,0,1,1,2,5,25,0,0,1,608011156
1,-1,1,2,99,365,1,0,4,0,0,3,18,0,0,1,608011156
1,-1,1,2,99,365,1,0,4,0,0,5,55,0,0,1,608011156
1,-1,1,2,99,365,1,1,0,0,0,5,55,0,0,1,608011156
2,-1,1,2,99,365,1,1,4,0,0,5,25,0,0,1,608011156
1,-1,1,2,99,365,2,0,0,0,2,3,24,1,0,1,608011156
2,-1,1,2,99,365,2,0,0,0,2,3,25,1,1,1,608011156
1,-1,1,2,99,365,3,0,0,1,0,5,-1,0,0,1,608011156
1,-1,1,2,99,547,1,0,0,0,0,3,25,0,0,1,608011156
1,-1,1,2,99,547,1,0,0,0,0,3,55,0,0,1,608011156
2,-1,1,2,99,547,1,0,0,0,0,5,25,0,0,1,608011156
1,-1,1,2,99,730,1,0,0,0,0,3,25,0,0,1,608011156
1,-1,1,2,101,-1,1,0,0,0,0,3,25,0,0,1,608011156
1,-1,1,2,101,-1,1,0,0,0,0,5,24,0,0,1,608011156
1,-1,1,2,101,-1,1,0,0,0,0,5,25,0,0,1,608011156
1,-1,1,2,101,-1,1,0,0,0,0,98,25,0,0,1,608011156
1,-1,1,2,101,-1,1,0,0,1,0,4,25,0,0,1,608011156
1,-1,1,2,101,-1,1,0,0,1,0,5,55,0,0,1,608011156
1,-1,1,2,101,-1,1,0,0,1,0,16,25,0,0,1,608011156
1,-1,1,2,101,-1,1,0,0,1,1,356,18,0,0,1,608011156
1,-1,1,2,101,-1,1,0,1,1,0,5,25,0,0,1,608011156
1,-1,1,2,101,-1,1,0,1,1,3,5,25,0,0,1,608011156
1,-1,1,2,101,-1,1,1,0,0,2,5,55,0,0,1,608011156
1,-1,1,2,101,-1,1,1,0,1,0,5,25,0,0,1,608011156
1,-1,1,2,101,-1,2,0,0,0,0,4,24,1,1,1,608011156
1,-1,1,2,101,-1,2,0,0,1,2,3,25,1,0,1,608011156
1,-1,1,2,101,-1,3,0,0,0,0,5,-1,0,0,1,608011156
1,-1,1,2,101,60,1,0,1,1,2,3,25,0,0,1,608011156
1,-1,1,2,101,365,1,0,0,0,0,3,55,0,0,1,608011156
1,-1,1,2,101,365,1,0,0,0,2,156,25,0,0,1,608011156
1,-1,1,2,101,365,1,0,0,1,1,5,18,0,0,1,608011156
1,-1,1,2,101,365,1,0,4,0,0,5,25,0,0,1,608011156
1,-1,1,2,101,365,3,0,0,0,0,5,-1,0,0,1,608011156
1,-1,1,2,116,-1,1,0,0,0,0,5,18,0,0,1,608011156
1,-1,1,2,116,-1,1,0,0,0,0,5,25,0,0,1,608011156
1,-1,1,2,116,-1,1,0,0,0,0,6,55,0,0,1,608011156
1,-1,1,2,116,-1,1,0,0,0,2,5,25,0,0,1,608011156
1,-1,1,2,116,-1,1,0,0,1,0,157,25,0,0,1,608011156
1,-1,1,2,116,-1,1,0,0,1,1,3,25,0,0,1,608011156
1,-1,1,2,116,-1,1,0,0,1,1,5,25,0,0,1,608011156
1,-1,1,2,116,-1,1,0,0,1,2,5,25,0,0,1,608011156
1,-1,1,2,116,-1,1,0,0,1,2,5,55,0,0,1,608011156
1,-1,1,2,116,-1,1,0,1,1,0,5,25,0,0,1,608011156
1,-1,1,2,116,-1,1,0,1,1,0,5,55,0,0,1,608011156
1,-1,1,2,116,-1,1,0,1,1,1,3,25,0,0,1,608011156
1,-1,1,2,116,-1,1,0,1,1,3,5,25,0,0,1,608011156
2,-1,1,2,116,-1,1,0,4,0,0,5,25,0,0,1,608011156
1,-1,1,2,116,-1,1,1,0,1,0,5,55,0,0,1,608011156
1,-1,1,2,116,-1,1,1,4,0,0,5,55,0,0,1,608011156
1,-1,1,2,116,-1,2,0,0,0,0,5,25,1,0,1,608011156
1,-1,1,2,116,-1,2,0,0,1,2,5,25,1,0,1,608011156
1,-1,1,2,116,-1,2,0,0,1,2,5,25,1,1,1,608011156
1,-1,1,2,116,30,1,0,0,0,0,5,25,0,0,1,608011156
1,-1,1,2,116,30,1,0,0,1,0,5,25,0,0,1,608011156
1,-1,1,2,116,30,1,0,1,1,0,5,25,0,0,1,608011156
1,-1,1,2,116,60,1,0,1,1,0,3,25,0,0,1,608011156
1,-1,1,2,116,60,1,0,1,1,0,5,25,0,0,1,608011156
1,-1,1,2,116,90,1,0,4,0,0,5,25,0,0,1,608011156
1,-1,1,2,116,180,1,0,0,0,0,3,25,0,0,1,608011156
1,-1,1,2,116,180,1,0,0,0,1,3,25,0,0,1,608011156
1,-1,1,2,116,180,1,0,0,1,0,3,55,0,0,1,608011156
1,-1,1,2,116,180,1,0,1,1,2,5,25,0,0,1,608011156
1,-1,1,2,116,180,1,0,9,0,0,5,55,0,0,1,608011156
1,-1,1,2,116,365,1,0,0,0,0,3,25,0,0,1,608011156
1,-1,1,2,116,365,1,0,0,0,0,5,25,0,0,1,608011156
1,-1,1,2,116,365,1,0,1,1,0,3,25,0,0,1,608011156
1,-1,1,2,116,547,1,0,0,0,1,5,25,0,0,1,608011156
1,-1,1,2,118,-1,1,0,1,1,1,5,25,0,0,1,608011156
1,-1,1,2,204,-1,1,0,0,0,0,1,25,0,0,1,608011156
1,-1,1,2,204,-1,1,0,0,0,0,5,25,0,0,1,608011156
1,-1,1,2,204,-1,1,0,0,1,0,3,25,0,0,1,608011156
1,-1,1,2,204,-1,1,0,0,1,0,5,18,0,0,1,608011156
1,-1,1,2,204,-1,1,0,1,1,2,3,55,0,0,1,608011156
1,-1,1,2,204,-1,1,0,9,1,2,5,25,0,0,1,608011156
1,-1,1,2,204,-1,1,1,0,1,1,456,24,0,0,1,608011156
1,-1,1,2,204,-1,3,0,0,1,0,167,-1,0,0,1,608011156
1,-1,1,2,204,180,1,0,0,1,0,5,25,0,0,1,608011156
1,-1,1,2,204,365,1,0,0,0,0,5,25,0,0,1,608011156
1,-1,1,2,205,-1,1,0,0,0,0,5,25,0,0,1,608011156
1,-1,1,2,205,-1,1,0,0,1,0,5,25,0,0,1,608011156
1,-1,1,2,205,-1,1,0,0,1,0,5,55,0,0,1,608011156
1,-1,1,2,205,-1,1,0,0,1,2,5,25,0,0,1,608011156
1,-1,1,2,205,-1,1,0,4,0,1,5,25,0,0,1,608011156
1,-1,1,2,205,180,1,0,0,1,0,5,25,0,0,1,608011156
1,-1,1,2,205,180,1,0,4,0,0,5,25,0,0,1,608011156
1,-1,1,2,205,365,1,0,1,1,2,3,25,0,0,1,608011156
1,-1,1,2,206,-1,1,0,0,1,0,3,25,0,0,1,608011156
2,-1,1,2,206,-1,1,0,0,1,0,5,25,0,0,1,608011156
1,-1,1,2,206,-1,1,0,0,1,0,5,55,0,0,1,608011156
1,-1,1,2,206,-1,1,0,0,1,0,36,25,0,0,1,608011156
1,-1,1,2,206,-1,1,0,0,1,0,237,55,0,0,1,608011156
1,-1,1,2,206,-1,1,0,1,1,0,3,25,0,0,1,608011156
1,-1,1,2,206,-1,1,0,4,0,0,5,25,0,0,1,608011156
1,-1,1,2,206,-1,1,1,0,0,0,4,55,0,0,1,608011156
1,-1,1,2,206,30,1,0,0,0,0,5,25,0,0,1,608011156
1,-1,1,2,206,60,1,0,4,0,0,3,25,0,0,1,608011156
1,-1,1,2,206,365,1,0,1,1,0,5,24,0,0,1,608011156
1,-1,1,2,207,-1,1,0,0,0,0,3,25,0,0,1,608011156
1,-1,1,2,207,-1,1,0,0,0,0,3,55,0,0,1,608011156
1,-1,1,2,207,-1,1,0,0,0,0,56,25,0,0,1,608011156
1,-1,1,2,207,-1,1,0,0,0,0,125,55,0,0,1,608011156
1,-1,1,2,207,-1,1,0,0,0,0,457,25,0,0,1,608011156
1,-1,1,2,207,-1,1,0,0,1,0,1,25,0,0,1,608011156
1,-1,1,2,207,-1,1,0,0,1,0,5,25,0,0,1,608011156
1,-1,1,2,207,-1,1,0,0,1,0,56,18,0,0,1,608011156
1,-1,1,2,207,-1,1,0,0,1,2,5,25,0,0,1,608011156
1,-1,1,2,207,-1,1,0,1,1,2,24,25,0,0,1,608011156
2,-1,1,2,207,-1,1,0,4,0,0,5,25,0,0,1,608011156
1,-1,1,2,207,-1,1,0,6,1,0,5,25,0,0,1,608011156
2,-1,1,2,207,-1,1,0,9,1,0,5,25,0,0,1,608011156
1,-1,1,2,207,-1,2,0,0,1,0,35,25,1,0,1,608011156
1,-1,1,2,207,30,1,0,0,1,2,5,25,0,0,1,608011156
1,-1,1,2,207,60,1,0,0,1,0,5,25,0,0,1,608011156
1,-1,1,2,207,180,1,0,0,0,0,3,25,0,0,1,608011156
1,-1,1,2,207,365,1,0,0,1,0,15,25,0,0,1,608011156
1,-1,1,2,207,365,1,0,3,0,0,5,25,0,0,1,608011156
1,-1,1,2,207,365,1,0,4,0,0,5,25,0,0,1,608011156
1,-1,1,2,225,-1,1,0,0,1,0,3,55,0,0,1,608011156
1,-1,1,2,225,-1,1,0,0,1,0,347,55,0,0,1,608011156
1,-1,1,2,225,-1,1,0,0,1,2,5,55,0,0,1,608011156
1,-1,1,2,225,-1,1,0,9,1,0,247,55,0,0,1,608011156
1,-1,1,2,302,-1,1,0,0,0,0,3,25,0,0,1,608011156
1,-1,1,2,302,-1,1,0,0,0,0,5,55,0,0,1,608011156
1,-1,1,2,302,-1,1,0,0,0,0,27,18,0,0,1,608011156
1,-1,1,2,302,-1,1,0,0,0,0,98,25,0,0,1,608011156
1,-1,1,2,302,-1,1,0,0,0,1,3,18,0,0,1,608011156
1,-1,1,2,302,-1,1,0,0,0,2,56,25,0,0,1,608011156
1,-1,1,2,302,-1,1,0,0,0,2,98,18,0,0,1,608011156
1,-1,1,2,302,-1,1,0,0,1,0,3,25,0,0,1,608011156
1,-1,1,2,302,-1,1,0,0,1,0,5,25,0,0,1,608011156
2,-1,1,2,302,-1,1,0,0,1,0,5,55,0,0,1,608011156
1,-1,1,2,302,-1,1,0,0,1,1,5,25,0,0,1,608011156
1,-1,1,2,302,-1,1,0,0,1,2,35,18,0,0,1,608011156
1,-1,1,2,302,-1,1,0,0,1,2,247,25,0,0,1,608011156
2,-1,1,2,302,-1,1,1,0,0,0,5,25,0,0,1,608011156
1,-1,1,2,302,-1,1,1,0,1,0,5,25,0,0,1,608011156
1,-1,1,2,302,-1,1,1,0,1,2,5,55,0,0,1,608011156
1,-1,1,2,302,-1,2,0,0,0,1,1,25,1,0,1,608011156
1,-1,1,2,302,-1,2,0,0,0,1,5,25,1,0,1,608011156
1,-1,1,2,302,-1,2,0,0,1,2,3,25,1,0,1,608011156
2,-1,1,2,302,-1,3,0,0,0,0,3,-1,0,0,1,608011156
1,-1,1,2,302,60,1,0,4,0,0,3,25,0,0,1,608011156
1,-1,1,2,302,90,1,1,1,1,0,5,25,0,0,1,608011156
1,-1,1,2,302,180,1,0,0,0,0,5,18,0,0,1,608011156
1,-1,1,2,302,180,1,0,0,1,0,37,55,0,0,1,608011156
1,-1,1,2,302,180,1,1,0,0,0,5,55,0,0,1,608011156
1,-1,1,2,302,365,1,0,0,0,0,2,25,0,0,1,608011156
1,-1,1,2,302,365,1,1,4,0,0,7,55,0,0,1,608011156
1,-1,1,2,312,-1,1,0,0,0,0,1,25,0,0,1,608011156
1,-1,1,2,312,-1,1,0,0,0,0,3,24,0,0,1,608011156
2,-1,1,2,312,-1,1,0,0,0,0,3,25,0,0,1,608011156
1,-1,1,2,312,-1,1,0,0,0,0,5,18,0,0,1,608011156
1,-1,1,2,312,-1,1,0,0,0,0,5,24,0,0,1,608011156
4,-1,1,2,312,-1,1,0,0,0,0,5,25,0,0,1,608011156
1,-1,1,2,312,-1,1,0,0,0,0,25,25,0,0,1,608011156
1,-1,1,2,312,-1,1,0,0,0,0,56,18,0,0,1,608011156
1,-1,1,2,312,-1,1,0,0,0,1,3,24,0,0,1,608011156
1,-1,1,2,312,-1,1,0,0,0,1,3,25,0,0,1,608011156
1,-1,1,2,312,-1,1,0,0,0,1,5,25,0,0,1,608011156
1,-1,1,2,312,-1,1,0,0,0,2,3,25,0,0,1,608011156
1,-1,1,2,312,-1,1,0,0,0,2,5,25,0,0,1,608011156
1,-1,1,2,312,-1,1,0,0,1,0,1,25,0,0,1,608011156
2,-1,1,2,312,-1,1,0,0,1,0,3,25,0,0,1,608011156
1,-1,1,2,312,-1,1,0,0,1,0,3,55,0,0,1,608011156
1,-1,1,2,312,-1,1,0,0,1,0,5,18,0,0,1,608011156
3,-1,1,2,312,-1,1,0,0,1,0,5,25,0,0,1,608011156
2,-1,1,2,312,-1,1,0,0,1,0,5,55,0,0,1,608011156
1,-1,1,2,312,-1,1,0,0,1,0,56,25,0,0,1,608011156
1,-1,1,2,312,-1,1,0,0,1,0,98,24,0,0,1,608011156
1,-1,1,2,312,-1,1,0,0,1,0,467,25,0,0,1,608011156
2,-1,1,2,312,-1,1,0,0,1,1,5,25,0,0,1,608011156
2,-1,1,2,312,-1,1,0,0,1,2,3,25,0,0,1,608011156
1,-1,1,2,312,-1,1,0,0,1,2,3,55,0,0,1,608011156
5,-1,1,2,312,-1,1,0,0,1,2,5,25,0,0,1,608011156
1,-1,1,2,312,-1,1,0,0,1,2,6,25,0,0,1,608011156
1,-1,1,2,312,-1,1,0,0,1,2,56,24,0,0,1,608011156
1,-1,1,2,312,-1,1,0,1,1,0,3,55,0,0,1,608011156
1,-1,1,2,312,-1,1,0,1,1,1,124,25,0,0,1,608011156
1,-1,1,2,312,-1,1,0,1,1,2,3,55,0,0,1,608011156
2,-1,1,2,312,-1,1,0,4,0,0,5,25,0,0,1,608011156
1,-1,1,2,312,-1,1,0,4,0,2,3,25,0,0,1,608011156
1,-1,1,2,312,-1,1,0,4,0,2,5,25,0,0,1,608011156
1,-1,1,2,312,-1,1,0,6,1,0,5,55,0,0,1,608011156
1,-1,1,2,312,-1,1,1,0,1,0,5,55,0,0,1,608011156
1,-1,1,2,312,-1,1,1,0,1,0,36,55,0,0,1,608011156
1,-1,1,2,312,-1,1,1,0,1,0,236,25,0,0,1,608011156
1,-1,1,2,312,-1,2,0,0,0,0,3,25,1,1,1,608011156
2,-1,1,2,312,-1,2,0,0,0,0,5,25,1,0,1,608011156
2,-1,1,2,312,-1,2,0,0,0,0,5,25,1,1,1,608011156
1,-1,1,2,312,-1,2,0,0,0,0,56,25,1,0,1,608011156
1,-1,1,2,312,-1,2,0,0,0,1,3,25,1,0,1,608011156
1,-1,1,2,312,-1,2,0,0,0,1,5,25,1,0,1,608011156
1,-1,1,2,312,-1,2,0,0,0,1,5,25,1,1,1,608011156
1,-1,1,2,312,-1,2,0,0,0,1,34,25,1,0,1,608011156
1,-1,1,2,312,-1,2,0,0,0,1,56,25,1,0,1,608011156
1,-1,1,2,312,-1,2,0,0,0,1,146,24,1,0,1,608011156
1,-1,1,2,312,-1,2,0,0,0,2,3,25,1,0,1,608011156
1,-1,1,2,312,-1,2,0,0,0,2,23,25,1,1,1,608011156
1,-1,1,2,312,-1,2,0,0,1,0,3,25,1,1,1,608011156
1,-1,1,2,312,-1,2,0,0,1,0,5,25,1,1,1,608011156
1,-1,1,2,312,-1,2,0,0,1,0,35,18,1,0,1,608011156
1,-1,1,2,312,-1,2,0,0,1,1,2,25,1,0,1,608011156
1,-1,1,2,312,-1,2,0,0,1,1,56,18,1,0,1,608011156
1,-1,1,2,312,-1,2,0,0,1,2,5,25,1,0,1,608011156
1,-1,1,2,312,-1,3,0,9,0,0,99,-1,1,0,1,608011156
1,-1,1,2,312,-1,99,0,0,0,2,5,-1,1,0,1,608011156
1,-1,1,2,312,30,1,0,0,0,0,3,25,0,0,1,608011156
1,-1,1,2,312,60,1,0,0,1,2,5,25,0,0,1,608011156
1,-1,1,2,312,60,2,0,0,1,0,5,25,1,0,1,608011156
1,-1,1,2,312,60,2,0,0,1,2,5,25,1,1,1,608011156
1,-1,1,2,312,90,1,0,0,0,0,3,25,0,0,1,608011156
1,-1,1,2,312,90,1,0,0,0,0,267,25,0,0,1,608011156
1,-1,1,2,312,90,1,0,4,0,0,5,25,0,0,1,608011156
1,-1,1,2,312,180,1,0,0,0,0,3,25,0,0,1,608011156
2,-1,1,2,312,180,1,0,0,0,0,5,25,0,0,1,608011156
1,-1,1,2,312,180,1,0,0,0,0,5,55,0,0,1,608011156
1,-1,1,2,312,180,1,0,0,0,2,3,25,0,0,1,608011156
1,-1,1,2,312,180,1,0,0,1,0,56,25,0,0,1,608011156
1,-1,1,2,312,180,1,0,0,1,0,267,24,0,0,1,608011156
1,-1,1,2,312,180,1,0,0,1,2,5,25,0,0,1,608011156
1,-1,1,2,312,180,1,0,1,1,0,5,55,0,0,1,608011156
1,-1,1,2,312,180,1,0,4,0,0,5,55,0,0,1,608011156
1,-1,1,2,312,180,2,0,0,0,0,36,24,1,0,1,608011156
1,-1,1,2,312,180,2,0,0,0,1,3,18,1,0,1,608011156
1,-1,1,2,312,365,1,0,0,0,0,46,18,0,0,1,608011156
1,-1,1,2,312,365,1,0,0,0,1,3,25,0,0,1,608011156
1,-1,1,2,312,365,1,0,0,1,0,3,25,0,0,1,608011156
1,-1,1,2,312,365,1,0,0,1,0,5,25,0,0,1,608011156
1,-1,1,2,312,365,1,0,0,1,0,267,25,0,0,1,608011156
1,-1,1,2,312,365,1,0,4,0,0,5,24,0,0,1,608011156
1,-1,1,2,312,365,2,0,0,1,0,56,25,1,1,1,608011156
1,-1,1,2,312,547,1,0,0,0,0,5,25,0,0,1,608011156
1,-1,1,2,312,547,1,0,0,1,0,5,24,0,0,1,608011156
1,-1,1,2,312,547,1,0,0,1,0,15,55,0,0,1,608011156
1,-1,1,2,312,547,1,0,0,1,2,5,25,0,0,1,608011156
1,-1,1,2,312,547,1,0,0,1,2,123,25,0,0,1,608011156
1,-1,1,2,313,-1,1,0,0,0,0,2,25,0,0,1,608011156
1,-1,1,2,313,-1,1,0,0,0,0,3,18,0,0,1,608011156
9,-1,1,2,313,-1,1,0,0,0,0,3,25,0,0,1,608011156
2,-1,1,2,313,-1,1,0,0,0,0,5,18,0,0,1,608011156
1,-1,1,2,313,-1,1,0,0,0,0,5,24,0,0,1,608011156
6,-1,1,2,313,-1,1,0,0,0,0,5,25,0,0,1,608011156
1,-1,1,2,313,-1,1,0,0,0,0,6,25,0,0,1,608011156
1,-1,1,2,313,-1,1,0,0,0,0,35,25,0,0,1,608011156
1,-1,1,2,313,-1,1,0,0,0,0,36,25,0,0,1,608011156
1,-1,1,2,313,-1,1,0,0,0,0,56,18,0,0,1,608011156
3,-1,1,2,313,-1,1,0,0,0,0,56,25,0,0,1,608011156
1,-1,1,2,313,-1,1,0,0,0,0,56,55,0,0,1,608011156
1,-1,1,2,313,-1,1,0,0,0,0,135,25,0,0,1,608011156
1,-1,1,2,313,-1,1,0,0,0,1,3,25,0,0,1,608011156
1,-1,1,2,313,-1,1,0,0,0,1,5,25,0,0,1,608011156
1,-1,1,2,313,-1,1,0,0,0,2,1,25,0,0,1,608011156
1,-1,1,2,313,-1,1,0,0,0,2,17,18,0,0,1,608011156
1,-1,1,2,313,-1,1,0,0,0,2,35,25,0,0,1,608011156
1,-1,1,2,313,-1,1,0,0,1,0,2,55,0,0,1,608011156
4,-1,1,2,313,-1,1,0,0,1,0,3,25,0,0,1,608011156
3,-1,1,2,313,-1,1,0,0,1,0,3,55,0,0,1,608011156
12,-1,1,2,313,-1,1,0,0,1,0,5,25,0,0,1,608011156
3,-1,1,2,313,-1,1,0,0,1,0,5,55,0,0,1,608011156
1,-1,1,2,313,-1,1,0,0,1,0,14,25,1,0,1,608011156
1,-1,1,2,313,-1,1,0,0,1,0,23,25,0,0,1,608011156
1,-1,1,2,313,-1,1,0,0,1,0,25,25,0,0,1,608011156
1,-1,1,2,313,-1,1,0,0,1,0,26,25,0,0,1,608011156
1,-1,1,2,313,-1,1,0,0,1,0,56,25,0,0,1,608011156
1,-1,1,2,313,-1,1,0,0,1,0,98,25,0,0,1,608011156
1,-1,1,2,313,-1,1,0,0,1,0,146,25,0,0,1,608011156
1,-1,1,2,313,-1,1,0,0,1,0,247,25,0,0,1,608011156
1,-1,1,2,313,-1,1,0,0,1,0,357,25,0,0,1,608011156
1,-1,1,2,313,-1,1,0,0,1,1,3,18,0,0,1,608011156
1,-1,1,2,313,-1,1,0,0,1,1,3,25,0,0,1,608011156
2,-1,1,2,313,-1,1,0,0,1,1,5,25,0,0,1,608011156
1,-1,1,2,313,-1,1,0,0,1,1,14,25,0,0,1,608011156
1,-1,1,2,313,-1,1,0,0,1,1,134,18,0,0,1,608011156
1,-1,1,2,313,-1,1,0,0,1,2,1,25,0,0,1,608011156
1,-1,1,2,313,-1,1,0,0,1,2,3,18,0,0,1,608011156
1,-1,1,2,313,-1,1,0,0,1,2,3,55,0,0,1,608011156
5,-1,1,2,313,-1,1,0,0,1,2,5,25,0,0,1,608011156
4,-1,1,2,313,-1,1,0,0,1,2,5,55,0,0,1,608011156
4,-1,1,2,313,-1,1,0,1,1,0,3,25,0,0,1,608011156
1,-1,1,2,313,-1,1,0,1,1,0,5,25,0,0,1,608011156
1,-1,1,2,313,-1,1,0,1,1,0,36,25,0,0,1,608011156
2,-1,1,2,313,-1,1,0,1,1,1,5,25,0,0,1,608011156
2,-1,1,2,313,-1,1,0,1,1,2,5,25,0,0,1,608011156
3,-1,1,2,313,-1,1,0,4,0,0,5,25,0,0,1,608011156
1,-1,1,2,313,-1,1,0,4,0,2,3,18,0,0,1,608011156
1,-1,1,2,313,-1,1,0,4,0,2,5,25,0,0,1,608011156
1,-1,1,2,313,-1,1,0,4,0,2,46,25,0,0,1,608011156
1,-1,1,2,313,-1,1,0,9,0,0,5,25,0,0,1,608011156
1,-1,1,2,313,-1,1,0,9,1,0,5,25,0,0,1,608011156
1,-1,1,2,313,-1,1,0,9,1,2,5,25,0,0,1,608011156
1,-1,1,2,313,-1,1,1,0,0,0,3,25,0,0,1,608011156
1,-1,1,2,313,-1,1,1,0,1,0,3,25,0,0,1,608011156
1,-1,1,2,313,-1,1,1,0,1,0,35,25,0,0,1,608011156
1,-1,1,2,313,-1,1,1,0,1,1,6,55,0,0,1,608011156
1,-1,1,2,313,-1,1,1,1,1,2,5,55,0,0,1,608011156
1,-1,1,2,313,-1,2,0,0,0,0,3,18,1,0,1,608011156
2,-1,1,2,313,-1,2,0,0,0,0,3,25,1,0,1,608011156
1,-1,1,2,313,-1,2,0,0,0,0,3,25,1,1,1,608011156
1,-1,1,2,313,-1,2,0,0,0,0,15,25,1,0,1,608011156
1,-1,1,2,313,-1,2,0,0,0,0,357,25,1,0,1,608011156
1,-1,1,2,313,-1,2,0,0,0,1,3,25,1,0,1,608011156
1,-1,1,2,313,-1,2,0,0,0,1,5,25,1,0,1,608011156
1,-1,1,2,313,-1,2,0,0,0,1,5,25,1,1,1,608011156
1,-1,1,2,313,-1,2,0,0,0,2,3,25,1,1,1,608011156
1,-1,1,2,313,-1,2,0,0,1,0,5,18,1,0,1,608011156
1,-1,1,2,313,-1,2,0,0,1,0,5,24,1,0,1,608011156
1,-1,1,2,313,-1,2,0,0,1,0,5,25,1,0,1,608011156
1,-1,1,2,313,-1,2,0,0,1,0,245,25,1,0,1,608011156
1,-1,1,2,313,-1,2,0,0,1,1,5,25,1,0,1,608011156
1,-1,1,2,313,-1,2,0,0,1,2,5,25,1,0,1,608011156
1,-1,1,2,313,-1,2,0,0,1,2,126,25,1,0,1,608011156
1,-1,1,2,313,-1,2,0,9,1,1,5,25,1,0,1,608011156
1,-1,1,2,313,-1,3,0,0,0,2,5,-1,0,0,1,608011156
2,-1,1,2,313,-1,99,0,9,1,0,5,-1,0,0,1,608011156
1,-1,1,2,313,-1,99,0,9,1,0,6,-1,0,0,1,608011156
1,-1,1,2,313,30,1,0,0,1,0,3,25,0,0,1,608011156
1,-1,1,2,313,30,1,0,1,1,0,5,25,0,0,1,608011156
1,-1,1,2,313,30,1,0,1,1,0,246,18,0,0,1,608011156
1,-1,1,2,313,30,1,0,1,1,2,3,25,0,0,1,608011156
1,-1,1,2,313,60,1,0,0,1,0,3,25,0,0,1,608011156
1,-1,1,2,313,60,1,0,0,1,0,5,25,0,0,1,608011156
1,-1,1,2,313,60,1,0,0,1,1,3,25,0,0,1,608011156
1,-1,1,2,313,60,1,0,0,1,2,5,25,0,0,1,608011156
1,-1,1,2,313,60,1,0,1,1,0,3,55,0,0,1,608011156
1,-1,1,2,313,60,1,0,4,0,0,3,25,0,0,1,608011156
2,-1,1,2,313,90,1,0,0,1,0,3,25,0,0,1,608011156
1,-1,1,2,313,90,1,0,0,1,1,37,55,0,0,1,608011156
1,-1,1,2,313,90,1,0,1,1,1,5,25,0,0,1,608011156
3,-1,1,2,313,180,1,0,0,0,0,3,25,0,0,1,608011156
2,-1,1,2,313,180,1,0,0,0,0,5,55,0,0,1,608011156
1,-1,1,2,313,180,1,0,0,0,1,5,25,0,0,1,608011156
1,-1,1,2,313,180,1,0,0,0,2,245,25,0,0,1,608011156
1,-1,1,2,313,180,1,0,0,1,0,5,24,0,0,1,608011156
1,-1,1,2,313,180,1,0,0,1,0,13,25,0,0,1,608011156
1,-1,1,2,313,180,1,0,0,1,1,136,18,0,0,1,608011156
1,-1,1,2,313,180,1,0,1,1,0,3,25,0,0,1,608011156
1,-1,1,2,313,180,2,0,0,0,0,3,25,1,0,1,608011156
1,-1,1,2,313,180,2,0,0,0,0,5,25,1,0,1,608011156
1,-1,1,2,313,180,2,0,0,0,0,56,25,1,0,1,608011156
1,-1,1,2,313,365,1,0,0,0,0,17,25,0,0,1,608011156
1,-1,1,2,313,365,1,0,0,0,2,3,25,0,0,1,608011156
1,-1,1,2,313,365,1,0,0,1,0,3,25,0,0,1,608011156
1,-1,1,2,313,365,1,0,0,1,0,5,25,0,0,1,608011156
1,-1,1,2,313,365,1,0,0,1,2,5,25,0,0,1,608011156
1,-1,1,2,313,365,1,0,1,1,0,3,55,0,0,1,608011156
1,-1,1,2,313,365,1,0,1,1,2,5,25,0,0,1,608011156
1,-1,1,2,313,365,1,0,9,0,0,235,25,0,0,1,608011156
1,-1,1,2,313,365,2,0,0,1,0,5,25,1,0,1,608011156
1,-1,1,2,313,547,1,0,0,1,0,5,25,0,0,1,608011156
1,-1,1,2,313,547,1,0,0,1,0,127,55,0,0,1,608011156
1,-1,1,2,313,547,1,0,1,1,2,5,25,0,0,1,608011156
1,-1,1,2,313,547,1,0,4,0,0,5,25,0,0,1,608011156
1,-1,1,2,313,547,2,0,0,1,2,5,25,1,0,1,608011156
1,-1,1,2,314,-1,1,0,0,0,0,3,25,0,0,1,608011156
2,-1,1,2,314,-1,1,0,0,0,0,5,25,0,0,1,608011156
2,-1,1,2,314,-1,1,0,0,0,0,5,55,0,0,1,608011156
1,-1,1,2,314,-1,1,0,0,0,0,124,25,0,0,1,608011156
1,-1,1,2,314,-1,1,0,0,0,1,5,25,0,0,1,608011156
1,-1,1,2,314,-1,1,0,0,1,0,3,55,0,0,1,608011156
1,-1,1,2,314,-1,1,0,0,1,0,5,55,0,0,1,608011156
1,-1,1,2,314,-1,1,0,0,1,0,137,55,0,0,1,608011156
1,-1,1,2,314,-1,1,0,0,1,1,3,25,0,0,1,608011156
1,-1,1,2,314,-1,1,0,0,1,1,5,25,0,0,1,608011156
2,-1,1,2,314,-1,1,0,0,1,2,5,25,0,0,1,608011156
1,-1,1,2,314,-1,1,0,0,1,2,56,55,0,0,1,608011156
1,-1,1,2,314,-1,2,0,0,0,1,156,25,1,1,1,608011156
1,-1,1,2,314,-1,2,0,0,0,2,3,25,1,0,1,608011156
1,-1,1,2,314,90,1,0,1,1,0,5,55,0,0,1,608011156
1,-1,1,2,314,180,1,0,0,1,0,56,55,0,0,1,608011156
1,-1,1,2,314,365,1,0,0,0,0,356,25,0,0,1,608011156
1,-1,1,2,314,365,1,0,0,0,1,5,25,0,0,1,608011156
2,-1,1,2,314,365,1,0,0,1,0,56,25,0,0,1,608011156
1,-1,1,2,314,365,2,0,0,0,2,5,25,1,0,1,608011156
1,-1,1,2,314,547,1,0,0,1,0,5,25,0,0,1,608011156
1,-1,1,2,314,547,1,0,1,1,0,5,25,0,0,1,608011156
1,-1,1,2,329,-1,1,0,0,1,0,5,55,0,0,1,608011156
1,-1,1,2,329,-1,1,0,0,1,2,5,25,0,0,1,608011156
1,-1,1,2,329,-1,3,0,0,0,0,5,-1,0,0,1,608011156
1,-1,1,2,332,-1,1,0,0,1,2,5,55,0,0,1,608011156
6,-1,1,2,410,-1,1,0,0,0,0,3,25,0,0,1,608011156
1,-1,1,2,410,-1,1,0,0,0,0,5,18,0,0,1,608011156
1,-1,1,2,410,-1,1,0,0,0,0,5,24,0,0,1,608011156
4,-1,1,2,410,-1,1,0,0,0,0,5,25,0,0,1,608011156
2,-1,1,2,410,-1,1,0,0,0,0,5,55,0,0,1,608011156
1,-1,1,2,410,-1,1,0,0,0,0,15,18,0,0,1,608011156
1,-1,1,2,410,-1,1,0,0,0,0,25,55,0,0,1,608011156
1,-1,1,2,410,-1,1,0,0,0,0,27,25,0,0,1,608011156
1,-1,1,2,410,-1,1,0,0,0,0,34,25,0,0,1,608011156
2,-1,1,2,410,-1,1,0,0,0,0,56,25,0,0,1,608011156
1,-1,1,2,410,-1,1,0,0,0,0,567,25,0,0,1,608011156
2,-1,1,2,410,-1,1,0,0,0,1,5,25,0,0,1,608011156
2,-1,1,2,410,-1,1,0,0,0,2,3,25,0,0,1,608011156
1,-1,1,2,410,-1,1,0,0,0,2,5,24,0,0,1,608011156
3,-1,1,2,410,-1,1,0,0,0,2,5,25,0,0,1,608011156
1,-1,1,2,410,-1,1,0,0,0,2,245,25,0,0,1,608011156
1,-1,1,2,410,-1,1,0,0,0,3,3,25,0,0,1,608011156
1,-1,1,2,410,-1,1,0,0,1,0,1,25,1,0,1,608011156
3,-1,1,2,410,-1,1,0,0,1,0,3,25,0,0,1,608011156
1,-1,1,2,410,-1,1,0,0,1,0,3,55,0,0,1,608011156
5,-1,1,2,410,-1,1,0,0,1,0,5,25,0,0,1,608011156
1,-1,1,2,410,-1,1,0,0,1,0,5,25,1,0,1,608011156
2,-1,1,2,410,-1,1,0,0,1,0,5,55,0,0,1,608011156
1,-1,1,2,410,-1,1,0,0,1,0,15,55,0,0,1,608011156
1,-1,1,2,410,-1,1,0,0,1,0,25,25,0,0,1,608011156
1,-1,1,2,410,-1,1,0,0,1,0,56,25,0,0,1,608011156
1,-1,1,2,410,-1,1,0,0,1,0,126,25,0,0,1,608011156
1,-1,1,2,410,-1,1,0,0,1,0,245,55,0,0,1,608011156
1,-1,1,2,410,-1,1,0,0,1,0,257,55,0,0,1,608011156
1,-1,1,2,410,-1,1,0,0,1,0,346,25,0,0,1,608011156
1,-1,1,2,410,-1,1,0,0,1,0,456,55,0,0,1,608011156
1,-1,1,2,410,-1,1,0,0,1,2,3,55,0,0,1,608011156
1,-1,1,2,410,-1,1,0,0,1,2,5,25,0,0,1,608011156
1,-1,1,2,410,-1,1,0,0,1,2,13,25,0,0,1,608011156
1,-1,1,2,410,-1,1,0,0,1,2,247,25,0,0,1,608011156
1,-1,1,2,410,-1,1,0,1,1,0,3,55,0,0,1,608011156
2,-1,1,2,410,-1,1,0,1,1,0,5,55,0,0,1,608011156
1,-1,1,2,410,-1,1,0,1,1,1,5,25,0,0,1,608011156
1,-1,1,2,410,-1,1,0,1,1,2,3,25,0,0,1,608011156
1,-1,1,2,410,-1,1,0,1,1,2,56,25,0,0,1,608011156
2,-1,1,2,410,-1,1,0,4,0,0,3,18,0,0,1,608011156
1,-1,1,2,410,-1,1,0,4,0,0,12,55,0,0,1,608011156
1,-1,1,2,410,-1,1,0,9,0,0,3,25,0,0,1,608011156
1,-1,1,2,410,-1,1,0,9,1,0,3,18,0,0,1,608011156
1,-1,1,2,410,-1,1,0,9,1,0,3,25,0,0,1,608011156
1,-1,1,2,410,-1,1,0,9,1,0,5,25,0,0,1,608011156
1,-1,1,2,410,-1,1,0,9,1,2,5,25,0,0,1,608011156
1,-1,1,2,410,-1,1,1,0,0,0,5,25,0,0,1,608011156
1,-1,1,2,410,-1,1,1,0,0,0,5,55,0,0,1,608011156
1,-1,1,2,410,-1,1,1,0,0,0,157,25,0,0,1,608011156
1,-1,1,2,410,-1,1,1,0,1,0,1,25,0,0,1,608011156
1,-1,1,2,410,-1,1,1,1,1,0,5,55,0,0,1,608011156
1,-1,1,2,410,-1,2,0,0,0,0,1,25,1,0,1,608011156
1,-1,1,2,410,-1,2,0,0,0,0,3,18,1,0,1,608011156
1,-1,1,2,410,-1,2,0,0,0,0,3,25,0,1,1,608011156
2,-1,1,2,410,-1,2,0,0,0,0,3,25,1,0,1,608011156
1,-1,1,2,410,-1,2,0,0,0,0,3,25,1,1,1,608011156
1,-1,1,2,410,-1,2,0,0,0,0,5,24,1,0,1,608011156
3,-1,1,2,410,-1,2,0,0,0,0,5,25,1,0,1,608011156
1,-1,1,2,410,-1,2,0,0,0,0,5,25,1,1,1,608011156
1,-1,1,2,410,-1,2,0,0,0,0,13,25,1,1,1,608011156
2,-1,1,2,410,-1,2,0,0,0,0,56,25,1,1,1,608011156
1,-1,1,2,410,-1,2,0,0,0,0,57,25,1,0,1,608011156
1,-1,1,2,410,-1,2,0,0,0,0,357,25,1,1,1,608011156
2,-1,1,2,410,-1,2,0,0,0,1,3,25,1,0,1,608011156
2,-1,1,2,410,-1,2,0,0,0,1,5,25,1,1,1,608011156
1,-1,1,2,410,-1,2,0,0,0,1,24,25,1,0,1,608011156
3,-1,1,2,410,-1,2,0,0,0,2,3,25,1,0,1,608011156
1,-1,1,2,410,-1,2,0,0,0,2,5,25,1,1,1,608011156
1,-1,1,2,410,-1,2,0,0,0,2,15,25,1,0,1,608011156
3,-1,1,2,410,-1,2,0,0,1,0,3,25,1,1,1,608011156
1,-1,1,2,410,-1,2,0,0,1,0,5,25,1,0,1,608011156
1,-1,1,2,410,-1,2,0,0,1,1,5,25,1,1,1,608011156
1,-1,1,2,410,-1,2,0,0,1,2,5,-1,1,1,1,608011156
1,-1,1,2,410,-1,2,0,0,1,2,5,25,1,0,1,608011156
1,-1,1,2,410,-1,2,0,0,1,2,5,25,1,1,1,608011156
1,-1,1,2,410,-1,2,0,0,1,2,34,25,1,0,1,608011156
1,-1,1,2,410,-1,2,0,1,1,1,3,25,0,0,1,608011156
1,-1,1,2,410,-1,2,0,1,1,1,5,25,1,0,1,608011156
1,-1,1,2,410,-1,2,0,4,0,0,4,25,1,1,1,608011156
1,-1,1,2,410,-1,2,1,0,0,0,5,25,1,0,1,608011156
1,-1,1,2,410,60,1,0,4,0,0,6,25,0,0,1,608011156
1,-1,1,2,410,60,2,0,0,1,1,3,25,1,1,1,608011156
1,-1,1,2,410,90,1,0,6,1,2,5,25,0,0,1,608011156
1,-1,1,2,410,180,1,0,0,0,0,3,25,0,0,1,608011156
1,-1,1,2,410,180,1,0,0,1,0,57,25,0,0,1,608011156
1,-1,1,2,410,180,1,0,0,1,2,5,25,0,0,1,608011156
1,-1,1,2,410,180,1,0,0,1,2,16,25,0,0,1,608011156
1,-1,1,2,410,180,1,0,4,0,1,2,25,0,0,1,608011156
1,-1,1,2,410,180,1,1,0,0,0,3,55,0,0,1,608011156
1,-1,1,2,410,365,1,0,0,0,0,3,55,0,0,1,608011156
1,-1,1,2,410,365,1,0,0,0,0,36,25,0,0,1,608011156
1,-1,1,2,410,365,1,0,0,0,1,3,25,0,0,1,608011156
1,-1,1,2,410,365,1,0,0,1,0,5,25,0,0,1,608011156
1,-1,1,2,410,365,1,0,1,1,0,5,55,0,0,1,608011156
1,-1,1,2,410,365,1,0,1,1,2,124,25,0,0,1,608011156
1,-1,1,2,410,365,2,0,0,0,0,5,25,1,0,1,608011156
1,-1,1,2,410,365,2,0,0,0,1,3,25,1,0,1,608011156
1,-1,1,2,410,547,2,0,0,0,0,5,25,1,0,1,608011156
1,-1,1,2,410,547,2,0,0,0,2,5,25,1,0,1,608011156
1,-1,1,2,410,730,1,0,0,0,1,3,25,0,0,1,608011156
1,-1,1,2,411,-1,1,0,0,0,0,3,25,0,0,1,608011156
1,-1,1,2,411,-1,1,0,0,0,2,5,25,1,0,1,608011156
1,-1,1,2,411,-1,1,0,0,1,0,5,25,0,0,1,608011156
1,-1,1,2,411,-1,1,0,0,1,0,367,25,0,0,1,608011156
1,-1,1,2,411,-1,3,0,9,1,0,36,-1,0,0,1,608011156
1,-1,1,2,411,547,1,0,0,1,0,37,25,0,0,1,608011156
1,-1,1,2,419,-1,1,1,0,1,0,5,55,0,0,1,608011156
1,-1,1,2,420,-1,1,0,0,0,0,3,25,0,0,1,608011156
1,-1,1,2,420,-1,1,0,0,0,0,5,25,0,0,1,608011156
1,-1,1,2,420,-1,1,0,0,0,0,5,55,0,0,1,608011156
1,-1,1,2,420,-1,1,0,0,0,0,156,25,0,0,1,608011156
1,-1,1,2,420,-1,1,0,0,0,2,5,25,0,0,1,608011156
1,-1,1,2,420,-1,1,0,0,0,2,5,55,0,0,1,608011156
1,-1,1,2,420,-1,1,0,0,1,0,3,25,0,0,1,608011156
1,-1,1,2,420,-1,1,0,0,1,0,3,55,0,0,1,608011156
1,-1,1,2,420,-1,1,0,0,1,0,5,25,0,0,1,608011156
1,-1,1,2,420,-1,1,0,0,1,0,15,25,0,0,1,608011156
1,-1,1,2,420,-1,1,0,0,1,0,356,55,0,0,1,608011156
1,-1,1,2,420,-1,1,0,0,1,1,5,25,0,0,1,608011156
1,-1,1,2,420,-1,1,0,0,1,1,5,55,0,0,1,608011156
1,-1,1,2,420,-1,1,0,0,1,1,17,25,0,0,1,608011156
1,-1,1,2,420,-1,1,0,0,1,2,3,25,0,0,1,608011156
2,-1,1,2,420,-1,1,0,0,1,2,5,25,0,0,1,608011156
1,-1,1,2,420,-1,1,0,0,1,2,125,25,0,0,1,608011156
1,-1,1,2,420,-1,1,0,1,1,0,56,25,0,0,1,608011156
1,-1,1,2,420,-1,1,0,1,1,1,3,25,0,0,1,608011156
1,-1,1,2,420,-1,1,1,0,0,0,3,25,0,0,1,608011156
1,-1,1,2,420,-1,1,1,0,0,0,5,55,0,0,1,608011156
1,-1,1,2,420,-1,1,1,0,1,0,46,55,0,0,1,608011156
1,-1,1,2,420,-1,2,0,0,0,0,3,25,1,1,1,608011156
1,-1,1,2,420,-1,2,0,0,0,0,5,25,1,0,1,608011156
2,-1,1,2,420,-1,2,0,0,0,1,3,25,1,0,1,608011156
1,-1,1,2,420,-1,2,0,0,0,1,3,25,1,1,1,608011156
1,-1,1,2,420,-1,2,0,0,0,1,5,25,1,0,1,608011156
1,-1,1,2,420,-1,2,0,0,0,2,56,25,1,0,1,608011156
2,-1,1,2,420,-1,2,0,0,1,0,5,25,1,1,1,608011156
1,-1,1,2,420,-1,2,0,0,1,1,3,25,1,0,1,608011156
1,-1,1,2,420,180,1,0,0,0,1,567,25,0,0,1,608011156
1,-1,1,2,420,180,1,0,0,1,0,26,25,0,0,1,608011156
1,-1,1,2,420,365,1,0,0,0,0,3,25,0,0,1,608011156
1,-1,1,2,420,365,1,0,0,0,0,5,25,0,0,1,608011156
1,-1,1,2,420,365,1,0,0,1,2,126,55,0,0,1,608011156
2,-1,1,2,422,-1,1,0,0,0,0,3,25,0,0,1,608011156
1,-1,1,2,422,-1,1,0,0,0,0,3,55,0,0,1,608011156
5,-1,1,2,422,-1,1,0,0,0,0,5,25,0,0,1,608011156
1,-1,1,2,422,-1,1,0,0,0,0,56,25,0,0,1,608011156
1,-1,1,2,422,-1,1,0,0,0,0,145,55,0,0,1,608011156
1,-1,1,2,422,-1,1,0,0,0,0,167,18,0,0,1,608011156
1,-1,1,2,422,-1,1,0,0,0,0,456,55,0,0,1,608011156
1,-1,1,2,422,-1,1,0,0,0,1,5,25,0,0,1,608011156
1,-1,1,2,422,-1,1,0,0,0,1,5,55,0,0,1,608011156
1,-1,1,2,422,-1,1,0,0,0,2,67,25,0,0,1,608011156
1,-1,1,2,422,-1,1,0,0,1,0,3,18,0,0,1,608011156
3,-1,1,2,422,-1,1,0,0,1,0,3,25,0,0,1,608011156
7,-1,1,2,422,-1,1,0,0,1,0,5,25,0,0,1,608011156
1,-1,1,2,422,-1,1,0,0,1,0,5,55,0,0,1,608011156
1,-1,1,2,422,-1,1,0,0,1,0,7,55,0,0,1,608011156
1,-1,1,2,422,-1,1,0,0,1,0,267,55,0,0,1,608011156
1,-1,1,2,422,-1,1,0,0,1,1,5,55,0,0,1,608011156
1,-1,1,2,422,-1,1,0,0,1,2,5,25,0,0,1,608011156
1,-1,1,2,422,-1,1,0,0,1,2,7,55,0,0,1,608011156
1,-1,1,2,422,-1,1,0,0,1,2,25,25,0,0,1,608011156
1,-1,1,2,422,-1,1,0,1,1,0,3,25,0,0,1,608011156
1,-1,1,2,422,-1,1,0,1,1,0,3,55,0,0,1,608011156
3,-1,1,2,422,-1,1,0,1,1,0,5,25,0,0,1,608011156
1,-1,1,2,422,-1,1,0,1,1,0,13,25,0,0,1,608011156
1,-1,1,2,422,-1,1,0,1,1,1,1,25,0,0,1,608011156
1,-1,1,2,422,-1,1,0,1,1,1,5,25,0,0,1,608011156
1,-1,1,2,422,-1,1,0,1,1,2,3,18,0,0,1,608011156
1,-1,1,2,422,-1,1,0,1,1,2,3,25,0,0,1,608011156
1,-1,1,2,422,-1,1,0,1,1,3,56,25,0,0,1,608011156
1,-1,1,2,422,-1,1,0,4,0,0,23,24,0,0,1,608011156
1,-1,1,2,422,-1,1,0,4,0,1,56,25,0,0,1,608011156
1,-1,1,2,422,-1,1,0,9,1,2,3,25,0,0,1,608011156
1,-1,1,2,422,-1,1,1,0,1,1,5,55,0,0,1,608011156
1,-1,1,2,422,-1,1,1,9,1,0,5,55,0,0,1,608011156
1,-1,1,2,422,-1,2,0,0,0,0,5,25,1,0,1,608011156
1,-1,1,2,422,-1,2,0,0,0,1,3,25,1,0,1,608011156
2,-1,1,2,422,-1,2,0,0,0,1,3,25,1,1,1,608011156
1,-1,1,2,422,-1,2,0,0,0,1,56,25,1,0,1,608011156
1,-1,1,2,422,-1,2,0,0,0,2,3,25,1,0,1,608011156
1,-1,1,2,422,-1,2,0,0,0,2,3,25,1,1,1,608011156
1,-1,1,2,422,-1,2,0,0,0,2,5,18,1,0,1,608011156
1,-1,1,2,422,-1,2,0,0,0,3,3,25,1,1,1,608011156
1,-1,1,2,422,-1,2,0,0,1,0,16,25,1,1,1,608011156
1,-1,1,2,422,-1,2,0,0,1,1,36,25,1,1,1,608011156
1,-1,1,2,422,-1,2,0,0,1,2,3,25,1,1,1,608011156
1,-1,1,2,422,-1,3,0,0,1,0,1,-1,0,0,1,608011156
1,-1,1,2,422,-1,99,0,0,0,0,5,-1,0,0,1,608011156
1,-1,1,2,422,30,1,0,0,1,0,5,25,0,0,1,608011156
1,-1,1,2,422,60,1,0,0,1,0,3,25,0,0,1,608011156
1,-1,1,2,422,60,1,0,0,1,2,5,18,0,0,1,608011156
1,-1,1,2,422,90,1,0,0,0,0,456,25,0,0,1,608011156
1,-1,1,2,422,180,1,0,0,0,0,3,24,0,0,1,608011156
1,-1,1,2,422,180,1,0,0,0,0,5,24,0,0,1,608011156
1,-1,1,2,422,180,1,0,0,0,0,6,55,0,0,1,608011156
1,-1,1,2,422,180,1,0,0,1,1,3,55,0,0,1,608011156
1,-1,1,2,422,365,1,0,0,0,0,5,25,0,0,1,608011156
1,-1,1,2,422,365,1,0,0,0,0,57,25,0,0,1,608011156
1,-1,1,2,422,365,1,0,0,1,0,5,25,0,0,1,608011156
1,-1,1,2,422,365,1,0,0,1,0,5,55,0,0,1,608011156
1,-1,1,2,422,365,1,0,0,1,1,3,25,0,0,1,608011156
1,-1,1,2,422,365,1,0,1,1,2,5,18,0,0,1,608011156
2,-1,1,2,422,547,1,0,0,0,0,5,25,0,0,1,608011156
1,-1,1,2,422,547,1,0,0,1,0,5,55,0,0,1,608011156
1,-1,1,2,422,547,1,0,1,1,0,234,55,0,0,1,608011156
1,-1,1,2,422,547,2,0,0,0,2,367,25,1,0,1,608011156
2,-1,1,2,423,-1,1,0,0,0,0,3,25,0,0,1,608011156
1,-1,1,2,423,-1,1,0,0,0,0,3,55,0,0,1,608011156
1,-1,1,2,423,-1,1,0,0,0,0,5,18,0,0,1,608011156
4,-1,1,2,423,-1,1,0,0,0,0,5,25,0,0,1,608011156
2,-1,1,2,423,-1,1,0,0,0,0,5,55,0,0,1,608011156
1,-1,1,2,423,-1,1,0,0,0,0,46,25,0,0,1,608011156
1,-1,1,2,423,-1,1,0,0,0,0,247,24,0,0,1,608011156
1,-1,1,2,423,-1,1,0,0,0,2,35,25,0,0,1,608011156
1,-1,1,2,423,-1,1,0,0,0,3,5,25,0,0,1,608011156
1,-1,1,2,423,-1,1,0,0,1,0,3,25,0,0,1,608011156
1,-1,1,2,423,-1,1,0,0,1,0,5,18,0,0,1,608011156
4,-1,1,2,423,-1,1,0,0,1,0,5,25,0,0,1,608011156
1,-1,1,2,423,-1,1,0,0,1,0,5,55,0,0,1,608011156
1,-1,1,2,423,-1,1,0,0,1,1,3,25,0,0,1,608011156
1,-1,1,2,423,-1,1,0,0,1,1,5,25,0,0,1,608011156
1,-1,1,2,423,-1,1,0,0,1,1,5,55,0,0,1,608011156
1,-1,1,2,423,-1,1,0,0,1,2,5,55,0,0,1,608011156
1,-1,1,2,423,-1,1,0,0,1,3,5,25,0,0,1,608011156
2,-1,1,2,423,-1,1,0,1,1,0,3,25,0,0,1,608011156
1,-1,1,2,423,-1,1,0,1,1,0,5,25,0,0,1,608011156
1,-1,1,2,423,-1,1,0,1,1,0,5,55,0,0,1,608011156
1,-1,1,2,423,-1,1,0,1,1,0,346,25,0,0,1,608011156
1,-1,1,2,423,-1,1,0,1,1,2,5,25,0,0,1,608011156
1,-1,1,2,423,-1,1,0,4,0,2,5,25,0,0,1,608011156
1,-1,1,2,423,-1,1,0,9,0,0,5,25,0,0,1,608011156
1,-1,1,2,423,-1,1,1,0,0,0,3,55,0,0,1,608011156
1,-1,1,2,423,-1,1,1,0,1,0,5,24,0,0,1,608011156
1,-1,1,2,423,-1,1,1,0,1,0,5,25,0,0,1,608011156
1,-1,1,2,423,-1,1,1,1,1,0,56,25,0,0,1,608011156
1,-1,1,2,423,-1,2,0,0,0,0,3,18,1,0,1,608011156
1,-1,1,2,423,-1,2,0,0,0,0,3,25,1,0,1,608011156
1,-1,1,2,423,-1,2,0,0,0,1,124,25,1,0,1,608011156
1,-1,1,2,423,-1,2,0,0,0,2,3,24,1,0,1,608011156
1,-1,1,2,423,-1,2,0,0,0,2,46,25,1,0,1,608011156
1,-1,1,2,423,-1,2,0,0,1,0,35,24,1,0,1,608011156
1,-1,1,2,423,-1,2,0,0,1,1,3,24,1,0,1,608011156
1,-1,1,2,423,-1,2,0,0,1,2,5,18,1,0,1,608011156
1,-1,1,2,423,60,1,0,0,0,0,5,25,0,0,1,608011156
1,-1,1,2,423,60,1,0,0,1,0,5,24,0,0,1,608011156
1,-1,1,2,423,60,1,0,0,1,2,5,25,0,0,1,608011156
1,-1,1,2,423,90,1,0,0,0,0,5,25,0,0,1,608011156
1,-1,1,2,423,90,1,0,1,1,2,5,25,0,0,1,608011156
1,-1,1,2,423,90,2,0,0,0,2,3,25,1,1,1,608011156
1,-1,1,2,423,180,1,0,0,0,0,157,25,0,0,1,608011156
1,-1,1,2,423,180,1,0,0,0,2,3,25,0,0,1,608011156
1,-1,1,2,423,180,1,0,1,1,2,5,25,0,0,1,608011156
4,-1,1,2,423,365,1,0,0,0,0,5,25,0,0,1,608011156
1,-1,1,2,423,365,1,0,0,0,0,5,55,0,0,1,608011156
1,-1,1,2,423,365,1,0,0,1,0,5,25,0,0,1,608011156
1,-1,1,2,423,365,1,0,0,1,0,56,25,0,0,1,608011156
1,-1,1,2,423,365,1,0,0,1,1,357,25,0,0,1,608011156
1,-1,1,2,423,365,1,0,1,1,0,5,25,0,0,1,608011156
1,-1,1,2,423,365,1,0,1,1,2,5,25,0,0,1,608011156
1,-1,1,2,423,365,1,1,0,0,0,467,55,0,0,1,608011156
1,-1,1,2,423,365,2,0,0,0,1,137,25,1,0,1,608011156
2,-1,1,2,431,-1,1,0,0,0,0,3,25,0,0,1,608011156
1,-1,1,2,431,-1,1,0,0,0,0,5,18,0,0,1,608011156
2,-1,1,2,431,-1,1,0,0,0,0,5,25,0,0,1,608011156
1,-1,1,2,431,-1,1,0,0,0,0,56,55,0,0,1,608011156
1,-1,1,2,431,-1,1,0,0,0,2,56,25,0,0,1,608011156
1,-1,1,2,431,-1,1,0,0,1,0,3,18,0,0,1,608011156
1,-1,1,2,431,-1,1,0,0,1,0,3,55,0,0,1,608011156
1,-1,1,2,431,-1,1,0,0,1,0,5,25,0,0,1,608011156
1,-1,1,2,431,-1,1,0,0,1,0,5,55,0,0,1,608011156
1,-1,1,2,431,-1,1,0,0,1,2,3,25,0,0,1,608011156
1,-1,1,2,431,-1,1,0,0,1,2,5,24,0,0,1,608011156
1,-1,1,2,431,-1,1,0,1,1,0,5,25,0,0,1,608011156
1,-1,1,2,431,-1,1,0,1,1,0,56,25,0,0,1,608011156
1,-1,1,2,431,-1,1,0,1,1,2,5,25,0,0,1,608011156
1,-1,1,2,431,-1,1,0,4,0,2,247,25,0,0,1,608011156
1,-1,1,2,431,-1,1,0,6,1,0,3,25,0,0,1,608011156
1,-1,1,2,431,-1,1,1,0,0,0,5,25,0,0,1,608011156
1,-1,1,2,431,-1,1,1,0,1,2,5,55,0,0,1,608011156
1,-1,1,2,431,-1,2,0,0,0,0,2,25,1,0,1,608011156
1,-1,1,2,431,-1,2,0,0,0,0,3,18,1,0,1,608011156
1,-1,1,2,431,-1,2,0,0,0,0,246,18,1,0,1,608011156
1,-1,1,2,431,-1,2,0,0,0,1,5,25,1,0,1,608011156
1,-1,1,2,431,-1,2,0,0,0,2,3,24,1,1,1,608011156
1,-1,1,2,431,-1,2,0,0,0,2,5,25,1,0,1,608011156
1,-1,1,2,431,-1,2,0,0,1,0,12,25,1,1,1,608011156
1,-1,1,2,431,-1,2,0,0,1,2,167,25,1,0,1,608011156
1,-1,1,2,431,-1,2,0,4,0,1,3,25,1,1,1,608011156
1,-1,1,2,431,547,2,0,0,0,1,3,25,1,0,1,608011156
1,-1,1,2,431,730,1,0,0,0,0,3,55,0,0,1,608011156
1,-1,1,2,433,-1,1,0,0,1,2,3,25,0,0,1,608011156
1,-1,1,2,434,-1,1,0,0,0,0,1,55,0,0,1,608011156
1,-1,1,2,434,-1,1,0,0,0,0,3,25,0,0,1,608011156
1,-1,1,2,434,-1,1,0,0,0,0,5,25,0,0,1,608011156
1,-1,1,2,434,-1,1,0,0,0,0,257,55,0,0,1,608011156
1,-1,1,2,434,-1,1,0,0,1,0,5,25,0,0,1,608011156
1,-1,1,2,434,-1,1,0,0,1,0,5,55,0,0,1,608011156
1,-1,1,2,434,-1,1,0,0,1,1,5,55,0,0,1,608011156
1,-1,1,2,440,-1,1,0,4,0,0,5,25,0,0,1,608011156
1,-1,1,2,440,-1,1,0,4,0,0,45,24,0,0,1,608011156
1,-1,1,2,440,-1,1,1,1,1,0,5,25,0,0,1,608011156
1,-1,1,2,440,-1,2,0,0,0,0,136,25,1,0,1,608011156
1,-1,1,2,440,547,1,0,1,1,0,56,25,0,0,1,608011156
1,-1,1,3,98,-1,1,0,0,1,0,5,25,0,0,2,608011156
1,-1,1,3,98,-1,1,0,0,1,1,5,55,0,0,2,608011156
1,-1,1,3,98,365,1,0,1,1,2,5,24,0,0,2,608011156
1,-1,1,3,99,-1,1,0,0,1,0,3,25,0,0,2,608011156
1,-1,1,3,99,-1,1,0,0,1,0,5,18,0,0,2,608011156
3,-1,1,3,99,-1,1,0,0,1,0,5,25,0,0,2,608011156
1,-1,1,3,99,-1,1,0,0,1,0,127,25,0,0,2,608011156
1,-1,1,3,99,-1,1,0,0,1,2,237,25,0,0,2,608011156
1,-1,1,3,99,-1,1,0,1,1,0,35,18,0,0,2,608011156
1,-1,1,3,99,-1,2,0,0,1,1,5,25,1,0,2,608011156
1,-1,1,3,99,-1,3,0,0,0,0,156,-1,0,0,2,608011156
1,-1,1,3,99,-1,3,0,1,1,0,5,-1,0,0,2,608011156
1,-1,1,3,99,-1,3,0,9,1,0,5,-1,0,0,2,608011156
1,-1,1,3,99,90,1,0,1,1,0,5,55,0,0,2,608011156
1,-1,1,3,99,180,1,0,1,1,0,5,25,0,0,2,608011156
1,-1,1,3,99,365,1,0,0,1,0,5,25,0,0,2,608011156
1,-1,1,3,101,-1,1,0,0,1,0,5,25,0,0,2,608011156
1,-1,1,3,101,-1,3,0,0,0,0,5,-1,0,0,2,608011156
1,-1,1,3,207,-1,3,0,0,1,0,5,-1,0,0,2,608011156
1,-1,1,3,207,-1,3,0,0,1,0,56,-1,0,0,2,608011156
1,-1,1,3,207,-1,3,0,9,1,0,5,-1,0,0,2,608011156
1,-1,1,3,215,-1,3,0,0,1,0,5,-1,0,0,2,608011156
1,-1,1,3,215,-1,3,0,0,1,0,135,-1,0,0,2,608011156
1,-1,1,3,215,-1,3,0,0,1,0,146,-1,0,0,2,608011156
3,-1,1,3,215,-1,3,0,9,1,0,5,-1,0,0,2,608011156
1,-1,1,3,215,-1,3,0,9,1,0,356,-1,0,0,2,608011156
1,-1,1,3,215,30,3,0,0,1,0,7,-1,0,0,2,608011156
1,-1,1,3,215,365,3,0,9,1,0,267,-1,0,0,2,608011156
1,-1,1,3,302,-1,1,0,0,1,0,5,25,0,0,2,608011156
2,-1,1,3,312,-1,1,0,0,1,0,5,25,0,0,2,608011156
2,-1,1,3,313,-1,1,0,0,1,0,5,25,0,0,2,608011156
1,-1,1,3,313,-1,1,0,0,1,0,345,25,0,0,2,608011156
1,-1,1,3,313,-1,1,0,0,1,1,5,25,0,0,2,608011156
1,-1,1,3,313,60,1,1,1,1,1,56,25,0,0,2,608011156
1,-1,1,3,313,365,1,0,0,1,0,5,25,0,0,2,608011156
1,-1,1,3,314,-1,1,0,1,1,0,5,25,0,0,2,608011156
1,-1,1,3,314,-1,3,0,0,1,0,125,-1,0,0,2,608011156
4,-1,1,3,410,-1,1,0,0,1,0,5,25,0,0,2,608011156
1,-1,1,3,410,-1,1,0,0,1,0,5,55,0,0,2,608011156
1,-1,1,3,410,-1,1,0,0,1,0,125,25,0,0,2,608011156
1,-1,1,3,410,-1,1,0,0,1,2,5,25,0,0,2,608011156
1,-1,1,3,410,-1,1,1,0,1,0,3,55,0,0,2,608011156
1,-1,1,3,419,-1,1,1,0,0,0,56,55,0,0,2,608011156
1,-1,1,3,420,-1,1,0,0,1,2,5,25,0,0,2,608011156
1,-1,1,3,420,-1,1,1,0,1,0,5,25,0,0,2,608011156
1,-1,1,3,420,-1,1,1,4,0,0,5,25,0,0,2,608011156
1,-1,1,3,422,-1,1,0,0,1,0,5,18,0,0,2,608011156
2,-1,1,3,422,-1,1,0,0,1,0,5,25,0,0,2,608011156
1,-1,1,3,422,-1,1,0,0,1,0,67,18,0,0,2,608011156
1,-1,1,3,422,-1,1,0,0,1,1,57,18,0,0,2,608011156
2,-1,1,3,422,-1,1,0,0,1,2,5,25,0,0,2,608011156
1,-1,1,3,422,-1,3,0,0,0,0,3,-1,0,0,2,608011156
1,-1,1,3,422,-1,3,0,0,0,0,56,-1,0,0,2,608011156
1,-1,1,3,422,-1,3,0,0,1,0,3,-1,0,0,2,608011156
5,-1,1,3,422,-1,3,0,0,1,0,5,-1,0,0,2,608011156
2,-1,1,3,422,-1,3,0,1,1,0,5,-1,0,0,2,608011156
1,-1,1,3,422,-1,3,0,9,1,0,3,-1,0,0,2,608011156
1,-1,1,3,422,180,3,0,0,1,0,3,-1,0,0,2,608011156
1,-1,1,3,422,180,3,0,0,1,0,5,-1,0,0,2,608011156
1,-1,1,4,410,-1,1,1,1,1,0,5,55,0,0,1,608011156
1,-1,1,4,410,-1,1,1,6,1,0,57,55,0,0,1,608011156
1,-1,1,4,410,180,1,1,1,1,0,3,25,0,0,1,608011156
1,-1,1,4,419,-1,1,1,0,1,0,367,55,0,0,1,608011156
1,-1,1,4,420,-1,1,1,1,1,3,5,25,0,0,1,608011156
1,-1,1,4,434,-1,1,1,0,1,0,3,55,0,0,1,608011156
1,-1,1,5,98,-1,1,0,0,1,2,3,25,0,0,4,608011156
1,-1,1,5,98,-1,2,0,0,1,0,5,24,1,0,4,608011156
1,-1,1,5,99,-1,1,0,0,0,0,7,24,0,0,4,608011156
1,-1,1,5,99,-1,1,0,0,1,0,5,25,0,0,4,608011156
1,-1,1,5,99,-1,1,0,0,1,1,5,18,0,0,4,608011156
1,-1,1,5,99,-1,1,0,0,1,2,5,24,0,0,4,608011156
1,-1,1,5,99,-1,1,0,4,0,0,35,25,0,0,4,608011156
1,-1,1,5,99,-1,1,1,0,1,2,5,55,0,0,4,608011156
1,-1,1,5,99,-1,2,0,0,0,0,5,25,1,1,4,608011156
1,-1,1,5,99,90,1,1,1,1,0,15,55,0,0,4,608011156
1,-1,1,5,101,-1,1,0,0,1,0,5,55,0,0,4,608011156
1,-1,1,5,101,365,1,0,0,0,0,5,25,0,0,4,608011156
1,-1,1,5,101,730,1,0,0,0,0,5,25,0,0,5,608011156
1,-1,1,5,205,-1,1,0,6,1,0,5,25,0,0,4,608011156
1,-1,1,5,207,-1,1,0,0,0,0,167,25,0,0,-1,608011156
1,-1,1,5,207,-1,2,0,4,0,2,3,18,1,0,4,608011156
1,-1,1,5,207,365,1,0,0,1,0,5,25,0,0,4,608011156
1,-1,1,5,312,-1,1,0,0,1,0,5,55,0,0,4,608011156
1,-1,1,5,312,-1,1,0,1,1,0,5,55,0,0,4,608011156
1,-1,1,5,312,-1,1,0,1,1,1,5,25,0,0,4,608011156
1,-1,1,5,312,-1,2,0,0,1,2,5,25,1,0,4,608011156
1,-1,1,5,313,-1,2,0,0,0,2,35,25,1,1,4,608011156
1,-1,1,5,314,-1,1,0,0,0,0,3,25,0,0,4,608011156
1,-1,1,5,314,-1,1,0,6,1,0,5,25,0,0,4,608011156
1,-1,1,5,329,-1,1,0,0,1,0,98,25,0,0,4,608011156
1,-1,1,5,329,-1,2,0,0,0,2,5,25,1,0,4,608011156
1,-1,1,5,410,-1,1,0,0,0,0,1,25,0,0,4,608011156
1,-1,1,5,410,-1,1,0,0,0,0,3,25,0,0,-1,608011156
6,-1,1,5,410,-1,1,0,0,0,0,3,25,0,0,4,608011156
1,-1,1,5,410,-1,1,0,0,0,0,3,55,0,0,4,608011156
4,-1,1,5,410,-1,1,0,0,0,0,5,25,0,0,4,608011156
3,-1,1,5,410,-1,1,0,0,0,0,5,55,0,0,4,608011156
1,-1,1,5,410,-1,1,0,0,0,0,27,25,0,0,-1,608011156
1,-1,1,5,410,-1,1,0,0,0,0,56,24,0,0,-1,608011156
1,-1,1,5,410,-1,1,0,0,0,0,56,25,0,0,4,608011156
1,-1,1,5,410,-1,1,0,0,0,0,125,55,0,0,4,608011156
1,-1,1,5,410,-1,1,0,0,0,0,567,55,0,0,4,608011156
1,-1,1,5,410,-1,1,0,0,0,1,5,25,1,0,-1,608011156
1,-1,1,5,410,-1,1,0,0,0,1,5,25,1,0,4,608011156
1,-1,1,5,410,-1,1,0,0,0,2,3,25,0,0,4,608011156
4,-1,1,5,410,-1,1,0,0,0,2,5,25,0,0,4,608011156
1,-1,1,5,410,-1,1,0,0,0,2,5,55,0,0,4,608011156
2,-1,1,5,410,-1,1,0,0,1,0,3,55,0,0,4,608011156
1,-1,1,5,410,-1,1,0,0,1,0,5,18,0,0,4,608011156
1,-1,1,5,410,-1,1,0,0,1,0,5,24,0,0,4,608011156
2,-1,1,5,410,-1,1,0,0,1,0,5,25,0,0,-1,608011156
9,-1,1,5,410,-1,1,0,0,1,0,5,25,0,0,4,608011156
1,-1,1,5,410,-1,1,0,0,1,0,5,55,0,0,-1,608011156
7,-1,1,5,410,-1,1,0,0,1,0,5,55,0,0,4,608011156
1,-1,1,5,410,-1,1,0,0,1,0,127,25,0,0,4,608011156
1,-1,1,5,410,-1,1,0,0,1,0,127,55,0,0,4,608011156
1,-1,1,5,410,-1,1,0,0,1,0,234,25,0,0,4,608011156
1,-1,1,5,410,-1,1,0,0,1,0,237,25,0,0,4,608011156
1,-1,1,5,410,-1,1,0,0,1,0,346,25,0,0,4,608011156
2,-1,1,5,410,-1,1,0,0,1,1,5,25,0,0,4,608011156
1,-1,1,5,410,-1,1,0,0,1,2,3,25,0,0,4,608011156
1,-1,1,5,410,-1,1,0,0,1,2,3,55,0,0,4,608011156
1,-1,1,5,410,-1,1,0,0,1,2,5,24,0,0,-1,608011156
5,-1,1,5,410,-1,1,0,0,1,2,5,25,0,0,4,608011156
1,-1,1,5,410,-1,1,0,0,1,2,5,55,0,0,4,608011156
1,-1,1,5,410,-1,1,0,0,1,2,13,18,0,0,4,608011156
1,-1,1,5,410,-1,1,0,0,1,2,15,25,0,0,4,608011156
1,-1,1,5,410,-1,1,0,0,1,2,457,25,0,0,4,608011156
1,-1,1,5,410,-1,1,0,1,1,0,3,25,0,0,4,608011156
2,-1,1,5,410,-1,1,0,1,1,0,5,25,0,0,4,608011156
2,-1,1,5,410,-1,1,0,1,1,0,5,55,0,0,4,608011156
1,-1,1,5,410,-1,1,0,1,1,0,34,25,0,0,4,608011156
1,-1,1,5,410,-1,1,0,1,1,1,15,55,0,0,4,608011156
1,-1,1,5,410,-1,1,0,1,1,1,35,25,0,0,4,608011156
1,-1,1,5,410,-1,1,0,1,1,2,4,25,0,0,4,608011156
2,-1,1,5,410,-1,1,0,1,1,2,5,25,0,0,4,608011156
1,-1,1,5,410,-1,1,0,1,1,2,56,25,0,0,4,608011156
1,-1,1,5,410,-1,1,0,4,0,0,3,25,0,0,4,608011156
1,-1,1,5,410,-1,1,0,4,0,0,5,25,0,0,4,608011156
1,-1,1,5,410,-1,1,0,4,0,2,5,25,0,0,4,608011156
1,-1,1,5,410,-1,1,0,4,0,2,56,25,0,0,4,608011156
1,-1,1,5,410,-1,1,0,4,0,2,237,55,0,0,4,608011156
1,-1,1,5,410,-1,1,0,6,1,0,146,25,0,0,4,608011156
1,-1,1,5,410,-1,1,0,6,1,0,257,25,0,0,4,608011156
1,-1,1,5,410,-1,1,0,6,1,0,347,25,0,0,4,608011156
1,-1,1,5,410,-1,1,0,6,1,2,126,25,0,0,4,608011156
1,-1,1,5,410,-1,1,0,6,1,2,246,25,0,0,4,608011156
3,-1,1,5,410,-1,1,0,9,1,0,5,25,0,0,4,608011156
1,-1,1,5,410,-1,1,0,9,1,0,5,25,0,0,5,608011156
1,-1,1,5,410,-1,1,0,9,1,0,5,55,0,0,4,608011156
1,-1,1,5,410,-1,1,0,9,1,0,136,25,0,0,4,608011156
1,-1,1,5,410,-1,1,0,9,1,0,267,55,0,0,4,608011156
1,-1,1,5,410,-1,1,0,9,1,2,1,25,0,0,4,608011156
1,-1,1,5,410,-1,1,0,9,1,2,5,25,0,0,4,608011156
1,-1,1,5,410,-1,1,0,9,1,2,5,55,0,0,4,608011156
1,-1,1,5,410,-1,1,0,9,1,3,56,24,0,0,4,608011156
1,-1,1,5,410,-1,1,1,0,0,0,126,55,0,0,4,608011156
2,-1,1,5,410,-1,1,1,0,1,0,3,55,0,0,4,608011156
2,-1,1,5,410,-1,1,1,0,1,0,5,25,0,0,4,608011156
4,-1,1,5,410,-1,1,1,0,1,0,5,55,0,0,4,608011156
1,-1,1,5,410,-1,1,1,0,1,0,67,55,0,0,4,608011156
1,-1,1,5,410,-1,1,1,0,1,0,347,55,0,0,4,608011156
1,-1,1,5,410,-1,1,1,1,1,0,5,55,0,0,4,608011156
1,-1,1,5,410,-1,1,1,4,0,0,12,55,0,0,4,608011156
2,-1,1,5,410,-1,1,1,9,1,0,3,55,0,0,4,608011156
2,-1,1,5,410,-1,1,1,9,1,0,5,25,0,0,4,608011156
1,-1,1,5,410,-1,1,1,9,1,0,5,55,0,0,4,608011156
1,-1,1,5,410,-1,1,1,9,1,0,56,25,0,0,4,608011156
1,-1,1,5,410,-1,1,1,9,1,2,5,55,0,0,4,608011156
1,-1,1,5,410,-1,2,0,0,0,0,3,25,1,0,-1,608011156
1,-1,1,5,410,-1,2,0,0,0,0,3,25,1,0,4,608011156
1,-1,1,5,410,-1,2,0,0,0,0,3,25,1,1,4,608011156
1,-1,1,5,410,-1,2,0,0,0,0,5,25,1,0,4,608011156
1,-1,1,5,410,-1,2,0,0,0,0,5,25,1,1,-1,608011156
1,-1,1,5,410,-1,2,0,0,0,0,5,25,1,1,4,608011156
1,-1,1,5,410,-1,2,0,0,0,0,36,25,1,0,4,608011156
1,-1,1,5,410,-1,2,0,0,0,0,457,25,1,0,4,608011156
1,-1,1,5,410,-1,2,0,0,0,1,1,25,1,0,4,608011156
1,-1,1,5,410,-1,2,0,0,0,1,3,25,1,0,4,608011156
1,-1,1,5,410,-1,2,0,0,0,1,3,25,1,1,-1,608011156
2,-1,1,5,410,-1,2,0,0,0,1,3,25,1,1,4,608011156
1,-1,1,5,410,-1,2,0,0,0,1,5,25,1,1,4,608011156
1,-1,1,5,410,-1,2,0,0,0,1,35,24,1,0,-1,608011156
1,-1,1,5,410,-1,2,0,0,0,1,56,25,1,1,4,608011156
1,-1,1,5,410,-1,2,0,0,0,2,3,18,1,1,4,608011156
1,-1,1,5,410,-1,2,0,0,0,2,157,25,1,1,4,608011156
1,-1,1,5,410,-1,2,0,0,0,2,257,25,1,1,4,608011156
1,-1,1,5,410,-1,2,0,0,1,0,5,24,1,0,4,608011156
1,-1,1,5,410,-1,2,0,0,1,0,5,25,1,0,4,608011156
1,-1,1,5,410,-1,2,0,0,1,0,5,25,1,1,4,608011156
3,-1,1,5,410,-1,2,0,0,1,1,5,25,1,0,4,608011156
1,-1,1,5,410,-1,2,0,0,1,1,235,25,1,0,4,608011156
1,-1,1,5,410,-1,2,0,0,1,2,1,25,1,1,4,608011156
2,-1,1,5,410,-1,2,0,0,1,2,5,25,1,0,4,608011156
1,-1,1,5,410,-1,2,0,0,1,2,5,25,1,1,4,608011156
1,-1,1,5,410,-1,2,0,0,1,2,13,25,1,0,4,608011156
1,-1,1,5,410,-1,2,0,0,1,2,14,25,1,0,4,608011156
1,-1,1,5,410,-1,2,0,0,1,2,56,25,1,0,4,608011156
1,-1,1,5,410,-1,2,0,4,0,0,4,25,1,0,4,608011156
1,-1,1,5,410,-1,2,0,6,1,0,5,25,1,0,4,608011156
1,-1,1,5,410,-1,2,0,6,1,1,3,25,1,1,4,608011156
1,-1,1,5,410,-1,2,0,6,1,2,127,25,0,0,4,608011156
2,-1,1,5,410,-1,2,0,9,1,0,5,25,1,0,4,608011156
1,-1,1,5,410,-1,2,0,9,1,0,5,25,1,1,4,608011156
1,-1,1,5,410,-1,2,0,9,1,2,5,25,1,0,4,608011156
1,-1,1,5,410,-1,2,0,9,1,2,5,25,1,1,4,608011156
1,-1,1,5,410,-1,2,1,0,0,2,3,24,1,0,4,608011156
1,-1,1,5,410,-1,2,1,1,1,1,256,25,1,0,4,608011156
1,-1,1,5,410,-1,99,0,0,1,2,5,-1,0,0,4,608011156
1,-1,1,5,410,30,1,0,0,1,0,5,25,0,0,4,608011156
1,-1,1,5,410,90,1,0,0,0,2,5,25,0,0,-1,608011156
1,-1,1,5,410,180,1,0,0,1,0,5,25,0,0,-1,608011156
1,-1,1,5,410,180,1,0,1,1,2,124,25,0,0,4,608011156
1,-1,1,5,410,365,1,0,0,1,1,5,25,0,0,4,608011156
1,-1,1,5,410,365,1,0,0,1,1,157,25,0,0,-1,608011156
1,-1,1,5,410,365,1,0,9,1,0,156,25,0,0,4,608011156
1,-1,1,5,410,365,1,1,0,0,0,5,55,0,0,4,608011156
1,-1,1,5,410,365,1,1,0,1,0,5,25,0,0,-1,608011156
1,-1,1,5,410,365,1,1,0,1,0,246,25,0,0,4,608011156
1,-1,1,5,410,365,2,0,0,1,1,3,25,1,1,4,608011156
1,-1,1,5,410,365,2,0,0,1,2,35,25,1,0,4,608011156
1,-1,1,5,410,365,2,0,0,1,2,56,25,1,1,4,608011156
1,-1,1,5,410,547,1,0,0,1,0,5,25,0,0,-1,608011156
1,-1,1,5,410,547,1,0,6,1,2,5,25,0,0,4,608011156
1,-1,1,5,410,547,2,0,0,0,0,5,24,1,0,4,608011156
1,-1,1,5,410,730,1,1,9,1,0,5,55,0,0,4,608011156
1,-1,1,5,411,-1,2,0,0,0,0,13,25,1,1,4,608011156
1,-1,1,5,419,-1,1,1,0,1,0,5,25,1,0,4,608011156
1,-1,1,5,419,-1,1,1,0,1,0,5,55,0,0,4,608011156
1,-1,1,5,419,-1,1,1,4,0,0,3,25,0,0,4,608011156
1,-1,1,5,419,-1,1,1,9,1,0,5,25,0,0,4,608011156
1,-1,1,5,419,-1,1,1,9,1,0,5,55,0,0,4,608011156
1,-1,1,5,419,-1,2,1,0,1,1,5,25,1,0,4,608011156
1,-1,1,5,419,-1,2,1,1,1,0,5,25,0,0,4,608011156
1,-1,1,5,420,-1,1,0,0,0,0,3,25,0,0,4,608011156
1,-1,1,5,420,-1,1,0,0,0,0,5,25,0,0,4,608011156
1,-1,1,5,420,-1,1,0,0,0,1,5,25,0,0,4,608011156
2,-1,1,5,420,-1,1,0,0,0,2,5,25,0,0,4,608011156
2,-1,1,5,420,-1,1,0,0,1,0,5,25,0,0,4,608011156
1,-1,1,5,420,-1,1,0,0,1,0,5,55,0,0,4,608011156
1,-1,1,5,420,-1,1,0,0,1,1,5,25,0,0,4,608011156
1,-1,1,5,420,-1,1,0,1,1,0,5,55,0,0,4,608011156
1,-1,1,5,420,-1,1,0,4,0,0,5,25,0,0,4,608011156
1,-1,1,5,420,-1,1,0,6,1,0,5,55,0,0,4,608011156
1,-1,1,5,420,-1,1,0,9,1,0,5,55,0,0,4,608011156
1,-1,1,5,420,-1,1,1,0,1,0,5,55,0,0,-1,608011156
1,-1,1,5,420,-1,1,1,0,1,0,6,55,0,0,4,608011156
1,-1,1,5,420,-1,1,1,0,1,0,456,55,0,0,4,608011156
1,-1,1,5,420,-1,2,0,0,0,0,4,18,1,0,4,608011156
3,-1,1,5,420,-1,2,0,0,0,0,5,25,1,0,4,608011156
1,-1,1,5,420,-1,2,0,0,0,2,5,25,1,0,4,608011156
1,-1,1,5,420,-1,2,0,0,0,3,3,25,1,1,4,608011156
1,-1,1,5,420,-1,2,0,0,1,1,5,25,1,0,4,608011156
1,-1,1,5,420,-1,2,0,0,1,2,5,25,1,1,4,608011156
1,-1,1,5,420,365,2,0,0,1,1,5,25,1,0,4,608011156
1,-1,1,5,422,-1,1,0,0,1,0,3,25,0,0,4,608011156
1,-1,1,5,422,-1,1,0,0,1,2,5,55,0,0,4,608011156
1,-1,1,5,422,-1,1,0,1,1,0,5,25,0,0,4,608011156
1,-1,1,5,422,-1,1,0,1,1,0,5,55,0,0,4,608011156
1,-1,1,5,422,-1,1,0,1,1,0,36,18,0,0,4,608011156
1,-1,1,5,422,-1,1,0,1,1,1,3,55,0,0,4,608011156
1,-1,1,5,422,-1,1,0,9,1,0,5,18,0,0,4,608011156
1,-1,1,5,422,-1,2,0,0,0,1,3,25,1,0,4,608011156
1,-1,1,5,422,-1,2,0,0,1,2,5,25,1,0,4,608011156
1,-1,1,5,422,-1,2,1,4,0,0,3,25,1,0,4,608011156
1,-1,1,5,423,-1,1,0,0,0,0,5,25,0,0,4,608011156
1,-1,1,5,423,-1,1,0,0,1,0,3,55,0,0,4,608011156
1,-1,1,5,423,-1,1,0,0,1,0,5,18,0,0,4,608011156
1,-1,1,5,423,-1,1,0,0,1,2,5,24,0,0,4,608011156
1,-1,1,5,423,-1,1,0,0,1,2,5,25,0,0,-1,608011156
1,-1,1,5,423,-1,1,0,1,1,1,234,24,0,0,4,608011156
1,-1,1,5,423,-1,1,0,1,1,2,5,25,0,0,4,608011156
1,-1,1,5,423,-1,1,0,9,1,0,5,25,0,0,4,608011156
1,-1,1,5,423,-1,1,1,0,1,0,5,55,0,0,4,608011156
1,-1,1,5,423,-1,1,1,5,1,0,3,55,0,0,4,608011156
1,-1,1,5,423,180,1,0,1,1,2,34,25,0,0,4,608011156
1,-1,1,5,428,-1,1,1,0,1,1,5,55,0,0,4,608011156
1,-1,1,5,431,-1,1,0,0,0,0,257,25,1,0,4,608011156
1,-1,1,5,431,-1,1,0,0,1,0,3,25,0,0,-1,608011156
1,-1,1,5,431,-1,1,0,0,1,0,5,24,0,0,4,608011156
1,-1,1,5,431,-1,1,0,0,1,0,5,25,0,0,4,608011156
2,-1,1,5,431,-1,1,0,0,1,0,5,55,0,0,4,608011156
1,-1,1,5,431,-1,1,0,0,1,1,5,25,0,0,4,608011156
1,-1,1,5,431,-1,1,0,0,1,2,5,25,0,0,4,608011156
1,-1,1,5,431,-1,1,0,4,0,1,247,25,0,0,4,608011156
1,-1,1,5,431,-1,1,0,9,1,1,5,25,0,0,4,608011156
1,-1,1,5,431,-1,1,1,0,1,0,3,55,0,0,4,608011156
1,-1,1,5,431,-1,1,1,9,1,0,16,55,0,0,4,608011156
1,-1,1,5,431,-1,2,0,0,1,2,3,25,1,0,-1,608011156
1,-1,1,5,431,-1,2,0,0,1,2,5,25,1,0,4,608011156
1,-1,1,5,431,-1,2,0,0,1,3,5,25,1,0,4,608011156
1,-1,1,5,431,-1,2,0,9,1,2,56,25,1,0,4,608011156
1,-1,1,5,431,-1,99,0,0,1,2,5,-1,1,0,4,608011156
1,-1,1,5,433,-1,1,0,0,0,0,5,25,0,0,-1,608011156
1,-1,1,5,433,-1,1,0,0,1,0,3,25,0,0,-1,608011156
1,-1,1,5,433,-1,1,0,0,1,0,3,55,0,0,4,608011156
1,-1,1,5,433,-1,1,0,0,1,2,5,25,0,0,-1,608011156
1,-1,1,5,433,-1,1,0,1,1,0,5,55,0,0,4,608011156
1,-1,1,5,433,-1,1,1,9,1,0,5,55,0,0,4,608011156
1,-1,1,5,433,-1,2,0,0,0,1,15,25,1,1,4,608011156
1,-1,1,5,433,-1,2,0,0,1,2,367,25,1,0,-1,608011156
1,-1,1,5,434,-1,1,0,0,0,0,3,25,0,0,4,608011156
1,-1,1,5,434,-1,1,0,0,0,2,3,18,0,0,-1,608011156
1,-1,1,5,434,-1,1,0,0,1,0,5,25,0,0,4,608011156
1,-1,1,5,434,-1,1,0,0,1,0,5,55,0,0,4,608011156
1,-1,1,5,434,-1,1,0,0,1,0,256,55,0,0,-1,608011156
1,-1,1,5,434,-1,1,0,0,1,2,3,25,0,0,4,608011156
1,-1,1,5,434,-1,1,0,0,1,2,56,55,0,0,4,608011156
1,-1,1,5,434,-1,1,0,6,1,0,5,55,0,0,4,608011156
1,-1,1,5,434,-1,1,0,9,1,0,56,24,0,0,4,608011156
1,-1,1,5,434,-1,1,0,9,1,2,5,25,0,0,4,608011156
1,-1,1,5,434,-1,2,0,0,0,0,3,25,1,0,4,608011156
1,-1,1,5,440,-1,1,0,0,0,0,5,25,0,0,4,608011156
1,-1,1,5,440,-1,1,0,0,0,1,5,25,0,0,4,608011156
1,-1,1,5,440,-1,1,0,4,0,0,5,55,0,0,5,608011156
1,-1,1,5,440,-1,1,0,4,0,1,5,25,0,0,4,608011156
1,-1,1,5,440,-1,1,0,4,0,2,5,25,0,0,4,608011156
1,-1,1,5,440,-1,1,0,6,1,0,35,25,0,0,4,608011156
2,-1,1,5,440,-1,1,0,9,0,0,5,25,0,0,4,608011156
1,-1,1,5,440,-1,2,0,0,0,1,5,25,1,0,4,608011156
1,-1,1,5,440,-1,2,0,0,1,0,5,25,1,0,4,608011156
1,-1,1,5,440,-1,2,0,9,0,0,236,25,1,0,4,608011156
1,-1,1,5,440,60,1,0,1,1,1,46,25,0,0,4,608011156
1,-1,1,5,440,60,1,0,9,1,0,5,25,1,0,4,608011156
1,-1,1,5,440,180,1,0,0,1,0,5,55,0,0,4,608011156
1,-1,1,6,24,-1,1,1,0,1,0,5,55,0,0,-1,608011156
1,-1,1,6,24,-1,1,1,9,1,0,5,55,0,0,-1,608011156
1,-1,1,6,98,547,1,1,1,1,0,5,25,0,0,8,608011156
1,-1,1,6,207,-1,1,1,0,1,0,5,55,0,0,-1,608011156
1,-1,1,6,207,-1,1,1,0,1,0,36,25,0,0,-1,608011156
1,-1,1,6,225,-1,1,1,0,0,0,246,55,0,0,-1,608011156
1,-1,1,6,312,-1,2,1,0,1,2,1,25,1,0,-1,608011156
1,-1,1,6,410,-1,1,1,0,1,0,5,25,0,0,-1,608011156
1,-1,1,6,410,-1,1,1,0,1,0,5,25,1,0,-1,608011156
1,-1,1,6,419,-1,1,1,0,1,0,5,55,0,0,-1,608011156
1,-1,1,6,423,-1,1,1,0,1,0,5,25,0,0,-1,608011156
1,-1,1,7,24,-1,1,1,9,1,0,5,55,0,0,4,608011156
1,-1,1,7,98,-1,1,0,0,0,0,5,18,0,0,4,608011156
1,-1,1,7,98,-1,1,0,0,1,2,5,25,0,0,4,608011156
2,-1,1,7,98,-1,1,0,4,0,0,5,25,0,0,4,608011156
1,-1,1,7,99,-1,1,0,0,0,0,5,25,0,0,4,608011156
1,-1,1,7,99,-1,1,0,0,0,1,3,18,0,0,4,608011156
1,-1,1,7,99,-1,1,0,0,0,2,3,25,0,0,4,608011156
1,-1,1,7,99,-1,1,0,0,1,0,3,18,0,0,4,608011156
1,-1,1,7,99,-1,1,0,1,1,2,5,25,0,0,4,608011156
1,-1,1,7,99,-1,1,0,4,0,0,5,25,0,0,4,608011156
1,-1,1,7,99,-1,1,0,4,0,2,5,25,0,0,4,608011156
1,-1,1,7,99,-1,1,1,0,1,0,5,25,1,0,4,608011156
3,-1,1,7,99,-1,1,1,1,1,0,5,55,0,0,4,608011156
1,-1,1,7,99,-1,1,1,1,1,0,25,25,0,0,4,608011156
1,-1,1,7,99,-1,1,1,4,0,0,3,55,0,0,4,608011156
1,-1,1,7,99,-1,2,0,0,0,0,5,25,1,0,4,608011156
1,-1,1,7,99,-1,2,0,0,0,0,5,25,1,1,4,608011156
1,-1,1,7,99,-1,2,0,0,0,0,15,25,1,0,4,608011156
1,-1,1,7,99,-1,2,0,0,1,1,157,25,1,1,4,608011156
1,-1,1,7,99,-1,2,0,0,1,2,3,25,1,0,4,608011156
1,-1,1,7,99,60,1,0,1,1,0,123,25,0,0,5,608011156
1,-1,1,7,99,90,1,0,0,0,0,5,25,0,0,4,608011156
1,-1,1,7,99,180,1,0,0,1,1,5,25,0,0,4,608011156
1,-1,1,7,99,180,1,0,4,0,0,5,25,0,0,4,608011156
1,-1,1,7,99,180,2,0,0,0,0,5,25,1,0,4,608011156
1,-1,1,7,99,365,1,0,4,0,0,5,25,0,0,4,608011156
1,-1,1,7,99,365,1,1,0,1,0,5,25,0,0,4,608011156
1,-1,1,7,99,365,1,1,1,1,0,5,55,0,0,5,608011156
1,-1,1,7,99,365,2,0,1,1,2,3,25,1,0,4,608011156
1,-1,1,7,101,-1,1,0,1,1,0,5,25,0,0,4,608011156
1,-1,1,7,101,547,1,0,4,0,0,5,25,0,0,4,608011156
1,-1,1,7,116,-1,1,0,0,1,0,5,25,0,0,4,608011156
1,-1,1,7,116,-1,1,0,1,1,0,5,25,0,0,4,608011156
1,-1,1,7,116,-1,1,0,1,1,0,5,55,0,0,4,608011156
2,-1,1,7,116,-1,2,0,0,0,0,5,25,1,0,4,608011156
1,-1,1,7,116,90,1,0,1,1,2,5,25,0,0,5,608011156
1,-1,1,7,204,-1,1,0,0,1,0,5,25,0,0,4,608011156
1,-1,1,7,204,-1,1,1,4,0,0,5,55,0,0,4,608011156
1,-1,1,7,204,90,1,0,1,1,1,56,25,0,0,5,608011156
1,-1,1,7,205,-1,1,0,0,1,2,5,25,0,0,4,608011156
1,-1,1,7,206,-1,1,1,9,1,0,3,55,0,0,4,608011156
1,-1,1,7,207,-1,1,0,0,0,0,3,25,0,0,4,608011156
1,-1,1,7,207,-1,1,0,0,1,0,5,25,0,0,4,608011156
2,-1,1,7,207,-1,1,0,1,1,0,5,25,0,0,4,608011156
1,-1,1,7,207,-1,1,0,9,1,0,5,25,0,0,4,608011156
1,-1,1,7,207,-1,1,1,0,1,2,5,25,0,0,4,608011156
1,-1,1,7,225,-1,1,0,6,1,0,5,55,0,0,5,608011156
1,-1,1,7,225,-1,1,1,9,1,0,5,55,0,0,4,608011156
1,-1,1,7,302,-1,1,0,1,1,2,5,25,0,0,4,608011156
1,-1,1,7,312,180,2,0,1,1,2,5,25,1,0,4,608011156
1,-1,1,7,313,-1,1,0,0,0,2,3,25,0,0,4,608011156
1,-1,1,7,313,-1,1,0,1,1,2,5,25,0,0,4,608011156
1,-1,1,7,314,-1,1,0,1,1,0,5,55,0,0,4,608011156
1,-1,1,7,314,-1,1,0,4,0,0,5,25,0,0,4,608011156
1,-1,1,7,314,-1,1,0,6,1,0,3,25,0,0,4,608011156
1,-1,1,7,314,-1,2,0,0,0,0,5,18,1,0,4,608011156
1,-1,1,7,410,-1,1,0,0,0,0,5,25,0,0,4,608011156
1,-1,1,7,410,-1,1,0,0,0,0,56,25,0,0,4,608011156
1,-1,1,7,410,-1,1,0,0,1,0,5,25,0,0,4,608011156
1,-1,1,7,410,-1,1,0,9,1,0,5,25,0,0,4,608011156
1,-1,1,7,410,-1,1,1,0,0,0,5,55,0,0,4,608011156
1,-1,1,7,410,-1,2,0,0,0,0,5,25,1,0,4,608011156
1,-1,1,7,419,365,1,1,1,1,0,56,55,0,0,4,608011156
1,-1,1,7,420,180,1,1,0,1,0,5,55,0,0,4,608011156
1,-1,1,7,423,-1,1,0,0,0,0,3,18,0,0,4,608011156
1,-1,1,7,423,-1,1,0,0,0,0,3,25,0,0,4,608011156
1,-1,1,7,423,-1,1,0,9,0,0,16,25,0,0,4,608011156
1,-1,1,7,431,-1,1,0,1,1,0,3,55,0,0,4,608011156
1,-1,1,7,434,-1,1,1,0,1,0,5,55,0,0,4,608011156
1,-1,1,7,434,365,2,1,0,0,0,5,25,1,0,4,608011156
1,-1,1,7,440,-1,1,0,0,1,2,3,25,0,0,4,608011156
1,-1,1,7,440,-1,1,0,1,1,0,5,25,0,0,4,608011156
1,-1,1,7,440,90,1,0,9,0,0,5,25,0,0,4,608011156
1,-1,1,8,99,-1,1,1,1,1,0,5,25,0,0,8,608011156
1,-1,1,8,101,-1,1,1,1,1,0,5,55,0,0,8,608011156
2,-1,1,9,410,-1,1,0,0,0,0,5,25,0,0,12,608011156
1,-1,1,9,410,-1,1,0,0,0,0,5,55,0,0,12,608011156
1,-1,1,9,410,-1,1,0,9,1,0,5,25,0,0,12,608011156
1,-1,1,9,410,-1,1,0,9,1,0,56,25,0,0,12,608011156
1,-1,1,9,410,-1,2,0,0,0,0,3,25,1,1,12,608011156
1,-1,1,9,410,-1,2,0,0,0,0,56,25,1,1,12,608011156
1,-1,1,9,420,-1,1,0,0,0,2,5,55,0,0,12,608011156
1,-1,1,9,420,-1,1,0,0,1,2,467,25,0,0,12,608011156
1,-1,1,9,420,-1,1,0,9,1,0,5,25,0,0,12,608011156
1,-1,1,9,420,547,1,0,0,0,1,5,55,0,0,12,608011156
1,-1,2,2,98,-1,1,0,0,0,1,3,25,0,0,1,608011156
1,-1,2,2,98,-1,1,0,1,1,0,5,25,0,0,1,608011156
1,-1,2,2,98,-1,1,0,1,1,2,3,25,0,0,1,608011156
1,-1,2,2,98,-1,1,0,1,1,2,5,25,0,0,1,608011156
1,-1,2,2,98,90,1,0,1,1,0,5,55,0,0,1,608011156
1,-1,2,2,99,-1,1,0,0,1,0,7,25,0,0,1,608011156
1,-1,2,2,99,-1,1,0,0,1,0,13,55,0,0,1,608011156
1,-1,2,2,99,-1,1,0,0,1,1,347,25,0,0,1,608011156
1,-1,2,2,99,-1,1,0,0,1,2,3,25,0,0,1,608011156
1,-1,2,2,99,-1,1,0,1,1,0,3,24,0,0,1,608011156
1,-1,2,2,99,-1,2,0,0,0,0,3,25,1,0,1,608011156
1,-1,2,2,99,-1,2,0,0,0,2,5,25,1,0,1,608011156
1,-1,2,2,99,30,1,0,1,1,0,3,25,0,0,1,608011156
1,-1,2,2,99,30,1,0,9,1,0,3,25,0,0,1,608011156
1,-1,2,2,99,180,1,0,1,1,1,35,25,0,0,1,608011156
1,-1,2,2,99,365,1,0,0,0,2,3,25,0,0,1,608011156
1,-1,2,2,99,365,1,0,0,1,0,5,25,0,0,1,608011156
1,-1,2,2,99,365,1,0,1,1,2,5,25,0,0,1,608011156
1,-1,2,2,99,365,1,0,4,0,0,5,25,0,0,1,608011156
1,-1,2,2,101,-1,1,0,0,1,2,3,25,0,0,1,608011156
1,-1,2,2,101,547,1,0,0,1,2,3,25,0,0,1,608011156
1,-1,2,2,204,-1,1,0,0,1,0,1,25,0,0,1,608011156
1,-1,2,2,204,-1,1,0,0,1,0,5,55,0,0,1,608011156
1,-1,2,2,204,-1,1,0,1,1,0,5,25,0,0,1,608011156
1,-1,2,2,205,-1,1,0,1,1,2,5,25,0,0,1,608011156
1,-1,2,2,206,-1,1,0,0,1,0,5,25,0,0,1,608011156
1,-1,2,2,207,-1,1,0,1,1,0,5,25,0,0,1,608011156
1,-1,2,2,302,-1,1,0,9,1,0,5,55,0,0,1,608011156
1,-1,2,2,302,180,1,1,0,1,0,5,55,0,0,1,608011156
1,-1,2,2,312,-1,1,0,0,0,2,146,25,0,0,1,608011156
1,-1,2,2,312,180,1,0,0,0,0,5,25,0,0,1,608011156
1,-1,2,2,312,365,1,0,1,1,0,5,25,0,0,1,608011156
1,-1,2,2,312,547,1,0,0,1,2,56,18,0,0,1,608011156
1,-1,2,2,312,547,2,0,0,0,1,157,25,1,1,1,608011156
1,-1,2,2,313,-1,1,0,0,0,0,5,25,0,0,1,608011156
1,-1,2,2,313,-1,1,0,0,1,0,5,25,0,0,1,608011156
1,-1,2,2,313,-1,1,0,0,1,2,5,25,0,0,1,608011156
1,-1,2,2,313,-1,1,0,1,1,0,3,25,0,0,1,608011156
1,-1,2,2,313,365,1,0,0,1,1,5,25,0,0,1,608011156
1,-1,2,2,313,547,1,0,1,1,1,26,25,0,0,1,608011156
1,-1,2,2,314,-1,1,0,1,1,2,1,25,0,0,1,608011156
1,-1,2,2,314,-1,2,0,0,0,0,5,25,1,0,1,608011156
1,-1,2,2,314,-1,2,0,0,1,0,47,25,1,0,1,608011156
1,-1,2,2,314,60,1,0,0,1,0,5,25,0,0,1,608011156
1,-1,2,2,314,90,1,0,2,1,0,3,25,0,0,1,608011156
1,-1,2,2,314,180,1,0,0,0,0,3,25,0,0,1,608011156
1,-1,2,2,410,-1,1,0,2,1,2,5,25,0,0,1,608011156
1,-1,2,2,410,-1,1,0,4,0,0,5,55,0,0,1,608011156
1,-1,2,2,410,-1,2,0,0,0,0,3,25,1,0,1,608011156
1,-1,2,2,410,-1,2,0,0,0,2,147,25,1,0,1,608011156
1,-1,2,2,410,-1,2,0,5,1,0,5,25,1,1,1,608011156
1,-1,2,2,410,90,1,0,0,0,0,5,55,0,0,1,608011156
1,-1,2,2,410,365,1,0,0,0,0,5,55,0,0,1,608011156
1,-1,2,2,410,730,1,0,0,1,0,3,55,0,0,1,608011156
1,-1,2,2,420,-1,1,0,0,1,0,5,55,0,0,1,608011156
1,-1,2,2,420,-1,2,0,0,0,1,3,18,1,0,1,608011156
1,-1,2,2,420,-1,2,0,2,1,0,3,25,1,1,1,608011156
1,-1,2,2,422,-1,1,0,0,0,0,35,18,0,0,1,608011156
1,-1,2,2,422,-1,1,0,0,1,0,127,25,0,0,1,608011156
1,-1,2,2,422,180,1,0,0,0,0,56,24,0,0,1,608011156
1,-1,2,2,422,180,1,0,0,1,0,56,25,0,0,1,608011156
1,-1,2,2,422,365,1,0,1,1,2,5,25,0,0,1,608011156
1,-1,2,2,423,-1,1,0,0,0,0,5,25,0,0,1,608011156
1,-1,2,2,423,-1,1,0,0,1,0,3,25,0,0,1,608011156
1,-1,2,2,423,-1,1,0,0,1,0,56,25,0,0,1,608011156
1,-1,2,2,423,-1,1,0,4,0,0,5,25,0,0,1,608011156
1,-1,2,2,423,60,1,0,0,1,0,5,25,0,0,1,608011156
1,-1,2,2,423,60,1,0,0,1,1,5,25,0,0,1,608011156
1,-1,2,2,423,180,1,0,0,0,2,5,55,0,0,1,608011156
1,-1,2,2,423,180,1,0,1,1,2,5,25,0,0,1,608011156
1,-1,2,3,419,180,1,1,2,1,0,5,55,0,0,2,608011156
1,-1,2,5,116,547,1,0,0,1,1,3,25,0,0,4,608011156
1,-1,2,5,410,-1,1,0,0,1,0,236,25,0,0,4,608011156
1,-1,2,5,410,-1,1,0,4,0,0,3,25,0,0,4,608011156
1,-1,2,5,410,-1,2,0,0,0,0,3,25,1,0,4,608011156
1,-1,2,5,410,-1,2,0,0,0,0,3,25,1,1,-1,608011156
1,-1,2,5,410,-1,2,0,0,1,2,3,25,1,1,4,608011156
1,-1,2,5,423,-1,1,0,2,1,2,3,25,0,0,4,608011156
1,-1,2,5,423,180,1,0,4,0,2,457,25,0,0,4,608011156
1,-1,2,5,433,-1,1,0,0,1,0,3,55,0,0,4,608011156
1,-1,2,5,433,-1,1,0,1,1,0,5,25,0,0,4,608011156
1,-1,2,5,440,-1,1,0,1,1,0,137,55,0,0,5,608011156
1,-1,2,7,98,-1,1,0,0,1,2,5,25,0,0,4,608011156
1,-1,2,7,99,-1,2,0,0,0,2,3,25,1,1,4,608011156
1,-1,2,7,101,365,1,1,9,1,1,5,25,0,0,4,608011156
1,-1,2,7,116,-1,1,0,1,1,0,5,55,0,0,4,608011156
1,-1,2,7,207,-1,1,0,0,0,0,5,25,0,0,4,608011156
1,-1,3,2,98,365,1,0,1,1,0,5,55,0,0,1,608011156
1,-1,3,2,98,547,1,0,0,0,0,5,25,0,0,1,608011156
1,-1,3,2,99,-1,1,0,0,0,0,3,55,0,0,1,608011156
3,-1,3,2,99,-1,1,0,0,0,0,5,25,0,0,1,608011156
1,-1,3,2,99,-1,1,0,0,1,0,5,55,0,0,1,608011156
1,-1,3,2,99,-1,1,0,0,1,2,5,55,0,0,1,608011156
1,-1,3,2,99,-1,1,0,0,1,2,347,25,0,0,1,608011156
1,-1,3,2,99,-1,1,0,1,1,0,5,18,0,0,1,608011156
1,-1,3,2,99,-1,1,0,1,1,0,5,25,0,0,1,608011156
1,-1,3,2,99,-1,1,0,1,1,0,56,18,0,0,1,608011156
1,-1,3,2,99,-1,1,0,1,1,0,135,55,0,0,1,608011156
1,-1,3,2,99,-1,1,0,1,1,2,467,25,0,0,1,608011156
2,-1,3,2,99,-1,1,0,4,0,0,5,25,0,0,1,608011156
1,-1,3,2,99,-1,1,0,9,1,0,5,25,0,0,1,608011156
1,-1,3,2,99,-1,2,0,0,1,2,3,25,1,0,1,608011156
1,-1,3,2,99,-1,2,0,1,1,0,35,25,1,0,1,608011156
1,-1,3,2,99,30,1,0,1,1,0,23,55,0,0,1,608011156
1,-1,3,2,99,30,2,0,0,1,1,5,25,1,0,1,608011156
1,-1,3,2,99,60,1,0,4,0,0,5,25,0,0,1,608011156
1,-1,3,2,99,180,1,0,0,1,0,3,25,0,0,1,608011156
1,-1,3,2,99,365,1,0,0,1,0,5,25,0,0,1,608011156
1,-1,3,2,99,365,1,0,1,1,0,37,55,0,0,1,608011156
1,-1,3,2,99,365,1,0,1,1,1,5,25,0,0,1,608011156
1,-1,3,2,99,365,1,0,4,0,0,5,55,0,0,1,608011156
1,-1,3,2,99,547,1,0,1,1,1,1,25,0,0,1,608011156
1,-1,3,2,101,-1,2,0,0,0,0,3,25,1,1,1,608011156
1,-1,3,2,116,-1,1,0,1,1,0,5,25,0,0,1,608011156
1,-1,3,2,116,-1,1,0,2,1,0,1,25,0,0,1,608011156
1,-1,3,2,116,-1,1,0,4,0,0,5,25,0,0,1,608011156
1,-1,3,2,116,-1,1,1,1,1,0,35,25,0,0,1,608011156
1,-1,3,2,116,30,1,0,0,0,0,247,25,0,0,1,608011156
1,-1,3,2,116,365,1,0,1,1,0,35,55,0,0,1,608011156
1,-1,3,2,204,-1,1,0,0,0,0,5,25,0,0,1,608011156
1,-1,3,2,206,-1,1,1,0,1,0,5,55,0,0,1,608011156
1,-1,3,2,225,60,1,0,0,1,0,12,55,0,0,1,608011156
1,-1,3,2,302,-1,2,0,0,0,0,3,25,1,0,1,608011156
1,-1,3,2,302,180,1,1,1,1,1,5,25,0,0,1,608011156
1,-1,3,2,312,-1,1,0,1,1,0,3,25,0,0,1,608011156
1,-1,3,2,312,-1,2,0,1,1,1,15,25,1,0,1,608011156
1,-1,3,2,312,180,1,0,0,1,0,3,25,0,0,1,608011156
1,-1,3,2,312,365,1,0,0,0,0,3,24,0,0,1,608011156
1,-1,3,2,312,365,1,0,0,1,0,15,18,0,0,1,608011156
1,-1,3,2,312,547,1,0,0,1,0,5,25,0,0,1,608011156
1,-1,3,2,313,-1,1,0,0,0,0,3,25,0,0,1,608011156
1,-1,3,2,313,-1,1,0,0,0,0,4,25,0,0,1,608011156
1,-1,3,2,313,-1,1,0,0,1,0,5,18,0,0,1,608011156
1,-1,3,2,313,-1,1,0,1,1,0,5,25,0,0,1,608011156
1,-1,3,2,313,-1,1,0,1,1,0,247,25,0,0,1,608011156
1,-1,3,2,313,-1,1,0,4,0,0,5,55,0,0,1,608011156
1,-1,3,2,313,-1,1,0,9,1,0,5,55,0,0,1,608011156
1,-1,3,2,313,-1,1,1,1,1,0,5,55,0,0,1,608011156
1,-1,3,2,313,180,1,0,0,1,0,5,25,0,0,1,608011156
1,-1,3,2,313,180,1,0,1,1,0,3,24,0,0,1,608011156
1,-1,3,2,313,365,1,0,0,0,0,56,25,0,0,1,608011156
1,-1,3,2,313,365,1,0,0,1,2,5,25,0,0,1,608011156
3,-1,3,2,313,365,1,0,1,1,0,5,25,0,0,1,608011156
1,-1,3,2,313,365,1,0,1,1,0,146,25,0,0,1,608011156
1,-1,3,2,313,365,1,0,1,1,0,247,25,0,0,1,608011156
1,-1,3,2,313,547,1,0,0,1,1,5,25,0,0,1,608011156
1,-1,3,2,314,-1,1,0,0,1,0,345,25,0,0,1,608011156
1,-1,3,2,314,-1,1,0,0,1,0,467,25,0,0,1,608011156
1,-1,3,2,314,365,1,0,4,0,0,5,25,0,0,1,608011156
1,-1,3,2,410,-1,1,0,0,1,0,5,25,0,0,1,608011156
1,-1,3,2,410,-1,1,0,0,1,0,5,55,0,0,1,608011156
1,-1,3,2,410,-1,1,0,0,1,0,146,55,0,0,1,608011156
1,-1,3,2,410,-1,1,0,0,1,1,5,25,0,0,1,608011156
1,-1,3,2,410,-1,1,0,1,1,1,15,25,0,0,1,608011156
1,-1,3,2,410,-1,1,0,1,1,2,5,25,0,0,1,608011156
1,-1,3,2,410,-1,1,0,6,1,2,5,25,0,0,1,608011156
1,-1,3,2,410,-1,2,0,0,0,0,3,18,1,0,1,608011156
1,-1,3,2,410,-1,2,0,0,0,2,36,25,1,0,1,608011156
1,-1,3,2,410,-1,2,0,4,0,1,3,25,1,0,1,608011156
1,-1,3,2,410,60,1,0,1,1,0,5,25,0,0,1,608011156
1,-1,3,2,410,60,1,0,4,0,0,3,25,0,0,1,608011156
1,-1,3,2,410,90,1,0,0,1,0,5,25,0,0,1,608011156
1,-1,3,2,410,180,1,1,0,0,0,3,55,0,0,1,608011156
1,-1,3,2,410,365,1,0,4,0,0,5,25,0,0,1,608011156
1,-1,3,2,410,547,1,0,1,1,0,5,25,0,0,1,608011156
1,-1,3,2,420,-1,1,0,0,0,0,5,25,0,0,1,608011156
1,-1,3,2,420,-1,1,0,2,1,0,5,55,0,0,1,608011156
1,-1,3,2,420,-1,1,0,6,1,0,5,55,0,0,1,608011156
1,-1,3,2,420,365,1,0,0,0,0,3,55,0,0,1,608011156
1,-1,3,2,422,-1,1,0,0,0,0,3,25,0,0,1,608011156
1,-1,3,2,422,-1,1,0,0,0,2,17,25,0,0,1,608011156
1,-1,3,2,422,-1,1,0,0,1,0,3,55,0,0,1,608011156
1,-1,3,2,422,-1,1,0,0,1,0,13,55,0,0,1,608011156
1,-1,3,2,422,-1,1,0,0,1,0,237,18,0,0,1,608011156
1,-1,3,2,422,-1,1,0,0,1,1,5,25,0,0,1,608011156
1,-1,3,2,422,-1,1,0,1,1,0,6,55,0,0,1,608011156
1,-1,3,2,422,60,1,0,0,0,2,56,55,0,0,1,608011156
1,-1,3,2,422,180,1,0,0,1,0,25,25,0,0,1,608011156
1,-1,3,2,422,180,1,0,6,1,0,3,25,0,0,1,608011156
1,-1,3,2,423,-1,1,0,1,1,2,3,25,0,0,1,608011156
1,-1,3,2,423,-1,1,0,4,0,0,26,25,0,0,1,608011156
1,-1,3,2,423,-1,1,0,4,0,0,47,55,0,0,1,608011156
1,-1,3,2,423,-1,1,0,6,1,1,5,24,0,0,1,608011156
1,-1,3,2,423,30,1,0,0,0,0,37,25,0,0,1,608011156
1,-1,3,2,423,60,1,0,0,0,0,3,25,0,0,1,608011156
1,-1,3,2,423,180,1,0,1,1,2,5,25,0,0,1,608011156
1,-1,3,2,423,365,1,0,1,1,0,5,25,0,0,1,608011156
1,-1,3,2,423,547,1,0,0,0,0,56,25,0,0,1,608011156
1,-1,3,2,431,-1,2,0,0,1,2,456,25,1,0,1,608011156
1,-1,3,2,434,-1,1,0,1,1,0,5,55,0,0,1,608011156
1,-1,3,2,434,-1,1,0,2,1,0,567,25,0,0,1,608011156
1,-1,3,2,440,-1,1,0,1,1,0,3,25,0,0,1,608011156
1,-1,3,2,440,-1,1,0,1,1,0,5,55,0,0,1,608011156
1,-1,3,3,101,-1,3,0,0,1,0,5,-1,0,0,2,608011156
1,-1,3,3,422,-1,1,0,0,1,0,5,25,0,0,2,608011156
1,-1,3,3,423,-1,1,1,9,1,0,15,55,0,0,2,608011156
1,-1,3,3,423,365,1,0,0,1,0,5,25,0,0,2,608011156
1,-1,3,3,431,180,1,1,0,1,2,5,25,0,0,3,608011156
1,-1,3,5,99,180,1,0,0,1,2,156,18,0,0,5,608011156
1,-1,3,5,99,365,1,0,1,1,0,5,25,0,0,4,608011156
1,-1,3,5,99,547,1,0,1,1,2,135,25,0,0,4,608011156
1,-1,3,5,410,-1,1,0,0,0,0,3,25,0,0,-1,608011156
1,-1,3,5,410,-1,1,0,0,0,0,3,25,0,0,4,608011156
1,-1,3,5,410,-1,1,0,0,0,0,5,55,0,0,4,608011156
1,-1,3,5,410,-1,1,0,0,0,0,35,25,0,0,4,608011156
1,-1,3,5,410,-1,1,0,0,1,2,5,25,0,0,4,608011156
1,-1,3,5,410,-1,1,0,1,1,0,3,25,0,0,4,608011156
1,-1,3,5,410,-1,1,0,1,1,0,27,25,0,0,4,608011156
1,-1,3,5,410,-1,1,0,1,1,1,5,25,0,0,4,608011156
1,-1,3,5,410,-1,1,0,1,1,2,5,25,0,0,4,608011156
1,-1,3,5,410,-1,1,0,4,0,0,1,55,0,0,4,608011156
1,-1,3,5,410,-1,1,0,4,0,0,67,55,0,0,4,608011156
1,-1,3,5,410,-1,1,1,0,0,0,5,55,0,0,4,608011156
1,-1,3,5,410,-1,1,1,1,1,0,3,25,0,0,4,608011156
1,-1,3,5,410,-1,2,0,6,1,2,5,25,1,0,4,608011156
1,-1,3,5,410,60,1,0,9,1,2,5,25,0,0,5,608011156
1,-1,3,5,410,180,1,0,1,1,0,5,55,0,0,5,608011156
1,-1,3,5,420,-1,1,0,0,0,0,5,55,0,0,4,608011156
1,-1,3,5,422,-1,1,1,1,1,0,5,55,0,0,4,608011156
1,-1,3,5,423,365,1,0,1,1,0,3,55,0,0,5,608011156
1,-1,3,5,433,-1,2,0,4,0,1,5,25,1,0,4,608011156
1,-1,3,6,116,90,1,0,1,1,2,5,25,0,0,8,608011156
1,-1,3,7,99,365,1,0,1,1,0,5,25,0,0,4,608011156
1,-1,3,7,99,365,1,0,4,0,0,5,25,0,0,4,608011156
1,-1,3,7,116,-1,1,0,2,1,0,367,25,0,0,4,608011156
1,-1,3,7,423,-1,1,0,6,1,0,5,55,0,0,4,608011156
1,-1,3,7,423,365,1,0,1,1,0,15,25,0,0,4,608011156
1,-1,4,2,98,-1,1,0,0,1,2,5,25,0,0,1,608011156
1,-1,4,2,98,60,1,0,1,1,2,5,25,0,0,1,608011156
1,-1,4,2,98,365,1,0,0,0,2,3,24,0,0,1,608011156
2,-1,4,2,99,-1,1,0,0,0,0,5,25,0,0,1,608011156
1,-1,4,2,99,-1,1,0,0,0,0,56,25,0,0,1,608011156
1,-1,4,2,99,-1,1,0,0,1,0,56,25,0,0,1,608011156
1,-1,4,2,99,-1,1,0,1,1,0,5,55,0,0,1,608011156
1,-1,4,2,99,-1,1,0,1,1,2,5,25,0,0,1,608011156
3,-1,4,2,99,-1,1,0,4,0,0,3,25,0,0,1,608011156
1,-1,4,2,99,-1,1,0,4,0,0,17,25,0,0,1,608011156
1,-1,4,2,99,-1,2,0,0,0,1,5,25,1,0,1,608011156
1,-1,4,2,99,30,1,0,1,1,0,137,25,0,0,1,608011156
1,-1,4,2,99,30,1,0,4,0,0,5,55,0,0,1,608011156
1,-1,4,2,99,90,1,0,0,0,0,5,18,0,0,1,608011156
1,-1,4,2,99,90,1,0,0,1,0,5,18,0,0,1,608011156
1,-1,4,2,99,180,1,0,0,0,0,3,25,0,0,1,608011156
2,-1,4,2,99,180,1,0,0,0,0,5,25,0,0,1,608011156
1,-1,4,2,99,180,1,0,0,0,0,56,25,0,0,1,608011156
1,-1,4,2,99,180,1,0,4,0,0,3,55,0,0,1,608011156
1,-1,4,2,99,365,1,0,0,0,2,5,25,0,0,1,608011156
1,-1,4,2,99,365,1,0,1,1,0,3,25,0,0,1,608011156
1,-1,4,2,99,365,1,0,4,0,0,5,55,0,0,1,608011156
1,-1,4,2,99,365,1,0,4,0,1,5,24,0,0,1,608011156
1,-1,4,2,99,365,1,0,9,1,1,3,25,0,0,1,608011156
1,-1,4,2,99,547,1,0,0,0,0,3,25,0,0,1,608011156
1,-1,4,2,99,547,1,0,0,0,0,13,25,0,0,1,608011156
1,-1,4,2,99,547,1,0,1,1,0,13,25,0,0,1,608011156
1,-1,4,2,101,-1,1,0,0,0,0,5,25,0,0,1,608011156
1,-1,4,2,101,-1,1,0,4,0,0,3,25,0,0,1,608011156
1,-1,4,2,116,-1,1,0,1,1,0,5,25,0,0,1,608011156
1,-1,4,2,116,-1,1,0,1,1,0,167,55,0,0,1,608011156
1,-1,4,2,116,-1,1,0,4,0,2,137,55,0,0,1,608011156
1,-1,4,2,116,-1,1,0,6,1,1,127,25,0,0,1,608011156
1,-1,4,2,116,180,1,0,4,0,0,5,55,0,0,1,608011156
1,-1,4,2,116,365,1,0,1,1,2,56,55,0,0,1,608011156
1,-1,4,2,116,365,1,1,1,1,2,5,55,0,0,1,608011156
1,-1,4,2,116,547,1,0,1,1,0,5,18,0,0,1,608011156
1,-1,4,2,204,-1,1,0,0,0,1,3,25,0,0,1,608011156
1,-1,4,2,204,-1,1,0,0,1,0,3,25,0,0,1,608011156
1,-1,4,2,206,365,1,0,0,1,0,56,25,0,0,1,608011156
1,-1,4,2,207,90,1,0,2,1,0,5,25,0,0,1,608011156
1,-1,4,2,207,547,1,0,0,1,0,134,25,0,0,1,608011156
1,-1,4,2,215,-1,1,0,0,0,0,5,18,0,0,1,608011156
1,-1,4,2,312,-1,1,0,9,1,0,5,55,0,0,1,608011156
1,-1,4,2,313,-1,1,0,0,1,0,57,55,0,0,1,608011156
1,-1,4,2,313,-1,1,0,0,1,2,5,55,0,0,1,608011156
1,-1,4,2,313,-1,1,0,4,0,0,15,25,0,0,1,608011156
1,-1,4,2,313,-1,1,0,4,0,2,5,25,0,0,1,608011156
1,-1,4,2,313,-1,1,0,9,1,0,5,55,0,0,1,608011156
1,-1,4,2,313,90,1,0,1,1,0,127,25,0,0,1,608011156
1,-1,4,2,313,90,1,0,4,0,0,3,25,0,0,1,608011156
1,-1,4,2,313,90,1,0,4,0,0,146,25,0,0,1,608011156
1,-1,4,2,313,365,1,0,4,0,0,3,25,0,0,1,608011156
1,-1,4,2,313,547,1,0,1,1,2,356,25,0,0,1,608011156
1,-1,4,2,314,-1,1,0,1,1,2,5,25,0,0,1,608011156
1,-1,4,2,314,-1,1,0,4,0,0,2,25,0,0,1,608011156
1,-1,4,2,314,365,1,1,1,1,0,5,25,0,0,1,608011156
1,-1,4,2,410,-1,1,0,0,0,2,5,25,0,0,1,608011156
1,-1,4,2,410,60,1,0,1,1,0,5,25,0,0,1,608011156
1,-1,4,2,410,180,1,0,0,0,0,56,25,0,0,1,608011156
1,-1,4,2,410,365,1,0,5,1,0,56,25,0,0,1,608011156
1,-1,4,2,422,-1,1,0,1,1,2,3,25,0,0,1,608011156
1,-1,4,2,422,30,1,0,1,1,0,5,25,0,0,1,608011156
1,-1,4,2,423,-1,1,0,1,1,0,267,25,0,0,1,608011156
1,-1,4,2,423,365,1,0,1,1,2,16,25,0,0,1,608011156
1,-1,4,2,423,547,1,0,1,1,0,34,25,0,0,1,608011156
1,-1,4,2,431,180,1,0,0,1,0,5,25,0,0,1,608011156
1,-1,4,2,440,-1,1,0,1,1,1,56,25,0,0,1,608011156
1,-1,4,3,312,-1,1,0,0,1,0,246,24,0,0,2,608011156
1,-1,4,3,314,547,1,1,1,1,0,5,55,0,0,2,608011156
1,-1,4,5,99,365,1,0,1,1,2,56,25,0,0,4,608011156
1,-1,4,5,101,-1,1,0,0,1,0,5,25,0,0,4,608011156
1,-1,4,5,410,-1,1,0,0,0,0,5,25,0,0,4,608011156
1,-1,4,5,410,-1,1,0,0,0,0,245,25,0,0,4,608011156
1,-1,4,5,410,-1,1,0,0,1,0,3,25,0,0,4,608011156
1,-1,4,5,410,-1,1,0,1,1,0,3,55,0,0,4,608011156
1,-1,4,5,410,365,1,0,1,1,2,5,25,0,0,4,608011156
1,-1,4,5,410,365,1,0,4,0,0,3,25,0,0,4,608011156
1,-1,4,5,410,730,1,1,0,1,0,3,25,0,0,4,608011156
1,-1,4,5,420,-1,1,0,9,1,0,3,25,0,0,4,608011156
1,-1,4,6,312,-1,1,0,1,1,2,5,25,0,0,8,608011156
1,-1,4,7,99,-1,1,0,1,1,0,2,55,0,0,4,608011156
1,-1,4,7,99,180,1,1,1,1,0,357,55,0,0,4,608011156
1,-1,4,7,116,60,1,0,1,1,0,3,25,0,0,4,608011156
1,-1,4,7,312,-1,1,0,1,1,0,13,25,0,0,4,608011156
1,-1,5,2,98,-1,1,0,0,1,0,5,25,0,0,1,608011156
1,-1,5,2,98,-1,1,0,9,1,2,5,25,0,0,1,608011156
1,-1,5,2,98,90,1,0,1,1,0,1,55,0,0,1,608011156
1,-1,5,2,98,180,1,0,0,1,2,3,25,0,0,1,608011156
1,-1,5,2,98,180,1,0,1,1,0,467,25,0,0,1,608011156
1,-1,5,2,98,365,1,0,0,0,0,5,25,0,0,1,608011156
1,-1,5,2,98,365,1,0,0,0,2,145,25,0,0,1,608011156
1,-1,5,2,99,-1,1,0,0,0,0,3,25,0,0,1,608011156
1,-1,5,2,99,-1,1,0,0,0,0,5,25,0,0,1,608011156
1,-1,5,2,99,-1,1,0,0,0,0,235,25,0,0,1,608011156
1,-1,5,2,99,-1,1,0,1,1,0,5,25,0,0,1,608011156
1,-1,5,2,99,-1,1,0,1,1,2,56,25,0,0,1,608011156
1,-1,5,2,99,-1,1,0,4,0,0,3,25,0,0,1,608011156
1,-1,5,2,99,-1,2,0,0,0,0,3,25,1,0,1,608011156
1,-1,5,2,99,-1,2,0,0,1,2,3,25,1,0,1,608011156
1,-1,5,2,99,30,1,0,0,1,0,3,25,0,0,1,608011156
1,-1,5,2,99,30,1,0,0,1,0,5,25,0,0,1,608011156
1,-1,5,2,99,30,1,0,1,1,0,147,25,0,0,5,608011156
1,-1,5,2,99,30,1,0,1,1,1,3,24,0,0,1,608011156
1,-1,5,2,99,60,1,0,0,0,0,5,55,0,0,1,608011156
1,-1,5,2,99,60,1,0,0,1,0,25,25,0,0,1,608011156
1,-1,5,2,99,60,1,0,1,1,0,3,55,0,0,1,608011156
1,-1,5,2,99,60,1,0,1,1,0,35,25,0,0,1,608011156
1,-1,5,2,99,60,1,0,1,1,2,5,25,0,0,5,608011156
1,-1,5,2,99,60,1,0,9,1,0,1,55,0,0,5,608011156
1,-1,5,2,99,90,1,0,0,0,0,3,18,0,0,1,608011156
1,-1,5,2,99,90,1,0,0,0,0,245,25,0,0,1,608011156
1,-1,5,2,99,90,1,0,0,1,0,5,25,0,0,1,608011156
1,-1,5,2,99,90,1,0,1,1,0,146,25,0,0,1,608011156
1,-1,5,2,99,90,1,0,1,1,2,5,25,0,0,1,608011156
1,-1,5,2,99,90,1,1,1,1,0,346,55,0,0,1,608011156
1,-1,5,2,99,90,1,1,2,1,2,56,25,0,0,1,608011156
1,-1,5,2,99,180,1,0,0,0,0,3,25,0,0,1,608011156
1,-1,5,2,99,180,1,0,0,0,0,237,18,0,0,1,608011156
1,-1,5,2,99,180,1,0,0,1,0,3,25,0,0,1,608011156
1,-1,5,2,99,180,1,0,0,1,0,5,25,0,0,1,608011156
1,-1,5,2,99,180,1,0,1,1,0,246,25,0,0,1,608011156
1,-1,5,2,99,180,1,0,4,0,0,5,25,0,0,1,608011156
1,-1,5,2,99,365,1,0,0,0,0,16,25,0,0,1,608011156
1,-1,5,2,99,365,1,0,0,0,1,5,25,0,0,1,608011156
1,-1,5,2,99,365,1,0,0,1,0,3,25,0,0,1,608011156
1,-1,5,2,99,365,1,0,0,1,0,56,25,0,0,1,608011156
1,-1,5,2,99,365,1,0,0,1,1,5,25,0,0,1,608011156
1,-1,5,2,99,365,1,1,1,1,2,5,55,0,0,1,608011156
1,-1,5,2,99,547,1,0,1,1,2,5,25,0,0,1,608011156
1,-1,5,2,101,30,1,0,0,1,0,56,25,0,0,1,608011156
1,-1,5,2,101,180,1,0,1,1,2,5,55,0,0,1,608011156
1,-1,5,2,116,30,1,0,4,0,0,2,25,0,0,1,608011156
1,-1,5,2,116,90,1,1,0,1,0,5,25,0,0,3,608011156
1,-1,5,2,116,180,1,0,0,0,0,56,25,0,0,1,608011156
1,-1,5,2,116,365,1,0,1,1,0,5,25,0,0,1,608011156
1,-1,5,2,116,365,1,1,4,0,0,5,55,0,0,1,608011156
1,-1,5,2,204,30,1,0,0,1,0,245,25,0,0,1,608011156
1,-1,5,2,205,-1,1,0,0,1,0,3,25,0,0,1,608011156
1,-1,5,2,205,180,1,0,0,0,0,5,25,0,0,1,608011156
1,-1,5,2,206,60,1,0,0,0,2,5,25,0,0,1,608011156
1,-1,5,2,206,180,1,0,1,1,0,3,25,0,0,1,608011156
1,-1,5,2,206,180,1,1,1,1,0,1,55,0,0,3,608011156
1,-1,5,2,206,365,1,0,0,1,2,7,25,0,0,1,608011156
1,-1,5,2,207,-1,1,0,0,0,0,3,25,0,0,1,608011156
1,-1,5,2,207,-1,1,0,4,0,0,3,18,0,0,1,608011156
1,-1,5,2,302,365,1,1,1,1,0,246,55,0,0,7,608011156
1,-1,5,2,312,-1,1,0,0,0,0,5,25,0,0,1,608011156
1,-1,5,2,312,180,1,0,0,0,1,5,25,0,0,1,608011156
1,-1,5,2,312,547,1,0,0,1,0,13,25,0,0,1,608011156
1,-1,5,2,312,547,1,0,1,1,2,5,25,0,0,1,608011156
1,-1,5,2,313,-1,1,0,0,1,0,3,25,0,0,1,608011156
1,-1,5,2,313,-1,1,0,0,1,0,13,25,0,0,1,608011156
1,-1,5,2,313,-1,1,0,9,1,0,3,25,0,0,1,608011156
1,-1,5,2,313,60,1,0,0,0,0,5,25,0,0,1,608011156
1,-1,5,2,313,60,1,0,0,1,2,36,18,0,0,1,608011156
1,-1,5,2,313,60,1,0,1,1,0,5,55,0,0,1,608011156
1,-1,5,2,313,90,1,0,1,1,2,5,25,0,0,1,608011156
1,-1,5,2,313,90,1,1,1,1,0,5,25,0,0,1,608011156
1,-1,5,2,313,180,1,0,1,1,0,3,25,0,0,1,608011156
1,-1,5,2,313,180,1,0,1,1,1,5,25,0,0,1,608011156
1,-1,5,2,313,180,1,0,1,1,2,356,25,0,0,1,608011156
1,-1,5,2,313,365,1,0,0,1,0,5,25,0,0,1,608011156
1,-1,5,2,313,365,1,0,1,1,0,5,55,0,0,1,608011156
1,-1,5,2,313,547,1,0,0,1,0,5,25,0,0,1,608011156
1,-1,5,2,314,-1,1,0,0,0,0,5,25,0,0,1,608011156
1,-1,5,2,410,-1,1,0,0,0,0,124,24,0,0,1,608011156
1,-1,5,2,410,180,1,0,1,1,2,4,25,0,0,1,608011156
1,-1,5,2,410,365,1,1,1,1,0,45,55,0,0,5,608011156
1,-1,5,2,420,-1,1,0,1,1,2,5,25,0,0,1,608011156
1,-1,5,2,422,30,1,0,0,0,1,5,25,0,0,1,608011156
1,-1,5,2,422,60,1,0,0,1,0,3,25,0,0,1,608011156
2,-1,5,2,422,180,1,0,0,0,0,5,25,0,0,1,608011156
1,-1,5,2,423,60,1,0,0,0,0,5,25,0,0,1,608011156
1,-1,5,2,423,90,1,0,4,0,2,5,25,0,0,1,608011156
1,-1,5,2,423,180,1,0,0,0,0,5,18,0,0,1,608011156
1,-1,5,2,423,365,1,0,0,1,0,5,55,0,0,1,608011156
1,-1,5,2,423,365,1,0,0,1,0,126,18,0,0,1,608011156
1,-1,5,2,423,365,1,0,4,0,0,5,25,0,0,1,608011156
1,-1,5,2,431,30,1,0,1,1,0,36,25,0,0,1,608011156
1,-1,5,2,431,365,1,0,1,1,2,56,55,0,0,1,608011156
1,-1,5,3,99,547,1,1,0,0,0,3,25,0,0,3,608011156
1,-1,5,3,215,-1,3,0,9,1,0,3,-1,0,0,2,608011156
1,-1,5,3,225,-1,1,1,9,1,0,5,55,0,0,3,608011156
1,-1,5,3,422,547,1,1,9,1,0,4,25,0,0,2,608011156
1,-1,5,3,428,-1,1,1,0,0,0,5,25,0,0,3,608011156
1,-1,5,3,428,547,1,1,1,1,0,15,55,0,0,3,608011156
1,-1,5,4,116,-1,1,1,1,1,2,137,25,0,0,5,608011156
1,-1,5,4,116,180,1,1,1,1,2,5,25,0,0,1,608011156
1,-1,5,5,99,-1,1,0,0,1,0,5,18,0,0,5,608011156
1,-1,5,5,99,-1,1,0,0,1,1,5,25,0,0,5,608011156
1,-1,5,5,99,-1,1,0,0,1,2,3,25,0,0,-1,608011156
1,-1,5,5,410,-1,1,0,0,0,0,3,25,0,0,5,608011156
1,-1,5,5,410,-1,1,0,0,0,0,5,25,0,0,5,608011156
1,-1,5,5,410,-1,1,0,0,0,0,5,55,0,0,5,608011156
1,-1,5,5,410,-1,1,0,0,1,0,3,18,0,0,-1,608011156
1,-1,5,5,410,-1,1,0,0,1,2,5,25,0,0,-1,608011156
2,-1,5,5,410,-1,1,0,0,1,2,5,25,0,0,5,608011156
1,-1,5,5,410,-1,1,0,1,1,0,5,25,0,0,5,608011156
1,-1,5,5,410,-1,1,0,1,1,0,5,55,0,0,5,608011156
1,-1,5,5,410,-1,1,0,1,1,0,267,55,0,0,5,608011156
1,-1,5,5,410,-1,1,0,2,1,0,5,25,0,0,5,608011156
1,-1,5,5,410,-1,1,0,4,0,0,5,25,0,0,5,608011156
1,-1,5,5,410,-1,1,0,4,0,0,5,55,0,0,5,608011156
1,-1,5,5,410,-1,1,0,4,0,2,3,25,0,0,5,608011156
1,-1,5,5,410,-1,1,0,9,1,1,3,18,0,0,5,608011156
1,-1,5,5,410,-1,1,1,0,0,0,5,25,0,0,7,608011156
1,-1,5,5,410,-1,1,1,9,1,0,5,55,0,0,7,608011156
1,-1,5,5,410,-1,1,1,9,1,2,13,25,0,0,7,608011156
1,-1,5,5,410,-1,2,0,0,0,2,56,25,1,1,-1,608011156
1,-1,5,5,410,-1,2,0,0,1,0,3,25,1,0,-1,608011156
1,-1,5,5,410,-1,2,0,6,1,2,5,25,1,1,5,608011156
1,-1,5,5,410,-1,2,1,9,1,0,5,25,1,0,5,608011156
1,-1,5,5,410,30,1,0,4,0,0,3,25,0,0,5,608011156
1,-1,5,5,410,60,1,0,1,1,0,13,55,0,0,5,608011156
1,-1,5,5,410,90,1,0,4,0,1,5,25,0,0,5,608011156
1,-1,5,5,410,180,1,0,0,0,0,3,55,0,0,5,608011156
1,-1,5,5,410,180,1,0,0,0,0,236,25,0,0,5,608011156
1,-1,5,5,410,180,1,0,1,1,0,257,25,0,0,5,608011156
1,-1,5,5,410,365,1,0,0,0,0,3,25,0,0,-1,608011156
1,-1,5,5,410,365,1,0,0,0,0,356,25,0,0,5,608011156
1,-1,5,5,410,365,1,0,0,1,0,5,25,0,0,5,608011156
1,-1,5,5,410,365,1,0,0,1,0,13,25,0,0,4,608011156
1,-1,5,5,410,365,1,0,0,1,0,15,25,0,0,5,608011156
1,-1,5,5,410,365,1,0,0,1,0,56,25,0,0,4,608011156
1,-1,5,5,410,365,1,0,0,1,1,57,25,0,0,5,608011156
1,-1,5,5,410,365,1,0,0,1,2,3,25,0,0,5,608011156
1,-1,5,5,410,365,1,0,1,1,0,3,25,0,0,5,608011156
2,-1,5,5,410,365,1,0,1,1,0,5,25,0,0,5,608011156
1,-1,5,5,410,365,1,0,1,1,0,56,55,0,0,5,608011156
1,-1,5,5,410,365,1,0,1,1,2,5,55,0,0,5,608011156
1,-1,5,5,410,365,1,0,4,0,0,3,24,0,0,5,608011156
1,-1,5,5,410,365,1,0,4,0,2,345,55,0,0,5,608011156
1,-1,5,5,410,365,1,1,5,1,3,2,25,0,0,5,608011156
1,-1,5,5,410,365,2,0,4,0,0,3,18,1,0,5,608011156
1,-1,5,5,410,547,1,0,0,0,0,13,25,0,0,5,608011156
1,-1,5,5,410,547,1,0,0,1,0,7,55,0,0,5,608011156
1,-1,5,5,410,547,1,0,0,1,0,13,25,0,0,5,608011156
1,-1,5,5,410,547,1,0,1,1,0,35,25,0,0,5,608011156
1,-1,5,5,410,547,1,0,1,1,2,124,25,0,0,5,608011156
1,-1,5,5,410,547,1,0,9,1,0,3,25,0,0,5,608011156
1,-1,5,5,410,547,1,0,9,1,0,5,25,0,0,5,608011156
1,-1,5,5,410,547,1,1,9,1,0,3,25,0,0,6,608011156
1,-1,5,5,410,547,2,0,0,0,1,3,24,1,1,5,608011156
1,-1,5,5,410,730,1,0,1,1,0,1,25,0,0,5,608011156
1,-1,5,5,410,730,2,0,0,1,0,5,25,1,0,5,608011156
1,-1,5,5,419,-1,1,1,0,1,0,5,55,0,0,7,608011156
1,-1,5,5,419,365,1,1,0,1,0,3,55,0,0,7,608011156
1,-1,5,5,419,547,1,1,0,1,0,5,25,0,0,7,608011156
1,-1,5,5,420,-1,1,0,9,1,0,3,55,0,0,5,608011156
1,-1,5,5,420,-1,2,0,0,0,0,346,25,1,1,5,608011156
1,-1,5,5,420,547,1,1,0,1,0,3,55,0,0,7,608011156
1,-1,5,5,422,-1,1,0,0,0,3,5,25,0,0,5,608011156
1,-1,5,5,422,-1,1,0,9,1,0,5,25,0,0,5,608011156
1,-1,5,5,422,60,1,0,1,1,0,5,55,0,0,5,608011156
1,-1,5,5,422,180,1,1,0,1,0,136,55,0,0,5,608011156
1,-1,5,5,422,180,2,0,6,1,0,3,25,1,0,5,608011156
1,-1,5,5,422,365,1,0,0,0,0,3,25,0,0,5,608011156
1,-1,5,5,422,365,1,0,0,1,0,3,25,0,0,5,608011156
1,-1,5,5,422,547,1,0,0,0,0,5,18,0,0,5,608011156
1,-1,5,5,423,-1,1,0,9,1,0,6,25,0,0,5,608011156
1,-1,5,5,423,-1,1,1,0,1,2,5,55,0,0,5,608011156
1,-1,5,5,423,60,1,0,0,1,0,147,55,0,0,5,608011156
1,-1,5,5,423,60,1,0,1,1,0,5,55,0,0,5,608011156
1,-1,5,5,423,180,1,0,0,1,0,5,55,0,0,5,608011156
1,-1,5,5,423,180,1,0,0,1,1,5,25,0,0,5,608011156
1,-1,5,5,423,180,1,0,1,1,0,5,55,0,0,5,608011156
1,-1,5,5,423,365,1,0,0,0,0,356,25,0,0,5,608011156
1,-1,5,5,423,365,1,0,0,1,0,3,25,0,0,5,608011156
1,-1,5,5,423,365,1,0,0,1,0,5,25,0,0,5,608011156
1,-1,5,5,423,365,1,0,0,1,0,5,55,0,0,5,608011156
1,-1,5,5,428,547,1,1,1,1,0,5,25,0,0,7,608011156
1,-1,5,5,431,-1,1,1,9,1,0,5,55,0,0,7,608011156
1,-1,5,5,431,365,1,1,1,1,0,5,55,0,0,7,608011156
1,-1,5,5,433,-1,1,0,0,1,2,3,55,0,0,5,608011156
1,-1,5,5,433,365,1,0,9,1,0,5,25,0,0,4,608011156
1,-1,5,5,434,-1,1,1,1,1,0,35,25,0,0,5,608011156
1,-1,5,7,24,-1,1,0,1,1,0,3,25,0,0,5,608011156
1,-1,5,7,99,180,1,0,1,1,0,3,25,0,0,5,608011156
1,-1,5,7,99,365,1,0,0,1,2,5,25,0,0,5,608011156
1,-1,5,7,101,-1,2,0,4,0,1,3,25,1,0,5,608011156
1,-1,5,7,101,365,1,0,1,1,2,5,55,0,0,5,608011156
1,-1,5,7,101,547,1,0,1,1,0,5,25,0,0,5,608011156
1,-1,5,7,116,-1,1,0,1,1,0,5,25,0,0,4,608011156
1,-1,5,7,207,-1,1,0,1,1,2,35,25,0,0,5,608011156
1,-1,5,7,313,180,2,0,4,0,1,3,25,1,0,5,608011156
1,-1,5,7,410,-1,1,1,1,1,0,5,25,0,0,5,608011156
1,-1,5,7,410,180,1,1,1,1,0,5,55,0,0,5,608011156
1,-1,5,7,422,180,1,0,1,1,0,5,25,0,0,5,608011156
1,-1,5,7,422,180,1,0,1,1,0,5,55,0,0,5,608011156
1,-1,5,7,423,365,1,0,0,1,0,126,25,0,0,5,608011156
1,-1,5,7,433,-1,1,0,4,0,0,3,55,0,0,4,608011156
1,-1,5,9,422,-1,1,0,0,0,0,5,25,0,0,1,608011156
1,-1,5,9,433,180,1,0,0,1,2,56,25,0,0,1,608011156
1,-1,5,10,98,-1,1,0,0,0,0,157,25,0,0,1,608011156
1,0,1,2,24,-1,1,0,1,1,0,5,55,0,0,1,608011156
1,0,1,2,98,-1,1,0,0,0,0,3,18,0,0,1,608011156
2,0,1,2,98,-1,1,0,0,0,0,3,25,0,0,1,608011156
4,0,1,2,98,-1,1,0,0,0,0,5,25,0,0,1,608011156
2,0,1,2,98,-1,1,0,0,0,0,5,55,0,0,1,608011156
2,0,1,2,98,-1,1,0,0,0,0,56,25,0,0,1,608011156
1,0,1,2,98,-1,1,0,0,0,1,3,24,0,0,1,608011156
1,0,1,2,98,-1,1,0,0,0,2,157,25,0,0,1,608011156
4,0,1,2,98,-1,1,0,0,1,0,5,25,0,0,1,608011156
1,0,1,2,98,-1,1,0,0,1,0,5,55,0,0,1,608011156
1,0,1,2,98,-1,1,0,0,1,0,56,55,0,0,1,608011156
1,0,1,2,98,-1,1,0,0,1,1,3,25,0,0,1,608011156
1,0,1,2,98,-1,1,0,0,1,1,5,24,0,0,1,608011156
3,0,1,2,98,-1,1,0,0,1,1,5,25,0,0,1,608011156
5,0,1,2,98,-1,1,0,0,1,2,3,25,0,0,1,608011156
1,0,1,2,98,-1,1,0,0,1,2,3,55,0,0,1,608011156
2,0,1,2,98,-1,1,0,0,1,2,5,25,0,0,1,608011156
2,0,1,2,98,-1,1,0,0,1,2,5,55,0,0,1,608011156
1,0,1,2,98,-1,1,0,0,1,2,27,24,0,0,1,608011156
1,0,1,2,98,-1,1,0,0,1,2,167,25,0,0,1,608011156
1,0,1,2,98,-1,1,0,1,1,0,5,25,0,0,1,608011156
1,0,1,2,98,-1,1,0,4,0,0,4,25,0,0,1,608011156
1,0,1,2,98,-1,1,0,9,1,0,5,25,0,0,1,608011156
1,0,1,2,98,-1,1,0,9,1,3,56,55,0,0,1,608011156
1,0,1,2,98,-1,1,1,0,1,0,5,55,0,0,1,608011156
1,0,1,2,98,-1,2,0,0,0,0,47,25,1,1,1,608011156
1,0,1,2,98,-1,2,0,0,1,2,5,24,1,0,1,608011156
1,0,1,2,98,30,1,0,1,1,0,5,25,0,0,1,608011156
1,0,1,2,98,60,1,0,9,1,2,15,55,0,0,1,608011156
1,0,1,2,98,90,1,0,0,1,2,5,55,0,0,1,608011156
1,0,1,2,98,365,1,0,0,1,2,5,25,0,0,1,608011156
1,0,1,2,99,-1,1,0,0,0,0,1,55,0,0,1,608011156
2,0,1,2,99,-1,1,0,0,0,0,3,18,0,0,1,608011156
1,0,1,2,99,-1,1,0,0,0,0,3,24,0,0,1,608011156
17,0,1,2,99,-1,1,0,0,0,0,3,25,0,0,1,608011156
1,0,1,2,99,-1,1,0,0,0,0,4,25,0,0,1,608011156
1,0,1,2,99,-1,1,0,0,0,0,5,18,0,0,1,608011156
4,0,1,2,99,-1,1,0,0,0,0,5,24,0,0,1,608011156
17,0,1,2,99,-1,1,0,0,0,0,5,25,0,0,1,608011156
2,0,1,2,99,-1,1,0,0,0,0,5,55,0,0,1,608011156
1,0,1,2,99,-1,1,0,0,0,0,13,25,0,0,1,608011156
1,0,1,2,99,-1,1,0,0,0,0,34,25,0,0,1,608011156
1,0,1,2,99,-1,1,0,0,0,0,35,25,0,0,1,608011156
1,0,1,2,99,-1,1,0,0,0,0,36,18,0,0,1,608011156
1,0,1,2,99,-1,1,0,0,0,0,36,25,0,0,1,608011156
1,0,1,2,99,-1,1,0,0,0,0,37,55,0,0,1,608011156
1,0,1,2,99,-1,1,0,0,0,0,56,25,0,0,1,608011156
1,0,1,2,99,-1,1,0,0,0,0,56,55,0,0,1,608011156
1,0,1,2,99,-1,1,0,0,0,0,147,25,0,0,1,608011156
1,0,1,2,99,-1,1,0,0,0,0,156,25,0,0,1,608011156
1,0,1,2,99,-1,1,0,0,0,0,347,55,0,0,1,608011156
1,0,1,2,99,-1,1,0,0,0,0,367,24,0,0,1,608011156
1,0,1,2,99,-1,1,0,0,0,1,3,18,0,0,1,608011156
1,0,1,2,99,-1,1,0,0,0,1,3,25,0,0,1,608011156
1,0,1,2,99,-1,1,0,0,0,1,124,25,0,0,1,608011156
1,0,1,2,99,-1,1,0,0,0,1,456,25,0,0,1,608011156
1,0,1,2,99,-1,1,0,0,0,2,1,25,0,0,1,608011156
1,0,1,2,99,-1,1,0,0,0,2,3,24,0,0,1,608011156
2,0,1,2,99,-1,1,0,0,0,2,3,25,0,0,1,608011156
2,0,1,2,99,-1,1,0,0,0,2,5,18,0,0,1,608011156
1,0,1,2,99,-1,1,0,0,0,2,367,25,0,0,1,608011156
5,0,1,2,99,-1,1,0,0,1,0,3,25,0,0,1,608011156
2,0,1,2,99,-1,1,0,0,1,0,3,55,0,0,1,608011156
15,0,1,2,99,-1,1,0,0,1,0,5,25,0,0,1,608011156
2,0,1,2,99,-1,1,0,0,1,0,5,55,0,0,1,608011156
1,0,1,2,99,-1,1,0,0,1,0,24,25,0,0,1,608011156
1,0,1,2,99,-1,1,0,0,1,0,34,55,0,0,1,608011156
1,0,1,2,99,-1,1,0,0,1,0,35,25,0,0,1,608011156
1,0,1,2,99,-1,1,0,0,1,0,35,55,0,0,1,608011156
1,0,1,2,99,-1,1,0,0,1,0,36,25,0,0,1,608011156
1,0,1,2,99,-1,1,0,0,1,0,56,25,0,0,1,608011156
1,0,1,2,99,-1,1,0,0,1,0,56,55,0,0,1,608011156
1,0,1,2,99,-1,1,0,0,1,0,57,25,0,0,1,608011156
1,0,1,2,99,-1,1,0,0,1,0,246,25,0,0,1,608011156
1,0,1,2,99,-1,1,0,0,1,0,346,25,0,0,1,608011156
1,0,1,2,99,-1,1,0,0,1,1,3,25,0,0,1,608011156
1,0,1,2,99,-1,1,0,0,1,1,5,18,0,0,1,608011156
3,0,1,2,99,-1,1,0,0,1,1,5,25,0,0,1,608011156
1,0,1,2,99,-1,1,0,0,1,1,35,24,0,0,1,608011156
1,0,1,2,99,-1,1,0,0,1,1,124,25,0,0,1,608011156
2,0,1,2,99,-1,1,0,0,1,2,3,25,0,0,1,608011156
6,0,1,2,99,-1,1,0,0,1,2,5,25,0,0,1,608011156
2,0,1,2,99,-1,1,0,0,1,2,5,55,0,0,1,608011156
1,0,1,2,99,-1,1,0,0,1,2,17,55,0,0,1,608011156
1,0,1,2,99,-1,1,0,0,1,2,24,24,0,0,1,608011156
2,0,1,2,99,-1,1,0,1,1,0,3,25,0,0,1,608011156
1,0,1,2,99,-1,1,0,1,1,0,3,55,0,0,1,608011156
5,0,1,2,99,-1,1,0,1,1,0,5,25,0,0,1,608011156
1,0,1,2,99,-1,1,0,1,1,1,3,55,0,0,1,608011156
2,0,1,2,99,-1,1,0,1,1,1,5,25,0,0,1,608011156
2,0,1,2,99,-1,1,0,1,1,2,5,25,0,0,1,608011156
1,0,1,2,99,-1,1,0,3,0,2,5,25,0,0,1,608011156
1,0,1,2,99,-1,1,0,4,0,0,1,25,0,0,1,608011156
1,0,1,2,99,-1,1,0,4,0,0,3,25,0,0,1,608011156
2,0,1,2,99,-1,1,0,4,0,0,5,25,0,0,1,608011156
1,0,1,2,99,-1,1,0,4,0,0,98,25,0,0,1,608011156
1,0,1,2,99,-1,1,0,4,0,0,456,25,0,0,1,608011156
1,0,1,2,99,-1,1,0,4,0,0,567,25,0,0,1,608011156
1,0,1,2,99,-1,1,0,4,0,1,35,24,0,0,1,608011156
1,0,1,2,99,-1,1,0,4,0,1,125,25,0,0,1,608011156
1,0,1,2,99,-1,1,0,4,0,2,3,18,0,0,1,608011156
1,0,1,2,99,-1,1,0,4,0,2,3,25,0,0,1,608011156
1,0,1,2,99,-1,1,0,4,0,2,26,25,0,0,1,608011156
1,0,1,2,99,-1,1,0,9,0,0,5,25,0,0,1,608011156
2,0,1,2,99,-1,1,0,9,1,0,3,25,0,0,1,608011156
5,0,1,2,99,-1,1,0,9,1,0,5,25,0,0,1,608011156
1,0,1,2,99,-1,1,0,9,1,0,5,55,0,0,1,608011156
1,0,1,2,99,-1,1,0,9,1,0,367,25,0,0,1,608011156
2,0,1,2,99,-1,1,0,9,1,1,5,25,0,0,1,608011156
1,0,1,2,99,-1,1,0,9,1,3,5,55,0,0,1,608011156
1,0,1,2,99,-1,1,1,0,0,0,5,25,0,0,1,608011156
1,0,1,2,99,-1,1,1,0,0,0,5,55,0,0,1,608011156
2,0,1,2,99,-1,1,1,0,1,0,3,25,0,0,1,608011156
1,0,1,2,99,-1,1,1,0,1,0,45,25,0,0,1,608011156
1,0,1,2,99,-1,1,1,0,1,0,356,25,0,0,1,608011156
1,0,1,2,99,-1,1,1,1,1,0,5,55,0,0,1,608011156
1,0,1,2,99,-1,1,1,1,1,0,136,55,0,0,1,608011156
1,0,1,2,99,-1,1,1,4,0,0,5,55,0,0,1,608011156
1,0,1,2,99,-1,1,1,9,1,0,5,25,0,0,1,608011156
1,0,1,2,99,-1,1,1,9,1,1,5,25,0,0,1,608011156
2,0,1,2,99,-1,2,0,0,0,0,1,25,1,0,1,608011156
3,0,1,2,99,-1,2,0,0,0,0,3,18,1,0,1,608011156
1,0,1,2,99,-1,2,0,0,0,0,3,24,1,0,1,608011156
3,0,1,2,99,-1,2,0,0,0,0,3,25,1,0,1,608011156
4,0,1,2,99,-1,2,0,0,0,0,3,25,1,1,1,608011156
1,0,1,2,99,-1,2,0,0,0,0,5,18,1,0,1,608011156
1,0,1,2,99,-1,2,0,0,0,0,5,24,1,0,1,608011156
4,0,1,2,99,-1,2,0,0,0,0,5,25,1,0,1,608011156
1,0,1,2,99,-1,2,0,0,0,0,13,25,1,1,1,608011156
1,0,1,2,99,-1,2,0,0,0,0,35,25,1,1,1,608011156
1,0,1,2,99,-1,2,0,0,0,0,36,18,1,0,1,608011156
1,0,1,2,99,-1,2,0,0,0,0,45,25,1,1,1,608011156
1,0,1,2,99,-1,2,0,0,0,0,145,25,1,1,1,608011156
1,0,1,2,99,-1,2,0,0,0,0,146,25,1,1,1,608011156
1,0,1,2,99,-1,2,0,0,0,0,237,25,1,1,1,608011156
1,0,1,2,99,-1,2,0,0,0,1,3,18,1,0,1,608011156
3,0,1,2,99,-1,2,0,0,0,1,3,25,1,0,1,608011156
2,0,1,2,99,-1,2,0,0,0,1,3,25,1,1,1,608011156
1,0,1,2,99,-1,2,0,0,0,1,5,25,1,0,1,608011156
1,0,1,2,99,-1,2,0,0,0,1,5,25,1,1,1,608011156
1,0,1,2,99,-1,2,0,0,0,1,126,25,1,0,1,608011156
1,0,1,2,99,-1,2,0,0,0,1,136,25,1,0,1,608011156
1,0,1,2,99,-1,2,0,0,0,1,356,24,1,0,1,608011156
1,0,1,2,99,-1,2,0,0,0,2,3,24,1,0,1,608011156
1,0,1,2,99,-1,2,0,0,0,2,3,25,1,0,1,608011156
1,0,1,2,99,-1,2,0,0,0,2,5,25,1,0,1,608011156
1,0,1,2,99,-1,2,0,0,0,2,36,24,1,0,1,608011156
1,0,1,2,99,-1,2,0,0,0,2,356,25,1,0,1,608011156
2,0,1,2,99,-1,2,0,0,1,0,3,25,1,0,1,608011156
1,0,1,2,99,-1,2,0,0,1,0,4,25,1,0,1,608011156
1,0,1,2,99,-1,2,0,0,1,0,5,25,1,0,1,608011156
1,0,1,2,99,-1,2,0,0,1,0,15,25,1,0,1,608011156
1,0,1,2,99,-1,2,0,0,1,0,26,25,1,0,1,608011156
1,0,1,2,99,-1,2,0,0,1,0,56,25,1,0,1,608011156
1,0,1,2,99,-1,2,0,0,1,0,256,25,1,0,1,608011156
1,0,1,2,99,-1,2,0,0,1,1,3,25,1,1,1,608011156
1,0,1,2,99,-1,2,0,0,1,1,5,25,1,0,1,608011156
1,0,1,2,99,-1,2,0,0,1,1,5,25,1,1,1,608011156
1,0,1,2,99,-1,2,0,0,1,2,1,18,1,0,1,608011156
1,0,1,2,99,-1,2,0,0,1,2,3,25,1,0,1,608011156
1,0,1,2,99,-1,2,0,0,1,2,5,25,1,0,1,608011156
1,0,1,2,99,-1,2,0,1,1,1,5,25,1,1,1,608011156
1,0,1,2,99,-1,2,0,4,0,2,6,24,1,0,1,608011156
1,0,1,2,99,-1,2,0,9,1,0,17,25,1,1,1,608011156
1,0,1,2,99,-1,3,0,0,0,0,5,-1,0,0,1,608011156
1,0,1,2,99,-1,3,0,0,1,0,5,-1,0,0,1,608011156
1,0,1,2,99,-1,99,0,0,0,1,5,-1,1,0,1,608011156
1,0,1,2,99,30,1,0,0,1,0,3,55,0,0,1,608011156
1,0,1,2,99,30,1,0,0,1,0,5,24,0,0,1,608011156
1,0,1,2,99,30,1,0,0,1,0,5,25,0,0,1,608011156
1,0,1,2,99,30,1,0,0,1,0,5,55,0,0,1,608011156
1,0,1,2,99,30,1,0,0,1,0,34,55,0,0,1,608011156
1,0,1,2,99,30,1,0,0,1,2,15,55,0,0,1,608011156
1,0,1,2,99,30,1,0,1,1,0,346,25,0,0,1,608011156
1,0,1,2,99,30,2,0,0,0,0,3,25,1,0,1,608011156
1,0,1,2,99,60,1,0,0,0,0,5,25,0,0,1,608011156
1,0,1,2,99,60,1,0,0,0,2,3,25,0,0,1,608011156
2,0,1,2,99,60,1,0,0,1,0,5,25,0,0,1,608011156
1,0,1,2,99,60,1,0,0,1,0,5,55,0,0,1,608011156
1,0,1,2,99,60,1,0,0,1,0,15,55,0,0,1,608011156
1,0,1,2,99,60,1,0,0,1,0,236,25,0,0,1,608011156
2,0,1,2,99,60,1,0,1,1,0,5,25,0,0,1,608011156
1,0,1,2,99,60,1,0,1,1,0,5,55,0,0,1,608011156
1,0,1,2,99,60,1,0,4,0,0,5,25,0,0,1,608011156
1,0,1,2,99,60,1,0,9,1,0,5,25,0,0,1,608011156
1,0,1,2,99,60,1,1,0,0,0,5,25,0,0,1,608011156
1,0,1,2,99,60,2,0,0,0,0,3,25,1,0,1,608011156
1,0,1,2,99,90,1,0,0,0,0,5,25,0,0,1,608011156
1,0,1,2,99,90,1,0,0,1,0,5,25,0,0,1,608011156
1,0,1,2,99,90,1,0,0,1,2,35,25,0,0,1,608011156
1,0,1,2,99,90,1,0,4,0,0,5,55,0,0,1,608011156
1,0,1,2,99,90,1,0,4,0,1,5,25,0,0,1,608011156
1,0,1,2,99,90,1,0,9,1,0,35,25,0,0,1,608011156
1,0,1,2,99,90,1,0,9,1,1,5,25,0,0,1,608011156
1,0,1,2,99,180,1,0,0,0,0,235,24,0,0,1,608011156
1,0,1,2,99,180,1,0,0,1,0,5,25,0,0,1,608011156
1,0,1,2,99,180,1,0,0,1,0,5,55,0,0,1,608011156
1,0,1,2,99,180,1,0,0,1,1,5,25,0,0,1,608011156
1,0,1,2,99,180,1,0,0,1,1,123,25,0,0,1,608011156
1,0,1,2,99,180,1,0,1,1,1,5,25,0,0,1,608011156
1,0,1,2,99,180,1,0,4,0,0,5,25,0,0,1,608011156
1,0,1,2,99,180,1,1,0,0,0,5,25,0,0,1,608011156
1,0,1,2,99,180,2,0,0,0,0,35,25,1,0,1,608011156
1,0,1,2,99,180,2,0,0,0,2,56,25,1,0,1,608011156
1,0,1,2,99,180,3,0,0,0,0,5,-1,0,0,1,608011156
1,0,1,2,99,365,1,0,0,0,2,5,25,0,0,1,608011156
1,0,1,2,99,365,1,0,0,1,0,14,25,0,0,1,608011156
1,0,1,2,101,-1,1,0,0,0,0,2,18,0,0,1,608011156
1,0,1,2,101,-1,1,0,0,0,0,3,18,0,0,1,608011156
1,0,1,2,101,-1,1,0,0,0,0,3,25,0,0,1,608011156
2,0,1,2,101,-1,1,0,0,0,0,5,25,0,0,1,608011156
1,0,1,2,101,-1,1,0,0,0,0,36,24,0,0,1,608011156
1,0,1,2,101,-1,1,0,0,0,2,5,55,0,0,1,608011156
2,0,1,2,101,-1,1,0,0,1,0,3,25,0,0,1,608011156
1,0,1,2,101,-1,1,0,0,1,0,5,25,0,0,1,608011156
1,0,1,2,101,-1,1,0,0,1,0,134,25,1,0,1,608011156
1,0,1,2,101,-1,1,0,0,1,2,46,55,0,0,1,608011156
1,0,1,2,101,-1,1,0,0,1,2,124,25,0,0,1,608011156
1,0,1,2,101,-1,1,0,1,1,0,3,25,0,0,1,608011156
1,0,1,2,101,-1,1,0,1,1,0,5,55,0,0,1,608011156
1,0,1,2,101,-1,1,0,4,0,2,237,25,0,0,1,608011156
1,0,1,2,101,-1,1,0,9,1,0,5,55,0,0,1,608011156
1,0,1,2,101,-1,1,0,9,1,2,5,25,0,0,1,608011156
1,0,1,2,101,-1,2,0,0,0,1,3,25,1,1,1,608011156
1,0,1,2,101,30,1,0,0,1,2,2,25,0,0,1,608011156
1,0,1,2,101,60,1,0,0,1,0,5,25,0,0,1,608011156
1,0,1,2,101,60,1,0,0,1,1,5,25,0,0,1,608011156
1,0,1,2,101,90,1,0,0,1,0,5,25,0,0,1,608011156
1,0,1,2,101,180,1,0,0,1,0,56,25,0,0,1,608011156
1,0,1,2,116,-1,1,0,0,0,0,2,25,0,0,1,608011156
1,0,1,2,116,-1,1,0,0,0,0,3,25,0,0,1,608011156
1,0,1,2,116,-1,1,0,0,0,0,5,25,0,0,1,608011156
1,0,1,2,116,-1,1,0,0,0,0,12,55,0,0,1,608011156
1,0,1,2,116,-1,1,0,0,0,0,135,55,0,0,1,608011156
1,0,1,2,116,-1,1,0,0,0,0,235,25,0,0,1,608011156
1,0,1,2,116,-1,1,0,0,0,1,3,25,0,0,1,608011156
1,0,1,2,116,-1,1,0,0,0,1,5,25,0,0,1,608011156
1,0,1,2,116,-1,1,0,0,0,2,5,25,0,0,1,608011156
1,0,1,2,116,-1,1,0,0,1,0,5,25,0,0,1,608011156
1,0,1,2,116,-1,1,0,0,1,0,24,25,0,0,1,608011156
1,0,1,2,116,-1,1,0,0,1,2,5,25,0,0,1,608011156
1,0,1,2,116,-1,1,0,0,1,2,5,55,0,0,1,608011156
1,0,1,2,116,-1,1,0,0,1,2,56,25,0,0,1,608011156
1,0,1,2,116,-1,1,0,0,1,2,57,25,0,0,1,608011156
1,0,1,2,116,-1,1,0,1,1,0,456,25,0,0,1,608011156
1,0,1,2,116,-1,1,0,1,1,2,56,55,0,0,1,608011156
1,0,1,2,116,-1,1,0,4,0,0,36,55,0,0,1,608011156
1,0,1,2,116,-1,1,0,4,0,2,56,55,0,0,1,608011156
1,0,1,2,116,-1,1,0,9,1,0,5,25,0,0,1,608011156
1,0,1,2,116,60,1,0,1,1,0,5,25,0,0,1,608011156
1,0,1,2,118,-1,1,0,0,1,0,5,25,0,0,1,608011156
1,0,1,2,118,-1,1,0,0,1,1,5,25,0,0,1,608011156
1,0,1,2,118,-1,2,0,0,0,1,98,25,1,1,1,608011156
1,0,1,2,204,-1,1,0,0,1,0,5,55,0,0,1,608011156
1,0,1,2,204,-1,1,0,0,1,1,35,25,0,0,1,608011156
1,0,1,2,204,-1,1,0,0,1,2,5,25,0,0,1,608011156
1,0,1,2,204,-1,1,0,0,1,2,17,25,0,0,1,608011156
1,0,1,2,204,-1,1,0,1,1,0,5,55,0,0,1,608011156
1,0,1,2,204,-1,1,0,1,1,0,126,25,0,0,1,608011156
1,0,1,2,204,-1,1,0,4,0,0,23,25,0,0,1,608011156
1,0,1,2,204,-1,3,0,0,0,1,5,-1,0,0,1,608011156
1,0,1,2,204,60,1,0,1,1,0,5,25,0,0,1,608011156
1,0,1,2,204,180,1,0,1,1,0,3,25,0,0,1,608011156
1,0,1,2,205,-1,1,0,0,0,1,5,25,0,0,1,608011156
1,0,1,2,205,-1,1,0,0,1,0,5,25,0,0,1,608011156
1,0,1,2,205,-1,1,0,9,1,2,5,25,0,0,1,608011156
1,0,1,2,205,365,1,0,0,1,0,247,25,0,0,1,608011156
1,0,1,2,206,-1,1,0,0,0,0,5,25,0,0,1,608011156
1,0,1,2,206,-1,1,0,0,0,0,5,55,0,0,5,608011156
1,0,1,2,206,-1,1,0,0,0,0,127,55,0,0,1,608011156
2,0,1,2,206,-1,1,0,0,1,0,5,25,0,0,1,608011156
2,0,1,2,206,-1,1,0,0,1,0,5,55,0,0,1,608011156
1,0,1,2,206,-1,1,0,0,1,0,134,25,0,0,1,608011156
1,0,1,2,206,-1,1,0,0,1,2,5,25,0,0,1,608011156
1,0,1,2,206,-1,1,0,0,1,2,5,55,0,0,1,608011156
1,0,1,2,206,-1,1,0,9,1,0,5,55,0,0,1,608011156
1,0,1,2,206,-1,1,1,0,0,2,5,25,0,0,1,608011156
1,0,1,2,206,-1,1,1,0,1,2,5,55,0,0,1,608011156
1,0,1,2,206,30,1,0,9,1,0,5,25,0,0,1,608011156
1,0,1,2,206,60,1,0,0,1,0,3,25,0,0,1,608011156
1,0,1,2,206,90,1,0,0,0,0,5,24,0,0,1,608011156
1,0,1,2,206,90,1,0,0,1,0,3,25,0,0,1,608011156
1,0,1,2,206,90,1,0,0,1,0,5,25,0,0,1,608011156
1,0,1,2,206,365,1,0,0,1,0,5,55,0,0,1,608011156
1,0,1,2,207,-1,1,0,0,0,0,5,18,0,0,1,608011156
1,0,1,2,207,-1,1,0,0,0,0,5,25,0,0,1,608011156
1,0,1,2,207,-1,1,0,0,0,0,56,25,0,0,1,608011156
1,0,1,2,207,-1,1,0,0,0,2,3,25,0,0,1,608011156
1,0,1,2,207,-1,1,0,0,1,0,3,25,0,0,1,608011156
1,0,1,2,207,-1,1,0,0,1,0,5,25,0,0,1,608011156
1,0,1,2,207,-1,1,0,0,1,0,25,25,0,0,1,608011156
1,0,1,2,207,-1,1,0,0,1,2,5,25,0,0,1,608011156
1,0,1,2,207,-1,1,0,1,1,0,135,55,0,0,1,608011156
1,0,1,2,207,-1,1,0,4,0,0,5,25,0,0,1,608011156
1,0,1,2,207,-1,1,0,4,0,1,3,25,0,0,1,608011156
1,0,1,2,207,-1,1,1,0,1,0,5,55,0,0,1,608011156
1,0,1,2,207,90,1,0,4,0,0,5,25,0,0,1,608011156
1,0,1,2,225,-1,1,0,0,1,0,5,25,0,0,1,608011156
1,0,1,2,225,-1,1,0,0,1,0,5,55,0,0,1,608011156
1,0,1,2,302,-1,1,0,0,0,2,136,25,0,0,1,608011156
2,0,1,2,302,-1,1,0,0,1,0,5,25,0,0,1,608011156
1,0,1,2,302,-1,1,0,0,1,1,5,25,0,0,1,608011156
1,0,1,2,302,-1,1,0,0,1,1,5,55,0,0,1,608011156
1,0,1,2,302,-1,1,0,0,1,2,3,25,0,0,1,608011156
1,0,1,2,302,-1,1,0,9,1,2,1,25,0,0,1,608011156
1,0,1,2,302,-1,1,1,0,1,2,3,55,0,0,1,608011156
1,0,1,2,302,-1,2,0,0,0,1,3,25,1,0,1,608011156
1,0,1,2,302,-1,2,0,0,1,0,5,25,1,0,1,608011156
1,0,1,2,302,-1,2,0,0,1,2,5,25,1,0,1,608011156
1,0,1,2,302,-1,2,0,0,1,2,5,25,1,1,1,608011156
1,0,1,2,302,-1,2,0,4,0,0,5,25,1,0,1,608011156
1,0,1,2,302,180,3,0,0,1,1,5,-1,0,0,1,608011156
1,0,1,2,312,-1,1,0,0,0,0,3,25,0,0,1,608011156
2,0,1,2,312,-1,1,0,0,0,0,5,25,0,0,1,608011156
1,0,1,2,312,-1,1,0,0,0,0,6,25,0,0,1,608011156
1,0,1,2,312,-1,1,0,0,0,0,16,25,0,0,1,608011156
1,0,1,2,312,-1,1,0,0,0,1,24,25,1,0,1,608011156
2,0,1,2,312,-1,1,0,0,0,2,5,25,0,0,1,608011156
1,0,1,2,312,-1,1,0,0,0,2,46,25,0,0,1,608011156
1,0,1,2,312,-1,1,0,0,1,0,5,18,0,0,1,608011156
8,0,1,2,312,-1,1,0,0,1,0,5,25,0,0,1,608011156
4,0,1,2,312,-1,1,0,0,1,0,5,55,0,0,1,608011156
1,0,1,2,312,-1,1,0,0,1,0,56,55,0,0,1,608011156
1,0,1,2,312,-1,1,0,0,1,2,5,18,0,0,1,608011156
3,0,1,2,312,-1,1,0,0,1,2,5,25,0,0,1,608011156
2,0,1,2,312,-1,1,0,1,1,0,5,25,0,0,1,608011156
1,0,1,2,312,-1,1,0,1,1,1,56,25,0,0,1,608011156
2,0,1,2,312,-1,1,0,1,1,2,5,25,0,0,1,608011156
1,0,1,2,312,-1,1,0,1,1,2,56,25,0,0,1,608011156
1,0,1,2,312,-1,1,0,4,0,0,5,25,0,0,1,608011156
1,0,1,2,312,-1,1,0,9,0,0,6,18,0,0,1,608011156
1,0,1,2,312,-1,1,0,9,0,0,135,25,0,0,1,608011156
1,0,1,2,312,-1,1,0,9,1,0,3,55,0,0,1,608011156
1,0,1,2,312,-1,1,0,9,1,0,5,25,0,0,1,608011156
1,0,1,2,312,-1,1,0,9,1,1,6,25,0,0,1,608011156
2,0,1,2,312,-1,1,1,0,1,0,3,55,0,0,1,608011156
1,0,1,2,312,-1,2,0,0,0,0,2,25,1,0,1,608011156
1,0,1,2,312,-1,2,0,0,0,0,25,25,1,1,1,608011156
1,0,1,2,312,-1,2,0,0,0,1,5,18,1,0,1,608011156
1,0,1,2,312,-1,2,0,0,0,1,35,25,0,0,1,608011156
1,0,1,2,312,-1,2,0,0,0,2,5,18,1,0,1,608011156
1,0,1,2,312,-1,2,0,0,0,2,5,25,1,0,1,608011156
1,0,1,2,312,-1,2,0,0,1,0,5,25,1,0,1,608011156
1,0,1,2,312,-1,2,0,0,1,0,56,25,1,0,1,608011156
1,0,1,2,312,-1,2,0,0,1,2,5,25,1,1,1,608011156
1,0,1,2,312,-1,2,0,9,0,0,3,25,1,0,1,608011156
1,0,1,2,312,-1,2,0,9,0,2,5,25,1,0,1,608011156
1,0,1,2,312,-1,2,0,9,1,0,5,25,1,0,1,608011156
1,0,1,2,312,30,1,0,0,1,2,5,25,0,0,1,608011156
1,0,1,2,312,90,1,0,0,0,0,3,25,0,0,1,608011156
1,0,1,2,312,180,1,0,0,1,0,5,18,0,0,1,608011156
1,0,1,2,312,180,1,0,0,1,1,5,18,0,0,1,608011156
1,0,1,2,313,-1,1,0,0,0,0,3,24,0,0,1,608011156
1,0,1,2,313,-1,1,0,0,0,0,3,25,0,0,1,608011156
3,0,1,2,313,-1,1,0,0,0,0,5,18,0,0,1,608011156
5,0,1,2,313,-1,1,0,0,0,0,5,25,0,0,1,608011156
1,0,1,2,313,-1,1,0,0,0,0,5,55,0,0,1,608011156
1,0,1,2,313,-1,1,0,0,0,0,15,25,0,0,1,608011156
1,0,1,2,313,-1,1,0,0,0,0,347,25,0,0,1,608011156
1,0,1,2,313,-1,1,0,0,0,1,3,25,0,0,1,608011156
1,0,1,2,313,-1,1,0,0,0,1,5,25,1,0,1,608011156
1,0,1,2,313,-1,1,0,0,0,2,1,25,0,0,1,608011156
3,0,1,2,313,-1,1,0,0,0,2,5,25,0,0,1,608011156
2,0,1,2,313,-1,1,0,0,1,0,3,55,0,0,1,608011156
2,0,1,2,313,-1,1,0,0,1,0,5,18,0,0,1,608011156
9,0,1,2,313,-1,1,0,0,1,0,5,25,0,0,1,608011156
2,0,1,2,313,-1,1,0,0,1,0,5,55,0,0,1,608011156
1,0,1,2,313,-1,1,0,0,1,0,14,25,0,0,1,608011156
1,0,1,2,313,-1,1,0,0,1,0,35,18,0,0,1,608011156
1,0,1,2,313,-1,1,0,0,1,0,56,25,0,0,1,608011156
1,0,1,2,313,-1,1,0,0,1,0,98,18,0,0,1,608011156
1,0,1,2,313,-1,1,0,0,1,1,147,25,0,0,1,608011156
3,0,1,2,313,-1,1,0,0,1,2,5,25,0,0,1,608011156
1,0,1,2,313,-1,1,0,0,1,2,5,55,0,0,1,608011156
1,0,1,2,313,-1,1,0,0,1,2,15,25,0,0,1,608011156
1,0,1,2,313,-1,1,0,0,1,2,125,25,0,0,1,608011156
1,0,1,2,313,-1,1,0,0,1,2,234,25,0,0,1,608011156
1,0,1,2,313,-1,1,0,0,1,2,357,55,0,0,1,608011156
1,0,1,2,313,-1,1,0,0,1,3,3,25,0,0,1,608011156
1,0,1,2,313,-1,1,0,0,1,3,5,25,0,0,1,608011156
1,0,1,2,313,-1,1,0,1,1,0,5,18,0,0,1,608011156
2,0,1,2,313,-1,1,0,1,1,0,5,25,0,0,1,608011156
1,0,1,2,313,-1,1,0,1,1,0,5,55,0,0,1,608011156
1,0,1,2,313,-1,1,0,1,1,1,5,25,0,0,1,608011156
2,0,1,2,313,-1,1,0,1,1,2,3,25,0,0,1,608011156
1,0,1,2,313,-1,1,0,1,1,2,56,25,0,0,1,608011156
1,0,1,2,313,-1,1,0,4,0,0,5,55,0,0,1,608011156
1,0,1,2,313,-1,1,0,6,1,1,5,25,0,0,1,608011156
2,0,1,2,313,-1,1,0,9,0,0,5,25,0,0,1,608011156
1,0,1,2,313,-1,1,0,9,1,0,5,25,0,0,1,608011156
1,0,1,2,313,-1,1,1,0,1,2,3,25,0,0,1,608011156
1,0,1,2,313,-1,1,1,4,0,0,3,25,0,0,1,608011156
1,0,1,2,313,-1,2,0,0,0,0,5,25,1,0,1,608011156
1,0,1,2,313,-1,2,0,0,0,1,3,25,1,0,1,608011156
1,0,1,2,313,-1,2,0,0,0,2,5,18,0,0,1,608011156
1,0,1,2,313,-1,2,0,0,1,1,3,25,1,1,1,608011156
1,0,1,2,313,-1,2,0,0,1,2,5,25,1,0,1,608011156
1,0,1,2,313,-1,2,0,1,1,2,5,25,1,0,1,608011156
1,0,1,2,313,-1,3,0,0,1,0,236,-1,0,0,1,608011156
1,0,1,2,313,-1,3,0,0,1,2,5,-1,0,0,1,608011156
1,0,1,2,313,-1,3,0,0,1,2,36,-1,0,0,1,608011156
1,0,1,2,313,60,1,0,0,1,0,157,25,0,0,1,608011156
1,0,1,2,313,60,1,0,9,1,0,6,18,0,0,1,608011156
1,0,1,2,313,60,2,0,0,1,2,5,25,1,0,1,608011156
1,0,1,2,313,180,1,0,0,1,0,5,25,0,0,1,608011156
1,0,1,2,313,365,1,0,0,0,0,5,55,0,0,1,608011156
5,0,1,2,314,-1,1,0,0,0,0,5,25,0,0,1,608011156
2,0,1,2,314,-1,1,0,0,0,0,5,55,0,0,1,608011156
1,0,1,2,314,-1,1,0,0,0,0,12,55,0,0,1,608011156
1,0,1,2,314,-1,1,0,0,0,0,36,25,0,0,1,608011156
1,0,1,2,314,-1,1,0,0,0,0,245,25,0,0,1,608011156
1,0,1,2,314,-1,1,0,0,0,2,5,25,0,0,1,608011156
3,0,1,2,314,-1,1,0,0,1,0,3,55,0,0,1,608011156
1,0,1,2,314,-1,1,0,0,1,0,5,25,0,0,1,608011156
2,0,1,2,314,-1,1,0,0,1,0,5,55,0,0,1,608011156
1,0,1,2,314,-1,1,0,0,1,0,135,25,0,0,1,608011156
1,0,1,2,314,-1,1,0,0,1,1,1,25,0,0,1,608011156
1,0,1,2,314,-1,1,0,0,1,1,5,55,0,0,1,608011156
1,0,1,2,314,-1,1,0,0,1,2,4,25,1,0,1,608011156
1,0,1,2,314,-1,1,0,0,1,2,5,25,0,0,1,608011156
1,0,1,2,314,-1,1,0,0,1,2,5,25,1,0,1,608011156
1,0,1,2,314,-1,1,0,0,1,2,5,55,0,0,1,608011156
1,0,1,2,314,-1,1,0,0,1,2,56,18,0,0,1,608011156
1,0,1,2,314,-1,1,0,0,1,2,357,25,0,0,1,608011156
2,0,1,2,314,-1,1,0,1,1,0,5,25,0,0,1,608011156
2,0,1,2,314,-1,1,0,4,0,0,3,25,0,0,1,608011156
1,0,1,2,314,-1,1,0,9,1,0,3,25,0,0,1,608011156
1,0,1,2,314,-1,1,0,9,1,0,5,55,0,0,1,608011156
1,0,1,2,314,-1,1,1,0,0,0,3,25,0,0,1,608011156
1,0,1,2,314,-1,1,1,9,1,0,5,55,0,0,1,608011156
1,0,1,2,314,-1,2,0,0,0,0,3,25,1,1,1,608011156
1,0,1,2,314,-1,2,0,0,0,0,5,25,1,1,1,608011156
1,0,1,2,314,-1,2,0,0,0,0,98,25,1,0,1,608011156
1,0,1,2,314,-1,2,0,0,1,0,135,25,1,0,1,608011156
1,0,1,2,314,-1,2,0,0,1,2,5,24,1,0,1,608011156
1,0,1,2,314,-1,2,0,1,1,2,5,25,1,0,1,608011156
1,0,1,2,314,-1,2,0,4,0,1,5,25,1,0,1,608011156
1,0,1,2,314,-1,2,0,9,0,0,5,25,0,0,1,608011156
1,0,1,2,314,-1,2,0,9,1,2,35,25,1,1,1,608011156
1,0,1,2,314,-1,2,1,0,1,1,5,25,1,0,1,608011156
1,0,1,2,314,-1,3,0,0,0,0,5,-1,0,0,1,608011156
1,0,1,2,314,-1,3,0,0,0,2,35,-1,1,0,1,608011156
1,0,1,2,314,-1,99,0,0,0,0,5,-1,0,0,1,608011156
1,0,1,2,314,90,1,0,0,1,0,3,55,0,0,1,608011156
1,0,1,2,314,180,1,0,0,1,1,5,25,0,0,1,608011156
1,0,1,2,314,365,1,0,0,1,0,5,25,0,0,1,608011156
1,0,1,2,329,-1,1,0,0,1,0,5,55,0,0,1,608011156
1,0,1,2,329,-1,1,1,0,1,0,2,55,0,0,1,608011156
1,0,1,2,329,-1,3,0,0,1,0,5,-1,0,0,1,608011156
1,0,1,2,410,-1,1,0,0,0,0,2,25,0,0,1,608011156
1,0,1,2,410,-1,1,0,0,0,0,3,25,0,0,1,608011156
8,0,1,2,410,-1,1,0,0,0,0,5,25,0,0,1,608011156
3,0,1,2,410,-1,1,0,0,0,0,5,55,0,0,1,608011156
1,0,1,2,410,-1,1,0,0,0,0,56,25,0,0,1,608011156
1,0,1,2,410,-1,1,0,0,0,1,3,25,0,0,1,608011156
1,0,1,2,410,-1,1,0,0,0,1,5,25,0,0,1,608011156
1,0,1,2,410,-1,1,0,0,0,2,3,25,0,0,1,608011156
1,0,1,2,410,-1,1,0,0,0,2,5,25,0,0,1,608011156
1,0,1,2,410,-1,1,0,0,0,2,5,55,0,0,1,608011156
1,0,1,2,410,-1,1,0,0,0,2,47,25,0,0,1,608011156
1,0,1,2,410,-1,1,0,0,0,2,56,18,0,0,1,608011156
1,0,1,2,410,-1,1,0,0,1,0,2,25,0,0,1,608011156
1,0,1,2,410,-1,1,0,0,1,0,3,24,0,0,1,608011156
3,0,1,2,410,-1,1,0,0,1,0,3,25,0,0,1,608011156
3,0,1,2,410,-1,1,0,0,1,0,3,55,0,0,1,608011156
5,0,1,2,410,-1,1,0,0,1,0,5,25,0,0,1,608011156
3,0,1,2,410,-1,1,0,0,1,0,5,55,0,0,1,608011156
1,0,1,2,410,-1,1,0,0,1,0,6,25,0,0,1,608011156
1,0,1,2,410,-1,1,0,0,1,0,13,24,0,0,1,608011156
1,0,1,2,410,-1,1,0,0,1,0,35,25,0,0,1,608011156
1,0,1,2,410,-1,1,0,0,1,0,45,25,0,0,1,608011156
1,0,1,2,410,-1,1,0,0,1,0,56,55,0,0,1,608011156
1,0,1,2,410,-1,1,0,0,1,1,3,25,0,0,1,608011156
2,0,1,2,410,-1,1,0,0,1,1,5,25,0,0,1,608011156
1,0,1,2,410,-1,1,0,0,1,2,3,25,0,0,1,608011156
1,0,1,2,410,-1,1,0,0,1,2,3,55,0,0,1,608011156
3,0,1,2,410,-1,1,0,0,1,2,5,25,0,0,1,608011156
1,0,1,2,410,-1,1,0,0,1,2,15,18,0,0,1,608011156
1,0,1,2,410,-1,1,0,0,1,2,167,25,0,0,1,608011156
1,0,1,2,410,-1,1,0,1,1,1,3,25,0,0,1,608011156
2,0,1,2,410,-1,1,0,1,1,2,5,25,0,0,1,608011156
1,0,1,2,410,-1,1,0,4,0,0,5,25,0,0,1,608011156
1,0,1,2,410,-1,1,0,4,0,2,5,18,0,0,1,608011156
1,0,1,2,410,-1,1,0,4,0,2,5,25,0,0,1,608011156
1,0,1,2,410,-1,1,0,6,1,0,5,25,0,0,1,608011156
1,0,1,2,410,-1,1,0,9,1,0,245,25,0,0,1,608011156
1,0,1,2,410,-1,1,1,0,0,0,3,18,0,0,1,608011156
1,0,1,2,410,-1,1,1,0,0,0,147,55,0,0,1,608011156
1,0,1,2,410,-1,1,1,0,0,2,1,18,0,0,1,608011156
1,0,1,2,410,-1,1,1,0,1,0,3,25,0,0,1,608011156
2,0,1,2,410,-1,1,1,0,1,0,5,55,0,0,1,608011156
1,0,1,2,410,-1,2,0,0,0,0,3,18,1,0,1,608011156
5,0,1,2,410,-1,2,0,0,0,0,3,25,1,0,1,608011156
2,0,1,2,410,-1,2,0,0,0,0,3,25,1,1,1,608011156
1,0,1,2,410,-1,2,0,0,0,0,5,25,1,0,1,608011156
2,0,1,2,410,-1,2,0,0,0,0,5,25,1,1,1,608011156
1,0,1,2,410,-1,2,0,0,0,0,14,18,1,0,1,608011156
1,0,1,2,410,-1,2,0,0,0,0,15,25,1,0,1,608011156
1,0,1,2,410,-1,2,0,0,0,0,346,25,1,0,1,608011156
2,0,1,2,410,-1,2,0,0,0,1,3,25,1,0,1,608011156
1,0,1,2,410,-1,2,0,0,0,1,3,25,1,1,1,608011156
1,0,1,2,410,-1,2,0,0,0,1,5,25,1,0,1,608011156
1,0,1,2,410,-1,2,0,0,0,1,15,25,1,0,1,608011156
2,0,1,2,410,-1,2,0,0,0,2,3,25,1,1,1,608011156
1,0,1,2,410,-1,2,0,0,1,0,3,24,1,0,1,608011156
1,0,1,2,410,-1,2,0,0,1,0,3,25,1,0,1,608011156
4,0,1,2,410,-1,2,0,0,1,0,5,25,1,0,1,608011156
1,0,1,2,410,-1,2,0,0,1,1,5,25,1,1,1,608011156
1,0,1,2,410,-1,2,0,0,1,1,167,25,1,1,1,608011156
1,0,1,2,410,-1,2,0,0,1,2,5,25,1,0,1,608011156
1,0,1,2,410,-1,2,0,0,1,2,56,25,1,0,1,608011156
1,0,1,2,410,-1,2,0,9,1,0,3,25,1,0,1,608011156
1,0,1,2,410,-1,2,0,9,1,3,124,25,1,0,1,608011156
1,0,1,2,410,-1,3,0,0,0,0,235,-1,0,0,1,608011156
1,0,1,2,410,60,1,0,0,1,2,5,25,0,0,1,608011156
1,0,1,2,410,60,1,1,1,1,2,16,25,0,0,1,608011156
1,0,1,2,410,60,2,0,0,0,2,5,25,1,0,1,608011156
1,0,1,2,410,90,1,0,0,0,0,3,25,0,0,1,608011156
1,0,1,2,410,180,1,0,0,0,0,57,25,0,0,1,608011156
1,0,1,2,410,180,1,0,0,0,2,5,25,0,0,1,608011156
1,0,1,2,410,180,1,0,0,0,2,56,25,0,0,1,608011156
1,0,1,2,410,180,1,0,0,1,0,3,25,0,0,1,608011156
1,0,1,2,410,180,1,0,0,1,0,146,24,0,0,1,608011156
1,0,1,2,410,180,2,0,0,1,2,3,25,1,0,1,608011156
1,0,1,2,410,365,1,0,9,1,0,245,25,0,0,1,608011156
1,0,1,2,410,365,2,0,0,0,0,136,25,1,1,1,608011156
1,0,1,2,410,365,3,0,0,0,2,36,-1,0,0,1,608011156
1,0,1,2,411,-1,1,0,0,0,0,5,55,0,0,1,608011156
1,0,1,2,411,-1,1,0,0,1,1,3,55,0,0,1,608011156
1,0,1,2,411,-1,1,1,0,0,0,6,55,0,0,1,608011156
1,0,1,2,411,-1,2,0,0,0,0,5,25,1,0,1,608011156
1,0,1,2,411,-1,2,0,0,0,0,56,25,1,0,1,608011156
1,0,1,2,411,-1,2,0,0,1,1,15,25,1,0,1,608011156
1,0,1,2,420,-1,1,0,0,0,2,24,25,0,0,1,608011156
1,0,1,2,420,-1,1,0,0,1,0,5,25,0,0,1,608011156
1,0,1,2,420,-1,1,0,0,1,0,5,55,0,0,1,608011156
1,0,1,2,420,-1,1,0,0,1,0,136,55,0,0,1,608011156
1,0,1,2,420,-1,1,0,0,1,1,1,25,0,0,1,608011156
2,0,1,2,420,-1,1,0,0,1,2,5,25,0,0,1,608011156
1,0,1,2,420,-1,1,0,0,1,2,5,55,0,0,1,608011156
1,0,1,2,420,-1,1,0,1,1,0,5,55,0,0,1,608011156
1,0,1,2,420,-1,1,1,0,1,0,3,55,0,0,1,608011156
1,0,1,2,420,-1,1,1,1,1,0,5,55,0,0,1,608011156
1,0,1,2,420,-1,2,0,0,0,0,3,25,1,1,1,608011156
1,0,1,2,420,-1,2,0,0,0,1,56,24,1,0,1,608011156
1,0,1,2,420,-1,2,0,0,0,2,5,25,1,0,1,608011156
1,0,1,2,420,-1,2,0,0,1,0,237,24,1,0,1,608011156
1,0,1,2,420,-1,2,0,0,1,1,5,25,1,0,1,608011156
1,0,1,2,420,-1,2,0,0,1,2,5,25,1,0,1,608011156
1,0,1,2,420,-1,2,0,9,1,0,3,25,1,0,1,608011156
1,0,1,2,421,-1,2,0,1,1,2,3,25,1,1,1,608011156
1,0,1,2,422,-1,1,0,0,0,0,3,18,0,0,1,608011156
1,0,1,2,422,-1,1,0,0,0,0,3,24,0,0,1,608011156
6,0,1,2,422,-1,1,0,0,0,0,3,25,0,0,1,608011156
1,0,1,2,422,-1,1,0,0,0,0,3,55,0,0,1,608011156
1,0,1,2,422,-1,1,0,0,0,0,5,18,0,0,1,608011156
1,0,1,2,422,-1,1,0,0,0,0,5,24,0,0,1,608011156
4,0,1,2,422,-1,1,0,0,0,0,5,25,0,0,1,608011156
3,0,1,2,422,-1,1,0,0,0,0,5,55,0,0,1,608011156
1,0,1,2,422,-1,1,0,0,0,0,23,25,0,0,1,608011156
1,0,1,2,422,-1,1,0,0,0,0,34,25,0,0,1,608011156
1,0,1,2,422,-1,1,0,0,0,0,36,25,0,0,1,608011156
1,0,1,2,422,-1,1,0,0,0,0,56,25,0,0,1,608011156
1,0,1,2,422,-1,1,0,0,0,0,99,25,0,0,1,608011156
1,0,1,2,422,-1,1,0,0,0,0,126,25,0,0,1,608011156
1,0,1,2,422,-1,1,0,0,0,1,5,24,0,0,1,608011156
1,0,1,2,422,-1,1,0,0,0,2,3,25,0,0,1,608011156
1,0,1,2,422,-1,1,0,0,0,2,5,24,0,0,1,608011156
1,0,1,2,422,-1,1,0,0,0,2,37,24,0,0,1,608011156
1,0,1,2,422,-1,1,0,0,0,3,3,18,0,0,1,608011156
3,0,1,2,422,-1,1,0,0,1,0,3,25,0,0,1,608011156
1,0,1,2,422,-1,1,0,0,1,0,5,18,0,0,1,608011156
4,0,1,2,422,-1,1,0,0,1,0,5,25,0,0,1,608011156
4,0,1,2,422,-1,1,0,0,1,0,5,55,0,0,1,608011156
1,0,1,2,422,-1,1,0,0,1,0,6,25,0,0,1,608011156
1,0,1,2,422,-1,1,0,0,1,0,13,55,0,0,1,608011156
1,0,1,2,422,-1,1,0,0,1,0,36,25,0,0,1,608011156
1,0,1,2,422,-1,1,0,0,1,0,56,25,0,0,1,608011156
1,0,1,2,422,-1,1,0,0,1,0,98,55,0,0,1,608011156
1,0,1,2,422,-1,1,0,0,1,1,5,18,0,0,1,608011156
2,0,1,2,422,-1,1,0,0,1,1,5,25,0,0,1,608011156
1,0,1,2,422,-1,1,0,0,1,2,1,18,0,0,1,608011156
4,0,1,2,422,-1,1,0,0,1,2,5,25,0,0,1,608011156
3,0,1,2,422,-1,1,0,1,1,0,5,25,0,0,1,608011156
1,0,1,2,422,-1,1,0,1,1,0,13,25,0,0,1,608011156
1,0,1,2,422,-1,1,0,1,1,0,98,25,0,0,1,608011156
1,0,1,2,422,-1,1,0,1,1,2,1,18,0,0,1,608011156
2,0,1,2,422,-1,1,0,1,1,2,5,25,0,0,1,608011156
1,0,1,2,422,-1,1,0,1,1,2,26,25,0,0,1,608011156
1,0,1,2,422,-1,1,0,4,0,0,1,25,0,0,1,608011156
1,0,1,2,422,-1,1,0,4,0,0,3,18,0,0,1,608011156
2,0,1,2,422,-1,1,0,4,0,0,5,25,0,0,1,608011156
1,0,1,2,422,-1,1,0,4,0,0,98,25,0,0,1,608011156
1,0,1,2,422,-1,1,0,4,0,1,26,25,0,0,1,608011156
1,0,1,2,422,-1,1,0,6,1,1,3,25,0,0,1,608011156
1,0,1,2,422,-1,1,0,9,0,0,5,55,0,0,1,608011156
1,0,1,2,422,-1,1,0,9,0,0,16,24,0,0,1,608011156
1,0,1,2,422,-1,1,0,9,1,0,5,25,0,0,1,608011156
1,0,1,2,422,-1,1,0,9,1,0,247,25,0,0,1,608011156
1,0,1,2,422,-1,1,0,9,1,2,26,55,0,0,1,608011156
1,0,1,2,422,-1,1,1,0,0,0,5,25,0,0,1,608011156
1,0,1,2,422,-1,1,1,0,1,2,5,55,0,0,1,608011156
1,0,1,2,422,-1,2,0,0,0,0,3,25,1,1,1,608011156
1,0,1,2,422,-1,2,0,0,0,0,5,25,1,0,1,608011156
1,0,1,2,422,-1,2,0,0,0,0,5,25,1,1,1,608011156
1,0,1,2,422,-1,2,0,0,0,0,145,25,1,0,1,608011156
1,0,1,2,422,-1,2,0,0,0,1,36,25,1,0,1,608011156
1,0,1,2,422,-1,2,0,0,0,2,3,24,1,0,1,608011156
1,0,1,2,422,-1,2,0,0,0,2,5,25,1,0,1,608011156
1,0,1,2,422,-1,2,0,0,0,2,15,25,1,0,1,608011156
1,0,1,2,422,-1,2,0,0,0,3,5,25,1,0,1,608011156
1,0,1,2,422,-1,2,0,0,1,0,5,25,1,0,1,608011156
1,0,1,2,422,-1,2,0,0,1,0,14,25,1,0,1,608011156
1,0,1,2,422,-1,2,0,0,1,1,2,25,1,1,1,608011156
1,0,1,2,422,-1,2,0,4,0,1,2,25,1,0,1,608011156
1,0,1,2,422,-1,2,1,0,1,0,5,25,1,0,1,608011156
1,0,1,2,422,-1,99,0,0,0,0,1,-1,0,0,1,608011156
1,0,1,2,422,30,1,0,0,0,2,3,25,0,0,1,608011156
1,0,1,2,422,30,1,0,0,1,2,3,25,0,0,1,608011156
1,0,1,2,422,30,1,0,4,0,0,5,25,0,0,1,608011156
1,0,1,2,422,30,1,0,4,0,1,5,25,0,0,1,608011156
1,0,1,2,422,60,1,0,1,1,0,5,25,0,0,1,608011156
1,0,1,2,422,90,1,0,0,1,2,5,25,0,0,1,608011156
1,0,1,2,422,180,1,0,0,0,0,5,25,0,0,1,608011156
4,0,1,2,422,180,1,0,0,1,0,5,25,0,0,1,608011156
1,0,1,2,422,180,1,0,0,1,1,5,55,0,0,1,608011156
1,0,1,2,422,180,1,0,0,1,2,5,25,0,0,1,608011156
1,0,1,2,422,365,1,0,0,0,0,5,25,0,0,1,608011156
1,0,1,2,422,365,1,0,1,1,0,5,18,0,0,1,608011156
1,0,1,2,422,365,2,0,0,0,1,146,25,1,1,1,608011156
1,0,1,2,423,-1,1,0,0,0,0,1,25,0,0,1,608011156
1,0,1,2,423,-1,1,0,0,0,0,3,18,0,0,1,608011156
3,0,1,2,423,-1,1,0,0,0,0,3,24,0,0,1,608011156
8,0,1,2,423,-1,1,0,0,0,0,3,25,0,0,1,608011156
1,0,1,2,423,-1,1,0,0,0,0,3,55,0,0,1,608011156
1,0,1,2,423,-1,1,0,0,0,0,4,25,0,0,1,608011156
15,0,1,2,423,-1,1,0,0,0,0,5,25,0,0,1,608011156
3,0,1,2,423,-1,1,0,0,0,0,5,55,0,0,1,608011156
2,0,1,2,423,-1,1,0,0,0,0,13,25,0,0,1,608011156
1,0,1,2,423,-1,1,0,0,0,0,35,24,0,0,1,608011156
2,0,1,2,423,-1,1,0,0,0,0,56,24,0,0,1,608011156
2,0,1,2,423,-1,1,0,0,0,0,56,25,0,0,1,608011156
1,0,1,2,423,-1,1,0,0,0,0,124,25,0,0,1,608011156
1,0,1,2,423,-1,1,0,0,0,0,267,25,0,0,1,608011156
1,0,1,2,423,-1,1,0,0,0,0,467,24,0,0,1,608011156
1,0,1,2,423,-1,1,0,0,0,1,3,24,0,0,1,608011156
4,0,1,2,423,-1,1,0,0,0,1,5,25,0,0,1,608011156
1,0,1,2,423,-1,1,0,0,0,1,56,18,0,0,1,608011156
1,0,1,2,423,-1,1,0,0,0,2,3,25,0,0,1,608011156
1,0,1,2,423,-1,1,0,0,0,2,5,18,0,0,1,608011156
1,0,1,2,423,-1,1,0,0,0,2,5,25,0,0,1,608011156
1,0,1,2,423,-1,1,0,0,0,2,247,25,0,0,1,608011156
3,0,1,2,423,-1,1,0,0,1,0,3,25,0,0,1,608011156
2,0,1,2,423,-1,1,0,0,1,0,3,55,0,0,1,608011156
1,0,1,2,423,-1,1,0,0,1,0,4,25,0,0,1,608011156
1,0,1,2,423,-1,1,0,0,1,0,5,24,0,0,1,608011156
11,0,1,2,423,-1,1,0,0,1,0,5,25,0,0,1,608011156
1,0,1,2,423,-1,1,0,0,1,0,5,25,1,0,1,608011156
7,0,1,2,423,-1,1,0,0,1,0,5,55,0,0,1,608011156
1,0,1,2,423,-1,1,0,0,1,0,25,25,0,0,1,608011156
2,0,1,2,423,-1,1,0,0,1,0,35,25,0,0,1,608011156
1,0,1,2,423,-1,1,0,0,1,0,127,25,0,0,1,608011156
1,0,1,2,423,-1,1,0,0,1,0,135,25,0,0,1,608011156
1,0,1,2,423,-1,1,0,0,1,0,137,25,0,0,1,608011156
1,0,1,2,423,-1,1,0,0,1,1,13,18,0,0,1,608011156
1,0,1,2,423,-1,1,0,0,1,2,3,25,0,0,1,608011156
4,0,1,2,423,-1,1,0,0,1,2,5,25,0,0,1,608011156
2,0,1,2,423,-1,1,0,0,1,2,5,55,0,0,1,608011156
1,0,1,2,423,-1,1,0,0,1,2,45,25,0,0,1,608011156
1,0,1,2,423,-1,1,0,0,1,2,56,25,0,0,1,608011156
1,0,1,2,423,-1,1,0,0,1,2,257,25,0,0,1,608011156
1,0,1,2,423,-1,1,0,0,1,2,345,55,0,0,1,608011156
1,0,1,2,423,-1,1,0,0,1,2,457,25,0,0,1,608011156
1,0,1,2,423,-1,1,0,0,1,3,3,25,0,0,1,608011156
1,0,1,2,423,-1,1,0,1,1,0,1,25,0,0,1,608011156
1,0,1,2,423,-1,1,0,1,1,0,3,55,0,0,1,608011156
1,0,1,2,423,-1,1,0,1,1,0,15,25,0,0,1,608011156
1,0,1,2,423,-1,1,0,1,1,0,16,55,0,0,1,608011156
1,0,1,2,423,-1,1,0,1,1,0,37,24,0,0,1,608011156
1,0,1,2,423,-1,1,0,1,1,0,47,55,0,0,1,608011156
1,0,1,2,423,-1,1,0,1,1,0,123,25,0,0,1,608011156
1,0,1,2,423,-1,1,0,1,1,1,5,24,0,0,1,608011156
1,0,1,2,423,-1,1,0,1,1,2,5,24,0,0,1,608011156
2,0,1,2,423,-1,1,0,1,1,2,5,25,0,0,1,608011156
1,0,1,2,423,-1,1,0,1,1,2,126,25,0,0,1,608011156
1,0,1,2,423,-1,1,0,4,0,0,3,25,0,0,1,608011156
1,0,1,2,423,-1,1,0,4,0,0,4,25,0,0,1,608011156
1,0,1,2,423,-1,1,0,4,0,0,5,18,0,0,1,608011156
4,0,1,2,423,-1,1,0,4,0,0,5,25,0,0,1,608011156
1,0,1,2,423,-1,1,0,4,0,0,56,25,0,0,1,608011156
1,0,1,2,423,-1,1,0,4,0,2,5,18,0,0,1,608011156
2,0,1,2,423,-1,1,0,4,0,2,5,25,0,0,1,608011156
1,0,1,2,423,-1,1,0,4,0,2,5,55,0,0,1,608011156
1,0,1,2,423,-1,1,0,6,1,0,237,55,0,0,1,608011156
1,0,1,2,423,-1,1,0,6,1,3,5,25,0,0,1,608011156
2,0,1,2,423,-1,1,0,9,0,0,5,25,0,0,1,608011156
1,0,1,2,423,-1,1,0,9,1,0,3,25,0,0,1,608011156
1,0,1,2,423,-1,1,0,9,1,0,56,25,0,0,1,608011156
1,0,1,2,423,-1,1,0,9,1,1,2,55,0,0,1,608011156
1,0,1,2,423,-1,1,0,9,1,2,16,25,0,0,1,608011156
2,0,1,2,423,-1,1,1,0,0,0,3,25,0,0,1,608011156
1,0,1,2,423,-1,1,1,0,0,0,3,55,0,0,1,608011156
1,0,1,2,423,-1,1,1,0,0,0,5,55,0,0,1,608011156
1,0,1,2,423,-1,1,1,0,0,0,98,25,0,0,1,608011156
1,0,1,2,423,-1,1,1,0,0,0,356,55,0,0,1,608011156
1,0,1,2,423,-1,1,1,0,1,0,5,25,0,0,1,608011156
1,0,1,2,423,-1,1,1,0,1,0,6,55,0,0,1,608011156
1,0,1,2,423,-1,1,1,0,1,2,5,25,0,0,1,608011156
1,0,1,2,423,-1,1,1,1,1,0,45,55,0,0,1,608011156
1,0,1,2,423,-1,1,1,1,1,2,5,25,0,0,1,608011156
1,0,1,2,423,-1,1,1,4,0,1,3,55,0,0,1,608011156
1,0,1,2,423,-1,2,0,0,0,0,3,24,1,0,1,608011156
1,0,1,2,423,-1,2,0,0,0,0,5,25,1,0,1,608011156
1,0,1,2,423,-1,2,0,0,0,1,1,25,1,0,1,608011156
1,0,1,2,423,-1,3,0,0,0,0,5,-1,0,0,1,608011156
1,0,1,2,423,-1,3,0,0,1,2,5,-1,0,0,1,608011156
1,0,1,2,423,30,1,0,0,0,0,3,25,0,0,1,608011156
1,0,1,2,423,30,1,1,0,1,0,5,25,0,0,1,608011156
1,0,1,2,423,60,1,0,1,1,0,5,25,0,0,1,608011156
1,0,1,2,423,60,1,0,4,0,2,3,25,0,0,1,608011156
1,0,1,2,423,90,1,0,1,1,0,5,25,0,0,1,608011156
1,0,1,2,423,180,1,0,0,0,0,3,25,0,0,1,608011156
1,0,1,2,423,180,1,0,0,0,0,5,18,0,0,1,608011156
1,0,1,2,423,180,1,0,0,0,0,25,25,0,0,1,608011156
1,0,1,2,423,180,1,0,0,0,0,137,55,0,0,1,608011156
1,0,1,2,423,180,1,0,0,0,2,35,25,0,0,1,608011156
1,0,1,2,423,180,1,0,0,1,0,3,55,0,0,1,608011156
1,0,1,2,423,180,1,0,0,1,0,5,25,0,0,1,608011156
1,0,1,2,423,180,1,0,0,1,0,5,55,0,0,1,608011156
1,0,1,2,423,180,1,0,0,1,0,357,25,0,0,1,608011156
1,0,1,2,423,180,1,0,0,1,2,5,25,1,0,1,608011156
1,0,1,2,423,180,1,0,0,1,2,346,25,0,0,1,608011156
1,0,1,2,423,180,1,0,1,1,0,237,55,0,0,1,608011156
1,0,1,2,423,365,1,0,0,0,0,3,25,0,0,1,608011156
1,0,1,2,431,-1,1,0,0,0,1,3,18,0,0,1,608011156
1,0,1,2,431,-1,1,0,0,0,1,5,25,0,0,1,608011156
1,0,1,2,431,-1,1,0,0,1,0,3,55,0,0,1,608011156
1,0,1,2,431,-1,1,0,0,1,0,5,25,0,0,1,608011156
1,0,1,2,431,-1,1,0,0,1,0,5,55,0,0,1,608011156
1,0,1,2,431,-1,1,0,0,1,1,5,55,0,0,1,608011156
1,0,1,2,431,-1,1,0,0,1,2,5,25,0,0,1,608011156
1,0,1,2,431,-1,1,0,1,1,0,5,25,0,0,1,608011156
1,0,1,2,431,-1,2,0,0,0,0,5,25,1,0,1,608011156
1,0,1,2,431,-1,2,0,0,0,1,5,25,1,0,1,608011156
1,0,1,2,433,-1,2,0,0,0,0,247,25,1,1,1,608011156
1,0,1,2,434,-1,1,0,0,0,0,3,25,1,0,1,608011156
1,0,1,2,434,-1,1,0,0,1,0,3,25,0,0,1,608011156
1,0,1,2,434,-1,1,0,0,1,0,346,55,0,0,1,608011156
1,0,1,2,434,-1,1,0,1,1,1,5,25,0,0,1,608011156
1,0,1,2,434,-1,1,0,4,0,0,5,55,0,0,1,608011156
1,0,1,2,434,-1,1,0,9,1,0,5,55,0,0,1,608011156
1,0,1,2,434,-1,2,0,0,0,0,3,25,1,0,1,608011156
1,0,1,2,434,-1,2,0,0,0,0,34,25,1,0,1,608011156
1,0,1,2,434,-1,2,0,0,1,0,5,25,1,0,1,608011156
1,0,1,2,434,-1,2,0,4,0,1,5,25,1,0,1,608011156
1,0,1,2,434,-1,2,0,9,1,0,5,25,1,1,1,608011156
1,0,1,2,434,180,1,0,0,0,2,124,25,0,0,1,608011156
1,0,1,2,440,-1,1,0,0,1,0,5,24,0,0,1,608011156
1,0,1,2,440,-1,1,0,1,1,0,36,25,0,0,1,608011156
1,0,1,2,440,-1,1,1,0,1,0,245,55,0,0,1,608011156
1,0,1,3,98,-1,3,0,0,1,0,3,-1,0,0,2,608011156
1,0,1,3,98,-1,3,0,9,1,0,347,-1,0,0,2,608011156
1,0,1,3,99,-1,1,0,0,1,2,5,25,0,0,2,608011156
1,0,1,3,99,-1,3,0,0,1,0,5,-1,0,0,2,608011156
1,0,1,3,99,-1,3,0,1,1,0,47,-1,0,0,2,608011156
1,0,1,3,99,-1,3,0,9,1,0,56,-1,0,0,2,608011156
1,0,1,3,101,-1,1,0,0,1,0,5,55,0,0,2,608011156
1,0,1,3,101,-1,1,1,0,0,0,5,55,0,0,2,608011156
1,0,1,3,101,-1,3,0,0,0,0,5,-1,0,0,2,608011156
1,0,1,3,116,30,1,1,0,1,0,5,55,0,0,2,608011156
1,0,1,3,206,-1,1,0,0,1,0,5,25,0,0,2,608011156
1,0,1,3,206,-1,1,0,1,1,2,5,25,0,0,2,608011156
1,0,1,3,206,-1,3,0,0,1,0,5,-1,0,0,2,608011156
1,0,1,3,206,180,1,1,0,0,0,5,55,0,0,2,608011156
1,0,1,3,207,-1,3,0,0,0,0,3,-1,0,0,2,608011156
1,0,1,3,215,-1,1,0,0,1,0,12,18,0,0,2,608011156
1,0,1,3,215,-1,1,0,9,1,0,56,18,0,0,2,608011156
1,0,1,3,215,-1,3,0,0,0,0,2,-1,0,0,2,608011156
1,0,1,3,215,-1,3,0,9,1,0,35,-1,0,0,2,608011156
1,0,1,3,225,-1,3,0,0,0,0,5,-1,0,0,2,608011156
2,0,1,3,302,-1,1,0,0,1,0,5,25,0,0,2,608011156
1,0,1,3,302,-1,1,0,0,1,2,5,25,0,0,2,608011156
1,0,1,3,302,-1,1,0,1,1,1,5,24,0,0,2,608011156
1,0,1,3,302,-1,1,1,0,1,0,5,25,0,0,2,608011156
1,0,1,3,302,60,1,0,0,1,0,34,25,0,0,2,608011156
2,0,1,3,312,-1,1,0,0,1,0,5,25,0,0,2,608011156
1,0,1,3,312,-1,1,0,0,1,0,17,25,0,0,2,608011156
1,0,1,3,312,-1,1,0,0,1,2,5,24,0,0,2,608011156
1,0,1,3,312,-1,1,0,1,1,0,3,55,0,0,2,608011156
1,0,1,3,313,-1,1,0,0,1,2,5,25,0,0,2,608011156
1,0,1,3,410,-1,1,0,0,1,0,3,25,0,0,2,608011156
3,0,1,3,410,-1,1,0,0,1,0,5,25,0,0,2,608011156
1,0,1,3,410,-1,1,0,0,1,2,5,25,0,0,2,608011156
1,0,1,3,410,-1,1,0,0,1,2,567,25,0,0,2,608011156
1,0,1,3,411,-1,1,0,0,1,0,5,25,0,0,2,608011156
1,0,1,3,422,-1,1,0,0,1,0,5,18,0,0,2,608011156
1,0,1,3,422,-1,1,0,0,1,0,5,25,0,0,2,608011156
1,0,1,3,422,-1,1,0,0,1,0,15,18,0,0,2,608011156
1,0,1,3,422,-1,1,0,0,1,0,56,25,0,0,2,608011156
1,0,1,3,422,-1,3,0,0,1,0,5,-1,0,0,2,608011156
1,0,1,3,422,-1,3,0,1,1,0,5,-1,0,0,2,608011156
1,0,1,3,422,365,1,1,1,1,0,5,55,0,0,2,608011156
1,0,1,4,116,-1,1,1,4,0,0,5,25,0,0,1,608011156
1,0,1,4,312,-1,1,1,1,1,0,5,25,0,0,1,608011156
1,0,1,4,428,-1,1,1,0,0,0,3,55,0,0,1,608011156
1,0,1,5,99,-1,1,0,0,1,1,5,55,0,0,4,608011156
1,0,1,5,99,-1,1,0,4,0,0,5,25,1,0,4,608011156
1,0,1,5,99,-1,1,1,0,0,0,456,55,0,0,-1,608011156
1,0,1,5,99,-1,2,0,0,0,2,5,25,1,0,4,608011156
1,0,1,5,99,-1,2,0,0,1,1,3,25,1,1,-1,608011156
1,0,1,5,101,-1,2,0,1,1,3,16,25,1,0,4,608011156
1,0,1,5,116,-1,1,0,1,1,0,5,55,0,0,4,608011156
1,0,1,5,207,-1,1,0,1,1,0,456,25,0,0,4,608011156
1,0,1,5,225,-1,1,1,1,1,0,5,55,0,0,4,608011156
1,0,1,5,312,-1,1,0,0,0,0,5,25,0,0,4,608011156
1,0,1,5,312,-1,1,0,1,1,1,35,55,0,0,4,608011156
2,0,1,5,410,-1,1,0,0,0,0,3,18,0,0,4,608011156
1,0,1,5,410,-1,1,0,0,0,0,3,25,0,0,4,608011156
1,0,1,5,410,-1,1,0,0,0,0,3,55,0,0,4,608011156
1,0,1,5,410,-1,1,0,0,0,0,147,25,0,0,4,608011156
1,0,1,5,410,-1,1,0,0,0,2,5,25,0,0,4,608011156
1,0,1,5,410,-1,1,0,0,0,2,137,25,0,0,4,608011156
1,0,1,5,410,-1,1,0,0,1,0,3,25,0,0,4,608011156
1,0,1,5,410,-1,1,0,0,1,0,3,55,0,0,4,608011156
2,0,1,5,410,-1,1,0,0,1,0,5,18,0,0,4,608011156
1,0,1,5,410,-1,1,0,0,1,0,5,25,0,0,-1,608011156
4,0,1,5,410,-1,1,0,0,1,0,5,25,0,0,4,608011156
2,0,1,5,410,-1,1,0,0,1,0,5,55,0,0,4,608011156
1,0,1,5,410,-1,1,0,0,1,0,5,55,0,0,5,608011156
1,0,1,5,410,-1,1,0,0,1,0,16,25,0,0,5,608011156
1,0,1,5,410,-1,1,0,0,1,0,36,18,0,0,4,608011156
1,0,1,5,410,-1,1,0,0,1,1,5,24,0,0,-1,608011156
1,0,1,5,410,-1,1,0,0,1,1,5,25,0,0,-1,608011156
2,0,1,5,410,-1,1,0,0,1,1,5,25,0,0,4,608011156
1,0,1,5,410,-1,1,0,0,1,1,234,55,0,0,-1,608011156
1,0,1,5,410,-1,1,0,0,1,1,267,25,0,0,4,608011156
1,0,1,5,410,-1,1,0,0,1,2,5,18,0,0,4,608011156
3,0,1,5,410,-1,1,0,0,1,2,5,25,0,0,4,608011156
1,0,1,5,410,-1,1,0,0,1,2,5,25,1,0,4,608011156
1,0,1,5,410,-1,1,0,0,1,2,5,55,0,0,4,608011156
1,0,1,5,410,-1,1,0,0,1,2,15,25,0,0,4,608011156
1,0,1,5,410,-1,1,0,1,1,0,3,25,0,0,4,608011156
1,0,1,5,410,-1,1,0,1,1,0,145,55,0,0,4,608011156
1,0,1,5,410,-1,1,0,1,1,1,125,25,0,0,4,608011156
1,0,1,5,410,-1,1,0,1,1,1,346,25,0,0,5,608011156
1,0,1,5,410,-1,1,0,1,1,2,5,18,0,0,4,608011156
4,0,1,5,410,-1,1,0,1,1,2,5,25,0,0,4,608011156
1,0,1,5,410,-1,1,0,1,1,2,5,55,0,0,4,608011156
1,0,1,5,410,-1,1,0,4,0,0,5,25,0,0,4,608011156
1,0,1,5,410,-1,1,0,4,0,0,5,55,0,0,4,608011156
1,0,1,5,410,-1,1,0,4,0,1,46,25,0,0,4,608011156
1,0,1,5,410,-1,1,1,0,0,0,3,25,0,0,4,608011156
1,0,1,5,410,-1,1,1,0,1,0,3,55,0,0,4,608011156
1,0,1,5,410,-1,1,1,0,1,0,5,24,0,0,4,608011156
1,0,1,5,410,-1,1,1,0,1,0,5,25,0,0,4,608011156
1,0,1,5,410,-1,1,1,0,1,0,5,55,0,0,4,608011156
1,0,1,5,410,-1,1,1,0,1,1,5,25,0,0,4,608011156
2,0,1,5,410,-1,1,1,0,1,2,5,25,0,0,4,608011156
1,0,1,5,410,-1,1,1,1,1,1,3,25,0,0,4,608011156
1,0,1,5,410,-1,1,1,1,1,2,1,25,0,0,4,608011156
1,0,1,5,410,-1,1,1,9,1,0,2,55,0,0,4,608011156
2,0,1,5,410,-1,1,1,9,1,0,5,25,0,0,4,608011156
1,0,1,5,410,-1,1,1,9,1,0,5,25,0,0,6,608011156
1,0,1,5,410,-1,1,1,9,1,0,56,55,0,0,4,608011156
1,0,1,5,410,-1,1,1,9,1,2,5,25,0,0,4,608011156
1,0,1,5,410,-1,2,0,0,0,0,3,25,1,0,4,608011156
1,0,1,5,410,-1,2,0,0,0,0,5,25,1,0,-1,608011156
1,0,1,5,410,-1,2,0,0,0,0,5,25,1,0,4,608011156
1,0,1,5,410,-1,2,0,0,0,0,35,25,1,0,4,608011156
3,0,1,5,410,-1,2,0,0,0,1,5,25,1,0,4,608011156
1,0,1,5,410,-1,2,0,0,0,2,5,18,1,0,4,608011156
1,0,1,5,410,-1,2,0,0,0,2,5,25,1,0,4,608011156
1,0,1,5,410,-1,2,0,0,0,2,5,25,1,1,4,608011156
1,0,1,5,410,-1,2,0,0,0,2,136,25,1,1,4,608011156
1,0,1,5,410,-1,2,0,0,1,2,5,25,1,0,4,608011156
1,0,1,5,410,-1,2,0,0,1,2,35,25,1,0,4,608011156
1,0,1,5,410,-1,2,0,1,1,1,5,25,1,0,4,608011156
1,0,1,5,410,-1,2,0,1,1,2,5,25,1,0,4,608011156
1,0,1,5,410,-1,2,1,1,1,1,5,25,1,1,4,608011156
1,0,1,5,410,-1,2,1,9,1,0,5,25,1,0,4,608011156
1,0,1,5,410,-1,2,1,9,1,1,5,25,1,0,4,608011156
1,0,1,5,410,90,1,0,0,1,1,5,25,0,0,4,608011156
1,0,1,5,410,180,1,0,0,0,0,3,25,0,0,4,608011156
1,0,1,5,410,180,1,0,0,0,1,5,25,0,0,4,608011156
1,0,1,5,419,-1,1,1,0,1,0,5,55,0,0,4,608011156
1,0,1,5,419,-1,1,1,1,1,0,5,25,0,0,4,608011156
1,0,1,5,419,-1,1,1,1,1,0,67,55,0,0,4,608011156
1,0,1,5,419,-1,1,1,4,0,0,5,55,0,0,4,608011156
1,0,1,5,419,-1,1,1,6,1,0,5,55,0,0,4,608011156
1,0,1,5,419,180,1,1,1,1,0,5,55,0,0,4,608011156
1,0,1,5,420,-1,1,0,0,0,0,3,18,0,0,4,608011156
2,0,1,5,420,-1,1,0,0,1,0,5,25,0,0,4,608011156
1,0,1,5,420,-1,1,0,9,1,2,5,55,0,0,4,608011156
1,0,1,5,420,-1,1,1,0,1,0,5,25,0,0,4,608011156
1,0,1,5,420,-1,2,1,0,1,0,5,25,0,0,4,608011156
1,0,1,5,422,-1,1,0,1,1,0,3,55,0,0,4,608011156
1,0,1,5,422,-1,1,0,1,1,2,5,25,0,0,4,608011156
1,0,1,5,422,-1,2,0,0,0,2,35,18,1,0,4,608011156
1,0,1,5,423,-1,1,0,0,0,0,5,25,0,0,4,608011156
1,0,1,5,423,-1,1,0,0,0,1,5,25,0,0,4,608011156
1,0,1,5,423,-1,1,0,0,1,0,5,25,0,0,-1,608011156
1,0,1,5,423,-1,1,0,1,1,0,5,25,0,0,4,608011156
1,0,1,5,423,-1,1,0,1,1,2,5,25,0,0,4,608011156
1,0,1,5,423,-1,2,0,9,1,2,236,25,1,0,4,608011156
1,0,1,5,423,60,1,0,0,0,1,5,25,0,0,-1,608011156
6,0,1,5,431,-1,1,0,0,0,0,5,25,0,0,4,608011156
1,0,1,5,431,-1,1,0,0,0,0,5,55,0,0,4,608011156
1,0,1,5,431,-1,1,0,0,0,0,237,55,0,0,4,608011156
1,0,1,5,431,-1,1,0,0,0,1,5,25,0,0,4,608011156
1,0,1,5,431,-1,1,0,0,0,1,246,25,0,0,4,608011156
1,0,1,5,431,-1,1,0,0,1,0,5,25,0,0,4,608011156
1,0,1,5,431,-1,1,0,0,1,0,5,55,0,0,4,608011156
1,0,1,5,431,-1,1,0,0,1,1,5,25,0,0,4,608011156
1,0,1,5,431,-1,1,0,4,0,0,5,55,0,0,4,608011156
1,0,1,5,431,-1,1,0,9,0,0,5,25,0,0,4,608011156
1,0,1,5,431,-1,1,0,9,1,2,356,25,1,0,4,608011156
1,0,1,5,431,-1,2,0,0,0,0,5,25,1,0,4,608011156
1,0,1,5,431,-1,2,0,0,0,0,5,25,1,1,4,608011156
1,0,1,5,431,-1,2,0,0,0,0,56,25,1,1,4,608011156
1,0,1,5,431,-1,2,0,0,0,0,246,18,0,0,4,608011156
1,0,1,5,431,-1,2,0,0,0,1,457,25,1,0,4,608011156
2,0,1,5,431,-1,2,0,0,1,0,5,25,1,0,4,608011156
1,0,1,5,431,-1,2,0,0,1,2,5,25,1,0,4,608011156
1,0,1,5,431,-1,2,0,1,1,0,5,25,1,0,4,608011156
1,0,1,5,431,-1,2,0,1,1,0,146,25,1,1,4,608011156
1,0,1,5,431,-1,2,0,9,0,0,23,25,1,0,4,608011156
1,0,1,5,431,-1,2,1,0,0,0,5,25,1,1,4,608011156
1,0,1,5,431,365,2,0,0,0,2,5,25,1,1,4,608011156
1,0,1,5,433,-1,1,0,0,0,0,3,24,0,0,4,608011156
1,0,1,5,433,-1,1,0,0,0,0,16,55,0,0,5,608011156
1,0,1,5,433,-1,1,0,0,0,0,456,25,0,0,-1,608011156
2,0,1,5,433,-1,1,0,0,1,0,5,25,0,0,4,608011156
1,0,1,5,433,-1,1,0,0,1,0,5,55,0,0,-1,608011156
1,0,1,5,433,-1,1,0,0,1,0,5,55,0,0,4,608011156
1,0,1,5,433,-1,1,0,0,1,0,456,25,0,0,4,608011156
1,0,1,5,433,-1,1,0,0,1,1,5,25,0,0,4,608011156
2,0,1,5,433,-1,1,0,0,1,2,3,25,0,0,4,608011156
1,0,1,5,433,-1,1,0,0,1,2,56,25,0,0,4,608011156
1,0,1,5,433,-1,1,0,1,1,0,5,25,0,0,4,608011156
1,0,1,5,433,-1,1,0,6,1,0,5,55,0,0,4,608011156
1,0,1,5,433,-1,1,0,9,1,0,16,25,0,0,4,608011156
1,0,1,5,433,-1,2,0,0,0,0,5,25,1,0,4,608011156
1,0,1,5,433,-1,2,0,0,0,0,56,25,1,0,4,608011156
1,0,1,5,433,-1,2,0,0,0,1,5,25,1,1,4,608011156
1,0,1,5,433,-1,2,0,0,0,2,2,25,1,0,-1,608011156
1,0,1,5,433,-1,2,0,0,0,2,5,25,1,0,4,608011156
1,0,1,5,433,-1,2,0,0,1,0,3,25,1,0,4,608011156
1,0,1,5,433,-1,2,0,0,1,0,3,25,1,1,4,608011156
1,0,1,5,433,-1,2,0,0,1,0,56,25,1,0,4,608011156
1,0,1,5,433,-1,2,0,0,1,1,136,25,1,0,4,608011156
1,0,1,5,433,180,1,0,0,0,0,2,24,0,0,4,608011156
1,0,1,5,434,-1,1,0,0,1,2,5,25,0,0,4,608011156
1,0,1,5,434,-1,1,0,1,1,0,5,25,0,0,4,608011156
1,0,1,5,434,-1,1,0,9,1,0,3,55,0,0,4,608011156
1,0,1,5,434,-1,1,1,0,0,0,5,25,0,0,4,608011156
1,0,1,5,434,-1,1,1,0,1,0,5,25,1,0,4,608011156
1,0,1,5,440,-1,1,0,1,1,0,5,25,0,0,4,608011156
1,0,1,6,24,-1,1,0,0,1,0,57,25,0,0,-1,608011156
1,0,1,6,24,-1,1,1,0,1,0,1,25,0,0,-1,608011156
1,0,1,6,24,-1,1,1,0,1,0,3,25,0,0,-1,608011156
1,0,1,6,24,-1,1,1,0,1,0,3,55,0,0,-1,608011156
1,0,1,6,24,-1,1,1,0,1,0,5,55,0,0,-1,608011156
1,0,1,6,410,-1,1,1,0,0,2,3,25,0,0,-1,608011156
1,0,1,6,410,-1,1,1,0,1,0,5,25,0,0,-1,608011156
1,0,1,6,411,-1,1,1,0,1,0,5,55,0,0,-1,608011156
1,0,1,6,419,-1,1,1,0,0,0,5,55,0,0,-1,608011156
3,0,1,6,422,-1,1,1,0,1,0,5,25,0,0,-1,608011156
1,0,1,6,422,-1,1,1,0,1,2,5,55,0,0,-1,608011156
1,0,1,6,423,-1,1,1,0,1,0,3,25,0,0,-1,608011156
1,0,1,6,423,-1,1,1,0,1,0,5,55,0,0,-1,608011156
1,0,1,6,433,-1,1,1,0,1,0,3,55,0,0,-1,608011156
1,0,1,6,434,-1,1,1,0,1,0,5,25,0,0,-1,608011156
1,0,1,6,440,-1,1,1,0,1,0,5,25,0,0,-1,608011156
1,0,1,7,24,-1,1,0,1,1,2,15,25,0,0,4,608011156
1,0,1,7,99,-1,1,0,0,0,0,5,25,0,0,4,608011156
3,0,1,7,99,-1,1,0,0,0,2,5,25,0,0,4,608011156
1,0,1,7,99,-1,1,0,0,1,0,3,25,0,0,4,608011156
2,0,1,7,99,-1,1,0,0,1,1,5,25,0,0,4,608011156
1,0,1,7,99,-1,1,0,0,1,2,5,25,0,0,4,608011156
3,0,1,7,99,-1,1,0,1,1,0,5,25,0,0,4,608011156
1,0,1,7,99,-1,1,0,1,1,2,3,25,0,0,4,608011156
2,0,1,7,99,-1,1,0,1,1,2,5,25,0,0,4,608011156
1,0,1,7,99,-1,1,0,4,0,0,3,25,0,0,5,608011156
1,0,1,7,99,-1,1,0,4,0,2,2,25,0,0,4,608011156
1,0,1,7,99,-1,1,0,6,1,0,5,25,1,0,4,608011156
1,0,1,7,99,-1,1,0,6,1,2,5,25,0,0,4,608011156
1,0,1,7,99,-1,1,0,9,1,0,5,25,0,0,4,608011156
1,0,1,7,99,-1,1,0,9,1,2,5,25,1,0,4,608011156
1,0,1,7,99,-1,1,1,0,0,0,5,24,0,0,4,608011156
1,0,1,7,99,-1,1,1,0,0,0,5,55,0,0,4,608011156
1,0,1,7,99,-1,1,1,0,1,0,23,25,0,0,4,608011156
1,0,1,7,99,-1,1,1,6,1,2,25,25,0,0,4,608011156
1,0,1,7,99,-1,2,0,0,0,2,56,25,1,0,4,608011156
1,0,1,7,99,-1,2,0,4,0,2,5,24,1,0,4,608011156
1,0,1,7,99,-1,2,0,9,1,2,235,25,0,0,4,608011156
1,0,1,7,99,30,1,0,4,0,0,3,24,0,0,4,608011156
1,0,1,7,99,365,1,0,0,0,0,5,25,0,0,5,608011156
1,0,1,7,101,-1,1,1,9,1,0,3,55,0,0,4,608011156
1,0,1,7,116,-1,1,0,1,1,2,5,24,0,0,4,608011156
1,0,1,7,116,-1,1,0,1,1,2,5,55,0,0,5,608011156
1,0,1,7,204,-1,1,0,1,1,2,236,55,0,0,4,608011156
1,0,1,7,206,-1,1,0,0,1,0,12,25,0,0,4,608011156
1,0,1,7,207,-1,1,0,0,1,0,5,18,0,0,4,608011156
1,0,1,7,207,180,1,0,1,1,3,56,25,0,0,5,608011156
1,0,1,7,312,-1,1,0,0,0,0,5,25,0,0,4,608011156
1,0,1,7,313,-1,1,0,1,1,0,5,24,0,0,4,608011156
1,0,1,7,314,180,1,1,0,1,0,27,55,0,0,4,608011156
1,0,1,7,410,-1,1,0,0,0,2,346,25,0,0,4,608011156
1,0,1,7,410,-1,1,0,1,1,1,5,55,0,0,4,608011156
1,0,1,7,419,-1,1,1,1,1,0,5,55,0,0,4,608011156
1,0,1,7,422,-1,1,0,0,0,0,3,18,0,0,4,608011156
1,0,1,7,422,-1,1,0,0,0,0,56,18,0,0,4,608011156
1,0,1,7,422,60,1,0,0,0,2,35,25,0,0,4,608011156
1,0,1,7,423,-1,1,0,0,0,0,15,55,0,0,4,608011156
1,0,1,7,423,-1,1,0,1,1,0,1,25,0,0,4,608011156
1,0,1,7,423,-1,1,0,9,1,0,56,25,0,0,4,608011156
1,0,1,7,423,-1,3,0,0,0,0,3,-1,0,0,4,608011156
1,0,1,7,433,-1,1,0,0,1,2,5,25,0,0,4,608011156
1,0,1,8,205,-1,1,0,5,1,0,5,25,0,0,8,608011156
1,0,1,9,410,-1,1,0,0,0,1,16,25,0,0,12,608011156
1,0,1,9,410,-1,1,0,0,0,2,5,25,0,0,12,608011156
1,0,1,9,410,-1,1,0,0,1,0,3,55,0,0,1,608011156
1,0,1,9,410,-1,1,0,0,1,0,5,25,0,0,12,608011156
1,0,1,9,410,-1,1,0,0,1,0,16,25,0,0,12,608011156
1,0,1,9,410,-1,1,0,9,1,0,5,25,0,0,12,608011156
3,0,1,9,410,-1,2,0,0,0,0,5,25,1,0,12,608011156
1,0,1,9,410,-1,2,0,0,0,1,5,25,1,0,12,608011156
1,0,1,9,410,-1,2,0,0,0,1,56,25,1,0,12,608011156
1,0,1,9,420,-1,1,0,0,1,1,5,55,0,0,12,608011156
1,0,1,9,420,-1,1,0,9,1,0,5,55,0,0,12,608011156
1,0,1,9,420,-1,2,0,0,0,0,5,25,1,1,12,608011156
1,0,1,9,420,-1,2,0,0,0,1,3,25,1,0,12,608011156
1,0,1,9,422,-1,1,0,0,0,0,5,25,0,0,12,608011156
1,0,2,2,98,-1,1,0,0,0,0,5,55,0,0,1,608011156
1,0,2,2,98,-1,1,0,0,0,1,3,25,0,0,1,608011156
1,0,2,2,98,-1,1,0,0,1,0,56,25,0,0,1,608011156
1,0,2,2,98,-1,1,0,0,1,0,124,55,0,0,1,608011156
1,0,2,2,99,-1,1,0,0,0,0,5,25,0,0,1,608011156
1,0,2,2,99,-1,1,0,0,0,1,567,25,0,0,1,608011156
1,0,2,2,99,-1,1,0,1,1,0,5,25,0,0,1,608011156
1,0,2,2,99,-1,1,0,4,0,0,3,25,0,0,1,608011156
1,0,2,2,99,-1,2,0,0,0,1,3,25,1,0,1,608011156
1,0,2,2,99,-1,2,0,0,0,1,3,25,1,1,1,608011156
1,0,2,2,99,30,1,0,0,0,0,3,25,0,0,1,608011156
1,0,2,2,99,90,1,0,1,1,0,3,55,0,0,1,608011156
1,0,2,2,99,90,2,0,4,0,0,3,18,1,1,1,608011156
1,0,2,2,99,180,1,0,0,1,0,15,25,0,0,1,608011156
1,0,2,2,99,180,1,1,2,1,2,2,25,0,0,1,608011156
1,0,2,2,99,365,1,0,0,1,0,3,25,0,0,1,608011156
1,0,2,2,101,-1,1,0,0,0,0,5,25,0,0,1,608011156
1,0,2,2,101,-1,1,0,0,0,0,5,55,0,0,1,608011156
1,0,2,2,101,-1,1,0,0,0,2,5,25,0,0,1,608011156
1,0,2,2,101,-1,1,0,1,1,0,5,25,0,0,1,608011156
1,0,2,2,101,-1,1,0,4,1,0,5,25,0,0,1,608011156
1,0,2,2,101,-1,1,1,5,1,0,56,55,0,0,1,608011156
1,0,2,2,101,30,1,0,6,1,1,5,55,0,0,1,608011156
1,0,2,2,101,60,1,0,0,1,0,5,25,0,0,1,608011156
1,0,2,2,116,-1,1,0,1,1,0,256,25,0,0,1,608011156
1,0,2,2,116,30,1,0,0,1,0,3,25,0,0,1,608011156
1,0,2,2,116,90,1,0,1,1,2,345,55,0,0,1,608011156
1,0,2,2,204,90,1,0,0,1,0,357,25,0,0,1,608011156
1,0,2,2,206,60,1,0,0,0,2,5,55,0,0,1,608011156
1,0,2,2,207,-1,1,0,0,0,0,57,25,0,0,1,608011156
1,0,2,2,207,-1,1,0,0,1,0,3,55,0,0,1,608011156
1,0,2,2,207,-1,1,0,4,0,0,3,25,0,0,1,608011156
1,0,2,2,207,-1,2,0,1,1,1,5,25,1,0,1,608011156
1,0,2,2,302,-1,1,0,0,1,0,25,55,0,0,1,608011156
1,0,2,2,312,-1,1,0,9,1,0,5,18,0,0,1,608011156
1,0,2,2,312,60,1,0,1,1,0,5,55,0,0,1,608011156
1,0,2,2,313,-1,1,0,0,1,0,126,18,0,0,1,608011156
1,0,2,2,313,-1,2,0,0,0,2,5,25,1,0,1,608011156
1,0,2,2,313,30,1,0,1,1,0,3,25,0,0,1,608011156
1,0,2,2,313,180,1,0,4,0,2,5,24,0,0,1,608011156
1,0,2,2,314,-1,1,0,0,1,1,5,25,0,0,1,608011156
1,0,2,2,314,-1,1,0,1,1,0,6,25,0,0,1,608011156
1,0,2,2,314,-1,1,0,1,1,2,4,25,0,0,1,608011156
1,0,2,2,314,-1,1,0,6,1,2,5,55,0,0,1,608011156
1,0,2,2,410,-1,1,0,0,1,0,3,55,0,0,1,608011156
1,0,2,2,410,-1,1,0,0,1,0,56,25,0,0,1,608011156
1,0,2,2,410,-1,1,0,0,1,2,3,55,0,0,1,608011156
1,0,2,2,410,-1,1,0,0,1,2,16,25,0,0,1,608011156
1,0,2,2,410,-1,1,0,1,1,2,157,25,0,0,1,608011156
1,0,2,2,410,-1,1,0,4,0,2,3,55,0,0,1,608011156
1,0,2,2,410,-1,1,1,0,0,0,3,55,0,0,1,608011156
1,0,2,2,410,-1,1,1,0,1,0,3,25,0,0,1,608011156
1,0,2,2,410,90,1,0,0,0,2,5,25,0,0,1,608011156
1,0,2,2,410,180,1,0,6,1,2,56,25,0,0,1,608011156
1,0,2,2,422,-1,1,0,0,0,0,3,25,0,0,1,608011156
1,0,2,2,422,-1,1,0,0,0,0,5,55,0,0,1,608011156
1,0,2,2,422,-1,1,0,0,1,1,57,25,0,0,1,608011156
1,0,2,2,422,-1,1,0,0,1,2,3,25,0,0,1,608011156
1,0,2,2,422,-1,2,0,0,0,1,137,25,1,0,1,608011156
1,0,2,2,422,60,1,0,1,1,0,56,55,0,0,1,608011156
1,0,2,2,422,90,1,0,1,1,1,5,18,0,0,1,608011156
1,0,2,2,423,-1,1,0,0,0,0,3,25,0,0,1,608011156
2,0,2,2,423,-1,1,0,0,0,0,5,25,0,0,1,608011156
1,0,2,2,423,-1,1,0,0,0,0,5,55,0,0,1,608011156
1,0,2,2,423,-1,1,0,0,1,0,3,25,0,0,1,608011156
1,0,2,2,423,-1,1,0,0,1,0,5,55,0,0,1,608011156
1,0,2,2,423,-1,1,0,0,1,0,13,25,0,0,1,608011156
1,0,2,2,423,-1,1,0,0,1,1,5,24,0,0,1,608011156
1,0,2,2,423,-1,1,0,1,1,0,3,25,0,0,1,608011156
1,0,2,2,423,-1,1,0,1,1,0,5,25,0,0,1,608011156
1,0,2,2,423,-1,1,0,1,1,0,56,25,0,0,1,608011156
1,0,2,2,423,-1,1,0,1,1,0,234,55,0,0,1,608011156
1,0,2,2,423,-1,1,0,1,1,2,34,25,0,0,1,608011156
1,0,2,2,423,-1,1,0,4,0,0,3,25,0,0,1,608011156
1,0,2,2,423,-1,1,0,4,0,0,5,55,0,0,1,608011156
1,0,2,2,423,-1,1,0,4,0,2,5,25,0,0,1,608011156
1,0,2,2,423,-1,2,0,0,0,1,5,25,1,0,1,608011156
1,0,2,2,423,30,1,0,6,1,3,5,25,0,0,1,608011156
1,0,2,2,423,60,1,0,4,0,0,5,25,0,0,1,608011156
1,0,2,2,423,60,1,0,4,0,1,5,25,0,0,1,608011156
1,0,2,2,423,90,1,0,1,1,2,5,25,0,0,1,608011156
1,0,2,2,423,180,1,0,1,1,0,346,25,0,0,1,608011156
1,0,2,2,423,180,1,0,1,1,2,16,25,0,0,1,608011156
1,0,2,2,428,-1,1,0,0,0,2,5,25,0,0,1,608011156
1,0,2,2,431,-1,1,0,0,1,0,5,25,0,0,1,608011156
1,0,2,2,431,-1,1,0,1,1,2,5,25,0,0,1,608011156
1,0,2,2,431,-1,1,0,6,1,2,5,25,0,0,1,608011156
1,0,2,2,434,-1,1,0,0,0,0,6,55,0,0,1,608011156
1,0,2,2,434,180,1,0,0,1,0,5,55,0,0,1,608011156
1,0,2,3,410,-1,1,0,0,1,0,5,25,0,0,2,608011156
1,0,2,4,423,-1,1,1,1,1,0,45,55,0,0,1,608011156
1,0,2,4,428,-1,1,1,6,1,0,5,25,0,0,1,608011156
1,0,2,5,99,-1,1,0,4,0,0,5,25,0,0,4,608011156
1,0,2,5,207,-1,1,0,1,1,0,126,25,0,0,4,608011156
1,0,2,5,410,-1,1,1,0,1,0,5,55,0,0,4,608011156
1,0,2,5,410,-1,2,0,1,1,2,3,25,1,0,4,608011156
1,0,2,5,410,-1,2,0,6,1,2,3,25,1,0,4,608011156
1,0,2,5,410,-1,2,1,6,1,0,5,25,0,0,4,608011156
1,0,2,5,422,-1,1,0,0,0,0,3,25,0,0,5,608011156
1,0,2,5,423,30,1,1,6,1,0,3,55,0,0,4,608011156
1,0,2,5,423,365,1,0,0,1,2,5,18,0,0,4,608011156
1,0,2,5,433,-1,1,0,1,1,0,5,25,0,0,4,608011156
1,0,2,5,440,-1,1,0,2,1,0,5,25,0,0,4,608011156
1,0,2,6,207,-1,1,0,0,1,0,36,25,0,0,-1,608011156
1,0,2,7,24,-1,1,0,1,1,1,46,25,0,0,4,608011156
1,0,2,7,99,-1,1,0,0,1,1,5,25,0,0,4,608011156
1,0,2,7,99,-1,1,0,1,1,2,5,25,0,0,4,608011156
1,0,2,7,99,-1,1,1,2,1,0,235,55,0,0,4,608011156
1,0,2,7,99,-1,2,0,2,1,2,3,25,1,0,4,608011156
1,0,2,7,116,-1,1,0,1,1,1,15,25,0,0,4,608011156
1,0,2,9,410,-1,1,0,0,1,2,5,25,0,0,12,608011156
1,0,2,9,420,-1,1,0,0,1,1,47,55,0,0,12,608011156
1,0,2,10,410,-1,2,0,2,1,1,3,25,1,1,12,608011156
1,0,3,2,98,-1,1,0,0,0,2,245,25,0,0,1,608011156
1,0,3,2,98,30,1,0,1,1,0,3,25,0,0,1,608011156
1,0,3,2,98,365,1,0,0,0,0,247,25,0,0,1,608011156
1,0,3,2,99,-1,1,0,0,0,0,3,25,0,0,1,608011156
1,0,3,2,99,-1,1,0,0,1,0,5,18,0,0,1,608011156
1,0,3,2,99,-1,1,0,0,1,0,56,18,0,0,1,608011156
1,0,3,2,99,-1,1,0,0,1,0,127,55,0,0,1,608011156
2,0,3,2,99,-1,1,0,1,1,2,3,25,0,0,1,608011156
1,0,3,2,99,-1,1,0,1,1,2,5,55,0,0,1,608011156
1,0,3,2,99,-1,1,0,6,1,0,267,24,0,0,1,608011156
1,0,3,2,99,-1,1,1,1,1,0,1,55,0,0,1,608011156
1,0,3,2,99,-1,2,0,0,0,0,3,25,1,0,1,608011156
1,0,3,2,99,-1,2,0,0,0,0,5,25,1,0,1,608011156
1,0,3,2,99,-1,2,0,0,0,1,5,25,1,0,1,608011156
1,0,3,2,99,-1,2,0,0,0,2,56,25,1,0,1,608011156
1,0,3,2,99,-1,2,0,0,1,0,5,25,1,0,1,608011156
1,0,3,2,99,-1,3,0,0,0,2,5,-1,0,0,1,608011156
1,0,3,2,99,60,1,0,0,1,0,3,55,0,0,1,608011156
1,0,3,2,99,60,1,0,0,1,0,5,25,0,0,1,608011156
1,0,3,2,99,180,1,0,4,0,2,5,25,0,0,1,608011156
1,0,3,2,99,180,1,0,6,1,0,12,55,0,0,1,608011156
1,0,3,2,101,-1,1,0,0,1,2,5,24,0,0,1,608011156
1,0,3,2,116,-1,1,0,0,0,0,13,25,0,0,1,608011156
1,0,3,2,116,-1,1,0,1,1,0,5,25,0,0,1,608011156
1,0,3,2,116,-1,1,0,1,1,1,5,25,0,0,1,608011156
1,0,3,2,116,30,1,0,4,0,0,14,25,0,0,1,608011156
1,0,3,2,116,90,1,0,1,1,0,56,25,0,0,1,608011156
1,0,3,2,116,90,1,0,4,0,0,146,25,0,0,1,608011156
1,0,3,2,207,-1,1,0,0,0,0,236,25,0,0,1,608011156
1,0,3,2,207,-1,1,0,0,0,1,56,25,0,0,1,608011156
1,0,3,2,207,-1,1,0,4,0,0,5,25,0,0,1,608011156
1,0,3,2,225,-1,1,0,1,1,0,5,55,0,0,1,608011156
1,0,3,2,225,180,1,0,4,0,0,5,55,0,0,1,608011156
1,0,3,2,302,-1,1,0,1,1,0,5,25,0,0,1,608011156
1,0,3,2,312,-1,1,0,0,1,0,46,18,0,0,1,608011156
1,0,3,2,312,-1,1,0,1,1,0,5,55,0,0,1,608011156
1,0,3,2,312,-1,1,0,1,1,0,246,18,0,0,1,608011156
1,0,3,2,312,-1,1,0,1,1,2,5,25,0,0,1,608011156
1,0,3,2,312,-1,2,0,0,0,1,5,25,1,0,1,608011156
1,0,3,2,313,-1,1,0,0,0,0,3,25,0,0,1,608011156
1,0,3,2,313,-1,1,0,0,1,1,17,25,0,0,1,608011156
1,0,3,2,313,-1,1,0,1,1,0,5,25,0,0,1,608011156
1,0,3,2,313,-1,1,0,1,1,0,36,55,0,0,1,608011156
1,0,3,2,313,-1,1,0,1,1,0,56,55,0,0,1,608011156
1,0,3,2,313,-1,1,0,1,1,1,5,25,0,0,1,608011156
1,0,3,2,313,-1,1,0,1,1,2,56,55,0,0,1,608011156
1,0,3,2,313,-1,1,0,9,1,0,3,55,0,0,1,608011156
1,0,3,2,313,-1,2,0,4,0,2,5,25,1,0,1,608011156
1,0,3,2,313,60,1,0,1,1,0,5,25,0,0,1,608011156
1,0,3,2,313,180,1,1,0,1,2,5,25,0,0,1,608011156
1,0,3,2,313,180,1,1,4,0,0,5,55,0,0,1,608011156
2,0,3,2,314,-1,1,0,0,0,0,5,25,0,0,1,608011156
1,0,3,2,314,-1,1,0,0,1,0,3,25,0,0,1,608011156
1,0,3,2,314,-1,1,0,0,1,0,3,55,0,0,1,608011156
1,0,3,2,314,-1,1,0,0,1,0,5,25,0,0,1,608011156
1,0,3,2,314,-1,1,1,1,1,2,5,25,0,0,1,608011156
1,0,3,2,332,30,1,0,0,0,0,5,25,0,0,1,608011156
1,0,3,2,410,-1,1,0,0,0,0,5,25,0,0,1,608011156
1,0,3,2,410,-1,1,0,0,0,0,267,25,0,0,1,608011156
1,0,3,2,410,-1,1,0,1,1,1,5,25,0,0,1,608011156
1,0,3,2,410,-1,1,0,4,0,0,5,55,0,0,1,608011156
1,0,3,2,410,-1,2,0,0,0,0,56,25,1,1,1,608011156
1,0,3,2,410,60,1,0,1,1,2,3,25,0,0,1,608011156
1,0,3,2,411,-1,1,0,0,1,0,5,55,0,0,1,608011156
1,0,3,2,411,-1,2,0,0,0,2,5,25,1,0,1,608011156
1,0,3,2,422,-1,1,0,0,0,0,56,25,0,0,1,608011156
1,0,3,2,422,-1,1,0,0,1,0,3,25,0,0,1,608011156
1,0,3,2,422,-1,1,0,0,1,0,5,25,0,0,1,608011156
1,0,3,2,422,-1,1,0,1,1,0,5,25,0,0,1,608011156
1,0,3,2,422,-1,1,0,1,1,0,35,55,0,0,1,608011156
1,0,3,2,422,-1,1,0,2,1,0,3,55,0,0,1,608011156
1,0,3,2,422,-1,1,1,0,1,0,15,25,0,0,1,608011156
1,0,3,2,422,-1,2,0,1,1,0,3,25,1,0,1,608011156
1,0,3,2,422,60,1,0,0,1,2,5,25,0,0,1,608011156
1,0,3,2,422,180,1,0,0,0,0,5,25,0,0,1,608011156
3,0,3,2,423,-1,1,0,0,0,0,3,25,0,0,1,608011156
2,0,3,2,423,-1,1,0,0,0,0,5,25,0,0,1,608011156
1,0,3,2,423,-1,1,0,0,0,1,5,25,0,0,1,608011156
1,0,3,2,423,-1,1,0,0,0,2,3,25,0,0,1,608011156
1,0,3,2,423,-1,1,0,0,1,0,3,25,0,0,1,608011156
1,0,3,2,423,-1,1,0,0,1,0,5,25,0,0,1,608011156
1,0,3,2,423,-1,1,0,0,1,0,12,25,0,0,1,608011156
1,0,3,2,423,-1,1,0,0,1,0,15,18,0,0,1,608011156
1,0,3,2,423,-1,1,0,0,1,1,5,25,0,0,1,608011156
1,0,3,2,423,-1,1,0,0,1,1,37,55,0,0,1,608011156
1,0,3,2,423,-1,1,0,0,1,1,356,25,0,0,1,608011156
1,0,3,2,423,-1,1,0,0,1,2,5,25,0,0,1,608011156
1,0,3,2,423,-1,1,0,1,1,0,3,25,0,0,1,608011156
2,0,3,2,423,-1,1,0,1,1,0,5,25,0,0,1,608011156
1,0,3,2,423,-1,1,0,1,1,0,457,25,0,0,1,608011156
1,0,3,2,423,-1,1,0,1,1,1,5,25,0,0,1,608011156
1,0,3,2,423,-1,1,0,1,1,1,356,25,0,0,1,608011156
1,0,3,2,423,-1,1,0,1,1,2,247,25,0,0,1,608011156
1,0,3,2,423,-1,1,0,4,0,0,3,24,0,0,1,608011156
1,0,3,2,423,-1,1,0,4,0,0,146,25,0,0,1,608011156
1,0,3,2,423,-1,1,0,4,0,2,5,25,0,0,1,608011156
1,0,3,2,423,-1,2,0,0,0,0,3,25,1,0,1,608011156
1,0,3,2,423,30,1,0,0,0,0,3,25,0,0,1,608011156
1,0,3,2,423,30,1,0,1,1,0,5,24,0,0,1,608011156
1,0,3,2,423,30,1,0,1,1,2,5,25,0,0,1,608011156
1,0,3,2,423,60,1,0,2,1,0,3,25,0,0,1,608011156
1,0,3,2,423,60,1,0,4,0,2,126,55,0,0,1,608011156
1,0,3,2,423,90,1,0,1,1,2,356,25,0,0,1,608011156
1,0,3,2,423,180,1,0,0,1,2,36,18,0,0,1,608011156
1,0,3,2,423,180,1,0,1,1,2,5,25,0,0,1,608011156
1,0,3,2,423,180,1,0,4,0,0,3,25,0,0,1,608011156
1,0,3,2,423,180,1,0,9,1,0,5,25,0,0,1,608011156
1,0,3,2,434,-1,1,0,0,1,0,5,25,0,0,1,608011156
1,0,3,3,99,-1,3,0,9,1,0,7,-1,0,0,2,608011156
1,0,3,3,215,-1,3,0,0,1,0,267,-1,0,0,2,608011156
1,0,3,5,99,-1,1,0,1,1,0,3,25,0,0,4,608011156
1,0,3,5,314,-1,1,0,1,1,1,3,25,0,0,5,608011156
1,0,3,5,410,-1,1,0,0,1,2,3,55,0,0,-1,608011156
1,0,3,5,410,-1,1,0,1,1,0,3,25,0,0,4,608011156
1,0,3,5,410,-1,1,0,1,1,0,5,25,0,0,4,608011156
1,0,3,5,410,-1,1,0,6,1,0,5,55,0,0,4,608011156
1,0,3,5,410,-1,1,1,6,1,0,5,55,0,0,4,608011156
1,0,3,5,410,-1,2,0,0,1,2,36,24,1,0,4,608011156
1,0,3,5,410,60,2,0,0,0,1,3,18,1,0,4,608011156
1,0,3,5,410,180,1,0,1,1,0,126,25,0,0,4,608011156
1,0,3,5,419,-1,1,1,1,1,0,136,55,0,0,4,608011156
1,0,3,5,423,-1,1,0,1,1,0,15,25,0,0,5,608011156
1,0,3,5,433,-1,1,0,0,1,0,245,25,0,0,5,608011156
1,0,3,5,434,-1,1,1,1,1,0,7,55,0,0,4,608011156
1,0,3,5,440,-1,1,0,1,1,2,123,55,0,0,5,608011156
1,0,3,7,116,-1,2,0,4,0,1,3,25,1,0,4,608011156
1,0,3,7,423,180,1,0,4,0,0,3,25,0,0,4,608011156
1,0,3,9,410,-1,1,0,9,1,0,5,25,0,0,12,608011156
1,0,3,9,433,-1,2,0,0,1,2,5,25,1,1,12,608011156
1,0,4,2,98,-1,1,0,0,0,0,1,25,0,0,1,608011156
1,0,4,2,98,-1,1,0,0,0,0,5,25,0,0,1,608011156
1,0,4,2,98,-1,1,0,0,1,0,3,18,0,0,1,608011156
1,0,4,2,98,-1,1,0,0,1,0,5,25,0,0,1,608011156
1,0,4,2,98,-1,1,0,0,1,2,3,25,0,0,1,608011156
1,0,4,2,98,-1,1,0,0,1,2,5,25,0,0,1,608011156
1,0,4,2,98,-1,1,0,1,1,1,3,25,0,0,1,608011156
1,0,4,2,98,-1,1,0,1,1,1,5,25,0,0,1,608011156
1,0,4,2,98,-1,1,0,1,1,2,5,25,0,0,1,608011156
1,0,4,2,98,-1,1,0,9,1,0,25,55,0,0,1,608011156
1,0,4,2,98,-1,3,0,0,0,0,5,-1,0,0,1,608011156
1,0,4,2,98,90,1,0,0,0,0,5,25,0,0,1,608011156
1,0,4,2,98,90,1,0,1,1,0,5,25,0,0,1,608011156
1,0,4,2,98,180,1,0,1,1,0,5,25,0,0,1,608011156
1,0,4,2,98,180,1,0,1,1,2,3,25,0,0,1,608011156
1,0,4,2,98,365,1,0,6,1,2,26,25,0,0,1,608011156
1,0,4,2,99,-1,1,0,0,0,0,3,25,0,0,1,608011156
1,0,4,2,99,-1,1,0,0,0,2,25,25,0,0,1,608011156
1,0,4,2,99,-1,1,0,0,1,0,3,25,0,0,1,608011156
1,0,4,2,99,-1,1,0,0,1,0,5,25,0,0,1,608011156
1,0,4,2,99,-1,1,0,0,1,1,3,25,0,0,1,608011156
1,0,4,2,99,-1,1,0,1,1,0,3,25,0,0,1,608011156
1,0,4,2,99,-1,1,0,1,1,0,35,25,0,0,1,608011156
1,0,4,2,99,-1,1,0,1,1,2,15,25,0,0,1,608011156
1,0,4,2,99,-1,1,0,4,0,0,5,55,0,0,1,608011156
1,0,4,2,99,-1,1,0,6,1,0,5,25,0,0,1,608011156
2,0,4,2,99,-1,1,0,9,1,0,5,25,0,0,1,608011156
1,0,4,2,99,-1,1,1,1,1,1,5,25,0,0,1,608011156
1,0,4,2,99,-1,1,1,1,1,2,5,55,0,0,1,608011156
1,0,4,2,99,30,1,0,0,0,0,147,18,0,0,1,608011156
1,0,4,2,99,30,1,0,0,1,0,5,25,0,0,1,608011156
1,0,4,2,99,60,1,0,0,0,0,3,25,0,0,1,608011156
1,0,4,2,99,180,1,0,0,0,0,3,25,0,0,1,608011156
1,0,4,2,99,180,1,0,1,1,1,5,25,0,0,1,608011156
1,0,4,2,99,180,1,0,4,0,0,3,25,0,0,1,608011156
1,0,4,2,99,180,1,0,4,0,0,5,25,0,0,1,608011156
1,0,4,2,99,180,1,0,6,1,0,5,24,0,0,1,608011156
1,0,4,2,99,180,1,1,0,1,0,5,25,0,0,1,608011156
1,0,4,2,99,365,1,0,0,1,2,5,25,0,0,1,608011156
1,0,4,2,101,60,1,0,0,1,2,5,25,0,0,1,608011156
1,0,4,2,101,180,1,0,0,1,0,56,25,0,0,1,608011156
1,0,4,2,101,180,1,0,4,0,0,5,55,0,0,1,608011156
1,0,4,2,101,365,1,0,0,0,0,5,25,0,0,1,608011156
1,0,4,2,101,365,1,0,1,1,0,5,25,0,0,1,608011156
1,0,4,2,101,365,1,0,1,1,0,146,25,0,0,1,608011156
1,0,4,2,116,-1,1,0,0,0,1,5,25,0,0,1,608011156
1,0,4,2,116,-1,1,0,1,1,0,246,55,0,0,1,608011156
1,0,4,2,116,-1,1,0,4,0,0,5,55,0,0,1,608011156
1,0,4,2,116,60,1,0,1,1,2,5,25,0,0,1,608011156
1,0,4,2,116,60,1,1,0,0,0,5,55,0,0,1,608011156
1,0,4,2,116,180,1,0,1,1,0,5,25,0,0,1,608011156
1,0,4,2,204,-1,1,0,1,1,1,3,25,0,0,1,608011156
1,0,4,2,205,-1,1,0,0,0,0,5,25,0,0,1,608011156
1,0,4,2,206,-1,1,0,0,1,0,5,25,0,0,1,608011156
1,0,4,2,206,-1,1,0,1,1,2,5,25,0,0,1,608011156
1,0,4,2,206,-1,1,0,4,0,0,5,55,0,0,1,608011156
1,0,4,2,206,-1,1,0,9,1,2,13,25,0,0,1,608011156
1,0,4,2,206,180,1,0,1,1,1,156,18,0,0,1,608011156
1,0,4,2,207,-1,1,0,4,0,0,5,25,0,0,1,608011156
1,0,4,2,312,-1,1,0,0,0,2,3,24,0,0,1,608011156
1,0,4,2,312,-1,1,0,0,1,0,5,25,0,0,1,608011156
1,0,4,2,312,-1,2,0,0,1,1,5,25,1,0,1,608011156
1,0,4,2,313,-1,1,0,0,0,0,3,25,0,0,1,608011156
1,0,4,2,313,-1,1,0,0,1,0,5,18,0,0,1,608011156
1,0,4,2,313,-1,1,0,0,1,2,56,25,0,0,1,608011156
1,0,4,2,313,-1,1,0,1,1,0,5,55,0,0,1,608011156
1,0,4,2,313,-1,1,0,1,1,2,5,25,0,0,1,608011156
1,0,4,2,313,-1,1,0,9,1,0,15,25,0,0,1,608011156
1,0,4,2,313,-1,1,1,1,1,0,3,55,0,0,1,608011156
1,0,4,2,313,180,1,0,4,0,0,5,25,0,0,1,608011156
1,0,4,2,314,-1,1,0,0,1,2,7,25,0,0,1,608011156
1,0,4,2,314,-1,1,0,9,1,2,5,55,0,0,1,608011156
1,0,4,2,410,-1,1,0,0,0,0,3,25,0,0,1,608011156
1,0,4,2,410,-1,1,0,0,1,0,3,25,0,0,1,608011156
2,0,4,2,410,-1,1,0,0,1,0,5,55,0,0,1,608011156
1,0,4,2,410,-1,1,0,0,1,1,5,25,0,0,1,608011156
1,0,4,2,410,-1,1,0,0,1,1,26,25,0,0,1,608011156
1,0,4,2,410,-1,1,0,1,1,1,3,25,0,0,1,608011156
1,0,4,2,410,-1,1,1,0,1,0,3,55,0,0,1,608011156
1,0,4,2,410,-1,2,0,0,0,1,3,24,1,0,1,608011156
1,0,4,2,410,30,1,0,1,1,0,5,25,0,0,1,608011156
1,0,4,2,410,365,1,0,1,1,0,3,25,0,0,1,608011156
1,0,4,2,410,365,1,0,1,1,2,1,55,0,0,1,608011156
1,0,4,2,422,-1,1,0,0,0,0,13,25,0,0,1,608011156
1,0,4,2,422,-1,1,0,0,0,2,5,25,0,0,1,608011156
1,0,4,2,422,-1,1,0,1,1,0,25,25,0,0,1,608011156
1,0,4,2,422,-1,1,0,1,1,1,5,25,0,0,1,608011156
1,0,4,2,422,-1,1,0,4,0,1,56,25,0,0,1,608011156
1,0,4,2,422,180,1,0,1,1,0,1,55,0,0,1,608011156
1,0,4,2,423,-1,1,0,0,0,0,5,18,0,0,1,608011156
1,0,4,2,423,-1,1,0,0,1,0,5,25,0,0,1,608011156
1,0,4,2,423,-1,1,0,0,1,2,3,25,0,0,1,608011156
1,0,4,2,423,-1,1,0,0,1,2,5,25,0,0,1,608011156
1,0,4,2,423,-1,1,0,1,1,1,5,24,0,0,1,608011156
1,0,4,2,423,-1,1,0,1,1,2,5,25,0,0,1,608011156
1,0,4,2,423,-1,1,0,2,1,0,5,25,0,0,1,608011156
1,0,4,2,423,-1,1,0,4,0,0,25,25,0,0,1,608011156
1,0,4,2,423,-1,1,1,4,0,0,5,25,0,0,1,608011156
1,0,4,2,423,-1,2,0,0,1,1,36,25,1,0,1,608011156
1,0,4,2,423,30,1,0,1,1,0,3,25,0,0,1,608011156
1,0,4,2,423,60,1,0,1,1,0,5,55,0,0,1,608011156
1,0,4,2,423,60,1,0,1,1,0,13,55,0,0,1,608011156
1,0,4,2,423,90,1,0,0,1,0,3,55,0,0,1,608011156
1,0,4,2,423,90,1,0,4,0,0,136,25,0,0,1,608011156
1,0,4,2,423,180,1,0,0,0,0,5,25,0,0,1,608011156
1,0,4,2,431,-1,1,0,1,1,0,357,25,0,0,1,608011156
1,0,4,2,434,-1,1,0,9,1,2,5,25,0,0,1,608011156
1,0,4,3,314,-1,1,0,0,1,0,5,25,0,0,2,608011156
1,0,4,5,205,-1,1,0,1,1,0,123,25,0,0,4,608011156
1,0,4,5,302,-1,2,0,0,0,0,126,25,1,0,4,608011156
1,0,4,5,314,-1,1,0,0,1,1,126,25,0,0,4,608011156
1,0,4,5,410,-1,1,0,0,0,0,5,55,0,0,4,608011156
1,0,4,5,410,-1,1,0,0,1,1,5,25,0,0,-1,608011156
1,0,4,5,410,-1,1,0,1,1,0,5,25,0,0,4,608011156
1,0,4,5,410,-1,1,0,1,1,2,5,25,0,0,4,608011156
1,0,4,5,410,-1,1,0,4,0,0,5,55,0,0,4,608011156
1,0,4,5,410,-1,1,1,0,1,0,5,55,0,0,4,608011156
1,0,4,5,419,-1,1,1,1,1,0,357,55,0,0,4,608011156
1,0,4,5,419,-1,1,1,9,1,0,5,55,0,0,4,608011156
1,0,4,5,420,-1,1,0,0,1,1,3,25,0,0,4,608011156
1,0,4,5,420,-1,1,0,1,1,0,3,55,0,0,4,608011156
1,0,4,5,420,-1,1,0,1,1,0,35,25,0,0,4,608011156
1,0,4,5,420,-1,1,0,1,1,2,5,24,0,0,4,608011156
1,0,4,5,423,180,1,0,4,0,0,5,55,0,0,5,608011156
1,0,4,5,433,-1,1,0,0,1,0,5,25,1,0,4,608011156
1,0,4,5,433,-1,1,1,1,1,0,5,55,0,0,4,608011156
1,0,4,5,434,-1,1,0,1,1,0,5,55,0,0,4,608011156
1,0,4,5,440,-1,1,0,1,1,2,5,25,0,0,4,608011156
1,0,4,6,312,-1,1,1,0,1,2,5,55,0,0,-1,608011156
1,0,4,7,99,-1,1,0,1,1,0,5,25,0,0,4,608011156
1,0,4,7,99,-1,1,0,1,1,1,567,25,0,0,4,608011156
1,0,4,7,99,60,1,0,4,0,0,5,25,0,0,4,608011156
1,0,4,7,101,-1,1,0,4,0,0,13,55,0,0,4,608011156
1,0,4,7,207,-1,1,0,4,0,0,3,18,0,0,4,608011156
1,0,4,7,207,-1,1,0,4,0,0,5,25,0,0,4,608011156
1,0,4,7,207,-1,1,1,1,1,0,15,55,0,0,4,608011156
1,0,4,7,422,-1,1,0,5,1,0,5,25,0,0,5,608011156
1,0,5,2,24,-1,1,0,0,1,0,5,55,0,0,1,608011156
1,0,5,2,24,-1,1,0,4,0,0,6,25,0,0,1,608011156
1,0,5,2,98,-1,1,0,0,0,0,5,24,0,0,1,608011156
1,0,5,2,98,-1,1,0,0,0,0,5,25,0,0,1,608011156
1,0,5,2,98,-1,1,0,0,1,0,1,25,0,0,1,608011156
1,0,5,2,98,-1,1,0,6,1,0,157,25,0,0,1,608011156
1,0,5,2,98,-1,1,0,9,1,0,35,25,0,0,1,608011156
1,0,5,2,98,60,1,0,1,1,0,3,25,0,0,1,608011156
1,0,5,2,98,90,1,0,0,0,2,3,25,0,0,1,608011156
1,0,5,2,98,90,1,0,0,1,2,5,25,0,0,1,608011156
1,0,5,2,98,90,1,0,1,1,0,467,25,0,0,1,608011156
5,0,5,2,99,-1,1,0,0,0,0,3,25,0,0,1,608011156
1,0,5,2,99,-1,1,0,0,0,0,3,55,0,0,1,608011156
2,0,5,2,99,-1,1,0,0,0,0,5,25,0,0,1,608011156
1,0,5,2,99,-1,1,0,0,0,0,5,55,0,0,1,608011156
1,0,5,2,99,-1,1,0,0,0,0,16,24,0,0,1,608011156
1,0,5,2,99,-1,1,0,0,0,0,26,25,0,0,1,608011156
1,0,5,2,99,-1,1,0,0,0,0,37,25,0,0,1,608011156
1,0,5,2,99,-1,1,0,0,0,0,56,55,0,0,1,608011156
1,0,5,2,99,-1,1,0,0,0,0,237,25,0,0,1,608011156
1,0,5,2,99,-1,1,0,0,0,0,245,25,0,0,1,608011156
1,0,5,2,99,-1,1,0,0,0,0,345,25,0,0,1,608011156
1,0,5,2,99,-1,1,0,0,0,1,5,25,0,0,1,608011156
1,0,5,2,99,-1,1,0,0,1,0,1,25,0,0,1,608011156
1,0,5,2,99,-1,1,0,0,1,0,3,18,0,0,1,608011156
1,0,5,2,99,-1,1,0,0,1,0,3,25,0,0,1,608011156
4,0,5,2,99,-1,1,0,0,1,0,5,25,0,0,1,608011156
1,0,5,2,99,-1,1,0,0,1,0,5,55,0,0,1,608011156
1,0,5,2,99,-1,1,0,0,1,0,23,25,0,0,1,608011156
1,0,5,2,99,-1,1,0,0,1,0,36,25,0,0,1,608011156
1,0,5,2,99,-1,1,0,0,1,0,56,25,0,0,1,608011156
1,0,5,2,99,-1,1,0,0,1,0,367,25,0,0,1,608011156
2,0,5,2,99,-1,1,0,0,1,2,5,25,0,0,1,608011156
1,0,5,2,99,-1,1,0,1,1,0,3,25,0,0,1,608011156
1,0,5,2,99,-1,1,0,1,1,0,5,25,0,0,1,608011156
1,0,5,2,99,-1,1,0,1,1,0,5,55,0,0,1,608011156
1,0,5,2,99,-1,1,0,1,1,0,125,25,0,0,1,608011156
1,0,5,2,99,-1,1,0,1,1,0,127,25,0,0,1,608011156
1,0,5,2,99,-1,1,0,1,1,1,15,25,0,0,1,608011156
1,0,5,2,99,-1,1,0,1,1,2,3,55,0,0,1,608011156
1,0,5,2,99,-1,1,0,1,1,2,5,25,0,0,5,608011156
1,0,5,2,99,-1,1,0,2,1,0,3,25,0,0,1,608011156
1,0,5,2,99,-1,1,0,4,0,0,3,25,0,0,1,608011156
1,0,5,2,99,-1,1,0,4,0,0,5,25,0,0,1,608011156
1,0,5,2,99,-1,1,0,4,0,0,56,25,0,0,1,608011156
1,0,5,2,99,-1,1,0,6,1,0,3,25,0,0,1,608011156
1,0,5,2,99,-1,1,1,0,0,0,5,25,0,0,1,608011156
1,0,5,2,99,30,1,0,0,0,0,5,25,0,0,1,608011156
1,0,5,2,99,30,1,0,0,1,0,3,25,0,0,1,608011156
1,0,5,2,99,30,1,0,0,1,0,5,25,0,0,1,608011156
2,0,5,2,99,30,1,0,0,1,0,5,55,0,0,1,608011156
1,0,5,2,99,30,1,0,0,1,0,15,24,0,0,1,608011156
1,0,5,2,99,30,1,0,0,1,0,35,25,0,0,1,608011156
1,0,5,2,99,30,1,0,0,1,0,45,55,0,0,1,608011156
1,0,5,2,99,30,1,0,1,1,0,3,25,0,0,1,608011156
1,0,5,2,99,60,1,0,0,0,0,35,24,0,0,1,608011156
1,0,5,2,99,60,1,0,1,1,2,5,25,0,0,1,608011156
1,0,5,2,99,60,1,0,4,0,0,3,25,0,0,1,608011156
1,0,5,2,99,90,1,0,0,0,0,3,25,0,0,1,608011156
1,0,5,2,101,-1,1,0,0,0,0,256,18,0,0,1,608011156
1,0,5,2,101,-1,1,0,0,0,2,3,25,0,0,1,608011156
1,0,5,2,101,-1,1,0,4,0,2,35,25,0,0,1,608011156
1,0,5,2,101,30,1,0,0,1,2,5,25,0,0,1,608011156
1,0,5,2,101,60,1,1,1,1,0,346,55,0,0,1,608011156
1,0,5,2,101,90,1,0,0,1,0,3,25,0,0,1,608011156
1,0,5,2,116,-1,1,0,0,0,0,3,25,0,0,1,608011156
1,0,5,2,116,-1,1,0,0,0,0,15,25,0,0,1,608011156
1,0,5,2,116,-1,1,0,1,1,0,1,25,0,0,1,608011156
1,0,5,2,116,-1,1,0,1,1,0,5,25,0,0,1,608011156
1,0,5,2,116,-1,1,0,4,0,0,3,25,0,0,1,608011156
1,0,5,2,116,-1,1,0,4,0,0,56,25,0,0,1,608011156
1,0,5,2,116,-1,1,0,9,1,2,15,25,0,0,1,608011156
1,0,5,2,116,-1,1,1,4,0,0,5,25,0,0,1,608011156
1,0,5,2,116,90,1,0,1,1,0,5,55,0,0,1,608011156
1,0,5,2,116,90,1,0,1,1,2,56,55,0,0,1,608011156
1,0,5,2,116,90,1,0,4,0,0,3,25,0,0,1,608011156
1,0,5,2,204,-1,1,0,0,1,0,3,25,0,0,1,608011156
1,0,5,2,205,-1,1,0,4,0,0,5,25,0,0,1,608011156
1,0,5,2,205,90,1,0,0,1,0,3,25,0,0,1,608011156
1,0,5,2,206,-1,1,0,0,0,2,5,25,0,0,1,608011156
1,0,5,2,206,-1,1,0,0,1,0,5,25,0,0,1,608011156
1,0,5,2,206,-1,1,0,0,1,0,346,25,0,0,1,608011156
1,0,5,2,206,-1,1,0,1,1,0,5,24,0,0,1,608011156
1,0,5,2,206,-1,1,0,1,1,2,3,25,0,0,5,608011156
1,0,5,2,206,-1,1,0,2,1,0,5,25,0,0,1,608011156
1,0,5,2,206,-1,1,0,4,0,0,5,25,0,0,1,608011156
1,0,5,2,206,30,1,1,0,1,2,57,55,0,0,1,608011156
1,0,5,2,206,180,1,0,1,1,1,7,25,0,0,1,608011156
1,0,5,2,206,365,1,0,0,1,0,5,55,0,0,1,608011156
1,0,5,2,207,-1,1,0,0,1,0,15,25,0,0,1,608011156
1,0,5,2,207,-1,1,0,0,1,2,3,25,0,0,1,608011156
1,0,5,2,207,-1,1,0,0,1,2,5,25,0,0,1,608011156
1,0,5,2,207,30,1,0,4,0,0,5,25,0,0,1,608011156
1,0,5,2,207,60,1,0,0,0,0,5,18,0,0,1,608011156
1,0,5,2,207,60,1,0,0,0,0,56,18,0,0,1,608011156
1,0,5,2,207,60,1,0,0,1,0,5,25,0,0,1,608011156
1,0,5,2,207,90,1,0,2,1,0,137,25,0,0,5,608011156
1,0,5,2,225,-1,1,0,1,1,0,56,25,0,0,1,608011156
1,0,5,2,312,-1,1,0,0,0,0,3,55,0,0,1,608011156
1,0,5,2,312,-1,1,0,1,1,0,5,55,0,0,1,608011156
1,0,5,2,312,-1,1,0,2,1,0,5,55,0,0,5,608011156
2,0,5,2,313,-1,1,0,0,0,0,3,25,0,0,1,608011156
2,0,5,2,313,-1,1,0,0,1,0,5,25,0,0,1,608011156
1,0,5,2,313,-1,1,0,0,1,0,17,25,0,0,1,608011156
1,0,5,2,313,-1,1,0,0,1,0,35,25,0,0,1,608011156
1,0,5,2,313,-1,1,0,0,1,2,3,25,0,0,1,608011156
2,0,5,2,313,-1,1,0,1,1,0,5,25,0,0,1,608011156
1,0,5,2,313,-1,1,0,1,1,0,5,55,0,0,1,608011156
1,0,5,2,313,-1,1,0,1,1,0,567,25,0,0,1,608011156
1,0,5,2,313,-1,1,0,4,0,0,3,18,0,0,1,608011156
1,0,5,2,313,-1,1,0,4,0,0,35,25,0,0,1,608011156
1,0,5,2,313,-1,1,0,4,0,0,357,25,0,0,1,608011156
1,0,5,2,313,-1,1,0,5,1,0,5,55,0,0,1,608011156
1,0,5,2,313,-1,1,1,1,1,1,56,25,0,0,1,608011156
1,0,5,2,313,30,1,0,0,1,2,135,25,0,0,1,608011156
1,0,5,2,313,30,1,0,1,1,0,5,25,0,0,1,608011156
1,0,5,2,313,30,1,0,1,1,2,5,55,0,0,1,608011156
1,0,5,2,313,30,1,0,4,0,2,5,25,0,0,1,608011156
1,0,5,2,313,60,1,0,4,0,0,5,25,0,0,1,608011156
1,0,5,2,313,90,1,0,0,0,0,5,25,0,0,1,608011156
1,0,5,2,313,180,1,0,0,0,0,16,25,0,0,1,608011156
1,0,5,2,313,180,1,0,0,1,0,3,25,0,0,1,608011156
2,0,5,2,314,-1,1,0,0,0,0,5,55,0,0,1,608011156
1,0,5,2,314,-1,1,0,0,1,0,3,55,0,0,1,608011156
1,0,5,2,314,-1,1,0,0,1,2,5,25,0,0,1,608011156
1,0,5,2,314,-1,1,0,1,1,0,5,55,0,0,1,608011156
1,0,5,2,314,-1,1,1,0,1,0,5,55,0,0,5,608011156
1,0,5,2,314,60,1,0,0,1,0,5,25,0,0,1,608011156
1,0,5,2,314,90,1,0,0,1,1,5,25,0,0,1,608011156
1,0,5,2,410,-1,1,0,0,0,0,3,55,0,0,1,608011156
1,0,5,2,410,-1,1,0,0,0,0,5,25,0,0,1,608011156
1,0,5,2,410,-1,1,0,0,1,0,5,25,0,0,1,608011156
1,0,5,2,410,-1,1,0,0,1,0,256,25,0,0,1,608011156
1,0,5,2,410,-1,1,0,1,1,2,1,55,0,0,1,608011156
1,0,5,2,410,-1,1,0,4,0,0,3,55,0,0,1,608011156
1,0,5,2,410,-1,2,0,0,0,2,15,24,1,0,1,608011156
1,0,5,2,410,60,1,0,4,0,0,7,25,0,0,1,608011156
1,0,5,2,410,180,1,0,0,0,0,3,25,0,0,1,608011156
1,0,5,2,410,180,1,0,1,1,0,3,55,0,0,5,608011156
1,0,5,2,420,-1,1,0,4,0,0,3,55,0,0,1,608011156
1,0,5,2,420,-1,1,1,1,1,0,56,55,0,0,1,608011156
1,0,5,2,422,-1,1,0,0,0,0,3,25,0,0,1,608011156
1,0,5,2,422,-1,1,0,0,0,0,5,25,0,0,1,608011156
1,0,5,2,422,-1,1,0,0,0,2,3,25,0,0,1,608011156
2,0,5,2,422,-1,1,0,0,1,0,3,25,0,0,1,608011156
1,0,5,2,422,-1,1,0,0,1,0,56,25,0,0,1,608011156
1,0,5,2,422,-1,1,0,0,1,0,134,25,0,0,1,608011156
1,0,5,2,422,-1,1,0,4,0,0,3,25,0,0,1,608011156
1,0,5,2,422,-1,1,0,4,0,0,5,25,0,0,1,608011156
1,0,5,2,422,-1,1,0,9,1,0,5,25,0,0,1,608011156
1,0,5,2,422,-1,1,1,1,1,0,3,55,0,0,1,608011156
1,0,5,2,422,30,1,0,1,1,2,7,25,0,0,1,608011156
4,0,5,2,423,-1,1,0,0,0,0,3,25,0,0,1,608011156
2,0,5,2,423,-1,1,0,0,0,0,5,25,0,0,1,608011156
1,0,5,2,423,-1,1,0,0,0,0,5,55,0,0,1,608011156
1,0,5,2,423,-1,1,0,0,0,0,25,25,0,0,1,608011156
1,0,5,2,423,-1,1,0,0,0,0,98,25,0,0,1,608011156
1,0,5,2,423,-1,1,0,0,0,1,3,25,0,0,1,608011156
1,0,5,2,423,-1,1,0,0,0,2,56,55,0,0,1,608011156
1,0,5,2,423,-1,1,0,0,0,3,3,25,0,0,1,608011156
1,0,5,2,423,-1,1,0,0,1,0,3,24,0,0,1,608011156
2,0,5,2,423,-1,1,0,0,1,0,3,25,0,0,1,608011156
1,0,5,2,423,-1,1,0,0,1,0,5,55,0,0,1,608011156
1,0,5,2,423,-1,1,0,0,1,0,127,24,0,0,1,608011156
1,0,5,2,423,-1,1,0,0,1,0,146,25,0,0,1,608011156
1,0,5,2,423,-1,1,0,0,1,0,256,55,0,0,1,608011156
1,0,5,2,423,-1,1,0,0,1,2,3,25,0,0,1,608011156
1,0,5,2,423,-1,1,0,0,1,2,3,25,0,0,5,608011156
1,0,5,2,423,-1,1,0,0,1,2,16,25,0,0,1,608011156
1,0,5,2,423,-1,1,0,1,1,0,3,25,0,0,1,608011156
1,0,5,2,423,-1,1,0,1,1,0,5,25,0,0,1,608011156
3,0,5,2,423,-1,1,0,1,1,0,5,55,0,0,1,608011156
1,0,5,2,423,-1,1,0,1,1,0,13,55,0,0,1,608011156
1,0,5,2,423,-1,1,0,1,1,0,126,55,0,0,1,608011156
1,0,5,2,423,-1,1,0,1,1,1,56,18,0,0,1,608011156
1,0,5,2,423,-1,1,0,1,1,1,567,25,0,0,1,608011156
1,0,5,2,423,-1,1,0,1,1,2,3,55,0,0,1,608011156
1,0,5,2,423,-1,1,0,1,1,2,5,55,0,0,1,608011156
1,0,5,2,423,-1,1,0,2,1,0,3,25,0,0,1,608011156
1,0,5,2,423,-1,1,0,4,0,0,3,24,0,0,1,608011156
1,0,5,2,423,-1,1,0,4,0,0,3,25,0,0,1,608011156
1,0,5,2,423,-1,1,0,4,0,0,37,55,0,0,1,608011156
1,0,5,2,423,-1,1,0,4,0,0,56,25,0,0,1,608011156
2,0,5,2,423,-1,1,0,4,0,2,5,25,0,0,1,608011156
1,0,5,2,423,-1,1,0,4,0,2,5,55,0,0,1,608011156
1,0,5,2,423,-1,1,0,6,1,0,5,25,0,0,1,608011156
1,0,5,2,423,-1,1,0,9,1,1,5,55,0,0,1,608011156
1,0,5,2,423,-1,2,0,0,1,2,5,25,1,1,1,608011156
1,0,5,2,423,30,1,0,0,0,0,3,25,0,0,1,608011156
1,0,5,2,423,30,1,0,0,0,0,5,25,0,0,1,608011156
2,0,5,2,423,30,1,0,0,0,0,56,25,0,0,1,608011156
1,0,5,2,423,30,1,0,0,1,0,5,25,0,0,1,608011156
1,0,5,2,423,30,1,0,1,1,2,5,25,0,0,1,608011156
1,0,5,2,423,30,1,0,4,0,2,5,25,0,0,1,608011156
1,0,5,2,423,60,1,0,0,0,0,5,25,0,0,1,608011156
1,0,5,2,423,60,1,0,0,1,0,5,55,0,0,1,608011156
1,0,5,2,423,60,1,0,0,1,1,5,25,0,0,1,608011156
1,0,5,2,423,60,1,0,1,1,0,5,25,0,0,1,608011156
1,0,5,2,423,60,1,0,4,0,2,16,55,0,0,1,608011156
1,0,5,2,423,90,1,0,0,0,0,3,25,0,0,1,608011156
1,0,5,2,423,90,1,0,0,0,0,5,25,0,0,1,608011156
1,0,5,2,423,90,1,0,1,1,0,5,25,0,0,1,608011156
1,0,5,2,423,90,1,0,4,0,0,23,25,0,0,1,608011156
1,0,5,2,423,180,1,0,0,0,0,3,25,0,0,1,608011156
1,0,5,2,423,180,1,0,0,0,0,5,25,0,0,1,608011156
1,0,5,2,423,180,1,0,0,0,0,356,25,0,0,1,608011156
1,0,5,2,423,180,1,0,0,1,0,5,55,0,0,1,608011156
1,0,5,2,423,180,1,0,0,1,0,356,25,0,0,1,608011156
1,0,5,2,423,180,1,0,4,0,0,3,25,0,0,1,608011156
1,0,5,2,423,180,1,1,0,1,0,5,25,0,0,1,608011156
1,0,5,2,423,180,1,1,1,1,0,5,25,0,0,1,608011156
1,0,5,2,423,180,1,1,1,1,2,5,55,0,0,1,608011156
1,0,5,2,423,365,1,0,0,1,1,3,25,0,0,1,608011156
1,0,5,2,423,365,1,1,4,0,0,56,55,0,0,1,608011156
1,0,5,2,431,-1,1,0,0,1,0,5,25,0,0,1,608011156
1,0,5,2,431,-1,1,0,0,1,1,56,24,0,0,1,608011156
1,0,5,2,431,-1,1,0,1,1,0,5,25,0,0,1,608011156
1,0,5,2,431,-1,1,0,6,1,0,3,25,0,0,1,608011156
1,0,5,2,434,-1,1,0,0,1,0,3,25,0,0,1,608011156
1,0,5,2,434,30,1,0,0,1,0,5,25,0,0,1,608011156
1,0,5,3,116,30,1,1,1,1,2,5,25,0,0,3,608011156
1,0,5,3,215,-1,3,0,1,1,0,5,-1,0,0,2,608011156
1,0,5,3,302,-1,1,0,0,1,0,5,25,0,0,2,608011156
1,0,5,3,302,-1,1,1,0,0,0,5,25,0,0,2,608011156
1,0,5,3,313,-1,1,1,9,1,0,3,55,0,0,3,608011156
1,0,5,3,411,-1,1,1,9,1,0,5,55,0,0,3,608011156
1,0,5,3,423,-1,1,1,4,0,0,5,55,0,0,3,608011156
1,0,5,3,423,30,1,1,1,1,0,5,25,0,0,6,608011156
1,0,5,4,410,-1,1,1,1,1,0,15,55,0,0,1,608011156
1,0,5,5,24,-1,1,1,0,1,0,5,25,0,0,4,608011156
1,0,5,5,99,-1,1,0,0,0,0,456,25,0,0,4,608011156
1,0,5,5,99,-1,1,0,4,0,0,5,55,0,0,5,608011156
1,0,5,5,99,-1,1,0,6,1,2,5,25,0,0,5,608011156
2,0,5,5,410,-1,1,0,0,0,0,3,25,0,0,5,608011156
1,0,5,5,410,-1,1,0,0,0,0,3,55,0,0,5,608011156
2,0,5,5,410,-1,1,0,0,0,0,5,18,0,0,-1,608011156
1,0,5,5,410,-1,1,0,0,0,0,5,25,0,0,5,608011156
1,0,5,5,410,-1,1,0,0,0,0,17,25,0,0,5,608011156
1,0,5,5,410,-1,1,0,0,0,0,25,24,0,0,-1,608011156
1,0,5,5,410,-1,1,0,0,0,0,56,25,0,0,5,608011156
1,0,5,5,410,-1,1,0,0,0,0,246,25,0,0,5,608011156
1,0,5,5,410,-1,1,0,0,0,2,3,25,1,0,5,608011156
1,0,5,5,410,-1,1,0,0,1,0,3,25,0,0,-1,608011156
1,0,5,5,410,-1,1,0,0,1,0,5,24,0,0,5,608011156
1,0,5,5,410,-1,1,0,0,1,0,5,25,0,0,4,608011156
1,0,5,5,410,-1,1,0,0,1,0,145,18,0,0,-1,608011156
1,0,5,5,410,-1,1,0,0,1,1,5,55,0,0,5,608011156
1,0,5,5,410,-1,1,0,0,1,2,3,25,1,0,-1,608011156
1,0,5,5,410,-1,1,0,0,1,2,3,55,0,0,5,608011156
2,0,5,5,410,-1,1,0,0,1,2,5,25,0,0,5,608011156
1,0,5,5,410,-1,1,0,0,1,2,5,55,0,0,5,608011156
1,0,5,5,410,-1,1,0,0,1,2,356,25,0,0,5,608011156
1,0,5,5,410,-1,1,0,1,1,0,3,25,0,0,5,608011156
2,0,5,5,410,-1,1,0,1,1,0,5,25,0,0,5,608011156
1,0,5,5,410,-1,1,0,1,1,0,67,55,0,0,4,608011156
1,0,5,5,410,-1,1,0,1,1,1,5,25,0,0,5,608011156
1,0,5,5,410,-1,1,0,1,1,1,36,25,0,0,5,608011156
1,0,5,5,410,-1,1,0,1,1,2,5,25,0,0,5,608011156
1,0,5,5,410,-1,1,0,2,1,0,5,55,0,0,5,608011156
1,0,5,5,410,-1,1,0,4,0,0,345,25,0,0,5,608011156
1,0,5,5,410,-1,1,0,6,1,0,136,18,0,0,4,608011156
2,0,5,5,410,-1,1,0,9,1,0,5,25,0,0,5,608011156
1,0,5,5,410,-1,1,0,9,1,1,5,25,0,0,5,608011156
1,0,5,5,410,-1,1,1,0,1,0,1,55,0,0,-1,608011156
1,0,5,5,410,-1,1,1,0,1,0,3,25,0,0,5,608011156
1,0,5,5,410,-1,1,1,0,1,0,345,25,0,0,4,608011156
1,0,5,5,410,-1,2,0,0,0,2,3,25,1,1,-1,608011156
1,0,5,5,410,-1,2,0,0,0,2,5,25,1,1,-1,608011156
1,0,5,5,410,-1,2,0,0,0,3,136,25,1,0,5,608011156
1,0,5,5,410,-1,2,0,0,1,2,1,25,1,1,4,608011156
1,0,5,5,410,-1,2,0,1,1,2,14,25,1,0,5,608011156
1,0,5,5,410,30,1,0,4,0,2,5,25,0,0,5,608011156
1,0,5,5,410,60,1,0,1,1,1,56,25,0,0,4,608011156
1,0,5,5,410,60,1,1,0,0,0,3,55,0,0,5,608011156
1,0,5,5,410,90,1,0,0,0,0,3,25,0,0,-1,608011156
2,0,5,5,410,180,1,0,1,1,0,5,25,0,0,5,608011156
1,0,5,5,410,180,1,0,1,1,1,5,25,0,0,5,608011156
1,0,5,5,410,365,1,0,1,1,2,5,25,0,0,5,608011156
1,0,5,5,419,-1,1,1,1,1,0,5,25,0,0,5,608011156
1,0,5,5,419,-1,1,1,9,1,1,3,25,0,0,5,608011156
1,0,5,5,419,365,1,1,0,0,2,5,55,0,0,4,608011156
1,0,5,5,420,-1,1,0,0,0,0,3,25,0,0,5,608011156
1,0,5,5,420,-1,1,0,0,0,0,5,24,0,0,-1,608011156
1,0,5,5,420,-1,1,0,0,0,2,3,25,0,0,5,608011156
1,0,5,5,420,-1,1,0,0,1,0,3,25,0,0,5,608011156
1,0,5,5,420,-1,1,0,0,1,0,5,25,0,0,5,608011156
1,0,5,5,420,-1,1,0,1,1,1,3,25,0,0,5,608011156
1,0,5,5,420,-1,1,0,4,0,0,3,25,0,0,5,608011156
1,0,5,5,420,-1,2,0,0,0,0,3,24,1,0,4,608011156
1,0,5,5,420,-1,2,0,0,0,0,3,25,1,0,4,608011156
2,0,5,5,420,-1,2,0,0,0,0,3,25,1,0,5,608011156
1,0,5,5,420,-1,2,0,0,0,2,3,25,1,1,4,608011156
1,0,5,5,420,-1,2,0,1,1,2,5,24,1,0,5,608011156
1,0,5,5,420,180,1,0,0,1,0,3,55,0,0,5,608011156
1,0,5,5,422,-1,1,0,0,0,0,3,25,0,0,5,608011156
1,0,5,5,422,-1,1,0,0,1,1,5,25,0,0,-1,608011156
1,0,5,5,422,-1,2,0,0,0,0,3,25,1,0,5,608011156
1,0,5,5,422,-1,2,0,4,0,0,3,18,1,0,5,608011156
1,0,5,5,422,-1,2,0,4,0,0,3,25,1,0,5,608011156
1,0,5,5,422,-1,2,0,9,1,1,5,25,1,0,4,608011156
1,0,5,5,422,-1,3,0,0,1,1,35,-1,0,0,5,608011156
1,0,5,5,422,30,1,0,4,0,0,56,25,0,0,5,608011156
1,0,5,5,422,30,1,1,0,1,0,5,55,0,0,7,608011156
1,0,5,5,422,30,2,0,0,0,0,5,25,1,0,5,608011156
1,0,5,5,423,-1,1,0,0,0,2,5,25,0,0,5,608011156
1,0,5,5,423,-1,1,0,0,1,1,156,25,0,0,4,608011156
1,0,5,5,423,-1,1,0,1,1,2,67,25,0,0,5,608011156
1,0,5,5,423,-1,1,0,4,0,0,3,25,0,0,5,608011156
1,0,5,5,423,-1,1,0,9,1,2,5,25,0,0,5,608011156
1,0,5,5,423,-1,2,0,0,0,0,5,25,1,0,5,608011156
1,0,5,5,423,60,1,0,1,1,0,67,25,0,0,5,608011156
1,0,5,5,423,90,1,0,1,1,3,27,25,0,0,5,608011156
1,0,5,5,431,90,1,0,0,0,2,5,25,0,0,5,608011156
1,0,5,5,433,-1,1,0,0,1,0,3,25,0,0,-1,608011156
1,0,5,5,433,-1,1,0,0,1,0,3,55,0,0,5,608011156
2,0,5,5,433,-1,1,0,0,1,0,5,25,0,0,-1,608011156
1,0,5,5,433,-1,1,0,0,1,0,257,55,0,0,5,608011156
1,0,5,5,433,-1,1,0,0,1,1,3,25,0,0,-1,608011156
1,0,5,5,433,-1,1,0,0,1,1,5,25,0,0,-1,608011156
1,0,5,5,433,-1,1,0,0,1,1,5,25,1,0,-1,608011156
1,0,5,5,433,-1,1,0,0,1,2,47,25,0,0,-1,608011156
1,0,5,5,433,-1,1,0,1,1,1,3,18,0,0,5,608011156
1,0,5,5,433,-1,1,0,1,1,2,35,55,0,0,4,608011156
1,0,5,5,433,-1,1,0,4,0,3,35,24,0,0,5,608011156
1,0,5,5,433,-1,1,0,9,1,0,3,25,0,0,5,608011156
1,0,5,5,433,-1,1,0,9,1,0,46,25,0,0,5,608011156
1,0,5,5,433,-1,2,0,0,1,0,235,25,1,0,-1,608011156
1,0,5,5,433,90,2,0,0,0,0,3,24,1,0,5,608011156
1,0,5,5,433,180,1,0,1,1,0,147,25,0,0,5,608011156
1,0,5,5,433,365,1,0,0,1,0,3,25,0,0,-1,608011156
1,0,5,6,24,-1,1,0,1,1,0,5,25,0,0,-1,608011156
1,0,5,6,24,-1,1,1,0,1,0,5,55,0,0,-1,608011156
1,0,5,7,98,-1,1,0,0,1,1,5,25,0,0,5,608011156
1,0,5,7,99,-1,1,0,1,1,2,3,25,0,0,5,608011156
1,0,5,7,99,-1,1,0,4,0,2,3,25,0,0,5,608011156
1,0,5,7,99,-1,1,1,0,1,0,5,55,0,0,5,608011156
1,0,5,7,99,-1,1,1,0,1,0,5,55,0,0,6,608011156
1,0,5,7,99,-1,2,1,0,0,0,5,25,1,0,5,608011156
1,0,5,7,99,60,1,0,4,0,0,5,25,0,0,5,608011156
1,0,5,7,101,-1,1,0,4,0,0,5,25,0,0,7,608011156
1,0,5,7,101,90,1,0,4,0,1,3,25,0,0,5,608011156
1,0,5,7,116,-1,1,0,6,1,0,5,25,0,0,4,608011156
1,0,5,7,116,90,1,1,1,1,0,5,55,0,0,5,608011156
1,0,5,7,205,-1,1,1,1,1,0,5,25,0,0,6,608011156
1,0,5,7,206,60,1,1,0,1,2,5,55,0,0,5,608011156
1,0,5,7,207,-1,1,0,9,1,1,5,25,0,0,5,608011156
1,0,5,7,207,180,1,0,4,0,0,2,25,0,0,5,608011156
1,0,5,7,302,30,1,0,1,1,0,3,25,0,0,5,608011156
1,0,5,7,312,-1,1,0,6,1,0,5,25,0,0,5,608011156
1,0,5,7,313,30,1,0,9,1,0,134,25,0,0,5,608011156
1,0,5,7,410,-1,1,0,1,1,0,5,25,0,0,5,608011156
1,0,5,7,410,-1,1,0,1,1,0,5,55,0,0,5,608011156
1,0,5,7,410,-1,1,0,1,1,2,367,25,0,0,5,608011156
1,0,5,7,410,-1,1,0,4,0,0,3,25,0,0,5,608011156
1,0,5,7,410,-1,1,0,5,1,0,3,25,0,0,5,608011156
1,0,5,7,410,90,1,0,1,1,2,3,25,0,0,5,608011156
1,0,5,7,410,180,1,0,0,0,0,25,55,0,0,4,608011156
1,0,5,7,410,365,1,0,4,0,0,3,55,0,0,5,608011156
1,0,5,7,420,-1,1,0,0,1,0,5,55,0,0,5,608011156
1,0,5,7,420,-1,1,0,1,1,2,134,55,0,0,5,608011156
1,0,5,7,422,365,2,0,1,1,1,3,25,1,0,5,608011156
1,0,5,7,423,180,1,0,0,0,0,5,18,0,0,5,608011156
1,0,5,7,433,-1,1,1,0,1,1,5,55,0,0,6,608011156
1,0,5,7,434,-1,1,1,5,1,0,5,55,0,0,5,608011156
1,0,5,8,98,180,1,0,0,1,0,23,25,0,0,9,608011156
1,0,5,9,99,-1,1,0,4,0,0,5,25,0,0,1,608011156
1,0,5,9,207,-1,1,0,0,1,0,13,25,0,0,1,608011156
1,0,5,9,410,-1,1,0,0,0,0,5,25,0,0,1,608011156
1,0,5,9,410,-1,1,0,0,1,0,56,18,0,0,1,608011156
1,0,5,9,410,-1,1,0,0,1,2,5,25,0,0,1,608011156
1,0,5,9,410,-1,2,0,0,0,0,5,25,1,0,1,608011156
1,0,5,9,410,90,1,0,9,1,0,3,25,0,0,1,608011156
1,0,5,9,420,-1,1,0,0,0,2,5,55,0,0,1,608011156
1,0,5,9,420,-1,1,0,0,1,2,5,55,0,0,1,608011156
1,0,5,9,420,-1,2,0,0,0,1,5,25,1,0,1,608011156
1,0,5,9,420,-1,2,0,0,1,2,147,25,1,1,1,608011156
1,0,5,9,422,-1,1,0,9,1,2,5,25,0,0,1,608011156
1,0,5,9,434,-1,1,0,0,1,0,5,55,0,0,1,608011156
1,0,5,10,207,-1,1,0,1,1,0,246,25,0,0,1,608011156
1,0,5,10,312,365,1,0,0,0,0,56,25,0,0,1,608011156
1,0,5,10,434,-1,1,0,1,1,0,5,55,0,0,1,608011156
