RowTotal,Stat,ReturnTime,HHType,HHChronic,HHVet,HHDisability,HHFleeingDV,HoHRaceEthnicity,HHAdult,HHChild,HHNoDOB,HHAdultAge,HHParent,ESTStatus,ESTGeography,ESTLivingSit,ESTDestination,ESTChronic,ESTVet,ESTDisability,ESTFleeingDV,ESTAC3Plus,ESTAdultAge,ESTParent,RRHStatus,RRHMoveIn,RRHGeography,RRHLivingSit,RRHDestination,RRHPreMoveInDays,RRHChronic,RRHVet,RRHDisability,RRHFleeingDV,RRHAC3Plus,RRHAdultAge,RRHParent,PSHStatus,PSHMoveIn,PSHGeography,PSHLivingSit,PSHDestination,PSHHousedDays,PSHChronic,PSHVet,PSHDisability,PSHFleeingDV,PSHAC3Plus,PSHAdultAge,PSHParent,ESDays,THDays,ESTDays,RRHPSHPreMoveInDays,RRHHousedDays,SystemDaysNotPSHHoused,SystemHomelessDays,Other3917Days,TotalHomelessDays,SystemPath,ESTAIR,RRHAIR,PSHAIR,RRHSOStatus,RRHSOMoveIn,ReportID
1,1,-1,1,0,0,0,0,1,1,0,0,18,0,22,1,116,99,0,0,0,0,0,18,0,0,-1,-1,-1,-1,0,0,0,0,0,0,-1,0,0,-1,-1,-1,-1,0,0,0,0,0,0,-1,0,30,0,30,0,0,30,30,60,60,1,1,0,0,0,-1,608011156
1,1,-1,1,0,0,0,0,1,1,0,0,18,0,22,1,116,302,0,0,0,0,0,18,0,0,-1,-1,-1,-1,0,0,0,0,0,0,-1,0,0,-1,-1,-1,-1,0,0,0,0,0,0,-1,0,60,0,60,0,0,60,60,7,60,1,1,0,0,0,-1,608011156
1,1,-1,1,0,0,0,0,1,1,0,0,25,0,22,1,207,423,0,0,0,0,0,25,0,0,-1,-1,-1,-1,0,0,0,0,0,0,-1,0,0,-1,-1,-1,-1,0,0,0,0,0,0,-1,0,30,0,30,0,0,30,30,0,30,1,1,0,0,0,-1,608011156
1,1,-1,1,0,0,0,0,1,1,0,0,25,0,22,3,336,431,0,0,0,0,0,25,0,0,-1,-1,-1,-1,0,0,0,0,0,0,-1,0,0,-1,-1,-1,-1,0,0,0,0,0,0,-1,0,90,0,90,0,0,90,90,365,365,1,1,0,0,22,1,608011156
1,1,-1,1,0,0,0,0,2,1,0,0,18,0,22,1,204,101,0,0,0,0,0,18,0,0,-1,-1,-1,-1,0,0,0,0,0,0,-1,0,0,-1,-1,-1,-1,0,0,0,0,0,0,-1,0,60,0,60,0,0,60,60,7,60,1,1,0,0,0,-1,608011156
1,1,-1,1,0,0,0,0,2,1,0,0,25,0,0,-1,-1,-1,0,0,0,0,0,-1,0,22,1,3,116,410,7,0,0,0,0,0,25,0,0,-1,-1,-1,-1,0,0,0,0,0,0,-1,0,0,0,0,7,90,90,7,180,180,4,0,1,0,0,-1,608011156
1,1,-1,1,0,0,0,0,2,1,0,0,25,0,21,1,99,-1,0,0,0,0,0,25,0,0,-1,-1,-1,-1,0,0,0,0,0,0,-1,0,0,-1,-1,-1,-1,0,0,0,0,0,0,-1,0,30,0,30,0,0,30,30,60,90,1,1,0,0,0,-1,608011156
1,1,-1,1,0,0,0,0,2,1,0,0,25,0,22,1,116,99,0,0,0,0,0,25,0,0,-1,-1,-1,-1,0,0,0,0,0,0,-1,0,0,-1,-1,-1,-1,0,0,0,0,0,0,-1,0,60,0,60,0,0,60,60,90,180,1,1,0,0,0,-1,608011156
1,1,-1,1,0,0,0,0,2,1,0,0,25,0,22,1,116,116,0,0,0,0,0,25,0,0,-1,-1,-1,-1,0,0,0,0,0,0,-1,0,0,-1,-1,-1,-1,0,0,0,0,0,0,-1,0,30,0,30,0,0,30,30,60,60,1,1,0,0,0,-1,608011156
1,1,-1,1,0,0,0,0,3,1,0,0,18,0,0,-1,-1,-1,0,0,0,0,0,-1,0,21,0,1,336,-1,180,0,0,0,0,0,18,0,0,-1,-1,-1,-1,0,0,0,0,0,0,-1,0,0,0,0,180,0,180,180,30,180,4,0,0,0,0,-1,608011156
1,1,-1,1,0,0,0,0,3,1,0,0,18,0,0,-1,-1,-1,0,0,0,0,0,-1,0,22,1,1,101,410,7,0,0,0,0,0,18,0,0,-1,-1,-1,-1,0,0,0,0,0,0,-1,0,0,0,0,7,180,180,7,30,30,4,0,1,0,0,-1,608011156
1,1,-1,1,0,0,0,0,3,1,0,0,18,0,0,-1,-1,-1,0,0,0,0,0,-1,0,22,1,1,116,420,7,0,0,0,0,0,18,0,0,-1,-1,-1,-1,0,0,0,0,0,0,-1,0,0,0,0,7,180,180,7,365,365,4,0,1,0,0,-1,608011156
1,1,-1,1,0,0,0,0,3,1,0,0,18,0,21,1,99,-1,0,0,0,0,0,18,0,0,-1,-1,-1,-1,0,0,0,0,0,0,-1,0,0,-1,-1,-1,-1,0,0,0,0,0,0,-1,0,180,0,180,0,0,180,180,0,180,1,1,0,0,0,-1,608011156
1,1,-1,1,0,0,0,0,3,1,0,0,18,0,22,1,99,99,0,0,0,0,0,18,0,0,-1,-1,-1,-1,0,0,0,0,0,0,-1,0,0,-1,-1,-1,-1,0,0,0,0,0,0,-1,0,7,0,7,0,0,7,7,90,90,1,1,0,0,0,-1,608011156
1,1,-1,1,0,0,0,0,3,1,0,0,18,0,22,1,101,423,0,0,0,0,0,18,0,0,-1,-1,-1,-1,0,0,0,0,0,0,-1,0,0,-1,-1,-1,-1,0,0,0,0,0,0,-1,0,30,0,30,0,0,30,30,0,30,1,1,0,0,0,-1,608011156
1,1,-1,1,0,0,0,0,3,1,0,0,18,0,22,1,116,101,0,0,0,0,0,18,0,0,-1,-1,-1,-1,0,0,0,0,0,0,-1,0,0,-1,-1,-1,-1,0,0,0,0,0,0,-1,0,90,0,90,0,0,90,90,0,90,1,1,0,0,0,-1,608011156
1,1,-1,1,0,0,0,0,3,1,0,0,18,0,22,1,116,302,0,0,0,0,0,18,0,0,-1,-1,-1,-1,0,0,0,0,0,0,-1,0,0,-1,-1,-1,-1,0,0,0,0,0,0,-1,0,30,0,30,0,0,30,30,0,30,1,1,0,0,0,-1,608011156
1,1,-1,1,0,0,0,0,3,1,0,0,18,0,22,1,116,422,0,0,0,0,0,18,0,0,-1,-1,-1,-1,0,0,0,0,0,0,-1,0,0,-1,-1,-1,-1,0,0,0,0,0,0,-1,0,30,0,30,0,0,30,30,7,30,1,1,0,0,0,-1,608011156
1,1,-1,1,0,0,0,0,3,1,0,0,18,0,22,1,314,99,0,0,0,0,0,18,0,0,-1,-1,-1,-1,0,0,0,0,0,0,-1,0,0,-1,-1,-1,-1,0,0,0,0,0,0,-1,0,30,0,30,0,0,30,30,0,30,1,1,0,0,0,-1,608011156
1,1,-1,1,0,0,0,0,3,1,0,0,18,0,22,1,314,410,0,0,0,0,0,18,0,0,-1,-1,-1,-1,0,0,0,0,0,0,-1,0,0,-1,-1,-1,-1,0,0,0,0,0,0,-1,0,30,0,30,0,0,30,30,0,30,1,1,0,0,0,-1,608011156
1,1,-1,1,0,0,0,0,3,1,0,0,18,0,22,1,336,98,0,0,0,0,0,18,0,0,-1,-1,-1,-1,0,0,0,0,0,0,-1,0,0,-1,-1,-1,-1,0,0,0,0,0,0,-1,0,30,0,30,0,0,30,30,7,30,1,1,0,0,0,-1,608011156
1,1,-1,1,0,0,0,0,3,1,0,0,18,0,22,1,336,422,0,0,0,0,0,18,0,0,-1,-1,-1,-1,0,0,0,0,0,0,-1,0,0,-1,-1,-1,-1,0,0,0,0,0,0,-1,0,30,0,30,0,0,30,30,0,30,1,1,0,0,0,-1,608011156
1,1,-1,1,0,0,0,0,3,1,0,0,24,0,21,1,101,-1,0,0,0,0,0,24,0,0,-1,-1,-1,-1,0,0,0,0,0,0,-1,0,0,-1,-1,-1,-1,0,0,0,0,0,0,-1,0,90,0,90,0,0,90,90,60,180,1,1,0,0,0,-1,608011156
1,1,-1,1,0,0,0,0,3,1,0,0,24,0,22,1,99,99,0,0,0,0,0,24,0,0,-1,-1,-1,-1,0,0,0,0,0,0,-1,0,0,-1,-1,-1,-1,0,0,0,0,0,0,-1,0,30,0,30,0,0,30,30,7,30,1,1,0,0,0,-1,608011156
1,1,-1,1,0,0,0,0,3,1,0,0,24,0,22,1,314,423,0,0,0,0,0,24,0,0,-1,-1,-1,-1,0,0,0,0,0,0,-1,0,0,-1,-1,-1,-1,0,0,0,0,0,0,-1,0,60,0,60,0,0,60,60,0,60,1,1,0,0,0,-1,608011156
1,1,-1,1,0,0,0,0,3,1,0,0,24,0,22,1,335,423,0,0,0,0,0,24,0,0,-1,-1,-1,-1,0,0,0,0,0,0,-1,0,0,-1,-1,-1,-1,0,0,0,0,0,0,-1,0,30,0,30,0,0,30,30,0,30,1,1,0,0,0,-1,608011156
1,1,-1,1,0,0,0,0,3,1,0,0,24,0,22,1,336,422,0,0,0,0,0,24,0,0,-1,-1,-1,-1,0,0,0,0,0,0,-1,0,0,-1,-1,-1,-1,0,0,0,0,0,0,-1,0,30,0,30,0,0,30,30,0,30,1,1,0,0,0,-1,608011156
1,1,-1,1,0,0,0,0,3,1,0,0,24,0,22,3,116,313,0,0,0,0,0,24,0,0,-1,-1,-1,-1,0,0,0,0,0,0,-1,0,0,-1,-1,-1,-1,0,0,0,0,0,0,-1,0,60,0,60,0,0,60,60,30,60,1,1,0,0,0,-1,608011156
1,1,-1,1,0,0,0,0,3,1,0,0,24,0,22,3,336,312,0,0,0,0,0,24,0,0,-1,-1,-1,-1,0,0,0,0,0,0,-1,0,0,-1,-1,-1,-1,0,0,0,0,0,0,-1,0,180,0,180,0,0,180,180,0,180,1,1,0,0,0,-1,608011156
1,1,-1,1,0,0,0,0,3,1,0,0,24,0,22,3,336,423,0,0,0,0,0,24,0,0,-1,-1,-1,-1,0,0,0,0,0,0,-1,0,0,-1,-1,-1,-1,0,0,0,0,0,0,-1,0,30,0,30,0,0,30,30,0,30,1,1,0,0,0,-1,608011156
1,1,-1,1,0,0,0,0,3,1,0,0,24,0,22,3,336,434,0,0,0,0,0,24,0,0,-1,-1,-1,-1,0,0,0,0,0,0,-1,0,0,-1,-1,-1,-1,0,0,0,0,0,0,-1,0,60,0,60,0,0,60,60,0,60,1,1,0,0,0,-1,608011156
1,1,-1,1,0,0,0,0,3,1,0,0,25,0,0,-1,-1,-1,0,0,0,0,0,-1,0,21,1,1,101,-1,60,0,0,0,0,0,25,0,0,-1,-1,-1,-1,0,0,0,0,0,0,-1,0,0,0,0,60,180,180,60,180,365,4,0,1,0,0,-1,608011156
1,1,-1,1,0,0,0,0,3,1,0,0,25,0,0,-1,-1,-1,0,0,0,0,0,-1,0,21,1,1,116,-1,7,0,0,0,0,0,25,0,0,-1,-1,-1,-1,0,0,0,0,0,0,-1,0,0,0,0,7,180,180,7,30,30,4,0,1,0,0,-1,608011156
1,1,-1,1,0,0,0,0,3,1,0,0,25,0,0,-1,-1,-1,0,0,0,0,0,-1,0,21,1,1,116,-1,7,0,0,0,0,0,25,0,0,-1,-1,-1,-1,0,0,0,0,0,0,-1,0,0,0,0,7,180,180,7,90,90,4,0,1,0,0,-1,608011156
1,1,-1,1,0,0,0,0,3,1,0,0,25,0,0,-1,-1,-1,0,0,0,0,0,-1,0,22,1,1,116,410,7,0,0,0,0,0,25,0,0,-1,-1,-1,-1,0,0,0,0,0,0,-1,0,0,0,0,7,180,180,7,365,365,4,0,1,0,0,-1,608011156
1,1,-1,1,0,0,0,0,3,1,0,0,25,0,21,1,99,-1,0,0,0,0,0,25,0,0,-1,-1,-1,-1,0,0,0,0,0,0,-1,0,0,-1,-1,-1,-1,0,0,0,0,0,0,-1,0,90,0,90,0,0,90,90,90,180,1,1,0,0,0,-1,608011156
1,1,-1,1,0,0,0,0,3,1,0,0,25,0,21,1,101,-1,0,0,0,0,0,25,0,0,-1,-1,-1,-1,0,0,0,0,0,0,-1,0,0,-1,-1,-1,-1,0,0,0,0,0,0,-1,0,90,0,90,0,0,90,90,60,180,1,1,0,0,0,-1,608011156
1,1,-1,1,0,0,0,0,3,1,0,0,25,0,21,1,101,-1,0,0,0,0,0,25,0,0,-1,-1,-1,-1,0,0,0,0,0,0,-1,0,0,-1,-1,-1,-1,0,0,0,0,0,0,-1,0,180,0,180,0,0,180,180,30,180,1,1,0,0,0,-1,608011156
1,1,-1,1,0,0,0,0,3,1,0,0,25,0,21,1,116,-1,0,0,0,0,0,25,0,0,-1,-1,-1,-1,0,0,0,0,0,0,-1,0,0,-1,-1,-1,-1,0,0,0,0,0,0,-1,0,7,0,7,0,0,7,7,180,180,1,1,0,0,0,-1,608011156
1,1,-1,1,0,0,0,0,3,1,0,0,25,0,21,1,116,-1,0,0,0,0,0,25,0,0,-1,-1,-1,-1,0,0,0,0,0,0,-1,0,0,-1,-1,-1,-1,0,0,0,0,0,0,-1,0,30,0,30,0,0,30,30,30,30,1,1,0,0,0,-1,608011156
1,1,-1,1,0,0,0,0,3,1,0,0,25,0,21,1,116,-1,0,0,0,0,0,25,0,0,-1,-1,-1,-1,0,0,0,0,0,0,-1,0,0,-1,-1,-1,-1,0,0,0,0,0,0,-1,0,30,0,30,0,0,30,30,90,180,1,1,0,0,0,-1,608011156
2,1,-1,1,0,0,0,0,3,1,0,0,25,0,21,1,116,-1,0,0,0,0,0,25,0,0,-1,-1,-1,-1,0,0,0,0,0,0,-1,0,0,-1,-1,-1,-1,0,0,0,0,0,0,-1,0,90,0,90,0,0,90,90,30,90,1,1,0,0,0,-1,608011156
1,1,-1,1,0,0,0,0,3,1,0,0,25,0,21,1,116,-1,0,0,0,0,0,25,0,0,-1,-1,-1,-1,0,0,0,0,0,0,-1,0,0,-1,-1,-1,-1,0,0,0,0,0,0,-1,0,90,0,90,0,0,90,90,30,180,1,1,0,0,0,-1,608011156
1,1,-1,1,0,0,0,0,3,1,0,0,25,0,21,1,116,-1,0,0,0,0,0,25,0,0,-1,-1,-1,-1,0,0,0,0,0,0,-1,0,0,-1,-1,-1,-1,0,0,0,0,0,0,-1,0,90,0,90,0,0,90,90,90,180,1,1,0,0,0,-1,608011156
1,1,-1,1,0,0,0,0,3,1,0,0,25,0,21,1,116,-1,0,0,0,0,0,25,0,0,-1,-1,-1,-1,0,0,0,0,0,0,-1,0,0,-1,-1,-1,-1,0,0,0,0,0,0,-1,0,180,0,180,0,0,180,180,0,180,1,1,0,0,0,-1,608011156
1,1,-1,1,0,0,0,0,3,1,0,0,25,0,21,1,116,-1,0,0,0,0,0,25,0,0,-1,-1,-1,-1,0,0,0,0,0,0,-1,0,0,-1,-1,-1,-1,0,0,0,0,0,0,-1,0,180,0,180,0,0,180,180,180,365,1,1,0,0,0,-1,608011156
1,1,-1,1,0,0,0,0,3,1,0,0,25,0,21,1,207,-1,0,0,0,0,0,25,0,0,-1,-1,-1,-1,0,0,0,0,0,0,-1,0,0,-1,-1,-1,-1,0,0,0,0,0,0,-1,0,90,0,90,0,0,90,90,0,90,1,1,0,0,0,-1,608011156
1,1,-1,1,0,0,0,0,3,1,0,0,25,0,21,1,207,-1,0,0,0,0,0,25,0,0,-1,-1,-1,-1,0,0,0,0,0,0,-1,0,0,-1,-1,-1,-1,0,0,0,0,0,0,-1,0,90,0,90,0,0,90,90,30,180,1,1,0,0,0,-1,608011156
2,1,-1,1,0,0,0,0,3,1,0,0,25,0,21,1,335,-1,0,0,0,0,0,25,0,0,-1,-1,-1,-1,0,0,0,0,0,0,-1,0,0,-1,-1,-1,-1,0,0,0,0,0,0,-1,0,90,0,90,0,0,90,90,0,90,1,1,0,0,0,-1,608011156
1,1,-1,1,0,0,0,0,3,1,0,0,25,0,21,1,336,-1,0,0,0,0,0,25,0,0,-1,-1,-1,-1,0,0,0,0,0,0,-1,0,0,-1,-1,-1,-1,0,0,0,0,0,0,-1,0,180,0,180,0,0,180,180,7,180,1,1,0,0,0,-1,608011156
1,1,-1,1,0,0,0,0,3,1,0,0,25,0,21,1,336,-1,0,0,0,0,0,25,0,0,-1,-1,-1,-1,0,0,0,0,0,0,-1,0,0,-1,-1,-1,-1,0,0,0,0,0,0,-1,0,365,0,365,0,0,365,365,0,365,1,1,0,0,0,-1,608011156
1,1,-1,1,0,0,0,0,3,1,0,0,25,0,21,3,116,-1,0,0,0,0,0,25,0,0,-1,-1,-1,-1,0,0,0,0,0,0,-1,0,0,-1,-1,-1,-1,0,0,0,0,0,0,-1,0,180,0,180,0,0,180,180,90,180,1,1,0,0,0,-1,608011156
1,1,-1,1,0,0,0,0,3,1,0,0,25,0,21,3,336,-1,0,0,0,0,0,25,0,0,-1,-1,-1,-1,0,0,0,0,0,0,-1,0,0,-1,-1,-1,-1,0,0,0,0,0,0,-1,0,180,0,180,0,0,180,180,0,180,1,1,0,0,0,-1,608011156
1,1,-1,1,0,0,0,0,3,1,0,0,25,0,21,3,336,-1,0,0,0,0,0,25,0,0,-1,-1,-1,-1,0,0,0,0,0,0,-1,0,0,-1,-1,-1,-1,0,0,0,0,0,0,-1,0,180,0,180,0,0,180,180,180,365,1,1,0,0,0,-1,608011156
1,1,-1,1,0,0,0,0,3,1,0,0,25,0,22,1,99,99,0,0,0,0,0,25,0,0,-1,-1,-1,-1,0,0,0,0,0,0,-1,0,0,-1,-1,-1,-1,0,0,0,0,0,0,-1,0,7,0,7,0,0,7,7,30,30,1,1,0,0,0,-1,608011156
1,1,-1,1,0,0,0,0,3,1,0,0,25,0,22,1,99,99,0,0,0,0,0,25,0,0,-1,-1,-1,-1,0,0,0,0,0,0,-1,0,0,-1,-1,-1,-1,0,0,0,0,0,0,-1,0,7,0,7,0,0,7,7,90,90,1,1,0,0,0,-1,608011156
1,1,-1,1,0,0,0,0,3,1,0,0,25,0,22,1,99,99,0,0,0,0,0,25,0,0,-1,-1,-1,-1,0,0,0,0,0,0,-1,0,0,-1,-1,-1,-1,0,0,0,0,0,0,-1,0,7,0,7,0,0,7,7,365,365,1,1,0,0,0,-1,608011156
1,1,-1,1,0,0,0,0,3,1,0,0,25,0,22,1,99,99,0,0,0,0,0,25,0,0,-1,-1,-1,-1,0,0,0,0,0,0,-1,0,0,-1,-1,-1,-1,0,0,0,0,0,0,-1,0,30,0,30,0,0,30,30,7,30,1,1,0,0,0,-1,608011156
1,1,-1,1,0,0,0,0,3,1,0,0,25,0,22,1,99,99,0,0,0,0,0,25,0,0,-1,-1,-1,-1,0,0,0,0,0,0,-1,0,0,-1,-1,-1,-1,0,0,0,0,0,0,-1,0,30,0,30,0,0,30,30,30,60,1,1,0,0,0,-1,608011156
1,1,-1,1,0,0,0,0,3,1,0,0,25,0,22,1,99,99,0,0,0,0,0,25,0,0,-1,-1,-1,-1,0,0,0,0,0,0,-1,0,0,-1,-1,-1,-1,0,0,0,0,0,0,-1,0,30,0,30,0,0,30,30,180,180,1,1,0,0,0,-1,608011156
1,1,-1,1,0,0,0,0,3,1,0,0,25,0,22,1,99,99,0,0,0,0,0,25,0,21,0,1,116,-1,180,0,0,0,0,0,25,0,0,-1,-1,-1,-1,0,0,0,0,0,0,-1,0,7,0,7,180,0,365,365,60,365,5,1,0,0,0,-1,608011156
1,1,-1,1,0,0,0,0,3,1,0,0,25,0,22,1,101,99,0,0,0,0,0,25,0,0,-1,-1,-1,-1,0,0,0,0,0,0,-1,0,0,-1,-1,-1,-1,0,0,0,0,0,0,-1,0,60,0,60,0,0,60,60,180,180,1,1,0,0,0,-1,608011156
1,1,-1,1,0,0,0,0,3,1,0,0,25,0,22,1,101,422,0,0,0,0,0,25,0,0,-1,-1,-1,-1,0,0,0,0,0,0,-1,0,0,-1,-1,-1,-1,0,0,0,0,0,0,-1,0,180,0,180,0,0,180,180,0,180,1,1,0,0,0,-1,608011156
1,1,-1,1,0,0,0,0,3,1,0,0,25,0,22,1,101,423,0,0,0,0,0,25,0,0,-1,-1,-1,-1,0,0,0,0,0,0,-1,0,0,-1,-1,-1,-1,0,0,0,0,0,0,-1,0,30,0,30,0,0,30,30,0,30,1,1,0,0,0,-1,608011156
1,1,-1,1,0,0,0,0,3,1,0,0,25,0,22,1,101,423,0,0,0,0,0,25,0,0,-1,-1,-1,-1,0,0,0,0,0,0,-1,0,0,-1,-1,-1,-1,0,0,0,0,0,0,-1,0,30,0,30,0,0,30,30,30,60,1,1,0,0,0,-1,608011156
1,1,-1,1,0,0,0,0,3,1,0,0,25,0,22,1,101,423,0,0,0,0,0,25,0,0,-1,-1,-1,-1,0,0,0,0,0,0,-1,0,0,-1,-1,-1,-1,0,0,0,0,0,0,-1,0,60,0,60,0,0,60,60,0,60,1,1,0,0,0,-1,608011156
1,1,-1,1,0,0,0,0,3,1,0,0,25,0,22,1,116,99,0,0,0,0,0,25,0,0,-1,-1,-1,-1,0,0,0,0,0,0,-1,0,0,-1,-1,-1,-1,0,0,0,0,0,0,-1,0,7,0,7,0,0,7,7,30,30,1,1,0,0,0,-1,608011156
1,1,-1,1,0,0,0,0,3,1,0,0,25,0,22,1,116,99,0,0,0,0,0,25,0,0,-1,-1,-1,-1,0,0,0,0,0,0,-1,0,0,-1,-1,-1,-1,0,0,0,0,0,0,-1,0,30,0,30,0,0,30,30,7,30,1,1,0,0,0,-1,608011156
1,1,-1,1,0,0,0,0,3,1,0,0,25,0,22,1,116,99,0,0,0,0,0,25,0,0,-1,-1,-1,-1,0,0,0,0,0,0,-1,0,0,-1,-1,-1,-1,0,0,0,0,0,0,-1,0,60,0,60,0,0,60,60,0,60,1,1,0,0,0,-1,608011156
1,1,-1,1,0,0,0,0,3,1,0,0,25,0,22,1,116,99,0,0,0,0,0,25,0,0,-1,-1,-1,-1,0,0,0,0,0,0,-1,0,0,-1,-1,-1,-1,0,0,0,0,0,0,-1,0,60,0,60,0,0,60,60,7,60,1,1,0,0,0,-1,608011156
1,1,-1,1,0,0,0,0,3,1,0,0,25,0,22,1,116,99,0,0,0,0,0,25,0,0,-1,-1,-1,-1,0,0,0,0,0,0,-1,0,0,-1,-1,-1,-1,0,0,0,0,0,0,-1,0,60,0,60,0,0,60,60,30,60,1,1,0,0,0,-1,608011156
1,1,-1,1,0,0,0,0,3,1,0,0,25,0,22,1,116,312,0,0,0,0,0,25,0,0,-1,-1,-1,-1,0,0,0,0,0,0,-1,0,0,-1,-1,-1,-1,0,0,0,0,0,0,-1,0,60,0,60,0,0,60,60,30,60,1,1,0,0,0,-1,608011156
1,1,-1,1,0,0,0,0,3,1,0,0,25,0,22,1,116,313,0,0,0,0,0,25,0,0,-1,-1,-1,-1,0,0,0,0,0,0,-1,0,0,-1,-1,-1,-1,0,0,0,0,0,0,-1,0,60,0,60,0,0,60,60,30,60,1,1,0,0,0,-1,608011156
1,1,-1,1,0,0,0,0,3,1,0,0,25,0,22,1,116,410,0,0,0,0,0,25,0,0,-1,-1,-1,-1,0,0,0,0,0,0,-1,0,0,-1,-1,-1,-1,0,0,0,0,0,0,-1,0,60,0,60,0,0,60,60,90,180,1,1,0,0,0,-1,608011156
1,1,-1,1,0,0,0,0,3,1,0,0,25,0,22,1,116,410,0,0,0,0,0,25,0,0,-1,-1,-1,-1,0,0,0,0,0,0,-1,0,0,-1,-1,-1,-1,0,0,0,0,0,0,-1,0,90,0,90,0,0,90,90,0,90,1,1,0,0,0,-1,608011156
1,1,-1,1,0,0,0,0,3,1,0,0,25,0,22,1,116,422,0,0,0,0,0,25,0,0,-1,-1,-1,-1,0,0,0,0,0,0,-1,0,0,-1,-1,-1,-1,0,0,0,0,0,0,-1,0,30,0,30,0,0,30,30,0,30,1,1,0,0,0,-1,608011156
1,1,-1,1,0,0,0,0,3,1,0,0,25,0,22,1,116,422,0,0,0,0,0,25,0,0,-1,-1,-1,-1,0,0,0,0,0,0,-1,0,0,-1,-1,-1,-1,0,0,0,0,0,0,-1,0,30,0,30,0,0,30,30,30,60,1,1,0,0,0,-1,608011156
1,1,-1,1,0,0,0,0,3,1,0,0,25,0,22,1,116,422,0,0,0,0,0,25,0,0,-1,-1,-1,-1,0,0,0,0,0,0,-1,0,0,-1,-1,-1,-1,0,0,0,0,0,0,-1,0,60,0,60,0,0,60,60,180,180,1,1,0,0,0,-1,608011156
1,1,-1,1,0,0,0,0,3,1,0,0,25,0,22,1,116,422,0,0,0,0,0,25,0,0,-1,-1,-1,-1,0,0,0,0,0,0,-1,0,0,-1,-1,-1,-1,0,0,0,0,0,0,-1,0,90,0,90,0,0,90,90,7,90,1,1,0,0,0,-1,608011156
1,1,-1,1,0,0,0,0,3,1,0,0,25,0,22,1,116,423,0,0,0,0,0,25,0,0,-1,-1,-1,-1,0,0,0,0,0,0,-1,0,0,-1,-1,-1,-1,0,0,0,0,0,0,-1,0,30,0,30,0,0,30,30,30,30,1,1,0,0,0,-1,608011156
1,1,-1,1,0,0,0,0,3,1,0,0,25,0,22,1,116,423,0,0,0,0,0,25,0,0,-1,-1,-1,-1,0,0,0,0,0,0,-1,0,0,-1,-1,-1,-1,0,0,0,0,0,0,-1,0,60,0,60,0,0,60,60,0,60,1,1,0,0,0,-1,608011156
1,1,-1,1,0,0,0,0,3,1,0,0,25,0,22,1,116,423,0,0,0,0,0,25,0,0,-1,-1,-1,-1,0,0,0,0,0,0,-1,0,0,-1,-1,-1,-1,0,0,0,0,0,0,-1,0,60,0,60,0,0,60,60,7,60,1,1,0,0,0,-1,608011156
1,1,-1,1,0,0,0,0,3,1,0,0,25,0,22,1,116,423,0,0,0,0,0,25,0,0,-1,-1,-1,-1,0,0,0,0,0,0,-1,0,0,-1,-1,-1,-1,0,0,0,0,0,0,-1,0,60,0,60,0,0,60,60,30,90,1,1,0,0,0,-1,608011156
1,1,-1,1,0,0,0,0,3,1,0,0,25,0,22,1,116,423,0,0,0,0,0,25,0,0,-1,-1,-1,-1,0,0,0,0,0,0,-1,0,0,-1,-1,-1,-1,0,0,0,0,0,0,-1,0,60,0,60,0,0,60,60,180,180,1,1,0,0,0,-1,608011156
1,1,-1,1,0,0,0,0,3,1,0,0,25,0,22,1,116,423,0,0,0,0,0,25,0,0,-1,-1,-1,-1,0,0,0,0,0,0,-1,0,0,-1,-1,-1,-1,0,0,0,0,0,0,-1,0,180,0,180,0,0,180,180,7,180,1,1,0,0,0,-1,608011156
1,1,-1,1,0,0,0,0,3,1,0,0,25,0,22,1,205,99,0,0,0,0,0,25,0,0,-1,-1,-1,-1,0,0,0,0,0,0,-1,0,0,-1,-1,-1,-1,0,0,0,0,0,0,-1,0,30,0,30,0,0,30,30,30,60,1,1,0,0,0,-1,608011156
1,1,-1,1,0,0,0,0,3,1,0,0,25,0,22,1,207,98,0,0,0,0,0,25,0,0,-1,-1,-1,-1,0,0,0,0,0,0,-1,0,0,-1,-1,-1,-1,0,0,0,0,0,0,-1,0,30,0,30,0,0,30,30,0,30,1,1,0,0,0,-1,608011156
1,1,-1,1,0,0,0,0,3,1,0,0,25,0,22,1,207,99,0,0,0,0,0,25,0,0,-1,-1,-1,-1,0,0,0,0,0,0,-1,0,0,-1,-1,-1,-1,0,0,0,0,0,0,-1,0,30,0,30,0,0,30,30,0,30,1,1,0,0,0,-1,608011156
1,1,-1,1,0,0,0,0,3,1,0,0,25,0,22,1,207,101,0,0,0,0,0,25,0,0,-1,-1,-1,-1,0,0,0,0,0,0,-1,0,0,-1,-1,-1,-1,0,0,0,0,0,0,-1,0,30,0,30,0,0,30,30,60,60,1,1,0,0,0,-1,608011156
1,1,-1,1,0,0,0,0,3,1,0,0,25,0,22,1,207,422,0,0,0,0,0,25,0,0,-1,-1,-1,-1,0,0,0,0,0,0,-1,0,0,-1,-1,-1,-1,0,0,0,0,0,0,-1,0,30,0,30,0,0,30,30,0,30,1,1,0,0,0,-1,608011156
1,1,-1,1,0,0,0,0,3,1,0,0,25,0,22,1,207,423,0,0,0,0,0,25,0,0,-1,-1,-1,-1,0,0,0,0,0,0,-1,0,0,-1,-1,-1,-1,0,0,0,0,0,0,-1,0,90,0,90,0,0,90,90,7,90,1,1,0,0,0,-1,608011156
1,1,-1,1,0,0,0,0,3,1,0,0,25,0,22,1,335,99,0,0,0,0,0,25,0,0,-1,-1,-1,-1,0,0,0,0,0,0,-1,0,0,-1,-1,-1,-1,0,0,0,0,0,0,-1,0,30,0,30,0,0,30,30,30,30,1,1,0,0,0,-1,608011156
1,1,-1,1,0,0,0,0,3,1,0,0,25,0,22,1,335,99,0,0,0,0,0,25,0,0,-1,-1,-1,-1,0,0,0,0,0,0,-1,0,0,-1,-1,-1,-1,0,0,0,0,0,0,-1,0,30,0,30,0,0,30,30,30,60,1,1,0,0,0,-1,608011156
1,1,-1,1,0,0,0,0,3,1,0,0,25,0,22,1,335,99,0,0,0,0,0,25,0,0,-1,-1,-1,-1,0,0,0,0,0,0,-1,0,0,-1,-1,-1,-1,0,0,0,0,0,0,-1,0,60,0,60,0,0,60,60,180,180,1,1,0,0,0,-1,608011156
1,1,-1,1,0,0,0,0,3,1,0,0,25,0,22,1,335,116,0,0,0,0,0,25,0,0,-1,-1,-1,-1,0,0,0,0,0,0,-1,0,0,-1,-1,-1,-1,0,0,0,0,0,0,-1,0,60,0,60,0,0,60,60,7,60,1,1,0,0,0,-1,608011156
1,1,-1,1,0,0,0,0,3,1,0,0,25,0,22,1,335,313,0,0,0,0,0,25,0,0,-1,-1,-1,-1,0,0,0,0,0,0,-1,0,0,-1,-1,-1,-1,0,0,0,0,0,0,-1,0,30,0,30,0,0,30,30,7,30,1,1,0,0,0,-1,608011156
1,1,-1,1,0,0,0,0,3,1,0,0,25,0,22,1,336,99,0,0,0,0,0,25,0,0,-1,-1,-1,-1,0,0,0,0,0,0,-1,0,0,-1,-1,-1,-1,0,0,0,0,0,0,-1,0,30,0,30,0,0,30,30,60,60,1,1,0,0,0,-1,608011156
1,1,-1,1,0,0,0,0,3,1,0,0,25,0,22,1,336,99,0,0,0,0,0,25,0,0,-1,-1,-1,-1,0,0,0,0,0,0,-1,0,0,-1,-1,-1,-1,0,0,0,0,0,0,-1,0,30,0,30,0,0,30,30,180,180,1,1,0,0,0,-1,608011156
1,1,-1,1,0,0,0,0,3,1,0,0,25,0,22,1,336,99,0,0,0,0,0,25,0,21,0,1,101,-1,90,0,0,0,0,0,25,0,0,-1,-1,-1,-1,0,0,0,0,0,0,-1,0,7,0,7,90,0,90,90,365,365,5,1,0,0,0,-1,608011156
1,1,-1,1,0,0,0,0,3,1,0,0,25,0,22,1,336,99,0,0,0,0,0,25,0,22,1,1,101,410,30,0,0,0,0,0,25,0,0,-1,-1,-1,-1,0,0,0,0,0,0,-1,0,30,0,30,30,180,365,60,30,60,5,1,1,0,0,-1,608011156
1,1,-1,1,0,0,0,0,3,1,0,0,25,0,22,1,336,116,0,0,0,0,0,25,0,0,-1,-1,-1,-1,0,0,0,0,0,0,-1,0,0,-1,-1,-1,-1,0,0,0,0,0,0,-1,0,30,0,30,0,0,30,30,7,30,1,1,0,0,0,-1,608011156
1,1,-1,1,0,0,0,0,3,1,0,0,25,0,22,1,336,313,0,0,0,0,0,25,0,0,-1,-1,-1,-1,0,0,0,0,0,0,-1,0,0,-1,-1,-1,-1,0,0,0,0,0,0,-1,0,30,0,30,0,0,30,30,90,180,1,1,0,0,0,-1,608011156
1,1,-1,1,0,0,0,0,3,1,0,0,25,0,22,1,336,410,0,0,0,0,0,25,0,0,-1,-1,-1,-1,0,0,0,0,0,0,-1,0,0,-1,-1,-1,-1,0,0,0,0,0,0,-1,0,30,0,30,0,0,30,30,7,30,1,1,0,0,0,-1,608011156
2,1,-1,1,0,0,0,0,3,1,0,0,25,0,22,1,336,422,0,0,0,0,0,25,0,0,-1,-1,-1,-1,0,0,0,0,0,0,-1,0,0,-1,-1,-1,-1,0,0,0,0,0,0,-1,0,30,0,30,0,0,30,30,0,30,1,1,0,0,0,-1,608011156
1,1,-1,1,0,0,0,0,3,1,0,0,25,0,22,1,336,422,0,0,0,0,0,25,0,0,-1,-1,-1,-1,0,0,0,0,0,0,-1,0,0,-1,-1,-1,-1,0,0,0,0,0,0,-1,0,30,0,30,0,0,30,30,7,30,1,1,0,0,0,-1,608011156
2,1,-1,1,0,0,0,0,3,1,0,0,25,0,22,1,336,423,0,0,0,0,0,25,0,0,-1,-1,-1,-1,0,0,0,0,0,0,-1,0,0,-1,-1,-1,-1,0,0,0,0,0,0,-1,0,30,0,30,0,0,30,30,0,30,1,1,0,0,0,-1,608011156
1,1,-1,1,0,0,0,0,3,1,0,0,25,0,22,1,336,423,0,0,0,0,0,25,0,0,-1,-1,-1,-1,0,0,0,0,0,0,-1,0,0,-1,-1,-1,-1,0,0,0,0,0,0,-1,0,60,0,60,0,0,60,60,0,60,1,1,0,0,0,-1,608011156
1,1,-1,1,0,0,0,0,3,1,0,0,25,0,22,1,410,99,0,0,0,0,0,25,0,0,-1,-1,-1,-1,0,0,0,0,0,0,-1,0,0,-1,-1,-1,-1,0,0,0,0,0,0,-1,0,180,0,180,0,0,180,180,0,180,1,1,0,0,0,-1,608011156
1,1,-1,1,0,0,0,0,3,1,0,0,25,0,22,1,410,313,0,0,0,0,0,25,0,0,-1,-1,-1,-1,0,0,0,0,0,0,-1,0,0,-1,-1,-1,-1,0,0,0,0,0,0,-1,0,30,0,30,0,0,30,30,7,30,1,1,0,0,0,-1,608011156
1,1,-1,1,0,0,0,0,3,1,0,0,25,0,22,1,410,313,0,0,0,0,0,25,0,21,1,1,101,-1,7,0,0,0,0,0,25,0,0,-1,-1,-1,-1,0,0,0,0,0,0,-1,0,90,0,90,7,180,365,90,30,180,5,1,1,0,0,-1,608011156
1,1,-1,1,0,0,0,0,3,1,0,0,25,0,22,1,410,314,0,0,0,0,0,25,0,0,-1,-1,-1,-1,0,0,0,0,0,0,-1,0,0,-1,-1,-1,-1,0,0,0,0,0,0,-1,0,60,0,60,0,0,60,60,7,60,1,1,0,0,0,-1,608011156
1,1,-1,1,0,0,0,0,3,1,0,0,25,0,22,1,410,423,0,0,0,0,0,25,0,0,-1,-1,-1,-1,0,0,0,0,0,0,-1,0,0,-1,-1,-1,-1,0,0,0,0,0,0,-1,0,30,0,30,0,0,30,30,0,30,1,1,0,0,0,-1,608011156
1,1,-1,1,0,0,0,0,3,1,0,0,25,0,22,3,99,99,0,0,0,0,0,25,0,0,-1,-1,-1,-1,0,0,0,0,0,0,-1,0,0,-1,-1,-1,-1,0,0,0,0,0,0,-1,0,30,0,30,0,0,30,30,0,30,1,1,0,0,0,-1,608011156
1,1,-1,1,0,0,0,0,3,1,0,0,25,0,22,3,116,98,0,0,0,0,0,25,0,0,-1,-1,-1,-1,0,0,0,0,0,0,-1,0,0,-1,-1,-1,-1,0,0,0,0,0,0,-1,0,30,0,30,0,0,30,30,30,30,1,1,0,0,0,-1,608011156
1,1,-1,1,0,0,0,0,3,1,0,0,25,0,22,3,116,99,0,0,0,0,0,25,0,0,-1,-1,-1,-1,0,0,0,0,0,0,-1,0,0,-1,-1,-1,-1,0,0,0,0,0,0,-1,0,60,0,60,0,0,60,60,7,60,1,1,0,0,0,-1,608011156
1,1,-1,1,0,0,0,0,3,1,0,0,25,0,22,3,116,116,0,0,0,0,0,25,0,0,-1,-1,-1,-1,0,0,0,0,0,0,-1,0,0,-1,-1,-1,-1,0,0,0,0,0,0,-1,0,30,0,30,0,0,30,30,365,365,1,1,0,0,0,-1,608011156
1,1,-1,1,0,0,0,0,3,1,0,0,25,0,22,3,116,313,0,0,0,0,0,25,0,0,-1,-1,-1,-1,0,0,0,0,0,0,-1,0,0,-1,-1,-1,-1,0,0,0,0,0,0,-1,0,30,0,30,0,0,30,30,7,30,1,1,0,0,0,-1,608011156
1,1,-1,1,0,0,0,0,3,1,0,0,25,0,22,3,118,99,0,0,0,0,0,25,0,0,-1,-1,-1,-1,0,0,0,0,0,0,-1,0,0,-1,-1,-1,-1,0,0,0,0,0,0,-1,0,60,0,60,0,0,60,60,0,60,1,1,0,0,0,-1,608011156
1,1,-1,1,0,0,0,0,3,1,0,0,25,0,22,3,118,99,0,0,0,0,0,25,0,0,-1,-1,-1,-1,0,0,0,0,0,0,-1,0,0,-1,-1,-1,-1,0,0,0,0,0,0,-1,0,60,0,60,0,0,60,60,7,60,1,1,0,0,0,-1,608011156
1,1,-1,1,0,0,0,0,3,1,0,0,25,0,22,3,225,434,0,0,0,0,0,25,0,0,-1,-1,-1,-1,0,0,0,0,0,0,-1,0,0,-1,-1,-1,-1,0,0,0,0,0,0,-1,0,90,0,90,0,0,90,90,0,90,1,1,0,0,0,-1,608011156
1,1,-1,1,0,0,0,0,3,1,0,0,25,0,22,3,314,312,0,0,0,0,0,25,0,0,-1,-1,-1,-1,0,0,0,0,0,0,-1,0,0,-1,-1,-1,-1,0,0,0,0,0,0,-1,0,180,0,180,0,0,180,180,7,180,1,1,0,0,0,-1,608011156
1,1,-1,1,0,0,0,0,3,1,0,0,25,0,22,3,335,312,0,0,0,0,0,25,0,0,-1,-1,-1,-1,0,0,0,0,0,0,-1,0,0,-1,-1,-1,-1,0,0,0,0,0,0,-1,0,30,0,30,0,0,30,30,0,30,1,1,0,0,0,-1,608011156
1,1,-1,1,0,0,0,0,3,1,0,0,25,0,22,3,336,98,0,0,0,0,0,25,0,0,-1,-1,-1,-1,0,0,0,0,0,0,-1,0,0,-1,-1,-1,-1,0,0,0,0,0,0,-1,0,30,0,30,0,0,30,30,0,30,1,1,0,0,0,-1,608011156
1,1,-1,1,0,0,0,0,3,1,0,0,25,0,22,3,336,312,0,0,0,0,0,25,0,0,-1,-1,-1,-1,0,0,0,0,0,0,-1,0,0,-1,-1,-1,-1,0,0,0,0,0,0,-1,0,30,0,30,0,0,30,30,90,180,1,1,0,0,0,-1,608011156
1,1,-1,1,0,0,0,0,3,1,0,0,25,0,22,3,336,313,0,0,0,0,0,25,0,0,-1,-1,-1,-1,0,0,0,0,0,0,-1,0,0,-1,-1,-1,-1,0,0,0,0,0,0,-1,0,30,0,30,0,0,30,30,60,60,1,1,0,0,0,-1,608011156
1,1,-1,1,0,0,0,0,3,1,0,0,25,0,22,3,336,422,0,0,0,0,0,25,0,0,-1,-1,-1,-1,0,0,0,0,0,0,-1,0,0,-1,-1,-1,-1,0,0,0,0,0,0,-1,0,60,0,60,0,0,60,60,365,365,1,1,0,0,0,-1,608011156
1,1,-1,1,0,0,0,0,3,1,0,0,25,0,22,3,410,422,0,0,0,0,0,25,0,0,-1,-1,-1,-1,0,0,0,0,0,0,-1,0,0,-1,-1,-1,-1,0,0,0,0,0,0,-1,0,60,0,60,0,0,60,60,0,60,1,1,0,0,0,-1,608011156
1,1,-1,1,0,0,0,0,3,1,0,0,55,0,0,-1,-1,-1,0,0,0,0,0,-1,0,21,0,1,116,-1,180,0,0,0,0,0,55,0,0,-1,-1,-1,-1,0,0,0,0,0,0,-1,0,0,0,0,180,0,180,180,60,180,4,0,0,0,0,-1,608011156
1,1,-1,1,0,0,0,0,3,1,0,0,55,0,21,1,99,-1,0,0,0,0,0,55,0,0,-1,-1,-1,-1,0,0,0,0,0,0,-1,0,0,-1,-1,-1,-1,0,0,0,0,0,0,-1,0,7,0,7,0,0,7,7,60,60,1,1,0,0,0,-1,608011156
1,1,-1,1,0,0,0,0,3,1,0,0,55,0,21,1,116,-1,0,0,0,0,0,55,0,0,-1,-1,-1,-1,0,0,0,0,0,0,-1,0,0,-1,-1,-1,-1,0,0,0,0,0,0,-1,0,90,0,90,0,0,90,90,60,180,1,1,0,0,0,-1,608011156
1,1,-1,1,0,0,0,0,3,1,0,0,55,0,21,1,116,-1,0,0,0,0,0,55,0,0,-1,-1,-1,-1,0,0,0,0,0,0,-1,0,0,-1,-1,-1,-1,0,0,0,0,0,0,-1,0,180,0,180,0,0,180,180,7,180,1,1,0,0,0,-1,608011156
1,1,-1,1,0,0,0,0,3,1,0,0,55,0,21,1,335,-1,0,0,0,0,0,55,0,0,-1,-1,-1,-1,0,0,0,0,0,0,-1,0,0,-1,-1,-1,-1,0,0,0,0,0,0,-1,0,180,0,180,0,0,180,180,7,180,1,1,0,0,0,-1,608011156
1,1,-1,1,0,0,0,0,3,1,0,0,55,0,22,1,99,99,0,0,0,0,0,55,0,21,1,1,336,-1,30,0,0,0,0,0,55,0,0,-1,-1,-1,-1,0,0,0,0,0,0,-1,0,7,0,7,30,365,365,30,180,180,5,1,1,0,0,-1,608011156
1,1,-1,1,0,0,0,0,3,1,0,0,55,0,22,1,99,312,0,0,0,0,0,55,0,0,-1,-1,-1,-1,0,0,0,0,0,0,-1,0,0,-1,-1,-1,-1,0,0,0,0,0,0,-1,0,60,0,60,0,0,60,60,365,365,1,1,0,0,0,-1,608011156
1,1,-1,1,0,0,0,0,3,1,0,0,55,0,22,1,101,99,0,0,0,0,0,55,0,0,-1,-1,-1,-1,0,0,0,0,0,0,-1,0,0,-1,-1,-1,-1,0,0,0,0,0,0,-1,0,7,0,7,0,0,7,7,60,60,1,1,0,0,0,-1,608011156
1,1,-1,1,0,0,0,0,3,1,0,0,55,0,22,1,101,410,0,0,0,0,0,55,0,0,-1,-1,-1,-1,0,0,0,0,0,0,-1,0,0,-1,-1,-1,-1,0,0,0,0,0,0,-1,0,60,0,60,0,0,60,60,7,60,1,1,0,0,0,-1,608011156
1,1,-1,1,0,0,0,0,3,1,0,0,55,0,22,1,101,423,0,0,0,0,0,55,0,0,-1,-1,-1,-1,0,0,0,0,0,0,-1,0,0,-1,-1,-1,-1,0,0,0,0,0,0,-1,0,30,0,30,0,0,30,30,0,30,1,1,0,0,0,-1,608011156
1,1,-1,1,0,0,0,0,3,1,0,0,55,0,22,1,116,99,0,0,0,0,0,55,0,0,-1,-1,-1,-1,0,0,0,0,0,0,-1,0,0,-1,-1,-1,-1,0,0,0,0,0,0,-1,0,30,0,30,0,0,30,30,7,30,1,1,0,0,0,-1,608011156
1,1,-1,1,0,0,0,0,3,1,0,0,55,0,22,1,116,422,0,0,0,0,0,55,0,0,-1,-1,-1,-1,0,0,0,0,0,0,-1,0,0,-1,-1,-1,-1,0,0,0,0,0,0,-1,0,30,0,30,0,0,30,30,0,30,1,1,0,0,0,-1,608011156
1,1,-1,1,0,0,0,0,3,1,0,0,55,0,22,1,116,422,0,0,0,0,0,55,0,0,-1,-1,-1,-1,0,0,0,0,0,0,-1,0,0,-1,-1,-1,-1,0,0,0,0,0,0,-1,0,30,0,30,0,0,30,30,7,30,1,1,0,0,0,-1,608011156
1,1,-1,1,0,0,0,0,3,1,0,0,55,0,22,1,116,422,0,0,0,0,0,55,0,0,-1,-1,-1,-1,0,0,0,0,0,0,-1,0,0,-1,-1,-1,-1,0,0,0,0,0,0,-1,0,30,0,30,0,0,30,30,7,60,1,1,0,0,0,-1,608011156
1,1,-1,1,0,0,0,0,3,1,0,0,55,0,22,1,116,423,0,0,0,0,0,55,0,0,-1,-1,-1,-1,0,0,0,0,0,0,-1,0,0,-1,-1,-1,-1,0,0,0,0,0,0,-1,0,60,0,60,0,0,60,60,7,60,1,1,0,0,0,-1,608011156
1,1,-1,1,0,0,0,0,3,1,0,0,55,0,22,1,118,312,0,0,0,0,0,55,0,0,-1,-1,-1,-1,0,0,0,0,0,0,-1,0,0,-1,-1,-1,-1,0,0,0,0,0,0,-1,0,60,0,60,0,0,60,60,7,60,1,1,0,0,0,-1,608011156
1,1,-1,1,0,0,0,0,3,1,0,0,55,0,22,1,335,312,0,0,0,0,0,55,0,0,-1,-1,-1,-1,0,0,0,0,0,0,-1,0,0,-1,-1,-1,-1,0,0,0,0,0,0,-1,0,60,0,60,0,0,60,60,0,60,1,1,0,0,0,-1,608011156
1,1,-1,1,0,0,0,0,3,1,0,0,55,0,22,1,336,313,0,0,0,0,0,55,0,21,1,1,116,-1,30,0,0,0,0,0,55,0,0,-1,-1,-1,-1,0,0,0,0,0,0,-1,0,30,0,30,30,365,365,30,30,60,5,1,1,0,0,-1,608011156
1,1,-1,1,0,0,0,0,3,1,0,0,55,0,22,3,336,99,0,0,0,0,0,55,0,0,-1,-1,-1,-1,0,0,0,0,0,0,-1,0,0,-1,-1,-1,-1,0,0,0,0,0,0,-1,0,180,0,180,0,0,180,180,0,180,1,1,0,0,0,-1,608011156
1,1,-1,1,0,0,0,0,3,2,0,0,25,0,22,1,314,422,0,0,0,0,0,25,0,0,-1,-1,-1,-1,0,0,0,0,0,0,-1,0,0,-1,-1,-1,-1,0,0,0,0,0,0,-1,0,90,0,90,0,0,90,90,60,180,1,1,0,0,0,-1,608011156
1,1,-1,1,0,0,0,0,3,2,0,0,25,0,22,1,335,99,0,0,0,0,0,25,0,21,1,1,101,-1,60,0,0,0,0,0,25,0,0,-1,-1,-1,-1,0,0,0,0,0,0,-1,0,30,0,30,60,180,365,90,30,90,5,1,1,0,0,-1,608011156
1,1,-1,1,0,0,0,0,4,1,0,0,25,0,0,-1,-1,-1,0,0,0,0,0,-1,0,21,1,3,116,-1,30,0,0,0,0,0,25,0,0,-1,-1,-1,-1,0,0,0,0,0,0,-1,0,0,0,0,30,365,365,30,180,180,4,0,1,0,0,-1,608011156
1,1,-1,1,0,0,0,0,4,1,0,0,25,0,21,1,99,-1,0,0,0,0,0,25,0,0,-1,-1,-1,-1,0,0,0,0,0,0,-1,0,0,-1,-1,-1,-1,0,0,0,0,0,0,-1,0,30,0,30,0,0,30,30,365,365,1,1,0,0,0,-1,608011156
1,1,-1,1,0,0,0,0,4,1,0,0,25,0,22,1,99,99,0,0,0,0,0,25,0,0,-1,-1,-1,-1,0,0,0,0,0,0,-1,0,0,-1,-1,-1,-1,0,0,0,0,0,0,-1,0,7,0,7,0,0,7,7,7,7,1,1,0,0,0,-1,608011156
1,1,-1,1,0,0,0,0,4,1,0,0,25,0,22,3,336,423,0,0,0,0,0,25,0,0,-1,-1,-1,-1,0,0,0,0,0,0,-1,0,0,-1,-1,-1,-1,0,0,0,0,0,0,-1,0,30,0,30,0,0,30,30,7,30,1,1,0,0,0,-1,608011156
2,1,-1,1,0,0,0,0,5,1,0,0,18,0,0,-1,-1,-1,0,0,0,0,0,-1,0,21,1,3,116,-1,7,0,0,0,0,0,18,0,0,-1,-1,-1,-1,0,0,0,0,0,0,-1,0,0,0,0,7,180,180,7,30,30,4,0,1,0,0,-1,608011156
1,1,-1,1,0,0,0,0,5,1,0,0,18,0,0,-1,-1,-1,0,0,0,0,0,-1,0,21,1,3,116,-1,7,0,0,0,0,0,18,0,0,-1,-1,-1,-1,0,0,0,0,0,0,-1,0,0,0,0,7,365,365,7,30,30,4,0,1,0,0,-1,608011156
1,1,-1,1,0,0,0,0,5,1,0,0,18,0,21,3,207,-1,0,0,0,0,0,18,0,0,-1,-1,-1,-1,0,0,0,0,0,0,-1,0,0,-1,-1,-1,-1,0,0,0,0,0,0,-1,0,180,0,180,0,0,180,180,0,180,1,1,0,0,0,-1,608011156
1,1,-1,1,0,0,0,0,5,1,0,0,18,0,21,3,336,-1,0,0,0,0,0,18,0,0,-1,-1,-1,-1,0,0,0,0,0,0,-1,0,0,-1,-1,-1,-1,0,0,0,0,0,0,-1,0,180,0,180,0,0,180,180,7,180,1,1,0,0,0,-1,608011156
1,1,-1,1,0,0,0,0,5,1,0,0,18,0,22,1,99,313,0,0,0,0,0,18,0,0,-1,-1,-1,-1,0,0,0,0,0,0,-1,0,0,-1,-1,-1,-1,0,0,0,0,0,0,-1,0,30,0,30,0,0,30,30,0,30,1,1,0,0,0,-1,608011156
1,1,-1,1,0,0,0,0,5,1,0,0,18,0,22,1,116,99,0,0,0,0,0,18,0,0,-1,-1,-1,-1,0,0,0,0,0,0,-1,0,0,-1,-1,-1,-1,0,0,0,0,0,0,-1,0,30,0,30,0,0,30,30,7,30,1,1,0,0,0,-1,608011156
1,1,-1,1,0,0,0,0,5,1,0,0,18,0,22,1,116,422,0,0,0,0,0,18,0,0,-1,-1,-1,-1,0,0,0,0,0,0,-1,0,0,-1,-1,-1,-1,0,0,0,0,0,0,-1,0,30,0,30,0,0,30,30,7,30,1,1,0,0,0,-1,608011156
1,1,-1,1,0,0,0,0,5,1,0,0,18,0,22,1,335,422,0,0,0,0,0,18,0,0,-1,-1,-1,-1,0,0,0,0,0,0,-1,0,0,-1,-1,-1,-1,0,0,0,0,0,0,-1,0,30,0,30,0,0,30,30,7,30,1,1,0,0,0,-1,608011156
1,1,-1,1,0,0,0,0,5,1,0,0,18,0,22,3,99,99,0,0,0,0,0,18,0,0,-1,-1,-1,-1,0,0,0,0,0,0,-1,0,0,-1,-1,-1,-1,0,0,0,0,0,0,-1,0,30,0,30,0,0,30,30,0,30,1,1,0,0,0,-1,608011156
1,1,-1,1,0,0,0,0,5,1,0,0,18,0,22,3,336,207,0,0,0,0,0,18,0,0,-1,-1,-1,-1,0,0,0,0,0,0,-1,0,0,-1,-1,-1,-1,0,0,0,0,0,0,-1,0,60,0,60,0,0,60,60,0,60,1,1,0,0,0,-1,608011156
1,1,-1,1,0,0,0,0,5,1,0,0,18,0,22,3,336,313,0,0,0,0,0,18,0,0,-1,-1,-1,-1,0,0,0,0,0,0,-1,0,0,-1,-1,-1,-1,0,0,0,0,0,0,-1,0,30,0,30,0,0,30,30,0,30,1,1,0,0,0,-1,608011156
1,1,-1,1,0,0,0,0,5,1,0,0,24,0,0,-1,-1,-1,0,0,0,0,0,-1,0,21,0,1,116,-1,90,0,0,0,0,0,24,0,0,-1,-1,-1,-1,0,0,0,0,0,0,-1,0,0,0,0,90,0,90,90,180,180,4,0,0,0,0,-1,608011156
1,1,-1,1,0,0,0,0,5,1,0,0,24,0,22,1,99,99,0,0,0,0,0,24,0,0,-1,-1,-1,-1,0,0,0,0,0,0,-1,0,0,-1,-1,-1,-1,0,0,0,0,0,0,-1,0,7,0,7,0,0,7,7,7,30,1,1,0,0,0,-1,608011156
1,1,-1,1,0,0,0,0,5,1,0,0,24,0,22,1,101,99,0,0,0,0,0,24,0,0,-1,-1,-1,-1,0,0,0,0,0,0,-1,0,0,-1,-1,-1,-1,0,0,0,0,0,0,-1,0,30,0,30,0,0,30,30,7,30,1,1,0,0,0,-1,608011156
1,1,-1,1,0,0,0,0,5,1,0,0,24,0,22,1,116,116,0,0,0,0,0,24,0,0,-1,-1,-1,-1,0,0,0,0,0,0,-1,0,0,-1,-1,-1,-1,0,0,0,0,0,0,-1,0,60,0,60,0,0,60,60,60,180,1,1,0,0,0,-1,608011156
1,1,-1,1,0,0,0,0,5,1,0,0,24,0,22,1,314,422,0,0,0,0,0,24,0,0,-1,-1,-1,-1,0,0,0,0,0,0,-1,0,0,-1,-1,-1,-1,0,0,0,0,0,0,-1,0,30,0,30,0,0,30,30,0,30,1,1,0,0,0,-1,608011156
1,1,-1,1,0,0,0,0,5,1,0,0,24,0,22,1,336,411,0,0,0,0,0,24,0,0,-1,-1,-1,-1,0,0,0,0,0,0,-1,0,0,-1,-1,-1,-1,0,0,0,0,0,0,-1,0,30,0,30,0,0,30,30,0,30,1,1,0,0,0,-1,608011156
1,1,-1,1,0,0,0,0,5,1,0,0,24,0,22,1,336,423,0,0,0,0,0,24,0,0,-1,-1,-1,-1,0,0,0,0,0,0,-1,0,0,-1,-1,-1,-1,0,0,0,0,0,0,-1,0,30,0,30,0,0,30,30,0,30,1,1,0,0,0,-1,608011156
1,1,-1,1,0,0,0,0,5,1,0,0,24,0,22,3,335,99,0,0,0,0,0,24,0,0,-1,-1,-1,-1,0,0,0,0,0,0,-1,0,0,-1,-1,-1,-1,0,0,0,0,0,0,-1,0,30,0,30,0,0,30,30,180,180,1,1,0,0,0,-1,608011156
1,1,-1,1,0,0,0,0,5,1,0,0,24,0,22,3,335,313,0,0,0,0,0,24,0,0,-1,-1,-1,-1,0,0,0,0,0,0,-1,0,0,-1,-1,-1,-1,0,0,0,0,0,0,-1,0,60,0,60,0,0,60,60,0,60,1,1,0,0,0,-1,608011156
1,1,-1,1,0,0,0,0,5,1,0,0,25,0,0,-1,-1,-1,0,0,0,0,0,-1,0,0,-1,-1,-1,-1,0,0,0,0,0,0,-1,0,0,-1,-1,-1,-1,0,0,0,0,0,0,-1,0,0,0,0,0,0,0,0,0,0,12,0,0,0,22,1,608011156
1,1,-1,1,0,0,0,0,5,1,0,0,25,0,0,-1,-1,-1,0,0,0,0,0,-1,0,0,-1,-1,-1,-1,0,0,0,0,0,0,-1,0,0,-1,-1,-1,-1,0,0,0,0,0,0,-1,0,0,0,0,0,0,0,0,60,60,12,0,0,0,12,2,608011156
1,1,-1,1,0,0,0,0,5,1,0,0,25,0,0,-1,-1,-1,0,0,0,0,0,-1,0,0,-1,-1,-1,-1,0,0,0,0,0,0,-1,0,0,-1,-1,-1,-1,0,0,0,0,0,0,-1,0,0,0,0,0,0,0,0,60,60,12,0,0,0,22,0,608011156
1,1,-1,1,0,0,0,0,5,1,0,0,25,0,0,-1,-1,-1,0,0,0,0,0,-1,0,21,0,3,335,-1,365,0,0,0,0,0,25,0,0,-1,-1,-1,-1,0,0,0,0,0,0,-1,0,0,0,0,365,0,365,365,0,365,4,0,0,0,0,-1,608011156
1,1,-1,1,0,0,0,0,5,1,0,0,25,0,0,-1,-1,-1,0,0,0,0,0,-1,0,21,0,3,410,-1,180,0,0,0,0,0,25,0,0,-1,-1,-1,-1,0,0,0,0,0,0,-1,0,0,0,0,180,0,180,180,0,180,4,0,0,0,0,-1,608011156
1,1,-1,1,0,0,0,0,5,1,0,0,25,0,0,-1,-1,-1,0,0,0,0,0,-1,0,21,1,1,101,-1,7,0,0,0,0,0,25,0,0,-1,-1,-1,-1,0,0,0,0,0,0,-1,0,0,0,0,7,180,180,7,60,90,4,0,1,0,0,-1,608011156
1,1,-1,1,0,0,0,0,5,1,0,0,25,0,0,-1,-1,-1,0,0,0,0,0,-1,0,21,1,1,116,-1,30,0,0,0,0,0,25,0,0,-1,-1,-1,-1,0,0,0,0,0,0,-1,0,0,0,0,30,180,180,30,30,60,4,0,1,0,0,-1,608011156
1,1,-1,1,0,0,0,0,5,1,0,0,25,0,0,-1,-1,-1,0,0,0,0,0,-1,0,21,1,3,101,-1,7,0,0,0,0,0,25,0,0,-1,-1,-1,-1,0,0,0,0,0,0,-1,0,0,0,0,7,180,180,7,60,60,4,0,1,0,0,-1,608011156
1,1,-1,1,0,0,0,0,5,1,0,0,25,0,0,-1,-1,-1,0,0,0,0,0,-1,0,21,1,3,101,-1,7,0,0,0,0,0,25,0,0,-1,-1,-1,-1,0,0,0,0,0,0,-1,0,0,0,0,7,180,180,7,180,180,4,0,1,0,0,-1,608011156
1,1,-1,1,0,0,0,0,5,1,0,0,25,0,0,-1,-1,-1,0,0,0,0,0,-1,0,21,1,3,336,-1,30,0,0,0,0,0,25,0,0,-1,-1,-1,-1,0,0,0,0,0,0,-1,0,0,0,0,30,365,365,30,0,30,4,0,1,0,0,-1,608011156
1,1,-1,1,0,0,0,0,5,1,0,0,25,0,0,-1,-1,-1,0,0,0,0,0,-1,0,22,0,3,101,410,180,0,0,0,0,0,25,0,0,-1,-1,-1,-1,0,0,0,0,0,0,-1,0,0,0,0,180,0,180,180,90,365,4,0,0,0,0,-1,608011156
1,1,-1,1,0,0,0,0,5,1,0,0,25,0,0,-1,-1,-1,0,0,0,0,0,-1,0,22,0,3,116,312,180,0,0,0,0,0,25,0,0,-1,-1,-1,-1,0,0,0,0,0,0,-1,0,0,0,0,180,0,180,180,90,365,4,0,0,0,0,-1,608011156
1,1,-1,1,0,0,0,0,5,1,0,0,25,0,0,-1,-1,-1,0,0,0,0,0,-1,0,22,0,3,207,207,30,0,0,0,0,0,25,0,0,-1,-1,-1,-1,0,0,0,0,0,0,-1,0,0,0,0,30,0,30,30,0,30,4,0,0,0,0,-1,608011156
1,1,-1,1,0,0,0,0,5,1,0,0,25,0,0,-1,-1,-1,0,0,0,0,0,-1,0,22,1,3,101,431,7,0,0,0,0,0,25,0,0,-1,-1,-1,-1,0,0,0,0,0,0,-1,0,0,0,0,7,30,30,7,0,7,4,0,1,0,0,-1,608011156
1,1,-1,1,0,0,0,0,5,1,0,0,25,0,0,-1,-1,-1,0,0,0,0,0,-1,0,22,1,3,116,431,60,0,0,0,0,0,25,0,0,-1,-1,-1,-1,0,0,0,0,0,0,-1,0,0,0,0,60,30,90,60,365,365,4,0,1,0,0,-1,608011156
1,1,-1,1,0,0,0,0,5,1,0,0,25,0,0,-1,-1,-1,0,0,0,0,0,-1,0,22,1,3,314,431,7,0,0,0,0,0,25,0,0,-1,-1,-1,-1,0,0,0,0,0,0,-1,0,0,0,0,7,30,30,7,0,7,4,0,1,0,0,-1,608011156
1,1,-1,1,0,0,0,0,5,1,0,0,25,0,0,-1,-1,-1,0,0,0,0,0,-1,0,22,1,3,314,431,60,0,0,0,0,0,25,0,0,-1,-1,-1,-1,0,0,0,0,0,0,-1,0,0,0,0,60,30,90,60,0,60,4,0,1,0,0,-1,608011156
1,1,-1,1,0,0,0,0,5,1,0,0,25,0,0,-1,-1,-1,0,0,0,0,0,-1,0,22,1,3,335,431,30,0,0,0,0,0,25,0,0,-1,-1,-1,-1,0,0,0,0,0,0,-1,0,0,0,0,30,30,60,30,0,30,4,0,1,0,0,-1,608011156
1,1,-1,1,0,0,0,0,5,1,0,0,25,0,21,1,116,-1,0,0,0,0,0,25,0,0,-1,-1,-1,-1,0,0,0,0,0,0,-1,0,0,-1,-1,-1,-1,0,0,0,0,0,0,-1,0,180,0,180,0,0,180,180,7,180,1,1,0,0,0,-1,608011156
1,1,-1,1,0,0,0,0,5,1,0,0,25,0,21,1,206,-1,0,0,0,0,0,25,0,0,-1,-1,-1,-1,0,0,0,0,0,0,-1,0,0,-1,-1,-1,-1,0,0,0,0,0,0,-1,0,90,0,90,0,0,90,90,7,90,1,1,0,0,0,-1,608011156
1,1,-1,1,0,0,0,0,5,1,0,0,25,0,21,1,207,-1,0,0,0,0,0,25,0,0,-1,-1,-1,-1,0,0,0,0,0,0,-1,0,0,-1,-1,-1,-1,0,0,0,0,0,0,-1,0,90,0,90,0,0,90,90,0,90,1,1,0,0,0,-1,608011156
1,1,-1,1,0,0,0,0,5,1,0,0,25,0,21,1,314,-1,0,0,0,0,0,25,0,0,-1,-1,-1,-1,0,0,0,0,0,0,-1,0,0,-1,-1,-1,-1,0,0,0,0,0,0,-1,0,365,0,365,0,0,365,365,0,365,1,1,0,0,0,-1,608011156
1,1,-1,1,0,0,0,0,5,1,0,0,25,0,21,1,336,-1,0,0,0,0,0,25,0,0,-1,-1,-1,-1,0,0,0,0,0,0,-1,0,0,-1,-1,-1,-1,0,0,0,0,0,0,-1,0,90,0,90,0,0,90,90,0,90,1,1,0,0,0,-1,608011156
1,1,-1,1,0,0,0,0,5,1,0,0,25,0,21,1,336,-1,0,0,0,0,0,25,0,0,-1,-1,-1,-1,0,0,0,0,0,0,-1,0,0,-1,-1,-1,-1,0,0,0,0,0,0,-1,0,90,0,90,0,0,90,90,7,90,1,1,0,0,0,-1,608011156
1,1,-1,1,0,0,0,0,5,1,0,0,25,0,21,1,336,-1,0,0,0,0,0,25,0,0,-1,-1,-1,-1,0,0,0,0,0,0,-1,0,0,-1,-1,-1,-1,0,0,0,0,0,0,-1,0,90,0,90,0,0,90,90,7,180,1,1,0,0,0,-1,608011156
1,1,-1,1,0,0,0,0,5,1,0,0,25,0,21,1,420,-1,0,0,0,0,0,25,0,0,-1,-1,-1,-1,0,0,0,0,0,0,-1,0,0,-1,-1,-1,-1,0,0,0,0,0,0,-1,0,90,0,90,0,0,90,90,365,365,1,1,0,0,0,-1,608011156
1,1,-1,1,0,0,0,0,5,1,0,0,25,0,21,3,116,-1,0,0,0,0,0,25,0,0,-1,-1,-1,-1,0,0,0,0,0,0,-1,0,0,-1,-1,-1,-1,0,0,0,0,0,0,-1,0,90,0,90,0,0,90,90,7,90,1,1,0,0,0,-1,608011156
1,1,-1,1,0,0,0,0,5,1,0,0,25,0,21,3,116,-1,0,0,0,0,0,25,0,0,-1,-1,-1,-1,0,0,0,0,0,0,-1,0,0,-1,-1,-1,-1,0,0,0,0,0,0,-1,0,180,0,180,0,0,180,180,0,180,1,1,0,0,0,-1,608011156
1,1,-1,1,0,0,0,0,5,1,0,0,25,0,21,3,116,-1,0,0,0,0,0,25,0,0,-1,-1,-1,-1,0,0,0,0,0,0,-1,0,0,-1,-1,-1,-1,0,0,0,0,0,0,-1,0,180,0,180,0,0,180,180,30,180,1,1,0,0,0,-1,608011156
1,1,-1,1,0,0,0,0,5,1,0,0,25,0,21,3,118,-1,0,0,0,0,0,25,0,0,-1,-1,-1,-1,0,0,0,0,0,0,-1,0,0,-1,-1,-1,-1,0,0,0,0,0,0,-1,0,365,0,365,0,0,365,365,30,365,1,1,0,0,0,-1,608011156
1,1,-1,1,0,0,0,0,5,1,0,0,25,0,21,3,314,-1,0,0,0,0,0,25,0,0,-1,-1,-1,-1,0,0,0,0,0,0,-1,0,0,-1,-1,-1,-1,0,0,0,0,0,0,-1,0,365,0,365,0,0,365,365,0,365,1,1,0,0,0,-1,608011156
1,1,-1,1,0,0,0,0,5,1,0,0,25,0,21,3,335,-1,0,0,0,0,0,25,0,0,-1,-1,-1,-1,0,0,0,0,0,0,-1,0,0,-1,-1,-1,-1,0,0,0,0,0,0,-1,0,180,0,180,0,0,180,180,0,180,1,1,0,0,21,0,608011156
1,1,-1,1,0,0,0,0,5,1,0,0,25,0,21,3,335,-1,0,0,0,0,0,25,0,0,-1,-1,-1,-1,0,0,0,0,0,0,-1,0,0,-1,-1,-1,-1,0,0,0,0,0,0,-1,0,180,0,180,0,0,180,180,7,180,1,1,0,0,0,-1,608011156
1,1,-1,1,0,0,0,0,5,1,0,0,25,0,21,3,335,-1,0,0,0,0,0,25,0,0,-1,-1,-1,-1,0,0,0,0,0,0,-1,0,0,-1,-1,-1,-1,0,0,0,0,0,0,-1,0,365,0,365,0,0,365,365,7,365,1,1,0,0,0,-1,608011156
1,1,-1,1,0,0,0,0,5,1,0,0,25,0,21,3,410,-1,0,0,0,0,0,25,0,0,-1,-1,-1,-1,0,0,0,0,0,0,-1,0,0,-1,-1,-1,-1,0,0,0,0,0,0,-1,0,365,0,365,0,0,365,365,0,365,1,1,0,0,0,-1,608011156
1,1,-1,1,0,0,0,0,5,1,0,0,25,0,22,1,99,99,0,0,0,0,0,25,0,0,-1,-1,-1,-1,0,0,0,0,0,0,-1,0,0,-1,-1,-1,-1,0,0,0,0,0,0,-1,0,7,0,7,0,0,7,7,7,7,1,1,0,0,0,-1,608011156
2,1,-1,1,0,0,0,0,5,1,0,0,25,0,22,1,99,99,0,0,0,0,0,25,0,0,-1,-1,-1,-1,0,0,0,0,0,0,-1,0,0,-1,-1,-1,-1,0,0,0,0,0,0,-1,0,7,0,7,0,0,7,7,30,30,1,1,0,0,0,-1,608011156
1,1,-1,1,0,0,0,0,5,1,0,0,25,0,22,1,99,423,0,0,0,0,0,25,0,21,1,1,116,-1,7,0,0,0,0,0,25,0,0,-1,-1,-1,-1,0,0,0,0,0,0,-1,0,90,0,90,7,90,180,90,365,365,5,1,1,0,0,-1,608011156
1,1,-1,1,0,0,0,0,5,1,0,0,25,0,22,1,101,101,0,0,0,0,0,25,0,0,-1,-1,-1,-1,0,0,0,0,0,0,-1,0,0,-1,-1,-1,-1,0,0,0,0,0,0,-1,0,60,0,60,0,0,60,60,7,60,1,1,0,0,0,-1,608011156
1,1,-1,1,0,0,0,0,5,1,0,0,25,0,22,1,101,116,0,0,0,0,0,25,0,0,-1,-1,-1,-1,0,0,0,0,0,0,-1,0,0,-1,-1,-1,-1,0,0,0,0,0,0,-1,0,60,0,60,0,0,60,60,7,60,1,1,0,0,0,-1,608011156
1,1,-1,1,0,0,0,0,5,1,0,0,25,0,22,1,101,422,0,0,0,0,0,25,0,0,-1,-1,-1,-1,0,0,0,0,0,0,-1,0,0,-1,-1,-1,-1,0,0,0,0,0,0,-1,0,30,0,30,0,0,30,30,7,30,1,1,0,0,0,-1,608011156
1,1,-1,1,0,0,0,0,5,1,0,0,25,0,22,1,101,422,0,0,0,0,0,25,0,0,-1,-1,-1,-1,0,0,0,0,0,0,-1,0,0,-1,-1,-1,-1,0,0,0,0,0,0,-1,0,60,0,60,0,0,60,60,0,60,1,1,0,0,0,-1,608011156
1,1,-1,1,0,0,0,0,5,1,0,0,25,0,22,1,101,423,0,0,0,0,0,25,0,0,-1,-1,-1,-1,0,0,0,0,0,0,-1,0,0,-1,-1,-1,-1,0,0,0,0,0,0,-1,0,30,0,30,0,0,30,30,7,30,1,1,0,0,0,-1,608011156
1,1,-1,1,0,0,0,0,5,1,0,0,25,0,22,1,101,423,0,0,0,0,0,25,0,0,-1,-1,-1,-1,0,0,0,0,0,0,-1,0,0,-1,-1,-1,-1,0,0,0,0,0,0,-1,0,60,0,60,0,0,60,60,0,60,1,1,0,0,0,-1,608011156
1,1,-1,1,0,0,0,0,5,1,0,0,25,0,22,1,101,423,0,0,0,0,0,25,0,0,-1,-1,-1,-1,0,0,0,0,0,0,-1,0,0,-1,-1,-1,-1,0,0,0,0,0,0,-1,0,90,0,90,0,0,90,90,7,180,1,1,0,0,0,-1,608011156
1,1,-1,1,0,0,0,0,5,1,0,0,25,0,22,1,116,98,0,0,0,0,0,25,0,0,-1,-1,-1,-1,0,0,0,0,0,0,-1,0,0,-1,-1,-1,-1,0,0,0,0,0,0,-1,0,60,0,60,0,0,60,60,7,60,1,1,0,0,0,-1,608011156
2,1,-1,1,0,0,0,0,5,1,0,0,25,0,22,1,116,99,0,0,0,0,0,25,0,0,-1,-1,-1,-1,0,0,0,0,0,0,-1,0,0,-1,-1,-1,-1,0,0,0,0,0,0,-1,0,30,0,30,0,0,30,30,7,30,1,1,0,0,0,-1,608011156
2,1,-1,1,0,0,0,0,5,1,0,0,25,0,22,1,116,99,0,0,0,0,0,25,0,0,-1,-1,-1,-1,0,0,0,0,0,0,-1,0,0,-1,-1,-1,-1,0,0,0,0,0,0,-1,0,30,0,30,0,0,30,30,30,60,1,1,0,0,0,-1,608011156
1,1,-1,1,0,0,0,0,5,1,0,0,25,0,22,1,116,99,0,0,0,0,0,25,0,0,-1,-1,-1,-1,0,0,0,0,0,0,-1,0,0,-1,-1,-1,-1,0,0,0,0,0,0,-1,0,30,0,30,0,0,30,30,60,60,1,1,0,0,0,-1,608011156
1,1,-1,1,0,0,0,0,5,1,0,0,25,0,22,1,116,99,0,0,0,0,0,25,0,0,-1,-1,-1,-1,0,0,0,0,0,0,-1,0,0,-1,-1,-1,-1,0,0,0,0,0,0,-1,0,60,0,60,0,0,60,60,30,60,1,1,0,0,0,-1,608011156
1,1,-1,1,0,0,0,0,5,1,0,0,25,0,22,1,116,101,0,0,0,0,0,25,0,0,-1,-1,-1,-1,0,0,0,0,0,0,-1,0,0,-1,-1,-1,-1,0,0,0,0,0,0,-1,0,30,0,30,0,0,30,30,7,30,1,1,0,0,0,-1,608011156
1,1,-1,1,0,0,0,0,5,1,0,0,25,0,22,1,116,116,0,0,0,0,0,25,0,0,-1,-1,-1,-1,0,0,0,0,0,0,-1,0,0,-1,-1,-1,-1,0,0,0,0,0,0,-1,0,60,0,60,0,0,60,60,7,60,1,1,0,0,0,-1,608011156
1,1,-1,1,0,0,0,0,5,1,0,0,25,0,22,1,116,207,0,0,0,0,0,25,0,0,-1,-1,-1,-1,0,0,0,0,0,0,-1,0,0,-1,-1,-1,-1,0,0,0,0,0,0,-1,0,60,0,60,0,0,60,60,365,365,1,1,0,0,0,-1,608011156
1,1,-1,1,0,0,0,0,5,1,0,0,25,0,22,1,116,312,0,0,0,0,0,25,0,0,-1,-1,-1,-1,0,0,0,0,0,0,-1,0,0,-1,-1,-1,-1,0,0,0,0,0,0,-1,0,60,0,60,0,0,60,60,365,365,1,1,0,0,0,-1,608011156
1,1,-1,1,0,0,0,0,5,1,0,0,25,0,22,1,116,313,0,0,0,0,0,25,0,0,-1,-1,-1,-1,0,0,0,0,0,0,-1,0,0,-1,-1,-1,-1,0,0,0,0,0,0,-1,0,30,0,30,0,0,30,30,60,90,1,1,0,0,0,-1,608011156
1,1,-1,1,0,0,0,0,5,1,0,0,25,0,22,1,116,313,0,0,0,0,0,25,0,0,-1,-1,-1,-1,0,0,0,0,0,0,-1,0,0,-1,-1,-1,-1,0,0,0,0,0,0,-1,0,30,0,30,0,0,30,30,180,180,1,1,0,0,0,-1,608011156
1,1,-1,1,0,0,0,0,5,1,0,0,25,0,22,1,116,410,0,0,0,0,0,25,0,0,-1,-1,-1,-1,0,0,0,0,0,0,-1,0,0,-1,-1,-1,-1,0,0,0,0,0,0,-1,0,60,0,60,0,0,60,60,30,60,1,1,0,0,0,-1,608011156
1,1,-1,1,0,0,0,0,5,1,0,0,25,0,22,1,116,410,0,0,0,0,0,25,0,0,-1,-1,-1,-1,0,0,0,0,0,0,-1,0,0,-1,-1,-1,-1,0,0,0,0,0,0,-1,0,180,0,180,0,0,180,180,30,180,1,1,0,0,0,-1,608011156
2,1,-1,1,0,0,0,0,5,1,0,0,25,0,22,1,116,422,0,0,0,0,0,25,0,0,-1,-1,-1,-1,0,0,0,0,0,0,-1,0,0,-1,-1,-1,-1,0,0,0,0,0,0,-1,0,30,0,30,0,0,30,30,7,30,1,1,0,0,0,-1,608011156
1,1,-1,1,0,0,0,0,5,1,0,0,25,0,22,1,116,423,0,0,0,0,0,25,0,0,-1,-1,-1,-1,0,0,0,0,0,0,-1,0,0,-1,-1,-1,-1,0,0,0,0,0,0,-1,0,30,0,30,0,0,30,30,0,30,1,1,0,0,0,-1,608011156
2,1,-1,1,0,0,0,0,5,1,0,0,25,0,22,1,116,423,0,0,0,0,0,25,0,0,-1,-1,-1,-1,0,0,0,0,0,0,-1,0,0,-1,-1,-1,-1,0,0,0,0,0,0,-1,0,30,0,30,0,0,30,30,7,30,1,1,0,0,0,-1,608011156
1,1,-1,1,0,0,0,0,5,1,0,0,25,0,22,1,116,423,0,0,0,0,0,25,0,0,-1,-1,-1,-1,0,0,0,0,0,0,-1,0,0,-1,-1,-1,-1,0,0,0,0,0,0,-1,0,60,0,60,0,0,60,60,0,60,1,1,0,0,0,-1,608011156
2,1,-1,1,0,0,0,0,5,1,0,0,25,0,22,1,116,423,0,0,0,0,0,25,0,0,-1,-1,-1,-1,0,0,0,0,0,0,-1,0,0,-1,-1,-1,-1,0,0,0,0,0,0,-1,0,180,0,180,0,0,180,180,0,180,1,1,0,0,0,-1,608011156
1,1,-1,1,0,0,0,0,5,1,0,0,25,0,22,1,118,422,0,0,0,0,0,25,0,0,-1,-1,-1,-1,0,0,0,0,0,0,-1,0,0,-1,-1,-1,-1,0,0,0,0,0,0,-1,0,30,0,30,0,0,30,30,0,30,1,1,0,0,0,-1,608011156
1,1,-1,1,0,0,0,0,5,1,0,0,25,0,22,1,204,99,0,0,0,0,0,25,0,0,-1,-1,-1,-1,0,0,0,0,0,0,-1,0,0,-1,-1,-1,-1,0,0,0,0,0,0,-1,0,30,0,30,0,0,30,30,7,30,1,1,0,0,0,-1,608011156
1,1,-1,1,0,0,0,0,5,1,0,0,25,0,22,1,205,423,0,0,0,0,0,25,0,0,-1,-1,-1,-1,0,0,0,0,0,0,-1,0,0,-1,-1,-1,-1,0,0,0,0,0,0,-1,0,30,0,30,0,0,30,30,7,30,1,1,0,0,0,-1,608011156
1,1,-1,1,0,0,0,0,5,1,0,0,25,0,22,1,206,99,0,0,0,0,0,25,0,0,-1,-1,-1,-1,0,0,0,0,0,0,-1,0,0,-1,-1,-1,-1,0,0,0,0,0,0,-1,0,30,0,30,0,0,30,30,180,365,1,1,0,0,0,-1,608011156
1,1,-1,1,0,0,0,0,5,1,0,0,25,0,22,1,206,99,0,0,0,0,0,25,0,0,-1,-1,-1,-1,0,0,0,0,0,0,-1,0,0,-1,-1,-1,-1,0,0,0,0,0,0,-1,0,90,0,90,0,0,90,90,0,90,1,1,0,0,0,-1,608011156
1,1,-1,1,0,0,0,0,5,1,0,0,25,0,22,1,206,101,0,0,0,0,0,25,0,0,-1,-1,-1,-1,0,0,0,0,0,0,-1,0,0,-1,-1,-1,-1,0,0,0,0,0,0,-1,0,180,0,180,0,0,180,180,0,180,1,1,0,0,0,-1,608011156
1,1,-1,1,0,0,0,0,5,1,0,0,25,0,22,1,207,312,0,0,0,0,0,25,0,0,-1,-1,-1,-1,0,0,0,0,0,0,-1,0,0,-1,-1,-1,-1,0,0,0,0,0,0,-1,0,90,0,90,0,0,90,90,7,90,1,1,0,0,0,-1,608011156
1,1,-1,1,0,0,0,0,5,1,0,0,25,0,22,1,314,314,0,0,0,0,0,25,0,0,-1,-1,-1,-1,0,0,0,0,0,0,-1,0,0,-1,-1,-1,-1,0,0,0,0,0,0,-1,0,60,0,60,0,0,60,60,30,60,1,1,0,0,0,-1,608011156
1,1,-1,1,0,0,0,0,5,1,0,0,25,0,22,1,314,410,0,0,0,0,0,25,0,0,-1,-1,-1,-1,0,0,0,0,0,0,-1,0,0,-1,-1,-1,-1,0,0,0,0,0,0,-1,0,60,0,60,0,0,60,60,30,60,1,1,0,0,0,-1,608011156
1,1,-1,1,0,0,0,0,5,1,0,0,25,0,22,1,314,423,0,0,0,0,0,25,0,0,-1,-1,-1,-1,0,0,0,0,0,0,-1,0,0,-1,-1,-1,-1,0,0,0,0,0,0,-1,0,30,0,30,0,0,30,30,0,30,1,1,0,0,0,-1,608011156
1,1,-1,1,0,0,0,0,5,1,0,0,25,0,22,1,314,423,0,0,0,0,0,25,0,0,-1,-1,-1,-1,0,0,0,0,0,0,-1,0,0,-1,-1,-1,-1,0,0,0,0,0,0,-1,0,90,0,90,0,0,90,90,0,90,1,1,0,0,0,-1,608011156
1,1,-1,1,0,0,0,0,5,1,0,0,25,0,22,1,335,99,0,0,0,0,0,25,0,0,-1,-1,-1,-1,0,0,0,0,0,0,-1,0,0,-1,-1,-1,-1,0,0,0,0,0,0,-1,0,30,0,30,0,0,30,30,0,30,1,1,0,0,0,-1,608011156
1,1,-1,1,0,0,0,0,5,1,0,0,25,0,22,1,335,99,0,0,0,0,0,25,0,0,-1,-1,-1,-1,0,0,0,0,0,0,-1,0,0,-1,-1,-1,-1,0,0,0,0,0,0,-1,0,60,0,60,0,0,60,60,7,60,1,1,0,0,0,-1,608011156
1,1,-1,1,0,0,0,0,5,1,0,0,25,0,22,1,335,314,0,0,0,0,0,25,0,0,-1,-1,-1,-1,0,0,0,0,0,0,-1,0,0,-1,-1,-1,-1,0,0,0,0,0,0,-1,0,30,0,30,0,0,30,30,1094,1094,1,1,0,0,0,-1,608011156
2,1,-1,1,0,0,0,0,5,1,0,0,25,0,22,1,335,423,0,0,0,0,0,25,0,0,-1,-1,-1,-1,0,0,0,0,0,0,-1,0,0,-1,-1,-1,-1,0,0,0,0,0,0,-1,0,30,0,30,0,0,30,30,0,30,1,1,0,0,0,-1,608011156
1,1,-1,1,0,0,0,0,5,1,0,0,25,0,22,1,335,423,0,0,0,0,0,25,0,0,-1,-1,-1,-1,0,0,0,0,0,0,-1,0,0,-1,-1,-1,-1,0,0,0,0,0,0,-1,0,30,0,30,0,0,30,30,30,60,1,1,0,0,0,-1,608011156
1,1,-1,1,0,0,0,0,5,1,0,0,25,0,22,1,336,98,0,0,0,0,0,25,0,0,-1,-1,-1,-1,0,0,0,0,0,0,-1,0,0,-1,-1,-1,-1,0,0,0,0,0,0,-1,0,30,0,30,0,0,30,30,90,180,1,1,0,0,0,-1,608011156
1,1,-1,1,0,0,0,0,5,1,0,0,25,0,22,1,336,99,0,0,0,0,0,25,0,0,-1,-1,-1,-1,0,0,0,0,0,0,-1,0,0,-1,-1,-1,-1,0,0,0,0,0,0,-1,0,90,0,90,0,0,90,90,7,90,1,1,0,0,0,-1,608011156
1,1,-1,1,0,0,0,0,5,1,0,0,25,0,22,1,336,313,0,0,0,0,0,25,0,0,-1,-1,-1,-1,0,0,0,0,0,0,-1,0,0,-1,-1,-1,-1,0,0,0,0,0,0,-1,0,60,0,60,0,0,60,60,30,90,1,1,0,0,0,-1,608011156
1,1,-1,1,0,0,0,0,5,1,0,0,25,0,22,1,336,410,0,0,0,0,0,25,0,0,-1,-1,-1,-1,0,0,0,0,0,0,-1,0,0,-1,-1,-1,-1,0,0,0,0,0,0,-1,0,90,0,90,0,0,90,90,0,90,1,1,0,0,0,-1,608011156
1,1,-1,1,0,0,0,0,5,1,0,0,25,0,22,1,336,422,0,0,0,0,0,25,0,0,-1,-1,-1,-1,0,0,0,0,0,0,-1,0,0,-1,-1,-1,-1,0,0,0,0,0,0,-1,0,30,0,30,0,0,30,30,7,30,1,1,0,0,0,-1,608011156
1,1,-1,1,0,0,0,0,5,1,0,0,25,0,22,1,336,422,0,0,0,0,0,25,0,0,-1,-1,-1,-1,0,0,0,0,0,0,-1,0,0,-1,-1,-1,-1,0,0,0,0,0,0,-1,0,30,0,30,0,0,30,30,90,90,1,1,0,0,0,-1,608011156
1,1,-1,1,0,0,0,0,5,1,0,0,25,0,22,1,336,423,0,0,0,0,0,25,0,0,-1,-1,-1,-1,0,0,0,0,0,0,-1,0,0,-1,-1,-1,-1,0,0,0,0,0,0,-1,0,60,0,60,0,0,60,60,0,60,1,1,0,0,0,-1,608011156
1,1,-1,1,0,0,0,0,5,1,0,0,25,0,22,1,410,99,0,0,0,0,0,25,0,21,1,1,101,-1,7,0,0,0,0,0,25,0,0,-1,-1,-1,-1,0,0,0,0,0,0,-1,0,90,0,90,7,180,365,90,90,180,5,1,1,0,0,-1,608011156
1,1,-1,1,0,0,0,0,5,1,0,0,25,0,22,3,99,99,0,0,0,0,0,25,0,0,-1,-1,-1,-1,0,0,0,0,0,0,-1,0,0,-1,-1,-1,-1,0,0,0,0,0,0,-1,0,30,0,30,0,0,30,30,30,60,1,1,0,0,0,-1,608011156
1,1,-1,1,0,0,0,0,5,1,0,0,25,0,22,3,101,116,0,0,0,0,0,25,0,0,-1,-1,-1,-1,0,0,0,0,0,0,-1,0,0,-1,-1,-1,-1,0,0,0,0,0,0,-1,0,30,0,30,0,0,30,30,30,60,1,1,0,0,0,-1,608011156
1,1,-1,1,0,0,0,0,5,1,0,0,25,0,22,3,101,410,0,0,0,0,0,25,0,0,-1,-1,-1,-1,0,0,0,0,0,0,-1,0,0,-1,-1,-1,-1,0,0,0,0,0,0,-1,0,90,0,90,0,0,90,90,180,180,1,1,0,0,0,-1,608011156
1,1,-1,1,0,0,0,0,5,1,0,0,25,0,22,3,116,98,0,0,0,0,0,25,0,0,-1,-1,-1,-1,0,0,0,0,0,0,-1,0,0,-1,-1,-1,-1,0,0,0,0,0,0,-1,0,90,0,90,0,0,90,90,7,90,1,1,0,0,0,-1,608011156
1,1,-1,1,0,0,0,0,5,1,0,0,25,0,22,3,116,99,0,0,0,0,0,25,0,0,-1,-1,-1,-1,0,0,0,0,0,0,-1,0,0,-1,-1,-1,-1,0,0,0,0,0,0,-1,0,30,0,30,0,0,30,30,7,30,1,1,0,0,0,-1,608011156
1,1,-1,1,0,0,0,0,5,1,0,0,25,0,22,3,116,99,0,0,0,0,0,25,0,0,-1,-1,-1,-1,0,0,0,0,0,0,-1,0,0,-1,-1,-1,-1,0,0,0,0,0,0,-1,0,30,0,30,0,0,30,30,30,60,1,1,0,0,0,-1,608011156
1,1,-1,1,0,0,0,0,5,1,0,0,25,0,22,3,116,99,0,0,0,0,0,25,0,0,-1,-1,-1,-1,0,0,0,0,0,0,-1,0,0,-1,-1,-1,-1,0,0,0,0,0,0,-1,0,30,0,30,0,0,30,30,180,180,1,1,0,0,0,-1,608011156
1,1,-1,1,0,0,0,0,5,1,0,0,25,0,22,3,116,99,0,0,0,0,0,25,0,0,-1,-1,-1,-1,0,0,0,0,0,0,-1,0,0,-1,-1,-1,-1,0,0,0,0,0,0,-1,0,60,0,60,0,0,60,60,90,180,1,1,0,0,0,-1,608011156
1,1,-1,1,0,0,0,0,5,1,0,0,25,0,22,3,116,313,0,0,0,0,0,25,0,0,-1,-1,-1,-1,0,0,0,0,0,0,-1,0,0,-1,-1,-1,-1,0,0,0,0,0,0,-1,0,30,0,30,0,0,30,30,30,60,1,1,0,0,0,-1,608011156
1,1,-1,1,0,0,0,0,5,1,0,0,25,0,22,3,116,314,0,0,0,0,0,25,0,0,-1,-1,-1,-1,0,0,0,0,0,0,-1,0,0,-1,-1,-1,-1,0,0,0,0,0,0,-1,0,90,0,90,0,0,90,90,365,365,1,1,0,0,0,-1,608011156
1,1,-1,1,0,0,0,0,5,1,0,0,25,0,22,3,116,410,0,0,0,0,0,25,0,0,-1,-1,-1,-1,0,0,0,0,0,0,-1,0,0,-1,-1,-1,-1,0,0,0,0,0,0,-1,0,60,0,60,0,0,60,60,0,60,1,1,0,0,0,-1,608011156
1,1,-1,1,0,0,0,0,5,1,0,0,25,0,22,3,116,410,0,0,0,0,0,25,0,0,-1,-1,-1,-1,0,0,0,0,0,0,-1,0,0,-1,-1,-1,-1,0,0,0,0,0,0,-1,0,60,0,60,0,0,60,60,60,90,1,1,0,0,0,-1,608011156
1,1,-1,1,0,0,0,0,5,1,0,0,25,0,22,3,118,99,0,0,0,0,0,25,0,0,-1,-1,-1,-1,0,0,0,0,0,0,-1,0,0,-1,-1,-1,-1,0,0,0,0,0,0,-1,0,30,0,30,0,0,30,30,7,60,1,1,0,0,0,-1,608011156
2,1,-1,1,0,0,0,0,5,1,0,0,25,0,22,3,118,99,0,0,0,0,0,25,0,0,-1,-1,-1,-1,0,0,0,0,0,0,-1,0,0,-1,-1,-1,-1,0,0,0,0,0,0,-1,0,60,0,60,0,0,60,60,0,60,1,1,0,0,0,-1,608011156
1,1,-1,1,0,0,0,0,5,1,0,0,25,0,22,3,206,101,0,0,0,0,0,25,0,0,-1,-1,-1,-1,0,0,0,0,0,0,-1,0,0,-1,-1,-1,-1,0,0,0,0,0,0,-1,0,30,0,30,0,0,30,30,30,30,1,1,0,0,0,-1,608011156
1,1,-1,1,0,0,0,0,5,1,0,0,25,0,22,3,207,101,0,0,0,0,0,25,0,0,-1,-1,-1,-1,0,0,0,0,0,0,-1,0,0,-1,-1,-1,-1,0,0,0,0,0,0,-1,0,60,0,60,0,0,60,60,547,547,1,1,0,0,0,-1,608011156
1,1,-1,1,0,0,0,0,5,1,0,0,25,0,22,3,207,313,0,0,0,0,0,25,0,0,-1,-1,-1,-1,0,0,0,0,0,0,-1,0,0,-1,-1,-1,-1,0,0,0,0,0,0,-1,0,30,0,30,0,0,30,30,547,547,1,1,0,0,0,-1,608011156
1,1,-1,1,0,0,0,0,5,1,0,0,25,0,22,3,207,423,0,0,0,0,0,25,0,0,-1,-1,-1,-1,0,0,0,0,0,0,-1,0,0,-1,-1,-1,-1,0,0,0,0,0,0,-1,0,30,0,30,0,0,30,30,0,30,1,1,0,0,0,-1,608011156
1,1,-1,1,0,0,0,0,5,1,0,0,25,0,22,3,335,410,0,0,0,0,0,25,0,0,-1,-1,-1,-1,0,0,0,0,0,0,-1,0,0,-1,-1,-1,-1,0,0,0,0,0,0,-1,0,30,0,30,0,0,30,30,7,30,1,1,0,0,22,1,608011156
1,1,-1,1,0,0,0,0,5,1,0,0,25,0,22,3,335,423,0,0,0,0,0,25,0,0,-1,-1,-1,-1,0,0,0,0,0,0,-1,0,0,-1,-1,-1,-1,0,0,0,0,0,0,-1,0,60,0,60,0,0,60,60,0,60,1,1,0,0,0,-1,608011156
1,1,-1,1,0,0,0,0,5,1,0,0,25,0,22,3,336,98,0,0,0,0,0,25,0,0,-1,-1,-1,-1,0,0,0,0,0,0,-1,0,0,-1,-1,-1,-1,0,0,0,0,0,0,-1,0,30,0,30,0,0,30,30,0,30,1,1,0,0,0,-1,608011156
1,1,-1,1,0,0,0,0,5,1,0,0,25,0,22,3,336,98,0,0,0,0,0,25,0,0,-1,-1,-1,-1,0,0,0,0,0,0,-1,0,0,-1,-1,-1,-1,0,0,0,0,0,0,-1,0,60,0,60,0,0,60,60,0,60,1,1,0,0,0,-1,608011156
1,1,-1,1,0,0,0,0,5,1,0,0,25,0,22,3,336,99,0,0,0,0,0,25,0,0,-1,-1,-1,-1,0,0,0,0,0,0,-1,0,0,-1,-1,-1,-1,0,0,0,0,0,0,-1,0,30,0,30,0,0,30,30,1095,1095,1,1,0,0,0,-1,608011156
1,1,-1,1,0,0,0,0,5,1,0,0,25,0,22,3,336,116,0,0,0,0,0,25,0,0,-1,-1,-1,-1,0,0,0,0,0,0,-1,0,0,-1,-1,-1,-1,0,0,0,0,0,0,-1,0,90,0,90,0,0,90,90,0,90,1,1,0,0,0,-1,608011156
1,1,-1,1,0,0,0,0,5,1,0,0,25,0,22,3,336,312,0,0,0,0,0,25,0,0,-1,-1,-1,-1,0,0,0,0,0,0,-1,0,0,-1,-1,-1,-1,0,0,0,0,0,0,-1,0,30,0,30,0,0,30,30,0,30,1,1,0,0,0,-1,608011156
1,1,-1,1,0,0,0,0,5,1,0,0,25,0,22,3,336,313,0,0,0,0,0,25,0,0,-1,-1,-1,-1,0,0,0,0,0,0,-1,0,0,-1,-1,-1,-1,0,0,0,0,0,0,-1,0,60,0,60,0,0,60,60,0,60,1,1,0,0,0,-1,608011156
1,1,-1,1,0,0,0,0,5,1,0,0,25,0,22,3,336,420,0,0,0,0,0,25,0,0,-1,-1,-1,-1,0,0,0,0,0,0,-1,0,0,-1,-1,-1,-1,0,0,0,0,0,0,-1,0,60,0,60,0,0,60,60,0,60,1,1,0,0,21,0,608011156
1,1,-1,1,0,0,0,0,5,1,0,0,25,0,22,3,336,431,0,0,0,0,0,25,0,0,-1,-1,-1,-1,0,0,0,0,0,0,-1,0,0,-1,-1,-1,-1,0,0,0,0,0,0,-1,0,30,0,30,0,0,30,30,0,30,1,1,0,0,22,1,608011156
1,1,-1,1,0,0,0,0,5,1,0,0,25,0,22,3,336,440,0,0,0,0,0,25,0,0,-1,-1,-1,-1,0,0,0,0,0,0,-1,0,0,-1,-1,-1,-1,0,0,0,0,0,0,-1,0,30,0,30,0,0,30,30,0,30,1,1,0,0,0,-1,608011156
1,1,-1,1,0,0,0,0,5,1,0,0,55,0,0,-1,-1,-1,0,0,0,0,0,-1,0,21,0,1,116,-1,180,0,0,0,0,0,55,0,0,-1,-1,-1,-1,0,0,0,0,0,0,-1,0,0,0,0,180,0,180,180,90,365,4,0,0,0,0,-1,608011156
1,1,-1,1,0,0,0,0,5,1,0,0,55,0,0,-1,-1,-1,0,0,0,0,0,-1,0,21,0,3,116,-1,180,0,0,0,0,0,55,0,0,-1,-1,-1,-1,0,0,0,0,0,0,-1,0,0,0,0,180,0,180,180,90,365,4,0,0,0,0,-1,608011156
1,1,-1,1,0,0,0,0,5,1,0,0,55,0,0,-1,-1,-1,0,0,0,0,0,-1,0,21,1,1,116,-1,60,0,0,0,0,0,55,0,0,-1,-1,-1,-1,0,0,0,0,0,0,-1,0,0,0,0,60,180,180,60,365,365,4,0,1,0,0,-1,608011156
1,1,-1,1,0,0,0,0,5,1,0,0,55,0,0,-1,-1,-1,0,0,0,0,0,-1,0,22,0,3,314,99,180,0,0,0,0,0,55,0,0,-1,-1,-1,-1,0,0,0,0,0,0,-1,0,0,0,0,180,0,180,180,0,180,4,0,0,0,0,-1,608011156
1,1,-1,1,0,0,0,0,5,1,0,0,55,0,21,1,116,-1,0,0,0,0,0,55,0,0,-1,-1,-1,-1,0,0,0,0,0,0,-1,0,0,-1,-1,-1,-1,0,0,0,0,0,0,-1,0,90,0,90,0,0,90,90,7,180,1,1,0,0,0,-1,608011156
1,1,-1,1,0,0,0,0,5,1,0,0,55,0,21,1,116,-1,0,0,0,0,0,55,0,0,-1,-1,-1,-1,0,0,0,0,0,0,-1,0,0,-1,-1,-1,-1,0,0,0,0,0,0,-1,0,180,0,180,0,0,180,180,7,180,1,1,0,0,0,-1,608011156
1,1,-1,1,0,0,0,0,5,1,0,0,55,0,21,1,314,-1,0,0,0,0,0,55,0,0,-1,-1,-1,-1,0,0,0,0,0,0,-1,0,0,-1,-1,-1,-1,0,0,0,0,0,0,-1,0,90,0,90,0,0,90,90,30,90,1,1,0,0,0,-1,608011156
1,1,-1,1,0,0,0,0,5,1,0,0,55,0,21,3,314,-1,0,0,0,0,0,55,0,0,-1,-1,-1,-1,0,0,0,0,0,0,-1,0,0,-1,-1,-1,-1,0,0,0,0,0,0,-1,0,90,0,90,0,0,90,90,0,90,1,1,0,0,0,-1,608011156
1,1,-1,1,0,0,0,0,5,1,0,0,55,0,21,3,314,-1,0,0,0,0,0,55,0,0,-1,-1,-1,-1,0,0,0,0,0,0,-1,0,0,-1,-1,-1,-1,0,0,0,0,0,0,-1,0,180,0,180,0,0,180,180,0,180,1,1,0,0,0,-1,608011156
1,1,-1,1,0,0,0,0,5,1,0,0,55,0,21,3,335,-1,0,0,0,0,0,55,0,0,-1,-1,-1,-1,0,0,0,0,0,0,-1,0,0,-1,-1,-1,-1,0,0,0,0,0,0,-1,0,90,0,90,0,0,90,90,180,180,1,1,0,0,0,-1,608011156
1,1,-1,1,0,0,0,0,5,1,0,0,55,0,22,1,101,422,0,0,0,0,0,55,0,0,-1,-1,-1,-1,0,0,0,0,0,0,-1,0,0,-1,-1,-1,-1,0,0,0,0,0,0,-1,0,90,0,90,0,0,90,90,60,180,1,1,0,0,0,-1,608011156
1,1,-1,1,0,0,0,0,5,1,0,0,55,0,22,1,101,423,0,0,0,0,0,55,0,0,-1,-1,-1,-1,0,0,0,0,0,0,-1,0,0,-1,-1,-1,-1,0,0,0,0,0,0,-1,0,180,0,180,0,0,180,180,60,180,1,1,0,0,0,-1,608011156
1,1,-1,1,0,0,0,0,5,1,0,0,55,0,22,1,116,99,0,0,0,0,0,55,0,0,-1,-1,-1,-1,0,0,0,0,0,0,-1,0,0,-1,-1,-1,-1,0,0,0,0,0,0,-1,0,60,0,60,0,0,60,60,30,60,1,1,0,0,0,-1,608011156
1,1,-1,1,0,0,0,0,5,1,0,0,55,0,22,1,116,99,0,0,0,0,0,55,0,0,-1,-1,-1,-1,0,0,0,0,0,0,-1,0,0,-1,-1,-1,-1,0,0,0,0,0,0,-1,0,90,0,90,0,0,90,90,30,180,1,1,0,0,0,-1,608011156
1,1,-1,1,0,0,0,0,5,1,0,0,55,0,22,1,116,410,0,0,0,0,0,55,0,0,-1,-1,-1,-1,0,0,0,0,0,0,-1,0,0,-1,-1,-1,-1,0,0,0,0,0,0,-1,0,60,0,60,0,0,60,60,30,90,1,1,0,0,0,-1,608011156
1,1,-1,1,0,0,0,0,5,1,0,0,55,0,22,1,116,423,0,0,0,0,0,55,0,0,-1,-1,-1,-1,0,0,0,0,0,0,-1,0,0,-1,-1,-1,-1,0,0,0,0,0,0,-1,0,30,0,30,0,0,30,30,60,90,1,1,0,0,0,-1,608011156
1,1,-1,1,0,0,0,0,5,1,0,0,55,0,22,1,207,99,0,0,0,0,0,25,0,21,0,1,207,-1,180,0,0,0,0,0,55,0,0,-1,-1,-1,-1,0,0,0,0,0,0,-1,0,60,0,60,180,0,180,180,0,180,5,1,0,0,0,-1,608011156
1,1,-1,1,0,0,0,0,5,1,0,0,55,0,22,1,336,99,0,0,0,0,0,55,0,0,-1,-1,-1,-1,0,0,0,0,0,0,-1,0,0,-1,-1,-1,-1,0,0,0,0,0,0,-1,0,7,0,7,0,0,7,7,0,7,1,1,0,0,0,-1,608011156
1,1,-1,1,0,0,0,0,5,1,0,0,55,0,22,1,336,99,0,0,0,0,0,55,0,0,-1,-1,-1,-1,0,0,0,0,0,0,-1,0,0,-1,-1,-1,-1,0,0,0,0,0,0,-1,0,7,0,7,0,0,7,7,7,7,1,1,0,0,0,-1,608011156
1,1,-1,1,0,0,0,0,5,1,0,0,55,0,22,1,336,314,0,0,0,0,0,55,0,0,-1,-1,-1,-1,0,0,0,0,0,0,-1,0,0,-1,-1,-1,-1,0,0,0,0,0,0,-1,0,30,0,30,0,0,30,30,0,30,1,1,0,0,0,-1,608011156
1,1,-1,1,0,0,0,0,5,1,0,0,55,0,22,1,336,423,0,0,0,0,0,55,0,0,-1,-1,-1,-1,0,0,0,0,0,0,-1,0,0,-1,-1,-1,-1,0,0,0,0,0,0,-1,0,30,0,30,0,0,30,30,7,30,1,1,0,0,0,-1,608011156
1,1,-1,1,0,0,0,0,5,1,0,0,55,0,22,1,410,98,0,0,0,0,0,55,0,0,-1,-1,-1,-1,0,0,0,0,0,0,-1,0,0,-1,-1,-1,-1,0,0,0,0,0,0,-1,0,30,0,30,0,0,30,30,0,30,1,1,0,0,0,-1,608011156
1,1,-1,1,0,0,0,0,5,1,0,0,55,0,22,1,410,99,0,0,0,0,0,55,0,0,-1,-1,-1,-1,0,0,0,0,0,0,-1,0,0,-1,-1,-1,-1,0,0,0,0,0,0,-1,0,30,0,30,0,0,30,30,0,30,1,1,0,0,0,-1,608011156
1,1,-1,1,0,0,0,0,5,1,0,0,55,0,22,1,410,99,0,0,0,0,0,55,0,0,-1,-1,-1,-1,0,0,0,0,0,0,-1,0,0,-1,-1,-1,-1,0,0,0,0,0,0,-1,0,30,0,30,0,0,30,30,30,60,1,1,0,0,0,-1,608011156
1,1,-1,1,0,0,0,0,5,1,0,0,55,0,22,1,410,410,0,0,0,0,0,55,0,0,-1,-1,-1,-1,0,0,0,0,0,0,-1,0,0,-1,-1,-1,-1,0,0,0,0,0,0,-1,0,60,0,60,0,0,60,60,0,60,1,1,0,0,0,-1,608011156
1,1,-1,1,0,0,0,0,5,1,0,0,55,0,22,1,411,204,0,0,0,0,0,55,0,0,-1,-1,-1,-1,0,0,0,0,0,0,-1,0,0,-1,-1,-1,-1,0,0,0,0,0,0,-1,0,30,0,30,0,0,30,30,7,30,1,1,0,0,0,-1,608011156
1,1,-1,1,0,0,0,0,5,1,0,0,55,0,22,3,116,98,0,0,0,0,0,55,0,0,-1,-1,-1,-1,0,0,0,0,0,0,-1,0,0,-1,-1,-1,-1,0,0,0,0,0,0,-1,0,30,0,30,0,0,30,30,7,30,1,1,0,0,0,-1,608011156
1,1,-1,1,0,0,0,0,5,1,0,0,55,0,22,3,116,314,0,0,0,0,0,55,0,0,-1,-1,-1,-1,0,0,0,0,0,0,-1,0,0,-1,-1,-1,-1,0,0,0,0,0,0,-1,0,60,0,60,0,0,60,60,7,90,1,1,0,0,0,-1,608011156
1,1,-1,1,0,0,0,0,5,1,0,0,55,0,22,3,205,410,0,0,0,0,0,55,0,0,-1,-1,-1,-1,0,0,0,0,0,0,-1,0,0,-1,-1,-1,-1,0,0,0,0,0,0,-1,0,90,0,90,0,0,90,90,1094,1094,1,1,0,0,0,-1,608011156
1,1,-1,1,0,0,0,0,5,1,0,0,55,0,22,3,206,313,0,0,0,0,0,55,0,0,-1,-1,-1,-1,0,0,0,0,0,0,-1,0,0,-1,-1,-1,-1,0,0,0,0,0,0,-1,0,30,0,30,0,0,30,30,0,30,1,1,0,0,0,-1,608011156
1,1,-1,1,0,0,0,0,5,1,0,0,55,0,22,3,314,410,0,0,0,0,0,55,0,0,-1,-1,-1,-1,0,0,0,0,0,0,-1,0,0,-1,-1,-1,-1,0,0,0,0,0,0,-1,0,30,0,30,0,0,30,30,0,30,1,1,0,0,0,-1,608011156
1,1,-1,1,0,0,0,0,5,1,0,0,55,0,22,3,336,312,0,0,0,0,0,55,0,0,-1,-1,-1,-1,0,0,0,0,0,0,-1,0,0,-1,-1,-1,-1,0,0,0,0,0,0,-1,0,30,0,30,0,0,30,30,0,30,1,1,0,0,0,-1,608011156
1,1,-1,1,0,0,0,0,5,1,0,0,55,0,22,3,336,422,0,0,0,0,0,55,0,0,-1,-1,-1,-1,0,0,0,0,0,0,-1,0,0,-1,-1,-1,-1,0,0,0,0,0,0,-1,0,60,0,60,0,0,60,60,365,365,1,1,0,0,0,-1,608011156
1,1,-1,1,0,0,0,0,5,2,0,0,25,0,0,-1,-1,-1,0,0,0,0,0,-1,0,21,1,3,116,-1,0,0,0,0,0,0,25,0,0,-1,-1,-1,-1,0,0,0,0,0,0,-1,0,0,0,0,0,180,180,0,365,365,4,0,1,0,0,-1,608011156
1,1,-1,1,0,0,0,0,5,2,0,0,25,0,0,-1,-1,-1,0,0,0,0,0,-1,0,22,0,3,101,313,180,0,0,0,0,0,25,0,0,-1,-1,-1,-1,0,0,0,0,0,0,-1,0,0,0,0,180,0,180,180,30,365,4,0,0,0,0,-1,608011156
1,1,-1,1,0,0,0,0,6,1,0,0,25,0,22,1,116,312,0,0,0,0,0,25,0,0,-1,-1,-1,-1,0,0,0,0,0,0,-1,0,0,-1,-1,-1,-1,0,0,0,0,0,0,-1,0,30,0,30,0,0,30,30,7,30,1,1,0,0,0,-1,608011156
1,1,-1,1,0,0,0,0,6,1,0,0,25,0,22,3,335,312,0,0,0,0,0,25,0,0,-1,-1,-1,-1,0,0,0,0,0,0,-1,0,0,-1,-1,-1,-1,0,0,0,0,0,0,-1,0,30,0,30,0,0,30,30,0,30,1,1,0,0,0,-1,608011156
1,1,-1,1,0,0,0,0,6,1,0,0,55,0,0,-1,-1,-1,0,0,0,0,0,-1,0,21,1,3,116,-1,30,0,0,0,0,0,55,0,0,-1,-1,-1,-1,0,0,0,0,0,0,-1,0,0,0,0,30,90,180,30,30,60,4,0,1,0,0,-1,608011156
1,1,-1,1,0,0,0,0,6,1,0,0,55,0,0,-1,-1,-1,0,0,0,0,0,-1,0,21,1,3,421,-1,7,0,0,0,0,0,55,0,0,-1,-1,-1,-1,0,0,0,0,0,0,-1,0,0,0,0,7,90,90,7,0,7,4,0,1,0,0,-1,608011156
1,1,-1,1,0,0,0,0,12,1,0,0,55,0,22,1,336,116,0,0,0,0,0,55,0,0,-1,-1,-1,-1,0,0,0,0,0,0,-1,0,0,-1,-1,-1,-1,0,0,0,0,0,0,-1,0,180,0,180,0,0,180,180,60,180,1,1,0,0,0,-1,608011156
1,1,-1,1,0,0,0,0,13,1,0,0,18,0,22,3,116,99,0,0,0,0,0,18,0,0,-1,-1,-1,-1,0,0,0,0,0,0,-1,0,0,-1,-1,-1,-1,0,0,0,0,0,0,-1,0,180,0,180,0,0,180,180,0,180,1,1,0,0,0,-1,608011156
1,1,-1,1,0,0,0,0,13,1,0,0,25,0,22,1,116,423,0,0,0,0,0,25,0,0,-1,-1,-1,-1,0,0,0,0,0,0,-1,0,0,-1,-1,-1,-1,0,0,0,0,0,0,-1,0,60,0,60,0,0,60,60,90,180,1,1,0,0,0,-1,608011156
1,1,-1,1,0,0,0,0,13,1,0,0,25,0,22,1,410,423,0,0,0,0,0,25,0,0,-1,-1,-1,-1,0,0,0,0,0,0,-1,0,0,-1,-1,-1,-1,0,0,0,0,0,0,-1,0,90,0,90,0,0,90,90,0,90,1,1,0,0,0,-1,608011156
1,1,-1,1,0,0,0,0,13,1,0,0,25,0,22,3,118,99,0,0,0,0,0,25,0,0,-1,-1,-1,-1,0,0,0,0,0,0,-1,0,0,-1,-1,-1,-1,0,0,0,0,0,0,-1,0,60,0,60,0,0,60,60,0,60,1,1,0,0,0,-1,608011156
1,1,-1,1,0,0,0,0,13,1,0,0,55,0,21,1,336,-1,0,0,0,0,0,55,0,0,-1,-1,-1,-1,0,0,0,0,0,0,-1,0,0,-1,-1,-1,-1,0,0,0,0,0,0,-1,0,30,0,30,0,0,30,30,0,30,1,1,0,0,0,-1,608011156
1,1,-1,1,0,0,0,0,15,1,0,0,18,0,0,-1,-1,-1,0,0,0,0,0,-1,0,21,1,3,116,-1,7,0,0,0,0,0,18,0,0,-1,-1,-1,-1,0,0,0,0,0,0,-1,0,0,0,0,7,180,180,7,30,30,4,0,1,0,0,-1,608011156
1,1,-1,1,0,0,0,0,15,1,0,0,25,0,0,-1,-1,-1,0,0,0,0,0,-1,0,22,0,1,116,99,180,0,0,0,0,0,25,0,0,-1,-1,-1,-1,0,0,0,0,0,0,-1,0,0,0,0,180,0,180,180,365,365,4,0,0,0,0,-1,608011156
1,1,-1,1,0,0,0,0,15,1,0,0,25,0,22,1,116,313,0,0,0,0,0,25,0,0,-1,-1,-1,-1,0,0,0,0,0,0,-1,0,0,-1,-1,-1,-1,0,0,0,0,0,0,-1,0,30,0,30,0,0,30,30,30,60,1,1,0,0,0,-1,608011156
1,1,-1,1,0,0,0,0,15,1,0,0,25,0,22,1,207,116,0,0,0,0,0,25,0,0,-1,-1,-1,-1,0,0,0,0,0,0,-1,0,0,-1,-1,-1,-1,0,0,0,0,0,0,-1,0,30,0,30,0,0,30,30,7,30,1,1,0,0,0,-1,608011156
1,1,-1,1,0,0,0,0,16,1,0,0,24,0,22,1,99,99,0,0,0,0,0,24,0,0,-1,-1,-1,-1,0,0,0,0,0,0,-1,0,0,-1,-1,-1,-1,0,0,0,0,0,0,-1,0,30,0,30,0,0,30,30,7,30,1,1,0,0,0,-1,608011156
1,1,-1,1,0,0,0,0,16,1,0,0,25,0,21,1,101,-1,0,0,0,0,0,25,0,0,-1,-1,-1,-1,0,0,0,0,0,0,-1,0,0,-1,-1,-1,-1,0,0,0,0,0,0,-1,0,365,0,365,0,0,365,365,30,365,1,1,0,0,0,-1,608011156
1,1,-1,1,0,0,0,0,16,1,0,0,25,0,22,1,314,410,0,0,0,0,0,25,0,0,-1,-1,-1,-1,0,0,0,0,0,0,-1,0,0,-1,-1,-1,-1,0,0,0,0,0,0,-1,0,30,0,30,0,0,30,30,7,30,1,1,0,0,0,-1,608011156
1,1,-1,1,0,0,0,0,16,1,0,0,25,0,22,3,116,312,0,0,0,0,0,25,0,0,-1,-1,-1,-1,0,0,0,0,0,0,-1,0,0,-1,-1,-1,-1,0,0,0,0,0,0,-1,0,30,0,30,0,0,30,30,90,90,1,1,0,0,0,-1,608011156
1,1,-1,1,0,0,0,0,17,1,0,0,25,0,21,3,116,-1,0,0,0,0,0,25,0,0,-1,-1,-1,-1,0,0,0,0,0,0,-1,0,0,-1,-1,-1,-1,0,0,0,0,0,0,-1,0,365,0,365,0,0,365,365,0,365,1,1,0,0,0,-1,608011156
1,1,-1,1,0,0,0,0,17,1,0,0,25,0,22,1,116,116,0,0,0,0,0,25,0,0,-1,-1,-1,-1,0,0,0,0,0,0,-1,0,0,-1,-1,-1,-1,0,0,0,0,0,0,-1,0,90,0,90,0,0,90,90,7,90,1,1,0,0,0,-1,608011156
1,1,-1,1,0,0,0,0,23,1,0,0,25,0,0,-1,-1,-1,0,0,0,0,0,-1,0,21,1,1,116,-1,60,0,0,0,0,0,25,0,0,-1,-1,-1,-1,0,0,0,0,0,0,-1,0,0,0,0,60,365,365,60,365,365,4,0,1,0,0,-1,608011156
1,1,-1,1,0,0,0,0,23,1,0,0,25,0,22,1,335,422,0,0,0,0,0,25,0,0,-1,-1,-1,-1,0,0,0,0,0,0,-1,0,0,-1,-1,-1,-1,0,0,0,0,0,0,-1,0,30,0,30,0,0,30,30,0,30,1,1,0,0,0,-1,608011156
1,1,-1,1,0,0,0,0,25,1,0,0,25,0,22,1,101,423,0,0,0,0,0,25,0,0,-1,-1,-1,-1,0,0,0,0,0,0,-1,0,0,-1,-1,-1,-1,0,0,0,0,0,0,-1,0,30,0,30,0,0,30,30,7,30,1,1,0,0,0,-1,608011156
1,1,-1,1,0,0,0,0,25,1,0,0,25,0,22,3,336,313,0,0,0,0,0,25,0,0,-1,-1,-1,-1,0,0,0,0,0,0,-1,0,0,-1,-1,-1,-1,0,0,0,0,0,0,-1,0,30,0,30,0,0,30,30,0,30,1,1,0,0,0,-1,608011156
1,1,-1,1,0,0,0,0,26,1,0,0,25,0,22,3,116,99,0,0,0,0,0,25,0,0,-1,-1,-1,-1,0,0,0,0,0,0,-1,0,0,-1,-1,-1,-1,0,0,0,0,0,0,-1,0,60,0,60,0,0,60,60,60,90,1,1,0,0,0,-1,608011156
1,1,-1,1,0,0,0,0,26,1,0,0,55,0,21,3,118,-1,0,0,0,0,0,55,0,0,-1,-1,-1,-1,0,0,0,0,0,0,-1,0,0,-1,-1,-1,-1,0,0,0,0,0,0,-1,0,365,0,365,0,0,365,365,0,365,1,1,0,0,0,-1,608011156
1,1,-1,1,0,0,0,0,34,1,0,0,25,0,22,1,99,99,0,0,0,0,0,25,0,0,-1,-1,-1,-1,0,0,0,0,0,0,-1,0,0,-1,-1,-1,-1,0,0,0,0,0,0,-1,0,7,0,7,0,0,7,7,60,90,1,1,0,0,0,-1,608011156
1,1,-1,1,0,0,0,0,34,1,0,0,25,0,22,1,336,422,0,0,0,0,0,25,0,0,-1,-1,-1,-1,0,0,0,0,0,0,-1,0,0,-1,-1,-1,-1,0,0,0,0,0,0,-1,0,30,0,30,0,0,30,30,7,30,1,1,0,0,0,-1,608011156
1,1,-1,1,0,0,0,0,35,1,0,0,24,0,21,1,336,-1,0,0,0,0,0,24,0,0,-1,-1,-1,-1,0,0,0,0,0,0,-1,0,0,-1,-1,-1,-1,0,0,0,0,0,0,-1,0,90,0,90,0,0,90,90,7,90,1,1,0,0,0,-1,608011156
1,1,-1,1,0,0,0,0,35,1,0,0,24,0,22,1,101,423,0,0,0,0,0,24,0,0,-1,-1,-1,-1,0,0,0,0,0,0,-1,0,0,-1,-1,-1,-1,0,0,0,0,0,0,-1,0,30,0,30,0,0,30,30,0,30,1,1,0,0,0,-1,608011156
1,1,-1,1,0,0,0,0,35,1,0,0,25,0,0,-1,-1,-1,0,0,0,0,0,-1,0,21,1,1,101,-1,7,0,0,0,0,0,25,0,0,-1,-1,-1,-1,0,0,0,0,0,0,-1,0,0,0,0,7,180,180,7,30,30,4,0,1,0,0,-1,608011156
1,1,-1,1,0,0,0,0,35,1,0,0,25,0,21,1,116,-1,0,0,0,0,0,25,0,0,-1,-1,-1,-1,0,0,0,0,0,0,-1,0,0,-1,-1,-1,-1,0,0,0,0,0,0,-1,0,90,0,90,0,0,90,90,30,90,1,1,0,0,0,-1,608011156
1,1,-1,1,0,0,0,0,35,1,0,0,25,0,21,1,335,-1,0,0,0,0,0,25,0,0,-1,-1,-1,-1,0,0,0,0,0,0,-1,0,0,-1,-1,-1,-1,0,0,0,0,0,0,-1,0,180,0,180,0,0,180,180,30,180,1,1,0,0,0,-1,608011156
2,1,-1,1,0,0,0,0,35,1,0,0,25,0,22,1,116,99,0,0,0,0,0,25,0,0,-1,-1,-1,-1,0,0,0,0,0,0,-1,0,0,-1,-1,-1,-1,0,0,0,0,0,0,-1,0,30,0,30,0,0,30,30,7,30,1,1,0,0,0,-1,608011156
1,1,-1,1,0,0,0,0,35,1,0,0,25,0,22,1,411,99,0,0,0,0,0,25,0,0,-1,-1,-1,-1,0,0,0,0,0,0,-1,0,0,-1,-1,-1,-1,0,0,0,0,0,0,-1,0,60,0,60,0,0,60,60,90,180,1,1,0,0,0,-1,608011156
1,1,-1,1,0,0,0,0,36,1,0,0,18,0,22,1,336,99,0,0,0,0,0,18,0,0,-1,-1,-1,-1,0,0,0,0,0,0,-1,0,0,-1,-1,-1,-1,0,0,0,0,0,0,-1,0,30,0,30,0,0,30,30,0,30,1,1,0,0,0,-1,608011156
1,1,-1,1,0,0,0,0,36,1,0,0,24,0,22,1,116,101,0,0,0,0,0,24,0,0,-1,-1,-1,-1,0,0,0,0,0,0,-1,0,0,-1,-1,-1,-1,0,0,0,0,0,0,-1,0,30,0,30,0,0,30,30,0,30,1,1,0,0,0,-1,608011156
1,1,-1,1,0,0,0,0,36,1,0,0,25,0,22,1,116,422,0,0,0,0,0,25,0,0,-1,-1,-1,-1,0,0,0,0,0,0,-1,0,0,-1,-1,-1,-1,0,0,0,0,0,0,-1,0,30,0,30,0,0,30,30,0,30,1,1,0,0,0,-1,608011156
1,1,-1,1,0,0,0,0,36,1,0,0,25,0,22,1,335,314,0,0,0,0,0,25,0,0,-1,-1,-1,-1,0,0,0,0,0,0,-1,0,0,-1,-1,-1,-1,0,0,0,0,0,0,-1,0,30,0,30,0,0,30,30,30,30,1,1,0,0,0,-1,608011156
1,1,-1,1,0,0,0,0,36,1,0,0,25,0,22,1,336,99,0,0,0,0,0,25,0,0,-1,-1,-1,-1,0,0,0,0,0,0,-1,0,0,-1,-1,-1,-1,0,0,0,0,0,0,-1,0,30,0,30,0,0,30,30,7,60,1,1,0,0,0,-1,608011156
1,1,-1,1,0,0,0,0,37,1,0,0,25,0,22,1,99,99,0,0,0,0,0,25,0,0,-1,-1,-1,-1,0,0,0,0,0,0,-1,0,0,-1,-1,-1,-1,0,0,0,0,0,0,-1,0,7,0,7,0,0,7,7,180,180,1,1,0,0,0,-1,608011156
1,1,-1,1,0,0,0,0,37,1,0,0,55,0,22,1,99,99,0,0,0,0,0,55,0,0,-1,-1,-1,-1,0,0,0,0,0,0,-1,0,0,-1,-1,-1,-1,0,0,0,0,0,0,-1,0,7,0,7,0,0,7,7,60,60,1,1,0,0,0,-1,608011156
1,1,-1,1,0,0,0,0,47,1,0,0,25,0,22,1,116,410,0,0,0,0,0,25,0,0,-1,-1,-1,-1,0,0,0,0,0,0,-1,0,0,-1,-1,-1,-1,0,0,0,0,0,0,-1,0,60,0,60,0,0,60,60,30,60,1,1,0,0,0,-1,608011156
1,1,-1,1,0,0,0,0,47,1,0,0,55,0,22,3,410,410,0,0,0,0,0,55,0,0,-1,-1,-1,-1,0,0,0,0,0,0,-1,0,0,-1,-1,-1,-1,0,0,0,0,0,0,-1,0,30,0,30,0,0,30,30,0,30,1,1,0,0,0,-1,608011156
1,1,-1,1,0,0,0,0,56,1,0,0,18,0,21,1,215,-1,0,0,0,0,0,18,0,21,0,1,101,-1,180,0,0,0,0,0,18,0,0,-1,-1,-1,-1,0,0,0,0,0,0,-1,0,365,0,365,0,0,365,365,0,365,5,1,0,0,0,-1,608011156
1,1,-1,1,0,0,0,0,56,1,0,0,24,0,22,1,101,423,0,0,0,0,0,24,0,0,-1,-1,-1,-1,0,0,0,0,0,0,-1,0,0,-1,-1,-1,-1,0,0,0,0,0,0,-1,0,30,0,30,0,0,30,30,0,30,1,1,0,0,0,-1,608011156
1,1,-1,1,0,0,0,0,56,1,0,0,25,0,0,-1,-1,-1,0,0,0,0,0,-1,0,21,1,1,101,-1,7,0,0,0,0,0,25,0,0,-1,-1,-1,-1,0,0,0,0,0,0,-1,0,0,0,0,7,365,365,7,0,7,4,0,1,0,0,-1,608011156
1,1,-1,1,0,0,0,0,56,1,0,0,25,0,21,1,99,-1,0,0,0,0,0,25,0,0,-1,-1,-1,-1,0,0,0,0,0,0,-1,0,0,-1,-1,-1,-1,0,0,0,0,0,0,-1,0,30,0,30,0,0,30,30,30,30,1,1,0,0,0,-1,608011156
1,1,-1,1,0,0,0,0,56,1,0,0,25,0,21,1,116,-1,0,0,0,0,0,25,0,0,-1,-1,-1,-1,0,0,0,0,0,0,-1,0,0,-1,-1,-1,-1,0,0,0,0,0,0,-1,0,7,0,7,0,0,7,7,30,30,1,1,0,0,0,-1,608011156
1,1,-1,1,0,0,0,0,56,1,0,0,25,0,22,1,116,116,0,0,0,0,0,25,0,0,-1,-1,-1,-1,0,0,0,0,0,0,-1,0,0,-1,-1,-1,-1,0,0,0,0,0,0,-1,0,30,0,30,0,0,30,30,30,60,1,1,0,0,0,-1,608011156
1,1,-1,1,0,0,0,0,56,1,0,0,25,0,22,1,116,410,0,0,0,0,0,25,0,0,-1,-1,-1,-1,0,0,0,0,0,0,-1,0,0,-1,-1,-1,-1,0,0,0,0,0,0,-1,0,60,0,60,0,0,60,60,180,365,1,1,0,0,0,-1,608011156
1,1,-1,1,0,0,0,0,56,1,0,0,25,0,22,1,206,423,0,0,0,0,0,25,0,0,-1,-1,-1,-1,0,0,0,0,0,0,-1,0,0,-1,-1,-1,-1,0,0,0,0,0,0,-1,0,90,0,90,0,0,90,90,0,90,1,1,0,0,0,-1,608011156
1,1,-1,1,0,0,0,0,56,1,0,0,25,0,22,1,314,423,0,0,0,0,0,25,0,0,-1,-1,-1,-1,0,0,0,0,0,0,-1,0,0,-1,-1,-1,-1,0,0,0,0,0,0,-1,0,30,0,30,0,0,30,30,0,30,1,1,0,0,0,-1,608011156
1,1,-1,1,0,0,0,0,56,1,0,0,25,0,22,1,336,312,0,0,0,0,0,25,0,0,-1,-1,-1,-1,0,0,0,0,0,0,-1,0,0,-1,-1,-1,-1,0,0,0,0,0,0,-1,0,30,0,30,0,0,30,30,0,30,1,1,0,0,0,-1,608011156
1,1,-1,1,0,0,0,0,56,1,0,0,25,0,22,1,336,314,0,0,0,0,0,25,0,0,-1,-1,-1,-1,0,0,0,0,0,0,-1,0,0,-1,-1,-1,-1,0,0,0,0,0,0,-1,0,30,0,30,0,0,30,30,0,30,1,1,0,0,0,-1,608011156
1,1,-1,1,0,0,0,0,56,1,0,0,25,0,22,1,410,423,0,0,0,0,0,25,0,0,-1,-1,-1,-1,0,0,0,0,0,0,-1,0,0,-1,-1,-1,-1,0,0,0,0,0,0,-1,0,30,0,30,0,0,30,30,0,30,1,1,0,0,0,-1,608011156
1,1,-1,1,0,0,0,0,56,1,0,0,25,0,22,3,116,99,0,0,0,0,0,25,0,0,-1,-1,-1,-1,0,0,0,0,0,0,-1,0,0,-1,-1,-1,-1,0,0,0,0,0,0,-1,0,30,0,30,0,0,30,30,7,30,1,1,0,0,0,-1,608011156
1,1,-1,1,0,0,0,0,56,1,0,0,25,0,22,3,336,98,0,0,0,0,0,25,0,0,-1,-1,-1,-1,0,0,0,0,0,0,-1,0,0,-1,-1,-1,-1,0,0,0,0,0,0,-1,0,30,0,30,0,0,30,30,0,30,1,1,0,0,0,-1,608011156
1,1,-1,1,0,0,0,0,56,1,0,0,25,0,22,3,336,422,0,0,0,0,0,25,0,0,-1,-1,-1,-1,0,0,0,0,0,0,-1,0,0,-1,-1,-1,-1,0,0,0,0,0,0,-1,0,30,0,30,0,0,30,30,0,30,1,1,0,0,0,-1,608011156
1,1,-1,1,0,0,0,0,56,1,0,0,25,0,22,3,410,98,0,0,0,0,0,25,0,0,-1,-1,-1,-1,0,0,0,0,0,0,-1,0,0,-1,-1,-1,-1,0,0,0,0,0,0,-1,0,30,0,30,0,0,30,30,0,30,1,1,0,0,0,-1,608011156
1,1,-1,1,0,0,0,0,56,1,0,0,25,0,22,3,420,99,0,0,0,0,0,25,0,0,-1,-1,-1,-1,0,0,0,0,0,0,-1,0,0,-1,-1,-1,-1,0,0,0,0,0,0,-1,0,30,0,30,0,0,30,30,0,30,1,1,0,0,0,-1,608011156
1,1,-1,1,0,0,0,0,56,1,0,0,55,0,22,1,116,99,0,0,0,0,0,55,0,0,-1,-1,-1,-1,0,0,0,0,0,0,-1,0,0,-1,-1,-1,-1,0,0,0,0,0,0,-1,0,30,0,30,0,0,30,30,0,30,1,1,0,0,0,-1,608011156
1,1,-1,1,0,0,0,0,56,1,0,0,55,0,22,1,116,431,0,0,0,0,0,55,0,21,1,1,116,-1,7,0,0,0,0,0,55,0,0,-1,-1,-1,-1,0,0,0,0,0,0,-1,0,0,0,0,7,365,365,7,180,180,12,1,1,0,0,-1,608011156
1,1,-1,1,0,0,0,0,56,1,0,0,55,0,22,1,336,99,0,0,0,0,0,55,0,0,-1,-1,-1,-1,0,0,0,0,0,0,-1,0,0,-1,-1,-1,-1,0,0,0,0,0,0,-1,0,30,0,30,0,0,30,30,7,30,1,1,0,0,0,-1,608011156
1,1,-1,1,0,0,0,0,56,1,0,0,55,0,22,3,116,410,0,0,0,0,0,55,0,0,-1,-1,-1,-1,0,0,0,0,0,0,-1,0,0,-1,-1,-1,-1,0,0,0,0,0,0,-1,0,90,0,90,0,0,90,90,0,90,1,1,0,0,0,-1,608011156
1,1,-1,1,0,0,0,0,56,2,0,0,25,0,22,3,314,98,0,0,0,0,0,25,0,0,-1,-1,-1,-1,0,0,0,0,0,0,-1,0,0,-1,-1,-1,-1,0,0,0,0,0,0,-1,0,30,0,30,0,0,30,30,30,30,1,1,0,0,0,-1,608011156
1,1,-1,1,0,0,0,0,56,2,0,0,25,0,22,3,314,410,0,0,0,0,0,25,0,0,-1,-1,-1,-1,0,0,0,0,0,0,-1,0,0,-1,-1,-1,-1,0,0,0,0,0,0,-1,0,30,0,30,0,0,30,30,7,30,1,1,0,0,12,0,608011156
1,1,-1,1,0,0,0,0,57,1,0,0,25,0,21,1,314,-1,0,0,0,0,0,25,0,0,-1,-1,-1,-1,0,0,0,0,0,0,-1,0,0,-1,-1,-1,-1,0,0,0,0,0,0,-1,0,180,0,180,0,0,180,180,30,180,1,1,0,0,0,-1,608011156
1,1,-1,1,0,0,0,0,57,1,0,0,25,0,21,3,116,-1,0,0,0,0,0,25,0,0,-1,-1,-1,-1,0,0,0,0,0,0,-1,0,0,-1,-1,-1,-1,0,0,0,0,0,0,-1,0,180,0,180,0,0,180,180,60,180,1,1,0,0,0,-1,608011156
1,1,-1,1,0,0,0,0,98,1,0,0,25,0,22,1,314,99,0,0,0,0,0,25,0,0,-1,-1,-1,-1,0,0,0,0,0,0,-1,0,0,-1,-1,-1,-1,0,0,0,0,0,0,-1,0,30,0,30,0,0,30,30,0,30,1,1,0,0,0,-1,608011156
1,1,-1,1,0,0,0,0,98,1,0,0,25,0,22,1,336,423,0,0,0,0,0,25,0,0,-1,-1,-1,-1,0,0,0,0,0,0,-1,0,0,-1,-1,-1,-1,0,0,0,0,0,0,-1,0,90,0,90,0,0,90,90,7,180,1,1,0,0,0,-1,608011156
1,1,-1,1,0,0,0,0,99,1,0,0,25,0,22,1,101,422,0,0,0,0,0,25,0,0,-1,-1,-1,-1,0,0,0,0,0,0,-1,0,0,-1,-1,-1,-1,0,0,0,0,0,0,-1,0,30,0,30,0,0,30,30,90,90,1,1,0,0,0,-1,608011156
1,1,-1,1,0,0,0,0,123,1,0,0,25,0,22,3,116,99,0,0,0,0,0,25,0,0,-1,-1,-1,-1,0,0,0,0,0,0,-1,0,0,-1,-1,-1,-1,0,0,0,0,0,0,-1,0,30,0,30,0,0,30,30,180,180,1,1,0,0,0,-1,608011156
1,1,-1,1,0,0,0,0,124,1,0,0,25,0,0,-1,-1,-1,0,0,0,0,0,-1,0,22,1,1,101,422,7,0,0,0,0,0,25,0,0,-1,-1,-1,-1,0,0,0,0,0,0,-1,0,0,0,0,7,365,365,7,60,60,4,0,1,0,0,-1,608011156
1,1,-1,1,0,0,0,0,124,1,0,0,25,0,22,1,116,423,0,0,0,0,0,25,0,0,-1,-1,-1,-1,0,0,0,0,0,0,-1,0,0,-1,-1,-1,-1,0,0,0,0,0,0,-1,0,180,0,180,0,0,180,180,0,180,1,1,0,0,0,-1,608011156
1,1,-1,1,0,0,0,0,124,1,0,0,25,0,22,1,207,99,0,0,0,0,0,25,0,21,1,1,116,-1,30,0,0,0,0,0,25,0,0,-1,-1,-1,-1,0,0,0,0,0,0,-1,0,180,0,180,30,90,365,180,180,365,5,1,1,0,0,-1,608011156
1,1,-1,1,0,0,0,0,126,1,0,0,25,0,22,1,314,422,0,0,0,0,0,25,0,0,-1,-1,-1,-1,0,0,0,0,0,0,-1,0,0,-1,-1,-1,-1,0,0,0,0,0,0,-1,0,30,0,30,0,0,30,30,0,30,1,1,0,0,0,-1,608011156
1,1,-1,1,0,0,0,0,134,1,0,0,24,0,22,1,314,99,0,0,0,0,0,24,0,0,-1,-1,-1,-1,0,0,0,0,0,0,-1,0,0,-1,-1,-1,-1,0,0,0,0,0,0,-1,0,30,0,30,0,0,30,30,0,30,1,1,0,0,0,-1,608011156
1,1,-1,1,0,0,0,0,134,1,0,0,25,0,22,1,314,410,0,0,0,0,0,25,0,0,-1,-1,-1,-1,0,0,0,0,0,0,-1,0,0,-1,-1,-1,-1,0,0,0,0,0,0,-1,0,60,0,60,0,0,60,60,7,60,1,1,0,0,0,-1,608011156
1,1,-1,1,0,0,0,0,135,1,0,0,25,0,0,-1,-1,-1,0,0,0,0,0,-1,0,21,1,3,116,-1,0,0,0,0,0,0,25,0,0,-1,-1,-1,-1,0,0,0,0,0,0,-1,0,0,0,0,0,180,180,0,30,30,4,0,1,0,0,-1,608011156
1,1,-1,1,0,0,0,0,135,1,0,0,55,0,22,1,116,116,0,0,0,0,0,55,0,0,-1,-1,-1,-1,0,0,0,0,0,0,-1,0,0,-1,-1,-1,-1,0,0,0,0,0,0,-1,0,60,0,60,0,0,60,60,30,60,1,1,0,0,0,-1,608011156
1,1,-1,1,0,0,0,0,136,1,0,0,25,0,21,1,410,-1,0,0,0,0,0,25,0,0,-1,-1,-1,-1,0,0,0,0,0,0,-1,0,0,-1,-1,-1,-1,0,0,0,0,0,0,-1,0,90,0,90,0,0,90,90,0,90,1,1,0,0,0,-1,608011156
1,1,-1,1,0,0,0,0,137,1,0,0,55,0,21,1,336,-1,0,0,0,0,0,55,0,0,-1,-1,-1,-1,0,0,0,0,0,0,-1,0,0,-1,-1,-1,-1,0,0,0,0,0,0,-1,0,180,0,180,0,0,180,180,30,180,1,1,0,0,0,-1,608011156
1,1,-1,1,0,0,0,0,147,1,0,0,25,0,0,-1,-1,-1,0,0,0,0,0,-1,0,21,1,3,116,-1,7,0,0,0,0,0,25,0,0,-1,-1,-1,-1,0,0,0,0,0,0,-1,0,0,0,0,7,180,180,7,60,60,4,0,1,0,0,-1,608011156
1,1,-1,1,0,0,0,0,147,1,0,0,25,0,22,3,98,99,0,0,0,0,0,25,0,0,-1,-1,-1,-1,0,0,0,0,0,0,-1,0,0,-1,-1,-1,-1,0,0,0,0,0,0,-1,0,30,0,30,0,0,30,30,0,30,1,1,0,0,0,-1,608011156
1,1,-1,1,0,0,0,0,147,2,0,0,25,0,0,-1,-1,-1,0,0,0,0,0,-1,0,22,1,1,116,410,7,0,0,0,0,0,25,0,0,-1,-1,-1,-1,0,0,0,0,0,0,-1,0,0,0,0,7,180,180,7,90,90,4,0,1,0,0,-1,608011156
1,1,-1,1,0,0,0,0,156,1,0,0,25,0,22,1,116,99,0,0,0,0,0,25,0,0,-1,-1,-1,-1,0,0,0,0,0,0,-1,0,0,-1,-1,-1,-1,0,0,0,0,0,0,-1,0,30,0,30,0,0,30,30,7,30,1,1,0,0,0,-1,608011156
1,1,-1,1,0,0,0,0,157,1,0,0,25,0,22,1,336,312,0,0,0,0,0,25,0,0,-1,-1,-1,-1,0,0,0,0,0,0,-1,0,0,-1,-1,-1,-1,0,0,0,0,0,0,-1,0,30,0,30,0,0,30,30,0,30,1,1,0,0,0,-1,608011156
1,1,-1,1,0,0,0,0,167,1,0,0,55,0,21,3,118,-1,0,0,0,0,0,55,0,0,-1,-1,-1,-1,0,0,0,0,0,0,-1,0,0,-1,-1,-1,-1,0,0,0,0,0,0,-1,0,365,0,365,0,0,365,365,0,365,1,1,0,0,0,-1,608011156
1,1,-1,1,0,0,0,0,234,1,0,0,18,0,0,-1,-1,-1,0,0,0,0,0,-1,0,21,1,3,116,-1,30,0,0,0,0,0,18,0,0,-1,-1,-1,-1,0,0,0,0,0,0,-1,0,0,0,0,30,365,365,30,60,90,4,0,1,0,0,-1,608011156
1,1,-1,1,0,0,0,0,234,1,0,0,25,0,0,-1,-1,-1,0,0,0,0,0,-1,0,21,0,3,116,-1,365,0,0,0,0,0,25,0,0,-1,-1,-1,-1,0,0,0,0,0,0,-1,0,0,0,0,365,0,365,365,30,365,4,0,0,0,0,-1,608011156
1,1,-1,1,0,0,0,0,234,1,0,0,25,0,22,3,99,422,0,0,0,0,0,25,0,0,-1,-1,-1,-1,0,0,0,0,0,0,-1,0,0,-1,-1,-1,-1,0,0,0,0,0,0,-1,0,30,0,30,0,0,30,30,0,30,1,1,0,0,0,-1,608011156
1,1,-1,1,0,0,0,0,234,1,0,0,25,0,22,3,410,410,0,0,0,0,0,25,0,0,-1,-1,-1,-1,0,0,0,0,0,0,-1,0,0,-1,-1,-1,-1,0,0,0,0,0,0,-1,0,90,0,90,0,0,90,90,0,90,1,1,0,0,0,-1,608011156
1,1,-1,1,0,0,0,0,235,1,0,0,18,0,22,1,335,314,0,0,0,0,0,18,0,0,-1,-1,-1,-1,0,0,0,0,0,0,-1,0,0,-1,-1,-1,-1,0,0,0,0,0,0,-1,0,30,0,30,0,0,30,30,30,60,1,1,0,0,0,-1,608011156
1,1,-1,1,0,0,0,0,235,1,0,0,25,0,22,3,314,116,0,0,0,0,0,25,0,0,-1,-1,-1,-1,0,0,0,0,0,0,-1,0,0,-1,-1,-1,-1,0,0,0,0,0,0,-1,0,30,0,30,0,0,30,30,7,30,1,1,0,0,0,-1,608011156
1,1,-1,1,0,0,0,0,236,1,0,0,25,0,22,1,101,99,0,0,0,0,0,25,0,0,-1,-1,-1,-1,0,0,0,0,0,0,-1,0,0,-1,-1,-1,-1,0,0,0,0,0,0,-1,0,30,0,30,0,0,30,30,0,30,1,1,0,0,0,-1,608011156
1,1,-1,1,0,0,0,0,236,1,0,0,25,0,22,1,116,99,0,0,0,0,0,25,0,0,-1,-1,-1,-1,0,0,0,0,0,0,-1,0,0,-1,-1,-1,-1,0,0,0,0,0,0,-1,0,90,0,90,0,0,90,90,7,90,1,1,0,0,0,-1,608011156
1,1,-1,1,0,0,0,0,237,1,0,0,55,0,0,-1,-1,-1,0,0,0,0,0,-1,0,22,1,3,101,431,7,0,0,0,0,0,55,0,0,-1,-1,-1,-1,0,0,0,0,0,0,-1,0,0,0,0,7,30,30,7,7,30,4,0,1,0,0,-1,608011156
1,1,-1,1,0,0,0,0,245,1,0,0,25,0,22,1,314,314,0,0,0,0,0,25,0,0,-1,-1,-1,-1,0,0,0,0,0,0,-1,0,0,-1,-1,-1,-1,0,0,0,0,0,0,-1,0,60,0,60,0,0,60,60,0,60,1,1,0,0,0,-1,608011156
1,1,-1,1,0,0,0,0,256,1,0,0,18,0,22,1,116,101,0,0,0,0,0,18,0,0,-1,-1,-1,-1,0,0,0,0,0,0,-1,0,0,-1,-1,-1,-1,0,0,0,0,0,0,-1,0,60,0,60,0,0,60,60,7,60,1,1,0,0,0,-1,608011156
1,1,-1,1,0,0,0,0,267,1,0,0,18,0,21,1,116,-1,0,0,0,0,0,18,0,0,-1,-1,-1,-1,0,0,0,0,0,0,-1,0,0,-1,-1,-1,-1,0,0,0,0,0,0,-1,0,30,0,30,0,0,30,30,365,365,1,1,0,0,0,-1,608011156
1,1,-1,1,0,0,0,0,267,1,0,0,25,0,22,1,116,423,0,0,0,0,0,25,0,0,-1,-1,-1,-1,0,0,0,0,0,0,-1,0,0,-1,-1,-1,-1,0,0,0,0,0,0,-1,0,90,0,90,0,0,90,90,365,365,1,1,0,0,0,-1,608011156
1,1,-1,1,0,0,0,0,267,1,0,0,25,0,22,1,118,99,0,0,0,0,0,25,0,0,-1,-1,-1,-1,0,0,0,0,0,0,-1,0,0,-1,-1,-1,-1,0,0,0,0,0,0,-1,0,30,0,30,0,0,30,30,60,90,1,1,0,0,0,-1,608011156
1,1,-1,1,0,0,0,0,345,1,0,0,25,0,0,-1,-1,-1,0,0,0,0,0,-1,0,0,-1,-1,-1,-1,0,0,0,0,0,0,-1,0,0,-1,-1,-1,-1,0,0,0,0,0,0,-1,0,0,0,0,0,0,0,0,0,0,12,0,0,0,22,1,608011156
1,1,-1,1,0,0,0,0,345,1,0,0,25,0,22,1,99,99,0,0,0,0,0,25,0,0,-1,-1,-1,-1,0,0,0,0,0,0,-1,0,0,-1,-1,-1,-1,0,0,0,0,0,0,-1,0,60,0,60,0,0,60,60,180,365,1,1,0,0,0,-1,608011156
1,1,-1,1,0,0,0,0,347,1,0,0,25,0,22,3,314,313,0,0,0,0,0,25,0,0,-1,-1,-1,-1,0,0,0,0,0,0,-1,0,0,-1,-1,-1,-1,0,0,0,0,0,0,-1,0,30,0,30,0,0,30,30,0,30,1,1,0,0,0,-1,608011156
1,1,-1,1,0,0,0,0,367,1,0,0,18,0,21,3,118,-1,0,0,0,0,0,18,0,0,-1,-1,-1,-1,0,0,0,0,0,0,-1,0,0,-1,-1,-1,-1,0,0,0,0,0,0,-1,0,365,0,365,0,0,365,365,0,365,1,1,0,0,0,-1,608011156
1,1,-1,1,0,0,0,0,367,1,0,0,25,0,0,-1,-1,-1,0,0,0,0,0,-1,0,22,0,3,116,99,180,0,0,0,0,0,25,0,0,-1,-1,-1,-1,0,0,0,0,0,0,-1,0,0,0,0,180,0,180,180,60,180,4,0,0,0,0,-1,608011156
1,1,-1,1,0,0,0,0,467,1,0,0,18,0,22,3,434,422,0,0,0,0,0,18,0,0,-1,-1,-1,-1,0,0,0,0,0,0,-1,0,0,-1,-1,-1,-1,0,0,0,0,0,0,-1,0,60,0,60,0,0,60,60,0,60,1,1,0,0,0,-1,608011156
1,1,-1,1,0,0,0,0,467,1,0,0,24,0,22,1,116,423,0,0,0,0,0,24,0,0,-1,-1,-1,-1,0,0,0,0,0,0,-1,0,0,-1,-1,-1,-1,0,0,0,0,0,0,-1,0,30,0,30,0,0,30,30,0,30,1,1,0,0,0,-1,608011156
1,1,-1,1,0,0,0,0,567,1,0,0,25,0,21,3,314,-1,0,0,0,0,0,25,0,0,-1,-1,-1,-1,0,0,0,0,0,0,-1,0,0,-1,-1,-1,-1,0,0,0,0,0,0,-1,0,90,0,90,0,0,90,90,90,180,1,1,0,0,0,-1,608011156
1,1,-1,1,0,0,0,1,3,1,0,0,18,0,22,1,101,431,0,0,0,1,0,18,0,0,-1,-1,-1,-1,0,0,0,0,0,0,-1,0,0,-1,-1,-1,-1,0,0,0,0,0,0,-1,0,90,0,90,0,0,90,90,90,180,1,1,0,0,0,-1,608011156
1,1,-1,1,0,0,0,1,3,1,0,0,18,0,22,1,116,99,0,0,0,1,0,18,0,0,-1,-1,-1,-1,0,0,0,0,0,0,-1,0,0,-1,-1,-1,-1,0,0,0,0,0,0,-1,0,30,0,30,0,0,30,30,0,30,1,1,0,0,0,-1,608011156
1,1,-1,1,0,0,0,1,3,1,0,0,24,0,22,1,101,423,0,0,0,1,0,24,0,0,-1,-1,-1,-1,0,0,0,0,0,0,-1,0,0,-1,-1,-1,-1,0,0,0,0,0,0,-1,0,60,0,60,0,0,60,60,30,90,1,1,0,0,0,-1,608011156
1,1,-1,1,0,0,0,1,3,1,0,0,24,0,22,1,116,99,0,0,0,1,0,24,0,0,-1,-1,-1,-1,0,0,0,0,0,0,-1,0,0,-1,-1,-1,-1,0,0,0,0,0,0,-1,0,30,0,30,0,0,30,30,7,30,1,1,0,0,0,-1,608011156
1,1,-1,1,0,0,0,1,3,1,0,0,24,0,22,3,101,98,0,0,0,1,0,24,0,0,-1,-1,-1,-1,0,0,0,0,0,0,-1,0,0,-1,-1,-1,-1,0,0,0,0,0,0,-1,0,30,0,30,0,0,30,30,0,30,1,1,0,0,0,-1,608011156
1,1,-1,1,0,0,0,1,3,1,0,0,25,0,21,3,314,-1,0,0,0,1,0,25,0,0,-1,-1,-1,-1,0,0,0,0,0,0,-1,0,0,-1,-1,-1,-1,0,0,0,0,0,0,-1,0,180,0,180,0,0,180,180,90,180,1,1,0,0,0,-1,608011156
1,1,-1,1,0,0,0,1,3,1,0,0,25,0,22,1,116,99,0,0,0,1,0,25,0,0,-1,-1,-1,-1,0,0,0,0,0,0,-1,0,0,-1,-1,-1,-1,0,0,0,0,0,0,-1,0,30,0,30,0,0,30,30,30,30,1,1,0,0,0,-1,608011156
1,1,-1,1,0,0,0,1,3,1,0,0,25,0,22,1,116,116,0,0,0,1,0,25,0,0,-1,-1,-1,-1,0,0,0,0,0,0,-1,0,0,-1,-1,-1,-1,0,0,0,0,0,0,-1,0,30,0,30,0,0,30,30,0,30,1,1,0,0,0,-1,608011156
1,1,-1,1,0,0,0,1,3,1,0,0,25,0,22,1,116,312,0,0,0,1,0,25,0,0,-1,-1,-1,-1,0,0,0,0,0,0,-1,0,0,-1,-1,-1,-1,0,0,0,0,0,0,-1,0,30,0,30,0,0,30,30,30,60,1,1,0,0,0,-1,608011156
1,1,-1,1,0,0,0,1,3,1,0,0,25,0,22,1,206,101,0,0,0,1,0,25,0,0,-1,-1,-1,-1,0,0,0,0,0,0,-1,0,0,-1,-1,-1,-1,0,0,0,0,0,0,-1,0,60,0,60,0,0,60,60,7,60,1,1,0,0,0,-1,608011156
1,1,-1,1,0,0,0,1,3,1,0,0,25,0,22,1,206,410,0,0,0,1,0,25,0,0,-1,-1,-1,-1,0,0,0,0,0,0,-1,0,0,-1,-1,-1,-1,0,0,0,0,0,0,-1,0,30,0,30,0,0,30,30,0,30,1,1,0,0,0,-1,608011156
1,1,-1,1,0,0,0,1,3,1,0,0,25,0,22,1,314,410,0,0,0,1,0,25,0,0,-1,-1,-1,-1,0,0,0,0,0,0,-1,0,0,-1,-1,-1,-1,0,0,0,0,0,0,-1,0,90,0,90,0,0,90,90,30,180,1,1,0,0,0,-1,608011156
1,1,-1,1,0,0,0,1,3,1,0,0,25,0,22,3,336,313,0,0,0,1,0,25,0,0,-1,-1,-1,-1,0,0,0,0,0,0,-1,0,0,-1,-1,-1,-1,0,0,0,0,0,0,-1,0,30,0,30,0,0,30,30,7,30,1,1,0,0,0,-1,608011156
1,1,-1,1,0,0,0,1,3,1,0,0,55,0,21,1,116,-1,0,0,0,1,0,55,0,0,-1,-1,-1,-1,0,0,0,0,0,0,-1,0,0,-1,-1,-1,-1,0,0,0,0,0,0,-1,0,180,0,180,0,0,180,180,7,180,1,1,0,0,0,-1,608011156
1,1,-1,1,0,0,0,1,5,1,0,0,24,0,21,1,335,-1,0,0,0,1,0,24,0,0,-1,-1,-1,-1,0,0,0,0,0,0,-1,0,0,-1,-1,-1,-1,0,0,0,0,0,0,-1,0,90,0,90,0,0,90,90,547,547,1,1,0,0,0,-1,608011156
1,1,-1,1,0,0,0,1,5,1,0,0,24,0,22,3,116,422,0,0,0,1,0,24,0,0,-1,-1,-1,-1,0,0,0,0,0,0,-1,0,0,-1,-1,-1,-1,0,0,0,0,0,0,-1,0,30,0,30,0,0,30,30,60,90,1,1,0,0,0,-1,608011156
1,1,-1,1,0,0,0,1,5,1,0,0,25,0,0,-1,-1,-1,0,0,0,0,0,-1,0,21,0,1,116,-1,365,0,0,0,1,0,25,0,0,-1,-1,-1,-1,0,0,0,0,0,0,-1,0,0,0,0,365,0,365,365,60,365,4,0,0,0,0,-1,608011156
1,1,-1,1,0,0,0,1,5,1,0,0,25,0,0,-1,-1,-1,0,0,0,0,0,-1,0,21,1,1,101,-1,60,0,0,0,1,0,25,0,0,-1,-1,-1,-1,0,0,0,0,0,0,-1,0,0,0,0,60,365,365,60,30,60,4,0,1,0,0,-1,608011156
1,1,-1,1,0,0,0,1,5,1,0,0,25,0,0,-1,-1,-1,0,0,0,0,0,-1,0,21,1,1,116,-1,30,0,0,0,1,0,25,0,0,-1,-1,-1,-1,0,0,0,0,0,0,-1,0,0,0,0,30,365,365,30,60,90,4,0,1,0,0,-1,608011156
1,1,-1,1,0,0,0,1,5,1,0,0,25,0,0,-1,-1,-1,0,0,0,0,0,-1,0,21,1,3,116,-1,7,0,0,0,1,0,25,0,0,-1,-1,-1,-1,0,0,0,0,0,0,-1,0,0,0,0,7,180,180,7,365,365,4,0,1,0,0,-1,608011156
1,1,-1,1,0,0,0,1,5,1,0,0,25,0,0,-1,-1,-1,0,0,0,0,0,-1,0,21,1,3,302,-1,0,0,0,0,1,0,25,0,0,-1,-1,-1,-1,0,0,0,0,0,0,-1,0,0,0,0,0,365,365,0,0,0,4,0,1,0,0,-1,608011156
1,1,-1,1,0,0,0,1,5,1,0,0,25,0,0,-1,-1,-1,0,0,0,0,0,-1,0,21,1,3,336,-1,0,0,0,0,1,0,25,0,0,-1,-1,-1,-1,0,0,0,0,0,0,-1,0,0,0,0,0,180,180,0,0,0,4,0,1,0,0,-1,608011156
1,1,-1,1,0,0,0,1,5,1,0,0,25,0,21,3,336,-1,0,0,0,1,0,25,0,0,-1,-1,-1,-1,0,0,0,0,0,0,-1,0,0,-1,-1,-1,-1,0,0,0,0,0,0,-1,0,90,0,90,0,0,90,90,0,90,1,1,0,0,0,-1,608011156
1,1,-1,1,0,0,0,1,5,1,0,0,25,0,22,1,116,99,0,0,0,1,0,25,0,0,-1,-1,-1,-1,0,0,0,0,0,0,-1,0,0,-1,-1,-1,-1,0,0,0,0,0,0,-1,0,60,0,60,0,0,60,60,7,60,1,1,0,0,0,-1,608011156
1,1,-1,1,0,0,0,1,5,1,0,0,25,0,22,1,116,116,0,0,0,1,0,25,0,0,-1,-1,-1,-1,0,0,0,0,0,0,-1,0,0,-1,-1,-1,-1,0,0,0,0,0,0,-1,0,30,0,30,0,0,30,30,30,30,1,1,0,0,0,-1,608011156
1,1,-1,1,0,0,0,1,5,1,0,0,25,0,22,1,206,205,0,0,0,1,0,25,0,0,-1,-1,-1,-1,0,0,0,0,0,0,-1,0,0,-1,-1,-1,-1,0,0,0,0,0,0,-1,0,30,0,30,0,0,30,30,365,365,1,1,0,0,0,-1,608011156
1,1,-1,1,0,0,0,1,5,1,0,0,25,0,22,1,336,410,0,0,0,1,0,25,0,0,-1,-1,-1,-1,0,0,0,0,0,0,-1,0,0,-1,-1,-1,-1,0,0,0,0,0,0,-1,0,60,0,60,0,0,60,60,0,60,1,1,0,0,0,-1,608011156
1,1,-1,1,0,0,0,1,5,1,0,0,25,0,22,1,336,410,0,0,0,1,0,25,0,0,-1,-1,-1,-1,0,0,0,0,0,0,-1,0,0,-1,-1,-1,-1,0,0,0,0,0,0,-1,0,180,0,180,0,0,180,180,0,180,1,1,0,0,0,-1,608011156
1,1,-1,1,0,0,0,1,5,1,0,0,25,0,22,1,410,312,0,0,0,1,0,25,0,0,-1,-1,-1,-1,0,0,0,0,0,0,-1,0,0,-1,-1,-1,-1,0,0,0,0,0,0,-1,0,30,0,30,0,0,30,30,0,30,1,1,0,0,0,-1,608011156
1,1,-1,1,0,0,0,1,5,1,0,0,25,0,22,1,410,423,0,0,0,1,0,25,0,0,-1,-1,-1,-1,0,0,0,0,0,0,-1,0,0,-1,-1,-1,-1,0,0,0,0,0,0,-1,0,30,0,30,0,0,30,30,7,30,1,1,0,0,0,-1,608011156
1,1,-1,1,0,0,0,1,5,1,0,0,25,0,22,1,410,423,0,0,0,1,0,25,0,0,-1,-1,-1,-1,0,0,0,0,0,0,-1,0,0,-1,-1,-1,-1,0,0,0,0,0,0,-1,0,60,0,60,0,0,60,60,0,60,1,1,0,0,0,-1,608011156
1,1,-1,1,0,0,0,1,5,1,0,0,25,0,22,3,314,99,0,0,0,1,0,25,0,0,-1,-1,-1,-1,0,0,0,0,0,0,-1,0,0,-1,-1,-1,-1,0,0,0,0,0,0,-1,0,60,0,60,0,0,60,60,7,60,1,1,0,0,0,-1,608011156
1,1,-1,1,0,0,0,1,5,1,0,0,25,0,22,3,410,422,0,0,0,1,0,25,0,0,-1,-1,-1,-1,0,0,0,0,0,0,-1,0,0,-1,-1,-1,-1,0,0,0,0,0,0,-1,0,30,0,30,0,0,30,30,0,30,1,1,0,0,0,-1,608011156
1,1,-1,1,0,0,0,1,5,2,0,0,25,0,22,1,116,431,0,0,0,1,0,25,0,0,-1,-1,-1,-1,0,0,0,0,0,0,-1,0,0,-1,-1,-1,-1,0,0,0,0,0,0,-1,0,60,0,60,0,0,60,60,60,90,1,1,0,0,0,-1,608011156
1,1,-1,1,0,0,0,1,5,2,0,0,25,1,22,1,101,313,0,0,0,1,0,25,1,0,-1,-1,-1,-1,0,0,0,0,0,0,-1,0,0,-1,-1,-1,-1,0,0,0,0,0,0,-1,0,30,0,30,0,0,30,30,365,365,1,1,0,0,0,-1,608011156
1,1,-1,1,0,0,0,1,16,1,0,0,25,0,0,-1,-1,-1,0,0,0,0,0,-1,0,0,-1,-1,-1,-1,0,0,0,0,0,0,-1,0,0,-1,-1,-1,-1,0,0,0,0,0,0,-1,0,0,0,0,0,0,0,0,7,7,12,0,0,0,12,2,608011156
1,1,-1,1,0,0,0,1,24,1,0,0,25,0,0,-1,-1,-1,0,0,0,0,0,-1,0,21,1,3,314,-1,30,0,0,0,1,0,25,0,0,-1,-1,-1,-1,0,0,0,0,0,0,-1,0,0,0,0,30,180,180,30,30,60,4,0,1,0,0,-1,608011156
1,1,-1,1,0,0,0,1,24,2,0,0,25,1,22,1,335,312,0,0,0,1,0,25,1,0,-1,-1,-1,-1,0,0,0,0,0,0,-1,0,0,-1,-1,-1,-1,0,0,0,0,0,0,-1,0,60,0,60,0,0,60,60,7,60,1,1,0,0,0,-1,608011156
1,1,-1,1,0,0,0,1,35,1,0,0,25,0,22,1,116,99,0,0,0,1,0,25,0,0,-1,-1,-1,-1,0,0,0,0,0,0,-1,0,0,-1,-1,-1,-1,0,0,0,0,0,0,-1,0,60,0,60,0,0,60,60,180,365,1,1,0,0,0,-1,608011156
1,1,-1,1,0,0,0,1,56,1,0,0,18,0,22,1,116,423,0,0,0,1,0,18,0,0,-1,-1,-1,-1,0,0,0,0,0,0,-1,0,0,-1,-1,-1,-1,0,0,0,0,0,0,-1,0,30,0,30,0,0,30,30,7,30,1,1,0,0,0,-1,608011156
1,1,-1,1,0,0,0,1,56,1,0,0,24,0,21,1,116,-1,0,0,0,1,0,24,0,0,-1,-1,-1,-1,0,0,0,0,0,0,-1,0,0,-1,-1,-1,-1,0,0,0,0,0,0,-1,0,30,0,30,0,0,30,30,365,365,1,1,0,0,0,-1,608011156
1,1,-1,1,0,0,0,1,124,1,0,0,25,0,22,1,116,99,0,0,0,1,0,25,0,0,-1,-1,-1,-1,0,0,0,0,0,0,-1,0,0,-1,-1,-1,-1,0,0,0,0,0,0,-1,0,30,0,30,0,0,30,30,30,60,1,1,0,0,0,-1,608011156
1,1,-1,1,0,0,0,1,235,2,0,0,25,1,21,3,116,-1,0,0,0,1,0,25,1,0,-1,-1,-1,-1,0,0,0,0,0,0,-1,0,0,-1,-1,-1,-1,0,0,0,0,0,0,-1,0,90,0,90,0,0,90,90,7,180,1,1,0,0,0,-1,608011156
1,1,-1,1,0,0,0,1,245,1,0,0,25,0,21,1,314,-1,0,0,0,1,0,25,0,0,-1,-1,-1,-1,0,0,0,0,0,0,-1,0,0,-1,-1,-1,-1,0,0,0,0,0,0,-1,0,90,0,90,0,0,90,90,0,90,1,1,0,0,0,-1,608011156
1,1,-1,1,0,0,0,1,246,1,0,0,25,0,0,-1,-1,-1,0,0,0,0,0,-1,0,22,1,3,336,431,30,0,0,0,1,0,25,0,0,-1,-1,-1,-1,0,0,0,0,0,0,-1,0,0,0,0,30,30,30,30,0,30,4,0,1,0,0,-1,608011156
1,1,-1,1,0,0,0,1,367,1,0,0,25,0,21,3,410,-1,0,0,0,1,0,25,0,0,-1,-1,-1,-1,0,0,0,0,0,0,-1,0,0,-1,-1,-1,-1,0,0,0,0,0,0,-1,0,180,0,180,0,0,180,180,7,180,1,1,0,0,0,-1,608011156
1,1,-1,1,0,0,0,2,1,1,0,0,25,0,22,3,314,313,0,0,0,2,0,25,0,0,-1,-1,-1,-1,0,0,0,0,0,0,-1,0,0,-1,-1,-1,-1,0,0,0,0,0,0,-1,0,30,0,30,0,0,30,30,7,30,1,1,0,0,0,-1,608011156
1,1,-1,1,0,0,0,2,3,1,0,0,18,0,22,1,336,422,0,0,0,2,0,18,0,0,-1,-1,-1,-1,0,0,0,0,0,0,-1,0,0,-1,-1,-1,-1,0,0,0,0,0,0,-1,0,30,0,30,0,0,30,30,0,30,1,1,0,0,0,-1,608011156
1,1,-1,1,0,0,0,2,3,1,0,0,24,0,0,-1,-1,-1,0,0,0,0,0,-1,0,22,0,1,101,101,180,0,0,0,2,0,24,0,0,-1,-1,-1,-1,0,0,0,0,0,0,-1,0,0,0,0,180,0,180,180,365,365,4,0,0,0,0,-1,608011156
1,1,-1,1,0,0,0,2,3,1,0,0,24,0,22,1,335,99,0,0,0,2,0,24,0,0,-1,-1,-1,-1,0,0,0,0,0,0,-1,0,0,-1,-1,-1,-1,0,0,0,0,0,0,-1,0,30,0,30,0,0,30,30,0,30,1,1,0,0,0,-1,608011156
1,1,-1,1,0,0,0,2,3,1,0,0,24,0,22,1,336,313,0,0,0,2,0,24,0,0,-1,-1,-1,-1,0,0,0,0,0,0,-1,0,0,-1,-1,-1,-1,0,0,0,0,0,0,-1,0,30,0,30,0,0,30,30,0,30,1,1,0,0,0,-1,608011156
1,1,-1,1,0,0,0,2,3,1,0,0,25,0,21,1,206,-1,0,0,0,2,0,25,0,0,-1,-1,-1,-1,0,0,0,0,0,0,-1,0,0,-1,-1,-1,-1,0,0,0,0,0,0,-1,0,90,0,90,0,0,90,90,547,547,1,1,0,0,0,-1,608011156
1,1,-1,1,0,0,0,2,3,1,0,0,25,0,21,1,336,-1,0,0,0,2,0,25,0,0,-1,-1,-1,-1,0,0,0,0,0,0,-1,0,0,-1,-1,-1,-1,0,0,0,0,0,0,-1,0,180,0,180,0,0,180,180,7,180,1,1,0,0,0,-1,608011156
1,1,-1,1,0,0,0,2,3,1,0,0,25,0,22,1,101,313,0,0,0,2,0,25,0,0,-1,-1,-1,-1,0,0,0,0,0,0,-1,0,0,-1,-1,-1,-1,0,0,0,0,0,0,-1,0,30,0,30,0,0,30,30,30,30,1,1,0,0,0,-1,608011156
1,1,-1,1,0,0,0,2,3,1,0,0,25,0,22,1,101,423,0,0,0,2,0,25,0,21,0,3,101,-1,365,0,0,0,2,0,25,0,0,-1,-1,-1,-1,0,0,0,0,0,0,-1,0,60,0,60,365,0,365,365,30,365,5,1,0,0,0,-1,608011156
1,1,-1,1,0,0,0,2,3,1,0,0,25,0,22,1,116,314,0,0,0,2,0,25,0,0,-1,-1,-1,-1,0,0,0,0,0,0,-1,0,0,-1,-1,-1,-1,0,0,0,0,0,0,-1,0,60,0,60,0,0,60,60,7,60,1,1,0,0,0,-1,608011156
1,1,-1,1,0,0,0,2,3,1,0,0,25,0,22,1,116,410,0,0,0,2,0,25,0,0,-1,-1,-1,-1,0,0,0,0,0,0,-1,0,0,-1,-1,-1,-1,0,0,0,0,0,0,-1,0,60,0,60,0,0,60,60,30,60,1,1,0,0,0,-1,608011156
1,1,-1,1,0,0,0,2,3,1,0,0,25,0,22,1,116,422,0,0,0,2,0,25,0,0,-1,-1,-1,-1,0,0,0,0,0,0,-1,0,0,-1,-1,-1,-1,0,0,0,0,0,0,-1,0,180,0,180,0,0,180,180,90,365,1,1,0,0,0,-1,608011156
1,1,-1,1,0,0,0,2,3,1,0,0,25,0,22,1,116,423,0,0,0,2,0,25,0,0,-1,-1,-1,-1,0,0,0,0,0,0,-1,0,0,-1,-1,-1,-1,0,0,0,0,0,0,-1,0,30,0,30,0,0,30,30,30,30,1,1,0,0,0,-1,608011156
1,1,-1,1,0,0,0,2,3,1,0,0,25,0,22,1,207,423,0,0,0,2,0,25,0,0,-1,-1,-1,-1,0,0,0,0,0,0,-1,0,0,-1,-1,-1,-1,0,0,0,0,0,0,-1,0,60,0,60,0,0,60,60,7,60,1,1,0,0,0,-1,608011156
1,1,-1,1,0,0,0,2,3,1,0,0,25,0,22,1,335,410,0,0,0,2,0,25,0,0,-1,-1,-1,-1,0,0,0,0,0,0,-1,0,0,-1,-1,-1,-1,0,0,0,0,0,0,-1,0,60,0,60,0,0,60,60,7,60,1,1,0,0,0,-1,608011156
1,1,-1,1,0,0,0,2,3,1,0,0,25,0,22,1,335,422,0,0,0,2,0,25,0,0,-1,-1,-1,-1,0,0,0,0,0,0,-1,0,0,-1,-1,-1,-1,0,0,0,0,0,0,-1,0,30,0,30,0,0,30,30,0,30,1,1,0,0,0,-1,608011156
1,1,-1,1,0,0,0,2,3,1,0,0,25,0,22,1,336,99,0,0,0,2,0,25,0,0,-1,-1,-1,-1,0,0,0,0,0,0,-1,0,0,-1,-1,-1,-1,0,0,0,0,0,0,-1,0,30,0,30,0,0,30,30,7,30,1,1,0,0,0,-1,608011156
1,1,-1,1,0,0,0,2,3,1,0,0,25,0,22,1,336,410,0,0,0,2,0,25,0,0,-1,-1,-1,-1,0,0,0,0,0,0,-1,0,0,-1,-1,-1,-1,0,0,0,0,0,0,-1,0,60,0,60,0,0,60,60,0,60,1,1,0,0,0,-1,608011156
1,1,-1,1,0,0,0,2,3,1,0,0,25,0,22,1,410,423,0,0,0,2,0,25,0,0,-1,-1,-1,-1,0,0,0,0,0,0,-1,0,0,-1,-1,-1,-1,0,0,0,0,0,0,-1,0,60,0,60,0,0,60,60,0,60,1,1,0,0,0,-1,608011156
1,1,-1,1,0,0,0,2,3,1,0,0,25,0,22,3,116,207,0,0,0,2,0,25,0,0,-1,-1,-1,-1,0,0,0,0,0,0,-1,0,0,-1,-1,-1,-1,0,0,0,0,0,0,-1,0,30,0,30,0,0,30,30,7,30,1,1,0,0,0,-1,608011156
1,1,-1,1,0,0,0,2,3,1,0,0,25,0,22,3,335,410,0,0,0,2,0,25,0,0,-1,-1,-1,-1,0,0,0,0,0,0,-1,0,0,-1,-1,-1,-1,0,0,0,0,0,0,-1,0,60,0,60,0,0,60,60,7,60,1,1,0,0,0,-1,608011156
1,1,-1,1,0,0,0,2,3,1,0,0,25,0,22,3,336,99,0,0,0,2,0,25,0,0,-1,-1,-1,-1,0,0,0,0,0,0,-1,0,0,-1,-1,-1,-1,0,0,0,0,0,0,-1,0,60,0,60,0,0,60,60,0,60,1,1,0,0,0,-1,608011156
1,1,-1,1,0,0,0,2,3,1,0,0,25,0,22,3,336,410,0,0,0,2,0,25,0,0,-1,-1,-1,-1,0,0,0,0,0,0,-1,0,0,-1,-1,-1,-1,0,0,0,0,0,0,-1,0,60,0,60,0,0,60,60,0,60,1,1,0,0,0,-1,608011156
1,1,-1,1,0,0,0,2,3,1,0,0,55,0,22,1,99,99,0,0,0,2,0,55,0,21,0,1,116,-1,90,0,0,0,2,0,55,0,0,-1,-1,-1,-1,0,0,0,0,0,0,-1,0,30,0,30,90,0,180,180,180,365,5,1,0,0,0,-1,608011156
1,1,-1,1,0,0,0,2,3,1,0,0,55,0,22,1,336,329,0,0,0,2,0,55,0,0,-1,-1,-1,-1,0,0,0,0,0,0,-1,0,0,-1,-1,-1,-1,0,0,0,0,0,0,-1,0,60,0,60,0,0,60,60,7,60,1,1,0,0,0,-1,608011156
1,1,-1,1,0,0,0,2,3,1,0,0,55,0,22,3,116,98,0,0,0,2,0,55,0,0,-1,-1,-1,-1,0,0,0,0,0,0,-1,0,0,-1,-1,-1,-1,0,0,0,0,0,0,-1,0,90,0,90,0,0,90,90,7,90,1,1,0,0,0,-1,608011156
1,1,-1,1,0,0,0,2,5,1,0,0,18,0,0,-1,-1,-1,0,0,0,0,0,-1,0,22,1,3,116,423,30,0,0,0,2,0,18,0,0,-1,-1,-1,-1,0,0,0,0,0,0,-1,0,0,0,0,30,180,365,30,180,180,4,0,1,0,0,-1,608011156
1,1,-1,1,0,0,0,2,5,1,0,0,18,0,22,1,116,99,0,0,0,2,0,18,0,0,-1,-1,-1,-1,0,0,0,0,0,0,-1,0,0,-1,-1,-1,-1,0,0,0,0,0,0,-1,0,30,0,30,0,0,30,30,30,60,1,1,0,0,0,-1,608011156
1,1,-1,1,0,0,0,2,5,1,0,0,24,0,22,1,336,422,0,0,0,2,0,24,0,0,-1,-1,-1,-1,0,0,0,0,0,0,-1,0,0,-1,-1,-1,-1,0,0,0,0,0,0,-1,0,30,0,30,0,0,30,30,0,30,1,1,0,0,0,-1,608011156
1,1,-1,1,0,0,0,2,5,1,0,0,25,0,0,-1,-1,-1,0,0,0,0,0,-1,0,21,0,1,116,-1,365,0,0,0,2,0,25,0,0,-1,-1,-1,-1,0,0,0,0,0,0,-1,0,0,0,0,365,0,365,365,90,365,4,0,0,0,0,-1,608011156
1,1,-1,1,0,0,0,2,5,1,0,0,25,0,0,-1,-1,-1,0,0,0,0,0,-1,0,21,0,3,116,-1,180,0,0,0,2,0,25,0,0,-1,-1,-1,-1,0,0,0,0,0,0,-1,0,0,0,0,180,0,180,180,30,180,4,0,0,0,0,-1,608011156
1,1,-1,1,0,0,0,2,5,1,0,0,25,0,0,-1,-1,-1,0,0,0,0,0,-1,0,21,0,3,336,-1,180,0,0,0,2,0,25,0,0,-1,-1,-1,-1,0,0,0,0,0,0,-1,0,0,0,0,180,0,180,180,0,180,4,0,0,0,0,-1,608011156
1,1,-1,1,0,0,0,2,5,1,0,0,25,0,0,-1,-1,-1,0,0,0,0,0,-1,0,22,0,1,116,99,90,0,0,0,2,0,25,0,0,-1,-1,-1,-1,0,0,0,0,0,0,-1,0,0,0,0,90,0,90,90,60,180,4,0,0,0,0,-1,608011156
1,1,-1,1,0,0,0,2,5,1,0,0,25,0,0,-1,-1,-1,0,0,0,0,0,-1,0,22,0,3,116,99,180,0,0,0,2,0,25,0,0,-1,-1,-1,-1,0,0,0,0,0,0,-1,0,0,0,0,180,0,180,180,30,180,4,0,0,0,0,-1,608011156
1,1,-1,1,0,0,0,2,5,1,0,0,25,0,0,-1,-1,-1,0,0,0,0,0,-1,0,22,0,3,116,99,180,0,0,0,2,0,25,0,0,-1,-1,-1,-1,0,0,0,0,0,0,-1,0,0,0,0,180,0,180,180,60,365,4,0,0,0,0,-1,608011156
1,1,-1,1,0,0,0,2,5,1,0,0,25,0,21,1,101,-1,0,0,0,2,0,25,0,0,-1,-1,-1,-1,0,0,0,0,0,0,-1,0,0,-1,-1,-1,-1,0,0,0,0,0,0,-1,0,90,0,90,0,0,90,90,30,180,1,1,0,0,0,-1,608011156
1,1,-1,1,0,0,0,2,5,1,0,0,25,0,21,1,116,-1,0,0,0,2,0,25,0,0,-1,-1,-1,-1,0,0,0,0,0,0,-1,0,0,-1,-1,-1,-1,0,0,0,0,0,0,-1,0,180,0,180,0,0,180,180,7,180,1,1,0,0,0,-1,608011156
1,1,-1,1,0,0,0,2,5,1,0,0,25,0,21,3,335,-1,0,0,0,2,0,25,0,0,-1,-1,-1,-1,0,0,0,0,0,0,-1,0,0,-1,-1,-1,-1,0,0,0,0,0,0,-1,0,90,0,90,0,0,90,90,0,90,1,1,0,0,0,-1,608011156
1,1,-1,1,0,0,0,2,5,1,0,0,25,0,22,1,101,99,0,0,0,2,0,25,0,0,-1,-1,-1,-1,0,0,0,0,0,0,-1,0,0,-1,-1,-1,-1,0,0,0,0,0,0,-1,0,30,0,30,0,0,30,30,1094,1094,1,1,0,0,0,-1,608011156
1,1,-1,1,0,0,0,2,5,1,0,0,25,0,22,1,116,98,0,0,0,2,0,25,0,0,-1,-1,-1,-1,0,0,0,0,0,0,-1,0,0,-1,-1,-1,-1,0,0,0,0,0,0,-1,0,60,0,60,0,0,60,60,90,180,1,1,0,0,0,-1,608011156
1,1,-1,1,0,0,0,2,5,1,0,0,25,0,22,1,116,313,0,0,0,2,0,25,0,0,-1,-1,-1,-1,0,0,0,0,0,0,-1,0,0,-1,-1,-1,-1,0,0,0,0,0,0,-1,0,7,0,7,0,0,7,7,30,30,1,1,0,0,0,-1,608011156
1,1,-1,1,0,0,0,2,5,1,0,0,25,0,22,1,116,313,0,0,0,2,0,25,0,0,-1,-1,-1,-1,0,0,0,0,0,0,-1,0,0,-1,-1,-1,-1,0,0,0,0,0,0,-1,0,30,0,30,0,0,30,30,60,60,1,1,0,0,0,-1,608011156
1,1,-1,1,0,0,0,2,5,1,0,0,25,0,22,1,335,116,0,0,0,2,0,25,0,0,-1,-1,-1,-1,0,0,0,0,0,0,-1,0,0,-1,-1,-1,-1,0,0,0,0,0,0,-1,0,30,0,30,0,0,30,30,7,30,1,1,0,0,0,-1,608011156
1,1,-1,1,0,0,0,2,5,1,0,0,25,0,22,1,335,312,0,0,0,2,0,25,0,0,-1,-1,-1,-1,0,0,0,0,0,0,-1,0,0,-1,-1,-1,-1,0,0,0,0,0,0,-1,0,60,0,60,0,0,60,60,0,60,1,1,0,0,0,-1,608011156
1,1,-1,1,0,0,0,2,5,1,0,0,25,0,22,1,336,313,0,0,0,2,0,25,0,0,-1,-1,-1,-1,0,0,0,0,0,0,-1,0,0,-1,-1,-1,-1,0,0,0,0,0,0,-1,0,30,0,30,0,0,30,30,0,30,1,1,0,0,0,-1,608011156
1,1,-1,1,0,0,0,2,5,1,0,0,25,0,22,1,336,410,0,0,0,2,0,25,0,0,-1,-1,-1,-1,0,0,0,0,0,0,-1,0,0,-1,-1,-1,-1,0,0,0,0,0,0,-1,0,180,0,180,0,0,180,180,30,180,1,1,0,0,0,-1,608011156
1,1,-1,1,0,0,0,2,5,1,0,0,25,0,22,1,336,423,0,0,0,2,0,25,0,0,-1,-1,-1,-1,0,0,0,0,0,0,-1,0,0,-1,-1,-1,-1,0,0,0,0,0,0,-1,0,60,0,60,0,0,60,60,730,730,1,1,0,0,0,-1,608011156
1,1,-1,1,0,0,0,2,5,1,0,0,25,0,22,3,101,314,0,0,0,2,0,25,0,0,-1,-1,-1,-1,0,0,0,0,0,0,-1,0,0,-1,-1,-1,-1,0,0,0,0,0,0,-1,0,60,0,60,0,0,60,60,60,90,1,1,0,0,0,-1,608011156
1,1,-1,1,0,0,0,2,5,1,0,0,55,0,0,-1,-1,-1,0,0,0,0,0,-1,0,21,0,3,314,-1,180,0,0,0,2,0,55,0,0,-1,-1,-1,-1,0,0,0,0,0,0,-1,0,0,0,0,180,0,180,180,0,180,4,0,0,0,0,-1,608011156
1,1,-1,1,0,0,0,2,5,1,0,0,55,0,22,1,116,440,0,0,0,2,0,55,0,0,-1,-1,-1,-1,0,0,0,0,0,0,-1,0,0,-1,-1,-1,-1,0,0,0,0,0,0,-1,0,180,0,180,0,0,180,180,30,180,1,1,0,0,0,-1,608011156
1,1,-1,1,0,0,0,2,5,1,0,0,55,0,22,1,336,410,0,0,0,2,0,55,0,0,-1,-1,-1,-1,0,0,0,0,0,0,-1,0,0,-1,-1,-1,-1,0,0,0,0,0,0,-1,0,60,0,60,0,0,60,60,7,60,1,1,0,0,0,-1,608011156
1,1,-1,1,0,0,0,2,5,2,0,0,25,0,0,-1,-1,-1,0,0,0,0,0,-1,0,0,-1,-1,-1,-1,0,0,0,0,0,0,-1,0,0,-1,-1,-1,-1,0,0,0,0,0,0,-1,0,0,0,0,0,0,0,0,30,30,12,0,0,0,12,2,608011156
1,1,-1,1,0,0,0,2,5,2,0,0,25,0,0,-1,-1,-1,0,0,0,0,0,-1,0,22,0,1,101,99,180,0,0,0,2,0,25,0,0,-1,-1,-1,-1,0,0,0,0,0,0,-1,0,0,0,0,180,0,180,180,90,180,4,0,0,0,0,-1,608011156
1,1,-1,1,0,0,0,2,5,2,0,0,25,1,0,-1,-1,-1,0,0,0,0,0,-1,0,21,0,1,116,-1,180,0,0,0,2,0,25,1,0,-1,-1,-1,-1,0,0,0,0,0,0,-1,0,0,0,0,180,0,180,180,90,180,4,0,0,0,0,-1,608011156
1,1,-1,1,0,0,0,2,14,1,0,0,25,0,22,1,207,312,0,0,0,2,0,25,0,0,-1,-1,-1,-1,0,0,0,0,0,0,-1,0,0,-1,-1,-1,-1,0,0,0,0,0,0,-1,0,30,0,30,0,0,30,30,0,30,1,1,0,0,0,-1,608011156
1,1,-1,1,0,0,0,2,15,1,0,0,25,0,22,1,116,410,0,0,0,2,0,25,0,0,-1,-1,-1,-1,0,0,0,0,0,0,-1,0,0,-1,-1,-1,-1,0,0,0,0,0,0,-1,0,60,0,60,0,0,60,60,30,60,1,1,0,0,0,-1,608011156
1,1,-1,1,0,0,0,2,16,1,0,0,25,0,22,1,205,99,0,0,0,2,0,25,0,0,-1,-1,-1,-1,0,0,0,0,0,0,-1,0,0,-1,-1,-1,-1,0,0,0,0,0,0,-1,0,30,0,30,0,0,30,30,0,30,1,1,0,0,0,-1,608011156
1,1,-1,1,0,0,0,2,23,1,0,0,18,0,22,1,336,420,0,0,0,2,0,18,0,0,-1,-1,-1,-1,0,0,0,0,0,0,-1,0,0,-1,-1,-1,-1,0,0,0,0,0,0,-1,0,60,0,60,0,0,60,60,7,60,1,1,0,0,0,-1,608011156
1,1,-1,1,0,0,0,2,24,1,0,0,25,0,22,1,336,420,0,0,0,2,0,25,0,0,-1,-1,-1,-1,0,0,0,0,0,0,-1,0,0,-1,-1,-1,-1,0,0,0,0,0,0,-1,0,60,0,60,0,0,60,60,0,60,1,1,0,0,0,-1,608011156
1,1,-1,1,0,0,0,2,34,1,0,0,25,0,0,-1,-1,-1,0,0,0,0,0,-1,0,21,1,3,116,-1,7,0,0,0,2,0,25,0,0,-1,-1,-1,-1,0,0,0,0,0,0,-1,0,0,0,0,7,365,365,7,30,30,4,0,1,0,0,-1,608011156
1,1,-1,1,0,0,0,2,35,1,0,0,25,0,0,-1,-1,-1,0,0,0,0,0,-1,0,22,1,1,116,410,60,0,0,0,2,0,25,0,0,-1,-1,-1,-1,0,0,0,0,0,0,-1,0,0,0,0,60,90,180,60,60,90,4,0,1,0,0,-1,608011156
1,1,-1,1,0,0,0,2,35,1,0,0,25,0,22,3,335,313,0,0,0,2,0,25,0,0,-1,-1,-1,-1,0,0,0,0,0,0,-1,0,0,-1,-1,-1,-1,0,0,0,0,0,0,-1,0,60,0,60,0,0,60,60,0,60,1,1,0,0,0,-1,608011156
1,1,-1,1,0,0,0,2,37,1,0,0,24,0,22,1,335,422,0,0,0,2,0,24,0,0,-1,-1,-1,-1,0,0,0,0,0,0,-1,0,0,-1,-1,-1,-1,0,0,0,0,0,0,-1,0,30,0,30,0,0,30,30,30,30,1,1,0,0,0,-1,608011156
1,1,-1,1,0,0,0,2,45,2,0,0,25,0,22,1,116,410,0,0,0,2,0,25,0,0,-1,-1,-1,-1,0,0,0,0,0,0,-1,0,0,-1,-1,-1,-1,0,0,0,0,0,0,-1,0,60,0,60,0,0,60,60,7,60,1,1,0,0,0,-1,608011156
1,1,-1,1,0,0,0,2,46,1,0,0,25,0,22,1,116,99,0,0,0,2,0,25,0,0,-1,-1,-1,-1,0,0,0,0,0,0,-1,0,0,-1,-1,-1,-1,0,0,0,0,0,0,-1,0,60,0,60,0,0,60,60,7,60,1,1,0,0,0,-1,608011156
1,1,-1,1,0,0,0,2,46,1,0,0,25,0,22,3,101,312,0,0,0,2,0,25,0,0,-1,-1,-1,-1,0,0,0,0,0,0,-1,0,0,-1,-1,-1,-1,0,0,0,0,0,0,-1,0,30,0,30,0,0,30,30,7,30,1,1,0,0,0,-1,608011156
1,1,-1,1,0,0,0,2,47,1,0,0,25,0,22,3,336,410,0,0,0,2,0,25,0,0,-1,-1,-1,-1,0,0,0,0,0,0,-1,0,0,-1,-1,-1,-1,0,0,0,0,0,0,-1,0,60,0,60,0,0,60,60,0,60,1,1,0,0,0,-1,608011156
1,1,-1,1,0,0,0,2,56,1,0,0,18,0,22,1,335,410,0,0,0,2,0,18,0,0,-1,-1,-1,-1,0,0,0,0,0,0,-1,0,0,-1,-1,-1,-1,0,0,0,0,0,0,-1,0,60,0,60,0,0,60,60,0,60,1,1,0,0,0,-1,608011156
1,1,-1,1,0,0,0,2,56,1,0,0,25,0,22,1,336,410,0,0,0,2,0,25,0,0,-1,-1,-1,-1,0,0,0,0,0,0,-1,0,0,-1,-1,-1,-1,0,0,0,0,0,0,-1,0,60,0,60,0,0,60,60,0,60,1,1,0,0,0,-1,608011156
1,1,-1,1,0,0,0,2,56,1,0,0,25,0,22,3,204,302,0,0,0,2,0,25,0,0,-1,-1,-1,-1,0,0,0,0,0,0,-1,0,0,-1,-1,-1,-1,0,0,0,0,0,0,-1,0,60,0,60,0,0,60,60,0,60,1,1,0,0,0,-1,608011156
1,1,-1,1,0,0,0,2,56,1,0,0,55,0,22,1,336,99,0,0,0,2,0,55,0,0,-1,-1,-1,-1,0,0,0,0,0,0,-1,0,0,-1,-1,-1,-1,0,0,0,0,0,0,-1,0,60,0,60,0,0,60,60,30,60,1,1,0,0,0,-1,608011156
1,1,-1,1,0,0,0,2,124,1,0,0,25,0,21,1,410,-1,0,0,0,2,0,25,0,0,-1,-1,-1,-1,0,0,0,0,0,0,-1,0,0,-1,-1,-1,-1,0,0,0,0,0,0,-1,0,180,0,180,0,0,180,180,7,180,1,1,0,0,0,-1,608011156
1,1,-1,1,0,0,0,2,125,1,0,0,25,0,21,3,116,-1,0,0,0,2,0,25,0,0,-1,-1,-1,-1,0,0,0,0,0,0,-1,0,0,-1,-1,-1,-1,0,0,0,0,0,0,-1,0,180,0,180,0,0,180,180,7,180,1,1,0,0,0,-1,608011156
1,1,-1,1,0,0,0,2,137,1,0,0,25,0,0,-1,-1,-1,0,0,0,0,0,-1,0,22,1,1,116,410,30,0,0,0,2,0,25,0,0,-1,-1,-1,-1,0,0,0,0,0,0,-1,0,0,0,0,30,30,60,30,30,30,4,0,1,0,0,-1,608011156
1,1,-1,1,0,0,0,2,157,1,0,0,25,0,22,1,206,98,0,0,0,2,0,25,0,0,-1,-1,-1,-1,0,0,0,0,0,0,-1,0,0,-1,-1,-1,-1,0,0,0,0,0,0,-1,0,60,0,60,0,0,60,60,0,60,1,1,0,0,0,-1,608011156
1,1,-1,1,0,0,0,2,236,1,0,0,24,0,22,1,336,99,0,0,0,2,0,24,0,0,-1,-1,-1,-1,0,0,0,0,0,0,-1,0,0,-1,-1,-1,-1,0,0,0,0,0,0,-1,0,30,0,30,0,0,30,30,7,30,1,1,0,0,0,-1,608011156
1,1,-1,1,0,0,0,2,247,1,0,0,25,0,22,3,335,423,0,0,0,2,0,25,0,0,-1,-1,-1,-1,0,0,0,0,0,0,-1,0,0,-1,-1,-1,-1,0,0,0,0,0,0,-1,0,30,0,30,0,0,30,30,7,30,1,1,0,0,0,-1,608011156
1,1,-1,1,0,0,0,2,346,1,0,0,25,0,0,-1,-1,-1,0,0,0,0,0,-1,0,22,0,3,335,410,180,0,0,0,2,0,25,0,0,-1,-1,-1,-1,0,0,0,0,0,0,-1,0,0,0,0,180,0,180,180,0,180,4,0,0,0,0,-1,608011156
1,1,-1,1,0,0,0,2,356,1,0,0,25,0,22,1,335,422,0,0,0,2,0,25,0,0,-1,-1,-1,-1,0,0,0,0,0,0,-1,0,0,-1,-1,-1,-1,0,0,0,0,0,0,-1,0,30,0,30,0,0,30,30,180,180,1,1,0,0,0,-1,608011156
1,1,-1,1,0,0,0,2,367,1,0,0,25,0,22,1,335,99,0,0,0,2,0,25,0,0,-1,-1,-1,-1,0,0,0,0,0,0,-1,0,0,-1,-1,-1,-1,0,0,0,0,0,0,-1,0,30,0,30,0,0,30,30,90,90,1,1,0,0,0,-1,608011156
1,1,-1,1,0,0,1,0,1,1,0,0,25,0,22,1,116,99,0,0,1,0,0,25,0,0,-1,-1,-1,-1,0,0,0,0,0,0,-1,0,0,-1,-1,-1,-1,0,0,0,0,0,0,-1,0,30,0,30,0,0,30,30,30,30,1,1,0,0,0,-1,608011156
1,1,-1,1,0,0,1,0,1,1,0,0,25,0,22,1,205,207,0,0,1,0,0,25,0,0,-1,-1,-1,-1,0,0,0,0,0,0,-1,0,0,-1,-1,-1,-1,0,0,0,0,0,0,-1,0,30,0,30,0,0,30,30,30,60,1,1,0,0,0,-1,608011156
1,1,-1,1,0,0,1,0,2,1,0,0,25,0,21,1,116,-1,0,0,1,0,0,25,0,0,-1,-1,-1,-1,0,0,0,0,0,0,-1,0,0,-1,-1,-1,-1,0,0,0,0,0,0,-1,0,90,0,90,0,0,90,90,7,90,1,1,0,0,0,-1,608011156
1,1,-1,1,0,0,1,0,2,1,0,0,25,0,22,1,206,410,0,0,1,0,0,25,0,0,-1,-1,-1,-1,0,0,0,0,0,0,-1,0,0,-1,-1,-1,-1,0,0,0,0,0,0,-1,0,30,0,30,0,0,30,30,0,30,1,1,0,0,0,-1,608011156
1,1,-1,1,0,0,1,0,3,1,0,0,18,0,22,3,336,99,0,0,1,0,0,18,0,0,-1,-1,-1,-1,0,0,0,0,0,0,-1,0,0,-1,-1,-1,-1,0,0,0,0,0,0,-1,0,60,0,60,0,0,60,60,30,60,1,1,0,0,0,-1,608011156
1,1,-1,1,0,0,1,0,3,1,0,0,24,0,22,1,101,423,0,0,1,0,0,24,0,0,-1,-1,-1,-1,0,0,0,0,0,0,-1,0,0,-1,-1,-1,-1,0,0,0,0,0,0,-1,0,90,0,90,0,0,90,90,0,90,1,1,0,0,0,-1,608011156
1,1,-1,1,0,0,1,0,3,1,0,0,25,0,0,-1,-1,-1,0,0,0,0,0,-1,0,21,1,1,116,-1,30,0,0,1,0,0,25,0,0,-1,-1,-1,-1,0,0,0,0,0,0,-1,0,0,0,0,30,180,180,30,90,180,4,0,1,0,0,-1,608011156
1,1,-1,1,0,0,1,0,3,1,0,0,25,0,0,-1,-1,-1,0,0,0,0,0,-1,0,22,0,3,336,99,90,0,0,1,0,0,25,0,0,-1,-1,-1,-1,0,0,0,0,0,0,-1,0,0,0,0,90,0,90,90,0,90,4,0,0,0,0,-1,608011156
1,1,-1,1,0,0,1,0,3,1,0,0,25,0,0,-1,-1,-1,0,0,0,0,0,-1,0,22,1,1,116,410,7,0,0,1,0,0,25,0,0,-1,-1,-1,-1,0,0,0,0,0,0,-1,0,0,0,0,7,180,180,7,60,60,4,0,1,0,0,-1,608011156
1,1,-1,1,0,0,1,0,3,1,0,0,25,0,21,1,99,-1,0,0,1,0,0,25,0,0,-1,-1,-1,-1,0,0,0,0,0,0,-1,0,0,-1,-1,-1,-1,0,0,0,0,0,0,-1,0,7,0,7,0,0,7,7,7,30,1,1,0,0,0,-1,608011156
1,1,-1,1,0,0,1,0,3,1,0,0,25,0,21,1,99,-1,0,0,1,0,0,25,0,21,0,1,101,-1,90,0,0,1,0,0,25,0,0,-1,-1,-1,-1,0,0,0,0,0,0,-1,0,30,0,30,60,0,90,90,60,180,5,1,0,0,0,-1,608011156
1,1,-1,1,0,0,1,0,3,1,0,0,25,0,21,1,101,-1,0,0,1,0,0,25,0,0,-1,-1,-1,-1,0,0,0,0,0,0,-1,0,0,-1,-1,-1,-1,0,0,0,0,0,0,-1,0,180,0,180,0,0,180,180,7,180,1,1,0,0,0,-1,608011156
1,1,-1,1,0,0,1,0,3,1,0,0,25,0,21,1,116,-1,0,0,1,0,0,25,0,0,-1,-1,-1,-1,0,0,0,0,0,0,-1,0,0,-1,-1,-1,-1,0,0,0,0,0,0,-1,0,30,0,30,0,0,30,30,30,30,1,1,0,0,0,-1,608011156
1,1,-1,1,0,0,1,0,3,1,0,0,25,0,21,1,116,-1,0,0,1,0,0,25,0,0,-1,-1,-1,-1,0,0,0,0,0,0,-1,0,0,-1,-1,-1,-1,0,0,0,0,0,0,-1,0,180,0,180,0,0,180,180,7,180,1,1,0,0,0,-1,608011156
1,1,-1,1,0,0,1,0,3,1,0,0,25,0,21,1,116,-1,0,0,1,0,0,25,0,0,-1,-1,-1,-1,0,0,0,0,0,0,-1,0,0,-1,-1,-1,-1,0,0,0,0,0,0,-1,0,180,0,180,0,0,180,180,180,365,1,1,0,0,0,-1,608011156
1,1,-1,1,0,0,1,0,3,1,0,0,25,0,22,1,99,99,0,0,1,0,0,25,0,0,-1,-1,-1,-1,0,0,0,0,0,0,-1,0,0,-1,-1,-1,-1,0,0,0,0,0,0,-1,0,7,0,7,0,0,7,7,60,60,1,1,0,0,0,-1,608011156
1,1,-1,1,0,0,1,0,3,1,0,0,25,0,22,1,99,99,0,0,1,0,0,25,0,0,-1,-1,-1,-1,0,0,0,0,0,0,-1,0,0,-1,-1,-1,-1,0,0,0,0,0,0,-1,0,30,0,30,0,0,30,30,180,180,1,1,0,0,0,-1,608011156
1,1,-1,1,0,0,1,0,3,1,0,0,25,0,22,1,101,99,0,0,1,0,0,25,0,0,-1,-1,-1,-1,0,0,0,0,0,0,-1,0,0,-1,-1,-1,-1,0,0,0,0,0,0,-1,0,60,0,60,0,0,60,60,30,60,1,1,0,0,0,-1,608011156
1,1,-1,1,0,0,1,0,3,1,0,0,25,0,22,1,101,99,0,0,1,0,0,25,0,0,-1,-1,-1,-1,0,0,0,0,0,0,-1,0,0,-1,-1,-1,-1,0,0,0,0,0,0,-1,0,180,0,180,0,0,180,180,60,180,1,1,0,0,0,-1,608011156
1,1,-1,1,0,0,1,0,3,1,0,0,25,0,22,1,101,101,0,0,1,0,0,25,0,0,-1,-1,-1,-1,0,0,0,0,0,0,-1,0,0,-1,-1,-1,-1,0,0,0,0,0,0,-1,0,180,0,180,0,0,180,180,7,180,1,1,0,0,0,-1,608011156
1,1,-1,1,0,0,1,0,3,1,0,0,25,0,22,1,101,204,0,0,1,0,0,25,0,0,-1,-1,-1,-1,0,0,0,0,0,0,-1,0,0,-1,-1,-1,-1,0,0,0,0,0,0,-1,0,30,0,30,0,0,30,30,365,365,1,1,0,0,0,-1,608011156
1,1,-1,1,0,0,1,0,3,1,0,0,25,0,22,1,101,422,0,0,1,0,0,25,0,0,-1,-1,-1,-1,0,0,0,0,0,0,-1,0,0,-1,-1,-1,-1,0,0,0,0,0,0,-1,0,30,0,30,0,0,30,30,0,30,1,1,0,0,0,-1,608011156
1,1,-1,1,0,0,1,0,3,1,0,0,25,0,22,1,101,422,0,0,1,0,0,25,0,0,-1,-1,-1,-1,0,0,0,0,0,0,-1,0,0,-1,-1,-1,-1,0,0,0,0,0,0,-1,0,60,0,60,0,0,60,60,0,60,1,1,0,0,0,-1,608011156
1,1,-1,1,0,0,1,0,3,1,0,0,25,0,22,1,101,423,0,0,1,0,0,25,0,0,-1,-1,-1,-1,0,0,0,0,0,0,-1,0,0,-1,-1,-1,-1,0,0,0,0,0,0,-1,0,30,0,30,0,0,30,30,7,30,1,1,0,0,0,-1,608011156
1,1,-1,1,0,0,1,0,3,1,0,0,25,0,22,1,101,423,0,0,1,0,0,25,0,0,-1,-1,-1,-1,0,0,0,0,0,0,-1,0,0,-1,-1,-1,-1,0,0,0,0,0,0,-1,0,60,0,60,0,0,60,60,60,90,1,1,0,0,0,-1,608011156
1,1,-1,1,0,0,1,0,3,1,0,0,25,0,22,1,116,99,0,0,1,0,0,25,0,0,-1,-1,-1,-1,0,0,0,0,0,0,-1,0,0,-1,-1,-1,-1,0,0,0,0,0,0,-1,0,30,0,30,0,0,30,30,30,60,1,1,0,0,0,-1,608011156
1,1,-1,1,0,0,1,0,3,1,0,0,25,0,22,1,116,99,0,0,1,0,0,25,0,0,-1,-1,-1,-1,0,0,0,0,0,0,-1,0,0,-1,-1,-1,-1,0,0,0,0,0,0,-1,0,60,0,60,0,0,60,60,7,60,1,1,0,0,0,-1,608011156
1,1,-1,1,0,0,1,0,3,1,0,0,25,0,22,1,116,314,0,0,1,0,0,25,0,0,-1,-1,-1,-1,0,0,0,0,0,0,-1,0,0,-1,-1,-1,-1,0,0,0,0,0,0,-1,0,60,0,60,0,0,60,60,7,60,1,1,0,0,0,-1,608011156
1,1,-1,1,0,0,1,0,3,1,0,0,25,0,22,1,205,101,0,0,1,0,0,25,0,0,-1,-1,-1,-1,0,0,0,0,0,0,-1,0,0,-1,-1,-1,-1,0,0,0,0,0,0,-1,0,7,0,7,0,0,7,7,0,7,1,1,0,0,0,-1,608011156
1,1,-1,1,0,0,1,0,3,1,0,0,25,0,22,1,205,205,0,0,1,0,0,25,0,21,1,1,116,-1,7,0,0,1,0,0,25,0,0,-1,-1,-1,-1,0,0,0,0,0,0,-1,0,90,0,90,7,180,365,90,180,365,5,1,1,0,0,-1,608011156
1,1,-1,1,0,0,1,0,3,1,0,0,25,0,22,1,206,99,0,0,1,0,0,25,0,0,-1,-1,-1,-1,0,0,0,0,0,0,-1,0,0,-1,-1,-1,-1,0,0,0,0,0,0,-1,0,7,0,7,0,0,7,7,30,30,1,1,0,0,0,-1,608011156
1,1,-1,1,0,0,1,0,3,1,0,0,25,0,22,1,206,99,0,0,1,0,0,25,0,0,-1,-1,-1,-1,0,0,0,0,0,0,-1,0,0,-1,-1,-1,-1,0,0,0,0,0,0,-1,0,30,0,30,0,0,30,30,90,180,1,1,0,0,0,-1,608011156
1,1,-1,1,0,0,1,0,3,1,0,0,25,0,22,1,206,99,0,0,1,0,0,25,0,0,-1,-1,-1,-1,0,0,0,0,0,0,-1,0,0,-1,-1,-1,-1,0,0,0,0,0,0,-1,0,60,0,60,0,0,60,60,7,60,1,1,0,0,0,-1,608011156
1,1,-1,1,0,0,1,0,3,1,0,0,25,0,22,1,314,410,0,0,1,0,0,25,0,0,-1,-1,-1,-1,0,0,0,0,0,0,-1,0,0,-1,-1,-1,-1,0,0,0,0,0,0,-1,0,60,0,60,0,0,60,60,0,60,1,1,0,0,0,-1,608011156
1,1,-1,1,0,0,1,0,3,1,0,0,25,0,22,1,314,410,0,0,1,0,0,25,0,0,-1,-1,-1,-1,0,0,0,0,0,0,-1,0,0,-1,-1,-1,-1,0,0,0,0,0,0,-1,0,60,0,60,0,0,60,60,7,60,1,1,0,0,0,-1,608011156
1,1,-1,1,0,0,1,0,3,1,0,0,25,0,22,1,314,422,0,0,1,0,0,25,0,0,-1,-1,-1,-1,0,0,0,0,0,0,-1,0,0,-1,-1,-1,-1,0,0,0,0,0,0,-1,0,180,0,180,0,0,180,180,7,180,1,1,0,0,0,-1,608011156
1,1,-1,1,0,0,1,0,3,1,0,0,25,0,22,1,335,99,0,0,1,0,0,25,0,0,-1,-1,-1,-1,0,0,0,0,0,0,-1,0,0,-1,-1,-1,-1,0,0,0,0,0,0,-1,0,30,0,30,0,0,30,30,0,30,1,1,0,0,0,-1,608011156
1,1,-1,1,0,0,1,0,3,1,0,0,25,0,22,1,335,99,0,0,1,0,0,25,0,0,-1,-1,-1,-1,0,0,0,0,0,0,-1,0,0,-1,-1,-1,-1,0,0,0,0,0,0,-1,0,30,0,30,0,0,30,30,60,60,1,1,0,0,0,-1,608011156
2,1,-1,1,0,0,1,0,3,1,0,0,25,0,22,1,335,99,0,0,1,0,0,25,0,0,-1,-1,-1,-1,0,0,0,0,0,0,-1,0,0,-1,-1,-1,-1,0,0,0,0,0,0,-1,0,60,0,60,0,0,60,60,7,60,1,1,0,0,0,-1,608011156
1,1,-1,1,0,0,1,0,3,1,0,0,25,0,22,1,335,410,0,0,1,0,0,25,0,0,-1,-1,-1,-1,0,0,0,0,0,0,-1,0,0,-1,-1,-1,-1,0,0,0,0,0,0,-1,0,0,180,180,0,0,180,180,0,180,2,1,0,0,0,-1,608011156
1,1,-1,1,0,0,1,0,3,1,0,0,25,0,22,1,335,410,0,0,1,0,0,25,0,0,-1,-1,-1,-1,0,0,0,0,0,0,-1,0,0,-1,-1,-1,-1,0,0,0,0,0,0,-1,0,30,0,30,0,0,30,30,7,30,1,1,0,0,0,-1,608011156
1,1,-1,1,0,0,1,0,3,1,0,0,25,0,22,1,335,423,0,0,1,0,0,25,0,0,-1,-1,-1,-1,0,0,0,0,0,0,-1,0,0,-1,-1,-1,-1,0,0,0,0,0,0,-1,0,30,0,30,0,0,30,30,0,30,1,1,0,0,0,-1,608011156
1,1,-1,1,0,0,1,0,3,1,0,0,25,0,22,1,336,99,0,0,1,0,0,25,0,0,-1,-1,-1,-1,0,0,0,0,0,0,-1,0,0,-1,-1,-1,-1,0,0,0,0,0,0,-1,0,30,0,30,0,0,30,30,7,30,1,1,0,0,0,-1,608011156
1,1,-1,1,0,0,1,0,3,1,0,0,25,0,22,1,336,207,0,0,1,0,0,25,0,0,-1,-1,-1,-1,0,0,0,0,0,0,-1,0,0,-1,-1,-1,-1,0,0,0,0,0,0,-1,0,60,0,60,0,0,60,60,0,60,1,1,0,0,0,-1,608011156
1,1,-1,1,0,0,1,0,3,1,0,0,25,0,22,1,336,422,0,0,1,0,0,25,0,0,-1,-1,-1,-1,0,0,0,0,0,0,-1,0,0,-1,-1,-1,-1,0,0,0,0,0,0,-1,0,30,0,30,0,0,30,30,0,30,1,1,0,0,0,-1,608011156
1,1,-1,1,0,0,1,0,3,1,0,0,25,0,22,1,336,434,0,0,1,0,0,25,0,0,-1,-1,-1,-1,0,0,0,0,0,0,-1,0,0,-1,-1,-1,-1,0,0,0,0,0,0,-1,0,180,0,180,0,0,180,180,0,180,1,1,0,0,0,-1,608011156
1,1,-1,1,0,0,1,0,3,1,0,0,25,0,22,1,410,99,0,0,1,0,0,25,0,0,-1,-1,-1,-1,0,0,0,0,0,0,-1,0,0,-1,-1,-1,-1,0,0,0,0,0,0,-1,0,30,0,30,0,0,30,30,7,30,1,1,0,0,0,-1,608011156
1,1,-1,1,0,0,1,0,3,1,0,0,25,0,22,1,410,99,0,0,1,0,0,25,0,0,-1,-1,-1,-1,0,0,0,0,0,0,-1,0,0,-1,-1,-1,-1,0,0,0,0,0,0,-1,0,30,0,30,0,0,30,30,30,60,1,1,0,0,0,-1,608011156
1,1,-1,1,0,0,1,0,3,1,0,0,25,0,22,1,410,101,0,0,1,0,0,25,0,0,-1,-1,-1,-1,0,0,0,0,0,0,-1,0,0,-1,-1,-1,-1,0,0,0,0,0,0,-1,0,60,0,60,0,0,60,60,1095,1095,1,1,0,0,0,-1,608011156
1,1,-1,1,0,0,1,0,3,1,0,0,25,0,22,1,410,312,0,0,1,0,0,25,0,0,-1,-1,-1,-1,0,0,0,0,0,0,-1,0,0,-1,-1,-1,-1,0,0,0,0,0,0,-1,0,0,60,60,0,0,60,60,0,60,2,1,0,0,0,-1,608011156
1,1,-1,1,0,0,1,0,3,1,0,0,25,0,22,1,410,410,0,0,1,0,0,25,0,0,-1,-1,-1,-1,0,0,0,0,0,0,-1,0,0,-1,-1,-1,-1,0,0,0,0,0,0,-1,0,0,60,60,0,0,60,60,0,60,2,1,0,0,0,-1,608011156
1,1,-1,1,0,0,1,0,3,1,0,0,25,0,22,3,206,312,0,0,1,0,0,25,0,0,-1,-1,-1,-1,0,0,0,0,0,0,-1,0,0,-1,-1,-1,-1,0,0,0,0,0,0,-1,0,60,0,60,0,0,60,60,30,60,1,1,0,0,0,-1,608011156
1,1,-1,1,0,0,1,0,3,1,0,0,55,0,0,-1,-1,-1,0,0,0,0,0,-1,0,21,1,1,101,-1,7,0,0,1,0,0,55,0,0,-1,-1,-1,-1,0,0,0,0,0,0,-1,0,0,0,0,7,365,365,7,60,60,4,0,1,0,0,-1,608011156
1,1,-1,1,0,0,1,0,3,1,0,0,55,0,0,-1,-1,-1,0,0,0,0,0,-1,0,22,1,1,101,434,180,0,0,1,0,0,55,0,0,-1,-1,-1,-1,0,0,0,0,0,0,-1,0,0,0,0,180,30,180,180,60,180,4,0,1,0,0,-1,608011156
1,1,-1,1,0,0,1,0,3,1,0,0,55,0,2,-1,-1,-1,0,0,0,0,0,-1,0,0,-1,-1,-1,-1,0,0,0,0,0,0,-1,0,0,-1,-1,-1,-1,0,0,0,0,0,0,-1,0,30,0,30,0,0,30,30,0,30,1,0,0,0,12,2,608011156
1,1,-1,1,0,0,1,0,3,1,0,0,55,0,21,1,99,-1,0,0,1,0,0,55,0,0,-1,-1,-1,-1,0,0,0,0,0,0,-1,0,0,-1,-1,-1,-1,0,0,0,0,0,0,-1,0,30,0,30,0,0,30,30,180,180,1,1,0,0,0,-1,608011156
1,1,-1,1,0,0,1,0,3,1,0,0,55,0,21,1,99,-1,0,0,1,0,0,55,0,0,-1,-1,-1,-1,0,0,0,0,0,0,-1,0,0,-1,-1,-1,-1,0,0,0,0,0,0,-1,0,30,0,30,0,0,30,30,547,547,1,1,0,0,0,-1,608011156
1,1,-1,1,0,0,1,0,3,1,0,0,55,0,21,1,99,-1,0,0,1,0,0,55,0,21,0,1,101,-1,90,0,0,1,0,0,55,0,0,-1,-1,-1,-1,0,0,0,0,0,0,-1,0,30,0,30,60,0,90,90,30,180,5,1,0,0,0,-1,608011156
1,1,-1,1,0,0,1,0,3,1,0,0,55,0,21,1,116,-1,0,0,1,0,0,55,0,0,-1,-1,-1,-1,0,0,0,0,0,0,-1,0,0,-1,-1,-1,-1,0,0,0,0,0,0,-1,0,180,0,180,0,0,180,180,60,180,1,1,0,0,0,-1,608011156
1,1,-1,1,0,0,1,0,3,1,0,0,55,0,22,1,99,99,0,0,1,0,0,55,0,21,1,1,101,-1,7,0,0,1,0,0,55,0,0,-1,-1,-1,-1,0,0,0,0,0,0,-1,0,60,0,60,7,365,365,60,60,180,5,1,1,0,0,-1,608011156
1,1,-1,1,0,0,1,0,3,1,0,0,55,0,22,1,101,99,0,0,1,0,0,55,0,0,-1,-1,-1,-1,0,0,0,0,0,0,-1,0,0,-1,-1,-1,-1,0,0,0,0,0,0,-1,0,30,0,30,0,0,30,30,30,30,1,1,0,0,0,-1,608011156
1,1,-1,1,0,0,1,0,3,1,0,0,55,0,22,1,116,99,0,0,1,0,0,55,0,0,-1,-1,-1,-1,0,0,0,0,0,0,-1,0,0,-1,-1,-1,-1,0,0,0,0,0,0,-1,0,7,0,7,0,0,7,7,60,60,1,1,0,0,0,-1,608011156
1,1,-1,1,0,0,1,0,3,1,0,0,55,0,22,1,116,99,0,0,1,0,0,55,0,0,-1,-1,-1,-1,0,0,0,0,0,0,-1,0,0,-1,-1,-1,-1,0,0,0,0,0,0,-1,0,60,0,60,0,0,60,60,30,60,1,1,0,0,0,-1,608011156
1,1,-1,1,0,0,1,0,3,1,0,0,55,0,22,1,116,99,0,0,1,0,0,55,0,0,-1,-1,-1,-1,0,0,0,0,0,0,-1,0,0,-1,-1,-1,-1,0,0,0,0,0,0,-1,0,90,0,90,0,0,90,90,30,90,1,1,0,0,0,-1,608011156
1,1,-1,1,0,0,1,0,3,1,0,0,55,0,22,1,116,225,0,0,1,0,0,55,0,0,-1,-1,-1,-1,0,0,0,0,0,0,-1,0,0,-1,-1,-1,-1,0,0,0,0,0,0,-1,0,90,0,90,0,0,90,90,180,365,1,1,0,0,0,-1,608011156
1,1,-1,1,0,0,1,0,3,1,0,0,55,0,22,1,116,313,0,0,1,0,0,55,0,0,-1,-1,-1,-1,0,0,0,0,0,0,-1,0,0,-1,-1,-1,-1,0,0,0,0,0,0,-1,0,30,0,30,0,0,30,30,7,30,1,1,0,0,0,-1,608011156
1,1,-1,1,0,0,1,0,3,1,0,0,55,0,22,1,116,314,0,0,1,0,0,55,0,0,-1,-1,-1,-1,0,0,0,0,0,0,-1,0,0,-1,-1,-1,-1,0,0,0,0,0,0,-1,0,60,0,60,0,0,60,60,7,90,1,1,0,0,0,-1,608011156
1,1,-1,1,0,0,1,0,3,1,0,0,55,0,22,1,116,314,0,0,1,0,0,55,0,0,-1,-1,-1,-1,0,0,0,0,0,0,-1,0,0,-1,-1,-1,-1,0,0,0,0,0,0,-1,0,90,0,90,0,0,90,90,0,90,1,1,0,0,0,-1,608011156
1,1,-1,1,0,0,1,0,3,1,0,0,55,0,22,1,116,410,0,0,1,0,0,55,0,0,-1,-1,-1,-1,0,0,0,0,0,0,-1,0,0,-1,-1,-1,-1,0,0,0,0,0,0,-1,0,90,0,90,0,0,90,90,0,90,1,1,0,0,0,-1,608011156
1,1,-1,1,0,0,1,0,3,1,0,0,55,0,22,1,204,99,0,0,1,0,0,55,0,0,-1,-1,-1,-1,0,0,0,0,0,0,-1,0,0,-1,-1,-1,-1,0,0,0,0,0,0,-1,0,30,0,30,0,0,30,30,7,30,1,1,0,0,0,-1,608011156
1,1,-1,1,0,0,1,0,3,1,0,0,55,0,22,1,204,410,0,0,1,0,0,55,0,0,-1,-1,-1,-1,0,0,0,0,0,0,-1,0,0,-1,-1,-1,-1,0,0,0,0,0,0,-1,0,60,0,60,0,0,60,60,7,60,1,1,0,0,0,-1,608011156
1,1,-1,1,0,0,1,0,3,1,0,0,55,0,22,1,207,423,0,0,1,0,0,55,0,0,-1,-1,-1,-1,0,0,0,0,0,0,-1,0,0,-1,-1,-1,-1,0,0,0,0,0,0,-1,0,30,0,30,0,0,30,30,7,30,1,1,0,0,0,-1,608011156
1,1,-1,1,0,0,1,0,3,1,0,0,55,0,22,1,314,98,0,0,1,0,0,55,0,0,-1,-1,-1,-1,0,0,0,0,0,0,-1,0,0,-1,-1,-1,-1,0,0,0,0,0,0,-1,0,60,0,60,0,0,60,60,0,60,1,1,0,0,0,-1,608011156
1,1,-1,1,0,0,1,0,3,1,0,0,55,0,22,1,314,314,0,0,1,0,0,55,0,0,-1,-1,-1,-1,0,0,0,0,0,0,-1,0,0,-1,-1,-1,-1,0,0,0,0,0,0,-1,0,180,0,180,0,0,180,180,0,180,1,1,0,0,0,-1,608011156
1,1,-1,1,0,0,1,0,3,1,0,0,55,0,22,1,314,410,0,0,1,0,0,55,0,0,-1,-1,-1,-1,0,0,0,0,0,0,-1,0,0,-1,-1,-1,-1,0,0,0,0,0,0,-1,0,30,0,30,0,0,30,30,0,30,1,1,0,0,0,-1,608011156
1,1,-1,1,0,0,1,0,3,1,0,0,55,0,22,1,335,312,0,0,1,0,0,55,0,0,-1,-1,-1,-1,0,0,0,0,0,0,-1,0,0,-1,-1,-1,-1,0,0,0,0,0,0,-1,0,30,0,30,0,0,30,30,7,30,1,1,0,0,0,-1,608011156
1,1,-1,1,0,0,1,0,3,1,0,0,55,0,22,1,335,423,0,0,1,0,0,55,0,0,-1,-1,-1,-1,0,0,0,0,0,0,-1,0,0,-1,-1,-1,-1,0,0,0,0,0,0,-1,0,30,0,30,0,0,30,30,0,30,1,1,0,0,0,-1,608011156
1,1,-1,1,0,0,1,0,3,1,0,0,55,0,22,1,336,314,0,0,1,0,0,55,0,0,-1,-1,-1,-1,0,0,0,0,0,0,-1,0,0,-1,-1,-1,-1,0,0,0,0,0,0,-1,0,90,0,90,0,0,90,90,0,90,1,1,0,0,0,-1,608011156
1,1,-1,1,0,0,1,0,3,1,0,0,55,0,22,1,410,99,0,0,1,0,0,55,0,0,-1,-1,-1,-1,0,0,0,0,0,0,-1,0,0,-1,-1,-1,-1,0,0,0,0,0,0,-1,0,30,0,30,0,0,30,30,7,30,1,1,0,0,0,-1,608011156
1,1,-1,1,0,0,1,0,3,1,0,0,55,0,22,1,410,99,0,0,1,0,0,55,0,21,0,1,101,-1,180,0,0,1,0,0,55,0,0,-1,-1,-1,-1,0,0,0,0,0,0,-1,0,60,0,60,180,0,180,180,7,180,5,1,0,0,0,-1,608011156
1,1,-1,1,0,0,1,0,3,1,0,0,55,0,22,1,410,314,0,0,1,0,0,55,0,0,-1,-1,-1,-1,0,0,0,0,0,0,-1,0,0,-1,-1,-1,-1,0,0,0,0,0,0,-1,0,30,0,30,0,0,30,30,7,60,1,1,0,0,0,-1,608011156
1,1,-1,1,0,0,1,0,3,1,0,0,55,0,22,1,410,410,0,0,1,0,0,55,0,0,-1,-1,-1,-1,0,0,0,0,0,0,-1,0,0,-1,-1,-1,-1,0,0,0,0,0,0,-1,0,180,0,180,0,0,180,180,0,180,1,1,0,0,0,-1,608011156
1,1,-1,1,0,0,1,0,3,1,0,0,55,0,22,1,420,99,0,0,1,0,0,55,0,0,-1,-1,-1,-1,0,0,0,0,0,0,-1,0,0,-1,-1,-1,-1,0,0,0,0,0,0,-1,0,7,0,7,0,0,7,7,30,30,1,1,0,0,0,-1,608011156
1,1,-1,1,0,0,1,0,3,2,0,0,25,0,22,3,116,434,0,0,1,0,0,25,0,0,-1,-1,-1,-1,0,0,0,0,0,0,-1,0,0,-1,-1,-1,-1,0,0,0,0,0,0,-1,0,60,0,60,0,0,60,60,7,60,1,1,0,0,0,-1,608011156
1,1,-1,1,0,0,1,0,4,1,0,0,25,0,22,1,101,423,0,0,1,0,0,25,0,0,-1,-1,-1,-1,0,0,0,0,0,0,-1,0,0,-1,-1,-1,-1,0,0,0,0,0,0,-1,0,30,0,30,0,0,30,30,0,30,1,1,0,0,0,-1,608011156
1,1,-1,1,0,0,1,0,4,1,0,0,25,0,22,1,410,312,0,0,1,0,0,25,0,0,-1,-1,-1,-1,0,0,0,0,0,0,-1,0,0,-1,-1,-1,-1,0,0,0,0,0,0,-1,0,0,90,90,0,0,90,90,0,90,2,1,0,0,0,-1,608011156
1,1,-1,1,0,0,1,0,5,1,0,0,18,0,0,-1,-1,-1,0,0,0,0,0,-1,0,22,1,3,116,410,7,0,0,1,0,0,18,0,0,-1,-1,-1,-1,0,0,0,0,0,0,-1,0,0,0,0,7,180,180,7,60,60,4,0,1,0,0,-1,608011156
1,1,-1,1,0,0,1,0,5,1,0,0,18,0,0,-1,-1,-1,0,0,0,0,0,-1,0,22,1,3,116,420,30,0,0,1,0,0,18,0,0,-1,-1,-1,-1,0,0,0,0,0,0,-1,0,0,0,0,30,180,180,30,30,60,4,0,1,0,0,-1,608011156
1,1,-1,1,0,0,1,0,5,1,0,0,18,0,21,1,314,-1,0,0,1,0,0,18,0,0,-1,-1,-1,-1,0,0,0,0,0,0,-1,0,0,-1,-1,-1,-1,0,0,0,0,0,0,-1,0,90,0,90,0,0,90,90,0,90,1,1,0,0,0,-1,608011156
1,1,-1,1,0,0,1,0,5,1,0,0,18,0,22,1,335,99,0,0,1,0,0,18,0,0,-1,-1,-1,-1,0,0,0,0,0,0,-1,0,0,-1,-1,-1,-1,0,0,0,0,0,0,-1,0,30,0,30,0,0,30,30,7,30,1,1,0,0,0,-1,608011156
1,1,-1,1,0,0,1,0,5,1,0,0,18,0,22,1,335,313,0,0,1,0,0,18,0,0,-1,-1,-1,-1,0,0,0,0,0,0,-1,0,0,-1,-1,-1,-1,0,0,0,0,0,0,-1,0,60,0,60,0,0,60,60,7,60,1,1,0,0,0,-1,608011156
1,1,-1,1,0,0,1,0,5,1,0,0,18,0,22,1,336,313,0,0,1,0,0,18,0,0,-1,-1,-1,-1,0,0,0,0,0,0,-1,0,0,-1,-1,-1,-1,0,0,0,0,0,0,-1,0,30,0,30,0,0,30,30,0,30,1,1,0,0,0,-1,608011156
1,1,-1,1,0,0,1,0,5,1,0,0,18,0,22,1,336,422,0,0,1,0,0,18,0,0,-1,-1,-1,-1,0,0,0,0,0,0,-1,0,0,-1,-1,-1,-1,0,0,0,0,0,0,-1,0,30,0,30,0,0,30,30,0,30,1,1,0,0,0,-1,608011156
1,1,-1,1,0,0,1,0,5,1,0,0,18,0,22,1,410,313,0,0,1,0,0,18,0,0,-1,-1,-1,-1,0,0,0,0,0,0,-1,0,0,-1,-1,-1,-1,0,0,0,0,0,0,-1,0,60,0,60,0,0,60,60,0,60,1,1,0,0,0,-1,608011156
1,1,-1,1,0,0,1,0,5,1,0,0,18,0,22,1,410,422,0,0,1,0,0,18,0,0,-1,-1,-1,-1,0,0,0,0,0,0,-1,0,0,-1,-1,-1,-1,0,0,0,0,0,0,-1,0,0,30,30,0,0,30,30,0,30,2,1,0,0,0,-1,608011156
1,1,-1,1,0,0,1,0,5,1,0,0,18,0,22,3,335,99,0,0,1,0,0,18,0,0,-1,-1,-1,-1,0,0,0,0,0,0,-1,0,0,-1,-1,-1,-1,0,0,0,0,0,0,-1,0,30,0,30,0,0,30,30,0,30,1,1,0,0,0,-1,608011156
1,1,-1,1,0,0,1,0,5,1,0,0,18,0,22,3,335,312,0,0,1,0,0,18,0,0,-1,-1,-1,-1,0,0,0,0,0,0,-1,0,0,-1,-1,-1,-1,0,0,0,0,0,0,-1,0,30,0,30,0,0,30,30,180,180,1,1,0,0,0,-1,608011156
1,1,-1,1,0,0,1,0,5,1,0,0,24,0,0,-1,-1,-1,0,0,0,0,0,-1,0,21,0,3,410,-1,90,0,0,1,0,0,24,0,0,-1,-1,-1,-1,0,0,0,0,0,0,-1,0,0,0,0,90,0,90,90,0,90,4,0,0,0,0,-1,608011156
1,1,-1,1,0,0,1,0,5,1,0,0,24,0,0,-1,-1,-1,0,0,0,0,0,-1,0,21,1,3,116,-1,30,0,0,1,0,0,24,0,0,-1,-1,-1,-1,0,0,0,0,0,0,-1,0,0,0,0,30,180,180,30,365,365,4,0,1,0,0,-1,608011156
1,1,-1,1,0,0,1,0,5,1,0,0,24,0,21,3,335,-1,0,0,1,0,0,24,0,0,-1,-1,-1,-1,0,0,0,0,0,0,-1,0,0,-1,-1,-1,-1,0,0,0,0,0,0,-1,0,90,0,90,0,0,90,90,0,90,1,1,0,0,0,-1,608011156
1,1,-1,1,0,0,1,0,5,1,0,0,24,0,22,1,99,99,0,0,1,0,0,24,0,0,-1,-1,-1,-1,0,0,0,0,0,0,-1,0,0,-1,-1,-1,-1,0,0,0,0,0,0,-1,0,30,0,30,0,0,30,30,60,90,1,1,0,0,0,-1,608011156
1,1,-1,1,0,0,1,0,5,1,0,0,24,0,22,3,116,423,0,0,1,0,0,24,0,0,-1,-1,-1,-1,0,0,0,0,0,0,-1,0,0,-1,-1,-1,-1,0,0,0,0,0,0,-1,0,60,0,60,0,0,60,60,7,90,1,1,0,0,0,-1,608011156
1,1,-1,1,0,0,1,0,5,1,0,0,25,0,0,-1,-1,-1,0,0,0,0,0,-1,0,21,0,1,116,-1,90,0,0,1,0,0,25,0,0,-1,-1,-1,-1,0,0,0,0,0,0,-1,0,0,0,0,90,0,90,90,90,180,4,0,0,0,0,-1,608011156
1,1,-1,1,0,0,1,0,5,1,0,0,25,0,0,-1,-1,-1,0,0,0,0,0,-1,0,21,0,3,116,-1,90,0,0,1,0,0,25,0,0,-1,-1,-1,-1,0,0,0,0,0,0,-1,0,0,0,0,90,0,90,90,180,365,4,0,0,0,0,-1,608011156
1,1,-1,1,0,0,1,0,5,1,0,0,25,0,0,-1,-1,-1,0,0,0,0,0,-1,0,21,0,3,410,-1,365,0,0,1,0,0,25,0,0,-1,-1,-1,-1,0,0,0,0,0,0,-1,0,0,0,0,365,0,365,365,0,365,4,0,0,0,0,-1,608011156
1,1,-1,1,0,0,1,0,5,1,0,0,25,0,0,-1,-1,-1,0,0,0,0,0,-1,0,21,1,1,99,-1,30,0,0,1,0,0,25,0,0,-1,-1,-1,-1,0,0,0,0,0,0,-1,0,0,0,0,30,180,180,30,90,180,4,0,1,0,0,-1,608011156
1,1,-1,1,0,0,1,0,5,1,0,0,25,0,0,-1,-1,-1,0,0,0,0,0,-1,0,21,1,1,101,-1,30,0,0,1,0,0,25,0,0,-1,-1,-1,-1,0,0,0,0,0,0,-1,0,0,0,0,30,180,365,30,60,60,4,0,1,0,0,-1,608011156
1,1,-1,1,0,0,1,0,5,1,0,0,25,0,0,-1,-1,-1,0,0,0,0,0,-1,0,21,1,1,116,-1,30,0,0,1,0,0,25,0,0,-1,-1,-1,-1,0,0,0,0,0,0,-1,0,0,0,0,30,90,90,30,365,365,4,0,1,0,0,-1,608011156
1,1,-1,1,0,0,1,0,5,1,0,0,25,0,0,-1,-1,-1,0,0,0,0,0,-1,0,21,1,3,101,-1,30,0,0,1,0,0,25,0,0,-1,-1,-1,-1,0,0,0,0,0,0,-1,0,0,0,0,30,90,180,30,180,180,4,0,1,0,0,-1,608011156
1,1,-1,1,0,0,1,0,5,1,0,0,25,0,0,-1,-1,-1,0,0,0,0,0,-1,0,21,1,3,116,-1,0,0,0,1,0,0,25,0,0,-1,-1,-1,-1,0,0,0,0,0,0,-1,0,0,0,0,0,180,180,0,30,30,4,0,1,0,0,-1,608011156
1,1,-1,1,0,0,1,0,5,1,0,0,25,0,0,-1,-1,-1,0,0,0,0,0,-1,0,21,1,3,116,-1,30,0,0,1,0,0,25,0,0,-1,-1,-1,-1,0,0,0,0,0,0,-1,0,0,0,0,30,180,180,30,90,180,4,0,1,0,0,-1,608011156
1,1,-1,1,0,0,1,0,5,1,0,0,25,0,0,-1,-1,-1,0,0,0,0,0,-1,0,21,1,3,205,-1,7,0,0,1,0,0,25,0,0,-1,-1,-1,-1,0,0,0,0,0,0,-1,0,0,0,0,7,90,90,7,90,90,4,0,1,0,0,-1,608011156
1,1,-1,1,0,0,1,0,5,1,0,0,25,0,0,-1,-1,-1,0,0,0,0,0,-1,0,21,1,3,336,-1,30,0,0,1,0,0,25,0,0,-1,-1,-1,-1,0,0,0,0,0,0,-1,0,0,0,0,30,365,365,30,0,30,4,0,1,0,0,-1,608011156
1,1,-1,1,0,0,1,0,5,1,0,0,25,0,0,-1,-1,-1,0,0,0,0,0,-1,0,21,1,3,410,-1,7,0,0,1,0,0,25,0,0,-1,-1,-1,-1,0,0,0,0,0,0,-1,0,0,0,0,7,180,180,7,0,7,4,0,1,0,0,-1,608011156
1,1,-1,1,0,0,1,0,5,1,0,0,25,0,0,-1,-1,-1,0,0,0,0,0,-1,0,22,0,1,116,312,180,0,0,1,0,0,25,0,0,-1,-1,-1,-1,0,0,0,0,0,0,-1,0,0,0,0,180,0,180,180,90,365,4,0,0,0,0,-1,608011156
1,1,-1,1,0,0,1,0,5,1,0,0,25,0,0,-1,-1,-1,0,0,0,0,0,-1,0,22,1,1,101,410,7,0,0,1,0,0,25,0,0,-1,-1,-1,-1,0,0,0,0,0,0,-1,0,0,0,0,7,60,60,7,60,60,4,0,1,0,0,-1,608011156
1,1,-1,1,0,0,1,0,5,1,0,0,25,0,0,-1,-1,-1,0,0,0,0,0,-1,0,22,1,1,101,410,60,0,0,1,0,0,25,0,0,-1,-1,-1,-1,0,0,0,0,0,0,-1,0,0,0,0,60,180,180,60,30,90,4,0,1,0,0,-1,608011156
1,1,-1,1,0,0,1,0,5,1,0,0,25,0,0,-1,-1,-1,0,0,0,0,0,-1,0,22,1,1,101,420,30,0,0,1,0,0,25,0,0,-1,-1,-1,-1,0,0,0,0,0,0,-1,0,0,0,0,30,60,60,30,365,365,4,0,1,0,0,-1,608011156
1,1,-1,1,0,0,1,0,5,1,0,0,25,0,0,-1,-1,-1,0,0,0,0,0,-1,0,22,1,1,116,410,7,0,0,1,0,0,25,0,0,-1,-1,-1,-1,0,0,0,0,0,0,-1,0,0,0,0,7,180,180,7,90,90,4,0,1,0,0,-1,608011156
1,1,-1,1,0,0,1,0,5,1,0,0,25,0,0,-1,-1,-1,0,0,0,0,0,-1,0,22,1,1,335,410,7,0,0,1,0,0,25,0,0,-1,-1,-1,-1,0,0,0,0,0,0,-1,0,0,0,0,7,365,365,7,0,7,4,0,1,0,0,-1,608011156
1,1,-1,1,0,0,1,0,5,1,0,0,25,0,0,-1,-1,-1,0,0,0,0,0,-1,0,22,1,3,101,410,30,0,0,1,0,0,25,0,0,-1,-1,-1,-1,0,0,0,0,0,0,-1,0,0,0,0,30,180,180,30,60,60,4,0,1,0,0,-1,608011156
1,1,-1,1,0,0,1,0,5,1,0,0,25,0,0,-1,-1,-1,0,0,0,0,0,-1,0,22,1,3,116,410,7,0,0,1,0,0,25,0,0,-1,-1,-1,-1,0,0,0,0,0,0,-1,0,0,0,0,7,90,90,7,180,180,4,0,1,0,0,-1,608011156
1,1,-1,1,0,0,1,0,5,1,0,0,25,0,0,-1,-1,-1,0,0,0,0,0,-1,0,22,1,3,116,431,30,0,0,1,0,0,25,0,0,-1,-1,-1,-1,0,0,0,0,0,0,-1,0,0,0,0,30,30,30,30,90,90,4,0,1,0,0,-1,608011156
1,1,-1,1,0,0,1,0,5,1,0,0,25,0,0,-1,-1,-1,0,0,0,0,0,-1,0,22,1,3,204,207,7,0,0,1,0,0,25,0,0,-1,-1,-1,-1,0,0,0,0,0,0,-1,0,0,0,0,7,90,90,7,0,7,4,0,1,0,0,-1,608011156
1,1,-1,1,0,0,1,0,5,1,0,0,25,0,0,-1,-1,-1,0,0,0,0,0,-1,0,22,1,3,335,433,30,0,0,1,0,0,25,0,0,-1,-1,-1,-1,0,0,0,0,0,0,-1,0,0,0,0,30,30,60,30,0,30,4,0,1,0,0,-1,608011156
1,1,-1,1,0,0,1,0,5,1,0,0,25,0,21,1,99,-1,0,0,1,0,0,25,0,0,-1,-1,-1,-1,0,0,0,0,0,0,-1,0,0,-1,-1,-1,-1,0,0,0,0,0,0,-1,0,30,0,30,0,0,30,30,7,60,1,1,0,0,0,-1,608011156
1,1,-1,1,0,0,1,0,5,1,0,0,25,0,21,1,101,-1,0,0,1,0,0,25,0,0,-1,-1,-1,-1,0,0,0,0,0,0,-1,0,0,-1,-1,-1,-1,0,0,0,0,0,0,-1,0,180,0,180,0,0,180,180,180,365,1,1,0,0,0,-1,608011156
1,1,-1,1,0,0,1,0,5,1,0,0,25,0,21,1,101,-1,0,0,1,0,0,25,0,0,-1,-1,-1,-1,0,0,0,0,0,0,-1,0,0,-1,-1,-1,-1,0,0,0,0,0,0,-1,0,365,0,365,0,0,365,365,30,365,1,1,0,0,0,-1,608011156
1,1,-1,1,0,0,1,0,5,1,0,0,25,0,21,1,116,-1,0,0,1,0,0,25,0,0,-1,-1,-1,-1,0,0,0,0,0,0,-1,0,0,-1,-1,-1,-1,0,0,0,0,0,0,-1,0,90,0,90,0,0,90,90,7,90,1,1,0,0,0,-1,608011156
1,1,-1,1,0,0,1,0,5,1,0,0,25,0,21,1,116,-1,0,0,1,0,0,25,0,0,-1,-1,-1,-1,0,0,0,0,0,0,-1,0,0,-1,-1,-1,-1,0,0,0,0,0,0,-1,0,90,0,90,0,0,90,90,60,180,1,1,0,0,0,-1,608011156
1,1,-1,1,0,0,1,0,5,1,0,0,25,0,21,1,116,-1,0,0,1,0,0,25,0,0,-1,-1,-1,-1,0,0,0,0,0,0,-1,0,0,-1,-1,-1,-1,0,0,0,0,0,0,-1,0,180,0,180,0,0,180,180,30,365,1,1,0,0,0,-1,608011156
1,1,-1,1,0,0,1,0,5,1,0,0,25,0,21,1,204,-1,0,0,1,0,0,25,0,0,-1,-1,-1,-1,0,0,0,0,0,0,-1,0,0,-1,-1,-1,-1,0,0,0,0,0,0,-1,0,180,0,180,0,0,180,180,180,365,1,1,0,0,0,-1,608011156
1,1,-1,1,0,0,1,0,5,1,0,0,25,0,21,1,205,-1,0,0,1,0,0,25,0,0,-1,-1,-1,-1,0,0,0,0,0,0,-1,0,0,-1,-1,-1,-1,0,0,0,0,0,0,-1,0,180,0,180,0,0,180,180,180,365,1,1,0,0,0,-1,608011156
1,1,-1,1,0,0,1,0,5,1,0,0,25,0,21,1,206,-1,0,0,1,0,0,25,0,0,-1,-1,-1,-1,0,0,0,0,0,0,-1,0,0,-1,-1,-1,-1,0,0,0,0,0,0,-1,0,180,0,180,0,0,180,180,7,180,1,1,0,0,0,-1,608011156
1,1,-1,1,0,0,1,0,5,1,0,0,25,0,21,1,206,-1,0,0,1,0,0,25,0,0,-1,-1,-1,-1,0,0,0,0,0,0,-1,0,0,-1,-1,-1,-1,0,0,0,0,0,0,-1,0,180,0,180,0,0,180,180,30,180,1,1,0,0,0,-1,608011156
1,1,-1,1,0,0,1,0,5,1,0,0,25,0,21,1,207,-1,0,0,1,0,0,25,0,0,-1,-1,-1,-1,0,0,0,0,0,0,-1,0,0,-1,-1,-1,-1,0,0,0,0,0,0,-1,0,365,0,365,0,0,365,365,7,365,1,1,0,0,0,-1,608011156
1,1,-1,1,0,0,1,0,5,1,0,0,25,0,21,1,314,-1,0,0,1,0,0,25,0,0,-1,-1,-1,-1,0,0,0,0,0,0,-1,0,0,-1,-1,-1,-1,0,0,0,0,0,0,-1,0,30,0,30,0,0,30,30,1095,1095,1,1,0,0,0,-1,608011156
1,1,-1,1,0,0,1,0,5,1,0,0,25,0,21,1,335,-1,0,0,1,0,0,25,0,0,-1,-1,-1,-1,0,0,0,0,0,0,-1,0,0,-1,-1,-1,-1,0,0,0,0,0,0,-1,0,90,0,90,0,0,90,90,7,90,1,1,0,0,0,-1,608011156
1,1,-1,1,0,0,1,0,5,1,0,0,25,0,21,1,336,-1,0,0,1,0,0,25,0,0,-1,-1,-1,-1,0,0,0,0,0,0,-1,0,0,-1,-1,-1,-1,0,0,0,0,0,0,-1,0,0,180,180,0,0,180,180,0,180,2,1,0,0,0,-1,608011156
1,1,-1,1,0,0,1,0,5,1,0,0,25,0,21,1,336,-1,0,0,1,0,0,25,0,0,-1,-1,-1,-1,0,0,0,0,0,0,-1,0,0,-1,-1,-1,-1,0,0,0,0,0,0,-1,0,90,0,90,0,0,90,90,0,90,1,1,0,0,0,-1,608011156
1,1,-1,1,0,0,1,0,5,1,0,0,25,0,21,1,336,-1,0,0,1,0,0,25,0,0,-1,-1,-1,-1,0,0,0,0,0,0,-1,0,0,-1,-1,-1,-1,0,0,0,0,0,0,-1,0,180,0,180,0,0,180,180,30,180,1,1,0,0,0,-1,608011156
1,1,-1,1,0,0,1,0,5,1,0,0,25,0,21,3,116,-1,0,0,1,0,0,25,0,0,-1,-1,-1,-1,0,0,0,0,0,0,-1,0,0,-1,-1,-1,-1,0,0,0,0,0,0,-1,0,90,0,90,0,0,90,90,180,365,1,1,0,0,0,-1,608011156
1,1,-1,1,0,0,1,0,5,1,0,0,25,0,21,3,204,-1,0,0,1,0,0,25,0,0,-1,-1,-1,-1,0,0,0,0,0,0,-1,0,0,-1,-1,-1,-1,0,0,0,0,0,0,-1,0,180,0,180,0,0,180,180,180,365,1,1,0,0,0,-1,608011156
1,1,-1,1,0,0,1,0,5,1,0,0,25,0,21,3,335,-1,0,0,1,0,0,25,0,0,-1,-1,-1,-1,0,0,0,0,0,0,-1,0,0,-1,-1,-1,-1,0,0,0,0,0,0,-1,0,180,0,180,0,0,180,180,0,180,1,1,0,0,0,-1,608011156
1,1,-1,1,0,0,1,0,5,1,0,0,25,0,21,3,336,-1,0,0,1,0,0,25,0,0,-1,-1,-1,-1,0,0,0,0,0,0,-1,0,0,-1,-1,-1,-1,0,0,0,0,0,0,-1,0,180,0,180,0,0,180,180,0,180,1,1,0,0,0,-1,608011156
1,1,-1,1,0,0,1,0,5,1,0,0,25,0,22,1,99,99,0,0,1,0,0,25,0,0,-1,-1,-1,-1,0,0,0,0,0,0,-1,0,0,-1,-1,-1,-1,0,0,0,0,0,0,-1,0,7,0,7,0,0,7,7,180,180,1,1,0,0,0,-1,608011156
1,1,-1,1,0,0,1,0,5,1,0,0,25,0,22,1,99,99,0,0,1,0,0,25,0,0,-1,-1,-1,-1,0,0,0,0,0,0,-1,0,0,-1,-1,-1,-1,0,0,0,0,0,0,-1,0,7,0,7,0,0,7,7,730,730,1,1,0,0,0,-1,608011156
1,1,-1,1,0,0,1,0,5,1,0,0,25,0,22,1,99,99,0,0,1,0,0,25,0,0,-1,-1,-1,-1,0,0,0,0,0,0,-1,0,0,-1,-1,-1,-1,0,0,0,0,0,0,-1,0,30,0,30,0,0,30,30,7,30,1,1,0,0,0,-1,608011156
1,1,-1,1,0,0,1,0,5,1,0,0,25,0,22,1,99,99,0,0,1,0,0,25,0,0,-1,-1,-1,-1,0,0,0,0,0,0,-1,0,0,-1,-1,-1,-1,0,0,0,0,0,0,-1,0,30,0,30,0,0,30,30,60,60,1,1,0,0,0,-1,608011156
1,1,-1,1,0,0,1,0,5,1,0,0,25,0,22,1,99,99,0,0,1,0,0,25,0,0,-1,-1,-1,-1,0,0,0,0,0,0,-1,0,0,-1,-1,-1,-1,0,0,0,0,0,0,-1,0,30,0,30,0,0,30,30,90,90,1,1,0,0,0,-1,608011156
1,1,-1,1,0,0,1,0,5,1,0,0,25,0,22,1,99,99,0,0,1,0,0,25,0,0,-1,-1,-1,-1,0,0,0,0,0,0,-1,0,0,-1,-1,-1,-1,0,0,0,0,0,0,-1,0,30,0,30,0,0,30,30,180,365,1,1,0,0,0,-1,608011156
1,1,-1,1,0,0,1,0,5,1,0,0,25,0,22,1,101,99,0,0,1,0,0,25,0,0,-1,-1,-1,-1,0,0,0,0,0,0,-1,0,0,-1,-1,-1,-1,0,0,0,0,0,0,-1,0,7,0,7,0,0,7,7,60,60,1,1,0,0,0,-1,608011156
1,1,-1,1,0,0,1,0,5,1,0,0,25,0,22,1,101,99,0,0,1,0,0,25,0,0,-1,-1,-1,-1,0,0,0,0,0,0,-1,0,0,-1,-1,-1,-1,0,0,0,0,0,0,-1,0,30,0,30,0,0,30,30,180,180,1,1,0,0,0,-1,608011156
1,1,-1,1,0,0,1,0,5,1,0,0,25,0,22,1,101,99,0,0,1,0,0,25,0,0,-1,-1,-1,-1,0,0,0,0,0,0,-1,0,0,-1,-1,-1,-1,0,0,0,0,0,0,-1,0,180,0,180,0,0,180,180,60,180,1,1,0,0,0,-1,608011156
1,1,-1,1,0,0,1,0,5,1,0,0,25,0,22,1,101,99,0,0,1,0,0,25,0,0,-1,-1,-1,-1,0,0,0,0,0,0,-1,0,0,-1,-1,-1,-1,0,0,0,0,0,0,-1,0,180,0,180,0,0,180,180,180,365,1,1,0,0,0,-1,608011156
1,1,-1,1,0,0,1,0,5,1,0,0,25,0,22,1,101,101,0,0,1,0,0,25,0,0,-1,-1,-1,-1,0,0,0,0,0,0,-1,0,0,-1,-1,-1,-1,0,0,0,0,0,0,-1,0,30,0,30,0,0,30,30,0,30,1,1,0,0,0,-1,608011156
1,1,-1,1,0,0,1,0,5,1,0,0,25,0,22,1,101,101,0,0,1,0,0,25,0,0,-1,-1,-1,-1,0,0,0,0,0,0,-1,0,0,-1,-1,-1,-1,0,0,0,0,0,0,-1,0,30,0,30,0,0,30,30,7,30,1,1,0,0,0,-1,608011156
1,1,-1,1,0,0,1,0,5,1,0,0,25,0,22,1,101,116,0,0,1,0,0,25,0,0,-1,-1,-1,-1,0,0,0,0,0,0,-1,0,0,-1,-1,-1,-1,0,0,0,0,0,0,-1,0,60,0,60,0,0,60,60,7,60,1,1,0,0,0,-1,608011156
1,1,-1,1,0,0,1,0,5,1,0,0,25,0,22,1,101,118,0,0,1,0,0,25,0,0,-1,-1,-1,-1,0,0,0,0,0,0,-1,0,0,-1,-1,-1,-1,0,0,0,0,0,0,-1,0,30,0,30,0,0,30,30,7,30,1,1,0,0,0,-1,608011156
1,1,-1,1,0,0,1,0,5,1,0,0,25,0,22,1,101,206,0,0,1,0,0,25,0,0,-1,-1,-1,-1,0,0,0,0,0,0,-1,0,0,-1,-1,-1,-1,0,0,0,0,0,0,-1,0,90,0,90,0,0,90,90,30,90,1,1,0,0,0,-1,608011156
1,1,-1,1,0,0,1,0,5,1,0,0,25,0,22,1,101,312,0,0,1,0,0,25,0,0,-1,-1,-1,-1,0,0,0,0,0,0,-1,0,0,-1,-1,-1,-1,0,0,0,0,0,0,-1,0,90,0,90,0,0,90,90,7,90,1,1,0,0,0,-1,608011156
1,1,-1,1,0,0,1,0,5,1,0,0,25,0,22,1,101,410,0,0,1,0,0,25,0,0,-1,-1,-1,-1,0,0,0,0,0,0,-1,0,0,-1,-1,-1,-1,0,0,0,0,0,0,-1,0,180,0,180,0,0,180,180,0,180,1,1,0,0,0,-1,608011156
1,1,-1,1,0,0,1,0,5,1,0,0,25,0,22,1,101,422,0,0,1,0,0,25,0,0,-1,-1,-1,-1,0,0,0,0,0,0,-1,0,0,-1,-1,-1,-1,0,0,0,0,0,0,-1,0,60,0,60,0,0,60,60,30,90,1,1,0,0,0,-1,608011156
1,1,-1,1,0,0,1,0,5,1,0,0,25,0,22,1,101,422,0,0,1,0,0,25,0,0,-1,-1,-1,-1,0,0,0,0,0,0,-1,0,0,-1,-1,-1,-1,0,0,0,0,0,0,-1,0,60,0,60,0,0,60,60,180,180,1,1,0,0,0,-1,608011156
1,1,-1,1,0,0,1,0,5,1,0,0,25,0,22,1,101,422,0,0,1,0,0,25,0,0,-1,-1,-1,-1,0,0,0,0,0,0,-1,0,0,-1,-1,-1,-1,0,0,0,0,0,0,-1,0,90,0,90,0,0,90,90,7,90,1,1,0,0,0,-1,608011156
1,1,-1,1,0,0,1,0,5,1,0,0,25,0,22,1,101,422,0,0,1,0,0,25,0,0,-1,-1,-1,-1,0,0,0,0,0,0,-1,0,0,-1,-1,-1,-1,0,0,0,0,0,0,-1,0,180,0,180,0,0,180,180,30,180,1,1,0,0,0,-1,608011156
1,1,-1,1,0,0,1,0,5,1,0,0,25,0,22,1,101,423,0,0,1,0,0,25,0,0,-1,-1,-1,-1,0,0,0,0,0,0,-1,0,0,-1,-1,-1,-1,0,0,0,0,0,0,-1,0,30,0,30,0,0,30,30,0,30,1,1,0,0,0,-1,608011156
1,1,-1,1,0,0,1,0,5,1,0,0,25,0,22,1,101,423,0,0,1,0,0,25,0,0,-1,-1,-1,-1,0,0,0,0,0,0,-1,0,0,-1,-1,-1,-1,0,0,0,0,0,0,-1,0,30,0,30,0,0,30,30,7,30,1,1,0,0,0,-1,608011156
1,1,-1,1,0,0,1,0,5,1,0,0,25,0,22,1,101,423,0,0,1,0,0,25,0,0,-1,-1,-1,-1,0,0,0,0,0,0,-1,0,0,-1,-1,-1,-1,0,0,0,0,0,0,-1,0,90,0,90,0,0,90,90,0,90,1,1,0,0,0,-1,608011156
1,1,-1,1,0,0,1,0,5,1,0,0,25,0,22,1,116,99,0,0,1,0,0,25,0,0,-1,-1,-1,-1,0,0,0,0,0,0,-1,0,0,-1,-1,-1,-1,0,0,0,0,0,0,-1,0,30,0,30,0,0,30,30,7,30,1,1,0,0,0,-1,608011156
1,1,-1,1,0,0,1,0,5,1,0,0,25,0,22,1,116,99,0,0,1,0,0,25,0,0,-1,-1,-1,-1,0,0,0,0,0,0,-1,0,0,-1,-1,-1,-1,0,0,0,0,0,0,-1,0,30,0,30,0,0,30,30,7,60,1,1,0,0,0,-1,608011156
1,1,-1,1,0,0,1,0,5,1,0,0,25,0,22,1,116,99,0,0,1,0,0,25,0,0,-1,-1,-1,-1,0,0,0,0,0,0,-1,0,0,-1,-1,-1,-1,0,0,0,0,0,0,-1,0,30,0,30,0,0,30,30,180,180,1,1,0,0,0,-1,608011156
3,1,-1,1,0,0,1,0,5,1,0,0,25,0,22,1,116,99,0,0,1,0,0,25,0,0,-1,-1,-1,-1,0,0,0,0,0,0,-1,0,0,-1,-1,-1,-1,0,0,0,0,0,0,-1,0,60,0,60,0,0,60,60,30,60,1,1,0,0,0,-1,608011156
1,1,-1,1,0,0,1,0,5,1,0,0,25,0,22,1,116,99,0,0,1,0,0,25,0,0,-1,-1,-1,-1,0,0,0,0,0,0,-1,0,0,-1,-1,-1,-1,0,0,0,0,0,0,-1,0,60,0,60,0,0,60,60,60,90,1,1,0,0,0,-1,608011156
1,1,-1,1,0,0,1,0,5,1,0,0,25,0,22,1,116,99,0,0,1,0,0,25,0,0,-1,-1,-1,-1,0,0,0,0,0,0,-1,0,0,-1,-1,-1,-1,0,0,0,0,0,0,-1,0,60,0,60,0,0,60,60,90,180,1,1,0,0,0,-1,608011156
1,1,-1,1,0,0,1,0,5,1,0,0,25,0,22,1,116,116,0,0,1,0,0,25,0,0,-1,-1,-1,-1,0,0,0,0,0,0,-1,0,0,-1,-1,-1,-1,0,0,0,0,0,0,-1,0,30,0,30,0,0,30,30,365,365,1,1,0,0,0,-1,608011156
1,1,-1,1,0,0,1,0,5,1,0,0,25,0,22,1,116,206,0,0,1,0,0,25,0,0,-1,-1,-1,-1,0,0,0,0,0,0,-1,0,0,-1,-1,-1,-1,0,0,0,0,0,0,-1,0,60,0,60,0,0,60,60,30,90,1,1,0,0,0,-1,608011156
1,1,-1,1,0,0,1,0,5,1,0,0,25,0,22,1,116,313,0,0,1,0,0,25,0,0,-1,-1,-1,-1,0,0,0,0,0,0,-1,0,0,-1,-1,-1,-1,0,0,0,0,0,0,-1,0,60,0,60,0,0,60,60,180,180,1,1,0,0,0,-1,608011156
1,1,-1,1,0,0,1,0,5,1,0,0,25,0,22,1,116,314,0,0,1,0,0,25,0,0,-1,-1,-1,-1,0,0,0,0,0,0,-1,0,0,-1,-1,-1,-1,0,0,0,0,0,0,-1,0,30,0,30,0,0,30,30,180,365,1,1,0,0,0,-1,608011156
1,1,-1,1,0,0,1,0,5,1,0,0,25,0,22,1,116,314,0,0,1,0,0,25,0,0,-1,-1,-1,-1,0,0,0,0,0,0,-1,0,0,-1,-1,-1,-1,0,0,0,0,0,0,-1,0,90,0,90,0,0,90,90,60,180,1,1,0,0,0,-1,608011156
1,1,-1,1,0,0,1,0,5,1,0,0,25,0,22,1,116,410,0,0,1,0,0,25,0,0,-1,-1,-1,-1,0,0,0,0,0,0,-1,0,0,-1,-1,-1,-1,0,0,0,0,0,0,-1,0,60,0,60,0,0,60,60,7,60,1,1,0,0,0,-1,608011156
1,1,-1,1,0,0,1,0,5,1,0,0,25,0,22,1,116,410,0,0,1,0,0,25,0,0,-1,-1,-1,-1,0,0,0,0,0,0,-1,0,0,-1,-1,-1,-1,0,0,0,0,0,0,-1,0,60,0,60,0,0,60,60,30,60,1,1,0,0,0,-1,608011156
1,1,-1,1,0,0,1,0,5,1,0,0,25,0,22,1,116,423,0,0,1,0,0,25,0,0,-1,-1,-1,-1,0,0,0,0,0,0,-1,0,0,-1,-1,-1,-1,0,0,0,0,0,0,-1,0,30,0,30,0,0,30,30,90,90,1,1,0,0,0,-1,608011156
1,1,-1,1,0,0,1,0,5,1,0,0,25,0,22,1,118,313,0,0,1,0,0,25,0,0,-1,-1,-1,-1,0,0,0,0,0,0,-1,0,0,-1,-1,-1,-1,0,0,0,0,0,0,-1,0,30,0,30,0,0,30,30,30,30,1,1,0,0,0,-1,608011156
1,1,-1,1,0,0,1,0,5,1,0,0,25,0,22,1,204,98,0,0,1,0,0,25,0,0,-1,-1,-1,-1,0,0,0,0,0,0,-1,0,0,-1,-1,-1,-1,0,0,0,0,0,0,-1,0,60,0,60,0,0,60,60,7,60,1,1,0,0,0,-1,608011156
1,1,-1,1,0,0,1,0,5,1,0,0,25,0,22,1,204,99,0,0,1,0,0,25,0,0,-1,-1,-1,-1,0,0,0,0,0,0,-1,0,0,-1,-1,-1,-1,0,0,0,0,0,0,-1,0,30,0,30,0,0,30,30,180,180,1,1,0,0,0,-1,608011156
1,1,-1,1,0,0,1,0,5,1,0,0,25,0,22,1,204,99,0,0,1,0,0,25,0,0,-1,-1,-1,-1,0,0,0,0,0,0,-1,0,0,-1,-1,-1,-1,0,0,0,0,0,0,-1,0,60,0,60,0,0,60,60,7,60,1,1,0,0,0,-1,608011156
1,1,-1,1,0,0,1,0,5,1,0,0,25,0,22,1,204,207,0,0,1,0,0,25,0,0,-1,-1,-1,-1,0,0,0,0,0,0,-1,0,0,-1,-1,-1,-1,0,0,0,0,0,0,-1,0,30,0,30,0,0,30,30,7,30,1,1,0,0,0,-1,608011156
1,1,-1,1,0,0,1,0,5,1,0,0,25,0,22,1,204,225,0,0,1,0,0,25,0,0,-1,-1,-1,-1,0,0,0,0,0,0,-1,0,0,-1,-1,-1,-1,0,0,0,0,0,0,-1,0,30,0,30,0,0,30,30,0,30,1,1,0,0,0,-1,608011156
1,1,-1,1,0,0,1,0,5,1,0,0,25,0,22,1,204,312,0,0,1,0,0,25,0,0,-1,-1,-1,-1,0,0,0,0,0,0,-1,0,0,-1,-1,-1,-1,0,0,0,0,0,0,-1,0,30,0,30,0,0,30,30,60,90,1,1,0,0,0,-1,608011156
1,1,-1,1,0,0,1,0,5,1,0,0,25,0,22,1,204,312,0,0,1,0,0,25,0,0,-1,-1,-1,-1,0,0,0,0,0,0,-1,0,0,-1,-1,-1,-1,0,0,0,0,0,0,-1,0,60,0,60,0,0,60,60,30,60,1,1,0,0,0,-1,608011156
1,1,-1,1,0,0,1,0,5,1,0,0,25,0,22,1,204,313,0,0,1,0,0,25,0,0,-1,-1,-1,-1,0,0,0,0,0,0,-1,0,0,-1,-1,-1,-1,0,0,0,0,0,0,-1,0,30,0,30,0,0,30,30,7,30,1,1,0,0,0,-1,608011156
1,1,-1,1,0,0,1,0,5,1,0,0,25,0,22,1,204,410,0,0,1,0,0,25,0,0,-1,-1,-1,-1,0,0,0,0,0,0,-1,0,0,-1,-1,-1,-1,0,0,0,0,0,0,-1,0,60,0,60,0,0,60,60,7,60,1,1,0,0,0,-1,608011156
1,1,-1,1,0,0,1,0,5,1,0,0,25,0,22,1,204,423,0,0,1,0,0,25,0,0,-1,-1,-1,-1,0,0,0,0,0,0,-1,0,0,-1,-1,-1,-1,0,0,0,0,0,0,-1,0,30,0,30,0,0,30,30,60,60,1,1,0,0,0,-1,608011156
1,1,-1,1,0,0,1,0,5,1,0,0,25,0,22,1,205,99,0,0,1,0,0,25,0,0,-1,-1,-1,-1,0,0,0,0,0,0,-1,0,0,-1,-1,-1,-1,0,0,0,0,0,0,-1,0,7,0,7,0,0,7,7,7,7,1,1,0,0,0,-1,608011156
1,1,-1,1,0,0,1,0,5,1,0,0,25,0,22,1,205,99,0,0,1,0,0,25,0,0,-1,-1,-1,-1,0,0,0,0,0,0,-1,0,0,-1,-1,-1,-1,0,0,0,0,0,0,-1,0,30,0,30,0,0,30,30,30,60,1,1,0,0,0,-1,608011156
1,1,-1,1,0,0,1,0,5,1,0,0,25,0,22,1,205,206,0,0,1,0,0,25,0,0,-1,-1,-1,-1,0,0,0,0,0,0,-1,0,0,-1,-1,-1,-1,0,0,0,0,0,0,-1,0,0,60,60,0,0,60,60,0,60,2,1,0,0,0,-1,608011156
1,1,-1,1,0,0,1,0,5,1,0,0,25,0,22,1,205,302,0,0,1,0,0,25,0,0,-1,-1,-1,-1,0,0,0,0,0,0,-1,0,0,-1,-1,-1,-1,0,0,0,0,0,0,-1,0,0,30,30,0,0,30,30,0,30,2,1,0,0,0,-1,608011156
1,1,-1,1,0,0,1,0,5,1,0,0,25,0,22,1,205,410,0,0,1,0,0,25,0,0,-1,-1,-1,-1,0,0,0,0,0,0,-1,0,0,-1,-1,-1,-1,0,0,0,0,0,0,-1,0,0,60,60,0,0,60,60,0,60,2,1,0,0,0,-1,608011156
1,1,-1,1,0,0,1,0,5,1,0,0,25,0,22,1,205,410,0,0,1,0,0,25,0,0,-1,-1,-1,-1,0,0,0,0,0,0,-1,0,0,-1,-1,-1,-1,0,0,0,0,0,0,-1,0,60,0,60,0,0,60,60,365,365,1,1,0,0,0,-1,608011156
1,1,-1,1,0,0,1,0,5,1,0,0,25,0,22,1,205,410,0,0,1,0,0,25,0,0,-1,-1,-1,-1,0,0,0,0,0,0,-1,0,0,-1,-1,-1,-1,0,0,0,0,0,0,-1,0,180,0,180,0,0,180,180,0,180,1,1,0,0,0,-1,608011156
1,1,-1,1,0,0,1,0,5,1,0,0,25,0,22,1,206,98,0,0,1,0,0,25,0,0,-1,-1,-1,-1,0,0,0,0,0,0,-1,0,0,-1,-1,-1,-1,0,0,0,0,0,0,-1,0,30,0,30,0,0,30,30,30,60,1,1,0,0,0,-1,608011156
1,1,-1,1,0,0,1,0,5,1,0,0,25,0,22,1,206,99,0,0,1,0,0,25,0,0,-1,-1,-1,-1,0,0,0,0,0,0,-1,0,0,-1,-1,-1,-1,0,0,0,0,0,0,-1,0,30,0,30,0,0,30,30,0,30,1,1,0,0,0,-1,608011156
1,1,-1,1,0,0,1,0,5,1,0,0,25,0,22,1,206,99,0,0,1,0,0,25,0,0,-1,-1,-1,-1,0,0,0,0,0,0,-1,0,0,-1,-1,-1,-1,0,0,0,0,0,0,-1,0,30,0,30,0,0,30,30,30,30,1,1,0,0,0,-1,608011156
1,1,-1,1,0,0,1,0,5,1,0,0,25,0,22,1,206,99,0,0,1,0,0,25,0,0,-1,-1,-1,-1,0,0,0,0,0,0,-1,0,0,-1,-1,-1,-1,0,0,0,0,0,0,-1,0,30,0,30,0,0,30,30,730,730,1,1,0,0,0,-1,608011156
2,1,-1,1,0,0,1,0,5,1,0,0,25,0,22,1,206,99,0,0,1,0,0,25,0,0,-1,-1,-1,-1,0,0,0,0,0,0,-1,0,0,-1,-1,-1,-1,0,0,0,0,0,0,-1,0,60,0,60,0,0,60,60,90,180,1,1,0,0,0,-1,608011156
1,1,-1,1,0,0,1,0,5,1,0,0,25,0,22,1,206,410,0,0,1,0,0,25,0,0,-1,-1,-1,-1,0,0,0,0,0,0,-1,0,0,-1,-1,-1,-1,0,0,0,0,0,0,-1,0,0,180,180,0,0,180,180,30,180,2,1,0,0,0,-1,608011156
1,1,-1,1,0,0,1,0,5,1,0,0,25,0,22,1,206,422,0,0,1,0,0,25,0,0,-1,-1,-1,-1,0,0,0,0,0,0,-1,0,0,-1,-1,-1,-1,0,0,0,0,0,0,-1,0,90,0,90,0,0,90,90,30,90,1,1,0,0,0,-1,608011156
1,1,-1,1,0,0,1,0,5,1,0,0,25,0,22,1,206,423,0,0,1,0,0,25,0,0,-1,-1,-1,-1,0,0,0,0,0,0,-1,0,0,-1,-1,-1,-1,0,0,0,0,0,0,-1,0,60,0,60,0,0,60,60,30,90,1,1,0,0,0,-1,608011156
1,1,-1,1,0,0,1,0,5,1,0,0,25,0,22,1,207,99,0,0,1,0,0,25,0,0,-1,-1,-1,-1,0,0,0,0,0,0,-1,0,0,-1,-1,-1,-1,0,0,0,0,0,0,-1,0,60,0,60,0,0,60,60,365,547,1,1,0,0,0,-1,608011156
1,1,-1,1,0,0,1,0,5,1,0,0,25,0,22,1,207,302,0,0,1,0,0,25,0,0,-1,-1,-1,-1,0,0,0,0,0,0,-1,0,0,-1,-1,-1,-1,0,0,0,0,0,0,-1,0,0,60,60,0,0,60,60,0,60,2,1,0,0,0,-1,608011156
1,1,-1,1,0,0,1,0,5,1,0,0,25,0,22,1,207,312,0,0,1,0,0,25,0,0,-1,-1,-1,-1,0,0,0,0,0,0,-1,0,0,-1,-1,-1,-1,0,0,0,0,0,0,-1,0,0,30,30,0,0,30,30,0,30,2,1,0,0,0,-1,608011156
1,1,-1,1,0,0,1,0,5,1,0,0,25,0,22,1,207,313,0,0,1,0,0,25,0,21,1,1,336,-1,30,0,0,1,0,0,25,0,0,-1,-1,-1,-1,0,0,0,0,0,0,-1,0,30,0,30,7,365,365,30,7,60,5,1,1,0,0,-1,608011156
1,1,-1,1,0,0,1,0,5,1,0,0,25,0,22,1,207,314,0,0,1,0,0,25,0,0,-1,-1,-1,-1,0,0,0,0,0,0,-1,0,0,-1,-1,-1,-1,0,0,0,0,0,0,-1,0,60,0,60,0,0,60,60,7,60,1,1,0,0,0,-1,608011156
1,1,-1,1,0,0,1,0,5,1,0,0,25,0,22,1,207,329,0,0,1,0,0,25,0,0,-1,-1,-1,-1,0,0,0,0,0,0,-1,0,0,-1,-1,-1,-1,0,0,0,0,0,0,-1,0,30,0,30,0,0,30,30,0,30,1,1,0,0,0,-1,608011156
1,1,-1,1,0,0,1,0,5,1,0,0,25,0,22,1,207,431,0,0,1,0,0,25,0,0,-1,-1,-1,-1,0,0,0,0,0,0,-1,0,0,-1,-1,-1,-1,0,0,0,0,0,0,-1,0,60,0,60,0,0,60,60,730,730,1,1,0,0,0,-1,608011156
1,1,-1,1,0,0,1,0,5,1,0,0,25,0,22,1,314,98,0,0,1,0,0,25,0,0,-1,-1,-1,-1,0,0,0,0,0,0,-1,0,0,-1,-1,-1,-1,0,0,0,0,0,0,-1,0,30,0,30,0,0,30,30,1095,1095,1,1,0,0,0,-1,608011156
1,1,-1,1,0,0,1,0,5,1,0,0,25,0,22,1,314,99,0,0,1,0,0,25,0,0,-1,-1,-1,-1,0,0,0,0,0,0,-1,0,0,-1,-1,-1,-1,0,0,0,0,0,0,-1,0,7,0,7,0,0,7,7,90,90,1,1,0,0,0,-1,608011156
1,1,-1,1,0,0,1,0,5,1,0,0,25,0,22,1,314,116,0,0,1,0,0,25,0,0,-1,-1,-1,-1,0,0,0,0,0,0,-1,0,0,-1,-1,-1,-1,0,0,0,0,0,0,-1,0,60,0,60,0,0,60,60,547,547,1,1,0,0,0,-1,608011156
1,1,-1,1,0,0,1,0,5,1,0,0,25,0,22,1,314,313,0,0,1,0,0,25,0,0,-1,-1,-1,-1,0,0,0,0,0,0,-1,0,0,-1,-1,-1,-1,0,0,0,0,0,0,-1,0,0,60,60,0,0,60,60,0,60,2,1,0,0,0,-1,608011156
1,1,-1,1,0,0,1,0,5,1,0,0,25,0,22,1,314,423,0,0,1,0,0,25,0,0,-1,-1,-1,-1,0,0,0,0,0,0,-1,0,0,-1,-1,-1,-1,0,0,0,0,0,0,-1,0,30,0,30,0,0,30,30,0,30,1,1,0,0,0,-1,608011156
1,1,-1,1,0,0,1,0,5,1,0,0,25,0,22,1,314,431,0,0,1,0,0,25,0,0,-1,-1,-1,-1,0,0,0,0,0,0,-1,0,0,-1,-1,-1,-1,0,0,0,0,0,0,-1,0,60,0,60,0,0,60,60,7,60,1,1,0,0,0,-1,608011156
1,1,-1,1,0,0,1,0,5,1,0,0,25,0,22,1,335,99,0,0,1,0,0,25,0,0,-1,-1,-1,-1,0,0,0,0,0,0,-1,0,0,-1,-1,-1,-1,0,0,0,0,0,0,-1,0,30,0,30,0,0,30,30,0,30,1,1,0,0,0,-1,608011156
1,1,-1,1,0,0,1,0,5,1,0,0,25,0,22,1,335,99,0,0,1,0,0,25,0,0,-1,-1,-1,-1,0,0,0,0,0,0,-1,0,0,-1,-1,-1,-1,0,0,0,0,0,0,-1,0,30,0,30,0,0,30,30,7,30,1,1,0,0,0,-1,608011156
1,1,-1,1,0,0,1,0,5,1,0,0,25,0,22,1,335,99,0,0,1,0,0,25,0,0,-1,-1,-1,-1,0,0,0,0,0,0,-1,0,0,-1,-1,-1,-1,0,0,0,0,0,0,-1,0,180,0,180,0,0,180,180,0,180,1,1,0,0,0,-1,608011156
1,1,-1,1,0,0,1,0,5,1,0,0,25,0,22,1,335,312,0,0,1,0,0,25,0,0,-1,-1,-1,-1,0,0,0,0,0,0,-1,0,0,-1,-1,-1,-1,0,0,0,0,0,0,-1,0,0,60,60,0,0,60,60,0,60,2,1,0,0,0,-1,608011156
1,1,-1,1,0,0,1,0,5,1,0,0,25,0,22,1,335,312,0,0,1,0,0,25,0,0,-1,-1,-1,-1,0,0,0,0,0,0,-1,0,0,-1,-1,-1,-1,0,0,0,0,0,0,-1,0,30,0,30,0,0,30,30,0,30,1,1,0,0,0,-1,608011156
1,1,-1,1,0,0,1,0,5,1,0,0,25,0,22,1,335,312,0,0,1,0,0,25,0,0,-1,-1,-1,-1,0,0,0,0,0,0,-1,0,0,-1,-1,-1,-1,0,0,0,0,0,0,-1,0,30,0,30,0,0,30,30,7,30,1,1,0,0,0,-1,608011156
1,1,-1,1,0,0,1,0,5,1,0,0,25,0,22,1,335,410,0,0,1,0,0,25,0,0,-1,-1,-1,-1,0,0,0,0,0,0,-1,0,0,-1,-1,-1,-1,0,0,0,0,0,0,-1,0,60,0,60,0,0,60,60,0,60,1,1,0,0,0,-1,608011156
1,1,-1,1,0,0,1,0,5,1,0,0,25,0,22,1,336,99,0,0,1,0,0,25,0,0,-1,-1,-1,-1,0,0,0,0,0,0,-1,0,0,-1,-1,-1,-1,0,0,0,0,0,0,-1,0,30,0,30,0,0,30,30,0,30,1,1,0,0,0,-1,608011156
1,1,-1,1,0,0,1,0,5,1,0,0,25,0,22,1,336,99,0,0,1,0,0,25,0,0,-1,-1,-1,-1,0,0,0,0,0,0,-1,0,0,-1,-1,-1,-1,0,0,0,0,0,0,-1,0,30,0,30,0,0,30,30,7,30,1,1,0,0,0,-1,608011156
1,1,-1,1,0,0,1,0,5,1,0,0,25,0,22,1,336,99,0,0,1,0,0,25,0,0,-1,-1,-1,-1,0,0,0,0,0,0,-1,0,0,-1,-1,-1,-1,0,0,0,0,0,0,-1,0,60,0,60,0,0,60,60,7,60,1,1,0,0,0,-1,608011156
1,1,-1,1,0,0,1,0,5,1,0,0,25,0,22,1,336,99,0,0,1,0,0,25,0,0,-1,-1,-1,-1,0,0,0,0,0,0,-1,0,0,-1,-1,-1,-1,0,0,0,0,0,0,-1,0,60,0,60,0,0,60,60,365,365,1,1,0,0,0,-1,608011156
1,1,-1,1,0,0,1,0,5,1,0,0,25,0,22,1,336,99,0,0,1,0,0,25,0,0,-1,-1,-1,-1,0,0,0,0,0,0,-1,0,0,-1,-1,-1,-1,0,0,0,0,0,0,-1,0,180,0,180,0,0,180,180,7,180,1,1,0,0,0,-1,608011156
1,1,-1,1,0,0,1,0,5,1,0,0,25,0,22,1,336,205,0,0,1,0,0,25,0,0,-1,-1,-1,-1,0,0,0,0,0,0,-1,0,0,-1,-1,-1,-1,0,0,0,0,0,0,-1,0,60,0,60,0,0,60,60,7,60,1,1,0,0,0,-1,608011156
1,1,-1,1,0,0,1,0,5,1,0,0,25,0,22,1,336,302,0,0,1,0,0,25,0,0,-1,-1,-1,-1,0,0,0,0,0,0,-1,0,0,-1,-1,-1,-1,0,0,0,0,0,0,-1,0,90,0,90,0,0,90,90,0,90,1,1,0,0,0,-1,608011156
1,1,-1,1,0,0,1,0,5,1,0,0,25,0,22,1,336,313,0,0,1,0,0,25,0,0,-1,-1,-1,-1,0,0,0,0,0,0,-1,0,0,-1,-1,-1,-1,0,0,0,0,0,0,-1,0,30,0,30,0,0,30,30,30,30,1,1,0,0,0,-1,608011156
1,1,-1,1,0,0,1,0,5,1,0,0,25,0,22,1,336,314,0,0,1,0,0,25,0,0,-1,-1,-1,-1,0,0,0,0,0,0,-1,0,0,-1,-1,-1,-1,0,0,0,0,0,0,-1,0,60,0,60,0,0,60,60,0,60,1,1,0,0,0,-1,608011156
1,1,-1,1,0,0,1,0,5,1,0,0,25,0,22,1,336,410,0,0,1,0,0,25,0,0,-1,-1,-1,-1,0,0,0,0,0,0,-1,0,0,-1,-1,-1,-1,0,0,0,0,0,0,-1,0,60,0,60,0,0,60,60,0,60,1,1,0,0,0,-1,608011156
1,1,-1,1,0,0,1,0,5,1,0,0,25,0,22,1,336,423,0,0,1,0,0,25,0,0,-1,-1,-1,-1,0,0,0,0,0,0,-1,0,0,-1,-1,-1,-1,0,0,0,0,0,0,-1,0,30,0,30,0,0,30,30,0,30,1,1,0,0,0,-1,608011156
1,1,-1,1,0,0,1,0,5,1,0,0,25,0,22,1,410,313,0,0,1,0,0,25,0,0,-1,-1,-1,-1,0,0,0,0,0,0,-1,0,0,-1,-1,-1,-1,0,0,0,0,0,0,-1,0,60,0,60,0,0,60,60,0,60,1,1,0,0,0,-1,608011156
1,1,-1,1,0,0,1,0,5,1,0,0,25,0,22,1,410,410,0,0,1,0,0,25,0,0,-1,-1,-1,-1,0,0,0,0,0,0,-1,0,0,-1,-1,-1,-1,0,0,0,0,0,0,-1,0,0,30,30,0,0,30,30,0,30,2,1,0,0,0,-1,608011156
3,1,-1,1,0,0,1,0,5,1,0,0,25,0,22,1,410,410,0,0,1,0,0,25,0,0,-1,-1,-1,-1,0,0,0,0,0,0,-1,0,0,-1,-1,-1,-1,0,0,0,0,0,0,-1,0,0,60,60,0,0,60,60,0,60,2,1,0,0,0,-1,608011156
1,1,-1,1,0,0,1,0,5,1,0,0,25,0,22,1,410,410,0,0,1,0,0,25,0,0,-1,-1,-1,-1,0,0,0,0,0,0,-1,0,0,-1,-1,-1,-1,0,0,0,0,0,0,-1,0,0,90,90,0,0,90,90,0,90,2,1,0,0,0,-1,608011156
1,1,-1,1,0,0,1,0,5,1,0,0,25,0,22,1,410,410,0,0,1,0,0,25,0,0,-1,-1,-1,-1,0,0,0,0,0,0,-1,0,0,-1,-1,-1,-1,0,0,0,0,0,0,-1,0,0,180,180,0,0,180,180,0,180,2,1,0,0,0,-1,608011156
1,1,-1,1,0,0,1,0,5,1,0,0,25,0,22,1,410,420,0,0,1,0,0,25,0,0,-1,-1,-1,-1,0,0,0,0,0,0,-1,0,0,-1,-1,-1,-1,0,0,0,0,0,0,-1,0,0,180,180,0,0,180,180,0,180,2,1,0,0,0,-1,608011156
1,1,-1,1,0,0,1,0,5,1,0,0,25,0,22,1,410,423,0,0,1,0,0,25,0,0,-1,-1,-1,-1,0,0,0,0,0,0,-1,0,0,-1,-1,-1,-1,0,0,0,0,0,0,-1,0,30,0,30,0,0,30,30,0,30,1,1,0,0,0,-1,608011156
2,1,-1,1,0,0,1,0,5,1,0,0,25,0,22,1,411,411,0,0,1,0,0,25,0,0,-1,-1,-1,-1,0,0,0,0,0,0,-1,0,0,-1,-1,-1,-1,0,0,0,0,0,0,-1,0,0,60,60,0,0,60,60,0,60,2,1,0,0,0,-1,608011156
1,1,-1,1,0,0,1,0,5,1,0,0,25,0,22,1,421,207,0,0,1,0,0,25,0,0,-1,-1,-1,-1,0,0,0,0,0,0,-1,0,0,-1,-1,-1,-1,0,0,0,0,0,0,-1,0,0,30,30,0,0,30,30,0,30,2,1,0,0,0,-1,608011156
1,1,-1,1,0,0,1,0,5,1,0,0,25,0,22,1,440,313,0,0,1,0,0,25,0,0,-1,-1,-1,-1,0,0,0,0,0,0,-1,0,0,-1,-1,-1,-1,0,0,0,0,0,0,-1,0,30,0,30,0,0,30,30,0,30,1,1,0,0,0,-1,608011156
1,1,-1,1,0,0,1,0,5,1,0,0,25,0,22,3,101,204,0,0,1,0,0,25,0,0,-1,-1,-1,-1,0,0,0,0,0,0,-1,0,0,-1,-1,-1,-1,0,0,0,0,0,0,-1,0,30,0,30,0,0,30,30,30,60,1,1,0,0,0,-1,608011156
1,1,-1,1,0,0,1,0,5,1,0,0,25,0,22,3,116,206,0,0,1,0,0,25,0,0,-1,-1,-1,-1,0,0,0,0,0,0,-1,0,0,-1,-1,-1,-1,0,0,0,0,0,0,-1,0,30,0,30,0,0,30,30,7,30,1,1,0,0,0,-1,608011156
1,1,-1,1,0,0,1,0,5,1,0,0,25,0,22,3,116,207,0,0,1,0,0,25,0,0,-1,-1,-1,-1,0,0,0,0,0,0,-1,0,0,-1,-1,-1,-1,0,0,0,0,0,0,-1,0,30,0,30,0,0,30,30,90,90,1,1,0,0,0,-1,608011156
1,1,-1,1,0,0,1,0,5,1,0,0,25,0,22,3,116,312,0,0,1,0,0,25,0,0,-1,-1,-1,-1,0,0,0,0,0,0,-1,0,0,-1,-1,-1,-1,0,0,0,0,0,0,-1,0,30,0,30,0,0,30,30,180,180,1,1,0,0,0,-1,608011156
1,1,-1,1,0,0,1,0,5,1,0,0,25,0,22,3,116,313,0,0,1,0,0,25,0,0,-1,-1,-1,-1,0,0,0,0,0,0,-1,0,0,-1,-1,-1,-1,0,0,0,0,0,0,-1,0,30,0,30,0,0,30,30,7,30,1,1,0,0,0,-1,608011156
1,1,-1,1,0,0,1,0,5,1,0,0,25,0,22,3,116,410,0,0,1,0,0,25,0,0,-1,-1,-1,-1,0,0,0,0,0,0,-1,0,0,-1,-1,-1,-1,0,0,0,0,0,0,-1,0,30,0,30,0,0,30,30,60,90,1,1,0,0,0,-1,608011156
1,1,-1,1,0,0,1,0,5,1,0,0,25,0,22,3,116,410,0,0,1,0,0,25,0,0,-1,-1,-1,-1,0,0,0,0,0,0,-1,0,0,-1,-1,-1,-1,0,0,0,0,0,0,-1,0,90,0,90,0,0,90,90,30,180,1,1,0,0,0,-1,608011156
1,1,-1,1,0,0,1,0,5,1,0,0,25,0,22,3,116,422,0,0,1,0,0,25,0,0,-1,-1,-1,-1,0,0,0,0,0,0,-1,0,0,-1,-1,-1,-1,0,0,0,0,0,0,-1,0,60,0,60,0,0,60,60,0,60,1,1,0,0,0,-1,608011156
1,1,-1,1,0,0,1,0,5,1,0,0,25,0,22,3,204,312,0,0,1,0,0,25,0,0,-1,-1,-1,-1,0,0,0,0,0,0,-1,0,0,-1,-1,-1,-1,0,0,0,0,0,0,-1,0,60,0,60,0,0,60,60,60,180,1,1,0,0,0,-1,608011156
1,1,-1,1,0,0,1,0,5,1,0,0,25,0,22,3,205,99,0,0,1,0,0,25,0,0,-1,-1,-1,-1,0,0,0,0,0,0,-1,0,0,-1,-1,-1,-1,0,0,0,0,0,0,-1,0,30,0,30,0,0,30,30,7,30,1,1,0,0,0,-1,608011156
1,1,-1,1,0,0,1,0,5,1,0,0,25,0,22,3,205,313,0,0,1,0,0,25,0,0,-1,-1,-1,-1,0,0,0,0,0,0,-1,0,0,-1,-1,-1,-1,0,0,0,0,0,0,-1,0,60,0,60,0,0,60,60,180,180,1,1,0,0,0,-1,608011156
1,1,-1,1,0,0,1,0,5,1,0,0,25,0,22,3,206,206,0,0,1,0,0,25,0,0,-1,-1,-1,-1,0,0,0,0,0,0,-1,0,0,-1,-1,-1,-1,0,0,0,0,0,0,-1,0,30,0,30,0,0,30,30,0,30,1,1,0,0,0,-1,608011156
1,1,-1,1,0,0,1,0,5,1,0,0,25,0,22,3,206,312,0,0,1,0,0,25,0,0,-1,-1,-1,-1,0,0,0,0,0,0,-1,0,0,-1,-1,-1,-1,0,0,0,0,0,0,-1,0,30,0,30,0,0,30,30,0,30,1,1,0,0,0,-1,608011156
1,1,-1,1,0,0,1,0,5,1,0,0,25,0,22,3,206,312,0,0,1,0,0,25,0,0,-1,-1,-1,-1,0,0,0,0,0,0,-1,0,0,-1,-1,-1,-1,0,0,0,0,0,0,-1,0,60,0,60,0,0,60,60,0,60,1,1,0,0,0,-1,608011156
1,1,-1,1,0,0,1,0,5,1,0,0,25,0,22,3,206,313,0,0,1,0,0,25,0,0,-1,-1,-1,-1,0,0,0,0,0,0,-1,0,0,-1,-1,-1,-1,0,0,0,0,0,0,-1,0,60,0,60,0,0,60,60,30,90,1,1,0,0,0,-1,608011156
1,1,-1,1,0,0,1,0,5,1,0,0,25,0,22,3,314,313,0,0,1,0,0,25,0,0,-1,-1,-1,-1,0,0,0,0,0,0,-1,0,0,-1,-1,-1,-1,0,0,0,0,0,0,-1,0,60,0,60,0,0,60,60,30,90,1,1,0,0,0,-1,608011156
1,1,-1,1,0,0,1,0,5,1,0,0,25,0,22,3,335,98,0,0,1,0,0,25,0,0,-1,-1,-1,-1,0,0,0,0,0,0,-1,0,0,-1,-1,-1,-1,0,0,0,0,0,0,-1,0,30,0,30,0,0,30,30,0,30,1,1,0,0,0,-1,608011156
1,1,-1,1,0,0,1,0,5,1,0,0,25,0,22,3,335,410,0,0,1,0,0,25,0,0,-1,-1,-1,-1,0,0,0,0,0,0,-1,0,0,-1,-1,-1,-1,0,0,0,0,0,0,-1,0,60,0,60,0,0,60,60,0,60,1,1,0,0,0,-1,608011156
2,1,-1,1,0,0,1,0,5,1,0,0,25,0,22,3,336,312,0,0,1,0,0,25,0,0,-1,-1,-1,-1,0,0,0,0,0,0,-1,0,0,-1,-1,-1,-1,0,0,0,0,0,0,-1,0,30,0,30,0,0,30,30,0,30,1,1,0,0,0,-1,608011156
1,1,-1,1,0,0,1,0,5,1,0,0,25,0,22,3,336,410,0,0,1,0,0,25,0,0,-1,-1,-1,-1,0,0,0,0,0,0,-1,0,0,-1,-1,-1,-1,0,0,0,0,0,0,-1,0,30,0,30,0,0,30,30,0,30,1,1,0,0,0,-1,608011156
1,1,-1,1,0,0,1,0,5,1,0,0,25,0,22,3,336,420,0,0,1,0,0,25,0,0,-1,-1,-1,-1,0,0,0,0,0,0,-1,0,0,-1,-1,-1,-1,0,0,0,0,0,0,-1,0,60,0,60,0,0,60,60,90,180,1,1,0,0,0,-1,608011156
1,1,-1,1,0,0,1,0,5,1,0,0,25,0,22,3,336,422,0,0,1,0,0,25,0,0,-1,-1,-1,-1,0,0,0,0,0,0,-1,0,0,-1,-1,-1,-1,0,0,0,0,0,0,-1,0,60,0,60,0,0,60,60,60,90,1,1,0,0,0,-1,608011156
1,1,-1,1,0,0,1,0,5,1,0,0,25,0,22,3,410,420,0,0,1,0,0,25,0,0,-1,-1,-1,-1,0,0,0,0,0,0,-1,0,0,-1,-1,-1,-1,0,0,0,0,0,0,-1,0,90,0,90,0,0,90,90,180,180,1,1,0,0,22,1,608011156
1,1,-1,1,0,0,1,0,5,1,0,0,55,0,0,-1,-1,-1,0,0,0,0,0,-1,0,0,-1,-1,-1,-1,0,0,0,0,0,0,-1,0,0,-1,-1,-1,-1,0,0,0,0,0,0,-1,0,0,0,0,0,0,0,0,0,0,12,0,0,0,12,1,608011156
1,1,-1,1,0,0,1,0,5,1,0,0,55,0,0,-1,-1,-1,0,0,0,0,0,-1,0,21,0,3,116,-1,90,0,0,1,0,0,55,0,0,-1,-1,-1,-1,0,0,0,0,0,0,-1,0,0,0,0,90,0,90,90,60,180,4,0,0,0,0,-1,608011156
1,1,-1,1,0,0,1,0,5,1,0,0,55,0,0,-1,-1,-1,0,0,0,0,0,-1,0,21,0,3,116,-1,180,0,0,1,0,0,55,0,0,-1,-1,-1,-1,0,0,0,0,0,0,-1,0,0,0,0,180,0,180,180,60,365,4,0,0,0,0,-1,608011156
1,1,-1,1,0,0,1,0,5,1,0,0,55,0,0,-1,-1,-1,0,0,0,0,0,-1,0,21,0,3,314,-1,180,0,0,1,0,0,55,0,0,-1,-1,-1,-1,0,0,0,0,0,0,-1,0,0,0,0,180,0,180,180,0,180,4,0,0,0,0,-1,608011156
1,1,-1,1,0,0,1,0,5,1,0,0,55,0,0,-1,-1,-1,0,0,0,0,0,-1,0,21,0,3,336,-1,365,0,0,1,0,0,55,0,0,-1,-1,-1,-1,0,0,0,0,0,0,-1,0,0,0,0,365,0,365,365,0,365,4,0,0,0,0,-1,608011156
1,1,-1,1,0,0,1,0,5,1,0,0,55,0,0,-1,-1,-1,0,0,0,0,0,-1,0,21,0,3,410,-1,180,0,0,1,0,0,55,0,0,-1,-1,-1,-1,0,0,0,0,0,0,-1,0,0,0,0,180,0,180,180,0,180,4,0,0,0,0,-1,608011156
1,1,-1,1,0,0,1,0,5,1,0,0,55,0,0,-1,-1,-1,0,0,0,0,0,-1,0,21,1,1,101,-1,7,0,0,1,0,0,55,0,0,-1,-1,-1,-1,0,0,0,0,0,0,-1,0,0,0,0,7,365,365,7,60,60,4,0,1,0,0,-1,608011156
1,1,-1,1,0,0,1,0,5,1,0,0,55,0,0,-1,-1,-1,0,0,0,0,0,-1,0,21,1,3,116,-1,0,0,0,1,0,0,55,0,0,-1,-1,-1,-1,0,0,0,0,0,0,-1,0,0,0,0,0,180,180,0,365,365,4,0,1,0,0,-1,608011156
1,1,-1,1,0,0,1,0,5,1,0,0,55,0,0,-1,-1,-1,0,0,0,0,0,-1,0,21,1,3,116,-1,7,0,0,1,0,0,55,0,0,-1,-1,-1,-1,0,0,0,0,0,0,-1,0,0,0,0,7,180,180,7,180,180,4,0,1,0,0,-1,608011156
1,1,-1,1,0,0,1,0,5,1,0,0,55,0,0,-1,-1,-1,0,0,0,0,0,-1,0,22,1,1,116,410,7,0,0,1,0,0,55,0,0,-1,-1,-1,-1,0,0,0,0,0,0,-1,0,0,0,0,7,365,365,7,90,90,4,0,1,0,0,-1,608011156
1,1,-1,1,0,0,1,0,5,1,0,0,55,0,0,-1,-1,-1,0,0,0,0,0,-1,0,22,1,1,116,433,90,0,0,1,0,0,55,0,0,-1,-1,-1,-1,0,0,0,0,0,0,-1,0,0,0,0,90,30,90,90,180,365,4,0,1,0,0,-1,608011156
1,1,-1,1,0,0,1,0,5,1,0,0,55,0,21,1,101,-1,0,0,1,0,0,55,0,0,-1,-1,-1,-1,0,0,0,0,0,0,-1,0,0,-1,-1,-1,-1,0,0,0,0,0,0,-1,0,90,0,90,0,0,90,90,60,180,1,1,0,0,0,-1,608011156
1,1,-1,1,0,0,1,0,5,1,0,0,55,0,21,1,101,-1,0,0,1,0,0,55,0,0,-1,-1,-1,-1,0,0,0,0,0,0,-1,0,0,-1,-1,-1,-1,0,0,0,0,0,0,-1,0,180,0,180,0,0,180,180,180,365,1,1,0,0,0,-1,608011156
1,1,-1,1,0,0,1,0,5,1,0,0,55,0,21,1,116,-1,0,0,1,0,0,55,0,0,-1,-1,-1,-1,0,0,0,0,0,0,-1,0,0,-1,-1,-1,-1,0,0,0,0,0,0,-1,0,90,0,90,0,0,90,90,7,90,1,1,0,0,0,-1,608011156
1,1,-1,1,0,0,1,0,5,1,0,0,55,0,21,1,116,-1,0,0,1,0,0,55,0,0,-1,-1,-1,-1,0,0,0,0,0,0,-1,0,0,-1,-1,-1,-1,0,0,0,0,0,0,-1,0,180,0,180,0,0,180,180,60,365,1,1,0,0,0,-1,608011156
1,1,-1,1,0,0,1,0,5,1,0,0,55,0,21,1,116,-1,0,0,1,0,0,55,0,0,-1,-1,-1,-1,0,0,0,0,0,0,-1,0,0,-1,-1,-1,-1,0,0,0,0,0,0,-1,0,365,0,365,0,0,365,365,7,365,1,1,0,0,0,-1,608011156
1,1,-1,1,0,0,1,0,5,1,0,0,55,0,21,1,204,-1,0,0,1,0,0,55,0,0,-1,-1,-1,-1,0,0,0,0,0,0,-1,0,0,-1,-1,-1,-1,0,0,0,0,0,0,-1,0,180,0,180,0,0,180,180,30,180,1,1,0,0,0,-1,608011156
1,1,-1,1,0,0,1,0,5,1,0,0,55,0,21,1,206,-1,0,0,1,0,0,55,0,0,-1,-1,-1,-1,0,0,0,0,0,0,-1,0,0,-1,-1,-1,-1,0,0,0,0,0,0,-1,0,180,0,180,0,0,180,180,60,180,1,1,0,0,0,-1,608011156
1,1,-1,1,0,0,1,0,5,1,0,0,55,0,21,1,314,-1,0,0,1,0,0,55,0,0,-1,-1,-1,-1,0,0,0,0,0,0,-1,0,0,-1,-1,-1,-1,0,0,0,0,0,0,-1,0,180,0,180,0,0,180,180,7,180,1,1,0,0,0,-1,608011156
1,1,-1,1,0,0,1,0,5,1,0,0,55,0,21,1,314,-1,0,0,1,0,0,55,0,0,-1,-1,-1,-1,0,0,0,0,0,0,-1,0,0,-1,-1,-1,-1,0,0,0,0,0,0,-1,0,180,0,180,0,0,180,180,365,365,1,1,0,0,0,-1,608011156
1,1,-1,1,0,0,1,0,5,1,0,0,55,0,21,1,335,-1,0,0,1,0,0,55,0,0,-1,-1,-1,-1,0,0,0,0,0,0,-1,0,0,-1,-1,-1,-1,0,0,0,0,0,0,-1,0,180,0,180,0,0,180,180,7,180,1,1,0,0,0,-1,608011156
1,1,-1,1,0,0,1,0,5,1,0,0,55,0,21,1,336,-1,0,0,1,0,0,55,0,0,-1,-1,-1,-1,0,0,0,0,0,0,-1,0,0,-1,-1,-1,-1,0,0,0,0,0,0,-1,0,180,0,180,0,0,180,180,30,180,1,1,0,0,0,-1,608011156
1,1,-1,1,0,0,1,0,5,1,0,0,55,0,21,3,116,-1,0,0,1,0,0,55,0,0,-1,-1,-1,-1,0,0,0,0,0,0,-1,0,0,-1,-1,-1,-1,0,0,0,0,0,0,-1,0,180,0,180,0,0,180,180,30,180,1,1,0,0,0,-1,608011156
1,1,-1,1,0,0,1,0,5,1,0,0,55,0,21,3,205,-1,0,0,1,0,0,55,0,0,-1,-1,-1,-1,0,0,0,0,0,0,-1,0,0,-1,-1,-1,-1,0,0,0,0,0,0,-1,0,180,0,180,0,0,180,180,30,180,1,1,0,0,0,-1,608011156
1,1,-1,1,0,0,1,0,5,1,0,0,55,0,21,3,314,-1,0,0,1,0,0,55,0,0,-1,-1,-1,-1,0,0,0,0,0,0,-1,0,0,-1,-1,-1,-1,0,0,0,0,0,0,-1,0,180,0,180,0,0,180,180,365,547,1,1,0,0,0,-1,608011156
1,1,-1,1,0,0,1,0,5,1,0,0,55,0,21,3,335,-1,0,0,1,0,0,55,0,0,-1,-1,-1,-1,0,0,0,0,0,0,-1,0,0,-1,-1,-1,-1,0,0,0,0,0,0,-1,0,365,0,365,0,0,365,365,1095,1095,1,1,0,0,0,-1,608011156
1,1,-1,1,0,0,1,0,5,1,0,0,55,0,21,3,336,-1,0,0,1,0,0,55,0,0,-1,-1,-1,-1,0,0,0,0,0,0,-1,0,0,-1,-1,-1,-1,0,0,0,0,0,0,-1,0,90,0,90,0,0,90,90,0,90,1,1,0,0,0,-1,608011156
1,1,-1,1,0,0,1,0,5,1,0,0,55,0,21,3,336,-1,0,0,1,0,0,55,0,0,-1,-1,-1,-1,0,0,0,0,0,0,-1,0,0,-1,-1,-1,-1,0,0,0,0,0,0,-1,0,180,0,180,0,0,180,180,30,180,1,1,0,0,0,-1,608011156
1,1,-1,1,0,0,1,0,5,1,0,0,55,0,22,1,99,99,0,0,1,0,0,55,0,0,-1,-1,-1,-1,0,0,0,0,0,0,-1,0,0,-1,-1,-1,-1,0,0,0,0,0,0,-1,0,30,0,30,0,0,30,30,30,60,1,1,0,0,0,-1,608011156
1,1,-1,1,0,0,1,0,5,1,0,0,55,0,22,1,101,99,0,0,1,0,0,55,0,0,-1,-1,-1,-1,0,0,0,0,0,0,-1,0,0,-1,-1,-1,-1,0,0,0,0,0,0,-1,0,90,0,90,0,0,90,90,60,180,1,1,0,0,0,-1,608011156
1,1,-1,1,0,0,1,0,5,1,0,0,55,0,22,1,101,329,0,0,1,0,0,55,0,0,-1,-1,-1,-1,0,0,0,0,0,0,-1,0,0,-1,-1,-1,-1,0,0,0,0,0,0,-1,0,30,0,30,0,0,30,30,365,365,1,1,0,0,0,-1,608011156
1,1,-1,1,0,0,1,0,5,1,0,0,55,0,22,1,101,422,0,0,1,0,0,55,0,0,-1,-1,-1,-1,0,0,0,0,0,0,-1,0,0,-1,-1,-1,-1,0,0,0,0,0,0,-1,0,60,0,60,0,0,60,60,0,60,1,1,0,0,0,-1,608011156
1,1,-1,1,0,0,1,0,5,1,0,0,55,0,22,1,101,423,0,0,1,0,0,55,0,0,-1,-1,-1,-1,0,0,0,0,0,0,-1,0,0,-1,-1,-1,-1,0,0,0,0,0,0,-1,0,60,0,60,0,0,60,60,0,60,1,1,0,0,0,-1,608011156
1,1,-1,1,0,0,1,0,5,1,0,0,55,0,22,1,116,99,0,0,1,0,0,55,0,0,-1,-1,-1,-1,0,0,0,0,0,0,-1,0,0,-1,-1,-1,-1,0,0,0,0,0,0,-1,0,30,0,30,0,0,30,30,30,60,1,1,0,0,0,-1,608011156
1,1,-1,1,0,0,1,0,5,1,0,0,55,0,22,1,116,101,0,0,1,0,0,55,0,0,-1,-1,-1,-1,0,0,0,0,0,0,-1,0,0,-1,-1,-1,-1,0,0,0,0,0,0,-1,0,0,30,30,0,0,30,30,365,365,2,1,0,0,0,-1,608011156
1,1,-1,1,0,0,1,0,5,1,0,0,55,0,22,1,116,101,0,0,1,0,0,55,0,0,-1,-1,-1,-1,0,0,0,0,0,0,-1,0,0,-1,-1,-1,-1,0,0,0,0,0,0,-1,0,30,0,30,0,0,30,30,60,90,1,1,0,0,0,-1,608011156
1,1,-1,1,0,0,1,0,5,1,0,0,55,0,22,1,116,116,0,0,1,0,0,55,0,0,-1,-1,-1,-1,0,0,0,0,0,0,-1,0,0,-1,-1,-1,-1,0,0,0,0,0,0,-1,0,30,0,30,0,0,30,30,180,180,1,1,0,0,0,-1,608011156
1,1,-1,1,0,0,1,0,5,1,0,0,55,0,22,1,116,314,0,0,1,0,0,55,0,0,-1,-1,-1,-1,0,0,0,0,0,0,-1,0,0,-1,-1,-1,-1,0,0,0,0,0,0,-1,0,60,0,60,0,0,60,60,180,180,1,1,0,0,0,-1,608011156
1,1,-1,1,0,0,1,0,5,1,0,0,55,0,22,1,116,410,0,0,1,0,0,55,0,0,-1,-1,-1,-1,0,0,0,0,0,0,-1,0,0,-1,-1,-1,-1,0,0,0,0,0,0,-1,0,60,0,60,0,0,60,60,7,60,1,1,0,0,0,-1,608011156
1,1,-1,1,0,0,1,0,5,1,0,0,55,0,22,1,116,422,0,0,1,0,0,55,0,0,-1,-1,-1,-1,0,0,0,0,0,0,-1,0,0,-1,-1,-1,-1,0,0,0,0,0,0,-1,0,30,0,30,0,0,30,30,30,60,1,1,0,0,0,-1,608011156
1,1,-1,1,0,0,1,0,5,1,0,0,55,0,22,1,204,99,0,0,1,0,0,55,0,0,-1,-1,-1,-1,0,0,0,0,0,0,-1,0,0,-1,-1,-1,-1,0,0,0,0,0,0,-1,0,30,0,30,0,0,30,30,7,60,1,1,0,0,0,-1,608011156
1,1,-1,1,0,0,1,0,5,1,0,0,55,0,22,1,204,410,0,0,1,0,0,55,0,0,-1,-1,-1,-1,0,0,0,0,0,0,-1,0,0,-1,-1,-1,-1,0,0,0,0,0,0,-1,0,60,0,60,0,0,60,60,7,60,1,1,0,0,0,-1,608011156
1,1,-1,1,0,0,1,0,5,1,0,0,55,0,22,1,206,99,0,0,1,0,0,55,0,0,-1,-1,-1,-1,0,0,0,0,0,0,-1,0,0,-1,-1,-1,-1,0,0,0,0,0,0,-1,0,30,0,30,0,0,30,30,30,30,1,1,0,0,0,-1,608011156
1,1,-1,1,0,0,1,0,5,1,0,0,55,0,22,1,206,206,0,0,1,0,0,55,0,0,-1,-1,-1,-1,0,0,0,0,0,0,-1,0,0,-1,-1,-1,-1,0,0,0,0,0,0,-1,0,60,0,60,0,0,60,60,60,90,1,1,0,0,0,-1,608011156
1,1,-1,1,0,0,1,0,5,1,0,0,55,0,22,1,206,312,0,0,1,0,0,55,0,0,-1,-1,-1,-1,0,0,0,0,0,0,-1,0,0,-1,-1,-1,-1,0,0,0,0,0,0,-1,0,30,0,30,0,0,30,30,7,30,1,1,0,0,0,-1,608011156
1,1,-1,1,0,0,1,0,5,1,0,0,55,0,22,1,206,420,0,0,1,0,0,55,0,0,-1,-1,-1,-1,0,0,0,0,0,0,-1,0,0,-1,-1,-1,-1,0,0,0,0,0,0,-1,0,180,0,180,0,0,180,180,0,180,1,1,0,0,0,-1,608011156
1,1,-1,1,0,0,1,0,5,1,0,0,55,0,22,1,206,423,0,0,1,0,0,55,0,0,-1,-1,-1,-1,0,0,0,0,0,0,-1,0,0,-1,-1,-1,-1,0,0,0,0,0,0,-1,0,30,0,30,0,0,30,30,0,30,1,1,0,0,0,-1,608011156
1,1,-1,1,0,0,1,0,5,1,0,0,55,0,22,1,207,422,0,0,1,0,0,55,0,0,-1,-1,-1,-1,0,0,0,0,0,0,-1,0,0,-1,-1,-1,-1,0,0,0,0,0,0,-1,0,60,0,60,0,0,60,60,0,60,1,1,0,0,0,-1,608011156
1,1,-1,1,0,0,1,0,5,1,0,0,55,0,22,1,207,423,0,0,1,0,0,55,0,0,-1,-1,-1,-1,0,0,0,0,0,0,-1,0,0,-1,-1,-1,-1,0,0,0,0,0,0,-1,0,30,0,30,0,0,30,30,0,30,1,1,0,0,0,-1,608011156
1,1,-1,1,0,0,1,0,5,1,0,0,55,0,22,1,225,314,0,0,1,0,0,55,0,0,-1,-1,-1,-1,0,0,0,0,0,0,-1,0,0,-1,-1,-1,-1,0,0,0,0,0,0,-1,0,60,0,60,0,0,60,60,7,60,1,1,0,0,0,-1,608011156
1,1,-1,1,0,0,1,0,5,1,0,0,55,0,22,1,314,101,0,0,1,0,0,55,0,0,-1,-1,-1,-1,0,0,0,0,0,0,-1,0,0,-1,-1,-1,-1,0,0,0,0,0,0,-1,0,60,0,60,0,0,60,60,7,60,1,1,0,0,0,-1,608011156
1,1,-1,1,0,0,1,0,5,1,0,0,55,0,22,1,314,205,0,0,1,0,0,55,0,0,-1,-1,-1,-1,0,0,0,0,0,0,-1,0,0,-1,-1,-1,-1,0,0,0,0,0,0,-1,0,90,0,90,0,0,90,90,7,90,1,1,0,0,0,-1,608011156
1,1,-1,1,0,0,1,0,5,1,0,0,55,0,22,1,314,206,0,0,1,0,0,55,0,0,-1,-1,-1,-1,0,0,0,0,0,0,-1,0,0,-1,-1,-1,-1,0,0,0,0,0,0,-1,0,60,0,60,0,0,60,60,0,60,1,1,0,0,0,-1,608011156
1,1,-1,1,0,0,1,0,5,1,0,0,55,0,22,1,314,314,0,0,1,0,0,55,0,0,-1,-1,-1,-1,0,0,0,0,0,0,-1,0,0,-1,-1,-1,-1,0,0,0,0,0,0,-1,0,60,0,60,0,0,60,60,0,60,1,1,0,0,0,-1,608011156
1,1,-1,1,0,0,1,0,5,1,0,0,55,0,22,1,314,314,0,0,1,0,0,55,0,0,-1,-1,-1,-1,0,0,0,0,0,0,-1,0,0,-1,-1,-1,-1,0,0,0,0,0,0,-1,0,60,0,60,0,0,60,60,7,60,1,1,0,0,0,-1,608011156
1,1,-1,1,0,0,1,0,5,1,0,0,55,0,22,1,314,423,0,0,1,0,0,55,0,0,-1,-1,-1,-1,0,0,0,0,0,0,-1,0,0,-1,-1,-1,-1,0,0,0,0,0,0,-1,0,60,0,60,0,0,60,60,0,60,1,1,0,0,0,-1,608011156
1,1,-1,1,0,0,1,0,5,1,0,0,55,0,22,1,335,312,0,0,1,0,0,55,0,0,-1,-1,-1,-1,0,0,0,0,0,0,-1,0,0,-1,-1,-1,-1,0,0,0,0,0,0,-1,0,30,0,30,0,0,30,30,0,30,1,1,0,0,0,-1,608011156
1,1,-1,1,0,0,1,0,5,1,0,0,55,0,22,1,335,420,0,0,1,0,0,55,0,0,-1,-1,-1,-1,0,0,0,0,0,0,-1,0,0,-1,-1,-1,-1,0,0,0,0,0,0,-1,0,0,180,180,0,0,180,180,0,180,2,1,0,0,0,-1,608011156
1,1,-1,1,0,0,1,0,5,1,0,0,55,0,22,1,336,312,0,0,1,0,0,55,0,0,-1,-1,-1,-1,0,0,0,0,0,0,-1,0,0,-1,-1,-1,-1,0,0,0,0,0,0,-1,0,60,0,60,0,0,60,60,0,60,1,1,0,0,0,-1,608011156
1,1,-1,1,0,0,1,0,5,1,0,0,55,0,22,1,336,313,0,0,1,0,0,55,0,0,-1,-1,-1,-1,0,0,0,0,0,0,-1,0,0,-1,-1,-1,-1,0,0,0,0,0,0,-1,0,30,0,30,0,0,30,30,0,30,1,1,0,0,0,-1,608011156
1,1,-1,1,0,0,1,0,5,1,0,0,55,0,22,1,336,313,0,0,1,0,0,55,0,0,-1,-1,-1,-1,0,0,0,0,0,0,-1,0,0,-1,-1,-1,-1,0,0,0,0,0,0,-1,0,30,0,30,0,0,30,30,1094,1094,1,1,0,0,0,-1,608011156
3,1,-1,1,0,0,1,0,5,1,0,0,55,0,22,1,336,423,0,0,1,0,0,55,0,0,-1,-1,-1,-1,0,0,0,0,0,0,-1,0,0,-1,-1,-1,-1,0,0,0,0,0,0,-1,0,30,0,30,0,0,30,30,0,30,1,1,0,0,0,-1,608011156
1,1,-1,1,0,0,1,0,5,1,0,0,55,0,22,1,410,422,0,0,1,0,0,55,0,0,-1,-1,-1,-1,0,0,0,0,0,0,-1,0,0,-1,-1,-1,-1,0,0,0,0,0,0,-1,0,90,0,90,0,0,90,90,0,90,1,1,0,0,0,-1,608011156
1,1,-1,1,0,0,1,0,5,1,0,0,55,0,22,1,421,423,0,0,1,0,0,55,0,0,-1,-1,-1,-1,0,0,0,0,0,0,-1,0,0,-1,-1,-1,-1,0,0,0,0,0,0,-1,0,60,0,60,0,0,60,60,0,60,1,1,0,0,0,-1,608011156
1,1,-1,1,0,0,1,0,5,1,0,0,55,0,22,3,116,98,0,0,1,0,0,55,0,0,-1,-1,-1,-1,0,0,0,0,0,0,-1,0,0,-1,-1,-1,-1,0,0,0,0,0,0,-1,0,30,0,30,0,0,30,30,0,30,1,1,0,0,0,-1,608011156
1,1,-1,1,0,0,1,0,5,1,0,0,55,0,22,3,116,99,0,0,1,0,0,55,0,0,-1,-1,-1,-1,0,0,0,0,0,0,-1,0,0,-1,-1,-1,-1,0,0,0,0,0,0,-1,0,30,0,30,0,0,30,30,60,60,1,1,0,0,0,-1,608011156
1,1,-1,1,0,0,1,0,5,1,0,0,55,0,22,3,116,312,0,0,1,0,0,55,0,0,-1,-1,-1,-1,0,0,0,0,0,0,-1,0,0,-1,-1,-1,-1,0,0,0,0,0,0,-1,0,30,0,30,0,0,30,30,30,30,1,1,0,0,0,-1,608011156
1,1,-1,1,0,0,1,0,5,1,0,0,55,0,22,3,116,434,0,0,1,0,0,55,0,0,-1,-1,-1,-1,0,0,0,0,0,0,-1,0,0,-1,-1,-1,-1,0,0,0,0,0,0,-1,0,60,0,60,0,0,60,60,30,60,1,1,0,0,22,1,608011156
1,1,-1,1,0,0,1,0,5,1,0,0,55,0,22,3,206,206,0,0,1,0,0,55,0,0,-1,-1,-1,-1,0,0,0,0,0,0,-1,0,0,-1,-1,-1,-1,0,0,0,0,0,0,-1,0,30,0,30,0,0,30,30,90,180,1,1,0,0,0,-1,608011156
1,1,-1,1,0,0,1,0,5,1,0,0,55,0,22,3,207,423,0,0,1,0,0,55,0,0,-1,-1,-1,-1,0,0,0,0,0,0,-1,0,0,-1,-1,-1,-1,0,0,0,0,0,0,-1,0,30,0,30,0,0,30,30,0,30,1,1,0,0,0,-1,608011156
1,1,-1,1,0,0,1,0,5,1,0,0,55,0,22,3,335,422,0,0,1,0,0,55,0,0,-1,-1,-1,-1,0,0,0,0,0,0,-1,0,0,-1,-1,-1,-1,0,0,0,0,0,0,-1,0,30,0,30,0,0,30,30,0,30,1,1,0,0,0,-1,608011156
1,1,-1,1,0,0,1,0,5,1,0,0,55,0,22,3,335,434,0,0,1,0,0,55,0,0,-1,-1,-1,-1,0,0,0,0,0,0,-1,0,0,-1,-1,-1,-1,0,0,0,0,0,0,-1,0,180,0,180,0,0,180,180,60,180,1,1,0,0,0,-1,608011156
1,1,-1,1,0,0,1,0,5,1,0,0,55,0,22,3,335,434,0,0,1,0,0,55,0,0,-1,-1,-1,-1,0,0,0,0,0,0,-1,0,0,-1,-1,-1,-1,0,0,0,0,0,0,-1,0,365,0,365,0,0,365,365,0,365,1,1,0,0,0,-1,608011156
1,1,-1,1,0,0,1,0,5,1,0,0,55,0,22,3,336,312,0,0,1,0,0,55,0,0,-1,-1,-1,-1,0,0,0,0,0,0,-1,0,0,-1,-1,-1,-1,0,0,0,0,0,0,-1,0,30,0,30,0,0,30,30,0,30,1,1,0,0,0,-1,608011156
1,1,-1,1,0,0,1,0,5,1,0,0,55,0,22,3,336,410,0,0,1,0,0,55,0,0,-1,-1,-1,-1,0,0,0,0,0,0,-1,0,0,-1,-1,-1,-1,0,0,0,0,0,0,-1,0,90,0,90,0,0,90,90,0,90,1,1,0,0,0,-1,608011156
1,1,-1,1,0,0,1,0,5,1,0,0,55,0,22,3,336,420,0,0,1,0,0,55,0,0,-1,-1,-1,-1,0,0,0,0,0,0,-1,0,0,-1,-1,-1,-1,0,0,0,0,0,0,-1,0,180,0,180,0,0,180,180,0,180,1,1,0,0,22,1,608011156
1,1,-1,1,0,0,1,0,5,1,0,0,55,0,22,3,336,431,0,0,1,0,0,55,0,0,-1,-1,-1,-1,0,0,0,0,0,0,-1,0,0,-1,-1,-1,-1,0,0,0,0,0,0,-1,0,30,0,30,0,0,30,30,0,30,1,1,0,0,22,1,608011156
1,1,-1,1,0,0,1,0,5,1,0,0,55,0,22,3,410,312,0,0,1,0,0,55,0,0,-1,-1,-1,-1,0,0,0,0,0,0,-1,0,0,-1,-1,-1,-1,0,0,0,0,0,0,-1,0,60,0,60,0,0,60,60,1095,1095,1,1,0,0,0,-1,608011156
1,1,-1,1,0,0,1,0,5,1,0,0,55,0,22,3,410,410,0,0,1,0,0,55,0,0,-1,-1,-1,-1,0,0,0,0,0,0,-1,0,0,-1,-1,-1,-1,0,0,0,0,0,0,-1,0,60,0,60,0,0,60,60,0,60,1,1,0,0,0,-1,608011156
1,1,-1,1,0,0,1,0,5,1,0,0,55,0,22,3,411,410,0,0,1,0,0,55,0,0,-1,-1,-1,-1,0,0,0,0,0,0,-1,0,0,-1,-1,-1,-1,0,0,0,0,0,0,-1,0,30,0,30,0,0,30,30,60,90,1,1,0,0,0,-1,608011156
1,1,-1,1,0,0,1,0,5,2,0,0,25,0,0,-1,-1,-1,0,0,0,0,0,-1,0,0,-1,-1,-1,-1,0,0,0,0,0,0,-1,0,0,-1,-1,-1,-1,0,0,0,0,0,0,-1,0,0,0,0,0,0,0,0,30,30,12,0,0,0,12,1,608011156
1,1,-1,1,0,0,1,0,5,2,0,0,25,0,0,-1,-1,-1,0,0,0,0,0,-1,0,21,0,3,116,-1,180,0,0,1,0,0,25,0,0,-1,-1,-1,-1,0,0,0,0,0,0,-1,0,0,0,0,180,0,180,180,90,365,4,0,0,0,0,-1,608011156
1,1,-1,1,0,0,1,0,5,2,0,0,25,0,0,-1,-1,-1,0,0,0,0,0,-1,0,21,1,1,116,-1,30,0,0,1,0,0,25,0,0,-1,-1,-1,-1,0,0,0,0,0,0,-1,0,0,0,0,30,180,180,30,90,180,4,0,1,0,0,-1,608011156
1,1,-1,1,0,0,1,0,5,2,0,0,25,0,0,-1,-1,-1,0,0,0,0,0,-1,0,21,1,3,116,-1,7,0,0,1,0,0,25,0,0,-1,-1,-1,-1,0,0,0,0,0,0,-1,0,0,0,0,7,365,365,7,180,180,4,0,1,0,0,-1,608011156
1,1,-1,1,0,0,1,0,5,2,0,0,25,0,0,-1,-1,-1,0,0,0,0,0,-1,0,22,1,1,206,434,60,0,0,1,0,0,25,0,0,-1,-1,-1,-1,0,0,0,0,0,0,-1,0,0,0,0,60,30,60,60,60,180,4,0,1,0,0,-1,608011156
1,1,-1,1,0,0,1,0,5,2,0,0,25,0,22,1,314,410,0,0,1,0,0,25,0,0,-1,-1,-1,-1,0,0,0,0,0,0,-1,0,0,-1,-1,-1,-1,0,0,0,0,0,0,-1,0,60,0,60,0,0,60,60,7,60,1,1,0,0,0,-1,608011156
1,1,-1,1,0,0,1,0,5,2,0,0,25,0,22,1,335,98,0,0,1,0,0,25,0,0,-1,-1,-1,-1,0,0,0,0,0,0,-1,0,0,-1,-1,-1,-1,0,0,0,0,0,0,-1,0,60,0,60,0,0,60,60,7,60,1,1,0,0,0,-1,608011156
1,1,-1,1,0,0,1,0,6,1,0,0,25,0,22,1,116,410,0,0,1,0,0,25,0,0,-1,-1,-1,-1,0,0,0,0,0,0,-1,0,0,-1,-1,-1,-1,0,0,0,0,0,0,-1,0,90,0,90,0,0,90,90,30,90,1,1,0,0,0,-1,608011156
1,1,-1,1,0,0,1,0,6,1,0,0,25,0,22,3,207,422,0,0,1,0,0,25,0,0,-1,-1,-1,-1,0,0,0,0,0,0,-1,0,0,-1,-1,-1,-1,0,0,0,0,0,0,-1,0,30,0,30,0,0,30,30,0,30,1,1,0,0,0,-1,608011156
1,1,-1,1,0,0,1,0,6,1,0,0,25,0,22,3,336,420,0,0,1,0,0,25,0,0,-1,-1,-1,-1,0,0,0,0,0,0,-1,0,0,-1,-1,-1,-1,0,0,0,0,0,0,-1,0,180,0,180,0,0,180,180,7,180,1,1,0,0,22,0,608011156
1,1,-1,1,0,0,1,0,7,1,0,0,55,0,0,-1,-1,-1,0,0,0,0,0,-1,0,21,0,1,116,-1,180,0,0,1,0,0,55,0,0,-1,-1,-1,-1,0,0,0,0,0,0,-1,0,0,0,0,180,0,180,180,180,365,4,0,0,0,0,-1,608011156
1,1,-1,1,0,0,1,0,12,1,0,0,18,0,22,1,116,215,0,0,1,0,0,18,0,0,-1,-1,-1,-1,0,0,0,0,0,0,-1,0,0,-1,-1,-1,-1,0,0,0,0,0,0,-1,0,0,30,30,0,0,30,30,0,30,2,1,0,0,0,-1,608011156
1,1,-1,1,0,0,1,0,12,1,0,0,25,0,0,-1,-1,-1,0,0,0,0,0,-1,0,22,0,1,101,206,180,0,0,1,0,0,25,0,0,-1,-1,-1,-1,0,0,0,0,0,0,-1,0,0,0,0,180,0,180,180,180,365,4,0,0,0,0,-1,608011156
1,1,-1,1,0,0,1,0,12,1,0,0,25,0,22,1,336,423,0,0,1,0,0,25,0,0,-1,-1,-1,-1,0,0,0,0,0,0,-1,0,0,-1,-1,-1,-1,0,0,0,0,0,0,-1,0,30,0,30,0,0,30,30,30,60,1,1,0,0,0,-1,608011156
1,1,-1,1,0,0,1,0,12,1,0,0,25,0,22,1,410,420,0,0,1,0,0,25,0,0,-1,-1,-1,-1,0,0,0,0,0,0,-1,0,0,-1,-1,-1,-1,0,0,0,0,0,0,-1,0,0,180,180,0,0,180,180,0,180,2,1,0,0,0,-1,608011156
1,1,-1,1,0,0,1,0,12,1,0,0,55,0,22,1,336,410,0,0,1,0,0,55,0,0,-1,-1,-1,-1,0,0,0,0,0,0,-1,0,0,-1,-1,-1,-1,0,0,0,0,0,0,-1,0,180,0,180,0,0,180,180,7,180,1,1,0,0,0,-1,608011156
1,1,-1,1,0,0,1,0,13,1,0,0,24,0,22,1,410,410,0,0,1,0,0,24,0,0,-1,-1,-1,-1,0,0,0,0,0,0,-1,0,0,-1,-1,-1,-1,0,0,0,0,0,0,-1,0,60,0,60,0,0,60,60,0,60,1,1,0,0,0,-1,608011156
1,1,-1,1,0,0,1,0,13,1,0,0,25,0,0,-1,-1,-1,0,0,0,0,0,-1,0,0,-1,-1,-1,-1,0,0,0,0,0,0,-1,0,0,-1,-1,-1,-1,0,0,0,0,0,0,-1,0,0,0,0,0,0,0,0,60,60,12,0,0,0,12,2,608011156
1,1,-1,1,0,0,1,0,13,1,0,0,25,0,22,1,99,99,0,0,1,0,0,25,0,22,0,1,101,422,30,0,0,1,0,0,25,0,0,-1,-1,-1,-1,0,0,0,0,0,0,-1,0,7,0,7,30,0,60,60,365,365,5,1,0,0,0,-1,608011156
1,1,-1,1,0,0,1,0,13,1,0,0,55,0,22,1,336,422,0,0,1,0,0,55,0,0,-1,-1,-1,-1,0,0,0,0,0,0,-1,0,0,-1,-1,-1,-1,0,0,0,0,0,0,-1,0,30,0,30,0,0,30,30,0,30,1,1,0,0,0,-1,608011156
1,1,-1,1,0,0,1,0,14,1,0,0,25,0,21,3,336,-1,0,0,1,0,0,25,0,0,-1,-1,-1,-1,0,0,0,0,0,0,-1,0,0,-1,-1,-1,-1,0,0,0,0,0,0,-1,0,365,0,365,0,0,365,365,30,365,1,1,0,0,0,-1,608011156
1,1,-1,1,0,0,1,0,14,1,0,0,25,0,22,1,336,313,0,0,1,0,0,25,0,0,-1,-1,-1,-1,0,0,0,0,0,0,-1,0,0,-1,-1,-1,-1,0,0,0,0,0,0,-1,0,60,0,60,0,0,60,60,7,60,1,1,0,0,0,-1,608011156
1,1,-1,1,0,0,1,0,15,1,0,0,18,0,22,1,336,422,0,0,1,0,0,18,0,0,-1,-1,-1,-1,0,0,0,0,0,0,-1,0,0,-1,-1,-1,-1,0,0,0,0,0,0,-1,0,0,30,30,0,0,30,30,0,30,2,1,0,0,0,-1,608011156
1,1,-1,1,0,0,1,0,15,1,0,0,25,0,22,1,204,410,0,0,1,0,0,25,0,0,-1,-1,-1,-1,0,0,0,0,0,0,-1,0,0,-1,-1,-1,-1,0,0,0,0,0,0,-1,0,30,0,30,0,0,30,30,7,30,1,1,0,0,0,-1,608011156
1,1,-1,1,0,0,1,0,15,1,0,0,25,0,22,1,205,313,0,0,1,0,0,25,0,0,-1,-1,-1,-1,0,0,0,0,0,0,-1,0,0,-1,-1,-1,-1,0,0,0,0,0,0,-1,0,90,0,90,0,0,90,90,0,90,1,1,0,0,0,-1,608011156
1,1,-1,1,0,0,1,0,15,1,0,0,25,0,22,1,336,312,0,0,1,0,0,25,0,0,-1,-1,-1,-1,0,0,0,0,0,0,-1,0,0,-1,-1,-1,-1,0,0,0,0,0,0,-1,0,30,0,30,0,0,30,30,90,90,1,1,0,0,0,-1,608011156
1,1,-1,1,0,0,1,0,15,1,0,0,55,0,22,1,99,99,0,0,1,0,0,55,0,0,-1,-1,-1,-1,0,0,0,0,0,0,-1,0,0,-1,-1,-1,-1,0,0,0,0,0,0,-1,0,30,0,30,0,0,30,30,365,365,1,1,0,0,0,-1,608011156
1,1,-1,1,0,0,1,0,15,1,0,0,55,0,22,1,116,99,0,0,1,0,0,55,0,0,-1,-1,-1,-1,0,0,0,0,0,0,-1,0,0,-1,-1,-1,-1,0,0,0,0,0,0,-1,0,30,0,30,0,0,30,30,60,60,1,1,0,0,0,-1,608011156
1,1,-1,1,0,0,1,0,15,3,0,0,25,1,0,-1,-1,-1,0,0,0,0,0,-1,0,21,0,3,116,-1,90,0,0,1,0,0,25,1,0,-1,-1,-1,-1,0,0,0,0,0,0,-1,0,0,0,0,90,0,90,90,60,180,4,0,0,0,0,-1,608011156
1,1,-1,1,0,0,1,0,16,1,0,0,25,0,0,-1,-1,-1,0,0,0,0,0,-1,0,21,1,3,314,-1,7,0,0,1,0,0,25,0,0,-1,-1,-1,-1,0,0,0,0,0,0,-1,0,0,0,0,7,180,180,7,0,7,4,0,1,0,0,-1,608011156
1,1,-1,1,0,0,1,0,16,1,0,0,55,0,21,1,99,-1,0,0,1,0,0,55,0,0,-1,-1,-1,-1,0,0,0,0,0,0,-1,0,0,-1,-1,-1,-1,0,0,0,0,0,0,-1,0,7,0,7,0,0,7,7,60,60,1,1,0,0,0,-1,608011156
1,1,-1,1,0,0,1,0,16,1,0,0,55,0,21,1,116,-1,0,0,1,0,0,55,0,0,-1,-1,-1,-1,0,0,0,0,0,0,-1,0,0,-1,-1,-1,-1,0,0,0,0,0,0,-1,0,180,0,180,0,0,180,180,30,180,1,1,0,0,0,-1,608011156
1,1,-1,1,0,0,1,0,16,1,0,0,55,0,22,1,314,410,0,0,1,0,0,55,0,0,-1,-1,-1,-1,0,0,0,0,0,0,-1,0,0,-1,-1,-1,-1,0,0,0,0,0,0,-1,0,180,0,180,0,0,180,180,0,180,1,1,0,0,0,-1,608011156
1,1,-1,1,0,0,1,0,16,2,0,0,25,0,0,-1,-1,-1,0,0,0,0,0,-1,0,0,-1,-1,-1,-1,0,0,0,0,0,0,-1,0,0,-1,-1,-1,-1,0,0,0,0,0,0,-1,0,0,0,0,0,0,0,0,90,90,12,0,0,0,12,2,608011156
1,1,-1,1,0,0,1,0,17,1,0,0,25,0,22,1,116,313,0,0,1,0,0,25,0,0,-1,-1,-1,-1,0,0,0,0,0,0,-1,0,0,-1,-1,-1,-1,0,0,0,0,0,0,-1,0,60,0,60,0,0,60,60,30,90,1,1,0,0,0,-1,608011156
1,1,-1,1,0,0,1,0,17,1,0,0,55,0,0,-1,-1,-1,0,0,0,0,0,-1,0,22,1,3,116,434,60,0,0,1,0,0,55,0,0,-1,-1,-1,-1,0,0,0,0,0,0,-1,0,0,0,0,60,60,90,60,60,90,4,0,1,0,0,-1,608011156
1,1,-1,1,0,0,1,0,24,1,0,0,25,0,22,1,116,99,0,0,1,0,0,25,0,0,-1,-1,-1,-1,0,0,0,0,0,0,-1,0,0,-1,-1,-1,-1,0,0,0,0,0,0,-1,0,30,0,30,0,0,30,30,30,60,1,1,0,0,0,-1,608011156
1,1,-1,1,0,0,1,0,24,1,0,0,25,0,22,3,207,116,0,0,1,0,0,25,0,0,-1,-1,-1,-1,0,0,0,0,0,0,-1,0,0,-1,-1,-1,-1,0,0,0,0,0,0,-1,0,30,0,30,0,0,30,30,0,30,1,1,0,0,0,-1,608011156
1,1,-1,1,0,0,1,0,25,1,0,0,25,0,22,1,207,207,0,0,1,0,0,25,0,0,-1,-1,-1,-1,0,0,0,0,0,0,-1,0,0,-1,-1,-1,-1,0,0,0,0,0,0,-1,0,30,0,30,0,0,30,30,0,30,1,1,0,0,0,-1,608011156
1,1,-1,1,0,0,1,0,25,1,0,0,25,0,22,1,314,423,0,0,1,0,0,25,0,0,-1,-1,-1,-1,0,0,0,0,0,0,-1,0,0,-1,-1,-1,-1,0,0,0,0,0,0,-1,0,30,0,30,0,0,30,30,0,30,1,1,0,0,0,-1,608011156
1,1,-1,1,0,0,1,0,26,1,0,0,25,0,22,1,116,422,0,0,1,0,0,25,0,0,-1,-1,-1,-1,0,0,0,0,0,0,-1,0,0,-1,-1,-1,-1,0,0,0,0,0,0,-1,0,60,0,60,0,0,60,60,30,60,1,1,0,0,0,-1,608011156
1,1,-1,1,0,0,1,0,34,1,0,0,25,0,21,1,116,-1,0,0,1,0,0,25,0,0,-1,-1,-1,-1,0,0,0,0,0,0,-1,0,0,-1,-1,-1,-1,0,0,0,0,0,0,-1,0,0,365,365,0,0,365,365,180,547,2,1,0,0,0,-1,608011156
1,1,-1,1,0,0,1,0,34,1,0,0,25,0,21,1,206,-1,0,0,1,0,0,25,0,0,-1,-1,-1,-1,0,0,0,0,0,0,-1,0,0,-1,-1,-1,-1,0,0,0,0,0,0,-1,0,365,0,365,0,0,365,365,0,365,1,1,0,0,0,-1,608011156
1,1,-1,1,0,0,1,0,34,1,0,0,25,0,22,1,99,99,0,0,1,0,0,25,0,0,-1,-1,-1,-1,0,0,0,0,0,0,-1,0,0,-1,-1,-1,-1,0,0,0,0,0,0,-1,0,30,0,30,0,0,30,30,90,180,1,1,0,0,0,-1,608011156
1,1,-1,1,0,0,1,0,34,1,0,0,55,0,22,1,99,99,0,0,1,0,0,55,0,0,-1,-1,-1,-1,0,0,0,0,0,0,-1,0,0,-1,-1,-1,-1,0,0,0,0,0,0,-1,0,7,0,7,0,0,7,7,7,30,1,1,0,0,0,-1,608011156
1,1,-1,1,0,0,1,0,34,1,0,0,55,0,22,1,206,99,0,0,1,0,0,55,0,21,1,1,116,-1,30,0,0,1,0,0,55,0,0,-1,-1,-1,-1,0,0,0,0,0,0,-1,0,7,0,7,30,365,365,30,60,60,5,1,1,0,0,-1,608011156
1,1,-1,1,0,0,1,0,35,1,0,0,25,0,21,1,434,-1,0,0,1,0,0,25,0,0,-1,-1,-1,-1,0,0,0,0,0,0,-1,0,0,-1,-1,-1,-1,0,0,0,0,0,0,-1,0,180,0,180,0,0,180,180,0,180,1,1,0,0,0,-1,608011156
1,1,-1,1,0,0,1,0,35,1,0,0,25,0,21,3,335,-1,0,0,1,0,0,25,0,0,-1,-1,-1,-1,0,0,0,0,0,0,-1,0,0,-1,-1,-1,-1,0,0,0,0,0,0,-1,0,180,0,180,0,0,180,180,7,180,1,1,0,0,21,0,608011156
1,1,-1,1,0,0,1,0,35,1,0,0,25,0,22,1,99,99,0,0,1,0,0,25,0,0,-1,-1,-1,-1,0,0,0,0,0,0,-1,0,0,-1,-1,-1,-1,0,0,0,0,0,0,-1,0,7,0,7,0,0,7,7,7,7,1,1,0,0,0,-1,608011156
1,1,-1,1,0,0,1,0,35,1,0,0,25,0,22,1,204,410,0,0,1,0,0,25,0,0,-1,-1,-1,-1,0,0,0,0,0,0,-1,0,0,-1,-1,-1,-1,0,0,0,0,0,0,-1,0,60,0,60,0,0,60,60,7,60,1,1,0,0,0,-1,608011156
1,1,-1,1,0,0,1,0,35,1,0,0,25,0,22,1,314,423,0,0,1,0,0,25,0,0,-1,-1,-1,-1,0,0,0,0,0,0,-1,0,0,-1,-1,-1,-1,0,0,0,0,0,0,-1,0,30,0,30,0,0,30,30,0,30,1,1,0,0,0,-1,608011156
1,1,-1,1,0,0,1,0,35,1,0,0,25,0,22,1,336,99,0,0,1,0,0,25,0,0,-1,-1,-1,-1,0,0,0,0,0,0,-1,0,0,-1,-1,-1,-1,0,0,0,0,0,0,-1,0,30,0,30,0,0,30,30,7,60,1,1,0,0,0,-1,608011156
1,1,-1,1,0,0,1,0,35,1,0,0,25,0,22,1,336,312,0,0,1,0,0,25,0,0,-1,-1,-1,-1,0,0,0,0,0,0,-1,0,0,-1,-1,-1,-1,0,0,0,0,0,0,-1,0,0,60,60,0,0,60,60,0,60,2,1,0,0,0,-1,608011156
1,1,-1,1,0,0,1,0,35,1,0,0,25,0,22,1,336,313,0,0,1,0,0,25,0,0,-1,-1,-1,-1,0,0,0,0,0,0,-1,0,0,-1,-1,-1,-1,0,0,0,0,0,0,-1,0,30,0,30,0,0,30,30,30,60,1,1,0,0,0,-1,608011156
1,1,-1,1,0,0,1,0,35,1,0,0,25,0,22,1,336,423,0,0,1,0,0,25,0,0,-1,-1,-1,-1,0,0,0,0,0,0,-1,0,0,-1,-1,-1,-1,0,0,0,0,0,0,-1,0,30,0,30,0,0,30,30,0,30,1,1,0,0,0,-1,608011156
1,1,-1,1,0,0,1,0,35,1,0,0,55,0,22,1,206,99,0,0,1,0,0,55,0,0,-1,-1,-1,-1,0,0,0,0,0,0,-1,0,0,-1,-1,-1,-1,0,0,0,0,0,0,-1,0,60,0,60,0,0,60,60,7,60,1,1,0,0,0,-1,608011156
1,1,-1,1,0,0,1,0,36,1,0,0,25,0,0,-1,-1,-1,0,0,0,0,0,-1,0,21,1,1,101,-1,180,0,0,1,0,0,25,0,0,-1,-1,-1,-1,0,0,0,0,0,0,-1,0,0,0,0,180,180,365,180,30,180,4,0,1,0,0,-1,608011156
1,1,-1,1,0,0,1,0,36,1,0,0,25,0,21,1,99,-1,0,0,1,0,0,25,0,0,-1,-1,-1,-1,0,0,0,0,0,0,-1,0,0,-1,-1,-1,-1,0,0,0,0,0,0,-1,0,7,0,7,0,0,7,7,60,60,1,1,0,0,0,-1,608011156
1,1,-1,1,0,0,1,0,36,1,0,0,25,0,22,1,336,99,0,0,1,0,0,25,0,0,-1,-1,-1,-1,0,0,0,0,0,0,-1,0,0,-1,-1,-1,-1,0,0,0,0,0,0,-1,0,30,0,30,0,0,30,30,365,365,1,1,0,0,0,-1,608011156
1,1,-1,1,0,0,1,0,36,1,0,0,25,0,22,1,336,422,0,0,1,0,0,25,0,0,-1,-1,-1,-1,0,0,0,0,0,0,-1,0,0,-1,-1,-1,-1,0,0,0,0,0,0,-1,0,30,0,30,0,0,30,30,0,30,1,1,0,0,0,-1,608011156
1,1,-1,1,0,0,1,0,36,1,0,0,25,0,22,1,410,99,0,0,1,0,0,25,0,0,-1,-1,-1,-1,0,0,0,0,0,0,-1,0,0,-1,-1,-1,-1,0,0,0,0,0,0,-1,0,7,0,7,0,0,7,7,0,7,1,1,0,0,0,-1,608011156
1,1,-1,1,0,0,1,0,37,1,0,0,25,0,22,1,99,99,0,0,1,0,0,25,0,0,-1,-1,-1,-1,0,0,0,0,0,0,-1,0,0,-1,-1,-1,-1,0,0,0,0,0,0,-1,0,7,0,7,0,0,7,7,180,180,1,1,0,0,0,-1,608011156
1,1,-1,1,0,0,1,0,37,1,0,0,25,0,22,1,116,422,0,0,1,0,0,25,0,0,-1,-1,-1,-1,0,0,0,0,0,0,-1,0,0,-1,-1,-1,-1,0,0,0,0,0,0,-1,0,30,0,30,0,0,30,30,7,30,1,1,0,0,0,-1,608011156
1,1,-1,1,0,0,1,0,37,1,0,0,55,0,22,3,410,313,0,0,1,0,0,55,0,0,-1,-1,-1,-1,0,0,0,0,0,0,-1,0,0,-1,-1,-1,-1,0,0,0,0,0,0,-1,0,60,0,60,0,0,60,60,30,90,1,1,0,0,0,-1,608011156
1,1,-1,1,0,0,1,0,45,1,0,0,25,0,22,1,207,410,0,0,1,0,0,25,0,0,-1,-1,-1,-1,0,0,0,0,0,0,-1,0,0,-1,-1,-1,-1,0,0,0,0,0,0,-1,0,90,0,90,0,0,90,90,0,90,1,1,0,0,0,-1,608011156
1,1,-1,1,0,0,1,0,46,1,0,0,25,0,22,1,336,410,0,0,1,0,0,25,0,0,-1,-1,-1,-1,0,0,0,0,0,0,-1,0,0,-1,-1,-1,-1,0,0,0,0,0,0,-1,0,90,0,90,0,0,90,90,1095,1095,1,1,0,0,0,-1,608011156
1,1,-1,1,0,0,1,0,46,1,0,0,55,0,22,1,205,99,0,0,1,0,0,55,0,0,-1,-1,-1,-1,0,0,0,0,0,0,-1,0,0,-1,-1,-1,-1,0,0,0,0,0,0,-1,0,30,0,30,0,0,30,30,60,90,1,1,0,0,0,-1,608011156
1,1,-1,1,0,0,1,0,46,2,0,0,25,0,0,-1,-1,-1,0,0,0,0,0,-1,0,21,0,3,116,-1,365,0,0,1,0,0,25,0,0,-1,-1,-1,-1,0,0,0,0,0,0,-1,0,0,0,0,365,0,365,365,30,365,4,0,0,0,0,-1,608011156
1,1,-1,1,0,0,1,0,56,1,0,0,18,0,0,-1,-1,-1,0,0,0,0,0,-1,0,0,-1,-1,-1,-1,0,0,0,0,0,0,-1,0,0,-1,-1,-1,-1,0,0,0,0,0,0,-1,0,0,0,0,0,0,0,0,60,60,12,0,0,0,12,2,608011156
1,1,-1,1,0,0,1,0,56,1,0,0,24,0,21,1,336,-1,0,0,1,0,0,24,0,0,-1,-1,-1,-1,0,0,0,0,0,0,-1,0,0,-1,-1,-1,-1,0,0,0,0,0,0,-1,0,90,0,90,0,0,90,90,0,90,1,1,0,0,0,-1,608011156
1,1,-1,1,0,0,1,0,56,1,0,0,25,0,0,-1,-1,-1,0,0,0,0,0,-1,0,21,1,1,101,-1,90,0,0,1,0,0,25,0,0,-1,-1,-1,-1,0,0,0,0,0,0,-1,0,0,0,0,90,365,365,90,30,180,4,0,1,0,0,-1,608011156
1,1,-1,1,0,0,1,0,56,1,0,0,25,0,0,-1,-1,-1,0,0,0,0,0,-1,0,21,1,1,116,-1,7,0,0,1,0,0,25,0,0,-1,-1,-1,-1,0,0,0,0,0,0,-1,0,0,0,0,7,90,90,7,60,60,4,0,1,0,0,-1,608011156
1,1,-1,1,0,0,1,0,56,1,0,0,25,0,0,-1,-1,-1,0,0,0,0,0,-1,0,21,1,1,302,-1,60,0,0,1,0,0,25,0,0,-1,-1,-1,-1,0,0,0,0,0,0,-1,0,0,0,0,60,180,365,60,0,60,4,0,1,0,0,-1,608011156
1,1,-1,1,0,0,1,0,56,1,0,0,25,0,21,1,99,-1,0,0,1,0,0,25,0,0,-1,-1,-1,-1,0,0,0,0,0,0,-1,0,0,-1,-1,-1,-1,0,0,0,0,0,0,-1,0,30,0,30,0,0,30,30,60,90,1,1,0,0,0,-1,608011156
1,1,-1,1,0,0,1,0,56,1,0,0,25,0,21,1,336,-1,0,0,1,0,0,25,0,0,-1,-1,-1,-1,0,0,0,0,0,0,-1,0,0,-1,-1,-1,-1,0,0,0,0,0,0,-1,0,90,0,90,0,0,90,90,7,180,1,1,0,0,0,-1,608011156
1,1,-1,1,0,0,1,0,56,1,0,0,25,0,22,1,99,99,0,0,1,0,0,25,0,0,-1,-1,-1,-1,0,0,0,0,0,0,-1,0,0,-1,-1,-1,-1,0,0,0,0,0,0,-1,0,7,0,7,0,0,7,7,30,60,1,1,0,0,0,-1,608011156
1,1,-1,1,0,0,1,0,56,1,0,0,25,0,22,1,99,99,0,0,1,0,0,25,0,21,1,1,101,-1,90,0,0,1,0,0,25,0,0,-1,-1,-1,-1,0,0,0,0,0,0,-1,0,30,0,30,90,365,365,90,30,180,5,1,1,0,0,-1,608011156
1,1,-1,1,0,0,1,0,56,1,0,0,25,0,22,1,101,422,0,0,1,0,0,25,0,0,-1,-1,-1,-1,0,0,0,0,0,0,-1,0,0,-1,-1,-1,-1,0,0,0,0,0,0,-1,0,30,0,30,0,0,30,30,0,30,1,1,0,0,0,-1,608011156
2,1,-1,1,0,0,1,0,56,1,0,0,25,0,22,1,116,99,0,0,1,0,0,25,0,0,-1,-1,-1,-1,0,0,0,0,0,0,-1,0,0,-1,-1,-1,-1,0,0,0,0,0,0,-1,0,30,0,30,0,0,30,30,30,60,1,1,0,0,0,-1,608011156
1,1,-1,1,0,0,1,0,56,1,0,0,25,0,22,1,204,410,0,0,1,0,0,25,0,0,-1,-1,-1,-1,0,0,0,0,0,0,-1,0,0,-1,-1,-1,-1,0,0,0,0,0,0,-1,0,30,0,30,0,0,30,30,180,180,1,1,0,0,0,-1,608011156
1,1,-1,1,0,0,1,0,56,1,0,0,25,0,22,1,206,99,0,0,1,0,0,25,0,0,-1,-1,-1,-1,0,0,0,0,0,0,-1,0,0,-1,-1,-1,-1,0,0,0,0,0,0,-1,0,30,0,30,0,0,30,30,7,30,1,1,0,0,0,-1,608011156
1,1,-1,1,0,0,1,0,56,1,0,0,25,0,22,1,207,410,0,0,1,0,0,25,0,0,-1,-1,-1,-1,0,0,0,0,0,0,-1,0,0,-1,-1,-1,-1,0,0,0,0,0,0,-1,0,60,0,60,0,0,60,60,0,60,1,1,0,0,0,-1,608011156
1,1,-1,1,0,0,1,0,56,1,0,0,25,0,22,1,314,329,0,0,1,0,0,25,0,0,-1,-1,-1,-1,0,0,0,0,0,0,-1,0,0,-1,-1,-1,-1,0,0,0,0,0,0,-1,0,60,0,60,0,0,60,60,0,60,1,1,0,0,0,-1,608011156
1,1,-1,1,0,0,1,0,56,1,0,0,25,0,22,1,336,99,0,0,1,0,0,25,0,0,-1,-1,-1,-1,0,0,0,0,0,0,-1,0,0,-1,-1,-1,-1,0,0,0,0,0,0,-1,0,7,0,7,0,0,7,7,7,7,1,1,0,0,0,-1,608011156
1,1,-1,1,0,0,1,0,56,1,0,0,25,0,22,1,336,312,0,0,1,0,0,25,0,0,-1,-1,-1,-1,0,0,0,0,0,0,-1,0,0,-1,-1,-1,-1,0,0,0,0,0,0,-1,0,30,0,30,0,0,30,30,0,30,1,1,0,0,0,-1,608011156
1,1,-1,1,0,0,1,0,56,1,0,0,25,0,22,1,336,422,0,0,1,0,0,25,0,0,-1,-1,-1,-1,0,0,0,0,0,0,-1,0,0,-1,-1,-1,-1,0,0,0,0,0,0,-1,0,0,60,60,0,0,60,60,0,60,2,1,0,0,0,-1,608011156
1,1,-1,1,0,0,1,0,56,1,0,0,55,0,22,1,99,99,0,0,1,0,0,55,0,0,-1,-1,-1,-1,0,0,0,0,0,0,-1,0,0,-1,-1,-1,-1,0,0,0,0,0,0,-1,0,7,0,7,0,0,7,7,180,180,1,1,0,0,0,-1,608011156
1,1,-1,1,0,0,1,0,56,1,0,0,55,0,22,1,116,313,0,0,1,0,0,55,0,0,-1,-1,-1,-1,0,0,0,0,0,0,-1,0,0,-1,-1,-1,-1,0,0,0,0,0,0,-1,0,60,0,60,0,0,60,60,7,60,1,1,0,0,0,-1,608011156
1,1,-1,1,0,0,1,0,56,1,0,0,55,0,22,1,314,98,0,0,1,0,0,55,0,0,-1,-1,-1,-1,0,0,0,0,0,0,-1,0,0,-1,-1,-1,-1,0,0,0,0,0,0,-1,0,30,0,30,0,0,30,30,0,30,1,1,0,0,0,-1,608011156
1,1,-1,1,0,0,1,0,56,1,0,0,55,0,22,1,431,410,0,0,1,0,0,55,0,0,-1,-1,-1,-1,0,0,0,0,0,0,-1,0,0,-1,-1,-1,-1,0,0,0,0,0,0,-1,0,30,0,30,0,0,30,30,0,30,1,1,0,0,0,-1,608011156
1,1,-1,1,0,0,1,0,56,1,0,0,55,0,22,3,116,312,0,0,1,0,0,55,0,0,-1,-1,-1,-1,0,0,0,0,0,0,-1,0,0,-1,-1,-1,-1,0,0,0,0,0,0,-1,0,30,0,30,0,0,30,30,30,30,1,1,0,0,0,-1,608011156
1,1,-1,1,0,0,1,0,56,1,0,0,55,0,22,3,434,410,0,0,1,0,0,55,0,0,-1,-1,-1,-1,0,0,0,0,0,0,-1,0,0,-1,-1,-1,-1,0,0,0,0,0,0,-1,0,60,0,60,0,0,60,60,0,60,1,1,0,0,0,-1,608011156
1,1,-1,1,0,0,1,0,56,2,0,0,25,0,22,1,116,313,0,0,1,0,0,25,0,0,-1,-1,-1,-1,0,0,0,0,0,0,-1,0,0,-1,-1,-1,-1,0,0,0,0,0,0,-1,0,60,0,60,0,0,60,60,90,180,1,1,0,0,0,-1,608011156
1,1,-1,1,0,0,1,0,98,1,0,0,18,0,22,1,336,313,0,0,1,0,0,18,0,0,-1,-1,-1,-1,0,0,0,0,0,0,-1,0,0,-1,-1,-1,-1,0,0,0,0,0,0,-1,0,30,0,30,0,0,30,30,0,30,1,1,0,0,0,-1,608011156
1,1,-1,1,0,0,1,0,98,1,0,0,55,0,22,1,116,422,0,0,1,0,0,55,0,0,-1,-1,-1,-1,0,0,0,0,0,0,-1,0,0,-1,-1,-1,-1,0,0,0,0,0,0,-1,0,30,0,30,0,0,30,30,0,30,1,1,0,0,0,-1,608011156
1,1,-1,1,0,0,1,0,125,1,0,0,25,0,0,-1,-1,-1,0,0,0,0,0,-1,0,22,1,1,116,422,30,0,0,1,0,0,25,0,0,-1,-1,-1,-1,0,0,0,0,0,0,-1,0,0,0,0,30,30,60,30,365,365,4,0,1,0,0,-1,608011156
1,1,-1,1,0,0,1,0,125,1,0,0,25,0,21,1,335,-1,0,0,1,0,0,25,0,0,-1,-1,-1,-1,0,0,0,0,0,0,-1,0,0,-1,-1,-1,-1,0,0,0,0,0,0,-1,0,180,0,180,0,0,180,180,7,180,1,1,0,0,0,-1,608011156
1,1,-1,1,0,0,1,0,125,1,0,0,25,0,22,1,314,314,0,0,1,0,0,25,0,0,-1,-1,-1,-1,0,0,0,0,0,0,-1,0,0,-1,-1,-1,-1,0,0,0,0,0,0,-1,0,60,0,60,0,0,60,60,7,60,1,1,0,0,0,-1,608011156
1,1,-1,1,0,0,1,0,125,1,0,0,25,0,22,1,314,410,0,0,1,0,0,25,0,0,-1,-1,-1,-1,0,0,0,0,0,0,-1,0,0,-1,-1,-1,-1,0,0,0,0,0,0,-1,0,60,0,60,0,0,60,60,7,60,1,1,0,0,0,-1,608011156
1,1,-1,1,0,0,1,0,125,1,0,0,55,0,22,3,410,410,0,0,1,0,0,55,0,0,-1,-1,-1,-1,0,0,0,0,0,0,-1,0,0,-1,-1,-1,-1,0,0,0,0,0,0,-1,0,60,0,60,0,0,60,60,0,60,1,1,0,0,0,-1,608011156
1,1,-1,1,0,0,1,0,126,1,0,0,25,0,0,-1,-1,-1,0,0,0,0,0,-1,0,21,1,1,101,-1,30,0,0,1,0,0,25,0,0,-1,-1,-1,-1,0,0,0,0,0,0,-1,0,0,0,0,30,180,180,30,60,90,4,0,1,0,0,-1,608011156
1,1,-1,1,0,0,1,0,127,1,0,0,24,0,22,1,116,423,0,0,1,0,0,24,0,0,-1,-1,-1,-1,0,0,0,0,0,0,-1,0,0,-1,-1,-1,-1,0,0,0,0,0,0,-1,0,180,0,180,0,0,180,180,7,180,1,1,0,0,0,-1,608011156
1,1,-1,1,0,0,1,0,127,1,0,0,25,0,22,1,101,423,0,0,1,0,0,25,0,0,-1,-1,-1,-1,0,0,0,0,0,0,-1,0,0,-1,-1,-1,-1,0,0,0,0,0,0,-1,0,30,0,30,0,0,30,30,7,30,1,1,0,0,0,-1,608011156
1,1,-1,1,0,0,1,0,134,1,0,0,25,0,22,1,101,206,0,0,1,0,0,25,0,0,-1,-1,-1,-1,0,0,0,0,0,0,-1,0,0,-1,-1,-1,-1,0,0,0,0,0,0,-1,0,60,0,60,0,0,60,60,60,180,1,1,0,0,0,-1,608011156
1,1,-1,1,0,0,1,0,134,1,0,0,25,0,22,1,116,422,0,0,1,0,0,25,0,0,-1,-1,-1,-1,0,0,0,0,0,0,-1,0,0,-1,-1,-1,-1,0,0,0,0,0,0,-1,0,90,0,90,0,0,90,90,30,90,1,1,0,0,0,-1,608011156
1,1,-1,1,0,0,1,0,134,2,0,0,25,0,22,3,116,98,0,0,1,0,0,25,0,0,-1,-1,-1,-1,0,0,0,0,0,0,-1,0,0,-1,-1,-1,-1,0,0,0,0,0,0,-1,0,60,0,60,0,0,60,60,90,180,1,1,0,0,0,-1,608011156
1,1,-1,1,0,0,1,0,134,3,0,0,25,1,22,1,314,101,0,0,1,0,0,25,1,0,-1,-1,-1,-1,0,0,0,0,0,0,-1,0,0,-1,-1,-1,-1,0,0,0,0,0,0,-1,0,60,0,60,0,0,60,60,180,180,1,1,0,0,0,-1,608011156
1,1,-1,1,0,0,1,0,135,1,0,0,25,0,22,1,206,314,0,0,1,0,0,25,0,0,-1,-1,-1,-1,0,0,0,0,0,0,-1,0,0,-1,-1,-1,-1,0,0,0,0,0,0,-1,0,30,0,30,0,0,30,30,0,30,1,1,0,0,0,-1,608011156
1,1,-1,1,0,0,1,0,137,1,0,0,24,0,22,3,116,312,0,0,1,0,0,24,0,0,-1,-1,-1,-1,0,0,0,0,0,0,-1,0,0,-1,-1,-1,-1,0,0,0,0,0,0,-1,0,30,0,30,0,0,30,30,180,180,1,1,0,0,0,-1,608011156
1,1,-1,1,0,0,1,0,137,2,0,0,18,0,22,1,314,422,0,0,1,0,0,18,0,0,-1,-1,-1,-1,0,0,0,0,0,0,-1,0,0,-1,-1,-1,-1,0,0,0,0,0,0,-1,0,30,0,30,0,0,30,30,60,90,1,1,0,0,0,-1,608011156
1,1,-1,1,0,0,1,0,145,1,0,0,55,0,22,1,335,116,0,0,1,0,0,55,0,0,-1,-1,-1,-1,0,0,0,0,0,0,-1,0,0,-1,-1,-1,-1,0,0,0,0,0,0,-1,0,90,0,90,0,0,90,90,30,90,1,1,0,0,0,-1,608011156
1,1,-1,1,0,0,1,0,145,1,0,0,55,0,22,1,336,434,0,0,1,0,0,55,0,0,-1,-1,-1,-1,0,0,0,0,0,0,-1,0,0,-1,-1,-1,-1,0,0,0,0,0,0,-1,0,30,0,30,0,0,30,30,30,60,1,1,0,0,0,-1,608011156
1,1,-1,1,0,0,1,0,146,1,0,0,24,0,21,1,336,-1,0,0,1,0,0,24,0,0,-1,-1,-1,-1,0,0,0,0,0,0,-1,0,0,-1,-1,-1,-1,0,0,0,0,0,0,-1,0,180,0,180,0,0,180,180,30,180,1,1,0,0,0,-1,608011156
1,1,-1,1,0,0,1,0,146,1,0,0,25,0,22,1,116,423,0,0,1,0,0,25,0,0,-1,-1,-1,-1,0,0,0,0,0,0,-1,0,0,-1,-1,-1,-1,0,0,0,0,0,0,-1,0,30,0,30,0,0,30,30,30,60,1,1,0,0,0,-1,608011156
1,1,-1,1,0,0,1,0,147,1,0,0,25,0,21,1,116,-1,0,0,1,0,0,25,0,0,-1,-1,-1,-1,0,0,0,0,0,0,-1,0,0,-1,-1,-1,-1,0,0,0,0,0,0,-1,0,90,0,90,0,0,90,90,7,90,1,1,0,0,0,-1,608011156
1,1,-1,1,0,0,1,0,156,1,0,0,25,0,21,1,99,-1,0,0,1,0,0,25,0,0,-1,-1,-1,-1,0,0,0,0,0,0,-1,0,0,-1,-1,-1,-1,0,0,0,0,0,0,-1,0,7,0,7,0,0,7,7,30,30,1,1,0,0,0,-1,608011156
1,1,-1,1,0,0,1,0,156,1,0,0,25,0,22,3,207,312,0,0,1,0,0,25,0,0,-1,-1,-1,-1,0,0,0,0,0,0,-1,0,0,-1,-1,-1,-1,0,0,0,0,0,0,-1,0,30,0,30,0,0,30,30,0,30,1,1,0,0,0,-1,608011156
1,1,-1,1,0,0,1,0,157,1,0,0,25,0,22,3,335,207,0,0,1,0,0,25,0,0,-1,-1,-1,-1,0,0,0,0,0,0,-1,0,0,-1,-1,-1,-1,0,0,0,0,0,0,-1,0,90,0,90,0,0,90,90,60,180,1,1,0,0,0,-1,608011156
1,1,-1,1,0,0,1,0,234,1,0,0,25,0,22,1,116,116,0,0,1,0,0,25,0,0,-1,-1,-1,-1,0,0,0,0,0,0,-1,0,0,-1,-1,-1,-1,0,0,0,0,0,0,-1,0,60,0,60,0,0,60,60,7,60,1,1,0,0,0,-1,608011156
1,1,-1,1,0,0,1,0,245,1,0,0,18,0,22,1,410,99,0,0,1,0,0,18,0,0,-1,-1,-1,-1,0,0,0,0,0,0,-1,0,0,-1,-1,-1,-1,0,0,0,0,0,0,-1,0,30,0,30,0,0,30,30,0,30,1,1,0,0,0,-1,608011156
1,1,-1,1,0,0,1,0,245,1,0,0,25,0,22,1,101,99,0,0,1,0,0,25,0,21,1,1,101,-1,60,0,0,1,0,0,25,0,0,-1,-1,-1,-1,0,0,0,0,0,0,-1,0,30,0,30,60,180,365,90,60,180,5,1,1,0,0,-1,608011156
1,1,-1,1,0,0,1,0,246,1,0,0,24,0,22,3,336,312,0,0,1,0,0,24,0,0,-1,-1,-1,-1,0,0,0,0,0,0,-1,0,0,-1,-1,-1,-1,0,0,0,0,0,0,-1,0,60,0,60,0,0,60,60,7,60,1,1,0,0,0,-1,608011156
1,1,-1,1,0,0,1,0,247,1,0,0,24,0,21,1,99,-1,0,0,1,0,0,24,0,0,-1,-1,-1,-1,0,0,0,0,0,0,-1,0,0,-1,-1,-1,-1,0,0,0,0,0,0,-1,0,7,0,7,0,0,7,7,365,365,1,1,0,0,0,-1,608011156
1,1,-1,1,0,0,1,0,247,1,0,0,25,0,21,1,336,-1,0,0,1,0,0,25,0,0,-1,-1,-1,-1,0,0,0,0,0,0,-1,0,0,-1,-1,-1,-1,0,0,0,0,0,0,-1,0,90,0,90,0,0,90,90,0,90,1,1,0,0,0,-1,608011156
1,1,-1,1,0,0,1,0,247,1,0,0,25,0,22,1,116,422,0,0,1,0,0,25,0,0,-1,-1,-1,-1,0,0,0,0,0,0,-1,0,0,-1,-1,-1,-1,0,0,0,0,0,0,-1,0,30,0,30,0,0,30,30,7,30,1,1,0,0,0,-1,608011156
1,1,-1,1,0,0,1,0,256,1,0,0,25,0,22,1,335,410,0,0,1,0,0,25,0,0,-1,-1,-1,-1,0,0,0,0,0,0,-1,0,0,-1,-1,-1,-1,0,0,0,0,0,0,-1,0,60,0,60,0,0,60,60,0,60,1,1,0,0,0,-1,608011156
1,1,-1,1,0,0,1,0,256,1,0,0,55,0,22,1,101,423,0,0,1,0,0,55,0,0,-1,-1,-1,-1,0,0,0,0,0,0,-1,0,0,-1,-1,-1,-1,0,0,0,0,0,0,-1,0,180,0,180,0,0,180,180,7,180,1,1,0,0,0,-1,608011156
1,1,-1,1,0,0,1,0,257,1,0,0,25,0,22,1,116,99,0,0,1,0,0,25,0,0,-1,-1,-1,-1,0,0,0,0,0,0,-1,0,0,-1,-1,-1,-1,0,0,0,0,0,0,-1,0,30,0,30,0,0,30,30,30,60,1,1,0,0,0,-1,608011156
1,1,-1,1,0,0,1,0,267,2,0,0,25,0,22,1,410,99,0,0,1,0,0,25,0,0,-1,-1,-1,-1,0,0,0,0,0,0,-1,0,0,-1,-1,-1,-1,0,0,0,0,0,0,-1,0,60,0,60,0,0,60,60,0,60,1,1,0,0,0,-1,608011156
1,1,-1,1,0,0,1,0,345,1,0,0,55,0,21,3,116,-1,0,0,1,0,0,55,0,0,-1,-1,-1,-1,0,0,0,0,0,0,-1,0,0,-1,-1,-1,-1,0,0,0,0,0,0,-1,0,180,0,180,0,0,180,180,0,180,1,1,0,0,0,-1,608011156
1,1,-1,1,0,0,1,0,346,1,0,0,25,0,22,1,116,206,0,0,1,0,0,25,0,0,-1,-1,-1,-1,0,0,0,0,0,0,-1,0,0,-1,-1,-1,-1,0,0,0,0,0,0,-1,0,180,0,180,0,0,180,180,7,180,1,1,0,0,0,-1,608011156
1,1,-1,1,0,0,1,0,346,1,0,0,25,0,22,3,116,99,0,0,1,0,0,25,0,0,-1,-1,-1,-1,0,0,0,0,0,0,-1,0,0,-1,-1,-1,-1,0,0,0,0,0,0,-1,0,30,0,30,0,0,30,30,60,60,1,1,0,0,0,-1,608011156
1,1,-1,1,0,0,1,0,346,1,0,0,55,0,22,1,314,434,0,0,1,0,0,55,0,0,-1,-1,-1,-1,0,0,0,0,0,0,-1,0,0,-1,-1,-1,-1,0,0,0,0,0,0,-1,0,60,0,60,0,0,60,60,0,60,1,1,0,0,0,-1,608011156
1,1,-1,1,0,0,1,0,347,1,0,0,25,0,0,-1,-1,-1,0,0,0,0,0,-1,0,21,0,3,336,-1,180,0,0,1,0,0,25,0,0,-1,-1,-1,-1,0,0,0,0,0,0,-1,0,0,0,0,180,0,180,180,90,180,4,0,0,0,0,-1,608011156
1,1,-1,1,0,0,1,0,356,1,0,0,25,0,22,1,116,99,0,0,1,0,0,25,0,0,-1,-1,-1,-1,0,0,0,0,0,0,-1,0,0,-1,-1,-1,-1,0,0,0,0,0,0,-1,0,30,0,30,0,0,30,30,180,365,1,1,0,0,0,-1,608011156
1,1,-1,1,0,0,1,0,357,1,0,0,25,0,21,3,206,-1,0,0,1,0,0,25,0,0,-1,-1,-1,-1,0,0,0,0,0,0,-1,0,0,-1,-1,-1,-1,0,0,0,0,0,0,-1,0,180,0,180,0,0,180,180,30,180,1,1,0,0,0,-1,608011156
1,1,-1,1,0,0,1,0,357,1,0,0,25,0,22,1,336,410,0,0,1,0,0,25,0,0,-1,-1,-1,-1,0,0,0,0,0,0,-1,0,0,-1,-1,-1,-1,0,0,0,0,0,0,-1,0,0,180,180,0,0,180,180,60,180,2,1,0,0,0,-1,608011156
1,1,-1,1,0,0,1,0,456,1,0,0,25,0,0,-1,-1,-1,0,0,0,0,0,-1,0,22,1,3,116,433,90,0,0,1,0,0,25,0,0,-1,-1,-1,-1,0,0,0,0,0,0,-1,0,0,0,0,90,30,90,90,60,180,4,0,1,0,0,-1,608011156
1,1,-1,1,0,0,1,0,457,1,0,0,55,0,22,1,204,99,0,0,1,0,0,55,0,0,-1,-1,-1,-1,0,0,0,0,0,0,-1,0,0,-1,-1,-1,-1,0,0,0,0,0,0,-1,0,30,0,30,0,0,30,30,7,30,1,1,0,0,0,-1,608011156
1,1,-1,1,0,0,1,1,1,1,0,0,25,0,22,1,101,314,0,0,1,1,0,25,0,0,-1,-1,-1,-1,0,0,0,0,0,0,-1,0,0,-1,-1,-1,-1,0,0,0,0,0,0,-1,0,30,0,30,0,0,30,30,0,30,1,1,0,0,0,-1,608011156
1,1,-1,1,0,0,1,1,3,1,0,0,18,0,22,1,101,99,0,0,1,1,0,18,0,0,-1,-1,-1,-1,0,0,0,0,0,0,-1,0,0,-1,-1,-1,-1,0,0,0,0,0,0,-1,0,60,0,60,0,0,60,60,180,365,1,1,0,0,0,-1,608011156
1,1,-1,1,0,0,1,1,3,1,0,0,25,0,0,-1,-1,-1,0,0,0,0,0,-1,0,21,1,1,335,-1,90,0,0,1,1,0,25,0,0,-1,-1,-1,-1,0,0,0,0,0,0,-1,0,0,0,0,90,180,365,90,0,90,4,0,1,0,0,-1,608011156
1,1,-1,1,0,0,1,1,3,1,0,0,25,0,21,1,314,-1,0,0,1,1,0,25,0,0,-1,-1,-1,-1,0,0,0,0,0,0,-1,0,0,-1,-1,-1,-1,0,0,0,0,0,0,-1,0,90,0,90,0,0,90,90,60,180,1,1,0,0,0,-1,608011156
1,1,-1,1,0,0,1,1,3,1,0,0,25,0,21,1,335,-1,0,0,1,1,0,25,0,0,-1,-1,-1,-1,0,0,0,0,0,0,-1,0,0,-1,-1,-1,-1,0,0,0,0,0,0,-1,0,90,0,90,0,0,90,90,0,90,1,1,0,0,0,-1,608011156
1,1,-1,1,0,0,1,1,3,1,0,0,25,0,21,1,336,-1,0,0,1,1,0,25,0,0,-1,-1,-1,-1,0,0,0,0,0,0,-1,0,0,-1,-1,-1,-1,0,0,0,0,0,0,-1,0,180,0,180,0,0,180,180,0,180,1,1,0,0,0,-1,608011156
1,1,-1,1,0,0,1,1,3,1,0,0,25,0,22,1,116,99,0,0,1,1,0,25,0,0,-1,-1,-1,-1,0,0,0,0,0,0,-1,0,0,-1,-1,-1,-1,0,0,0,0,0,0,-1,0,60,0,60,0,0,60,60,7,60,1,1,0,0,0,-1,608011156
1,1,-1,1,0,0,1,1,3,1,0,0,25,0,22,1,116,313,0,0,1,1,0,25,0,0,-1,-1,-1,-1,0,0,0,0,0,0,-1,0,0,-1,-1,-1,-1,0,0,0,0,0,0,-1,0,30,0,30,0,0,30,30,7,30,1,1,0,0,0,-1,608011156
1,1,-1,1,0,0,1,1,3,1,0,0,25,0,22,1,116,313,0,0,1,1,0,25,0,0,-1,-1,-1,-1,0,0,0,0,0,0,-1,0,0,-1,-1,-1,-1,0,0,0,0,0,0,-1,0,60,0,60,0,0,60,60,60,180,1,1,0,0,0,-1,608011156
1,1,-1,1,0,0,1,1,3,1,0,0,25,0,22,1,116,410,0,0,1,1,0,25,0,0,-1,-1,-1,-1,0,0,0,0,0,0,-1,0,0,-1,-1,-1,-1,0,0,0,0,0,0,-1,0,60,0,60,0,0,60,60,7,60,1,1,0,0,0,-1,608011156
1,1,-1,1,0,0,1,1,3,1,0,0,25,0,22,1,336,225,0,0,1,1,0,25,0,0,-1,-1,-1,-1,0,0,0,0,0,0,-1,0,0,-1,-1,-1,-1,0,0,0,0,0,0,-1,0,180,0,180,0,0,180,180,0,180,1,1,0,0,0,-1,608011156
1,1,-1,1,0,0,1,1,3,1,0,0,25,0,22,3,206,206,0,0,1,1,0,25,0,0,-1,-1,-1,-1,0,0,0,0,0,0,-1,0,0,-1,-1,-1,-1,0,0,0,0,0,0,-1,0,30,0,30,0,0,30,30,30,60,1,1,0,0,0,-1,608011156
1,1,-1,1,0,0,1,1,3,1,0,0,55,0,22,1,101,99,0,0,1,1,0,55,0,22,0,1,101,101,60,0,0,1,1,0,55,0,0,-1,-1,-1,-1,0,0,0,0,0,0,-1,0,90,0,90,30,0,90,90,180,365,5,1,0,0,0,-1,608011156
1,1,-1,1,0,0,1,1,3,1,0,0,55,0,22,1,116,411,0,0,1,1,0,55,0,0,-1,-1,-1,-1,0,0,0,0,0,0,-1,0,0,-1,-1,-1,-1,0,0,0,0,0,0,-1,0,180,0,180,0,0,180,180,0,180,1,1,0,0,0,-1,608011156
1,1,-1,1,0,0,1,1,5,1,0,0,18,0,22,1,101,422,0,0,1,1,0,18,0,0,-1,-1,-1,-1,0,0,0,0,0,0,-1,0,0,-1,-1,-1,-1,0,0,0,0,0,0,-1,0,30,0,30,0,0,30,30,0,30,1,1,0,0,0,-1,608011156
1,1,-1,1,0,0,1,1,5,1,0,0,18,0,22,1,206,99,0,0,1,1,0,18,0,0,-1,-1,-1,-1,0,0,0,0,0,0,-1,0,0,-1,-1,-1,-1,0,0,0,0,0,0,-1,0,30,0,30,0,0,30,30,7,30,1,1,0,0,0,-1,608011156
1,1,-1,1,0,0,1,1,5,1,0,0,18,0,22,1,206,312,0,0,1,1,0,18,0,0,-1,-1,-1,-1,0,0,0,0,0,0,-1,0,0,-1,-1,-1,-1,0,0,0,0,0,0,-1,0,30,0,30,0,0,30,30,7,30,1,1,0,0,0,-1,608011156
1,1,-1,1,0,0,1,1,5,1,0,0,18,0,22,1,207,207,0,0,1,1,0,18,0,0,-1,-1,-1,-1,0,0,0,0,0,0,-1,0,0,-1,-1,-1,-1,0,0,0,0,0,0,-1,0,30,0,30,0,0,30,30,0,30,1,1,0,0,0,-1,608011156
1,1,-1,1,0,0,1,1,5,1,0,0,18,0,22,3,118,313,0,0,1,1,0,18,0,0,-1,-1,-1,-1,0,0,0,0,0,0,-1,0,0,-1,-1,-1,-1,0,0,0,0,0,0,-1,0,30,0,30,0,0,30,30,0,30,1,1,0,0,0,-1,608011156
1,1,-1,1,0,0,1,1,5,1,0,0,24,0,21,1,336,-1,0,0,1,1,0,24,0,0,-1,-1,-1,-1,0,0,0,0,0,0,-1,0,0,-1,-1,-1,-1,0,0,0,0,0,0,-1,0,30,0,30,0,0,30,30,60,60,1,1,0,0,0,-1,608011156
1,1,-1,1,0,0,1,1,5,1,0,0,24,0,22,1,204,422,0,0,1,1,0,24,0,0,-1,-1,-1,-1,0,0,0,0,0,0,-1,0,0,-1,-1,-1,-1,0,0,0,0,0,0,-1,0,30,0,30,0,0,30,30,30,60,1,1,0,0,0,-1,608011156
1,1,-1,1,0,0,1,1,5,1,0,0,24,0,22,1,336,98,0,0,1,1,0,24,0,0,-1,-1,-1,-1,0,0,0,0,0,0,-1,0,0,-1,-1,-1,-1,0,0,0,0,0,0,-1,0,30,0,30,0,0,30,30,0,30,1,1,0,0,0,-1,608011156
1,1,-1,1,0,0,1,1,5,1,0,0,24,0,22,1,336,99,0,0,1,1,0,24,0,0,-1,-1,-1,-1,0,0,0,0,0,0,-1,0,0,-1,-1,-1,-1,0,0,0,0,0,0,-1,0,30,0,30,0,0,30,30,1095,1095,1,1,0,0,0,-1,608011156
1,1,-1,1,0,0,1,1,5,1,0,0,25,0,0,-1,-1,-1,0,0,0,0,0,-1,0,0,-1,-1,-1,-1,0,0,0,0,0,0,-1,0,0,-1,-1,-1,-1,0,0,0,0,0,0,-1,0,0,0,0,0,0,0,0,30,30,12,0,0,0,22,1,608011156
1,1,-1,1,0,0,1,1,5,1,0,0,25,0,0,-1,-1,-1,0,0,0,0,0,-1,0,21,0,3,116,-1,180,0,0,1,1,0,25,0,0,-1,-1,-1,-1,0,0,0,0,0,0,-1,0,0,0,0,180,0,180,180,60,365,4,0,0,0,0,-1,608011156
1,1,-1,1,0,0,1,1,5,1,0,0,25,0,0,-1,-1,-1,0,0,0,0,0,-1,0,21,1,3,410,-1,7,0,0,1,1,0,25,0,0,-1,-1,-1,-1,0,0,0,0,0,0,-1,0,0,0,0,7,180,180,7,0,7,4,0,1,0,0,-1,608011156
1,1,-1,1,0,0,1,1,5,1,0,0,25,0,0,-1,-1,-1,0,0,0,0,0,-1,0,22,0,3,116,99,60,0,0,1,1,0,25,0,0,-1,-1,-1,-1,0,0,0,0,0,0,-1,0,0,0,0,60,0,60,60,60,180,4,0,0,0,0,-1,608011156
1,1,-1,1,0,0,1,1,5,1,0,0,25,0,0,-1,-1,-1,0,0,0,0,0,-1,0,22,0,3,116,99,180,0,0,1,1,0,25,0,0,-1,-1,-1,-1,0,0,0,0,0,0,-1,0,0,0,0,180,0,180,180,180,365,4,0,0,0,0,-1,608011156
1,1,-1,1,0,0,1,1,5,1,0,0,25,0,0,-1,-1,-1,0,0,0,0,0,-1,0,22,1,1,116,434,60,0,0,1,1,0,25,0,0,-1,-1,-1,-1,0,0,0,0,0,0,-1,0,0,0,0,60,30,90,60,90,180,4,0,1,0,0,-1,608011156
1,1,-1,1,0,0,1,1,5,1,0,0,25,0,21,1,101,-1,0,0,1,1,0,25,0,0,-1,-1,-1,-1,0,0,0,0,0,0,-1,0,0,-1,-1,-1,-1,0,0,0,0,0,0,-1,0,7,0,7,0,0,7,7,180,180,1,1,0,0,0,-1,608011156
1,1,-1,1,0,0,1,1,5,1,0,0,25,0,22,1,99,99,0,0,1,1,0,25,0,22,0,1,116,422,90,0,0,1,1,0,25,0,0,-1,-1,-1,-1,0,0,0,0,0,0,-1,0,7,0,7,60,0,90,90,60,180,5,1,0,0,0,-1,608011156
1,1,-1,1,0,0,1,1,5,1,0,0,25,0,22,1,116,99,0,0,1,1,0,25,0,0,-1,-1,-1,-1,0,0,0,0,0,0,-1,0,0,-1,-1,-1,-1,0,0,0,0,0,0,-1,0,30,0,30,0,0,30,30,365,365,1,1,0,0,0,-1,608011156
1,1,-1,1,0,0,1,1,5,1,0,0,25,0,22,1,116,99,0,0,1,1,0,25,0,0,-1,-1,-1,-1,0,0,0,0,0,0,-1,0,0,-1,-1,-1,-1,0,0,0,0,0,0,-1,0,60,0,60,0,0,60,60,7,60,1,1,0,0,0,-1,608011156
1,1,-1,1,0,0,1,1,5,1,0,0,25,0,22,1,116,302,0,0,1,1,0,25,0,0,-1,-1,-1,-1,0,0,0,0,0,0,-1,0,0,-1,-1,-1,-1,0,0,0,0,0,0,-1,0,60,0,60,0,0,60,60,90,180,1,1,0,0,0,-1,608011156
1,1,-1,1,0,0,1,1,5,1,0,0,25,0,22,1,116,410,0,0,1,1,0,25,0,0,-1,-1,-1,-1,0,0,0,0,0,0,-1,0,0,-1,-1,-1,-1,0,0,0,0,0,0,-1,0,60,0,60,0,0,60,60,90,180,1,1,0,0,0,-1,608011156
1,1,-1,1,0,0,1,1,5,1,0,0,25,0,22,1,116,422,0,0,1,1,0,25,0,0,-1,-1,-1,-1,0,0,0,0,0,0,-1,0,0,-1,-1,-1,-1,0,0,0,0,0,0,-1,0,30,0,30,0,0,30,30,0,30,1,1,0,0,0,-1,608011156
1,1,-1,1,0,0,1,1,5,1,0,0,25,0,22,1,116,422,0,0,1,1,0,25,0,0,-1,-1,-1,-1,0,0,0,0,0,0,-1,0,0,-1,-1,-1,-1,0,0,0,0,0,0,-1,0,30,0,30,0,0,30,30,60,60,1,1,0,0,0,-1,608011156
1,1,-1,1,0,0,1,1,5,1,0,0,25,0,22,1,206,98,0,0,1,1,0,25,0,0,-1,-1,-1,-1,0,0,0,0,0,0,-1,0,0,-1,-1,-1,-1,0,0,0,0,0,0,-1,0,90,0,90,0,0,90,90,0,90,1,1,0,0,0,-1,608011156
1,1,-1,1,0,0,1,1,5,1,0,0,25,0,22,1,207,99,0,0,1,1,0,25,0,0,-1,-1,-1,-1,0,0,0,0,0,0,-1,0,0,-1,-1,-1,-1,0,0,0,0,0,0,-1,0,30,0,30,0,0,30,30,1095,1095,1,1,0,0,0,-1,608011156
1,1,-1,1,0,0,1,1,5,1,0,0,25,0,22,1,314,98,0,0,1,1,0,25,0,0,-1,-1,-1,-1,0,0,0,0,0,0,-1,0,0,-1,-1,-1,-1,0,0,0,0,0,0,-1,0,30,0,30,0,0,30,30,0,30,1,1,0,0,0,-1,608011156
1,1,-1,1,0,0,1,1,5,1,0,0,25,0,22,1,314,101,0,0,1,1,0,25,0,0,-1,-1,-1,-1,0,0,0,0,0,0,-1,0,0,-1,-1,-1,-1,0,0,0,0,0,0,-1,0,180,0,180,0,0,180,180,0,180,1,1,0,0,0,-1,608011156
1,1,-1,1,0,0,1,1,5,1,0,0,25,0,22,1,335,99,0,0,1,1,0,25,0,0,-1,-1,-1,-1,0,0,0,0,0,0,-1,0,0,-1,-1,-1,-1,0,0,0,0,0,0,-1,0,60,0,60,0,0,60,60,30,60,1,1,0,0,0,-1,608011156
1,1,-1,1,0,0,1,1,5,1,0,0,25,0,22,1,336,98,0,0,1,1,0,25,0,0,-1,-1,-1,-1,0,0,0,0,0,0,-1,0,0,-1,-1,-1,-1,0,0,0,0,0,0,-1,0,60,0,60,0,0,60,60,7,60,1,1,0,0,0,-1,608011156
2,1,-1,1,0,0,1,1,5,1,0,0,25,0,22,1,336,99,0,0,1,1,0,25,0,0,-1,-1,-1,-1,0,0,0,0,0,0,-1,0,0,-1,-1,-1,-1,0,0,0,0,0,0,-1,0,7,0,7,0,0,7,7,0,7,1,1,0,0,0,-1,608011156
1,1,-1,1,0,0,1,1,5,1,0,0,25,0,22,1,336,99,0,0,1,1,0,25,0,0,-1,-1,-1,-1,0,0,0,0,0,0,-1,0,0,-1,-1,-1,-1,0,0,0,0,0,0,-1,0,90,0,90,0,0,90,90,7,90,1,1,0,0,0,-1,608011156
1,1,-1,1,0,0,1,1,5,1,0,0,25,0,22,1,336,118,0,0,1,1,0,25,0,0,-1,-1,-1,-1,0,0,0,0,0,0,-1,0,0,-1,-1,-1,-1,0,0,0,0,0,0,-1,0,30,0,30,0,0,30,30,7,60,1,1,0,0,0,-1,608011156
1,1,-1,1,0,0,1,1,5,1,0,0,25,0,22,1,336,410,0,0,1,1,0,25,0,0,-1,-1,-1,-1,0,0,0,0,0,0,-1,0,0,-1,-1,-1,-1,0,0,0,0,0,0,-1,0,90,0,90,0,0,90,90,0,90,1,1,0,0,0,-1,608011156
1,1,-1,1,0,0,1,1,5,1,0,0,25,0,22,3,206,98,0,0,1,1,0,25,0,0,-1,-1,-1,-1,0,0,0,0,0,0,-1,0,0,-1,-1,-1,-1,0,0,0,0,0,0,-1,0,60,0,60,0,0,60,60,7,60,1,1,0,0,0,-1,608011156
1,1,-1,1,0,0,1,1,5,1,0,0,25,0,22,3,335,410,0,0,1,1,0,25,0,0,-1,-1,-1,-1,0,0,0,0,0,0,-1,0,0,-1,-1,-1,-1,0,0,0,0,0,0,-1,0,30,0,30,0,0,30,30,0,30,1,1,0,0,0,-1,608011156
1,1,-1,1,0,0,1,1,5,1,0,0,25,0,22,3,434,313,0,0,1,1,0,25,0,0,-1,-1,-1,-1,0,0,0,0,0,0,-1,0,0,-1,-1,-1,-1,0,0,0,0,0,0,-1,0,60,0,60,0,0,60,60,60,180,1,1,0,0,0,-1,608011156
1,1,-1,1,0,0,1,1,5,1,0,0,55,0,0,-1,-1,-1,0,0,0,0,0,-1,0,0,-1,-1,-1,-1,0,0,0,0,0,0,-1,0,0,-1,-1,-1,-1,0,0,0,0,0,0,-1,0,0,0,0,0,0,0,0,60,60,12,0,0,0,12,2,608011156
1,1,-1,1,0,0,1,1,5,1,0,0,55,0,0,-1,-1,-1,0,0,0,0,0,-1,0,21,1,1,116,-1,90,0,0,1,1,0,55,0,0,-1,-1,-1,-1,0,0,0,0,0,0,-1,0,0,0,0,90,365,365,90,180,365,4,0,1,0,0,-1,608011156
1,1,-1,1,0,0,1,1,5,1,0,0,55,0,0,-1,-1,-1,0,0,0,0,0,-1,0,21,1,3,116,-1,7,0,0,1,1,0,55,0,0,-1,-1,-1,-1,0,0,0,0,0,0,-1,0,0,0,0,7,365,365,7,90,90,4,0,1,0,0,-1,608011156
1,1,-1,1,0,0,1,1,5,1,0,0,55,0,0,-1,-1,-1,0,0,0,0,0,-1,0,22,1,3,116,99,60,0,0,1,1,0,55,0,0,-1,-1,-1,-1,0,0,0,0,0,0,-1,0,0,0,0,60,60,90,60,180,180,4,0,1,0,0,-1,608011156
1,1,-1,1,0,0,1,1,5,1,0,0,55,0,21,1,116,-1,0,0,1,1,0,55,0,21,0,1,101,-1,180,0,0,1,1,0,55,0,0,-1,-1,-1,-1,0,0,0,0,0,0,-1,0,180,0,180,0,0,180,180,30,180,5,1,0,0,0,-1,608011156
1,1,-1,1,0,0,1,1,5,1,0,0,55,0,21,3,101,-1,0,0,1,1,0,55,0,0,-1,-1,-1,-1,0,0,0,0,0,0,-1,0,0,-1,-1,-1,-1,0,0,0,0,0,0,-1,0,365,0,365,0,0,365,365,7,365,1,1,0,0,0,-1,608011156
1,1,-1,1,0,0,1,1,5,1,0,0,55,0,22,1,101,411,0,0,1,1,0,55,0,0,-1,-1,-1,-1,0,0,0,0,0,0,-1,0,0,-1,-1,-1,-1,0,0,0,0,0,0,-1,0,60,0,60,0,0,60,60,60,90,1,1,0,0,0,-1,608011156
1,1,-1,1,0,0,1,1,5,1,0,0,55,0,22,1,116,98,0,0,1,1,0,55,0,0,-1,-1,-1,-1,0,0,0,0,0,0,-1,0,0,-1,-1,-1,-1,0,0,0,0,0,0,-1,0,30,0,30,0,0,30,30,7,30,1,1,0,0,0,-1,608011156
1,1,-1,1,0,0,1,1,5,1,0,0,55,0,22,1,116,434,0,0,1,1,0,55,0,0,-1,-1,-1,-1,0,0,0,0,0,0,-1,0,0,-1,-1,-1,-1,0,0,0,0,0,0,-1,0,90,0,90,0,0,90,90,7,90,1,1,0,0,0,-1,608011156
1,1,-1,1,0,0,1,1,5,1,0,0,55,0,22,1,205,98,0,0,1,1,0,55,0,22,1,1,101,410,30,0,0,1,1,0,55,0,0,-1,-1,-1,-1,0,0,0,0,0,0,-1,0,60,0,60,30,30,90,90,90,180,5,1,1,0,0,-1,608011156
1,1,-1,1,0,0,1,1,5,1,0,0,55,0,22,1,206,302,0,0,1,1,0,55,0,0,-1,-1,-1,-1,0,0,0,0,0,0,-1,0,0,-1,-1,-1,-1,0,0,0,0,0,0,-1,0,180,0,180,0,0,180,180,0,180,1,1,0,0,0,-1,608011156
1,1,-1,1,0,0,1,1,5,1,0,0,55,0,22,1,206,314,0,0,1,1,0,55,0,0,-1,-1,-1,-1,0,0,0,0,0,0,-1,0,0,-1,-1,-1,-1,0,0,0,0,0,0,-1,0,60,0,60,0,0,60,60,30,60,1,1,0,0,0,-1,608011156
1,1,-1,1,0,0,1,1,5,1,0,0,55,0,22,1,314,99,0,0,1,1,0,55,0,21,1,1,101,-1,60,0,0,1,1,0,55,0,0,-1,-1,-1,-1,0,0,0,0,0,0,-1,0,30,0,30,30,180,365,60,30,90,5,1,1,0,0,-1,608011156
1,1,-1,1,0,0,1,1,5,1,0,0,55,0,22,1,335,314,0,0,1,1,0,55,0,0,-1,-1,-1,-1,0,0,0,0,0,0,-1,0,0,-1,-1,-1,-1,0,0,0,0,0,0,-1,0,60,0,60,0,0,60,60,0,60,1,1,0,0,0,-1,608011156
1,1,-1,1,0,0,1,1,5,1,0,0,55,0,22,1,336,314,0,0,1,1,0,55,0,0,-1,-1,-1,-1,0,0,0,0,0,0,-1,0,0,-1,-1,-1,-1,0,0,0,0,0,0,-1,0,30,0,30,0,0,30,30,0,30,1,1,0,0,0,-1,608011156
1,1,-1,1,0,0,1,1,5,1,0,0,55,0,22,1,410,423,0,0,1,1,0,55,0,0,-1,-1,-1,-1,0,0,0,0,0,0,-1,0,0,-1,-1,-1,-1,0,0,0,0,0,0,-1,0,30,0,30,0,0,30,30,0,30,1,1,0,0,0,-1,608011156
1,1,-1,1,0,0,1,1,5,1,0,0,55,0,22,1,411,329,0,0,1,1,0,55,0,0,-1,-1,-1,-1,0,0,0,0,0,0,-1,0,0,-1,-1,-1,-1,0,0,0,0,0,0,-1,0,0,180,180,0,0,180,180,0,180,2,1,0,0,0,-1,608011156
1,1,-1,1,0,0,1,1,5,1,0,0,55,0,22,3,336,431,0,0,1,1,0,55,0,0,-1,-1,-1,-1,0,0,0,0,0,0,-1,0,0,-1,-1,-1,-1,0,0,0,0,0,0,-1,0,60,0,60,0,0,60,60,0,60,1,1,0,0,0,-1,608011156
1,1,-1,1,0,0,1,1,5,2,0,0,25,0,22,1,116,99,0,0,1,1,0,25,0,0,-1,-1,-1,-1,0,0,0,0,0,0,-1,0,0,-1,-1,-1,-1,0,0,0,0,0,0,-1,0,180,0,180,0,0,180,180,30,180,1,1,0,0,0,-1,608011156
1,1,-1,1,0,0,1,1,5,2,0,0,25,1,0,-1,-1,-1,0,0,0,0,0,-1,0,21,1,1,101,-1,365,0,0,1,1,0,25,1,0,-1,-1,-1,-1,0,0,0,0,0,0,-1,0,0,0,0,365,90,365,365,30,365,4,0,1,0,0,-1,608011156
1,1,-1,1,0,0,1,1,6,1,0,0,18,0,22,1,336,302,0,0,1,1,0,18,0,0,-1,-1,-1,-1,0,0,0,0,0,0,-1,0,0,-1,-1,-1,-1,0,0,0,0,0,0,-1,0,30,0,30,0,0,30,30,30,60,1,1,0,0,0,-1,608011156
1,1,-1,1,0,0,1,1,13,1,0,0,18,0,22,1,206,423,0,0,1,1,0,18,0,0,-1,-1,-1,-1,0,0,0,0,0,0,-1,0,0,-1,-1,-1,-1,0,0,0,0,0,0,-1,0,30,0,30,0,0,30,30,0,30,1,1,0,0,0,-1,608011156
1,1,-1,1,0,0,1,1,13,1,0,0,25,0,22,1,101,420,0,0,1,1,0,25,0,0,-1,-1,-1,-1,0,0,0,0,0,0,-1,0,0,-1,-1,-1,-1,0,0,0,0,0,0,-1,0,60,0,60,0,0,60,60,7,60,1,1,0,0,0,-1,608011156
1,1,-1,1,0,0,1,1,13,1,0,0,25,0,22,1,116,116,0,0,1,1,0,25,0,0,-1,-1,-1,-1,0,0,0,0,0,0,-1,0,0,-1,-1,-1,-1,0,0,0,0,0,0,-1,0,60,0,60,0,0,60,60,7,60,1,1,0,0,0,-1,608011156
1,1,-1,1,0,0,1,1,23,1,0,0,25,0,22,1,101,99,0,0,1,1,0,25,0,0,-1,-1,-1,-1,0,0,0,0,0,0,-1,0,0,-1,-1,-1,-1,0,0,0,0,0,0,-1,0,30,0,30,0,0,30,30,7,30,1,1,0,0,0,-1,608011156
1,1,-1,1,0,0,1,1,35,1,0,0,24,0,22,1,116,99,0,0,1,1,0,24,0,0,-1,-1,-1,-1,0,0,0,0,0,0,-1,0,0,-1,-1,-1,-1,0,0,0,0,0,0,-1,0,30,0,30,0,0,30,30,30,60,1,1,0,0,0,-1,608011156
1,1,-1,1,0,0,1,1,35,1,0,0,24,0,22,1,207,99,0,0,1,1,0,24,0,0,-1,-1,-1,-1,0,0,0,0,0,0,-1,0,0,-1,-1,-1,-1,0,0,0,0,0,0,-1,0,30,0,30,0,0,30,30,90,90,1,1,0,0,0,-1,608011156
1,1,-1,1,0,0,1,1,35,1,0,0,25,0,21,1,116,-1,0,0,1,1,0,25,0,0,-1,-1,-1,-1,0,0,0,0,0,0,-1,0,0,-1,-1,-1,-1,0,0,0,0,0,0,-1,0,60,0,60,0,0,60,60,7,60,1,1,0,0,0,-1,608011156
1,1,-1,1,0,0,1,1,35,1,0,0,25,0,22,1,206,204,0,0,1,1,0,25,0,0,-1,-1,-1,-1,0,0,0,0,0,0,-1,0,0,-1,-1,-1,-1,0,0,0,0,0,0,-1,0,30,0,30,0,0,30,30,0,30,1,1,0,0,0,-1,608011156
1,1,-1,1,0,0,1,1,35,1,0,0,25,0,22,1,336,410,0,0,1,1,0,25,0,0,-1,-1,-1,-1,0,0,0,0,0,0,-1,0,0,-1,-1,-1,-1,0,0,0,0,0,0,-1,0,60,0,60,0,0,60,60,30,60,1,1,0,0,0,-1,608011156
1,1,-1,1,0,0,1,1,56,1,0,0,24,0,0,-1,-1,-1,0,0,0,0,0,-1,0,21,1,1,101,-1,30,0,0,1,1,0,24,0,0,-1,-1,-1,-1,0,0,0,0,0,0,-1,0,0,0,0,30,365,365,30,180,365,4,0,1,0,0,-1,608011156
1,1,-1,1,0,0,1,1,56,1,0,0,25,0,0,-1,-1,-1,0,0,0,0,0,-1,0,21,1,1,116,-1,60,0,0,1,1,0,25,0,0,-1,-1,-1,-1,0,0,0,0,0,0,-1,0,0,0,0,60,180,180,60,180,180,4,0,1,0,0,-1,608011156
1,1,-1,1,0,0,1,1,56,1,0,0,25,0,22,1,116,314,0,0,1,1,0,25,0,0,-1,-1,-1,-1,0,0,0,0,0,0,-1,0,0,-1,-1,-1,-1,0,0,0,0,0,0,-1,0,60,0,60,0,0,60,60,30,60,1,1,0,0,0,-1,608011156
1,1,-1,1,0,0,1,1,57,1,0,0,25,0,22,1,99,99,0,0,1,1,0,25,0,0,-1,-1,-1,-1,0,0,0,0,0,0,-1,0,0,-1,-1,-1,-1,0,0,0,0,0,0,-1,0,7,0,7,0,0,7,7,7,30,1,1,0,0,0,-1,608011156
1,1,-1,1,0,0,1,1,123,1,0,0,25,0,0,-1,-1,-1,0,0,0,0,0,-1,0,21,0,3,116,-1,90,0,0,1,1,0,25,0,0,-1,-1,-1,-1,0,0,0,0,0,0,-1,0,0,0,0,90,0,90,90,60,180,4,0,0,0,0,-1,608011156
1,1,-1,1,0,0,1,1,123,1,0,0,25,0,22,1,206,98,0,0,1,1,0,25,0,0,-1,-1,-1,-1,0,0,0,0,0,0,-1,0,0,-1,-1,-1,-1,0,0,0,0,0,0,-1,0,60,0,60,0,0,60,60,180,365,1,1,0,0,0,-1,608011156
1,1,-1,1,0,0,1,1,127,1,0,0,55,0,21,1,101,-1,0,0,1,1,0,55,0,0,-1,-1,-1,-1,0,0,0,0,0,0,-1,0,0,-1,-1,-1,-1,0,0,0,0,0,0,-1,0,90,0,90,0,0,90,90,7,90,1,1,0,0,0,-1,608011156
1,1,-1,1,0,0,1,1,147,1,0,0,25,0,22,1,206,313,0,0,1,1,0,25,0,0,-1,-1,-1,-1,0,0,0,0,0,0,-1,0,0,-1,-1,-1,-1,0,0,0,0,0,0,-1,0,60,0,60,0,0,60,60,0,60,1,1,0,0,0,-1,608011156
1,1,-1,1,0,0,1,1,256,1,0,0,25,0,22,3,336,101,0,0,1,1,0,25,0,0,-1,-1,-1,-1,0,0,0,0,0,0,-1,0,0,-1,-1,-1,-1,0,0,0,0,0,0,-1,0,60,0,60,0,0,60,60,0,60,1,1,0,0,0,-1,608011156
1,1,-1,1,0,0,1,2,1,1,0,0,18,0,22,1,336,422,0,0,1,2,0,18,0,0,-1,-1,-1,-1,0,0,0,0,0,0,-1,0,0,-1,-1,-1,-1,0,0,0,0,0,0,-1,0,90,0,90,0,0,90,90,0,90,1,1,0,0,0,-1,608011156
1,1,-1,1,0,0,1,2,1,1,0,0,25,0,22,1,410,422,0,0,1,2,0,25,0,0,-1,-1,-1,-1,0,0,0,0,0,0,-1,0,0,-1,-1,-1,-1,0,0,0,0,0,0,-1,0,180,0,180,0,0,180,180,0,180,1,1,0,0,0,-1,608011156
1,1,-1,1,0,0,1,2,3,1,0,0,18,0,22,1,101,313,0,0,1,2,0,18,0,0,-1,-1,-1,-1,0,0,0,0,0,0,-1,0,0,-1,-1,-1,-1,0,0,0,0,0,0,-1,0,30,0,30,0,0,30,30,7,30,1,1,0,0,0,-1,608011156
1,1,-1,1,0,0,1,2,3,1,0,0,25,0,0,-1,-1,-1,0,0,0,0,0,-1,0,21,1,1,116,-1,7,0,0,1,2,0,25,0,0,-1,-1,-1,-1,0,0,0,0,0,0,-1,0,0,0,0,7,90,90,7,180,180,4,0,1,0,0,-1,608011156
1,1,-1,1,0,0,1,2,3,1,0,0,25,0,21,1,314,-1,0,0,1,2,0,25,0,0,-1,-1,-1,-1,0,0,0,0,0,0,-1,0,0,-1,-1,-1,-1,0,0,0,0,0,0,-1,0,60,0,60,0,0,60,60,30,60,1,1,0,0,0,-1,608011156
1,1,-1,1,0,0,1,2,3,1,0,0,25,0,21,1,335,-1,0,0,1,2,0,25,0,0,-1,-1,-1,-1,0,0,0,0,0,0,-1,0,0,-1,-1,-1,-1,0,0,0,0,0,0,-1,0,180,0,180,0,0,180,180,7,180,1,1,0,0,0,-1,608011156
1,1,-1,1,0,0,1,2,3,1,0,0,25,0,22,1,101,98,0,0,1,2,0,25,0,0,-1,-1,-1,-1,0,0,0,0,0,0,-1,0,0,-1,-1,-1,-1,0,0,0,0,0,0,-1,0,30,0,30,0,0,30,30,0,30,1,1,0,0,0,-1,608011156
1,1,-1,1,0,0,1,2,3,1,0,0,25,0,22,1,101,410,0,0,1,2,0,25,0,0,-1,-1,-1,-1,0,0,0,0,0,0,-1,0,0,-1,-1,-1,-1,0,0,0,0,0,0,-1,0,60,0,60,0,0,60,60,0,60,1,1,0,0,0,-1,608011156
1,1,-1,1,0,0,1,2,3,1,0,0,25,0,22,1,116,99,0,0,1,2,0,25,0,0,-1,-1,-1,-1,0,0,0,0,0,0,-1,0,0,-1,-1,-1,-1,0,0,0,0,0,0,-1,0,30,0,30,0,0,30,30,60,60,1,1,0,0,0,-1,608011156
1,1,-1,1,0,0,1,2,3,1,0,0,25,0,22,1,116,422,0,0,1,2,0,25,0,0,-1,-1,-1,-1,0,0,0,0,0,0,-1,0,0,-1,-1,-1,-1,0,0,0,0,0,0,-1,0,30,0,30,0,0,30,30,0,30,1,1,0,0,0,-1,608011156
1,1,-1,1,0,0,1,2,3,1,0,0,25,0,22,1,116,423,0,0,1,2,0,25,0,0,-1,-1,-1,-1,0,0,0,0,0,0,-1,0,0,-1,-1,-1,-1,0,0,0,0,0,0,-1,0,60,0,60,0,0,60,60,90,180,1,1,0,0,0,-1,608011156
1,1,-1,1,0,0,1,2,3,1,0,0,25,0,22,1,206,98,0,0,1,2,0,25,0,0,-1,-1,-1,-1,0,0,0,0,0,0,-1,0,0,-1,-1,-1,-1,0,0,0,0,0,0,-1,0,30,0,30,0,0,30,30,7,30,1,1,0,0,0,-1,608011156
1,1,-1,1,0,0,1,2,3,1,0,0,25,0,22,1,206,99,0,0,1,2,0,25,0,0,-1,-1,-1,-1,0,0,0,0,0,0,-1,0,0,-1,-1,-1,-1,0,0,0,0,0,0,-1,0,30,0,30,0,0,30,30,30,60,1,1,0,0,0,-1,608011156
1,1,-1,1,0,0,1,2,3,1,0,0,25,0,22,1,206,204,0,0,1,2,0,25,0,0,-1,-1,-1,-1,0,0,0,0,0,0,-1,0,0,-1,-1,-1,-1,0,0,0,0,0,0,-1,0,30,0,30,0,0,30,30,0,30,1,1,0,0,0,-1,608011156
1,1,-1,1,0,0,1,2,3,1,0,0,25,0,22,1,206,312,0,0,1,2,0,25,0,0,-1,-1,-1,-1,0,0,0,0,0,0,-1,0,0,-1,-1,-1,-1,0,0,0,0,0,0,-1,0,90,0,90,0,0,90,90,0,90,1,1,0,0,0,-1,608011156
1,1,-1,1,0,0,1,2,3,1,0,0,25,0,22,1,206,410,0,0,1,2,0,25,0,0,-1,-1,-1,-1,0,0,0,0,0,0,-1,0,0,-1,-1,-1,-1,0,0,0,0,0,0,-1,0,60,0,60,0,0,60,60,0,60,1,1,0,0,0,-1,608011156
1,1,-1,1,0,0,1,2,3,1,0,0,25,0,22,1,314,98,0,0,1,2,0,25,0,0,-1,-1,-1,-1,0,0,0,0,0,0,-1,0,0,-1,-1,-1,-1,0,0,0,0,0,0,-1,0,60,0,60,0,0,60,60,60,90,1,1,0,0,0,-1,608011156
1,1,-1,1,0,0,1,2,3,1,0,0,25,0,22,1,335,98,0,0,1,2,0,25,0,0,-1,-1,-1,-1,0,0,0,0,0,0,-1,0,0,-1,-1,-1,-1,0,0,0,0,0,0,-1,0,30,0,30,0,0,30,30,7,30,1,1,0,0,0,-1,608011156
1,1,-1,1,0,0,1,2,3,1,0,0,25,0,22,1,335,313,0,0,1,2,0,25,0,0,-1,-1,-1,-1,0,0,0,0,0,0,-1,0,0,-1,-1,-1,-1,0,0,0,0,0,0,-1,0,60,0,60,0,0,60,60,0,60,1,1,0,0,0,-1,608011156
1,1,-1,1,0,0,1,2,3,1,0,0,25,0,22,1,335,410,0,0,1,2,0,25,0,0,-1,-1,-1,-1,0,0,0,0,0,0,-1,0,0,-1,-1,-1,-1,0,0,0,0,0,0,-1,0,30,0,30,0,0,30,30,0,30,1,1,0,0,0,-1,608011156
1,1,-1,1,0,0,1,2,3,1,0,0,25,0,22,1,335,420,0,0,1,2,0,25,0,0,-1,-1,-1,-1,0,0,0,0,0,0,-1,0,0,-1,-1,-1,-1,0,0,0,0,0,0,-1,0,180,0,180,0,0,180,180,0,180,1,1,0,0,0,-1,608011156
1,1,-1,1,0,0,1,2,3,1,0,0,25,0,22,1,335,423,0,0,1,2,0,25,0,0,-1,-1,-1,-1,0,0,0,0,0,0,-1,0,0,-1,-1,-1,-1,0,0,0,0,0,0,-1,0,60,0,60,0,0,60,60,7,60,1,1,0,0,0,-1,608011156
1,1,-1,1,0,0,1,2,3,1,0,0,25,0,22,1,336,98,0,0,1,2,0,25,0,0,-1,-1,-1,-1,0,0,0,0,0,0,-1,0,0,-1,-1,-1,-1,0,0,0,0,0,0,-1,0,30,0,30,0,0,30,30,7,30,1,1,0,0,0,-1,608011156
1,1,-1,1,0,0,1,2,3,1,0,0,25,0,22,1,336,410,0,0,1,2,0,25,0,0,-1,-1,-1,-1,0,0,0,0,0,0,-1,0,0,-1,-1,-1,-1,0,0,0,0,0,0,-1,0,90,0,90,0,0,90,90,0,90,1,1,0,0,0,-1,608011156
1,1,-1,1,0,0,1,2,3,1,0,0,25,0,22,1,336,422,0,0,1,2,0,25,0,0,-1,-1,-1,-1,0,0,0,0,0,0,-1,0,0,-1,-1,-1,-1,0,0,0,0,0,0,-1,0,60,0,60,0,0,60,60,0,60,1,1,0,0,0,-1,608011156
1,1,-1,1,0,0,1,2,3,1,0,0,25,0,22,1,336,423,0,0,1,2,0,25,0,0,-1,-1,-1,-1,0,0,0,0,0,0,-1,0,0,-1,-1,-1,-1,0,0,0,0,0,0,-1,0,60,0,60,0,0,60,60,30,90,1,1,0,0,0,-1,608011156
1,1,-1,1,0,0,1,2,3,1,0,0,25,0,22,1,410,99,0,0,1,2,0,25,0,0,-1,-1,-1,-1,0,0,0,0,0,0,-1,0,0,-1,-1,-1,-1,0,0,0,0,0,0,-1,0,30,0,30,0,0,30,30,7,30,1,1,0,0,0,-1,608011156
1,1,-1,1,0,0,1,2,3,1,0,0,25,0,22,1,410,99,0,0,1,2,0,25,0,0,-1,-1,-1,-1,0,0,0,0,0,0,-1,0,0,-1,-1,-1,-1,0,0,0,0,0,0,-1,0,30,0,30,0,0,30,30,180,180,1,1,0,0,0,-1,608011156
1,1,-1,1,0,0,1,2,3,1,0,0,25,0,22,1,410,410,0,0,1,2,0,25,0,0,-1,-1,-1,-1,0,0,0,0,0,0,-1,0,0,-1,-1,-1,-1,0,0,0,0,0,0,-1,0,60,0,60,0,0,60,60,7,60,1,1,0,0,0,-1,608011156
1,1,-1,1,0,0,1,2,3,1,0,0,25,0,22,1,431,423,0,0,1,2,0,25,0,22,1,1,101,101,7,0,0,1,2,0,25,0,0,-1,-1,-1,-1,0,0,0,0,0,0,-1,0,60,0,60,7,90,180,60,90,180,5,1,1,0,0,-1,608011156
1,1,-1,1,0,0,1,2,3,1,0,0,25,0,22,3,336,313,0,0,1,2,0,25,0,0,-1,-1,-1,-1,0,0,0,0,0,0,-1,0,0,-1,-1,-1,-1,0,0,0,0,0,0,-1,0,90,0,90,0,0,90,90,7,90,1,1,0,0,0,-1,608011156
1,1,-1,1,0,0,1,2,3,1,0,0,55,0,0,-1,-1,-1,0,0,0,0,0,-1,0,21,1,1,101,-1,7,0,0,1,2,0,55,0,0,-1,-1,-1,-1,0,0,0,0,0,0,-1,0,0,0,0,7,90,90,7,60,90,4,0,1,0,0,-1,608011156
1,1,-1,1,0,0,1,2,3,1,0,0,55,0,21,1,116,-1,0,0,1,2,0,55,0,0,-1,-1,-1,-1,0,0,0,0,0,0,-1,0,0,-1,-1,-1,-1,0,0,0,0,0,0,-1,0,90,0,90,0,0,90,90,60,180,1,1,0,0,0,-1,608011156
1,1,-1,1,0,0,1,2,3,1,0,0,55,0,21,1,410,-1,0,0,1,2,0,55,0,0,-1,-1,-1,-1,0,0,0,0,0,0,-1,0,0,-1,-1,-1,-1,0,0,0,0,0,0,-1,0,90,0,90,0,0,90,90,0,90,1,1,0,0,0,-1,608011156
1,1,-1,1,0,0,1,2,3,1,0,0,55,0,22,1,99,99,0,0,1,2,0,55,0,21,1,1,116,-1,7,0,0,1,2,0,55,0,0,-1,-1,-1,-1,0,0,0,0,0,0,-1,0,7,0,7,7,180,180,30,180,180,5,1,1,0,0,-1,608011156
1,1,-1,1,0,0,1,2,3,1,0,0,55,0,22,1,99,99,0,0,1,2,0,55,0,21,1,1,434,-1,30,0,0,1,2,0,55,0,0,-1,-1,-1,-1,0,0,0,0,0,0,-1,0,30,0,30,30,180,365,30,7,30,5,1,1,0,0,-1,608011156
1,1,-1,1,0,0,1,2,3,1,0,0,55,0,22,1,101,410,0,0,1,2,0,55,0,0,-1,-1,-1,-1,0,0,0,0,0,0,-1,0,0,-1,-1,-1,-1,0,0,0,0,0,0,-1,0,90,0,90,0,0,90,90,0,90,1,1,0,0,0,-1,608011156
1,1,-1,1,0,0,1,2,3,1,0,0,55,0,22,1,314,206,0,0,1,2,0,55,0,0,-1,-1,-1,-1,0,0,0,0,0,0,-1,0,0,-1,-1,-1,-1,0,0,0,0,0,0,-1,0,60,0,60,0,0,60,60,7,60,1,1,0,0,0,-1,608011156
1,1,-1,1,0,0,1,2,3,1,0,0,55,0,22,1,314,225,0,0,1,2,0,55,0,0,-1,-1,-1,-1,0,0,0,0,0,0,-1,0,0,-1,-1,-1,-1,0,0,0,0,0,0,-1,0,30,0,30,0,0,30,30,0,30,1,1,0,0,0,-1,608011156
1,1,-1,1,0,0,1,2,3,1,0,0,55,0,22,1,336,98,0,0,1,2,0,55,0,0,-1,-1,-1,-1,0,0,0,0,0,0,-1,0,0,-1,-1,-1,-1,0,0,0,0,0,0,-1,0,30,0,30,0,0,30,30,7,30,1,1,0,0,0,-1,608011156
1,1,-1,1,0,0,1,2,3,1,0,0,55,0,22,1,336,313,0,0,1,2,0,55,0,0,-1,-1,-1,-1,0,0,0,0,0,0,-1,0,0,-1,-1,-1,-1,0,0,0,0,0,0,-1,0,180,0,180,0,0,180,180,0,180,1,1,0,0,0,-1,608011156
1,1,-1,1,0,0,1,2,3,1,0,0,55,0,22,1,410,312,0,0,1,2,0,55,0,0,-1,-1,-1,-1,0,0,0,0,0,0,-1,0,0,-1,-1,-1,-1,0,0,0,0,0,0,-1,0,90,0,90,0,0,90,90,7,90,1,1,0,0,0,-1,608011156
1,1,-1,1,0,0,1,2,3,2,0,0,25,0,0,-1,-1,-1,0,0,0,0,0,-1,0,22,0,1,101,99,180,0,0,1,2,0,25,0,0,-1,-1,-1,-1,0,0,0,0,0,0,-1,0,0,0,0,180,0,180,180,30,180,4,0,0,0,0,-1,608011156
1,1,-1,1,0,0,1,2,3,2,0,0,25,0,21,3,335,-1,0,0,1,2,0,25,0,0,-1,-1,-1,-1,0,0,0,0,0,0,-1,0,0,-1,-1,-1,-1,0,0,0,0,0,0,-1,0,365,0,365,0,0,365,365,0,365,1,1,0,0,0,-1,608011156
1,1,-1,1,0,0,1,2,4,2,0,0,25,1,22,1,336,314,0,0,1,2,0,25,1,0,-1,-1,-1,-1,0,0,0,0,0,0,-1,0,0,-1,-1,-1,-1,0,0,0,0,0,0,-1,0,90,0,90,0,0,90,90,0,90,1,1,0,0,0,-1,608011156
1,1,-1,1,0,0,1,2,5,1,0,0,18,0,21,1,101,-1,0,0,1,2,0,18,0,0,-1,-1,-1,-1,0,0,0,0,0,0,-1,0,0,-1,-1,-1,-1,0,0,0,0,0,0,-1,0,365,0,365,0,0,365,365,0,365,1,1,0,0,0,-1,608011156
1,1,-1,1,0,0,1,2,5,1,0,0,18,0,21,3,314,-1,0,0,1,2,0,18,0,0,-1,-1,-1,-1,0,0,0,0,0,0,-1,0,0,-1,-1,-1,-1,0,0,0,0,0,0,-1,0,180,0,180,0,0,180,180,365,365,1,1,0,0,0,-1,608011156
1,1,-1,1,0,0,1,2,5,1,0,0,18,0,21,3,335,-1,0,0,1,2,0,18,0,0,-1,-1,-1,-1,0,0,0,0,0,0,-1,0,0,-1,-1,-1,-1,0,0,0,0,0,0,-1,0,90,0,90,0,0,90,90,0,90,1,1,0,0,0,-1,608011156
1,1,-1,1,0,0,1,2,5,1,0,0,18,0,22,1,116,204,0,0,1,2,0,18,0,0,-1,-1,-1,-1,0,0,0,0,0,0,-1,0,0,-1,-1,-1,-1,0,0,0,0,0,0,-1,0,60,0,60,0,0,60,60,90,180,1,1,0,0,0,-1,608011156
1,1,-1,1,0,0,1,2,5,1,0,0,18,0,22,1,116,312,0,0,1,2,0,18,0,22,0,1,116,207,90,0,0,1,2,0,18,0,0,-1,-1,-1,-1,0,0,0,0,0,0,-1,0,0,30,30,90,0,180,180,180,365,6,1,0,0,0,-1,608011156
1,1,-1,1,0,0,1,2,5,1,0,0,18,0,22,1,336,312,0,0,1,2,0,18,0,0,-1,-1,-1,-1,0,0,0,0,0,0,-1,0,0,-1,-1,-1,-1,0,0,0,0,0,0,-1,0,60,0,60,0,0,60,60,30,90,1,1,0,0,0,-1,608011156
1,1,-1,1,0,0,1,2,5,1,0,0,18,0,22,1,336,410,0,0,1,2,0,18,0,0,-1,-1,-1,-1,0,0,0,0,0,0,-1,0,0,-1,-1,-1,-1,0,0,0,0,0,0,-1,0,60,0,60,0,0,60,60,0,60,1,1,0,0,0,-1,608011156
1,1,-1,1,0,0,1,2,5,1,0,0,18,0,22,1,410,99,0,0,1,2,0,18,0,0,-1,-1,-1,-1,0,0,0,0,0,0,-1,0,0,-1,-1,-1,-1,0,0,0,0,0,0,-1,0,30,0,30,0,0,30,30,7,30,1,1,0,0,0,-1,608011156
1,1,-1,1,0,0,1,2,5,1,0,0,18,0,22,3,336,312,0,0,1,2,0,18,0,0,-1,-1,-1,-1,0,0,0,0,0,0,-1,0,0,-1,-1,-1,-1,0,0,0,0,0,0,-1,0,30,0,30,0,0,30,30,0,30,1,1,0,0,0,-1,608011156
1,1,-1,1,0,0,1,2,5,1,0,0,24,0,0,-1,-1,-1,0,0,0,0,0,-1,0,22,1,3,116,420,7,0,0,1,2,0,24,0,0,-1,-1,-1,-1,0,0,0,0,0,0,-1,0,0,0,0,7,180,180,7,60,60,4,0,1,0,0,-1,608011156
1,1,-1,1,0,0,1,2,5,1,0,0,24,0,21,1,410,-1,0,0,1,2,0,24,0,0,-1,-1,-1,-1,0,0,0,0,0,0,-1,0,0,-1,-1,-1,-1,0,0,0,0,0,0,-1,0,0,365,365,0,0,365,365,0,365,2,1,0,0,0,-1,608011156
1,1,-1,1,0,0,1,2,5,1,0,0,24,0,22,1,116,312,0,0,1,2,0,24,0,0,-1,-1,-1,-1,0,0,0,0,0,0,-1,0,0,-1,-1,-1,-1,0,0,0,0,0,0,-1,0,30,0,30,0,0,30,30,60,90,1,1,0,0,0,-1,608011156
1,1,-1,1,0,0,1,2,5,1,0,0,24,0,22,1,336,313,0,0,1,2,0,24,0,0,-1,-1,-1,-1,0,0,0,0,0,0,-1,0,0,-1,-1,-1,-1,0,0,0,0,0,0,-1,0,60,0,60,0,0,60,60,7,60,1,1,0,0,0,-1,608011156
1,1,-1,1,0,0,1,2,5,1,0,0,24,0,22,1,410,312,0,0,1,2,0,24,0,0,-1,-1,-1,-1,0,0,0,0,0,0,-1,0,0,-1,-1,-1,-1,0,0,0,0,0,0,-1,0,0,60,60,0,0,60,60,0,60,2,1,0,0,0,-1,608011156
1,1,-1,1,0,0,1,2,5,1,0,0,25,0,0,-1,-1,-1,0,0,0,0,0,-1,0,21,0,1,116,-1,90,0,0,1,2,0,25,0,0,-1,-1,-1,-1,0,0,0,0,0,0,-1,0,0,0,0,90,0,90,90,60,180,4,0,0,0,0,-1,608011156
1,1,-1,1,0,0,1,2,5,1,0,0,25,0,0,-1,-1,-1,0,0,0,0,0,-1,0,21,0,1,116,-1,180,0,0,1,2,0,25,0,0,-1,-1,-1,-1,0,0,0,0,0,0,-1,0,0,0,0,180,0,180,180,30,180,4,0,0,0,0,-1,608011156
1,1,-1,1,0,0,1,2,5,1,0,0,25,0,0,-1,-1,-1,0,0,0,0,0,-1,0,21,0,1,116,-1,180,0,0,1,2,0,25,0,0,-1,-1,-1,-1,0,0,0,0,0,0,-1,0,0,0,0,180,0,180,180,180,365,4,0,0,0,0,-1,608011156
1,1,-1,1,0,0,1,2,5,1,0,0,25,0,0,-1,-1,-1,0,0,0,0,0,-1,0,21,0,3,336,-1,180,0,0,1,2,0,25,0,0,-1,-1,-1,-1,0,0,0,0,0,0,-1,0,0,0,0,180,0,180,180,0,180,4,0,0,0,0,-1,608011156
1,1,-1,1,0,0,1,2,5,1,0,0,25,0,0,-1,-1,-1,0,0,0,0,0,-1,0,21,0,3,410,-1,365,0,0,1,2,0,25,0,0,-1,-1,-1,-1,0,0,0,0,0,0,-1,0,0,0,0,365,0,365,365,0,365,4,0,0,0,0,-1,608011156
1,1,-1,1,0,0,1,2,5,1,0,0,25,0,0,-1,-1,-1,0,0,0,0,0,-1,0,21,1,1,116,-1,7,0,0,1,2,0,25,0,0,-1,-1,-1,-1,0,0,0,0,0,0,-1,0,0,0,0,7,180,180,7,30,30,4,0,1,0,0,-1,608011156
1,1,-1,1,0,0,1,2,5,1,0,0,25,0,0,-1,-1,-1,0,0,0,0,0,-1,0,21,1,1,116,-1,30,0,0,1,2,0,25,0,0,-1,-1,-1,-1,0,0,0,0,0,0,-1,0,0,0,0,30,365,365,30,30,60,4,0,1,0,0,-1,608011156
1,1,-1,1,0,0,1,2,5,1,0,0,25,0,0,-1,-1,-1,0,0,0,0,0,-1,0,21,1,3,116,-1,7,0,0,1,2,0,25,0,0,-1,-1,-1,-1,0,0,0,0,0,0,-1,0,0,0,0,7,180,180,7,30,30,4,0,1,0,0,-1,608011156
1,1,-1,1,0,0,1,2,5,1,0,0,25,0,0,-1,-1,-1,0,0,0,0,0,-1,0,21,1,3,116,-1,7,0,0,1,2,0,25,0,0,-1,-1,-1,-1,0,0,0,0,0,0,-1,0,0,0,0,7,180,180,7,365,365,4,0,1,0,0,-1,608011156
1,1,-1,1,0,0,1,2,5,1,0,0,25,0,0,-1,-1,-1,0,0,0,0,0,-1,0,22,1,1,116,433,7,0,0,1,2,0,25,0,0,-1,-1,-1,-1,0,0,0,0,0,0,-1,0,0,0,0,7,180,180,7,60,60,4,0,1,0,0,-1,608011156
1,1,-1,1,0,0,1,2,5,1,0,0,25,0,0,-1,-1,-1,0,0,0,0,0,-1,0,22,1,3,101,410,30,0,0,1,2,0,25,0,0,-1,-1,-1,-1,0,0,0,0,0,0,-1,0,0,0,0,30,60,60,30,180,180,4,0,1,0,0,-1,608011156
1,1,-1,1,0,0,1,2,5,1,0,0,25,0,21,1,101,-1,0,0,1,2,0,25,0,0,-1,-1,-1,-1,0,0,0,0,0,0,-1,0,0,-1,-1,-1,-1,0,0,0,0,0,0,-1,0,90,0,90,0,0,90,90,7,90,1,1,0,0,0,-1,608011156
1,1,-1,1,0,0,1,2,5,1,0,0,25,0,21,1,116,-1,0,0,1,2,0,25,0,0,-1,-1,-1,-1,0,0,0,0,0,0,-1,0,0,-1,-1,-1,-1,0,0,0,0,0,0,-1,0,90,0,90,0,0,90,90,0,90,1,1,0,0,0,-1,608011156
1,1,-1,1,0,0,1,2,5,1,0,0,25,0,21,1,116,-1,0,0,1,2,0,25,0,0,-1,-1,-1,-1,0,0,0,0,0,0,-1,0,0,-1,-1,-1,-1,0,0,0,0,0,0,-1,0,90,0,90,0,0,90,90,180,180,1,1,0,0,0,-1,608011156
1,1,-1,1,0,0,1,2,5,1,0,0,25,0,21,1,206,-1,0,0,1,2,0,25,0,0,-1,-1,-1,-1,0,0,0,0,0,0,-1,0,0,-1,-1,-1,-1,0,0,0,0,0,0,-1,0,90,0,90,0,0,90,90,0,90,1,1,0,0,0,-1,608011156
1,1,-1,1,0,0,1,2,5,1,0,0,25,0,21,1,206,-1,0,0,1,2,0,25,0,0,-1,-1,-1,-1,0,0,0,0,0,0,-1,0,0,-1,-1,-1,-1,0,0,0,0,0,0,-1,0,180,0,180,0,0,180,180,7,180,1,1,0,0,0,-1,608011156
1,1,-1,1,0,0,1,2,5,1,0,0,25,0,21,3,335,-1,0,0,1,2,0,25,0,0,-1,-1,-1,-1,0,0,0,0,0,0,-1,0,0,-1,-1,-1,-1,0,0,0,0,0,0,-1,0,180,0,180,0,0,180,180,0,180,1,1,0,0,0,-1,608011156
1,1,-1,1,0,0,1,2,5,1,0,0,25,0,22,1,101,99,0,0,1,2,0,25,0,0,-1,-1,-1,-1,0,0,0,0,0,0,-1,0,0,-1,-1,-1,-1,0,0,0,0,0,0,-1,0,60,0,60,0,0,60,60,30,60,1,1,0,0,0,-1,608011156
1,1,-1,1,0,0,1,2,5,1,0,0,25,0,22,1,101,99,0,0,1,2,0,25,0,21,0,2,101,-1,180,0,0,1,2,0,25,0,0,-1,-1,-1,-1,0,0,0,0,0,0,-1,0,60,0,60,180,0,180,180,30,180,5,1,0,0,0,-1,608011156
1,1,-1,1,0,0,1,2,5,1,0,0,25,0,22,1,101,313,0,0,1,2,0,25,0,0,-1,-1,-1,-1,0,0,0,0,0,0,-1,0,0,-1,-1,-1,-1,0,0,0,0,0,0,-1,0,30,0,30,0,0,30,30,30,60,1,1,0,0,0,-1,608011156
1,1,-1,1,0,0,1,2,5,1,0,0,25,0,22,1,101,410,0,0,1,2,0,25,0,0,-1,-1,-1,-1,0,0,0,0,0,0,-1,0,0,-1,-1,-1,-1,0,0,0,0,0,0,-1,0,30,0,30,0,0,30,30,0,30,1,1,0,0,0,-1,608011156
1,1,-1,1,0,0,1,2,5,1,0,0,25,0,22,1,101,410,0,0,1,2,0,25,0,0,-1,-1,-1,-1,0,0,0,0,0,0,-1,0,0,-1,-1,-1,-1,0,0,0,0,0,0,-1,0,60,0,60,0,0,60,60,30,60,1,1,0,0,0,-1,608011156
1,1,-1,1,0,0,1,2,5,1,0,0,25,0,22,1,101,422,0,0,1,2,0,25,0,0,-1,-1,-1,-1,0,0,0,0,0,0,-1,0,0,-1,-1,-1,-1,0,0,0,0,0,0,-1,0,60,0,60,0,0,60,60,7,60,1,1,0,0,0,-1,608011156
1,1,-1,1,0,0,1,2,5,1,0,0,25,0,22,1,101,423,0,0,1,2,0,25,0,0,-1,-1,-1,-1,0,0,0,0,0,0,-1,0,0,-1,-1,-1,-1,0,0,0,0,0,0,-1,0,60,0,60,0,0,60,60,0,60,1,1,0,0,0,-1,608011156
1,1,-1,1,0,0,1,2,5,1,0,0,25,0,22,1,116,98,0,0,1,2,0,25,0,0,-1,-1,-1,-1,0,0,0,0,0,0,-1,0,0,-1,-1,-1,-1,0,0,0,0,0,0,-1,0,30,0,30,0,0,30,30,0,30,1,1,0,0,0,-1,608011156
1,1,-1,1,0,0,1,2,5,1,0,0,25,0,22,1,116,99,0,0,1,2,0,25,0,0,-1,-1,-1,-1,0,0,0,0,0,0,-1,0,0,-1,-1,-1,-1,0,0,0,0,0,0,-1,0,30,0,30,0,0,30,30,7,30,1,1,0,0,0,-1,608011156
1,1,-1,1,0,0,1,2,5,1,0,0,25,0,22,1,116,99,0,0,1,2,0,25,0,0,-1,-1,-1,-1,0,0,0,0,0,0,-1,0,0,-1,-1,-1,-1,0,0,0,0,0,0,-1,0,180,0,180,0,0,180,180,30,180,1,1,0,0,0,-1,608011156
1,1,-1,1,0,0,1,2,5,1,0,0,25,0,22,1,116,314,0,0,1,2,0,25,0,0,-1,-1,-1,-1,0,0,0,0,0,0,-1,0,0,-1,-1,-1,-1,0,0,0,0,0,0,-1,0,30,0,30,0,0,30,30,180,180,1,1,0,0,0,-1,608011156
1,1,-1,1,0,0,1,2,5,1,0,0,25,0,22,1,204,98,0,0,1,2,0,25,0,0,-1,-1,-1,-1,0,0,0,0,0,0,-1,0,0,-1,-1,-1,-1,0,0,0,0,0,0,-1,0,60,0,60,0,0,60,60,7,60,1,1,0,0,0,-1,608011156
2,1,-1,1,0,0,1,2,5,1,0,0,25,0,22,1,204,99,0,0,1,2,0,25,0,0,-1,-1,-1,-1,0,0,0,0,0,0,-1,0,0,-1,-1,-1,-1,0,0,0,0,0,0,-1,0,30,0,30,0,0,30,30,7,30,1,1,0,0,0,-1,608011156
1,1,-1,1,0,0,1,2,5,1,0,0,25,0,22,1,204,99,0,0,1,2,0,25,0,0,-1,-1,-1,-1,0,0,0,0,0,0,-1,0,0,-1,-1,-1,-1,0,0,0,0,0,0,-1,0,30,0,30,0,0,30,30,60,60,1,1,0,0,0,-1,608011156
1,1,-1,1,0,0,1,2,5,1,0,0,25,0,22,1,204,116,0,0,1,2,0,25,0,0,-1,-1,-1,-1,0,0,0,0,0,0,-1,0,0,-1,-1,-1,-1,0,0,0,0,0,0,-1,0,30,0,30,0,0,30,30,1094,1095,1,1,0,0,0,-1,608011156
1,1,-1,1,0,0,1,2,5,1,0,0,25,0,22,1,204,313,0,0,1,2,0,25,0,0,-1,-1,-1,-1,0,0,0,0,0,0,-1,0,0,-1,-1,-1,-1,0,0,0,0,0,0,-1,0,60,0,60,0,0,60,60,7,60,1,1,0,0,0,-1,608011156
1,1,-1,1,0,0,1,2,5,1,0,0,25,0,22,1,204,423,0,0,1,2,0,25,0,0,-1,-1,-1,-1,0,0,0,0,0,0,-1,0,0,-1,-1,-1,-1,0,0,0,0,0,0,-1,0,30,0,30,0,0,30,30,7,30,1,1,0,0,0,-1,608011156
1,1,-1,1,0,0,1,2,5,1,0,0,25,0,22,1,205,99,0,0,1,2,0,25,0,0,-1,-1,-1,-1,0,0,0,0,0,0,-1,0,0,-1,-1,-1,-1,0,0,0,0,0,0,-1,0,30,0,30,0,0,30,30,0,30,1,1,0,0,0,-1,608011156
1,1,-1,1,0,0,1,2,5,1,0,0,25,0,22,1,206,98,0,0,1,2,0,25,0,0,-1,-1,-1,-1,0,0,0,0,0,0,-1,0,0,-1,-1,-1,-1,0,0,0,0,0,0,-1,0,60,0,60,0,0,60,60,0,60,1,1,0,0,0,-1,608011156
1,1,-1,1,0,0,1,2,5,1,0,0,25,0,22,1,206,99,0,0,1,2,0,25,0,0,-1,-1,-1,-1,0,0,0,0,0,0,-1,0,0,-1,-1,-1,-1,0,0,0,0,0,0,-1,0,60,0,60,0,0,60,60,180,180,1,1,0,0,0,-1,608011156
1,1,-1,1,0,0,1,2,5,1,0,0,25,0,22,1,206,206,0,0,1,2,0,25,0,0,-1,-1,-1,-1,0,0,0,0,0,0,-1,0,0,-1,-1,-1,-1,0,0,0,0,0,0,-1,0,60,0,60,0,0,60,60,0,60,1,1,0,0,0,-1,608011156
1,1,-1,1,0,0,1,2,5,1,0,0,25,0,22,1,206,312,0,0,1,2,0,25,0,0,-1,-1,-1,-1,0,0,0,0,0,0,-1,0,0,-1,-1,-1,-1,0,0,0,0,0,0,-1,0,30,0,30,0,0,30,30,0,30,1,1,0,0,0,-1,608011156
1,1,-1,1,0,0,1,2,5,1,0,0,25,0,22,1,206,423,0,0,1,2,0,25,0,0,-1,-1,-1,-1,0,0,0,0,0,0,-1,0,0,-1,-1,-1,-1,0,0,0,0,0,0,-1,0,30,0,30,0,0,30,30,7,30,1,1,0,0,0,-1,608011156
1,1,-1,1,0,0,1,2,5,1,0,0,25,0,22,1,207,206,0,0,1,2,0,25,0,0,-1,-1,-1,-1,0,0,0,0,0,0,-1,0,0,-1,-1,-1,-1,0,0,0,0,0,0,-1,0,60,0,60,0,0,60,60,0,60,1,1,0,0,0,-1,608011156
1,1,-1,1,0,0,1,2,5,1,0,0,25,0,22,1,215,313,0,0,1,2,0,25,0,0,-1,-1,-1,-1,0,0,0,0,0,0,-1,0,0,-1,-1,-1,-1,0,0,0,0,0,0,-1,0,180,0,180,0,0,180,180,0,180,1,1,0,0,0,-1,608011156
1,1,-1,1,0,0,1,2,5,1,0,0,25,0,22,1,314,98,0,0,1,2,0,25,0,0,-1,-1,-1,-1,0,0,0,0,0,0,-1,0,0,-1,-1,-1,-1,0,0,0,0,0,0,-1,0,60,0,60,0,0,60,60,0,60,1,1,0,0,0,-1,608011156
1,1,-1,1,0,0,1,2,5,1,0,0,25,0,22,1,314,312,0,0,1,2,0,25,0,0,-1,-1,-1,-1,0,0,0,0,0,0,-1,0,0,-1,-1,-1,-1,0,0,0,0,0,0,-1,0,60,0,60,0,0,60,60,7,60,1,1,0,0,0,-1,608011156
1,1,-1,1,0,0,1,2,5,1,0,0,25,0,22,1,314,410,0,0,1,2,0,25,0,0,-1,-1,-1,-1,0,0,0,0,0,0,-1,0,0,-1,-1,-1,-1,0,0,0,0,0,0,-1,0,30,0,30,0,0,30,30,0,30,1,1,0,0,0,-1,608011156
1,1,-1,1,0,0,1,2,5,1,0,0,25,0,22,1,314,410,0,0,1,2,0,25,0,0,-1,-1,-1,-1,0,0,0,0,0,0,-1,0,0,-1,-1,-1,-1,0,0,0,0,0,0,-1,0,30,0,30,0,0,30,30,547,547,1,1,0,0,0,-1,608011156
1,1,-1,1,0,0,1,2,5,1,0,0,25,0,22,1,314,420,0,0,1,2,0,25,0,0,-1,-1,-1,-1,0,0,0,0,0,0,-1,0,0,-1,-1,-1,-1,0,0,0,0,0,0,-1,0,60,0,60,0,0,60,60,7,60,1,1,0,0,0,-1,608011156
1,1,-1,1,0,0,1,2,5,1,0,0,25,0,22,1,314,422,0,0,1,2,0,25,0,0,-1,-1,-1,-1,0,0,0,0,0,0,-1,0,0,-1,-1,-1,-1,0,0,0,0,0,0,-1,0,30,0,30,0,0,30,30,0,30,1,1,0,0,0,-1,608011156
2,1,-1,1,0,0,1,2,5,1,0,0,25,0,22,1,335,98,0,0,1,2,0,25,0,0,-1,-1,-1,-1,0,0,0,0,0,0,-1,0,0,-1,-1,-1,-1,0,0,0,0,0,0,-1,0,30,0,30,0,0,30,30,0,30,1,1,0,0,0,-1,608011156
1,1,-1,1,0,0,1,2,5,1,0,0,25,0,22,1,335,101,0,0,1,2,0,25,0,0,-1,-1,-1,-1,0,0,0,0,0,0,-1,0,0,-1,-1,-1,-1,0,0,0,0,0,0,-1,0,30,0,30,0,0,30,30,7,30,1,1,0,0,0,-1,608011156
1,1,-1,1,0,0,1,2,5,1,0,0,25,0,22,1,335,207,0,0,1,2,0,25,0,0,-1,-1,-1,-1,0,0,0,0,0,0,-1,0,0,-1,-1,-1,-1,0,0,0,0,0,0,-1,0,30,0,30,0,0,30,30,7,30,1,1,0,0,0,-1,608011156
1,1,-1,1,0,0,1,2,5,1,0,0,25,0,22,1,335,312,0,0,1,2,0,25,0,0,-1,-1,-1,-1,0,0,0,0,0,0,-1,0,0,-1,-1,-1,-1,0,0,0,0,0,0,-1,0,60,0,60,0,0,60,60,7,60,1,1,0,0,0,-1,608011156
1,1,-1,1,0,0,1,2,5,1,0,0,25,0,22,1,335,313,0,0,1,2,0,25,0,0,-1,-1,-1,-1,0,0,0,0,0,0,-1,0,0,-1,-1,-1,-1,0,0,0,0,0,0,-1,0,30,0,30,0,0,30,30,0,30,1,1,0,0,0,-1,608011156
1,1,-1,1,0,0,1,2,5,1,0,0,25,0,22,1,335,420,0,0,1,2,0,25,0,0,-1,-1,-1,-1,0,0,0,0,0,0,-1,0,0,-1,-1,-1,-1,0,0,0,0,0,0,-1,0,60,0,60,0,0,60,60,0,60,1,1,0,0,0,-1,608011156
1,1,-1,1,0,0,1,2,5,1,0,0,25,0,22,1,335,423,0,0,1,2,0,25,0,0,-1,-1,-1,-1,0,0,0,0,0,0,-1,0,0,-1,-1,-1,-1,0,0,0,0,0,0,-1,0,90,0,90,0,0,90,90,7,90,1,1,0,0,0,-1,608011156
1,1,-1,1,0,0,1,2,5,1,0,0,25,0,22,1,336,98,0,0,1,2,0,25,0,0,-1,-1,-1,-1,0,0,0,0,0,0,-1,0,0,-1,-1,-1,-1,0,0,0,0,0,0,-1,0,30,0,30,0,0,30,30,0,30,1,1,0,0,0,-1,608011156
1,1,-1,1,0,0,1,2,5,1,0,0,25,0,22,1,336,99,0,0,1,2,0,25,0,0,-1,-1,-1,-1,0,0,0,0,0,0,-1,0,0,-1,-1,-1,-1,0,0,0,0,0,0,-1,0,30,0,30,0,0,30,30,60,90,1,1,0,0,0,-1,608011156
1,1,-1,1,0,0,1,2,5,1,0,0,25,0,22,1,336,99,0,0,1,2,0,25,0,0,-1,-1,-1,-1,0,0,0,0,0,0,-1,0,0,-1,-1,-1,-1,0,0,0,0,0,0,-1,0,30,0,30,0,0,30,30,180,365,1,1,0,0,0,-1,608011156
1,1,-1,1,0,0,1,2,5,1,0,0,25,0,22,1,336,99,0,0,1,2,0,25,0,0,-1,-1,-1,-1,0,0,0,0,0,0,-1,0,0,-1,-1,-1,-1,0,0,0,0,0,0,-1,0,60,0,60,0,0,60,60,180,180,1,1,0,0,0,-1,608011156
1,1,-1,1,0,0,1,2,5,1,0,0,25,0,22,1,336,101,0,0,1,2,0,25,0,0,-1,-1,-1,-1,0,0,0,0,0,0,-1,0,0,-1,-1,-1,-1,0,0,0,0,0,0,-1,0,30,0,30,0,0,30,30,0,30,1,1,0,0,0,-1,608011156
1,1,-1,1,0,0,1,2,5,1,0,0,25,0,22,1,336,312,0,0,1,2,0,25,0,0,-1,-1,-1,-1,0,0,0,0,0,0,-1,0,0,-1,-1,-1,-1,0,0,0,0,0,0,-1,0,0,30,30,0,0,30,30,0,30,2,1,0,0,0,-1,608011156
1,1,-1,1,0,0,1,2,5,1,0,0,25,0,22,1,336,312,0,0,1,2,0,25,0,0,-1,-1,-1,-1,0,0,0,0,0,0,-1,0,0,-1,-1,-1,-1,0,0,0,0,0,0,-1,0,60,0,60,0,0,60,60,0,60,1,1,0,0,0,-1,608011156
1,1,-1,1,0,0,1,2,5,1,0,0,25,0,22,1,336,313,0,0,1,2,0,25,0,0,-1,-1,-1,-1,0,0,0,0,0,0,-1,0,0,-1,-1,-1,-1,0,0,0,0,0,0,-1,0,0,180,180,0,0,180,180,0,180,2,1,0,0,0,-1,608011156
1,1,-1,1,0,0,1,2,5,1,0,0,25,0,22,1,336,313,0,0,1,2,0,25,0,0,-1,-1,-1,-1,0,0,0,0,0,0,-1,0,0,-1,-1,-1,-1,0,0,0,0,0,0,-1,0,30,0,30,0,0,30,30,0,30,1,1,0,0,0,-1,608011156
1,1,-1,1,0,0,1,2,5,1,0,0,25,0,22,1,336,410,0,0,1,2,0,25,0,0,-1,-1,-1,-1,0,0,0,0,0,0,-1,0,0,-1,-1,-1,-1,0,0,0,0,0,0,-1,0,60,0,60,0,0,60,60,0,60,1,1,0,0,0,-1,608011156
1,1,-1,1,0,0,1,2,5,1,0,0,25,0,22,1,336,420,0,0,1,2,0,25,0,0,-1,-1,-1,-1,0,0,0,0,0,0,-1,0,0,-1,-1,-1,-1,0,0,0,0,0,0,-1,0,60,0,60,0,0,60,60,0,60,1,1,0,0,0,-1,608011156
2,1,-1,1,0,0,1,2,5,1,0,0,25,0,22,1,336,423,0,0,1,2,0,25,0,0,-1,-1,-1,-1,0,0,0,0,0,0,-1,0,0,-1,-1,-1,-1,0,0,0,0,0,0,-1,0,30,0,30,0,0,30,30,0,30,1,1,0,0,0,-1,608011156
1,1,-1,1,0,0,1,2,5,1,0,0,25,0,22,1,336,423,0,0,1,2,0,25,0,0,-1,-1,-1,-1,0,0,0,0,0,0,-1,0,0,-1,-1,-1,-1,0,0,0,0,0,0,-1,0,60,0,60,0,0,60,60,0,60,1,1,0,0,0,-1,608011156
1,1,-1,1,0,0,1,2,5,1,0,0,25,0,22,1,410,302,0,0,1,2,0,25,0,0,-1,-1,-1,-1,0,0,0,0,0,0,-1,0,0,-1,-1,-1,-1,0,0,0,0,0,0,-1,0,60,0,60,0,0,60,60,7,60,1,1,0,0,0,-1,608011156
1,1,-1,1,0,0,1,2,5,1,0,0,25,0,22,1,410,410,0,0,1,2,0,25,0,0,-1,-1,-1,-1,0,0,0,0,0,0,-1,0,0,-1,-1,-1,-1,0,0,0,0,0,0,-1,0,365,0,365,0,0,365,365,0,365,1,1,0,0,0,-1,608011156
1,1,-1,1,0,0,1,2,5,1,0,0,25,0,22,1,420,420,0,0,1,2,0,25,0,0,-1,-1,-1,-1,0,0,0,0,0,0,-1,0,0,-1,-1,-1,-1,0,0,0,0,0,0,-1,0,0,180,180,0,0,180,180,0,180,2,1,0,0,0,-1,608011156
1,1,-1,1,0,0,1,2,5,1,0,0,25,0,22,1,434,302,0,0,1,2,0,25,0,0,-1,-1,-1,-1,0,0,0,0,0,0,-1,0,0,-1,-1,-1,-1,0,0,0,0,0,0,-1,0,0,180,180,0,0,180,180,0,180,2,1,0,0,0,-1,608011156
1,1,-1,1,0,0,1,2,5,1,0,0,25,0,22,3,101,410,0,0,1,2,0,25,0,0,-1,-1,-1,-1,0,0,0,0,0,0,-1,0,0,-1,-1,-1,-1,0,0,0,0,0,0,-1,0,60,0,60,0,0,60,60,60,90,1,1,0,0,0,-1,608011156
1,1,-1,1,0,0,1,2,5,1,0,0,25,0,22,3,116,98,0,0,1,2,0,25,0,0,-1,-1,-1,-1,0,0,0,0,0,0,-1,0,0,-1,-1,-1,-1,0,0,0,0,0,0,-1,0,30,0,30,0,0,30,30,180,180,1,1,0,0,0,-1,608011156
1,1,-1,1,0,0,1,2,5,1,0,0,25,0,22,3,116,101,0,0,1,2,0,25,0,0,-1,-1,-1,-1,0,0,0,0,0,0,-1,0,0,-1,-1,-1,-1,0,0,0,0,0,0,-1,0,90,0,90,0,0,90,90,90,180,1,1,0,0,0,-1,608011156
1,1,-1,1,0,0,1,2,5,1,0,0,25,0,22,3,116,116,0,0,1,2,0,25,0,0,-1,-1,-1,-1,0,0,0,0,0,0,-1,0,0,-1,-1,-1,-1,0,0,0,0,0,0,-1,0,30,0,30,0,0,30,30,7,30,1,1,0,0,0,-1,608011156
1,1,-1,1,0,0,1,2,5,1,0,0,25,0,22,3,116,116,0,0,1,2,0,25,0,0,-1,-1,-1,-1,0,0,0,0,0,0,-1,0,0,-1,-1,-1,-1,0,0,0,0,0,0,-1,0,30,0,30,0,0,30,30,365,365,1,1,0,0,0,-1,608011156
1,1,-1,1,0,0,1,2,5,1,0,0,25,0,22,3,116,116,0,0,1,2,0,25,0,0,-1,-1,-1,-1,0,0,0,0,0,0,-1,0,0,-1,-1,-1,-1,0,0,0,0,0,0,-1,0,60,0,60,0,0,60,60,60,90,1,1,0,0,0,-1,608011156
1,1,-1,1,0,0,1,2,5,1,0,0,25,0,22,3,206,422,0,0,1,2,0,25,0,0,-1,-1,-1,-1,0,0,0,0,0,0,-1,0,0,-1,-1,-1,-1,0,0,0,0,0,0,-1,0,30,0,30,0,0,30,30,7,30,1,1,0,0,0,-1,608011156
1,1,-1,1,0,0,1,2,5,1,0,0,25,0,22,3,207,312,0,0,1,2,0,25,0,0,-1,-1,-1,-1,0,0,0,0,0,0,-1,0,0,-1,-1,-1,-1,0,0,0,0,0,0,-1,0,60,0,60,0,0,60,60,1094,1094,1,1,0,0,0,-1,608011156
1,1,-1,1,0,0,1,2,5,1,0,0,25,0,22,3,335,312,0,0,1,2,0,25,0,0,-1,-1,-1,-1,0,0,0,0,0,0,-1,0,0,-1,-1,-1,-1,0,0,0,0,0,0,-1,0,30,0,30,0,0,30,30,1094,1094,1,1,0,0,0,-1,608011156
1,1,-1,1,0,0,1,2,5,1,0,0,25,0,22,3,335,422,0,0,1,2,0,25,0,0,-1,-1,-1,-1,0,0,0,0,0,0,-1,0,0,-1,-1,-1,-1,0,0,0,0,0,0,-1,0,30,0,30,0,0,30,30,0,30,1,1,0,0,0,-1,608011156
1,1,-1,1,0,0,1,2,5,1,0,0,25,0,22,3,336,207,0,0,1,2,0,25,0,0,-1,-1,-1,-1,0,0,0,0,0,0,-1,0,0,-1,-1,-1,-1,0,0,0,0,0,0,-1,0,30,0,30,0,0,30,30,0,30,1,1,0,0,0,-1,608011156
1,1,-1,1,0,0,1,2,5,1,0,0,55,0,2,-1,-1,-1,0,0,0,0,0,-1,0,0,-1,-1,-1,-1,0,0,0,0,0,0,-1,0,0,-1,-1,-1,-1,0,0,0,0,0,0,-1,0,30,0,30,0,0,30,30,180,180,1,0,0,0,12,2,608011156
1,1,-1,1,0,0,1,2,5,1,0,0,55,0,21,1,410,-1,0,0,1,2,0,55,0,0,-1,-1,-1,-1,0,0,0,0,0,0,-1,0,0,-1,-1,-1,-1,0,0,0,0,0,0,-1,0,180,0,180,0,0,180,180,0,180,1,1,0,0,0,-1,608011156
1,1,-1,1,0,0,1,2,5,1,0,0,55,0,21,3,207,-1,0,0,1,2,0,55,0,0,-1,-1,-1,-1,0,0,0,0,0,0,-1,0,0,-1,-1,-1,-1,0,0,0,0,0,0,-1,0,365,0,365,0,0,365,365,0,365,1,1,0,0,0,-1,608011156
1,1,-1,1,0,0,1,2,5,1,0,0,55,0,22,1,99,99,0,0,1,2,0,55,0,21,1,1,101,-1,7,0,0,1,2,0,55,0,0,-1,-1,-1,-1,0,0,0,0,0,0,-1,0,30,0,30,7,180,180,30,180,180,5,1,1,0,0,-1,608011156
1,1,-1,1,0,0,1,2,5,1,0,0,55,0,22,1,99,99,0,0,1,2,0,55,0,22,1,1,101,410,7,0,0,1,2,0,55,0,0,-1,-1,-1,-1,0,0,0,0,0,0,-1,0,7,0,7,7,365,365,30,90,90,5,1,1,0,0,-1,608011156
1,1,-1,1,0,0,1,2,5,1,0,0,55,0,22,1,99,99,0,0,1,2,0,55,0,22,1,1,101,410,7,0,0,1,2,0,55,0,0,-1,-1,-1,-1,0,0,0,0,0,0,-1,0,30,0,30,7,30,60,30,30,60,5,1,1,0,0,-1,608011156
1,1,-1,1,0,0,1,2,5,1,0,0,55,0,22,1,101,98,0,0,1,2,0,55,0,0,-1,-1,-1,-1,0,0,0,0,0,0,-1,0,0,-1,-1,-1,-1,0,0,0,0,0,0,-1,0,30,0,30,0,0,30,30,60,90,1,1,0,0,0,-1,608011156
1,1,-1,1,0,0,1,2,5,1,0,0,55,0,22,1,101,99,0,0,1,2,0,55,0,0,-1,-1,-1,-1,0,0,0,0,0,0,-1,0,0,-1,-1,-1,-1,0,0,0,0,0,0,-1,0,30,0,30,0,0,30,30,0,30,1,1,0,0,0,-1,608011156
1,1,-1,1,0,0,1,2,5,1,0,0,55,0,22,1,101,206,0,0,1,2,0,55,0,0,-1,-1,-1,-1,0,0,0,0,0,0,-1,0,0,-1,-1,-1,-1,0,0,0,0,0,0,-1,0,30,0,30,0,0,30,30,0,30,1,1,0,0,0,-1,608011156
1,1,-1,1,0,0,1,2,5,1,0,0,55,0,22,1,116,302,0,0,1,2,0,55,0,22,0,1,116,302,180,0,0,1,2,0,55,0,0,-1,-1,-1,-1,0,0,0,0,0,0,-1,0,180,0,180,7,0,180,180,60,180,5,1,0,0,0,-1,608011156
1,1,-1,1,0,0,1,2,5,1,0,0,55,0,22,1,116,411,0,0,1,2,0,55,0,0,-1,-1,-1,-1,0,0,0,0,0,0,-1,0,0,-1,-1,-1,-1,0,0,0,0,0,0,-1,0,30,0,30,0,0,30,30,30,60,1,1,0,0,0,-1,608011156
1,1,-1,1,0,0,1,2,5,1,0,0,55,0,22,1,116,423,0,0,1,2,0,55,0,0,-1,-1,-1,-1,0,0,0,0,0,0,-1,0,0,-1,-1,-1,-1,0,0,0,0,0,0,-1,0,60,0,60,0,0,60,60,7,60,1,1,0,0,0,-1,608011156
1,1,-1,1,0,0,1,2,5,1,0,0,55,0,22,1,116,434,0,0,1,2,0,55,0,0,-1,-1,-1,-1,0,0,0,0,0,0,-1,0,0,-1,-1,-1,-1,0,0,0,0,0,0,-1,0,60,0,60,0,0,60,60,30,60,1,1,0,0,0,-1,608011156
1,1,-1,1,0,0,1,2,5,1,0,0,55,0,22,1,206,99,0,0,1,2,0,55,0,0,-1,-1,-1,-1,0,0,0,0,0,0,-1,0,0,-1,-1,-1,-1,0,0,0,0,0,0,-1,0,60,0,60,0,0,60,60,30,90,1,1,0,0,0,-1,608011156
1,1,-1,1,0,0,1,2,5,1,0,0,55,0,22,1,206,314,0,0,1,2,0,55,0,0,-1,-1,-1,-1,0,0,0,0,0,0,-1,0,0,-1,-1,-1,-1,0,0,0,0,0,0,-1,0,30,0,30,0,0,30,30,0,30,1,1,0,0,0,-1,608011156
1,1,-1,1,0,0,1,2,5,1,0,0,55,0,22,1,206,420,0,0,1,2,0,55,0,0,-1,-1,-1,-1,0,0,0,0,0,0,-1,0,0,-1,-1,-1,-1,0,0,0,0,0,0,-1,0,60,0,60,0,0,60,60,180,180,1,1,0,0,0,-1,608011156
1,1,-1,1,0,0,1,2,5,1,0,0,55,0,22,1,314,98,0,0,1,2,0,55,0,0,-1,-1,-1,-1,0,0,0,0,0,0,-1,0,0,-1,-1,-1,-1,0,0,0,0,0,0,-1,0,60,0,60,0,0,60,60,0,60,1,1,0,0,0,-1,608011156
1,1,-1,1,0,0,1,2,5,1,0,0,55,0,22,1,314,313,0,0,1,2,0,55,0,0,-1,-1,-1,-1,0,0,0,0,0,0,-1,0,0,-1,-1,-1,-1,0,0,0,0,0,0,-1,0,30,0,30,0,0,30,30,7,30,1,1,0,0,0,-1,608011156
1,1,-1,1,0,0,1,2,5,1,0,0,55,0,22,1,314,422,0,0,1,2,0,55,0,0,-1,-1,-1,-1,0,0,0,0,0,0,-1,0,0,-1,-1,-1,-1,0,0,0,0,0,0,-1,0,60,0,60,0,0,60,60,547,547,1,1,0,0,0,-1,608011156
1,1,-1,1,0,0,1,2,5,1,0,0,55,0,22,1,314,423,0,0,1,2,0,55,0,0,-1,-1,-1,-1,0,0,0,0,0,0,-1,0,0,-1,-1,-1,-1,0,0,0,0,0,0,-1,0,30,0,30,0,0,30,30,60,60,1,1,0,0,0,-1,608011156
1,1,-1,1,0,0,1,2,5,1,0,0,55,0,22,1,335,422,0,0,1,2,0,55,0,0,-1,-1,-1,-1,0,0,0,0,0,0,-1,0,0,-1,-1,-1,-1,0,0,0,0,0,0,-1,0,60,0,60,0,0,60,60,0,60,1,1,0,0,0,-1,608011156
1,1,-1,1,0,0,1,2,5,1,0,0,55,0,22,1,411,411,0,0,1,2,0,55,0,0,-1,-1,-1,-1,0,0,0,0,0,0,-1,0,0,-1,-1,-1,-1,0,0,0,0,0,0,-1,0,0,60,60,0,0,60,60,0,60,2,1,0,0,0,-1,608011156
1,1,-1,1,0,0,1,2,5,1,0,0,55,0,22,3,116,206,0,0,1,2,0,55,0,0,-1,-1,-1,-1,0,0,0,0,0,0,-1,0,0,-1,-1,-1,-1,0,0,0,0,0,0,-1,0,30,0,30,0,0,30,30,90,90,1,1,0,0,0,-1,608011156
1,1,-1,1,0,0,1,2,5,1,0,0,55,0,22,3,116,313,0,0,1,2,0,55,0,0,-1,-1,-1,-1,0,0,0,0,0,0,-1,0,0,-1,-1,-1,-1,0,0,0,0,0,0,-1,0,30,0,30,0,0,30,30,0,30,1,1,0,0,0,-1,608011156
1,1,-1,1,0,0,1,2,5,1,0,0,55,0,22,3,410,116,0,0,1,2,0,55,0,0,-1,-1,-1,-1,0,0,0,0,0,0,-1,0,0,-1,-1,-1,-1,0,0,0,0,0,0,-1,0,90,0,90,0,0,90,90,547,547,1,1,0,0,0,-1,608011156
1,1,-1,1,0,0,1,2,5,2,0,0,18,0,0,-1,-1,-1,0,0,0,0,0,-1,0,22,1,3,116,410,30,0,0,1,2,0,18,0,0,-1,-1,-1,-1,0,0,0,0,0,0,-1,0,0,0,0,30,90,180,30,60,60,4,0,1,0,0,-1,608011156
1,1,-1,1,0,0,1,2,5,2,0,0,25,0,0,-1,-1,-1,0,0,0,0,0,-1,0,21,0,3,434,-1,90,0,0,1,2,0,25,0,0,-1,-1,-1,-1,0,0,0,0,0,0,-1,0,0,0,0,90,0,90,90,0,90,4,0,0,0,0,-1,608011156
1,1,-1,1,0,0,1,2,5,2,0,0,25,0,0,-1,-1,-1,0,0,0,0,0,-1,0,22,0,1,116,101,30,0,0,1,2,0,25,0,0,-1,-1,-1,-1,0,0,0,0,0,0,-1,0,0,0,0,30,0,30,30,60,60,4,0,0,0,0,-1,608011156
1,1,-1,1,0,0,1,2,5,2,0,0,25,0,0,-1,-1,-1,0,0,0,0,0,-1,0,22,1,1,116,422,60,0,0,1,2,0,25,0,0,-1,-1,-1,-1,0,0,0,0,0,0,-1,0,0,0,0,60,30,90,60,180,180,4,0,1,0,0,-1,608011156
1,1,-1,1,0,0,1,2,5,2,0,0,25,0,0,-1,-1,-1,0,0,0,0,0,-1,0,22,1,1,116,434,30,0,0,1,2,0,25,0,0,-1,-1,-1,-1,0,0,0,0,0,0,-1,0,0,0,0,30,30,60,30,180,365,4,0,1,0,0,-1,608011156
1,1,-1,1,0,0,1,2,5,2,0,0,25,0,22,1,335,99,0,0,1,2,0,25,0,0,-1,-1,-1,-1,0,0,0,0,0,0,-1,0,0,-1,-1,-1,-1,0,0,0,0,0,0,-1,0,30,0,30,0,0,30,30,0,30,1,1,0,0,0,-1,608011156
1,1,-1,1,0,0,1,2,5,2,0,0,25,0,22,3,336,98,0,0,1,2,0,25,0,0,-1,-1,-1,-1,0,0,0,0,0,0,-1,0,0,-1,-1,-1,-1,0,0,0,0,0,0,-1,0,30,0,30,0,0,30,30,180,180,1,1,0,0,22,1,608011156
1,1,-1,1,0,0,1,2,5,2,0,0,25,1,0,-1,-1,-1,0,0,0,0,0,-1,0,22,1,3,410,410,7,0,0,1,2,0,25,1,0,-1,-1,-1,-1,0,0,0,0,0,0,-1,0,0,0,0,7,180,180,7,0,7,4,0,1,0,0,-1,608011156
1,1,-1,1,0,0,1,2,5,2,0,0,25,1,21,1,116,-1,0,0,1,2,0,25,1,0,-1,-1,-1,-1,0,0,0,0,0,0,-1,0,0,-1,-1,-1,-1,0,0,0,0,0,0,-1,0,90,0,90,0,0,90,90,30,90,1,1,0,0,0,-1,608011156
1,1,-1,1,0,0,1,2,5,2,0,0,25,1,21,1,116,-1,0,0,1,2,0,25,1,0,-1,-1,-1,-1,0,0,0,0,0,0,-1,0,0,-1,-1,-1,-1,0,0,0,0,0,0,-1,0,180,0,180,0,0,180,180,7,180,1,1,0,0,0,-1,608011156
1,1,-1,1,0,0,1,2,5,2,0,0,25,1,22,1,314,314,0,0,1,2,0,25,1,0,-1,-1,-1,-1,0,0,0,0,0,0,-1,0,0,-1,-1,-1,-1,0,0,0,0,0,0,-1,0,30,0,30,0,0,30,30,90,90,1,1,0,0,0,-1,608011156
1,1,-1,1,0,0,1,2,5,2,0,0,55,0,0,-1,-1,-1,0,0,0,0,0,-1,0,21,1,1,116,-1,30,0,0,1,2,0,55,0,0,-1,-1,-1,-1,0,0,0,0,0,0,-1,0,0,0,0,30,180,180,30,30,60,4,0,1,0,0,-1,608011156
1,1,-1,1,0,0,1,2,7,1,0,0,25,0,22,1,336,314,0,0,1,2,0,25,0,0,-1,-1,-1,-1,0,0,0,0,0,0,-1,0,0,-1,-1,-1,-1,0,0,0,0,0,0,-1,0,90,0,90,0,0,90,90,90,180,1,1,0,0,0,-1,608011156
1,1,-1,1,0,0,1,2,13,1,0,0,25,0,22,3,335,312,0,0,1,2,0,25,0,0,-1,-1,-1,-1,0,0,0,0,0,0,-1,0,0,-1,-1,-1,-1,0,0,0,0,0,0,-1,0,60,0,60,0,0,60,60,0,60,1,1,0,0,0,-1,608011156
1,1,-1,1,0,0,1,2,15,1,0,0,25,0,0,-1,-1,-1,0,0,0,0,0,-1,0,22,1,3,101,410,7,0,0,1,2,0,25,0,0,-1,-1,-1,-1,0,0,0,0,0,0,-1,0,0,0,0,7,60,60,7,90,90,4,0,1,0,0,-1,608011156
1,1,-1,1,0,0,1,2,15,1,0,0,25,0,21,1,116,-1,0,0,1,2,0,25,0,0,-1,-1,-1,-1,0,0,0,0,0,0,-1,0,0,-1,-1,-1,-1,0,0,0,0,0,0,-1,0,180,0,180,0,0,180,180,30,180,1,1,0,0,0,-1,608011156
1,1,-1,1,0,0,1,2,15,1,0,0,25,0,22,1,336,313,0,0,1,2,0,25,0,0,-1,-1,-1,-1,0,0,0,0,0,0,-1,0,0,-1,-1,-1,-1,0,0,0,0,0,0,-1,0,30,0,30,0,0,30,30,7,30,1,1,0,0,0,-1,608011156
1,1,-1,1,0,0,1,2,15,1,0,0,55,0,0,-1,-1,-1,0,0,0,0,0,-1,0,21,1,3,116,-1,7,0,0,1,2,0,55,0,0,-1,-1,-1,-1,0,0,0,0,0,0,-1,0,0,0,0,7,365,365,7,180,180,4,0,1,0,0,-1,608011156
1,1,-1,1,0,0,1,2,15,1,0,0,55,0,22,1,116,99,0,0,1,2,0,55,0,0,-1,-1,-1,-1,0,0,0,0,0,0,-1,0,0,-1,-1,-1,-1,0,0,0,0,0,0,-1,0,30,0,30,0,0,30,30,90,180,1,1,0,0,0,-1,608011156
1,1,-1,1,0,0,1,2,16,1,0,0,24,0,0,-1,-1,-1,0,0,0,0,0,-1,0,21,1,1,101,-1,30,0,0,1,2,0,24,0,0,-1,-1,-1,-1,0,0,0,0,0,0,-1,0,0,0,0,30,180,180,30,60,90,4,0,1,0,0,-1,608011156
1,1,-1,1,0,0,1,2,16,1,0,0,25,0,22,1,116,423,0,0,1,2,0,25,0,0,-1,-1,-1,-1,0,0,0,0,0,0,-1,0,0,-1,-1,-1,-1,0,0,0,0,0,0,-1,0,180,0,180,0,0,180,180,0,180,1,1,0,0,0,-1,608011156
1,1,-1,1,0,0,1,2,16,2,0,0,25,0,22,1,116,101,0,0,1,2,0,25,0,0,-1,-1,-1,-1,0,0,0,0,0,0,-1,0,0,-1,-1,-1,-1,0,0,0,0,0,0,-1,0,30,0,30,0,0,30,30,30,60,1,1,0,0,0,-1,608011156
1,1,-1,1,0,0,1,2,17,1,0,0,25,0,22,1,336,204,0,0,1,2,0,25,0,0,-1,-1,-1,-1,0,0,0,0,0,0,-1,0,0,-1,-1,-1,-1,0,0,0,0,0,0,-1,0,60,0,60,0,0,60,60,30,60,1,1,0,0,0,-1,608011156
1,1,-1,1,0,0,1,2,17,1,0,0,55,0,22,1,206,99,0,0,1,2,0,55,0,0,-1,-1,-1,-1,0,0,0,0,0,0,-1,0,0,-1,-1,-1,-1,0,0,0,0,0,0,-1,0,30,0,30,0,0,30,30,0,30,1,1,0,0,0,-1,608011156
1,1,-1,1,0,0,1,2,23,1,0,0,25,0,22,1,116,422,0,0,1,2,0,25,0,0,-1,-1,-1,-1,0,0,0,0,0,0,-1,0,0,-1,-1,-1,-1,0,0,0,0,0,0,-1,0,60,0,60,0,0,60,60,180,365,1,1,0,0,0,-1,608011156
1,1,-1,1,0,0,1,2,26,1,0,0,25,0,22,1,205,99,0,0,1,2,0,25,0,0,-1,-1,-1,-1,0,0,0,0,0,0,-1,0,0,-1,-1,-1,-1,0,0,0,0,0,0,-1,0,90,0,90,0,0,90,90,0,90,1,1,0,0,0,-1,608011156
1,1,-1,1,0,0,1,2,27,1,0,0,24,0,22,1,335,98,0,0,1,2,0,24,0,0,-1,-1,-1,-1,0,0,0,0,0,0,-1,0,0,-1,-1,-1,-1,0,0,0,0,0,0,-1,0,30,0,30,0,0,30,30,0,30,1,1,0,0,0,-1,608011156
1,1,-1,1,0,0,1,2,35,1,0,0,25,0,0,-1,-1,-1,0,0,0,0,0,-1,0,22,0,1,116,116,7,0,0,1,2,0,25,0,0,-1,-1,-1,-1,0,0,0,0,0,0,-1,0,0,0,0,7,0,7,7,365,365,4,0,0,0,0,-1,608011156
1,1,-1,1,0,0,1,2,35,1,0,0,25,0,21,3,205,-1,0,0,1,2,0,25,0,0,-1,-1,-1,-1,0,0,0,0,0,0,-1,0,0,-1,-1,-1,-1,0,0,0,0,0,0,-1,0,365,0,365,0,0,365,365,0,365,1,1,0,0,0,-1,608011156
1,1,-1,1,0,0,1,2,35,1,0,0,25,0,22,1,116,312,0,0,1,2,0,25,0,0,-1,-1,-1,-1,0,0,0,0,0,0,-1,0,0,-1,-1,-1,-1,0,0,0,0,0,0,-1,0,60,0,60,0,0,60,60,7,60,1,1,0,0,0,-1,608011156
1,1,-1,1,0,0,1,2,35,1,0,0,25,0,22,1,116,410,0,0,1,2,0,25,0,0,-1,-1,-1,-1,0,0,0,0,0,0,-1,0,0,-1,-1,-1,-1,0,0,0,0,0,0,-1,0,60,0,60,0,0,60,60,90,180,1,1,0,0,0,-1,608011156
1,1,-1,1,0,0,1,2,35,1,0,0,25,0,22,1,336,410,0,0,1,2,0,25,0,0,-1,-1,-1,-1,0,0,0,0,0,0,-1,0,0,-1,-1,-1,-1,0,0,0,0,0,0,-1,0,90,0,90,0,0,90,90,0,90,1,1,0,0,0,-1,608011156
1,1,-1,1,0,0,1,2,35,2,0,0,18,0,22,3,116,313,0,0,1,2,0,18,0,0,-1,-1,-1,-1,0,0,0,0,0,0,-1,0,0,-1,-1,-1,-1,0,0,0,0,0,0,-1,0,60,0,60,0,0,60,60,0,60,1,1,0,0,0,-1,608011156
1,1,-1,1,0,0,1,2,36,1,0,0,25,0,22,1,336,312,0,0,1,2,0,25,0,0,-1,-1,-1,-1,0,0,0,0,0,0,-1,0,0,-1,-1,-1,-1,0,0,0,0,0,0,-1,0,30,0,30,0,0,30,30,0,30,1,1,0,0,0,-1,608011156
1,1,-1,1,0,0,1,2,45,1,0,0,25,0,22,1,336,423,0,0,1,2,0,25,0,0,-1,-1,-1,-1,0,0,0,0,0,0,-1,0,0,-1,-1,-1,-1,0,0,0,0,0,0,-1,0,30,0,30,0,0,30,30,0,30,1,1,0,0,0,-1,608011156
1,1,-1,1,0,0,1,2,46,1,0,0,55,0,22,1,314,101,0,0,1,2,0,55,0,0,-1,-1,-1,-1,0,0,0,0,0,0,-1,0,0,-1,-1,-1,-1,0,0,0,0,0,0,-1,0,60,0,60,0,0,60,60,0,60,1,1,0,0,0,-1,608011156
1,1,-1,1,0,0,1,2,47,1,0,0,25,0,22,1,336,99,0,0,1,2,0,25,0,0,-1,-1,-1,-1,0,0,0,0,0,0,-1,0,0,-1,-1,-1,-1,0,0,0,0,0,0,-1,0,60,0,60,0,0,60,60,7,60,1,1,0,0,0,-1,608011156
1,1,-1,1,0,0,1,2,56,1,0,0,18,0,22,1,116,314,0,0,1,2,0,18,0,0,-1,-1,-1,-1,0,0,0,0,0,0,-1,0,0,-1,-1,-1,-1,0,0,0,0,0,0,-1,0,60,0,60,0,0,60,60,7,60,1,1,0,0,0,-1,608011156
1,1,-1,1,0,0,1,2,56,1,0,0,25,0,21,1,116,-1,0,0,1,2,0,25,0,0,-1,-1,-1,-1,0,0,0,0,0,0,-1,0,0,-1,-1,-1,-1,0,0,0,0,0,0,-1,0,60,0,60,0,0,60,60,180,365,1,1,0,0,0,-1,608011156
1,1,-1,1,0,0,1,2,56,1,0,0,25,0,22,1,101,423,0,0,1,2,0,25,0,0,-1,-1,-1,-1,0,0,0,0,0,0,-1,0,0,-1,-1,-1,-1,0,0,0,0,0,0,-1,0,30,0,30,0,0,30,30,0,30,1,1,0,0,0,-1,608011156
1,1,-1,1,0,0,1,2,56,1,0,0,25,0,22,3,335,312,0,0,1,2,0,25,0,0,-1,-1,-1,-1,0,0,0,0,0,0,-1,0,0,-1,-1,-1,-1,0,0,0,0,0,0,-1,0,90,0,90,0,0,90,90,30,180,1,1,0,0,0,-1,608011156
1,1,-1,1,0,0,1,2,56,1,0,0,25,0,22,3,335,312,0,0,1,2,0,25,0,0,-1,-1,-1,-1,0,0,0,0,0,0,-1,0,0,-1,-1,-1,-1,0,0,0,0,0,0,-1,0,90,0,90,0,0,90,90,180,365,1,1,0,0,0,-1,608011156
1,1,-1,1,0,0,1,2,56,1,0,0,55,0,0,-1,-1,-1,0,0,0,0,0,-1,0,22,1,3,116,420,7,0,0,1,2,0,55,0,0,-1,-1,-1,-1,0,0,0,0,0,0,-1,0,0,0,0,7,30,30,7,30,30,4,0,1,0,0,-1,608011156
1,1,-1,1,0,0,1,2,56,2,0,0,25,0,22,1,116,116,0,0,1,2,0,25,0,0,-1,-1,-1,-1,0,0,0,0,0,0,-1,0,0,-1,-1,-1,-1,0,0,0,0,0,0,-1,0,60,0,60,0,0,60,60,30,90,1,1,0,0,0,-1,608011156
1,1,-1,1,0,0,1,2,56,2,0,0,25,1,0,-1,-1,-1,0,0,0,0,0,-1,0,22,1,1,101,410,30,0,0,1,2,0,25,1,0,-1,-1,-1,-1,0,0,0,0,0,0,-1,0,0,0,0,30,30,30,30,60,60,4,0,1,0,0,-1,608011156
1,1,-1,1,0,0,1,2,57,1,0,0,25,0,22,3,116,116,0,0,1,2,0,25,0,0,-1,-1,-1,-1,0,0,0,0,0,0,-1,0,0,-1,-1,-1,-1,0,0,0,0,0,0,-1,0,30,0,30,0,0,30,30,7,30,1,1,0,0,0,-1,608011156
1,1,-1,1,0,0,1,2,98,1,0,0,25,0,22,1,116,99,0,0,1,2,0,25,0,0,-1,-1,-1,-1,0,0,0,0,0,0,-1,0,0,-1,-1,-1,-1,0,0,0,0,0,0,-1,0,30,0,30,0,0,30,30,7,30,1,1,0,0,0,-1,608011156
1,1,-1,1,0,0,1,2,98,1,0,0,25,0,22,1,116,410,0,0,1,2,0,25,0,0,-1,-1,-1,-1,0,0,0,0,0,0,-1,0,0,-1,-1,-1,-1,0,0,0,0,0,0,-1,0,60,0,60,0,0,60,60,60,180,1,1,0,0,0,-1,608011156
1,1,-1,1,0,0,1,2,98,1,0,0,55,0,22,3,410,410,0,0,1,2,0,55,0,0,-1,-1,-1,-1,0,0,0,0,0,0,-1,0,0,-1,-1,-1,-1,0,0,0,0,0,0,-1,0,365,0,365,0,0,365,365,0,365,1,1,0,0,0,-1,608011156
1,1,-1,1,0,0,1,2,124,1,0,0,25,0,22,1,314,101,0,0,1,2,0,25,0,0,-1,-1,-1,-1,0,0,0,0,0,0,-1,0,0,-1,-1,-1,-1,0,0,0,0,0,0,-1,0,30,0,30,0,0,30,30,0,30,1,1,0,0,0,-1,608011156
1,1,-1,1,0,0,1,2,124,1,0,0,55,0,0,-1,-1,-1,0,0,0,0,0,-1,0,22,1,1,101,434,60,0,0,1,2,0,55,0,0,-1,-1,-1,-1,0,0,0,0,0,0,-1,0,0,0,0,60,60,90,60,60,90,4,0,1,0,0,-1,608011156
1,1,-1,1,0,0,1,2,124,1,0,0,55,0,22,1,204,99,0,0,1,2,0,55,0,0,-1,-1,-1,-1,0,0,0,0,0,0,-1,0,0,-1,-1,-1,-1,0,0,0,0,0,0,-1,0,30,0,30,0,0,30,30,7,30,1,1,0,0,0,-1,608011156
1,1,-1,1,0,0,1,2,125,1,0,0,25,0,22,3,116,313,0,0,1,2,0,25,0,0,-1,-1,-1,-1,0,0,0,0,0,0,-1,0,0,-1,-1,-1,-1,0,0,0,0,0,0,-1,0,30,0,30,0,0,30,30,365,365,1,1,0,0,0,-1,608011156
1,1,-1,1,0,0,1,2,135,1,0,0,25,0,22,1,99,302,0,0,1,2,0,25,0,0,-1,-1,-1,-1,0,0,0,0,0,0,-1,0,0,-1,-1,-1,-1,0,0,0,0,0,0,-1,0,60,0,60,0,0,60,60,30,90,1,1,0,0,0,-1,608011156
1,1,-1,1,0,0,1,2,146,1,0,0,18,0,22,3,336,312,0,0,1,2,0,18,0,0,-1,-1,-1,-1,0,0,0,0,0,0,-1,0,0,-1,-1,-1,-1,0,0,0,0,0,0,-1,0,30,0,30,0,0,30,30,0,30,1,1,0,0,0,-1,608011156
1,1,-1,1,0,0,1,2,167,1,0,0,25,0,22,1,314,98,0,0,1,2,0,25,0,0,-1,-1,-1,-1,0,0,0,0,0,0,-1,0,0,-1,-1,-1,-1,0,0,0,0,0,0,-1,0,30,0,30,0,0,30,30,0,30,1,1,0,0,0,-1,608011156
1,1,-1,1,0,0,1,2,234,1,0,0,25,0,22,1,204,313,0,0,1,2,0,25,0,0,-1,-1,-1,-1,0,0,0,0,0,0,-1,0,0,-1,-1,-1,-1,0,0,0,0,0,0,-1,0,30,0,30,0,0,30,30,0,30,1,1,0,0,0,-1,608011156
1,1,-1,1,0,0,1,2,235,1,0,0,25,0,22,1,410,207,0,0,1,2,0,25,0,0,-1,-1,-1,-1,0,0,0,0,0,0,-1,0,0,-1,-1,-1,-1,0,0,0,0,0,0,-1,0,0,30,30,0,0,30,30,0,30,2,1,0,0,0,-1,608011156
1,1,-1,1,0,0,1,2,246,1,0,0,25,0,22,1,101,312,0,0,1,2,0,25,0,0,-1,-1,-1,-1,0,0,0,0,0,0,-1,0,0,-1,-1,-1,-1,0,0,0,0,0,0,-1,0,60,0,60,0,0,60,60,0,60,1,1,0,0,0,-1,608011156
1,1,-1,1,0,0,1,2,257,1,0,0,25,0,22,1,206,423,0,0,1,2,0,25,0,0,-1,-1,-1,-1,0,0,0,0,0,0,-1,0,0,-1,-1,-1,-1,0,0,0,0,0,0,-1,0,30,0,30,0,0,30,30,0,30,1,1,0,0,0,-1,608011156
1,1,-1,1,0,0,1,2,345,1,0,0,55,0,22,1,336,423,0,0,1,2,0,55,0,0,-1,-1,-1,-1,0,0,0,0,0,0,-1,0,0,-1,-1,-1,-1,0,0,0,0,0,0,-1,0,30,0,30,0,0,30,30,0,30,1,1,0,0,0,-1,608011156
1,1,-1,1,0,0,1,2,346,1,0,0,25,0,22,1,101,205,0,0,1,2,0,25,0,22,0,1,101,205,60,0,0,1,2,0,25,0,0,-1,-1,-1,-1,0,0,0,0,0,0,-1,0,60,0,60,30,0,60,60,180,180,5,1,0,0,0,-1,608011156
1,1,-1,1,0,0,1,2,346,1,0,0,25,0,22,1,206,422,0,0,1,2,0,25,0,0,-1,-1,-1,-1,0,0,0,0,0,0,-1,0,0,-1,-1,-1,-1,0,0,0,0,0,0,-1,0,180,0,180,0,0,180,180,30,180,1,1,0,0,0,-1,608011156
1,1,-1,1,0,0,1,2,347,1,0,0,25,0,22,1,336,313,0,0,1,2,0,25,0,0,-1,-1,-1,-1,0,0,0,0,0,0,-1,0,0,-1,-1,-1,-1,0,0,0,0,0,0,-1,0,30,0,30,0,0,30,30,0,30,1,1,0,0,0,-1,608011156
1,1,-1,1,0,0,1,2,357,1,0,0,55,0,22,1,336,313,0,0,1,2,0,55,0,0,-1,-1,-1,-1,0,0,0,0,0,0,-1,0,0,-1,-1,-1,-1,0,0,0,0,0,0,-1,0,60,0,60,0,0,60,60,7,60,1,1,0,0,0,-1,608011156
1,1,-1,1,0,0,1,2,457,1,0,0,25,0,22,1,101,423,0,0,1,2,0,25,0,0,-1,-1,-1,-1,0,0,0,0,0,0,-1,0,0,-1,-1,-1,-1,0,0,0,0,0,0,-1,0,30,0,30,0,0,30,30,0,30,1,1,0,0,0,-1,608011156
1,1,-1,1,0,0,1,2,567,1,0,0,25,0,21,3,116,-1,0,0,1,2,0,25,0,0,-1,-1,-1,-1,0,0,0,0,0,0,-1,0,0,-1,-1,-1,-1,0,0,0,0,0,0,-1,0,180,0,180,0,0,180,180,90,180,1,1,0,0,0,-1,608011156
1,1,-1,1,0,1,0,0,1,1,0,0,55,0,22,1,410,313,0,1,0,0,0,55,0,0,-1,-1,-1,-1,0,0,0,0,0,0,-1,0,0,-1,-1,-1,-1,0,0,0,0,0,0,-1,0,60,0,60,0,0,60,60,0,60,1,1,0,0,0,-1,608011156
1,1,-1,1,0,1,0,0,3,1,0,0,25,0,0,-1,-1,-1,0,0,0,0,0,-1,0,22,1,1,116,410,7,0,1,0,0,0,25,0,0,-1,-1,-1,-1,0,0,0,0,0,0,-1,0,0,0,0,7,180,180,7,180,180,4,0,1,0,0,-1,608011156
1,1,-1,1,0,1,0,0,3,1,0,0,25,0,21,1,99,-1,0,1,0,0,0,25,0,0,-1,-1,-1,-1,0,0,0,0,0,0,-1,0,0,-1,-1,-1,-1,0,0,0,0,0,0,-1,0,30,0,30,0,0,30,30,1095,1095,1,1,0,0,0,-1,608011156
1,1,-1,1,0,1,0,0,3,1,0,0,25,0,22,1,101,423,0,1,0,0,0,25,0,0,-1,-1,-1,-1,0,0,0,0,0,0,-1,0,0,-1,-1,-1,-1,0,0,0,0,0,0,-1,0,60,0,60,0,0,60,60,0,60,1,1,0,0,0,-1,608011156
1,1,-1,1,0,1,0,0,3,1,0,0,25,0,22,1,118,207,0,1,0,0,0,25,0,0,-1,-1,-1,-1,0,0,0,0,0,0,-1,0,0,-1,-1,-1,-1,0,0,0,0,0,0,-1,0,30,0,30,0,0,30,30,30,60,1,1,0,0,0,-1,608011156
1,1,-1,1,0,1,0,0,3,1,0,0,25,0,22,1,314,314,0,1,0,0,0,25,0,0,-1,-1,-1,-1,0,0,0,0,0,0,-1,0,0,-1,-1,-1,-1,0,0,0,0,0,0,-1,0,30,0,30,0,0,30,30,7,30,1,1,0,0,0,-1,608011156
1,1,-1,1,0,1,0,0,3,1,0,0,25,0,22,1,335,204,0,1,0,0,0,25,0,0,-1,-1,-1,-1,0,0,0,0,0,0,-1,0,0,-1,-1,-1,-1,0,0,0,0,0,0,-1,0,180,0,180,0,0,180,180,0,180,1,1,0,0,0,-1,608011156
1,1,-1,1,0,1,0,0,3,1,0,0,25,0,22,1,336,423,0,1,0,0,0,25,0,0,-1,-1,-1,-1,0,0,0,0,0,0,-1,0,0,-1,-1,-1,-1,0,0,0,0,0,0,-1,0,30,0,30,0,0,30,30,0,30,1,1,0,0,0,-1,608011156
1,1,-1,1,0,1,0,0,3,1,0,0,55,0,21,1,410,-1,0,1,0,0,0,55,0,0,-1,-1,-1,-1,0,0,0,0,0,0,-1,0,0,-1,-1,-1,-1,0,0,0,0,0,0,-1,0,0,180,180,0,0,180,180,0,180,2,1,0,0,0,-1,608011156
1,1,-1,1,0,1,0,0,3,1,0,0,55,0,21,1,410,-1,0,1,0,0,0,55,0,21,1,2,101,-1,60,0,1,0,0,0,55,0,0,-1,-1,-1,-1,0,0,0,0,0,0,-1,0,60,0,60,30,90,180,60,7,90,5,1,1,0,0,-1,608011156
1,1,-1,1,0,1,0,0,3,1,0,0,55,0,22,1,101,99,0,1,0,0,0,55,0,21,1,2,101,-1,90,0,1,0,0,0,55,0,0,-1,-1,-1,-1,0,0,0,0,0,0,-1,0,0,90,90,30,180,365,90,7,90,6,1,1,0,0,-1,608011156
1,1,-1,1,0,1,0,0,3,1,0,0,55,0,22,1,116,423,0,1,0,0,0,55,0,0,-1,-1,-1,-1,0,0,0,0,0,0,-1,0,0,-1,-1,-1,-1,0,0,0,0,0,0,-1,0,60,0,60,0,0,60,60,0,60,1,1,0,0,0,-1,608011156
1,1,-1,1,0,1,0,0,3,1,0,0,55,0,22,3,116,410,0,1,0,0,0,55,0,21,0,3,116,-1,180,0,1,0,0,0,55,0,0,-1,-1,-1,-1,0,0,0,0,0,0,-1,0,30,0,30,180,0,180,180,30,180,5,1,0,0,0,-1,608011156
1,1,-1,1,0,1,0,0,5,1,0,0,25,0,0,-1,-1,-1,0,0,0,0,0,-1,0,21,1,1,116,-1,60,0,1,0,0,0,25,0,0,-1,-1,-1,-1,0,0,0,0,0,0,-1,0,0,0,0,60,180,180,60,60,90,4,0,1,0,0,-1,608011156
1,1,-1,1,0,1,0,0,5,1,0,0,25,0,0,-1,-1,-1,0,0,0,0,0,-1,0,21,1,3,101,-1,30,0,1,0,0,0,25,0,0,-1,-1,-1,-1,0,0,0,0,0,0,-1,0,0,0,0,30,180,180,30,7,30,4,0,1,0,0,-1,608011156
1,1,-1,1,0,1,0,0,5,1,0,0,25,0,0,-1,-1,-1,0,0,0,0,0,-1,0,22,0,3,101,207,60,0,1,0,0,0,25,0,0,-1,-1,-1,-1,0,0,0,0,0,0,-1,0,0,0,0,60,0,60,60,365,365,4,0,0,0,0,-1,608011156
1,1,-1,1,0,1,0,0,5,1,0,0,25,0,0,-1,-1,-1,0,0,0,0,0,-1,0,22,1,3,116,434,60,0,1,0,0,0,25,0,0,-1,-1,-1,-1,0,0,0,0,0,0,-1,0,0,0,0,60,30,60,60,365,365,4,0,1,0,0,-1,608011156
1,1,-1,1,0,1,0,0,5,1,0,0,25,0,22,1,336,204,0,1,0,0,0,25,0,0,-1,-1,-1,-1,0,0,0,0,0,0,-1,0,0,-1,-1,-1,-1,0,0,0,0,0,0,-1,0,30,0,30,0,0,30,30,0,30,1,1,0,0,0,-1,608011156
1,1,-1,1,0,1,0,0,5,1,0,0,25,0,22,1,336,422,0,1,0,0,0,25,0,0,-1,-1,-1,-1,0,0,0,0,0,0,-1,0,0,-1,-1,-1,-1,0,0,0,0,0,0,-1,0,30,0,30,0,0,30,30,0,30,1,1,0,0,0,-1,608011156
1,1,-1,1,0,1,0,0,5,1,0,0,55,0,0,-1,-1,-1,0,0,0,0,0,-1,0,21,0,1,116,-1,90,0,1,0,0,0,55,0,0,-1,-1,-1,-1,0,0,0,0,0,0,-1,0,0,0,0,90,0,90,90,180,180,4,0,0,0,0,-1,608011156
1,1,-1,1,0,1,0,0,5,1,0,0,55,0,0,-1,-1,-1,0,0,0,0,0,-1,0,21,1,2,116,-1,60,0,1,0,0,0,55,0,0,-1,-1,-1,-1,0,0,0,0,0,0,-1,0,0,0,0,60,180,365,60,60,90,4,0,1,0,0,-1,608011156
1,1,-1,1,0,1,0,0,5,1,0,0,55,0,21,1,335,-1,0,1,0,0,0,55,0,0,-1,-1,-1,-1,0,0,0,0,0,0,-1,0,0,-1,-1,-1,-1,0,0,0,0,0,0,-1,0,30,0,30,0,0,30,30,365,365,1,1,0,0,0,-1,608011156
1,1,-1,1,0,1,0,0,5,1,0,0,55,0,21,3,314,-1,0,1,0,0,0,55,0,0,-1,-1,-1,-1,0,0,0,0,0,0,-1,0,0,-1,-1,-1,-1,0,0,0,0,0,0,-1,0,90,0,90,0,0,90,90,0,90,1,1,0,0,0,-1,608011156
1,1,-1,1,0,1,0,0,5,1,0,0,55,0,22,1,116,206,0,1,0,0,0,55,0,0,-1,-1,-1,-1,0,0,0,0,0,0,-1,0,0,-1,-1,-1,-1,0,0,0,0,0,0,-1,0,0,30,30,0,0,30,30,60,90,2,1,0,0,0,-1,608011156
1,1,-1,1,0,1,0,0,5,1,0,0,55,0,22,1,116,431,0,1,0,0,0,55,0,0,-1,-1,-1,-1,0,0,0,0,0,0,-1,0,0,-1,-1,-1,-1,0,0,0,0,0,0,-1,0,0,180,180,0,0,180,180,365,547,2,1,0,0,0,-1,608011156
1,1,-1,1,0,1,0,0,5,1,0,0,55,0,22,1,410,99,0,1,0,0,0,55,0,0,-1,-1,-1,-1,0,0,0,0,0,0,-1,0,0,-1,-1,-1,-1,0,0,0,0,0,0,-1,0,365,0,365,0,0,365,365,30,365,1,1,0,0,0,-1,608011156
1,1,-1,1,0,1,0,0,13,1,0,0,25,0,22,1,207,410,0,1,0,0,0,25,0,0,-1,-1,-1,-1,0,0,0,0,0,0,-1,0,0,-1,-1,-1,-1,0,0,0,0,0,0,-1,0,60,0,60,0,0,60,60,0,60,1,1,0,0,0,-1,608011156
1,1,-1,1,0,1,0,0,15,1,0,0,25,0,0,-1,-1,-1,0,0,0,0,0,-1,0,22,1,3,101,312,60,0,1,0,0,0,25,0,0,-1,-1,-1,-1,0,0,0,0,0,0,-1,0,0,0,0,60,180,180,60,7,60,4,0,1,0,0,-1,608011156
1,1,-1,1,0,1,0,0,26,1,0,0,25,0,22,3,335,312,0,1,0,0,0,25,0,0,-1,-1,-1,-1,0,0,0,0,0,0,-1,0,0,-1,-1,-1,-1,0,0,0,0,0,0,-1,0,30,0,30,0,0,30,30,30,60,1,1,0,0,0,-1,608011156
1,1,-1,1,0,1,0,0,98,1,0,0,25,0,22,1,332,423,0,1,0,0,0,25,0,0,-1,-1,-1,-1,0,0,0,0,0,0,-1,0,0,-1,-1,-1,-1,0,0,0,0,0,0,-1,0,30,0,30,0,0,30,30,60,60,1,1,0,0,0,-1,608011156
1,1,-1,1,0,1,0,0,147,1,0,0,25,0,0,-1,-1,-1,0,0,0,0,0,-1,0,21,1,2,116,-1,60,0,1,0,0,0,25,0,0,-1,-1,-1,-1,0,0,0,0,0,0,-1,0,0,0,0,60,180,365,60,30,90,4,0,1,0,0,-1,608011156
1,1,-1,1,0,1,0,0,147,1,0,0,55,0,22,3,336,410,0,1,0,0,0,55,0,0,-1,-1,-1,-1,0,0,0,0,0,0,-1,0,0,-1,-1,-1,-1,0,0,0,0,0,0,-1,0,30,0,30,0,0,30,30,0,30,1,1,0,0,0,-1,608011156
1,1,-1,1,0,1,0,0,356,1,0,0,55,0,22,1,410,423,0,1,0,0,0,55,0,0,-1,-1,-1,-1,0,0,0,0,0,0,-1,0,0,-1,-1,-1,-1,0,0,0,0,0,0,-1,0,30,0,30,0,0,30,30,0,30,1,1,0,0,0,-1,608011156
1,1,-1,1,0,1,0,0,357,1,0,0,25,0,0,-1,-1,-1,0,0,0,0,0,-1,0,22,1,2,336,419,7,0,1,0,0,0,25,0,0,-1,-1,-1,-1,0,0,0,0,0,0,-1,0,0,0,0,7,30,30,7,0,7,4,0,1,0,0,-1,608011156
1,1,-1,1,0,1,0,0,357,1,0,0,55,0,21,1,421,-1,0,1,0,0,0,55,0,0,-1,-1,-1,-1,0,0,0,0,0,0,-1,0,0,-1,-1,-1,-1,0,0,0,0,0,0,-1,0,90,0,90,0,0,90,90,0,90,1,1,0,0,0,-1,608011156
1,1,-1,1,0,1,0,2,1,1,0,0,18,0,22,3,336,410,0,1,0,2,0,18,0,0,-1,-1,-1,-1,0,0,0,0,0,0,-1,0,0,-1,-1,-1,-1,0,0,0,0,0,0,-1,0,30,0,30,0,0,30,30,0,30,1,1,0,0,0,-1,608011156
1,1,-1,1,0,1,0,2,5,1,0,0,25,0,22,1,336,206,0,1,0,2,0,25,0,0,-1,-1,-1,-1,0,0,0,0,0,0,-1,0,0,-1,-1,-1,-1,0,0,0,0,0,0,-1,0,30,0,30,0,0,30,30,180,180,1,1,0,0,0,-1,608011156
1,1,-1,1,0,1,0,2,5,1,0,0,25,0,22,3,206,312,0,1,0,2,0,25,0,0,-1,-1,-1,-1,0,0,0,0,0,0,-1,0,0,-1,-1,-1,-1,0,0,0,0,0,0,-1,0,30,0,30,0,0,30,30,30,60,1,1,0,0,0,-1,608011156
1,1,-1,1,0,1,1,0,1,1,0,0,25,0,0,-1,-1,-1,0,0,0,0,0,-1,0,21,0,2,116,-1,90,0,1,1,0,0,25,0,0,-1,-1,-1,-1,0,0,0,0,0,0,-1,0,0,0,0,90,0,90,90,60,180,4,0,0,0,0,-1,608011156
1,1,-1,1,0,1,1,0,2,1,0,0,55,0,22,1,204,329,0,1,1,0,0,55,0,0,-1,-1,-1,-1,0,0,0,0,0,0,-1,0,0,-1,-1,-1,-1,0,0,0,0,0,0,-1,0,30,0,30,0,0,30,30,7,30,1,1,0,0,0,-1,608011156
1,1,-1,1,0,1,1,0,2,1,0,0,55,0,22,1,314,434,0,1,1,0,0,55,0,0,-1,-1,-1,-1,0,0,0,0,0,0,-1,0,0,-1,-1,-1,-1,0,0,0,0,0,0,-1,0,60,0,60,0,0,60,60,7,60,1,1,0,0,0,-1,608011156
1,1,-1,1,0,1,1,0,3,1,0,0,25,0,22,1,99,99,0,1,1,0,0,25,0,0,-1,-1,-1,-1,0,0,0,0,0,0,-1,0,0,-1,-1,-1,-1,0,0,0,0,0,0,-1,0,7,0,7,0,0,7,7,7,7,1,1,0,0,0,-1,608011156
1,1,-1,1,0,1,1,0,3,1,0,0,25,0,22,1,99,99,0,1,1,0,0,25,0,0,-1,-1,-1,-1,0,0,0,0,0,0,-1,0,0,-1,-1,-1,-1,0,0,0,0,0,0,-1,0,7,0,7,0,0,7,7,30,30,1,1,0,0,0,-1,608011156
1,1,-1,1,0,1,1,0,3,1,0,0,25,0,22,1,336,410,0,1,1,0,0,25,0,0,-1,-1,-1,-1,0,0,0,0,0,0,-1,0,0,-1,-1,-1,-1,0,0,0,0,0,0,-1,0,30,0,30,0,0,30,30,0,30,1,1,0,0,0,-1,608011156
1,1,-1,1,0,1,1,0,3,1,0,0,25,0,22,1,410,312,0,1,1,0,0,25,0,0,-1,-1,-1,-1,0,0,0,0,0,0,-1,0,0,-1,-1,-1,-1,0,0,0,0,0,0,-1,0,0,60,60,0,0,60,60,0,60,2,1,0,0,0,-1,608011156
1,1,-1,1,0,1,1,0,3,1,0,0,55,0,0,-1,-1,-1,0,0,0,0,0,-1,0,21,0,1,116,-1,90,0,1,1,0,0,55,0,0,-1,-1,-1,-1,0,0,0,0,0,0,-1,0,0,0,0,90,0,90,90,60,180,4,0,0,0,0,-1,608011156
1,1,-1,1,0,1,1,0,3,1,0,0,55,0,0,-1,-1,-1,0,0,0,0,0,-1,0,22,1,2,101,410,30,0,1,1,0,0,55,0,0,-1,-1,-1,-1,0,0,0,0,0,0,-1,0,0,0,0,30,180,180,30,30,30,4,0,1,0,0,-1,608011156
1,1,-1,1,0,1,1,0,3,1,0,0,55,0,0,-1,-1,-1,0,0,0,0,0,-1,0,22,1,2,116,410,7,0,1,1,0,0,55,0,0,-1,-1,-1,-1,0,0,0,0,0,0,-1,0,0,0,0,7,365,365,7,60,60,4,0,1,0,0,-1,608011156
1,1,-1,1,0,1,1,0,3,1,0,0,55,0,0,-1,-1,-1,0,0,0,0,0,-1,0,22,1,2,116,422,30,0,1,1,0,0,55,0,0,-1,-1,-1,-1,0,0,0,0,0,0,-1,0,0,0,0,30,30,60,30,30,60,4,0,1,0,0,-1,608011156
1,1,-1,1,0,1,1,0,3,1,0,0,55,0,22,1,99,423,0,1,1,0,0,55,0,0,-1,-1,-1,-1,0,0,0,0,0,0,-1,0,0,-1,-1,-1,-1,0,0,0,0,0,0,-1,0,7,90,90,0,0,90,90,30,90,3,1,0,0,0,-1,608011156
1,1,-1,1,0,1,1,0,3,1,0,0,55,0,22,1,336,312,0,1,1,0,0,55,0,0,-1,-1,-1,-1,0,0,0,0,0,0,-1,0,0,-1,-1,-1,-1,0,0,0,0,0,0,-1,0,30,0,30,0,0,30,30,7,30,1,1,0,0,0,-1,608011156
1,1,-1,1,0,1,1,0,3,1,0,0,55,0,22,1,336,312,0,1,1,0,0,55,0,0,-1,-1,-1,-1,0,0,0,0,0,0,-1,0,0,-1,-1,-1,-1,0,0,0,0,0,0,-1,0,60,0,60,0,0,60,60,7,60,1,1,0,0,0,-1,608011156
1,1,-1,1,0,1,1,0,5,1,0,0,25,0,0,-1,-1,-1,0,0,0,0,0,-1,0,21,0,1,116,-1,90,0,1,1,0,0,25,0,0,-1,-1,-1,-1,0,0,0,0,0,0,-1,0,0,0,0,90,0,90,90,60,180,4,0,0,0,0,-1,608011156
1,1,-1,1,0,1,1,0,5,1,0,0,25,0,0,-1,-1,-1,0,0,0,0,0,-1,0,21,0,2,116,-1,90,0,1,1,0,0,25,0,0,-1,-1,-1,-1,0,0,0,0,0,0,-1,0,0,0,0,90,0,90,90,60,180,4,0,0,0,0,-1,608011156
1,1,-1,1,0,1,1,0,5,1,0,0,25,0,0,-1,-1,-1,0,0,0,0,0,-1,0,21,1,2,116,-1,30,0,1,1,0,0,25,0,0,-1,-1,-1,-1,0,0,0,0,0,0,-1,0,0,0,0,30,180,365,30,30,60,4,0,1,0,0,-1,608011156
1,1,-1,1,0,1,1,0,5,1,0,0,25,0,0,-1,-1,-1,0,0,0,0,0,-1,0,21,1,2,116,-1,60,0,1,1,0,0,25,0,0,-1,-1,-1,-1,0,0,0,0,0,0,-1,0,0,0,0,60,180,180,60,60,180,4,0,1,0,0,-1,608011156
1,1,-1,1,0,1,1,0,5,1,0,0,25,0,0,-1,-1,-1,0,0,0,0,0,-1,0,21,1,2,116,-1,90,0,1,1,0,0,25,0,0,-1,-1,-1,-1,0,0,0,0,0,0,-1,0,0,0,0,90,180,365,90,30,180,4,0,1,0,0,-1,608011156
1,1,-1,1,0,1,1,0,5,1,0,0,25,0,0,-1,-1,-1,0,0,0,0,0,-1,0,21,1,2,207,-1,60,0,1,1,0,0,25,0,0,-1,-1,-1,-1,0,0,0,0,0,0,-1,0,0,0,0,60,180,180,60,180,180,4,0,1,0,0,-1,608011156
1,1,-1,1,0,1,1,0,5,1,0,0,25,0,21,1,99,-1,0,1,1,0,0,25,0,0,-1,-1,-1,-1,0,0,0,0,0,0,-1,0,0,-1,-1,-1,-1,0,0,0,0,0,0,-1,0,30,0,30,0,0,30,30,7,60,1,1,0,0,0,-1,608011156
1,1,-1,1,0,1,1,0,5,1,0,0,25,0,22,1,101,423,0,1,1,0,0,25,0,0,-1,-1,-1,-1,0,0,0,0,0,0,-1,0,0,-1,-1,-1,-1,0,0,0,0,0,0,-1,0,30,0,30,0,0,30,30,0,30,1,1,0,0,0,-1,608011156
1,1,-1,1,0,1,1,0,5,1,0,0,25,0,22,1,116,205,0,1,1,0,0,25,0,0,-1,-1,-1,-1,0,0,0,0,0,0,-1,0,0,-1,-1,-1,-1,0,0,0,0,0,0,-1,0,60,0,60,0,0,60,60,7,60,1,1,0,0,0,-1,608011156
1,1,-1,1,0,1,1,0,5,1,0,0,25,0,22,1,116,422,0,1,1,0,0,25,0,0,-1,-1,-1,-1,0,0,0,0,0,0,-1,0,0,-1,-1,-1,-1,0,0,0,0,0,0,-1,0,90,0,90,0,0,90,90,7,90,1,1,0,0,0,-1,608011156
1,1,-1,1,0,1,1,0,5,1,0,0,25,0,22,1,336,302,0,1,1,0,0,25,0,0,-1,-1,-1,-1,0,0,0,0,0,0,-1,0,0,-1,-1,-1,-1,0,0,0,0,0,0,-1,0,0,60,60,0,0,60,60,0,60,2,1,0,0,0,-1,608011156
1,1,-1,1,0,1,1,0,5,1,0,0,25,0,22,1,410,428,0,1,1,0,0,25,0,0,-1,-1,-1,-1,0,0,0,0,0,0,-1,0,0,-1,-1,-1,-1,0,0,0,0,0,0,-1,0,0,180,180,0,0,180,180,0,180,2,1,0,0,0,-1,608011156
1,1,-1,1,0,1,1,0,5,1,0,0,55,0,0,-1,-1,-1,0,0,0,0,0,-1,0,21,0,2,101,-1,180,0,1,1,0,0,55,0,0,-1,-1,-1,-1,0,0,0,0,0,0,-1,0,0,0,0,180,0,180,180,60,180,4,0,0,0,0,-1,608011156
1,1,-1,1,0,1,1,0,5,1,0,0,55,0,0,-1,-1,-1,0,0,0,0,0,-1,0,21,0,2,116,-1,180,0,1,1,0,0,55,0,0,-1,-1,-1,-1,0,0,0,0,0,0,-1,0,0,0,0,180,0,180,180,180,365,4,0,0,0,0,-1,608011156
1,1,-1,1,0,1,1,0,5,1,0,0,55,0,0,-1,-1,-1,0,0,0,0,0,-1,0,21,0,2,207,-1,180,0,1,1,0,0,55,0,0,-1,-1,-1,-1,0,0,0,0,0,0,-1,0,0,0,0,180,0,180,180,30,180,4,0,0,0,0,-1,608011156
1,1,-1,1,0,1,1,0,5,1,0,0,55,0,0,-1,-1,-1,0,0,0,0,0,-1,0,21,0,3,116,-1,90,0,1,1,0,0,55,0,0,-1,-1,-1,-1,0,0,0,0,0,0,-1,0,0,0,0,90,0,90,90,180,365,4,0,0,0,0,-1,608011156
1,1,-1,1,0,1,1,0,5,1,0,0,55,0,0,-1,-1,-1,0,0,0,0,0,-1,0,21,1,2,101,-1,365,0,1,1,0,0,55,0,0,-1,-1,-1,-1,0,0,0,0,0,0,-1,0,0,0,0,365,180,365,365,60,365,4,0,1,0,0,-1,608011156
1,1,-1,1,0,1,1,0,5,1,0,0,55,0,0,-1,-1,-1,0,0,0,0,0,-1,0,21,1,3,116,-1,90,0,1,1,0,0,55,0,0,-1,-1,-1,-1,0,0,0,0,0,0,-1,0,0,0,0,90,365,365,90,180,180,4,0,1,0,0,-1,608011156
1,1,-1,1,0,1,1,0,5,1,0,0,55,0,0,-1,-1,-1,0,0,0,0,0,-1,0,22,1,1,101,410,60,0,1,1,0,0,55,0,0,-1,-1,-1,-1,0,0,0,0,0,0,-1,0,0,0,0,60,30,60,60,60,90,4,0,1,0,0,-1,608011156
1,1,-1,1,0,1,1,0,5,1,0,0,55,0,0,-1,-1,-1,0,0,0,0,0,-1,0,22,1,2,101,410,60,0,1,1,0,0,55,0,0,-1,-1,-1,-1,0,0,0,0,0,0,-1,0,0,0,0,60,90,180,60,90,180,4,0,1,0,0,-1,608011156
1,1,-1,1,0,1,1,0,5,1,0,0,55,0,0,-1,-1,-1,0,0,0,0,0,-1,0,22,1,2,101,422,30,0,1,1,0,0,55,0,0,-1,-1,-1,-1,0,0,0,0,0,0,-1,0,0,0,0,30,30,30,30,180,180,4,0,1,0,0,-1,608011156
1,1,-1,1,0,1,1,0,5,1,0,0,55,0,0,-1,-1,-1,0,0,0,0,0,-1,0,22,1,3,335,434,0,0,1,1,0,0,55,0,0,-1,-1,-1,-1,0,0,0,0,0,0,-1,0,0,0,0,0,60,60,0,0,0,4,0,1,0,0,-1,608011156
1,1,-1,1,0,1,1,0,5,1,0,0,55,0,21,1,116,-1,0,1,1,0,0,55,0,0,-1,-1,-1,-1,0,0,0,0,0,0,-1,0,0,-1,-1,-1,-1,0,0,0,0,0,0,-1,0,180,0,180,0,0,180,180,7,180,1,1,0,0,0,-1,608011156
1,1,-1,1,0,1,1,0,5,1,0,0,55,0,21,1,206,-1,0,1,1,0,0,55,0,0,-1,-1,-1,-1,0,0,0,0,0,0,-1,0,0,-1,-1,-1,-1,0,0,0,0,0,0,-1,0,180,0,180,0,0,180,180,7,180,1,1,0,0,0,-1,608011156
1,1,-1,1,0,1,1,0,5,1,0,0,55,0,21,3,434,-1,0,1,1,0,0,55,0,0,-1,-1,-1,-1,0,0,0,0,0,0,-1,0,0,-1,-1,-1,-1,0,0,0,0,0,0,-1,0,90,0,90,0,0,90,90,0,90,1,1,0,0,0,-1,608011156
1,1,-1,1,0,1,1,0,5,1,0,0,55,0,22,1,99,99,0,1,1,0,0,55,0,0,-1,-1,-1,-1,0,0,0,0,0,0,-1,0,0,-1,-1,-1,-1,0,0,0,0,0,0,-1,0,7,0,7,0,0,7,7,30,30,1,1,0,0,0,-1,608011156
1,1,-1,1,0,1,1,0,5,1,0,0,55,0,22,1,205,98,0,1,1,0,0,55,0,0,-1,-1,-1,-1,0,0,0,0,0,0,-1,0,0,-1,-1,-1,-1,0,0,0,0,0,0,-1,0,30,0,30,0,0,30,30,30,30,1,1,0,0,0,-1,608011156
1,1,-1,1,0,1,1,0,5,1,0,0,55,0,22,1,206,410,0,1,1,0,0,55,0,0,-1,-1,-1,-1,0,0,0,0,0,0,-1,0,0,-1,-1,-1,-1,0,0,0,0,0,0,-1,0,30,0,30,0,0,30,30,0,30,1,1,0,0,0,-1,608011156
1,1,-1,1,0,1,1,0,5,1,0,0,55,0,22,1,336,207,0,1,1,0,0,55,0,0,-1,-1,-1,-1,0,0,0,0,0,0,-1,0,0,-1,-1,-1,-1,0,0,0,0,0,0,-1,0,180,0,180,0,0,180,180,0,180,1,1,0,0,0,-1,608011156
1,1,-1,1,0,1,1,0,5,1,0,0,55,0,22,1,336,410,0,1,1,0,0,55,0,0,-1,-1,-1,-1,0,0,0,0,0,0,-1,0,0,-1,-1,-1,-1,0,0,0,0,0,0,-1,0,90,0,90,0,0,90,90,365,365,1,1,0,0,0,-1,608011156
1,1,-1,1,0,1,1,0,5,1,0,0,55,0,22,3,101,98,0,1,1,0,0,55,0,0,-1,-1,-1,-1,0,0,0,0,0,0,-1,0,0,-1,-1,-1,-1,0,0,0,0,0,0,-1,0,30,0,30,0,0,30,30,180,180,1,1,0,0,0,-1,608011156
1,1,-1,1,0,1,1,0,5,1,0,0,55,0,22,3,116,313,0,1,1,0,0,55,0,0,-1,-1,-1,-1,0,0,0,0,0,0,-1,0,0,-1,-1,-1,-1,0,0,0,0,0,0,-1,0,30,0,30,0,0,30,30,7,30,1,1,0,0,0,-1,608011156
1,1,-1,1,0,1,1,0,5,2,0,0,25,0,0,-1,-1,-1,0,0,0,0,0,-1,0,21,1,2,116,-1,60,0,1,1,0,0,25,0,0,-1,-1,-1,-1,0,0,0,0,0,0,-1,0,0,0,0,60,365,365,60,60,180,4,0,1,0,0,-1,608011156
1,1,-1,1,0,1,1,0,5,2,0,0,25,1,0,-1,-1,-1,0,0,0,0,0,-1,0,0,-1,-1,-1,-1,0,0,0,0,0,0,-1,0,21,0,1,411,-1,0,0,1,1,0,0,25,1,0,0,0,365,0,365,365,0,365,8,0,0,0,0,-1,608011156
1,1,-1,1,0,1,1,0,5,2,0,0,25,1,0,-1,-1,-1,0,0,0,0,0,-1,0,22,1,2,101,434,60,0,1,1,0,0,25,1,0,-1,-1,-1,-1,0,0,0,0,0,0,-1,0,0,0,0,60,90,180,60,30,60,4,0,1,0,0,-1,608011156
1,1,-1,1,0,1,1,0,6,1,0,0,55,0,22,1,314,423,0,1,1,0,0,55,0,0,-1,-1,-1,-1,0,0,0,0,0,0,-1,0,0,-1,-1,-1,-1,0,0,0,0,0,0,-1,0,30,0,30,0,0,30,30,0,30,1,1,0,0,0,-1,608011156
1,1,-1,1,0,1,1,0,7,1,0,0,55,0,22,1,335,410,0,1,1,0,0,55,0,0,-1,-1,-1,-1,0,0,0,0,0,0,-1,0,0,-1,-1,-1,-1,0,0,0,0,0,0,-1,0,60,0,60,0,0,60,60,0,60,1,1,0,0,0,-1,608011156
1,1,-1,1,0,1,1,0,15,1,0,0,55,0,0,-1,-1,-1,0,0,0,0,0,-1,0,22,1,1,335,434,60,0,1,1,0,0,55,0,0,-1,-1,-1,-1,0,0,0,0,0,0,-1,0,0,0,0,60,30,90,60,0,60,4,0,1,0,0,-1,608011156
1,1,-1,1,0,1,1,0,23,1,0,0,25,0,0,-1,-1,-1,0,0,0,0,0,-1,0,22,0,2,116,99,90,0,1,1,0,0,25,0,0,-1,-1,-1,-1,0,0,0,0,0,0,-1,0,0,0,0,90,0,90,90,7,90,4,0,0,0,0,-1,608011156
1,1,-1,1,0,1,1,0,25,1,0,0,55,0,22,3,335,423,0,1,1,0,0,55,0,0,-1,-1,-1,-1,0,0,0,0,0,0,-1,0,0,-1,-1,-1,-1,0,0,0,0,0,0,-1,0,30,0,30,0,0,30,30,1095,1095,1,1,0,0,0,-1,608011156
1,1,-1,1,0,1,1,0,26,1,0,0,55,0,21,1,410,-1,0,1,1,0,0,55,0,0,-1,-1,-1,-1,0,0,0,0,0,0,-1,0,0,-1,-1,-1,-1,0,0,0,0,0,0,-1,0,90,0,90,0,0,90,90,7,90,1,1,0,0,0,-1,608011156
1,1,-1,1,0,1,1,0,27,1,0,0,55,0,0,-1,-1,-1,0,0,0,0,0,-1,0,22,0,1,101,314,60,0,1,1,0,0,55,0,22,0,1,101,101,0,0,1,1,0,0,55,0,0,0,0,180,0,180,180,180,365,11,0,0,0,0,-1,608011156
1,1,-1,1,0,1,1,0,36,1,0,0,25,0,22,1,116,99,0,1,1,0,0,25,0,0,-1,-1,-1,-1,0,0,0,0,0,0,-1,0,0,-1,-1,-1,-1,0,0,0,0,0,0,-1,0,30,0,30,0,0,30,30,0,30,1,1,0,0,0,-1,608011156
1,1,-1,1,0,1,1,0,45,1,0,0,25,0,22,1,99,99,0,1,1,0,0,25,0,0,-1,-1,-1,-1,0,0,0,0,0,0,-1,0,0,-1,-1,-1,-1,0,0,0,0,0,0,-1,0,7,0,7,0,0,7,7,1094,1094,1,1,0,0,0,-1,608011156
1,1,-1,1,0,1,1,0,45,1,0,0,55,0,22,1,335,312,0,1,1,0,0,55,0,0,-1,-1,-1,-1,0,0,0,0,0,0,-1,0,0,-1,-1,-1,-1,0,0,0,0,0,0,-1,0,60,0,60,0,0,60,60,0,60,1,1,0,0,0,-1,608011156
1,1,-1,1,0,1,1,0,56,1,0,0,25,0,0,-1,-1,-1,0,0,0,0,0,-1,0,21,1,1,336,-1,7,0,1,1,0,0,25,0,0,-1,-1,-1,-1,0,0,0,0,0,0,-1,0,0,0,0,7,365,365,7,0,7,4,0,1,0,0,-1,608011156
1,1,-1,1,0,1,1,0,57,1,0,0,25,0,21,1,116,-1,0,1,1,0,0,25,0,0,-1,-1,-1,-1,0,0,0,0,0,0,-1,0,0,-1,-1,-1,-1,0,0,0,0,0,0,-1,0,0,180,180,0,0,180,180,60,180,2,1,0,0,0,-1,608011156
1,1,-1,1,0,1,1,0,123,1,0,0,55,0,0,-1,-1,-1,0,0,0,0,0,-1,0,21,0,2,116,-1,365,0,1,1,0,0,55,0,0,-1,-1,-1,-1,0,0,0,0,0,0,-1,0,0,0,0,365,0,365,365,30,365,4,0,0,0,0,-1,608011156
1,1,-1,1,0,1,1,0,135,1,0,0,25,0,21,1,336,-1,0,1,1,0,0,25,0,0,-1,-1,-1,-1,0,0,0,0,0,0,-1,0,0,-1,-1,-1,-1,0,0,0,0,0,0,-1,0,90,0,90,0,0,90,90,7,90,1,1,0,0,0,-1,608011156
1,1,-1,1,0,1,1,0,157,1,0,0,55,0,0,-1,-1,-1,0,0,0,0,0,-1,0,22,1,2,101,410,60,0,1,1,0,0,55,0,0,-1,-1,-1,-1,0,0,0,0,0,0,-1,0,0,0,0,60,180,365,60,60,180,4,0,1,0,0,-1,608011156
1,1,-1,1,0,1,1,0,235,1,0,0,25,0,22,3,116,312,0,1,1,0,0,25,0,0,-1,-1,-1,-1,0,0,0,0,0,0,-1,0,0,-1,-1,-1,-1,0,0,0,0,0,0,-1,0,30,0,30,0,0,30,30,180,180,1,1,0,0,0,-1,608011156
1,1,-1,1,0,1,1,0,245,1,0,0,55,0,22,1,116,440,0,1,1,0,0,55,0,0,-1,-1,-1,-1,0,0,0,0,0,0,-1,0,0,-1,-1,-1,-1,0,0,0,0,0,0,-1,0,30,0,30,0,0,30,30,90,180,1,1,0,0,0,-1,608011156
1,1,-1,1,0,1,1,0,367,1,0,0,55,0,22,1,116,225,0,1,1,0,0,55,0,0,-1,-1,-1,-1,0,0,0,0,0,0,-1,0,0,-1,-1,-1,-1,0,0,0,0,0,0,-1,0,60,0,60,0,0,60,60,30,60,1,1,0,0,0,-1,608011156
1,1,-1,1,0,1,1,0,456,1,0,0,55,0,0,-1,-1,-1,0,0,0,0,0,-1,0,21,0,1,101,-1,180,0,1,1,0,0,55,0,0,-1,-1,-1,-1,0,0,0,0,0,0,-1,0,0,0,0,180,0,180,180,30,365,4,0,0,0,0,-1,608011156
1,1,-1,1,0,1,1,1,5,1,0,0,25,0,0,-1,-1,-1,0,0,0,0,0,-1,0,22,1,2,101,410,7,0,1,1,1,0,25,0,0,-1,-1,-1,-1,0,0,0,0,0,0,-1,0,0,0,0,7,30,30,7,60,60,4,0,1,0,0,-1,608011156
1,1,-1,1,0,1,1,1,5,1,0,0,25,0,22,1,335,99,0,1,1,1,0,25,0,0,-1,-1,-1,-1,0,0,0,0,0,0,-1,0,0,-1,-1,-1,-1,0,0,0,0,0,0,-1,0,60,0,60,0,0,60,60,30,60,1,1,0,0,0,-1,608011156
1,1,-1,1,0,1,1,1,5,1,0,0,25,0,22,1,336,98,0,1,1,1,0,25,0,0,-1,-1,-1,-1,0,0,0,0,0,0,-1,0,0,-1,-1,-1,-1,0,0,0,0,0,0,-1,0,30,0,30,0,0,30,30,7,30,1,1,0,0,0,-1,608011156
1,1,-1,1,0,1,1,1,5,1,0,0,55,0,0,-1,-1,-1,0,0,0,0,0,-1,0,21,0,2,118,-1,180,0,1,1,1,0,55,0,0,-1,-1,-1,-1,0,0,0,0,0,0,-1,0,0,0,0,180,0,180,180,30,180,4,0,0,0,0,-1,608011156
1,1,-1,1,0,1,1,2,3,1,0,0,25,0,22,1,336,313,0,1,1,2,0,25,0,0,-1,-1,-1,-1,0,0,0,0,0,0,-1,0,0,-1,-1,-1,-1,0,0,0,0,0,0,-1,0,60,0,60,0,0,60,60,7,60,1,1,0,0,0,-1,608011156
1,1,-1,1,0,1,1,2,3,1,0,0,55,0,22,3,101,302,0,1,1,2,0,55,0,0,-1,-1,-1,-1,0,0,0,0,0,0,-1,0,0,-1,-1,-1,-1,0,0,0,0,0,0,-1,0,30,0,30,0,0,30,30,60,90,1,1,0,0,0,-1,608011156
1,1,-1,1,0,1,1,2,5,1,0,0,25,0,22,1,206,423,0,1,1,2,0,25,0,0,-1,-1,-1,-1,0,0,0,0,0,0,-1,0,0,-1,-1,-1,-1,0,0,0,0,0,0,-1,0,60,0,60,0,0,60,60,0,60,1,1,0,0,0,-1,608011156
1,1,-1,1,0,1,1,2,5,1,0,0,55,0,0,-1,-1,-1,0,0,0,0,0,-1,0,21,0,1,314,-1,90,0,1,1,2,0,55,0,0,-1,-1,-1,-1,0,0,0,0,0,0,-1,0,0,0,0,90,0,90,90,0,90,4,0,0,0,0,-1,608011156
1,1,-1,1,0,1,1,2,5,1,0,0,55,0,22,1,116,101,0,1,1,2,0,55,0,0,-1,-1,-1,-1,0,0,0,0,0,0,-1,0,0,-1,-1,-1,-1,0,0,0,0,0,0,-1,0,30,0,30,0,0,30,30,30,60,1,1,0,0,0,-1,608011156
1,1,-1,1,0,1,1,2,5,1,0,0,55,0,22,1,206,423,0,1,1,2,0,55,0,22,0,2,101,206,90,0,1,1,2,0,55,0,0,-1,-1,-1,-1,0,0,0,0,0,0,-1,0,90,90,180,30,0,180,180,365,365,7,1,0,0,0,-1,608011156
1,1,-1,1,0,1,1,2,5,1,0,0,55,0,22,1,329,329,0,1,1,2,0,55,0,0,-1,-1,-1,-1,0,0,0,0,0,0,-1,0,0,-1,-1,-1,-1,0,0,0,0,0,0,-1,0,0,60,60,0,0,60,60,0,60,2,1,0,0,0,-1,608011156
1,1,-1,1,0,1,1,2,5,1,0,0,55,0,22,1,335,422,0,1,1,2,0,55,0,0,-1,-1,-1,-1,0,0,0,0,0,0,-1,0,0,-1,-1,-1,-1,0,0,0,0,0,0,-1,0,60,0,60,0,0,60,60,0,60,1,1,0,0,0,-1,608011156
1,1,-1,1,0,1,1,2,5,1,0,0,55,0,22,3,419,206,0,1,1,2,0,55,0,0,-1,-1,-1,-1,0,0,0,0,0,0,-1,0,0,-1,-1,-1,-1,0,0,0,0,0,0,-1,0,30,0,30,0,0,30,30,0,30,1,1,0,0,0,-1,608011156
1,1,-1,1,0,1,1,2,46,1,0,0,55,0,22,1,225,99,0,1,1,2,0,55,0,0,-1,-1,-1,-1,0,0,0,0,0,0,-1,0,0,-1,-1,-1,-1,0,0,0,0,0,0,-1,0,7,0,7,0,0,7,7,1095,1095,1,1,0,0,0,-1,608011156
1,1,-1,1,0,1,1,2,56,1,0,0,25,0,0,-1,-1,-1,0,0,0,0,0,-1,0,0,-1,-1,-1,-1,0,0,0,0,0,0,-1,0,22,0,1,335,410,0,0,1,1,2,0,25,0,0,0,0,90,0,90,90,0,90,8,0,0,0,0,-1,608011156
1,1,-1,1,0,1,1,2,56,1,0,0,25,0,0,-1,-1,-1,0,0,0,0,0,-1,0,21,1,2,116,-1,30,0,1,1,2,0,25,0,0,-1,-1,-1,-1,0,0,0,0,0,0,-1,0,0,0,0,30,180,180,30,60,90,4,0,1,0,0,-1,608011156
1,1,-1,1,0,1,1,2,257,2,0,0,25,0,0,-1,-1,-1,0,0,0,0,0,-1,0,22,1,2,101,410,30,0,1,1,2,0,25,0,0,-1,-1,-1,-1,0,0,0,0,0,0,-1,0,0,0,0,30,365,365,30,30,30,4,0,1,0,0,-1,608011156
1,1,-1,1,0,1,1,2,357,1,0,0,25,0,21,1,335,-1,0,1,1,2,0,25,0,0,-1,-1,-1,-1,0,0,0,0,0,0,-1,0,0,-1,-1,-1,-1,0,0,0,0,0,0,-1,0,180,0,180,0,0,180,180,0,180,1,1,0,0,0,-1,608011156
1,1,-1,1,1,0,1,0,1,1,0,0,25,0,22,1,116,423,1,0,1,0,0,25,0,0,-1,-1,-1,-1,0,0,0,0,0,0,-1,0,0,-1,-1,-1,-1,0,0,0,0,0,0,-1,0,60,0,60,0,0,60,60,547,547,1,1,0,0,0,-1,608011156
1,1,-1,1,1,0,1,0,1,1,0,0,25,0,22,1,204,116,1,0,1,0,0,25,0,0,-1,-1,-1,-1,0,0,0,0,0,0,-1,0,0,-1,-1,-1,-1,0,0,0,0,0,0,-1,0,30,0,30,0,0,30,30,1095,1095,1,1,0,0,0,-1,608011156
2,1,-1,1,1,0,1,0,3,1,0,0,25,0,0,-1,-1,-1,0,0,0,0,0,-1,0,0,-1,-1,-1,-1,0,0,0,0,0,0,-1,0,21,1,2,116,-1,6,1,0,1,0,0,25,0,0,0,0,7,0,7,7,1095,1095,8,0,0,1,0,-1,608011156
1,1,-1,1,1,0,1,0,3,1,0,0,25,0,0,-1,-1,-1,0,0,0,0,0,-1,0,21,0,1,116,-1,180,1,0,1,0,0,25,0,0,-1,-1,-1,-1,0,0,0,0,0,0,-1,0,0,0,0,180,0,180,180,180,365,4,0,0,0,0,-1,608011156
1,1,-1,1,1,0,1,0,3,1,0,0,25,0,0,-1,-1,-1,0,0,0,0,0,-1,0,21,1,1,101,-1,30,1,0,1,0,0,25,0,0,-1,-1,-1,-1,0,0,0,0,0,0,-1,0,0,0,0,30,365,365,30,730,730,4,0,1,0,0,-1,608011156
1,1,-1,1,1,0,1,0,3,1,0,0,25,0,0,-1,-1,-1,0,0,0,0,0,-1,0,21,1,1,101,-1,60,1,0,1,0,0,25,0,0,-1,-1,-1,-1,0,0,0,0,0,0,-1,0,0,0,0,60,365,365,60,180,180,4,0,1,0,0,-1,608011156
1,1,-1,1,1,0,1,0,3,1,0,0,25,0,21,1,101,-1,1,0,1,0,0,25,0,0,-1,-1,-1,-1,0,0,0,0,0,0,-1,0,0,-1,-1,-1,-1,0,0,0,0,0,0,-1,0,90,0,90,0,0,90,90,0,90,1,1,0,0,0,-1,608011156
1,1,-1,1,1,0,1,0,3,1,0,0,25,0,21,1,116,-1,1,0,1,0,0,25,0,0,-1,-1,-1,-1,0,0,0,0,0,0,-1,0,0,-1,-1,-1,-1,0,0,0,0,0,0,-1,0,180,0,180,0,0,180,180,30,180,1,1,0,0,0,-1,608011156
1,1,-1,1,1,0,1,0,3,1,0,0,25,0,21,3,116,-1,1,0,1,0,0,25,0,0,-1,-1,-1,-1,0,0,0,0,0,0,-1,0,0,-1,-1,-1,-1,0,0,0,0,0,0,-1,0,180,0,180,0,0,180,180,1095,1095,1,1,0,0,0,-1,608011156
1,1,-1,1,1,0,1,0,3,1,0,0,25,0,22,1,101,99,1,0,1,0,0,25,0,0,-1,-1,-1,-1,0,0,0,0,0,0,-1,0,0,-1,-1,-1,-1,0,0,0,0,0,0,-1,0,60,0,60,0,0,60,60,1095,1095,1,1,0,0,0,-1,608011156
1,1,-1,1,1,0,1,0,3,1,0,0,25,0,22,1,101,116,1,0,1,0,0,25,0,22,0,1,101,99,365,1,0,1,0,0,25,0,0,-1,-1,-1,-1,0,0,0,0,0,0,-1,0,180,0,180,180,0,365,365,60,365,5,1,0,0,0,-1,608011156
1,1,-1,1,1,0,1,0,3,1,0,0,25,0,22,1,101,313,1,0,1,0,0,25,0,0,-1,-1,-1,-1,0,0,0,0,0,0,-1,0,0,-1,-1,-1,-1,0,0,0,0,0,0,-1,0,60,0,60,0,0,60,60,90,180,1,1,0,0,0,-1,608011156
1,1,-1,1,1,0,1,0,3,1,0,0,25,0,22,1,101,423,1,0,1,0,0,25,0,21,0,1,116,-1,180,1,0,1,0,0,25,0,0,-1,-1,-1,-1,0,0,0,0,0,0,-1,0,60,0,60,90,0,180,180,547,547,5,1,0,0,0,-1,608011156
1,1,-1,1,1,0,1,0,3,1,0,0,25,0,22,1,116,99,1,0,1,0,0,25,0,0,-1,-1,-1,-1,0,0,0,0,0,0,-1,0,0,-1,-1,-1,-1,0,0,0,0,0,0,-1,0,30,0,30,0,0,30,30,7,30,1,1,0,0,0,-1,608011156
1,1,-1,1,1,0,1,0,3,1,0,0,25,0,22,1,116,99,1,0,1,0,0,25,0,0,-1,-1,-1,-1,0,0,0,0,0,0,-1,0,0,-1,-1,-1,-1,0,0,0,0,0,0,-1,0,30,0,30,0,0,30,30,30,30,1,1,0,0,0,-1,608011156
1,1,-1,1,1,0,1,0,3,1,0,0,25,0,22,1,116,99,1,0,1,0,0,25,0,22,1,1,116,433,180,1,0,1,0,0,25,0,21,1,2,116,-1,6,1,0,1,0,0,25,0,90,0,90,180,0,180,180,547,730,10,1,1,1,0,-1,608011156
1,1,-1,1,1,0,1,0,3,1,0,0,25,0,22,1,116,101,1,0,1,0,0,25,0,0,-1,-1,-1,-1,0,0,0,0,0,0,-1,0,0,-1,-1,-1,-1,0,0,0,0,0,0,-1,0,30,0,30,0,0,30,30,730,730,1,1,0,0,0,-1,608011156
1,1,-1,1,1,0,1,0,3,1,0,0,25,0,22,1,204,99,1,0,1,0,0,25,0,0,-1,-1,-1,-1,0,0,0,0,0,0,-1,0,0,-1,-1,-1,-1,0,0,0,0,0,0,-1,0,60,0,60,0,0,60,60,7,60,1,1,0,0,0,-1,608011156
1,1,-1,1,1,0,1,0,3,1,0,0,25,0,22,1,206,99,1,0,1,0,0,25,0,0,-1,-1,-1,-1,0,0,0,0,0,0,-1,0,0,-1,-1,-1,-1,0,0,0,0,0,0,-1,0,30,0,30,0,0,30,30,60,60,1,1,0,0,0,-1,608011156
1,1,-1,1,1,0,1,0,3,1,0,0,55,0,0,-1,-1,-1,0,0,0,0,0,-1,0,22,1,1,116,410,7,1,0,1,0,0,55,0,0,-1,-1,-1,-1,0,0,0,0,0,0,-1,0,0,0,0,7,180,180,7,547,547,4,0,1,0,0,-1,608011156
1,1,-1,1,1,0,1,0,3,1,0,0,55,0,22,1,99,99,1,0,1,0,0,55,0,0,-1,-1,-1,-1,0,0,0,0,0,0,-1,0,0,-1,-1,-1,-1,0,0,0,0,0,0,-1,0,7,0,7,0,0,7,7,547,547,1,1,0,0,0,-1,608011156
1,1,-1,1,1,0,1,0,3,1,0,0,55,0,22,1,99,99,1,0,1,0,0,55,0,21,1,1,101,-1,30,1,0,1,0,0,55,0,0,-1,-1,-1,-1,0,0,0,0,0,0,-1,0,7,0,7,30,365,365,30,547,547,5,1,1,0,0,-1,608011156
1,1,-1,1,1,0,1,0,3,1,0,0,55,0,22,1,101,99,1,0,1,0,0,55,0,0,-1,-1,-1,-1,0,0,0,0,0,0,-1,0,0,-1,-1,-1,-1,0,0,0,0,0,0,-1,0,30,0,30,0,0,30,30,7,30,1,1,0,0,0,-1,608011156
1,1,-1,1,1,0,1,0,3,1,0,0,55,0,22,1,101,422,1,0,1,0,0,55,0,0,-1,-1,-1,-1,0,0,0,0,0,0,-1,0,0,-1,-1,-1,-1,0,0,0,0,0,0,-1,0,180,0,180,0,0,180,180,0,180,1,1,0,0,0,-1,608011156
1,1,-1,1,1,0,1,0,3,1,0,0,55,0,22,1,116,312,1,0,1,0,0,55,0,0,-1,-1,-1,-1,0,0,0,0,0,0,-1,0,0,-1,-1,-1,-1,0,0,0,0,0,0,-1,0,0,30,30,0,0,30,30,730,730,2,1,0,0,0,-1,608011156
1,1,-1,1,1,0,1,0,3,1,0,0,55,0,22,1,116,423,1,0,1,0,0,55,0,0,-1,-1,-1,-1,0,0,0,0,0,0,-1,0,0,-1,-1,-1,-1,0,0,0,0,0,0,-1,0,60,0,60,0,0,60,60,0,60,1,1,0,0,0,-1,608011156
1,1,-1,1,1,0,1,0,3,1,0,0,55,0,22,1,336,313,1,0,1,0,0,55,0,21,1,2,116,-1,30,1,0,1,0,0,55,0,0,-1,-1,-1,-1,0,0,0,0,0,0,-1,0,30,0,30,30,90,180,30,547,547,5,1,1,0,0,-1,608011156
1,1,-1,1,1,0,1,0,3,1,0,0,55,0,22,3,204,313,1,0,1,0,0,55,0,0,-1,-1,-1,-1,0,0,0,0,0,0,-1,0,0,-1,-1,-1,-1,0,0,0,0,0,0,-1,0,90,0,90,0,0,90,90,0,90,1,1,0,0,0,-1,608011156
1,1,-1,1,1,0,1,0,3,2,0,0,25,0,21,1,335,-1,1,0,1,0,0,25,0,0,-1,-1,-1,-1,0,0,0,0,0,0,-1,0,0,-1,-1,-1,-1,0,0,0,0,0,0,-1,0,180,0,180,0,0,180,180,30,180,1,1,0,0,0,-1,608011156
1,1,-1,1,1,0,1,0,5,1,0,0,18,0,21,3,101,-1,1,0,1,0,0,18,0,0,-1,-1,-1,-1,0,0,0,0,0,0,-1,0,0,-1,-1,-1,-1,0,0,0,0,0,0,-1,0,90,0,90,0,0,90,90,0,90,1,1,0,0,0,-1,608011156
1,1,-1,1,1,0,1,0,5,1,0,0,18,0,22,1,116,313,1,0,1,0,0,18,0,0,-1,-1,-1,-1,0,0,0,0,0,0,-1,0,0,-1,-1,-1,-1,0,0,0,0,0,0,-1,0,30,0,30,0,0,30,30,1095,1095,1,1,0,0,0,-1,608011156
1,1,-1,1,1,0,1,0,5,1,0,0,18,0,22,3,101,410,1,0,1,0,0,18,0,0,-1,-1,-1,-1,0,0,0,0,0,0,-1,0,0,-1,-1,-1,-1,0,0,0,0,0,0,-1,0,60,0,60,0,0,60,60,30,60,1,1,0,0,0,-1,608011156
1,1,-1,1,1,0,1,0,5,1,0,0,24,0,0,-1,-1,-1,0,0,0,0,0,-1,0,22,0,3,116,313,60,1,0,1,0,0,24,0,0,-1,-1,-1,-1,0,0,0,0,0,0,-1,0,0,0,0,60,0,60,60,365,365,4,0,0,0,0,-1,608011156
1,1,-1,1,1,0,1,0,5,1,0,0,24,0,22,1,116,206,1,0,1,0,0,24,0,0,-1,-1,-1,-1,0,0,0,0,0,0,-1,0,0,-1,-1,-1,-1,0,0,0,0,0,0,-1,0,30,0,30,0,0,30,30,7,30,1,1,0,0,0,-1,608011156
1,1,-1,1,1,0,1,0,5,1,0,0,24,0,22,3,116,116,1,0,1,0,0,24,0,0,-1,-1,-1,-1,0,0,0,0,0,0,-1,0,0,-1,-1,-1,-1,0,0,0,0,0,0,-1,0,30,0,30,0,0,30,30,1095,1095,1,1,0,0,0,-1,608011156
1,1,-1,1,1,0,1,0,5,1,0,0,25,0,0,-1,-1,-1,0,0,0,0,0,-1,0,0,-1,-1,-1,-1,0,0,0,0,0,0,-1,0,21,1,1,101,-1,12,1,0,1,0,0,25,0,0,0,0,0,0,0,0,1095,1095,8,0,0,1,0,-1,608011156
1,1,-1,1,1,0,1,0,5,1,0,0,25,0,0,-1,-1,-1,0,0,0,0,0,-1,0,0,-1,-1,-1,-1,0,0,0,0,0,0,-1,0,21,1,2,116,-1,6,1,0,1,0,0,25,0,0,0,0,7,0,7,7,1094,1094,8,0,0,1,0,-1,608011156
1,1,-1,1,1,0,1,0,5,1,0,0,25,0,0,-1,-1,-1,0,0,0,0,0,-1,0,21,1,1,101,-1,7,1,0,1,0,0,25,0,0,-1,-1,-1,-1,0,0,0,0,0,0,-1,0,0,0,0,7,90,90,7,180,180,4,0,1,0,0,-1,608011156
1,1,-1,1,1,0,1,0,5,1,0,0,25,0,0,-1,-1,-1,0,0,0,0,0,-1,0,21,1,1,116,-1,7,1,0,1,0,0,25,0,0,-1,-1,-1,-1,0,0,0,0,0,0,-1,0,0,0,0,7,180,180,7,547,547,4,0,1,0,0,-1,608011156
1,1,-1,1,1,0,1,0,5,1,0,0,25,0,0,-1,-1,-1,0,0,0,0,0,-1,0,21,1,1,116,-1,7,1,0,1,0,0,25,0,0,-1,-1,-1,-1,0,0,0,0,0,0,-1,0,0,0,0,7,180,180,7,1095,1095,4,0,1,0,0,-1,608011156
1,1,-1,1,1,0,1,0,5,1,0,0,25,0,0,-1,-1,-1,0,0,0,0,0,-1,0,21,1,1,116,-1,60,1,0,1,0,0,25,0,0,-1,-1,-1,-1,0,0,0,0,0,0,-1,0,0,0,0,60,365,365,60,1095,1095,4,0,1,0,0,-1,608011156
1,1,-1,1,1,0,1,0,5,1,0,0,25,0,0,-1,-1,-1,0,0,0,0,0,-1,0,21,1,1,116,-1,180,1,0,1,0,0,25,0,0,-1,-1,-1,-1,0,0,0,0,0,0,-1,0,0,0,0,180,180,365,180,365,547,4,0,1,0,0,-1,608011156
1,1,-1,1,1,0,1,0,5,1,0,0,25,0,0,-1,-1,-1,0,0,0,0,0,-1,0,21,1,3,116,-1,60,1,0,1,0,0,25,0,0,-1,-1,-1,-1,0,0,0,0,0,0,-1,0,0,0,0,60,180,365,60,1095,1095,4,0,1,0,0,-1,608011156
1,1,-1,1,1,0,1,0,5,1,0,0,25,0,0,-1,-1,-1,0,0,0,0,0,-1,0,22,0,1,101,99,90,1,0,1,0,0,25,0,0,-1,-1,-1,-1,0,0,0,0,0,0,-1,0,0,0,0,90,0,90,90,1094,1095,4,0,0,0,0,-1,608011156
1,1,-1,1,1,0,1,0,5,1,0,0,25,0,0,-1,-1,-1,0,0,0,0,0,-1,0,22,0,2,207,99,180,1,0,1,0,0,25,0,0,-1,-1,-1,-1,0,0,0,0,0,0,-1,0,0,0,0,180,0,180,180,365,547,4,0,0,0,0,-1,608011156
1,1,-1,1,1,0,1,0,5,1,0,0,25,0,0,-1,-1,-1,0,0,0,0,0,-1,0,22,1,2,101,410,30,1,0,1,0,0,25,0,0,-1,-1,-1,-1,0,0,0,0,0,0,-1,0,0,0,0,30,365,365,30,1095,1095,4,0,1,0,0,-1,608011156
1,1,-1,1,1,0,1,0,5,1,0,0,25,0,21,1,101,-1,1,0,1,0,0,25,0,0,-1,-1,-1,-1,0,0,0,0,0,0,-1,0,0,-1,-1,-1,-1,0,0,0,0,0,0,-1,0,90,0,90,0,0,90,90,1095,1095,1,1,0,0,0,-1,608011156
1,1,-1,1,1,0,1,0,5,1,0,0,25,0,21,1,101,-1,1,0,1,0,0,25,0,0,-1,-1,-1,-1,0,0,0,0,0,0,-1,0,0,-1,-1,-1,-1,0,0,0,0,0,0,-1,0,365,0,365,0,0,365,365,1095,1095,1,1,0,0,0,-1,608011156
1,1,-1,1,1,0,1,0,5,1,0,0,25,0,21,1,116,-1,1,0,1,0,0,25,0,21,0,1,116,-1,90,1,0,1,0,0,25,0,0,-1,-1,-1,-1,0,0,0,0,0,0,-1,0,90,0,90,7,0,90,90,365,547,5,1,0,0,0,-1,608011156
1,1,-1,1,1,0,1,0,5,1,0,0,25,0,21,1,206,-1,1,0,1,0,0,25,0,21,0,1,101,-1,180,1,0,1,0,0,25,0,0,-1,-1,-1,-1,0,0,0,0,0,0,-1,0,60,0,60,180,0,180,180,1095,1095,5,1,0,0,0,-1,608011156
1,1,-1,1,1,0,1,0,5,1,0,0,25,0,21,1,336,-1,1,0,1,0,0,25,0,0,-1,-1,-1,-1,0,0,0,0,0,0,-1,0,0,-1,-1,-1,-1,0,0,0,0,0,0,-1,0,180,0,180,0,0,180,180,7,180,1,1,0,0,0,-1,608011156
1,1,-1,1,1,0,1,0,5,1,0,0,25,0,22,1,99,99,1,0,1,0,0,25,0,0,-1,-1,-1,-1,0,0,0,0,0,0,-1,0,0,-1,-1,-1,-1,0,0,0,0,0,0,-1,0,7,0,7,0,0,7,7,180,180,1,1,0,0,0,-1,608011156
1,1,-1,1,1,0,1,0,5,1,0,0,25,0,22,1,99,99,1,0,1,0,0,25,0,0,-1,-1,-1,-1,0,0,0,0,0,0,-1,0,0,-1,-1,-1,-1,0,0,0,0,0,0,-1,0,7,0,7,0,0,7,7,365,365,1,1,0,0,0,-1,608011156
1,1,-1,1,1,0,1,0,5,1,0,0,25,0,22,1,99,99,1,0,1,0,0,25,0,0,-1,-1,-1,-1,0,0,0,0,0,0,-1,0,0,-1,-1,-1,-1,0,0,0,0,0,0,-1,0,7,0,7,0,0,7,7,1095,1095,1,1,0,0,0,-1,608011156
1,1,-1,1,1,0,1,0,5,1,0,0,25,0,22,1,99,99,1,0,1,0,0,25,0,0,-1,-1,-1,-1,0,0,0,0,0,0,-1,0,0,-1,-1,-1,-1,0,0,0,0,0,0,-1,0,30,0,30,0,0,30,30,1095,1095,1,1,0,0,0,-1,608011156
1,1,-1,1,1,0,1,0,5,1,0,0,25,0,22,1,99,99,1,0,1,0,0,25,0,0,-1,-1,-1,-1,0,0,0,0,0,0,-1,0,0,-1,-1,-1,-1,0,0,0,0,0,0,-1,0,60,0,60,0,0,60,60,1094,1094,1,1,0,0,0,-1,608011156
1,1,-1,1,1,0,1,0,5,1,0,0,25,0,22,1,99,99,1,0,1,0,0,25,0,0,-1,-1,-1,-1,0,0,0,0,0,0,-1,0,0,-1,-1,-1,-1,0,0,0,0,0,0,-1,0,90,0,90,0,0,90,90,1095,1095,1,1,0,0,0,-1,608011156
1,1,-1,1,1,0,1,0,5,1,0,0,25,0,22,1,99,422,1,0,1,0,0,25,0,0,-1,-1,-1,-1,0,0,0,0,0,0,-1,0,0,-1,-1,-1,-1,0,0,0,0,0,0,-1,0,60,0,60,0,0,60,60,547,547,1,1,0,0,0,-1,608011156
1,1,-1,1,1,0,1,0,5,1,0,0,25,0,22,1,101,422,1,0,1,0,0,25,0,0,-1,-1,-1,-1,0,0,0,0,0,0,-1,0,0,-1,-1,-1,-1,0,0,0,0,0,0,-1,0,30,0,30,0,0,30,30,547,547,1,1,0,0,0,-1,608011156
1,1,-1,1,1,0,1,0,5,1,0,0,25,0,22,1,116,98,1,0,1,0,0,25,0,0,-1,-1,-1,-1,0,0,0,0,0,0,-1,0,0,-1,-1,-1,-1,0,0,0,0,0,0,-1,0,30,0,30,0,0,30,30,365,365,1,1,0,0,0,-1,608011156
1,1,-1,1,1,0,1,0,5,1,0,0,25,0,22,1,116,99,1,0,1,0,0,25,0,0,-1,-1,-1,-1,0,0,0,0,0,0,-1,0,0,-1,-1,-1,-1,0,0,0,0,0,0,-1,0,30,0,30,0,0,30,30,7,30,1,1,0,0,0,-1,608011156
1,1,-1,1,1,0,1,0,5,1,0,0,25,0,22,1,116,99,1,0,1,0,0,25,0,0,-1,-1,-1,-1,0,0,0,0,0,0,-1,0,0,-1,-1,-1,-1,0,0,0,0,0,0,-1,0,30,0,30,0,0,30,30,90,180,1,1,0,0,0,-1,608011156
1,1,-1,1,1,0,1,0,5,1,0,0,25,0,22,1,116,99,1,0,1,0,0,25,0,0,-1,-1,-1,-1,0,0,0,0,0,0,-1,0,0,-1,-1,-1,-1,0,0,0,0,0,0,-1,0,30,0,30,0,0,30,30,1094,1094,1,1,0,0,0,-1,608011156
1,1,-1,1,1,0,1,0,5,1,0,0,25,0,22,1,116,99,1,0,1,0,0,25,0,0,-1,-1,-1,-1,0,0,0,0,0,0,-1,0,0,-1,-1,-1,-1,0,0,0,0,0,0,-1,0,60,0,60,0,0,60,60,7,60,1,1,0,0,0,-1,608011156
1,1,-1,1,1,0,1,0,5,1,0,0,25,0,22,1,116,99,1,0,1,0,0,25,0,0,-1,-1,-1,-1,0,0,0,0,0,0,-1,0,0,-1,-1,-1,-1,0,0,0,0,0,0,-1,0,90,0,90,0,0,90,90,1095,1095,1,1,0,0,0,-1,608011156
1,1,-1,1,1,0,1,0,5,1,0,0,25,0,22,1,116,99,1,0,1,0,0,25,0,0,-1,-1,-1,-1,0,0,0,0,0,0,-1,0,21,1,2,116,-1,6,1,0,1,0,0,25,0,7,0,7,7,0,7,7,1094,1094,9,1,0,1,0,-1,608011156
1,1,-1,1,1,0,1,0,5,1,0,0,25,0,22,1,116,101,1,0,1,0,0,25,0,21,1,1,116,-1,180,1,0,1,0,0,25,0,0,-1,-1,-1,-1,0,0,0,0,0,0,-1,0,0,60,60,90,180,365,180,180,365,6,1,1,0,0,-1,608011156
1,1,-1,1,1,0,1,0,5,1,0,0,25,0,22,1,116,116,1,0,1,0,0,25,0,0,-1,-1,-1,-1,0,0,0,0,0,0,-1,0,0,-1,-1,-1,-1,0,0,0,0,0,0,-1,0,30,0,30,0,0,30,30,1094,1094,1,1,0,0,0,-1,608011156
1,1,-1,1,1,0,1,0,5,1,0,0,25,0,22,1,116,116,1,0,1,0,0,25,0,0,-1,-1,-1,-1,0,0,0,0,0,0,-1,0,0,-1,-1,-1,-1,0,0,0,0,0,0,-1,0,90,0,90,0,0,90,90,30,180,1,1,0,0,0,-1,608011156
1,1,-1,1,1,0,1,0,5,1,0,0,25,0,22,1,116,312,1,0,1,0,0,25,0,0,-1,-1,-1,-1,0,0,0,0,0,0,-1,0,0,-1,-1,-1,-1,0,0,0,0,0,0,-1,0,30,0,30,0,0,30,30,90,180,1,1,0,0,0,-1,608011156
1,1,-1,1,1,0,1,0,5,1,0,0,25,0,22,1,116,410,1,0,1,0,0,25,0,0,-1,-1,-1,-1,0,0,0,0,0,0,-1,0,0,-1,-1,-1,-1,0,0,0,0,0,0,-1,0,90,0,90,0,0,90,90,1094,1094,1,1,0,0,0,-1,608011156
1,1,-1,1,1,0,1,0,5,1,0,0,25,0,22,1,116,422,1,0,1,0,0,25,0,0,-1,-1,-1,-1,0,0,0,0,0,0,-1,0,0,-1,-1,-1,-1,0,0,0,0,0,0,-1,0,30,0,30,0,0,30,30,1095,1095,1,1,0,0,0,-1,608011156
1,1,-1,1,1,0,1,0,5,1,0,0,25,0,22,1,205,99,1,0,1,0,0,25,0,0,-1,-1,-1,-1,0,0,0,0,0,0,-1,0,0,-1,-1,-1,-1,0,0,0,0,0,0,-1,0,30,0,30,0,0,30,30,7,60,1,1,0,0,0,-1,608011156
1,1,-1,1,1,0,1,0,5,1,0,0,25,0,22,1,207,99,1,0,1,0,0,25,0,0,-1,-1,-1,-1,0,0,0,0,0,0,-1,0,0,-1,-1,-1,-1,0,0,0,0,0,0,-1,0,30,0,30,0,0,30,30,0,30,1,1,0,0,0,-1,608011156
1,1,-1,1,1,0,1,0,5,1,0,0,25,0,22,1,207,99,1,0,1,0,0,25,0,0,-1,-1,-1,-1,0,0,0,0,0,0,-1,0,0,-1,-1,-1,-1,0,0,0,0,0,0,-1,0,60,0,60,0,0,60,60,365,365,1,1,0,0,0,-1,608011156
1,1,-1,1,1,0,1,0,5,1,0,0,25,0,22,1,314,312,1,0,1,0,0,25,0,0,-1,-1,-1,-1,0,0,0,0,0,0,-1,0,0,-1,-1,-1,-1,0,0,0,0,0,0,-1,0,60,0,60,0,0,60,60,7,60,1,1,0,0,0,-1,608011156
1,1,-1,1,1,0,1,0,5,1,0,0,25,0,22,1,314,423,1,0,1,0,0,25,0,0,-1,-1,-1,-1,0,0,0,0,0,0,-1,0,0,-1,-1,-1,-1,0,0,0,0,0,0,-1,0,60,0,60,0,0,60,60,0,60,1,1,0,0,0,-1,608011156
1,1,-1,1,1,0,1,0,5,1,0,0,25,0,22,1,329,116,1,0,1,0,0,25,0,0,-1,-1,-1,-1,0,0,0,0,0,0,-1,0,0,-1,-1,-1,-1,0,0,0,0,0,0,-1,0,60,0,60,0,0,60,60,60,180,1,1,0,0,0,-1,608011156
1,1,-1,1,1,0,1,0,5,1,0,0,25,0,22,1,336,99,1,0,1,0,0,25,0,0,-1,-1,-1,-1,0,0,0,0,0,0,-1,0,0,-1,-1,-1,-1,0,0,0,0,0,0,-1,0,60,0,60,0,0,60,60,7,60,1,1,0,0,0,-1,608011156
1,1,-1,1,1,0,1,0,5,1,0,0,25,0,22,1,336,116,1,0,1,0,0,25,0,21,1,1,116,-1,30,1,0,1,0,0,25,0,0,-1,-1,-1,-1,0,0,0,0,0,0,-1,0,30,0,30,30,180,365,60,180,180,5,1,1,0,0,-1,608011156
1,1,-1,1,1,0,1,0,5,1,0,0,25,0,22,1,336,314,1,0,1,0,0,25,0,0,-1,-1,-1,-1,0,0,0,0,0,0,-1,0,0,-1,-1,-1,-1,0,0,0,0,0,0,-1,0,60,0,60,0,0,60,60,365,365,1,1,0,0,0,-1,608011156
1,1,-1,1,1,0,1,0,5,1,0,0,25,0,22,1,336,422,1,0,1,0,0,25,0,0,-1,-1,-1,-1,0,0,0,0,0,0,-1,0,0,-1,-1,-1,-1,0,0,0,0,0,0,-1,0,60,0,60,0,0,60,60,0,60,1,1,0,0,0,-1,608011156
1,1,-1,1,1,0,1,0,5,1,0,0,25,0,22,3,98,313,1,0,1,0,0,25,0,0,-1,-1,-1,-1,0,0,0,0,0,0,-1,0,0,-1,-1,-1,-1,0,0,0,0,0,0,-1,0,30,0,30,0,0,30,30,1095,1095,1,1,0,0,0,-1,608011156
1,1,-1,1,1,0,1,0,5,1,0,0,25,0,22,3,101,99,1,0,1,0,0,25,0,0,-1,-1,-1,-1,0,0,0,0,0,0,-1,0,0,-1,-1,-1,-1,0,0,0,0,0,0,-1,0,30,0,30,0,0,30,30,1095,1095,1,1,0,0,0,-1,608011156
1,1,-1,1,1,0,1,0,5,1,0,0,25,0,22,3,101,313,1,0,1,0,0,25,0,0,-1,-1,-1,-1,0,0,0,0,0,0,-1,0,0,-1,-1,-1,-1,0,0,0,0,0,0,-1,0,60,0,60,0,0,60,60,1095,1095,1,1,0,0,0,-1,608011156
1,1,-1,1,1,0,1,0,5,1,0,0,25,0,22,3,116,99,1,0,1,0,0,25,0,0,-1,-1,-1,-1,0,0,0,0,0,0,-1,0,0,-1,-1,-1,-1,0,0,0,0,0,0,-1,0,30,0,30,0,0,30,30,1094,1094,1,1,0,0,0,-1,608011156
1,1,-1,1,1,0,1,0,5,1,0,0,25,0,22,3,116,205,1,0,1,0,0,25,0,0,-1,-1,-1,-1,0,0,0,0,0,0,-1,0,0,-1,-1,-1,-1,0,0,0,0,0,0,-1,0,90,0,90,0,0,90,90,1095,1095,1,1,0,0,0,-1,608011156
1,1,-1,1,1,0,1,0,5,1,0,0,25,0,22,3,116,313,1,0,1,0,0,25,0,0,-1,-1,-1,-1,0,0,0,0,0,0,-1,0,0,-1,-1,-1,-1,0,0,0,0,0,0,-1,0,60,0,60,0,0,60,60,1095,1095,1,1,0,0,0,-1,608011156
1,1,-1,1,1,0,1,0,5,1,0,0,25,0,22,3,116,314,1,0,1,0,0,25,0,0,-1,-1,-1,-1,0,0,0,0,0,0,-1,0,0,-1,-1,-1,-1,0,0,0,0,0,0,-1,0,90,0,90,0,0,90,90,1094,1094,1,1,0,0,0,-1,608011156
1,1,-1,1,1,0,1,0,5,1,0,0,25,0,22,3,206,313,1,0,1,0,0,25,0,0,-1,-1,-1,-1,0,0,0,0,0,0,-1,0,0,-1,-1,-1,-1,0,0,0,0,0,0,-1,0,60,0,60,0,0,60,60,1095,1095,1,1,0,0,0,-1,608011156
1,1,-1,1,1,0,1,0,5,1,0,0,25,0,22,3,207,207,1,0,1,0,0,25,0,0,-1,-1,-1,-1,0,0,0,0,0,0,-1,0,0,-1,-1,-1,-1,0,0,0,0,0,0,-1,0,180,0,180,0,0,180,180,0,180,1,1,0,0,0,-1,608011156
1,1,-1,1,1,0,1,0,5,1,0,0,55,0,0,-1,-1,-1,0,0,0,0,0,-1,0,0,-1,-1,-1,-1,0,0,0,0,0,0,-1,0,0,-1,-1,-1,-1,0,0,0,0,0,0,-1,0,0,0,0,0,0,0,0,1095,1095,12,0,0,0,22,1,608011156
1,1,-1,1,1,0,1,0,5,1,0,0,55,0,0,-1,-1,-1,0,0,0,0,0,-1,0,0,-1,-1,-1,-1,0,0,0,0,0,0,-1,0,21,1,2,116,-1,6,1,0,1,0,0,55,0,0,0,0,7,0,7,7,1095,1095,8,0,0,1,0,-1,608011156
1,1,-1,1,1,0,1,0,5,1,0,0,55,0,0,-1,-1,-1,0,0,0,0,0,-1,0,21,0,1,336,-1,180,1,0,1,0,0,55,0,0,-1,-1,-1,-1,0,0,0,0,0,0,-1,0,0,0,0,180,0,180,180,0,180,4,0,0,0,0,-1,608011156
1,1,-1,1,1,0,1,0,5,1,0,0,55,0,0,-1,-1,-1,0,0,0,0,0,-1,0,21,0,3,116,-1,180,1,0,1,0,0,55,0,0,-1,-1,-1,-1,0,0,0,0,0,0,-1,0,0,0,0,180,0,180,180,365,547,4,0,0,0,0,-1,608011156
1,1,-1,1,1,0,1,0,5,1,0,0,55,0,0,-1,-1,-1,0,0,0,0,0,-1,0,21,0,3,410,-1,180,1,0,1,0,0,55,0,0,-1,-1,-1,-1,0,0,0,0,0,0,-1,0,0,0,0,180,0,180,180,0,180,4,0,0,0,0,-1,608011156
1,1,-1,1,1,0,1,0,5,1,0,0,55,0,0,-1,-1,-1,0,0,0,0,0,-1,0,21,1,1,101,-1,7,1,0,1,0,0,55,0,0,-1,-1,-1,-1,0,0,0,0,0,0,-1,0,0,0,0,7,180,180,7,1094,1094,4,0,1,0,0,-1,608011156
1,1,-1,1,1,0,1,0,5,1,0,0,55,0,0,-1,-1,-1,0,0,0,0,0,-1,0,21,1,1,101,-1,30,1,0,1,0,0,55,0,0,-1,-1,-1,-1,0,0,0,0,0,0,-1,0,0,0,0,30,180,180,30,1094,1094,4,0,1,0,0,-1,608011156
1,1,-1,1,1,0,1,0,5,1,0,0,55,0,0,-1,-1,-1,0,0,0,0,0,-1,0,21,1,1,116,-1,30,1,0,1,0,0,55,0,0,-1,-1,-1,-1,0,0,0,0,0,0,-1,0,0,0,0,30,180,365,30,547,547,4,0,1,0,0,-1,608011156
1,1,-1,1,1,0,1,0,5,1,0,0,55,0,0,-1,-1,-1,0,0,0,0,0,-1,0,21,1,1,116,-1,60,1,0,1,0,0,55,0,0,-1,-1,-1,-1,0,0,0,0,0,0,-1,0,0,0,0,60,180,180,60,1095,1095,4,0,1,0,0,-1,608011156
1,1,-1,1,1,0,1,0,5,1,0,0,55,0,21,1,99,-1,1,0,1,0,0,55,0,0,-1,-1,-1,-1,0,0,0,0,0,0,-1,0,0,-1,-1,-1,-1,0,0,0,0,0,0,-1,0,30,0,30,0,0,30,30,1095,1095,1,1,0,0,0,-1,608011156
1,1,-1,1,1,0,1,0,5,1,0,0,55,0,21,1,101,-1,1,0,1,0,0,55,0,21,0,1,101,-1,365,1,0,1,0,0,55,0,0,-1,-1,-1,-1,0,0,0,0,0,0,-1,0,365,0,365,0,0,365,365,365,730,5,1,0,0,0,-1,608011156
1,1,-1,1,1,0,1,0,5,1,0,0,55,0,21,1,116,-1,1,0,1,0,0,55,0,0,-1,-1,-1,-1,0,0,0,0,0,0,-1,0,0,-1,-1,-1,-1,0,0,0,0,0,0,-1,0,90,0,90,0,0,90,90,30,180,1,1,0,0,0,-1,608011156
1,1,-1,1,1,0,1,0,5,1,0,0,55,0,21,1,116,-1,1,0,1,0,0,55,0,0,-1,-1,-1,-1,0,0,0,0,0,0,-1,0,0,-1,-1,-1,-1,0,0,0,0,0,0,-1,0,180,0,180,0,0,180,180,30,180,1,1,0,0,0,-1,608011156
1,1,-1,1,1,0,1,0,5,1,0,0,55,0,21,1,116,-1,1,0,1,0,0,55,0,0,-1,-1,-1,-1,0,0,0,0,0,0,-1,0,0,-1,-1,-1,-1,0,0,0,0,0,0,-1,0,180,0,180,0,0,180,180,60,180,1,1,0,0,0,-1,608011156
1,1,-1,1,1,0,1,0,5,1,0,0,55,0,21,3,118,-1,1,0,1,0,0,55,0,0,-1,-1,-1,-1,0,0,0,0,0,0,-1,0,0,-1,-1,-1,-1,0,0,0,0,0,0,-1,0,365,0,365,0,0,365,365,365,547,1,1,0,0,0,-1,608011156
1,1,-1,1,1,0,1,0,5,1,0,0,55,0,22,1,99,99,1,0,1,0,0,55,0,0,-1,-1,-1,-1,0,0,0,0,0,0,-1,0,0,-1,-1,-1,-1,0,0,0,0,0,0,-1,0,7,0,7,0,0,7,7,1094,1094,1,1,0,0,0,-1,608011156
1,1,-1,1,1,0,1,0,5,1,0,0,55,0,22,1,116,99,1,0,1,0,0,55,0,0,-1,-1,-1,-1,0,0,0,0,0,0,-1,0,21,1,2,116,-1,6,1,0,1,0,0,55,0,90,0,90,7,0,90,90,1095,1095,9,1,0,1,0,-1,608011156
1,1,-1,1,1,0,1,0,5,1,0,0,55,0,22,1,116,204,1,0,1,0,0,55,0,0,-1,-1,-1,-1,0,0,0,0,0,0,-1,0,0,-1,-1,-1,-1,0,0,0,0,0,0,-1,0,30,0,30,0,0,30,30,7,30,1,1,0,0,0,-1,608011156
1,1,-1,1,1,0,1,0,5,1,0,0,55,0,22,1,116,205,1,0,1,0,0,55,0,0,-1,-1,-1,-1,0,0,0,0,0,0,-1,0,0,-1,-1,-1,-1,0,0,0,0,0,0,-1,0,30,0,30,0,0,30,30,1094,1094,1,1,0,0,0,-1,608011156
1,1,-1,1,1,0,1,0,5,1,0,0,55,0,22,1,116,313,1,0,1,0,0,55,0,0,-1,-1,-1,-1,0,0,0,0,0,0,-1,0,0,-1,-1,-1,-1,0,0,0,0,0,0,-1,0,60,0,60,0,0,60,60,1094,1094,1,1,0,0,0,-1,608011156
1,1,-1,1,1,0,1,0,5,1,0,0,55,0,22,1,116,423,1,0,1,0,0,55,0,0,-1,-1,-1,-1,0,0,0,0,0,0,-1,0,0,-1,-1,-1,-1,0,0,0,0,0,0,-1,0,60,0,60,0,0,60,60,547,547,1,1,0,0,0,-1,608011156
1,1,-1,1,1,0,1,0,5,1,0,0,55,0,22,1,204,99,1,0,1,0,0,55,0,22,1,2,206,225,60,1,0,1,0,0,55,0,0,-1,-1,-1,-1,0,0,0,0,0,0,-1,0,30,0,30,60,180,365,90,547,730,5,1,1,0,0,-1,608011156
1,1,-1,1,1,0,1,0,5,1,0,0,55,0,22,1,206,99,1,0,1,0,0,55,0,0,-1,-1,-1,-1,0,0,0,0,0,0,-1,0,0,-1,-1,-1,-1,0,0,0,0,0,0,-1,0,30,0,30,0,0,30,30,7,60,1,1,0,0,0,-1,608011156
1,1,-1,1,1,0,1,0,5,1,0,0,55,0,22,1,336,313,1,0,1,0,0,55,0,0,-1,-1,-1,-1,0,0,0,0,0,0,-1,0,0,-1,-1,-1,-1,0,0,0,0,0,0,-1,0,30,0,30,0,0,30,30,1094,1094,1,1,0,0,0,-1,608011156
1,1,-1,1,1,0,1,0,5,1,0,0,55,0,22,3,116,101,1,0,1,0,0,55,0,0,-1,-1,-1,-1,0,0,0,0,0,0,-1,0,0,-1,-1,-1,-1,0,0,0,0,0,0,-1,0,30,0,30,0,0,30,30,1095,1095,1,1,0,0,0,-1,608011156
1,1,-1,1,1,0,1,0,5,1,0,0,55,0,22,3,116,420,1,0,1,0,0,55,0,0,-1,-1,-1,-1,0,0,0,0,0,0,-1,0,0,-1,-1,-1,-1,0,0,0,0,0,0,-1,0,60,0,60,0,0,60,60,1095,1095,1,1,0,0,0,-1,608011156
1,1,-1,1,1,0,1,0,5,2,0,0,18,0,22,1,336,313,1,0,1,0,0,18,0,0,-1,-1,-1,-1,0,0,0,0,0,0,-1,0,0,-1,-1,-1,-1,0,0,0,0,0,0,-1,0,60,0,60,0,0,60,60,7,60,1,1,0,0,0,-1,608011156
1,1,-1,1,1,0,1,0,5,2,0,0,25,0,0,-1,-1,-1,0,0,0,0,0,-1,0,21,1,1,116,-1,90,1,0,1,0,0,25,0,0,-1,-1,-1,-1,0,0,0,0,0,0,-1,0,0,0,0,90,365,365,90,1094,1095,4,0,1,0,0,-1,608011156
1,1,-1,1,1,0,1,0,5,2,0,0,25,0,22,1,101,420,1,0,1,0,0,25,0,22,1,1,101,314,90,1,0,1,0,0,25,0,0,-1,-1,-1,-1,0,0,0,0,0,0,-1,0,60,0,60,60,180,365,90,365,547,5,1,1,0,0,-1,608011156
1,1,-1,1,1,0,1,0,13,1,0,0,25,0,22,1,116,422,1,0,1,0,0,25,0,0,-1,-1,-1,-1,0,0,0,0,0,0,-1,0,0,-1,-1,-1,-1,0,0,0,0,0,0,-1,0,30,0,30,0,0,30,30,1094,1094,1,1,0,0,0,-1,608011156
1,1,-1,1,1,0,1,0,13,1,0,0,55,0,22,1,99,423,1,0,1,0,0,55,0,0,-1,-1,-1,-1,0,0,0,0,0,0,-1,0,0,-1,-1,-1,-1,0,0,0,0,0,0,-1,0,60,0,60,0,0,60,60,180,180,1,1,0,0,0,-1,608011156
1,1,-1,1,1,0,1,0,14,1,0,0,55,0,0,-1,-1,-1,0,0,0,0,0,-1,0,21,0,1,116,-1,365,1,0,1,0,0,55,0,0,-1,-1,-1,-1,0,0,0,0,0,0,-1,0,0,0,0,365,0,365,365,547,730,4,0,0,0,0,-1,608011156
1,1,-1,1,1,0,1,0,15,1,0,0,25,0,22,1,205,423,1,0,1,0,0,25,0,0,-1,-1,-1,-1,0,0,0,0,0,0,-1,0,0,-1,-1,-1,-1,0,0,0,0,0,0,-1,0,60,0,60,0,0,60,60,0,60,1,1,0,0,0,-1,608011156
1,1,-1,1,1,0,1,0,15,1,0,0,25,0,22,1,206,313,1,0,1,0,0,25,0,0,-1,-1,-1,-1,0,0,0,0,0,0,-1,0,0,-1,-1,-1,-1,0,0,0,0,0,0,-1,0,30,0,30,0,0,30,30,60,90,1,1,0,0,0,-1,608011156
1,1,-1,1,1,0,1,0,16,1,0,0,55,0,22,1,314,423,1,0,1,0,0,55,0,0,-1,-1,-1,-1,0,0,0,0,0,0,-1,0,0,-1,-1,-1,-1,0,0,0,0,0,0,-1,0,60,0,60,0,0,60,60,0,60,1,1,0,0,0,-1,608011156
1,1,-1,1,1,0,1,0,23,1,0,0,25,0,22,1,116,423,1,0,1,0,0,25,0,0,-1,-1,-1,-1,0,0,0,0,0,0,-1,0,21,1,2,116,-1,6,1,0,1,0,0,25,0,30,0,30,7,0,30,30,547,547,9,1,0,1,0,-1,608011156
1,1,-1,1,1,0,1,0,25,1,0,0,55,0,22,1,99,99,1,0,1,0,0,55,0,0,-1,-1,-1,-1,0,0,0,0,0,0,-1,0,0,-1,-1,-1,-1,0,0,0,0,0,0,-1,0,7,0,7,0,0,7,7,1095,1095,1,1,0,0,0,-1,608011156
1,1,-1,1,1,0,1,0,27,1,0,0,25,0,21,1,207,-1,1,0,1,0,0,25,0,0,-1,-1,-1,-1,0,0,0,0,0,0,-1,0,0,-1,-1,-1,-1,0,0,0,0,0,0,-1,0,90,0,90,0,0,90,90,180,365,1,1,0,0,0,-1,608011156
1,1,-1,1,1,0,1,0,34,1,0,0,55,0,22,1,116,206,1,0,1,0,0,55,0,0,-1,-1,-1,-1,0,0,0,0,0,0,-1,0,0,-1,-1,-1,-1,0,0,0,0,0,0,-1,0,60,0,60,0,0,60,60,547,547,1,1,0,0,0,-1,608011156
1,1,-1,1,1,0,1,0,35,1,0,0,25,0,21,1,101,-1,1,0,1,0,0,25,0,0,-1,-1,-1,-1,0,0,0,0,0,0,-1,0,0,-1,-1,-1,-1,0,0,0,0,0,0,-1,0,180,0,180,0,0,180,180,90,365,1,1,0,0,0,-1,608011156
1,1,-1,1,1,0,1,0,36,1,0,0,25,0,22,1,314,99,1,0,1,0,0,25,0,0,-1,-1,-1,-1,0,0,0,0,0,0,-1,0,0,-1,-1,-1,-1,0,0,0,0,0,0,-1,0,180,0,180,0,0,180,180,365,547,1,1,0,0,0,-1,608011156
1,1,-1,1,1,0,1,0,36,1,0,0,25,0,22,1,335,98,1,0,1,0,0,25,0,0,-1,-1,-1,-1,0,0,0,0,0,0,-1,0,0,-1,-1,-1,-1,0,0,0,0,0,0,-1,0,30,0,30,0,0,30,30,1094,1094,1,1,0,0,0,-1,608011156
1,1,-1,1,1,0,1,0,36,1,0,0,25,0,22,3,116,313,1,0,1,0,0,25,0,0,-1,-1,-1,-1,0,0,0,0,0,0,-1,0,0,-1,-1,-1,-1,0,0,0,0,0,0,-1,0,30,0,30,0,0,30,30,1095,1095,1,1,0,0,0,-1,608011156
1,1,-1,1,1,0,1,0,37,1,0,0,24,0,22,1,116,423,1,0,1,0,0,24,0,0,-1,-1,-1,-1,0,0,0,0,0,0,-1,0,0,-1,-1,-1,-1,0,0,0,0,0,0,-1,0,60,0,60,0,0,60,60,1094,1094,1,1,0,0,0,-1,608011156
1,1,-1,1,1,0,1,0,47,1,0,0,55,0,22,1,116,423,1,0,1,0,0,55,0,0,-1,-1,-1,-1,0,0,0,0,0,0,-1,0,0,-1,-1,-1,-1,0,0,0,0,0,0,-1,0,60,0,60,0,0,60,60,1095,1095,1,1,0,0,0,-1,608011156
1,1,-1,1,1,0,1,0,56,1,0,0,25,0,21,1,116,-1,1,0,1,0,0,25,0,0,-1,-1,-1,-1,0,0,0,0,0,0,-1,0,0,-1,-1,-1,-1,0,0,0,0,0,0,-1,0,180,0,180,0,0,180,180,60,365,1,1,0,0,0,-1,608011156
1,1,-1,1,1,0,1,0,56,1,0,0,25,0,21,1,336,-1,1,0,1,0,0,25,0,0,-1,-1,-1,-1,0,0,0,0,0,0,-1,0,0,-1,-1,-1,-1,0,0,0,0,0,0,-1,0,90,0,90,0,0,90,90,7,90,1,1,0,0,0,-1,608011156
1,1,-1,1,1,0,1,0,56,1,0,0,25,0,22,1,99,99,1,0,1,0,0,25,0,0,-1,-1,-1,-1,0,0,0,0,0,0,-1,0,0,-1,-1,-1,-1,0,0,0,0,0,0,-1,0,7,0,7,0,0,7,7,30,30,1,1,0,0,0,-1,608011156
1,1,-1,1,1,0,1,0,56,1,0,0,25,0,22,1,101,410,1,0,1,0,0,25,0,0,-1,-1,-1,-1,0,0,0,0,0,0,-1,0,0,-1,-1,-1,-1,0,0,0,0,0,0,-1,0,60,0,60,0,0,60,60,90,180,1,1,0,0,0,-1,608011156
1,1,-1,1,1,0,1,0,56,1,0,0,55,0,0,-1,-1,-1,0,0,0,0,0,-1,0,21,0,3,116,-1,180,1,0,1,0,0,55,0,0,-1,-1,-1,-1,0,0,0,0,0,0,-1,0,0,0,0,180,0,180,180,547,547,4,0,0,0,0,-1,608011156
1,1,-1,1,1,0,1,0,56,1,0,0,55,0,22,1,116,313,1,0,1,0,0,55,0,0,-1,-1,-1,-1,0,0,0,0,0,0,-1,0,0,-1,-1,-1,-1,0,0,0,0,0,0,-1,0,60,0,60,0,0,60,60,1095,1095,1,1,0,0,0,-1,608011156
1,1,-1,1,1,0,1,0,56,2,0,0,24,0,22,1,207,423,1,0,1,0,0,24,0,0,-1,-1,-1,-1,0,0,0,0,0,0,-1,0,0,-1,-1,-1,-1,0,0,0,0,0,0,-1,0,30,0,30,0,0,30,30,1094,1094,1,1,0,0,0,-1,608011156
1,1,-1,1,1,0,1,0,98,1,0,0,25,0,22,1,116,422,1,0,1,0,0,25,0,0,-1,-1,-1,-1,0,0,0,0,0,0,-1,0,0,-1,-1,-1,-1,0,0,0,0,0,0,-1,0,30,0,30,0,0,30,30,1094,1094,1,1,0,0,0,-1,608011156
1,1,-1,1,1,0,1,0,123,1,0,0,25,0,22,1,116,423,1,0,1,0,0,25,0,0,-1,-1,-1,-1,0,0,0,0,0,0,-1,0,0,-1,-1,-1,-1,0,0,0,0,0,0,-1,0,30,0,30,0,0,30,30,365,547,1,1,0,0,0,-1,608011156
1,1,-1,1,1,0,1,0,126,1,0,0,25,0,22,1,116,99,1,0,1,0,0,25,0,0,-1,-1,-1,-1,0,0,0,0,0,0,-1,0,0,-1,-1,-1,-1,0,0,0,0,0,0,-1,0,7,0,7,0,0,7,7,1095,1095,1,1,0,0,0,-1,608011156
1,1,-1,1,1,0,1,0,126,1,0,0,25,0,22,1,335,204,1,0,1,0,0,25,0,0,-1,-1,-1,-1,0,0,0,0,0,0,-1,0,0,-1,-1,-1,-1,0,0,0,0,0,0,-1,0,30,0,30,0,0,30,30,1095,1095,1,1,0,0,0,-1,608011156
1,1,-1,1,1,0,1,0,135,1,0,0,55,0,22,3,116,207,1,0,1,0,0,55,0,0,-1,-1,-1,-1,0,0,0,0,0,0,-1,0,0,-1,-1,-1,-1,0,0,0,0,0,0,-1,0,60,0,60,0,0,60,60,1095,1095,1,1,0,0,0,-1,608011156
1,1,-1,1,1,0,1,0,136,1,0,0,25,0,22,1,116,101,1,0,1,0,0,25,0,0,-1,-1,-1,-1,0,0,0,0,0,0,-1,0,0,-1,-1,-1,-1,0,0,0,0,0,0,-1,0,30,0,30,0,0,30,30,1095,1095,1,1,0,0,0,-1,608011156
1,1,-1,1,1,0,1,0,136,1,0,0,55,0,21,1,204,-1,1,0,1,0,0,55,0,0,-1,-1,-1,-1,0,0,0,0,0,0,-1,0,0,-1,-1,-1,-1,0,0,0,0,0,0,-1,0,180,0,180,0,0,180,180,7,180,1,1,0,0,0,-1,608011156
1,1,-1,1,1,0,1,0,136,1,0,0,55,0,22,1,207,440,1,0,1,0,0,55,0,0,-1,-1,-1,-1,0,0,0,0,0,0,-1,0,0,-1,-1,-1,-1,0,0,0,0,0,0,-1,0,180,0,180,0,0,180,180,30,180,1,1,0,0,0,-1,608011156
1,1,-1,1,1,0,1,0,146,1,0,0,25,0,21,1,101,-1,1,0,1,0,0,25,0,21,0,1,101,-1,90,1,0,1,0,0,25,0,0,-1,-1,-1,-1,0,0,0,0,0,0,-1,0,180,0,180,0,0,180,180,730,730,5,1,0,0,0,-1,608011156
1,1,-1,1,1,0,1,0,157,1,0,0,25,0,22,1,101,207,1,0,1,0,0,25,0,21,0,1,101,-1,365,1,0,1,0,0,25,0,0,-1,-1,-1,-1,0,0,0,0,0,0,-1,0,365,0,365,180,0,365,365,365,730,5,1,0,0,0,-1,608011156
1,1,-1,1,1,0,1,0,234,1,0,0,55,0,22,1,99,99,1,0,1,0,0,55,0,21,0,1,116,-1,180,1,0,1,0,0,55,0,0,-1,-1,-1,-1,0,0,0,0,0,0,-1,0,30,0,30,180,0,180,180,365,547,5,1,0,0,0,-1,608011156
1,1,-1,1,1,0,1,0,237,1,0,0,55,0,22,1,116,99,1,0,1,0,0,55,0,0,-1,-1,-1,-1,0,0,0,0,0,0,-1,0,0,-1,-1,-1,-1,0,0,0,0,0,0,-1,0,60,0,60,0,0,60,60,1095,1095,1,1,0,0,0,-1,608011156
1,1,-1,1,1,0,1,0,246,1,0,0,25,0,0,-1,-1,-1,0,0,0,0,0,-1,0,0,-1,-1,-1,-1,0,0,0,0,0,0,-1,0,0,-1,-1,-1,-1,0,0,0,0,0,0,-1,0,0,0,0,0,0,0,0,0,0,12,0,0,0,12,0,608011156
1,1,-1,1,1,0,1,0,246,1,0,0,25,0,22,1,99,99,1,0,1,0,0,25,0,0,-1,-1,-1,-1,0,0,0,0,0,0,-1,0,0,-1,-1,-1,-1,0,0,0,0,0,0,-1,0,7,0,7,0,0,7,7,90,90,1,1,0,0,0,-1,608011156
1,1,-1,1,1,0,1,0,247,1,0,0,25,0,21,1,116,-1,1,0,1,0,0,25,0,0,-1,-1,-1,-1,0,0,0,0,0,0,-1,0,0,-1,-1,-1,-1,0,0,0,0,0,0,-1,0,180,0,180,0,0,180,180,365,547,1,1,0,0,0,-1,608011156
1,1,-1,1,1,0,1,0,345,1,0,0,25,0,0,-1,-1,-1,0,0,0,0,0,-1,0,22,1,1,116,433,180,1,0,1,0,0,25,0,21,1,2,116,-1,6,1,0,1,0,0,25,0,0,0,0,180,7,180,180,1095,1095,11,0,1,1,0,-1,608011156
1,1,-1,1,1,0,1,0,345,1,0,0,25,0,22,3,335,313,1,0,1,0,0,25,0,0,-1,-1,-1,-1,0,0,0,0,0,0,-1,0,0,-1,-1,-1,-1,0,0,0,0,0,0,-1,0,30,0,30,0,0,30,30,0,30,1,1,0,0,0,-1,608011156
1,1,-1,1,1,0,1,0,346,1,0,0,25,0,22,1,101,99,1,0,1,0,0,25,0,21,1,2,116,-1,60,1,0,1,0,0,25,0,0,-1,-1,-1,-1,0,0,0,0,0,0,-1,0,30,0,30,60,365,365,60,365,365,5,1,1,0,0,-1,608011156
1,1,-1,1,1,0,1,0,367,1,0,0,25,0,22,1,99,99,1,0,1,0,0,25,0,0,-1,-1,-1,-1,0,0,0,0,0,0,-1,0,0,-1,-1,-1,-1,0,0,0,0,0,0,-1,0,60,0,60,0,0,60,60,547,547,1,1,0,0,0,-1,608011156
1,1,-1,1,1,0,1,0,456,1,0,0,25,0,22,1,101,116,1,0,1,0,0,25,0,0,-1,-1,-1,-1,0,0,0,0,0,0,-1,0,0,-1,-1,-1,-1,0,0,0,0,0,0,-1,0,90,0,90,0,0,90,90,1095,1095,1,1,0,0,0,-1,608011156
1,1,-1,1,1,0,1,0,567,1,0,0,25,0,22,1,118,423,1,0,1,0,0,25,0,0,-1,-1,-1,-1,0,0,0,0,0,0,-1,0,0,-1,-1,-1,-1,0,0,0,0,0,0,-1,0,90,0,90,0,0,90,90,0,90,1,1,0,0,0,-1,608011156
1,1,-1,1,1,0,1,0,567,1,0,0,25,0,22,1,336,313,1,0,1,0,0,25,0,0,-1,-1,-1,-1,0,0,0,0,0,0,-1,0,0,-1,-1,-1,-1,0,0,0,0,0,0,-1,0,30,0,30,0,0,30,30,60,90,1,1,0,0,0,-1,608011156
1,1,-1,1,1,0,1,1,1,1,0,0,18,0,22,1,116,410,1,0,1,1,0,18,0,0,-1,-1,-1,-1,0,0,0,0,0,0,-1,0,0,-1,-1,-1,-1,0,0,0,0,0,0,-1,0,60,0,60,0,0,60,60,730,1094,1,1,0,0,0,-1,608011156
1,1,-1,1,1,0,1,1,1,1,0,0,25,0,22,1,314,101,1,0,1,1,0,25,0,0,-1,-1,-1,-1,0,0,0,0,0,0,-1,0,0,-1,-1,-1,-1,0,0,0,0,0,0,-1,0,365,0,365,0,0,365,365,0,365,1,1,0,0,0,-1,608011156
1,1,-1,1,1,0,1,1,3,1,0,0,25,0,0,-1,-1,-1,0,0,0,0,0,-1,0,21,0,1,116,-1,180,1,0,1,1,0,25,0,0,-1,-1,-1,-1,0,0,0,0,0,0,-1,0,0,0,0,180,0,180,180,365,547,4,0,0,0,0,-1,608011156
1,1,-1,1,1,0,1,1,3,1,0,0,25,0,0,-1,-1,-1,0,0,0,0,0,-1,0,21,1,1,116,-1,30,1,0,1,1,0,25,0,0,-1,-1,-1,-1,0,0,0,0,0,0,-1,0,0,0,0,30,180,180,30,90,90,4,0,1,0,0,-1,608011156
1,1,-1,1,1,0,1,1,3,1,0,0,25,0,21,1,116,-1,1,0,1,1,0,25,0,0,-1,-1,-1,-1,0,0,0,0,0,0,-1,0,0,-1,-1,-1,-1,0,0,0,0,0,0,-1,0,30,0,30,0,0,30,30,1095,1095,1,1,0,0,0,-1,608011156
1,1,-1,1,1,0,1,1,3,1,0,0,25,0,21,1,116,-1,1,0,1,1,0,25,0,22,0,1,101,99,180,1,0,1,1,0,25,0,0,-1,-1,-1,-1,0,0,0,0,0,0,-1,0,90,0,90,180,0,180,180,180,365,5,1,0,0,0,-1,608011156
1,1,-1,1,1,0,1,1,3,1,0,0,25,0,22,1,116,99,1,0,1,1,0,25,0,0,-1,-1,-1,-1,0,0,0,0,0,0,-1,0,0,-1,-1,-1,-1,0,0,0,0,0,0,-1,0,30,0,30,0,0,30,30,1095,1095,1,1,0,0,0,-1,608011156
1,1,-1,1,1,0,1,1,3,1,0,0,25,0,22,1,335,99,1,0,1,1,0,25,0,0,-1,-1,-1,-1,0,0,0,0,0,0,-1,0,0,-1,-1,-1,-1,0,0,0,0,0,0,-1,0,60,0,60,0,0,60,60,90,180,1,1,0,0,0,-1,608011156
1,1,-1,1,1,0,1,1,3,1,0,0,55,0,22,1,99,101,1,0,1,1,0,55,0,21,0,1,116,-1,90,1,0,1,1,0,55,0,0,-1,-1,-1,-1,0,0,0,0,0,0,-1,0,60,0,60,90,0,180,180,180,365,5,1,0,0,0,-1,608011156
1,1,-1,1,1,0,1,1,3,1,0,0,55,0,22,1,335,99,1,0,1,1,0,55,0,0,-1,-1,-1,-1,0,0,0,0,0,0,-1,0,0,-1,-1,-1,-1,0,0,0,0,0,0,-1,0,30,0,30,0,0,30,30,7,30,1,1,0,0,0,-1,608011156
1,1,-1,1,1,0,1,1,3,2,0,0,25,0,22,1,116,410,1,0,1,1,0,25,0,0,-1,-1,-1,-1,0,0,0,0,0,0,-1,0,0,-1,-1,-1,-1,0,0,0,0,0,0,-1,0,30,0,30,0,0,30,30,180,180,1,1,0,0,0,-1,608011156
1,1,-1,1,1,0,1,1,5,1,0,0,24,0,22,1,205,302,1,0,1,1,0,24,0,0,-1,-1,-1,-1,0,0,0,0,0,0,-1,0,0,-1,-1,-1,-1,0,0,0,0,0,0,-1,0,0,90,90,0,0,90,90,547,547,2,1,0,0,0,-1,608011156
1,1,-1,1,1,0,1,1,5,1,0,0,25,0,0,-1,-1,-1,0,0,0,0,0,-1,0,0,-1,-1,-1,-1,0,0,0,0,0,0,-1,0,21,1,1,101,-1,6,1,0,1,1,0,25,0,0,0,0,0,0,0,0,1095,1095,8,0,0,1,0,-1,608011156
1,1,-1,1,1,0,1,1,5,1,0,0,25,0,0,-1,-1,-1,0,0,0,0,0,-1,0,21,0,2,116,-1,90,1,0,1,1,0,25,0,0,-1,-1,-1,-1,0,0,0,0,0,0,-1,0,0,0,0,90,0,90,90,1095,1095,4,0,0,0,0,-1,608011156
1,1,-1,1,1,0,1,1,5,1,0,0,25,0,0,-1,-1,-1,0,0,0,0,0,-1,0,21,0,2,116,-1,180,1,0,1,1,0,25,0,0,-1,-1,-1,-1,0,0,0,0,0,0,-1,0,0,0,0,180,0,180,180,547,547,4,0,0,0,0,-1,608011156
1,1,-1,1,1,0,1,1,5,1,0,0,25,0,0,-1,-1,-1,0,0,0,0,0,-1,0,22,1,3,101,423,7,1,0,1,1,0,25,0,0,-1,-1,-1,-1,0,0,0,0,0,0,-1,0,0,0,0,7,90,90,7,1094,1094,4,0,1,0,0,-1,608011156
1,1,-1,1,1,0,1,1,5,1,0,0,25,0,21,1,410,-1,1,0,1,1,0,25,0,21,0,1,101,-1,180,1,0,1,1,0,25,0,0,-1,-1,-1,-1,0,0,0,0,0,0,-1,0,365,0,365,7,0,365,365,30,365,5,1,0,0,0,-1,608011156
1,1,-1,1,1,0,1,1,5,1,0,0,25,0,22,1,101,99,1,0,1,1,0,25,0,0,-1,-1,-1,-1,0,0,0,0,0,0,-1,0,0,-1,-1,-1,-1,0,0,0,0,0,0,-1,0,7,0,7,0,0,7,7,1095,1095,1,1,0,0,0,-1,608011156
1,1,-1,1,1,0,1,1,5,1,0,0,25,0,22,1,101,205,1,0,1,1,0,25,0,0,-1,-1,-1,-1,0,0,0,0,0,0,-1,0,0,-1,-1,-1,-1,0,0,0,0,0,0,-1,0,30,0,30,0,0,30,30,1094,1094,1,1,0,0,0,-1,608011156
1,1,-1,1,1,0,1,1,5,1,0,0,25,0,22,1,116,99,1,0,1,1,0,25,0,0,-1,-1,-1,-1,0,0,0,0,0,0,-1,0,0,-1,-1,-1,-1,0,0,0,0,0,0,-1,0,7,0,7,0,0,7,7,547,547,1,1,0,0,0,-1,608011156
1,1,-1,1,1,0,1,1,5,1,0,0,25,0,22,1,116,99,1,0,1,1,0,25,0,0,-1,-1,-1,-1,0,0,0,0,0,0,-1,0,0,-1,-1,-1,-1,0,0,0,0,0,0,-1,0,30,0,30,0,0,30,30,180,365,1,1,0,0,0,-1,608011156
1,1,-1,1,1,0,1,1,5,1,0,0,25,0,22,1,116,99,1,0,1,1,0,25,0,21,0,1,116,-1,365,1,0,1,1,0,25,0,0,-1,-1,-1,-1,0,0,0,0,0,0,-1,0,30,0,30,365,0,365,365,547,730,5,1,0,0,0,-1,608011156
1,1,-1,1,1,0,1,1,5,1,0,0,25,0,22,1,116,99,1,0,1,1,0,25,0,21,1,1,101,-1,30,1,0,1,1,0,25,0,0,-1,-1,-1,-1,0,0,0,0,0,0,-1,0,60,0,60,30,180,180,60,547,547,5,1,1,0,0,-1,608011156
1,1,-1,1,1,0,1,1,5,1,0,0,25,0,22,1,116,313,1,0,1,1,0,25,0,0,-1,-1,-1,-1,0,0,0,0,0,0,-1,0,0,-1,-1,-1,-1,0,0,0,0,0,0,-1,0,30,0,30,0,0,30,30,1095,1095,1,1,0,0,0,-1,608011156
1,1,-1,1,1,0,1,1,5,1,0,0,25,0,22,1,116,423,1,0,1,1,0,25,0,0,-1,-1,-1,-1,0,0,0,0,0,0,-1,0,0,-1,-1,-1,-1,0,0,0,0,0,0,-1,0,30,0,30,0,0,30,30,60,90,1,1,0,0,0,-1,608011156
1,1,-1,1,1,0,1,1,5,1,0,0,25,0,22,1,118,99,1,0,1,1,0,25,0,21,1,1,116,-1,30,1,0,1,1,0,25,0,0,-1,-1,-1,-1,0,0,0,0,0,0,-1,0,180,0,180,30,90,365,180,1095,1095,5,1,1,0,0,-1,608011156
1,1,-1,1,1,0,1,1,5,1,0,0,25,0,22,3,116,434,1,0,1,1,0,25,0,0,-1,-1,-1,-1,0,0,0,0,0,0,-1,0,0,-1,-1,-1,-1,0,0,0,0,0,0,-1,0,30,0,30,0,0,30,30,365,365,1,1,0,0,0,-1,608011156
1,1,-1,1,1,0,1,1,5,1,0,0,55,0,0,-1,-1,-1,0,0,0,0,0,-1,0,21,1,1,101,-1,180,1,0,1,1,0,55,0,0,-1,-1,-1,-1,0,0,0,0,0,0,-1,0,0,0,0,180,180,365,180,365,547,4,0,1,0,0,-1,608011156
1,1,-1,1,1,0,1,1,5,1,0,0,55,0,22,1,101,99,1,0,1,1,0,55,0,0,-1,-1,-1,-1,0,0,0,0,0,0,-1,0,0,-1,-1,-1,-1,0,0,0,0,0,0,-1,0,30,0,30,0,0,30,30,365,547,1,1,0,0,0,-1,608011156
1,1,-1,1,1,0,1,1,5,1,0,0,55,0,22,1,101,207,1,0,1,1,0,55,0,22,0,1,101,116,180,1,0,1,1,0,55,0,0,-1,-1,-1,-1,0,0,0,0,0,0,-1,0,60,0,60,180,0,180,180,365,547,5,1,0,0,0,-1,608011156
1,1,-1,1,1,0,1,1,5,2,0,0,25,0,0,-1,-1,-1,0,0,0,0,0,-1,0,21,1,1,206,-1,30,1,0,1,1,0,25,0,0,-1,-1,-1,-1,0,0,0,0,0,0,-1,0,0,0,0,30,365,365,30,30,30,4,0,1,0,0,-1,608011156
1,1,-1,1,1,0,1,1,5,2,0,0,25,0,22,1,314,99,1,0,1,1,0,25,0,0,-1,-1,-1,-1,0,0,0,0,0,0,-1,0,0,-1,-1,-1,-1,0,0,0,0,0,0,-1,0,60,0,60,0,0,60,60,180,180,1,1,0,0,0,-1,608011156
1,1,-1,1,1,0,1,1,15,1,0,0,25,0,22,1,99,99,1,0,1,1,0,25,0,0,-1,-1,-1,-1,0,0,0,0,0,0,-1,0,0,-1,-1,-1,-1,0,0,0,0,0,0,-1,0,30,0,30,0,0,30,30,180,180,1,1,0,0,0,-1,608011156
1,1,-1,1,1,0,1,1,15,2,0,0,25,1,21,1,116,-1,1,0,1,1,0,25,0,21,0,1,101,-1,180,1,0,1,1,0,25,1,0,-1,-1,-1,-1,0,0,0,0,0,0,-1,0,180,0,180,0,0,180,180,30,180,5,1,0,0,0,-1,608011156
1,1,-1,1,1,0,1,1,25,1,0,0,25,0,22,1,101,99,1,0,1,1,0,25,0,22,0,1,101,101,180,1,0,1,1,0,25,0,0,-1,-1,-1,-1,0,0,0,0,0,0,-1,0,30,0,30,180,0,180,180,1094,1094,5,1,0,0,0,-1,608011156
1,1,-1,1,1,0,1,1,34,1,0,0,25,0,0,-1,-1,-1,0,0,0,0,0,-1,0,21,0,1,116,-1,180,1,0,1,1,0,25,0,0,-1,-1,-1,-1,0,0,0,0,0,0,-1,0,0,0,0,180,0,180,180,30,180,4,0,0,0,0,-1,608011156
1,1,-1,1,1,0,1,1,36,1,0,0,25,0,0,-1,-1,-1,0,0,0,0,0,-1,0,21,1,1,101,-1,7,1,0,1,1,0,25,0,0,-1,-1,-1,-1,0,0,0,0,0,0,-1,0,0,0,0,7,180,180,7,547,547,4,0,1,0,0,-1,608011156
1,1,-1,1,1,0,1,1,56,1,0,0,18,0,22,1,314,423,1,0,1,1,0,18,0,0,-1,-1,-1,-1,0,0,0,0,0,0,-1,0,0,-1,-1,-1,-1,0,0,0,0,0,0,-1,0,30,0,30,0,0,30,30,30,60,1,1,0,0,0,-1,608011156
1,1,-1,1,1,0,1,1,56,1,0,0,25,0,22,1,116,312,1,0,1,1,0,25,0,21,0,1,116,-1,365,1,0,1,1,0,25,0,0,-1,-1,-1,-1,0,0,0,0,0,0,-1,0,0,60,60,180,0,365,365,1094,1094,6,1,0,0,0,-1,608011156
1,1,-1,1,1,0,1,1,56,1,0,0,25,0,22,1,336,312,1,0,1,1,0,25,0,0,-1,-1,-1,-1,0,0,0,0,0,0,-1,0,0,-1,-1,-1,-1,0,0,0,0,0,0,-1,0,30,0,30,0,0,30,30,7,30,1,1,0,0,0,-1,608011156
1,1,-1,1,1,0,1,1,56,1,0,0,55,0,22,1,116,116,1,0,1,1,0,55,0,0,-1,-1,-1,-1,0,0,0,0,0,0,-1,0,0,-1,-1,-1,-1,0,0,0,0,0,0,-1,0,30,0,30,0,0,30,30,180,365,1,1,0,0,0,-1,608011156
1,1,-1,1,1,0,1,1,357,1,0,0,25,0,22,1,207,312,1,0,1,1,0,25,0,0,-1,-1,-1,-1,0,0,0,0,0,0,-1,0,0,-1,-1,-1,-1,0,0,0,0,0,0,-1,0,60,0,60,0,0,60,60,0,60,1,1,0,0,0,-1,608011156
1,1,-1,1,1,0,1,1,567,1,0,0,25,0,22,1,116,423,1,0,1,1,0,25,0,0,-1,-1,-1,-1,0,0,0,0,0,0,-1,0,0,-1,-1,-1,-1,0,0,0,0,0,0,-1,0,30,0,30,0,0,30,30,365,365,1,1,0,0,0,-1,608011156
1,1,-1,1,1,0,1,2,1,1,0,0,18,0,22,3,206,422,1,0,1,2,0,18,0,0,-1,-1,-1,-1,0,0,0,0,0,0,-1,0,0,-1,-1,-1,-1,0,0,0,0,0,0,-1,0,30,0,30,0,0,30,30,0,30,1,1,0,0,0,-1,608011156
1,1,-1,1,1,0,1,2,3,1,0,0,25,0,0,-1,-1,-1,0,0,0,0,0,-1,0,22,0,1,116,99,180,1,0,1,2,0,25,0,0,-1,-1,-1,-1,0,0,0,0,0,0,-1,0,0,0,0,180,0,180,180,90,180,4,0,0,0,0,-1,608011156
1,1,-1,1,1,0,1,2,3,1,0,0,25,0,21,1,101,-1,1,0,1,2,0,25,0,0,-1,-1,-1,-1,0,0,0,0,0,0,-1,0,0,-1,-1,-1,-1,0,0,0,0,0,0,-1,0,365,0,365,0,0,365,365,365,547,1,1,0,0,0,-1,608011156
1,1,-1,1,1,0,1,2,3,1,0,0,25,0,21,1,116,-1,1,0,1,2,0,25,0,21,0,1,116,-1,90,1,0,1,2,0,25,0,0,-1,-1,-1,-1,0,0,0,0,0,0,-1,0,90,0,90,7,0,90,90,365,547,5,1,0,0,0,-1,608011156
1,1,-1,1,1,0,1,2,3,1,0,0,25,0,21,1,336,-1,1,0,1,2,0,25,0,0,-1,-1,-1,-1,0,0,0,0,0,0,-1,0,0,-1,-1,-1,-1,0,0,0,0,0,0,-1,0,60,0,60,0,0,60,60,1095,1095,1,1,0,0,0,-1,608011156
1,1,-1,1,1,0,1,2,3,1,0,0,25,0,22,1,101,99,1,0,1,2,0,25,0,0,-1,-1,-1,-1,0,0,0,0,0,0,-1,0,0,-1,-1,-1,-1,0,0,0,0,0,0,-1,0,30,0,30,0,0,30,30,1095,1095,1,1,0,0,0,-1,608011156
1,1,-1,1,1,0,1,2,3,1,0,0,25,0,22,1,336,99,1,0,1,2,0,25,0,0,-1,-1,-1,-1,0,0,0,0,0,0,-1,0,0,-1,-1,-1,-1,0,0,0,0,0,0,-1,0,30,0,30,0,0,30,30,0,30,1,1,0,0,0,-1,608011156
1,1,-1,1,1,0,1,2,3,1,0,0,25,0,22,1,336,99,1,0,1,2,0,25,0,21,1,1,101,-1,7,1,0,1,2,0,25,0,0,-1,-1,-1,-1,0,0,0,0,0,0,-1,0,30,0,30,7,180,180,30,365,365,5,1,1,0,0,-1,608011156
1,1,-1,1,1,0,1,2,3,1,0,0,25,0,22,1,336,313,1,0,1,2,0,25,0,0,-1,-1,-1,-1,0,0,0,0,0,0,-1,0,0,-1,-1,-1,-1,0,0,0,0,0,0,-1,0,60,0,60,0,0,60,60,1095,1095,1,1,0,0,0,-1,608011156
1,1,-1,1,1,0,1,2,3,1,0,0,55,0,0,-1,-1,-1,0,0,0,0,0,-1,0,21,1,1,116,-1,90,1,0,1,2,0,55,0,0,-1,-1,-1,-1,0,0,0,0,0,0,-1,0,0,0,0,90,180,180,90,547,547,4,0,1,0,0,-1,608011156
1,1,-1,1,1,0,1,2,3,1,0,0,55,0,22,1,116,116,1,0,1,2,0,55,0,0,-1,-1,-1,-1,0,0,0,0,0,0,-1,0,0,-1,-1,-1,-1,0,0,0,0,0,0,-1,0,60,0,60,0,0,60,60,1094,1094,1,1,0,0,0,-1,608011156
1,1,-1,1,1,0,1,2,3,1,0,0,55,0,22,1,116,423,1,0,1,2,0,55,0,0,-1,-1,-1,-1,0,0,0,0,0,0,-1,0,0,-1,-1,-1,-1,0,0,0,0,0,0,-1,0,90,0,90,0,0,90,90,1094,1094,1,1,0,0,0,-1,608011156
1,1,-1,1,1,0,1,2,5,1,0,0,18,0,0,-1,-1,-1,0,0,0,0,0,-1,0,22,1,3,101,410,7,1,0,1,2,0,18,0,0,-1,-1,-1,-1,0,0,0,0,0,0,-1,0,0,0,0,7,30,30,7,547,547,4,0,1,0,0,-1,608011156
1,1,-1,1,1,0,1,2,5,1,0,0,18,0,22,1,116,116,1,0,1,2,0,18,0,0,-1,-1,-1,-1,0,0,0,0,0,0,-1,0,0,-1,-1,-1,-1,0,0,0,0,0,0,-1,0,90,0,90,0,0,90,90,7,90,1,1,0,0,0,-1,608011156
1,1,-1,1,1,0,1,2,5,1,0,0,24,0,0,-1,-1,-1,0,0,0,0,0,-1,0,21,1,3,116,-1,30,1,0,1,2,0,24,0,0,-1,-1,-1,-1,0,0,0,0,0,0,-1,0,0,0,0,30,60,90,30,1095,1095,4,0,1,0,0,-1,608011156
1,1,-1,1,1,0,1,2,5,1,0,0,24,0,0,-1,-1,-1,0,0,0,0,0,-1,0,21,1,3,116,-1,30,1,0,1,2,0,24,0,0,-1,-1,-1,-1,0,0,0,0,0,0,-1,0,0,0,0,30,365,365,30,547,547,4,0,1,0,0,-1,608011156
1,1,-1,1,1,0,1,2,5,1,0,0,24,0,0,-1,-1,-1,0,0,0,0,0,-1,0,22,0,1,101,116,90,1,0,1,2,0,24,0,0,-1,-1,-1,-1,0,0,0,0,0,0,-1,0,0,0,0,90,0,90,90,1094,1094,4,0,0,0,0,-1,608011156
1,1,-1,1,1,0,1,2,5,1,0,0,24,0,22,1,116,423,1,0,1,2,0,24,0,0,-1,-1,-1,-1,0,0,0,0,0,0,-1,0,0,-1,-1,-1,-1,0,0,0,0,0,0,-1,0,30,0,30,0,0,30,30,0,30,1,1,0,0,0,-1,608011156
1,1,-1,1,1,0,1,2,5,1,0,0,24,0,22,3,336,313,1,0,1,2,0,24,0,0,-1,-1,-1,-1,0,0,0,0,0,0,-1,0,0,-1,-1,-1,-1,0,0,0,0,0,0,-1,0,30,0,30,0,0,30,30,547,547,1,1,0,0,0,-1,608011156
1,1,-1,1,1,0,1,2,5,1,0,0,25,0,0,-1,-1,-1,0,0,0,0,0,-1,0,21,0,1,101,-1,365,1,0,1,2,0,25,0,0,-1,-1,-1,-1,0,0,0,0,0,0,-1,0,0,0,0,365,0,365,365,1094,1095,4,0,0,0,0,-1,608011156
1,1,-1,1,1,0,1,2,5,1,0,0,25,0,0,-1,-1,-1,0,0,0,0,0,-1,0,21,0,1,116,-1,180,1,0,1,2,0,25,0,0,-1,-1,-1,-1,0,0,0,0,0,0,-1,0,0,0,0,180,0,180,180,30,180,4,0,0,0,0,-1,608011156
1,1,-1,1,1,0,1,2,5,1,0,0,25,0,0,-1,-1,-1,0,0,0,0,0,-1,0,21,0,3,116,-1,180,1,0,1,2,0,25,0,0,-1,-1,-1,-1,0,0,0,0,0,0,-1,0,0,0,0,180,0,180,180,1094,1094,4,0,0,0,0,-1,608011156
1,1,-1,1,1,0,1,2,5,1,0,0,25,0,0,-1,-1,-1,0,0,0,0,0,-1,0,21,1,1,116,-1,7,1,0,1,2,0,25,0,0,-1,-1,-1,-1,0,0,0,0,0,0,-1,0,0,0,0,7,180,180,7,180,180,4,0,1,0,0,-1,608011156
1,1,-1,1,1,0,1,2,5,1,0,0,25,0,0,-1,-1,-1,0,0,0,0,0,-1,0,21,1,3,101,-1,30,1,0,1,2,0,25,0,0,-1,-1,-1,-1,0,0,0,0,0,0,-1,0,0,0,0,30,180,180,30,30,30,4,0,1,0,0,-1,608011156
1,1,-1,1,1,0,1,2,5,1,0,0,25,0,0,-1,-1,-1,0,0,0,0,0,-1,0,22,0,1,116,99,60,1,0,1,2,0,25,0,0,-1,-1,-1,-1,0,0,0,0,0,0,-1,0,0,0,0,60,0,60,60,1095,1095,4,0,0,0,0,-1,608011156
1,1,-1,1,1,0,1,2,5,1,0,0,25,0,0,-1,-1,-1,0,0,0,0,0,-1,0,22,1,1,116,423,60,1,0,1,2,0,25,0,0,-1,-1,-1,-1,0,0,0,0,0,0,-1,0,0,0,0,60,30,60,60,1095,1095,4,0,1,0,0,-1,608011156
1,1,-1,1,1,0,1,2,5,1,0,0,25,0,21,1,101,-1,1,0,1,2,0,25,0,21,0,1,101,-1,180,1,0,1,2,0,25,0,0,-1,-1,-1,-1,0,0,0,0,0,0,-1,0,365,0,365,0,0,365,365,180,547,5,1,0,0,0,-1,608011156
1,1,-1,1,1,0,1,2,5,1,0,0,25,0,21,1,116,-1,1,0,1,2,0,25,0,0,-1,-1,-1,-1,0,0,0,0,0,0,-1,0,0,-1,-1,-1,-1,0,0,0,0,0,0,-1,0,90,0,90,0,0,90,90,547,547,1,1,0,0,0,-1,608011156
1,1,-1,1,1,0,1,2,5,1,0,0,25,0,21,1,116,-1,1,0,1,2,0,25,0,0,-1,-1,-1,-1,0,0,0,0,0,0,-1,0,0,-1,-1,-1,-1,0,0,0,0,0,0,-1,0,365,0,365,0,0,365,365,1095,1095,1,1,0,0,0,-1,608011156
1,1,-1,1,1,0,1,2,5,1,0,0,25,0,22,1,99,99,1,0,1,2,0,25,0,0,-1,-1,-1,-1,0,0,0,0,0,0,-1,0,0,-1,-1,-1,-1,0,0,0,0,0,0,-1,0,30,0,30,0,0,30,30,90,180,1,1,0,0,0,-1,608011156
1,1,-1,1,1,0,1,2,5,1,0,0,25,0,22,1,99,99,1,0,1,2,0,25,0,0,-1,-1,-1,-1,0,0,0,0,0,0,-1,0,0,-1,-1,-1,-1,0,0,0,0,0,0,-1,0,30,0,30,0,0,30,30,1094,1094,1,1,0,0,0,-1,608011156
1,1,-1,1,1,0,1,2,5,1,0,0,25,0,22,1,101,99,1,0,1,2,0,25,0,0,-1,-1,-1,-1,0,0,0,0,0,0,-1,0,0,-1,-1,-1,-1,0,0,0,0,0,0,-1,0,30,0,30,0,0,30,30,547,730,1,1,0,0,0,-1,608011156
1,1,-1,1,1,0,1,2,5,1,0,0,25,0,22,1,101,423,1,0,1,2,0,25,0,0,-1,-1,-1,-1,0,0,0,0,0,0,-1,0,0,-1,-1,-1,-1,0,0,0,0,0,0,-1,0,30,0,30,0,0,30,30,547,547,1,1,0,0,0,-1,608011156
1,1,-1,1,1,0,1,2,5,1,0,0,25,0,22,1,116,99,1,0,1,2,0,25,0,0,-1,-1,-1,-1,0,0,0,0,0,0,-1,0,0,-1,-1,-1,-1,0,0,0,0,0,0,-1,0,7,0,7,0,0,7,7,547,547,1,1,0,0,0,-1,608011156
1,1,-1,1,1,0,1,2,5,1,0,0,25,0,22,1,116,99,1,0,1,2,0,25,0,0,-1,-1,-1,-1,0,0,0,0,0,0,-1,0,0,-1,-1,-1,-1,0,0,0,0,0,0,-1,0,30,0,30,0,0,30,30,1095,1095,1,1,0,0,0,-1,608011156
1,1,-1,1,1,0,1,2,5,1,0,0,25,0,22,1,116,312,1,0,1,2,0,25,0,0,-1,-1,-1,-1,0,0,0,0,0,0,-1,0,0,-1,-1,-1,-1,0,0,0,0,0,0,-1,0,60,0,60,0,0,60,60,180,180,1,1,0,0,0,-1,608011156
1,1,-1,1,1,0,1,2,5,1,0,0,25,0,22,1,116,422,1,0,1,2,0,25,0,0,-1,-1,-1,-1,0,0,0,0,0,0,-1,0,0,-1,-1,-1,-1,0,0,0,0,0,0,-1,0,30,0,30,0,0,30,30,0,30,1,1,0,0,0,-1,608011156
1,1,-1,1,1,0,1,2,5,1,0,0,25,0,22,1,116,423,1,0,1,2,0,25,0,0,-1,-1,-1,-1,0,0,0,0,0,0,-1,0,0,-1,-1,-1,-1,0,0,0,0,0,0,-1,0,30,0,30,0,0,30,30,90,90,1,1,0,0,0,-1,608011156
1,1,-1,1,1,0,1,2,5,1,0,0,25,0,22,1,116,423,1,0,1,2,0,25,0,0,-1,-1,-1,-1,0,0,0,0,0,0,-1,0,0,-1,-1,-1,-1,0,0,0,0,0,0,-1,0,30,0,30,0,0,30,30,180,180,1,1,0,0,0,-1,608011156
1,1,-1,1,1,0,1,2,5,1,0,0,25,0,22,1,116,423,1,0,1,2,0,25,0,0,-1,-1,-1,-1,0,0,0,0,0,0,-1,0,0,-1,-1,-1,-1,0,0,0,0,0,0,-1,0,60,0,60,0,0,60,60,7,60,1,1,0,0,0,-1,608011156
1,1,-1,1,1,0,1,2,5,1,0,0,25,0,22,1,206,98,1,0,1,2,0,25,0,0,-1,-1,-1,-1,0,0,0,0,0,0,-1,0,0,-1,-1,-1,-1,0,0,0,0,0,0,-1,0,30,0,30,0,0,30,30,7,30,1,1,0,0,0,-1,608011156
1,1,-1,1,1,0,1,2,5,1,0,0,25,0,22,1,207,206,1,0,1,2,0,25,0,0,-1,-1,-1,-1,0,0,0,0,0,0,-1,0,0,-1,-1,-1,-1,0,0,0,0,0,0,-1,0,0,30,30,0,0,30,30,1095,1095,2,1,0,0,0,-1,608011156
1,1,-1,1,1,0,1,2,5,1,0,0,25,0,22,1,225,99,1,0,1,2,0,25,0,0,-1,-1,-1,-1,0,0,0,0,0,0,-1,0,0,-1,-1,-1,-1,0,0,0,0,0,0,-1,0,90,0,90,0,0,90,90,7,90,1,1,0,0,0,-1,608011156
1,1,-1,1,1,0,1,2,5,1,0,0,25,0,22,1,336,101,1,0,1,2,0,25,0,0,-1,-1,-1,-1,0,0,0,0,0,0,-1,0,0,-1,-1,-1,-1,0,0,0,0,0,0,-1,0,60,0,60,0,0,60,60,7,60,1,1,0,0,0,-1,608011156
1,1,-1,1,1,0,1,2,5,1,0,0,25,0,22,1,336,312,1,0,1,2,0,25,0,0,-1,-1,-1,-1,0,0,0,0,0,0,-1,0,0,-1,-1,-1,-1,0,0,0,0,0,0,-1,0,30,0,30,0,0,30,30,7,30,1,1,0,0,0,-1,608011156
1,1,-1,1,1,0,1,2,5,1,0,0,25,0,22,1,336,410,1,0,1,2,0,25,0,0,-1,-1,-1,-1,0,0,0,0,0,0,-1,0,0,-1,-1,-1,-1,0,0,0,0,0,0,-1,0,60,0,60,0,0,60,60,0,60,1,1,0,0,0,-1,608011156
1,1,-1,1,1,0,1,2,5,1,0,0,55,0,0,-1,-1,-1,0,0,0,0,0,-1,0,21,0,3,116,-1,365,1,0,1,2,0,55,0,0,-1,-1,-1,-1,0,0,0,0,0,0,-1,0,0,0,0,365,0,365,365,730,1094,4,0,0,0,0,-1,608011156
1,1,-1,1,1,0,1,2,5,1,0,0,55,0,0,-1,-1,-1,0,0,0,0,0,-1,0,21,1,3,116,-1,60,1,0,1,2,0,55,0,0,-1,-1,-1,-1,0,0,0,0,0,0,-1,0,0,0,0,60,180,180,60,1095,1095,4,0,1,0,0,-1,608011156
1,1,-1,1,1,0,1,2,5,1,0,0,55,0,22,1,99,99,1,0,1,2,0,55,0,0,-1,-1,-1,-1,0,0,0,0,0,0,-1,0,0,-1,-1,-1,-1,0,0,0,0,0,0,-1,0,30,0,30,0,0,30,30,1094,1094,1,1,0,0,0,-1,608011156
1,1,-1,1,1,0,1,2,5,1,0,0,55,0,22,1,101,99,1,0,1,2,0,55,0,21,1,1,101,-1,60,1,0,1,2,0,55,0,0,-1,-1,-1,-1,0,0,0,0,0,0,-1,0,30,0,30,30,180,180,60,60,90,5,1,1,0,0,-1,608011156
1,1,-1,1,1,0,1,2,5,1,0,0,55,0,22,1,118,207,1,0,1,2,0,55,0,21,1,1,101,-1,60,1,0,1,2,0,55,0,0,-1,-1,-1,-1,0,0,0,0,0,0,-1,0,60,0,60,30,180,365,90,1095,1095,5,1,1,0,0,-1,608011156
1,1,-1,1,1,0,1,2,5,2,0,0,25,0,0,-1,-1,-1,0,0,0,0,0,-1,0,21,0,2,116,-1,180,1,0,1,2,0,25,0,0,-1,-1,-1,-1,0,0,0,0,0,0,-1,0,0,0,0,180,0,180,180,90,365,4,0,0,0,0,-1,608011156
1,1,-1,1,1,0,1,2,5,2,0,0,25,0,0,-1,-1,-1,0,0,0,0,0,-1,0,22,1,3,116,410,7,1,0,1,2,0,25,0,0,-1,-1,-1,-1,0,0,0,0,0,0,-1,0,0,0,0,7,180,180,7,547,547,4,0,1,0,0,-1,608011156
1,1,-1,1,1,0,1,2,5,2,0,0,25,1,0,-1,-1,-1,0,0,0,0,0,-1,0,21,1,1,101,-1,180,1,0,1,2,0,25,1,0,-1,-1,-1,-1,0,0,0,0,0,0,-1,0,0,0,0,180,180,365,180,1094,1094,4,0,1,0,0,-1,608011156
1,1,-1,1,1,0,1,2,6,1,0,0,18,0,22,1,336,99,1,0,1,2,0,18,0,0,-1,-1,-1,-1,0,0,0,0,0,0,-1,0,0,-1,-1,-1,-1,0,0,0,0,0,0,-1,0,60,0,60,0,0,60,60,90,180,1,1,0,0,0,-1,608011156
1,1,-1,1,1,0,1,2,7,1,0,0,25,0,0,-1,-1,-1,0,0,0,0,0,-1,0,21,0,3,116,-1,90,1,0,1,2,0,25,0,0,-1,-1,-1,-1,0,0,0,0,0,0,-1,0,0,0,0,90,0,90,90,60,180,4,0,0,0,0,-1,608011156
1,1,-1,1,1,0,1,2,15,1,0,0,25,0,22,1,336,98,1,0,1,2,0,25,0,21,0,1,101,-1,180,1,0,1,2,0,25,0,0,-1,-1,-1,-1,0,0,0,0,0,0,-1,0,365,0,365,180,0,365,365,30,365,5,1,0,0,0,-1,608011156
1,1,-1,1,1,0,1,2,16,1,0,0,55,0,22,1,116,99,1,0,1,2,0,55,0,22,0,1,101,423,60,1,0,1,2,0,55,0,0,-1,-1,-1,-1,0,0,0,0,0,0,-1,0,365,0,365,30,0,365,365,365,547,5,1,0,0,0,-1,608011156
1,1,-1,1,1,0,1,2,26,1,0,0,25,0,22,1,336,422,1,0,1,2,0,25,0,0,-1,-1,-1,-1,0,0,0,0,0,0,-1,0,0,-1,-1,-1,-1,0,0,0,0,0,0,-1,0,30,0,30,0,0,30,30,0,30,1,1,0,0,0,-1,608011156
1,1,-1,1,1,0,1,2,27,1,0,0,25,0,21,1,205,-1,1,0,1,2,0,25,0,22,1,1,101,423,60,1,0,1,2,0,25,0,0,-1,-1,-1,-1,0,0,0,0,0,0,-1,0,90,0,90,60,7,180,180,730,730,5,1,1,0,0,-1,608011156
1,1,-1,1,1,0,1,2,35,1,0,0,18,0,22,1,99,99,1,0,1,2,0,18,0,22,0,1,101,99,180,1,0,1,2,0,18,0,0,-1,-1,-1,-1,0,0,0,0,0,0,-1,0,7,0,7,180,0,180,180,90,180,5,1,0,0,0,-1,608011156
1,1,-1,1,1,0,1,2,37,1,0,0,55,0,22,3,410,410,1,0,1,2,0,55,0,0,-1,-1,-1,-1,0,0,0,0,0,0,-1,0,0,-1,-1,-1,-1,0,0,0,0,0,0,-1,0,30,0,30,0,0,30,30,0,30,1,1,0,0,0,-1,608011156
1,1,-1,1,1,0,1,2,37,2,0,0,55,0,0,-1,-1,-1,0,0,0,0,0,-1,0,21,0,1,116,-1,180,1,0,1,2,0,55,0,0,-1,-1,-1,-1,0,0,0,0,0,0,-1,0,0,0,0,180,0,180,180,365,547,4,0,0,0,0,-1,608011156
1,1,-1,1,1,0,1,2,56,1,0,0,25,0,0,-1,-1,-1,0,0,0,0,0,-1,0,21,1,1,116,-1,30,1,0,1,2,0,25,0,0,-1,-1,-1,-1,0,0,0,0,0,0,-1,0,0,0,0,30,90,90,30,1094,1094,4,0,1,0,0,-1,608011156
1,1,-1,1,1,0,1,2,56,1,0,0,25,0,22,1,336,313,1,0,1,2,0,25,0,0,-1,-1,-1,-1,0,0,0,0,0,0,-1,0,0,-1,-1,-1,-1,0,0,0,0,0,0,-1,0,60,0,60,0,0,60,60,1094,1094,1,1,0,0,0,-1,608011156
1,1,-1,1,1,0,1,2,56,1,0,0,25,0,22,3,207,312,1,0,1,2,0,25,0,0,-1,-1,-1,-1,0,0,0,0,0,0,-1,0,0,-1,-1,-1,-1,0,0,0,0,0,0,-1,0,30,0,30,0,0,30,30,30,30,1,1,0,0,0,-1,608011156
1,1,-1,1,1,0,1,2,56,1,0,0,55,0,22,1,101,101,1,0,1,2,0,55,0,0,-1,-1,-1,-1,0,0,0,0,0,0,-1,0,0,-1,-1,-1,-1,0,0,0,0,0,0,-1,0,60,0,60,0,0,60,60,0,60,1,1,0,0,0,-1,608011156
1,1,-1,1,1,0,1,2,56,1,0,0,55,0,22,1,116,116,1,0,1,2,0,55,0,0,-1,-1,-1,-1,0,0,0,0,0,0,-1,0,0,-1,-1,-1,-1,0,0,0,0,0,0,-1,0,60,0,60,0,0,60,60,60,180,1,1,0,0,0,-1,608011156
1,1,-1,1,1,0,1,2,67,1,0,0,25,0,22,1,99,99,1,0,1,2,0,25,0,21,1,1,116,-1,180,1,0,1,2,0,25,0,0,-1,-1,-1,-1,0,0,0,0,0,0,-1,0,7,0,7,180,30,180,180,1095,1095,5,1,1,0,0,-1,608011156
1,1,-1,1,1,0,1,2,67,1,0,0,25,0,22,1,99,99,1,0,1,2,0,25,0,22,1,1,101,423,60,1,0,1,2,0,25,0,0,-1,-1,-1,-1,0,0,0,0,0,0,-1,0,60,0,60,30,60,180,60,730,730,5,1,1,0,0,-1,608011156
1,1,-1,1,1,0,1,2,126,1,0,0,25,0,22,1,116,423,1,0,1,2,0,25,0,0,-1,-1,-1,-1,0,0,0,0,0,0,-1,0,0,-1,-1,-1,-1,0,0,0,0,0,0,-1,0,30,0,30,0,0,30,30,0,30,1,1,0,0,0,-1,608011156
1,1,-1,1,1,0,1,2,126,1,0,0,25,0,22,1,335,101,1,0,1,2,0,25,0,0,-1,-1,-1,-1,0,0,0,0,0,0,-1,0,0,-1,-1,-1,-1,0,0,0,0,0,0,-1,0,30,0,30,0,0,30,30,0,30,1,1,0,0,0,-1,608011156
1,1,-1,1,1,0,1,2,126,1,0,0,25,0,22,1,335,206,1,0,1,2,0,25,0,0,-1,-1,-1,-1,0,0,0,0,0,0,-1,0,0,-1,-1,-1,-1,0,0,0,0,0,0,-1,0,0,60,60,0,0,60,60,0,60,2,1,0,0,0,-1,608011156
1,1,-1,1,1,0,1,2,136,1,0,0,25,0,0,-1,-1,-1,0,0,0,0,0,-1,0,21,1,1,101,-1,30,1,0,1,2,0,25,0,0,-1,-1,-1,-1,0,0,0,0,0,0,-1,0,0,0,0,30,365,365,30,1095,1095,4,0,1,0,0,-1,608011156
1,1,-1,1,1,0,1,2,137,1,0,0,55,0,0,-1,-1,-1,0,0,0,0,0,-1,0,21,1,3,116,-1,7,1,0,1,2,0,55,0,0,-1,-1,-1,-1,0,0,0,0,0,0,-1,0,0,0,0,7,180,180,7,365,365,4,0,1,0,0,-1,608011156
1,1,-1,1,1,0,1,2,167,1,0,0,25,0,22,1,116,99,1,0,1,2,0,25,0,0,-1,-1,-1,-1,0,0,0,0,0,0,-1,0,0,-1,-1,-1,-1,0,0,0,0,0,0,-1,0,30,0,30,0,0,30,30,30,30,1,1,0,0,0,-1,608011156
1,1,-1,1,1,0,1,2,236,1,0,0,55,0,0,-1,-1,-1,0,0,0,0,0,-1,0,21,1,1,116,-1,60,1,0,1,2,0,55,0,0,-1,-1,-1,-1,0,0,0,0,0,0,-1,0,0,0,0,60,180,365,60,1094,1094,4,0,1,0,0,-1,608011156
1,1,-1,1,1,0,1,2,236,2,0,0,25,0,0,-1,-1,-1,0,0,0,0,0,-1,0,22,1,3,314,433,60,1,0,1,2,0,25,0,0,-1,-1,-1,-1,0,0,0,0,0,0,-1,0,0,0,0,60,60,180,60,180,180,4,0,1,0,0,-1,608011156
1,1,-1,1,1,0,1,2,237,1,0,0,25,0,21,1,99,-1,1,0,1,2,0,25,0,22,0,2,101,24,180,1,0,1,2,0,25,0,0,-1,-1,-1,-1,0,0,0,0,0,0,-1,0,365,0,365,0,0,365,365,1094,1095,5,1,0,0,0,-1,608011156
1,1,-1,1,1,0,1,2,246,1,0,0,25,0,22,1,116,410,1,0,1,2,0,25,0,0,-1,-1,-1,-1,0,0,0,0,0,0,-1,0,0,-1,-1,-1,-1,0,0,0,0,0,0,-1,0,30,0,30,0,0,30,30,0,30,1,1,0,0,0,-1,608011156
1,1,-1,1,1,0,1,2,347,1,0,0,25,0,22,1,101,99,1,0,1,2,0,25,0,0,-1,-1,-1,-1,0,0,0,0,0,0,-1,0,0,-1,-1,-1,-1,0,0,0,0,0,0,-1,0,30,0,30,0,0,30,30,365,365,1,1,0,0,0,-1,608011156
1,1,-1,1,1,0,1,2,467,1,0,0,55,0,21,1,116,-1,1,0,1,2,0,55,0,0,-1,-1,-1,-1,0,0,0,0,0,0,-1,0,0,-1,-1,-1,-1,0,0,0,0,0,0,-1,0,90,0,90,0,0,90,90,0,90,1,1,0,0,0,-1,608011156
1,1,-1,1,1,1,1,0,1,1,0,0,55,0,0,-1,-1,-1,0,0,0,0,0,-1,0,22,1,2,116,419,60,1,1,1,0,0,55,0,0,-1,-1,-1,-1,0,0,0,0,0,0,-1,0,0,0,0,60,90,180,60,180,180,4,0,1,0,0,-1,608011156
1,1,-1,1,1,1,1,0,3,1,0,0,24,0,0,-1,-1,-1,0,0,0,0,0,-1,0,0,-1,-1,-1,-1,0,0,0,0,0,0,-1,0,21,1,2,204,-1,12,1,1,1,0,0,24,0,0,0,0,60,0,60,60,547,547,8,0,0,1,0,-1,608011156
1,1,-1,1,1,1,1,0,3,1,0,0,25,0,0,-1,-1,-1,0,0,0,0,0,-1,0,0,-1,-1,-1,-1,0,0,0,0,0,0,-1,0,21,1,2,101,-1,3,1,1,1,0,0,25,0,0,0,0,60,0,60,60,547,547,8,0,0,1,0,-1,608011156
1,1,-1,1,1,1,1,0,3,1,0,0,25,0,0,-1,-1,-1,0,0,0,0,0,-1,0,0,-1,-1,-1,-1,0,0,0,0,0,0,-1,0,21,1,2,101,-1,12,1,1,1,0,0,25,0,0,0,0,7,0,7,7,30,30,8,0,0,1,0,-1,608011156
1,1,-1,1,1,1,1,0,3,1,0,0,55,0,0,-1,-1,-1,0,0,0,0,0,-1,0,0,-1,-1,-1,-1,0,0,0,0,0,0,-1,0,21,0,1,116,-1,0,1,1,1,0,0,55,0,0,0,0,180,0,180,180,1095,1095,8,0,0,0,0,-1,608011156
1,1,-1,1,1,1,1,0,3,1,0,0,55,0,0,-1,-1,-1,0,0,0,0,0,-1,0,0,-1,-1,-1,-1,0,0,0,0,0,0,-1,0,21,1,2,329,-1,6,1,1,1,0,0,55,0,0,0,0,60,0,60,60,730,730,8,0,0,1,0,-1,608011156
1,1,-1,1,1,1,1,0,3,1,0,0,55,0,0,-1,-1,-1,0,0,0,0,0,-1,0,22,1,2,101,419,60,1,1,1,0,0,55,0,0,-1,-1,-1,-1,0,0,0,0,0,0,-1,0,0,0,0,60,60,180,60,730,730,4,0,1,0,0,-1,608011156
1,1,-1,1,1,1,1,0,3,1,0,0,55,0,22,1,116,422,1,1,1,0,0,55,0,0,-1,-1,-1,-1,0,0,0,0,0,0,-1,0,0,-1,-1,-1,-1,0,0,0,0,0,0,-1,0,180,0,180,0,0,180,180,547,547,1,1,0,0,0,-1,608011156
1,1,-1,1,1,1,1,0,5,1,0,0,24,0,0,-1,-1,-1,0,0,0,0,0,-1,0,0,-1,-1,-1,-1,0,0,0,0,0,0,-1,0,21,1,2,101,-1,6,1,1,1,0,0,24,0,0,0,0,60,0,60,60,365,365,8,0,0,1,0,-1,608011156
1,1,-1,1,1,1,1,0,5,1,0,0,24,0,0,-1,-1,-1,0,0,0,0,0,-1,0,0,-1,-1,-1,-1,0,0,0,0,0,0,-1,0,21,1,2,101,-1,12,1,1,1,0,0,24,0,0,0,0,60,0,60,60,730,730,8,0,0,1,0,-1,608011156
1,1,-1,1,1,1,1,0,5,1,0,0,25,0,0,-1,-1,-1,0,0,0,0,0,-1,0,0,-1,-1,-1,-1,0,0,0,0,0,0,-1,0,21,1,2,101,-1,6,1,1,1,0,0,25,0,0,0,0,60,0,60,60,180,180,8,0,0,1,0,-1,608011156
1,1,-1,1,1,1,1,0,5,1,0,0,25,0,0,-1,-1,-1,0,0,0,0,0,-1,0,0,-1,-1,-1,-1,0,0,0,0,0,0,-1,0,21,1,2,101,-1,12,1,1,1,0,0,25,0,0,0,0,60,0,60,60,365,547,8,0,0,1,0,-1,608011156
1,1,-1,1,1,1,1,0,5,1,0,0,25,0,0,-1,-1,-1,0,0,0,0,0,-1,0,0,-1,-1,-1,-1,0,0,0,0,0,0,-1,0,21,1,2,116,-1,12,1,1,1,0,0,25,0,0,0,0,30,0,30,30,365,365,8,0,0,1,0,-1,608011156
1,1,-1,1,1,1,1,0,5,1,0,0,25,0,0,-1,-1,-1,0,0,0,0,0,-1,0,0,-1,-1,-1,-1,0,0,0,0,0,0,-1,0,21,1,2,116,-1,12,1,1,1,0,0,25,0,0,0,0,60,0,60,60,547,730,8,0,0,1,0,-1,608011156
1,1,-1,1,1,1,1,0,5,1,0,0,25,0,0,-1,-1,-1,0,0,0,0,0,-1,0,0,-1,-1,-1,-1,0,0,0,0,0,0,-1,0,21,1,2,205,-1,6,1,1,1,0,0,25,0,0,0,0,30,0,30,30,547,547,8,0,0,1,0,-1,608011156
1,1,-1,1,1,1,1,0,5,1,0,0,25,0,0,-1,-1,-1,0,0,0,0,0,-1,0,21,0,2,101,-1,90,1,1,1,0,0,25,0,0,-1,-1,-1,-1,0,0,0,0,0,0,-1,0,0,0,0,90,0,90,90,730,730,4,0,0,0,0,-1,608011156
1,1,-1,1,1,1,1,0,5,1,0,0,25,0,0,-1,-1,-1,0,0,0,0,0,-1,0,21,0,3,206,-1,90,1,1,1,0,0,25,0,0,-1,-1,-1,-1,0,0,0,0,0,0,-1,0,0,0,0,90,0,90,90,1095,1095,4,0,0,0,0,-1,608011156
1,1,-1,1,1,1,1,0,5,1,0,0,25,0,0,-1,-1,-1,0,0,0,0,0,-1,0,22,1,2,101,419,180,1,1,1,0,0,25,0,0,-1,-1,-1,-1,0,0,0,0,0,0,-1,0,0,0,0,180,60,180,180,1095,1095,4,0,1,0,0,-1,608011156
1,1,-1,1,1,1,1,0,5,1,0,0,25,0,0,-1,-1,-1,0,0,0,0,0,-1,0,22,1,3,116,410,30,1,1,1,0,0,25,0,0,-1,-1,-1,-1,0,0,0,0,0,0,-1,0,0,0,0,30,90,180,30,547,547,4,0,1,0,0,-1,608011156
1,1,-1,1,1,1,1,0,5,1,0,0,25,0,22,1,101,312,1,1,1,0,0,25,0,0,-1,-1,-1,-1,0,0,0,0,0,0,-1,0,0,-1,-1,-1,-1,0,0,0,0,0,0,-1,0,180,0,180,0,0,180,180,365,547,1,1,0,0,0,-1,608011156
1,1,-1,1,1,1,1,0,5,1,0,0,25,0,22,1,116,116,1,1,1,0,0,25,0,0,-1,-1,-1,-1,0,0,0,0,0,0,-1,0,0,-1,-1,-1,-1,0,0,0,0,0,0,-1,0,90,0,90,0,0,90,90,1094,1094,1,1,0,0,0,-1,608011156
1,1,-1,1,1,1,1,0,5,1,0,0,25,0,22,1,116,422,1,1,1,0,0,25,0,0,-1,-1,-1,-1,0,0,0,0,0,0,-1,0,0,-1,-1,-1,-1,0,0,0,0,0,0,-1,0,30,0,30,0,0,30,30,1095,1095,1,1,0,0,0,-1,608011156
1,1,-1,1,1,1,1,0,5,1,0,0,25,0,22,3,101,99,1,1,1,0,0,25,0,0,-1,-1,-1,-1,0,0,0,0,0,0,-1,0,0,-1,-1,-1,-1,0,0,0,0,0,0,-1,0,30,0,30,0,0,30,30,547,547,1,1,0,0,0,-1,608011156
1,1,-1,1,1,1,1,0,5,1,0,0,25,0,22,3,116,423,1,1,1,0,0,25,0,0,-1,-1,-1,-1,0,0,0,0,0,0,-1,0,0,-1,-1,-1,-1,0,0,0,0,0,0,-1,0,30,0,30,0,0,30,30,1095,1095,1,1,0,0,0,-1,608011156
1,1,-1,1,1,1,1,0,5,1,0,0,55,0,0,-1,-1,-1,0,0,0,0,0,-1,0,21,0,2,116,-1,90,1,1,1,0,0,55,0,0,-1,-1,-1,-1,0,0,0,0,0,0,-1,0,0,0,0,90,0,90,90,365,365,4,0,0,0,0,-1,608011156
1,1,-1,1,1,1,1,0,5,1,0,0,55,0,0,-1,-1,-1,0,0,0,0,0,-1,0,21,0,2,116,-1,180,1,1,1,0,0,55,0,0,-1,-1,-1,-1,0,0,0,0,0,0,-1,0,0,0,0,180,0,180,180,1094,1095,4,0,0,0,0,-1,608011156
1,1,-1,1,1,1,1,0,5,1,0,0,55,0,0,-1,-1,-1,0,0,0,0,0,-1,0,21,1,3,116,-1,0,1,1,1,0,0,55,0,0,-1,-1,-1,-1,0,0,0,0,0,0,-1,0,0,0,0,0,180,180,0,547,547,4,0,1,0,0,-1,608011156
1,1,-1,1,1,1,1,0,5,1,0,0,55,0,22,1,101,101,1,1,1,0,0,55,0,21,1,2,101,-1,365,1,1,1,0,0,55,0,0,-1,-1,-1,-1,0,0,0,0,0,0,-1,0,0,365,365,30,180,365,365,1094,1095,6,1,1,0,0,-1,608011156
1,1,-1,1,1,1,1,0,5,1,0,0,55,0,22,1,101,116,1,1,1,0,0,55,0,22,1,2,101,420,60,1,1,1,0,0,55,0,0,-1,-1,-1,-1,0,0,0,0,0,0,-1,0,60,0,60,30,30,90,60,1094,1094,5,1,1,0,0,-1,608011156
1,1,-1,1,1,1,1,0,5,2,0,0,25,0,0,-1,-1,-1,0,0,0,0,0,-1,0,21,1,2,101,-1,60,1,1,1,0,0,25,0,0,-1,-1,-1,-1,0,0,0,0,0,0,-1,0,0,0,0,60,180,180,60,547,547,4,0,1,0,0,-1,608011156
1,1,-1,1,1,1,1,0,5,2,0,0,25,0,0,-1,-1,-1,0,0,0,0,0,-1,0,21,1,2,116,-1,60,1,1,1,0,0,25,0,0,-1,-1,-1,-1,0,0,0,0,0,0,-1,0,0,0,0,60,90,180,60,547,730,4,0,1,0,0,-1,608011156
1,1,-1,1,1,1,1,0,45,1,0,0,55,0,22,1,116,423,1,1,1,0,0,55,0,0,-1,-1,-1,-1,0,0,0,0,0,0,-1,0,0,-1,-1,-1,-1,0,0,0,0,0,0,-1,0,30,0,30,0,0,30,30,0,30,1,1,0,0,0,-1,608011156
1,1,-1,1,1,1,1,0,56,1,0,0,55,0,0,-1,-1,-1,0,0,0,0,0,-1,0,0,-1,-1,-1,-1,0,0,0,0,0,0,-1,0,21,1,2,101,-1,6,1,1,1,0,0,55,0,0,0,0,60,0,60,60,547,730,8,0,0,1,0,-1,608011156
1,1,-1,1,1,1,1,0,56,1,0,0,55,0,22,1,101,420,1,1,1,0,0,55,0,0,-1,-1,-1,-1,0,0,0,0,0,0,-1,0,0,-1,-1,-1,-1,0,0,0,0,0,0,-1,0,90,0,90,0,0,90,90,7,90,1,1,0,0,0,-1,608011156
1,1,-1,1,1,1,1,0,67,1,0,0,55,0,0,-1,-1,-1,0,0,0,0,0,-1,0,22,1,2,116,419,30,1,1,1,0,0,55,0,0,-1,-1,-1,-1,0,0,0,0,0,0,-1,0,0,0,0,30,180,180,30,547,547,4,0,1,0,0,-1,608011156
1,1,-1,1,1,1,1,0,123,1,0,0,25,0,0,-1,-1,-1,0,0,0,0,0,-1,0,22,1,2,116,410,60,1,1,1,0,0,25,0,0,-1,-1,-1,-1,0,0,0,0,0,0,-1,0,0,0,0,60,180,365,60,730,730,4,0,1,0,0,-1,608011156
1,1,-1,1,1,1,1,0,136,1,0,0,55,0,22,1,336,99,1,1,1,0,0,55,0,0,-1,-1,-1,-1,0,0,0,0,0,0,-1,0,0,-1,-1,-1,-1,0,0,0,0,0,0,-1,0,30,0,30,0,0,30,30,365,365,1,1,0,0,0,-1,608011156
1,1,-1,1,1,1,1,0,156,1,0,0,55,0,22,1,116,419,1,1,1,0,0,55,0,21,1,1,116,-1,60,1,1,1,0,0,55,0,0,-1,-1,-1,-1,0,0,0,0,0,0,-1,0,7,0,7,60,90,180,60,1095,1095,5,1,1,0,0,-1,608011156
1,1,-1,1,1,1,1,0,245,1,0,0,25,0,0,-1,-1,-1,0,0,0,0,0,-1,0,21,0,3,101,-1,90,1,1,1,0,0,25,0,0,-1,-1,-1,-1,0,0,0,0,0,0,-1,0,0,0,0,90,0,90,90,1095,1095,4,0,0,0,0,-1,608011156
1,1,-1,1,1,1,1,1,5,1,0,0,25,0,0,-1,-1,-1,0,0,0,0,0,-1,0,21,0,2,116,-1,180,1,1,1,1,0,25,0,0,-1,-1,-1,-1,0,0,0,0,0,0,-1,0,0,0,0,180,0,180,180,60,365,4,0,0,0,0,-1,608011156
1,1,-1,1,1,1,1,1,236,1,0,0,25,0,0,-1,-1,-1,0,0,0,0,0,-1,0,22,0,2,116,99,30,1,1,1,1,0,25,0,0,-1,-1,-1,-1,0,0,0,0,0,0,-1,0,0,0,0,30,0,30,30,365,547,4,0,0,0,0,-1,608011156
1,1,-1,1,1,1,1,2,5,1,0,0,25,0,0,-1,-1,-1,0,0,0,0,0,-1,0,0,-1,-1,-1,-1,0,0,0,0,0,0,-1,0,21,1,2,101,-1,12,1,1,1,2,0,25,0,0,0,0,7,0,7,7,547,547,8,0,0,1,0,-1,608011156
1,1,-1,1,1,1,1,2,5,1,0,0,25,0,0,-1,-1,-1,0,0,0,0,0,-1,0,21,1,1,116,-1,7,1,1,1,2,0,25,0,0,-1,-1,-1,-1,0,0,0,0,0,0,-1,0,0,0,0,7,90,90,7,1095,1095,4,0,1,0,0,-1,608011156
1,1,-1,1,1,1,1,2,5,1,0,0,25,0,21,1,116,-1,1,1,1,2,0,25,0,21,0,2,101,-1,180,1,1,1,2,0,25,0,0,-1,-1,-1,-1,0,0,0,0,0,0,-1,0,0,180,180,0,0,180,180,547,730,6,1,0,0,0,-1,608011156
1,1,-1,1,1,1,1,2,5,1,0,0,25,0,21,3,116,-1,1,1,1,2,0,25,0,21,0,1,101,-1,180,1,1,1,2,0,25,0,0,-1,-1,-1,-1,0,0,0,0,0,0,-1,0,180,0,180,0,0,180,180,547,730,5,1,0,0,0,-1,608011156
1,1,-1,1,1,1,1,2,5,1,0,0,25,0,22,1,116,423,1,1,1,2,0,25,0,0,-1,-1,-1,-1,0,0,0,0,0,0,-1,0,0,-1,-1,-1,-1,0,0,0,0,0,0,-1,0,30,0,30,0,0,30,30,1095,1095,1,1,0,0,0,-1,608011156
1,1,-1,1,1,1,1,2,5,1,0,0,55,0,0,-1,-1,-1,0,0,0,0,0,-1,0,21,0,2,116,-1,90,1,1,1,2,0,55,0,0,-1,-1,-1,-1,0,0,0,0,0,0,-1,0,0,0,0,90,0,90,90,1094,1094,4,0,0,0,0,-1,608011156
1,1,-1,1,1,1,1,2,5,1,0,0,55,0,0,-1,-1,-1,0,0,0,0,0,-1,0,21,1,3,116,-1,30,1,1,1,2,0,55,0,0,-1,-1,-1,-1,0,0,0,0,0,0,-1,0,0,0,0,30,90,90,30,547,547,4,0,1,0,0,-1,608011156
1,1,-1,1,1,1,1,2,5,1,0,0,55,0,0,-1,-1,-1,0,0,0,0,0,-1,0,22,1,1,116,410,7,1,1,1,2,0,55,0,0,-1,-1,-1,-1,0,0,0,0,0,0,-1,0,0,0,0,7,30,30,7,180,180,4,0,1,0,0,-1,608011156
1,1,-1,1,1,1,1,2,5,2,0,0,25,0,0,-1,-1,-1,0,0,0,0,0,-1,0,21,0,2,116,-1,180,1,1,1,2,0,25,0,0,-1,-1,-1,-1,0,0,0,0,0,0,-1,0,0,0,0,180,0,180,180,1095,1095,4,0,0,0,0,-1,608011156
1,1,-1,1,1,1,1,2,15,1,0,0,55,0,0,-1,-1,-1,0,0,0,0,0,-1,0,0,-1,-1,-1,-1,0,0,0,0,0,0,-1,0,21,1,2,314,-1,6,1,1,1,2,0,55,0,0,0,0,60,0,60,60,730,730,8,0,0,1,0,-1,608011156
1,1,-1,1,1,1,1,2,16,1,0,0,25,0,22,1,314,410,1,1,1,2,0,25,0,21,1,1,314,-1,30,1,1,1,2,0,25,0,0,-1,-1,-1,-1,0,0,0,0,0,0,-1,0,30,0,30,30,365,365,60,0,60,5,1,1,0,0,-1,608011156
1,1,-1,1,1,1,1,2,98,1,0,0,25,0,22,1,99,99,1,1,1,2,0,25,0,21,1,1,101,-1,7,1,1,1,2,0,25,0,0,-1,-1,-1,-1,0,0,0,0,0,0,-1,0,60,0,60,7,90,180,60,1094,1094,5,1,1,0,0,-1,608011156
1,1,-1,1,3,0,0,0,5,1,0,0,55,0,22,1,206,99,0,0,0,0,0,55,0,0,-1,-1,-1,-1,0,0,0,0,0,0,-1,0,0,-1,-1,-1,-1,0,0,0,0,0,0,-1,0,30,0,30,0,0,30,30,7,60,1,1,0,0,0,-1,608011156
1,1,-1,1,4,0,0,0,1,1,0,0,25,0,22,1,116,422,0,0,0,0,0,25,0,0,-1,-1,-1,-1,0,0,0,0,0,0,-1,0,0,-1,-1,-1,-1,0,0,0,0,0,0,-1,0,30,0,30,0,0,30,30,7,30,1,1,0,0,0,-1,608011156
1,1,-1,1,4,0,0,0,1,1,0,0,25,0,22,1,207,99,0,0,0,0,0,25,0,0,-1,-1,-1,-1,0,0,0,0,0,0,-1,0,0,-1,-1,-1,-1,0,0,0,0,0,0,-1,0,7,0,7,0,0,7,7,30,30,1,1,0,0,0,-1,608011156
1,1,-1,1,4,0,0,0,3,1,0,0,18,0,0,-1,-1,-1,0,0,0,0,0,-1,0,22,1,3,101,420,30,0,0,0,0,0,18,0,0,-1,-1,-1,-1,0,0,0,0,0,0,-1,0,0,0,0,30,180,365,30,730,730,4,0,1,0,0,-1,608011156
1,1,-1,1,4,0,0,0,3,1,0,0,18,0,22,1,206,422,0,0,0,0,0,18,0,0,-1,-1,-1,-1,0,0,0,0,0,0,-1,0,0,-1,-1,-1,-1,0,0,0,0,0,0,-1,0,30,0,30,0,0,30,30,7,30,1,1,0,0,0,-1,608011156
1,1,-1,1,4,0,0,0,3,1,0,0,24,0,22,1,116,99,0,0,0,0,0,24,0,0,-1,-1,-1,-1,0,0,0,0,0,0,-1,0,0,-1,-1,-1,-1,0,0,0,0,0,0,-1,0,30,0,30,0,0,30,30,30,60,1,1,0,0,0,-1,608011156
1,1,-1,1,4,0,0,0,3,1,0,0,24,0,22,1,116,207,0,0,0,0,0,24,0,0,-1,-1,-1,-1,0,0,0,0,0,0,-1,0,0,-1,-1,-1,-1,0,0,0,0,0,0,-1,0,30,0,30,0,0,30,30,1094,1094,1,1,0,0,0,-1,608011156
1,1,-1,1,4,0,0,0,3,1,0,0,24,0,22,1,336,99,0,0,0,0,0,24,0,0,-1,-1,-1,-1,0,0,0,0,0,0,-1,0,0,-1,-1,-1,-1,0,0,0,0,0,0,-1,0,30,0,30,0,0,30,30,0,30,1,1,0,0,0,-1,608011156
1,1,-1,1,4,0,0,0,3,1,0,0,25,0,0,-1,-1,-1,0,0,0,0,0,-1,0,21,0,1,116,-1,365,0,0,0,0,0,25,0,0,-1,-1,-1,-1,0,0,0,0,0,0,-1,0,0,0,0,365,0,365,365,547,730,4,0,0,0,0,-1,608011156
1,1,-1,1,4,0,0,0,3,1,0,0,25,0,0,-1,-1,-1,0,0,0,0,0,-1,0,21,1,1,116,-1,7,0,0,0,0,0,25,0,0,-1,-1,-1,-1,0,0,0,0,0,0,-1,0,0,0,0,7,180,180,7,547,547,4,0,1,0,0,-1,608011156
1,1,-1,1,4,0,0,0,3,1,0,0,25,0,0,-1,-1,-1,0,0,0,0,0,-1,0,21,1,1,116,-1,30,0,0,0,0,0,25,0,0,-1,-1,-1,-1,0,0,0,0,0,0,-1,0,0,0,0,30,180,180,30,365,365,4,0,1,0,0,-1,608011156
1,1,-1,1,4,0,0,0,3,1,0,0,25,0,0,-1,-1,-1,0,0,0,0,0,-1,0,21,1,1,116,-1,30,0,0,0,0,0,25,0,0,-1,-1,-1,-1,0,0,0,0,0,0,-1,0,0,0,0,30,365,365,30,365,547,4,0,1,0,0,-1,608011156
1,1,-1,1,4,0,0,0,3,1,0,0,25,0,21,1,335,-1,0,0,0,0,0,25,0,0,-1,-1,-1,-1,0,0,0,0,0,0,-1,0,0,-1,-1,-1,-1,0,0,0,0,0,0,-1,0,90,0,90,0,0,90,90,7,90,1,1,0,0,0,-1,608011156
1,1,-1,1,4,0,0,0,3,1,0,0,25,0,22,1,99,99,0,0,0,0,0,25,0,0,-1,-1,-1,-1,0,0,0,0,0,0,-1,0,0,-1,-1,-1,-1,0,0,0,0,0,0,-1,0,7,0,7,0,0,7,7,365,365,1,1,0,0,0,-1,608011156
1,1,-1,1,4,0,0,0,3,1,0,0,25,0,22,1,101,423,0,0,0,0,0,25,0,0,-1,-1,-1,-1,0,0,0,0,0,0,-1,0,0,-1,-1,-1,-1,0,0,0,0,0,0,-1,0,30,0,30,0,0,30,30,60,90,1,1,0,0,0,-1,608011156
1,1,-1,1,4,0,0,0,3,1,0,0,25,0,22,1,116,99,0,0,0,0,0,25,0,0,-1,-1,-1,-1,0,0,0,0,0,0,-1,0,0,-1,-1,-1,-1,0,0,0,0,0,0,-1,0,7,0,7,0,0,7,7,547,547,1,1,0,0,0,-1,608011156
1,1,-1,1,4,0,0,0,3,1,0,0,25,0,22,1,116,99,0,0,0,0,0,25,0,0,-1,-1,-1,-1,0,0,0,0,0,0,-1,0,0,-1,-1,-1,-1,0,0,0,0,0,0,-1,0,60,0,60,0,0,60,60,365,365,1,1,0,0,0,-1,608011156
1,1,-1,1,4,0,0,0,3,1,0,0,25,0,22,1,116,314,0,0,0,0,0,25,0,0,-1,-1,-1,-1,0,0,0,0,0,0,-1,0,0,-1,-1,-1,-1,0,0,0,0,0,0,-1,0,30,0,30,0,0,30,30,0,30,1,1,0,0,0,-1,608011156
1,1,-1,1,4,0,0,0,3,1,0,0,25,0,22,1,116,423,0,0,0,0,0,25,0,0,-1,-1,-1,-1,0,0,0,0,0,0,-1,0,0,-1,-1,-1,-1,0,0,0,0,0,0,-1,0,30,0,30,0,0,30,30,1094,1094,1,1,0,0,0,-1,608011156
1,1,-1,1,4,0,0,0,3,1,0,0,25,0,22,3,116,99,0,0,0,0,0,25,0,0,-1,-1,-1,-1,0,0,0,0,0,0,-1,0,0,-1,-1,-1,-1,0,0,0,0,0,0,-1,0,30,0,30,0,0,30,30,1095,1095,1,1,0,0,0,-1,608011156
1,1,-1,1,4,0,0,0,3,1,0,0,55,0,22,1,116,410,0,0,0,0,0,55,0,0,-1,-1,-1,-1,0,0,0,0,0,0,-1,0,0,-1,-1,-1,-1,0,0,0,0,0,0,-1,0,180,0,180,0,0,180,180,7,180,1,1,0,0,0,-1,608011156
1,1,-1,1,4,0,0,0,3,1,0,0,55,0,22,3,335,99,0,0,0,0,0,55,0,0,-1,-1,-1,-1,0,0,0,0,0,0,-1,0,0,-1,-1,-1,-1,0,0,0,0,0,0,-1,0,60,0,60,0,0,60,60,180,365,1,1,0,0,0,-1,608011156
1,1,-1,1,4,0,0,0,3,2,0,0,25,0,0,-1,-1,-1,0,0,0,0,0,-1,0,21,0,3,116,-1,180,0,0,0,0,0,25,0,0,-1,-1,-1,-1,0,0,0,0,0,0,-1,0,0,0,0,180,0,180,180,365,547,4,0,0,0,0,-1,608011156
1,1,-1,1,4,0,0,0,4,1,0,0,25,0,22,1,116,423,0,0,0,0,0,25,0,0,-1,-1,-1,-1,0,0,0,0,0,0,-1,0,0,-1,-1,-1,-1,0,0,0,0,0,0,-1,0,30,0,30,0,0,30,30,547,547,1,1,0,0,0,-1,608011156
1,1,-1,1,4,0,0,0,4,1,0,0,25,0,22,3,116,98,0,0,0,0,0,25,0,0,-1,-1,-1,-1,0,0,0,0,0,0,-1,0,0,-1,-1,-1,-1,0,0,0,0,0,0,-1,0,60,0,60,0,0,60,60,547,547,1,1,0,0,0,-1,608011156
1,1,-1,1,4,0,0,0,5,1,0,0,18,0,22,1,336,423,0,0,0,0,0,18,0,0,-1,-1,-1,-1,0,0,0,0,0,0,-1,0,0,-1,-1,-1,-1,0,0,0,0,0,0,-1,0,60,0,60,0,0,60,60,0,60,1,1,0,0,0,-1,608011156
1,1,-1,1,4,0,0,0,5,1,0,0,25,0,0,-1,-1,-1,0,0,0,0,0,-1,0,21,0,3,116,-1,90,0,0,0,0,0,25,0,0,-1,-1,-1,-1,0,0,0,0,0,0,-1,0,0,0,0,90,0,90,90,547,547,4,0,0,0,0,-1,608011156
1,1,-1,1,4,0,0,0,5,1,0,0,25,0,0,-1,-1,-1,0,0,0,0,0,-1,0,22,1,1,116,410,7,0,0,0,0,0,25,0,0,-1,-1,-1,-1,0,0,0,0,0,0,-1,0,0,0,0,7,180,180,7,547,547,4,0,1,0,0,-1,608011156
1,1,-1,1,4,0,0,0,5,1,0,0,25,0,21,1,101,-1,0,0,0,0,0,25,0,0,-1,-1,-1,-1,0,0,0,0,0,0,-1,0,0,-1,-1,-1,-1,0,0,0,0,0,0,-1,0,365,0,365,0,0,365,365,365,547,1,1,0,0,0,-1,608011156
1,1,-1,1,4,0,0,0,5,1,0,0,25,0,21,3,207,-1,0,0,0,0,0,25,0,0,-1,-1,-1,-1,0,0,0,0,0,0,-1,0,0,-1,-1,-1,-1,0,0,0,0,0,0,-1,0,365,0,365,0,0,365,365,60,365,1,1,0,0,0,-1,608011156
1,1,-1,1,4,0,0,0,5,1,0,0,25,0,22,1,99,99,0,0,0,0,0,25,0,0,-1,-1,-1,-1,0,0,0,0,0,0,-1,0,0,-1,-1,-1,-1,0,0,0,0,0,0,-1,0,7,0,7,0,0,7,7,547,547,1,1,0,0,0,-1,608011156
1,1,-1,1,4,0,0,0,5,1,0,0,25,0,22,1,101,99,0,0,0,0,0,25,0,0,-1,-1,-1,-1,0,0,0,0,0,0,-1,0,0,-1,-1,-1,-1,0,0,0,0,0,0,-1,0,180,0,180,0,0,180,180,365,547,1,1,0,0,0,-1,608011156
1,1,-1,1,4,0,0,0,5,1,0,0,25,0,22,1,116,99,0,0,0,0,0,25,0,0,-1,-1,-1,-1,0,0,0,0,0,0,-1,0,0,-1,-1,-1,-1,0,0,0,0,0,0,-1,0,30,0,30,0,0,30,30,60,60,1,1,0,0,0,-1,608011156
1,1,-1,1,4,0,0,0,5,1,0,0,25,0,22,1,116,312,0,0,0,0,0,25,0,0,-1,-1,-1,-1,0,0,0,0,0,0,-1,0,0,-1,-1,-1,-1,0,0,0,0,0,0,-1,0,60,0,60,0,0,60,60,547,730,1,1,0,0,0,-1,608011156
1,1,-1,1,4,0,0,0,5,1,0,0,25,0,22,1,116,410,0,0,0,0,0,25,0,0,-1,-1,-1,-1,0,0,0,0,0,0,-1,0,0,-1,-1,-1,-1,0,0,0,0,0,0,-1,0,90,0,90,0,0,90,90,730,730,1,1,0,0,0,-1,608011156
1,1,-1,1,4,0,0,0,5,1,0,0,25,0,22,1,116,422,0,0,0,0,0,25,0,0,-1,-1,-1,-1,0,0,0,0,0,0,-1,0,0,-1,-1,-1,-1,0,0,0,0,0,0,-1,0,30,0,30,0,0,30,30,365,365,1,1,0,0,0,-1,608011156
1,1,-1,1,4,0,0,0,5,1,0,0,25,0,22,1,116,423,0,0,0,0,0,25,0,0,-1,-1,-1,-1,0,0,0,0,0,0,-1,0,0,-1,-1,-1,-1,0,0,0,0,0,0,-1,0,60,0,60,0,0,60,60,0,60,1,1,0,0,0,-1,608011156
1,1,-1,1,4,0,0,0,5,1,0,0,25,0,22,1,207,423,0,0,0,0,0,25,0,0,-1,-1,-1,-1,0,0,0,0,0,0,-1,0,0,-1,-1,-1,-1,0,0,0,0,0,0,-1,0,30,0,30,0,0,30,30,0,30,1,1,0,0,0,-1,608011156
1,1,-1,1,4,0,0,0,5,1,0,0,25,0,22,1,336,423,0,0,0,0,0,25,0,0,-1,-1,-1,-1,0,0,0,0,0,0,-1,0,0,-1,-1,-1,-1,0,0,0,0,0,0,-1,0,30,0,30,0,0,30,30,7,30,1,1,0,0,0,-1,608011156
1,1,-1,1,4,0,0,0,5,1,0,0,25,0,22,3,101,410,0,0,0,0,0,25,0,0,-1,-1,-1,-1,0,0,0,0,0,0,-1,0,0,-1,-1,-1,-1,0,0,0,0,0,0,-1,0,60,0,60,0,0,60,60,547,547,1,1,0,0,0,-1,608011156
1,1,-1,1,4,0,0,0,5,1,0,0,25,0,22,3,116,98,0,0,0,0,0,25,0,0,-1,-1,-1,-1,0,0,0,0,0,0,-1,0,0,-1,-1,-1,-1,0,0,0,0,0,0,-1,0,180,0,180,0,0,180,180,547,547,1,1,0,0,0,-1,608011156
1,1,-1,1,4,0,0,0,5,1,0,0,25,0,22,3,116,99,0,0,0,0,0,25,0,0,-1,-1,-1,-1,0,0,0,0,0,0,-1,0,0,-1,-1,-1,-1,0,0,0,0,0,0,-1,0,30,0,30,0,0,30,30,30,30,1,1,0,0,0,-1,608011156
1,1,-1,1,4,0,0,0,5,1,0,0,25,0,22,3,116,206,0,0,0,0,0,25,0,0,-1,-1,-1,-1,0,0,0,0,0,0,-1,0,0,-1,-1,-1,-1,0,0,0,0,0,0,-1,0,90,0,90,0,0,90,90,1095,1095,1,1,0,0,0,-1,608011156
1,1,-1,1,4,0,0,0,5,1,0,0,25,0,22,3,116,207,0,0,0,0,0,25,0,0,-1,-1,-1,-1,0,0,0,0,0,0,-1,0,0,-1,-1,-1,-1,0,0,0,0,0,0,-1,0,30,0,30,0,0,30,30,1095,1095,1,1,0,0,0,-1,608011156
1,1,-1,1,4,0,0,0,5,1,0,0,25,0,22,3,116,410,0,0,0,0,0,25,0,0,-1,-1,-1,-1,0,0,0,0,0,0,-1,0,0,-1,-1,-1,-1,0,0,0,0,0,0,-1,0,90,0,90,0,0,90,90,547,547,1,1,0,0,0,-1,608011156
1,1,-1,1,4,0,0,0,5,1,0,0,25,0,22,3,206,207,0,0,0,0,0,25,0,0,-1,-1,-1,-1,0,0,0,0,0,0,-1,0,0,-1,-1,-1,-1,0,0,0,0,0,0,-1,0,30,0,30,0,0,30,30,90,90,1,1,0,0,0,-1,608011156
1,1,-1,1,4,0,0,0,5,1,0,0,25,0,22,3,207,207,0,0,0,0,0,25,0,0,-1,-1,-1,-1,0,0,0,0,0,0,-1,0,0,-1,-1,-1,-1,0,0,0,0,0,0,-1,0,60,0,60,0,0,60,60,180,365,1,1,0,0,0,-1,608011156
1,1,-1,1,4,0,0,0,5,1,0,0,25,0,22,3,335,312,0,0,0,0,0,25,0,0,-1,-1,-1,-1,0,0,0,0,0,0,-1,0,0,-1,-1,-1,-1,0,0,0,0,0,0,-1,0,30,0,30,0,0,30,30,0,30,1,1,0,0,0,-1,608011156
1,1,-1,1,4,0,0,0,5,1,0,0,55,0,0,-1,-1,-1,0,0,0,0,0,-1,0,21,0,1,116,-1,180,0,0,0,0,0,55,0,0,-1,-1,-1,-1,0,0,0,0,0,0,-1,0,0,0,0,180,0,180,180,1095,1095,4,0,0,0,0,-1,608011156
1,1,-1,1,4,0,0,0,5,1,0,0,55,0,0,-1,-1,-1,0,0,0,0,0,-1,0,22,1,3,116,431,30,0,0,0,0,0,55,0,0,-1,-1,-1,-1,0,0,0,0,0,0,-1,0,0,0,0,30,30,30,30,1094,1094,4,0,1,0,0,-1,608011156
1,1,-1,1,4,0,0,0,5,1,0,0,55,0,22,1,101,410,0,0,0,0,0,55,0,0,-1,-1,-1,-1,0,0,0,0,0,0,-1,0,0,-1,-1,-1,-1,0,0,0,0,0,0,-1,0,30,0,30,0,0,30,30,365,547,1,1,0,0,0,-1,608011156
1,1,-1,1,4,0,0,0,5,1,0,0,55,0,22,1,116,99,0,0,0,0,0,55,0,0,-1,-1,-1,-1,0,0,0,0,0,0,-1,0,0,-1,-1,-1,-1,0,0,0,0,0,0,-1,0,7,0,7,0,0,7,7,1094,1094,1,1,0,0,0,-1,608011156
1,1,-1,1,4,0,0,0,5,1,0,0,55,0,22,1,116,99,0,0,0,0,0,55,0,0,-1,-1,-1,-1,0,0,0,0,0,0,-1,0,0,-1,-1,-1,-1,0,0,0,0,0,0,-1,0,30,0,30,0,0,30,30,7,30,1,1,0,0,0,-1,608011156
1,1,-1,1,4,0,0,0,5,1,0,0,55,0,22,1,116,99,0,0,0,0,0,55,0,0,-1,-1,-1,-1,0,0,0,0,0,0,-1,0,0,-1,-1,-1,-1,0,0,0,0,0,0,-1,0,60,0,60,0,0,60,60,1094,1094,1,1,0,0,0,-1,608011156
1,1,-1,1,4,0,0,0,5,1,0,0,55,0,22,1,116,116,0,0,0,0,0,55,0,0,-1,-1,-1,-1,0,0,0,0,0,0,-1,0,0,-1,-1,-1,-1,0,0,0,0,0,0,-1,0,60,0,60,0,0,60,60,1094,1094,1,1,0,0,0,-1,608011156
1,1,-1,1,4,0,0,0,5,1,0,0,55,0,22,1,116,314,0,0,0,0,0,55,0,0,-1,-1,-1,-1,0,0,0,0,0,0,-1,0,0,-1,-1,-1,-1,0,0,0,0,0,0,-1,0,60,0,60,0,0,60,60,1095,1095,1,1,0,0,0,-1,608011156
1,1,-1,1,4,0,0,0,5,1,0,0,55,0,22,3,207,313,0,0,0,0,0,55,0,0,-1,-1,-1,-1,0,0,0,0,0,0,-1,0,0,-1,-1,-1,-1,0,0,0,0,0,0,-1,0,60,0,60,0,0,60,60,7,60,1,1,0,0,0,-1,608011156
1,1,-1,1,4,0,0,0,6,1,0,0,25,0,21,1,116,-1,0,0,0,0,0,25,0,0,-1,-1,-1,-1,0,0,0,0,0,0,-1,0,0,-1,-1,-1,-1,0,0,0,0,0,0,-1,0,90,0,90,0,0,90,90,547,547,1,1,0,0,0,-1,608011156
1,1,-1,1,4,0,0,0,23,1,0,0,25,0,22,1,116,204,0,0,0,0,0,25,0,0,-1,-1,-1,-1,0,0,0,0,0,0,-1,0,0,-1,-1,-1,-1,0,0,0,0,0,0,-1,0,30,0,30,0,0,30,30,1095,1095,1,1,0,0,0,-1,608011156
1,1,-1,1,4,0,0,0,25,1,0,0,25,0,22,1,116,99,0,0,0,0,0,25,0,0,-1,-1,-1,-1,0,0,0,0,0,0,-1,0,0,-1,-1,-1,-1,0,0,0,0,0,0,-1,0,90,0,90,0,0,90,90,180,365,1,1,0,0,0,-1,608011156
1,1,-1,1,4,0,0,0,35,1,0,0,25,0,0,-1,-1,-1,0,0,0,0,0,-1,0,21,1,1,101,-1,30,0,0,0,0,0,25,0,0,-1,-1,-1,-1,0,0,0,0,0,0,-1,0,0,0,0,30,180,180,30,180,180,4,0,1,0,0,-1,608011156
1,1,-1,1,4,0,0,0,36,1,0,0,25,0,21,1,101,-1,0,0,0,0,0,25,0,0,-1,-1,-1,-1,0,0,0,0,0,0,-1,0,0,-1,-1,-1,-1,0,0,0,0,0,0,-1,0,365,0,365,0,0,365,365,7,365,1,1,0,0,0,-1,608011156
1,1,-1,1,4,0,0,0,36,1,0,0,55,0,22,3,116,116,0,0,0,0,0,55,0,0,-1,-1,-1,-1,0,0,0,0,0,0,-1,0,0,-1,-1,-1,-1,0,0,0,0,0,0,-1,0,60,0,60,0,0,60,60,1095,1095,1,1,0,0,0,-1,608011156
1,1,-1,1,4,0,0,0,37,1,0,0,55,0,22,3,116,98,0,0,0,0,0,55,0,0,-1,-1,-1,-1,0,0,0,0,0,0,-1,0,0,-1,-1,-1,-1,0,0,0,0,0,0,-1,0,30,0,30,0,0,30,30,1095,1095,1,1,0,0,0,-1,608011156
1,1,-1,1,4,0,0,0,56,1,0,0,25,0,0,-1,-1,-1,0,0,0,0,0,-1,0,21,1,1,116,-1,180,0,0,0,0,0,25,0,0,-1,-1,-1,-1,0,0,0,0,0,0,-1,0,0,0,0,180,180,365,180,365,547,4,0,1,0,0,-1,608011156
1,1,-1,1,4,0,0,0,56,1,0,0,25,0,22,1,116,116,0,0,0,0,0,25,0,0,-1,-1,-1,-1,0,0,0,0,0,0,-1,0,0,-1,-1,-1,-1,0,0,0,0,0,0,-1,0,90,0,90,0,0,90,90,365,365,1,1,0,0,0,-1,608011156
1,1,-1,1,4,0,0,0,56,1,0,0,25,0,22,1,116,423,0,0,0,0,0,25,0,0,-1,-1,-1,-1,0,0,0,0,0,0,-1,0,0,-1,-1,-1,-1,0,0,0,0,0,0,-1,0,90,0,90,0,0,90,90,1094,1094,1,1,0,0,0,-1,608011156
1,1,-1,1,4,0,0,0,56,1,0,0,25,0,22,1,336,423,0,0,0,0,0,25,0,0,-1,-1,-1,-1,0,0,0,0,0,0,-1,0,0,-1,-1,-1,-1,0,0,0,0,0,0,-1,0,60,0,60,0,0,60,60,30,90,1,1,0,0,0,-1,608011156
1,1,-1,1,4,0,0,0,56,1,0,0,25,0,22,3,116,116,0,0,0,0,0,25,0,0,-1,-1,-1,-1,0,0,0,0,0,0,-1,0,0,-1,-1,-1,-1,0,0,0,0,0,0,-1,0,60,0,60,0,0,60,60,547,730,1,1,0,0,0,-1,608011156
1,1,-1,1,4,0,0,0,98,1,0,0,25,0,22,1,116,99,0,0,0,0,0,25,0,0,-1,-1,-1,-1,0,0,0,0,0,0,-1,0,0,-1,-1,-1,-1,0,0,0,0,0,0,-1,0,60,0,60,0,0,60,60,1095,1095,1,1,0,0,0,-1,608011156
1,1,-1,1,4,0,0,0,98,1,0,0,25,0,22,1,116,422,0,0,0,0,0,25,0,0,-1,-1,-1,-1,0,0,0,0,0,0,-1,0,0,-1,-1,-1,-1,0,0,0,0,0,0,-1,0,30,0,30,0,0,30,30,0,30,1,1,0,0,0,-1,608011156
1,1,-1,1,4,0,0,0,235,1,0,0,25,0,22,1,336,99,0,0,0,0,0,25,0,0,-1,-1,-1,-1,0,0,0,0,0,0,-1,0,0,-1,-1,-1,-1,0,0,0,0,0,0,-1,0,60,0,60,0,0,60,60,7,60,1,1,0,0,0,-1,608011156
1,1,-1,1,4,0,0,0,246,1,0,0,25,0,22,1,206,422,0,0,0,0,0,25,0,0,-1,-1,-1,-1,0,0,0,0,0,0,-1,0,0,-1,-1,-1,-1,0,0,0,0,0,0,-1,0,60,0,60,0,0,60,60,180,365,1,1,0,0,0,-1,608011156
1,1,-1,1,4,0,0,0,456,1,0,0,25,0,22,1,118,99,0,0,0,0,0,25,0,0,-1,-1,-1,-1,0,0,0,0,0,0,-1,0,0,-1,-1,-1,-1,0,0,0,0,0,0,-1,0,30,0,30,0,0,30,30,1095,1095,1,1,0,0,0,-1,608011156
1,1,-1,1,4,0,0,0,467,1,0,0,25,0,22,3,116,98,0,0,0,0,0,25,0,0,-1,-1,-1,-1,0,0,0,0,0,0,-1,0,0,-1,-1,-1,-1,0,0,0,0,0,0,-1,0,30,0,30,0,0,30,30,547,547,1,1,0,0,0,-1,608011156
1,1,-1,1,4,0,0,1,3,1,0,0,18,0,22,3,434,410,0,0,0,1,0,18,0,0,-1,-1,-1,-1,0,0,0,0,0,0,-1,0,0,-1,-1,-1,-1,0,0,0,0,0,0,-1,0,30,0,30,0,0,30,30,0,30,1,1,0,0,0,-1,608011156
1,1,-1,1,4,0,0,1,5,1,0,0,25,0,0,-1,-1,-1,0,0,0,0,0,-1,0,21,1,3,116,-1,180,0,0,0,1,0,25,0,0,-1,-1,-1,-1,0,0,0,0,0,0,-1,0,0,0,0,180,180,365,180,90,365,4,0,1,0,0,-1,608011156
1,1,-1,1,4,0,0,1,5,1,0,0,25,0,22,1,116,99,0,0,0,1,0,25,0,0,-1,-1,-1,-1,0,0,0,0,0,0,-1,0,0,-1,-1,-1,-1,0,0,0,0,0,0,-1,0,30,0,30,0,0,30,30,7,30,1,1,0,0,0,-1,608011156
1,1,-1,1,4,0,0,1,5,1,0,0,25,0,22,1,314,423,0,0,0,1,0,25,0,0,-1,-1,-1,-1,0,0,0,0,0,0,-1,0,0,-1,-1,-1,-1,0,0,0,0,0,0,-1,0,60,0,60,0,0,60,60,0,60,1,1,0,0,0,-1,608011156
1,1,-1,1,4,0,0,1,5,1,0,0,25,0,22,3,116,410,0,0,0,1,0,25,0,0,-1,-1,-1,-1,0,0,0,0,0,0,-1,0,0,-1,-1,-1,-1,0,0,0,0,0,0,-1,0,60,0,60,0,0,60,60,547,547,1,1,0,0,0,-1,608011156
1,1,-1,1,4,0,0,1,5,1,0,0,25,0,22,3,207,313,0,0,0,1,0,25,0,0,-1,-1,-1,-1,0,0,0,0,0,0,-1,0,0,-1,-1,-1,-1,0,0,0,0,0,0,-1,0,30,0,30,0,0,30,30,180,180,1,1,0,0,0,-1,608011156
1,1,-1,1,4,0,0,1,26,1,0,0,25,0,22,1,336,422,0,0,0,1,0,25,0,0,-1,-1,-1,-1,0,0,0,0,0,0,-1,0,0,-1,-1,-1,-1,0,0,0,0,0,0,-1,0,30,0,30,0,0,30,30,7,30,1,1,0,0,0,-1,608011156
1,1,-1,1,4,0,0,1,35,1,0,0,24,0,22,1,116,99,0,0,0,1,0,24,0,0,-1,-1,-1,-1,0,0,0,0,0,0,-1,0,0,-1,-1,-1,-1,0,0,0,0,0,0,-1,0,60,0,60,0,0,60,60,547,547,1,1,0,0,0,-1,608011156
1,1,-1,1,4,0,0,1,125,1,0,0,25,0,22,3,118,99,0,0,0,1,0,25,0,0,-1,-1,-1,-1,0,0,0,0,0,0,-1,0,0,-1,-1,-1,-1,0,0,0,0,0,0,-1,0,30,0,30,0,0,30,30,1095,1095,1,1,0,0,0,-1,608011156
1,1,-1,1,4,0,0,2,3,1,0,0,18,0,22,1,335,99,0,0,0,2,0,18,0,0,-1,-1,-1,-1,0,0,0,0,0,0,-1,0,0,-1,-1,-1,-1,0,0,0,0,0,0,-1,0,30,0,30,0,0,30,30,30,60,1,1,0,0,0,-1,608011156
1,1,-1,1,4,0,0,2,3,1,0,0,25,0,21,1,116,-1,0,0,0,2,0,25,0,0,-1,-1,-1,-1,0,0,0,0,0,0,-1,0,0,-1,-1,-1,-1,0,0,0,0,0,0,-1,0,180,0,180,0,0,180,180,1095,1095,1,1,0,0,0,-1,608011156
1,1,-1,1,4,0,0,2,3,1,0,0,25,0,21,1,335,-1,0,0,0,2,0,25,0,0,-1,-1,-1,-1,0,0,0,0,0,0,-1,0,0,-1,-1,-1,-1,0,0,0,0,0,0,-1,0,90,0,90,0,0,90,90,0,90,1,1,0,0,0,-1,608011156
1,1,-1,1,4,0,0,2,3,1,0,0,25,0,22,1,99,99,0,0,0,2,0,25,0,21,1,1,101,-1,30,0,0,0,2,0,25,0,0,-1,-1,-1,-1,0,0,0,0,0,0,-1,0,30,0,30,30,180,180,30,1094,1094,5,1,1,0,0,-1,608011156
1,1,-1,1,4,0,0,2,3,1,0,0,25,0,22,1,116,99,0,0,0,2,0,25,0,22,0,1,101,99,90,0,0,0,2,0,25,0,0,-1,-1,-1,-1,0,0,0,0,0,0,-1,0,90,0,90,60,0,180,180,365,547,5,1,0,0,0,-1,608011156
1,1,-1,1,4,0,0,2,3,1,0,0,25,0,22,1,335,420,0,0,0,2,0,25,0,0,-1,-1,-1,-1,0,0,0,0,0,0,-1,0,0,-1,-1,-1,-1,0,0,0,0,0,0,-1,0,60,0,60,0,0,60,60,7,60,1,1,0,0,0,-1,608011156
1,1,-1,1,4,0,0,2,3,1,0,0,25,0,22,1,335,423,0,0,0,2,0,25,0,0,-1,-1,-1,-1,0,0,0,0,0,0,-1,0,0,-1,-1,-1,-1,0,0,0,0,0,0,-1,0,180,0,180,0,0,180,180,60,180,1,1,0,0,0,-1,608011156
1,1,-1,1,4,0,0,2,3,1,0,0,25,0,22,3,116,99,0,0,0,2,0,25,0,0,-1,-1,-1,-1,0,0,0,0,0,0,-1,0,0,-1,-1,-1,-1,0,0,0,0,0,0,-1,0,30,0,30,0,0,30,30,1095,1095,1,1,0,0,0,-1,608011156
1,1,-1,1,4,0,0,2,4,1,0,0,25,0,21,1,116,-1,0,0,0,2,0,25,0,0,-1,-1,-1,-1,0,0,0,0,0,0,-1,0,0,-1,-1,-1,-1,0,0,0,0,0,0,-1,0,30,0,30,0,0,30,30,1095,1095,1,1,0,0,0,-1,608011156
1,1,-1,1,4,0,0,2,5,1,0,0,18,0,22,1,314,423,0,0,0,2,0,18,0,0,-1,-1,-1,-1,0,0,0,0,0,0,-1,0,0,-1,-1,-1,-1,0,0,0,0,0,0,-1,0,30,0,30,0,0,30,30,7,30,1,1,0,0,0,-1,608011156
1,1,-1,1,4,0,0,2,5,1,0,0,25,0,0,-1,-1,-1,0,0,0,0,0,-1,0,21,1,3,116,-1,30,0,0,0,2,0,25,0,0,-1,-1,-1,-1,0,0,0,0,0,0,-1,0,0,0,0,30,365,365,30,547,547,4,0,1,0,0,-1,608011156
1,1,-1,1,4,0,0,2,5,1,0,0,25,0,22,1,101,410,0,0,0,2,0,25,0,0,-1,-1,-1,-1,0,0,0,0,0,0,-1,0,0,-1,-1,-1,-1,0,0,0,0,0,0,-1,0,60,0,60,0,0,60,60,1095,1095,1,1,0,0,0,-1,608011156
1,1,-1,1,4,0,0,2,5,1,0,0,25,0,22,1,116,423,0,0,0,2,0,25,0,0,-1,-1,-1,-1,0,0,0,0,0,0,-1,0,0,-1,-1,-1,-1,0,0,0,0,0,0,-1,0,30,0,30,0,0,30,30,7,30,1,1,0,0,0,-1,608011156
1,1,-1,1,4,0,0,2,5,1,0,0,25,0,22,1,204,423,0,0,0,2,0,25,0,0,-1,-1,-1,-1,0,0,0,0,0,0,-1,0,0,-1,-1,-1,-1,0,0,0,0,0,0,-1,0,60,0,60,0,0,60,60,0,60,1,1,0,0,0,-1,608011156
1,1,-1,1,4,0,0,2,5,1,0,0,25,0,22,1,205,423,0,0,0,2,0,25,0,0,-1,-1,-1,-1,0,0,0,0,0,0,-1,0,0,-1,-1,-1,-1,0,0,0,0,0,0,-1,0,30,0,30,0,0,30,30,1095,1095,1,1,0,0,0,-1,608011156
1,1,-1,1,4,0,0,2,5,1,0,0,25,0,22,1,314,423,0,0,0,2,0,25,0,0,-1,-1,-1,-1,0,0,0,0,0,0,-1,0,0,-1,-1,-1,-1,0,0,0,0,0,0,-1,0,30,0,30,0,0,30,30,0,30,1,1,0,0,0,-1,608011156
1,1,-1,1,4,0,0,2,5,1,0,0,55,0,21,3,335,-1,0,0,0,2,0,55,0,0,-1,-1,-1,-1,0,0,0,0,0,0,-1,0,0,-1,-1,-1,-1,0,0,0,0,0,0,-1,0,180,0,180,0,0,180,180,1095,1095,1,1,0,0,0,-1,608011156
1,1,-1,1,4,0,0,2,5,1,0,0,55,0,22,1,101,423,0,0,0,2,0,55,0,0,-1,-1,-1,-1,0,0,0,0,0,0,-1,0,0,-1,-1,-1,-1,0,0,0,0,0,0,-1,0,90,0,90,0,0,90,90,7,90,1,1,0,0,0,-1,608011156
1,1,-1,1,4,0,0,2,5,2,0,0,25,0,0,-1,-1,-1,0,0,0,0,0,-1,0,21,0,1,116,-1,180,0,0,0,2,0,25,0,0,-1,-1,-1,-1,0,0,0,0,0,0,-1,0,0,0,0,180,0,180,180,365,547,4,0,0,0,0,-1,608011156
1,1,-1,1,4,0,0,2,5,2,0,0,25,0,22,1,101,313,0,0,0,2,0,25,0,22,0,1,101,99,180,0,0,0,2,0,25,0,0,-1,-1,-1,-1,0,0,0,0,0,0,-1,0,365,0,365,7,0,365,365,547,730,5,1,0,0,0,-1,608011156
1,1,-1,1,4,0,0,2,25,1,0,0,25,0,22,1,116,99,0,0,0,2,0,25,0,0,-1,-1,-1,-1,0,0,0,0,0,0,-1,0,0,-1,-1,-1,-1,0,0,0,0,0,0,-1,0,180,0,180,0,0,180,180,365,365,1,1,0,0,0,-1,608011156
1,1,-1,1,4,0,0,2,26,1,0,0,25,0,22,1,116,99,0,0,0,2,0,25,0,0,-1,-1,-1,-1,0,0,0,0,0,0,-1,0,0,-1,-1,-1,-1,0,0,0,0,0,0,-1,0,7,0,7,0,0,7,7,730,730,1,1,0,0,0,-1,608011156
1,1,-1,1,4,0,0,2,35,1,0,0,25,0,22,1,336,101,0,0,0,2,0,25,0,0,-1,-1,-1,-1,0,0,0,0,0,0,-1,0,0,-1,-1,-1,-1,0,0,0,0,0,0,-1,0,60,0,60,0,0,60,60,30,60,1,1,0,0,0,-1,608011156
1,1,-1,1,4,0,0,2,237,1,0,0,25,0,22,1,116,101,0,0,0,2,0,25,0,0,-1,-1,-1,-1,0,0,0,0,0,0,-1,0,0,-1,-1,-1,-1,0,0,0,0,0,0,-1,0,30,0,30,0,0,30,30,730,730,1,1,0,0,0,-1,608011156
1,1,-1,1,4,0,1,2,3,2,0,0,25,0,22,1,206,313,0,0,1,2,0,25,0,0,-1,-1,-1,-1,0,0,0,0,0,0,-1,0,0,-1,-1,-1,-1,0,0,0,0,0,0,-1,0,30,0,30,0,0,30,30,0,30,1,1,0,0,0,-1,608011156
1,1,-1,1,4,1,0,0,3,1,0,0,25,0,22,1,206,313,0,1,0,0,0,25,0,0,-1,-1,-1,-1,0,0,0,0,0,0,-1,0,0,-1,-1,-1,-1,0,0,0,0,0,0,-1,0,30,0,30,0,0,30,30,0,30,1,1,0,0,0,-1,608011156
1,1,-1,1,4,1,0,0,5,1,0,0,25,0,21,1,116,-1,0,1,0,0,0,25,0,0,-1,-1,-1,-1,0,0,0,0,0,0,-1,0,0,-1,-1,-1,-1,0,0,0,0,0,0,-1,0,0,90,90,0,0,90,90,1094,1094,2,1,0,0,0,-1,608011156
1,1,-1,1,4,1,0,0,5,1,0,0,25,0,22,1,99,99,0,1,0,0,0,25,0,0,-1,-1,-1,-1,0,0,0,0,0,0,-1,0,0,-1,-1,-1,-1,0,0,0,0,0,0,-1,0,60,0,60,0,0,60,60,1094,1094,1,1,0,0,0,-1,608011156
1,1,-1,1,4,1,0,0,5,1,0,0,25,0,22,1,116,422,0,1,0,0,0,25,0,0,-1,-1,-1,-1,0,0,0,0,0,0,-1,0,0,-1,-1,-1,-1,0,0,0,0,0,0,-1,0,90,0,90,0,0,90,90,60,180,1,1,0,0,0,-1,608011156
1,1,-1,1,4,1,0,0,5,1,0,0,25,0,22,3,116,116,0,1,0,0,0,25,0,0,-1,-1,-1,-1,0,0,0,0,0,0,-1,0,0,-1,-1,-1,-1,0,0,0,0,0,0,-1,0,60,0,60,0,0,60,60,1095,1095,1,1,0,0,0,-1,608011156
1,1,-1,1,4,1,0,0,5,1,0,0,55,0,0,-1,-1,-1,0,0,0,0,0,-1,0,21,0,1,101,-1,90,0,1,0,0,0,55,0,0,-1,-1,-1,-1,0,0,0,0,0,0,-1,0,0,0,0,90,0,90,90,1095,1095,4,0,0,0,0,-1,608011156
1,1,-1,1,4,1,0,0,5,1,0,0,55,0,0,-1,-1,-1,0,0,0,0,0,-1,0,21,0,2,116,-1,90,0,1,0,0,0,55,0,0,-1,-1,-1,-1,0,0,0,0,0,0,-1,0,0,0,0,90,0,90,90,1095,1095,4,0,0,0,0,-1,608011156
1,1,-1,1,4,1,0,0,5,1,0,0,55,0,22,1,99,423,0,1,0,0,0,55,0,0,-1,-1,-1,-1,0,0,0,0,0,0,-1,0,0,-1,-1,-1,-1,0,0,0,0,0,0,-1,0,60,30,60,0,0,60,60,1095,1095,3,1,0,0,0,-1,608011156
1,1,-1,1,4,1,0,0,46,1,0,0,25,0,21,1,116,-1,0,1,0,0,0,25,0,0,-1,-1,-1,-1,0,0,0,0,0,0,-1,0,0,-1,-1,-1,-1,0,0,0,0,0,0,-1,0,0,180,180,0,0,180,180,1095,1095,2,1,0,0,0,-1,608011156
1,1,-1,1,4,1,0,0,127,1,0,0,25,0,22,1,336,422,0,1,0,0,0,25,0,0,-1,-1,-1,-1,0,0,0,0,0,0,-1,0,0,-1,-1,-1,-1,0,0,0,0,0,0,-1,0,0,30,30,0,0,30,30,0,30,2,1,0,0,0,-1,608011156
1,1,-1,1,5,0,1,0,5,1,0,0,25,0,21,3,118,-1,0,0,1,0,0,25,0,0,-1,-1,-1,-1,0,0,0,0,0,0,-1,0,0,-1,-1,-1,-1,0,0,0,0,0,0,-1,0,365,0,365,0,0,365,365,0,365,1,1,0,0,0,-1,608011156
1,1,-1,1,5,0,1,0,5,1,0,0,25,0,22,1,116,423,0,0,1,0,0,25,0,21,1,3,116,-1,60,0,0,1,0,0,25,0,0,-1,-1,-1,-1,0,0,0,0,0,0,-1,0,60,0,60,60,180,365,90,365,365,5,1,1,0,0,-1,608011156
1,1,-1,1,5,0,1,2,3,1,0,0,25,0,22,1,116,99,0,0,1,2,0,25,0,21,0,1,101,-1,180,0,0,1,2,0,25,0,0,-1,-1,-1,-1,0,0,0,0,0,0,-1,0,60,0,60,90,0,180,180,365,365,5,1,0,0,0,-1,608011156
1,1,-1,1,6,0,1,0,3,1,0,0,25,0,0,-1,-1,-1,0,0,0,0,0,-1,0,21,0,1,101,-1,180,0,0,1,0,0,25,0,0,-1,-1,-1,-1,0,0,0,0,0,0,-1,0,0,0,0,180,0,180,180,365,365,4,0,0,0,0,-1,608011156
1,1,-1,1,6,0,1,0,3,1,0,0,25,0,22,1,99,431,0,0,1,0,0,25,0,0,-1,-1,-1,-1,0,0,0,0,0,0,-1,0,0,-1,-1,-1,-1,0,0,0,0,0,0,-1,0,60,0,60,0,0,60,60,365,365,1,1,0,0,0,-1,608011156
1,1,-1,1,6,0,1,0,3,1,0,0,25,0,22,1,101,99,0,0,1,0,0,25,0,0,-1,-1,-1,-1,0,0,0,0,0,0,-1,0,0,-1,-1,-1,-1,0,0,0,0,0,0,-1,0,180,0,180,0,0,180,180,365,365,1,1,0,0,0,-1,608011156
1,1,-1,1,6,0,1,0,3,1,0,0,25,0,22,1,116,410,0,0,1,0,0,25,0,0,-1,-1,-1,-1,0,0,0,0,0,0,-1,0,0,-1,-1,-1,-1,0,0,0,0,0,0,-1,0,90,0,90,0,0,90,90,365,365,1,1,0,0,0,-1,608011156
1,1,-1,1,6,0,1,0,3,1,0,0,55,0,22,3,99,431,0,0,1,0,0,25,0,0,-1,-1,-1,-1,0,0,0,0,0,0,-1,0,0,-1,-1,-1,-1,0,0,0,0,0,0,-1,0,30,0,30,0,0,30,30,90,180,1,1,0,0,21,0,608011156
1,1,-1,1,6,0,1,0,5,1,0,0,25,0,0,-1,-1,-1,0,0,0,0,0,-1,0,21,0,3,116,-1,365,0,0,1,0,0,25,0,0,-1,-1,-1,-1,0,0,0,0,0,0,-1,0,0,0,0,365,0,365,365,90,365,4,0,0,0,0,-1,608011156
1,1,-1,1,6,0,1,0,5,1,0,0,25,0,21,1,101,-1,0,0,1,0,0,25,0,21,0,1,101,-1,180,0,0,1,0,0,25,0,0,-1,-1,-1,-1,0,0,0,0,0,0,-1,0,365,0,365,0,0,365,365,30,365,5,1,0,0,0,-1,608011156
1,1,-1,1,6,0,1,0,5,1,0,0,25,0,21,1,302,-1,0,0,1,0,0,25,0,0,-1,-1,-1,-1,0,0,0,0,0,0,-1,0,0,-1,-1,-1,-1,0,0,0,0,0,0,-1,0,365,0,365,0,0,365,365,60,365,1,1,0,0,0,-1,608011156
1,1,-1,1,6,0,1,0,5,1,0,0,25,0,22,1,101,313,0,0,1,0,0,25,0,21,0,1,101,-1,180,0,0,1,0,0,25,0,0,-1,-1,-1,-1,0,0,0,0,0,0,-1,0,180,0,180,90,0,180,180,180,365,5,1,0,0,0,-1,608011156
1,1,-1,1,6,0,1,0,5,1,0,0,55,0,22,1,116,99,0,0,1,0,0,55,0,0,-1,-1,-1,-1,0,0,0,0,0,0,-1,0,0,-1,-1,-1,-1,0,0,0,0,0,0,-1,0,180,0,180,0,0,180,180,365,365,1,1,0,0,0,-1,608011156
1,1,-1,1,6,0,1,0,5,1,0,0,55,0,22,1,116,410,0,0,1,0,0,55,0,0,-1,-1,-1,-1,0,0,0,0,0,0,-1,0,0,-1,-1,-1,-1,0,0,0,0,0,0,-1,0,90,0,90,0,0,90,90,365,365,1,1,0,0,0,-1,608011156
1,1,-1,1,6,0,1,0,5,2,0,0,18,0,22,3,101,312,0,0,1,0,0,18,0,0,-1,-1,-1,-1,0,0,0,0,0,0,-1,0,0,-1,-1,-1,-1,0,0,0,0,0,0,-1,0,30,0,30,0,0,30,30,365,365,1,1,0,0,22,1,608011156
1,1,-1,1,6,0,1,0,5,2,0,0,25,0,0,-1,-1,-1,0,0,0,0,0,-1,0,21,0,3,101,-1,365,0,0,1,0,0,25,0,0,-1,-1,-1,-1,0,0,0,0,0,0,-1,0,0,0,0,365,0,365,365,30,365,4,0,0,0,0,-1,608011156
1,1,-1,1,6,0,1,0,237,1,0,0,55,0,22,1,101,423,0,0,1,0,0,55,0,0,-1,-1,-1,-1,0,0,0,0,0,0,-1,0,0,-1,-1,-1,-1,0,0,0,0,0,0,-1,0,30,0,30,0,0,30,30,365,365,1,1,0,0,0,-1,608011156
1,1,-1,1,6,0,1,1,3,1,0,0,25,0,22,3,116,422,0,0,1,1,0,25,0,0,-1,-1,-1,-1,0,0,0,0,0,0,-1,0,0,-1,-1,-1,-1,0,0,0,0,0,0,-1,0,30,0,30,0,0,30,30,365,365,1,1,0,0,0,-1,608011156
1,1,-1,1,6,0,1,1,5,1,0,0,25,0,22,1,116,423,0,0,1,1,0,25,0,0,-1,-1,-1,-1,0,0,0,0,0,0,-1,0,0,-1,-1,-1,-1,0,0,0,0,0,0,-1,0,30,0,30,0,0,30,30,365,365,1,1,0,0,0,-1,608011156
1,1,-1,1,6,0,1,1,5,1,0,0,55,0,22,1,116,99,0,0,1,1,0,55,0,22,1,1,101,420,365,0,0,1,1,0,55,0,0,-1,-1,-1,-1,0,0,0,0,0,0,-1,0,180,0,180,180,30,365,365,180,365,5,1,1,0,0,-1,608011156
1,1,-1,1,6,0,1,1,136,1,0,0,55,0,0,-1,-1,-1,0,0,0,0,0,-1,0,21,0,3,101,-1,365,0,0,1,1,0,55,0,0,-1,-1,-1,-1,0,0,0,0,0,0,-1,0,0,0,0,365,0,365,365,30,365,4,0,0,0,0,-1,608011156
1,1,-1,1,6,0,1,2,3,1,0,0,25,0,21,3,410,-1,0,0,1,2,0,25,0,0,-1,-1,-1,-1,0,0,0,0,0,0,-1,0,0,-1,-1,-1,-1,0,0,0,0,0,0,-1,0,365,0,365,0,0,365,365,0,365,1,1,0,0,0,-1,608011156
1,1,-1,1,6,0,1,2,3,1,0,0,25,0,22,1,116,99,0,0,1,2,0,25,0,21,1,1,116,-1,7,0,0,1,2,0,25,0,0,-1,-1,-1,-1,0,0,0,0,0,0,-1,0,30,0,30,7,180,180,30,365,365,5,1,1,0,0,-1,608011156
1,1,-1,1,6,0,1,2,5,1,0,0,25,0,0,-1,-1,-1,0,0,0,0,0,-1,0,0,-1,-1,-1,-1,0,0,0,0,0,0,-1,0,21,1,2,116,-1,3,0,0,1,2,0,25,0,0,0,0,7,0,7,7,365,365,8,0,0,1,0,-1,608011156
1,1,-1,1,6,0,1,2,5,1,0,0,25,0,0,-1,-1,-1,0,0,0,0,0,-1,0,21,0,1,116,-1,365,0,0,1,2,0,25,0,0,-1,-1,-1,-1,0,0,0,0,0,0,-1,0,0,0,0,365,0,365,365,90,365,4,0,0,0,0,-1,608011156
1,1,-1,1,6,0,1,2,5,1,0,0,25,0,21,1,116,-1,0,0,1,2,0,25,0,21,0,2,101,-1,180,0,0,1,2,0,25,0,0,-1,-1,-1,-1,0,0,0,0,0,0,-1,0,180,0,180,0,0,180,180,365,365,5,1,0,0,0,-1,608011156
1,1,-1,1,6,0,1,2,5,1,0,0,25,0,22,1,99,99,0,0,1,2,0,25,0,0,-1,-1,-1,-1,0,0,0,0,0,0,-1,0,0,-1,-1,-1,-1,0,0,0,0,0,0,-1,0,60,0,60,0,0,60,60,60,90,1,1,0,0,0,-1,608011156
1,1,-1,1,6,0,1,2,5,1,0,0,25,0,22,1,116,99,0,0,1,2,0,25,0,0,-1,-1,-1,-1,0,0,0,0,0,0,-1,0,0,-1,-1,-1,-1,0,0,0,0,0,0,-1,0,30,0,30,0,0,30,30,7,30,1,1,0,0,0,-1,608011156
1,1,-1,1,6,0,1,2,5,1,0,0,25,0,22,3,116,98,0,0,1,2,0,25,0,0,-1,-1,-1,-1,0,0,0,0,0,0,-1,0,0,-1,-1,-1,-1,0,0,0,0,0,0,-1,0,60,0,60,0,0,60,60,180,365,1,1,0,0,22,0,608011156
1,1,-1,1,6,0,1,2,5,1,0,0,55,0,21,1,101,-1,0,0,1,2,0,55,0,21,0,1,101,-1,365,0,0,1,2,0,55,0,0,-1,-1,-1,-1,0,0,0,0,0,0,-1,0,365,0,365,0,0,365,365,30,365,5,1,0,0,0,-1,608011156
1,1,-1,1,6,0,1,2,5,2,0,0,25,0,22,1,116,423,0,0,1,2,0,25,0,0,-1,-1,-1,-1,0,0,0,0,0,0,-1,0,0,-1,-1,-1,-1,0,0,0,0,0,0,-1,0,30,0,30,0,0,30,30,365,365,1,1,0,0,0,-1,608011156
1,1,-1,1,6,0,1,2,13,2,0,0,25,0,22,1,335,207,0,0,1,2,0,25,0,21,0,1,101,-1,365,0,0,1,2,0,25,0,0,-1,-1,-1,-1,0,0,0,0,0,0,-1,0,60,0,60,365,0,365,365,0,365,5,1,0,0,0,-1,608011156
1,1,-1,1,6,0,1,2,15,1,0,0,25,0,22,1,205,99,0,0,1,2,0,25,0,21,0,1,101,-1,365,0,0,1,2,0,25,0,0,-1,-1,-1,-1,0,0,0,0,0,0,-1,0,60,0,60,365,0,365,365,180,365,5,1,0,0,0,-1,608011156
1,1,-1,1,6,0,1,2,45,1,0,0,55,0,22,1,206,99,0,0,1,2,0,55,0,21,1,1,101,-1,30,0,0,1,2,0,55,0,0,-1,-1,-1,-1,0,0,0,0,0,0,-1,0,30,0,30,30,365,365,60,365,365,5,1,1,0,0,-1,608011156
1,1,-1,1,6,1,1,0,5,1,0,0,25,0,0,-1,-1,-1,0,0,0,0,0,-1,0,21,0,1,101,-1,365,0,1,1,0,0,25,0,0,-1,-1,-1,-1,0,0,0,0,0,0,-1,0,0,0,0,365,0,365,365,90,365,4,0,0,0,0,-1,608011156
1,1,-1,1,6,1,1,0,5,1,0,0,25,0,21,3,206,-1,0,1,1,0,0,25,0,0,-1,-1,-1,-1,0,0,0,0,0,0,-1,0,0,-1,-1,-1,-1,0,0,0,0,0,0,-1,0,365,0,365,0,0,365,365,30,365,1,1,0,0,0,-1,608011156
1,1,-1,1,6,1,1,0,5,1,0,0,25,0,22,1,101,422,0,1,1,0,0,25,0,0,-1,-1,-1,-1,0,0,0,0,0,0,-1,0,0,-1,-1,-1,-1,0,0,0,0,0,0,-1,0,365,0,365,0,0,365,365,90,365,1,1,0,0,0,-1,608011156
1,1,-1,1,6,1,1,0,5,1,0,0,55,0,0,-1,-1,-1,0,0,0,0,0,-1,0,22,1,1,116,419,60,0,1,1,0,0,55,0,0,-1,-1,-1,-1,0,0,0,0,0,0,-1,0,0,0,0,60,60,90,60,365,365,4,0,1,0,0,-1,608011156
1,1,-1,1,6,1,1,0,56,1,0,0,55,0,0,-1,-1,-1,0,0,0,0,0,-1,0,21,0,1,116,-1,180,0,1,1,0,0,55,0,21,0,1,116,-1,0,0,1,1,0,0,55,0,0,0,0,180,0,180,180,365,365,11,0,0,0,0,-1,608011156
1,1,-1,1,6,1,1,0,56,1,0,0,55,0,0,-1,-1,-1,0,0,0,0,0,-1,0,21,0,2,116,-1,365,0,1,1,0,0,55,0,0,-1,-1,-1,-1,0,0,0,0,0,0,-1,0,0,0,0,365,0,365,365,90,365,4,0,0,0,0,-1,608011156
1,1,-1,1,6,1,1,2,14,1,0,0,25,0,21,1,335,-1,0,1,1,2,0,25,0,0,-1,-1,-1,-1,0,0,0,0,0,0,-1,0,0,-1,-1,-1,-1,0,0,0,0,0,0,-1,0,180,0,180,0,0,180,180,180,365,1,1,0,0,0,-1,608011156
1,1,-1,1,9,0,0,0,5,1,0,0,25,0,22,1,99,313,0,0,0,0,0,25,0,0,-1,-1,-1,-1,0,0,0,0,0,0,-1,0,0,-1,-1,-1,-1,0,0,0,0,0,0,-1,0,30,0,30,0,0,30,30,0,30,1,1,0,0,0,-1,608011156
1,1,-1,1,9,0,0,0,5,1,0,0,25,0,22,1,99,423,0,0,0,0,0,25,0,0,-1,-1,-1,-1,0,0,0,0,0,0,-1,0,0,-1,-1,-1,-1,0,0,0,0,0,0,-1,0,30,0,30,0,0,30,30,0,30,1,1,0,0,0,-1,608011156
1,1,-1,1,9,0,0,0,5,1,0,0,25,0,22,1,101,99,0,0,0,0,0,25,0,0,-1,-1,-1,-1,0,0,0,0,0,0,-1,0,0,-1,-1,-1,-1,0,0,0,0,0,0,-1,0,30,0,30,0,0,30,30,0,30,1,1,0,0,0,-1,608011156
1,1,-1,1,9,0,0,0,5,1,0,0,25,0,22,3,99,423,0,0,0,0,0,25,0,0,-1,-1,-1,-1,0,0,0,0,0,0,-1,0,0,-1,-1,-1,-1,0,0,0,0,0,0,-1,0,30,0,30,0,0,30,30,0,30,1,1,0,0,0,-1,608011156
1,1,-1,1,9,0,0,0,5,2,0,0,25,0,21,1,99,-1,0,0,0,0,0,25,0,0,-1,-1,-1,-1,0,0,0,0,0,0,-1,0,0,-1,-1,-1,-1,0,0,0,0,0,0,-1,0,365,0,365,0,0,365,365,0,365,1,1,0,0,0,-1,608011156
1,1,-1,1,9,0,0,0,6,1,0,0,18,0,22,3,99,312,0,0,0,0,0,18,0,0,-1,-1,-1,-1,0,0,0,0,0,0,-1,0,0,-1,-1,-1,-1,0,0,0,0,0,0,-1,0,30,0,30,0,0,30,30,0,30,1,1,0,0,0,-1,608011156
1,1,-1,1,9,0,0,0,145,2,0,0,25,1,0,-1,-1,-1,0,0,0,0,0,-1,0,22,1,1,99,410,7,0,0,0,0,0,25,1,0,-1,-1,-1,-1,0,0,0,0,0,0,-1,0,0,0,0,7,365,365,7,0,7,4,0,1,0,0,-1,608011156
1,1,-1,1,9,0,0,0,146,1,0,0,18,0,22,1,207,99,0,0,0,0,0,18,0,0,-1,-1,-1,-1,0,0,0,0,0,0,-1,0,0,-1,-1,-1,-1,0,0,0,0,0,0,-1,0,30,0,30,0,0,30,30,0,30,1,1,0,0,0,-1,608011156
1,1,-1,1,9,0,1,0,2,1,0,0,25,0,22,3,116,99,0,0,1,0,0,25,0,0,-1,-1,-1,-1,0,0,0,0,0,0,-1,0,0,-1,-1,-1,-1,0,0,0,0,0,0,-1,0,30,0,30,0,0,30,30,60,90,1,1,0,0,0,-1,608011156
1,1,-1,1,9,0,1,0,3,1,0,0,25,0,21,1,335,-1,0,0,1,0,0,25,0,0,-1,-1,-1,-1,0,0,0,0,0,0,-1,0,0,-1,-1,-1,-1,0,0,0,0,0,0,-1,0,90,0,90,0,0,90,90,0,90,1,1,0,0,0,-1,608011156
1,1,-1,1,9,0,1,0,3,1,0,0,25,0,21,3,118,-1,0,0,1,0,0,25,0,0,-1,-1,-1,-1,0,0,0,0,0,0,-1,0,0,-1,-1,-1,-1,0,0,0,0,0,0,-1,0,365,0,365,0,0,365,365,0,365,1,1,0,0,0,-1,608011156
1,1,-1,1,9,0,1,0,3,1,0,0,25,0,22,1,99,313,0,0,1,0,0,25,0,21,1,1,116,-1,7,0,0,1,0,0,25,0,0,-1,-1,-1,-1,0,0,0,0,0,0,-1,0,30,0,30,7,180,180,30,180,180,5,1,1,0,0,-1,608011156
1,1,-1,1,9,0,1,0,3,1,0,0,25,0,22,1,116,204,0,0,1,0,0,25,0,0,-1,-1,-1,-1,0,0,0,0,0,0,-1,0,0,-1,-1,-1,-1,0,0,0,0,0,0,-1,0,60,0,60,0,0,60,60,30,90,1,1,0,0,0,-1,608011156
1,1,-1,1,9,0,1,0,3,1,0,0,25,0,22,1,116,314,0,0,1,0,0,25,0,0,-1,-1,-1,-1,0,0,0,0,0,0,-1,0,0,-1,-1,-1,-1,0,0,0,0,0,0,-1,0,90,0,90,0,0,90,90,30,90,1,1,0,0,0,-1,608011156
1,1,-1,1,9,0,1,0,3,1,0,0,25,0,22,1,314,99,0,0,1,0,0,25,0,0,-1,-1,-1,-1,0,0,0,0,0,0,-1,0,0,-1,-1,-1,-1,0,0,0,0,0,0,-1,0,30,0,30,0,0,30,30,0,30,1,1,0,0,0,-1,608011156
1,1,-1,1,9,0,1,0,3,1,0,0,25,0,22,3,206,423,0,0,1,0,0,25,0,0,-1,-1,-1,-1,0,0,0,0,0,0,-1,0,0,-1,-1,-1,-1,0,0,0,0,0,0,-1,0,60,0,60,0,0,60,60,0,60,1,1,0,0,0,-1,608011156
1,1,-1,1,9,0,1,0,3,1,0,0,55,0,22,3,99,312,0,0,1,0,0,55,0,0,-1,-1,-1,-1,0,0,0,0,0,0,-1,0,0,-1,-1,-1,-1,0,0,0,0,0,0,-1,0,30,0,30,0,0,30,30,7,60,1,1,0,0,0,-1,608011156
1,1,-1,1,9,0,1,0,5,1,0,0,18,0,22,1,116,302,0,0,1,0,0,18,0,0,-1,-1,-1,-1,0,0,0,0,0,0,-1,0,0,-1,-1,-1,-1,0,0,0,0,0,0,-1,0,60,0,60,0,0,60,60,180,365,1,1,0,0,0,-1,608011156
1,1,-1,1,9,0,1,0,5,1,0,0,18,0,22,1,302,329,0,0,1,0,0,18,0,0,-1,-1,-1,-1,0,0,0,0,0,0,-1,0,0,-1,-1,-1,-1,0,0,0,0,0,0,-1,0,60,0,60,0,0,60,60,0,60,1,1,0,0,0,-1,608011156
1,1,-1,1,9,0,1,0,5,1,0,0,18,0,22,3,101,99,0,0,1,0,0,18,0,0,-1,-1,-1,-1,0,0,0,0,0,0,-1,0,0,-1,-1,-1,-1,0,0,0,0,0,0,-1,0,30,0,30,0,0,30,30,0,30,1,1,0,0,0,-1,608011156
1,1,-1,1,9,0,1,0,5,1,0,0,24,0,0,-1,-1,-1,0,0,0,0,0,-1,0,21,0,3,116,-1,180,0,0,1,0,0,24,0,0,-1,-1,-1,-1,0,0,0,0,0,0,-1,0,0,0,0,180,0,180,180,90,365,4,0,0,0,0,-1,608011156
1,1,-1,1,9,0,1,0,5,1,0,0,24,0,21,3,314,-1,0,0,1,0,0,24,0,0,-1,-1,-1,-1,0,0,0,0,0,0,-1,0,0,-1,-1,-1,-1,0,0,0,0,0,0,-1,0,180,0,180,0,0,180,180,0,180,1,1,0,0,21,0,608011156
1,1,-1,1,9,0,1,0,5,1,0,0,24,0,22,3,98,312,0,0,1,0,0,24,0,0,-1,-1,-1,-1,0,0,0,0,0,0,-1,0,0,-1,-1,-1,-1,0,0,0,0,0,0,-1,0,60,0,60,0,0,60,60,7,60,1,1,0,0,0,-1,608011156
1,1,-1,1,9,0,1,0,5,1,0,0,25,0,0,-1,-1,-1,0,0,0,0,0,-1,0,0,-1,-1,-1,-1,0,0,0,0,0,0,-1,0,0,-1,-1,-1,-1,0,0,0,0,0,0,-1,0,0,0,0,0,0,0,0,0,0,12,0,0,0,12,2,608011156
1,1,-1,1,9,0,1,0,5,1,0,0,25,0,0,-1,-1,-1,0,0,0,0,0,-1,0,0,-1,-1,-1,-1,0,0,0,0,0,0,-1,0,0,-1,-1,-1,-1,0,0,0,0,0,0,-1,0,0,0,0,0,0,0,0,7,7,12,0,0,0,22,1,608011156
1,1,-1,1,9,0,1,0,5,1,0,0,25,0,0,-1,-1,-1,0,0,0,0,0,-1,0,21,1,1,99,-1,0,0,0,1,0,0,25,0,0,-1,-1,-1,-1,0,0,0,0,0,0,-1,0,0,0,0,0,180,180,0,365,365,4,0,1,0,0,-1,608011156
1,1,-1,1,9,0,1,0,5,1,0,0,25,0,0,-1,-1,-1,0,0,0,0,0,-1,0,22,0,1,101,207,180,0,0,1,0,0,25,0,0,-1,-1,-1,-1,0,0,0,0,0,0,-1,0,0,0,0,180,0,180,180,90,365,4,0,0,0,0,-1,608011156
1,1,-1,1,9,0,1,0,5,1,0,0,25,0,0,-1,-1,-1,0,0,0,0,0,-1,0,22,1,3,116,434,60,0,0,1,0,0,25,0,0,-1,-1,-1,-1,0,0,0,0,0,0,-1,0,0,0,0,60,60,90,60,60,90,4,0,1,0,0,-1,608011156
1,1,-1,1,9,0,1,0,5,1,0,0,25,0,21,1,116,-1,0,0,1,0,0,25,0,0,-1,-1,-1,-1,0,0,0,0,0,0,-1,0,0,-1,-1,-1,-1,0,0,0,0,0,0,-1,0,0,180,180,0,0,180,180,0,180,2,1,0,0,0,-1,608011156
1,1,-1,1,9,0,1,0,5,1,0,0,25,0,21,1,116,-1,0,0,1,0,0,25,0,0,-1,-1,-1,-1,0,0,0,0,0,0,-1,0,0,-1,-1,-1,-1,0,0,0,0,0,0,-1,0,90,0,90,0,0,90,90,30,90,1,1,0,0,0,-1,608011156
1,1,-1,1,9,0,1,0,5,1,0,0,25,0,21,3,98,-1,0,0,1,0,0,25,0,0,-1,-1,-1,-1,0,0,0,0,0,0,-1,0,0,-1,-1,-1,-1,0,0,0,0,0,0,-1,0,90,0,90,0,0,90,90,0,90,1,1,0,0,0,-1,608011156
1,1,-1,1,9,0,1,0,5,1,0,0,25,0,21,3,118,-1,0,0,1,0,0,25,0,0,-1,-1,-1,-1,0,0,0,0,0,0,-1,0,0,-1,-1,-1,-1,0,0,0,0,0,0,-1,0,90,0,90,0,0,90,90,0,90,1,1,0,0,0,-1,608011156
1,1,-1,1,9,0,1,0,5,1,0,0,25,0,22,1,99,99,0,0,1,0,0,25,0,0,-1,-1,-1,-1,0,0,0,0,0,0,-1,0,0,-1,-1,-1,-1,0,0,0,0,0,0,-1,0,7,0,7,0,0,7,7,7,7,1,1,0,0,0,-1,608011156
1,1,-1,1,9,0,1,0,5,1,0,0,25,0,22,1,99,314,0,0,1,0,0,25,0,0,-1,-1,-1,-1,0,0,0,0,0,0,-1,0,0,-1,-1,-1,-1,0,0,0,0,0,0,-1,0,60,0,60,0,0,60,60,7,60,1,1,0,0,0,-1,608011156
1,1,-1,1,9,0,1,0,5,1,0,0,25,0,22,1,101,329,0,0,1,0,0,25,0,0,-1,-1,-1,-1,0,0,0,0,0,0,-1,0,0,-1,-1,-1,-1,0,0,0,0,0,0,-1,0,0,60,60,0,0,60,60,30,60,2,1,0,0,0,-1,608011156
1,1,-1,1,9,0,1,0,5,1,0,0,25,0,22,1,116,116,0,0,1,0,0,25,0,0,-1,-1,-1,-1,0,0,0,0,0,0,-1,0,0,-1,-1,-1,-1,0,0,0,0,0,0,-1,0,60,0,60,0,0,60,60,180,180,1,1,0,0,0,-1,608011156
1,1,-1,1,9,0,1,0,5,1,0,0,25,0,22,1,206,206,0,0,1,0,0,25,0,0,-1,-1,-1,-1,0,0,0,0,0,0,-1,0,0,-1,-1,-1,-1,0,0,0,0,0,0,-1,0,60,0,60,0,0,60,60,0,60,1,1,0,0,0,-1,608011156
1,1,-1,1,9,0,1,0,5,1,0,0,25,0,22,1,314,312,0,0,1,0,0,25,0,0,-1,-1,-1,-1,0,0,0,0,0,0,-1,0,0,-1,-1,-1,-1,0,0,0,0,0,0,-1,0,60,0,60,0,0,60,60,1095,1095,1,1,0,0,0,-1,608011156
1,1,-1,1,9,0,1,0,5,1,0,0,25,0,22,3,99,98,0,0,1,0,0,25,0,0,-1,-1,-1,-1,0,0,0,0,0,0,-1,0,0,-1,-1,-1,-1,0,0,0,0,0,0,-1,0,30,0,30,0,0,30,30,0,30,1,1,0,0,0,-1,608011156
1,1,-1,1,9,0,1,0,5,1,0,0,25,0,22,3,99,313,0,0,1,0,0,25,0,0,-1,-1,-1,-1,0,0,0,0,0,0,-1,0,0,-1,-1,-1,-1,0,0,0,0,0,0,-1,0,30,0,30,0,0,30,30,0,30,1,1,0,0,0,-1,608011156
1,1,-1,1,9,0,1,0,5,1,0,0,25,0,22,3,101,99,0,0,1,0,0,25,0,0,-1,-1,-1,-1,0,0,0,0,0,0,-1,0,0,-1,-1,-1,-1,0,0,0,0,0,0,-1,0,30,0,30,0,0,30,30,0,30,1,1,0,0,0,-1,608011156
1,1,-1,1,9,0,1,0,5,1,0,0,25,0,22,3,116,205,0,0,1,0,0,25,0,0,-1,-1,-1,-1,0,0,0,0,0,0,-1,0,0,-1,-1,-1,-1,0,0,0,0,0,0,-1,0,30,0,30,0,0,30,30,7,30,1,1,0,0,0,-1,608011156
1,1,-1,1,9,0,1,0,5,1,0,0,25,0,22,3,116,410,0,0,1,0,0,25,0,0,-1,-1,-1,-1,0,0,0,0,0,0,-1,0,0,-1,-1,-1,-1,0,0,0,0,0,0,-1,0,365,0,365,0,0,365,365,0,365,1,1,0,0,0,-1,608011156
1,1,-1,1,9,0,1,0,5,1,0,0,25,0,22,3,118,99,0,0,1,0,0,25,0,0,-1,-1,-1,-1,0,0,0,0,0,0,-1,0,0,-1,-1,-1,-1,0,0,0,0,0,0,-1,0,30,0,30,0,0,30,30,0,30,1,1,0,0,0,-1,608011156
1,1,-1,1,9,0,1,0,5,1,0,0,25,0,22,3,118,99,0,0,1,0,0,25,0,0,-1,-1,-1,-1,0,0,0,0,0,0,-1,0,0,-1,-1,-1,-1,0,0,0,0,0,0,-1,0,30,0,30,0,0,30,30,180,180,1,1,0,0,0,-1,608011156
1,1,-1,1,9,0,1,0,5,1,0,0,25,0,22,3,118,99,0,0,1,0,0,25,0,0,-1,-1,-1,-1,0,0,0,0,0,0,-1,0,0,-1,-1,-1,-1,0,0,0,0,0,0,-1,0,60,0,60,0,0,60,60,0,60,1,1,0,0,0,-1,608011156
1,1,-1,1,9,0,1,0,5,1,0,0,25,0,22,3,204,422,0,0,1,0,0,25,0,0,-1,-1,-1,-1,0,0,0,0,0,0,-1,0,0,-1,-1,-1,-1,0,0,0,0,0,0,-1,0,30,0,30,0,0,30,30,0,30,1,1,0,0,0,-1,608011156
1,1,-1,1,9,0,1,0,5,1,0,0,25,0,22,3,206,313,0,0,1,0,0,25,0,0,-1,-1,-1,-1,0,0,0,0,0,0,-1,0,0,-1,-1,-1,-1,0,0,0,0,0,0,-1,0,30,0,30,0,0,30,30,60,90,1,1,0,0,0,-1,608011156
1,1,-1,1,9,0,1,0,5,1,0,0,25,0,22,3,207,99,0,0,1,0,0,25,0,0,-1,-1,-1,-1,0,0,0,0,0,0,-1,0,0,-1,-1,-1,-1,0,0,0,0,0,0,-1,0,90,0,90,0,0,90,90,90,180,1,1,0,0,0,-1,608011156
1,1,-1,1,9,0,1,0,5,1,0,0,25,0,22,3,335,99,0,0,1,0,0,25,0,0,-1,-1,-1,-1,0,0,0,0,0,0,-1,0,0,-1,-1,-1,-1,0,0,0,0,0,0,-1,0,90,0,90,0,0,90,90,7,90,1,1,0,0,0,-1,608011156
1,1,-1,1,9,0,1,0,5,1,0,0,25,0,22,3,410,312,0,0,1,0,0,25,0,0,-1,-1,-1,-1,0,0,0,0,0,0,-1,0,0,-1,-1,-1,-1,0,0,0,0,0,0,-1,0,30,0,30,0,0,30,30,0,30,1,1,0,0,0,-1,608011156
1,1,-1,1,9,0,1,0,5,1,0,0,25,0,22,3,410,313,0,0,1,0,0,25,0,0,-1,-1,-1,-1,0,0,0,0,0,0,-1,0,0,-1,-1,-1,-1,0,0,0,0,0,0,-1,0,30,0,30,0,0,30,30,0,30,1,1,0,0,0,-1,608011156
1,1,-1,1,9,0,1,0,5,1,0,0,25,0,22,3,440,422,0,0,1,0,0,25,0,0,-1,-1,-1,-1,0,0,0,0,0,0,-1,0,0,-1,-1,-1,-1,0,0,0,0,0,0,-1,0,60,0,60,0,0,60,60,30,60,1,1,0,0,0,-1,608011156
1,1,-1,1,9,0,1,0,5,1,0,0,55,0,0,-1,-1,-1,0,0,0,0,0,-1,0,0,-1,-1,-1,-1,0,0,0,0,0,0,-1,0,0,-1,-1,-1,-1,0,0,0,0,0,0,-1,0,0,0,0,0,0,0,0,7,7,12,0,0,0,22,1,608011156
1,1,-1,1,9,0,1,0,5,1,0,0,55,0,21,1,99,-1,0,0,1,0,0,55,0,0,-1,-1,-1,-1,0,0,0,0,0,0,-1,0,0,-1,-1,-1,-1,0,0,0,0,0,0,-1,0,7,0,7,0,0,7,7,365,365,1,1,0,0,0,-1,608011156
1,1,-1,1,9,0,1,0,5,1,0,0,55,0,21,3,207,-1,0,0,1,0,0,55,0,0,-1,-1,-1,-1,0,0,0,0,0,0,-1,0,0,-1,-1,-1,-1,0,0,0,0,0,0,-1,0,90,0,90,0,0,90,90,0,90,1,1,0,0,0,-1,608011156
1,1,-1,1,9,0,1,0,5,1,0,0,55,0,22,1,98,420,0,0,1,0,0,55,0,0,-1,-1,-1,-1,0,0,0,0,0,0,-1,0,0,-1,-1,-1,-1,0,0,0,0,0,0,-1,0,60,0,60,0,0,60,60,7,60,1,1,0,0,0,-1,608011156
1,1,-1,1,9,0,1,0,5,1,0,0,55,0,22,1,99,422,0,0,1,0,0,55,0,0,-1,-1,-1,-1,0,0,0,0,0,0,-1,0,0,-1,-1,-1,-1,0,0,0,0,0,0,-1,0,30,0,30,0,0,30,30,0,30,1,1,0,0,0,-1,608011156
1,1,-1,1,9,0,1,0,5,1,0,0,55,0,22,1,207,314,0,0,1,0,0,55,0,0,-1,-1,-1,-1,0,0,0,0,0,0,-1,0,0,-1,-1,-1,-1,0,0,0,0,0,0,-1,0,60,0,60,0,0,60,60,0,60,1,1,0,0,0,-1,608011156
1,1,-1,1,9,0,1,0,5,1,0,0,55,0,22,1,314,101,0,0,1,0,0,55,0,0,-1,-1,-1,-1,0,0,0,0,0,0,-1,0,0,-1,-1,-1,-1,0,0,0,0,0,0,-1,0,30,0,30,0,0,30,30,7,30,1,1,0,0,0,-1,608011156
1,1,-1,1,9,0,1,0,5,1,0,0,55,0,22,3,99,99,0,0,1,0,0,55,0,0,-1,-1,-1,-1,0,0,0,0,0,0,-1,0,0,-1,-1,-1,-1,0,0,0,0,0,0,-1,0,30,0,30,0,0,30,30,0,30,1,1,0,0,0,-1,608011156
1,1,-1,1,9,0,1,0,5,1,0,0,55,0,22,3,101,206,0,0,1,0,0,55,0,0,-1,-1,-1,-1,0,0,0,0,0,0,-1,0,0,-1,-1,-1,-1,0,0,0,0,0,0,-1,0,30,0,30,0,0,30,30,0,30,1,1,0,0,0,-1,608011156
1,1,-1,1,9,0,1,0,5,1,0,0,55,0,22,3,434,434,0,0,1,0,0,55,0,0,-1,-1,-1,-1,0,0,0,0,0,0,-1,0,0,-1,-1,-1,-1,0,0,0,0,0,0,-1,0,90,0,90,0,0,90,90,7,90,1,1,0,0,0,-1,608011156
1,1,-1,1,9,0,1,0,5,3,0,0,25,1,0,-1,-1,-1,0,0,0,0,0,-1,0,22,0,3,116,312,90,0,0,1,0,0,25,1,0,-1,-1,-1,-1,0,0,0,0,0,0,-1,0,0,0,0,90,0,90,90,7,180,4,0,0,0,0,-1,608011156
1,1,-1,1,9,0,1,0,6,1,0,0,25,0,22,3,99,99,0,0,1,0,0,25,0,0,-1,-1,-1,-1,0,0,0,0,0,0,-1,0,0,-1,-1,-1,-1,0,0,0,0,0,0,-1,0,30,0,30,0,0,30,30,0,30,1,1,0,0,0,-1,608011156
1,1,-1,1,9,0,1,0,13,1,0,0,25,0,0,-1,-1,-1,0,0,0,0,0,-1,0,21,0,3,116,-1,90,0,0,1,0,0,25,0,0,-1,-1,-1,-1,0,0,0,0,0,0,-1,0,0,0,0,90,0,90,90,60,180,4,0,0,0,0,-1,608011156
1,1,-1,1,9,0,1,0,16,1,0,0,24,0,22,3,99,422,0,0,1,0,0,24,0,0,-1,-1,-1,-1,0,0,0,0,0,0,-1,0,0,-1,-1,-1,-1,0,0,0,0,0,0,-1,0,60,0,60,0,0,60,60,0,60,1,1,0,0,0,-1,608011156
1,1,-1,1,9,0,1,0,35,1,0,0,25,0,22,3,118,98,0,0,1,0,0,25,0,0,-1,-1,-1,-1,0,0,0,0,0,0,-1,0,0,-1,-1,-1,-1,0,0,0,0,0,0,-1,0,90,0,90,0,0,90,90,0,90,1,1,0,0,0,-1,608011156
1,1,-1,1,9,0,1,0,35,1,0,0,25,0,22,3,118,99,0,0,1,0,0,25,0,0,-1,-1,-1,-1,0,0,0,0,0,0,-1,0,0,-1,-1,-1,-1,0,0,0,0,0,0,-1,0,60,0,60,0,0,60,60,0,60,1,1,0,0,0,-1,608011156
1,1,-1,1,9,0,1,0,56,1,0,0,18,0,22,1,101,215,0,0,1,0,0,18,0,0,-1,-1,-1,-1,0,0,0,0,0,0,-1,0,0,-1,-1,-1,-1,0,0,0,0,0,0,-1,0,0,60,60,0,0,60,60,0,60,2,1,0,0,0,-1,608011156
1,1,-1,1,9,0,1,0,56,1,0,0,25,0,22,1,116,434,0,0,1,0,0,25,0,0,-1,-1,-1,-1,0,0,0,0,0,0,-1,0,0,-1,-1,-1,-1,0,0,0,0,0,0,-1,0,30,0,30,0,0,30,30,7,30,1,1,0,0,0,-1,608011156
1,1,-1,1,9,0,1,0,56,1,0,0,25,0,22,1,314,423,0,0,1,0,0,25,0,0,-1,-1,-1,-1,0,0,0,0,0,0,-1,0,0,-1,-1,-1,-1,0,0,0,0,0,0,-1,0,30,0,30,0,0,30,30,0,30,1,1,0,0,0,-1,608011156
1,1,-1,1,9,0,1,0,56,1,0,0,25,0,22,3,98,207,0,0,1,0,0,25,0,0,-1,-1,-1,-1,0,0,0,0,0,0,-1,0,0,-1,-1,-1,-1,0,0,0,0,0,0,-1,0,30,0,30,0,0,30,30,0,30,1,1,0,0,0,-1,608011156
1,1,-1,1,9,0,1,0,134,2,0,0,25,0,22,1,118,204,0,0,1,0,0,25,0,22,0,1,101,313,30,0,0,1,0,0,25,0,0,-1,-1,-1,-1,0,0,0,0,0,0,-1,0,60,0,60,30,0,60,60,180,365,5,1,0,0,0,-1,608011156
1,1,-1,1,9,0,1,0,135,1,0,0,25,0,22,3,99,312,0,0,1,0,0,25,0,0,-1,-1,-1,-1,0,0,0,0,0,0,-1,0,0,-1,-1,-1,-1,0,0,0,0,0,0,-1,0,30,0,30,0,0,30,30,0,30,1,1,0,0,0,-1,608011156
1,1,-1,1,9,0,1,0,137,1,0,0,25,0,22,1,116,423,0,0,1,0,0,25,0,0,-1,-1,-1,-1,0,0,0,0,0,0,-1,0,0,-1,-1,-1,-1,0,0,0,0,0,0,-1,0,30,0,30,0,0,30,30,0,30,1,1,0,0,0,-1,608011156
1,1,-1,1,9,0,1,0,157,1,0,0,25,0,22,3,99,99,0,0,1,0,0,25,0,0,-1,-1,-1,-1,0,0,0,0,0,0,-1,0,0,-1,-1,-1,-1,0,0,0,0,0,0,-1,0,30,0,30,0,0,30,30,0,30,1,1,0,0,0,-1,608011156
1,1,-1,1,9,0,1,0,236,1,0,0,25,0,22,1,206,99,0,0,1,0,0,25,0,0,-1,-1,-1,-1,0,0,0,0,0,0,-1,0,0,-1,-1,-1,-1,0,0,0,0,0,0,-1,0,60,0,60,0,0,60,60,180,365,1,1,0,0,0,-1,608011156
1,1,-1,1,9,0,1,0,237,1,0,0,25,0,0,-1,-1,-1,0,0,0,0,0,-1,0,21,1,3,116,-1,60,0,0,1,0,0,25,0,0,-1,-1,-1,-1,0,0,0,0,0,0,-1,0,0,0,0,60,180,180,60,60,90,4,0,1,0,0,-1,608011156
1,1,-1,1,9,0,1,0,245,1,0,0,25,0,22,3,101,410,0,0,1,0,0,25,0,0,-1,-1,-1,-1,0,0,0,0,0,0,-1,0,0,-1,-1,-1,-1,0,0,0,0,0,0,-1,0,60,0,60,0,0,60,60,7,60,1,1,0,0,0,-1,608011156
1,1,-1,1,9,0,1,0,247,1,0,0,25,0,22,1,206,422,0,0,1,0,0,25,0,0,-1,-1,-1,-1,0,0,0,0,0,0,-1,0,0,-1,-1,-1,-1,0,0,0,0,0,0,-1,0,30,0,30,0,0,30,30,0,30,1,1,0,0,0,-1,608011156
1,1,-1,1,9,0,1,0,267,1,0,0,25,0,22,3,116,313,0,0,1,0,0,25,0,0,-1,-1,-1,-1,0,0,0,0,0,0,-1,0,0,-1,-1,-1,-1,0,0,0,0,0,0,-1,0,30,0,30,0,0,30,30,60,60,1,1,0,0,0,-1,608011156
1,1,-1,1,9,0,1,0,367,1,0,0,25,0,22,3,336,99,0,0,1,0,0,25,0,0,-1,-1,-1,-1,0,0,0,0,0,0,-1,0,0,-1,-1,-1,-1,0,0,0,0,0,0,-1,0,60,0,60,0,0,60,60,0,60,1,1,0,0,0,-1,608011156
1,1,-1,1,9,0,1,1,2,1,0,0,55,0,22,3,118,313,0,0,1,1,0,55,0,0,-1,-1,-1,-1,0,0,0,0,0,0,-1,0,0,-1,-1,-1,-1,0,0,0,0,0,0,-1,0,30,0,30,0,0,30,30,30,30,1,1,0,0,0,-1,608011156
1,1,-1,1,9,0,1,1,2,1,0,0,55,0,22,3,336,423,0,0,1,1,0,55,0,0,-1,-1,-1,-1,0,0,0,0,0,0,-1,0,0,-1,-1,-1,-1,0,0,0,0,0,0,-1,0,30,0,30,0,0,30,30,7,30,1,1,0,0,0,-1,608011156
1,1,-1,1,9,0,1,1,3,1,0,0,24,0,21,1,336,-1,0,0,1,1,0,24,0,0,-1,-1,-1,-1,0,0,0,0,0,0,-1,0,0,-1,-1,-1,-1,0,0,0,0,0,0,-1,0,180,0,180,0,0,180,180,0,180,1,1,0,0,0,-1,608011156
1,1,-1,1,9,0,1,1,3,1,0,0,25,0,22,1,116,422,0,0,1,1,0,25,0,0,-1,-1,-1,-1,0,0,0,0,0,0,-1,0,0,-1,-1,-1,-1,0,0,0,0,0,0,-1,0,60,0,60,0,0,60,60,0,60,1,1,0,0,0,-1,608011156
1,1,-1,1,9,0,1,1,5,1,0,0,25,0,0,-1,-1,-1,0,0,0,0,0,-1,0,21,0,1,116,-1,90,0,0,1,1,0,25,0,0,-1,-1,-1,-1,0,0,0,0,0,0,-1,0,0,0,0,90,0,90,90,180,180,4,0,0,0,0,-1,608011156
1,1,-1,1,9,0,1,1,5,1,0,0,25,0,0,-1,-1,-1,0,0,0,0,0,-1,0,21,1,3,101,-1,7,0,0,1,1,0,25,0,0,-1,-1,-1,-1,0,0,0,0,0,0,-1,0,0,0,0,7,180,180,7,90,90,4,0,1,0,0,-1,608011156
1,1,-1,1,9,0,1,1,5,1,0,0,25,0,22,1,116,99,0,0,1,1,0,25,0,0,-1,-1,-1,-1,0,0,0,0,0,0,-1,0,0,-1,-1,-1,-1,0,0,0,0,0,0,-1,0,60,0,60,0,0,60,60,365,365,1,1,0,0,0,-1,608011156
1,1,-1,1,9,0,1,1,5,1,0,0,25,0,22,1,116,99,0,0,1,1,0,25,0,21,0,1,101,-1,180,0,0,1,1,0,25,0,0,-1,-1,-1,-1,0,0,0,0,0,0,-1,0,60,0,60,180,0,180,180,60,180,5,1,0,0,0,-1,608011156
1,1,-1,1,9,0,1,1,5,1,0,0,25,0,22,1,336,99,0,0,1,1,0,25,0,0,-1,-1,-1,-1,0,0,0,0,0,0,-1,0,0,-1,-1,-1,-1,0,0,0,0,0,0,-1,0,30,0,30,0,0,30,30,0,30,1,1,0,0,0,-1,608011156
1,1,-1,1,9,0,1,1,5,1,0,0,25,0,22,1,336,99,0,0,1,1,0,25,0,0,-1,-1,-1,-1,0,0,0,0,0,0,-1,0,0,-1,-1,-1,-1,0,0,0,0,0,0,-1,0,30,0,30,0,0,30,30,60,90,1,1,0,0,0,-1,608011156
1,1,-1,1,9,0,1,1,5,1,0,0,55,0,22,1,336,423,0,0,1,1,0,55,0,0,-1,-1,-1,-1,0,0,0,0,0,0,-1,0,0,-1,-1,-1,-1,0,0,0,0,0,0,-1,0,30,0,30,0,0,30,30,0,30,1,1,0,0,0,-1,608011156
1,1,-1,1,9,0,1,1,5,2,0,0,25,0,0,-1,-1,-1,0,0,0,0,0,-1,0,21,1,3,101,-1,90,0,0,1,1,0,25,0,0,-1,-1,-1,-1,0,0,0,0,0,0,-1,0,0,0,0,90,365,365,90,365,365,4,0,1,0,0,-1,608011156
1,1,-1,1,9,0,1,1,6,1,0,0,25,0,22,3,336,312,0,0,1,1,0,25,0,0,-1,-1,-1,-1,0,0,0,0,0,0,-1,0,0,-1,-1,-1,-1,0,0,0,0,0,0,-1,0,60,0,60,0,0,60,60,0,60,1,1,0,0,0,-1,608011156
1,1,-1,1,9,0,1,1,12,1,0,0,25,0,22,1,116,99,0,0,1,1,0,25,0,0,-1,-1,-1,-1,0,0,0,0,0,0,-1,0,0,-1,-1,-1,-1,0,0,0,0,0,0,-1,0,60,0,60,0,0,60,60,30,60,1,1,0,0,0,-1,608011156
1,1,-1,1,9,0,1,1,124,1,0,0,25,0,22,1,101,99,0,0,1,1,0,25,0,0,-1,-1,-1,-1,0,0,0,0,0,0,-1,0,0,-1,-1,-1,-1,0,0,0,0,0,0,-1,0,30,0,30,0,0,30,30,7,30,1,1,0,0,0,-1,608011156
1,1,-1,1,9,0,1,1,256,1,0,0,25,0,22,1,206,205,0,0,1,1,0,25,0,0,-1,-1,-1,-1,0,0,0,0,0,0,-1,0,0,-1,-1,-1,-1,0,0,0,0,0,0,-1,0,60,0,60,0,0,60,60,7,60,1,1,0,0,0,-1,608011156
1,1,-1,1,9,0,1,2,1,1,0,0,25,0,0,-1,-1,-1,0,0,0,0,0,-1,0,21,1,3,101,-1,7,0,0,1,2,0,25,0,0,-1,-1,-1,-1,0,0,0,0,0,0,-1,0,0,0,0,7,365,365,7,60,60,4,0,1,0,0,-1,608011156
1,1,-1,1,9,0,1,2,1,1,0,0,25,0,22,1,335,302,0,0,1,2,0,25,0,0,-1,-1,-1,-1,0,0,0,0,0,0,-1,0,0,-1,-1,-1,-1,0,0,0,0,0,0,-1,0,30,0,30,0,0,30,30,0,30,1,1,0,0,0,-1,608011156
1,1,-1,1,9,0,1,2,5,1,0,0,18,0,22,3,335,410,0,0,1,2,0,18,0,0,-1,-1,-1,-1,0,0,0,0,0,0,-1,0,0,-1,-1,-1,-1,0,0,0,0,0,0,-1,0,60,0,60,0,0,60,60,7,60,1,1,0,0,22,1,608011156
1,1,-1,1,9,0,1,2,5,1,0,0,25,0,0,-1,-1,-1,0,0,0,0,0,-1,0,21,1,1,101,-1,7,0,0,1,2,0,25,0,0,-1,-1,-1,-1,0,0,0,0,0,0,-1,0,0,0,0,7,180,180,7,30,30,4,0,1,0,0,-1,608011156
1,1,-1,1,9,0,1,2,5,1,0,0,25,0,22,1,99,99,0,0,1,2,0,25,0,21,0,1,101,-1,180,0,0,1,2,0,25,0,0,-1,-1,-1,-1,0,0,0,0,0,0,-1,0,30,0,30,180,0,180,180,30,365,5,1,0,0,0,-1,608011156
1,1,-1,1,9,0,1,2,5,1,0,0,25,0,22,1,101,312,0,0,1,2,0,25,0,0,-1,-1,-1,-1,0,0,0,0,0,0,-1,0,0,-1,-1,-1,-1,0,0,0,0,0,0,-1,0,7,60,90,0,0,90,90,365,365,3,1,0,0,0,-1,608011156
1,1,-1,1,9,0,1,2,5,1,0,0,25,0,22,1,116,101,0,0,1,2,0,25,0,0,-1,-1,-1,-1,0,0,0,0,0,0,-1,0,0,-1,-1,-1,-1,0,0,0,0,0,0,-1,0,30,0,30,0,0,30,30,30,60,1,1,0,0,0,-1,608011156
1,1,-1,1,9,0,1,2,5,1,0,0,25,0,22,1,116,205,0,0,1,2,0,25,0,0,-1,-1,-1,-1,0,0,0,0,0,0,-1,0,0,-1,-1,-1,-1,0,0,0,0,0,0,-1,0,60,0,60,0,0,60,60,0,60,1,1,0,0,0,-1,608011156
1,1,-1,1,9,0,1,2,5,1,0,0,25,0,22,1,207,99,0,0,1,2,0,25,0,0,-1,-1,-1,-1,0,0,0,0,0,0,-1,0,0,-1,-1,-1,-1,0,0,0,0,0,0,-1,0,90,0,90,0,0,90,90,0,90,1,1,0,0,0,-1,608011156
1,1,-1,1,9,0,1,2,5,1,0,0,25,0,22,1,314,410,0,0,1,2,0,25,0,0,-1,-1,-1,-1,0,0,0,0,0,0,-1,0,0,-1,-1,-1,-1,0,0,0,0,0,0,-1,0,60,0,60,0,0,60,60,0,60,1,1,0,0,0,-1,608011156
1,1,-1,1,9,0,1,2,5,1,0,0,25,0,22,3,206,312,0,0,1,2,0,25,0,0,-1,-1,-1,-1,0,0,0,0,0,0,-1,0,0,-1,-1,-1,-1,0,0,0,0,0,0,-1,0,30,0,30,0,0,30,30,0,30,1,1,0,0,0,-1,608011156
1,1,-1,1,9,0,1,2,5,1,0,0,25,0,22,3,335,312,0,0,1,2,0,25,0,0,-1,-1,-1,-1,0,0,0,0,0,0,-1,0,0,-1,-1,-1,-1,0,0,0,0,0,0,-1,0,30,0,30,0,0,30,30,0,30,1,1,0,0,0,-1,608011156
1,1,-1,1,9,0,1,2,5,1,0,0,55,0,0,-1,-1,-1,0,0,0,0,0,-1,0,21,1,3,116,-1,30,0,0,1,2,0,55,0,0,-1,-1,-1,-1,0,0,0,0,0,0,-1,0,0,0,0,30,180,180,30,30,30,4,0,1,0,0,-1,608011156
1,1,-1,1,9,0,1,2,5,1,0,0,55,0,22,1,336,99,0,0,1,2,0,55,0,0,-1,-1,-1,-1,0,0,0,0,0,0,-1,0,0,-1,-1,-1,-1,0,0,0,0,0,0,-1,0,30,0,30,0,0,30,30,0,30,1,1,0,0,0,-1,608011156
1,1,-1,1,9,0,1,2,5,3,0,0,25,1,0,-1,-1,-1,0,0,0,0,0,-1,0,22,0,3,116,99,180,0,0,1,2,0,25,1,0,-1,-1,-1,-1,0,0,0,0,0,0,-1,0,0,0,0,180,0,180,180,180,365,4,0,0,0,0,-1,608011156
1,1,-1,1,9,0,1,2,13,1,0,0,25,0,0,-1,-1,-1,0,0,0,0,0,-1,0,21,1,1,101,-1,7,0,0,1,2,0,25,0,0,-1,-1,-1,-1,0,0,0,0,0,0,-1,0,0,0,0,7,180,180,7,30,30,4,0,1,0,0,-1,608011156
1,1,-1,1,9,0,1,2,15,1,0,0,24,0,22,1,99,99,0,0,1,2,0,24,0,21,1,1,101,-1,60,0,0,1,2,0,24,0,0,-1,-1,-1,-1,0,0,0,0,0,0,-1,0,30,0,30,60,180,365,60,180,180,5,1,1,0,0,-1,608011156
1,1,-1,1,9,0,1,2,15,1,0,0,25,0,22,1,410,116,0,0,1,2,0,25,0,0,-1,-1,-1,-1,0,0,0,0,0,0,-1,0,0,-1,-1,-1,-1,0,0,0,0,0,0,-1,0,90,0,90,0,0,90,90,7,180,1,1,0,0,0,-1,608011156
1,1,-1,1,9,0,1,2,15,1,0,0,55,0,22,1,101,98,0,0,1,2,0,55,0,0,-1,-1,-1,-1,0,0,0,0,0,0,-1,0,0,-1,-1,-1,-1,0,0,0,0,0,0,-1,0,90,0,90,0,0,90,90,0,90,1,1,0,0,0,-1,608011156
1,1,-1,1,9,0,1,2,15,1,0,0,55,0,22,1,207,101,0,0,1,2,0,55,0,22,1,1,101,433,7,0,0,1,2,0,55,0,0,-1,-1,-1,-1,0,0,0,0,0,0,-1,0,30,0,30,7,180,365,30,365,365,5,1,1,0,0,-1,608011156
1,1,-1,1,9,0,1,2,16,1,0,0,25,0,22,3,206,423,0,0,1,2,0,25,0,0,-1,-1,-1,-1,0,0,0,0,0,0,-1,0,0,-1,-1,-1,-1,0,0,0,0,0,0,-1,0,30,0,30,0,0,30,30,0,30,1,1,0,0,0,-1,608011156
1,1,-1,1,9,0,1,2,26,1,0,0,55,0,22,3,206,422,0,0,1,2,0,55,0,0,-1,-1,-1,-1,0,0,0,0,0,0,-1,0,0,-1,-1,-1,-1,0,0,0,0,0,0,-1,0,60,0,60,0,0,60,60,0,60,1,1,0,0,0,-1,608011156
1,1,-1,1,9,0,1,2,56,1,0,0,55,0,22,1,410,98,0,0,1,2,0,55,0,0,-1,-1,-1,-1,0,0,0,0,0,0,-1,0,0,-1,-1,-1,-1,0,0,0,0,0,0,-1,0,30,0,30,0,0,30,30,0,30,1,1,0,0,0,-1,608011156
1,1,-1,1,9,0,1,2,125,1,0,0,55,0,0,-1,-1,-1,0,0,0,0,0,-1,0,21,0,3,101,-1,365,0,0,1,2,0,55,0,0,-1,-1,-1,-1,0,0,0,0,0,0,-1,0,0,0,0,365,0,365,365,7,365,4,0,0,0,0,-1,608011156
1,1,-1,1,9,0,1,2,347,1,0,0,25,0,22,3,205,313,0,0,1,2,0,25,0,0,-1,-1,-1,-1,0,0,0,0,0,0,-1,0,0,-1,-1,-1,-1,0,0,0,0,0,0,-1,0,60,0,60,0,0,60,60,0,60,1,1,0,0,0,-1,608011156
1,1,-1,1,9,0,1,2,356,3,0,0,25,1,0,-1,-1,-1,0,0,0,0,0,-1,0,22,1,3,335,431,30,0,0,1,2,0,25,1,0,-1,-1,-1,-1,0,0,0,0,0,0,-1,0,0,0,0,30,30,60,30,0,30,4,0,1,0,0,-1,608011156
1,1,-1,1,9,0,1,2,457,2,0,0,25,0,0,-1,-1,-1,0,0,0,0,0,-1,0,21,1,1,116,-1,90,0,0,1,2,0,25,0,0,-1,-1,-1,-1,0,0,0,0,0,0,-1,0,0,0,0,90,365,365,90,180,365,4,0,1,0,0,-1,608011156
1,1,-1,1,9,1,0,0,5,1,0,0,25,0,0,-1,-1,-1,0,0,0,0,0,-1,0,0,-1,-1,-1,-1,0,0,0,0,0,0,-1,0,22,0,1,99,419,0,0,1,0,0,0,25,0,0,0,0,365,0,365,365,0,365,8,0,0,0,0,-1,608011156
1,1,-1,1,9,1,1,0,3,1,0,0,25,0,22,1,101,116,0,1,1,0,0,25,0,22,1,1,101,423,30,0,1,1,0,0,25,0,0,-1,-1,-1,-1,0,0,0,0,0,0,-1,0,7,0,7,30,90,180,30,0,30,5,1,1,0,0,-1,608011156
1,1,-1,1,9,1,1,0,3,1,0,0,55,0,0,-1,-1,-1,0,0,0,0,0,-1,0,21,1,2,116,-1,60,0,1,1,0,0,55,0,0,-1,-1,-1,-1,0,0,0,0,0,0,-1,0,0,0,0,60,365,365,60,180,180,4,0,1,0,0,-1,608011156
1,1,-1,1,9,1,1,0,3,1,0,0,55,0,0,-1,-1,-1,0,0,0,0,0,-1,0,22,0,3,101,101,60,0,1,1,0,0,55,0,0,-1,-1,-1,-1,0,0,0,0,0,0,-1,0,0,0,0,60,0,60,60,7,90,4,0,0,0,0,-1,608011156
1,1,-1,1,9,1,1,0,3,1,0,0,55,0,22,1,336,423,0,1,1,0,0,55,0,21,1,2,101,-1,30,0,1,1,0,0,55,0,0,-1,-1,-1,-1,0,0,0,0,0,0,-1,0,0,30,30,30,180,365,30,7,30,6,1,1,0,0,-1,608011156
1,1,-1,1,9,1,1,0,5,1,0,0,25,0,0,-1,-1,-1,0,0,0,0,0,-1,0,21,1,1,101,-1,30,0,1,1,0,0,25,0,0,-1,-1,-1,-1,0,0,0,0,0,0,-1,0,0,0,0,30,365,365,30,90,90,4,0,1,0,0,-1,608011156
1,1,-1,1,9,1,1,0,5,1,0,0,25,0,0,-1,-1,-1,0,0,0,0,0,-1,0,21,1,2,101,-1,7,0,1,1,0,0,25,0,0,-1,-1,-1,-1,0,0,0,0,0,0,-1,0,0,0,0,7,365,365,7,30,30,4,0,1,0,0,-1,608011156
1,1,-1,1,9,1,1,0,5,1,0,0,25,0,0,-1,-1,-1,0,0,0,0,0,-1,0,22,1,3,116,410,0,0,1,1,0,0,25,0,0,-1,-1,-1,-1,0,0,0,0,0,0,-1,0,0,0,0,0,180,180,0,60,60,4,0,1,0,0,-1,608011156
1,1,-1,1,9,1,1,0,5,1,0,0,25,0,0,-1,-1,-1,0,0,0,0,0,-1,0,22,1,3,116,410,60,0,1,1,0,0,25,0,0,-1,-1,-1,-1,0,0,0,0,0,0,-1,0,0,0,0,60,180,180,60,7,60,4,0,1,0,0,-1,608011156
1,1,-1,1,9,1,1,0,5,1,0,0,25,0,21,3,336,-1,0,1,1,0,0,25,0,21,0,3,101,-1,90,0,1,1,0,0,25,0,0,-1,-1,-1,-1,0,0,0,0,0,0,-1,0,90,30,180,30,0,180,180,30,180,7,1,0,0,0,-1,608011156
1,1,-1,1,9,1,1,0,5,1,0,0,25,0,22,1,99,206,0,1,1,0,0,25,0,0,-1,-1,-1,-1,0,0,0,0,0,0,-1,0,0,-1,-1,-1,-1,0,0,0,0,0,0,-1,0,30,60,60,0,0,60,60,365,365,3,1,0,0,0,-1,608011156
1,1,-1,1,9,1,1,0,5,1,0,0,25,0,22,1,116,410,0,1,1,0,0,25,0,0,-1,-1,-1,-1,0,0,0,0,0,0,-1,0,0,-1,-1,-1,-1,0,0,0,0,0,0,-1,0,180,0,180,0,0,180,180,30,180,1,1,0,0,0,-1,608011156
1,1,-1,1,9,1,1,0,5,1,0,0,25,0,22,1,116,423,0,1,1,0,0,25,0,0,-1,-1,-1,-1,0,0,0,0,0,0,-1,0,21,1,2,206,-1,6,0,1,1,0,0,25,0,90,0,90,7,0,90,90,180,365,9,1,0,1,0,-1,608011156
1,1,-1,1,9,1,1,0,5,1,0,0,25,0,22,1,314,101,0,1,1,0,0,25,0,0,-1,-1,-1,-1,0,0,0,0,0,0,-1,0,0,-1,-1,-1,-1,0,0,0,0,0,0,-1,0,30,0,30,0,0,30,30,365,365,1,1,0,0,0,-1,608011156
1,1,-1,1,9,1,1,0,5,1,0,0,25,0,22,3,99,99,0,1,1,0,0,25,0,0,-1,-1,-1,-1,0,0,0,0,0,0,-1,0,0,-1,-1,-1,-1,0,0,0,0,0,0,-1,0,180,0,180,0,0,180,180,1094,1094,1,1,0,0,0,-1,608011156
1,1,-1,1,9,1,1,0,5,1,0,0,55,0,0,-1,-1,-1,0,0,0,0,0,-1,0,0,-1,-1,-1,-1,0,0,0,0,0,0,-1,0,21,0,1,99,-1,0,0,1,1,0,0,55,0,0,0,0,365,0,365,365,0,365,8,0,0,0,0,-1,608011156
1,1,-1,1,9,1,1,0,5,1,0,0,55,0,0,-1,-1,-1,0,0,0,0,0,-1,0,0,-1,-1,-1,-1,0,0,0,0,0,0,-1,0,22,1,1,99,98,12,0,1,1,0,0,55,0,0,0,0,30,0,30,30,0,30,8,0,0,1,0,-1,608011156
1,1,-1,1,9,1,1,0,5,1,0,0,55,0,0,-1,-1,-1,0,0,0,0,0,-1,0,21,0,2,101,-1,90,0,1,1,0,0,55,0,0,-1,-1,-1,-1,0,0,0,0,0,0,-1,0,0,0,0,90,0,90,90,30,90,4,0,0,0,0,-1,608011156
1,1,-1,1,9,1,1,0,5,1,0,0,55,0,0,-1,-1,-1,0,0,0,0,0,-1,0,21,0,2,101,-1,180,0,1,1,0,0,55,0,0,-1,-1,-1,-1,0,0,0,0,0,0,-1,0,0,0,0,180,0,180,180,30,365,4,0,0,0,0,-1,608011156
1,1,-1,1,9,1,1,0,5,1,0,0,55,0,0,-1,-1,-1,0,0,0,0,0,-1,0,21,0,2,116,-1,90,0,1,1,0,0,55,0,0,-1,-1,-1,-1,0,0,0,0,0,0,-1,0,0,0,0,90,0,90,90,30,180,4,0,0,0,0,-1,608011156
1,1,-1,1,9,1,1,0,5,1,0,0,55,0,0,-1,-1,-1,0,0,0,0,0,-1,0,21,0,2,116,-1,180,0,1,1,0,0,55,0,0,-1,-1,-1,-1,0,0,0,0,0,0,-1,0,0,0,0,180,0,180,180,30,180,4,0,0,0,0,-1,608011156
1,1,-1,1,9,1,1,0,5,1,0,0,55,0,0,-1,-1,-1,0,0,0,0,0,-1,0,21,1,2,101,-1,7,0,1,1,0,0,55,0,0,-1,-1,-1,-1,0,0,0,0,0,0,-1,0,0,0,0,7,180,180,7,7,30,4,0,1,0,0,-1,608011156
1,1,-1,1,9,1,1,0,5,1,0,0,55,0,0,-1,-1,-1,0,0,0,0,0,-1,0,21,1,2,101,-1,30,0,1,1,0,0,55,0,0,-1,-1,-1,-1,0,0,0,0,0,0,-1,0,0,0,0,30,90,180,30,365,365,4,0,1,0,0,-1,608011156
1,1,-1,1,9,1,1,0,5,1,0,0,55,0,0,-1,-1,-1,0,0,0,0,0,-1,0,21,1,2,101,-1,30,0,1,1,0,0,55,0,0,-1,-1,-1,-1,0,0,0,0,0,0,-1,0,0,0,0,30,180,180,30,7,30,4,0,1,0,0,-1,608011156
1,1,-1,1,9,1,1,0,5,1,0,0,55,0,0,-1,-1,-1,0,0,0,0,0,-1,0,21,1,3,101,-1,60,0,1,1,0,0,55,0,0,-1,-1,-1,-1,0,0,0,0,0,0,-1,0,0,0,0,60,365,365,60,7,60,4,0,1,0,0,-1,608011156
1,1,-1,1,9,1,1,0,5,1,0,0,55,0,0,-1,-1,-1,0,0,0,0,0,-1,0,21,1,3,116,-1,30,0,1,1,0,0,55,0,0,-1,-1,-1,-1,0,0,0,0,0,0,-1,0,0,0,0,30,365,365,30,180,365,4,0,1,0,0,-1,608011156
1,1,-1,1,9,1,1,0,5,1,0,0,55,0,22,1,116,99,0,1,1,0,0,55,0,0,-1,-1,-1,-1,0,0,0,0,0,0,-1,0,0,-1,-1,-1,-1,0,0,0,0,0,0,-1,0,30,0,30,0,0,30,30,7,30,1,1,0,0,0,-1,608011156
1,1,-1,1,9,1,1,0,5,1,0,0,55,0,22,1,206,205,0,1,1,0,0,55,0,0,-1,-1,-1,-1,0,0,0,0,0,0,-1,0,0,-1,-1,-1,-1,0,0,0,0,0,0,-1,0,0,90,90,0,0,90,90,0,90,2,1,0,0,0,-1,608011156
2,1,-1,1,9,1,1,0,5,1,0,0,55,0,22,3,118,99,0,1,1,0,0,55,0,0,-1,-1,-1,-1,0,0,0,0,0,0,-1,0,0,-1,-1,-1,-1,0,0,0,0,0,0,-1,0,60,0,60,0,0,60,60,0,60,1,1,0,0,0,-1,608011156
1,1,-1,1,9,1,1,0,5,1,0,0,55,0,22,3,314,314,0,1,1,0,0,55,0,0,-1,-1,-1,-1,0,0,0,0,0,0,-1,0,0,-1,-1,-1,-1,0,0,0,0,0,0,-1,0,60,0,60,0,0,60,60,0,60,1,1,0,0,0,-1,608011156
1,1,-1,1,9,1,1,0,5,2,0,0,25,0,0,-1,-1,-1,0,0,0,0,0,-1,0,21,1,2,101,-1,30,0,1,1,0,0,25,0,0,-1,-1,-1,-1,0,0,0,0,0,0,-1,0,0,0,0,30,180,365,30,30,60,4,0,1,0,0,-1,608011156
1,1,-1,1,9,1,1,0,15,1,0,0,55,0,0,-1,-1,-1,0,0,0,0,0,-1,0,0,-1,-1,-1,-1,0,0,0,0,0,0,-1,0,21,0,1,99,-1,0,0,1,1,0,0,55,0,0,0,0,180,0,180,180,0,180,8,0,0,0,0,-1,608011156
1,1,-1,1,9,1,1,0,56,1,0,0,55,0,21,1,336,-1,0,1,1,0,0,55,0,0,-1,-1,-1,-1,0,0,0,0,0,0,-1,0,0,-1,-1,-1,-1,0,0,0,0,0,0,-1,0,30,365,365,0,0,365,365,90,365,3,1,0,0,0,-1,608011156
1,1,-1,1,9,1,1,0,127,1,0,0,55,0,22,1,101,313,0,1,1,0,0,55,0,22,1,2,101,419,365,0,1,1,0,0,55,0,0,-1,-1,-1,-1,0,0,0,0,0,0,-1,0,0,180,180,180,90,365,365,60,365,6,1,1,0,0,-1,608011156
1,1,-1,1,9,1,1,0,136,1,0,0,55,0,22,3,101,312,0,1,1,0,0,55,0,0,-1,-1,-1,-1,0,0,0,0,0,0,-1,0,0,-1,-1,-1,-1,0,0,0,0,0,0,-1,0,30,0,30,0,0,30,30,0,30,1,1,0,0,0,-1,608011156
1,1,-1,1,9,1,1,1,5,1,0,0,25,0,0,-1,-1,-1,0,0,0,0,0,-1,0,21,1,3,116,-1,30,0,1,1,1,0,25,0,0,-1,-1,-1,-1,0,0,0,0,0,0,-1,0,0,0,0,30,365,365,30,0,30,4,0,1,0,0,-1,608011156
1,1,-1,1,9,1,1,1,5,1,0,0,25,0,0,-1,-1,-1,0,0,0,0,0,-1,0,22,1,2,118,410,30,0,1,1,1,0,25,0,0,-1,-1,-1,-1,0,0,0,0,0,0,-1,0,0,0,0,30,90,180,30,30,30,4,0,1,0,0,-1,608011156
1,1,-1,1,9,1,1,1,5,1,0,0,25,0,22,3,118,99,0,1,1,1,0,25,0,0,-1,-1,-1,-1,0,0,0,0,0,0,-1,0,0,-1,-1,-1,-1,0,0,0,0,0,0,-1,0,30,0,30,0,0,30,30,0,30,1,1,0,0,0,-1,608011156
1,1,-1,1,9,1,1,2,5,1,0,0,25,0,21,1,116,-1,0,1,1,2,0,25,0,0,-1,-1,-1,-1,0,0,0,0,0,0,-1,0,0,-1,-1,-1,-1,0,0,0,0,0,0,-1,0,30,180,180,0,0,180,180,30,180,3,1,0,0,0,-1,608011156
1,1,-1,2,0,0,0,0,1,2,1,0,25,1,22,1,314,99,0,0,0,0,0,25,1,0,-1,-1,-1,-1,0,0,0,0,0,0,-1,0,0,-1,-1,-1,-1,0,0,0,0,0,0,-1,0,60,0,60,0,0,60,60,180,365,1,1,0,0,0,-1,608011156
1,1,-1,2,0,0,0,0,3,1,1,0,18,1,22,1,116,99,0,0,0,0,0,18,1,0,-1,-1,-1,-1,0,0,0,0,0,0,-1,0,0,-1,-1,-1,-1,0,0,0,0,0,0,-1,0,30,0,30,0,0,30,30,30,60,1,1,0,0,0,-1,608011156
1,1,-1,2,0,0,0,0,3,1,1,0,18,1,22,1,335,99,0,0,0,0,0,18,1,0,-1,-1,-1,-1,0,0,0,0,0,0,-1,0,0,-1,-1,-1,-1,0,0,0,0,0,0,-1,0,30,0,30,0,0,30,30,180,180,1,1,0,0,0,-1,608011156
1,1,-1,2,0,0,0,0,3,1,1,0,18,1,22,1,336,99,0,0,0,0,0,18,1,0,-1,-1,-1,-1,0,0,0,0,0,0,-1,0,0,-1,-1,-1,-1,0,0,0,0,0,0,-1,0,30,0,30,0,0,30,30,30,60,1,1,0,0,0,-1,608011156
1,1,-1,2,0,0,0,0,3,1,1,0,24,1,21,1,99,-1,0,0,0,0,0,24,1,0,-1,-1,-1,-1,0,0,0,0,0,0,-1,0,0,-1,-1,-1,-1,0,0,0,0,0,0,-1,0,30,0,30,0,0,30,30,30,60,1,1,0,0,0,-1,608011156
1,1,-1,2,0,0,0,0,3,1,1,0,25,1,21,1,335,-1,0,0,0,0,0,25,1,0,-1,-1,-1,-1,0,0,0,0,0,0,-1,0,0,-1,-1,-1,-1,0,0,0,0,0,0,-1,0,90,0,90,0,0,90,90,60,180,1,1,0,0,0,-1,608011156
1,1,-1,2,0,0,0,0,3,1,1,0,25,1,22,1,116,99,0,0,0,0,0,25,1,0,-1,-1,-1,-1,0,0,0,0,0,0,-1,0,0,-1,-1,-1,-1,0,0,0,0,0,0,-1,0,60,0,60,0,0,60,60,30,60,1,1,0,0,0,-1,608011156
1,1,-1,2,0,0,0,0,3,1,1,0,25,1,22,1,116,99,0,0,0,0,0,25,1,0,-1,-1,-1,-1,0,0,0,0,0,0,-1,0,0,-1,-1,-1,-1,0,0,0,0,0,0,-1,0,90,0,90,0,0,90,90,7,90,1,1,0,0,0,-1,608011156
1,1,-1,2,0,0,0,0,3,1,1,0,25,1,22,1,116,410,0,0,0,0,0,25,1,0,-1,-1,-1,-1,0,0,0,0,0,0,-1,0,0,-1,-1,-1,-1,0,0,0,0,0,0,-1,0,60,0,60,0,0,60,60,60,90,1,1,0,0,0,-1,608011156
1,1,-1,2,0,0,0,0,3,1,1,0,25,1,22,1,116,410,0,0,0,0,0,25,1,0,-1,-1,-1,-1,0,0,0,0,0,0,-1,0,0,-1,-1,-1,-1,0,0,0,0,0,0,-1,0,60,0,60,0,0,60,60,90,180,1,1,0,0,0,-1,608011156
1,1,-1,2,0,0,0,0,3,1,1,0,25,1,22,1,116,410,0,0,0,0,0,25,1,0,-1,-1,-1,-1,0,0,0,0,0,0,-1,0,0,-1,-1,-1,-1,0,0,0,0,0,0,-1,0,60,0,60,0,0,60,60,365,365,1,1,0,0,0,-1,608011156
1,1,-1,2,0,0,0,0,3,1,1,0,25,1,22,1,314,410,0,0,0,0,0,25,1,0,-1,-1,-1,-1,0,0,0,0,0,0,-1,0,0,-1,-1,-1,-1,0,0,0,0,0,0,-1,0,60,0,60,0,0,60,60,365,365,1,1,0,0,0,-1,608011156
1,1,-1,2,0,0,0,0,3,1,1,0,25,1,22,1,335,434,0,0,0,0,0,25,1,0,-1,-1,-1,-1,0,0,0,0,0,0,-1,0,0,-1,-1,-1,-1,0,0,0,0,0,0,-1,0,60,0,60,0,0,60,60,0,60,1,1,0,0,0,-1,608011156
1,1,-1,2,0,0,0,0,3,1,1,0,25,1,22,1,336,99,0,0,0,0,0,25,1,0,-1,-1,-1,-1,0,0,0,0,0,0,-1,0,0,-1,-1,-1,-1,0,0,0,0,0,0,-1,0,7,0,7,0,0,7,7,0,7,1,1,0,0,0,-1,608011156
1,1,-1,2,0,0,0,0,3,1,2,0,18,1,22,1,314,99,0,0,0,0,0,18,1,0,-1,-1,-1,-1,0,0,0,0,0,0,-1,0,0,-1,-1,-1,-1,0,0,0,0,0,0,-1,0,30,0,30,0,0,30,30,30,60,1,1,0,0,0,-1,608011156
1,1,-1,2,0,0,0,0,3,1,2,0,18,1,22,1,335,99,0,0,0,0,0,18,1,0,-1,-1,-1,-1,0,0,0,0,0,0,-1,0,0,-1,-1,-1,-1,0,0,0,0,0,0,-1,0,90,0,90,0,0,90,90,30,90,1,1,0,0,0,-1,608011156
1,1,-1,2,0,0,0,0,3,1,2,0,18,1,22,3,336,410,0,0,0,0,0,18,1,0,-1,-1,-1,-1,0,0,0,0,0,0,-1,0,0,-1,-1,-1,-1,0,0,0,0,0,0,-1,0,30,0,30,0,0,30,30,7,30,1,1,0,0,0,-1,608011156
1,1,-1,2,0,0,0,0,3,1,2,0,25,1,22,1,99,99,0,0,0,0,0,25,1,0,-1,-1,-1,-1,0,0,0,0,0,0,-1,0,0,-1,-1,-1,-1,0,0,0,0,0,0,-1,0,7,0,7,0,0,7,7,90,90,1,1,0,0,0,-1,608011156
1,1,-1,2,0,0,0,0,3,1,2,0,25,1,22,1,116,99,0,0,0,0,0,25,1,0,-1,-1,-1,-1,0,0,0,0,0,0,-1,0,0,-1,-1,-1,-1,0,0,0,0,0,0,-1,0,30,0,30,0,0,30,30,90,90,1,1,0,0,0,-1,608011156
1,1,-1,2,0,0,0,0,3,1,2,0,25,1,22,1,116,410,0,0,0,0,0,25,1,0,-1,-1,-1,-1,0,0,0,0,0,0,-1,0,0,-1,-1,-1,-1,0,0,0,0,0,0,-1,0,60,0,60,0,0,60,60,7,60,1,1,0,0,0,-1,608011156
1,1,-1,2,0,0,0,0,3,1,2,0,25,1,22,1,335,99,0,0,0,0,0,25,1,0,-1,-1,-1,-1,0,0,0,0,0,0,-1,0,0,-1,-1,-1,-1,0,0,0,0,0,0,-1,0,30,0,30,0,0,30,30,7,60,1,1,0,0,0,-1,608011156
1,1,-1,2,0,0,0,0,3,1,2,0,25,1,22,1,410,410,0,0,0,0,0,25,1,0,-1,-1,-1,-1,0,0,0,0,0,0,-1,0,0,-1,-1,-1,-1,0,0,0,0,0,0,-1,0,60,0,60,0,0,60,60,7,60,1,1,0,0,0,-1,608011156
1,1,-1,2,0,0,0,0,3,1,3,0,24,1,21,1,336,-1,0,0,0,0,1,24,1,0,-1,-1,-1,-1,0,0,0,0,0,0,-1,0,0,-1,-1,-1,-1,0,0,0,0,0,0,-1,0,90,0,90,0,0,90,90,0,90,1,1,0,0,0,-1,608011156
1,1,-1,2,0,0,0,0,3,1,3,0,24,1,22,1,116,410,0,0,0,0,1,24,1,0,-1,-1,-1,-1,0,0,0,0,0,0,-1,0,0,-1,-1,-1,-1,0,0,0,0,0,0,-1,0,30,0,30,0,0,30,30,30,60,1,1,0,0,0,-1,608011156
1,1,-1,2,0,0,0,0,3,1,3,0,24,1,22,1,335,98,0,0,0,0,1,24,1,0,-1,-1,-1,-1,0,0,0,0,0,0,-1,0,0,-1,-1,-1,-1,0,0,0,0,0,0,-1,0,60,0,60,0,0,60,60,7,60,1,1,0,0,0,-1,608011156
1,1,-1,2,0,0,0,0,3,1,3,0,25,1,21,1,335,-1,0,0,0,0,1,25,1,0,-1,-1,-1,-1,0,0,0,0,0,0,-1,0,0,-1,-1,-1,-1,0,0,0,0,0,0,-1,0,90,0,90,0,0,90,90,0,90,1,1,0,0,0,-1,608011156
1,1,-1,2,0,0,0,0,3,1,3,0,25,1,22,1,101,420,0,0,0,0,1,25,1,0,-1,-1,-1,-1,0,0,0,0,0,0,-1,0,0,-1,-1,-1,-1,0,0,0,0,0,0,-1,0,60,0,60,0,0,60,60,90,180,1,1,0,0,0,-1,608011156
1,1,-1,2,0,0,0,0,3,1,3,0,25,1,22,1,116,313,0,0,0,0,1,25,1,0,-1,-1,-1,-1,0,0,0,0,0,0,-1,0,0,-1,-1,-1,-1,0,0,0,0,0,0,-1,0,90,0,90,0,0,90,90,30,90,1,1,0,0,0,-1,608011156
1,1,-1,2,0,0,0,0,3,1,3,0,25,1,22,1,314,99,0,0,0,0,1,25,1,0,-1,-1,-1,-1,0,0,0,0,0,0,-1,0,0,-1,-1,-1,-1,0,0,0,0,0,0,-1,0,30,0,30,0,0,30,30,30,60,1,1,0,0,0,-1,608011156
1,1,-1,2,0,0,0,0,3,1,3,0,25,1,22,1,314,99,0,0,0,0,1,25,1,22,1,1,101,422,90,0,0,0,0,0,25,1,0,-1,-1,-1,-1,0,0,0,0,0,0,-1,0,60,0,60,60,30,180,90,60,180,5,1,1,0,0,-1,608011156
1,1,-1,2,0,0,0,0,3,1,3,0,25,1,22,1,335,312,0,0,0,0,1,25,1,0,-1,-1,-1,-1,0,0,0,0,0,0,-1,0,0,-1,-1,-1,-1,0,0,0,0,0,0,-1,0,30,0,30,0,0,30,30,0,30,1,1,0,0,0,-1,608011156
1,1,-1,2,0,0,0,0,3,1,3,0,25,1,22,1,336,422,0,0,0,0,1,25,1,0,-1,-1,-1,-1,0,0,0,0,0,0,-1,0,0,-1,-1,-1,-1,0,0,0,0,0,0,-1,0,30,0,30,0,0,30,30,90,180,1,1,0,0,0,-1,608011156
1,1,-1,2,0,0,0,0,3,1,3,0,25,1,22,1,410,99,0,0,0,0,1,25,1,0,-1,-1,-1,-1,0,0,0,0,0,0,-1,0,0,-1,-1,-1,-1,0,0,0,0,0,0,-1,0,30,0,30,0,0,30,30,0,30,1,1,0,0,0,-1,608011156
1,1,-1,2,0,0,0,0,3,2,3,0,25,1,0,-1,-1,-1,0,0,0,0,0,-1,0,21,1,1,101,-1,30,0,0,0,0,1,25,1,0,-1,-1,-1,-1,0,0,0,0,0,0,-1,0,0,0,0,30,180,180,30,90,180,4,0,1,0,0,-1,608011156
1,1,-1,2,0,0,0,0,3,2,3,0,25,1,22,1,335,116,0,0,0,0,1,25,1,21,0,1,101,-1,365,0,0,0,0,1,25,1,0,-1,-1,-1,-1,0,0,0,0,0,0,-1,0,60,0,60,365,0,365,365,0,365,5,1,0,0,0,-1,608011156
1,1,-1,2,0,0,0,0,3,2,3,0,25,1,22,1,410,314,0,0,0,0,1,25,1,0,-1,-1,-1,-1,0,0,0,0,0,0,-1,0,0,-1,-1,-1,-1,0,0,0,0,0,0,-1,0,90,0,90,0,0,90,90,0,90,1,1,0,0,0,-1,608011156
1,1,-1,2,0,0,0,0,3,2,3,0,25,1,22,1,434,99,0,0,0,0,1,25,1,0,-1,-1,-1,-1,0,0,0,0,0,0,-1,0,0,-1,-1,-1,-1,0,0,0,0,0,0,-1,0,30,0,30,0,0,30,30,0,30,1,1,0,0,0,-1,608011156
1,1,-1,2,0,0,0,0,4,1,2,0,25,1,22,1,335,423,0,0,0,0,0,25,1,0,-1,-1,-1,-1,0,0,0,0,0,0,-1,0,0,-1,-1,-1,-1,0,0,0,0,0,0,-1,0,30,0,30,0,0,30,30,0,30,1,1,0,0,0,-1,608011156
1,1,-1,2,0,0,0,0,5,1,1,0,18,1,22,1,411,313,0,0,0,0,0,18,1,0,-1,-1,-1,-1,0,0,0,0,0,0,-1,0,0,-1,-1,-1,-1,0,0,0,0,0,0,-1,0,30,0,30,0,0,30,30,0,30,1,1,0,0,0,-1,608011156
1,1,-1,2,0,0,0,0,5,1,1,0,24,1,0,-1,-1,-1,0,0,0,0,0,-1,0,21,1,3,335,-1,60,0,0,0,0,0,24,1,0,-1,-1,-1,-1,0,0,0,0,0,0,-1,0,0,0,0,60,180,365,60,0,60,4,0,1,0,0,-1,608011156
1,1,-1,2,0,0,0,0,5,1,1,0,24,1,0,-1,-1,-1,0,0,0,0,0,-1,0,21,1,3,410,-1,30,0,0,0,0,0,24,1,0,-1,-1,-1,-1,0,0,0,0,0,0,-1,0,0,0,0,30,180,180,30,0,30,4,0,1,0,0,-1,608011156
1,1,-1,2,0,0,0,0,5,1,1,0,24,1,0,-1,-1,-1,0,0,0,0,0,-1,0,22,1,1,205,410,60,0,0,0,0,0,24,1,0,-1,-1,-1,-1,0,0,0,0,0,0,-1,0,0,0,0,60,180,180,60,90,180,4,0,1,0,0,-1,608011156
1,1,-1,2,0,0,0,0,5,1,1,0,25,1,0,-1,-1,-1,0,0,0,0,0,-1,0,21,0,3,116,-1,365,0,0,0,0,0,25,1,0,-1,-1,-1,-1,0,0,0,0,0,0,-1,0,0,0,0,365,0,365,365,60,365,4,0,0,0,0,-1,608011156
1,1,-1,2,0,0,0,0,5,1,1,0,25,1,0,-1,-1,-1,0,0,0,0,0,-1,0,21,0,3,335,-1,90,0,0,0,0,0,25,1,0,-1,-1,-1,-1,0,0,0,0,0,0,-1,0,0,0,0,90,0,90,90,0,90,4,0,0,0,0,-1,608011156
1,1,-1,2,0,0,0,0,5,1,1,0,25,1,0,-1,-1,-1,0,0,0,0,0,-1,0,21,0,3,410,-1,90,0,0,0,0,0,25,1,0,-1,-1,-1,-1,0,0,0,0,0,0,-1,0,0,0,0,90,0,90,90,0,90,4,0,0,0,0,-1,608011156
1,1,-1,2,0,0,0,0,5,1,1,0,25,1,0,-1,-1,-1,0,0,0,0,0,-1,0,21,1,3,116,-1,0,0,0,0,0,0,25,1,0,-1,-1,-1,-1,0,0,0,0,0,0,-1,0,0,0,0,0,365,365,0,60,60,4,0,1,0,0,-1,608011156
1,1,-1,2,0,0,0,0,5,1,1,0,25,1,0,-1,-1,-1,0,0,0,0,0,-1,0,22,1,3,314,431,30,0,0,0,0,0,25,1,0,-1,-1,-1,-1,0,0,0,0,0,0,-1,0,0,0,0,30,30,60,30,0,30,4,0,1,0,0,-1,608011156
1,1,-1,2,0,0,0,0,5,1,1,0,25,1,21,1,99,-1,0,0,0,0,0,25,1,0,-1,-1,-1,-1,0,0,0,0,0,0,-1,0,0,-1,-1,-1,-1,0,0,0,0,0,0,-1,0,30,0,30,0,0,30,30,0,30,1,1,0,0,0,-1,608011156
1,1,-1,2,0,0,0,0,5,1,1,0,25,1,22,1,101,99,0,0,0,0,0,25,1,0,-1,-1,-1,-1,0,0,0,0,0,0,-1,0,0,-1,-1,-1,-1,0,0,0,0,0,0,-1,0,60,0,60,0,0,60,60,7,60,1,1,0,0,0,-1,608011156
1,1,-1,2,0,0,0,0,5,1,1,0,25,1,22,1,116,98,0,0,0,0,0,25,1,0,-1,-1,-1,-1,0,0,0,0,0,0,-1,0,0,-1,-1,-1,-1,0,0,0,0,0,0,-1,0,60,0,60,0,0,60,60,30,90,1,1,0,0,0,-1,608011156
1,1,-1,2,0,0,0,0,5,1,1,0,25,1,22,1,116,99,0,0,0,0,0,25,1,0,-1,-1,-1,-1,0,0,0,0,0,0,-1,0,0,-1,-1,-1,-1,0,0,0,0,0,0,-1,0,30,0,30,0,0,30,30,7,30,1,1,0,0,0,-1,608011156
1,1,-1,2,0,0,0,0,5,1,1,0,25,1,22,1,335,99,0,0,0,0,0,25,1,0,-1,-1,-1,-1,0,0,0,0,0,0,-1,0,0,-1,-1,-1,-1,0,0,0,0,0,0,-1,0,60,0,60,0,0,60,60,30,90,1,1,0,0,0,-1,608011156
1,1,-1,2,0,0,0,0,5,1,1,0,25,1,22,1,336,99,0,0,0,0,0,25,1,0,-1,-1,-1,-1,0,0,0,0,0,0,-1,0,0,-1,-1,-1,-1,0,0,0,0,0,0,-1,0,30,0,30,0,0,30,30,30,60,1,1,0,0,0,-1,608011156
1,1,-1,2,0,0,0,0,5,1,2,0,18,1,22,1,314,99,0,0,0,0,0,18,1,0,-1,-1,-1,-1,0,0,0,0,0,0,-1,0,0,-1,-1,-1,-1,0,0,0,0,0,0,-1,0,30,0,30,0,0,30,30,30,60,1,1,0,0,0,-1,608011156
1,1,-1,2,0,0,0,0,5,1,2,0,24,1,21,1,314,-1,0,0,0,0,0,24,1,0,-1,-1,-1,-1,0,0,0,0,0,0,-1,0,0,-1,-1,-1,-1,0,0,0,0,0,0,-1,0,90,0,90,0,0,90,90,0,90,1,1,0,0,0,-1,608011156
1,1,-1,2,0,0,0,0,5,1,2,0,24,1,21,3,335,-1,0,0,0,0,0,24,1,0,-1,-1,-1,-1,0,0,0,0,0,0,-1,0,0,-1,-1,-1,-1,0,0,0,0,0,0,-1,0,90,0,90,0,0,90,90,90,180,1,1,0,0,0,-1,608011156
1,1,-1,2,0,0,0,0,5,1,2,0,24,1,22,1,335,99,0,0,0,0,0,24,1,0,-1,-1,-1,-1,0,0,0,0,0,0,-1,0,0,-1,-1,-1,-1,0,0,0,0,0,0,-1,0,30,0,30,0,0,30,30,7,60,1,1,0,0,0,-1,608011156
1,1,-1,2,0,0,0,0,5,1,2,0,25,1,0,-1,-1,-1,0,0,0,0,0,-1,0,0,-1,-1,-1,-1,0,0,0,0,0,0,-1,0,0,-1,-1,-1,-1,0,0,0,0,0,0,-1,0,0,0,0,0,0,0,0,0,0,12,0,0,0,22,1,608011156
1,1,-1,2,0,0,0,0,5,1,2,0,25,1,0,-1,-1,-1,0,0,0,0,0,-1,0,21,0,3,336,-1,365,0,0,0,0,0,25,1,0,-1,-1,-1,-1,0,0,0,0,0,0,-1,0,0,0,0,365,0,365,365,0,365,4,0,0,0,0,-1,608011156
1,1,-1,2,0,0,0,0,5,1,2,0,25,1,22,1,336,99,0,0,0,0,0,25,1,0,-1,-1,-1,-1,0,0,0,0,0,0,-1,0,0,-1,-1,-1,-1,0,0,0,0,0,0,-1,0,30,0,30,0,0,30,30,60,90,1,1,0,0,0,-1,608011156
1,1,-1,2,0,0,0,0,5,1,2,0,25,1,22,1,336,99,0,0,0,0,0,25,1,0,-1,-1,-1,-1,0,0,0,0,0,0,-1,0,0,-1,-1,-1,-1,0,0,0,0,0,0,-1,0,60,0,60,0,0,60,60,7,60,1,1,0,0,0,-1,608011156
1,1,-1,2,0,0,0,0,5,1,2,0,25,1,22,1,336,411,0,0,0,0,0,25,1,0,-1,-1,-1,-1,0,0,0,0,0,0,-1,0,0,-1,-1,-1,-1,0,0,0,0,0,0,-1,0,30,0,30,0,0,30,30,30,60,1,1,0,0,0,-1,608011156
1,1,-1,2,0,0,0,0,5,1,2,0,25,1,22,1,410,312,0,0,0,0,0,25,1,0,-1,-1,-1,-1,0,0,0,0,0,0,-1,0,0,-1,-1,-1,-1,0,0,0,0,0,0,-1,0,60,0,60,0,0,60,60,0,60,1,1,0,0,0,-1,608011156
1,1,-1,2,0,0,0,0,5,1,2,0,25,1,22,1,434,431,0,0,0,0,0,25,1,0,-1,-1,-1,-1,0,0,0,0,0,0,-1,0,0,-1,-1,-1,-1,0,0,0,0,0,0,-1,0,60,0,60,0,0,60,60,0,60,1,1,0,0,0,-1,608011156
1,1,-1,2,0,0,0,0,5,1,3,0,25,1,0,-1,-1,-1,0,0,0,0,0,-1,0,0,-1,-1,-1,-1,0,0,0,0,0,0,-1,0,0,-1,-1,-1,-1,0,0,0,0,0,0,-1,0,0,0,0,0,0,0,0,0,0,12,0,0,0,12,2,608011156
1,1,-1,2,0,0,0,0,5,1,3,0,25,1,0,-1,-1,-1,0,0,0,0,0,-1,0,0,-1,-1,-1,-1,0,0,0,0,0,0,-1,0,0,-1,-1,-1,-1,0,0,0,0,0,0,-1,0,0,0,0,0,0,0,0,180,180,12,0,0,0,22,1,608011156
1,1,-1,2,0,0,0,0,5,1,3,0,25,1,21,1,336,-1,0,0,0,0,1,25,1,0,-1,-1,-1,-1,0,0,0,0,0,0,-1,0,0,-1,-1,-1,-1,0,0,0,0,0,0,-1,0,180,0,180,0,0,180,180,0,180,1,1,0,0,0,-1,608011156
1,1,-1,2,0,0,0,0,5,1,3,0,25,1,21,1,410,-1,0,0,0,0,1,25,1,0,-1,-1,-1,-1,0,0,0,0,0,0,-1,0,0,-1,-1,-1,-1,0,0,0,0,0,0,-1,0,90,0,90,0,0,90,90,0,90,1,1,0,0,0,-1,608011156
1,1,-1,2,0,0,0,0,5,1,3,0,25,1,22,1,101,313,0,0,0,0,1,25,1,0,-1,-1,-1,-1,0,0,0,0,0,0,-1,0,0,-1,-1,-1,-1,0,0,0,0,0,0,-1,0,90,0,90,0,0,90,90,30,90,1,1,0,0,0,-1,608011156
1,1,-1,2,0,0,0,0,5,1,3,0,25,1,22,1,314,410,0,0,0,0,1,25,1,0,-1,-1,-1,-1,0,0,0,0,0,0,-1,0,0,-1,-1,-1,-1,0,0,0,0,0,0,-1,0,60,0,60,0,0,60,60,30,90,1,1,0,0,0,-1,608011156
1,1,-1,2,0,0,0,0,5,1,3,0,25,1,22,1,336,314,0,0,0,0,1,25,1,0,-1,-1,-1,-1,0,0,0,0,0,0,-1,0,0,-1,-1,-1,-1,0,0,0,0,0,0,-1,0,90,0,90,0,0,90,90,1095,1095,1,1,0,0,0,-1,608011156
1,1,-1,2,0,0,0,0,5,2,1,0,25,1,22,1,101,99,0,0,0,0,0,25,1,0,-1,-1,-1,-1,0,0,0,0,0,0,-1,0,0,-1,-1,-1,-1,0,0,0,0,0,0,-1,0,30,0,30,0,0,30,30,60,60,1,1,0,0,0,-1,608011156
1,1,-1,2,0,0,0,0,5,2,1,0,25,1,22,1,101,99,0,0,0,0,0,25,1,0,-1,-1,-1,-1,0,0,0,0,0,0,-1,0,0,-1,-1,-1,-1,0,0,0,0,0,0,-1,0,90,0,90,0,0,90,90,30,180,1,1,0,0,0,-1,608011156
1,1,-1,2,0,0,0,0,5,2,1,0,25,1,22,1,314,410,0,0,0,0,0,25,1,0,-1,-1,-1,-1,0,0,0,0,0,0,-1,0,0,-1,-1,-1,-1,0,0,0,0,0,0,-1,0,60,0,60,0,0,60,60,60,180,1,1,0,0,0,-1,608011156
1,1,-1,2,0,0,0,0,5,2,1,0,25,1,22,1,410,99,0,0,0,0,0,25,1,0,-1,-1,-1,-1,0,0,0,0,0,0,-1,0,0,-1,-1,-1,-1,0,0,0,0,0,0,-1,0,90,0,90,0,0,90,90,7,90,1,1,0,0,0,-1,608011156
1,1,-1,2,0,0,0,0,5,2,2,0,25,1,0,-1,-1,-1,0,0,0,0,0,-1,0,0,-1,-1,-1,-1,0,0,0,0,0,0,-1,0,0,-1,-1,-1,-1,0,0,0,0,0,0,-1,0,0,0,0,0,0,0,0,60,60,12,0,0,0,12,1,608011156
1,1,-1,2,0,0,0,0,5,2,2,0,25,1,22,1,116,313,0,0,0,0,0,25,1,0,-1,-1,-1,-1,0,0,0,0,0,0,-1,0,0,-1,-1,-1,-1,0,0,0,0,0,0,-1,0,60,0,60,0,0,60,60,30,90,1,1,0,0,0,-1,608011156
1,1,-1,2,0,0,0,0,5,2,2,0,25,1,22,1,116,434,0,0,0,0,0,25,1,0,-1,-1,-1,-1,0,0,0,0,0,0,-1,0,0,-1,-1,-1,-1,0,0,0,0,0,0,-1,0,180,0,180,0,0,180,180,180,365,1,1,0,0,0,-1,608011156
1,1,-1,2,0,0,0,0,5,2,2,0,25,1,22,1,314,312,0,0,0,0,0,25,1,0,-1,-1,-1,-1,0,0,0,0,0,0,-1,0,0,-1,-1,-1,-1,0,0,0,0,0,0,-1,0,30,0,30,0,0,30,30,0,30,1,1,0,0,0,-1,608011156
1,1,-1,2,0,0,0,0,5,2,3,0,25,1,21,1,314,-1,0,0,0,0,1,25,1,0,-1,-1,-1,-1,0,0,0,0,0,0,-1,0,0,-1,-1,-1,-1,0,0,0,0,0,0,-1,0,365,0,365,0,0,365,365,7,365,1,1,0,0,0,-1,608011156
1,1,-1,2,0,0,0,0,5,2,3,0,25,1,22,1,101,410,0,0,0,0,1,25,1,0,-1,-1,-1,-1,0,0,0,0,0,0,-1,0,0,-1,-1,-1,-1,0,0,0,0,0,0,-1,0,90,0,90,0,0,90,90,180,365,1,1,0,0,0,-1,608011156
1,1,-1,2,0,0,0,0,5,2,3,0,25,1,22,1,314,410,0,0,0,0,1,25,1,0,-1,-1,-1,-1,0,0,0,0,0,0,-1,0,0,-1,-1,-1,-1,0,0,0,0,0,0,-1,0,30,0,30,0,0,30,30,0,30,1,1,0,0,0,-1,608011156
1,1,-1,2,0,0,0,0,5,2,3,0,25,1,22,1,410,99,0,0,0,0,1,25,1,0,-1,-1,-1,-1,0,0,0,0,0,0,-1,0,0,-1,-1,-1,-1,0,0,0,0,0,0,-1,0,30,0,30,0,0,30,30,0,30,1,1,0,0,0,-1,608011156
1,1,-1,2,0,0,0,0,5,2,3,0,25,1,22,1,410,422,0,0,0,0,1,25,1,0,-1,-1,-1,-1,0,0,0,0,0,0,-1,0,0,-1,-1,-1,-1,0,0,0,0,0,0,-1,0,30,0,30,0,0,30,30,0,30,1,1,0,0,0,-1,608011156
1,1,-1,2,0,0,0,0,5,3,2,0,25,1,0,-1,-1,-1,0,0,0,0,0,-1,0,0,-1,-1,-1,-1,0,0,0,0,0,0,-1,0,0,-1,-1,-1,-1,0,0,0,0,0,0,-1,0,0,0,0,0,0,0,0,90,90,12,0,0,0,22,1,608011156
1,1,-1,2,0,0,0,0,13,1,3,0,25,1,22,1,336,99,0,0,0,0,1,25,1,0,-1,-1,-1,-1,0,0,0,0,0,0,-1,0,0,-1,-1,-1,-1,0,0,0,0,0,0,-1,0,30,0,30,0,0,30,30,365,365,1,1,0,0,0,-1,608011156
1,1,-1,2,0,0,0,0,14,1,1,0,18,1,22,1,116,410,0,0,0,0,0,18,1,0,-1,-1,-1,-1,0,0,0,0,0,0,-1,0,0,-1,-1,-1,-1,0,0,0,0,0,0,-1,0,60,0,60,0,0,60,60,30,60,1,1,0,0,0,-1,608011156
1,1,-1,2,0,0,0,0,25,2,3,0,25,1,22,1,335,312,0,0,0,0,1,25,1,0,-1,-1,-1,-1,0,0,0,0,0,0,-1,0,0,-1,-1,-1,-1,0,0,0,0,0,0,-1,0,30,0,30,0,0,30,30,0,30,1,1,0,0,0,-1,608011156
1,1,-1,2,0,0,0,0,34,1,1,0,25,1,22,3,101,434,0,0,0,0,0,25,1,0,-1,-1,-1,-1,0,0,0,0,0,0,-1,0,0,-1,-1,-1,-1,0,0,0,0,0,0,-1,0,60,0,60,0,0,60,60,7,60,1,1,0,0,0,-1,608011156
1,1,-1,2,0,0,0,0,35,1,1,0,18,1,21,1,314,-1,0,0,0,0,0,18,1,0,-1,-1,-1,-1,0,0,0,0,0,0,-1,0,0,-1,-1,-1,-1,0,0,0,0,0,0,-1,0,90,0,90,0,0,90,90,7,90,1,1,0,0,0,-1,608011156
1,1,-1,2,0,0,0,0,35,1,1,0,25,1,0,-1,-1,-1,0,0,0,0,0,-1,0,22,1,3,335,410,7,0,0,0,0,0,25,1,0,-1,-1,-1,-1,0,0,0,0,0,0,-1,0,0,0,0,7,180,180,7,0,7,4,0,1,0,0,-1,608011156
1,1,-1,2,0,0,0,0,35,1,1,0,25,1,21,1,99,-1,0,0,0,0,0,25,1,0,-1,-1,-1,-1,0,0,0,0,0,0,-1,0,0,-1,-1,-1,-1,0,0,0,0,0,0,-1,0,30,0,30,0,0,30,30,365,365,1,1,0,0,0,-1,608011156
1,1,-1,2,0,0,0,0,35,1,3,0,25,1,22,1,335,313,0,0,0,0,1,25,1,0,-1,-1,-1,-1,0,0,0,0,0,0,-1,0,0,-1,-1,-1,-1,0,0,0,0,0,0,-1,0,60,0,60,0,0,60,60,30,90,1,1,0,0,0,-1,608011156
1,1,-1,2,0,0,0,0,36,1,1,0,18,1,22,1,335,99,0,0,0,0,0,18,1,0,-1,-1,-1,-1,0,0,0,0,0,0,-1,0,0,-1,-1,-1,-1,0,0,0,0,0,0,-1,0,60,0,60,0,0,60,60,180,180,1,1,0,0,0,-1,608011156
1,1,-1,2,0,0,0,0,36,1,1,0,25,1,0,-1,-1,-1,0,0,0,0,0,-1,0,21,1,3,116,-1,0,0,0,0,0,0,25,1,0,-1,-1,-1,-1,0,0,0,0,0,0,-1,0,0,0,0,0,365,365,0,30,30,4,0,1,0,0,-1,608011156
1,1,-1,2,0,0,0,0,45,1,3,0,25,1,22,1,336,99,0,0,0,0,1,25,1,0,-1,-1,-1,-1,0,0,0,0,0,0,-1,0,0,-1,-1,-1,-1,0,0,0,0,0,0,-1,0,7,0,7,0,0,7,7,0,7,1,1,0,0,0,-1,608011156
1,1,-1,2,0,0,0,0,46,1,2,0,25,1,21,1,335,-1,0,0,0,0,0,25,1,0,-1,-1,-1,-1,0,0,0,0,0,0,-1,0,0,-1,-1,-1,-1,0,0,0,0,0,0,-1,0,180,0,180,0,0,180,180,0,180,1,1,0,0,0,-1,608011156
1,1,-1,2,0,0,0,0,47,1,3,0,25,1,22,1,336,98,0,0,0,0,1,25,1,0,-1,-1,-1,-1,0,0,0,0,0,0,-1,0,0,-1,-1,-1,-1,0,0,0,0,0,0,-1,0,180,0,180,0,0,180,180,90,365,1,1,0,0,0,-1,608011156
1,1,-1,2,0,0,0,0,56,1,1,0,25,1,22,1,116,99,0,0,0,0,0,25,1,0,-1,-1,-1,-1,0,0,0,0,0,0,-1,0,0,-1,-1,-1,-1,0,0,0,0,0,0,-1,0,30,0,30,0,0,30,30,30,60,1,1,0,0,0,-1,608011156
1,1,-1,2,0,0,0,0,56,1,2,0,24,1,22,3,335,312,0,0,0,0,0,24,1,0,-1,-1,-1,-1,0,0,0,0,0,0,-1,0,0,-1,-1,-1,-1,0,0,0,0,0,0,-1,0,30,0,30,0,0,30,30,30,30,1,1,0,0,0,-1,608011156
1,1,-1,2,0,0,0,0,56,1,2,0,25,1,21,3,335,-1,0,0,0,0,0,25,1,0,-1,-1,-1,-1,0,0,0,0,0,0,-1,0,0,-1,-1,-1,-1,0,0,0,0,0,0,-1,0,90,0,90,0,0,90,90,1095,1095,1,1,0,0,21,0,608011156
1,1,-1,2,0,0,0,0,56,2,3,0,25,1,0,-1,-1,-1,0,0,0,0,0,-1,0,22,1,3,336,431,7,0,0,0,0,1,25,1,0,-1,-1,-1,-1,0,0,0,0,0,0,-1,0,0,0,0,7,30,30,7,0,7,4,0,1,0,0,-1,608011156
1,1,-1,2,0,0,0,0,98,1,1,0,25,1,22,1,116,313,0,0,0,0,0,25,1,0,-1,-1,-1,-1,0,0,0,0,0,0,-1,0,0,-1,-1,-1,-1,0,0,0,0,0,0,-1,0,30,0,30,0,0,30,30,60,60,1,1,0,0,0,-1,608011156
1,1,-1,2,0,0,0,0,98,1,1,0,25,1,22,1,335,314,0,0,0,0,0,25,1,0,-1,-1,-1,-1,0,0,0,0,0,0,-1,0,0,-1,-1,-1,-1,0,0,0,0,0,0,-1,0,60,0,60,0,0,60,60,90,180,1,1,0,0,0,-1,608011156
1,1,-1,2,0,0,0,0,145,1,1,0,25,1,22,3,99,422,0,0,0,0,0,25,1,0,-1,-1,-1,-1,0,0,0,0,0,0,-1,0,0,-1,-1,-1,-1,0,0,0,0,0,0,-1,0,30,0,30,0,0,30,30,0,30,1,1,0,0,0,-1,608011156
1,1,-1,2,0,0,0,0,145,1,3,0,25,1,22,1,116,99,0,0,0,0,1,25,1,0,-1,-1,-1,-1,0,0,0,0,0,0,-1,0,0,-1,-1,-1,-1,0,0,0,0,0,0,-1,0,30,0,30,0,0,30,30,7,30,1,1,0,0,0,-1,608011156
1,1,-1,2,0,0,0,0,146,1,3,0,25,1,22,1,116,99,0,0,0,0,1,25,1,0,-1,-1,-1,-1,0,0,0,0,0,0,-1,0,0,-1,-1,-1,-1,0,0,0,0,0,0,-1,0,30,0,30,0,0,30,30,60,90,1,1,0,0,0,-1,608011156
1,1,-1,2,0,0,0,0,157,3,3,0,25,1,0,-1,-1,-1,0,0,0,0,0,-1,0,21,1,3,335,-1,30,0,0,0,0,1,25,1,0,-1,-1,-1,-1,0,0,0,0,0,0,-1,0,0,0,0,30,90,90,30,0,30,4,0,1,0,0,-1,608011156
1,1,-1,2,0,0,0,0,234,1,2,0,25,1,2,-1,-1,-1,0,0,0,0,0,-1,0,0,-1,-1,-1,-1,0,0,0,0,0,0,-1,0,0,-1,-1,-1,-1,0,0,0,0,0,0,-1,0,30,0,30,0,0,30,30,0,30,1,0,0,0,12,2,608011156
1,1,-1,2,0,0,0,0,237,1,3,0,25,1,22,1,314,99,0,0,0,0,1,25,1,0,-1,-1,-1,-1,0,0,0,0,0,0,-1,0,0,-1,-1,-1,-1,0,0,0,0,0,0,-1,0,30,0,30,0,0,30,30,7,30,1,1,0,0,0,-1,608011156
1,1,-1,2,0,0,0,0,246,1,1,0,18,0,0,-1,-1,-1,0,0,0,0,0,-1,0,22,1,3,116,431,7,0,0,0,0,0,18,0,0,-1,-1,-1,-1,0,0,0,0,0,0,-1,0,0,0,0,7,30,30,7,30,30,4,0,1,0,0,-1,608011156
1,1,-1,2,0,0,0,0,247,1,3,0,25,1,22,1,116,433,0,0,0,0,1,25,1,0,-1,-1,-1,-1,0,0,0,0,0,0,-1,0,0,-1,-1,-1,-1,0,0,0,0,0,0,-1,0,90,0,90,0,0,90,90,90,180,1,1,0,0,0,-1,608011156
1,1,-1,2,0,0,0,0,256,1,1,0,25,1,0,-1,-1,-1,0,0,0,0,0,-1,0,0,-1,-1,-1,-1,0,0,0,0,0,0,-1,0,0,-1,-1,-1,-1,0,0,0,0,0,0,-1,0,0,0,0,0,0,0,0,0,0,12,0,0,0,11,2,608011156
1,1,-1,2,0,0,0,1,1,1,2,0,25,1,22,1,116,423,0,0,0,1,0,25,1,0,-1,-1,-1,-1,0,0,0,0,0,0,-1,0,0,-1,-1,-1,-1,0,0,0,0,0,0,-1,0,60,0,60,0,0,60,60,30,60,1,1,0,0,0,-1,608011156
1,1,-1,2,0,0,0,1,2,1,1,0,25,1,22,1,101,422,0,0,0,1,0,25,1,0,-1,-1,-1,-1,0,0,0,0,0,0,-1,0,0,-1,-1,-1,-1,0,0,0,0,0,0,-1,0,60,0,60,0,0,60,60,7,60,1,1,0,0,0,-1,608011156
1,1,-1,2,0,0,0,1,3,1,1,0,18,1,0,-1,-1,-1,0,0,0,0,0,-1,0,21,1,1,336,-1,7,0,0,0,1,0,18,1,0,-1,-1,-1,-1,0,0,0,0,0,0,-1,0,0,0,0,7,90,90,7,0,7,4,0,1,0,0,-1,608011156
1,1,-1,2,0,0,0,1,3,1,1,0,18,1,22,1,99,99,0,0,0,1,0,18,1,21,1,1,101,-1,30,0,0,0,1,0,18,1,0,-1,-1,-1,-1,0,0,0,0,0,0,-1,0,30,0,30,30,365,365,60,180,365,5,1,1,0,0,-1,608011156
1,1,-1,2,0,0,0,1,3,1,1,0,18,1,22,1,314,99,0,0,0,1,0,18,1,0,-1,-1,-1,-1,0,0,0,0,0,0,-1,0,0,-1,-1,-1,-1,0,0,0,0,0,0,-1,0,90,0,90,0,0,90,90,30,90,1,1,0,0,0,-1,608011156
1,1,-1,2,0,0,0,1,3,1,1,0,24,1,21,1,116,-1,0,0,0,1,0,24,1,0,-1,-1,-1,-1,0,0,0,0,0,0,-1,0,0,-1,-1,-1,-1,0,0,0,0,0,0,-1,0,90,0,90,0,0,90,90,30,180,1,1,0,0,0,-1,608011156
1,1,-1,2,0,0,0,1,3,1,1,0,25,1,0,-1,-1,-1,0,0,0,0,0,-1,0,0,-1,-1,-1,-1,0,0,0,0,0,0,-1,0,0,-1,-1,-1,-1,0,0,0,0,0,0,-1,0,0,0,0,0,0,0,0,0,0,12,0,0,0,22,0,608011156
1,1,-1,2,0,0,0,1,3,1,1,0,25,1,21,1,335,-1,0,0,0,1,0,25,1,0,-1,-1,-1,-1,0,0,0,0,0,0,-1,0,0,-1,-1,-1,-1,0,0,0,0,0,0,-1,0,90,0,90,0,0,90,90,30,90,1,1,0,0,0,-1,608011156
1,1,-1,2,0,0,0,1,3,1,1,0,25,1,22,1,314,99,0,0,0,1,0,25,1,0,-1,-1,-1,-1,0,0,0,0,0,0,-1,0,0,-1,-1,-1,-1,0,0,0,0,0,0,-1,0,30,0,30,0,0,30,30,30,60,1,1,0,0,0,-1,608011156
1,1,-1,2,0,0,0,1,3,1,1,0,25,1,22,1,335,99,0,0,0,1,0,25,1,0,-1,-1,-1,-1,0,0,0,0,0,0,-1,0,0,-1,-1,-1,-1,0,0,0,0,0,0,-1,0,30,0,30,0,0,30,30,365,365,1,1,0,0,0,-1,608011156
1,1,-1,2,0,0,0,1,3,1,1,0,25,1,22,1,335,99,0,0,0,1,0,25,1,0,-1,-1,-1,-1,0,0,0,0,0,0,-1,0,0,-1,-1,-1,-1,0,0,0,0,0,0,-1,0,180,0,180,0,0,180,180,7,180,1,1,0,0,0,-1,608011156
1,1,-1,2,0,0,0,1,3,1,2,0,18,1,22,1,101,99,0,0,0,1,0,18,1,0,-1,-1,-1,-1,0,0,0,0,0,0,-1,0,0,-1,-1,-1,-1,0,0,0,0,0,0,-1,0,30,0,30,0,0,30,30,60,90,1,1,0,0,0,-1,608011156
1,1,-1,2,0,0,0,1,3,1,2,0,18,1,22,1,335,99,0,0,0,1,0,18,1,0,-1,-1,-1,-1,0,0,0,0,0,0,-1,0,0,-1,-1,-1,-1,0,0,0,0,0,0,-1,0,90,0,90,0,0,90,90,180,180,1,1,0,0,0,-1,608011156
1,1,-1,2,0,0,0,1,3,1,2,0,25,1,0,-1,-1,-1,0,0,0,0,0,-1,0,0,-1,-1,-1,-1,0,0,0,0,0,0,-1,0,0,-1,-1,-1,-1,0,0,0,0,0,0,-1,0,0,0,0,0,0,0,0,0,0,12,0,0,0,22,1,608011156
1,1,-1,2,0,0,0,1,3,1,2,0,25,1,0,-1,-1,-1,0,0,0,0,0,-1,0,21,1,1,101,-1,30,0,0,0,1,0,25,1,0,-1,-1,-1,-1,0,0,0,0,0,0,-1,0,0,0,0,30,365,365,30,180,365,4,0,1,0,0,-1,608011156
1,1,-1,2,0,0,0,1,3,1,2,0,25,1,22,1,101,312,0,0,0,1,0,25,1,0,-1,-1,-1,-1,0,0,0,0,0,0,-1,0,0,-1,-1,-1,-1,0,0,0,0,0,0,-1,0,30,0,30,0,0,30,30,7,60,1,1,0,0,0,-1,608011156
1,1,-1,2,0,0,0,1,3,1,2,0,25,1,22,1,116,99,0,0,0,1,0,25,1,0,-1,-1,-1,-1,0,0,0,0,0,0,-1,0,0,-1,-1,-1,-1,0,0,0,0,0,0,-1,0,30,0,30,0,0,30,30,30,60,1,1,0,0,0,-1,608011156
1,1,-1,2,0,0,0,1,3,1,2,0,25,1,22,1,116,312,0,0,0,1,0,25,1,0,-1,-1,-1,-1,0,0,0,0,0,0,-1,0,0,-1,-1,-1,-1,0,0,0,0,0,0,-1,0,30,0,30,0,0,30,30,60,60,1,1,0,0,0,-1,608011156
1,1,-1,2,0,0,0,1,3,1,2,0,25,1,22,1,116,313,0,0,0,1,0,25,1,0,-1,-1,-1,-1,0,0,0,0,0,0,-1,0,0,-1,-1,-1,-1,0,0,0,0,0,0,-1,0,60,0,60,0,0,60,60,90,180,1,1,0,0,0,-1,608011156
1,1,-1,2,0,0,0,1,3,1,2,0,25,1,22,1,116,410,0,0,0,1,0,25,1,0,-1,-1,-1,-1,0,0,0,0,0,0,-1,0,0,-1,-1,-1,-1,0,0,0,0,0,0,-1,0,90,0,90,0,0,90,90,7,90,1,1,0,0,0,-1,608011156
1,1,-1,2,0,0,0,1,3,1,2,0,25,1,22,1,314,313,0,0,0,1,0,25,1,0,-1,-1,-1,-1,0,0,0,0,0,0,-1,0,0,-1,-1,-1,-1,0,0,0,0,0,0,-1,0,60,0,60,0,0,60,60,30,60,1,1,0,0,0,-1,608011156
1,1,-1,2,0,0,0,1,3,1,3,0,25,1,21,1,101,-1,0,0,0,1,1,25,1,0,-1,-1,-1,-1,0,0,0,0,0,0,-1,0,0,-1,-1,-1,-1,0,0,0,0,0,0,-1,0,365,0,365,0,0,365,365,30,365,1,1,0,0,0,-1,608011156
1,1,-1,2,0,0,0,1,3,1,3,0,25,1,21,1,116,-1,0,0,0,1,1,25,1,0,-1,-1,-1,-1,0,0,0,0,0,0,-1,0,0,-1,-1,-1,-1,0,0,0,0,0,0,-1,0,90,0,90,0,0,90,90,180,365,1,1,0,0,0,-1,608011156
1,1,-1,2,0,0,0,1,3,1,3,0,25,1,21,1,335,-1,0,0,0,1,1,25,1,0,-1,-1,-1,-1,0,0,0,0,0,0,-1,0,0,-1,-1,-1,-1,0,0,0,0,0,0,-1,0,180,0,180,0,0,180,180,60,180,1,1,0,0,0,-1,608011156
1,1,-1,2,0,0,0,1,3,1,3,0,25,1,22,1,101,99,0,0,0,1,1,25,1,0,-1,-1,-1,-1,0,0,0,0,0,0,-1,0,0,-1,-1,-1,-1,0,0,0,0,0,0,-1,0,30,0,30,0,0,30,30,7,30,1,1,0,0,0,-1,608011156
1,1,-1,2,0,0,0,1,3,1,3,0,25,1,22,1,101,312,0,0,0,1,1,25,1,0,-1,-1,-1,-1,0,0,0,0,0,0,-1,0,0,-1,-1,-1,-1,0,0,0,0,0,0,-1,0,90,0,90,0,0,90,90,30,90,1,1,0,0,0,-1,608011156
1,1,-1,2,0,0,0,1,3,1,3,0,25,1,22,1,336,99,0,0,0,1,1,25,1,0,-1,-1,-1,-1,0,0,0,0,0,0,-1,0,0,-1,-1,-1,-1,0,0,0,0,0,0,-1,0,30,0,30,0,0,30,30,0,30,1,1,0,0,0,-1,608011156
1,1,-1,2,0,0,0,1,3,1,3,0,25,1,22,1,336,101,0,0,0,1,1,25,1,0,-1,-1,-1,-1,0,0,0,0,0,0,-1,0,0,-1,-1,-1,-1,0,0,0,0,0,0,-1,0,60,0,60,0,0,60,60,180,365,1,1,0,0,0,-1,608011156
1,1,-1,2,0,0,0,1,3,2,1,0,25,1,21,1,101,-1,0,0,0,1,0,25,1,0,-1,-1,-1,-1,0,0,0,0,0,0,-1,0,0,-1,-1,-1,-1,0,0,0,0,0,0,-1,0,90,0,90,0,0,90,90,30,180,1,1,0,0,0,-1,608011156
1,1,-1,2,0,0,0,1,3,2,1,0,25,1,21,1,314,-1,0,0,0,1,0,25,1,0,-1,-1,-1,-1,0,0,0,0,0,0,-1,0,0,-1,-1,-1,-1,0,0,0,0,0,0,-1,0,90,0,90,0,0,90,90,7,90,1,1,0,0,0,-1,608011156
1,1,-1,2,0,0,0,1,3,2,2,0,25,1,22,1,116,313,0,0,0,1,0,25,1,0,-1,-1,-1,-1,0,0,0,0,0,0,-1,0,0,-1,-1,-1,-1,0,0,0,0,0,0,-1,0,60,0,60,0,0,60,60,30,60,1,1,0,0,0,-1,608011156
1,1,-1,2,0,0,0,1,3,2,3,0,25,1,22,1,101,99,0,0,0,1,1,25,1,0,-1,-1,-1,-1,0,0,0,0,0,0,-1,0,0,-1,-1,-1,-1,0,0,0,0,0,0,-1,0,30,0,30,0,0,30,30,90,90,1,1,0,0,0,-1,608011156
1,1,-1,2,0,0,0,1,5,1,1,0,18,1,22,1,116,312,0,0,0,1,0,18,1,0,-1,-1,-1,-1,0,0,0,0,0,0,-1,0,0,-1,-1,-1,-1,0,0,0,0,0,0,-1,0,60,0,60,0,0,60,60,30,60,1,1,0,0,0,-1,608011156
1,1,-1,2,0,0,0,1,5,1,1,0,25,1,0,-1,-1,-1,0,0,0,0,0,-1,0,0,-1,-1,-1,-1,0,0,0,0,0,0,-1,0,0,-1,-1,-1,-1,0,0,0,0,0,0,-1,0,0,0,0,0,0,0,0,0,0,12,0,0,0,12,0,608011156
1,1,-1,2,0,0,0,1,5,1,1,0,25,1,0,-1,-1,-1,0,0,0,0,0,-1,0,0,-1,-1,-1,-1,0,0,0,0,0,0,-1,0,0,-1,-1,-1,-1,0,0,0,0,0,0,-1,0,0,0,0,0,0,0,0,0,0,12,0,0,0,12,2,608011156
1,1,-1,2,0,0,0,1,5,1,1,0,25,1,21,1,101,-1,0,0,0,1,0,25,1,0,-1,-1,-1,-1,0,0,0,0,0,0,-1,0,0,-1,-1,-1,-1,0,0,0,0,0,0,-1,0,180,0,180,0,0,180,180,60,180,1,1,0,0,0,-1,608011156
1,1,-1,2,0,0,0,1,5,1,1,0,25,1,21,1,314,-1,0,0,0,1,0,25,1,0,-1,-1,-1,-1,0,0,0,0,0,0,-1,0,0,-1,-1,-1,-1,0,0,0,0,0,0,-1,0,365,0,365,0,0,365,365,180,547,1,1,0,0,0,-1,608011156
1,1,-1,2,0,0,0,1,5,1,1,0,25,1,22,1,101,99,0,0,0,1,0,25,1,0,-1,-1,-1,-1,0,0,0,0,0,0,-1,0,0,-1,-1,-1,-1,0,0,0,0,0,0,-1,0,30,0,30,0,0,30,30,30,60,1,1,0,0,0,-1,608011156
1,1,-1,2,0,0,0,1,5,1,1,0,25,1,22,1,314,410,0,0,0,1,0,25,1,0,-1,-1,-1,-1,0,0,0,0,0,0,-1,0,0,-1,-1,-1,-1,0,0,0,0,0,0,-1,0,30,0,30,0,0,30,30,7,30,1,1,0,0,0,-1,608011156
1,1,-1,2,0,0,0,1,5,1,1,0,25,1,22,1,335,99,0,0,0,1,0,25,1,0,-1,-1,-1,-1,0,0,0,0,0,0,-1,0,0,-1,-1,-1,-1,0,0,0,0,0,0,-1,0,7,0,7,0,0,7,7,30,30,1,1,0,0,0,-1,608011156
1,1,-1,2,0,0,0,1,5,1,1,0,25,1,22,1,336,410,0,0,0,1,0,25,1,0,-1,-1,-1,-1,0,0,0,0,0,0,-1,0,0,-1,-1,-1,-1,0,0,0,0,0,0,-1,0,90,0,90,0,0,90,90,0,90,1,1,0,0,0,-1,608011156
1,1,-1,2,0,0,0,1,5,1,2,0,18,1,22,1,336,312,0,0,0,1,0,18,1,0,-1,-1,-1,-1,0,0,0,0,0,0,-1,0,0,-1,-1,-1,-1,0,0,0,0,0,0,-1,0,30,0,30,0,0,30,30,90,180,1,1,0,0,0,-1,608011156
1,1,-1,2,0,0,0,1,5,1,2,0,25,1,0,-1,-1,-1,0,0,0,0,0,-1,0,0,-1,-1,-1,-1,0,0,0,0,0,0,-1,0,0,-1,-1,-1,-1,0,0,0,0,0,0,-1,0,0,0,0,0,0,0,0,0,0,12,0,0,0,12,1,608011156
1,1,-1,2,0,0,0,1,5,1,2,0,25,1,0,-1,-1,-1,0,0,0,0,0,-1,0,21,0,3,116,-1,180,0,0,0,1,0,25,1,0,-1,-1,-1,-1,0,0,0,0,0,0,-1,0,0,0,0,180,0,180,180,60,180,4,0,0,0,0,-1,608011156
1,1,-1,2,0,0,0,1,5,1,2,0,25,1,0,-1,-1,-1,0,0,0,0,0,-1,0,21,0,3,335,-1,365,0,0,0,1,0,25,1,0,-1,-1,-1,-1,0,0,0,0,0,0,-1,0,0,0,0,365,0,365,365,7,365,4,0,0,0,0,-1,608011156
1,1,-1,2,0,0,0,1,5,1,2,0,25,1,0,-1,-1,-1,0,0,0,0,0,-1,0,21,1,3,101,-1,7,0,0,0,1,0,25,1,0,-1,-1,-1,-1,0,0,0,0,0,0,-1,0,0,0,0,7,180,180,7,30,30,4,0,1,0,0,-1,608011156
1,1,-1,2,0,0,0,1,5,1,2,0,25,1,0,-1,-1,-1,0,0,0,0,0,-1,0,22,0,1,302,99,180,0,0,0,1,0,25,1,0,-1,-1,-1,-1,0,0,0,0,0,0,-1,0,0,0,0,180,0,180,180,0,180,4,0,0,0,0,-1,608011156
1,1,-1,2,0,0,0,1,5,1,2,0,25,1,0,-1,-1,-1,0,0,0,0,0,-1,0,22,1,1,302,434,180,0,0,0,1,0,25,1,0,-1,-1,-1,-1,0,0,0,0,0,0,-1,0,0,0,0,180,30,180,180,0,180,4,0,1,0,0,-1,608011156
1,1,-1,2,0,0,0,1,5,1,2,0,25,1,0,-1,-1,-1,0,0,0,0,0,-1,0,22,1,3,335,410,7,0,0,0,1,0,25,1,0,-1,-1,-1,-1,0,0,0,0,0,0,-1,0,0,0,0,7,180,180,7,0,7,4,0,1,0,0,-1,608011156
1,1,-1,2,0,0,0,1,5,1,2,0,25,1,22,1,336,312,0,0,0,1,0,25,1,0,-1,-1,-1,-1,0,0,0,0,0,0,-1,0,0,-1,-1,-1,-1,0,0,0,0,0,0,-1,0,30,0,30,0,0,30,30,0,30,1,1,0,0,0,-1,608011156
1,1,-1,2,0,0,0,1,5,1,3,0,25,1,0,-1,-1,-1,0,0,0,0,0,-1,0,21,1,3,101,-1,60,0,0,0,1,1,25,1,0,-1,-1,-1,-1,0,0,0,0,0,0,-1,0,0,0,0,60,180,180,60,7,60,4,0,1,0,0,-1,608011156
1,1,-1,2,0,0,0,1,5,1,3,0,25,1,0,-1,-1,-1,0,0,0,0,0,-1,0,22,1,3,101,410,7,0,0,0,1,1,25,1,0,-1,-1,-1,-1,0,0,0,0,0,0,-1,0,0,0,0,7,90,90,7,90,90,4,0,1,0,0,-1,608011156
1,1,-1,2,0,0,0,1,5,1,3,0,25,1,22,1,101,99,0,0,0,1,1,25,1,0,-1,-1,-1,-1,0,0,0,0,0,0,-1,0,0,-1,-1,-1,-1,0,0,0,0,0,0,-1,0,60,0,60,0,0,60,60,30,90,1,1,0,0,0,-1,608011156
1,1,-1,2,0,0,0,1,5,1,3,0,25,1,22,1,314,99,0,0,0,1,1,25,1,0,-1,-1,-1,-1,0,0,0,0,0,0,-1,0,0,-1,-1,-1,-1,0,0,0,0,0,0,-1,0,30,0,30,0,0,30,30,30,30,1,1,0,0,0,-1,608011156
1,1,-1,2,0,0,0,1,5,2,1,0,25,1,22,1,314,410,0,0,0,1,0,25,1,0,-1,-1,-1,-1,0,0,0,0,0,0,-1,0,0,-1,-1,-1,-1,0,0,0,0,0,0,-1,0,180,0,180,0,0,180,180,30,180,1,1,0,0,0,-1,608011156
1,1,-1,2,0,0,0,1,5,2,2,0,25,1,0,-1,-1,-1,0,0,0,0,0,-1,0,21,1,1,116,-1,60,0,0,0,1,0,25,1,0,-1,-1,-1,-1,0,0,0,0,0,0,-1,0,0,0,0,60,90,180,60,180,365,4,0,1,0,0,-1,608011156
1,1,-1,2,0,0,0,1,6,1,2,0,25,1,22,1,335,410,0,0,0,1,0,25,1,0,-1,-1,-1,-1,0,0,0,0,0,0,-1,0,0,-1,-1,-1,-1,0,0,0,0,0,0,-1,0,30,0,30,0,0,30,30,30,30,1,1,0,0,0,-1,608011156
1,1,-1,2,0,0,0,1,13,1,1,0,25,1,22,1,116,312,0,0,0,1,0,25,1,0,-1,-1,-1,-1,0,0,0,0,0,0,-1,0,0,-1,-1,-1,-1,0,0,0,0,0,0,-1,0,30,0,30,0,0,30,30,60,90,1,1,0,0,0,-1,608011156
1,1,-1,2,0,0,0,1,14,1,1,0,25,1,21,1,314,-1,0,0,0,1,0,25,1,0,-1,-1,-1,-1,0,0,0,0,0,0,-1,0,0,-1,-1,-1,-1,0,0,0,0,0,0,-1,0,180,0,180,0,0,180,180,30,180,1,1,0,0,0,-1,608011156
1,1,-1,2,0,0,0,1,15,1,1,0,25,1,21,1,101,-1,0,0,0,1,0,25,1,0,-1,-1,-1,-1,0,0,0,0,0,0,-1,0,0,-1,-1,-1,-1,0,0,0,0,0,0,-1,0,90,0,90,0,0,90,90,90,180,1,1,0,0,0,-1,608011156
1,1,-1,2,0,0,0,1,15,1,1,0,25,1,22,1,314,410,0,0,0,1,0,25,1,0,-1,-1,-1,-1,0,0,0,0,0,0,-1,0,0,-1,-1,-1,-1,0,0,0,0,0,0,-1,0,90,0,90,0,0,90,90,30,90,1,1,0,0,0,-1,608011156
1,1,-1,2,0,0,0,1,15,2,1,0,25,1,0,-1,-1,-1,0,0,0,0,0,-1,0,21,0,3,335,-1,365,0,0,0,1,0,25,1,0,-1,-1,-1,-1,0,0,0,0,0,0,-1,0,0,0,0,365,0,365,365,0,365,4,0,0,0,0,-1,608011156
1,1,-1,2,0,0,0,1,23,2,3,0,25,1,0,-1,-1,-1,0,0,0,0,0,-1,0,21,0,3,116,-1,365,0,0,0,1,1,25,1,0,-1,-1,-1,-1,0,0,0,0,0,0,-1,0,0,0,0,365,0,365,365,30,365,4,0,0,0,0,-1,608011156
1,1,-1,2,0,0,0,1,24,1,3,0,25,1,22,1,335,410,0,0,0,1,1,25,1,0,-1,-1,-1,-1,0,0,0,0,0,0,-1,0,0,-1,-1,-1,-1,0,0,0,0,0,0,-1,0,90,0,90,0,0,90,90,30,180,1,1,0,0,0,-1,608011156
1,1,-1,2,0,0,0,1,27,1,1,0,18,1,22,1,335,312,0,0,0,1,0,18,1,0,-1,-1,-1,-1,0,0,0,0,0,0,-1,0,0,-1,-1,-1,-1,0,0,0,0,0,0,-1,0,60,0,60,0,0,60,60,30,60,1,1,0,0,0,-1,608011156
1,1,-1,2,0,0,0,1,34,1,3,0,25,1,0,-1,-1,-1,0,0,0,0,0,-1,0,21,0,1,101,-1,180,0,0,0,1,1,25,1,0,-1,-1,-1,-1,0,0,0,0,0,0,-1,0,0,0,0,180,0,180,180,180,365,4,0,0,0,0,-1,608011156
1,1,-1,2,0,0,0,1,35,1,1,0,18,1,22,1,335,410,0,0,0,1,0,18,1,0,-1,-1,-1,-1,0,0,0,0,0,0,-1,0,0,-1,-1,-1,-1,0,0,0,0,0,0,-1,0,180,0,180,0,0,180,180,30,180,1,1,0,0,0,-1,608011156
1,1,-1,2,0,0,0,1,35,1,1,0,25,1,21,1,116,-1,0,0,0,1,0,25,1,0,-1,-1,-1,-1,0,0,0,0,0,0,-1,0,0,-1,-1,-1,-1,0,0,0,0,0,0,-1,0,90,0,90,0,0,90,90,30,90,1,1,0,0,0,-1,608011156
1,1,-1,2,0,0,0,1,35,2,1,0,25,1,22,1,314,99,0,0,0,1,0,25,1,21,1,1,101,-1,7,0,0,0,1,0,25,1,0,-1,-1,-1,-1,0,0,0,0,0,0,-1,0,30,0,30,7,180,365,30,180,365,5,1,1,0,0,-1,608011156
1,1,-1,2,0,0,0,1,36,1,1,0,25,1,22,1,314,422,0,0,0,1,0,25,1,0,-1,-1,-1,-1,0,0,0,0,0,0,-1,0,0,-1,-1,-1,-1,0,0,0,0,0,0,-1,0,60,0,60,0,0,60,60,60,90,1,1,0,0,0,-1,608011156
1,1,-1,2,0,0,0,1,36,1,2,0,25,1,22,1,116,99,0,0,0,1,0,25,1,0,-1,-1,-1,-1,0,0,0,0,0,0,-1,0,0,-1,-1,-1,-1,0,0,0,0,0,0,-1,0,30,0,30,0,0,30,30,30,30,1,1,0,0,0,-1,608011156
1,1,-1,2,0,0,0,1,56,1,1,0,25,1,0,-1,-1,-1,0,0,0,0,0,-1,0,0,-1,-1,-1,-1,0,0,0,0,0,0,-1,0,0,-1,-1,-1,-1,0,0,0,0,0,0,-1,0,0,0,0,0,0,0,0,0,0,12,0,0,0,22,1,608011156
1,1,-1,2,0,0,0,1,56,1,1,0,25,1,22,1,336,116,0,0,0,1,0,25,1,0,-1,-1,-1,-1,0,0,0,0,0,0,-1,0,0,-1,-1,-1,-1,0,0,0,0,0,0,-1,0,90,0,90,0,0,90,90,365,547,1,1,0,0,0,-1,608011156
1,1,-1,2,0,0,0,1,56,1,2,0,25,1,0,-1,-1,-1,0,0,0,0,0,-1,0,0,-1,-1,-1,-1,0,0,0,0,0,0,-1,0,0,-1,-1,-1,-1,0,0,0,0,0,0,-1,0,0,0,0,0,0,0,0,90,90,12,0,0,0,12,2,608011156
1,1,-1,2,0,0,0,1,56,1,3,0,25,1,0,-1,-1,-1,0,0,0,0,0,-1,0,22,1,3,336,99,90,0,0,0,1,1,25,1,0,-1,-1,-1,-1,0,0,0,0,0,0,-1,0,0,0,0,90,30,90,90,0,90,4,0,1,0,0,-1,608011156
1,1,-1,2,0,0,0,1,56,1,3,0,25,1,22,1,410,99,0,0,0,1,1,25,1,0,-1,-1,-1,-1,0,0,0,0,0,0,-1,0,0,-1,-1,-1,-1,0,0,0,0,0,0,-1,0,30,0,30,0,0,30,30,0,30,1,1,0,0,0,-1,608011156
1,1,-1,2,0,0,0,1,126,1,1,0,25,1,22,1,336,99,0,0,0,1,0,25,1,0,-1,-1,-1,-1,0,0,0,0,0,0,-1,0,0,-1,-1,-1,-1,0,0,0,0,0,0,-1,0,30,0,30,0,0,30,30,30,60,1,1,0,0,0,-1,608011156
1,1,-1,2,0,0,0,1,126,1,1,1,-1,1,0,-1,-1,-1,0,0,0,0,0,-1,0,21,1,1,116,-1,30,0,0,0,1,0,-1,1,0,-1,-1,-1,-1,0,0,0,0,0,0,-1,0,0,0,0,30,90,180,30,30,60,4,0,1,0,0,-1,608011156
1,1,-1,2,0,0,0,1,136,1,1,0,25,1,22,1,336,99,0,0,0,1,0,25,1,0,-1,-1,-1,-1,0,0,0,0,0,0,-1,0,0,-1,-1,-1,-1,0,0,0,0,0,0,-1,0,30,0,30,0,0,30,30,0,30,1,1,0,0,0,-1,608011156
1,1,-1,2,0,0,0,1,136,1,2,0,25,1,22,1,116,312,0,0,0,1,0,25,1,0,-1,-1,-1,-1,0,0,0,0,0,0,-1,0,0,-1,-1,-1,-1,0,0,0,0,0,0,-1,0,30,0,30,0,0,30,30,60,60,1,1,0,0,0,-1,608011156
1,1,-1,2,0,0,0,1,137,1,3,0,25,1,22,1,336,312,0,0,0,1,1,25,1,0,-1,-1,-1,-1,0,0,0,0,0,0,-1,0,0,-1,-1,-1,-1,0,0,0,0,0,0,-1,0,30,0,30,0,0,30,30,60,60,1,1,0,0,0,-1,608011156
1,1,-1,2,0,0,0,1,356,1,1,0,24,1,22,1,116,99,0,0,0,1,0,24,1,0,-1,-1,-1,-1,0,0,0,0,0,0,-1,0,0,-1,-1,-1,-1,0,0,0,0,0,0,-1,0,60,0,60,0,0,60,60,30,60,1,1,0,0,0,-1,608011156
1,1,-1,2,0,0,0,1,456,1,2,0,25,1,21,1,335,-1,0,0,0,1,0,25,1,0,-1,-1,-1,-1,0,0,0,0,0,0,-1,0,0,-1,-1,-1,-1,0,0,0,0,0,0,-1,0,180,0,180,0,0,180,180,7,180,1,1,0,0,0,-1,608011156
1,1,-1,2,0,0,0,1,456,1,3,0,25,1,22,1,335,312,0,0,0,1,1,25,1,0,-1,-1,-1,-1,0,0,0,0,0,0,-1,0,0,-1,-1,-1,-1,0,0,0,0,0,0,-1,0,180,0,180,0,0,180,180,30,180,1,1,0,0,0,-1,608011156
1,1,-1,2,0,0,0,1,467,1,1,0,24,1,22,1,116,312,0,0,0,1,0,24,1,0,-1,-1,-1,-1,0,0,0,0,0,0,-1,0,0,-1,-1,-1,-1,0,0,0,0,0,0,-1,0,60,0,60,0,0,60,60,7,60,1,1,0,0,0,-1,608011156
1,1,-1,2,0,0,0,1,567,1,3,0,18,1,0,-1,-1,-1,0,0,0,0,0,-1,0,0,-1,-1,-1,-1,0,0,0,0,0,0,-1,0,0,-1,-1,-1,-1,0,0,0,0,0,0,-1,0,0,0,0,0,0,0,0,60,60,12,0,0,0,22,1,608011156
1,1,-1,2,0,0,0,2,1,1,1,0,25,1,0,-1,-1,-1,0,0,0,0,0,-1,0,21,1,3,410,-1,90,0,0,0,2,0,25,1,0,-1,-1,-1,-1,0,0,0,0,0,0,-1,0,0,0,0,90,180,365,90,0,90,4,0,1,0,0,-1,608011156
1,1,-1,2,0,0,0,2,3,1,1,0,18,1,22,1,101,312,0,0,0,2,0,18,1,0,-1,-1,-1,-1,0,0,0,0,0,0,-1,0,0,-1,-1,-1,-1,0,0,0,0,0,0,-1,0,60,0,60,0,0,60,60,7,60,1,1,0,0,0,-1,608011156
1,1,-1,2,0,0,0,2,3,1,1,0,24,1,22,1,116,422,0,0,0,2,0,24,1,0,-1,-1,-1,-1,0,0,0,0,0,0,-1,0,0,-1,-1,-1,-1,0,0,0,0,0,0,-1,0,30,0,30,0,0,30,30,30,30,1,1,0,0,0,-1,608011156
1,1,-1,2,0,0,0,2,3,1,1,0,24,1,22,1,335,312,0,0,0,2,0,24,1,0,-1,-1,-1,-1,0,0,0,0,0,0,-1,0,0,-1,-1,-1,-1,0,0,0,0,0,0,-1,0,60,0,60,0,0,60,60,0,60,1,1,0,0,0,-1,608011156
1,1,-1,2,0,0,0,2,3,1,1,0,25,1,0,-1,-1,-1,0,0,0,0,0,-1,0,21,1,1,302,-1,7,0,0,0,2,0,25,1,0,-1,-1,-1,-1,0,0,0,0,0,0,-1,0,0,0,0,7,365,365,7,0,7,4,0,1,0,0,-1,608011156
1,1,-1,2,0,0,0,2,3,1,1,0,25,1,22,1,116,312,0,0,0,2,0,25,1,0,-1,-1,-1,-1,0,0,0,0,0,0,-1,0,0,-1,-1,-1,-1,0,0,0,0,0,0,-1,0,30,0,30,0,0,30,30,30,60,1,1,0,0,0,-1,608011156
1,1,-1,2,0,0,0,2,3,1,2,0,24,1,22,1,336,99,0,0,0,2,0,24,1,0,-1,-1,-1,-1,0,0,0,0,0,0,-1,0,0,-1,-1,-1,-1,0,0,0,0,0,0,-1,0,30,0,30,0,0,30,30,30,60,1,1,0,0,0,-1,608011156
1,1,-1,2,0,0,0,2,3,1,2,0,25,1,21,1,336,-1,0,0,0,2,0,25,1,0,-1,-1,-1,-1,0,0,0,0,0,0,-1,0,0,-1,-1,-1,-1,0,0,0,0,0,0,-1,0,90,0,90,0,0,90,90,7,90,1,1,0,0,0,-1,608011156
1,1,-1,2,0,0,0,2,3,1,2,0,25,1,22,1,336,99,0,0,0,2,0,25,1,0,-1,-1,-1,-1,0,0,0,0,0,0,-1,0,0,-1,-1,-1,-1,0,0,0,0,0,0,-1,0,60,0,60,0,0,60,60,7,60,1,1,0,0,0,-1,608011156
1,1,-1,2,0,0,0,2,3,1,2,0,25,1,22,1,336,410,0,0,0,2,0,25,1,0,-1,-1,-1,-1,0,0,0,0,0,0,-1,0,0,-1,-1,-1,-1,0,0,0,0,0,0,-1,0,60,0,60,0,0,60,60,60,180,1,1,0,0,0,-1,608011156
1,1,-1,2,0,0,0,2,3,1,3,0,24,1,22,1,336,99,0,0,0,2,1,24,1,0,-1,-1,-1,-1,0,0,0,0,0,0,-1,0,0,-1,-1,-1,-1,0,0,0,0,0,0,-1,0,60,0,60,0,0,60,60,365,365,1,1,0,0,0,-1,608011156
1,1,-1,2,0,0,0,2,3,1,3,0,25,1,0,-1,-1,-1,0,0,0,0,0,-1,0,21,0,3,116,-1,180,0,0,0,2,1,25,1,0,-1,-1,-1,-1,0,0,0,0,0,0,-1,0,0,0,0,180,0,180,180,7,180,4,0,0,0,0,-1,608011156
1,1,-1,2,0,0,0,2,3,1,3,0,25,1,0,-1,-1,-1,0,0,0,0,0,-1,0,22,0,1,116,99,180,0,0,0,2,1,25,1,0,-1,-1,-1,-1,0,0,0,0,0,0,-1,0,0,0,0,180,0,180,180,30,180,4,0,0,0,0,-1,608011156
1,1,-1,2,0,0,0,2,3,1,3,0,25,1,21,1,116,-1,0,0,0,2,1,25,1,0,-1,-1,-1,-1,0,0,0,0,0,0,-1,0,0,-1,-1,-1,-1,0,0,0,0,0,0,-1,0,180,0,180,0,0,180,180,60,180,1,1,0,0,0,-1,608011156
1,1,-1,2,0,0,0,2,3,1,3,0,25,1,22,1,101,207,0,0,0,2,1,25,1,0,-1,-1,-1,-1,0,0,0,0,0,0,-1,0,0,-1,-1,-1,-1,0,0,0,0,0,0,-1,0,30,0,30,0,0,30,30,7,30,1,1,0,0,0,-1,608011156
1,1,-1,2,0,0,0,2,3,1,3,0,25,1,22,1,116,99,0,0,0,2,1,25,1,0,-1,-1,-1,-1,0,0,0,0,0,0,-1,0,0,-1,-1,-1,-1,0,0,0,0,0,0,-1,0,30,0,30,0,0,30,30,60,90,1,1,0,0,0,-1,608011156
1,1,-1,2,0,0,0,2,3,1,3,0,25,1,22,1,336,99,0,0,0,2,1,25,1,0,-1,-1,-1,-1,0,0,0,0,0,0,-1,0,0,-1,-1,-1,-1,0,0,0,0,0,0,-1,0,90,0,90,0,0,90,90,7,90,1,1,0,0,0,-1,608011156
1,1,-1,2,0,0,0,2,3,1,3,0,25,1,22,1,336,99,0,0,0,2,1,25,1,21,1,1,101,-1,30,0,0,0,2,1,25,1,0,-1,-1,-1,-1,0,0,0,0,0,0,-1,0,30,0,30,30,90,180,30,30,60,5,1,1,0,0,-1,608011156
1,1,-1,2,0,0,0,2,3,1,3,0,25,1,22,1,410,410,0,0,0,2,1,25,1,0,-1,-1,-1,-1,0,0,0,0,0,0,-1,0,0,-1,-1,-1,-1,0,0,0,0,0,0,-1,0,30,0,30,0,0,30,30,0,30,1,1,0,0,0,-1,608011156
1,1,-1,2,0,0,0,2,3,1,3,0,25,1,22,1,434,410,0,0,0,2,1,25,1,0,-1,-1,-1,-1,0,0,0,0,0,0,-1,0,0,-1,-1,-1,-1,0,0,0,0,0,0,-1,0,60,0,60,0,0,60,60,0,60,1,1,0,0,0,-1,608011156
1,1,-1,2,0,0,0,2,3,2,1,0,25,0,22,1,99,99,0,0,0,2,0,25,0,21,1,1,116,-1,30,0,0,0,2,0,25,0,0,-1,-1,-1,-1,0,0,0,0,0,0,-1,0,30,0,30,30,365,365,30,180,180,5,1,1,0,0,-1,608011156
1,1,-1,2,0,0,0,2,3,2,1,0,25,1,22,1,99,99,0,0,0,2,0,25,1,21,0,1,101,-1,180,0,0,0,2,0,25,1,0,-1,-1,-1,-1,0,0,0,0,0,0,-1,0,30,0,30,180,0,180,180,180,365,5,1,0,0,0,-1,608011156
1,1,-1,2,0,0,0,2,3,2,1,0,25,1,22,1,410,410,0,0,0,2,0,25,1,0,-1,-1,-1,-1,0,0,0,0,0,0,-1,0,0,-1,-1,-1,-1,0,0,0,0,0,0,-1,0,60,0,60,0,0,60,60,7,90,1,1,0,0,0,-1,608011156
1,1,-1,2,0,0,0,2,3,2,2,0,25,1,21,1,116,-1,0,0,0,2,0,25,1,0,-1,-1,-1,-1,0,0,0,0,0,0,-1,0,0,-1,-1,-1,-1,0,0,0,0,0,0,-1,0,180,0,180,0,0,180,180,30,180,1,1,0,0,0,-1,608011156
1,1,-1,2,0,0,0,2,3,2,3,0,25,1,22,1,116,434,0,0,0,2,1,25,1,0,-1,-1,-1,-1,0,0,0,0,0,0,-1,0,0,-1,-1,-1,-1,0,0,0,0,0,0,-1,0,60,0,60,0,0,60,60,30,90,1,1,0,0,0,-1,608011156
1,1,-1,2,0,0,0,2,5,1,1,0,18,0,22,3,335,313,0,0,0,2,0,18,0,0,-1,-1,-1,-1,0,0,0,0,0,0,-1,0,0,-1,-1,-1,-1,0,0,0,0,0,0,-1,0,30,0,30,0,0,30,30,0,30,1,1,0,0,0,-1,608011156
1,1,-1,2,0,0,0,2,5,1,1,0,18,1,22,3,101,312,0,0,0,2,0,18,1,0,-1,-1,-1,-1,0,0,0,0,0,0,-1,0,0,-1,-1,-1,-1,0,0,0,0,0,0,-1,0,30,0,30,0,0,30,30,0,30,1,1,0,0,0,-1,608011156
1,1,-1,2,0,0,0,2,5,1,1,0,25,1,0,-1,-1,-1,0,0,0,0,0,-1,0,21,0,3,335,-1,180,0,0,0,2,0,25,1,0,-1,-1,-1,-1,0,0,0,0,0,0,-1,0,0,0,0,180,0,180,180,0,180,4,0,0,0,0,-1,608011156
1,1,-1,2,0,0,0,2,5,1,1,0,25,1,0,-1,-1,-1,0,0,0,0,0,-1,0,22,0,3,410,313,90,0,0,0,2,0,25,1,0,-1,-1,-1,-1,0,0,0,0,0,0,-1,0,0,0,0,90,0,90,90,0,90,4,0,0,0,0,-1,608011156
1,1,-1,2,0,0,0,2,5,1,1,0,25,1,0,-1,-1,-1,0,0,0,0,0,-1,0,22,1,3,116,433,7,0,0,0,2,0,25,1,0,-1,-1,-1,-1,0,0,0,0,0,0,-1,0,0,0,0,7,90,90,7,90,90,4,0,1,0,0,-1,608011156
1,1,-1,2,0,0,0,2,5,1,1,0,25,1,22,1,116,99,0,0,0,2,0,25,1,0,-1,-1,-1,-1,0,0,0,0,0,0,-1,0,0,-1,-1,-1,-1,0,0,0,0,0,0,-1,0,60,0,60,0,0,60,60,30,60,1,1,0,0,0,-1,608011156
1,1,-1,2,0,0,0,2,5,1,1,0,25,1,22,1,314,422,0,0,0,2,0,25,1,0,-1,-1,-1,-1,0,0,0,0,0,0,-1,0,0,-1,-1,-1,-1,0,0,0,0,0,0,-1,0,90,0,90,0,0,90,90,180,180,1,1,0,0,0,-1,608011156
1,1,-1,2,0,0,0,2,5,1,1,0,25,1,22,1,335,420,0,0,0,2,0,25,1,0,-1,-1,-1,-1,0,0,0,0,0,0,-1,0,0,-1,-1,-1,-1,0,0,0,0,0,0,-1,0,60,0,60,0,0,60,60,0,60,1,1,0,0,0,-1,608011156
1,1,-1,2,0,0,0,2,5,1,1,0,25,1,22,1,336,99,0,0,0,2,0,25,1,0,-1,-1,-1,-1,0,0,0,0,0,0,-1,0,0,-1,-1,-1,-1,0,0,0,0,0,0,-1,0,30,0,30,0,0,30,30,60,90,1,1,0,0,0,-1,608011156
1,1,-1,2,0,0,0,2,5,1,2,0,24,1,21,1,335,-1,0,0,0,2,0,24,1,0,-1,-1,-1,-1,0,0,0,0,0,0,-1,0,0,-1,-1,-1,-1,0,0,0,0,0,0,-1,0,90,0,90,0,0,90,90,0,90,1,1,0,0,0,-1,608011156
1,1,-1,2,0,0,0,2,5,1,2,0,24,1,22,1,116,420,0,0,0,2,0,24,1,0,-1,-1,-1,-1,0,0,0,0,0,0,-1,0,0,-1,-1,-1,-1,0,0,0,0,0,0,-1,0,60,0,60,0,0,60,60,30,90,1,1,0,0,0,-1,608011156
1,1,-1,2,0,0,0,2,5,1,2,0,25,1,0,-1,-1,-1,0,0,0,0,0,-1,0,21,0,3,314,-1,180,0,0,0,2,0,25,1,0,-1,-1,-1,-1,0,0,0,0,0,0,-1,0,0,0,0,180,0,180,180,0,180,4,0,0,0,0,-1,608011156
1,1,-1,2,0,0,0,2,5,1,2,0,25,1,0,-1,-1,-1,0,0,0,0,0,-1,0,21,1,3,116,-1,30,0,0,0,2,0,25,1,0,-1,-1,-1,-1,0,0,0,0,0,0,-1,0,0,0,0,30,180,365,30,180,180,4,0,1,0,0,-1,608011156
1,1,-1,2,0,0,0,2,5,1,2,0,25,1,21,1,101,-1,0,0,0,2,0,25,1,0,-1,-1,-1,-1,0,0,0,0,0,0,-1,0,0,-1,-1,-1,-1,0,0,0,0,0,0,-1,0,180,0,180,0,0,180,180,90,365,1,1,0,0,0,-1,608011156
1,1,-1,2,0,0,0,2,5,1,2,0,25,1,22,1,101,312,0,0,0,2,0,25,1,0,-1,-1,-1,-1,0,0,0,0,0,0,-1,0,0,-1,-1,-1,-1,0,0,0,0,0,0,-1,0,30,0,30,0,0,30,30,7,30,1,1,0,0,0,-1,608011156
1,1,-1,2,0,0,0,2,5,1,2,0,25,1,22,1,336,422,0,0,0,2,0,25,1,0,-1,-1,-1,-1,0,0,0,0,0,0,-1,0,0,-1,-1,-1,-1,0,0,0,0,0,0,-1,0,30,0,30,0,0,30,30,0,30,1,1,0,0,0,-1,608011156
1,1,-1,2,0,0,0,2,5,1,3,0,25,1,22,1,336,313,0,0,0,2,1,25,1,0,-1,-1,-1,-1,0,0,0,0,0,0,-1,0,0,-1,-1,-1,-1,0,0,0,0,0,0,-1,0,30,0,30,0,0,30,30,1094,1094,1,1,0,0,0,-1,608011156
1,1,-1,2,0,0,0,2,5,1,3,0,25,1,22,1,410,99,0,0,0,2,1,25,1,21,1,1,116,-1,90,0,0,0,2,1,25,1,0,-1,-1,-1,-1,0,0,0,0,0,0,-1,0,30,0,30,90,90,180,90,30,180,5,1,1,0,0,-1,608011156
1,1,-1,2,0,0,0,2,5,2,1,0,25,1,0,-1,-1,-1,0,0,0,0,0,-1,0,21,0,1,116,-1,180,0,0,0,2,0,25,1,0,-1,-1,-1,-1,0,0,0,0,0,0,-1,0,0,0,0,180,0,180,180,90,365,4,0,0,0,0,-1,608011156
1,1,-1,2,0,0,0,2,5,2,1,0,25,1,0,-1,-1,-1,0,0,0,0,0,-1,0,21,0,3,314,-1,180,0,0,0,2,0,25,1,0,-1,-1,-1,-1,0,0,0,0,0,0,-1,0,0,0,0,180,0,180,180,0,180,4,0,0,0,0,-1,608011156
1,1,-1,2,0,0,0,2,5,2,1,0,25,1,22,1,116,99,0,0,0,2,0,25,1,0,-1,-1,-1,-1,0,0,0,0,0,0,-1,0,0,-1,-1,-1,-1,0,0,0,0,0,0,-1,0,60,0,60,0,0,60,60,30,90,1,1,0,0,0,-1,608011156
1,1,-1,2,0,0,0,2,5,2,2,0,25,1,22,1,314,422,0,0,0,2,0,25,1,0,-1,-1,-1,-1,0,0,0,0,0,0,-1,0,0,-1,-1,-1,-1,0,0,0,0,0,0,-1,0,90,0,90,0,0,90,90,90,180,1,1,0,0,0,-1,608011156
1,1,-1,2,0,0,0,2,5,2,3,0,25,1,21,1,116,-1,0,0,0,2,1,25,1,0,-1,-1,-1,-1,0,0,0,0,0,0,-1,0,0,-1,-1,-1,-1,0,0,0,0,0,0,-1,0,90,0,90,0,0,90,90,30,180,1,1,0,0,0,-1,608011156
1,1,-1,2,0,0,0,2,14,1,2,0,25,1,0,-1,-1,-1,0,0,0,0,0,-1,0,21,1,3,116,-1,7,0,0,0,2,0,25,1,0,-1,-1,-1,-1,0,0,0,0,0,0,-1,0,0,0,0,7,90,90,7,60,60,4,0,1,0,0,-1,608011156
1,1,-1,2,0,0,0,2,15,1,1,0,24,1,22,1,335,410,0,0,0,2,0,24,1,0,-1,-1,-1,-1,0,0,0,0,0,0,-1,0,0,-1,-1,-1,-1,0,0,0,0,0,0,-1,0,60,0,60,0,0,60,60,0,60,1,1,0,0,0,-1,608011156
1,1,-1,2,0,0,0,2,36,1,1,0,24,1,22,1,335,99,0,0,0,2,0,24,1,0,-1,-1,-1,-1,0,0,0,0,0,0,-1,0,0,-1,-1,-1,-1,0,0,0,0,0,0,-1,0,60,0,60,0,0,60,60,0,60,1,1,0,0,0,-1,608011156
1,1,-1,2,0,0,0,2,36,1,3,0,24,1,22,1,336,313,0,0,0,2,1,24,1,0,-1,-1,-1,-1,0,0,0,0,0,0,-1,0,0,-1,-1,-1,-1,0,0,0,0,0,0,-1,0,30,0,30,0,0,30,30,0,30,1,1,0,0,0,-1,608011156
1,1,-1,2,0,0,0,2,36,2,3,0,25,1,22,1,116,314,0,0,0,2,1,25,1,0,-1,-1,-1,-1,0,0,0,0,0,0,-1,0,0,-1,-1,-1,-1,0,0,0,0,0,0,-1,0,30,0,30,0,0,30,30,180,180,1,1,0,0,0,-1,608011156
1,1,-1,2,0,0,0,2,46,1,1,0,24,1,0,-1,-1,-1,0,0,0,0,0,-1,0,21,1,1,101,-1,30,0,0,0,2,0,24,1,0,-1,-1,-1,-1,0,0,0,0,0,0,-1,0,0,0,0,30,90,180,30,365,365,4,0,1,0,0,-1,608011156
1,1,-1,2,0,0,0,2,56,1,1,0,25,1,0,-1,-1,-1,0,0,0,0,0,-1,0,22,0,1,116,99,180,0,0,0,2,0,25,1,0,-1,-1,-1,-1,0,0,0,0,0,0,-1,0,0,0,0,180,0,180,180,180,365,4,0,0,0,0,-1,608011156
1,1,-1,2,0,0,0,2,56,1,1,0,25,1,22,1,116,313,0,0,0,2,0,25,1,0,-1,-1,-1,-1,0,0,0,0,0,0,-1,0,0,-1,-1,-1,-1,0,0,0,0,0,0,-1,0,30,0,30,0,0,30,30,180,180,1,1,0,0,0,-1,608011156
1,1,-1,2,0,0,0,2,56,1,3,0,25,1,0,-1,-1,-1,0,0,0,0,0,-1,0,21,1,1,101,-1,60,0,0,0,2,1,25,1,0,-1,-1,-1,-1,0,0,0,0,0,0,-1,0,0,0,0,60,365,365,60,60,90,4,0,1,0,0,-1,608011156
1,1,-1,2,0,0,0,2,56,1,3,0,25,1,22,1,116,99,0,0,0,2,1,25,1,0,-1,-1,-1,-1,0,0,0,0,0,0,-1,0,0,-1,-1,-1,-1,0,0,0,0,0,0,-1,0,30,0,30,0,0,30,30,30,60,1,1,0,0,0,-1,608011156
1,1,-1,2,0,0,0,2,136,1,2,0,25,1,21,1,101,-1,0,0,0,2,0,25,1,0,-1,-1,-1,-1,0,0,0,0,0,0,-1,0,0,-1,-1,-1,-1,0,0,0,0,0,0,-1,0,90,0,90,0,0,90,90,0,90,1,1,0,0,0,-1,608011156
1,1,-1,2,0,0,0,2,235,1,3,0,25,1,22,1,302,98,0,0,0,2,1,25,1,0,-1,-1,-1,-1,0,0,0,0,0,0,-1,0,21,0,1,101,-1,0,0,0,0,2,1,25,1,30,0,30,365,0,365,365,7,365,9,1,0,0,0,-1,608011156
1,1,-1,2,0,0,0,2,356,1,1,0,25,1,22,1,116,99,0,0,0,2,0,25,1,0,-1,-1,-1,-1,0,0,0,0,0,0,-1,0,0,-1,-1,-1,-1,0,0,0,0,0,0,-1,0,30,0,30,0,0,30,30,30,60,1,1,0,0,0,-1,608011156
1,1,-1,2,0,0,0,2,456,1,2,0,25,1,21,1,335,-1,0,0,0,2,0,25,1,0,-1,-1,-1,-1,0,0,0,0,0,0,-1,0,0,-1,-1,-1,-1,0,0,0,0,0,0,-1,0,7,0,7,0,0,7,7,180,180,1,1,0,0,0,-1,608011156
1,1,-1,2,0,0,0,2,467,1,1,0,24,1,0,-1,-1,-1,0,0,0,0,0,-1,0,21,0,3,335,-1,365,0,0,0,2,0,24,1,0,-1,-1,-1,-1,0,0,0,0,0,0,-1,0,0,0,0,365,0,365,365,0,365,4,0,0,0,0,-1,608011156
1,1,-1,2,0,0,1,0,3,1,1,0,25,1,0,-1,-1,-1,0,0,0,0,0,-1,0,21,0,1,116,-1,180,0,0,1,0,0,25,1,0,-1,-1,-1,-1,0,0,0,0,0,0,-1,0,0,0,0,180,0,180,180,60,180,4,0,0,0,0,-1,608011156
1,1,-1,2,0,0,1,0,3,1,1,0,25,1,21,1,314,-1,0,0,1,0,0,25,1,0,-1,-1,-1,-1,0,0,0,0,0,0,-1,0,0,-1,-1,-1,-1,0,0,0,0,0,0,-1,0,180,0,180,0,0,180,180,0,180,1,1,0,0,0,-1,608011156
1,1,-1,2,0,0,1,0,3,1,1,0,25,1,22,1,336,312,0,0,1,0,0,25,1,0,-1,-1,-1,-1,0,0,0,0,0,0,-1,0,0,-1,-1,-1,-1,0,0,0,0,0,0,-1,0,60,0,60,0,0,60,60,7,60,1,1,0,0,0,-1,608011156
1,1,-1,2,0,0,1,0,3,1,2,0,25,1,22,1,101,99,0,0,1,0,0,25,1,0,-1,-1,-1,-1,0,0,0,0,0,0,-1,0,0,-1,-1,-1,-1,0,0,0,0,0,0,-1,0,30,0,30,0,0,30,30,7,30,1,1,0,0,0,-1,608011156
1,1,-1,2,0,0,1,0,3,1,3,0,25,1,22,1,410,99,0,0,1,0,1,25,1,0,-1,-1,-1,-1,0,0,0,0,0,0,-1,0,0,-1,-1,-1,-1,0,0,0,0,0,0,-1,0,180,0,180,0,0,180,180,7,180,1,1,0,0,0,-1,608011156
1,1,-1,2,0,0,1,0,3,2,1,0,25,1,22,1,314,99,0,0,1,0,0,25,1,0,-1,-1,-1,-1,0,0,0,0,0,0,-1,0,0,-1,-1,-1,-1,0,0,0,0,0,0,-1,0,30,0,30,0,0,30,30,30,60,1,1,0,0,0,-1,608011156
1,1,-1,2,0,0,1,0,3,2,3,0,25,1,22,1,116,116,0,0,1,0,1,25,1,0,-1,-1,-1,-1,0,0,0,0,0,0,-1,0,0,-1,-1,-1,-1,0,0,0,0,0,0,-1,0,30,0,30,0,0,30,30,30,60,1,1,0,0,0,-1,608011156
1,1,-1,2,0,0,1,0,3,2,3,0,25,1,22,1,116,410,0,0,1,0,1,25,1,0,-1,-1,-1,-1,0,0,0,0,0,0,-1,0,0,-1,-1,-1,-1,0,0,0,0,0,0,-1,0,30,0,30,0,0,30,30,30,60,1,1,0,0,0,-1,608011156
1,1,-1,2,0,0,1,0,3,2,3,0,25,1,22,1,336,99,0,0,1,0,1,25,1,0,-1,-1,-1,-1,0,0,0,0,0,0,-1,0,0,-1,-1,-1,-1,0,0,0,0,0,0,-1,0,60,0,60,0,0,60,60,7,60,1,1,0,0,0,-1,608011156
1,1,-1,2,0,0,1,0,4,1,1,0,25,1,22,1,116,99,0,0,1,0,0,25,1,0,-1,-1,-1,-1,0,0,0,0,0,0,-1,0,0,-1,-1,-1,-1,0,0,0,0,0,0,-1,0,90,0,90,0,0,90,90,7,90,1,1,0,0,0,-1,608011156
1,1,-1,2,0,0,1,0,5,1,1,0,18,1,21,1,101,-1,0,0,1,0,0,18,1,0,-1,-1,-1,-1,0,0,0,0,0,0,-1,0,0,-1,-1,-1,-1,0,0,0,0,0,0,-1,0,180,0,180,0,0,180,180,90,180,1,1,0,0,0,-1,608011156
1,1,-1,2,0,0,1,0,5,1,1,0,25,1,21,1,101,-1,0,0,1,0,0,25,1,0,-1,-1,-1,-1,0,0,0,0,0,0,-1,0,0,-1,-1,-1,-1,0,0,0,0,0,0,-1,0,180,0,180,0,0,180,180,0,180,1,1,0,0,0,-1,608011156
1,1,-1,2,0,0,1,0,5,1,1,0,25,1,21,1,410,-1,0,0,1,0,0,25,1,0,-1,-1,-1,-1,0,0,0,0,0,0,-1,0,0,-1,-1,-1,-1,0,0,0,0,0,0,-1,0,180,0,180,0,0,180,180,0,180,1,1,0,0,0,-1,608011156
1,1,-1,2,0,0,1,0,5,1,1,0,25,1,22,1,314,434,0,0,1,0,0,25,1,0,-1,-1,-1,-1,0,0,0,0,0,0,-1,0,0,-1,-1,-1,-1,0,0,0,0,0,0,-1,0,60,0,60,0,0,60,60,90,180,1,1,0,0,0,-1,608011156
1,1,-1,2,0,0,1,0,5,1,1,0,25,1,22,1,335,314,0,0,1,0,0,25,1,0,-1,-1,-1,-1,0,0,0,0,0,0,-1,0,0,-1,-1,-1,-1,0,0,0,0,0,0,-1,0,60,0,60,0,0,60,60,30,60,1,1,0,0,0,-1,608011156
1,1,-1,2,0,0,1,0,5,1,1,0,25,1,22,1,336,302,0,0,1,0,0,25,1,0,-1,-1,-1,-1,0,0,0,0,0,0,-1,0,0,-1,-1,-1,-1,0,0,0,0,0,0,-1,0,90,0,90,0,0,90,90,0,90,1,1,0,0,0,-1,608011156
1,1,-1,2,0,0,1,0,5,1,1,0,25,1,22,3,335,312,0,0,1,0,0,25,1,0,-1,-1,-1,-1,0,0,0,0,0,0,-1,0,0,-1,-1,-1,-1,0,0,0,0,0,0,-1,0,30,0,30,0,0,30,30,0,30,1,1,0,0,0,-1,608011156
1,1,-1,2,0,0,1,0,5,1,1,0,25,1,22,3,335,312,0,0,1,0,0,25,1,0,-1,-1,-1,-1,0,0,0,0,0,0,-1,0,0,-1,-1,-1,-1,0,0,0,0,0,0,-1,0,180,0,180,0,0,180,180,0,180,1,1,0,0,0,-1,608011156
1,1,-1,2,0,0,1,0,5,1,1,0,25,1,22,3,335,431,0,0,1,0,0,25,1,0,-1,-1,-1,-1,0,0,0,0,0,0,-1,0,0,-1,-1,-1,-1,0,0,0,0,0,0,-1,0,180,0,180,0,0,180,180,30,180,1,1,0,0,22,1,608011156
1,1,-1,2,0,0,1,0,5,1,2,0,24,1,22,1,335,423,0,0,1,0,0,24,1,0,-1,-1,-1,-1,0,0,0,0,0,0,-1,0,0,-1,-1,-1,-1,0,0,0,0,0,0,-1,0,30,0,30,0,0,30,30,7,30,1,1,0,0,0,-1,608011156
1,1,-1,2,0,0,1,0,5,1,2,0,25,1,22,1,434,302,0,0,1,0,0,25,1,0,-1,-1,-1,-1,0,0,0,0,0,0,-1,0,0,-1,-1,-1,-1,0,0,0,0,0,0,-1,0,60,0,60,0,0,60,60,0,60,1,1,0,0,0,-1,608011156
1,1,-1,2,0,0,1,0,5,2,1,0,25,1,21,1,116,-1,0,0,1,0,0,25,1,0,-1,-1,-1,-1,0,0,0,0,0,0,-1,0,0,-1,-1,-1,-1,0,0,0,0,0,0,-1,0,90,0,90,0,0,90,90,7,90,1,1,0,0,0,-1,608011156
1,1,-1,2,0,0,1,0,5,2,1,0,25,1,21,3,336,-1,0,0,1,0,0,25,1,0,-1,-1,-1,-1,0,0,0,0,0,0,-1,0,0,-1,-1,-1,-1,0,0,0,0,0,0,-1,0,90,0,90,0,0,90,90,7,90,1,1,0,0,0,-1,608011156
1,1,-1,2,0,0,1,0,5,2,1,0,25,1,22,1,116,99,0,0,1,0,0,25,1,0,-1,-1,-1,-1,0,0,0,0,0,0,-1,0,0,-1,-1,-1,-1,0,0,0,0,0,0,-1,0,30,0,30,0,0,30,30,30,30,1,1,0,0,0,-1,608011156
1,1,-1,2,0,0,1,0,5,2,1,0,25,1,22,1,116,116,0,0,1,0,0,25,1,0,-1,-1,-1,-1,0,0,0,0,0,0,-1,0,0,-1,-1,-1,-1,0,0,0,0,0,0,-1,0,60,0,60,0,0,60,60,60,90,1,1,0,0,0,-1,608011156
1,1,-1,2,0,0,1,0,5,2,1,0,25,1,22,1,116,410,0,0,1,0,0,25,1,0,-1,-1,-1,-1,0,0,0,0,0,0,-1,0,0,-1,-1,-1,-1,0,0,0,0,0,0,-1,0,180,0,180,0,0,180,180,180,365,1,1,0,0,0,-1,608011156
1,1,-1,2,0,0,1,0,5,2,1,0,25,1,22,1,336,410,0,0,1,0,0,25,1,0,-1,-1,-1,-1,0,0,0,0,0,0,-1,0,0,-1,-1,-1,-1,0,0,0,0,0,0,-1,0,60,0,60,0,0,60,60,30,60,1,1,0,0,0,-1,608011156
1,1,-1,2,0,0,1,0,5,2,1,0,25,1,22,1,420,410,0,0,1,0,0,25,1,0,-1,-1,-1,-1,0,0,0,0,0,0,-1,0,0,-1,-1,-1,-1,0,0,0,0,0,0,-1,0,90,0,90,0,0,90,90,7,90,1,1,0,0,0,-1,608011156
1,1,-1,2,0,0,1,0,5,2,2,0,24,1,0,-1,-1,-1,0,0,0,0,0,-1,0,0,-1,-1,-1,-1,0,0,0,0,0,0,-1,0,21,1,1,101,-1,12,0,0,1,0,0,24,1,0,0,0,7,0,7,7,90,90,8,0,0,1,0,-1,608011156
1,1,-1,2,0,0,1,0,5,2,2,0,25,1,0,-1,-1,-1,0,0,0,0,0,-1,0,21,0,3,314,-1,365,0,0,1,0,0,25,1,0,-1,-1,-1,-1,0,0,0,0,0,0,-1,0,0,0,0,365,0,365,365,30,365,4,0,0,0,0,-1,608011156
1,1,-1,2,0,0,1,0,5,2,2,0,25,1,0,-1,-1,-1,0,0,0,0,0,-1,0,21,0,3,410,-1,90,0,0,1,0,0,25,1,0,-1,-1,-1,-1,0,0,0,0,0,0,-1,0,0,0,0,90,0,90,90,0,90,4,0,0,0,0,-1,608011156
1,1,-1,2,0,0,1,0,5,2,2,0,25,1,22,1,116,410,0,0,1,0,0,25,1,0,-1,-1,-1,-1,0,0,0,0,0,0,-1,0,0,-1,-1,-1,-1,0,0,0,0,0,0,-1,0,90,0,90,0,0,90,90,7,90,1,1,0,0,0,-1,608011156
1,1,-1,2,0,0,1,0,5,2,2,0,25,1,22,1,335,313,0,0,1,0,0,25,1,0,-1,-1,-1,-1,0,0,0,0,0,0,-1,0,0,-1,-1,-1,-1,0,0,0,0,0,0,-1,0,30,0,30,0,0,30,30,7,30,1,1,0,0,0,-1,608011156
1,1,-1,2,0,0,1,0,5,2,2,0,25,1,22,1,434,423,0,0,1,0,0,25,1,0,-1,-1,-1,-1,0,0,0,0,0,0,-1,0,0,-1,-1,-1,-1,0,0,0,0,0,0,-1,0,180,0,180,0,0,180,180,0,180,1,1,0,0,0,-1,608011156
1,1,-1,2,0,0,1,0,5,2,2,0,25,1,22,3,410,99,0,0,1,0,0,25,1,0,-1,-1,-1,-1,0,0,0,0,0,0,-1,0,0,-1,-1,-1,-1,0,0,0,0,0,0,-1,0,60,0,60,0,0,60,60,0,60,1,1,0,0,0,-1,608011156
1,1,-1,2,0,0,1,0,5,3,1,0,25,1,22,1,410,410,0,0,1,0,0,25,1,0,-1,-1,-1,-1,0,0,0,0,0,0,-1,0,0,-1,-1,-1,-1,0,0,0,0,0,0,-1,0,180,0,180,0,0,180,180,7,180,1,1,0,0,0,-1,608011156
1,1,-1,2,0,0,1,0,5,3,3,0,25,1,22,1,314,314,0,0,1,0,1,25,1,0,-1,-1,-1,-1,0,0,0,0,0,0,-1,0,0,-1,-1,-1,-1,0,0,0,0,0,0,-1,0,30,0,30,0,0,30,30,7,30,1,1,0,0,0,-1,608011156
1,1,-1,2,0,0,1,0,15,1,1,0,25,1,22,1,99,99,0,0,1,0,0,25,1,0,-1,-1,-1,-1,0,0,0,0,0,0,-1,0,0,-1,-1,-1,-1,0,0,0,0,0,0,-1,0,7,0,7,0,0,7,7,60,60,1,1,0,0,0,-1,608011156
1,1,-1,2,0,0,1,0,27,2,3,0,25,1,22,1,314,99,0,0,1,0,1,25,1,0,-1,-1,-1,-1,0,0,0,0,0,0,-1,0,0,-1,-1,-1,-1,0,0,0,0,0,0,-1,0,90,0,90,0,0,90,90,30,180,1,1,0,0,0,-1,608011156
1,1,-1,2,0,0,1,0,35,1,2,0,25,1,22,1,336,116,0,0,1,0,0,25,1,0,-1,-1,-1,-1,0,0,0,0,0,0,-1,0,0,-1,-1,-1,-1,0,0,0,0,0,0,-1,0,30,0,30,0,0,30,30,30,60,1,1,0,0,0,-1,608011156
1,1,-1,2,0,0,1,0,36,2,2,0,25,1,21,1,118,-1,0,0,1,0,0,25,1,0,-1,-1,-1,-1,0,0,0,0,0,0,-1,0,0,-1,-1,-1,-1,0,0,0,0,0,0,-1,0,180,0,180,0,0,180,180,30,180,1,1,0,0,0,-1,608011156
1,1,-1,2,0,0,1,0,56,1,1,0,25,1,22,1,116,99,0,0,1,0,0,25,1,0,-1,-1,-1,-1,0,0,0,0,0,0,-1,0,0,-1,-1,-1,-1,0,0,0,0,0,0,-1,0,60,0,60,0,0,60,60,30,60,1,1,0,0,0,-1,608011156
1,1,-1,2,0,0,1,0,56,2,1,0,25,1,0,-1,-1,-1,0,0,0,0,0,-1,0,22,1,3,116,433,60,0,0,1,0,0,25,1,0,-1,-1,-1,-1,0,0,0,0,0,0,-1,0,0,0,0,60,30,90,60,90,180,4,0,1,0,0,-1,608011156
1,1,-1,2,0,0,1,0,56,2,3,0,25,1,0,-1,-1,-1,0,0,0,0,0,-1,0,0,-1,-1,-1,-1,0,0,0,0,0,0,-1,0,0,-1,-1,-1,-1,0,0,0,0,0,0,-1,0,0,0,0,0,0,0,0,0,0,12,0,0,0,12,2,608011156
1,1,-1,2,0,0,1,0,126,2,1,0,25,1,22,3,116,431,0,0,1,0,0,25,1,0,-1,-1,-1,-1,0,0,0,0,0,0,-1,0,0,-1,-1,-1,-1,0,0,0,0,0,0,-1,0,180,0,180,0,0,180,180,30,180,1,1,0,0,0,-1,608011156
1,1,-1,2,0,0,1,0,135,2,1,0,25,1,22,1,116,314,0,0,1,0,0,25,1,0,-1,-1,-1,-1,0,0,0,0,0,0,-1,0,0,-1,-1,-1,-1,0,0,0,0,0,0,-1,0,90,0,90,0,0,90,90,30,180,1,1,0,0,0,-1,608011156
1,1,-1,2,0,0,1,0,145,2,3,0,25,1,22,1,99,99,0,0,1,0,1,25,1,0,-1,-1,-1,-1,0,0,0,0,0,0,-1,0,0,-1,-1,-1,-1,0,0,0,0,0,0,-1,0,7,0,7,0,0,7,7,60,60,1,1,0,0,0,-1,608011156
1,1,-1,2,0,0,1,0,237,1,1,0,24,1,22,1,335,420,0,0,1,0,0,24,1,0,-1,-1,-1,-1,0,0,0,0,0,0,-1,0,0,-1,-1,-1,-1,0,0,0,0,0,0,-1,0,60,0,60,0,0,60,60,0,60,1,1,0,0,0,-1,608011156
1,1,-1,2,0,0,1,0,246,1,3,0,24,1,0,-1,-1,-1,0,0,0,0,0,-1,0,21,1,1,101,-1,30,0,0,1,0,1,24,1,0,-1,-1,-1,-1,0,0,0,0,0,0,-1,0,0,0,0,30,365,365,30,90,180,4,0,1,0,0,-1,608011156
1,1,-1,2,0,0,1,1,2,1,3,0,25,1,22,1,101,422,0,0,1,1,1,25,1,0,-1,-1,-1,-1,0,0,0,0,0,0,-1,0,0,-1,-1,-1,-1,0,0,0,0,0,0,-1,0,180,0,180,0,0,180,180,7,180,1,1,0,0,0,-1,608011156
1,1,-1,2,0,0,1,1,3,1,2,0,18,1,22,1,314,99,0,0,1,1,0,18,1,0,-1,-1,-1,-1,0,0,0,0,0,0,-1,0,0,-1,-1,-1,-1,0,0,0,0,0,0,-1,0,60,0,60,0,0,60,60,60,90,1,1,0,0,0,-1,608011156
1,1,-1,2,0,0,1,1,3,1,3,0,25,1,22,1,314,410,0,0,1,1,1,25,1,0,-1,-1,-1,-1,0,0,0,0,0,0,-1,0,0,-1,-1,-1,-1,0,0,0,0,0,0,-1,0,90,0,90,0,0,90,90,30,90,1,1,0,0,0,-1,608011156
1,1,-1,2,0,0,1,1,3,1,3,0,25,1,22,1,335,313,0,0,1,1,1,25,1,0,-1,-1,-1,-1,0,0,0,0,0,0,-1,0,0,-1,-1,-1,-1,0,0,0,0,0,0,-1,0,30,0,30,0,0,30,30,7,30,1,1,0,0,0,-1,608011156
1,1,-1,2,0,0,1,1,3,1,3,0,25,1,22,1,336,410,0,0,1,1,1,25,1,0,-1,-1,-1,-1,0,0,0,0,0,0,-1,0,0,-1,-1,-1,-1,0,0,0,0,0,0,-1,0,30,0,30,0,0,30,30,7,30,1,1,0,0,0,-1,608011156
1,1,-1,2,0,0,1,1,5,1,1,0,24,1,0,-1,-1,-1,0,0,0,0,0,-1,0,21,1,1,101,-1,7,0,0,1,1,0,24,1,0,-1,-1,-1,-1,0,0,0,0,0,0,-1,0,0,0,0,7,365,365,7,30,30,4,0,1,0,0,-1,608011156
1,1,-1,2,0,0,1,1,5,1,1,0,25,1,0,-1,-1,-1,0,0,0,0,0,-1,0,21,0,1,116,-1,180,0,0,1,1,0,25,1,0,-1,-1,-1,-1,0,0,0,0,0,0,-1,0,0,0,0,180,0,180,180,30,365,4,0,0,0,0,-1,608011156
1,1,-1,2,0,0,1,1,5,1,1,0,25,1,21,1,410,-1,0,0,1,1,0,25,1,0,-1,-1,-1,-1,0,0,0,0,0,0,-1,0,0,-1,-1,-1,-1,0,0,0,0,0,0,-1,0,90,0,90,0,0,90,90,0,90,1,1,0,0,0,-1,608011156
1,1,-1,2,0,0,1,1,5,1,1,0,25,1,22,1,314,422,0,0,1,1,0,25,1,0,-1,-1,-1,-1,0,0,0,0,0,0,-1,0,0,-1,-1,-1,-1,0,0,0,0,0,0,-1,0,30,0,30,0,0,30,30,0,30,1,1,0,0,0,-1,608011156
1,1,-1,2,0,0,1,1,5,1,2,0,25,1,0,-1,-1,-1,0,0,0,0,0,-1,0,21,0,3,205,-1,90,0,0,1,1,0,25,1,0,-1,-1,-1,-1,0,0,0,0,0,0,-1,0,0,0,0,90,0,90,90,0,90,4,0,0,0,0,-1,608011156
1,1,-1,2,0,0,1,1,5,1,2,0,25,1,0,-1,-1,-1,0,0,0,0,0,-1,0,22,1,1,101,434,30,0,0,1,1,0,25,1,0,-1,-1,-1,-1,0,0,0,0,0,0,-1,0,0,0,0,30,180,365,30,30,60,4,0,1,0,0,-1,608011156
1,1,-1,2,0,0,1,1,5,1,2,0,25,1,22,1,335,420,0,0,1,1,0,25,1,0,-1,-1,-1,-1,0,0,0,0,0,0,-1,0,0,-1,-1,-1,-1,0,0,0,0,0,0,-1,0,60,0,60,0,0,60,60,0,60,1,1,0,0,0,-1,608011156
1,1,-1,2,0,0,1,1,5,1,2,0,25,1,22,1,336,99,0,0,1,1,0,25,1,0,-1,-1,-1,-1,0,0,0,0,0,0,-1,0,0,-1,-1,-1,-1,0,0,0,0,0,0,-1,0,60,0,60,0,0,60,60,0,60,1,1,0,0,0,-1,608011156
1,1,-1,2,0,0,1,1,5,1,3,0,25,1,0,-1,-1,-1,0,0,0,0,0,-1,0,21,0,1,116,-1,180,0,0,1,1,1,25,1,0,-1,-1,-1,-1,0,0,0,0,0,0,-1,0,0,0,0,180,0,180,180,30,180,4,0,0,0,0,-1,608011156
1,1,-1,2,0,0,1,1,5,1,3,0,25,1,0,-1,-1,-1,0,0,0,0,0,-1,0,21,1,1,101,-1,7,0,0,1,1,1,25,1,0,-1,-1,-1,-1,0,0,0,0,0,0,-1,0,0,0,0,7,180,180,7,30,30,4,0,1,0,0,-1,608011156
1,1,-1,2,0,0,1,1,5,1,3,0,25,1,0,-1,-1,-1,0,0,0,0,0,-1,0,22,1,1,101,410,7,0,0,1,1,1,25,1,0,-1,-1,-1,-1,0,0,0,0,0,0,-1,0,0,0,0,7,60,60,7,60,60,4,0,1,0,0,-1,608011156
1,1,-1,2,0,0,1,1,5,1,3,0,25,1,21,1,116,-1,0,0,1,1,1,25,1,0,-1,-1,-1,-1,0,0,0,0,0,0,-1,0,0,-1,-1,-1,-1,0,0,0,0,0,0,-1,0,180,0,180,0,0,180,180,30,180,1,1,0,0,0,-1,608011156
1,1,-1,2,0,0,1,1,5,1,3,0,25,1,22,1,101,410,0,0,1,1,1,25,1,0,-1,-1,-1,-1,0,0,0,0,0,0,-1,0,0,-1,-1,-1,-1,0,0,0,0,0,0,-1,0,60,0,60,0,0,60,60,30,60,1,1,0,0,0,-1,608011156
1,1,-1,2,0,0,1,1,5,1,3,0,25,1,22,3,116,410,0,0,1,1,1,25,1,0,-1,-1,-1,-1,0,0,0,0,0,0,-1,0,0,-1,-1,-1,-1,0,0,0,0,0,0,-1,0,30,0,30,0,0,30,30,30,60,1,1,0,0,0,-1,608011156
1,1,-1,2,0,0,1,1,5,2,3,0,25,1,22,1,116,99,0,0,1,1,1,25,1,0,-1,-1,-1,-1,0,0,0,0,0,0,-1,0,0,-1,-1,-1,-1,0,0,0,0,0,0,-1,0,60,0,60,0,0,60,60,7,60,1,1,0,0,0,-1,608011156
1,1,-1,2,0,0,1,1,15,1,2,0,25,1,22,1,101,411,0,0,1,1,0,25,1,0,-1,-1,-1,-1,0,0,0,0,0,0,-1,0,0,-1,-1,-1,-1,0,0,0,0,0,0,-1,0,30,0,30,0,0,30,30,30,60,1,1,0,0,0,-1,608011156
1,1,-1,2,0,0,1,1,16,1,3,0,25,1,0,-1,-1,-1,0,0,0,0,0,-1,0,21,1,1,116,-1,90,0,0,1,1,1,25,1,0,-1,-1,-1,-1,0,0,0,0,0,0,-1,0,0,0,0,90,180,365,90,180,180,4,0,1,0,0,-1,608011156
1,1,-1,2,0,0,1,1,35,1,1,0,24,1,21,1,116,-1,0,0,1,1,0,24,1,21,0,1,116,-1,180,0,0,1,1,0,24,1,0,-1,-1,-1,-1,0,0,0,0,0,0,-1,0,90,0,90,30,0,180,180,30,180,5,1,0,0,0,-1,608011156
1,1,-1,2,0,0,1,1,56,1,2,0,25,1,22,3,434,312,0,0,1,1,0,25,1,0,-1,-1,-1,-1,0,0,0,0,0,0,-1,0,0,-1,-1,-1,-1,0,0,0,0,0,0,-1,0,30,0,30,0,0,30,30,0,30,1,1,0,0,0,-1,608011156
1,1,-1,2,0,0,1,1,57,1,1,0,25,1,0,-1,-1,-1,0,0,0,0,0,-1,0,21,1,1,101,-1,7,0,0,1,1,0,25,1,0,-1,-1,-1,-1,0,0,0,0,0,0,-1,0,0,0,0,7,365,365,7,30,30,4,0,1,0,0,-1,608011156
1,1,-1,2,0,0,1,2,1,1,1,0,18,1,22,1,116,99,0,0,1,2,0,18,1,0,-1,-1,-1,-1,0,0,0,0,0,0,-1,0,0,-1,-1,-1,-1,0,0,0,0,0,0,-1,0,30,0,30,0,0,30,30,90,180,1,1,0,0,0,-1,608011156
1,1,-1,2,0,0,1,2,3,1,1,0,25,1,0,-1,-1,-1,0,0,0,0,0,-1,0,22,0,1,101,410,365,0,0,1,2,0,25,1,0,-1,-1,-1,-1,0,0,0,0,0,0,-1,0,0,0,0,365,0,365,365,30,365,4,0,0,0,0,-1,608011156
1,1,-1,2,0,0,1,2,3,1,1,0,25,1,22,1,335,99,0,0,1,2,0,25,1,0,-1,-1,-1,-1,0,0,0,0,0,0,-1,0,0,-1,-1,-1,-1,0,0,0,0,0,0,-1,0,30,0,30,0,0,30,30,7,30,1,1,0,0,0,-1,608011156
1,1,-1,2,0,0,1,2,3,1,1,0,25,1,22,1,335,410,0,0,1,2,0,25,1,0,-1,-1,-1,-1,0,0,0,0,0,0,-1,0,0,-1,-1,-1,-1,0,0,0,0,0,0,-1,0,30,0,30,0,0,30,30,90,90,1,1,0,0,0,-1,608011156
1,1,-1,2,0,0,1,2,3,2,3,0,25,1,0,-1,-1,-1,0,0,0,0,0,-1,0,21,1,1,116,-1,30,0,0,1,2,1,25,1,0,-1,-1,-1,-1,0,0,0,0,0,0,-1,0,0,0,0,30,180,180,30,30,30,4,0,1,0,0,-1,608011156
1,1,-1,2,0,0,1,2,5,1,1,0,24,1,22,1,336,98,0,0,1,2,0,24,1,0,-1,-1,-1,-1,0,0,0,0,0,0,-1,0,0,-1,-1,-1,-1,0,0,0,0,0,0,-1,0,30,0,30,0,0,30,30,7,30,1,1,0,0,0,-1,608011156
1,1,-1,2,0,0,1,2,5,1,1,0,25,1,0,-1,-1,-1,0,0,0,0,0,-1,0,21,0,1,101,-1,180,0,0,1,2,0,25,1,0,-1,-1,-1,-1,0,0,0,0,0,0,-1,0,0,0,0,180,0,180,180,30,180,4,0,0,0,0,-1,608011156
1,1,-1,2,0,0,1,2,5,1,1,0,25,1,21,1,116,-1,0,0,1,2,0,25,1,0,-1,-1,-1,-1,0,0,0,0,0,0,-1,0,0,-1,-1,-1,-1,0,0,0,0,0,0,-1,0,180,0,180,0,0,180,180,7,180,1,1,0,0,0,-1,608011156
1,1,-1,2,0,0,1,2,5,1,1,0,25,1,21,1,335,-1,0,0,1,2,0,25,1,0,-1,-1,-1,-1,0,0,0,0,0,0,-1,0,0,-1,-1,-1,-1,0,0,0,0,0,0,-1,0,90,0,90,0,0,90,90,0,90,1,1,0,0,0,-1,608011156
1,1,-1,2,0,0,1,2,5,1,1,0,25,1,22,1,335,302,0,0,1,2,0,25,1,0,-1,-1,-1,-1,0,0,0,0,0,0,-1,0,0,-1,-1,-1,-1,0,0,0,0,0,0,-1,0,90,0,90,0,0,90,90,0,90,1,1,0,0,0,-1,608011156
1,1,-1,2,0,0,1,2,5,1,1,0,25,1,22,1,335,410,0,0,1,2,0,25,1,0,-1,-1,-1,-1,0,0,0,0,0,0,-1,0,0,-1,-1,-1,-1,0,0,0,0,0,0,-1,0,60,0,60,0,0,60,60,0,60,1,1,0,0,0,-1,608011156
1,1,-1,2,0,0,1,2,5,1,1,0,25,1,22,3,335,312,0,0,1,2,0,25,1,0,-1,-1,-1,-1,0,0,0,0,0,0,-1,0,0,-1,-1,-1,-1,0,0,0,0,0,0,-1,0,90,0,90,0,0,90,90,60,180,1,1,0,0,0,-1,608011156
1,1,-1,2,0,0,1,2,5,1,2,0,25,1,0,-1,-1,-1,0,0,0,0,0,-1,0,21,0,3,335,-1,90,0,0,1,2,0,25,1,0,-1,-1,-1,-1,0,0,0,0,0,0,-1,0,0,0,0,90,0,90,90,0,90,4,0,0,0,0,-1,608011156
1,1,-1,2,0,0,1,2,5,1,2,0,25,1,0,-1,-1,-1,0,0,0,0,0,-1,0,21,1,1,101,-1,7,0,0,1,2,0,25,1,0,-1,-1,-1,-1,0,0,0,0,0,0,-1,0,0,0,0,7,365,365,7,30,60,4,0,1,0,0,-1,608011156
1,1,-1,2,0,0,1,2,5,1,2,0,25,1,0,-1,-1,-1,0,0,0,0,0,-1,0,21,1,1,116,-1,7,0,0,1,2,0,25,1,0,-1,-1,-1,-1,0,0,0,0,0,0,-1,0,0,0,0,7,365,365,7,365,365,4,0,1,0,0,-1,608011156
1,1,-1,2,0,0,1,2,5,1,2,0,25,1,0,-1,-1,-1,0,0,0,0,0,-1,0,21,1,3,335,-1,90,0,0,1,2,0,25,1,0,-1,-1,-1,-1,0,0,0,0,0,0,-1,0,0,0,0,90,180,365,90,0,90,4,0,1,0,0,-1,608011156
1,1,-1,2,0,0,1,2,5,1,2,0,25,1,0,-1,-1,-1,0,0,0,0,0,-1,0,22,0,3,336,99,365,0,0,1,2,0,25,1,0,-1,-1,-1,-1,0,0,0,0,0,0,-1,0,0,0,0,365,0,365,365,0,365,4,0,0,0,0,-1,608011156
1,1,-1,2,0,0,1,2,5,1,2,0,25,1,0,-1,-1,-1,0,0,0,0,0,-1,0,22,1,1,101,433,90,0,0,1,2,0,25,1,0,-1,-1,-1,-1,0,0,0,0,0,0,-1,0,0,0,0,90,30,180,90,180,365,4,0,1,0,0,-1,608011156
1,1,-1,2,0,0,1,2,5,1,2,0,25,1,22,1,101,420,0,0,1,2,0,25,1,0,-1,-1,-1,-1,0,0,0,0,0,0,-1,0,0,-1,-1,-1,-1,0,0,0,0,0,0,-1,0,60,0,60,0,0,60,60,7,60,1,1,0,0,0,-1,608011156
1,1,-1,2,0,0,1,2,5,1,2,0,25,1,22,1,335,410,0,0,1,2,0,25,1,0,-1,-1,-1,-1,0,0,0,0,0,0,-1,0,0,-1,-1,-1,-1,0,0,0,0,0,0,-1,0,60,0,60,0,0,60,60,0,60,1,1,0,0,0,-1,608011156
1,1,-1,2,0,0,1,2,5,1,2,0,25,1,22,3,314,313,0,0,1,2,0,25,1,0,-1,-1,-1,-1,0,0,0,0,0,0,-1,0,0,-1,-1,-1,-1,0,0,0,0,0,0,-1,0,60,0,60,0,0,60,60,0,60,1,1,0,0,0,-1,608011156
1,1,-1,2,0,0,1,2,5,1,3,0,25,1,0,-1,-1,-1,0,0,0,0,0,-1,0,21,1,1,101,-1,7,0,0,1,2,1,25,1,0,-1,-1,-1,-1,0,0,0,0,0,0,-1,0,0,0,0,7,365,365,7,60,60,4,0,1,0,0,-1,608011156
1,1,-1,2,0,0,1,2,5,1,3,0,25,1,22,1,101,312,0,0,1,2,1,25,1,0,-1,-1,-1,-1,0,0,0,0,0,0,-1,0,0,-1,-1,-1,-1,0,0,0,0,0,0,-1,0,30,0,30,0,0,30,30,7,30,1,1,0,0,0,-1,608011156
1,1,-1,2,0,0,1,2,5,1,3,0,25,1,22,1,314,302,0,0,1,2,1,25,1,0,-1,-1,-1,-1,0,0,0,0,0,0,-1,0,0,-1,-1,-1,-1,0,0,0,0,0,0,-1,0,60,0,60,0,0,60,60,0,60,1,1,0,0,0,-1,608011156
1,1,-1,2,0,0,1,2,5,1,3,0,25,1,22,3,336,423,0,0,1,2,1,25,1,0,-1,-1,-1,-1,0,0,0,0,0,0,-1,0,0,-1,-1,-1,-1,0,0,0,0,0,0,-1,0,60,0,60,0,0,60,60,90,180,1,1,0,0,0,-1,608011156
1,1,-1,2,0,0,1,2,5,2,2,0,25,1,22,1,99,99,0,0,1,2,0,25,1,0,-1,-1,-1,-1,0,0,0,0,0,0,-1,0,0,-1,-1,-1,-1,0,0,0,0,0,0,-1,0,7,0,7,0,0,7,7,60,60,1,1,0,0,0,-1,608011156
1,1,-1,2,0,0,1,2,5,2,2,0,25,1,22,1,335,99,0,0,1,2,0,25,1,0,-1,-1,-1,-1,0,0,0,0,0,0,-1,0,0,-1,-1,-1,-1,0,0,0,0,0,0,-1,0,30,0,30,0,0,30,30,30,60,1,1,0,0,0,-1,608011156
1,1,-1,2,0,0,1,2,5,3,3,0,25,1,21,1,314,-1,0,0,1,2,1,25,1,0,-1,-1,-1,-1,0,0,0,0,0,0,-1,0,0,-1,-1,-1,-1,0,0,0,0,0,0,-1,0,180,0,180,0,0,180,180,30,180,1,1,0,0,0,-1,608011156
1,1,-1,2,0,0,1,2,6,1,3,0,25,1,22,1,335,98,0,0,1,2,1,25,1,0,-1,-1,-1,-1,0,0,0,0,0,0,-1,0,0,-1,-1,-1,-1,0,0,0,0,0,0,-1,0,30,0,30,0,0,30,30,0,30,1,1,0,0,0,-1,608011156
1,1,-1,2,0,0,1,2,26,1,2,0,25,1,22,1,99,99,0,0,1,2,0,25,1,0,-1,-1,-1,-1,0,0,0,0,0,0,-1,0,0,-1,-1,-1,-1,0,0,0,0,0,0,-1,0,30,0,30,0,0,30,30,60,60,1,1,0,0,0,-1,608011156
1,1,-1,2,0,0,1,2,34,2,3,0,25,1,0,-1,-1,-1,0,0,0,0,0,-1,0,21,1,3,314,-1,0,0,0,1,2,1,25,1,0,-1,-1,-1,-1,0,0,0,0,0,0,-1,0,0,0,0,0,180,180,0,0,0,4,0,1,0,0,-1,608011156
1,1,-1,2,0,0,1,2,56,1,1,0,25,1,22,3,205,207,0,0,1,2,0,25,1,0,-1,-1,-1,-1,0,0,0,0,0,0,-1,0,0,-1,-1,-1,-1,0,0,0,0,0,0,-1,0,90,0,90,0,0,90,90,90,180,1,1,0,0,0,-1,608011156
1,1,-1,2,0,0,1,2,56,1,2,0,24,1,22,1,116,99,0,0,1,2,0,24,1,0,-1,-1,-1,-1,0,0,0,0,0,0,-1,0,0,-1,-1,-1,-1,0,0,0,0,0,0,-1,0,30,0,30,0,0,30,30,180,180,1,1,0,0,0,-1,608011156
1,1,-1,2,0,0,1,2,235,1,2,0,25,1,22,1,410,433,0,0,1,2,0,25,1,22,0,1,101,420,90,0,0,1,2,0,25,1,0,-1,-1,-1,-1,0,0,0,0,0,0,-1,0,180,0,180,60,0,180,180,0,180,5,1,0,0,0,-1,608011156
1,1,-1,2,0,1,0,0,45,2,2,0,25,1,0,-1,-1,-1,0,0,0,0,0,-1,0,21,0,2,116,-1,180,0,1,0,0,0,25,1,0,-1,-1,-1,-1,0,0,0,0,0,0,-1,0,0,0,0,180,0,180,180,60,365,4,0,0,0,0,-1,608011156
1,1,-1,2,0,1,1,0,3,2,1,0,25,0,0,-1,-1,-1,0,0,0,0,0,-1,0,21,1,1,101,-1,60,0,1,1,0,0,25,0,0,-1,-1,-1,-1,0,0,0,0,0,0,-1,0,0,0,0,60,365,365,60,30,60,4,0,1,0,0,-1,608011156
1,1,-1,2,0,1,1,0,5,1,1,0,25,1,0,-1,-1,-1,0,0,0,0,0,-1,0,21,1,3,101,-1,30,0,1,1,0,0,25,1,0,-1,-1,-1,-1,0,0,0,0,0,0,-1,0,0,0,0,30,180,365,30,90,180,4,0,1,0,0,-1,608011156
1,1,-1,2,0,1,1,1,5,2,2,0,25,1,22,1,101,314,0,1,1,1,0,25,1,0,-1,-1,-1,-1,0,0,0,0,0,0,-1,0,0,-1,-1,-1,-1,0,0,0,0,0,0,-1,0,30,0,30,0,0,30,30,7,30,1,1,0,0,0,-1,608011156
1,1,-1,2,0,1,1,2,5,1,1,0,25,1,0,-1,-1,-1,0,0,0,0,0,-1,0,21,1,1,116,-1,7,0,1,1,2,0,25,1,0,-1,-1,-1,-1,0,0,0,0,0,0,-1,0,0,0,0,7,365,365,7,90,90,4,0,1,0,0,-1,608011156
1,1,-1,2,0,1,1,2,5,2,2,0,25,1,22,1,335,410,0,1,1,2,0,25,1,0,-1,-1,-1,-1,0,0,0,0,0,0,-1,0,0,-1,-1,-1,-1,0,0,0,0,0,0,-1,0,180,0,180,0,0,180,180,365,547,1,1,0,0,0,-1,608011156
1,1,-1,2,0,1,1,2,5,2,3,0,25,1,0,-1,-1,-1,0,0,0,0,0,-1,0,21,1,2,116,-1,7,0,1,1,2,1,25,1,0,-1,-1,-1,-1,0,0,0,0,0,0,-1,0,0,0,0,7,180,180,7,30,30,4,0,1,0,0,-1,608011156
1,1,-1,2,1,0,1,0,3,1,2,0,25,1,21,1,101,-1,1,0,1,0,0,25,1,0,-1,-1,-1,-1,0,0,0,0,0,0,-1,0,0,-1,-1,-1,-1,0,0,0,0,0,0,-1,0,90,0,90,0,0,90,90,1095,1095,1,1,0,0,0,-1,608011156
1,1,-1,2,1,0,1,0,3,1,3,0,25,1,22,1,116,431,1,0,1,0,1,25,1,0,-1,-1,-1,-1,0,0,0,0,0,0,-1,0,0,-1,-1,-1,-1,0,0,0,0,0,0,-1,0,60,0,60,0,0,60,60,730,730,1,1,0,0,0,-1,608011156
1,1,-1,2,1,0,1,0,5,1,1,0,25,1,0,-1,-1,-1,0,0,0,0,0,-1,0,22,1,3,205,434,30,1,0,1,0,0,25,1,0,-1,-1,-1,-1,0,0,0,0,0,0,-1,0,0,0,0,30,30,60,30,547,547,4,0,1,0,0,-1,608011156
1,1,-1,2,1,0,1,0,35,1,3,0,25,1,0,-1,-1,-1,0,0,0,0,0,-1,0,21,1,1,116,-1,90,1,0,1,0,1,25,1,0,-1,-1,-1,-1,0,0,0,0,0,0,-1,0,0,0,0,90,365,365,90,1095,1095,4,0,1,0,0,-1,608011156
1,1,-1,2,1,0,1,0,36,1,1,0,25,1,22,1,336,99,1,0,1,0,0,25,1,0,-1,-1,-1,-1,0,0,0,0,0,0,-1,0,0,-1,-1,-1,-1,0,0,0,0,0,0,-1,0,60,0,60,0,0,60,60,0,60,1,1,0,0,0,-1,608011156
1,1,-1,2,1,0,1,0,146,2,3,0,25,1,0,-1,-1,-1,0,0,0,0,0,-1,0,22,1,3,101,431,30,1,0,1,0,1,25,1,0,-1,-1,-1,-1,0,0,0,0,0,0,-1,0,0,0,0,30,30,30,30,30,60,4,0,1,0,0,-1,608011156
1,1,-1,2,1,0,1,0,567,1,2,0,25,1,0,-1,-1,-1,0,0,0,0,0,-1,0,21,1,1,101,-1,90,1,0,1,0,0,25,1,0,-1,-1,-1,-1,0,0,0,0,0,0,-1,0,0,0,0,90,365,365,90,60,180,4,0,1,0,0,-1,608011156
1,1,-1,2,1,0,1,1,5,1,1,0,25,1,0,-1,-1,-1,0,0,0,0,0,-1,0,22,1,3,101,410,7,1,0,1,1,0,25,1,0,-1,-1,-1,-1,0,0,0,0,0,0,-1,0,0,0,0,7,180,180,7,547,547,4,0,1,0,0,-1,608011156
1,1,-1,2,1,0,1,1,5,1,3,0,25,1,22,1,101,99,1,0,1,1,1,25,1,0,-1,-1,-1,-1,0,0,0,0,0,0,-1,0,0,-1,-1,-1,-1,0,0,0,0,0,0,-1,0,60,0,60,0,0,60,60,1094,1094,1,1,0,0,0,-1,608011156
1,1,-1,2,1,0,1,1,13,1,1,0,25,1,0,-1,-1,-1,0,0,0,0,0,-1,0,21,0,3,205,-1,180,1,0,1,1,0,25,1,0,-1,-1,-1,-1,0,0,0,0,0,0,-1,0,0,0,0,180,0,180,180,547,730,4,0,0,0,0,-1,608011156
1,1,-1,2,1,0,1,1,13,1,2,0,25,1,22,1,116,312,1,0,1,1,0,25,1,21,0,1,101,-1,180,1,0,1,1,0,25,1,0,-1,-1,-1,-1,0,0,0,0,0,0,-1,0,60,0,60,180,0,180,180,365,547,5,1,0,0,0,-1,608011156
1,1,-1,2,1,0,1,2,3,1,2,0,25,1,22,1,99,99,1,0,1,2,0,25,1,21,1,1,101,-1,90,1,0,1,2,0,25,1,0,-1,-1,-1,-1,0,0,0,0,0,0,-1,0,30,0,30,90,180,365,90,1095,1095,5,1,1,0,0,-1,608011156
1,1,-1,2,1,0,1,2,3,1,2,0,25,1,22,1,336,312,1,0,1,2,0,25,1,0,-1,-1,-1,-1,0,0,0,0,0,0,-1,0,0,-1,-1,-1,-1,0,0,0,0,0,0,-1,0,60,0,60,0,0,60,60,0,60,1,1,0,0,0,-1,608011156
1,1,-1,2,1,0,1,2,5,1,1,0,24,1,0,-1,-1,-1,0,0,0,0,0,-1,0,21,1,1,205,-1,90,1,0,1,2,0,24,1,0,-1,-1,-1,-1,0,0,0,0,0,0,-1,0,0,0,0,90,180,365,90,365,547,4,0,1,0,0,-1,608011156
1,1,-1,2,1,0,1,2,5,1,2,0,24,1,22,1,101,420,1,0,1,2,0,24,1,22,1,1,101,420,60,1,0,1,2,0,24,1,0,-1,-1,-1,-1,0,0,0,0,0,0,-1,0,60,0,60,30,60,180,60,547,547,5,1,1,0,0,-1,608011156
1,1,-1,2,1,0,1,2,5,1,2,0,25,1,22,1,101,313,1,0,1,2,0,25,1,0,-1,-1,-1,-1,0,0,0,0,0,0,-1,0,0,-1,-1,-1,-1,0,0,0,0,0,0,-1,0,90,0,90,0,0,90,90,1095,1095,1,1,0,0,0,-1,608011156
1,1,-1,2,1,0,1,2,67,1,1,0,25,1,22,1,101,423,1,0,1,2,0,25,1,0,-1,-1,-1,-1,0,0,0,0,0,0,-1,0,0,-1,-1,-1,-1,0,0,0,0,0,0,-1,0,30,0,30,0,0,30,30,0,30,1,1,0,0,0,-1,608011156
1,1,-1,2,1,0,1,2,126,1,1,0,25,1,0,-1,-1,-1,0,0,0,0,0,-1,0,21,1,3,205,-1,7,1,0,1,2,0,25,1,0,-1,-1,-1,-1,0,0,0,0,0,0,-1,0,0,0,0,7,180,180,7,1094,1094,4,0,1,0,0,-1,608011156
1,1,-1,2,1,0,1,2,346,1,1,0,25,1,0,-1,-1,-1,0,0,0,0,0,-1,0,21,1,1,101,-1,7,1,0,1,2,0,25,1,0,-1,-1,-1,-1,0,0,0,0,0,0,-1,0,0,0,0,7,90,90,7,90,90,4,0,1,0,0,-1,608011156
1,1,-1,2,1,1,1,0,3,1,2,0,25,1,0,-1,-1,-1,0,0,0,0,0,-1,0,21,1,2,116,-1,60,1,1,1,0,0,25,1,0,-1,-1,-1,-1,0,0,0,0,0,0,-1,0,0,0,0,60,180,180,60,90,180,4,0,1,0,0,-1,608011156
1,1,-1,2,1,1,1,0,5,1,2,0,25,1,0,-1,-1,-1,0,0,0,0,0,-1,0,21,0,2,116,-1,90,1,1,1,0,0,25,1,0,-1,-1,-1,-1,0,0,0,0,0,0,-1,0,0,0,0,90,0,90,90,1095,1095,4,0,0,0,0,-1,608011156
1,1,-1,2,1,1,1,0,5,2,2,0,25,1,0,-1,-1,-1,0,0,0,0,0,-1,0,21,0,3,116,-1,90,1,1,1,0,0,25,1,0,-1,-1,-1,-1,0,0,0,0,0,0,-1,0,0,0,0,90,0,90,90,547,547,4,0,0,0,0,-1,608011156
1,1,-1,2,1,1,1,0,25,2,2,0,25,1,0,-1,-1,-1,0,0,0,0,0,-1,0,21,1,2,116,-1,60,1,1,1,0,0,25,1,0,-1,-1,-1,-1,0,0,0,0,0,0,-1,0,0,0,0,60,180,180,60,30,90,4,0,1,0,0,-1,608011156
1,1,-1,2,1,1,1,1,1,1,2,0,25,1,0,-1,-1,-1,0,0,0,0,0,-1,0,21,1,2,116,-1,30,1,1,1,1,0,25,1,0,-1,-1,-1,-1,0,0,0,0,0,0,-1,0,0,0,0,30,180,180,30,30,60,4,0,1,0,0,-1,608011156
1,1,-1,2,2,0,1,0,3,1,2,0,18,1,0,-1,-1,-1,0,0,0,0,0,-1,0,21,1,1,101,-1,30,0,0,1,0,0,18,1,0,-1,-1,-1,-1,0,0,0,0,0,0,-1,0,0,0,0,30,90,180,30,365,365,4,0,1,0,0,-1,608011156
1,1,-1,2,4,0,0,0,3,1,1,0,24,1,22,1,335,99,0,0,0,0,0,24,1,0,-1,-1,-1,-1,0,0,0,0,0,0,-1,0,0,-1,-1,-1,-1,0,0,0,0,0,0,-1,0,30,0,30,0,0,30,30,90,180,1,1,0,0,0,-1,608011156
1,1,-1,2,4,0,0,0,3,1,1,1,-1,1,21,1,101,-1,0,0,0,0,0,-1,1,0,-1,-1,-1,-1,0,0,0,0,0,0,-1,0,0,-1,-1,-1,-1,0,0,0,0,0,0,-1,0,180,0,180,0,0,180,180,1095,1095,1,1,0,0,0,-1,608011156
1,1,-1,2,4,0,0,0,3,1,2,0,18,1,22,1,99,99,0,0,0,0,0,18,1,21,1,1,116,-1,7,0,0,0,0,0,18,1,0,-1,-1,-1,-1,0,0,0,0,0,0,-1,0,30,0,30,7,365,365,30,90,90,5,1,1,0,0,-1,608011156
1,1,-1,2,4,0,0,0,3,1,2,0,25,1,21,1,99,-1,0,0,0,0,0,25,1,21,0,1,101,-1,90,0,0,0,0,0,25,1,0,-1,-1,-1,-1,0,0,0,0,0,0,-1,0,30,0,30,90,0,90,90,30,90,5,1,0,0,0,-1,608011156
1,1,-1,2,4,0,0,0,3,1,2,0,25,1,21,1,336,-1,0,0,0,0,0,25,1,21,0,1,336,-1,90,0,0,0,0,0,25,1,0,-1,-1,-1,-1,0,0,0,0,0,0,-1,0,60,0,60,90,0,180,180,1095,1095,5,1,0,0,0,-1,608011156
1,1,-1,2,4,0,0,0,3,2,2,0,18,1,22,1,314,99,0,0,0,0,0,25,1,22,1,1,101,422,180,0,0,0,0,0,18,1,0,-1,-1,-1,-1,0,0,0,0,0,0,-1,0,30,0,30,180,30,180,180,730,1094,5,1,1,0,0,-1,608011156
1,1,-1,2,4,0,0,0,3,2,3,0,25,1,22,1,116,99,0,0,0,0,1,25,1,0,-1,-1,-1,-1,0,0,0,0,0,0,-1,0,0,-1,-1,-1,-1,0,0,0,0,0,0,-1,0,180,0,180,0,0,180,180,90,365,1,1,0,0,0,-1,608011156
1,1,-1,2,4,0,0,0,5,1,1,0,24,1,22,3,336,434,0,0,0,0,0,24,1,0,-1,-1,-1,-1,0,0,0,0,0,0,-1,0,0,-1,-1,-1,-1,0,0,0,0,0,0,-1,0,60,0,60,0,0,60,60,30,60,1,1,0,0,22,1,608011156
1,1,-1,2,4,0,0,0,5,1,1,0,25,1,22,3,410,433,0,0,0,0,0,25,1,0,-1,-1,-1,-1,0,0,0,0,0,0,-1,0,0,-1,-1,-1,-1,0,0,0,0,0,0,-1,0,60,0,60,0,0,60,60,1094,1094,1,1,0,0,12,2,608011156
1,1,-1,2,4,0,0,0,27,1,3,0,25,1,0,-1,-1,-1,0,0,0,0,0,-1,0,21,0,1,101,-1,180,0,0,0,0,1,25,1,0,-1,-1,-1,-1,0,0,0,0,0,0,-1,0,0,0,0,180,0,180,180,1095,1095,4,0,0,0,0,-1,608011156
1,1,-1,2,4,0,0,1,3,1,2,0,25,1,21,3,116,-1,0,0,0,1,0,25,1,0,-1,-1,-1,-1,0,0,0,0,0,0,-1,0,0,-1,-1,-1,-1,0,0,0,0,0,0,-1,0,180,0,180,0,0,180,180,90,365,1,1,0,0,12,2,608011156
1,1,-1,2,4,0,0,1,3,1,3,0,25,1,22,1,314,101,0,0,0,1,1,25,1,0,-1,-1,-1,-1,0,0,0,0,0,0,-1,0,0,-1,-1,-1,-1,0,0,0,0,0,0,-1,0,60,0,60,0,0,60,60,7,60,1,1,0,0,0,-1,608011156
1,1,-1,2,4,0,0,1,5,1,1,0,25,1,22,1,336,314,0,0,0,1,0,25,1,0,-1,-1,-1,-1,0,0,0,0,0,0,-1,0,0,-1,-1,-1,-1,0,0,0,0,0,0,-1,0,180,0,180,0,0,180,180,547,547,1,1,0,0,0,-1,608011156
1,1,-1,2,4,0,0,1,5,2,2,0,25,1,0,-1,-1,-1,0,0,0,0,0,-1,0,21,0,3,410,-1,180,0,0,0,1,0,25,1,0,-1,-1,-1,-1,0,0,0,0,0,0,-1,0,0,0,0,180,0,180,180,0,180,4,0,0,0,0,-1,608011156
1,1,-1,2,4,0,0,1,17,2,2,0,25,1,22,1,101,410,0,0,0,1,0,25,1,0,-1,-1,-1,-1,0,0,0,0,0,0,-1,0,0,-1,-1,-1,-1,0,0,0,0,0,0,-1,0,30,0,30,0,0,30,30,547,547,1,1,0,0,0,-1,608011156
1,1,-1,2,4,0,0,1,156,1,1,0,25,1,21,1,101,-1,0,0,0,1,0,25,1,0,-1,-1,-1,-1,0,0,0,0,0,0,-1,0,0,-1,-1,-1,-1,0,0,0,0,0,0,-1,0,7,0,7,0,0,7,7,1095,1095,1,1,0,0,0,-1,608011156
1,1,-1,2,4,0,0,2,1,1,1,0,25,1,22,1,336,313,0,0,0,2,0,25,1,21,0,2,101,-1,180,0,0,0,2,0,25,1,0,-1,-1,-1,-1,0,0,0,0,0,0,-1,0,60,0,60,180,0,180,180,7,180,5,1,0,0,0,-1,608011156
1,1,-1,2,4,0,0,2,3,1,3,0,25,1,0,-1,-1,-1,0,0,0,0,0,-1,0,21,1,1,101,-1,30,0,0,0,2,1,25,1,0,-1,-1,-1,-1,0,0,0,0,0,0,-1,0,0,0,0,30,90,180,30,730,730,4,0,1,0,0,-1,608011156
1,1,-1,2,4,0,0,2,3,2,2,0,25,1,21,1,336,-1,0,0,0,2,0,25,1,21,0,1,101,-1,365,0,0,0,2,0,25,1,0,-1,-1,-1,-1,0,0,0,0,0,0,-1,0,365,0,365,0,0,365,365,365,730,5,1,0,0,0,-1,608011156
1,1,-1,2,4,0,0,2,5,1,1,0,25,1,22,1,335,99,0,0,0,2,0,25,1,0,-1,-1,-1,-1,0,0,0,0,0,0,-1,0,0,-1,-1,-1,-1,0,0,0,0,0,0,-1,0,30,0,30,0,0,30,30,0,30,1,1,0,0,0,-1,608011156
1,1,-1,2,4,0,0,2,5,1,2,0,25,1,22,1,116,313,0,0,0,2,0,25,1,0,-1,-1,-1,-1,0,0,0,0,0,0,-1,0,0,-1,-1,-1,-1,0,0,0,0,0,0,-1,0,60,0,60,0,0,60,60,730,1094,1,1,0,0,0,-1,608011156
1,1,-1,2,4,0,0,2,5,2,3,0,25,1,0,-1,-1,-1,0,0,0,0,0,-1,0,21,0,3,116,-1,365,0,0,0,2,1,25,1,0,-1,-1,-1,-1,0,0,0,0,0,0,-1,0,0,0,0,365,0,365,365,90,365,4,0,0,0,0,-1,608011156
1,1,-1,2,4,0,0,2,6,1,2,0,24,1,22,1,335,99,0,0,0,2,0,24,1,0,-1,-1,-1,-1,0,0,0,0,0,0,-1,0,0,-1,-1,-1,-1,0,0,0,0,0,0,-1,0,30,0,30,0,0,30,30,7,30,1,1,0,0,0,-1,608011156
1,1,-1,2,4,0,0,2,35,1,1,0,18,1,22,1,335,420,0,0,0,2,0,18,1,0,-1,-1,-1,-1,0,0,0,0,0,0,-1,0,0,-1,-1,-1,-1,0,0,0,0,0,0,-1,0,30,0,30,0,0,30,30,7,30,1,1,0,0,0,-1,608011156
1,1,-1,2,4,0,0,2,35,1,3,0,25,1,0,-1,-1,-1,0,0,0,0,0,-1,0,21,0,1,101,-1,180,0,0,0,2,1,25,1,0,-1,-1,-1,-1,0,0,0,0,0,0,-1,0,0,0,0,180,0,180,180,365,547,4,0,0,0,0,-1,608011156
1,1,-1,2,4,0,1,1,3,2,3,0,25,1,22,1,101,313,0,0,1,1,1,25,1,21,1,1,336,-1,30,0,0,1,1,1,25,1,0,-1,-1,-1,-1,0,0,0,0,0,0,-1,0,90,0,90,30,90,180,90,60,180,5,1,1,0,0,-1,608011156
1,1,-1,2,4,0,1,2,5,2,1,0,25,1,22,1,116,116,0,0,1,2,0,25,1,0,-1,-1,-1,-1,0,0,0,0,0,0,-1,0,0,-1,-1,-1,-1,0,0,0,0,0,0,-1,0,30,0,30,0,0,30,30,30,60,1,1,0,0,0,-1,608011156
1,1,-1,2,4,0,1,2,5,2,2,0,25,1,0,-1,-1,-1,0,0,0,0,0,-1,0,21,0,3,335,-1,180,0,0,1,2,0,25,1,0,-1,-1,-1,-1,0,0,0,0,0,0,-1,0,0,0,0,180,0,180,180,0,180,4,0,0,0,0,-1,608011156
1,1,-1,2,6,0,1,0,5,1,1,0,25,1,0,-1,-1,-1,0,0,0,0,0,-1,0,21,0,3,101,-1,180,0,0,1,0,0,25,1,0,-1,-1,-1,-1,0,0,0,0,0,0,-1,0,0,0,0,180,0,180,180,180,365,4,0,0,0,0,-1,608011156
1,1,-1,2,6,0,1,2,5,1,1,0,25,1,22,1,99,99,0,0,1,2,0,25,1,21,0,1,101,-1,180,0,0,1,2,0,25,1,0,-1,-1,-1,-1,0,0,0,0,0,0,-1,0,7,0,7,180,0,180,180,180,365,5,1,0,0,0,-1,608011156
1,1,-1,2,6,0,1,2,5,1,2,0,25,1,0,-1,-1,-1,0,0,0,0,0,-1,0,0,-1,-1,-1,-1,0,0,0,0,0,0,-1,0,0,-1,-1,-1,-1,0,0,0,0,0,0,-1,0,0,0,0,0,0,0,0,180,180,12,0,0,0,22,0,608011156
1,1,-1,2,6,0,1,2,5,1,3,0,25,1,0,-1,-1,-1,0,0,0,0,0,-1,0,21,0,3,101,-1,365,0,0,1,2,1,25,1,0,-1,-1,-1,-1,0,0,0,0,0,0,-1,0,0,0,0,365,0,365,365,180,365,4,0,0,0,0,-1,608011156
1,1,-1,2,6,0,1,2,357,1,2,0,25,1,0,-1,-1,-1,0,0,0,0,0,-1,0,22,1,1,101,434,60,0,0,1,2,0,25,1,0,-1,-1,-1,-1,0,0,0,0,0,0,-1,0,0,0,0,60,60,180,60,365,365,4,0,1,0,0,-1,608011156
1,1,-1,2,9,0,0,0,3,1,1,0,25,1,22,1,99,312,0,0,0,0,0,25,1,0,-1,-1,-1,-1,0,0,0,0,0,0,-1,0,0,-1,-1,-1,-1,0,0,0,0,0,0,-1,0,30,0,30,0,0,30,30,0,30,1,1,0,0,0,-1,608011156
1,1,-1,2,9,0,0,0,5,1,1,0,25,0,22,3,99,314,0,0,0,0,0,25,0,0,-1,-1,-1,-1,0,0,0,0,0,0,-1,0,0,-1,-1,-1,-1,0,0,0,0,0,0,-1,0,30,0,30,0,0,30,30,0,30,1,1,0,0,0,-1,608011156
1,1,-1,2,9,0,1,0,3,2,3,0,25,1,0,-1,-1,-1,0,0,0,0,0,-1,0,0,-1,-1,-1,-1,0,0,0,0,0,0,-1,0,0,-1,-1,-1,-1,0,0,0,0,0,0,-1,0,0,0,0,0,0,0,0,0,0,12,0,0,0,12,2,608011156
1,1,-1,2,9,0,1,0,3,2,3,0,25,1,22,1,336,302,0,0,1,0,1,25,1,0,-1,-1,-1,-1,0,0,0,0,0,0,-1,0,0,-1,-1,-1,-1,0,0,0,0,0,0,-1,0,60,0,60,0,0,60,60,0,60,1,1,0,0,0,-1,608011156
1,1,-1,2,9,0,1,0,5,1,1,0,25,1,22,1,314,312,0,0,1,0,0,25,1,0,-1,-1,-1,-1,0,0,0,0,0,0,-1,0,0,-1,-1,-1,-1,0,0,0,0,0,0,-1,0,90,0,90,0,0,90,90,0,90,1,1,0,0,0,-1,608011156
1,1,-1,2,9,0,1,0,5,1,2,0,25,1,22,1,314,302,0,0,1,0,0,25,1,0,-1,-1,-1,-1,0,0,0,0,0,0,-1,0,0,-1,-1,-1,-1,0,0,0,0,0,0,-1,0,180,0,180,0,0,180,180,0,180,1,1,0,0,0,-1,608011156
1,1,-1,2,9,0,1,0,5,1,3,0,25,1,22,3,434,422,0,0,1,0,1,25,1,0,-1,-1,-1,-1,0,0,0,0,0,0,-1,0,0,-1,-1,-1,-1,0,0,0,0,0,0,-1,0,30,0,30,0,0,30,30,7,60,1,1,0,0,0,-1,608011156
1,1,-1,2,9,0,1,0,5,2,1,0,25,1,22,1,421,410,0,0,1,0,0,25,1,0,-1,-1,-1,-1,0,0,0,0,0,0,-1,0,0,-1,-1,-1,-1,0,0,0,0,0,0,-1,0,60,0,60,0,0,60,60,0,60,1,1,0,0,0,-1,608011156
1,1,-1,2,9,0,1,0,5,2,2,0,25,0,22,1,101,314,0,0,1,0,0,25,0,0,-1,-1,-1,-1,0,0,0,0,0,0,-1,0,0,-1,-1,-1,-1,0,0,0,0,0,0,-1,0,90,0,90,0,0,90,90,0,90,1,1,0,0,0,-1,608011156
1,1,-1,2,9,0,1,0,5,2,3,0,25,1,22,1,434,434,0,0,1,0,1,25,1,0,-1,-1,-1,-1,0,0,0,0,0,0,-1,0,0,-1,-1,-1,-1,0,0,0,0,0,0,-1,0,180,0,180,0,0,180,180,0,180,1,1,0,0,0,-1,608011156
1,1,-1,2,9,0,1,0,15,2,3,0,25,1,22,3,335,431,0,0,1,0,1,25,1,0,-1,-1,-1,-1,0,0,0,0,0,0,-1,0,0,-1,-1,-1,-1,0,0,0,0,0,0,-1,0,180,0,180,0,0,180,180,180,365,1,1,0,0,22,1,608011156
1,1,-1,2,9,0,1,0,17,1,3,0,25,1,22,1,336,99,0,0,1,0,1,25,1,0,-1,-1,-1,-1,0,0,0,0,0,0,-1,0,0,-1,-1,-1,-1,0,0,0,0,0,0,-1,0,60,0,60,0,0,60,60,0,60,1,1,0,0,0,-1,608011156
1,1,-1,2,9,0,1,1,3,1,2,0,25,1,22,1,98,99,0,0,1,1,0,25,1,21,1,1,101,-1,30,0,0,1,1,0,25,1,0,-1,-1,-1,-1,0,0,0,0,0,0,-1,0,60,0,60,7,180,365,60,60,180,5,1,1,0,0,-1,608011156
1,1,-1,2,9,0,1,1,124,1,2,0,25,1,22,1,116,410,0,0,1,1,0,25,1,0,-1,-1,-1,-1,0,0,0,0,0,0,-1,0,0,-1,-1,-1,-1,0,0,0,0,0,0,-1,0,30,0,30,0,0,30,30,30,60,1,1,0,0,0,-1,608011156
1,1,-1,2,9,0,1,1,167,1,2,0,25,1,0,-1,-1,-1,0,0,0,0,0,-1,0,0,-1,-1,-1,-1,0,0,0,0,0,0,-1,0,0,-1,-1,-1,-1,0,0,0,0,0,0,-1,0,0,0,0,0,0,0,0,180,180,12,0,0,0,22,1,608011156
1,1,-1,2,9,0,1,2,5,2,3,0,25,1,21,1,116,-1,0,0,1,2,1,25,1,0,-1,-1,-1,-1,0,0,0,0,0,0,-1,0,0,-1,-1,-1,-1,0,0,0,0,0,0,-1,0,180,0,180,0,0,180,180,90,180,1,1,0,0,0,-1,608011156
1,1,-1,2,9,0,1,2,35,1,3,0,25,1,22,1,410,314,0,0,1,2,1,25,1,0,-1,-1,-1,-1,0,0,0,0,0,0,-1,0,0,-1,-1,-1,-1,0,0,0,0,0,0,-1,0,30,0,30,0,0,30,30,0,30,1,1,0,0,0,-1,608011156
1,1,-1,2,9,0,1,2,56,1,1,0,18,1,0,-1,-1,-1,0,0,0,0,0,-1,0,0,-1,-1,-1,-1,0,0,0,0,0,0,-1,0,0,-1,-1,-1,-1,0,0,0,0,0,0,-1,0,0,0,0,0,0,0,0,0,0,12,0,0,0,12,0,608011156
1,1,-1,2,9,0,1,2,236,2,2,0,25,1,0,-1,-1,-1,0,0,0,0,0,-1,0,22,1,1,101,423,90,0,0,1,2,0,25,1,0,-1,-1,-1,-1,0,0,0,0,0,0,-1,0,0,0,0,90,30,90,90,180,365,4,0,1,0,0,-1,608011156
1,1,-1,2,9,1,1,0,3,2,2,0,25,1,0,-1,-1,-1,0,0,0,0,0,-1,0,21,1,1,101,-1,60,0,1,1,0,0,25,1,0,-1,-1,-1,-1,0,0,0,0,0,0,-1,0,0,0,0,60,365,365,60,30,60,4,0,1,0,0,-1,608011156
1,1,-1,2,9,1,1,1,5,1,3,0,25,1,0,-1,-1,-1,0,0,0,0,0,-1,0,21,1,3,118,-1,60,0,1,1,1,1,25,1,0,-1,-1,-1,-1,0,0,0,0,0,0,-1,0,0,0,0,60,365,365,60,30,60,4,0,1,0,0,-1,608011156
1,1,-1,2,9,1,1,1,5,2,2,0,25,1,0,-1,-1,-1,0,0,0,0,0,-1,0,21,1,3,101,-1,30,0,1,1,1,0,25,1,0,-1,-1,-1,-1,0,0,0,0,0,0,-1,0,0,0,0,30,180,180,30,60,60,4,0,1,0,0,-1,608011156
1,1,-1,3,0,0,0,0,2,0,1,0,-1,0,22,1,335,215,0,0,0,0,0,-1,0,0,-1,-1,-1,-1,0,0,0,0,0,0,-1,0,0,-1,-1,-1,-1,0,0,0,0,0,0,-1,0,0,90,90,0,0,90,90,0,90,2,1,0,0,0,-1,608011156
1,1,-1,3,0,0,0,0,5,0,1,0,-1,0,22,1,101,225,0,0,0,0,0,-1,0,0,-1,-1,-1,-1,0,0,0,0,0,0,-1,0,0,-1,-1,-1,-1,0,0,0,0,0,0,-1,0,0,60,60,0,0,60,60,0,60,2,1,0,0,0,-1,608011156
1,1,-1,3,0,0,0,0,5,0,1,0,-1,0,22,1,101,422,0,0,0,0,0,-1,0,0,-1,-1,-1,-1,0,0,0,0,0,0,-1,0,0,-1,-1,-1,-1,0,0,0,0,0,0,-1,0,90,0,90,0,0,90,90,0,90,1,1,0,0,0,-1,608011156
1,1,-1,3,0,0,0,0,5,0,1,0,-1,0,22,1,215,215,0,0,0,0,0,-1,0,0,-1,-1,-1,-1,0,0,0,0,0,0,-1,0,0,-1,-1,-1,-1,0,0,0,0,0,0,-1,0,0,365,365,0,0,365,365,0,365,2,1,0,0,0,-1,608011156
1,1,-1,3,0,0,0,0,5,0,1,0,-1,0,22,1,335,101,0,0,0,0,0,-1,0,0,-1,-1,-1,-1,0,0,0,0,0,0,-1,0,0,-1,-1,-1,-1,0,0,0,0,0,0,-1,0,0,30,30,0,0,30,30,0,30,2,1,0,0,0,-1,608011156
1,1,-1,3,0,0,0,0,5,0,1,0,-1,0,22,1,335,423,0,0,0,0,0,-1,0,0,-1,-1,-1,-1,0,0,0,0,0,0,-1,0,0,-1,-1,-1,-1,0,0,0,0,0,0,-1,0,30,0,30,0,0,30,30,0,30,1,1,0,0,0,-1,608011156
1,1,-1,3,0,0,0,0,5,0,1,0,-1,0,22,3,98,99,0,0,0,0,0,-1,0,0,-1,-1,-1,-1,0,0,0,0,0,0,-1,0,0,-1,-1,-1,-1,0,0,0,0,0,0,-1,0,30,0,30,0,0,30,30,0,30,1,1,0,0,0,-1,608011156
1,1,-1,3,0,0,0,0,5,0,1,0,-1,0,22,3,118,99,0,0,0,0,0,-1,0,0,-1,-1,-1,-1,0,0,0,0,0,0,-1,0,0,-1,-1,-1,-1,0,0,0,0,0,0,-1,0,90,0,90,0,0,90,90,0,90,1,1,0,0,0,-1,608011156
1,1,-1,3,0,0,0,0,26,0,1,0,-1,0,22,3,118,99,0,0,0,0,0,-1,0,0,-1,-1,-1,-1,0,0,0,0,0,0,-1,0,0,-1,-1,-1,-1,0,0,0,0,0,0,-1,0,180,0,180,0,0,180,180,0,180,1,1,0,0,0,-1,608011156
1,1,-1,3,0,0,0,0,47,0,1,0,-1,0,22,3,335,422,0,0,0,0,0,-1,0,0,-1,-1,-1,-1,0,0,0,0,0,0,-1,0,0,-1,-1,-1,-1,0,0,0,0,0,0,-1,0,60,0,60,0,0,60,60,7,60,1,1,0,0,0,-1,608011156
1,1,-1,3,0,0,0,1,5,0,1,0,-1,0,0,-1,-1,-1,0,0,0,0,0,-1,0,21,1,3,116,-1,30,0,0,0,1,0,-1,0,0,-1,-1,-1,-1,0,0,0,0,0,0,-1,0,0,0,0,30,365,365,30,60,60,4,0,1,0,0,-1,608011156
1,1,-1,3,0,0,0,1,356,0,1,0,-1,0,22,3,314,116,0,0,0,1,0,-1,0,0,-1,-1,-1,-1,0,0,0,0,0,0,-1,0,0,-1,-1,-1,-1,0,0,0,0,0,0,-1,0,30,0,30,0,0,30,30,0,30,1,1,0,0,0,-1,608011156
1,1,-1,3,0,0,0,2,5,0,1,0,-1,0,22,1,336,312,0,0,0,2,0,-1,0,0,-1,-1,-1,-1,0,0,0,0,0,0,-1,0,0,-1,-1,-1,-1,0,0,0,0,0,0,-1,0,365,0,365,0,0,365,365,0,365,1,1,0,0,0,-1,608011156
1,1,-1,3,0,0,0,2,5,0,1,0,-1,0,22,3,336,312,0,0,0,2,0,-1,0,0,-1,-1,-1,-1,0,0,0,0,0,0,-1,0,0,-1,-1,-1,-1,0,0,0,0,0,0,-1,0,30,0,30,0,0,30,30,0,30,1,1,0,0,0,-1,608011156
1,1,-1,3,0,0,0,2,35,0,2,0,-1,1,22,1,314,314,0,0,0,2,0,-1,1,0,-1,-1,-1,-1,0,0,0,0,0,0,-1,0,0,-1,-1,-1,-1,0,0,0,0,0,0,-1,0,30,0,30,0,0,30,30,7,30,1,1,0,0,0,-1,608011156
1,1,-1,3,0,0,1,0,2,0,1,0,-1,0,21,3,336,-1,0,0,1,0,0,-1,0,0,-1,-1,-1,-1,0,0,0,0,0,0,-1,0,0,-1,-1,-1,-1,0,0,0,0,0,0,-1,0,90,0,90,0,0,90,90,7,90,1,1,0,0,0,-1,608011156
1,1,-1,3,0,0,1,0,3,0,1,0,-1,0,22,1,101,98,0,0,1,0,0,-1,0,0,-1,-1,-1,-1,0,0,0,0,0,0,-1,0,0,-1,-1,-1,-1,0,0,0,0,0,0,-1,0,0,30,30,0,0,30,30,0,30,2,1,0,0,0,-1,608011156
1,1,-1,3,0,0,1,0,3,0,1,0,-1,0,22,1,336,99,0,0,1,0,0,-1,0,0,-1,-1,-1,-1,0,0,0,0,0,0,-1,0,0,-1,-1,-1,-1,0,0,0,0,0,0,-1,0,30,0,30,0,0,30,30,365,365,1,1,0,0,0,-1,608011156
1,1,-1,3,0,0,1,0,5,0,1,0,-1,0,0,-1,-1,-1,0,0,0,0,0,-1,0,22,1,3,410,420,30,0,0,1,0,0,-1,0,0,-1,-1,-1,-1,0,0,0,0,0,0,-1,0,0,0,0,30,180,180,30,0,30,4,0,1,0,0,-1,608011156
1,1,-1,3,0,0,1,0,5,0,1,0,-1,0,21,3,336,-1,0,0,1,0,0,-1,0,0,-1,-1,-1,-1,0,0,0,0,0,0,-1,0,0,-1,-1,-1,-1,0,0,0,0,0,0,-1,0,90,0,90,0,0,90,90,30,90,1,1,0,0,0,-1,608011156
1,1,-1,3,0,0,1,0,5,0,1,0,-1,0,22,1,101,329,0,0,1,0,0,-1,0,0,-1,-1,-1,-1,0,0,0,0,0,0,-1,0,0,-1,-1,-1,-1,0,0,0,0,0,0,-1,0,60,0,60,0,0,60,60,7,60,1,1,0,0,0,-1,608011156
1,1,-1,3,0,0,1,0,5,0,1,0,-1,0,22,1,118,99,0,0,1,0,0,-1,0,0,-1,-1,-1,-1,0,0,0,0,0,0,-1,0,0,-1,-1,-1,-1,0,0,0,0,0,0,-1,0,30,0,30,0,0,30,30,0,30,1,1,0,0,0,-1,608011156
1,1,-1,3,0,0,1,0,5,0,1,0,-1,0,22,1,206,99,0,0,1,0,0,-1,0,0,-1,-1,-1,-1,0,0,0,0,0,0,-1,0,0,-1,-1,-1,-1,0,0,0,0,0,0,-1,0,30,0,30,0,0,30,30,730,730,1,1,0,0,0,-1,608011156
1,1,-1,3,0,0,1,0,5,0,1,0,-1,0,22,1,335,422,0,0,1,0,0,-1,0,0,-1,-1,-1,-1,0,0,0,0,0,0,-1,0,0,-1,-1,-1,-1,0,0,0,0,0,0,-1,0,0,30,30,0,0,30,30,0,30,2,1,0,0,0,-1,608011156
1,1,-1,3,0,0,1,0,15,0,1,0,-1,0,0,-1,-1,-1,0,0,0,0,0,-1,0,21,1,3,101,-1,7,0,0,1,0,0,-1,0,0,-1,-1,-1,-1,0,0,0,0,0,0,-1,0,0,0,0,7,180,180,7,60,60,4,0,1,0,0,-1,608011156
1,1,-1,3,0,0,1,0,236,0,1,0,-1,0,22,1,336,313,0,0,1,0,0,-1,0,0,-1,-1,-1,-1,0,0,0,0,0,0,-1,0,0,-1,-1,-1,-1,0,0,0,0,0,0,-1,0,60,0,60,0,0,60,60,0,60,1,1,0,0,0,-1,608011156
1,1,-1,3,0,0,1,1,5,0,1,0,-1,0,22,1,204,302,0,0,1,1,0,-1,0,0,-1,-1,-1,-1,0,0,0,0,0,0,-1,0,0,-1,-1,-1,-1,0,0,0,0,0,0,-1,0,60,0,60,0,0,60,60,180,180,1,1,0,0,0,-1,608011156
1,1,-1,3,0,0,1,1,25,0,1,0,-1,0,0,-1,-1,-1,0,0,0,0,0,-1,0,21,0,3,336,-1,180,0,0,1,1,0,-1,0,0,-1,-1,-1,-1,0,0,0,0,0,0,-1,0,0,0,0,180,0,180,180,0,180,4,0,0,0,0,-1,608011156
1,1,-1,3,0,0,1,2,5,0,1,0,-1,0,22,1,101,423,0,0,1,2,0,-1,0,0,-1,-1,-1,-1,0,0,0,0,0,0,-1,0,0,-1,-1,-1,-1,0,0,0,0,0,0,-1,0,90,0,90,0,0,90,90,7,90,1,1,0,0,0,-1,608011156
1,1,-1,3,0,0,1,2,5,0,1,0,-1,0,22,3,336,313,0,0,1,2,0,-1,0,0,-1,-1,-1,-1,0,0,0,0,0,0,-1,0,0,-1,-1,-1,-1,0,0,0,0,0,0,-1,0,30,0,30,0,0,30,30,0,30,1,1,0,0,0,-1,608011156
1,1,-1,3,0,0,1,2,36,0,1,0,-1,0,22,1,336,313,0,0,1,2,0,-1,0,0,-1,-1,-1,-1,0,0,0,0,0,0,-1,0,0,-1,-1,-1,-1,0,0,0,0,0,0,-1,0,30,0,30,0,0,30,30,0,30,1,1,0,0,0,-1,608011156
1,1,-1,3,1,0,1,0,1,0,2,0,-1,0,0,-1,-1,-1,0,0,0,0,0,-1,0,21,1,3,116,-1,7,1,0,1,0,0,-1,0,0,-1,-1,-1,-1,0,0,0,0,0,0,-1,0,0,0,0,7,365,365,7,180,180,4,0,1,0,0,-1,608011156
1,1,-1,3,1,0,1,0,5,0,1,0,-1,0,22,1,335,422,1,0,1,0,0,-1,0,0,-1,-1,-1,-1,0,0,0,0,0,0,-1,0,0,-1,-1,-1,-1,0,0,0,0,0,0,-1,0,0,30,30,0,0,30,30,0,30,2,1,0,0,0,-1,608011156
1,1,-1,3,1,0,1,0,35,0,1,0,-1,0,22,1,206,99,1,0,1,0,0,-1,0,0,-1,-1,-1,-1,0,0,0,0,0,0,-1,0,0,-1,-1,-1,-1,0,0,0,0,0,0,-1,0,0,180,180,0,0,180,180,0,180,2,1,0,0,0,-1,608011156
1,1,-1,3,1,0,1,0,47,0,1,0,-1,0,22,1,215,99,1,0,1,0,0,-1,0,0,-1,-1,-1,-1,0,0,0,0,0,0,-1,0,0,-1,-1,-1,-1,0,0,0,0,0,0,-1,0,0,60,60,0,0,60,60,0,60,2,1,0,0,0,-1,608011156
1,1,-1,3,9,0,1,0,35,0,1,0,-1,0,22,1,207,215,0,0,1,0,0,-1,0,0,-1,-1,-1,-1,0,0,0,0,0,0,-1,0,0,-1,-1,-1,-1,0,0,0,0,0,0,-1,0,0,60,60,0,0,60,60,0,60,2,1,0,0,0,-1,608011156
1,1,-1,3,9,0,1,0,56,0,1,0,-1,0,22,1,206,99,0,0,1,0,0,-1,0,0,-1,-1,-1,-1,0,0,0,0,0,0,-1,0,0,-1,-1,-1,-1,0,0,0,0,0,0,-1,0,0,30,30,0,0,30,30,0,30,2,1,0,0,0,-1,608011156
1,1,-1,3,9,0,1,0,347,0,1,0,-1,0,22,1,204,98,0,0,1,0,0,-1,0,0,-1,-1,-1,-1,0,0,0,0,0,0,-1,0,0,-1,-1,-1,-1,0,0,0,0,0,0,-1,0,0,30,30,0,0,30,30,0,30,2,1,0,0,0,-1,608011156
1,1,-1,99,0,0,0,0,1,0,0,1,-1,0,22,1,101,422,0,0,0,0,0,-1,0,0,-1,-1,-1,-1,0,0,0,0,0,0,-1,0,0,-1,-1,-1,-1,0,0,0,0,0,0,-1,0,30,0,30,0,0,30,30,0,30,1,1,0,0,0,-1,608011156
1,1,-1,99,0,0,0,0,5,0,0,1,-1,0,22,1,207,314,0,0,0,0,0,-1,0,0,-1,-1,-1,-1,0,0,0,0,0,0,-1,0,0,-1,-1,-1,-1,0,0,0,0,0,0,-1,0,60,0,60,0,0,60,60,0,60,1,1,0,0,0,-1,608011156
1,1,-1,99,0,0,0,0,5,0,0,1,-1,0,22,1,314,314,0,0,0,0,0,-1,0,0,-1,-1,-1,-1,0,0,0,0,0,0,-1,0,0,-1,-1,-1,-1,0,0,0,0,0,0,-1,0,60,0,60,0,0,60,60,180,365,1,1,0,0,0,-1,608011156
1,1,-1,99,0,0,0,0,36,0,2,1,-1,1,22,1,335,313,0,0,0,0,0,-1,1,0,-1,-1,-1,-1,0,0,0,0,0,0,-1,0,0,-1,-1,-1,-1,0,0,0,0,0,0,-1,0,90,0,90,0,0,90,90,365,365,1,1,0,0,0,-1,608011156
1,1,-1,99,0,0,0,0,123,0,0,1,-1,0,22,1,116,99,0,0,0,0,0,-1,0,0,-1,-1,-1,-1,0,0,0,0,0,0,-1,0,0,-1,-1,-1,-1,0,0,0,0,0,0,-1,0,30,0,30,0,0,30,30,7,30,1,1,0,0,0,-1,608011156
1,1,-1,99,0,0,0,1,5,1,0,1,-1,1,22,1,314,99,0,0,0,1,0,-1,1,0,-1,-1,-1,-1,0,0,0,0,0,0,-1,0,0,-1,-1,-1,-1,0,0,0,0,0,0,-1,0,90,0,90,0,0,90,90,365,547,1,1,0,0,0,-1,608011156
1,1,-1,99,0,0,1,0,56,0,0,1,-1,0,22,1,205,410,0,0,1,0,0,-1,0,0,-1,-1,-1,-1,0,0,0,0,0,0,-1,0,0,-1,-1,-1,-1,0,0,0,0,0,0,-1,0,30,0,30,0,0,30,30,7,60,1,1,0,0,0,-1,608011156
1,1,-1,99,1,0,1,0,67,0,0,1,-1,0,22,1,335,99,1,0,1,0,0,-1,0,0,-1,-1,-1,-1,0,0,0,0,0,0,-1,0,0,-1,-1,-1,-1,0,0,0,0,0,0,-1,0,30,0,30,0,0,30,30,7,30,1,1,0,0,0,-1,608011156
1,1,-1,99,4,0,0,2,5,0,0,1,-1,0,22,1,101,313,0,0,0,2,0,-1,0,0,-1,-1,-1,-1,0,0,0,0,0,0,-1,0,0,-1,-1,-1,-1,0,0,0,0,0,0,-1,0,365,0,365,0,0,365,365,1094,1094,1,1,0,0,0,-1,608011156
1,1,-1,99,9,0,0,0,35,1,0,1,-1,1,21,1,99,-1,0,0,0,0,0,-1,1,0,-1,-1,-1,-1,0,0,0,0,0,0,-1,0,0,-1,-1,-1,-1,0,0,0,0,0,0,-1,0,365,0,365,0,0,365,365,0,365,1,1,0,0,0,-1,608011156
1,1,-1,99,9,0,1,0,346,0,0,1,-1,0,21,3,99,-1,0,0,1,0,0,-1,0,0,-1,-1,-1,-1,0,0,0,0,0,0,-1,0,0,-1,-1,-1,-1,0,0,0,0,0,0,-1,0,90,0,90,0,0,90,90,60,180,1,1,0,0,0,-1,608011156
1,1,-1,99,9,0,1,2,5,1,0,1,-1,1,21,3,336,-1,0,0,1,2,0,-1,1,0,-1,-1,-1,-1,0,0,0,0,0,0,-1,0,0,-1,-1,-1,-1,0,0,0,0,0,0,-1,0,365,0,365,0,0,365,365,0,365,1,1,0,0,0,-1,608011156
1,2,30,1,1,0,1,0,3,1,0,0,25,0,22,1,336,423,1,0,1,0,0,25,0,0,-1,-1,-1,-1,0,0,0,0,0,0,-1,0,0,-1,-1,-1,-1,0,0,0,0,0,0,-1,0,30,0,30,0,0,30,30,0,30,1,1,0,0,0,-1,608011156
1,2,30,1,1,0,1,0,5,1,0,0,25,0,22,3,101,410,1,0,1,0,0,25,0,0,-1,-1,-1,-1,0,0,0,0,0,0,-1,0,0,-1,-1,-1,-1,0,0,0,0,0,0,-1,0,60,0,60,0,0,60,60,365,365,1,1,0,0,22,0,608011156
1,2,60,1,0,0,0,2,56,1,0,0,55,0,22,1,335,423,0,0,0,2,0,55,0,0,-1,-1,-1,-1,0,0,0,0,0,0,-1,0,0,-1,-1,-1,-1,0,0,0,0,0,0,-1,0,90,0,90,0,0,90,90,7,90,1,1,0,0,0,-1,608011156
1,2,60,1,1,0,1,0,6,1,0,0,25,0,22,1,116,314,1,0,1,0,0,25,0,0,-1,-1,-1,-1,0,0,0,0,0,0,-1,0,0,-1,-1,-1,-1,0,0,0,0,0,0,-1,0,60,0,60,0,0,60,60,547,547,1,1,0,0,0,-1,608011156
1,2,60,1,1,0,1,1,46,1,0,0,25,0,0,-1,-1,-1,0,0,0,0,0,-1,0,22,0,2,206,24,60,1,0,1,1,0,25,0,0,-1,-1,-1,-1,0,0,0,0,0,0,-1,0,0,0,0,60,0,60,60,60,180,4,0,0,0,0,-1,608011156
1,2,60,1,1,0,1,2,5,1,0,0,25,0,22,1,116,116,1,0,1,2,0,25,0,22,0,1,116,116,30,1,0,1,2,0,25,0,0,-1,-1,-1,-1,0,0,0,0,0,0,-1,0,90,0,90,30,0,180,180,365,547,5,1,0,0,0,-1,608011156
1,2,60,1,4,0,0,0,3,1,0,0,25,0,22,1,336,423,0,0,0,0,0,25,0,0,-1,-1,-1,-1,0,0,0,0,0,0,-1,0,0,-1,-1,-1,-1,0,0,0,0,0,0,-1,0,180,0,180,0,0,180,180,0,180,1,1,0,0,0,-1,608011156
1,2,60,1,4,0,0,0,3,1,0,0,25,0,22,3,101,207,0,0,0,0,0,25,0,0,-1,-1,-1,-1,0,0,0,0,0,0,-1,0,0,-1,-1,-1,-1,0,0,0,0,0,0,-1,0,60,0,60,0,0,60,60,730,730,1,1,0,0,0,-1,608011156
1,2,60,1,5,0,1,2,5,1,0,0,25,0,22,1,116,423,0,0,1,2,0,25,0,0,-1,-1,-1,-1,0,0,0,0,0,0,-1,0,0,-1,-1,-1,-1,0,0,0,0,0,0,-1,0,90,0,90,0,0,90,90,365,365,1,1,0,0,0,-1,608011156
1,2,60,1,9,0,1,2,5,1,0,0,25,0,2,-1,-1,-1,0,0,0,0,0,-1,0,0,-1,-1,-1,-1,0,0,0,0,0,0,-1,0,0,-1,-1,-1,-1,0,0,0,0,0,0,-1,0,30,0,30,0,0,30,30,0,30,1,0,0,0,12,2,608011156
1,2,90,1,0,0,1,0,56,1,0,0,25,0,22,3,410,410,0,0,1,0,0,25,0,0,-1,-1,-1,-1,0,0,0,0,0,0,-1,0,0,-1,-1,-1,-1,0,0,0,0,0,0,-1,0,90,0,90,0,0,90,90,365,547,1,1,0,0,0,-1,608011156
1,2,90,1,1,0,1,0,5,1,0,0,25,0,22,1,336,101,1,0,1,0,0,25,0,0,-1,-1,-1,-1,0,0,0,0,0,0,-1,0,0,-1,-1,-1,-1,0,0,0,0,0,0,-1,0,90,0,90,0,0,90,90,30,90,1,1,0,0,0,-1,608011156
1,2,90,1,1,0,1,0,5,2,0,0,25,0,22,1,101,101,1,0,1,0,0,25,0,0,-1,-1,-1,-1,0,0,0,0,0,0,-1,0,0,-1,-1,-1,-1,0,0,0,0,0,0,-1,0,60,0,60,0,0,60,60,365,365,1,1,0,0,0,-1,608011156
1,2,90,1,4,0,0,1,5,1,0,0,25,0,22,1,336,314,0,0,0,1,0,25,0,0,-1,-1,-1,-1,0,0,0,0,0,0,-1,0,0,-1,-1,-1,-1,0,0,0,0,0,0,-1,0,180,0,180,0,0,180,180,0,180,1,1,0,0,0,-1,608011156
1,2,90,1,4,0,0,2,5,1,0,0,25,0,0,-1,-1,-1,0,0,0,0,0,-1,0,22,0,1,101,99,180,0,0,0,2,0,25,0,0,-1,-1,-1,-1,0,0,0,0,0,0,-1,0,0,0,0,180,0,180,180,60,365,4,0,0,0,0,-1,608011156
1,2,180,1,0,0,0,0,3,1,0,0,55,0,22,1,335,410,0,0,0,0,0,55,0,0,-1,-1,-1,-1,0,0,0,0,0,0,-1,0,0,-1,-1,-1,-1,0,0,0,0,0,0,-1,0,90,0,90,0,0,90,90,7,90,1,1,0,0,0,-1,608011156
1,2,180,1,0,0,0,0,6,1,0,0,55,0,22,1,101,434,0,0,0,0,0,55,0,0,-1,-1,-1,-1,0,0,0,0,0,0,-1,0,0,-1,-1,-1,-1,0,0,0,0,0,0,-1,0,90,0,90,0,0,90,90,0,90,1,1,0,0,0,-1,608011156
1,2,180,1,0,0,0,0,56,1,0,0,25,0,22,3,101,410,0,0,0,0,0,25,0,0,-1,-1,-1,-1,0,0,0,0,0,0,-1,0,0,-1,-1,-1,-1,0,0,0,0,0,0,-1,0,60,0,60,0,0,60,60,180,365,1,1,0,0,21,0,608011156
1,2,180,1,0,0,0,0,57,1,0,0,25,0,22,3,336,207,0,0,0,0,0,25,0,0,-1,-1,-1,-1,0,0,0,0,0,0,-1,0,0,-1,-1,-1,-1,0,0,0,0,0,0,-1,0,30,0,30,0,0,30,30,60,60,1,1,0,0,0,-1,608011156
1,2,180,1,0,0,0,0,257,1,0,0,25,0,22,1,336,99,0,0,0,0,0,25,0,21,1,1,101,-1,60,0,0,0,0,0,25,0,0,-1,-1,-1,-1,0,0,0,0,0,0,-1,0,90,0,90,60,180,365,180,180,365,5,1,1,0,0,-1,608011156
1,2,180,1,0,0,0,1,567,1,0,0,25,0,22,1,206,99,0,0,0,1,0,25,0,0,-1,-1,-1,-1,0,0,0,0,0,0,-1,0,0,-1,-1,-1,-1,0,0,0,0,0,0,-1,0,30,0,30,0,0,30,30,7,30,1,1,0,0,0,-1,608011156
1,2,180,1,0,0,1,0,5,1,0,0,25,0,22,1,431,431,0,0,1,0,0,25,0,0,-1,-1,-1,-1,0,0,0,0,0,0,-1,0,0,-1,-1,-1,-1,0,0,0,0,0,0,-1,0,30,0,30,0,0,30,30,7,30,1,1,0,0,0,-1,608011156
1,2,180,1,0,0,1,0,5,1,0,0,55,0,22,1,101,314,0,0,1,0,0,55,0,0,-1,-1,-1,-1,0,0,0,0,0,0,-1,0,0,-1,-1,-1,-1,0,0,0,0,0,0,-1,0,60,0,60,0,0,60,60,30,90,1,1,0,0,0,-1,608011156
1,2,180,1,0,0,1,0,25,1,0,0,55,0,22,3,116,302,0,0,1,0,0,55,0,0,-1,-1,-1,-1,0,0,0,0,0,0,-1,0,0,-1,-1,-1,-1,0,0,0,0,0,0,-1,0,60,0,60,0,0,60,60,180,365,1,1,0,0,0,-1,608011156
1,2,180,1,0,0,1,0,124,1,0,0,55,0,22,1,336,98,0,0,1,0,0,55,0,0,-1,-1,-1,-1,0,0,0,0,0,0,-1,0,0,-1,-1,-1,-1,0,0,0,0,0,0,-1,0,60,0,60,0,0,60,60,7,60,1,1,0,0,0,-1,608011156
1,2,180,1,0,0,1,2,16,1,0,0,25,0,22,1,116,410,0,0,1,2,0,25,0,0,-1,-1,-1,-1,0,0,0,0,0,0,-1,0,0,-1,-1,-1,-1,0,0,0,0,0,0,-1,0,30,0,30,0,0,30,30,180,180,1,1,0,0,0,-1,608011156
1,2,180,1,0,0,1,2,56,1,0,0,55,0,22,3,302,313,0,0,1,2,0,55,0,0,-1,-1,-1,-1,0,0,0,0,0,0,-1,0,0,-1,-1,-1,-1,0,0,0,0,0,0,-1,0,90,0,90,0,0,90,90,90,180,1,1,0,0,0,-1,608011156
1,2,180,1,0,1,1,0,5,1,0,0,55,0,0,-1,-1,-1,0,0,0,0,0,-1,0,22,1,1,101,410,7,0,1,1,0,0,55,0,0,-1,-1,-1,-1,0,0,0,0,0,0,-1,0,0,0,0,7,180,180,7,30,30,4,0,1,0,0,-1,608011156
1,2,180,1,1,0,1,0,5,1,0,0,25,0,0,-1,-1,-1,0,0,0,0,0,-1,0,22,1,1,101,440,60,1,0,1,0,0,25,0,0,-1,-1,-1,-1,0,0,0,0,0,0,-1,0,0,0,0,60,30,60,60,180,365,4,0,1,0,0,-1,608011156
1,2,180,1,1,0,1,0,5,1,0,0,55,0,22,1,101,312,1,0,1,0,0,55,0,22,0,1,116,313,90,1,0,1,0,0,55,0,0,-1,-1,-1,-1,0,0,0,0,0,0,-1,0,60,0,60,90,0,180,180,365,547,5,1,0,0,0,-1,608011156
1,2,180,1,1,0,1,0,5,1,0,0,55,0,22,1,116,312,1,0,1,0,0,55,0,0,-1,-1,-1,-1,0,0,0,0,0,0,-1,0,0,-1,-1,-1,-1,0,0,0,0,0,0,-1,0,30,0,30,0,0,30,30,1095,1095,1,1,0,0,0,-1,608011156
1,2,180,1,1,0,1,0,56,1,0,0,55,0,22,1,116,422,1,0,1,0,0,55,0,0,-1,-1,-1,-1,0,0,0,0,0,0,-1,0,0,-1,-1,-1,-1,0,0,0,0,0,0,-1,0,180,0,180,0,0,180,180,1095,1095,1,1,0,0,0,-1,608011156
1,2,180,1,1,0,1,2,4,1,0,0,25,0,22,1,314,314,1,0,1,2,0,25,0,0,-1,-1,-1,-1,0,0,0,0,0,0,-1,0,0,-1,-1,-1,-1,0,0,0,0,0,0,-1,0,180,0,180,0,0,180,180,365,547,1,1,0,0,0,-1,608011156
1,2,180,1,1,0,1,2,5,1,0,0,25,0,0,-1,-1,-1,0,0,0,0,0,-1,0,0,-1,-1,-1,-1,0,0,0,0,0,0,-1,0,0,-1,-1,-1,-1,0,0,0,0,0,0,-1,0,0,0,0,0,0,0,0,7,7,12,0,0,0,12,2,608011156
1,2,180,1,1,0,1,2,5,1,0,0,55,0,22,1,206,99,1,0,1,2,0,55,0,21,1,1,116,-1,30,1,0,1,2,0,55,0,0,-1,-1,-1,-1,0,0,0,0,0,0,-1,0,60,0,60,30,180,365,60,1094,1094,5,1,1,0,0,-1,608011156
1,2,180,1,1,0,1,2,34,1,0,0,25,0,22,1,116,423,1,0,1,2,0,25,0,0,-1,-1,-1,-1,0,0,0,0,0,0,-1,0,0,-1,-1,-1,-1,0,0,0,0,0,0,-1,0,90,0,90,0,0,90,90,1095,1095,1,1,0,0,0,-1,608011156
1,2,180,1,1,1,1,0,5,1,0,0,25,0,22,1,336,99,1,1,1,0,0,25,0,22,0,2,116,99,180,1,1,1,0,0,25,0,0,-1,-1,-1,-1,0,0,0,0,0,0,-1,0,30,30,60,90,0,180,180,180,365,7,1,0,0,0,-1,608011156
1,2,180,1,2,1,1,0,3,1,0,0,55,0,22,1,101,419,0,1,1,0,0,55,0,22,1,1,101,419,0,0,1,1,0,0,55,0,21,1,1,101,-1,3,0,1,1,0,0,55,0,365,0,365,7,0,365,365,7,365,10,1,1,1,0,-1,608011156
1,2,180,1,4,0,0,0,5,1,0,0,25,0,22,1,335,410,0,0,0,0,0,25,0,0,-1,-1,-1,-1,0,0,0,0,0,0,-1,0,0,-1,-1,-1,-1,0,0,0,0,0,0,-1,0,365,0,365,0,0,365,365,7,365,1,1,0,0,0,-1,608011156
1,2,180,1,9,1,1,0,5,1,0,0,55,0,21,1,336,-1,0,1,1,0,0,55,0,0,-1,-1,-1,-1,0,0,0,0,0,0,-1,0,0,-1,-1,-1,-1,0,0,0,0,0,0,-1,0,60,365,365,0,0,365,365,30,365,3,1,0,0,0,-1,608011156
1,2,365,1,0,0,0,0,3,1,0,0,25,0,22,1,314,99,0,0,0,0,0,25,0,21,1,1,101,-1,180,0,0,0,0,0,25,0,0,-1,-1,-1,-1,0,0,0,0,0,0,-1,0,30,0,30,180,180,365,365,30,365,5,1,1,0,0,-1,608011156
1,2,365,1,0,0,0,0,3,1,0,0,25,0,22,1,336,423,0,0,0,0,0,25,0,0,-1,-1,-1,-1,0,0,0,0,0,0,-1,0,0,-1,-1,-1,-1,0,0,0,0,0,0,-1,0,30,0,30,0,0,30,30,365,365,1,1,0,0,0,-1,608011156
1,2,365,1,0,0,0,0,3,1,0,0,55,0,21,1,116,-1,0,0,0,0,0,55,0,0,-1,-1,-1,-1,0,0,0,0,0,0,-1,0,0,-1,-1,-1,-1,0,0,0,0,0,0,-1,0,90,0,90,0,0,90,90,7,90,1,1,0,0,0,-1,608011156
1,2,365,1,0,0,0,0,5,1,0,0,25,0,0,-1,-1,-1,0,0,0,0,0,-1,0,0,-1,-1,-1,-1,0,0,0,0,0,0,-1,0,0,-1,-1,-1,-1,0,0,0,0,0,0,-1,0,0,0,0,0,0,0,0,30,30,12,0,0,0,22,0,608011156
1,2,365,1,0,0,0,0,5,1,0,0,25,0,0,-1,-1,-1,0,0,0,0,0,-1,0,22,1,1,116,410,7,0,0,0,0,0,25,0,0,-1,-1,-1,-1,0,0,0,0,0,0,-1,0,0,0,0,7,365,365,7,30,30,4,0,1,0,0,-1,608011156
1,2,365,1,0,0,0,0,5,1,0,0,25,0,22,1,314,423,0,0,0,0,0,25,0,0,-1,-1,-1,-1,0,0,0,0,0,0,-1,0,0,-1,-1,-1,-1,0,0,0,0,0,0,-1,0,30,0,30,0,0,30,30,0,30,1,1,0,0,0,-1,608011156
1,2,365,1,0,0,0,0,5,1,0,0,55,0,22,1,101,422,0,0,0,0,0,55,0,0,-1,-1,-1,-1,0,0,0,0,0,0,-1,0,0,-1,-1,-1,-1,0,0,0,0,0,0,-1,0,60,0,60,0,0,60,60,90,180,1,1,0,0,0,-1,608011156
1,2,365,1,0,0,0,2,3,1,0,0,25,0,22,1,336,410,0,0,0,2,0,25,0,0,-1,-1,-1,-1,0,0,0,0,0,0,-1,0,0,-1,-1,-1,-1,0,0,0,0,0,0,-1,0,30,0,30,0,0,30,30,365,365,1,1,0,0,0,-1,608011156
1,2,365,1,0,0,1,0,3,1,0,0,25,0,22,1,101,116,0,0,1,0,0,25,0,22,1,1,101,410,7,0,0,1,0,0,25,0,0,-1,-1,-1,-1,0,0,0,0,0,0,-1,0,30,0,30,7,365,365,30,30,60,5,1,1,0,0,-1,608011156
1,2,365,1,0,0,1,0,3,1,0,0,25,0,22,1,101,423,0,0,1,0,0,25,0,0,-1,-1,-1,-1,0,0,0,0,0,0,-1,0,0,-1,-1,-1,-1,0,0,0,0,0,0,-1,0,90,0,90,0,0,90,90,0,90,1,1,0,0,0,-1,608011156
1,2,365,1,0,0,1,0,5,1,0,0,25,0,0,-1,-1,-1,0,0,0,0,0,-1,0,0,-1,-1,-1,-1,0,0,0,0,0,0,-1,0,0,-1,-1,-1,-1,0,0,0,0,0,0,-1,0,0,0,0,0,0,0,0,60,60,12,0,0,0,22,1,608011156
1,2,365,1,0,0,1,0,5,1,0,0,25,0,22,1,116,99,0,0,1,0,0,25,0,0,-1,-1,-1,-1,0,0,0,0,0,0,-1,0,0,-1,-1,-1,-1,0,0,0,0,0,0,-1,0,60,0,60,0,0,60,60,7,60,1,1,0,0,0,-1,608011156
1,2,365,1,0,0,1,0,5,1,0,0,25,0,22,3,335,410,0,0,1,0,0,25,0,0,-1,-1,-1,-1,0,0,0,0,0,0,-1,0,0,-1,-1,-1,-1,0,0,0,0,0,0,-1,0,90,0,90,0,0,90,90,0,90,1,1,0,0,22,1,608011156
1,2,365,1,0,0,1,0,5,1,0,0,55,0,22,1,410,423,0,0,1,0,0,55,0,0,-1,-1,-1,-1,0,0,0,0,0,0,-1,0,0,-1,-1,-1,-1,0,0,0,0,0,0,-1,0,30,0,30,0,0,30,30,365,365,1,1,0,0,0,-1,608011156
1,2,365,1,0,0,1,0,13,1,0,0,25,0,22,1,101,423,0,0,1,0,0,25,0,0,-1,-1,-1,-1,0,0,0,0,0,0,-1,0,0,-1,-1,-1,-1,0,0,0,0,0,0,-1,0,60,0,60,0,0,60,60,0,60,1,1,0,0,0,-1,608011156
1,2,365,1,0,0,1,0,15,1,0,0,25,0,22,1,116,314,0,0,1,0,0,25,0,0,-1,-1,-1,-1,0,0,0,0,0,0,-1,0,0,-1,-1,-1,-1,0,0,0,0,0,0,-1,0,90,0,90,0,0,90,90,90,180,1,1,0,0,0,-1,608011156
1,2,365,1,0,0,1,0,36,1,0,0,25,0,22,1,116,99,0,0,1,0,0,25,0,0,-1,-1,-1,-1,0,0,0,0,0,0,-1,0,0,-1,-1,-1,-1,0,0,0,0,0,0,-1,0,90,0,90,0,0,90,90,7,90,1,1,0,0,0,-1,608011156
1,2,365,1,0,0,1,0,56,1,0,0,25,0,22,1,410,98,0,0,1,0,0,25,0,0,-1,-1,-1,-1,0,0,0,0,0,0,-1,0,0,-1,-1,-1,-1,0,0,0,0,0,0,-1,0,60,0,60,0,0,60,60,0,60,1,1,0,0,0,-1,608011156
1,2,365,1,0,0,1,0,126,1,0,0,18,0,22,3,336,313,0,0,1,0,0,18,0,0,-1,-1,-1,-1,0,0,0,0,0,0,-1,0,0,-1,-1,-1,-1,0,0,0,0,0,0,-1,0,60,0,60,0,0,60,60,0,60,1,1,0,0,0,-1,608011156
1,2,365,1,0,0,1,0,356,1,0,0,25,0,21,1,101,-1,0,0,1,0,0,25,0,0,-1,-1,-1,-1,0,0,0,0,0,0,-1,0,0,-1,-1,-1,-1,0,0,0,0,0,0,-1,0,180,0,180,0,0,180,180,7,180,1,1,0,0,0,-1,608011156
1,2,365,1,0,0,1,1,5,1,0,0,24,0,22,1,335,423,0,0,1,1,0,24,0,0,-1,-1,-1,-1,0,0,0,0,0,0,-1,0,0,-1,-1,-1,-1,0,0,0,0,0,0,-1,0,60,0,60,0,0,60,60,0,60,1,1,0,0,0,-1,608011156
1,2,365,1,0,0,1,1,57,1,0,0,25,0,22,1,116,422,0,0,1,1,0,25,0,0,-1,-1,-1,-1,0,0,0,0,0,0,-1,0,0,-1,-1,-1,-1,0,0,0,0,0,0,-1,0,30,0,30,0,0,30,30,60,60,1,1,0,0,0,-1,608011156
1,2,365,1,0,0,1,2,3,1,0,0,25,0,22,1,206,422,0,0,1,2,0,25,0,0,-1,-1,-1,-1,0,0,0,0,0,0,-1,0,0,-1,-1,-1,-1,0,0,0,0,0,0,-1,0,30,0,30,0,0,30,30,0,30,1,1,0,0,0,-1,608011156
1,2,365,1,0,0,1,2,5,1,0,0,55,0,22,1,336,99,0,0,1,2,0,55,0,0,-1,-1,-1,-1,0,0,0,0,0,0,-1,0,0,-1,-1,-1,-1,0,0,0,0,0,0,-1,0,30,0,30,0,0,30,30,0,30,1,1,0,0,0,-1,608011156
1,2,365,1,0,1,0,0,246,1,0,0,55,0,21,1,410,-1,0,1,0,0,0,55,0,0,-1,-1,-1,-1,0,0,0,0,0,0,-1,0,0,-1,-1,-1,-1,0,0,0,0,0,0,-1,0,180,0,180,0,0,180,180,7,180,1,1,0,0,0,-1,608011156
1,2,365,1,1,0,1,0,3,1,0,0,55,0,22,1,99,99,1,0,1,0,0,55,0,21,1,1,116,-1,30,1,0,1,0,0,55,0,0,-1,-1,-1,-1,0,0,0,0,0,0,-1,0,7,0,7,30,180,365,30,1094,1094,5,1,1,0,0,-1,608011156
1,2,365,1,1,0,1,0,5,1,0,0,25,0,0,-1,-1,-1,0,0,0,0,0,-1,0,21,1,1,116,-1,60,1,0,1,0,0,25,0,0,-1,-1,-1,-1,0,0,0,0,0,0,-1,0,0,0,0,60,90,180,60,90,180,4,0,1,0,0,-1,608011156
1,2,365,1,1,0,1,0,5,1,0,0,25,0,22,1,116,205,1,0,1,0,0,25,0,0,-1,-1,-1,-1,0,0,0,0,0,0,-1,0,0,-1,-1,-1,-1,0,0,0,0,0,0,-1,0,90,0,90,0,0,90,90,180,365,1,1,0,0,0,-1,608011156
1,2,365,1,1,0,1,0,5,1,0,0,25,0,22,1,116,313,1,0,1,0,0,25,0,0,-1,-1,-1,-1,0,0,0,0,0,0,-1,0,0,-1,-1,-1,-1,0,0,0,0,0,0,-1,0,90,0,90,0,0,90,90,1094,1094,1,1,0,0,0,-1,608011156
1,2,365,1,1,0,1,0,5,1,0,0,25,0,22,1,336,423,1,0,1,0,0,25,0,0,-1,-1,-1,-1,0,0,0,0,0,0,-1,0,0,-1,-1,-1,-1,0,0,0,0,0,0,-1,0,60,0,60,0,0,60,60,0,60,1,1,0,0,0,-1,608011156
1,2,365,1,1,0,1,0,5,1,0,0,55,0,22,3,116,312,1,0,1,0,0,55,0,0,-1,-1,-1,-1,0,0,0,0,0,0,-1,0,0,-1,-1,-1,-1,0,0,0,0,0,0,-1,0,30,0,30,0,0,30,30,7,30,1,1,0,0,0,-1,608011156
1,2,365,1,1,0,1,0,56,1,0,0,25,0,22,1,116,99,1,0,1,0,0,25,0,0,-1,-1,-1,-1,0,0,0,0,0,0,-1,0,0,-1,-1,-1,-1,0,0,0,0,0,0,-1,0,90,0,90,0,0,90,90,60,180,1,1,0,0,0,-1,608011156
1,2,365,1,1,0,1,0,147,1,0,0,55,0,21,1,101,-1,1,0,1,0,0,55,0,0,-1,-1,-1,-1,0,0,0,0,0,0,-1,0,0,-1,-1,-1,-1,0,0,0,0,0,0,-1,0,365,0,365,0,0,365,365,30,365,1,1,0,0,0,-1,608011156
1,2,365,1,1,0,1,1,5,1,0,0,18,0,22,1,116,422,1,0,1,1,0,18,0,0,-1,-1,-1,-1,0,0,0,0,0,0,-1,0,0,-1,-1,-1,-1,0,0,0,0,0,0,-1,0,60,0,60,0,0,60,60,547,547,1,1,0,0,0,-1,608011156
1,2,365,1,1,0,1,1,5,1,0,0,25,0,22,3,206,313,1,0,1,1,0,25,0,0,-1,-1,-1,-1,0,0,0,0,0,0,-1,0,0,-1,-1,-1,-1,0,0,0,0,0,0,-1,0,30,0,30,0,0,30,30,1094,1094,1,1,0,0,0,-1,608011156
1,2,365,1,1,0,1,1,15,2,0,0,25,0,0,-1,-1,-1,0,0,0,0,0,-1,0,22,0,1,101,116,180,1,0,1,1,0,25,0,0,-1,-1,-1,-1,0,0,0,0,0,0,-1,0,0,0,0,180,0,180,180,1095,1095,4,0,0,0,0,-1,608011156
1,2,365,1,1,0,1,1,56,1,0,0,25,0,22,1,101,99,1,0,1,1,0,25,0,0,-1,-1,-1,-1,0,0,0,0,0,0,-1,0,0,-1,-1,-1,-1,0,0,0,0,0,0,-1,0,60,0,60,0,0,60,60,30,90,1,1,0,0,0,-1,608011156
1,2,365,1,1,0,1,1,357,1,0,0,25,0,22,1,116,410,1,0,1,1,0,25,0,0,-1,-1,-1,-1,0,0,0,0,0,0,-1,0,0,-1,-1,-1,-1,0,0,0,0,0,0,-1,0,180,0,180,0,0,180,180,365,547,1,1,0,0,0,-1,608011156
1,2,365,1,1,0,1,2,5,1,0,0,25,0,22,1,116,99,1,0,1,2,0,25,0,0,-1,-1,-1,-1,0,0,0,0,0,0,-1,0,0,-1,-1,-1,-1,0,0,0,0,0,0,-1,0,60,0,60,0,0,60,60,547,547,1,1,0,0,0,-1,608011156
1,2,365,1,1,0,1,2,5,1,0,0,55,0,22,1,204,99,1,0,1,2,0,55,0,22,1,1,101,433,90,1,0,1,2,0,55,0,21,1,2,116,-1,6,1,0,1,2,0,55,0,60,0,60,90,0,180,180,1095,1095,10,1,1,1,0,-1,608011156
1,2,365,1,1,0,1,2,16,1,0,0,25,0,21,1,116,-1,1,0,1,2,0,25,0,0,-1,-1,-1,-1,0,0,0,0,0,0,-1,0,0,-1,-1,-1,-1,0,0,0,0,0,0,-1,0,365,0,365,0,0,365,365,30,365,1,1,0,0,0,-1,608011156
1,2,365,1,1,0,1,2,56,1,0,0,55,0,22,1,336,116,1,0,1,2,0,55,0,0,-1,-1,-1,-1,0,0,0,0,0,0,-1,0,21,1,2,116,-1,6,1,0,1,2,0,55,0,90,0,90,30,0,90,90,1094,1094,9,1,0,1,0,-1,608011156
1,2,365,1,1,0,1,2,124,1,0,0,25,0,22,1,335,433,1,0,1,2,0,25,0,0,-1,-1,-1,-1,0,0,0,0,0,0,-1,0,0,-1,-1,-1,-1,0,0,0,0,0,0,-1,0,30,0,30,0,0,30,30,7,30,1,1,0,0,0,-1,608011156
1,2,365,1,1,0,1,2,157,1,0,0,25,0,22,1,116,410,1,0,1,2,0,25,0,0,-1,-1,-1,-1,0,0,0,0,0,0,-1,0,0,-1,-1,-1,-1,0,0,0,0,0,0,-1,0,60,0,60,0,0,60,60,365,365,1,1,0,0,0,-1,608011156
1,2,365,1,1,0,1,2,345,1,0,0,55,0,21,1,410,-1,1,0,1,2,0,55,0,0,-1,-1,-1,-1,0,0,0,0,0,0,-1,0,0,-1,-1,-1,-1,0,0,0,0,0,0,-1,0,180,0,180,0,0,180,180,90,365,1,1,0,0,0,-1,608011156
1,2,365,1,1,1,1,0,5,1,0,0,55,0,22,1,336,419,1,1,1,0,0,55,0,21,1,2,101,-1,180,1,1,1,0,0,55,0,0,-1,-1,-1,-1,0,0,0,0,0,0,-1,0,7,180,365,7,180,365,365,90,365,7,1,1,0,0,-1,608011156
1,2,365,1,2,0,1,0,3,1,0,0,25,0,22,1,101,423,0,0,1,0,0,25,0,0,-1,-1,-1,-1,0,0,0,0,0,0,-1,0,0,-1,-1,-1,-1,0,0,0,0,0,0,-1,0,90,0,90,0,0,90,90,7,90,1,1,0,0,0,-1,608011156
1,2,365,1,4,0,0,0,3,1,0,0,25,0,22,1,410,99,0,0,0,0,0,25,0,0,-1,-1,-1,-1,0,0,0,0,0,0,-1,0,0,-1,-1,-1,-1,0,0,0,0,0,0,-1,0,60,0,60,0,0,60,60,0,60,1,1,0,0,0,-1,608011156
1,2,365,1,4,0,0,0,5,1,0,0,25,0,22,1,116,116,0,0,0,0,0,25,0,0,-1,-1,-1,-1,0,0,0,0,0,0,-1,0,0,-1,-1,-1,-1,0,0,0,0,0,0,-1,0,180,0,180,0,0,180,180,1095,1095,1,1,0,0,0,-1,608011156
1,2,365,1,4,0,0,0,356,1,0,0,25,0,22,1,336,207,0,0,0,0,0,25,0,0,-1,-1,-1,-1,0,0,0,0,0,0,-1,0,0,-1,-1,-1,-1,0,0,0,0,0,0,-1,0,90,0,90,0,0,90,90,180,365,1,1,0,0,0,-1,608011156
1,2,365,1,4,0,0,2,5,1,0,0,25,0,22,1,335,99,0,0,0,2,0,25,0,0,-1,-1,-1,-1,0,0,0,0,0,0,-1,0,0,-1,-1,-1,-1,0,0,0,0,0,0,-1,0,180,0,180,0,0,180,180,30,180,1,1,0,0,0,-1,608011156
1,2,365,1,4,0,0,2,5,1,0,0,25,0,22,1,336,423,0,0,0,2,0,25,0,0,-1,-1,-1,-1,0,0,0,0,0,0,-1,0,0,-1,-1,-1,-1,0,0,0,0,0,0,-1,0,30,0,30,0,0,30,30,0,30,1,1,0,0,0,-1,608011156
1,2,365,1,5,1,1,2,2,2,0,0,55,0,21,1,314,-1,0,1,1,2,0,55,0,0,-1,-1,-1,-1,0,0,0,0,0,0,-1,0,0,-1,-1,-1,-1,0,0,0,0,0,0,-1,0,30,180,180,0,0,180,180,0,180,3,1,0,0,0,-1,608011156
1,2,365,1,6,0,1,0,5,1,0,0,55,0,21,1,101,-1,0,0,1,0,0,55,0,0,-1,-1,-1,-1,0,0,0,0,0,0,-1,0,0,-1,-1,-1,-1,0,0,0,0,0,0,-1,0,180,0,180,0,0,180,180,60,365,1,1,0,0,0,-1,608011156
1,2,365,1,9,0,1,0,3,1,0,0,55,0,22,1,410,420,0,0,1,0,0,55,0,0,-1,-1,-1,-1,0,0,0,0,0,0,-1,0,0,-1,-1,-1,-1,0,0,0,0,0,0,-1,0,0,180,180,0,0,180,180,0,180,2,1,0,0,0,-1,608011156
1,2,365,1,9,0,1,0,5,1,0,0,25,0,21,1,101,-1,0,0,1,0,0,25,0,0,-1,-1,-1,-1,0,0,0,0,0,0,-1,0,0,-1,-1,-1,-1,0,0,0,0,0,0,-1,0,30,0,30,0,0,30,30,30,60,1,1,0,0,0,-1,608011156
1,2,365,1,9,0,1,0,5,2,0,0,25,0,22,3,101,422,0,0,1,0,0,25,0,0,-1,-1,-1,-1,0,0,0,0,0,0,-1,0,0,-1,-1,-1,-1,0,0,0,0,0,0,-1,0,60,0,60,0,0,60,60,30,60,1,1,0,0,22,1,608011156
1,2,365,1,9,0,1,1,5,2,0,0,25,0,0,-1,-1,-1,0,0,0,0,0,-1,0,21,0,1,410,-1,90,0,0,1,1,0,25,0,0,-1,-1,-1,-1,0,0,0,0,0,0,-1,0,0,0,0,90,0,90,90,0,90,4,0,0,0,0,-1,608011156
1,2,365,1,9,0,1,1,156,1,0,0,25,0,22,1,99,99,0,0,1,1,0,25,0,22,1,1,101,423,30,0,0,1,1,0,25,0,0,-1,-1,-1,-1,0,0,0,0,0,0,-1,0,7,0,7,30,30,30,30,180,180,5,1,1,0,0,-1,608011156
1,2,365,1,9,0,1,2,126,1,0,0,55,0,22,3,434,312,0,0,1,2,0,55,0,0,-1,-1,-1,-1,0,0,0,0,0,0,-1,0,0,-1,-1,-1,-1,0,0,0,0,0,0,-1,0,365,0,365,0,0,365,365,0,365,1,1,0,0,0,-1,608011156
1,2,365,1,9,1,1,0,5,1,0,0,55,0,0,-1,-1,-1,0,0,0,0,0,-1,0,21,0,3,101,-1,90,0,1,1,0,0,55,0,0,-1,-1,-1,-1,0,0,0,0,0,0,-1,0,0,0,0,90,0,90,90,30,180,4,0,0,0,0,-1,608011156
1,2,365,2,0,0,0,1,3,1,2,0,25,1,22,1,116,99,0,0,0,1,0,25,1,0,-1,-1,-1,-1,0,0,0,0,0,0,-1,0,0,-1,-1,-1,-1,0,0,0,0,0,0,-1,0,60,0,60,0,0,60,60,7,60,1,1,0,0,0,-1,608011156
1,2,365,2,0,0,0,1,137,1,2,0,25,1,22,1,335,422,0,0,0,1,0,25,1,0,-1,-1,-1,-1,0,0,0,0,0,0,-1,0,0,-1,-1,-1,-1,0,0,0,0,0,0,-1,0,30,0,30,0,0,30,30,0,30,1,1,0,0,0,-1,608011156
1,2,365,2,0,0,1,0,5,2,2,0,25,1,22,1,336,440,0,0,1,0,0,25,1,0,-1,-1,-1,-1,0,0,0,0,0,0,-1,0,21,1,1,101,-1,12,0,0,1,0,0,25,1,60,0,60,7,0,60,60,30,60,9,1,0,1,0,-1,608011156
1,2,365,2,0,0,1,2,35,2,2,0,25,1,0,-1,-1,-1,0,0,0,0,0,-1,0,21,1,1,116,-1,7,0,0,1,2,0,25,1,0,-1,-1,-1,-1,0,0,0,0,0,0,-1,0,0,0,0,7,180,180,7,365,365,4,0,1,0,0,-1,608011156
1,2,365,2,0,0,1,2,56,1,2,0,25,1,0,-1,-1,-1,0,0,0,0,0,-1,0,21,1,3,336,-1,90,0,0,1,2,0,25,1,0,-1,-1,-1,-1,0,0,0,0,0,0,-1,0,0,0,0,90,180,365,90,0,90,4,0,1,0,0,-1,608011156
1,2,365,2,1,0,1,0,5,2,1,0,25,1,22,1,99,99,1,0,1,0,0,25,1,0,-1,-1,-1,-1,0,0,0,0,0,0,-1,0,0,-1,-1,-1,-1,0,0,0,0,0,0,-1,0,30,0,30,0,0,30,30,730,730,1,1,0,0,0,-1,608011156
1,2,365,2,4,0,0,2,3,1,3,0,18,1,21,1,336,-1,0,0,0,2,1,18,1,0,-1,-1,-1,-1,0,0,0,0,0,0,-1,0,0,-1,-1,-1,-1,0,0,0,0,0,0,-1,0,90,0,90,0,0,90,90,547,730,1,1,0,0,0,-1,608011156
1,2,365,2,6,0,1,0,3,1,1,0,25,1,21,1,99,-1,0,0,1,0,0,25,1,0,-1,-1,-1,-1,0,0,0,0,0,0,-1,0,0,-1,-1,-1,-1,0,0,0,0,0,0,-1,0,7,0,7,0,0,7,7,365,365,1,1,0,0,0,-1,608011156
1,2,547,1,0,0,0,0,5,1,0,0,24,0,22,3,207,98,0,0,0,0,0,24,0,0,-1,-1,-1,-1,0,0,0,0,0,0,-1,0,0,-1,-1,-1,-1,0,0,0,0,0,0,-1,0,90,0,90,0,0,90,90,30,180,1,1,0,0,0,-1,608011156
1,2,547,1,0,0,0,0,5,1,0,0,25,0,22,1,116,422,0,0,0,0,0,25,0,0,-1,-1,-1,-1,0,0,0,0,0,0,-1,0,0,-1,-1,-1,-1,0,0,0,0,0,0,-1,0,180,0,180,0,0,180,180,30,180,1,1,0,0,0,-1,608011156
1,2,547,1,0,0,0,0,5,1,0,0,25,0,22,3,434,99,0,0,0,0,0,25,0,0,-1,-1,-1,-1,0,0,0,0,0,0,-1,0,0,-1,-1,-1,-1,0,0,0,0,0,0,-1,0,30,0,30,0,0,30,30,547,547,1,1,0,0,0,-1,608011156
1,2,547,1,0,0,0,0,5,1,0,0,55,0,22,3,314,98,0,0,0,0,0,55,0,0,-1,-1,-1,-1,0,0,0,0,0,0,-1,0,0,-1,-1,-1,-1,0,0,0,0,0,0,-1,0,30,0,30,0,0,30,30,730,730,1,1,0,0,0,-1,608011156
1,2,547,1,0,0,0,0,7,1,0,0,55,0,22,1,116,423,0,0,0,0,0,55,0,0,-1,-1,-1,-1,0,0,0,0,0,0,-1,0,0,-1,-1,-1,-1,0,0,0,0,0,0,-1,0,60,0,60,0,0,60,60,7,60,1,1,0,0,0,-1,608011156
1,2,547,1,0,0,0,0,56,1,0,0,25,0,22,3,207,313,0,0,0,0,0,25,0,0,-1,-1,-1,-1,0,0,0,0,0,0,-1,0,0,-1,-1,-1,-1,0,0,0,0,0,0,-1,0,30,0,30,0,0,30,30,0,30,1,1,0,0,0,-1,608011156
1,2,547,1,0,0,0,2,5,1,0,0,25,0,22,1,206,428,0,0,0,2,0,25,0,0,-1,-1,-1,-1,0,0,0,0,0,0,-1,0,0,-1,-1,-1,-1,0,0,0,0,0,0,-1,0,60,0,60,0,0,60,60,0,60,1,1,0,0,0,-1,608011156
1,2,547,1,0,0,0,2,5,1,0,0,55,0,22,3,431,433,0,0,0,2,0,55,0,0,-1,-1,-1,-1,0,0,0,0,0,0,-1,0,0,-1,-1,-1,-1,0,0,0,0,0,0,-1,0,30,0,30,0,0,30,30,7,30,1,1,0,0,22,1,608011156
1,2,547,1,0,0,1,0,5,1,0,0,25,0,22,1,410,116,0,0,1,0,0,25,0,0,-1,-1,-1,-1,0,0,0,0,0,0,-1,0,0,-1,-1,-1,-1,0,0,0,0,0,0,-1,0,60,0,60,0,0,60,60,7,60,1,1,0,0,0,-1,608011156
1,2,547,1,0,0,1,0,13,1,0,0,25,0,22,1,336,410,0,0,1,0,0,25,0,0,-1,-1,-1,-1,0,0,0,0,0,0,-1,0,0,-1,-1,-1,-1,0,0,0,0,0,0,-1,0,90,0,90,0,0,90,90,0,90,1,1,0,0,0,-1,608011156
1,2,547,1,0,0,1,0,37,1,0,0,25,0,22,1,116,207,0,0,1,0,0,25,0,0,-1,-1,-1,-1,0,0,0,0,0,0,-1,0,0,-1,-1,-1,-1,0,0,0,0,0,0,-1,0,60,0,60,0,0,60,60,30,60,1,1,0,0,0,-1,608011156
1,2,547,1,0,0,1,2,5,1,0,0,25,0,22,1,205,101,0,0,1,2,0,25,0,0,-1,-1,-1,-1,0,0,0,0,0,0,-1,0,0,-1,-1,-1,-1,0,0,0,0,0,0,-1,0,30,30,30,0,0,30,30,0,30,3,1,0,0,0,-1,608011156
1,2,547,1,0,1,0,0,3,1,0,0,25,0,21,1,336,-1,0,1,0,0,0,25,0,0,-1,-1,-1,-1,0,0,0,0,0,0,-1,0,0,-1,-1,-1,-1,0,0,0,0,0,0,-1,0,0,90,90,0,0,90,90,0,90,2,1,0,0,0,-1,608011156
1,2,547,1,1,0,1,0,3,1,0,0,25,0,22,1,116,99,1,0,1,0,0,25,0,0,-1,-1,-1,-1,0,0,0,0,0,0,-1,0,0,-1,-1,-1,-1,0,0,0,0,0,0,-1,0,60,0,60,0,0,60,60,1094,1094,1,1,0,0,0,-1,608011156
1,2,547,1,1,0,1,0,5,1,0,0,25,0,22,1,204,205,1,0,1,0,0,25,0,21,1,1,101,-1,90,1,0,1,0,0,25,0,0,-1,-1,-1,-1,0,0,0,0,0,0,-1,0,60,0,60,60,365,365,90,1094,1094,5,1,1,0,0,-1,608011156
1,2,547,1,1,0,1,0,5,1,0,0,55,0,22,3,116,206,1,0,1,0,0,55,0,0,-1,-1,-1,-1,0,0,0,0,0,0,-1,0,0,-1,-1,-1,-1,0,0,0,0,0,0,-1,0,90,0,90,0,0,90,90,547,547,1,1,0,0,0,-1,608011156
1,2,547,1,1,0,1,0,5,2,0,0,25,0,0,-1,-1,-1,0,0,0,0,0,-1,0,0,-1,-1,-1,-1,0,0,0,0,0,0,-1,0,0,-1,-1,-1,-1,0,0,0,0,0,0,-1,0,0,0,0,0,0,0,0,365,365,12,0,0,0,12,2,608011156
1,2,547,1,1,0,1,0,13,1,0,0,25,0,22,1,335,99,1,0,1,0,0,25,0,0,-1,-1,-1,-1,0,0,0,0,0,0,-1,0,0,-1,-1,-1,-1,0,0,0,0,0,0,-1,0,7,0,7,0,0,7,7,547,547,1,1,0,0,0,-1,608011156
1,2,547,1,1,0,1,0,34,1,0,0,25,0,22,1,116,205,1,0,1,0,0,25,0,0,-1,-1,-1,-1,0,0,0,0,0,0,-1,0,21,1,2,116,-1,3,1,0,1,0,0,25,0,30,0,30,0,0,30,30,547,547,9,1,0,1,0,-1,608011156
1,2,547,1,1,0,1,0,56,1,0,0,25,0,22,1,420,423,1,0,1,0,0,25,0,0,-1,-1,-1,-1,0,0,0,0,0,0,-1,0,0,-1,-1,-1,-1,0,0,0,0,0,0,-1,0,30,0,30,0,0,30,30,0,30,1,1,0,0,0,-1,608011156
1,2,547,1,1,0,1,0,234,1,0,0,55,0,22,1,116,423,1,0,1,0,0,55,0,0,-1,-1,-1,-1,0,0,0,0,0,0,-1,0,0,-1,-1,-1,-1,0,0,0,0,0,0,-1,0,60,0,60,0,0,60,60,365,547,1,1,0,0,0,-1,608011156
1,2,547,1,1,0,1,0,256,1,0,0,25,0,22,1,206,116,1,0,1,0,0,25,0,0,-1,-1,-1,-1,0,0,0,0,0,0,-1,0,0,-1,-1,-1,-1,0,0,0,0,0,0,-1,0,30,0,30,0,0,30,30,1095,1095,1,1,0,0,0,-1,608011156
1,2,547,1,1,0,1,2,124,1,0,0,25,0,22,1,116,99,1,0,1,2,0,25,0,0,-1,-1,-1,-1,0,0,0,0,0,0,-1,0,0,-1,-1,-1,-1,0,0,0,0,0,0,-1,0,30,0,30,0,0,30,30,365,365,1,1,0,0,0,-1,608011156
1,2,547,1,1,1,1,0,4,1,0,0,25,0,22,1,204,410,1,1,1,0,0,25,0,0,-1,-1,-1,-1,0,0,0,0,0,0,-1,0,0,-1,-1,-1,-1,0,0,0,0,0,0,-1,0,0,60,60,0,0,60,60,0,60,2,1,0,0,0,-1,608011156
1,2,547,1,1,1,1,0,5,1,0,0,55,0,21,1,101,-1,1,1,1,0,0,55,0,0,-1,-1,-1,-1,0,0,0,0,0,0,-1,0,0,-1,-1,-1,-1,0,0,0,0,0,0,-1,0,365,0,365,0,0,365,365,7,365,1,1,0,0,0,-1,608011156
1,2,547,1,1,1,1,0,15,1,0,0,55,0,22,1,206,99,1,1,1,0,0,55,0,0,-1,-1,-1,-1,0,0,0,0,0,0,-1,0,21,1,2,116,-1,6,1,1,1,0,0,55,0,7,0,7,0,0,7,7,1095,1095,9,1,0,1,0,-1,608011156
1,2,547,1,2,0,1,0,5,1,0,0,25,0,22,1,336,206,0,0,1,0,0,25,0,0,-1,-1,-1,-1,0,0,0,0,0,0,-1,0,0,-1,-1,-1,-1,0,0,0,0,0,0,-1,0,30,0,30,0,0,30,30,7,60,1,1,0,0,0,-1,608011156
1,2,547,1,2,0,1,0,35,1,0,0,25,0,22,1,205,410,0,0,1,0,0,25,0,21,0,1,101,-1,365,0,0,1,0,0,25,0,0,-1,-1,-1,-1,0,0,0,0,0,0,-1,0,30,0,30,365,0,365,365,180,365,5,1,0,0,0,-1,608011156
1,2,547,1,4,0,0,0,3,1,0,0,25,0,22,1,116,422,0,0,0,0,0,25,0,0,-1,-1,-1,-1,0,0,0,0,0,0,-1,0,0,-1,-1,-1,-1,0,0,0,0,0,0,-1,0,90,0,90,0,0,90,90,60,180,1,1,0,0,0,-1,608011156
1,2,547,1,4,0,0,0,5,1,0,0,25,0,22,3,116,207,0,0,0,0,0,25,0,0,-1,-1,-1,-1,0,0,0,0,0,0,-1,0,0,-1,-1,-1,-1,0,0,0,0,0,0,-1,0,60,0,60,0,0,60,60,547,730,1,1,0,0,0,-1,608011156
1,2,547,1,4,0,0,0,5,1,0,0,55,0,22,1,101,423,0,0,0,0,0,55,0,0,-1,-1,-1,-1,0,0,0,0,0,0,-1,0,0,-1,-1,-1,-1,0,0,0,0,0,0,-1,0,30,0,30,0,0,30,30,0,30,1,1,0,0,0,-1,608011156
1,2,547,1,5,1,1,0,5,1,0,0,25,0,22,1,99,99,0,1,1,0,0,25,0,0,-1,-1,-1,-1,0,0,0,0,0,0,-1,0,0,-1,-1,-1,-1,0,0,0,0,0,0,-1,0,30,0,30,0,0,30,30,180,180,1,1,0,0,0,-1,608011156
1,2,547,1,6,0,1,2,5,1,0,0,25,0,22,1,336,431,0,0,1,2,0,25,0,0,-1,-1,-1,-1,0,0,0,0,0,0,-1,0,0,-1,-1,-1,-1,0,0,0,0,0,0,-1,0,60,0,60,0,0,60,60,180,180,1,1,0,0,0,-1,608011156
1,2,547,1,9,0,1,0,3,1,0,0,55,0,22,1,335,410,0,0,1,0,0,55,0,0,-1,-1,-1,-1,0,0,0,0,0,0,-1,0,0,-1,-1,-1,-1,0,0,0,0,0,0,-1,0,60,0,60,0,0,60,60,30,90,1,1,0,0,0,-1,608011156
1,2,547,1,9,0,1,0,5,1,0,0,18,0,22,3,335,312,0,0,1,0,0,18,0,0,-1,-1,-1,-1,0,0,0,0,0,0,-1,0,0,-1,-1,-1,-1,0,0,0,0,0,0,-1,0,60,0,60,0,0,60,60,0,60,1,1,0,0,0,-1,608011156
1,2,547,1,9,0,1,0,5,2,0,0,25,0,21,1,314,-1,0,0,1,0,0,25,0,0,-1,-1,-1,-1,0,0,0,0,0,0,-1,0,0,-1,-1,-1,-1,0,0,0,0,0,0,-1,0,365,0,365,0,0,365,365,30,365,1,1,0,0,0,-1,608011156
1,2,547,1,9,0,1,0,16,2,0,0,25,0,0,-1,-1,-1,0,0,0,0,0,-1,0,22,1,1,336,410,7,0,0,1,0,0,25,0,0,-1,-1,-1,-1,0,0,0,0,0,0,-1,0,0,0,0,7,365,365,7,0,7,4,0,1,0,0,-1,608011156
1,2,547,1,9,1,1,0,3,1,0,0,55,0,21,1,116,-1,0,1,1,0,0,55,0,0,-1,-1,-1,-1,0,0,0,0,0,0,-1,0,0,-1,-1,-1,-1,0,0,0,0,0,0,-1,0,30,60,60,0,0,60,60,7,60,3,1,0,0,0,-1,608011156
1,2,547,2,0,0,0,0,5,2,2,0,24,1,22,1,336,423,0,0,0,0,0,24,1,0,-1,-1,-1,-1,0,0,0,0,0,0,-1,0,0,-1,-1,-1,-1,0,0,0,0,0,0,-1,0,30,0,30,0,0,30,30,60,60,1,1,0,0,0,-1,608011156
1,2,547,2,0,0,0,1,356,1,3,0,25,1,0,-1,-1,-1,0,0,0,0,0,-1,0,22,1,1,116,410,7,0,0,0,1,1,25,1,0,-1,-1,-1,-1,0,0,0,0,0,0,-1,0,0,0,0,7,365,365,7,180,180,4,0,1,0,0,-1,608011156
1,2,547,2,0,0,0,2,3,1,3,0,25,1,21,1,335,-1,0,0,0,2,1,25,1,0,-1,-1,-1,-1,0,0,0,0,0,0,-1,0,0,-1,-1,-1,-1,0,0,0,0,0,0,-1,0,180,0,180,0,0,180,180,547,547,1,1,0,0,0,-1,608011156
1,2,547,2,0,0,0,2,367,1,1,0,25,1,22,1,314,313,0,0,0,2,0,25,1,0,-1,-1,-1,-1,0,0,0,0,0,0,-1,0,0,-1,-1,-1,-1,0,0,0,0,0,0,-1,0,180,0,180,0,0,180,180,0,180,1,1,0,0,0,-1,608011156
1,2,547,2,0,0,1,1,3,1,2,0,25,1,22,1,116,312,0,0,1,1,0,25,1,0,-1,-1,-1,-1,0,0,0,0,0,0,-1,0,0,-1,-1,-1,-1,0,0,0,0,0,0,-1,0,180,0,180,0,0,180,180,30,180,1,1,0,0,0,-1,608011156
1,2,547,2,0,0,1,2,5,1,2,0,25,1,22,1,101,98,0,0,1,2,0,25,1,0,-1,-1,-1,-1,0,0,0,0,0,0,-1,0,0,-1,-1,-1,-1,0,0,0,0,0,0,-1,0,60,0,60,0,0,60,60,60,90,1,1,0,0,0,-1,608011156
1,2,547,2,4,0,0,1,3,1,1,0,25,1,22,1,314,313,0,0,0,1,0,25,1,21,1,1,101,-1,7,0,0,0,1,0,25,1,0,-1,-1,-1,-1,0,0,0,0,0,0,-1,0,90,0,90,7,90,180,90,90,180,5,1,1,0,0,-1,608011156
1,2,547,2,6,0,1,0,5,1,1,0,25,1,21,1,336,-1,0,0,1,0,0,25,1,0,-1,-1,-1,-1,0,0,0,0,0,0,-1,0,0,-1,-1,-1,-1,0,0,0,0,0,0,-1,0,180,0,180,0,0,180,180,0,180,1,1,0,0,0,-1,608011156
1,2,730,1,0,0,0,0,3,1,0,0,25,0,22,1,99,99,0,0,0,0,0,25,0,21,1,1,116,-1,7,0,0,0,0,0,25,0,0,-1,-1,-1,-1,0,0,0,0,0,0,-1,0,7,0,7,7,180,180,7,180,180,5,1,1,0,0,-1,608011156
1,2,730,1,0,0,0,0,5,1,0,0,55,0,22,1,314,101,0,0,0,0,0,55,0,0,-1,-1,-1,-1,0,0,0,0,0,0,-1,0,0,-1,-1,-1,-1,0,0,0,0,0,0,-1,0,60,0,60,0,0,60,60,0,60,1,1,0,0,0,-1,608011156
1,2,730,1,0,0,0,0,5,1,0,0,55,0,22,3,434,302,0,0,0,0,0,55,0,0,-1,-1,-1,-1,0,0,0,0,0,0,-1,0,0,-1,-1,-1,-1,0,0,0,0,0,0,-1,0,30,0,30,0,0,30,30,1094,1094,1,1,0,0,0,-1,608011156
1,2,730,1,0,0,0,1,3,1,0,0,25,0,22,1,116,99,0,0,0,1,0,25,0,0,-1,-1,-1,-1,0,0,0,0,0,0,-1,0,0,-1,-1,-1,-1,0,0,0,0,0,0,-1,0,30,0,30,0,0,30,30,30,30,1,1,0,0,0,-1,608011156
1,2,730,1,0,0,0,1,3,1,0,0,55,0,22,1,336,99,0,0,0,1,0,55,0,0,-1,-1,-1,-1,0,0,0,0,0,0,-1,0,0,-1,-1,-1,-1,0,0,0,0,0,0,-1,0,30,0,30,0,0,30,30,60,60,1,1,0,0,0,-1,608011156
1,2,730,1,0,0,0,2,5,1,0,0,25,0,22,1,101,101,0,0,0,2,0,25,0,0,-1,-1,-1,-1,0,0,0,0,0,0,-1,0,0,-1,-1,-1,-1,0,0,0,0,0,0,-1,0,30,0,30,0,0,30,30,0,30,1,1,0,0,0,-1,608011156
1,2,730,1,0,0,1,0,3,1,0,0,55,0,21,1,116,-1,0,0,1,0,0,55,0,0,-1,-1,-1,-1,0,0,0,0,0,0,-1,0,0,-1,-1,-1,-1,0,0,0,0,0,0,-1,0,90,0,90,0,0,90,90,7,90,1,1,0,0,0,-1,608011156
1,2,730,1,0,0,1,0,3,1,0,0,55,0,22,1,116,207,0,0,1,0,0,55,0,0,-1,-1,-1,-1,0,0,0,0,0,0,-1,0,0,-1,-1,-1,-1,0,0,0,0,0,0,-1,0,30,0,30,0,0,30,30,7,30,1,1,0,0,0,-1,608011156
1,2,730,1,0,0,1,0,5,1,0,0,25,0,22,1,205,410,0,0,1,0,0,25,0,0,-1,-1,-1,-1,0,0,0,0,0,0,-1,0,0,-1,-1,-1,-1,0,0,0,0,0,0,-1,0,0,90,90,0,0,90,90,0,90,2,1,0,0,0,-1,608011156
1,2,730,1,0,0,1,0,5,1,0,0,25,0,22,1,336,423,0,0,1,0,0,25,0,0,-1,-1,-1,-1,0,0,0,0,0,0,-1,0,0,-1,-1,-1,-1,0,0,0,0,0,0,-1,0,90,0,90,0,0,90,90,7,90,1,1,0,0,0,-1,608011156
1,2,730,1,0,0,1,0,5,1,0,0,55,0,22,1,99,99,0,0,1,0,0,55,0,0,-1,-1,-1,-1,0,0,0,0,0,0,-1,0,0,-1,-1,-1,-1,0,0,0,0,0,0,-1,0,7,0,7,0,0,7,7,30,60,1,1,0,0,0,-1,608011156
1,2,730,1,0,0,1,0,5,1,0,0,55,0,22,1,204,314,0,0,1,0,0,55,0,0,-1,-1,-1,-1,0,0,0,0,0,0,-1,0,0,-1,-1,-1,-1,0,0,0,0,0,0,-1,0,30,0,30,0,0,30,30,0,30,1,1,0,0,0,-1,608011156
1,2,730,1,0,0,1,0,5,1,0,0,55,0,22,1,314,422,0,0,1,0,0,55,0,0,-1,-1,-1,-1,0,0,0,0,0,0,-1,0,0,-1,-1,-1,-1,0,0,0,0,0,0,-1,0,180,0,180,0,0,180,180,7,180,1,1,0,0,0,-1,608011156
1,2,730,1,0,0,1,0,5,1,0,0,55,0,22,1,421,411,0,0,1,0,0,55,0,0,-1,-1,-1,-1,0,0,0,0,0,0,-1,0,0,-1,-1,-1,-1,0,0,0,0,0,0,-1,0,90,0,90,0,0,90,90,1095,1095,1,1,0,0,0,-1,608011156
1,2,730,1,0,0,1,2,5,1,0,0,25,0,22,1,205,410,0,0,1,2,0,25,0,0,-1,-1,-1,-1,0,0,0,0,0,0,-1,0,0,-1,-1,-1,-1,0,0,0,0,0,0,-1,0,90,0,90,0,0,90,90,7,90,1,1,0,0,0,-1,608011156
1,2,730,1,0,0,1,2,357,1,0,0,25,0,22,1,207,99,0,0,1,2,0,25,0,0,-1,-1,-1,-1,0,0,0,0,0,0,-1,0,0,-1,-1,-1,-1,0,0,0,0,0,0,-1,0,60,0,60,0,0,60,60,180,180,1,1,0,0,0,-1,608011156
1,2,730,1,0,1,1,0,5,1,0,0,25,0,0,-1,-1,-1,0,0,0,0,0,-1,0,22,1,1,101,419,7,0,1,1,0,0,25,0,0,-1,-1,-1,-1,0,0,0,0,0,0,-1,0,0,0,0,7,180,180,7,90,180,4,0,1,0,0,-1,608011156
1,2,730,1,1,0,1,0,1,1,0,0,25,0,21,1,336,-1,1,0,1,0,0,25,0,0,-1,-1,-1,-1,0,0,0,0,0,0,-1,0,0,-1,-1,-1,-1,0,0,0,0,0,0,-1,0,90,0,90,0,0,90,90,7,90,1,1,0,0,0,-1,608011156
1,2,730,1,1,0,1,0,3,1,0,0,25,0,22,1,101,313,1,0,1,0,0,25,0,21,1,1,101,-1,90,1,0,1,0,0,25,0,0,-1,-1,-1,-1,0,0,0,0,0,0,-1,0,7,0,7,90,180,365,90,1095,1095,5,1,1,0,0,-1,608011156
1,2,730,1,1,0,1,0,5,1,0,0,25,0,22,1,116,99,1,0,1,0,0,25,0,0,-1,-1,-1,-1,0,0,0,0,0,0,-1,0,0,-1,-1,-1,-1,0,0,0,0,0,0,-1,0,30,0,30,0,0,30,30,365,365,1,1,0,0,0,-1,608011156
1,2,730,1,1,0,1,0,5,1,0,0,25,0,22,3,116,116,1,0,1,0,0,25,0,0,-1,-1,-1,-1,0,0,0,0,0,0,-1,0,0,-1,-1,-1,-1,0,0,0,0,0,0,-1,0,180,0,180,0,0,180,180,1094,1094,1,1,0,0,0,-1,608011156
1,2,730,1,1,0,1,0,5,1,0,0,55,0,21,1,410,-1,1,0,1,0,0,55,0,21,0,1,101,-1,180,1,0,1,0,0,55,0,0,-1,-1,-1,-1,0,0,0,0,0,0,-1,0,90,0,90,90,0,180,180,1094,1095,5,1,0,0,0,-1,608011156
1,2,730,1,1,0,1,1,5,1,0,0,25,0,0,-1,-1,-1,0,0,0,0,0,-1,0,21,1,1,101,-1,30,1,0,1,1,0,25,0,0,-1,-1,-1,-1,0,0,0,0,0,0,-1,0,0,0,0,30,365,365,30,730,730,4,0,1,0,0,-1,608011156
1,2,730,1,1,0,1,2,5,1,0,0,25,0,22,1,314,99,1,0,1,2,0,25,0,0,-1,-1,-1,-1,0,0,0,0,0,0,-1,0,0,-1,-1,-1,-1,0,0,0,0,0,0,-1,0,30,0,30,0,0,30,30,1094,1094,1,1,0,0,0,-1,608011156
1,2,730,1,1,0,1,2,7,1,0,0,25,0,22,1,206,423,1,0,1,2,0,25,0,0,-1,-1,-1,-1,0,0,0,0,0,0,-1,0,0,-1,-1,-1,-1,0,0,0,0,0,0,-1,0,60,0,60,0,0,60,60,730,730,1,1,0,0,0,-1,608011156
1,2,730,1,1,0,1,2,467,1,0,0,25,0,22,1,116,422,1,0,1,2,0,25,0,0,-1,-1,-1,-1,0,0,0,0,0,0,-1,0,0,-1,-1,-1,-1,0,0,0,0,0,0,-1,0,60,0,60,0,0,60,60,0,60,1,1,0,0,0,-1,608011156
1,2,730,1,1,1,1,0,3,1,0,0,25,0,21,1,116,-1,1,1,1,0,0,25,0,0,-1,-1,-1,-1,0,0,0,0,0,0,-1,0,0,-1,-1,-1,-1,0,0,0,0,0,0,-1,0,30,0,30,0,0,30,30,547,547,1,1,0,0,0,-1,608011156
1,2,730,1,1,1,1,0,3,1,0,0,55,0,21,1,410,-1,1,1,1,0,0,55,0,0,-1,-1,-1,-1,0,0,0,0,0,0,-1,0,0,-1,-1,-1,-1,0,0,0,0,0,0,-1,0,0,180,180,0,0,180,180,0,180,2,1,0,0,0,-1,608011156
1,2,730,1,1,1,1,0,5,1,0,0,55,0,0,-1,-1,-1,0,0,0,0,0,-1,0,21,0,1,101,-1,90,1,1,1,0,0,55,0,0,-1,-1,-1,-1,0,0,0,0,0,0,-1,0,0,0,0,90,0,90,90,1094,1094,4,0,0,0,0,-1,608011156
1,2,730,1,1,1,1,0,5,1,0,0,55,0,0,-1,-1,-1,0,0,0,0,0,-1,0,21,0,2,101,-1,180,1,1,1,0,0,55,0,0,-1,-1,-1,-1,0,0,0,0,0,0,-1,0,0,0,0,180,0,180,180,1095,1095,4,0,0,0,0,-1,608011156
1,2,730,1,2,0,1,0,3,1,0,0,25,0,21,1,101,-1,0,0,1,0,0,25,0,0,-1,-1,-1,-1,0,0,0,0,0,0,-1,0,0,-1,-1,-1,-1,0,0,0,0,0,0,-1,0,365,0,365,0,0,365,365,90,365,1,1,0,0,0,-1,608011156
1,2,730,1,4,0,0,0,5,1,0,0,25,0,0,-1,-1,-1,0,0,0,0,0,-1,0,21,0,1,116,-1,365,0,0,0,0,0,25,0,0,-1,-1,-1,-1,0,0,0,0,0,0,-1,0,0,0,0,365,0,365,365,1095,1095,4,0,0,0,0,-1,608011156
1,2,730,1,4,0,0,0,235,1,0,0,25,0,22,1,205,99,0,0,0,0,0,25,0,0,-1,-1,-1,-1,0,0,0,0,0,0,-1,0,0,-1,-1,-1,-1,0,0,0,0,0,0,-1,0,30,0,30,0,0,30,30,1095,1095,1,1,0,0,0,-1,608011156
1,2,730,1,4,0,0,2,5,1,0,0,55,0,22,1,101,423,0,0,0,2,0,55,0,0,-1,-1,-1,-1,0,0,0,0,0,0,-1,0,0,-1,-1,-1,-1,0,0,0,0,0,0,-1,0,180,0,180,0,0,180,180,1095,1095,1,1,0,0,0,-1,608011156
1,2,730,1,4,0,1,2,5,3,0,0,55,0,22,3,335,431,0,0,1,2,0,55,0,0,-1,-1,-1,-1,0,0,0,0,0,0,-1,0,0,-1,-1,-1,-1,0,0,0,0,0,0,-1,0,180,0,180,0,0,180,180,30,180,1,1,0,0,22,1,608011156
1,2,730,1,5,1,1,0,56,1,0,0,55,0,22,1,336,101,0,1,1,0,0,55,0,0,-1,-1,-1,-1,0,0,0,0,0,0,-1,0,0,-1,-1,-1,-1,0,0,0,0,0,0,-1,0,90,0,90,0,0,90,90,0,90,1,1,0,0,0,-1,608011156
1,2,730,1,6,0,1,0,12,1,0,0,55,0,22,1,116,225,0,0,1,0,0,55,0,0,-1,-1,-1,-1,0,0,0,0,0,0,-1,0,0,-1,-1,-1,-1,0,0,0,0,0,0,-1,0,90,0,90,0,0,90,90,7,90,1,1,0,0,0,-1,608011156
1,2,730,1,9,0,1,1,5,1,0,0,25,0,0,-1,-1,-1,0,0,0,0,0,-1,0,21,1,3,207,-1,30,0,0,1,1,0,25,0,0,-1,-1,-1,-1,0,0,0,0,0,0,-1,0,0,0,0,30,180,180,30,0,30,4,0,1,0,0,-1,608011156
1,2,730,1,9,0,1,1,47,1,0,0,55,0,0,-1,-1,-1,0,0,0,0,0,-1,0,0,-1,-1,-1,-1,0,0,0,0,0,0,-1,0,0,-1,-1,-1,-1,0,0,0,0,0,0,-1,0,0,0,0,0,0,0,0,30,30,12,0,0,0,22,1,608011156
1,2,730,1,9,1,1,0,5,1,0,0,25,0,0,-1,-1,-1,0,0,0,0,0,-1,0,21,1,2,116,-1,60,0,1,1,0,0,25,0,0,-1,-1,-1,-1,0,0,0,0,0,0,-1,0,0,0,0,60,365,365,60,7,60,4,0,1,0,0,-1,608011156
1,2,730,2,0,0,0,0,5,2,2,0,25,1,2,-1,-1,-1,0,0,0,0,0,-1,0,0,-1,-1,-1,-1,0,0,0,0,0,0,-1,0,0,-1,-1,-1,-1,0,0,0,0,0,0,-1,0,30,0,30,0,0,30,30,0,30,1,0,0,0,12,2,608011156
1,2,730,2,0,0,0,1,3,1,3,0,25,1,22,1,335,99,0,0,0,1,1,25,1,0,-1,-1,-1,-1,0,0,0,0,0,0,-1,0,0,-1,-1,-1,-1,0,0,0,0,0,0,-1,0,30,0,30,0,0,30,30,30,60,1,1,0,0,0,-1,608011156
1,2,730,2,0,0,0,2,5,1,2,0,25,1,22,3,335,313,0,0,0,2,0,25,1,0,-1,-1,-1,-1,0,0,0,0,0,0,-1,0,0,-1,-1,-1,-1,0,0,0,0,0,0,-1,0,90,0,90,0,0,90,90,0,90,1,1,0,0,0,-1,608011156
1,2,730,2,0,0,0,2,136,1,2,0,25,1,22,1,116,312,0,0,0,2,0,25,1,0,-1,-1,-1,-1,0,0,0,0,0,0,-1,0,0,-1,-1,-1,-1,0,0,0,0,0,0,-1,0,180,0,180,0,0,180,180,7,180,1,1,0,0,0,-1,608011156
1,2,730,2,0,0,1,0,5,2,1,0,25,1,21,1,314,-1,0,0,1,0,0,25,1,0,-1,-1,-1,-1,0,0,0,0,0,0,-1,0,0,-1,-1,-1,-1,0,0,0,0,0,0,-1,0,180,0,180,0,0,180,180,30,180,1,1,0,0,0,-1,608011156
1,2,730,2,1,0,1,1,5,1,1,0,25,1,22,1,116,207,1,0,1,1,0,25,1,0,-1,-1,-1,-1,0,0,0,0,0,0,-1,0,0,-1,-1,-1,-1,0,0,0,0,0,0,-1,0,60,0,60,0,0,60,60,1095,1095,1,1,0,0,0,-1,608011156
1,2,730,2,2,0,1,1,3,1,3,0,25,1,0,-1,-1,-1,0,0,0,0,0,-1,0,0,-1,-1,-1,-1,0,0,0,0,0,0,-1,0,0,-1,-1,-1,-1,0,0,0,0,0,0,-1,0,0,0,0,0,0,0,0,90,90,12,0,0,0,12,0,608011156
1,2,730,2,4,0,0,0,5,2,1,0,25,1,22,3,336,207,0,0,0,0,0,25,1,0,-1,-1,-1,-1,0,0,0,0,0,0,-1,0,0,-1,-1,-1,-1,0,0,0,0,0,0,-1,0,90,0,90,0,0,90,90,90,180,1,1,0,0,21,0,608011156
1,3,30,1,0,0,0,0,3,1,0,0,25,0,22,3,314,410,0,0,0,0,0,25,0,0,-1,-1,-1,-1,0,0,0,0,0,0,-1,0,0,-1,-1,-1,-1,0,0,0,0,0,0,-1,0,90,0,90,0,0,90,90,90,180,1,1,0,0,0,-1,608011156
1,3,30,1,1,0,1,0,246,1,0,0,18,0,22,3,336,312,1,0,1,0,0,18,0,0,-1,-1,-1,-1,0,0,0,0,0,0,-1,0,0,-1,-1,-1,-1,0,0,0,0,0,0,-1,0,30,0,30,0,0,30,30,180,180,1,1,0,0,0,-1,608011156
1,3,30,3,9,0,1,0,7,0,1,0,-1,0,22,1,215,99,0,0,1,0,0,-1,0,0,-1,-1,-1,-1,0,0,0,0,0,0,-1,0,0,-1,-1,-1,-1,0,0,0,0,0,0,-1,0,0,30,30,0,0,30,30,0,30,2,1,0,0,0,-1,608011156
1,3,60,1,0,0,0,0,236,1,0,0,25,0,22,1,314,207,0,0,0,0,0,25,0,0,-1,-1,-1,-1,0,0,0,0,0,0,-1,0,0,-1,-1,-1,-1,0,0,0,0,0,0,-1,0,30,0,30,0,0,30,30,0,30,1,1,0,0,0,-1,608011156
1,3,60,1,0,0,1,0,3,1,0,0,25,0,22,1,206,422,0,0,1,0,0,25,0,0,-1,-1,-1,-1,0,0,0,0,0,0,-1,0,0,-1,-1,-1,-1,0,0,0,0,0,0,-1,0,180,0,180,0,0,180,180,0,180,1,1,0,0,0,-1,608011156
1,3,60,1,1,0,1,1,36,1,0,0,18,0,22,1,336,313,1,0,1,1,0,18,0,0,-1,-1,-1,-1,0,0,0,0,0,0,-1,0,0,-1,-1,-1,-1,0,0,0,0,0,0,-1,0,60,0,60,0,0,60,60,7,60,1,1,0,0,0,-1,608011156
1,3,60,1,1,0,1,1,56,2,0,0,25,0,22,3,116,312,1,0,1,1,0,25,0,0,-1,-1,-1,-1,0,0,0,0,0,0,-1,0,0,-1,-1,-1,-1,0,0,0,0,0,0,-1,0,180,0,180,0,0,180,180,90,180,1,1,0,0,22,0,608011156
1,3,60,1,1,1,1,1,56,1,0,0,25,0,22,1,99,313,1,1,1,1,0,25,0,0,-1,-1,-1,-1,0,0,0,0,0,0,-1,0,0,-1,-1,-1,-1,0,0,0,0,0,0,-1,0,60,0,60,0,0,60,60,1095,1095,1,1,0,0,0,-1,608011156
1,3,60,1,9,0,1,0,5,1,0,0,25,0,22,1,420,302,0,0,1,0,0,25,0,0,-1,-1,-1,-1,0,0,0,0,0,0,-1,0,0,-1,-1,-1,-1,0,0,0,0,0,0,-1,0,0,60,60,0,0,60,60,0,60,2,1,0,0,12,2,608011156
1,3,60,2,0,0,1,2,5,1,3,0,25,1,0,-1,-1,-1,0,0,0,0,0,-1,0,0,-1,-1,-1,-1,0,0,0,0,0,0,-1,0,0,-1,-1,-1,-1,0,0,0,0,0,0,-1,0,0,0,0,0,0,0,0,0,0,12,0,0,0,22,1,608011156
1,3,90,1,0,0,0,0,5,1,0,0,25,0,0,-1,-1,-1,0,0,0,0,0,-1,0,0,-1,-1,-1,-1,0,0,0,0,0,0,-1,0,0,-1,-1,-1,-1,0,0,0,0,0,0,-1,0,0,0,0,0,0,0,0,0,0,12,0,0,0,11,2,608011156
1,3,90,1,0,0,0,0,267,1,0,0,25,0,22,1,336,410,0,0,0,0,0,25,0,0,-1,-1,-1,-1,0,0,0,0,0,0,-1,0,0,-1,-1,-1,-1,0,0,0,0,0,0,-1,0,60,0,60,0,0,60,60,0,60,1,1,0,0,0,-1,608011156
1,3,90,1,0,0,1,0,3,1,0,0,25,0,22,1,335,314,0,0,1,0,0,25,0,0,-1,-1,-1,-1,0,0,0,0,0,0,-1,0,0,-1,-1,-1,-1,0,0,0,0,0,0,-1,0,30,0,30,0,0,30,30,0,30,1,1,0,0,0,-1,608011156
1,3,90,1,1,0,1,0,3,1,0,0,25,0,22,1,101,98,1,0,1,0,0,25,0,0,-1,-1,-1,-1,0,0,0,0,0,0,-1,0,0,-1,-1,-1,-1,0,0,0,0,0,0,-1,0,90,0,90,0,0,90,90,30,90,1,1,0,0,0,-1,608011156
1,3,90,1,1,0,1,0,5,1,0,0,25,0,22,3,302,302,1,0,1,0,0,25,0,0,-1,-1,-1,-1,0,0,0,0,0,0,-1,0,0,-1,-1,-1,-1,0,0,0,0,0,0,-1,0,90,0,90,0,0,90,90,90,180,1,1,0,0,0,-1,608011156
1,3,90,1,1,0,1,0,5,1,0,0,55,0,22,1,116,225,1,0,1,0,0,55,0,0,-1,-1,-1,-1,0,0,0,0,0,0,-1,0,0,-1,-1,-1,-1,0,0,0,0,0,0,-1,0,180,0,180,0,0,180,180,0,180,1,1,0,0,0,-1,608011156
1,3,90,1,1,0,1,0,127,1,0,0,25,0,22,1,116,99,1,0,1,0,0,25,0,0,-1,-1,-1,-1,0,0,0,0,0,0,-1,0,0,-1,-1,-1,-1,0,0,0,0,0,0,-1,0,90,0,90,0,0,90,90,1095,1095,1,1,0,0,0,-1,608011156
1,3,90,1,1,0,1,1,5,1,0,0,25,0,22,1,116,116,1,0,1,1,0,25,0,0,-1,-1,-1,-1,0,0,0,0,0,0,-1,0,0,-1,-1,-1,-1,0,0,0,0,0,0,-1,0,90,0,90,0,0,90,90,180,365,1,1,0,0,0,-1,608011156
1,3,90,1,1,0,1,2,5,1,0,0,55,0,22,1,116,99,1,0,1,2,0,55,0,0,-1,-1,-1,-1,0,0,0,0,0,0,-1,0,0,-1,-1,-1,-1,0,0,0,0,0,0,-1,0,30,0,30,0,0,30,30,365,365,1,1,0,0,0,-1,608011156
1,3,90,1,1,0,1,2,5,2,0,0,55,0,22,1,116,116,1,0,1,2,0,55,0,21,0,1,101,-1,365,1,0,1,2,0,55,0,0,-1,-1,-1,-1,0,0,0,0,0,0,-1,0,60,0,60,365,0,365,365,30,547,5,1,0,0,0,-1,608011156
1,3,90,1,1,1,1,0,136,1,0,0,55,0,0,-1,-1,-1,0,0,0,0,0,-1,0,22,1,2,101,419,7,1,1,1,0,0,55,0,0,-1,-1,-1,-1,0,0,0,0,0,0,-1,0,0,0,0,7,30,30,7,365,365,4,0,1,0,0,-1,608011156
1,3,90,1,4,0,0,0,146,1,0,0,25,0,22,1,116,423,0,0,0,0,0,25,0,0,-1,-1,-1,-1,0,0,0,0,0,0,-1,0,0,-1,-1,-1,-1,0,0,0,0,0,0,-1,0,60,0,60,0,0,60,60,0,60,1,1,0,0,0,-1,608011156
1,3,90,1,4,0,0,1,3,1,0,0,25,0,22,1,336,410,0,0,0,1,0,25,0,0,-1,-1,-1,-1,0,0,0,0,0,0,-1,0,0,-1,-1,-1,-1,0,0,0,0,0,0,-1,0,60,0,60,0,0,60,60,30,60,1,1,0,0,0,-1,608011156
1,3,90,1,9,0,1,0,3,1,0,0,55,0,22,1,336,313,0,0,1,0,0,55,0,0,-1,-1,-1,-1,0,0,0,0,0,0,-1,0,0,-1,-1,-1,-1,0,0,0,0,0,0,-1,0,60,0,60,0,0,60,60,0,60,1,1,0,0,0,-1,608011156
1,3,180,1,0,0,0,0,3,1,0,0,25,0,0,-1,-1,-1,0,0,0,0,0,-1,0,22,1,1,101,410,7,0,0,0,0,0,25,0,0,-1,-1,-1,-1,0,0,0,0,0,0,-1,0,0,0,0,7,365,365,7,180,180,4,0,1,0,0,-1,608011156
1,3,180,1,0,0,0,0,3,1,0,0,25,0,21,1,116,-1,0,0,0,0,0,25,0,0,-1,-1,-1,-1,0,0,0,0,0,0,-1,0,0,-1,-1,-1,-1,0,0,0,0,0,0,-1,0,365,0,365,0,0,365,365,60,365,1,1,0,0,0,-1,608011156
1,3,180,1,0,0,0,0,3,1,0,0,25,0,22,1,336,423,0,0,0,0,0,25,0,0,-1,-1,-1,-1,0,0,0,0,0,0,-1,0,0,-1,-1,-1,-1,0,0,0,0,0,0,-1,0,180,0,180,0,0,180,180,0,180,1,1,0,0,0,-1,608011156
1,3,180,1,0,0,0,0,5,1,0,0,25,0,22,3,118,423,0,0,0,0,0,25,0,0,-1,-1,-1,-1,0,0,0,0,0,0,-1,0,0,-1,-1,-1,-1,0,0,0,0,0,0,-1,0,30,0,30,0,0,30,30,180,180,1,1,0,0,0,-1,608011156
1,3,180,1,0,0,0,0,5,1,0,0,25,0,22,3,336,116,0,0,0,0,0,25,0,0,-1,-1,-1,-1,0,0,0,0,0,0,-1,0,0,-1,-1,-1,-1,0,0,0,0,0,0,-1,0,60,0,60,0,0,60,60,365,365,1,1,0,0,0,-1,608011156
1,3,180,1,0,0,0,0,5,1,0,0,55,0,22,1,116,314,0,0,0,0,0,55,0,0,-1,-1,-1,-1,0,0,0,0,0,0,-1,0,0,-1,-1,-1,-1,0,0,0,0,0,0,-1,0,60,0,60,0,0,60,60,180,180,1,1,0,0,0,-1,608011156
1,3,180,1,0,0,0,0,13,1,0,0,25,0,22,3,116,116,0,0,0,0,0,25,0,0,-1,-1,-1,-1,0,0,0,0,0,0,-1,0,0,-1,-1,-1,-1,0,0,0,0,0,0,-1,0,90,0,90,0,0,90,90,60,180,1,1,0,0,0,-1,608011156
1,3,180,1,0,0,0,2,245,1,0,0,25,0,22,1,206,98,0,0,0,2,0,25,0,0,-1,-1,-1,-1,0,0,0,0,0,0,-1,0,0,-1,-1,-1,-1,0,0,0,0,0,0,-1,0,30,0,30,0,0,30,30,7,60,1,1,0,0,0,-1,608011156
1,3,180,1,0,0,1,0,3,1,0,0,55,0,22,1,335,314,0,0,1,0,0,55,0,0,-1,-1,-1,-1,0,0,0,0,0,0,-1,0,0,-1,-1,-1,-1,0,0,0,0,0,0,-1,0,30,0,30,0,0,30,30,30,30,1,1,0,0,0,-1,608011156
1,3,180,1,0,0,1,0,5,1,0,0,18,0,22,1,116,99,0,0,1,0,0,18,0,0,-1,-1,-1,-1,0,0,0,0,0,0,-1,0,0,-1,-1,-1,-1,0,0,0,0,0,0,-1,0,60,0,60,0,0,60,60,30,60,1,1,0,0,0,-1,608011156
1,3,180,1,0,0,1,0,5,1,0,0,25,0,22,1,206,98,0,0,1,0,0,25,0,0,-1,-1,-1,-1,0,0,0,0,0,0,-1,0,0,-1,-1,-1,-1,0,0,0,0,0,0,-1,0,60,0,60,0,0,60,60,180,180,1,1,0,0,0,-1,608011156
1,3,180,1,0,0,1,0,5,1,0,0,25,0,22,1,206,434,0,0,1,0,0,25,0,0,-1,-1,-1,-1,0,0,0,0,0,0,-1,0,0,-1,-1,-1,-1,0,0,0,0,0,0,-1,0,180,0,180,0,0,180,180,365,365,1,1,0,0,0,-1,608011156
1,3,180,1,0,0,1,1,3,1,0,0,25,0,22,1,336,99,0,0,1,1,0,25,0,0,-1,-1,-1,-1,0,0,0,0,0,0,-1,0,0,-1,-1,-1,-1,0,0,0,0,0,0,-1,0,30,0,30,0,0,30,30,7,30,1,1,0,0,0,-1,608011156
1,3,180,1,0,0,1,1,37,1,0,0,55,0,22,1,116,423,0,0,1,1,0,55,0,0,-1,-1,-1,-1,0,0,0,0,0,0,-1,0,0,-1,-1,-1,-1,0,0,0,0,0,0,-1,0,30,0,30,0,0,30,30,0,30,1,1,0,0,0,-1,608011156
1,3,180,1,0,0,1,2,5,1,0,0,24,0,22,1,335,101,0,0,1,2,0,24,0,0,-1,-1,-1,-1,0,0,0,0,0,0,-1,0,0,-1,-1,-1,-1,0,0,0,0,0,0,-1,0,60,0,60,0,0,60,60,0,60,1,1,0,0,0,-1,608011156
1,3,180,1,1,0,1,0,3,1,0,0,25,0,22,1,116,423,1,0,1,0,0,25,0,0,-1,-1,-1,-1,0,0,0,0,0,0,-1,0,0,-1,-1,-1,-1,0,0,0,0,0,0,-1,0,30,0,30,0,0,30,30,365,365,1,1,0,0,0,-1,608011156
1,3,180,1,1,0,1,0,3,1,0,0,25,0,22,1,336,423,1,0,1,0,0,25,0,0,-1,-1,-1,-1,0,0,0,0,0,0,-1,0,0,-1,-1,-1,-1,0,0,0,0,0,0,-1,0,90,0,90,0,0,90,90,7,90,1,1,0,0,0,-1,608011156
1,3,180,1,1,0,1,0,56,1,0,0,25,0,22,1,116,99,1,0,1,0,0,25,0,0,-1,-1,-1,-1,0,0,0,0,0,0,-1,0,0,-1,-1,-1,-1,0,0,0,0,0,0,-1,0,60,0,60,0,0,60,60,180,365,1,1,0,0,0,-1,608011156
1,3,180,1,1,0,1,0,56,1,0,0,55,0,22,1,116,313,1,0,1,0,0,55,0,0,-1,-1,-1,-1,0,0,0,0,0,0,-1,0,0,-1,-1,-1,-1,0,0,0,0,0,0,-1,0,60,0,60,0,0,60,60,180,365,1,1,0,0,0,-1,608011156
1,3,180,1,1,0,1,0,457,1,0,0,25,0,22,1,336,423,1,0,1,0,0,25,0,0,-1,-1,-1,-1,0,0,0,0,0,0,-1,0,0,-1,-1,-1,-1,0,0,0,0,0,0,-1,0,60,0,60,0,0,60,60,7,60,1,1,0,0,0,-1,608011156
1,3,180,1,1,0,1,1,5,1,0,0,25,0,22,1,206,423,1,0,1,1,0,25,0,0,-1,-1,-1,-1,0,0,0,0,0,0,-1,0,0,-1,-1,-1,-1,0,0,0,0,0,0,-1,0,60,0,60,0,0,60,60,0,60,1,1,0,0,0,-1,608011156
1,3,180,1,1,0,1,1,356,1,0,0,25,0,22,1,336,99,1,0,1,1,0,25,0,0,-1,-1,-1,-1,0,0,0,0,0,0,-1,0,0,-1,-1,-1,-1,0,0,0,0,0,0,-1,0,90,0,90,0,0,90,90,60,180,1,1,0,0,0,-1,608011156
1,3,180,1,1,0,1,2,5,1,0,0,25,0,22,1,314,312,1,0,1,2,0,25,0,0,-1,-1,-1,-1,0,0,0,0,0,0,-1,0,0,-1,-1,-1,-1,0,0,0,0,0,0,-1,0,30,0,30,0,0,30,30,0,30,1,1,0,0,0,-1,608011156
1,3,180,1,1,1,1,0,1,1,0,0,55,0,22,1,206,99,1,1,1,0,0,55,0,0,-1,-1,-1,-1,0,0,0,0,0,0,-1,0,0,-1,-1,-1,-1,0,0,0,0,0,0,-1,0,30,0,30,0,0,30,30,180,180,1,1,0,0,0,-1,608011156
1,3,180,1,1,1,1,2,5,2,0,0,25,0,22,1,116,314,1,1,1,2,0,25,0,0,-1,-1,-1,-1,0,0,0,0,0,0,-1,0,0,-1,-1,-1,-1,0,0,0,0,0,0,-1,0,30,0,30,0,0,30,30,30,60,1,1,0,0,0,-1,608011156
1,3,180,1,4,0,0,0,3,1,0,0,25,0,22,1,336,313,0,0,0,0,0,25,0,0,-1,-1,-1,-1,0,0,0,0,0,0,-1,0,0,-1,-1,-1,-1,0,0,0,0,0,0,-1,0,180,0,180,0,0,180,180,0,180,1,1,0,0,0,-1,608011156
1,3,180,1,4,0,0,2,5,1,0,0,25,0,22,1,101,423,0,0,0,2,0,25,0,0,-1,-1,-1,-1,0,0,0,0,0,0,-1,0,0,-1,-1,-1,-1,0,0,0,0,0,0,-1,0,60,0,60,0,0,60,60,0,60,1,1,0,0,0,-1,608011156
1,3,180,1,5,0,1,0,3,1,0,0,25,0,22,1,116,99,0,0,1,0,0,25,0,21,1,1,101,-1,7,0,0,1,0,0,25,0,0,-1,-1,-1,-1,0,0,0,0,0,0,-1,0,30,0,30,7,365,365,30,365,365,5,1,1,0,0,-1,608011156
1,3,180,1,6,0,1,0,37,1,0,0,55,0,21,1,206,-1,0,0,1,0,0,55,0,0,-1,-1,-1,-1,0,0,0,0,0,0,-1,0,0,-1,-1,-1,-1,0,0,0,0,0,0,-1,0,365,0,365,0,0,365,365,0,365,1,1,0,0,0,-1,608011156
1,3,180,1,6,0,1,0,56,1,0,0,25,0,21,1,116,-1,0,0,1,0,0,25,0,0,-1,-1,-1,-1,0,0,0,0,0,0,-1,0,0,-1,-1,-1,-1,0,0,0,0,0,0,-1,0,365,0,365,0,0,365,365,60,365,1,1,0,0,0,-1,608011156
1,3,180,1,9,0,1,0,5,1,0,0,25,0,22,3,335,98,0,0,1,0,0,25,0,0,-1,-1,-1,-1,0,0,0,0,0,0,-1,0,0,-1,-1,-1,-1,0,0,0,0,0,0,-1,0,30,0,30,0,0,30,30,0,30,1,1,0,0,0,-1,608011156
1,3,180,1,9,0,1,0,247,1,0,0,25,0,22,1,336,99,0,0,1,0,0,25,0,0,-1,-1,-1,-1,0,0,0,0,0,0,-1,0,0,-1,-1,-1,-1,0,0,0,0,0,0,-1,0,90,0,90,0,0,90,90,7,90,1,1,0,0,0,-1,608011156
1,3,180,2,0,0,0,0,5,1,2,0,25,1,22,1,336,99,0,0,0,0,0,25,1,0,-1,-1,-1,-1,0,0,0,0,0,0,-1,0,0,-1,-1,-1,-1,0,0,0,0,0,0,-1,0,90,0,90,0,0,90,90,60,180,1,1,0,0,0,-1,608011156
1,3,180,2,0,0,0,0,56,1,3,0,25,1,22,1,410,410,0,0,0,0,1,25,1,0,-1,-1,-1,-1,0,0,0,0,0,0,-1,0,0,-1,-1,-1,-1,0,0,0,0,0,0,-1,0,60,0,60,0,0,60,60,7,60,1,1,0,0,0,-1,608011156
1,3,180,2,0,0,1,2,36,1,2,0,24,1,0,-1,-1,-1,0,0,0,0,0,-1,0,22,1,3,101,410,7,0,0,1,2,0,24,1,0,-1,-1,-1,-1,0,0,0,0,0,0,-1,0,0,0,0,7,180,180,7,60,60,4,0,1,0,0,-1,608011156
1,3,180,2,4,0,0,2,5,1,2,0,25,1,22,1,101,313,0,0,0,2,0,25,1,0,-1,-1,-1,-1,0,0,0,0,0,0,-1,0,0,-1,-1,-1,-1,0,0,0,0,0,0,-1,0,60,0,60,0,0,60,60,30,60,1,1,0,0,0,-1,608011156
1,3,365,1,0,0,0,0,3,1,0,0,25,0,22,1,116,99,0,0,0,0,0,25,0,0,-1,-1,-1,-1,0,0,0,0,0,0,-1,0,0,-1,-1,-1,-1,0,0,0,0,0,0,-1,0,60,0,60,0,0,60,60,7,60,1,1,0,0,0,-1,608011156
1,3,365,1,0,0,0,0,3,1,0,0,25,0,22,1,335,313,0,0,0,0,0,25,0,0,-1,-1,-1,-1,0,0,0,0,0,0,-1,0,0,-1,-1,-1,-1,0,0,0,0,0,0,-1,0,30,0,30,0,0,30,30,547,547,1,1,0,0,0,-1,608011156
1,3,365,1,0,0,0,0,5,1,0,0,25,0,22,1,335,423,0,0,0,0,0,25,0,0,-1,-1,-1,-1,0,0,0,0,0,0,-1,0,0,-1,-1,-1,-1,0,0,0,0,0,0,-1,0,30,0,30,0,0,30,30,0,30,1,1,0,0,0,-1,608011156
1,3,365,1,0,0,0,2,3,1,0,0,25,0,22,1,101,423,0,0,0,2,0,25,0,0,-1,-1,-1,-1,0,0,0,0,0,0,-1,0,0,-1,-1,-1,-1,0,0,0,0,0,0,-1,0,30,0,30,0,0,30,30,7,30,1,1,0,0,0,-1,608011156
1,3,365,1,0,0,1,0,3,1,0,0,25,0,22,1,101,410,0,0,1,0,0,25,0,0,-1,-1,-1,-1,0,0,0,0,0,0,-1,0,0,-1,-1,-1,-1,0,0,0,0,0,0,-1,0,180,0,180,0,0,180,180,30,180,1,1,0,0,0,-1,608011156
1,3,365,1,0,0,1,0,3,1,0,0,25,0,22,1,101,423,0,0,1,0,0,25,0,0,-1,-1,-1,-1,0,0,0,0,0,0,-1,0,0,-1,-1,-1,-1,0,0,0,0,0,0,-1,0,30,0,30,0,0,30,30,7,30,1,1,0,0,0,-1,608011156
1,3,365,1,0,0,1,0,3,1,0,0,55,0,0,-1,-1,-1,0,0,0,0,0,-1,0,21,1,1,101,-1,7,0,0,1,0,0,55,0,0,-1,-1,-1,-1,0,0,0,0,0,0,-1,0,0,0,0,7,365,365,7,90,90,4,0,1,0,0,-1,608011156
1,3,365,1,0,0,1,0,5,1,0,0,25,0,22,1,116,423,0,0,1,0,0,25,0,0,-1,-1,-1,-1,0,0,0,0,0,0,-1,0,0,-1,-1,-1,-1,0,0,0,0,0,0,-1,0,90,0,90,0,0,90,90,60,180,1,1,0,0,0,-1,608011156
1,3,365,1,0,0,1,0,5,1,0,0,25,0,22,1,314,101,0,0,1,0,0,25,0,0,-1,-1,-1,-1,0,0,0,0,0,0,-1,0,0,-1,-1,-1,-1,0,0,0,0,0,0,-1,0,60,0,60,0,0,60,60,30,90,1,1,0,0,0,-1,608011156
1,3,365,1,0,0,1,0,5,1,0,0,25,0,22,1,335,314,0,0,1,0,0,25,0,0,-1,-1,-1,-1,0,0,0,0,0,0,-1,0,0,-1,-1,-1,-1,0,0,0,0,0,0,-1,0,30,0,30,0,0,30,30,0,30,1,1,0,0,0,-1,608011156
1,3,365,1,0,0,1,0,15,1,0,0,18,0,22,1,336,410,0,0,1,0,0,18,0,0,-1,-1,-1,-1,0,0,0,0,0,0,-1,0,0,-1,-1,-1,-1,0,0,0,0,0,0,-1,0,60,0,60,0,0,60,60,365,365,1,1,0,0,0,-1,608011156
1,3,365,1,0,0,1,0,267,1,0,0,25,0,22,1,116,99,0,0,1,0,0,25,0,0,-1,-1,-1,-1,0,0,0,0,0,0,-1,0,0,-1,-1,-1,-1,0,0,0,0,0,0,-1,0,30,0,30,0,0,30,30,7,30,1,1,0,0,0,-1,608011156
1,3,365,1,0,0,1,1,5,1,0,0,25,0,22,1,336,423,0,0,1,1,0,25,0,0,-1,-1,-1,-1,0,0,0,0,0,0,-1,0,0,-1,-1,-1,-1,0,0,0,0,0,0,-1,0,60,0,60,0,0,60,60,60,90,1,1,0,0,0,-1,608011156
1,3,365,1,0,0,1,1,17,1,0,0,25,0,22,1,116,313,0,0,1,1,0,25,0,0,-1,-1,-1,-1,0,0,0,0,0,0,-1,0,0,-1,-1,-1,-1,0,0,0,0,0,0,-1,0,30,0,30,0,0,30,30,0,30,1,1,0,0,0,-1,608011156
1,3,365,1,0,0,1,2,5,1,0,0,24,0,22,1,116,204,0,0,1,2,0,24,0,0,-1,-1,-1,-1,0,0,0,0,0,0,-1,0,0,-1,-1,-1,-1,0,0,0,0,0,0,-1,0,30,0,30,0,0,30,30,180,180,1,1,0,0,0,-1,608011156
1,3,365,1,0,0,1,2,5,1,0,0,25,0,22,1,204,205,0,0,1,2,0,25,0,0,-1,-1,-1,-1,0,0,0,0,0,0,-1,0,0,-1,-1,-1,-1,0,0,0,0,0,0,-1,0,90,0,90,0,0,90,90,365,365,1,1,0,0,0,-1,608011156
1,3,365,1,0,0,1,2,5,1,0,0,25,0,22,1,206,314,0,0,1,2,0,25,0,0,-1,-1,-1,-1,0,0,0,0,0,0,-1,0,0,-1,-1,-1,-1,0,0,0,0,0,0,-1,0,60,0,60,0,0,60,60,0,60,1,1,0,0,0,-1,608011156
1,3,365,1,1,0,1,0,2,1,0,0,25,0,22,1,205,329,1,0,1,0,0,25,0,0,-1,-1,-1,-1,0,0,0,0,0,0,-1,0,0,-1,-1,-1,-1,0,0,0,0,0,0,-1,0,0,180,180,0,0,180,180,365,547,2,1,0,0,0,-1,608011156
1,3,365,1,1,0,1,0,3,1,0,0,55,0,22,1,410,423,1,0,1,0,0,55,0,0,-1,-1,-1,-1,0,0,0,0,0,0,-1,0,0,-1,-1,-1,-1,0,0,0,0,0,0,-1,0,30,0,30,0,0,30,30,0,30,1,1,0,0,0,-1,608011156
1,3,365,1,1,0,1,0,5,1,0,0,25,0,22,1,101,116,1,0,1,0,0,25,0,0,-1,-1,-1,-1,0,0,0,0,0,0,-1,0,0,-1,-1,-1,-1,0,0,0,0,0,0,-1,0,30,0,30,0,0,30,30,1095,1095,1,1,0,0,0,-1,608011156
1,3,365,1,1,0,1,0,5,1,0,0,25,0,22,1,336,313,1,0,1,0,0,25,0,0,-1,-1,-1,-1,0,0,0,0,0,0,-1,0,0,-1,-1,-1,-1,0,0,0,0,0,0,-1,0,30,0,30,0,0,30,30,1095,1095,1,1,0,0,0,-1,608011156
1,3,365,1,1,0,1,0,5,1,0,0,55,0,22,1,335,116,1,0,1,0,0,55,0,0,-1,-1,-1,-1,0,0,0,0,0,0,-1,0,21,1,2,116,-1,6,1,0,1,0,0,55,0,90,0,90,7,0,90,90,1095,1095,9,1,0,1,0,-1,608011156
1,3,365,1,1,0,1,0,56,1,0,0,25,0,22,3,116,225,1,0,1,0,0,25,0,0,-1,-1,-1,-1,0,0,0,0,0,0,-1,0,0,-1,-1,-1,-1,0,0,0,0,0,0,-1,0,30,0,30,0,0,30,30,365,365,1,1,0,0,0,-1,608011156
1,3,365,1,1,0,1,1,5,1,0,0,25,0,22,1,101,313,1,0,1,1,0,25,0,0,-1,-1,-1,-1,0,0,0,0,0,0,-1,0,0,-1,-1,-1,-1,0,0,0,0,0,0,-1,0,60,0,60,0,0,60,60,365,547,1,1,0,0,0,-1,608011156
1,3,365,1,1,0,1,1,5,1,0,0,25,0,22,1,116,116,1,0,1,1,0,25,0,0,-1,-1,-1,-1,0,0,0,0,0,0,-1,0,0,-1,-1,-1,-1,0,0,0,0,0,0,-1,0,180,0,180,0,0,180,180,60,180,1,1,0,0,0,-1,608011156
1,3,365,1,1,0,1,1,5,2,0,0,24,0,22,1,116,116,1,0,1,1,0,24,0,0,-1,-1,-1,-1,0,0,0,0,0,0,-1,0,0,-1,-1,-1,-1,0,0,0,0,0,0,-1,0,60,0,60,0,0,60,60,7,60,1,1,0,0,0,-1,608011156
1,3,365,1,1,0,1,1,7,1,0,0,25,0,22,1,336,206,1,0,1,1,0,25,0,0,-1,-1,-1,-1,0,0,0,0,0,0,-1,0,21,1,2,116,-1,6,1,0,1,1,0,25,0,30,0,30,7,0,60,60,180,365,9,1,0,1,0,-1,608011156
1,3,365,1,1,0,1,2,3,1,0,0,25,0,22,1,101,99,1,0,1,2,0,25,0,0,-1,-1,-1,-1,0,0,0,0,0,0,-1,0,0,-1,-1,-1,-1,0,0,0,0,0,0,-1,0,60,0,60,0,0,60,60,547,547,1,1,0,0,0,-1,608011156
1,3,365,1,1,0,1,2,3,1,0,0,25,0,22,3,116,99,1,0,1,2,0,25,0,0,-1,-1,-1,-1,0,0,0,0,0,0,-1,0,0,-1,-1,-1,-1,0,0,0,0,0,0,-1,0,30,0,30,0,0,30,30,7,30,1,1,0,0,0,-1,608011156
1,3,365,1,1,0,1,2,5,1,0,0,25,0,22,1,116,423,1,0,1,2,0,25,0,0,-1,-1,-1,-1,0,0,0,0,0,0,-1,0,0,-1,-1,-1,-1,0,0,0,0,0,0,-1,0,30,0,30,0,0,30,30,30,60,1,1,0,0,0,-1,608011156
1,3,365,1,1,0,1,2,5,1,0,0,55,0,22,1,101,98,1,0,1,2,0,55,0,0,-1,-1,-1,-1,0,0,0,0,0,0,-1,0,0,-1,-1,-1,-1,0,0,0,0,0,0,-1,0,30,0,30,0,0,30,30,0,30,1,1,0,0,0,-1,608011156
1,3,365,1,1,0,1,2,56,1,0,0,55,0,22,1,116,313,1,0,1,2,0,55,0,0,-1,-1,-1,-1,0,0,0,0,0,0,-1,0,0,-1,-1,-1,-1,0,0,0,0,0,0,-1,0,90,0,90,0,0,90,90,1095,1095,1,1,0,0,0,-1,608011156
1,3,365,1,1,1,1,0,5,1,0,0,25,0,22,1,336,423,1,1,1,0,0,25,0,0,-1,-1,-1,-1,0,0,0,0,0,0,-1,0,21,1,2,116,-1,6,1,1,1,0,0,25,0,60,0,60,7,0,60,60,547,730,9,1,0,1,0,-1,608011156
1,3,365,1,1,1,1,0,7,1,0,0,55,0,0,-1,-1,-1,0,0,0,0,0,-1,0,22,1,1,101,434,7,1,1,1,0,0,55,0,0,-1,-1,-1,-1,0,0,0,0,0,0,-1,0,0,0,0,7,30,30,7,730,730,4,0,1,0,0,-1,608011156
1,3,365,1,1,1,1,2,5,1,0,0,25,0,22,3,116,99,1,1,1,2,0,25,0,0,-1,-1,-1,-1,0,0,0,0,0,0,-1,0,0,-1,-1,-1,-1,0,0,0,0,0,0,-1,0,30,0,30,0,0,30,30,1095,1095,1,1,0,0,0,-1,608011156
1,3,365,1,1,1,1,2,5,1,0,0,55,0,22,1,101,99,1,1,1,2,0,55,0,0,-1,-1,-1,-1,0,0,0,0,0,0,-1,0,0,-1,-1,-1,-1,0,0,0,0,0,0,-1,0,180,0,180,0,0,180,180,180,365,1,1,0,0,0,-1,608011156
1,3,365,1,1,1,1,2,246,1,0,0,55,0,0,-1,-1,-1,0,0,0,0,0,-1,0,22,1,1,101,419,7,1,1,1,2,0,55,0,21,1,1,101,-1,12,1,1,1,2,0,55,0,0,0,0,90,0,90,90,1095,1095,11,0,1,1,0,-1,608011156
1,3,365,1,4,0,0,0,2,1,0,0,25,0,22,1,116,101,0,0,0,0,0,25,0,0,-1,-1,-1,-1,0,0,0,0,0,0,-1,0,0,-1,-1,-1,-1,0,0,0,0,0,0,-1,0,30,0,30,0,0,30,30,30,30,1,1,0,0,0,-1,608011156
1,3,365,1,4,0,0,0,3,1,0,0,24,0,22,1,336,423,0,0,0,0,0,24,0,0,-1,-1,-1,-1,0,0,0,0,0,0,-1,0,0,-1,-1,-1,-1,0,0,0,0,0,0,-1,0,30,0,30,0,0,30,30,0,30,1,1,0,0,0,-1,608011156
1,3,365,1,4,0,0,0,5,1,0,0,25,0,21,1,116,-1,0,0,0,0,0,25,0,0,-1,-1,-1,-1,0,0,0,0,0,0,-1,0,0,-1,-1,-1,-1,0,0,0,0,0,0,-1,0,180,0,180,0,0,180,180,547,730,1,1,0,0,0,-1,608011156
1,3,365,1,4,0,0,0,5,1,0,0,25,0,22,1,314,207,0,0,0,0,0,25,0,0,-1,-1,-1,-1,0,0,0,0,0,0,-1,0,0,-1,-1,-1,-1,0,0,0,0,0,0,-1,0,30,0,30,0,0,30,30,0,30,1,1,0,0,0,-1,608011156
1,3,365,1,4,0,0,0,146,1,0,0,25,0,22,1,336,116,0,0,0,0,0,25,0,0,-1,-1,-1,-1,0,0,0,0,0,0,-1,0,21,1,2,116,-1,6,0,0,0,0,0,25,0,90,0,90,60,0,180,180,1095,1095,9,1,0,1,0,-1,608011156
1,3,365,1,4,0,0,2,5,1,0,0,25,0,22,3,116,99,0,0,0,2,0,25,0,0,-1,-1,-1,-1,0,0,0,0,0,0,-1,0,0,-1,-1,-1,-1,0,0,0,0,0,0,-1,0,60,0,60,0,0,60,60,1094,1094,1,1,0,0,0,-1,608011156
1,3,365,1,4,1,0,0,5,1,0,0,55,0,22,1,314,313,0,1,0,0,0,55,0,22,1,1,101,419,7,0,1,0,0,0,55,0,21,1,1,101,-1,3,0,1,0,0,0,55,0,60,0,60,180,0,180,180,547,730,10,1,1,1,0,-1,608011156
1,3,365,1,6,0,1,0,5,1,0,0,25,0,22,1,336,423,0,0,1,0,0,25,0,0,-1,-1,-1,-1,0,0,0,0,0,0,-1,0,0,-1,-1,-1,-1,0,0,0,0,0,0,-1,0,60,0,60,0,0,60,60,0,60,1,1,0,0,0,-1,608011156
1,3,365,1,9,1,1,2,5,1,0,0,25,0,22,1,116,313,0,1,1,2,0,25,0,0,-1,-1,-1,-1,0,0,0,0,0,0,-1,0,0,-1,-1,-1,-1,0,0,0,0,0,0,-1,0,30,60,90,0,0,90,90,180,180,3,1,0,0,0,-1,608011156
1,3,365,2,0,0,1,0,5,1,1,0,25,1,22,1,336,99,0,0,1,0,0,25,1,0,-1,-1,-1,-1,0,0,0,0,0,0,-1,0,0,-1,-1,-1,-1,0,0,0,0,0,0,-1,0,30,0,30,0,0,30,30,60,90,1,1,0,0,0,-1,608011156
1,3,365,2,4,0,0,0,56,2,3,0,25,1,22,1,116,98,0,0,0,0,0,25,1,22,0,1,116,99,180,0,0,0,0,1,25,1,0,-1,-1,-1,-1,0,0,0,0,0,0,-1,0,30,0,30,180,0,180,180,365,547,5,1,0,0,0,-1,608011156
1,3,365,3,0,0,0,2,5,0,1,0,-1,0,22,1,336,99,0,0,0,2,0,-1,0,0,-1,-1,-1,-1,0,0,0,0,0,0,-1,0,0,-1,-1,-1,-1,0,0,0,0,0,0,-1,0,30,0,30,0,0,30,30,365,365,1,1,0,0,0,-1,608011156
1,3,365,3,9,0,1,0,267,0,1,0,-1,0,22,1,215,215,0,0,1,0,0,-1,0,0,-1,-1,-1,-1,0,0,0,0,0,0,-1,0,0,-1,-1,-1,-1,0,0,0,0,0,0,-1,0,0,60,60,0,0,60,60,0,60,2,1,0,0,0,-1,608011156
1,3,547,1,0,0,1,0,5,1,0,0,24,0,21,3,336,-1,0,0,1,0,0,24,0,0,-1,-1,-1,-1,0,0,0,0,0,0,-1,0,0,-1,-1,-1,-1,0,0,0,0,0,0,-1,0,180,0,180,0,0,180,180,547,547,1,1,0,0,0,-1,608011156
1,3,547,1,0,0,1,0,5,1,0,0,25,0,22,1,116,313,0,0,1,0,0,25,0,0,-1,-1,-1,-1,0,0,0,0,0,0,-1,0,0,-1,-1,-1,-1,0,0,0,0,0,0,-1,0,30,0,30,0,0,30,30,30,60,1,1,0,0,0,-1,608011156
1,3,547,1,0,0,1,0,5,1,0,0,25,0,22,1,116,410,0,0,1,0,0,25,0,0,-1,-1,-1,-1,0,0,0,0,0,0,-1,0,0,-1,-1,-1,-1,0,0,0,0,0,0,-1,0,60,0,60,0,0,60,60,7,60,1,1,0,0,0,-1,608011156
1,3,547,1,0,0,1,0,56,1,0,0,18,0,22,1,336,99,0,0,1,0,0,18,0,0,-1,-1,-1,-1,0,0,0,0,0,0,-1,0,0,-1,-1,-1,-1,0,0,0,0,0,0,-1,0,30,0,30,0,0,30,30,90,90,1,1,0,0,0,-1,608011156
1,3,547,1,0,0,1,0,127,1,0,0,55,0,22,1,410,99,0,0,1,0,0,55,0,0,-1,-1,-1,-1,0,0,0,0,0,0,-1,0,0,-1,-1,-1,-1,0,0,0,0,0,0,-1,0,30,0,30,0,0,30,30,0,30,1,1,0,0,0,-1,608011156
1,3,547,1,0,0,1,1,5,1,0,0,25,0,22,1,116,204,0,0,1,1,0,25,0,0,-1,-1,-1,-1,0,0,0,0,0,0,-1,0,0,-1,-1,-1,-1,0,0,0,0,0,0,-1,0,30,0,30,0,0,30,30,7,30,1,1,0,0,0,-1,608011156
1,3,547,1,0,0,1,1,5,1,0,0,25,0,22,1,336,423,0,0,1,1,0,25,0,0,-1,-1,-1,-1,0,0,0,0,0,0,-1,0,0,-1,-1,-1,-1,0,0,0,0,0,0,-1,0,30,0,30,0,0,30,30,0,30,1,1,0,0,0,-1,608011156
1,3,547,1,0,0,1,2,3,1,0,0,25,0,22,1,205,98,0,0,1,2,0,25,0,0,-1,-1,-1,-1,0,0,0,0,0,0,-1,0,0,-1,-1,-1,-1,0,0,0,0,0,0,-1,0,30,0,30,0,0,30,30,1094,1094,1,1,0,0,0,-1,608011156
1,3,547,1,0,0,1,2,5,1,0,0,25,0,22,1,206,422,0,0,1,2,0,25,0,0,-1,-1,-1,-1,0,0,0,0,0,0,-1,0,0,-1,-1,-1,-1,0,0,0,0,0,0,-1,0,30,0,30,0,0,30,30,7,30,1,1,0,0,0,-1,608011156
1,3,547,1,0,0,1,2,13,1,0,0,25,0,22,1,116,99,0,0,1,2,0,25,0,0,-1,-1,-1,-1,0,0,0,0,0,0,-1,0,0,-1,-1,-1,-1,0,0,0,0,0,0,-1,0,30,0,30,0,0,30,30,60,90,1,1,0,0,0,-1,608011156
1,3,547,1,0,0,1,2,134,1,0,0,25,0,22,1,410,410,0,0,1,2,0,25,0,0,-1,-1,-1,-1,0,0,0,0,0,0,-1,0,0,-1,-1,-1,-1,0,0,0,0,0,0,-1,0,60,0,60,0,0,60,60,30,90,1,1,0,0,0,-1,608011156
1,3,547,1,1,0,1,0,5,1,0,0,24,0,22,1,440,423,1,0,1,0,0,24,0,0,-1,-1,-1,-1,0,0,0,0,0,0,-1,0,0,-1,-1,-1,-1,0,0,0,0,0,0,-1,0,90,0,90,0,0,90,90,30,180,1,1,0,0,0,-1,608011156
1,3,547,1,1,0,1,0,5,1,0,0,25,0,21,1,99,-1,1,0,1,0,0,25,0,0,-1,-1,-1,-1,0,0,0,0,0,0,-1,0,0,-1,-1,-1,-1,0,0,0,0,0,0,-1,0,7,0,7,0,0,7,7,730,730,1,1,0,0,0,-1,608011156
1,3,547,1,1,0,1,0,5,1,0,0,25,0,22,1,207,313,1,0,1,0,0,25,0,0,-1,-1,-1,-1,0,0,0,0,0,0,-1,0,0,-1,-1,-1,-1,0,0,0,0,0,0,-1,0,60,0,60,0,0,60,60,0,60,1,1,0,0,0,-1,608011156
1,3,547,1,1,0,1,0,5,1,0,0,25,0,22,1,207,423,1,0,1,0,0,25,0,0,-1,-1,-1,-1,0,0,0,0,0,0,-1,0,0,-1,-1,-1,-1,0,0,0,0,0,0,-1,0,30,0,30,0,0,30,30,0,30,1,1,0,0,0,-1,608011156
1,3,547,1,1,0,1,0,15,1,0,0,55,0,21,1,116,-1,1,0,1,0,0,55,0,0,-1,-1,-1,-1,0,0,0,0,0,0,-1,0,0,-1,-1,-1,-1,0,0,0,0,0,0,-1,0,90,0,90,0,0,90,90,90,180,1,1,0,0,0,-1,608011156
1,3,547,1,1,0,1,0,26,1,0,0,25,0,22,1,204,99,1,0,1,0,0,25,0,0,-1,-1,-1,-1,0,0,0,0,0,0,-1,0,0,-1,-1,-1,-1,0,0,0,0,0,0,-1,0,60,0,60,0,0,60,60,30,90,1,1,0,0,0,-1,608011156
1,3,547,1,1,0,1,1,5,1,0,0,25,0,21,1,335,-1,1,0,1,1,0,25,0,0,-1,-1,-1,-1,0,0,0,0,0,0,-1,0,0,-1,-1,-1,-1,0,0,0,0,0,0,-1,0,180,0,180,0,0,180,180,1095,1095,1,1,0,0,0,-1,608011156
1,3,547,1,1,0,1,1,5,1,0,0,25,0,22,1,314,410,1,0,1,1,0,25,0,0,-1,-1,-1,-1,0,0,0,0,0,0,-1,0,0,-1,-1,-1,-1,0,0,0,0,0,0,-1,0,90,0,90,0,0,90,90,60,180,1,1,0,0,0,-1,608011156
1,3,547,1,1,0,1,1,5,1,0,0,25,0,22,1,336,423,1,0,1,1,0,25,0,0,-1,-1,-1,-1,0,0,0,0,0,0,-1,0,0,-1,-1,-1,-1,0,0,0,0,0,0,-1,0,30,0,30,0,0,30,30,0,30,1,1,0,0,0,-1,608011156
1,3,547,1,1,0,1,1,123,1,0,0,25,0,21,1,336,-1,1,0,1,1,0,25,0,0,-1,-1,-1,-1,0,0,0,0,0,0,-1,0,0,-1,-1,-1,-1,0,0,0,0,0,0,-1,0,90,0,90,0,0,90,90,7,90,1,1,0,0,0,-1,608011156
1,3,547,1,1,0,1,1,356,1,0,0,25,0,22,1,101,423,1,0,1,1,0,25,0,0,-1,-1,-1,-1,0,0,0,0,0,0,-1,0,0,-1,-1,-1,-1,0,0,0,0,0,0,-1,0,60,0,60,0,0,60,60,180,180,1,1,0,0,0,-1,608011156
1,3,547,1,1,0,1,2,5,1,0,0,25,0,0,-1,-1,-1,0,0,0,0,0,-1,0,21,1,1,116,-1,7,1,0,1,2,0,25,0,0,-1,-1,-1,-1,0,0,0,0,0,0,-1,0,0,0,0,7,90,90,7,547,547,4,0,1,0,0,-1,608011156
1,3,547,1,1,0,1,2,5,1,0,0,25,0,22,1,116,313,1,0,1,2,0,25,0,0,-1,-1,-1,-1,0,0,0,0,0,0,-1,0,0,-1,-1,-1,-1,0,0,0,0,0,0,-1,0,60,0,60,0,0,60,60,180,180,1,1,0,0,0,-1,608011156
1,3,547,1,1,1,1,0,5,1,0,0,55,0,22,1,99,99,1,1,1,0,0,55,0,0,-1,-1,-1,-1,0,0,0,0,0,0,-1,0,0,-1,-1,-1,-1,0,0,0,0,0,0,-1,0,7,0,7,0,0,7,7,7,7,1,1,0,0,0,-1,608011156
1,3,547,1,2,0,1,0,3,1,0,0,55,0,22,1,101,422,0,0,1,0,0,55,0,0,-1,-1,-1,-1,0,0,0,0,0,0,-1,0,0,-1,-1,-1,-1,0,0,0,0,0,0,-1,0,60,0,60,0,0,60,60,0,60,1,1,0,0,0,-1,608011156
1,3,547,1,2,0,1,0,5,1,0,0,25,0,0,-1,-1,-1,0,0,0,0,0,-1,0,21,1,1,101,-1,30,0,0,1,0,0,25,0,0,-1,-1,-1,-1,0,0,0,0,0,0,-1,0,0,0,0,30,180,180,30,180,365,4,0,1,0,0,-1,608011156
1,3,547,1,2,0,1,0,5,1,0,0,25,0,22,1,116,98,0,0,1,0,0,25,0,0,-1,-1,-1,-1,0,0,0,0,0,0,-1,0,0,-1,-1,-1,-1,0,0,0,0,0,0,-1,0,30,0,30,0,0,30,30,7,30,1,1,0,0,0,-1,608011156
1,3,547,1,4,0,0,0,5,1,0,0,25,0,21,1,116,-1,0,0,0,0,0,25,0,0,-1,-1,-1,-1,0,0,0,0,0,0,-1,0,0,-1,-1,-1,-1,0,0,0,0,0,0,-1,0,180,0,180,0,0,180,180,1095,1095,1,1,0,0,0,-1,608011156
1,3,547,1,6,0,1,0,5,1,0,0,25,0,21,1,207,-1,0,0,1,0,0,25,0,0,-1,-1,-1,-1,0,0,0,0,0,0,-1,0,0,-1,-1,-1,-1,0,0,0,0,0,0,-1,0,90,0,90,0,0,90,90,180,365,1,1,0,0,0,-1,608011156
1,3,547,1,9,0,1,0,5,2,0,0,25,0,0,-1,-1,-1,0,0,0,0,0,-1,0,0,-1,-1,-1,-1,0,0,0,0,0,0,-1,0,0,-1,-1,-1,-1,0,0,0,0,0,0,-1,0,0,0,0,0,0,0,0,7,7,12,0,0,0,22,1,608011156
1,3,547,1,9,0,1,2,3,1,0,0,25,0,0,-1,-1,-1,0,0,0,0,0,-1,0,21,1,1,116,-1,7,0,0,1,2,0,25,0,0,-1,-1,-1,-1,0,0,0,0,0,0,-1,0,0,0,0,7,180,180,7,90,90,4,0,1,0,0,-1,608011156
1,3,547,2,0,0,0,1,5,1,1,0,25,1,22,1,207,99,0,0,0,1,0,25,1,0,-1,-1,-1,-1,0,0,0,0,0,0,-1,0,0,-1,-1,-1,-1,0,0,0,0,0,0,-1,0,60,0,60,0,0,60,60,0,60,1,1,0,0,0,-1,608011156
1,3,547,2,0,0,0,1,157,2,3,0,25,1,0,-1,-1,-1,0,0,0,0,0,-1,0,21,1,1,336,-1,7,0,0,0,1,1,25,1,0,-1,-1,-1,-1,0,0,0,0,0,0,-1,0,0,0,0,7,90,90,7,0,7,4,0,1,0,0,-1,608011156
1,3,547,2,0,0,0,2,56,2,1,0,25,1,22,1,116,99,0,0,0,2,0,25,1,0,-1,-1,-1,-1,0,0,0,0,0,0,-1,0,0,-1,-1,-1,-1,0,0,0,0,0,0,-1,0,30,0,30,0,0,30,30,7,60,1,1,0,0,0,-1,608011156
1,3,730,1,0,0,0,0,3,1,0,0,25,0,22,1,101,423,0,0,0,0,0,25,0,0,-1,-1,-1,-1,0,0,0,0,0,0,-1,0,0,-1,-1,-1,-1,0,0,0,0,0,0,-1,0,30,0,30,0,0,30,30,0,30,1,1,0,0,0,-1,608011156
1,3,730,1,0,0,0,0,5,1,0,0,25,0,22,3,116,312,0,0,0,0,0,25,0,0,-1,-1,-1,-1,0,0,0,0,0,0,-1,0,0,-1,-1,-1,-1,0,0,0,0,0,0,-1,0,60,0,60,0,0,60,60,30,60,1,1,0,0,0,-1,608011156
1,3,730,1,0,0,0,0,5,2,0,0,25,0,22,1,336,314,0,0,0,0,0,25,0,0,-1,-1,-1,-1,0,0,0,0,0,0,-1,0,0,-1,-1,-1,-1,0,0,0,0,0,0,-1,0,60,0,60,0,0,60,60,30,90,1,1,0,0,0,-1,608011156
1,3,730,1,0,0,1,0,3,1,0,0,55,0,22,1,116,99,0,0,1,0,0,55,0,21,1,1,101,-1,7,0,0,1,0,0,55,0,0,-1,-1,-1,-1,0,0,0,0,0,0,-1,0,60,0,60,7,365,365,60,60,180,5,1,1,0,0,-1,608011156
1,3,730,1,0,0,1,0,5,1,0,0,55,0,22,1,314,24,0,0,1,0,0,55,0,0,-1,-1,-1,-1,0,0,0,0,0,0,-1,0,0,-1,-1,-1,-1,0,0,0,0,0,0,-1,0,180,0,180,0,0,180,180,7,180,1,1,0,0,0,-1,608011156
1,3,730,1,0,0,1,2,5,1,0,0,25,0,22,1,335,423,0,0,1,2,0,25,0,0,-1,-1,-1,-1,0,0,0,0,0,0,-1,0,0,-1,-1,-1,-1,0,0,0,0,0,0,-1,0,30,0,30,0,0,30,30,0,30,1,1,0,0,0,-1,608011156
1,3,730,1,1,0,1,0,5,1,0,0,25,0,0,-1,-1,-1,0,0,0,0,0,-1,0,21,1,2,101,-1,90,1,0,1,0,0,25,0,0,-1,-1,-1,-1,0,0,0,0,0,0,-1,0,0,0,0,90,90,180,90,730,1094,4,0,1,0,0,-1,608011156
1,3,730,1,1,0,1,0,5,1,0,0,25,0,22,1,99,99,1,0,1,0,0,25,0,0,-1,-1,-1,-1,0,0,0,0,0,0,-1,0,0,-1,-1,-1,-1,0,0,0,0,0,0,-1,0,30,0,30,0,0,30,30,60,60,1,1,0,0,0,-1,608011156
1,3,730,1,1,0,1,0,5,1,0,0,25,0,22,1,101,422,1,0,1,0,0,25,0,0,-1,-1,-1,-1,0,0,0,0,0,0,-1,0,0,-1,-1,-1,-1,0,0,0,0,0,0,-1,0,30,0,30,0,0,30,30,547,547,1,1,0,0,0,-1,608011156
1,3,730,1,1,0,1,0,14,1,0,0,25,0,22,1,99,207,1,0,1,0,0,25,0,0,-1,-1,-1,-1,0,0,0,0,0,0,-1,0,0,-1,-1,-1,-1,0,0,0,0,0,0,-1,0,60,0,60,0,0,60,60,730,730,1,1,0,0,0,-1,608011156
1,3,730,1,1,0,1,0,56,1,0,0,25,0,22,1,116,116,1,0,1,0,0,25,0,0,-1,-1,-1,-1,0,0,0,0,0,0,-1,0,21,1,2,116,-1,6,1,0,1,0,0,25,0,30,0,30,7,0,30,30,547,547,9,1,0,1,0,-1,608011156
1,3,730,1,1,0,1,0,126,1,0,0,55,0,22,1,410,423,1,0,1,0,0,55,0,0,-1,-1,-1,-1,0,0,0,0,0,0,-1,0,0,-1,-1,-1,-1,0,0,0,0,0,0,-1,0,90,0,90,0,0,90,90,0,90,1,1,0,0,0,-1,608011156
1,3,730,1,1,0,1,1,5,1,0,0,25,0,21,1,336,-1,1,0,1,1,0,25,0,0,-1,-1,-1,-1,0,0,0,0,0,0,-1,0,0,-1,-1,-1,-1,0,0,0,0,0,0,-1,0,180,0,180,0,0,180,180,730,730,1,1,0,0,0,-1,608011156
1,3,730,1,1,0,1,1,5,1,0,0,25,0,22,1,101,313,1,0,1,1,0,25,0,0,-1,-1,-1,-1,0,0,0,0,0,0,-1,0,0,-1,-1,-1,-1,0,0,0,0,0,0,-1,0,30,0,30,0,0,30,30,1094,1094,1,1,0,0,0,-1,608011156
1,3,730,1,1,0,1,1,126,1,0,0,55,0,22,1,336,410,1,0,1,1,0,55,0,0,-1,-1,-1,-1,0,0,0,0,0,0,-1,0,0,-1,-1,-1,-1,0,0,0,0,0,0,-1,0,180,0,180,0,0,180,180,60,365,1,1,0,0,0,-1,608011156
1,3,730,1,1,0,1,1,136,1,0,0,55,0,22,1,101,101,1,0,1,1,0,55,0,0,-1,-1,-1,-1,0,0,0,0,0,0,-1,0,0,-1,-1,-1,-1,0,0,0,0,0,0,-1,0,30,0,30,0,0,30,30,7,30,1,1,0,0,0,-1,608011156
1,3,730,1,1,1,1,0,3,1,0,0,55,0,21,1,336,-1,1,1,1,0,0,55,0,21,0,2,101,-1,90,1,1,1,0,0,55,0,0,-1,-1,-1,-1,0,0,0,0,0,0,-1,0,0,90,90,0,0,90,90,60,180,6,1,0,0,0,-1,608011156
1,3,730,1,4,0,0,0,3,1,0,0,24,0,22,1,101,423,0,0,0,0,0,24,0,0,-1,-1,-1,-1,0,0,0,0,0,0,-1,0,0,-1,-1,-1,-1,0,0,0,0,0,0,-1,0,180,0,180,0,0,180,180,1094,1094,1,1,0,0,0,-1,608011156
1,3,730,1,4,0,0,0,3,1,0,0,55,0,0,-1,-1,-1,0,0,0,0,0,-1,0,21,0,1,101,-1,365,0,0,0,0,0,55,0,0,-1,-1,-1,-1,0,0,0,0,0,0,-1,0,0,0,0,365,0,365,365,1095,1095,4,0,0,0,0,-1,608011156
1,3,730,1,4,0,0,0,357,1,0,0,25,0,22,1,336,313,0,0,0,0,0,25,0,0,-1,-1,-1,-1,0,0,0,0,0,0,-1,0,0,-1,-1,-1,-1,0,0,0,0,0,0,-1,0,30,0,30,0,0,30,30,1094,1094,1,1,0,0,0,-1,608011156
1,3,730,1,6,1,1,0,56,1,0,0,55,0,22,1,204,420,0,1,1,0,0,55,0,0,-1,-1,-1,-1,0,0,0,0,0,0,-1,0,0,-1,-1,-1,-1,0,0,0,0,0,0,-1,0,180,0,180,0,0,180,180,1094,1094,1,1,0,0,0,-1,608011156
1,3,730,1,9,0,1,0,5,1,0,0,18,0,0,-1,-1,-1,0,0,0,0,0,-1,0,22,1,3,116,207,7,0,0,1,0,0,18,0,0,-1,-1,-1,-1,0,0,0,0,0,0,-1,0,0,0,0,7,180,180,7,30,30,4,0,1,0,0,-1,608011156
1,3,730,2,0,0,0,2,5,2,1,0,25,1,22,1,101,411,0,0,0,2,0,25,1,0,-1,-1,-1,-1,0,0,0,0,0,0,-1,0,0,-1,-1,-1,-1,0,0,0,0,0,0,-1,0,60,0,60,0,0,60,60,7,60,1,1,0,0,0,-1,608011156
1,4,30,1,0,0,1,0,5,1,0,0,25,0,22,1,206,99,0,0,1,0,0,25,0,0,-1,-1,-1,-1,0,0,0,0,0,0,-1,0,0,-1,-1,-1,-1,0,0,0,0,0,0,-1,0,7,0,7,0,0,7,7,60,60,1,1,0,0,0,-1,608011156
1,4,30,1,0,0,1,2,5,1,0,0,25,0,0,-1,-1,-1,0,0,0,0,0,-1,0,0,-1,-1,-1,-1,0,0,0,0,0,0,-1,0,0,-1,-1,-1,-1,0,0,0,0,0,0,-1,0,0,0,0,0,0,0,0,0,0,12,0,0,0,12,2,608011156
1,4,30,1,1,0,1,1,5,1,0,0,25,0,22,1,206,99,1,0,1,1,0,25,0,0,-1,-1,-1,-1,0,0,0,0,0,0,-1,0,0,-1,-1,-1,-1,0,0,0,0,0,0,-1,0,60,0,60,0,0,60,60,7,60,1,1,0,0,0,-1,608011156
1,4,60,1,0,0,1,0,16,1,0,0,25,0,22,1,116,205,0,0,1,0,0,25,0,0,-1,-1,-1,-1,0,0,0,0,0,0,-1,0,0,-1,-1,-1,-1,0,0,0,0,0,0,-1,0,90,0,90,0,0,90,90,180,365,1,1,0,0,0,-1,608011156
1,4,60,1,1,0,1,0,5,1,0,0,25,0,22,1,204,204,1,0,1,0,0,25,0,22,0,1,205,101,90,1,0,1,0,0,25,0,0,-1,-1,-1,-1,0,0,0,0,0,0,-1,0,30,60,90,60,0,180,180,547,547,7,1,0,0,0,-1,608011156
1,4,60,1,1,0,1,2,5,1,0,0,55,0,22,1,101,423,1,0,1,2,0,55,0,0,-1,-1,-1,-1,0,0,0,0,0,0,-1,0,0,-1,-1,-1,-1,0,0,0,0,0,0,-1,0,90,0,90,0,0,90,90,730,730,1,1,0,0,0,-1,608011156
1,4,60,1,9,0,1,2,5,1,0,0,25,0,22,1,101,434,0,0,1,2,0,25,0,0,-1,-1,-1,-1,0,0,0,0,0,0,-1,0,0,-1,-1,-1,-1,0,0,0,0,0,0,-1,0,60,0,60,0,0,60,60,0,60,1,1,0,0,0,-1,608011156
1,4,90,1,0,0,1,0,5,1,0,0,18,0,22,1,116,313,0,0,1,0,0,18,0,0,-1,-1,-1,-1,0,0,0,0,0,0,-1,0,0,-1,-1,-1,-1,0,0,0,0,0,0,-1,0,30,0,30,0,0,30,30,7,30,1,1,0,0,0,-1,608011156
1,4,90,1,0,1,1,0,3,1,0,0,55,0,22,1,336,410,0,1,1,0,0,55,0,0,-1,-1,-1,-1,0,0,0,0,0,0,-1,0,0,-1,-1,-1,-1,0,0,0,0,0,0,-1,0,60,0,60,0,0,60,60,7,60,1,1,0,0,0,-1,608011156
1,4,90,1,0,1,1,2,57,1,0,0,55,0,22,1,101,206,0,1,1,2,0,55,0,22,1,1,101,420,60,0,1,1,2,0,55,0,0,-1,-1,-1,-1,0,0,0,0,0,0,-1,0,60,0,60,60,90,180,90,180,180,5,1,1,0,0,-1,608011156
1,4,90,1,1,0,1,0,5,1,0,0,24,0,22,1,335,410,1,0,1,0,0,24,0,0,-1,-1,-1,-1,0,0,0,0,0,0,-1,0,0,-1,-1,-1,-1,0,0,0,0,0,0,-1,0,60,0,60,0,0,60,60,30,60,1,1,0,0,0,-1,608011156
1,4,90,1,1,0,1,0,5,1,0,0,55,0,22,1,204,423,1,0,1,0,0,55,0,0,-1,-1,-1,-1,0,0,0,0,0,0,-1,0,0,-1,-1,-1,-1,0,0,0,0,0,0,-1,0,90,0,90,0,0,90,90,0,90,1,1,0,0,0,-1,608011156
1,4,90,1,1,0,1,0,146,1,0,0,25,0,21,1,116,-1,1,0,1,0,0,25,0,0,-1,-1,-1,-1,0,0,0,0,0,0,-1,0,0,-1,-1,-1,-1,0,0,0,0,0,0,-1,0,180,0,180,0,0,180,180,30,180,1,1,0,0,0,-1,608011156
1,4,90,1,1,0,1,1,1,1,0,0,55,0,21,1,116,-1,1,0,1,1,0,55,0,0,-1,-1,-1,-1,0,0,0,0,0,0,-1,0,0,-1,-1,-1,-1,0,0,0,0,0,0,-1,0,180,0,180,0,0,180,180,1094,1094,1,1,0,0,0,-1,608011156
1,4,90,1,1,1,1,0,15,1,0,0,55,0,0,-1,-1,-1,0,0,0,0,0,-1,0,22,0,3,116,207,90,1,1,1,0,0,55,0,0,-1,-1,-1,-1,0,0,0,0,0,0,-1,0,0,0,0,90,0,90,90,0,90,4,0,0,0,0,-1,608011156
1,4,90,1,4,0,0,0,3,1,0,0,18,0,22,1,335,313,0,0,0,0,0,18,0,0,-1,-1,-1,-1,0,0,0,0,0,0,-1,0,0,-1,-1,-1,-1,0,0,0,0,0,0,-1,0,30,0,30,0,0,30,30,7,30,1,1,0,0,0,-1,608011156
1,4,90,1,4,0,0,0,5,1,0,0,25,0,22,1,101,99,0,0,0,0,0,25,0,0,-1,-1,-1,-1,0,0,0,0,0,0,-1,0,0,-1,-1,-1,-1,0,0,0,0,0,0,-1,0,60,0,60,0,0,60,60,30,90,1,1,0,0,0,-1,608011156
1,4,90,1,4,0,0,0,5,1,0,0,25,0,22,3,116,99,0,0,0,0,0,25,0,0,-1,-1,-1,-1,0,0,0,0,0,0,-1,0,0,-1,-1,-1,-1,0,0,0,0,0,0,-1,0,60,0,60,0,0,60,60,1094,1094,1,1,0,0,0,-1,608011156
1,4,90,1,4,0,0,0,5,1,0,0,25,0,22,3,335,98,0,0,0,0,0,25,0,0,-1,-1,-1,-1,0,0,0,0,0,0,-1,0,0,-1,-1,-1,-1,0,0,0,0,0,0,-1,0,180,0,180,0,0,180,180,180,365,1,1,0,0,0,-1,608011156
1,4,90,1,6,0,1,0,5,1,0,0,25,0,21,3,336,-1,0,0,1,0,0,25,0,0,-1,-1,-1,-1,0,0,0,0,0,0,-1,0,0,-1,-1,-1,-1,0,0,0,0,0,0,-1,0,365,0,365,0,0,365,365,547,730,1,1,0,0,0,-1,608011156
1,4,90,1,6,0,1,2,5,1,0,0,25,0,21,1,116,-1,0,0,1,2,0,25,0,0,-1,-1,-1,-1,0,0,0,0,0,0,-1,0,0,-1,-1,-1,-1,0,0,0,0,0,0,-1,0,180,0,180,0,0,180,180,180,365,1,1,0,0,0,-1,608011156
1,4,90,1,9,0,1,0,5,2,0,0,25,0,22,3,335,98,0,0,1,0,0,25,0,0,-1,-1,-1,-1,0,0,0,0,0,0,-1,0,0,-1,-1,-1,-1,0,0,0,0,0,0,-1,0,30,0,30,0,0,30,30,180,180,1,1,0,0,0,-1,608011156
1,4,180,1,0,0,0,0,5,1,0,0,18,0,22,1,336,423,0,0,0,0,0,18,0,0,-1,-1,-1,-1,0,0,0,0,0,0,-1,0,0,-1,-1,-1,-1,0,0,0,0,0,0,-1,0,30,0,30,0,0,30,30,0,30,1,1,0,0,0,-1,608011156
1,4,180,1,0,0,0,0,147,1,0,0,18,0,22,3,206,99,0,0,0,0,0,18,0,0,-1,-1,-1,-1,0,0,0,0,0,0,-1,0,0,-1,-1,-1,-1,0,0,0,0,0,0,-1,0,180,0,180,0,0,180,180,365,547,1,1,0,0,0,-1,608011156
1,4,180,1,0,0,1,0,5,1,0,0,25,0,22,1,314,423,0,0,1,0,0,25,0,0,-1,-1,-1,-1,0,0,0,0,0,0,-1,0,0,-1,-1,-1,-1,0,0,0,0,0,0,-1,0,60,0,60,0,0,60,60,0,60,1,1,0,0,0,-1,608011156
1,4,180,1,0,0,1,0,5,1,0,0,55,0,22,1,336,99,0,0,1,0,0,55,0,21,1,1,101,-1,60,0,0,1,0,0,55,0,0,-1,-1,-1,-1,0,0,0,0,0,0,-1,0,60,0,60,60,180,365,180,60,180,5,1,1,0,0,-1,608011156
1,4,180,1,0,0,1,0,5,2,0,0,55,0,22,1,116,312,0,0,1,0,0,55,0,0,-1,-1,-1,-1,0,0,0,0,0,0,-1,0,0,-1,-1,-1,-1,0,0,0,0,0,0,-1,0,90,0,90,0,0,90,90,7,90,1,1,0,0,0,-1,608011156
1,4,180,1,0,0,1,0,35,1,0,0,25,0,22,1,116,99,0,0,1,0,0,25,0,21,1,1,116,-1,7,0,0,1,0,0,25,0,0,-1,-1,-1,-1,0,0,0,0,0,0,-1,0,30,0,30,7,365,365,30,365,365,5,1,1,0,0,-1,608011156
1,4,180,1,0,0,1,2,3,1,0,0,25,0,22,1,116,423,0,0,1,2,0,25,0,0,-1,-1,-1,-1,0,0,0,0,0,0,-1,0,0,-1,-1,-1,-1,0,0,0,0,0,0,-1,0,30,0,30,0,0,30,30,0,30,1,1,0,0,0,-1,608011156
1,4,180,1,0,0,1,2,3,1,0,0,25,0,22,1,336,98,0,0,1,2,0,25,0,0,-1,-1,-1,-1,0,0,0,0,0,0,-1,0,0,-1,-1,-1,-1,0,0,0,0,0,0,-1,0,60,0,60,0,0,60,60,30,60,1,1,0,0,0,-1,608011156
1,4,180,1,0,0,1,2,5,1,0,0,25,0,22,1,206,422,0,0,1,2,0,25,0,0,-1,-1,-1,-1,0,0,0,0,0,0,-1,0,0,-1,-1,-1,-1,0,0,0,0,0,0,-1,0,30,0,30,0,0,30,30,0,30,1,1,0,0,0,-1,608011156
1,4,180,1,1,0,1,0,3,1,0,0,25,0,22,1,116,99,1,0,1,0,0,25,0,0,-1,-1,-1,-1,0,0,0,0,0,0,-1,0,0,-1,-1,-1,-1,0,0,0,0,0,0,-1,0,30,0,30,0,0,30,30,0,30,1,1,0,0,0,-1,608011156
1,4,180,1,1,0,1,0,3,1,0,0,25,0,22,3,335,205,1,0,1,0,0,25,0,0,-1,-1,-1,-1,0,0,0,0,0,0,-1,0,0,-1,-1,-1,-1,0,0,0,0,0,0,-1,0,90,0,90,0,0,90,90,7,90,1,1,0,0,0,-1,608011156
1,4,180,1,1,0,1,0,5,1,0,0,25,0,22,1,206,423,1,0,1,0,0,25,0,0,-1,-1,-1,-1,0,0,0,0,0,0,-1,0,0,-1,-1,-1,-1,0,0,0,0,0,0,-1,0,30,0,30,0,0,30,30,0,30,1,1,0,0,0,-1,608011156
1,4,180,1,1,0,1,0,5,1,0,0,25,0,22,3,206,431,1,0,1,0,0,25,0,0,-1,-1,-1,-1,0,0,0,0,0,0,-1,0,0,-1,-1,-1,-1,0,0,0,0,0,0,-1,0,60,0,60,0,0,60,60,60,180,1,1,0,0,0,-1,608011156
1,4,180,1,1,0,1,0,25,1,0,0,25,0,22,1,336,422,1,0,1,0,0,25,0,0,-1,-1,-1,-1,0,0,0,0,0,0,-1,0,0,-1,-1,-1,-1,0,0,0,0,0,0,-1,0,30,0,30,0,0,30,30,7,30,1,1,0,0,0,-1,608011156
1,4,180,1,1,0,1,0,35,1,0,0,25,0,22,1,336,99,1,0,1,0,0,25,0,0,-1,-1,-1,-1,0,0,0,0,0,0,-1,0,0,-1,-1,-1,-1,0,0,0,0,0,0,-1,0,60,0,60,0,0,60,60,7,60,1,1,0,0,0,-1,608011156
1,4,180,1,1,0,1,0,467,1,0,0,25,0,22,3,116,98,1,0,1,0,0,25,0,0,-1,-1,-1,-1,0,0,0,0,0,0,-1,0,0,-1,-1,-1,-1,0,0,0,0,0,0,-1,0,60,0,60,0,0,60,60,547,547,1,1,0,0,0,-1,608011156
1,4,180,1,1,0,1,1,3,1,0,0,25,0,22,1,336,98,1,0,1,1,0,25,0,0,-1,-1,-1,-1,0,0,0,0,0,0,-1,0,0,-1,-1,-1,-1,0,0,0,0,0,0,-1,0,30,0,30,0,0,30,30,30,60,1,1,0,0,0,-1,608011156
1,4,180,1,1,0,1,1,5,1,0,0,25,0,0,-1,-1,-1,0,0,0,0,0,-1,0,22,0,1,116,99,180,1,0,1,1,0,25,0,0,-1,-1,-1,-1,0,0,0,0,0,0,-1,0,0,0,0,180,0,180,180,730,1094,4,0,0,0,0,-1,608011156
1,4,180,1,1,0,1,1,5,1,0,0,25,0,0,-1,-1,-1,0,0,0,0,0,-1,0,22,0,1,116,99,365,1,0,1,1,0,25,0,0,-1,-1,-1,-1,0,0,0,0,0,0,-1,0,0,0,0,365,0,365,365,365,547,4,0,0,0,0,-1,608011156
1,4,180,1,1,0,1,1,5,1,0,0,25,0,21,1,116,-1,1,0,1,1,0,25,0,21,0,1,101,-1,180,1,0,1,1,0,25,0,0,-1,-1,-1,-1,0,0,0,0,0,0,-1,0,365,0,365,0,0,365,365,365,547,5,1,0,0,0,-1,608011156
1,4,180,1,1,0,1,1,56,1,0,0,25,0,22,1,116,99,1,0,1,1,0,25,0,0,-1,-1,-1,-1,0,0,0,0,0,0,-1,0,0,-1,-1,-1,-1,0,0,0,0,0,0,-1,0,30,0,30,0,0,30,30,7,30,1,1,0,0,0,-1,608011156
1,4,180,1,1,0,1,1,156,1,0,0,18,0,22,1,101,312,1,0,1,1,0,18,0,0,-1,-1,-1,-1,0,0,0,0,0,0,-1,0,0,-1,-1,-1,-1,0,0,0,0,0,0,-1,0,60,0,60,0,0,60,60,7,60,1,1,0,0,0,-1,608011156
1,4,180,1,1,0,1,2,5,1,0,0,25,0,0,-1,-1,-1,0,0,0,0,0,-1,0,22,1,1,101,440,180,1,0,1,2,0,25,0,0,-1,-1,-1,-1,0,0,0,0,0,0,-1,0,0,0,0,180,30,180,180,180,365,4,0,1,0,0,-1,608011156
1,4,180,1,1,0,1,2,5,1,0,0,25,0,22,3,116,431,1,0,1,2,0,25,0,0,-1,-1,-1,-1,0,0,0,0,0,0,-1,0,0,-1,-1,-1,-1,0,0,0,0,0,0,-1,0,30,0,30,0,0,30,30,365,365,1,1,0,0,21,1,608011156
1,4,180,1,1,0,1,2,15,1,0,0,25,0,22,1,206,99,1,0,1,2,0,25,0,0,-1,-1,-1,-1,0,0,0,0,0,0,-1,0,0,-1,-1,-1,-1,0,0,0,0,0,0,-1,0,30,0,30,0,0,30,30,180,180,1,1,0,0,0,-1,608011156
1,4,180,1,1,1,1,0,5,1,0,0,55,0,22,1,116,116,1,1,1,0,0,55,0,21,1,2,101,-1,90,1,1,1,0,0,55,0,0,-1,-1,-1,-1,0,0,0,0,0,0,-1,0,60,0,60,90,180,365,180,365,547,5,1,1,0,0,-1,608011156
1,4,180,1,1,1,1,0,346,1,0,0,55,0,22,1,101,99,1,1,1,0,0,55,0,0,-1,-1,-1,-1,0,0,0,0,0,0,-1,0,21,1,2,101,-1,6,1,1,1,0,0,55,0,60,0,60,7,0,60,60,1094,1094,9,1,0,1,0,-1,608011156
1,4,180,1,1,1,1,2,5,2,0,0,24,0,0,-1,-1,-1,0,0,0,0,0,-1,0,21,1,1,116,-1,180,1,1,1,2,0,24,0,0,-1,-1,-1,-1,0,0,0,0,0,0,-1,0,0,0,0,180,180,365,180,30,180,4,0,1,0,0,-1,608011156
1,4,180,1,4,0,0,0,3,1,0,0,25,0,22,1,99,99,0,0,0,0,0,25,0,0,-1,-1,-1,-1,0,0,0,0,0,0,-1,0,0,-1,-1,-1,-1,0,0,0,0,0,0,-1,0,90,0,90,0,0,90,90,365,547,1,1,0,0,0,-1,608011156
1,4,180,1,4,0,0,0,3,1,0,0,55,0,21,1,116,-1,0,0,0,0,0,55,0,0,-1,-1,-1,-1,0,0,0,0,0,0,-1,0,0,-1,-1,-1,-1,0,0,0,0,0,0,-1,0,365,0,365,0,0,365,365,1095,1095,1,1,0,0,0,-1,608011156
1,4,180,1,4,0,0,0,5,1,0,0,25,0,22,1,116,99,0,0,0,0,0,25,0,0,-1,-1,-1,-1,0,0,0,0,0,0,-1,0,0,-1,-1,-1,-1,0,0,0,0,0,0,-1,0,180,0,180,0,0,180,180,60,365,1,1,0,0,0,-1,608011156
1,4,180,1,4,0,0,0,5,1,0,0,55,0,22,1,116,99,0,0,0,0,0,55,0,0,-1,-1,-1,-1,0,0,0,0,0,0,-1,0,0,-1,-1,-1,-1,0,0,0,0,0,0,-1,0,60,0,60,0,0,60,60,1095,1095,1,1,0,0,0,-1,608011156
1,4,180,1,4,0,0,0,7,1,0,0,25,0,0,-1,-1,-1,0,0,0,0,0,-1,0,0,-1,-1,-1,-1,0,0,0,0,0,0,-1,0,0,-1,-1,-1,-1,0,0,0,0,0,0,-1,0,0,0,0,0,0,0,0,365,365,12,0,0,0,22,1,608011156
1,4,180,1,4,0,0,1,56,1,0,0,25,0,22,1,101,422,0,0,0,1,0,25,0,0,-1,-1,-1,-1,0,0,0,0,0,0,-1,0,0,-1,-1,-1,-1,0,0,0,0,0,0,-1,0,30,0,30,0,0,30,30,180,180,1,1,0,0,0,-1,608011156
1,4,180,1,4,0,0,2,237,1,0,0,18,0,22,1,335,99,0,0,0,2,0,18,0,21,1,1,101,-1,365,0,0,0,2,0,18,0,0,-1,-1,-1,-1,0,0,0,0,0,0,-1,0,30,0,30,180,180,365,365,365,547,5,1,1,0,0,-1,608011156
1,4,180,1,9,0,1,0,25,1,0,0,55,0,22,3,116,98,0,0,1,0,0,55,0,0,-1,-1,-1,-1,0,0,0,0,0,0,-1,0,0,-1,-1,-1,-1,0,0,0,0,0,0,-1,0,30,0,30,0,0,30,30,180,180,1,1,0,0,0,-1,608011156
1,4,180,1,9,1,1,0,5,1,0,0,55,0,0,-1,-1,-1,0,0,0,0,0,-1,0,22,1,2,116,419,30,0,1,1,0,0,55,0,0,-1,-1,-1,-1,0,0,0,0,0,0,-1,0,0,0,0,30,30,30,30,365,365,4,0,1,0,0,-1,608011156
1,4,365,1,0,0,0,0,3,1,0,0,24,0,21,1,336,-1,0,0,0,0,0,24,0,0,-1,-1,-1,-1,0,0,0,0,0,0,-1,0,0,-1,-1,-1,-1,0,0,0,0,0,0,-1,0,180,0,180,0,0,180,180,0,180,1,1,0,0,0,-1,608011156
1,4,365,1,0,0,0,0,3,1,0,0,25,0,22,1,336,313,0,0,0,0,0,25,0,0,-1,-1,-1,-1,0,0,0,0,0,0,-1,0,0,-1,-1,-1,-1,0,0,0,0,0,0,-1,0,60,0,60,0,0,60,60,7,60,1,1,0,0,0,-1,608011156
1,4,365,1,0,0,0,0,5,1,0,0,25,0,22,1,99,99,0,0,0,0,0,25,0,0,-1,-1,-1,-1,0,0,0,0,0,0,-1,0,0,-1,-1,-1,-1,0,0,0,0,0,0,-1,0,7,0,7,0,0,7,7,30,30,1,1,0,0,0,-1,608011156
1,4,365,1,0,0,0,0,5,1,0,0,25,0,22,1,207,99,0,0,0,0,0,25,0,0,-1,-1,-1,-1,0,0,0,0,0,0,-1,0,0,-1,-1,-1,-1,0,0,0,0,0,0,-1,0,60,0,60,0,0,60,60,547,730,1,1,0,0,0,-1,608011156
1,4,365,1,0,0,0,0,56,1,0,0,24,0,22,3,336,98,0,0,0,0,0,24,0,0,-1,-1,-1,-1,0,0,0,0,0,0,-1,0,0,-1,-1,-1,-1,0,0,0,0,0,0,-1,0,30,0,30,0,0,30,30,0,30,1,1,0,0,0,-1,608011156
1,4,365,1,0,0,0,1,5,1,0,0,25,0,22,1,116,313,0,0,0,1,0,25,0,0,-1,-1,-1,-1,0,0,0,0,0,0,-1,0,0,-1,-1,-1,-1,0,0,0,0,0,0,-1,0,30,0,30,0,0,30,30,30,30,1,1,0,0,0,-1,608011156
1,4,365,1,0,0,0,2,3,1,0,0,24,0,22,1,336,312,0,0,0,2,0,24,0,0,-1,-1,-1,-1,0,0,0,0,0,0,-1,0,0,-1,-1,-1,-1,0,0,0,0,0,0,-1,0,30,0,30,0,0,30,30,1095,1095,1,1,0,0,0,-1,608011156
1,4,365,1,0,0,0,2,145,1,0,0,55,0,22,1,116,99,0,0,0,2,0,55,0,0,-1,-1,-1,-1,0,0,0,0,0,0,-1,0,0,-1,-1,-1,-1,0,0,0,0,0,0,-1,0,30,0,30,0,0,30,30,7,30,1,1,0,0,0,-1,608011156
1,4,365,1,0,0,0,2,245,1,0,0,25,0,22,1,99,99,0,0,0,2,0,25,0,0,-1,-1,-1,-1,0,0,0,0,0,0,-1,0,0,-1,-1,-1,-1,0,0,0,0,0,0,-1,0,30,0,30,0,0,30,30,30,30,1,1,0,0,0,-1,608011156
1,4,365,1,0,0,1,0,3,1,0,0,18,0,22,1,116,98,0,0,1,0,0,18,0,0,-1,-1,-1,-1,0,0,0,0,0,0,-1,0,0,-1,-1,-1,-1,0,0,0,0,0,0,-1,0,60,0,60,0,0,60,60,7,60,1,1,0,0,0,-1,608011156
1,4,365,1,0,0,1,0,5,1,0,0,25,0,22,1,99,99,0,0,1,0,0,25,0,0,-1,-1,-1,-1,0,0,0,0,0,0,-1,0,0,-1,-1,-1,-1,0,0,0,0,0,0,-1,0,7,0,7,0,0,7,7,7,7,1,1,0,0,0,-1,608011156
1,4,365,1,0,0,1,0,5,1,0,0,25,0,22,1,99,99,0,0,1,0,0,25,0,0,-1,-1,-1,-1,0,0,0,0,0,0,-1,0,0,-1,-1,-1,-1,0,0,0,0,0,0,-1,0,7,0,7,0,0,7,7,30,30,1,1,0,0,0,-1,608011156
1,4,365,1,0,0,1,0,5,1,0,0,25,0,22,1,204,302,0,0,1,0,0,25,0,22,0,1,302,99,180,0,0,1,0,0,25,0,0,-1,-1,-1,-1,0,0,0,0,0,0,-1,0,0,60,60,180,0,180,180,0,180,6,1,0,0,0,-1,608011156
1,4,365,1,0,0,1,0,5,1,0,0,25,0,22,1,336,98,0,0,1,0,0,25,0,0,-1,-1,-1,-1,0,0,0,0,0,0,-1,0,0,-1,-1,-1,-1,0,0,0,0,0,0,-1,0,60,0,60,0,0,60,60,180,180,1,1,0,0,0,-1,608011156
1,4,365,1,0,0,1,0,5,1,0,0,55,0,22,1,336,410,0,0,1,0,0,55,0,0,-1,-1,-1,-1,0,0,0,0,0,0,-1,0,0,-1,-1,-1,-1,0,0,0,0,0,0,-1,0,180,0,180,0,0,180,180,0,180,1,1,0,0,0,-1,608011156
1,4,365,1,0,0,1,0,56,1,0,0,25,0,21,1,99,-1,0,0,1,0,0,25,0,0,-1,-1,-1,-1,0,0,0,0,0,0,-1,0,0,-1,-1,-1,-1,0,0,0,0,0,0,-1,0,30,0,30,0,0,30,30,180,180,1,1,0,0,0,-1,608011156
1,4,365,1,0,0,1,1,5,1,0,0,25,0,22,1,116,101,0,0,1,1,0,25,0,0,-1,-1,-1,-1,0,0,0,0,0,0,-1,0,0,-1,-1,-1,-1,0,0,0,0,0,0,-1,0,30,0,30,0,0,30,30,60,60,1,1,0,0,0,-1,608011156
1,4,365,1,0,0,1,2,3,1,0,0,25,0,21,3,204,-1,0,0,1,2,0,25,0,0,-1,-1,-1,-1,0,0,0,0,0,0,-1,0,0,-1,-1,-1,-1,0,0,0,0,0,0,-1,0,180,0,180,0,0,180,180,730,730,1,1,0,0,0,-1,608011156
1,4,365,1,0,0,1,2,5,1,0,0,24,0,22,1,314,313,0,0,1,2,0,24,0,21,1,1,101,-1,90,0,0,1,2,0,24,0,0,-1,-1,-1,-1,0,0,0,0,0,0,-1,0,30,0,30,90,90,180,180,7,180,5,1,1,0,0,-1,608011156
1,4,365,1,0,0,1,2,5,1,0,0,25,0,0,-1,-1,-1,0,0,0,0,0,-1,0,21,1,1,101,-1,30,0,0,1,2,0,25,0,0,-1,-1,-1,-1,0,0,0,0,0,0,-1,0,0,0,0,30,365,365,30,90,180,4,0,1,0,0,-1,608011156
1,4,365,1,0,0,1,2,5,1,0,0,25,0,0,-1,-1,-1,0,0,0,0,0,-1,0,21,1,1,336,-1,60,0,0,1,2,0,25,0,0,-1,-1,-1,-1,0,0,0,0,0,0,-1,0,0,0,0,60,180,365,60,0,60,4,0,1,0,0,-1,608011156
1,4,365,1,0,0,1,2,5,1,0,0,25,0,21,1,207,-1,0,0,1,2,0,25,0,0,-1,-1,-1,-1,0,0,0,0,0,0,-1,0,0,-1,-1,-1,-1,0,0,0,0,0,0,-1,0,180,0,180,0,0,180,180,0,180,1,1,0,0,0,-1,608011156
1,4,365,1,0,0,1,2,5,1,0,0,25,0,22,1,206,98,0,0,1,2,0,25,0,0,-1,-1,-1,-1,0,0,0,0,0,0,-1,0,0,-1,-1,-1,-1,0,0,0,0,0,0,-1,0,30,0,30,0,0,30,30,0,30,1,1,0,0,0,-1,608011156
1,4,365,1,1,0,1,0,3,1,0,0,24,0,0,-1,-1,-1,0,0,0,0,0,-1,0,21,0,1,116,-1,365,1,0,1,0,0,24,0,0,-1,-1,-1,-1,0,0,0,0,0,0,-1,0,0,0,0,365,0,365,365,547,730,4,0,0,0,0,-1,608011156
1,4,365,1,1,0,1,0,3,1,0,0,25,0,22,1,99,99,1,0,1,0,0,25,0,0,-1,-1,-1,-1,0,0,0,0,0,0,-1,0,21,1,2,116,-1,6,1,0,1,0,0,25,0,180,0,180,7,0,180,180,1095,1095,9,1,0,1,0,-1,608011156
1,4,365,1,1,0,1,0,3,1,0,0,25,0,22,1,336,116,1,0,1,0,0,25,0,0,-1,-1,-1,-1,0,0,0,0,0,0,-1,0,21,1,2,116,-1,6,1,0,1,0,0,25,0,90,0,90,7,0,90,90,547,730,9,1,0,1,0,-1,608011156
1,4,365,1,1,0,1,0,5,1,0,0,25,0,0,-1,-1,-1,0,0,0,0,0,-1,0,21,1,1,101,-1,60,1,0,1,0,0,25,0,0,-1,-1,-1,-1,0,0,0,0,0,0,-1,0,0,0,0,60,365,365,60,365,365,4,0,1,0,0,-1,608011156
1,4,365,1,1,0,1,0,5,1,0,0,25,0,0,-1,-1,-1,0,0,0,0,0,-1,0,22,0,1,101,99,180,1,0,1,0,0,25,0,0,-1,-1,-1,-1,0,0,0,0,0,0,-1,0,0,0,0,180,0,180,180,30,180,4,0,0,0,0,-1,608011156
1,4,365,1,1,0,1,0,5,1,0,0,25,0,22,1,99,99,1,0,1,0,0,25,0,0,-1,-1,-1,-1,0,0,0,0,0,0,-1,0,0,-1,-1,-1,-1,0,0,0,0,0,0,-1,0,7,0,7,0,0,7,7,30,30,1,1,0,0,0,-1,608011156
1,4,365,1,1,0,1,0,5,1,0,0,25,0,22,1,116,101,1,0,1,0,0,25,0,0,-1,-1,-1,-1,0,0,0,0,0,0,-1,0,0,-1,-1,-1,-1,0,0,0,0,0,0,-1,0,60,0,60,0,0,60,60,180,180,1,1,0,0,0,-1,608011156
1,4,365,1,1,0,1,0,5,1,0,0,25,0,22,1,335,98,1,0,1,0,0,25,0,0,-1,-1,-1,-1,0,0,0,0,0,0,-1,0,21,0,1,101,-1,0,1,0,1,0,0,25,0,60,0,60,180,0,180,180,180,365,9,1,0,0,0,-1,608011156
1,4,365,1,1,0,1,0,5,1,0,0,55,0,22,1,116,99,1,0,1,0,0,55,0,0,-1,-1,-1,-1,0,0,0,0,0,0,-1,0,0,-1,-1,-1,-1,0,0,0,0,0,0,-1,0,30,0,30,0,0,30,30,730,1094,1,1,0,0,0,-1,608011156
1,4,365,1,1,0,1,1,3,1,0,0,25,0,22,1,314,410,1,0,1,1,0,25,0,0,-1,-1,-1,-1,0,0,0,0,0,0,-1,0,0,-1,-1,-1,-1,0,0,0,0,0,0,-1,0,60,0,60,0,0,60,60,7,60,1,1,0,0,0,-1,608011156
1,4,365,1,1,0,1,1,5,1,0,0,24,0,22,1,101,313,1,0,1,1,0,24,0,22,0,1,101,99,90,1,0,1,1,0,24,0,0,-1,-1,-1,-1,0,0,0,0,0,0,-1,0,60,0,60,60,0,90,90,365,547,5,1,0,0,0,-1,608011156
1,4,365,1,1,0,1,1,5,1,0,0,24,0,22,1,116,423,1,0,1,1,0,24,0,0,-1,-1,-1,-1,0,0,0,0,0,0,-1,0,0,-1,-1,-1,-1,0,0,0,0,0,0,-1,0,30,0,30,0,0,30,30,60,60,1,1,0,0,0,-1,608011156
1,4,365,1,1,0,1,1,5,1,0,0,25,0,22,1,116,98,1,0,1,1,0,25,0,0,-1,-1,-1,-1,0,0,0,0,0,0,-1,0,0,-1,-1,-1,-1,0,0,0,0,0,0,-1,0,30,0,30,0,0,30,30,365,547,1,1,0,0,0,-1,608011156
1,4,365,1,1,0,1,1,26,1,0,0,25,0,22,1,204,410,1,0,1,1,0,25,0,0,-1,-1,-1,-1,0,0,0,0,0,0,-1,0,0,-1,-1,-1,-1,0,0,0,0,0,0,-1,0,60,0,60,0,0,60,60,7,60,1,1,0,0,0,-1,608011156
1,4,365,1,1,0,1,2,2,1,0,0,25,0,22,1,101,313,1,0,1,2,0,25,0,0,-1,-1,-1,-1,0,0,0,0,0,0,-1,0,0,-1,-1,-1,-1,0,0,0,0,0,0,-1,0,90,0,90,0,0,90,90,365,547,1,1,0,0,0,-1,608011156
1,4,365,1,1,0,1,2,3,1,0,0,25,0,21,1,101,-1,1,0,1,2,0,25,0,0,-1,-1,-1,-1,0,0,0,0,0,0,-1,0,0,-1,-1,-1,-1,0,0,0,0,0,0,-1,0,180,0,180,0,0,180,180,547,730,1,1,0,0,0,-1,608011156
1,4,365,1,1,0,1,2,3,1,0,0,25,0,22,1,336,99,1,0,1,2,0,25,0,21,1,1,101,-1,30,1,0,1,2,0,25,0,0,-1,-1,-1,-1,0,0,0,0,0,0,-1,0,30,0,30,30,365,365,60,90,180,5,1,1,0,0,-1,608011156
1,4,365,1,1,0,1,2,5,1,0,0,25,0,0,-1,-1,-1,0,0,0,0,0,-1,0,22,0,1,116,116,180,1,0,1,2,0,25,0,0,-1,-1,-1,-1,0,0,0,0,0,0,-1,0,0,0,0,180,0,180,180,1094,1094,4,0,0,0,0,-1,608011156
1,4,365,1,1,0,1,2,5,1,0,0,25,0,22,1,204,99,1,0,1,2,0,25,0,0,-1,-1,-1,-1,0,0,0,0,0,0,-1,0,0,-1,-1,-1,-1,0,0,0,0,0,0,-1,0,60,0,60,0,0,60,60,365,365,1,1,0,0,0,-1,608011156
1,4,365,1,1,0,1,2,5,1,0,0,25,0,22,1,207,98,1,0,1,2,0,25,0,0,-1,-1,-1,-1,0,0,0,0,0,0,-1,0,0,-1,-1,-1,-1,0,0,0,0,0,0,-1,0,60,0,60,0,0,60,60,365,365,1,1,0,0,0,-1,608011156
1,4,365,1,1,0,1,2,5,1,0,0,25,0,22,1,336,313,1,0,1,2,0,25,0,0,-1,-1,-1,-1,0,0,0,0,0,0,-1,0,0,-1,-1,-1,-1,0,0,0,0,0,0,-1,0,60,0,60,0,0,60,60,1095,1095,1,1,0,0,0,-1,608011156
1,4,365,1,1,0,1,2,5,1,0,0,25,0,22,3,116,313,1,0,1,2,0,25,0,0,-1,-1,-1,-1,0,0,0,0,0,0,-1,0,0,-1,-1,-1,-1,0,0,0,0,0,0,-1,0,90,0,90,0,0,90,90,7,90,1,1,0,0,0,-1,608011156
1,4,365,1,1,0,1,2,5,1,0,0,55,0,22,1,116,116,1,0,1,2,0,55,0,0,-1,-1,-1,-1,0,0,0,0,0,0,-1,0,0,-1,-1,-1,-1,0,0,0,0,0,0,-1,0,90,0,90,0,0,90,90,547,547,1,1,0,0,0,-1,608011156
1,4,365,1,1,1,1,0,3,1,0,0,55,0,22,1,207,313,1,1,1,0,0,55,0,0,-1,-1,-1,-1,0,0,0,0,0,0,-1,0,0,-1,-1,-1,-1,0,0,0,0,0,0,-1,0,30,0,30,0,0,30,30,0,30,1,1,0,0,0,-1,608011156
1,4,365,1,1,1,1,2,5,1,0,0,55,0,22,3,335,99,1,1,1,2,0,55,0,0,-1,-1,-1,-1,0,0,0,0,0,0,-1,0,0,-1,-1,-1,-1,0,0,0,0,0,0,-1,0,60,0,60,0,0,60,60,30,90,1,1,0,0,0,-1,608011156
1,4,365,1,1,1,1,2,5,2,0,0,55,0,22,1,99,99,1,1,1,0,0,55,0,21,1,2,101,-1,30,1,1,1,2,0,55,0,0,-1,-1,-1,-1,0,0,0,0,0,0,-1,0,30,0,30,30,90,180,30,1095,1095,5,1,1,0,0,-1,608011156
1,4,365,1,1,1,1,2,5,2,0,0,55,0,22,1,116,313,1,1,1,2,0,55,0,21,1,2,101,-1,60,1,1,1,2,0,55,0,0,-1,-1,-1,-1,0,0,0,0,0,0,-1,0,30,0,30,30,365,365,60,365,365,5,1,1,0,0,-1,608011156
1,4,365,1,2,1,1,0,5,1,0,0,55,0,22,3,99,118,0,1,1,0,0,55,0,0,-1,-1,-1,-1,0,0,0,0,0,0,-1,0,0,-1,-1,-1,-1,0,0,0,0,0,0,-1,0,180,0,180,0,0,180,180,0,180,1,1,0,0,0,-1,608011156
1,4,365,1,4,0,0,0,3,1,0,0,25,0,22,1,99,99,0,0,0,0,0,25,0,0,-1,-1,-1,-1,0,0,0,0,0,0,-1,0,0,-1,-1,-1,-1,0,0,0,0,0,0,-1,0,30,0,30,0,0,30,30,547,547,1,1,0,0,0,-1,608011156
1,4,365,1,4,0,0,0,5,1,0,0,25,0,22,3,314,205,0,0,0,0,0,25,0,0,-1,-1,-1,-1,0,0,0,0,0,0,-1,0,0,-1,-1,-1,-1,0,0,0,0,0,0,-1,0,30,0,30,0,0,30,30,0,30,1,1,0,0,0,-1,608011156
1,4,365,1,4,0,0,0,5,1,0,0,55,0,0,-1,-1,-1,0,0,0,0,0,-1,0,22,1,1,116,410,7,0,0,0,0,0,55,0,0,-1,-1,-1,-1,0,0,0,0,0,0,-1,0,0,0,0,7,180,180,7,1095,1095,4,0,1,0,0,-1,608011156
1,4,365,1,4,0,0,0,25,1,0,0,25,0,22,1,335,423,0,0,0,0,0,25,0,0,-1,-1,-1,-1,0,0,0,0,0,0,-1,0,0,-1,-1,-1,-1,0,0,0,0,0,0,-1,0,30,0,30,0,0,30,30,0,30,1,1,0,0,0,-1,608011156
1,4,365,1,4,0,0,0,37,1,0,0,55,0,22,1,101,423,0,0,0,0,0,55,0,0,-1,-1,-1,-1,0,0,0,0,0,0,-1,0,0,-1,-1,-1,-1,0,0,0,0,0,0,-1,0,90,0,90,0,0,90,90,0,90,1,1,0,0,0,-1,608011156
1,4,365,1,4,0,0,0,156,1,0,0,55,0,22,3,116,99,0,0,0,0,0,55,0,0,-1,-1,-1,-1,0,0,0,0,0,0,-1,0,0,-1,-1,-1,-1,0,0,0,0,0,0,-1,0,60,0,60,0,0,60,60,730,730,1,1,0,0,0,-1,608011156
1,4,365,1,4,0,0,1,5,1,0,0,25,0,0,-1,-1,-1,0,0,0,0,0,-1,0,21,0,1,116,-1,180,0,0,0,1,0,25,0,0,-1,-1,-1,-1,0,0,0,0,0,0,-1,0,0,0,0,180,0,180,180,365,365,4,0,0,0,0,-1,608011156
1,4,365,1,4,0,0,2,5,1,0,0,25,0,22,1,116,99,0,0,0,2,0,25,0,0,-1,-1,-1,-1,0,0,0,0,0,0,-1,0,0,-1,-1,-1,-1,0,0,0,0,0,0,-1,0,30,0,30,0,0,30,30,365,547,1,1,0,0,0,-1,608011156
1,4,365,1,4,0,0,2,5,1,0,0,25,0,22,1,116,313,0,0,0,2,0,25,0,0,-1,-1,-1,-1,0,0,0,0,0,0,-1,0,0,-1,-1,-1,-1,0,0,0,0,0,0,-1,0,30,0,30,0,0,30,30,1094,1094,1,1,0,0,0,-1,608011156
1,4,365,1,4,0,0,2,5,1,0,0,55,0,22,1,101,423,0,0,0,2,0,55,0,0,-1,-1,-1,-1,0,0,0,0,0,0,-1,0,0,-1,-1,-1,-1,0,0,0,0,0,0,-1,0,90,0,90,0,0,90,90,365,547,1,1,0,0,0,-1,608011156
1,4,365,1,5,0,1,2,56,1,0,0,25,0,22,1,336,99,0,0,1,2,0,25,0,21,1,1,101,-1,7,0,0,1,2,0,25,0,0,-1,-1,-1,-1,0,0,0,0,0,0,-1,0,60,0,60,7,180,180,60,365,365,5,1,1,0,0,-1,608011156
1,4,365,1,6,0,1,0,5,1,0,0,25,0,22,1,99,99,0,0,1,0,0,25,0,0,-1,-1,-1,-1,0,0,0,0,0,0,-1,0,0,-1,-1,-1,-1,0,0,0,0,0,0,-1,0,7,0,7,0,0,7,7,365,365,1,1,0,0,0,-1,608011156
1,4,365,1,9,0,1,0,1,1,0,0,25,0,22,3,207,98,0,0,1,0,0,25,0,0,-1,-1,-1,-1,0,0,0,0,0,0,-1,0,0,-1,-1,-1,-1,0,0,0,0,0,0,-1,0,60,0,60,0,0,60,60,365,365,1,1,0,0,0,-1,608011156
1,4,365,1,9,0,1,1,3,1,0,0,25,0,22,1,101,99,0,0,1,1,0,25,0,0,-1,-1,-1,-1,0,0,0,0,0,0,-1,0,0,-1,-1,-1,-1,0,0,0,0,0,0,-1,0,30,0,30,0,0,30,30,0,30,1,1,0,0,0,-1,608011156
1,4,365,2,0,0,0,1,3,1,2,0,24,1,22,1,336,410,0,0,0,1,0,24,1,0,-1,-1,-1,-1,0,0,0,0,0,0,-1,0,0,-1,-1,-1,-1,0,0,0,0,0,0,-1,0,60,0,60,0,0,60,60,60,180,1,1,0,0,0,-1,608011156
1,4,365,2,4,0,0,2,3,1,3,0,25,1,21,1,116,-1,0,0,0,2,1,25,1,0,-1,-1,-1,-1,0,0,0,0,0,0,-1,0,0,-1,-1,-1,-1,0,0,0,0,0,0,-1,0,90,0,90,0,0,90,90,547,547,1,1,0,0,0,-1,608011156
1,4,365,2,4,0,1,1,3,2,2,0,25,1,22,1,336,313,0,0,1,1,0,25,1,0,-1,-1,-1,-1,0,0,0,0,0,0,-1,0,0,-1,-1,-1,-1,0,0,0,0,0,0,-1,0,60,0,60,0,0,60,60,180,180,1,1,0,0,0,-1,608011156
1,4,365,2,5,0,1,2,3,1,1,0,24,1,0,-1,-1,-1,0,0,0,0,0,-1,0,22,0,1,302,99,180,0,0,1,2,0,24,1,0,-1,-1,-1,-1,0,0,0,0,0,0,-1,0,0,0,0,180,0,180,180,0,180,4,0,0,0,0,-1,608011156
1,4,365,3,0,0,0,0,5,0,1,0,-1,0,22,1,204,98,0,0,0,0,0,-1,0,0,-1,-1,-1,-1,0,0,0,0,0,0,-1,0,0,-1,-1,-1,-1,0,0,0,0,0,0,-1,0,30,0,30,0,0,30,30,0,30,1,1,0,0,0,-1,608011156
1,4,547,1,0,0,0,0,1,1,0,0,25,0,22,1,336,98,0,0,0,0,0,25,0,0,-1,-1,-1,-1,0,0,0,0,0,0,-1,0,0,-1,-1,-1,-1,0,0,0,0,0,0,-1,0,90,0,90,0,0,90,90,365,547,1,1,0,0,0,-1,608011156
1,4,547,1,0,0,0,0,3,1,0,0,25,0,22,1,101,99,0,0,0,0,0,25,0,0,-1,-1,-1,-1,0,0,0,0,0,0,-1,0,0,-1,-1,-1,-1,0,0,0,0,0,0,-1,0,60,0,60,0,0,60,60,30,60,1,1,0,0,0,-1,608011156
1,4,547,1,0,0,0,0,5,1,0,0,25,0,0,-1,-1,-1,0,0,0,0,0,-1,0,21,1,1,116,-1,7,0,0,0,0,0,25,0,0,-1,-1,-1,-1,0,0,0,0,0,0,-1,0,0,0,0,7,365,365,7,180,180,4,0,1,0,0,-1,608011156
1,4,547,1,0,0,0,0,13,1,0,0,25,0,21,3,335,-1,0,0,0,0,0,25,0,0,-1,-1,-1,-1,0,0,0,0,0,0,-1,0,0,-1,-1,-1,-1,0,0,0,0,0,0,-1,0,180,0,180,0,0,180,180,0,180,1,1,0,0,0,-1,608011156
1,4,547,1,0,0,0,1,35,1,0,0,24,0,22,1,336,99,0,0,0,1,0,24,0,0,-1,-1,-1,-1,0,0,0,0,0,0,-1,0,0,-1,-1,-1,-1,0,0,0,0,0,0,-1,0,30,0,30,0,0,30,30,60,90,1,1,0,0,0,-1,608011156
1,4,547,1,0,0,1,0,3,1,0,0,25,0,22,1,116,99,0,0,1,0,0,25,0,0,-1,-1,-1,-1,0,0,0,0,0,0,-1,0,0,-1,-1,-1,-1,0,0,0,0,0,0,-1,0,30,0,30,0,0,30,30,7,30,1,1,0,0,0,-1,608011156
1,4,547,1,0,0,1,0,3,1,0,0,55,0,21,1,116,-1,0,0,1,0,0,55,0,0,-1,-1,-1,-1,0,0,0,0,0,0,-1,0,0,-1,-1,-1,-1,0,0,0,0,0,0,-1,0,90,0,90,0,0,90,90,180,365,1,1,0,0,0,-1,608011156
1,4,547,1,0,0,1,0,3,1,0,0,55,0,22,1,336,99,0,0,1,0,0,55,0,0,-1,-1,-1,-1,0,0,0,0,0,0,-1,0,0,-1,-1,-1,-1,0,0,0,0,0,0,-1,0,60,0,60,0,0,60,60,730,730,1,1,0,0,0,-1,608011156
1,4,547,1,0,0,1,0,5,1,0,0,25,0,21,3,335,-1,0,0,1,0,0,25,0,0,-1,-1,-1,-1,0,0,0,0,0,0,-1,0,0,-1,-1,-1,-1,0,0,0,0,0,0,-1,0,90,0,90,0,0,90,90,1095,1095,1,1,0,0,0,-1,608011156
1,4,547,1,0,0,1,0,12,1,0,0,25,0,0,-1,-1,-1,0,0,0,0,0,-1,0,21,1,1,118,-1,60,0,0,1,0,0,25,0,0,-1,-1,-1,-1,0,0,0,0,0,0,-1,0,0,0,0,60,365,365,60,90,180,4,0,1,0,0,-1,608011156
1,4,547,1,0,0,1,0,56,1,0,0,25,0,22,1,335,312,0,0,1,0,0,25,0,0,-1,-1,-1,-1,0,0,0,0,0,0,-1,0,0,-1,-1,-1,-1,0,0,0,0,0,0,-1,0,0,60,60,0,0,60,60,0,60,2,1,0,0,0,-1,608011156
1,4,547,1,0,0,1,1,5,1,0,0,25,0,0,-1,-1,-1,0,0,0,0,0,-1,0,21,1,1,302,-1,180,0,0,1,1,0,25,0,0,-1,-1,-1,-1,0,0,0,0,0,0,-1,0,0,0,0,180,90,365,180,0,180,4,0,1,0,0,-1,608011156
1,4,547,1,0,0,1,1,5,1,0,0,55,0,22,1,116,431,0,0,1,1,0,55,0,0,-1,-1,-1,-1,0,0,0,0,0,0,-1,0,0,-1,-1,-1,-1,0,0,0,0,0,0,-1,0,60,0,60,0,0,60,60,30,60,1,1,0,0,0,-1,608011156
1,4,547,1,0,0,1,2,5,1,0,0,25,0,22,1,335,423,0,0,1,2,0,25,0,0,-1,-1,-1,-1,0,0,0,0,0,0,-1,0,0,-1,-1,-1,-1,0,0,0,0,0,0,-1,0,30,0,30,0,0,30,30,0,30,1,1,0,0,0,-1,608011156
1,4,547,1,1,0,1,0,3,1,0,0,25,0,0,-1,-1,-1,0,0,0,0,0,-1,0,22,0,1,116,207,60,1,0,1,0,0,25,0,0,-1,-1,-1,-1,0,0,0,0,0,0,-1,0,0,0,0,60,0,60,60,30,60,4,0,0,0,0,-1,608011156
1,4,547,1,1,0,1,0,3,1,0,0,55,0,0,-1,-1,-1,0,0,0,0,0,-1,0,22,1,2,116,420,60,1,0,1,0,0,55,0,0,-1,-1,-1,-1,0,0,0,0,0,0,-1,0,0,0,0,60,60,180,60,30,90,4,0,1,0,0,-1,608011156
1,4,547,1,1,0,1,0,13,1,0,0,55,0,22,1,116,410,1,0,1,0,0,55,0,0,-1,-1,-1,-1,0,0,0,0,0,0,-1,0,0,-1,-1,-1,-1,0,0,0,0,0,0,-1,0,180,0,180,0,0,180,180,547,730,1,1,0,0,0,-1,608011156
1,4,547,1,1,0,1,0,357,1,0,0,25,0,22,1,116,431,1,0,1,0,0,25,0,0,-1,-1,-1,-1,0,0,0,0,0,0,-1,0,0,-1,-1,-1,-1,0,0,0,0,0,0,-1,0,30,0,30,0,0,30,30,365,365,1,1,0,0,0,-1,608011156
1,4,547,1,1,0,1,1,1,1,0,0,25,0,21,1,116,-1,1,0,1,1,0,25,0,0,-1,-1,-1,-1,0,0,0,0,0,0,-1,0,0,-1,-1,-1,-1,0,0,0,0,0,0,-1,0,180,0,180,0,0,180,180,30,180,1,1,0,0,0,-1,608011156
1,4,547,1,1,1,1,0,5,1,0,0,25,0,22,1,116,313,1,1,1,0,0,25,0,0,-1,-1,-1,-1,0,0,0,0,0,0,-1,0,0,-1,-1,-1,-1,0,0,0,0,0,0,-1,0,60,0,60,0,0,60,60,30,90,1,1,0,0,0,-1,608011156
1,4,547,1,1,1,1,2,5,1,0,0,25,0,22,1,101,423,1,1,1,2,0,25,0,0,-1,-1,-1,-1,0,0,0,0,0,0,-1,0,0,-1,-1,-1,-1,0,0,0,0,0,0,-1,0,30,0,30,0,0,30,30,60,90,1,1,0,0,0,-1,608011156
1,4,547,1,2,0,1,0,3,1,0,0,55,0,21,1,420,-1,0,0,1,0,0,55,0,21,1,1,101,-1,7,0,0,1,0,0,55,0,0,-1,-1,-1,-1,0,0,0,0,0,0,-1,0,30,0,30,7,180,180,60,7,60,5,1,1,0,0,-1,608011156
1,4,547,1,4,0,0,0,3,1,0,0,25,0,22,1,116,332,0,0,0,0,0,25,0,0,-1,-1,-1,-1,0,0,0,0,0,0,-1,0,0,-1,-1,-1,-1,0,0,0,0,0,0,-1,0,30,0,30,0,0,30,30,180,365,1,1,0,0,0,-1,608011156
1,4,547,1,4,0,0,0,5,1,0,0,25,0,22,1,335,99,0,0,0,0,0,25,0,0,-1,-1,-1,-1,0,0,0,0,0,0,-1,0,0,-1,-1,-1,-1,0,0,0,0,0,0,-1,0,60,0,60,0,0,60,60,60,90,1,1,0,0,0,-1,608011156
1,4,547,1,4,0,0,0,5,1,0,0,55,0,21,1,116,-1,0,0,0,0,0,55,0,0,-1,-1,-1,-1,0,0,0,0,0,0,-1,0,0,-1,-1,-1,-1,0,0,0,0,0,0,-1,0,180,0,180,0,0,180,180,365,365,1,1,0,0,0,-1,608011156
1,4,547,1,4,0,0,0,135,1,0,0,25,0,22,1,116,423,0,0,0,0,0,25,0,0,-1,-1,-1,-1,0,0,0,0,0,0,-1,0,0,-1,-1,-1,-1,0,0,0,0,0,0,-1,0,30,0,30,0,0,30,30,90,90,1,1,0,0,0,-1,608011156
1,4,547,1,9,1,1,2,3,1,0,0,25,0,22,3,207,207,0,1,1,2,0,25,0,0,-1,-1,-1,-1,0,0,0,0,0,0,-1,0,0,-1,-1,-1,-1,0,0,0,0,0,0,-1,0,60,0,60,0,0,60,60,90,180,1,1,0,0,0,-1,608011156
1,4,547,2,0,0,0,0,56,1,1,0,24,1,22,1,420,422,0,0,0,0,0,24,1,0,-1,-1,-1,-1,0,0,0,0,0,0,-1,0,0,-1,-1,-1,-1,0,0,0,0,0,0,-1,0,60,0,60,0,0,60,60,7,60,1,1,0,0,0,-1,608011156
1,4,547,2,6,0,1,0,5,1,1,0,25,1,21,3,411,-1,0,0,1,0,0,25,1,0,-1,-1,-1,-1,0,0,0,0,0,0,-1,0,0,-1,-1,-1,-1,0,0,0,0,0,0,-1,0,180,0,180,0,0,180,180,730,1094,1,1,0,0,0,-1,608011156
1,4,730,1,0,0,0,0,3,1,0,0,25,0,22,3,99,99,0,0,0,0,0,25,0,0,-1,-1,-1,-1,0,0,0,0,0,0,-1,0,0,-1,-1,-1,-1,0,0,0,0,0,0,-1,0,90,0,90,0,0,90,90,0,90,1,1,0,0,0,-1,608011156
1,4,730,1,0,0,0,0,4,1,0,0,25,0,21,1,204,-1,0,0,0,0,0,25,0,0,-1,-1,-1,-1,0,0,0,0,0,0,-1,0,0,-1,-1,-1,-1,0,0,0,0,0,0,-1,0,90,0,90,0,0,90,90,1094,1094,1,1,0,0,0,-1,608011156
1,4,730,1,0,0,0,0,5,1,0,0,25,0,21,1,101,-1,0,0,0,0,0,25,0,0,-1,-1,-1,-1,0,0,0,0,0,0,-1,0,0,-1,-1,-1,-1,0,0,0,0,0,0,-1,0,180,0,180,0,0,180,180,180,365,1,1,0,0,0,-1,608011156
1,4,730,1,0,0,0,0,13,1,0,0,25,0,22,1,206,422,0,0,0,0,0,25,0,0,-1,-1,-1,-1,0,0,0,0,0,0,-1,0,0,-1,-1,-1,-1,0,0,0,0,0,0,-1,0,30,0,30,0,0,30,30,0,30,1,1,0,0,0,-1,608011156
1,4,730,1,0,0,0,0,245,1,0,0,25,0,22,1,99,99,0,0,0,0,0,25,0,0,-1,-1,-1,-1,0,0,0,0,0,0,-1,0,0,-1,-1,-1,-1,0,0,0,0,0,0,-1,0,30,0,30,0,0,30,30,60,60,1,1,0,0,0,-1,608011156
1,4,730,1,0,0,1,0,3,1,0,0,25,0,22,1,206,99,0,0,1,0,0,25,0,0,-1,-1,-1,-1,0,0,0,0,0,0,-1,0,0,-1,-1,-1,-1,0,0,0,0,0,0,-1,0,30,0,30,0,0,30,30,7,30,1,1,0,0,0,-1,608011156
1,4,730,1,0,0,1,0,5,1,0,0,25,0,21,3,335,-1,0,0,1,0,0,25,0,0,-1,-1,-1,-1,0,0,0,0,0,0,-1,0,0,-1,-1,-1,-1,0,0,0,0,0,0,-1,0,180,0,180,0,0,180,180,0,180,1,1,0,0,0,-1,608011156
1,4,730,1,0,0,1,0,5,1,0,0,25,0,22,3,336,98,0,0,1,0,0,25,0,0,-1,-1,-1,-1,0,0,0,0,0,0,-1,0,0,-1,-1,-1,-1,0,0,0,0,0,0,-1,0,30,0,30,0,0,30,30,1095,1095,1,1,0,0,0,-1,608011156
1,4,730,1,0,0,1,2,3,1,0,0,25,0,22,1,336,99,0,0,1,2,0,25,0,0,-1,-1,-1,-1,0,0,0,0,0,0,-1,0,0,-1,-1,-1,-1,0,0,0,0,0,0,-1,0,30,0,30,0,0,30,30,180,180,1,1,0,0,0,-1,608011156
1,4,730,1,0,0,1,2,346,1,0,0,25,0,22,3,118,313,0,0,1,2,0,25,0,0,-1,-1,-1,-1,0,0,0,0,0,0,-1,0,0,-1,-1,-1,-1,0,0,0,0,0,0,-1,0,30,0,30,0,0,30,30,0,30,1,1,0,0,0,-1,608011156
1,4,730,1,1,0,1,0,3,1,0,0,25,0,22,1,101,116,1,0,1,0,0,25,0,0,-1,-1,-1,-1,0,0,0,0,0,0,-1,0,0,-1,-1,-1,-1,0,0,0,0,0,0,-1,0,60,0,60,0,0,60,60,60,180,1,1,0,0,0,-1,608011156
1,4,730,1,1,0,1,0,3,1,0,0,25,0,22,1,116,423,1,0,1,0,0,25,0,0,-1,-1,-1,-1,0,0,0,0,0,0,-1,0,0,-1,-1,-1,-1,0,0,0,0,0,0,-1,0,60,0,60,0,0,60,60,0,60,1,1,0,0,0,-1,608011156
1,4,730,1,1,0,1,0,3,2,0,0,25,0,22,1,116,99,1,0,1,0,0,25,0,0,-1,-1,-1,-1,0,0,0,0,0,0,-1,0,0,-1,-1,-1,-1,0,0,0,0,0,0,-1,0,60,0,60,0,0,60,60,730,730,1,1,0,0,0,-1,608011156
1,4,730,1,1,0,1,0,5,1,0,0,25,0,0,-1,-1,-1,0,0,0,0,0,-1,0,21,0,1,116,-1,180,1,0,1,0,0,25,0,0,-1,-1,-1,-1,0,0,0,0,0,0,-1,0,0,0,0,180,0,180,180,1094,1094,4,0,0,0,0,-1,608011156
1,4,730,1,1,0,1,0,5,1,0,0,25,0,22,1,116,116,1,0,1,0,0,25,0,0,-1,-1,-1,-1,0,0,0,0,0,0,-1,0,21,1,2,116,-1,6,1,0,1,0,0,25,0,30,0,30,30,0,60,60,1094,1094,9,1,0,1,0,-1,608011156
1,4,730,1,1,0,1,0,125,1,0,0,25,0,22,3,101,99,1,0,1,0,0,25,0,0,-1,-1,-1,-1,0,0,0,0,0,0,-1,0,0,-1,-1,-1,-1,0,0,0,0,0,0,-1,0,30,0,30,0,0,30,30,1095,1095,1,1,0,0,0,-1,608011156
1,4,730,1,1,1,1,0,5,1,0,0,55,0,22,3,116,99,1,1,1,0,0,55,0,0,-1,-1,-1,-1,0,0,0,0,0,0,-1,0,0,-1,-1,-1,-1,0,0,0,0,0,0,-1,0,30,0,30,0,0,30,30,1094,1094,1,1,0,0,0,-1,608011156
1,4,730,1,2,0,1,0,5,1,0,0,25,0,22,1,336,423,0,0,1,0,0,25,0,0,-1,-1,-1,-1,0,0,0,0,0,0,-1,0,0,-1,-1,-1,-1,0,0,0,0,0,0,-1,0,30,0,30,0,0,30,30,0,30,1,1,0,0,0,-1,608011156
1,4,730,1,4,0,0,0,5,1,0,0,25,0,22,1,314,205,0,0,0,0,0,25,0,0,-1,-1,-1,-1,0,0,0,0,0,0,-1,0,0,-1,-1,-1,-1,0,0,0,0,0,0,-1,0,180,0,180,0,0,180,180,0,180,1,1,0,0,0,-1,608011156
1,4,730,1,4,0,0,0,5,1,0,0,55,0,22,1,116,116,0,0,0,0,0,55,0,0,-1,-1,-1,-1,0,0,0,0,0,0,-1,0,0,-1,-1,-1,-1,0,0,0,0,0,0,-1,0,60,0,60,0,0,60,60,1095,1095,1,1,0,0,0,-1,608011156
1,4,730,1,4,0,0,0,5,1,0,0,55,0,22,1,204,206,0,0,0,0,0,55,0,0,-1,-1,-1,-1,0,0,0,0,0,0,-1,0,0,-1,-1,-1,-1,0,0,0,0,0,0,-1,0,30,0,30,0,0,30,30,30,60,1,1,0,0,0,-1,608011156
1,4,730,1,4,0,0,0,136,1,0,0,25,0,22,1,336,422,0,0,0,0,0,25,0,0,-1,-1,-1,-1,0,0,0,0,0,0,-1,0,0,-1,-1,-1,-1,0,0,0,0,0,0,-1,0,60,0,60,0,0,60,60,90,180,1,1,0,0,0,-1,608011156
1,4,730,1,4,1,0,0,5,1,0,0,25,0,22,1,99,423,0,1,0,0,0,25,0,0,-1,-1,-1,-1,0,0,0,0,0,0,-1,0,0,-1,-1,-1,-1,0,0,0,0,0,0,-1,0,60,0,60,0,0,60,60,180,365,1,1,0,0,0,-1,608011156
1,4,730,1,6,0,1,1,45,1,0,0,25,0,0,-1,-1,-1,0,0,0,0,0,-1,0,21,1,1,116,-1,30,0,0,1,1,0,25,0,0,-1,-1,-1,-1,0,0,0,0,0,0,-1,0,0,0,0,30,365,365,30,180,180,4,0,1,0,0,-1,608011156
1,4,730,1,9,0,1,0,5,1,0,0,55,0,22,3,116,99,0,0,1,0,0,55,0,0,-1,-1,-1,-1,0,0,0,0,0,0,-1,0,0,-1,-1,-1,-1,0,0,0,0,0,0,-1,0,90,0,90,0,0,90,90,0,90,1,1,0,0,0,-1,608011156
1,4,730,1,9,0,1,0,15,1,0,0,25,0,22,3,336,313,0,0,1,0,0,25,0,0,-1,-1,-1,-1,0,0,0,0,0,0,-1,0,0,-1,-1,-1,-1,0,0,0,0,0,0,-1,0,30,0,30,0,0,30,30,730,730,1,1,0,0,0,-1,608011156
1,4,730,2,0,0,1,1,36,1,1,0,25,1,22,1,101,423,0,0,1,1,0,25,1,0,-1,-1,-1,-1,0,0,0,0,0,0,-1,0,0,-1,-1,-1,-1,0,0,0,0,0,0,-1,0,90,0,90,0,0,90,90,7,90,1,1,0,0,0,-1,608011156
1,4,730,2,9,0,1,1,5,1,1,0,25,1,22,1,336,312,0,0,1,1,0,25,1,0,-1,-1,-1,-1,0,0,0,0,0,0,-1,0,0,-1,-1,-1,-1,0,0,0,0,0,0,-1,0,60,0,60,0,0,60,60,0,60,1,1,0,0,0,-1,608011156
1,5,-1,1,0,0,0,0,1,1,0,0,55,0,12,1,116,99,0,0,0,0,0,55,0,0,-1,-1,-1,-1,0,0,0,0,0,0,-1,0,0,-1,-1,-1,-1,0,0,0,0,0,0,-1,0,7,0,7,0,0,7,7,7,30,1,1,0,0,0,-1,608011156
1,5,-1,1,0,0,0,0,2,1,0,0,24,0,21,1,99,-1,0,0,0,0,0,24,0,11,2,1,116,-1,90,0,0,0,0,0,24,0,0,-1,-1,-1,-1,0,0,0,0,0,0,-1,0,30,0,30,90,365,365,180,180,365,5,1,1,0,0,-1,608011156
1,5,-1,1,0,0,0,0,2,1,0,0,25,0,12,3,207,410,0,0,0,0,0,25,0,0,-1,-1,-1,-1,0,0,0,0,0,0,-1,0,0,-1,-1,-1,-1,0,0,0,0,0,0,-1,0,60,0,60,0,0,60,60,0,60,1,1,0,0,0,-1,608011156
1,5,-1,1,0,0,0,0,3,1,0,0,18,0,0,-1,-1,-1,0,0,0,0,0,-1,0,12,0,1,116,422,60,0,0,0,0,0,18,0,0,-1,-1,-1,-1,0,0,0,0,0,0,-1,0,0,0,0,60,0,60,60,365,365,4,0,0,0,0,-1,608011156
1,5,-1,1,0,0,0,0,3,1,0,0,18,0,0,-1,-1,-1,0,0,0,0,0,-1,0,12,2,3,207,410,30,0,0,0,0,0,18,0,0,-1,-1,-1,-1,0,0,0,0,0,0,-1,0,0,0,0,30,365,365,30,0,30,4,0,1,0,0,-1,608011156
1,5,-1,1,0,0,0,0,3,1,0,0,18,0,12,1,116,99,0,0,0,0,0,18,0,0,-1,-1,-1,-1,0,0,0,0,0,0,-1,0,0,-1,-1,-1,-1,0,0,0,0,0,0,-1,0,60,0,60,0,0,60,60,7,60,1,1,0,0,0,-1,608011156
1,5,-1,1,0,0,0,0,3,1,0,0,24,0,0,-1,-1,-1,0,0,0,0,0,-1,0,12,2,1,101,433,90,0,0,0,0,0,24,0,0,-1,-1,-1,-1,0,0,0,0,0,0,-1,0,0,0,0,90,180,180,90,30,180,4,0,1,0,0,-1,608011156
1,5,-1,1,0,0,0,0,3,1,0,0,24,0,12,1,116,423,0,0,0,0,0,24,0,0,-1,-1,-1,-1,0,0,0,0,0,0,-1,0,0,-1,-1,-1,-1,0,0,0,0,0,0,-1,0,30,0,30,0,0,30,30,7,30,1,1,0,0,0,-1,608011156
1,5,-1,1,0,0,0,0,3,1,0,0,25,0,2,-1,-1,-1,0,0,0,0,0,-1,0,12,1,1,116,422,180,0,0,0,0,0,25,0,0,-1,-1,-1,-1,0,0,0,0,0,0,-1,0,30,0,30,180,30,180,180,30,180,5,0,1,0,0,-1,608011156
1,5,-1,1,0,0,0,0,3,1,0,0,25,0,2,-1,-1,-1,0,0,0,0,0,-1,0,12,2,1,101,410,7,0,0,0,0,0,25,0,0,-1,-1,-1,-1,0,0,0,0,0,0,-1,0,60,0,60,0,365,365,60,0,60,5,0,1,0,0,-1,608011156
1,5,-1,1,0,0,0,0,3,1,0,0,25,0,2,-1,-1,-1,0,0,0,0,0,-1,0,12,2,1,101,410,7,0,0,0,0,0,25,0,0,-1,-1,-1,-1,0,0,0,0,0,0,-1,0,60,0,60,7,365,365,60,0,60,5,0,1,0,0,-1,608011156
1,5,-1,1,0,0,0,0,3,1,0,0,25,0,2,-1,-1,-1,0,0,0,0,0,-1,0,12,2,1,101,420,30,0,0,0,0,0,25,0,0,-1,-1,-1,-1,0,0,0,0,0,0,-1,0,30,0,30,30,180,365,60,30,60,5,0,1,0,0,-1,608011156
1,5,-1,1,0,0,0,0,3,1,0,0,25,0,2,-1,-1,-1,0,0,0,0,0,-1,0,12,2,1,101,422,90,0,0,0,0,0,25,0,0,-1,-1,-1,-1,0,0,0,0,0,0,-1,0,60,0,60,30,180,180,90,60,180,5,0,1,0,0,-1,608011156
1,5,-1,1,0,0,0,0,3,1,0,0,25,0,12,1,116,98,0,0,0,0,0,25,0,0,-1,-1,-1,-1,0,0,0,0,0,0,-1,0,0,-1,-1,-1,-1,0,0,0,0,0,0,-1,0,30,0,30,0,0,30,30,0,30,1,1,0,0,0,-1,608011156
1,5,-1,1,0,0,0,0,3,1,0,0,25,0,12,1,116,99,0,0,0,0,0,25,0,0,-1,-1,-1,-1,0,0,0,0,0,0,-1,0,0,-1,-1,-1,-1,0,0,0,0,0,0,-1,0,90,0,90,0,0,90,90,180,365,1,1,0,0,0,-1,608011156
1,5,-1,1,0,0,0,0,3,1,0,0,25,0,12,1,116,116,0,0,0,0,0,25,0,0,-1,-1,-1,-1,0,0,0,0,0,0,-1,0,0,-1,-1,-1,-1,0,0,0,0,0,0,-1,0,180,0,180,0,0,180,180,180,365,1,1,0,0,0,-1,608011156
1,5,-1,1,0,0,0,0,3,1,0,0,25,0,12,1,116,422,0,0,0,0,0,25,0,0,-1,-1,-1,-1,0,0,0,0,0,0,-1,0,0,-1,-1,-1,-1,0,0,0,0,0,0,-1,0,60,0,60,0,0,60,60,30,90,1,1,0,0,0,-1,608011156
1,5,-1,1,0,0,0,0,3,1,0,0,25,0,12,1,116,423,0,0,0,0,0,25,0,0,-1,-1,-1,-1,0,0,0,0,0,0,-1,0,0,-1,-1,-1,-1,0,0,0,0,0,0,-1,0,30,0,30,0,0,30,30,180,180,1,1,0,0,0,-1,608011156
1,5,-1,1,0,0,0,0,3,1,0,0,25,0,12,1,116,423,0,0,0,0,0,25,0,0,-1,-1,-1,-1,0,0,0,0,0,0,-1,0,0,-1,-1,-1,-1,0,0,0,0,0,0,-1,0,180,0,180,0,0,180,180,7,180,1,1,0,0,0,-1,608011156
1,5,-1,1,0,0,0,0,3,1,0,0,25,0,12,1,335,423,0,0,0,0,0,25,0,0,-1,-1,-1,-1,0,0,0,0,0,0,-1,0,0,-1,-1,-1,-1,0,0,0,0,0,0,-1,0,180,0,180,0,0,180,180,7,180,1,1,0,0,0,-1,608011156
1,5,-1,1,0,0,0,0,3,1,0,0,25,0,12,1,336,422,0,0,0,0,0,25,0,0,-1,-1,-1,-1,0,0,0,0,0,0,-1,0,0,-1,-1,-1,-1,0,0,0,0,0,0,-1,0,30,0,30,0,0,30,30,90,90,1,1,0,0,0,-1,608011156
1,5,-1,1,0,0,0,0,3,1,0,0,25,0,12,3,116,99,0,0,0,0,0,25,0,0,-1,-1,-1,-1,0,0,0,0,0,0,-1,0,0,-1,-1,-1,-1,0,0,0,0,0,0,-1,0,60,0,60,0,0,60,60,30,90,1,1,0,0,0,-1,608011156
1,5,-1,1,0,0,0,0,3,1,0,0,25,0,12,3,329,99,0,0,0,0,0,25,0,0,-1,-1,-1,-1,0,0,0,0,0,0,-1,0,0,-1,-1,-1,-1,0,0,0,0,0,0,-1,0,180,0,180,0,0,180,180,0,180,1,1,0,0,0,-1,608011156
1,5,-1,1,0,0,0,0,3,1,0,0,25,0,12,3,336,99,0,0,0,0,0,25,0,0,-1,-1,-1,-1,0,0,0,0,0,0,-1,0,0,-1,-1,-1,-1,0,0,0,0,0,0,-1,0,60,0,60,0,0,60,60,180,365,1,1,0,0,0,-1,608011156
1,5,-1,1,0,0,0,0,3,1,0,0,25,0,21,1,116,-1,0,0,0,0,0,25,0,12,2,1,116,410,7,0,0,0,0,0,25,0,0,-1,-1,-1,-1,0,0,0,0,0,0,-1,0,60,0,60,7,180,365,90,60,180,5,1,1,0,0,-1,608011156
1,5,-1,1,0,0,0,0,3,1,0,0,55,0,0,-1,-1,-1,0,0,0,0,0,-1,0,12,2,1,116,410,7,0,0,0,0,0,55,0,0,-1,-1,-1,-1,0,0,0,0,0,0,-1,0,0,0,0,7,365,365,7,60,60,4,0,1,0,0,-1,608011156
1,5,-1,1,0,0,0,0,3,1,0,0,55,0,2,-1,-1,-1,0,0,0,0,0,-1,0,12,2,1,101,410,7,0,0,0,0,0,55,0,0,-1,-1,-1,-1,0,0,0,0,0,0,-1,0,30,0,30,7,365,365,30,180,180,5,0,1,0,0,-1,608011156
1,5,-1,1,0,0,0,0,3,1,0,0,55,0,2,-1,-1,-1,0,0,0,0,0,-1,0,12,2,1,101,410,60,0,0,0,0,0,55,0,0,-1,-1,-1,-1,0,0,0,0,0,0,-1,0,90,0,90,0,365,365,90,30,90,5,0,1,0,0,-1,608011156
1,5,-1,1,0,0,0,0,3,2,0,0,25,1,12,1,336,434,0,0,0,0,0,25,1,0,-1,-1,-1,-1,0,0,0,0,0,0,-1,0,0,-1,-1,-1,-1,0,0,0,0,0,0,-1,0,180,0,180,0,0,180,180,0,180,1,1,0,0,0,-1,608011156
1,5,-1,1,0,0,0,0,5,1,0,0,18,0,2,-1,-1,-1,0,0,0,0,0,-1,0,12,2,3,101,410,7,0,0,0,0,0,18,0,0,-1,-1,-1,-1,0,0,0,0,0,0,-1,0,7,0,7,0,547,547,7,30,30,5,0,1,0,0,-1,608011156
1,5,-1,1,0,0,0,0,5,1,0,0,18,0,2,-1,-1,-1,0,0,0,0,0,-1,0,12,2,3,101,410,7,0,0,0,0,0,18,0,0,-1,-1,-1,-1,0,0,0,0,0,0,-1,0,7,0,7,7,547,547,7,0,7,5,0,1,0,0,-1,608011156
1,5,-1,1,0,0,0,0,5,1,0,0,18,0,12,1,99,99,0,0,0,0,0,18,0,12,1,1,116,410,180,0,0,0,0,0,18,0,0,-1,-1,-1,-1,0,0,0,0,0,0,-1,0,30,0,30,90,180,365,180,30,180,5,1,1,0,0,-1,608011156
1,5,-1,1,0,0,0,0,5,1,0,0,18,0,12,1,116,313,0,0,0,0,0,18,0,0,-1,-1,-1,-1,0,0,0,0,0,0,-1,0,0,-1,-1,-1,-1,0,0,0,0,0,0,-1,0,30,0,30,0,0,30,30,90,180,1,1,0,0,0,-1,608011156
1,5,-1,1,0,0,0,0,5,1,0,0,18,0,12,3,204,423,0,0,0,0,0,18,0,12,0,1,101,423,180,0,0,0,0,0,18,0,0,-1,-1,-1,-1,0,0,0,0,0,0,-1,0,90,0,90,180,0,180,180,90,365,5,1,0,0,0,-1,608011156
1,5,-1,1,0,0,0,0,5,1,0,0,24,0,2,-1,-1,-1,0,0,0,0,0,-1,0,12,2,3,101,420,30,0,0,0,0,0,24,0,0,-1,-1,-1,-1,0,0,0,0,0,0,-1,0,30,0,30,0,547,547,30,90,180,5,0,1,0,0,-1,608011156
1,5,-1,1,0,0,0,0,5,1,0,0,24,0,12,1,336,206,0,0,0,0,0,24,0,21,1,1,101,-1,7,0,0,0,0,0,24,0,0,-1,-1,-1,-1,0,0,0,0,0,0,-1,0,30,0,30,7,365,365,30,180,180,5,1,1,0,0,-1,608011156
1,5,-1,1,0,0,0,0,5,1,0,0,24,0,12,3,116,99,0,0,0,0,0,24,0,0,-1,-1,-1,-1,0,0,0,0,0,0,-1,0,0,-1,-1,-1,-1,0,0,0,0,0,0,-1,0,90,0,90,0,0,90,90,30,180,1,1,0,0,0,-1,608011156
1,5,-1,1,0,0,0,0,5,1,0,0,25,0,0,-1,-1,-1,0,0,0,0,0,-1,0,12,0,3,101,99,365,0,0,0,0,0,25,0,0,-1,-1,-1,-1,0,0,0,0,0,0,-1,0,0,0,0,365,0,365,365,30,365,4,0,0,0,0,-1,608011156
1,5,-1,1,0,0,0,0,5,1,0,0,25,0,0,-1,-1,-1,0,0,0,0,0,-1,0,12,2,1,101,410,7,0,0,0,0,0,25,0,0,-1,-1,-1,-1,0,0,0,0,0,0,-1,0,0,0,0,7,365,365,7,60,60,4,0,1,0,0,-1,608011156
1,5,-1,1,0,0,0,0,5,1,0,0,25,0,0,-1,-1,-1,0,0,0,0,0,-1,0,12,2,1,101,423,7,0,0,0,0,0,25,0,0,-1,-1,-1,-1,0,0,0,0,0,0,-1,0,0,0,0,7,365,365,7,180,180,4,0,1,0,0,-1,608011156
1,5,-1,1,0,0,0,0,5,1,0,0,25,0,0,-1,-1,-1,0,0,0,0,0,-1,0,12,2,1,116,410,0,0,0,0,0,0,25,0,0,-1,-1,-1,-1,0,0,0,0,0,0,-1,0,0,0,0,0,365,365,0,90,90,4,0,1,0,0,-1,608011156
1,5,-1,1,0,0,0,0,5,1,0,0,25,0,2,-1,-1,-1,0,0,0,0,0,-1,0,0,-1,-1,-1,-1,0,0,0,0,0,0,-1,0,0,-1,-1,-1,-1,0,0,0,0,0,0,-1,0,90,0,90,0,0,90,90,0,90,1,0,0,0,11,0,608011156
1,5,-1,1,0,0,0,0,5,1,0,0,25,0,11,3,99,-1,0,0,0,0,0,25,0,0,-1,-1,-1,-1,0,0,0,0,0,0,-1,0,0,-1,-1,-1,-1,0,0,0,0,0,0,-1,0,730,0,730,0,0,730,730,0,730,1,1,0,0,0,-1,608011156
1,5,-1,1,0,0,0,0,5,1,0,0,25,0,12,1,101,410,0,0,0,0,0,25,0,0,-1,-1,-1,-1,0,0,0,0,0,0,-1,0,0,-1,-1,-1,-1,0,0,0,0,0,0,-1,0,365,0,365,0,0,365,365,30,365,1,1,0,0,0,-1,608011156
1,5,-1,1,0,0,0,0,5,1,0,0,25,0,12,1,116,99,0,0,0,0,0,25,0,0,-1,-1,-1,-1,0,0,0,0,0,0,-1,0,0,-1,-1,-1,-1,0,0,0,0,0,0,-1,0,90,0,90,0,0,90,90,180,180,1,1,0,0,0,-1,608011156
1,5,-1,1,0,0,0,0,5,1,0,0,25,0,12,1,116,99,0,0,0,0,0,25,0,22,1,1,116,410,30,0,0,0,0,0,25,0,0,-1,-1,-1,-1,0,0,0,0,0,0,-1,0,60,0,60,30,180,180,60,365,365,5,1,1,0,0,-1,608011156
1,5,-1,1,0,0,0,0,5,1,0,0,25,0,12,1,116,314,0,0,0,0,0,25,0,0,-1,-1,-1,-1,0,0,0,0,0,0,-1,0,0,-1,-1,-1,-1,0,0,0,0,0,0,-1,0,180,0,180,0,0,180,180,0,180,1,1,0,0,0,-1,608011156
1,5,-1,1,0,0,0,0,5,1,0,0,25,0,12,1,116,422,0,0,0,0,0,25,0,0,-1,-1,-1,-1,0,0,0,0,0,0,-1,0,0,-1,-1,-1,-1,0,0,0,0,0,0,-1,0,30,0,30,0,0,30,30,7,30,1,1,0,0,0,-1,608011156
1,5,-1,1,0,0,0,0,5,1,0,0,25,0,12,1,116,423,0,0,0,0,0,25,0,0,-1,-1,-1,-1,0,0,0,0,0,0,-1,0,0,-1,-1,-1,-1,0,0,0,0,0,0,-1,0,30,0,30,0,0,30,30,0,30,1,1,0,0,0,-1,608011156
1,5,-1,1,0,0,0,0,5,1,0,0,25,0,12,1,118,410,0,0,0,0,0,25,0,0,-1,-1,-1,-1,0,0,0,0,0,0,-1,0,0,-1,-1,-1,-1,0,0,0,0,0,0,-1,0,180,0,180,0,0,180,180,30,180,1,1,0,0,0,-1,608011156
1,5,-1,1,0,0,0,0,5,1,0,0,25,0,12,1,206,206,0,0,0,0,0,25,0,0,-1,-1,-1,-1,0,0,0,0,0,0,-1,0,0,-1,-1,-1,-1,0,0,0,0,0,0,-1,0,180,0,180,0,0,180,180,30,180,1,1,0,0,0,-1,608011156
1,5,-1,1,0,0,0,0,5,1,0,0,25,0,12,1,314,410,0,0,0,0,0,25,0,0,-1,-1,-1,-1,0,0,0,0,0,0,-1,0,0,-1,-1,-1,-1,0,0,0,0,0,0,-1,0,90,0,90,0,0,90,90,7,90,1,1,0,0,0,-1,608011156
1,5,-1,1,0,0,0,0,5,1,0,0,25,0,12,1,314,423,0,0,0,0,0,25,0,0,-1,-1,-1,-1,0,0,0,0,0,0,-1,0,0,-1,-1,-1,-1,0,0,0,0,0,0,-1,0,180,0,180,0,0,180,180,0,180,1,1,0,0,0,-1,608011156
1,5,-1,1,0,0,0,0,5,1,0,0,25,0,12,1,335,99,0,0,0,0,0,25,0,0,-1,-1,-1,-1,0,0,0,0,0,0,-1,0,0,-1,-1,-1,-1,0,0,0,0,0,0,-1,0,90,0,90,0,0,90,90,60,180,1,1,0,0,0,-1,608011156
1,5,-1,1,0,0,0,0,5,1,0,0,25,0,12,1,335,314,0,0,0,0,0,25,0,0,-1,-1,-1,-1,0,0,0,0,0,0,-1,0,0,-1,-1,-1,-1,0,0,0,0,0,0,-1,0,90,0,90,0,0,90,90,7,90,1,1,0,0,0,-1,608011156
1,5,-1,1,0,0,0,0,5,1,0,0,25,0,12,3,101,99,0,0,0,0,0,25,0,0,-1,-1,-1,-1,0,0,0,0,0,0,-1,0,0,-1,-1,-1,-1,0,0,0,0,0,0,-1,0,30,0,30,0,0,30,30,7,30,1,1,0,0,0,-1,608011156
1,5,-1,1,0,0,0,0,5,1,0,0,25,0,12,3,101,99,0,0,0,0,0,25,0,0,-1,-1,-1,-1,0,0,0,0,0,0,-1,0,0,-1,-1,-1,-1,0,0,0,0,0,0,-1,0,90,0,90,0,0,90,90,0,90,1,1,0,0,0,-1,608011156
1,5,-1,1,0,0,0,0,5,1,0,0,25,0,12,3,116,99,0,0,0,0,0,25,0,0,-1,-1,-1,-1,0,0,0,0,0,0,-1,0,0,-1,-1,-1,-1,0,0,0,0,0,0,-1,0,180,0,180,0,0,180,180,0,180,1,1,0,0,0,-1,608011156
1,5,-1,1,0,0,0,0,5,1,0,0,25,0,22,3,335,98,0,0,0,0,0,25,0,0,-1,-1,-1,-1,0,0,0,0,0,0,-1,0,0,-1,-1,-1,-1,0,0,0,0,0,0,-1,0,60,0,60,0,0,60,60,365,365,1,1,0,0,0,-1,608011156
1,5,-1,1,0,0,0,0,5,1,0,0,55,0,0,-1,-1,-1,0,0,0,0,0,-1,0,12,1,3,410,431,60,0,0,0,0,0,55,0,0,-1,-1,-1,-1,0,0,0,0,0,0,-1,0,0,0,0,60,30,60,60,0,60,4,0,1,0,0,-1,608011156
1,5,-1,1,0,0,0,0,5,1,0,0,55,0,0,-1,-1,-1,0,0,0,0,0,-1,0,12,2,1,116,410,7,0,0,0,0,0,55,0,0,-1,-1,-1,-1,0,0,0,0,0,0,-1,0,0,0,0,7,180,180,7,60,60,4,0,1,0,0,-1,608011156
1,5,-1,1,0,0,0,0,5,1,0,0,55,0,12,1,116,410,0,0,0,0,0,55,0,0,-1,-1,-1,-1,0,0,0,0,0,0,-1,0,0,-1,-1,-1,-1,0,0,0,0,0,0,-1,0,180,0,180,0,0,180,180,30,180,1,1,0,0,0,-1,608011156
1,5,-1,1,0,0,0,0,5,1,0,0,55,0,12,1,116,410,0,0,0,0,0,55,0,0,-1,-1,-1,-1,0,0,0,0,0,0,-1,0,0,-1,-1,-1,-1,0,0,0,0,0,0,-1,0,180,0,180,0,0,180,180,60,180,1,1,0,0,0,-1,608011156
1,5,-1,1,0,0,0,0,5,1,0,0,55,0,12,1,116,422,0,0,0,0,0,55,0,0,-1,-1,-1,-1,0,0,0,0,0,0,-1,0,0,-1,-1,-1,-1,0,0,0,0,0,0,-1,0,60,0,60,0,0,60,60,0,60,1,1,0,0,0,-1,608011156
1,5,-1,1,0,0,0,0,5,1,0,0,55,0,12,1,116,423,0,0,0,0,0,55,0,0,-1,-1,-1,-1,0,0,0,0,0,0,-1,0,0,-1,-1,-1,-1,0,0,0,0,0,0,-1,0,60,0,60,0,0,60,60,7,60,1,1,0,0,0,-1,608011156
1,5,-1,1,0,0,0,0,5,1,0,0,55,0,12,1,116,423,0,0,0,0,0,55,0,0,-1,-1,-1,-1,0,0,0,0,0,0,-1,0,0,-1,-1,-1,-1,0,0,0,0,0,0,-1,0,180,0,180,0,0,180,180,365,365,1,1,0,0,0,-1,608011156
1,5,-1,1,0,0,0,0,5,1,0,0,55,0,12,1,336,116,0,0,0,0,0,55,0,0,-1,-1,-1,-1,0,0,0,0,0,0,-1,0,0,-1,-1,-1,-1,0,0,0,0,0,0,-1,0,90,0,90,0,0,90,90,60,180,1,1,0,0,0,-1,608011156
1,5,-1,1,0,0,0,0,5,1,0,0,55,0,12,3,206,98,0,0,0,0,0,55,0,0,-1,-1,-1,-1,0,0,0,0,0,0,-1,0,0,-1,-1,-1,-1,0,0,0,0,0,0,-1,0,60,0,60,0,0,60,60,0,60,1,1,0,0,0,-1,608011156
1,5,-1,1,0,0,0,0,5,1,0,0,55,0,12,3,336,411,0,0,0,0,0,55,0,0,-1,-1,-1,-1,0,0,0,0,0,0,-1,0,0,-1,-1,-1,-1,0,0,0,0,0,0,-1,0,60,0,60,0,0,60,60,0,60,1,1,0,0,0,-1,608011156
1,5,-1,1,0,0,0,0,5,2,0,0,25,0,0,-1,-1,-1,0,0,0,0,0,-1,0,12,2,3,410,312,30,0,0,0,0,0,25,0,0,-1,-1,-1,-1,0,0,0,0,0,0,-1,0,0,0,0,30,365,365,30,0,30,4,0,1,0,0,-1,608011156
1,5,-1,1,0,0,0,0,5,2,0,0,25,0,12,1,116,99,0,0,0,0,0,25,0,0,-1,-1,-1,-1,0,0,0,0,0,0,-1,0,0,-1,-1,-1,-1,0,0,0,0,0,0,-1,0,90,0,90,0,0,90,90,30,180,1,1,0,0,0,-1,608011156
1,5,-1,1,0,0,0,0,7,1,0,0,25,0,12,1,116,116,0,0,0,0,0,25,0,0,-1,-1,-1,-1,0,0,0,0,0,0,-1,0,0,-1,-1,-1,-1,0,0,0,0,0,0,-1,0,365,0,365,0,0,365,365,30,365,1,1,0,0,0,-1,608011156
1,5,-1,1,0,0,0,0,12,1,0,0,55,0,12,3,116,314,0,0,0,0,0,55,0,0,-1,-1,-1,-1,0,0,0,0,0,0,-1,0,0,-1,-1,-1,-1,0,0,0,0,0,0,-1,0,90,0,90,0,0,90,90,180,365,1,1,0,0,0,-1,608011156
1,5,-1,1,0,0,0,0,15,1,0,0,55,0,0,-1,-1,-1,0,0,0,0,0,-1,0,12,0,1,116,423,60,0,0,0,0,0,55,0,0,-1,-1,-1,-1,0,0,0,0,0,0,-1,0,0,0,0,60,0,60,60,60,90,4,0,0,0,0,-1,608011156
1,5,-1,1,0,0,0,0,16,1,0,0,55,0,2,-1,-1,-1,0,0,0,0,0,-1,0,12,2,1,410,433,30,0,0,0,0,0,55,0,0,-1,-1,-1,-1,0,0,0,0,0,0,-1,0,7,0,7,30,180,180,30,0,30,5,0,1,0,0,-1,608011156
1,5,-1,1,0,0,0,0,17,1,0,0,25,0,2,-1,-1,-1,0,0,0,0,0,-1,0,12,2,1,101,410,7,0,0,0,0,0,25,0,0,-1,-1,-1,-1,0,0,0,0,0,0,-1,0,90,0,90,0,365,365,90,7,90,5,0,1,0,0,-1,608011156
1,5,-1,1,0,0,0,0,25,1,0,0,24,0,2,-1,-1,-1,0,0,0,0,0,-1,0,12,2,3,336,410,30,0,0,0,0,0,24,0,0,-1,-1,-1,-1,0,0,0,0,0,0,-1,0,30,0,30,0,547,547,30,60,60,5,0,1,0,0,-1,608011156
1,5,-1,1,0,0,0,0,34,1,0,0,24,0,12,1,99,99,0,0,0,0,0,24,0,11,1,1,205,-1,60,0,0,0,0,0,24,0,0,-1,-1,-1,-1,0,0,0,0,0,0,-1,0,30,0,30,30,365,547,60,180,180,5,0,1,0,0,-1,608011156
1,5,-1,1,0,0,0,0,56,1,0,0,18,0,0,-1,-1,-1,0,0,0,0,0,-1,0,12,0,1,116,422,180,0,0,0,0,0,18,0,0,-1,-1,-1,-1,0,0,0,0,0,0,-1,0,0,0,0,180,0,180,180,180,365,4,0,0,0,0,-1,608011156
1,5,-1,1,0,0,0,0,56,1,0,0,18,0,12,3,116,431,0,0,0,0,0,18,0,0,-1,-1,-1,-1,0,0,0,0,0,0,-1,0,0,-1,-1,-1,-1,0,0,0,0,0,0,-1,0,180,0,180,0,0,180,180,90,365,1,1,0,0,0,-1,608011156
1,5,-1,1,0,0,0,0,56,1,0,0,24,0,0,-1,-1,-1,0,0,0,0,0,-1,0,12,2,3,116,420,30,0,0,0,0,0,24,0,0,-1,-1,-1,-1,0,0,0,0,0,0,-1,0,0,0,0,30,365,365,30,60,60,4,0,1,0,0,-1,608011156
1,5,-1,1,0,0,0,0,56,1,0,0,24,0,12,1,116,423,0,0,0,0,0,24,0,0,-1,-1,-1,-1,0,0,0,0,0,0,-1,0,0,-1,-1,-1,-1,0,0,0,0,0,0,-1,0,30,0,30,0,0,30,30,30,60,1,1,0,0,0,-1,608011156
1,5,-1,1,0,0,0,0,56,1,0,0,25,0,2,-1,-1,-1,0,0,0,0,0,-1,0,12,2,1,101,410,30,0,0,0,0,0,25,0,0,-1,-1,-1,-1,0,0,0,0,0,0,-1,0,30,0,30,0,365,365,30,547,547,5,0,1,0,0,-1,608011156
1,5,-1,1,0,0,0,0,56,1,0,0,25,0,12,1,335,422,0,0,0,0,0,25,0,0,-1,-1,-1,-1,0,0,0,0,0,0,-1,0,0,-1,-1,-1,-1,0,0,0,0,0,0,-1,0,180,0,180,0,0,180,180,0,180,1,1,0,0,0,-1,608011156
1,5,-1,1,0,0,0,0,56,1,0,0,25,0,12,3,336,207,0,0,0,0,0,25,0,0,-1,-1,-1,-1,0,0,0,0,0,0,-1,0,0,-1,-1,-1,-1,0,0,0,0,0,0,-1,0,30,0,30,0,0,30,30,0,30,1,1,0,0,0,-1,608011156
1,5,-1,1,0,0,0,0,56,1,0,0,55,0,12,3,410,434,0,0,0,0,0,55,0,0,-1,-1,-1,-1,0,0,0,0,0,0,-1,0,0,-1,-1,-1,-1,0,0,0,0,0,0,-1,0,365,0,365,0,0,365,365,7,365,1,1,0,0,22,1,608011156
1,5,-1,1,0,0,0,0,127,1,0,0,55,0,12,1,116,206,0,0,0,0,0,55,0,0,-1,-1,-1,-1,0,0,0,0,0,0,-1,0,0,-1,-1,-1,-1,0,0,0,0,0,0,-1,0,30,0,30,0,0,30,30,365,365,1,0,0,0,0,-1,608011156
1,5,-1,1,0,0,0,0,134,1,0,0,55,0,0,-1,-1,-1,0,0,0,0,0,-1,0,11,1,1,116,-1,60,0,0,0,0,0,55,0,0,-1,-1,-1,-1,0,0,0,0,0,0,-1,0,0,0,0,60,365,547,60,90,180,4,0,1,0,0,-1,608011156
1,5,-1,1,0,0,0,0,234,1,0,0,25,0,0,-1,-1,-1,0,0,0,0,0,-1,0,12,2,1,116,433,30,0,0,0,0,0,25,0,0,-1,-1,-1,-1,0,0,0,0,0,0,-1,0,0,0,0,30,730,730,30,365,365,4,0,1,0,0,-1,608011156
1,5,-1,1,0,0,0,0,237,1,0,0,25,0,22,1,336,99,0,0,0,0,0,25,0,0,-1,-1,-1,-1,0,0,0,0,0,0,-1,0,0,-1,-1,-1,-1,0,0,0,0,0,0,-1,0,90,0,90,0,0,90,90,0,90,1,1,0,0,0,-1,608011156
1,5,-1,1,0,0,0,0,246,1,0,0,25,0,2,-1,-1,-1,0,0,0,0,0,-1,0,12,2,1,101,410,90,0,0,0,0,0,25,0,0,-1,-1,-1,-1,0,0,0,0,0,0,-1,0,30,0,30,90,90,180,180,60,180,5,0,1,0,0,-1,608011156
1,5,-1,1,0,0,0,0,347,1,0,0,55,0,12,1,314,99,0,0,0,0,0,55,0,0,-1,-1,-1,-1,0,0,0,0,0,0,-1,0,0,-1,-1,-1,-1,0,0,0,0,0,0,-1,0,30,0,30,0,0,30,30,7,30,1,1,0,0,0,-1,608011156
1,5,-1,1,0,0,0,0,357,1,0,0,25,0,0,-1,-1,-1,0,0,0,0,0,-1,0,11,0,3,410,-1,547,0,0,0,0,0,25,0,0,-1,-1,-1,-1,0,0,0,0,0,0,-1,0,0,0,0,547,0,547,547,0,547,4,0,0,0,0,-1,608011156
1,5,-1,1,0,0,0,0,367,1,0,0,24,0,12,1,116,99,0,0,0,0,0,24,0,0,-1,-1,-1,-1,0,0,0,0,0,0,-1,0,0,-1,-1,-1,-1,0,0,0,0,0,0,-1,0,60,0,60,0,0,60,60,0,60,1,1,0,0,0,-1,608011156
1,5,-1,1,0,0,0,0,456,1,0,0,25,0,0,-1,-1,-1,0,0,0,0,0,-1,0,12,2,1,116,99,30,0,0,0,0,0,25,0,0,-1,-1,-1,-1,0,0,0,0,0,0,-1,0,0,0,0,30,180,365,30,365,365,4,0,1,0,0,-1,608011156
1,5,-1,1,0,0,0,0,456,1,0,0,25,0,0,-1,-1,-1,0,0,0,0,0,-1,0,12,2,1,116,433,60,0,0,0,0,0,25,0,0,-1,-1,-1,-1,0,0,0,0,0,0,-1,0,0,0,0,60,730,730,60,60,180,4,0,1,0,0,-1,608011156
1,5,-1,1,0,0,0,1,3,1,0,0,25,0,12,1,336,423,0,0,0,1,0,25,0,0,-1,-1,-1,-1,0,0,0,0,0,0,-1,0,0,-1,-1,-1,-1,0,0,0,0,0,0,-1,0,180,0,180,0,0,180,180,0,180,1,1,0,0,0,-1,608011156
1,5,-1,1,0,0,0,1,3,1,0,0,25,0,12,3,336,98,0,0,0,1,0,25,0,0,-1,-1,-1,-1,0,0,0,0,0,0,-1,0,0,-1,-1,-1,-1,0,0,0,0,0,0,-1,0,30,0,30,0,0,30,30,547,547,1,1,0,0,0,-1,608011156
1,5,-1,1,0,0,0,1,5,1,0,0,25,0,0,-1,-1,-1,0,0,0,0,0,-1,0,11,1,1,116,-1,365,0,0,0,1,0,25,0,0,-1,-1,-1,-1,0,0,0,0,0,0,-1,0,0,0,0,365,30,365,365,180,365,4,0,1,0,0,-1,608011156
1,5,-1,1,0,0,0,1,5,1,0,0,25,0,0,-1,-1,-1,0,0,0,0,0,-1,0,12,2,1,116,423,30,0,0,0,1,0,25,0,0,-1,-1,-1,-1,0,0,0,0,0,0,-1,0,0,0,0,30,180,180,30,30,60,4,0,1,0,0,-1,608011156
1,5,-1,1,0,0,0,1,5,1,0,0,25,0,12,1,116,423,0,0,0,1,0,25,0,0,-1,-1,-1,-1,0,0,0,0,0,0,-1,0,0,-1,-1,-1,-1,0,0,0,0,0,0,-1,0,180,0,180,0,0,180,180,180,365,1,1,0,0,0,-1,608011156
1,5,-1,1,0,0,0,1,5,1,0,0,25,0,12,1,314,423,0,0,0,1,0,25,0,0,-1,-1,-1,-1,0,0,0,0,0,0,-1,0,0,-1,-1,-1,-1,0,0,0,0,0,0,-1,0,60,0,60,0,0,60,60,60,90,1,1,0,0,0,-1,608011156
1,5,-1,1,0,0,0,1,5,1,0,0,25,0,12,3,336,423,0,0,0,1,0,25,0,0,-1,-1,-1,-1,0,0,0,0,0,0,-1,0,0,-1,-1,-1,-1,0,0,0,0,0,0,-1,0,60,0,60,0,0,60,60,30,60,1,1,0,0,0,-1,608011156
1,5,-1,1,0,0,0,1,5,2,0,0,25,0,12,1,335,116,0,0,0,1,0,25,0,0,-1,-1,-1,-1,0,0,0,0,0,0,-1,0,0,-1,-1,-1,-1,0,0,0,0,0,0,-1,0,90,0,90,0,0,90,90,180,365,1,1,0,0,0,-1,608011156
1,5,-1,1,0,0,0,1,56,1,0,0,25,0,12,1,101,207,0,0,0,1,0,25,0,0,-1,-1,-1,-1,0,0,0,0,0,0,-1,0,0,-1,-1,-1,-1,0,0,0,0,0,0,-1,0,60,0,60,0,0,60,60,60,90,1,1,0,0,0,-1,608011156
1,5,-1,1,0,0,0,1,456,1,0,0,25,0,12,3,336,99,0,0,0,1,0,25,0,0,-1,-1,-1,-1,0,0,0,0,0,0,-1,0,0,-1,-1,-1,-1,0,0,0,0,0,0,-1,0,30,0,30,0,0,30,30,0,30,1,0,0,0,0,-1,608011156
1,5,-1,1,0,0,0,2,1,1,0,0,25,0,12,1,204,99,0,0,0,2,0,25,0,0,-1,-1,-1,-1,0,0,0,0,0,0,-1,0,0,-1,-1,-1,-1,0,0,0,0,0,0,-1,0,30,0,30,0,0,30,30,0,30,1,1,0,0,0,-1,608011156
1,5,-1,1,0,0,0,2,3,1,0,0,24,0,12,1,116,99,0,0,0,2,0,24,0,0,-1,-1,-1,-1,0,0,0,0,0,0,-1,0,0,-1,-1,-1,-1,0,0,0,0,0,0,-1,0,180,0,180,0,0,180,180,7,180,1,1,0,0,0,-1,608011156
1,5,-1,1,0,0,0,2,3,1,0,0,25,0,2,-1,-1,-1,0,0,0,0,0,-1,0,12,2,1,335,420,60,0,0,0,2,0,25,0,0,-1,-1,-1,-1,0,0,0,0,0,0,-1,0,90,0,90,30,180,365,90,7,90,5,0,1,0,0,-1,608011156
1,5,-1,1,0,0,0,2,3,1,0,0,25,0,12,1,116,101,0,0,0,2,0,25,0,0,-1,-1,-1,-1,0,0,0,0,0,0,-1,0,0,-1,-1,-1,-1,0,0,0,0,0,0,-1,0,90,0,90,0,0,90,90,90,180,1,1,0,0,0,-1,608011156
1,5,-1,1,0,0,0,2,3,1,0,0,25,0,12,1,336,99,0,0,0,2,0,25,0,0,-1,-1,-1,-1,0,0,0,0,0,0,-1,0,0,-1,-1,-1,-1,0,0,0,0,0,0,-1,0,60,0,60,0,0,60,60,547,547,1,1,0,0,0,-1,608011156
1,5,-1,1,0,0,0,2,3,1,0,0,55,0,0,-1,-1,-1,0,0,0,0,0,-1,0,11,1,1,101,-1,180,0,0,0,2,0,55,0,0,-1,-1,-1,-1,0,0,0,0,0,0,-1,0,0,0,0,180,365,547,180,365,365,4,0,1,0,0,-1,608011156
1,5,-1,1,0,0,0,2,3,2,0,0,25,1,2,-1,-1,-1,0,0,0,0,0,-1,0,12,2,1,101,410,60,0,0,0,2,0,25,1,0,-1,-1,-1,-1,0,0,0,0,0,0,-1,0,90,0,90,0,365,547,90,7,90,5,0,1,0,0,-1,608011156
1,5,-1,1,0,0,0,2,5,1,0,0,18,0,12,1,335,99,0,0,0,2,0,18,0,0,-1,-1,-1,-1,0,0,0,0,0,0,-1,0,0,-1,-1,-1,-1,0,0,0,0,0,0,-1,0,60,0,60,0,0,60,60,0,60,1,1,0,0,0,-1,608011156
1,5,-1,1,0,0,0,2,5,1,0,0,18,0,12,1,336,423,0,0,0,2,0,18,0,0,-1,-1,-1,-1,0,0,0,0,0,0,-1,0,0,-1,-1,-1,-1,0,0,0,0,0,0,-1,0,180,0,180,0,0,180,180,30,180,1,1,0,0,0,-1,608011156
1,5,-1,1,0,0,0,2,5,1,0,0,25,0,0,-1,-1,-1,0,0,0,0,0,-1,0,12,0,1,116,99,180,0,0,0,2,0,25,0,0,-1,-1,-1,-1,0,0,0,0,0,0,-1,0,0,0,0,180,0,180,180,60,365,4,0,0,0,0,-1,608011156
1,5,-1,1,0,0,0,2,5,1,0,0,25,0,0,-1,-1,-1,0,0,0,0,0,-1,0,12,0,3,101,99,365,0,0,0,2,0,25,0,0,-1,-1,-1,-1,0,0,0,0,0,0,-1,0,0,0,0,365,0,365,365,90,365,4,0,0,0,0,-1,608011156
1,5,-1,1,0,0,0,2,5,1,0,0,25,0,0,-1,-1,-1,0,0,0,0,0,-1,0,12,2,1,116,410,7,0,0,0,2,0,25,0,0,-1,-1,-1,-1,0,0,0,0,0,0,-1,0,0,0,0,7,365,365,7,365,365,4,0,1,0,0,-1,608011156
1,5,-1,1,0,0,0,2,5,1,0,0,25,0,12,1,116,410,0,0,0,2,0,25,0,0,-1,-1,-1,-1,0,0,0,0,0,0,-1,0,0,-1,-1,-1,-1,0,0,0,0,0,0,-1,0,60,0,60,0,0,60,60,7,90,1,1,0,0,0,-1,608011156
1,5,-1,1,0,0,0,2,5,1,0,0,25,0,12,1,336,206,0,0,0,2,0,25,0,0,-1,-1,-1,-1,0,0,0,0,0,0,-1,0,0,-1,-1,-1,-1,0,0,0,0,0,0,-1,0,180,0,180,0,0,180,180,90,365,1,1,0,0,0,-1,608011156
1,5,-1,1,0,0,0,2,5,1,0,0,25,0,12,3,116,313,0,0,0,2,0,25,0,0,-1,-1,-1,-1,0,0,0,0,0,0,-1,0,0,-1,-1,-1,-1,0,0,0,0,0,0,-1,0,365,0,365,0,0,365,365,0,365,1,1,0,0,0,-1,608011156
1,5,-1,1,0,0,0,2,5,1,0,0,25,0,12,3,336,312,0,0,0,2,0,25,0,0,-1,-1,-1,-1,0,0,0,0,0,0,-1,0,0,-1,-1,-1,-1,0,0,0,0,0,0,-1,0,30,0,30,0,0,30,30,0,30,1,1,0,0,0,-1,608011156
1,5,-1,1,0,0,0,2,5,1,0,0,25,0,22,1,116,313,0,0,0,2,0,25,0,12,2,1,206,423,60,0,0,0,2,0,25,0,0,-1,-1,-1,-1,0,0,0,0,0,0,-1,0,60,0,60,30,365,365,90,60,180,5,1,1,0,0,-1,608011156
1,5,-1,1,0,0,0,2,5,1,0,0,55,0,12,1,116,99,0,0,0,2,0,55,0,12,1,1,116,410,60,0,0,0,2,0,55,0,0,-1,-1,-1,-1,0,0,0,0,0,0,-1,0,60,0,60,30,365,365,90,90,180,5,1,1,0,0,-1,608011156
1,5,-1,1,0,0,0,2,5,1,0,0,55,0,12,3,101,101,0,0,0,2,0,55,0,0,-1,-1,-1,-1,0,0,0,0,0,0,-1,0,0,-1,-1,-1,-1,0,0,0,0,0,0,-1,0,180,0,180,0,0,180,180,365,365,1,1,0,0,0,-1,608011156
1,5,-1,1,0,0,0,2,25,1,0,0,25,0,12,1,116,99,0,0,0,2,0,25,0,0,-1,-1,-1,-1,0,0,0,0,0,0,-1,0,0,-1,-1,-1,-1,0,0,0,0,0,0,-1,0,60,0,60,0,0,60,60,90,180,1,1,0,0,0,-1,608011156
1,5,-1,1,0,0,0,2,136,1,0,0,25,0,12,3,207,302,0,0,0,2,0,25,0,0,-1,-1,-1,-1,0,0,0,0,0,0,-1,0,0,-1,-1,-1,-1,0,0,0,0,0,0,-1,0,90,0,90,0,0,90,90,0,90,1,1,0,0,0,-1,608011156
1,5,-1,1,0,0,0,2,235,1,0,0,24,0,12,1,99,99,0,0,0,2,0,24,0,21,1,1,116,-1,30,0,0,0,2,0,24,0,0,-1,-1,-1,-1,0,0,0,0,0,0,-1,0,30,0,30,30,180,180,60,60,90,5,1,1,0,0,-1,608011156
1,5,-1,1,0,0,0,2,346,1,0,0,25,0,0,-1,-1,-1,0,0,0,0,0,-1,0,11,1,1,116,-1,30,0,0,0,2,0,25,0,0,-1,-1,-1,-1,0,0,0,0,0,0,-1,0,0,0,0,30,365,547,30,180,180,4,0,1,0,0,-1,608011156
1,5,-1,1,0,0,1,0,3,1,0,0,24,0,12,1,116,410,0,0,1,0,0,24,0,0,-1,-1,-1,-1,0,0,0,0,0,0,-1,0,0,-1,-1,-1,-1,0,0,0,0,0,0,-1,0,60,0,60,0,0,60,60,7,60,1,1,0,0,0,-1,608011156
1,5,-1,1,0,0,1,0,3,1,0,0,25,0,0,-1,-1,-1,0,0,0,0,0,-1,0,11,1,1,335,-1,180,0,0,1,0,0,25,0,0,-1,-1,-1,-1,0,0,0,0,0,0,-1,0,0,0,0,180,365,547,180,0,180,4,0,1,0,0,-1,608011156
1,5,-1,1,0,0,1,0,3,1,0,0,25,0,0,-1,-1,-1,0,0,0,0,0,-1,0,11,2,1,116,-1,30,0,0,1,0,0,25,0,0,-1,-1,-1,-1,0,0,0,0,0,0,-1,0,0,0,0,30,547,547,30,60,60,4,0,1,0,0,-1,608011156
1,5,-1,1,0,0,1,0,3,1,0,0,25,0,0,-1,-1,-1,0,0,0,0,0,-1,0,12,1,1,116,410,180,0,0,1,0,0,25,0,0,-1,-1,-1,-1,0,0,0,0,0,0,-1,0,0,0,0,180,365,365,180,180,365,4,0,1,0,0,-1,608011156
1,5,-1,1,0,0,1,0,3,1,0,0,25,0,0,-1,-1,-1,0,0,0,0,0,-1,0,12,2,1,101,410,7,0,0,1,0,0,25,0,0,-1,-1,-1,-1,0,0,0,0,0,0,-1,0,0,0,0,7,365,365,7,90,90,4,0,1,0,0,-1,608011156
1,5,-1,1,0,0,1,0,3,1,0,0,25,0,2,-1,-1,-1,0,0,0,0,0,-1,0,12,2,1,101,410,7,0,0,1,0,0,25,0,0,-1,-1,-1,-1,0,0,0,0,0,0,-1,0,60,0,60,7,547,547,60,60,90,5,0,0,0,0,-1,608011156
1,5,-1,1,0,0,1,0,3,1,0,0,25,0,2,-1,-1,-1,0,0,0,0,0,-1,0,12,2,1,101,420,30,0,0,1,0,0,25,0,0,-1,-1,-1,-1,0,0,0,0,0,0,-1,0,60,0,60,7,365,365,60,90,180,5,0,1,0,0,-1,608011156
1,5,-1,1,0,0,1,0,3,1,0,0,25,0,2,-1,-1,-1,0,0,0,0,0,-1,0,12,2,1,101,433,30,0,0,1,0,0,25,0,0,-1,-1,-1,-1,0,0,0,0,0,0,-1,0,60,0,60,7,547,730,60,30,60,5,0,1,0,0,-1,608011156
1,5,-1,1,0,0,1,0,3,1,0,0,25,0,12,1,116,410,0,0,1,0,0,25,0,0,-1,-1,-1,-1,0,0,0,0,0,0,-1,0,0,-1,-1,-1,-1,0,0,0,0,0,0,-1,0,90,0,90,0,0,90,90,7,180,1,1,0,0,0,-1,608011156
1,5,-1,1,0,0,1,0,3,1,0,0,25,0,12,1,116,410,0,0,1,0,0,25,0,0,-1,-1,-1,-1,0,0,0,0,0,0,-1,0,0,-1,-1,-1,-1,0,0,0,0,0,0,-1,0,90,0,90,0,0,90,90,180,365,1,1,0,0,0,-1,608011156
1,5,-1,1,0,0,1,0,3,1,0,0,25,0,12,1,205,423,0,0,1,0,0,25,0,0,-1,-1,-1,-1,0,0,0,0,0,0,-1,0,0,-1,-1,-1,-1,0,0,0,0,0,0,-1,0,30,0,30,0,0,30,30,0,30,1,1,0,0,0,-1,608011156
1,5,-1,1,0,0,1,0,3,1,0,0,25,0,12,1,207,422,0,0,1,0,0,25,0,0,-1,-1,-1,-1,0,0,0,0,0,0,-1,0,0,-1,-1,-1,-1,0,0,0,0,0,0,-1,0,30,0,30,0,0,30,30,0,30,1,0,0,0,0,-1,608011156
1,5,-1,1,0,0,1,0,3,1,0,0,55,0,0,-1,-1,-1,0,0,0,0,0,-1,0,0,-1,-1,-1,-1,0,0,0,0,0,0,-1,0,11,2,2,101,-1,48,0,0,1,0,0,55,0,0,0,0,7,0,7,7,365,365,-1,0,0,1,0,-1,608011156
1,5,-1,1,0,0,1,0,3,1,0,0,55,0,0,-1,-1,-1,0,0,0,0,0,-1,0,12,2,1,101,410,7,0,0,1,0,0,55,0,0,-1,-1,-1,-1,0,0,0,0,0,0,-1,0,0,0,0,7,365,365,7,60,60,4,0,1,0,0,-1,608011156
1,5,-1,1,0,0,1,0,3,1,0,0,55,0,0,-1,-1,-1,0,0,0,0,0,-1,0,12,2,1,101,410,180,0,0,1,0,0,55,0,0,-1,-1,-1,-1,0,0,0,0,0,0,-1,0,0,0,0,180,365,547,180,180,365,4,0,1,0,0,-1,608011156
1,5,-1,1,0,0,1,0,3,1,0,0,55,0,2,-1,-1,-1,0,0,0,0,0,-1,0,12,2,1,116,433,30,0,0,1,0,0,55,0,0,-1,-1,-1,-1,0,0,0,0,0,0,-1,0,30,0,30,7,365,365,60,30,90,5,0,1,0,0,-1,608011156
1,5,-1,1,0,0,1,0,3,1,0,0,55,0,12,1,101,313,0,0,1,0,0,55,0,0,-1,-1,-1,-1,0,0,0,0,0,0,-1,0,0,-1,-1,-1,-1,0,0,0,0,0,0,-1,0,60,0,60,0,0,60,60,30,60,1,1,0,0,0,-1,608011156
1,5,-1,1,0,0,1,0,3,1,0,0,55,0,12,1,206,431,0,0,1,0,0,55,0,0,-1,-1,-1,-1,0,0,0,0,0,0,-1,0,0,-1,-1,-1,-1,0,0,0,0,0,0,-1,0,60,0,60,0,0,60,60,0,60,1,1,0,0,0,-1,608011156
1,5,-1,1,0,0,1,0,5,1,0,0,18,0,0,-1,-1,-1,0,0,0,0,0,-1,0,12,2,3,206,410,0,0,0,1,0,0,18,0,0,-1,-1,-1,-1,0,0,0,0,0,0,-1,0,0,0,0,0,365,365,0,30,30,4,0,1,0,0,-1,608011156
1,5,-1,1,0,0,1,0,5,1,0,0,24,0,2,-1,-1,-1,0,0,0,0,0,-1,0,12,2,3,101,410,7,0,0,1,0,0,24,0,0,-1,-1,-1,-1,0,0,0,0,0,0,-1,0,7,0,7,0,365,365,7,60,60,5,0,1,0,0,-1,608011156
1,5,-1,1,0,0,1,0,5,1,0,0,25,0,0,-1,-1,-1,0,0,0,0,0,-1,0,0,-1,-1,-1,-1,0,0,0,0,0,0,-1,0,11,2,2,116,-1,36,0,0,1,0,0,25,0,0,0,0,0,0,0,0,365,365,-1,0,0,1,0,-1,608011156
1,5,-1,1,0,0,1,0,5,1,0,0,25,0,0,-1,-1,-1,0,0,0,0,0,-1,0,0,-1,-1,-1,-1,0,0,0,0,0,0,-1,0,11,2,2,116,-1,48,0,0,1,0,0,25,0,0,0,0,0,0,0,0,180,180,-1,0,0,1,0,-1,608011156
1,5,-1,1,0,0,1,0,5,1,0,0,25,0,0,-1,-1,-1,0,0,0,0,0,-1,0,0,-1,-1,-1,-1,0,0,0,0,0,0,-1,0,11,2,2,116,-1,48,0,0,1,0,0,25,0,0,0,0,0,0,0,0,1095,1095,-1,0,0,1,0,-1,608011156
1,5,-1,1,0,0,1,0,5,1,0,0,25,0,0,-1,-1,-1,0,0,0,0,0,-1,0,0,-1,-1,-1,-1,0,0,0,0,0,0,-1,0,11,2,2,116,-1,48,0,0,1,0,0,25,0,0,0,0,7,0,7,7,1095,1095,-1,0,0,1,0,-1,608011156
1,5,-1,1,0,0,1,0,5,1,0,0,25,0,0,-1,-1,-1,0,0,0,0,0,-1,0,11,0,3,335,-1,547,0,0,1,0,0,25,0,0,-1,-1,-1,-1,0,0,0,0,0,0,-1,0,0,0,0,547,0,547,547,0,547,4,0,0,0,0,-1,608011156
1,5,-1,1,0,0,1,0,5,1,0,0,25,0,0,-1,-1,-1,0,0,0,0,0,-1,0,11,2,3,116,-1,30,0,0,1,0,0,25,0,0,-1,-1,-1,-1,0,0,0,0,0,0,-1,0,0,0,0,30,730,1094,30,365,365,4,0,1,0,0,-1,608011156
1,5,-1,1,0,0,1,0,5,1,0,0,25,0,0,-1,-1,-1,0,0,0,0,0,-1,0,12,0,3,336,99,365,0,0,1,0,0,25,0,0,-1,-1,-1,-1,0,0,0,0,0,0,-1,0,0,0,0,365,0,365,365,0,365,4,0,0,0,0,-1,608011156
1,5,-1,1,0,0,1,0,5,1,0,0,25,0,0,-1,-1,-1,0,0,0,0,0,-1,0,12,2,1,101,420,7,0,0,1,0,0,25,0,0,-1,-1,-1,-1,0,0,0,0,0,0,-1,0,0,0,0,7,90,90,7,90,90,4,0,1,0,0,-1,608011156
1,5,-1,1,0,0,1,0,5,1,0,0,25,0,0,-1,-1,-1,0,0,0,0,0,-1,0,12,2,1,116,410,60,0,0,1,0,0,25,0,0,-1,-1,-1,-1,0,0,0,0,0,0,-1,0,0,0,0,60,180,180,60,90,180,4,0,1,0,0,-1,608011156
1,5,-1,1,0,0,1,0,5,1,0,0,25,0,0,-1,-1,-1,0,0,0,0,0,-1,0,12,2,1,116,410,180,0,0,1,0,0,25,0,0,-1,-1,-1,-1,0,0,0,0,0,0,-1,0,0,0,0,180,180,365,180,90,365,4,0,1,0,0,-1,608011156
1,5,-1,1,0,0,1,0,5,1,0,0,25,0,0,-1,-1,-1,0,0,0,0,0,-1,0,12,2,1,204,410,60,0,0,1,0,0,25,0,0,-1,-1,-1,-1,0,0,0,0,0,0,-1,0,0,0,0,60,547,547,60,180,365,4,0,1,0,0,-1,608011156
1,5,-1,1,0,0,1,0,5,1,0,0,25,0,0,-1,-1,-1,0,0,0,0,0,-1,0,12,2,1,410,433,30,0,0,1,0,0,25,0,0,-1,-1,-1,-1,0,0,0,0,0,0,-1,0,0,0,0,30,180,180,30,0,30,4,0,1,0,0,-1,608011156
1,5,-1,1,0,0,1,0,5,1,0,0,25,0,2,-1,-1,-1,0,0,0,0,0,-1,0,0,-1,-1,-1,-1,0,0,0,0,0,0,-1,0,11,2,2,116,-1,36,0,0,1,0,0,25,0,7,0,7,7,0,7,7,730,730,-1,0,0,1,0,-1,608011156
1,5,-1,1,0,0,1,0,5,1,0,0,25,0,2,-1,-1,-1,0,0,0,0,0,-1,0,2,-1,-1,-1,-1,0,0,0,0,0,0,-1,0,11,2,2,101,-1,24,0,0,1,0,0,25,0,30,0,30,30,0,30,30,1094,1094,-1,0,0,1,0,-1,608011156
1,5,-1,1,0,0,1,0,5,1,0,0,25,0,2,-1,-1,-1,0,0,0,0,0,-1,0,12,2,1,101,410,7,0,0,1,0,0,25,0,0,-1,-1,-1,-1,0,0,0,0,0,0,-1,0,7,0,7,7,365,365,7,60,60,5,0,1,0,0,-1,608011156
1,5,-1,1,0,0,1,0,5,1,0,0,25,0,2,-1,-1,-1,0,0,0,0,0,-1,0,12,2,1,101,433,30,0,0,1,0,0,25,0,0,-1,-1,-1,-1,0,0,0,0,0,0,-1,0,30,0,30,7,730,730,60,30,60,5,0,1,0,0,-1,608011156
1,5,-1,1,0,0,1,0,5,1,0,0,25,0,2,-1,-1,-1,0,0,0,0,0,-1,0,12,2,1,101,433,30,0,0,1,0,0,25,0,0,-1,-1,-1,-1,0,0,0,0,0,0,-1,0,30,0,30,7,730,1094,60,365,365,5,0,1,0,0,-1,608011156
1,5,-1,1,0,0,1,0,5,1,0,0,25,0,12,1,116,207,0,0,1,0,0,25,0,0,-1,-1,-1,-1,0,0,0,0,0,0,-1,0,0,-1,-1,-1,-1,0,0,0,0,0,0,-1,0,60,0,60,0,0,60,60,30,90,1,1,0,0,0,-1,608011156
1,5,-1,1,0,0,1,0,5,1,0,0,25,0,12,1,116,423,0,0,1,0,0,25,0,0,-1,-1,-1,-1,0,0,0,0,0,0,-1,0,0,-1,-1,-1,-1,0,0,0,0,0,0,-1,0,180,0,180,0,0,180,180,60,180,1,1,0,0,0,-1,608011156
1,5,-1,1,0,0,1,0,5,1,0,0,25,0,12,1,204,431,0,0,1,0,0,25,0,12,2,1,101,410,60,0,0,1,0,0,25,0,0,-1,-1,-1,-1,0,0,0,0,0,0,-1,0,30,0,30,60,365,365,90,7,90,5,1,1,0,0,-1,608011156
1,5,-1,1,0,0,1,0,5,1,0,0,25,0,12,1,314,313,0,0,1,0,0,25,0,0,-1,-1,-1,-1,0,0,0,0,0,0,-1,0,0,-1,-1,-1,-1,0,0,0,0,0,0,-1,0,180,0,180,0,0,180,180,90,365,1,1,0,0,0,-1,608011156
1,5,-1,1,0,0,1,0,5,1,0,0,25,0,12,1,335,312,0,0,1,0,0,25,0,0,-1,-1,-1,-1,0,0,0,0,0,0,-1,0,0,-1,-1,-1,-1,0,0,0,0,0,0,-1,0,0,180,180,0,0,180,180,0,180,2,1,0,0,0,-1,608011156
1,5,-1,1,0,0,1,0,5,1,0,0,25,0,12,1,335,314,0,0,1,0,0,25,0,0,-1,-1,-1,-1,0,0,0,0,0,0,-1,0,0,-1,-1,-1,-1,0,0,0,0,0,0,-1,0,0,365,365,0,0,365,365,0,365,2,0,0,0,0,-1,608011156
1,5,-1,1,0,0,1,0,5,1,0,0,25,0,12,1,335,422,0,0,1,0,0,25,0,0,-1,-1,-1,-1,0,0,0,0,0,0,-1,0,0,-1,-1,-1,-1,0,0,0,0,0,0,-1,0,0,180,180,0,0,180,180,0,180,2,1,0,0,0,-1,608011156
1,5,-1,1,0,0,1,0,5,1,0,0,25,0,12,1,335,422,0,0,1,0,0,25,0,0,-1,-1,-1,-1,0,0,0,0,0,0,-1,0,0,-1,-1,-1,-1,0,0,0,0,0,0,-1,0,30,0,30,0,0,30,30,0,30,1,1,0,0,0,-1,608011156
1,5,-1,1,0,0,1,0,5,1,0,0,25,0,12,1,336,99,0,0,1,0,0,25,0,0,-1,-1,-1,-1,0,0,0,0,0,0,-1,0,0,-1,-1,-1,-1,0,0,0,0,0,0,-1,0,30,0,30,0,0,30,30,7,30,1,1,0,0,0,-1,608011156
1,5,-1,1,0,0,1,0,5,1,0,0,25,0,12,1,336,302,0,0,1,0,0,25,0,0,-1,-1,-1,-1,0,0,0,0,0,0,-1,0,0,-1,-1,-1,-1,0,0,0,0,0,0,-1,0,0,180,180,0,0,180,180,0,180,2,1,0,0,0,-1,608011156
1,5,-1,1,0,0,1,0,5,1,0,0,25,0,12,3,116,302,0,0,1,0,0,25,0,0,-1,-1,-1,-1,0,0,0,0,0,0,-1,0,0,-1,-1,-1,-1,0,0,0,0,0,0,-1,0,90,0,90,0,0,90,90,7,90,1,1,0,0,0,-1,608011156
1,5,-1,1,0,0,1,0,5,1,0,0,25,0,12,3,116,410,0,0,1,0,0,25,0,0,-1,-1,-1,-1,0,0,0,0,0,0,-1,0,0,-1,-1,-1,-1,0,0,0,0,0,0,-1,0,180,0,180,0,0,180,180,7,180,1,1,0,0,0,-1,608011156
1,5,-1,1,0,0,1,0,5,1,0,0,25,0,12,3,116,423,0,0,1,0,0,25,0,0,-1,-1,-1,-1,0,0,0,0,0,0,-1,0,0,-1,-1,-1,-1,0,0,0,0,0,0,-1,0,60,0,60,0,0,60,60,30,60,1,1,0,0,0,-1,608011156
1,5,-1,1,0,0,1,0,5,1,0,0,25,0,12,3,207,313,0,0,1,0,0,25,0,0,-1,-1,-1,-1,0,0,0,0,0,0,-1,0,0,-1,-1,-1,-1,0,0,0,0,0,0,-1,0,30,0,30,0,0,30,30,0,30,1,1,0,0,0,-1,608011156
1,5,-1,1,0,0,1,0,5,1,0,0,25,0,12,3,207,314,0,0,1,0,0,25,0,0,-1,-1,-1,-1,0,0,0,0,0,0,-1,0,0,-1,-1,-1,-1,0,0,0,0,0,0,-1,0,180,0,180,0,0,180,180,0,180,1,1,0,0,0,-1,608011156
1,5,-1,1,0,0,1,0,5,1,0,0,55,0,0,-1,-1,-1,0,0,0,0,0,-1,0,0,-1,-1,-1,-1,0,0,0,0,0,0,-1,0,11,2,2,101,-1,48,0,0,1,0,0,55,0,0,0,0,0,0,0,0,547,547,-1,0,0,1,0,-1,608011156
1,5,-1,1,0,0,1,0,5,1,0,0,55,0,0,-1,-1,-1,0,0,0,0,0,-1,0,0,-1,-1,-1,-1,0,0,0,0,0,0,-1,0,11,2,2,101,-1,48,0,0,1,0,0,55,0,0,0,0,0,0,0,0,1095,1095,-1,0,0,1,0,-1,608011156
1,5,-1,1,0,0,1,0,5,1,0,0,55,0,0,-1,-1,-1,0,0,0,0,0,-1,0,0,-1,-1,-1,-1,0,0,0,0,0,0,-1,0,11,2,2,101,-1,48,0,0,1,0,0,55,0,0,0,0,7,0,7,7,365,365,-1,0,0,1,0,-1,608011156
1,5,-1,1,0,0,1,0,5,1,0,0,55,0,0,-1,-1,-1,0,0,0,0,0,-1,0,0,-1,-1,-1,-1,0,0,0,0,0,0,-1,0,11,2,2,101,-1,48,0,0,1,0,0,55,0,0,0,0,7,0,7,7,1095,1095,-1,0,0,1,0,-1,608011156
1,5,-1,1,0,0,1,0,5,1,0,0,55,0,0,-1,-1,-1,0,0,0,0,0,-1,0,0,-1,-1,-1,-1,0,0,0,0,0,0,-1,0,11,2,2,116,-1,48,0,0,1,0,0,55,0,0,0,0,7,0,7,7,1095,1095,-1,0,0,1,0,-1,608011156
1,5,-1,1,0,0,1,0,5,1,0,0,55,0,0,-1,-1,-1,0,0,0,0,0,-1,0,0,-1,-1,-1,-1,0,0,0,0,0,0,-1,0,11,2,2,207,-1,48,0,0,1,0,0,55,0,0,0,0,30,0,30,30,1095,1095,-1,0,0,1,0,-1,608011156
1,5,-1,1,0,0,1,0,5,1,0,0,55,0,0,-1,-1,-1,0,0,0,0,0,-1,0,12,1,1,101,433,180,0,0,1,0,0,55,0,0,-1,-1,-1,-1,0,0,0,0,0,0,-1,0,0,0,0,180,90,365,180,30,365,4,0,1,0,0,-1,608011156
1,5,-1,1,0,0,1,0,5,1,0,0,55,0,0,-1,-1,-1,0,0,0,0,0,-1,0,12,2,1,101,410,7,0,0,1,0,0,55,0,0,-1,-1,-1,-1,0,0,0,0,0,0,-1,0,0,0,0,7,180,180,7,365,365,4,0,1,0,0,-1,608011156
1,5,-1,1,0,0,1,0,5,1,0,0,55,0,0,-1,-1,-1,0,0,0,0,0,-1,0,12,2,1,101,410,60,0,0,1,0,0,55,0,0,-1,-1,-1,-1,0,0,0,0,0,0,-1,0,0,0,0,60,365,365,60,60,180,4,0,1,0,0,-1,608011156
1,5,-1,1,0,0,1,0,5,1,0,0,55,0,0,-1,-1,-1,0,0,0,0,0,-1,0,12,2,3,116,431,60,0,0,1,0,0,55,0,0,-1,-1,-1,-1,0,0,0,0,0,0,-1,0,0,0,0,60,30,60,60,60,90,4,0,1,0,0,-1,608011156
1,5,-1,1,0,0,1,0,5,1,0,0,55,0,2,-1,-1,-1,0,0,0,0,0,-1,0,0,-1,-1,-1,-1,0,0,0,0,0,0,-1,0,11,2,1,101,-1,24,0,0,1,0,0,55,0,60,0,60,7,0,60,60,60,90,-1,0,0,1,0,-1,608011156
1,5,-1,1,0,0,1,0,5,1,0,0,55,0,2,-1,-1,-1,0,0,0,0,0,-1,0,2,-1,-1,-1,-1,0,0,0,0,0,0,-1,0,11,2,2,101,-1,24,0,0,1,0,0,55,0,60,0,60,7,0,60,60,1094,1095,-1,0,0,1,0,-1,608011156
1,5,-1,1,0,0,1,0,5,1,0,0,55,0,2,-1,-1,-1,0,0,0,0,0,-1,0,12,0,1,410,420,180,0,0,1,0,0,55,0,0,-1,-1,-1,-1,0,0,0,0,0,0,-1,0,90,0,90,180,0,365,365,60,365,5,0,0,0,0,-1,608011156
1,5,-1,1,0,0,1,0,5,1,0,0,55,0,2,-1,-1,-1,0,0,0,0,0,-1,0,12,2,1,101,410,90,0,0,1,0,0,55,0,0,-1,-1,-1,-1,0,0,0,0,0,0,-1,0,90,0,90,30,365,547,90,180,365,5,0,1,0,0,-1,608011156
1,5,-1,1,0,0,1,0,5,1,0,0,55,0,12,1,116,423,0,0,1,0,0,55,0,0,-1,-1,-1,-1,0,0,0,0,0,0,-1,0,0,-1,-1,-1,-1,0,0,0,0,0,0,-1,0,30,0,30,0,0,30,30,365,365,1,1,0,0,0,-1,608011156
1,5,-1,1,0,0,1,0,5,1,0,0,55,0,12,1,206,24,0,0,1,0,0,55,0,0,-1,-1,-1,-1,0,0,0,0,0,0,-1,0,0,-1,-1,-1,-1,0,0,0,0,0,0,-1,0,180,0,180,0,0,180,180,30,180,1,1,0,0,0,-1,608011156
1,5,-1,1,0,0,1,0,5,1,0,0,55,0,12,1,206,204,0,0,1,0,0,55,0,0,-1,-1,-1,-1,0,0,0,0,0,0,-1,0,0,-1,-1,-1,-1,0,0,0,0,0,0,-1,0,30,0,30,0,0,30,30,7,30,1,1,0,0,0,-1,608011156
1,5,-1,1,0,0,1,0,5,1,0,0,55,0,12,1,329,410,0,0,1,0,0,55,0,0,-1,-1,-1,-1,0,0,0,0,0,0,-1,0,0,-1,-1,-1,-1,0,0,0,0,0,0,-1,0,60,0,60,0,0,60,60,90,180,1,1,0,0,0,-1,608011156
1,5,-1,1,0,0,1,0,5,1,0,0,55,0,12,3,206,313,0,0,1,0,0,55,0,0,-1,-1,-1,-1,0,0,0,0,0,0,-1,0,0,-1,-1,-1,-1,0,0,0,0,0,0,-1,0,180,0,180,0,0,180,180,0,180,1,1,0,0,0,-1,608011156
1,5,-1,1,0,0,1,0,5,1,0,0,55,0,12,3,410,225,0,0,1,0,0,55,0,0,-1,-1,-1,-1,0,0,0,0,0,0,-1,0,0,-1,-1,-1,-1,0,0,0,0,0,0,-1,0,180,0,180,0,0,180,180,0,180,1,1,0,0,0,-1,608011156
1,5,-1,1,0,0,1,0,5,1,0,0,55,0,12,3,410,431,0,0,1,0,0,55,0,0,-1,-1,-1,-1,0,0,0,0,0,0,-1,0,0,-1,-1,-1,-1,0,0,0,0,0,0,-1,0,180,0,180,0,0,180,180,0,180,1,1,0,0,22,0,608011156
1,5,-1,1,0,0,1,0,5,1,0,0,55,0,22,1,116,410,0,0,1,0,0,55,0,0,-1,-1,-1,-1,0,0,0,0,0,0,-1,0,12,2,1,101,98,12,0,0,1,0,0,55,0,90,0,90,7,0,90,90,60,180,9,1,0,1,0,-1,608011156
1,5,-1,1,0,0,1,0,5,2,0,0,18,0,12,3,116,431,0,0,1,0,0,18,0,0,-1,-1,-1,-1,0,0,0,0,0,0,-1,0,0,-1,-1,-1,-1,0,0,0,0,0,0,-1,0,180,0,180,0,0,180,180,90,365,1,1,0,0,22,1,608011156
1,5,-1,1,0,0,1,0,5,2,0,0,24,0,12,1,336,440,0,0,1,0,0,24,0,0,-1,-1,-1,-1,0,0,0,0,0,0,-1,0,0,-1,-1,-1,-1,0,0,0,0,0,0,-1,0,90,0,90,0,0,90,90,0,90,1,1,0,0,0,-1,608011156
1,5,-1,1,0,0,1,0,5,2,0,0,25,0,0,-1,-1,-1,0,0,0,0,0,-1,0,12,2,1,116,410,30,0,0,1,0,0,25,0,0,-1,-1,-1,-1,0,0,0,0,0,0,-1,0,0,0,0,30,180,365,30,60,90,4,0,1,0,0,-1,608011156
1,5,-1,1,0,0,1,0,5,2,0,0,25,0,12,1,335,312,0,0,1,0,0,25,0,0,-1,-1,-1,-1,0,0,0,0,0,0,-1,0,0,-1,-1,-1,-1,0,0,0,0,0,0,-1,0,90,0,90,0,0,90,90,30,180,1,1,0,0,0,-1,608011156
1,5,-1,1,0,0,1,0,5,2,0,0,25,1,0,-1,-1,-1,0,0,0,0,0,-1,0,12,2,1,335,433,90,0,0,1,0,0,25,1,0,-1,-1,-1,-1,0,0,0,0,0,0,-1,0,0,0,0,90,180,365,90,0,90,4,0,1,0,0,-1,608011156
1,5,-1,1,0,0,1,0,5,2,0,0,25,1,12,1,314,423,0,0,1,0,0,25,1,0,-1,-1,-1,-1,0,0,0,0,0,0,-1,0,0,-1,-1,-1,-1,0,0,0,0,0,0,-1,0,180,0,180,0,0,180,180,0,180,1,1,0,0,0,-1,608011156
1,5,-1,1,0,0,1,0,5,2,0,0,55,0,0,-1,-1,-1,0,0,0,0,0,-1,0,12,2,1,101,433,60,0,0,1,0,0,55,0,0,-1,-1,-1,-1,0,0,0,0,0,0,-1,0,0,0,0,60,547,547,60,30,60,4,0,1,0,0,-1,608011156
1,5,-1,1,0,0,1,0,5,3,0,0,25,0,0,-1,-1,-1,0,0,0,0,0,-1,0,11,0,3,410,-1,547,0,0,1,0,0,25,0,0,-1,-1,-1,-1,0,0,0,0,0,0,-1,0,0,0,0,547,0,547,547,0,547,4,0,0,0,0,-1,608011156
1,5,-1,1,0,0,1,0,7,1,0,0,55,0,0,-1,-1,-1,0,0,0,0,0,-1,0,0,-1,-1,-1,-1,0,0,0,0,0,0,-1,0,11,2,2,116,-1,36,0,0,1,0,0,55,0,0,0,0,7,0,7,7,180,180,-1,0,0,1,0,-1,608011156
1,5,-1,1,0,0,1,0,14,1,0,0,25,0,12,1,116,312,0,0,1,0,0,25,0,0,-1,-1,-1,-1,0,0,0,0,0,0,-1,0,0,-1,-1,-1,-1,0,0,0,0,0,0,-1,0,90,0,90,0,0,90,90,7,90,1,1,0,0,0,-1,608011156
1,5,-1,1,0,0,1,0,15,1,0,0,25,0,0,-1,-1,-1,0,0,0,0,0,-1,0,0,-1,-1,-1,-1,0,0,0,0,0,0,-1,0,11,2,2,101,-1,48,0,0,1,0,0,25,0,0,0,0,0,0,0,0,1095,1095,-1,0,0,1,0,-1,608011156
1,5,-1,1,0,0,1,0,15,1,0,0,25,0,22,1,207,207,0,0,1,0,0,25,0,0,-1,-1,-1,-1,0,0,0,0,0,0,-1,0,0,-1,-1,-1,-1,0,0,0,0,0,0,-1,0,30,0,30,0,0,30,30,365,547,1,1,0,0,0,-1,608011156
1,5,-1,1,0,0,1,0,17,1,0,0,25,0,12,1,336,312,0,0,1,0,0,25,0,0,-1,-1,-1,-1,0,0,0,0,0,0,-1,0,0,-1,-1,-1,-1,0,0,0,0,0,0,-1,0,0,180,180,0,0,180,180,0,180,2,1,0,0,0,-1,608011156
1,5,-1,1,0,0,1,0,23,1,0,0,25,0,22,1,336,116,0,0,1,0,0,25,0,22,0,1,101,410,180,0,0,1,0,0,25,0,12,0,1,336,98,0,0,0,1,0,0,25,0,60,0,60,365,0,365,365,1095,1095,10,1,0,0,0,-1,608011156
1,5,-1,1,0,0,1,0,36,1,0,0,18,0,0,-1,-1,-1,0,0,0,0,0,-1,0,12,2,3,302,410,30,0,0,1,0,0,18,0,0,-1,-1,-1,-1,0,0,0,0,0,0,-1,0,0,0,0,30,365,365,30,0,30,4,0,1,0,0,-1,608011156
1,5,-1,1,0,0,1,0,46,1,0,0,18,0,12,1,336,312,0,0,1,0,0,18,0,0,-1,-1,-1,-1,0,0,0,0,0,0,-1,0,0,-1,-1,-1,-1,0,0,0,0,0,0,-1,0,60,0,60,0,0,60,60,90,180,1,1,0,0,0,-1,608011156
1,5,-1,1,0,0,1,0,56,1,0,0,25,0,12,1,116,422,0,0,1,0,0,25,0,0,-1,-1,-1,-1,0,0,0,0,0,0,-1,0,0,-1,-1,-1,-1,0,0,0,0,0,0,-1,0,60,0,60,0,0,60,60,60,90,1,1,0,0,0,-1,608011156
1,5,-1,1,0,0,1,0,98,1,0,0,25,0,0,-1,-1,-1,0,0,0,0,0,-1,0,12,2,1,101,410,7,0,0,1,0,0,25,0,0,-1,-1,-1,-1,0,0,0,0,0,0,-1,0,0,0,0,7,365,365,7,90,180,4,0,1,0,0,-1,608011156
1,5,-1,1,0,0,1,0,135,1,0,0,25,0,12,1,116,423,0,0,1,0,0,25,0,0,-1,-1,-1,-1,0,0,0,0,0,0,-1,0,0,-1,-1,-1,-1,0,0,0,0,0,0,-1,0,30,0,30,0,0,30,30,180,180,1,0,0,0,0,-1,608011156
1,5,-1,1,0,0,1,0,135,1,0,0,55,0,0,-1,-1,-1,0,0,0,0,0,-1,0,12,2,1,116,410,30,0,0,1,0,0,55,0,0,-1,-1,-1,-1,0,0,0,0,0,0,-1,0,0,0,0,30,365,365,30,60,90,4,0,1,0,0,-1,608011156
1,5,-1,1,0,0,1,0,136,1,0,0,55,0,12,3,101,420,0,0,1,0,0,55,0,0,-1,-1,-1,-1,0,0,0,0,0,0,-1,0,0,-1,-1,-1,-1,0,0,0,0,0,0,-1,0,60,0,60,0,0,60,60,30,90,1,1,0,0,0,-1,608011156
1,5,-1,1,0,0,1,0,257,1,0,0,55,0,2,-1,-1,-1,0,0,0,0,0,-1,0,12,2,1,101,433,180,0,0,1,0,0,55,0,0,-1,-1,-1,-1,0,0,0,0,0,0,-1,0,90,0,90,90,90,365,180,60,365,5,0,1,0,0,-1,608011156
1,5,-1,1,0,0,1,0,367,1,0,0,25,0,12,1,99,99,0,0,1,0,0,25,0,0,-1,-1,-1,-1,0,0,0,0,0,0,-1,0,0,-1,-1,-1,-1,0,0,0,0,0,0,-1,0,60,0,60,0,0,60,60,180,180,1,1,0,0,0,-1,608011156
1,5,-1,1,0,0,1,1,1,1,0,0,25,0,12,1,101,420,0,0,1,1,0,25,0,0,-1,-1,-1,-1,0,0,0,0,0,0,-1,0,0,-1,-1,-1,-1,0,0,0,0,0,0,-1,0,60,0,60,0,0,60,60,7,60,1,1,0,0,0,-1,608011156
1,5,-1,1,0,0,1,1,3,1,0,0,18,0,12,1,116,101,0,0,1,1,0,18,0,11,1,1,101,-1,180,0,0,1,1,0,18,0,0,-1,-1,-1,-1,0,0,0,0,0,0,-1,0,90,0,90,60,365,547,180,90,365,5,1,1,0,0,-1,608011156
1,5,-1,1,0,0,1,1,3,1,0,0,25,0,0,-1,-1,-1,0,0,0,0,0,-1,0,12,2,1,336,420,7,0,0,1,1,0,25,0,0,-1,-1,-1,-1,0,0,0,0,0,0,-1,0,0,0,0,7,180,180,7,0,7,4,0,1,0,0,-1,608011156
1,5,-1,1,0,0,1,1,3,1,0,0,25,0,12,1,335,98,0,0,1,1,0,25,0,0,-1,-1,-1,-1,0,0,0,0,0,0,-1,0,0,-1,-1,-1,-1,0,0,0,0,0,0,-1,0,60,0,60,0,0,60,60,7,60,1,1,0,0,0,-1,608011156
1,5,-1,1,0,0,1,1,3,1,0,0,25,0,12,3,116,410,0,0,1,1,0,25,0,0,-1,-1,-1,-1,0,0,0,0,0,0,-1,0,0,-1,-1,-1,-1,0,0,0,0,0,0,-1,0,60,0,60,0,0,60,60,30,90,1,1,0,0,0,-1,608011156
1,5,-1,1,0,0,1,1,5,1,0,0,24,0,0,-1,-1,-1,0,0,0,0,0,-1,0,12,2,3,116,410,7,0,0,1,1,0,24,0,0,-1,-1,-1,-1,0,0,0,0,0,0,-1,0,0,0,0,7,547,547,7,180,180,4,0,1,0,0,-1,608011156
1,5,-1,1,0,0,1,1,5,1,0,0,25,0,0,-1,-1,-1,0,0,0,0,0,-1,0,11,2,1,206,-1,7,0,0,1,1,0,25,0,0,-1,-1,-1,-1,0,0,0,0,0,0,-1,0,0,0,0,7,547,547,7,180,180,4,0,1,0,0,-1,608011156
1,5,-1,1,0,0,1,1,5,1,0,0,25,0,0,-1,-1,-1,0,0,0,0,0,-1,0,12,0,1,116,99,180,0,0,1,1,0,25,0,0,-1,-1,-1,-1,0,0,0,0,0,0,-1,0,0,0,0,180,0,180,180,180,365,4,0,0,0,0,-1,608011156
1,5,-1,1,0,0,1,1,5,1,0,0,25,0,0,-1,-1,-1,0,0,0,0,0,-1,0,12,1,3,101,433,180,0,0,1,1,0,25,0,0,-1,-1,-1,-1,0,0,0,0,0,0,-1,0,0,0,0,180,30,180,180,60,180,4,0,1,0,0,-1,608011156
1,5,-1,1,0,0,1,1,5,1,0,0,25,0,0,-1,-1,-1,0,0,0,0,0,-1,0,12,2,1,101,410,7,0,0,1,1,0,25,0,0,-1,-1,-1,-1,0,0,0,0,0,0,-1,0,0,0,0,7,365,365,7,30,30,4,0,1,0,0,-1,608011156
1,5,-1,1,0,0,1,1,5,1,0,0,25,0,0,-1,-1,-1,0,0,0,0,0,-1,0,12,2,1,116,410,90,0,0,1,1,0,25,0,0,-1,-1,-1,-1,0,0,0,0,0,0,-1,0,0,0,0,90,547,547,90,90,180,4,0,1,0,0,-1,608011156
1,5,-1,1,0,0,1,1,5,1,0,0,25,0,0,-1,-1,-1,0,0,0,0,0,-1,0,12,2,2,116,410,30,0,0,1,1,0,25,0,0,-1,-1,-1,-1,0,0,0,0,0,0,-1,0,0,0,0,30,180,180,30,30,30,4,0,1,0,0,-1,608011156
1,5,-1,1,0,0,1,1,5,1,0,0,25,0,0,-1,-1,-1,0,0,0,0,0,-1,0,12,2,3,101,431,60,0,0,1,1,0,25,0,0,-1,-1,-1,-1,0,0,0,0,0,0,-1,0,0,0,0,60,180,365,60,60,90,4,0,1,0,0,-1,608011156
1,5,-1,1,0,0,1,1,5,1,0,0,25,0,0,-1,-1,-1,0,0,0,0,0,-1,0,12,2,3,101,431,180,0,0,1,1,0,25,0,0,-1,-1,-1,-1,0,0,0,0,0,0,-1,0,0,0,0,180,30,180,180,90,365,4,0,1,0,0,-1,608011156
1,5,-1,1,0,0,1,1,5,1,0,0,25,0,2,-1,-1,-1,0,0,0,0,0,-1,0,11,1,1,116,-1,90,0,0,1,1,0,25,0,0,-1,-1,-1,-1,0,0,0,0,0,0,-1,0,60,0,60,90,365,547,180,30,180,5,0,1,0,0,-1,608011156
1,5,-1,1,0,0,1,1,5,1,0,0,25,0,2,-1,-1,-1,0,0,0,0,0,-1,0,12,2,1,101,422,30,0,0,1,1,0,25,0,0,-1,-1,-1,-1,0,0,0,0,0,0,-1,0,30,0,30,30,547,547,60,90,180,5,0,1,0,0,-1,608011156
1,5,-1,1,0,0,1,1,5,1,0,0,25,0,12,1,116,99,0,0,1,1,0,25,0,0,-1,-1,-1,-1,0,0,0,0,0,0,-1,0,0,-1,-1,-1,-1,0,0,0,0,0,0,-1,0,180,0,180,0,0,180,180,365,365,1,1,0,0,0,-1,608011156
1,5,-1,1,0,0,1,1,5,1,0,0,25,0,12,1,204,99,0,0,1,1,0,25,0,12,0,1,101,98,90,0,0,1,1,0,25,0,0,-1,-1,-1,-1,0,0,0,0,0,0,-1,0,30,0,30,60,0,90,90,60,180,5,1,0,0,0,-1,608011156
1,5,-1,1,0,0,1,1,5,1,0,0,25,0,12,1,314,314,0,0,1,1,0,25,0,0,-1,-1,-1,-1,0,0,0,0,0,0,-1,0,0,-1,-1,-1,-1,0,0,0,0,0,0,-1,0,60,0,60,0,0,60,60,365,365,1,1,0,0,0,-1,608011156
1,5,-1,1,0,0,1,1,5,1,0,0,25,0,12,1,336,118,0,0,1,1,0,25,0,0,-1,-1,-1,-1,0,0,0,0,0,0,-1,0,0,-1,-1,-1,-1,0,0,0,0,0,0,-1,0,30,0,30,0,0,30,30,0,30,1,1,0,0,0,-1,608011156
1,5,-1,1,0,0,1,1,5,1,0,0,55,0,2,-1,-1,-1,0,0,0,0,0,-1,0,12,2,1,101,410,180,0,0,1,1,0,55,0,0,-1,-1,-1,-1,0,0,0,0,0,0,-1,0,180,0,180,30,365,547,180,30,180,5,0,1,0,0,-1,608011156
1,5,-1,1,0,0,1,1,5,1,0,0,55,0,12,3,116,434,0,0,1,1,0,55,0,0,-1,-1,-1,-1,0,0,0,0,0,0,-1,0,0,-1,-1,-1,-1,0,0,0,0,0,0,-1,0,365,0,365,0,0,365,365,30,365,1,1,0,0,22,1,608011156
1,5,-1,1,0,0,1,1,56,1,0,0,24,0,12,1,206,431,0,0,1,1,0,24,0,0,-1,-1,-1,-1,0,0,0,0,0,0,-1,0,0,-1,-1,-1,-1,0,0,0,0,0,0,-1,0,60,0,60,0,0,60,60,180,365,1,1,0,0,0,-1,608011156
1,5,-1,1,0,0,1,1,126,1,0,0,25,0,0,-1,-1,-1,0,0,0,0,0,-1,0,12,2,1,116,314,30,0,0,1,1,0,25,0,0,-1,-1,-1,-1,0,0,0,0,0,0,-1,0,0,0,0,30,180,180,30,90,90,4,0,1,0,0,-1,608011156
1,5,-1,1,0,0,1,1,167,1,0,0,25,0,0,-1,-1,-1,0,0,0,0,0,-1,0,0,-1,-1,-1,-1,0,0,0,0,0,0,-1,0,11,2,2,101,-1,48,0,0,1,1,0,25,0,0,0,0,0,0,0,0,1094,1094,-1,0,0,1,0,-1,608011156
1,5,-1,1,0,0,1,1,267,1,0,0,25,0,0,-1,-1,-1,0,0,0,0,0,-1,0,12,2,3,336,410,60,0,0,1,1,0,25,0,0,-1,-1,-1,-1,0,0,0,0,0,0,-1,0,0,0,0,60,180,365,60,0,60,4,0,1,0,0,-1,608011156
1,5,-1,1,0,0,1,1,356,1,0,0,25,0,12,1,116,423,0,0,1,1,0,25,0,0,-1,-1,-1,-1,0,0,0,0,0,0,-1,0,0,-1,-1,-1,-1,0,0,0,0,0,0,-1,0,30,0,30,0,0,30,30,60,90,1,1,0,0,0,-1,608011156
1,5,-1,1,0,0,1,2,2,1,0,0,25,0,12,1,336,313,0,0,1,2,0,25,0,0,-1,-1,-1,-1,0,0,0,0,0,0,-1,0,0,-1,-1,-1,-1,0,0,0,0,0,0,-1,0,180,0,180,0,0,180,180,30,180,1,1,0,0,0,-1,608011156
1,5,-1,1,0,0,1,2,3,1,0,0,25,0,0,-1,-1,-1,0,0,0,0,0,-1,0,11,2,1,116,-1,30,0,0,1,2,0,25,0,0,-1,-1,-1,-1,0,0,0,0,0,0,-1,0,0,0,0,30,547,547,30,180,180,4,0,1,0,0,-1,608011156
1,5,-1,1,0,0,1,2,3,1,0,0,25,0,0,-1,-1,-1,0,0,0,0,0,-1,0,12,1,1,116,433,180,0,0,1,2,0,25,0,0,-1,-1,-1,-1,0,0,0,0,0,0,-1,0,0,0,0,180,60,365,180,60,365,4,0,1,0,0,-1,608011156
1,5,-1,1,0,0,1,2,3,1,0,0,25,0,0,-1,-1,-1,0,0,0,0,0,-1,0,12,2,3,336,433,60,0,0,1,2,0,25,0,0,-1,-1,-1,-1,0,0,0,0,0,0,-1,0,0,0,0,60,180,365,60,0,60,4,0,1,0,0,-1,608011156
1,5,-1,1,0,0,1,2,3,1,0,0,25,0,2,-1,-1,-1,0,0,0,0,0,-1,0,12,2,1,101,410,60,0,0,1,2,0,25,0,0,-1,-1,-1,-1,0,0,0,0,0,0,-1,0,30,0,30,30,547,547,60,90,180,5,0,1,0,0,-1,608011156
1,5,-1,1,0,0,1,2,3,1,0,0,25,0,12,1,116,302,0,0,1,2,0,25,0,0,-1,-1,-1,-1,0,0,0,0,0,0,-1,0,0,-1,-1,-1,-1,0,0,0,0,0,0,-1,0,180,0,180,0,0,180,180,90,365,1,1,0,0,0,-1,608011156
1,5,-1,1,0,0,1,2,3,1,0,0,25,0,12,1,335,423,0,0,1,2,0,25,0,0,-1,-1,-1,-1,0,0,0,0,0,0,-1,0,0,-1,-1,-1,-1,0,0,0,0,0,0,-1,0,30,0,30,0,0,30,30,0,30,1,1,0,0,0,-1,608011156
1,5,-1,1,0,0,1,2,3,1,0,0,25,0,22,1,116,207,0,0,1,2,0,25,0,0,-1,-1,-1,-1,0,0,0,0,0,0,-1,0,0,-1,-1,-1,-1,0,0,0,0,0,0,-1,0,90,0,90,0,0,90,90,30,90,1,1,0,0,0,-1,608011156
1,5,-1,1,0,0,1,2,3,1,0,0,55,0,2,-1,-1,-1,0,0,0,0,0,-1,0,12,2,1,101,410,90,0,0,1,2,0,55,0,0,-1,-1,-1,-1,0,0,0,0,0,0,-1,0,90,0,90,30,365,365,180,30,180,5,0,1,0,0,-1,608011156
1,5,-1,1,0,0,1,2,3,1,0,0,55,0,2,-1,-1,-1,0,0,0,0,0,-1,0,12,2,1,116,410,30,0,0,1,2,0,55,0,0,-1,-1,-1,-1,0,0,0,0,0,0,-1,0,30,0,30,0,547,547,30,7,30,5,0,1,0,0,-1,608011156
1,5,-1,1,0,0,1,2,3,1,0,0,55,0,12,1,116,410,0,0,1,2,0,55,0,0,-1,-1,-1,-1,0,0,0,0,0,0,-1,0,0,-1,-1,-1,-1,0,0,0,0,0,0,-1,0,60,0,60,0,0,60,60,180,180,1,1,0,0,0,-1,608011156
1,5,-1,1,0,0,1,2,3,2,0,0,25,0,0,-1,-1,-1,0,0,0,0,0,-1,0,11,2,1,101,-1,7,0,0,1,2,0,25,0,0,-1,-1,-1,-1,0,0,0,0,0,0,-1,0,0,0,0,7,547,547,7,60,60,4,0,1,0,0,-1,608011156
1,5,-1,1,0,0,1,2,5,1,0,0,18,0,0,-1,-1,-1,0,0,0,0,0,-1,0,11,2,3,336,-1,7,0,0,1,2,0,18,0,0,-1,-1,-1,-1,0,0,0,0,0,0,-1,0,0,0,0,7,547,547,7,0,7,4,0,1,0,0,-1,608011156
1,5,-1,1,0,0,1,2,5,1,0,0,18,0,22,1,336,422,0,0,1,2,0,18,0,12,2,1,336,423,30,0,0,1,2,0,18,0,0,-1,-1,-1,-1,0,0,0,0,0,0,-1,0,30,0,30,30,365,365,60,0,60,5,1,1,0,0,-1,608011156
1,5,-1,1,0,0,1,2,5,1,0,0,25,0,0,-1,-1,-1,0,0,0,0,0,-1,0,11,2,1,101,-1,30,0,0,1,2,0,25,0,0,-1,-1,-1,-1,0,0,0,0,0,0,-1,0,0,0,0,30,730,730,30,30,60,4,0,1,0,0,-1,608011156
1,5,-1,1,0,0,1,2,5,1,0,0,25,0,0,-1,-1,-1,0,0,0,0,0,-1,0,11,2,1,116,-1,60,0,0,1,2,0,25,0,0,-1,-1,-1,-1,0,0,0,0,0,0,-1,0,0,0,0,60,547,547,60,30,90,4,0,1,0,0,-1,608011156
1,5,-1,1,0,0,1,2,5,1,0,0,25,0,0,-1,-1,-1,0,0,0,0,0,-1,0,12,0,1,116,99,180,0,0,1,2,0,25,0,0,-1,-1,-1,-1,0,0,0,0,0,0,-1,0,0,0,0,180,0,180,180,180,365,4,0,0,0,0,-1,608011156
1,5,-1,1,0,0,1,2,5,1,0,0,25,0,0,-1,-1,-1,0,0,0,0,0,-1,0,12,0,3,116,433,180,0,0,1,2,0,25,0,0,-1,-1,-1,-1,0,0,0,0,0,0,-1,0,0,0,0,180,0,180,180,180,365,4,0,0,0,0,-1,608011156
1,5,-1,1,0,0,1,2,5,1,0,0,25,0,0,-1,-1,-1,0,0,0,0,0,-1,0,12,2,3,205,410,60,0,0,1,2,0,25,0,0,-1,-1,-1,-1,0,0,0,0,0,0,-1,0,0,0,0,60,30,60,60,0,60,4,0,1,0,0,-1,608011156
1,5,-1,1,0,0,1,2,5,1,0,0,25,0,2,-1,-1,-1,0,0,0,0,0,-1,0,2,-1,-1,-1,-1,0,0,0,0,0,0,-1,0,11,2,2,101,-1,24,0,0,1,2,0,25,0,7,0,7,7,0,7,7,365,365,-1,0,0,1,0,-1,608011156
1,5,-1,1,0,0,1,2,5,1,0,0,25,0,2,-1,-1,-1,0,0,0,0,0,-1,0,11,2,1,101,-1,30,0,0,1,2,0,25,0,0,-1,-1,-1,-1,0,0,0,0,0,0,-1,0,30,0,30,30,730,730,60,365,365,5,0,1,0,0,-1,608011156
1,5,-1,1,0,0,1,2,5,1,0,0,25,0,2,-1,-1,-1,0,0,0,0,0,-1,0,12,2,1,101,410,30,0,0,1,2,0,25,0,0,-1,-1,-1,-1,0,0,0,0,0,0,-1,0,30,0,30,7,365,365,30,30,30,5,0,1,0,0,-1,608011156
1,5,-1,1,0,0,1,2,5,1,0,0,25,0,12,1,101,99,0,0,1,2,0,25,0,0,-1,-1,-1,-1,0,0,0,0,0,0,-1,0,0,-1,-1,-1,-1,0,0,0,0,0,0,-1,0,60,0,60,0,0,60,60,7,60,1,1,0,0,0,-1,608011156
1,5,-1,1,0,0,1,2,5,1,0,0,25,0,12,1,116,207,0,0,1,2,0,25,0,0,-1,-1,-1,-1,0,0,0,0,0,0,-1,0,0,-1,-1,-1,-1,0,0,0,0,0,0,-1,0,90,0,90,0,0,90,90,7,90,1,1,0,0,0,-1,608011156
1,5,-1,1,0,0,1,2,5,1,0,0,25,0,12,1,314,99,0,0,1,2,0,25,0,0,-1,-1,-1,-1,0,0,0,0,0,0,-1,0,0,-1,-1,-1,-1,0,0,0,0,0,0,-1,0,0,365,365,0,0,365,365,0,365,2,1,0,0,0,-1,608011156
1,5,-1,1,0,0,1,2,5,1,0,0,25,0,12,1,335,204,0,0,1,2,0,25,0,0,-1,-1,-1,-1,0,0,0,0,0,0,-1,0,0,-1,-1,-1,-1,0,0,0,0,0,0,-1,0,60,0,60,0,0,60,60,0,60,1,1,0,0,0,-1,608011156
1,5,-1,1,0,0,1,2,5,1,0,0,25,0,12,1,335,313,0,0,1,2,0,25,0,0,-1,-1,-1,-1,0,0,0,0,0,0,-1,0,0,-1,-1,-1,-1,0,0,0,0,0,0,-1,0,180,0,180,0,0,180,180,0,180,1,1,0,0,0,-1,608011156
1,5,-1,1,0,0,1,2,5,1,0,0,25,0,12,1,336,410,0,0,1,2,0,25,0,0,-1,-1,-1,-1,0,0,0,0,0,0,-1,0,0,-1,-1,-1,-1,0,0,0,0,0,0,-1,0,0,90,90,0,0,90,90,0,90,2,1,0,0,0,-1,608011156
1,5,-1,1,0,0,1,2,5,1,0,0,25,0,12,3,335,431,0,0,1,2,0,25,0,0,-1,-1,-1,-1,0,0,0,0,0,0,-1,0,0,-1,-1,-1,-1,0,0,0,0,0,0,-1,0,30,0,30,0,0,30,30,180,180,1,1,0,0,0,-1,608011156
1,5,-1,1,0,0,1,2,5,1,0,0,55,0,0,-1,-1,-1,0,0,0,0,0,-1,0,12,1,3,410,410,180,0,0,1,2,0,55,0,0,-1,-1,-1,-1,0,0,0,0,0,0,-1,0,0,0,0,180,30,180,180,0,180,4,0,1,0,0,-1,608011156
1,5,-1,1,0,0,1,2,5,1,0,0,55,0,0,-1,-1,-1,0,0,0,0,0,-1,0,12,2,1,116,410,7,0,0,1,2,0,55,0,0,-1,-1,-1,-1,0,0,0,0,0,0,-1,0,0,0,0,7,365,365,7,90,90,4,0,1,0,0,-1,608011156
1,5,-1,1,0,0,1,2,5,1,0,0,55,0,12,1,204,101,0,0,1,2,0,55,0,0,-1,-1,-1,-1,0,0,0,0,0,0,-1,0,0,-1,-1,-1,-1,0,0,0,0,0,0,-1,0,30,0,30,0,0,30,30,0,30,1,1,0,0,0,-1,608011156
1,5,-1,1,0,0,1,2,5,2,0,0,25,0,2,-1,-1,-1,0,0,0,0,0,-1,0,12,2,1,101,410,7,0,0,1,2,0,25,0,0,-1,-1,-1,-1,0,0,0,0,0,0,-1,0,30,0,30,0,365,547,30,90,180,5,0,0,0,0,-1,608011156
1,5,-1,1,0,0,1,2,5,2,0,0,25,0,12,3,335,410,0,0,1,2,0,25,0,0,-1,-1,-1,-1,0,0,0,0,0,0,-1,0,0,-1,-1,-1,-1,0,0,0,0,0,0,-1,0,180,0,180,0,0,180,180,0,180,1,1,0,0,0,-1,608011156
1,5,-1,1,0,0,1,2,5,2,0,0,25,0,12,3,336,313,0,0,1,2,0,25,0,0,-1,-1,-1,-1,0,0,0,0,0,0,-1,0,0,-1,-1,-1,-1,0,0,0,0,0,0,-1,0,60,0,60,0,0,60,60,0,60,1,1,0,0,0,-1,608011156
1,5,-1,1,0,0,1,2,5,2,0,0,25,1,0,-1,-1,-1,0,0,0,0,0,-1,0,12,2,1,116,410,60,0,0,1,2,0,25,1,0,-1,-1,-1,-1,0,0,0,0,0,0,-1,0,0,0,0,60,365,365,60,60,180,4,0,1,0,0,-1,608011156
1,5,-1,1,0,0,1,2,15,1,0,0,18,0,12,1,336,410,0,0,1,2,0,18,0,0,-1,-1,-1,-1,0,0,0,0,0,0,-1,0,0,-1,-1,-1,-1,0,0,0,0,0,0,-1,0,60,0,60,0,0,60,60,0,60,1,1,0,0,0,-1,608011156
1,5,-1,1,0,0,1,2,24,1,0,0,24,0,12,1,101,99,0,0,1,2,0,24,0,0,-1,-1,-1,-1,0,0,0,0,0,0,-1,0,0,-1,-1,-1,-1,0,0,0,0,0,0,-1,0,60,0,60,0,0,60,60,60,90,1,1,0,0,0,-1,608011156
1,5,-1,1,0,0,1,2,35,1,0,0,25,0,22,1,116,410,0,0,1,2,0,25,0,12,0,1,116,422,90,0,0,1,2,0,25,0,0,-1,-1,-1,-1,0,0,0,0,0,0,-1,0,30,0,30,60,0,90,90,180,365,5,1,0,0,0,-1,608011156
1,5,-1,1,0,0,1,2,47,1,0,0,25,0,2,-1,-1,-1,0,0,0,0,0,-1,0,12,2,1,101,433,30,0,0,1,2,0,25,0,0,-1,-1,-1,-1,0,0,0,0,0,0,-1,0,60,0,60,7,730,1094,60,7,60,5,0,1,0,0,-1,608011156
1,5,-1,1,0,0,1,2,56,1,0,0,25,0,0,-1,-1,-1,0,0,0,0,0,-1,0,12,2,1,336,433,60,0,0,1,2,0,25,0,0,-1,-1,-1,-1,0,0,0,0,0,0,-1,0,0,0,0,60,180,365,60,0,60,4,0,1,0,0,-1,608011156
1,5,-1,1,0,0,1,2,56,1,0,0,25,0,12,3,101,205,0,0,1,2,0,25,0,0,-1,-1,-1,-1,0,0,0,0,0,0,-1,0,0,-1,-1,-1,-1,0,0,0,0,0,0,-1,0,60,0,60,0,0,60,60,30,90,1,1,0,0,0,-1,608011156
1,5,-1,1,0,0,1,2,167,1,0,0,25,0,12,3,116,410,0,0,1,2,0,25,0,0,-1,-1,-1,-1,0,0,0,0,0,0,-1,0,0,-1,-1,-1,-1,0,0,0,0,0,0,-1,0,60,0,60,0,0,60,60,7,60,1,1,0,0,0,-1,608011156
1,5,-1,1,0,0,1,2,356,1,0,0,25,0,2,-1,-1,-1,0,0,0,0,0,-1,0,12,2,1,101,410,60,0,0,1,2,0,25,0,0,-1,-1,-1,-1,0,0,0,0,0,0,-1,0,30,0,30,30,365,365,60,60,90,5,0,1,0,0,-1,608011156
1,5,-1,1,0,0,1,2,357,1,0,0,25,0,12,1,116,314,0,0,1,2,0,25,0,0,-1,-1,-1,-1,0,0,0,0,0,0,-1,0,0,-1,-1,-1,-1,0,0,0,0,0,0,-1,0,90,0,90,0,0,90,90,60,180,1,1,0,0,0,-1,608011156
1,5,-1,1,0,0,1,2,567,1,0,0,25,0,12,1,335,410,0,0,1,2,0,25,0,0,-1,-1,-1,-1,0,0,0,0,0,0,-1,0,0,-1,-1,-1,-1,0,0,0,0,0,0,-1,0,0,90,90,0,0,90,90,0,90,2,1,0,0,0,-1,608011156
1,5,-1,1,0,1,0,0,1,1,0,0,55,0,0,-1,-1,-1,0,0,0,0,0,-1,0,0,-1,-1,-1,-1,0,0,0,0,0,0,-1,0,11,2,1,410,-1,84,0,1,0,0,0,55,0,0,0,0,60,0,60,60,0,60,-1,0,0,1,0,-1,608011156
1,5,-1,1,0,1,0,0,3,1,0,0,18,0,12,1,335,410,0,1,0,0,0,18,0,0,-1,-1,-1,-1,0,0,0,0,0,0,-1,0,0,-1,-1,-1,-1,0,0,0,0,0,0,-1,0,90,0,90,0,0,90,90,60,180,1,1,0,0,0,-1,608011156
1,5,-1,1,0,1,0,0,3,1,0,0,25,0,0,-1,-1,-1,0,0,0,0,0,-1,0,0,-1,-1,-1,-1,0,0,0,0,0,0,-1,0,11,2,1,101,-1,36,0,1,0,0,0,25,0,0,0,0,365,0,365,365,365,547,-1,0,0,1,0,-1,608011156
1,5,-1,1,0,1,0,0,3,1,0,0,25,0,0,-1,-1,-1,0,0,0,0,0,-1,0,0,-1,-1,-1,-1,0,0,0,0,0,0,-1,0,11,2,1,101,-1,120,0,1,0,0,0,25,0,0,0,0,0,0,0,0,0,0,-1,0,0,1,0,-1,608011156
1,5,-1,1,0,1,0,0,3,1,0,0,25,0,0,-1,-1,-1,0,0,0,0,0,-1,0,0,-1,-1,-1,-1,0,0,0,0,0,0,-1,0,12,2,1,335,410,120,0,1,0,0,0,25,0,0,0,0,0,0,0,0,0,0,-1,0,0,1,0,-1,608011156
1,5,-1,1,0,1,0,0,3,1,0,0,55,0,0,-1,-1,-1,0,0,0,0,0,-1,0,0,-1,-1,-1,-1,0,0,0,0,0,0,-1,0,11,2,1,101,-1,60,0,1,0,0,0,55,0,0,0,0,30,0,30,30,365,365,-1,0,0,1,0,-1,608011156
1,5,-1,1,0,1,0,0,3,1,0,0,55,0,0,-1,-1,-1,0,0,0,0,0,-1,0,0,-1,-1,-1,-1,0,0,0,0,0,0,-1,0,11,2,1,101,-1,60,0,1,0,0,0,55,0,0,0,0,90,0,90,90,1094,1094,-1,0,0,1,0,-1,608011156
1,5,-1,1,0,1,0,0,3,1,0,0,55,0,0,-1,-1,-1,0,0,0,0,0,-1,0,0,-1,-1,-1,-1,0,0,0,0,0,0,-1,0,11,2,1,410,-1,84,0,1,0,0,0,55,0,0,0,0,730,0,730,730,0,730,-1,0,0,1,0,-1,608011156
1,5,-1,1,0,1,0,0,3,1,0,0,55,0,12,1,101,428,0,1,0,0,0,55,0,0,-1,-1,-1,-1,0,0,0,0,0,0,-1,0,0,-1,-1,-1,-1,0,0,0,0,0,0,-1,0,180,0,180,0,0,180,180,90,365,1,1,0,0,0,-1,608011156
1,5,-1,1,0,1,0,0,3,1,0,0,55,0,12,1,336,410,0,1,0,0,0,55,0,0,-1,-1,-1,-1,0,0,0,0,0,0,-1,0,0,-1,-1,-1,-1,0,0,0,0,0,0,-1,0,180,0,180,0,0,180,180,180,365,1,1,0,0,0,-1,608011156
1,5,-1,1,0,1,0,0,5,1,0,0,24,0,0,-1,-1,-1,0,0,0,0,0,-1,0,12,0,3,116,99,180,0,1,0,0,0,24,0,0,-1,-1,-1,-1,0,0,0,0,0,0,-1,0,0,0,0,180,0,180,180,30,180,4,0,0,0,0,-1,608011156
1,5,-1,1,0,1,0,0,5,1,0,0,25,0,0,-1,-1,-1,0,0,0,0,0,-1,0,0,-1,-1,-1,-1,0,0,0,0,0,0,-1,0,11,2,1,101,-1,36,0,1,0,0,0,25,0,0,0,0,90,0,90,90,30,180,-1,0,0,1,0,-1,608011156
1,5,-1,1,0,1,0,0,5,1,0,0,25,0,0,-1,-1,-1,0,0,0,0,0,-1,0,0,-1,-1,-1,-1,0,0,0,0,0,0,-1,0,11,2,1,336,-1,48,0,1,0,0,0,25,0,0,0,0,180,0,180,180,0,180,-1,0,0,1,0,-1,608011156
1,5,-1,1,0,1,0,0,5,1,0,0,25,0,2,-1,-1,-1,0,0,0,0,0,-1,0,2,-1,-1,-1,-1,0,0,0,0,0,0,-1,0,12,2,1,101,419,12,0,1,0,0,0,25,0,30,0,30,180,0,180,180,30,180,-1,0,0,1,0,-1,608011156
1,5,-1,1,0,1,0,0,5,1,0,0,25,0,12,3,206,99,0,1,0,0,0,25,0,0,-1,-1,-1,-1,0,0,0,0,0,0,-1,0,0,-1,-1,-1,-1,0,0,0,0,0,0,-1,0,90,0,90,0,0,90,90,30,90,1,1,0,0,0,-1,608011156
1,5,-1,1,0,1,0,0,5,1,0,0,25,0,12,3,206,434,0,1,0,0,0,25,0,0,-1,-1,-1,-1,0,0,0,0,0,0,-1,0,0,-1,-1,-1,-1,0,0,0,0,0,0,-1,0,365,0,365,0,0,365,365,0,365,1,1,0,0,0,-1,608011156
1,5,-1,1,0,1,0,0,5,1,0,0,25,0,12,3,336,99,0,1,0,0,0,25,0,0,-1,-1,-1,-1,0,0,0,0,0,0,-1,0,0,-1,-1,-1,-1,0,0,0,0,0,0,-1,0,365,0,365,0,0,365,365,60,365,1,1,0,0,0,-1,608011156
1,5,-1,1,0,1,0,0,5,1,0,0,25,0,22,1,314,302,0,1,0,0,0,25,0,0,-1,-1,-1,-1,0,0,0,0,0,0,-1,0,0,-1,-1,-1,-1,0,0,0,0,0,0,-1,0,0,30,30,0,0,30,30,0,30,2,1,0,0,0,-1,608011156
1,5,-1,1,0,1,0,0,5,1,0,0,55,0,0,-1,-1,-1,0,0,0,0,0,-1,0,0,-1,-1,-1,-1,0,0,0,0,0,0,-1,0,11,2,1,101,-1,84,0,1,0,0,0,55,0,0,0,0,90,0,90,90,7,180,-1,0,0,1,0,-1,608011156
1,5,-1,1,0,1,0,0,5,1,0,0,55,0,0,-1,-1,-1,0,0,0,0,0,-1,0,0,-1,-1,-1,-1,0,0,0,0,0,0,-1,0,11,2,1,101,-1,120,0,1,0,0,0,55,0,0,0,0,0,0,0,0,0,0,-1,0,0,1,0,-1,608011156
1,5,-1,1,0,1,0,0,5,1,0,0,55,0,0,-1,-1,-1,0,0,0,0,0,-1,0,0,-1,-1,-1,-1,0,0,0,0,0,0,-1,0,12,2,1,101,419,120,0,1,0,0,0,55,0,0,0,0,0,0,0,0,0,0,-1,0,0,1,0,-1,608011156
1,5,-1,1,0,1,0,0,5,1,0,0,55,0,0,-1,-1,-1,0,0,0,0,0,-1,0,0,-1,-1,-1,-1,0,0,0,0,0,0,-1,0,12,2,1,410,434,48,0,1,0,0,0,55,0,0,0,0,7,0,7,7,0,7,-1,0,0,1,0,-1,608011156
1,5,-1,1,0,1,0,0,5,1,0,0,55,0,2,-1,-1,-1,0,0,0,0,0,-1,0,0,-1,-1,-1,-1,0,0,0,0,0,0,-1,0,0,-1,-1,-1,-1,0,0,0,0,0,0,-1,0,60,0,60,0,0,60,60,7,60,1,0,0,0,11,2,608011156
1,5,-1,1,0,1,0,0,5,1,0,0,55,0,2,-1,-1,-1,0,0,0,0,0,-1,0,0,-1,-1,-1,-1,0,0,0,0,0,0,-1,0,11,2,1,101,-1,36,0,1,0,0,0,55,0,365,0,365,0,0,365,365,30,365,-1,0,0,1,0,-1,608011156
1,5,-1,1,0,1,0,0,5,1,0,0,55,0,2,-1,-1,-1,0,0,0,0,0,-1,0,0,-1,-1,-1,-1,0,0,0,0,0,0,-1,0,11,2,1,116,-1,36,0,1,0,0,0,55,0,180,0,180,90,0,365,365,1095,1095,-1,0,0,1,0,-1,608011156
1,5,-1,1,0,1,0,0,5,1,0,0,55,0,12,1,116,101,0,1,0,0,0,55,0,0,-1,-1,-1,-1,0,0,0,0,0,0,-1,0,0,-1,-1,-1,-1,0,0,0,0,0,0,-1,0,0,90,90,0,0,90,90,7,90,2,1,0,0,0,-1,608011156
1,5,-1,1,0,1,0,0,5,1,0,0,55,0,12,1,116,423,0,1,0,0,0,55,0,0,-1,-1,-1,-1,0,0,0,0,0,0,-1,0,0,-1,-1,-1,-1,0,0,0,0,0,0,-1,0,365,0,365,0,0,365,365,0,365,1,1,0,0,0,-1,608011156
1,5,-1,1,0,1,0,0,5,1,0,0,55,0,12,1,419,206,0,1,0,0,0,55,0,0,-1,-1,-1,-1,0,0,0,0,0,0,-1,0,21,0,1,419,-1,0,0,1,0,0,0,55,0,0,365,365,180,0,547,547,0,547,12,1,0,0,0,-1,608011156
1,5,-1,1,0,1,0,0,5,1,0,0,55,0,12,3,98,99,0,1,0,0,0,55,0,0,-1,-1,-1,-1,0,0,0,0,0,0,-1,0,0,-1,-1,-1,-1,0,0,0,0,0,0,-1,0,60,0,60,0,0,60,60,7,60,1,1,0,0,0,-1,608011156
1,5,-1,1,0,1,0,0,6,1,0,0,55,0,12,1,206,411,0,1,0,0,0,55,0,0,-1,-1,-1,-1,0,0,0,0,0,0,-1,0,0,-1,-1,-1,-1,0,0,0,0,0,0,-1,0,30,0,30,0,0,30,30,7,30,1,1,0,0,0,-1,608011156
1,5,-1,1,0,1,0,0,345,1,0,0,55,0,2,-1,-1,-1,0,0,0,0,0,-1,0,2,-1,-1,-1,-1,0,0,0,0,0,0,-1,0,11,2,1,101,-1,24,0,1,0,0,0,55,0,7,90,90,7,0,90,90,180,365,-1,0,0,1,0,-1,608011156
1,5,-1,1,0,1,0,2,3,1,0,0,25,0,0,-1,-1,-1,0,0,0,0,0,-1,0,0,-1,-1,-1,-1,0,0,0,0,0,0,-1,0,12,2,1,302,410,24,0,1,0,2,0,25,0,0,0,0,90,0,90,90,0,90,-1,0,0,1,0,-1,608011156
1,5,-1,1,0,1,1,0,1,1,0,0,25,0,0,-1,-1,-1,0,0,0,0,0,-1,0,0,-1,-1,-1,-1,0,0,0,0,0,0,-1,0,12,2,2,101,24,36,0,1,1,0,0,25,0,0,0,0,60,0,60,60,547,547,-1,0,0,1,0,-1,608011156
1,5,-1,1,0,1,1,0,1,1,0,0,25,0,0,-1,-1,-1,0,0,0,0,0,-1,0,11,1,1,116,-1,180,0,1,1,0,0,25,0,0,-1,-1,-1,-1,0,0,0,0,0,0,-1,0,0,0,0,180,365,547,180,180,365,4,0,1,0,0,-1,608011156
1,5,-1,1,0,1,1,0,3,1,0,0,25,0,0,-1,-1,-1,0,0,0,0,0,-1,0,0,-1,-1,-1,-1,0,0,0,0,0,0,-1,0,11,2,2,101,-1,36,0,1,1,0,0,25,0,0,0,0,60,0,60,60,730,730,-1,0,0,1,0,-1,608011156
1,5,-1,1,0,1,1,0,3,1,0,0,25,0,0,-1,-1,-1,0,0,0,0,0,-1,0,0,-1,-1,-1,-1,0,0,0,0,0,0,-1,0,11,2,2,101,-1,48,0,1,1,0,0,25,0,0,0,0,60,0,60,60,547,730,-1,0,0,1,0,-1,608011156
1,5,-1,1,0,1,1,0,3,1,0,0,25,0,0,-1,-1,-1,0,0,0,0,0,-1,0,0,-1,-1,-1,-1,0,0,0,0,0,0,-1,0,11,2,2,101,-1,48,0,1,1,0,0,25,0,0,0,0,60,0,60,60,730,730,-1,0,0,1,0,-1,608011156
1,5,-1,1,0,1,1,0,3,1,0,0,25,0,0,-1,-1,-1,0,0,0,0,0,-1,0,0,-1,-1,-1,-1,0,0,0,0,0,0,-1,0,11,2,2,336,-1,48,0,1,1,0,0,25,0,0,0,0,30,0,30,30,730,730,-1,0,0,1,0,-1,608011156
1,5,-1,1,0,1,1,0,3,1,0,0,25,0,0,-1,-1,-1,0,0,0,0,0,-1,0,0,-1,-1,-1,-1,0,0,0,0,0,0,-1,0,11,2,2,336,-1,48,0,1,1,0,0,25,0,0,0,0,60,0,60,60,730,1094,-1,0,0,1,0,-1,608011156
1,5,-1,1,0,1,1,0,3,1,0,0,25,0,0,-1,-1,-1,0,0,0,0,0,-1,0,0,-1,-1,-1,-1,0,0,0,0,0,0,-1,0,12,2,2,101,24,48,0,1,1,0,0,25,0,0,0,0,30,0,30,30,547,547,-1,0,0,1,0,-1,608011156
1,5,-1,1,0,1,1,0,3,1,0,0,25,0,0,-1,-1,-1,0,0,0,0,0,-1,0,0,-1,-1,-1,-1,0,0,0,0,0,0,-1,0,12,2,2,101,24,48,0,1,1,0,0,25,0,0,0,0,60,0,60,60,730,1094,-1,0,0,1,0,-1,608011156
1,5,-1,1,0,1,1,0,3,1,0,0,25,0,0,-1,-1,-1,0,0,0,0,0,-1,0,0,-1,-1,-1,-1,0,0,0,0,0,0,-1,0,12,2,2,101,423,48,0,1,1,0,0,25,0,0,0,0,60,0,60,60,547,547,-1,0,0,1,0,-1,608011156
1,5,-1,1,0,1,1,0,3,1,0,0,25,0,0,-1,-1,-1,0,0,0,0,0,-1,0,0,-1,-1,-1,-1,0,0,0,0,0,0,-1,0,12,2,2,101,434,36,0,1,1,0,0,25,0,0,0,0,30,0,30,30,365,365,-1,0,0,1,0,-1,608011156
1,5,-1,1,0,1,1,0,3,1,0,0,25,0,2,-1,-1,-1,0,0,0,0,0,-1,0,12,2,1,101,410,7,0,1,1,0,0,25,0,0,-1,-1,-1,-1,0,0,0,0,0,0,-1,0,60,0,60,0,365,547,60,7,60,5,0,1,0,0,-1,608011156
1,5,-1,1,0,1,1,0,3,1,0,0,55,0,0,-1,-1,-1,0,0,0,0,0,-1,0,0,-1,-1,-1,-1,0,0,0,0,0,0,-1,0,11,2,1,101,-1,24,0,1,1,0,0,55,0,0,0,0,90,0,90,90,180,365,-1,0,0,1,0,-1,608011156
1,5,-1,1,0,1,1,0,3,1,0,0,55,0,0,-1,-1,-1,0,0,0,0,0,-1,0,0,-1,-1,-1,-1,0,0,0,0,0,0,-1,0,11,2,1,101,-1,48,0,1,1,0,0,55,0,0,0,0,180,0,180,180,547,730,-1,0,0,1,0,-1,608011156
1,5,-1,1,0,1,1,0,3,1,0,0,55,0,0,-1,-1,-1,0,0,0,0,0,-1,0,0,-1,-1,-1,-1,0,0,0,0,0,0,-1,0,11,2,1,116,-1,24,0,1,1,0,0,55,0,0,0,0,90,0,90,90,60,180,-1,0,0,1,0,-1,608011156
1,5,-1,1,0,1,1,0,3,1,0,0,55,0,0,-1,-1,-1,0,0,0,0,0,-1,0,0,-1,-1,-1,-1,0,0,0,0,0,0,-1,0,11,2,1,410,-1,36,0,1,1,0,0,55,0,0,0,0,0,0,0,0,0,0,-1,0,0,1,0,-1,608011156
1,5,-1,1,0,1,1,0,3,1,0,0,55,0,0,-1,-1,-1,0,0,0,0,0,-1,0,0,-1,-1,-1,-1,0,0,0,0,0,0,-1,0,12,2,1,302,433,60,0,1,1,0,0,55,0,0,0,0,60,0,60,60,0,60,-1,0,0,1,0,-1,608011156
1,5,-1,1,0,1,1,0,3,1,0,0,55,0,0,-1,-1,-1,0,0,0,0,0,-1,0,2,-1,-1,-1,-1,0,0,0,0,0,0,-1,0,11,2,1,116,-1,36,0,1,1,0,0,55,0,0,0,0,90,0,90,90,365,365,-1,0,0,1,0,-1,608011156
1,5,-1,1,0,1,1,0,3,1,0,0,55,0,0,-1,-1,-1,0,0,0,0,0,-1,0,11,2,1,116,-1,180,0,1,1,0,0,55,0,0,-1,-1,-1,-1,0,0,0,0,0,0,-1,0,0,0,0,180,547,547,180,30,180,4,0,1,0,0,-1,608011156
1,5,-1,1,0,1,1,0,3,1,0,0,55,0,0,-1,-1,-1,0,0,0,0,0,-1,0,12,2,1,116,410,90,0,1,1,0,0,55,0,0,-1,-1,-1,-1,0,0,0,0,0,0,-1,0,0,0,0,90,60,180,90,60,180,4,0,1,0,0,-1,608011156
1,5,-1,1,0,1,1,0,3,1,0,0,55,0,12,1,410,420,0,1,1,0,0,55,0,0,-1,-1,-1,-1,0,0,0,0,0,0,-1,0,0,-1,-1,-1,-1,0,0,0,0,0,0,-1,0,90,0,90,0,0,90,90,730,1094,1,1,0,0,0,-1,608011156
1,5,-1,1,0,1,1,0,5,1,0,0,24,0,0,-1,-1,-1,0,0,0,0,0,-1,0,12,2,1,101,410,60,0,1,1,0,0,24,0,0,-1,-1,-1,-1,0,0,0,0,0,0,-1,0,0,0,0,60,60,180,60,30,90,4,0,1,0,0,-1,608011156
1,5,-1,1,0,1,1,0,5,1,0,0,25,0,0,-1,-1,-1,0,0,0,0,0,-1,0,0,-1,-1,-1,-1,0,0,0,0,0,0,-1,0,11,2,2,101,-1,24,0,1,1,0,0,25,0,0,0,0,60,0,60,60,60,180,-1,0,0,1,0,-1,608011156
1,5,-1,1,0,1,1,0,5,1,0,0,25,0,0,-1,-1,-1,0,0,0,0,0,-1,0,0,-1,-1,-1,-1,0,0,0,0,0,0,-1,0,11,2,2,101,-1,36,0,1,1,0,0,25,0,0,0,0,7,0,7,7,547,547,-1,0,0,1,0,-1,608011156
1,5,-1,1,0,1,1,0,5,1,0,0,25,0,0,-1,-1,-1,0,0,0,0,0,-1,0,0,-1,-1,-1,-1,0,0,0,0,0,0,-1,0,11,2,2,101,-1,36,0,1,1,0,0,25,0,0,0,0,7,0,7,7,730,730,-1,0,0,1,0,-1,608011156
1,5,-1,1,0,1,1,0,5,1,0,0,25,0,0,-1,-1,-1,0,0,0,0,0,-1,0,0,-1,-1,-1,-1,0,0,0,0,0,0,-1,0,11,2,2,101,-1,36,0,1,1,0,0,25,0,0,0,0,60,0,60,60,365,547,-1,0,0,1,0,-1,608011156
1,5,-1,1,0,1,1,0,5,1,0,0,25,0,0,-1,-1,-1,0,0,0,0,0,-1,0,0,-1,-1,-1,-1,0,0,0,0,0,0,-1,0,11,2,2,101,-1,48,0,1,1,0,0,25,0,0,0,0,30,0,30,30,365,365,-1,0,0,1,0,-1,608011156
1,5,-1,1,0,1,1,0,5,1,0,0,25,0,0,-1,-1,-1,0,0,0,0,0,-1,0,0,-1,-1,-1,-1,0,0,0,0,0,0,-1,0,11,2,2,101,-1,48,0,1,1,0,0,25,0,0,0,0,30,0,30,30,730,730,-1,0,0,1,0,-1,608011156
1,5,-1,1,0,1,1,0,5,1,0,0,25,0,0,-1,-1,-1,0,0,0,0,0,-1,0,0,-1,-1,-1,-1,0,0,0,0,0,0,-1,0,11,2,2,101,-1,48,0,1,1,0,0,25,0,0,0,0,60,0,60,60,547,547,-1,0,0,1,0,-1,608011156
1,5,-1,1,0,1,1,0,5,1,0,0,25,0,0,-1,-1,-1,0,0,0,0,0,-1,0,0,-1,-1,-1,-1,0,0,0,0,0,0,-1,0,11,2,2,116,-1,36,0,1,1,0,0,25,0,0,0,0,60,0,60,60,365,365,-1,0,0,1,0,-1,608011156
1,5,-1,1,0,1,1,0,5,1,0,0,25,0,0,-1,-1,-1,0,0,0,0,0,-1,0,0,-1,-1,-1,-1,0,0,0,0,0,0,-1,0,11,2,2,116,-1,36,0,1,1,0,0,25,0,0,0,0,60,0,60,60,547,730,-1,0,0,1,0,-1,608011156
1,5,-1,1,0,1,1,0,5,1,0,0,25,0,0,-1,-1,-1,0,0,0,0,0,-1,0,0,-1,-1,-1,-1,0,0,0,0,0,0,-1,0,11,2,2,118,-1,36,0,1,1,0,0,25,0,0,0,0,30,0,30,30,730,730,-1,0,0,1,0,-1,608011156
1,5,-1,1,0,1,1,0,5,1,0,0,25,0,0,-1,-1,-1,0,0,0,0,0,-1,0,0,-1,-1,-1,-1,0,0,0,0,0,0,-1,0,11,2,2,204,-1,36,0,1,1,0,0,25,0,0,0,0,7,0,7,7,547,547,-1,0,0,1,0,-1,608011156
1,5,-1,1,0,1,1,0,5,1,0,0,25,0,0,-1,-1,-1,0,0,0,0,0,-1,0,0,-1,-1,-1,-1,0,0,0,0,0,0,-1,0,11,2,2,205,-1,36,0,1,1,0,0,25,0,0,0,0,60,0,60,60,730,1094,-1,0,0,1,0,-1,608011156
1,5,-1,1,0,1,1,0,5,1,0,0,25,0,0,-1,-1,-1,0,0,0,0,0,-1,0,0,-1,-1,-1,-1,0,0,0,0,0,0,-1,0,11,2,2,206,-1,48,0,1,1,0,0,25,0,0,0,0,30,0,30,30,730,1094,-1,0,0,1,0,-1,608011156
1,5,-1,1,0,1,1,0,5,1,0,0,25,0,0,-1,-1,-1,0,0,0,0,0,-1,0,0,-1,-1,-1,-1,0,0,0,0,0,0,-1,0,12,2,2,101,410,48,0,1,1,0,0,25,0,0,0,0,60,0,60,60,365,547,-1,0,0,1,0,-1,608011156
1,5,-1,1,0,1,1,0,5,1,0,0,25,0,0,-1,-1,-1,0,0,0,0,0,-1,0,0,-1,-1,-1,-1,0,0,0,0,0,0,-1,0,12,2,2,101,419,48,0,1,1,0,0,25,0,0,0,0,60,0,60,60,547,547,-1,0,0,1,0,-1,608011156
1,5,-1,1,0,1,1,0,5,1,0,0,25,0,0,-1,-1,-1,0,0,0,0,0,-1,0,0,-1,-1,-1,-1,0,0,0,0,0,0,-1,0,12,2,2,101,422,48,0,1,1,0,0,25,0,0,0,0,30,0,30,30,730,730,-1,0,0,1,0,-1,608011156
1,5,-1,1,0,1,1,0,5,1,0,0,25,0,0,-1,-1,-1,0,0,0,0,0,-1,0,0,-1,-1,-1,-1,0,0,0,0,0,0,-1,0,12,2,2,101,434,36,0,1,1,0,0,25,0,0,0,0,30,0,30,30,730,1094,-1,0,0,1,0,-1,608011156
1,5,-1,1,0,1,1,0,5,1,0,0,25,0,0,-1,-1,-1,0,0,0,0,0,-1,0,0,-1,-1,-1,-1,0,0,0,0,0,0,-1,0,12,2,2,116,422,48,0,1,1,0,0,25,0,0,0,0,60,0,60,60,547,730,-1,0,0,1,0,-1,608011156
1,5,-1,1,0,1,1,0,5,1,0,0,25,0,0,-1,-1,-1,0,0,0,0,0,-1,0,0,-1,-1,-1,-1,0,0,0,0,0,0,-1,0,12,2,2,116,423,48,0,1,1,0,0,25,0,0,0,0,60,0,60,60,547,730,-1,0,0,1,0,-1,608011156
1,5,-1,1,0,1,1,0,5,1,0,0,25,0,0,-1,-1,-1,0,0,0,0,0,-1,0,0,-1,-1,-1,-1,0,0,0,0,0,0,-1,0,12,2,2,205,422,36,0,1,1,0,0,25,0,0,0,0,30,0,30,30,730,730,-1,0,0,1,0,-1,608011156
1,5,-1,1,0,1,1,0,5,1,0,0,25,0,0,-1,-1,-1,0,0,0,0,0,-1,0,0,-1,-1,-1,-1,0,0,0,0,0,0,-1,0,12,2,2,206,410,36,0,1,1,0,0,25,0,0,0,0,30,0,30,30,547,547,-1,0,0,1,0,-1,608011156
1,5,-1,1,0,1,1,0,5,1,0,0,25,0,0,-1,-1,-1,0,0,0,0,0,-1,0,11,1,2,101,-1,30,0,1,1,0,0,25,0,0,-1,-1,-1,-1,0,0,0,0,0,0,-1,0,0,0,0,30,365,547,30,30,60,4,0,1,0,0,-1,608011156
1,5,-1,1,0,1,1,0,5,1,0,0,25,0,0,-1,-1,-1,0,0,0,0,0,-1,0,12,2,2,101,24,7,0,1,1,0,0,25,0,0,-1,-1,-1,-1,0,0,0,0,0,0,-1,0,0,0,0,7,30,60,7,60,60,4,0,1,0,0,-1,608011156
1,5,-1,1,0,1,1,0,5,1,0,0,25,0,0,-1,-1,-1,0,0,0,0,0,-1,0,12,2,2,101,410,30,0,1,1,0,0,25,0,0,-1,-1,-1,-1,0,0,0,0,0,0,-1,0,0,0,0,30,365,365,30,60,60,4,0,1,0,0,-1,608011156
1,5,-1,1,0,1,1,0,5,1,0,0,25,0,0,-1,-1,-1,0,0,0,0,0,-1,0,12,2,2,101,420,7,0,1,1,0,0,25,0,0,-1,-1,-1,-1,0,0,0,0,0,0,-1,0,0,0,0,7,365,365,7,30,30,4,0,1,0,0,-1,608011156
1,5,-1,1,0,1,1,0,5,1,0,0,55,0,0,-1,-1,-1,0,0,0,0,0,-1,0,0,-1,-1,-1,-1,0,0,0,0,0,0,-1,0,11,0,1,101,-1,0,0,1,1,0,0,55,0,0,0,0,1095,0,1095,1095,60,1095,8,0,0,0,0,-1,608011156
1,5,-1,1,0,1,1,0,5,1,0,0,55,0,0,-1,-1,-1,0,0,0,0,0,-1,0,0,-1,-1,-1,-1,0,0,0,0,0,0,-1,0,11,0,1,116,-1,0,0,1,1,0,0,55,0,0,0,0,1095,0,1095,1095,547,1095,8,0,0,0,0,-1,608011156
1,5,-1,1,0,1,1,0,5,1,0,0,55,0,0,-1,-1,-1,0,0,0,0,0,-1,0,0,-1,-1,-1,-1,0,0,0,0,0,0,-1,0,11,0,1,336,-1,0,0,1,1,0,0,55,0,0,0,0,547,0,547,547,0,547,8,0,0,0,0,-1,608011156
1,5,-1,1,0,1,1,0,5,1,0,0,55,0,0,-1,-1,-1,0,0,0,0,0,-1,0,0,-1,-1,-1,-1,0,0,0,0,0,0,-1,0,11,0,2,116,-1,0,0,1,1,0,0,55,0,0,0,0,1095,0,1095,1095,1095,1095,8,0,0,0,0,-1,608011156
1,5,-1,1,0,1,1,0,5,1,0,0,55,0,0,-1,-1,-1,0,0,0,0,0,-1,0,0,-1,-1,-1,-1,0,0,0,0,0,0,-1,0,11,2,1,101,-1,60,0,1,1,0,0,55,0,0,0,0,90,0,90,90,365,547,-1,0,0,1,0,-1,608011156
1,5,-1,1,0,1,1,0,5,1,0,0,55,0,0,-1,-1,-1,0,0,0,0,0,-1,0,0,-1,-1,-1,-1,0,0,0,0,0,0,-1,0,11,2,1,101,-1,84,0,1,1,0,0,55,0,0,0,0,0,0,0,0,60,60,-1,0,0,1,0,-1,608011156
1,5,-1,1,0,1,1,0,5,1,0,0,55,0,0,-1,-1,-1,0,0,0,0,0,-1,0,0,-1,-1,-1,-1,0,0,0,0,0,0,-1,0,11,2,1,101,-1,120,0,1,1,0,0,55,0,0,0,0,0,0,0,0,0,0,-1,0,0,1,0,-1,608011156
1,5,-1,1,0,1,1,0,5,1,0,0,55,0,0,-1,-1,-1,0,0,0,0,0,-1,0,0,-1,-1,-1,-1,0,0,0,0,0,0,-1,0,11,2,1,329,-1,84,0,1,1,0,0,55,0,0,0,0,90,0,90,90,0,90,-1,0,0,1,0,-1,608011156
1,5,-1,1,0,1,1,0,5,1,0,0,55,0,0,-1,-1,-1,0,0,0,0,0,-1,0,0,-1,-1,-1,-1,0,0,0,0,0,0,-1,0,11,2,1,335,-1,60,0,1,1,0,0,55,0,0,0,0,60,0,60,60,0,60,-1,0,0,1,0,-1,608011156
1,5,-1,1,0,1,1,0,5,1,0,0,55,0,0,-1,-1,-1,0,0,0,0,0,-1,0,0,-1,-1,-1,-1,0,0,0,0,0,0,-1,0,11,2,1,410,-1,60,0,1,1,0,0,55,0,0,0,0,90,0,90,90,0,90,-1,0,0,1,0,-1,608011156
1,5,-1,1,0,1,1,0,5,1,0,0,55,0,0,-1,-1,-1,0,0,0,0,0,-1,0,0,-1,-1,-1,-1,0,0,0,0,0,0,-1,0,11,2,1,419,-1,24,0,1,1,0,0,55,0,0,0,0,0,0,0,0,0,0,-1,0,0,1,0,-1,608011156
1,5,-1,1,0,1,1,0,5,1,0,0,55,0,0,-1,-1,-1,0,0,0,0,0,-1,0,0,-1,-1,-1,-1,0,0,0,0,0,0,-1,0,11,2,1,420,-1,24,0,1,1,0,0,55,0,0,0,0,0,0,0,0,0,0,-1,0,0,1,0,-1,608011156
1,5,-1,1,0,1,1,0,5,1,0,0,55,0,0,-1,-1,-1,0,0,0,0,0,-1,0,0,-1,-1,-1,-1,0,0,0,0,0,0,-1,0,11,2,1,431,-1,24,0,1,1,0,0,55,0,0,0,0,7,0,7,7,0,7,-1,0,0,1,0,-1,608011156
1,5,-1,1,0,1,1,0,5,1,0,0,55,0,0,-1,-1,-1,0,0,0,0,0,-1,0,0,-1,-1,-1,-1,0,0,0,0,0,0,-1,0,11,2,2,101,-1,24,0,1,1,0,0,55,0,0,0,0,30,0,30,30,90,180,-1,0,0,1,0,-1,608011156
1,5,-1,1,0,1,1,0,5,1,0,0,55,0,0,-1,-1,-1,0,0,0,0,0,-1,0,0,-1,-1,-1,-1,0,0,0,0,0,0,-1,0,11,2,2,116,-1,48,0,1,1,0,0,55,0,0,0,0,0,0,0,0,1095,1095,-1,0,0,1,0,-1,608011156
1,5,-1,1,0,1,1,0,5,1,0,0,55,0,0,-1,-1,-1,0,0,0,0,0,-1,0,0,-1,-1,-1,-1,0,0,0,0,0,0,-1,0,12,2,1,116,411,48,0,1,1,0,0,55,0,0,0,0,0,0,0,0,180,180,-1,0,0,1,0,-1,608011156
1,5,-1,1,0,1,1,0,5,1,0,0,55,0,0,-1,-1,-1,0,0,0,0,0,-1,0,2,-1,-1,-1,-1,0,0,0,0,0,0,-1,0,11,2,1,116,-1,24,0,1,1,0,0,55,0,0,0,0,60,0,60,60,60,180,-1,0,0,1,0,-1,608011156
1,5,-1,1,0,1,1,0,5,1,0,0,55,0,0,-1,-1,-1,0,0,0,0,0,-1,0,2,-1,-1,-1,-1,0,0,0,0,0,0,-1,0,11,2,1,116,-1,36,0,1,1,0,0,55,0,0,0,0,180,0,180,180,90,365,-1,0,0,1,0,-1,608011156
1,5,-1,1,0,1,1,0,5,1,0,0,55,0,0,-1,-1,-1,0,0,0,0,0,-1,0,11,2,1,116,-1,60,0,1,1,0,0,55,0,0,-1,-1,-1,-1,0,0,0,0,0,0,-1,0,0,0,0,60,547,547,60,90,180,4,0,1,0,0,-1,608011156
1,5,-1,1,0,1,1,0,5,1,0,0,55,0,0,-1,-1,-1,0,0,0,0,0,-1,0,12,2,3,116,410,60,0,1,1,0,0,55,0,0,-1,-1,-1,-1,0,0,0,0,0,0,-1,0,0,0,0,60,90,180,60,30,60,4,0,1,0,0,-1,608011156
1,5,-1,1,0,1,1,0,5,1,0,0,55,0,0,-1,-1,-1,0,0,0,0,0,-1,0,12,2,3,116,419,30,0,1,1,0,0,55,0,0,-1,-1,-1,-1,0,0,0,0,0,0,-1,0,0,0,0,30,60,90,30,365,365,4,0,1,0,0,-1,608011156
1,5,-1,1,0,1,1,0,5,1,0,0,55,0,2,-1,-1,-1,0,0,0,0,0,-1,0,0,-1,-1,-1,-1,0,0,0,0,0,0,-1,0,11,2,1,101,-1,36,0,1,1,0,0,55,0,180,0,180,0,0,180,180,60,180,-1,0,0,1,0,-1,608011156
1,5,-1,1,0,1,1,0,5,1,0,0,55,0,12,1,99,422,0,1,1,0,0,55,0,22,0,2,101,99,180,0,1,1,0,0,55,0,0,-1,-1,-1,-1,0,0,0,0,0,0,-1,0,180,0,180,30,0,180,180,60,180,5,1,0,0,0,-1,608011156
1,5,-1,1,0,1,1,0,5,1,0,0,55,0,12,1,101,313,0,1,1,0,0,55,0,12,0,2,101,99,90,0,1,1,0,0,55,0,0,-1,-1,-1,-1,0,0,0,0,0,0,-1,0,0,90,90,30,0,90,90,365,365,6,1,0,0,0,-1,608011156
1,5,-1,1,0,1,1,0,5,1,0,0,55,0,12,3,101,314,0,1,1,0,0,55,0,2,-1,-1,-1,-1,0,0,0,0,0,0,-1,0,0,-1,-1,-1,-1,0,0,0,0,0,0,-1,0,180,0,180,30,0,180,180,0,180,5,1,0,0,0,-1,608011156
1,5,-1,1,0,1,1,0,5,2,0,0,55,0,0,-1,-1,-1,0,0,0,0,0,-1,0,12,1,2,101,410,90,0,1,1,0,0,55,0,0,-1,-1,-1,-1,0,0,0,0,0,0,-1,0,0,0,0,90,30,180,90,180,365,4,0,1,0,0,-1,608011156
1,5,-1,1,0,1,1,0,13,1,0,0,55,0,12,1,101,99,0,1,1,0,0,55,0,11,1,2,116,-1,30,0,1,1,0,0,55,0,0,-1,-1,-1,-1,0,0,0,0,0,0,-1,0,30,0,30,30,365,547,30,90,180,5,1,1,0,0,-1,608011156
1,5,-1,1,0,1,1,0,15,1,0,0,25,0,0,-1,-1,-1,0,0,0,0,0,-1,0,0,-1,-1,-1,-1,0,0,0,0,0,0,-1,0,12,2,2,101,426,48,0,1,1,0,0,25,0,0,0,0,30,0,30,30,730,730,-1,0,0,1,0,-1,608011156
1,5,-1,1,0,1,1,0,15,1,0,0,25,0,12,1,116,422,0,1,1,0,0,25,0,0,-1,-1,-1,-1,0,0,0,0,0,0,-1,0,0,-1,-1,-1,-1,0,0,0,0,0,0,-1,0,60,0,60,0,0,60,60,30,90,1,1,0,0,0,-1,608011156
1,5,-1,1,0,1,1,0,26,1,0,0,25,0,0,-1,-1,-1,0,0,0,0,0,-1,0,0,-1,-1,-1,-1,0,0,0,0,0,0,-1,0,11,2,1,410,-1,84,0,1,1,0,0,25,0,0,0,0,60,0,60,60,0,60,-1,0,0,1,0,-1,608011156
1,5,-1,1,0,1,1,0,35,1,0,0,25,0,0,-1,-1,-1,0,0,0,0,0,-1,0,0,-1,-1,-1,-1,0,0,0,0,0,0,-1,0,11,2,1,116,-1,120,0,1,1,0,0,25,0,0,0,0,60,0,60,60,60,90,-1,0,0,1,0,-1,608011156
1,5,-1,1,0,1,1,0,35,1,0,0,55,0,0,-1,-1,-1,0,0,0,0,0,-1,0,0,-1,-1,-1,-1,0,0,0,0,0,0,-1,0,11,2,1,411,-1,84,0,1,1,0,0,55,0,0,0,0,180,0,180,180,0,180,-1,0,0,1,0,-1,608011156
1,5,-1,1,0,1,1,0,46,1,0,0,25,0,0,-1,-1,-1,0,0,0,0,0,-1,0,0,-1,-1,-1,-1,0,0,0,0,0,0,-1,0,11,2,2,101,-1,36,0,1,1,0,0,25,0,0,0,0,7,0,7,7,547,547,-1,0,0,1,0,-1,608011156
1,5,-1,1,0,1,1,0,56,1,0,0,25,0,0,-1,-1,-1,0,0,0,0,0,-1,0,0,-1,-1,-1,-1,0,0,0,0,0,0,-1,0,11,2,1,335,-1,84,0,1,1,0,0,25,0,0,0,0,180,0,180,180,0,180,-1,0,0,1,0,-1,608011156
1,5,-1,1,0,1,1,0,56,1,0,0,25,0,0,-1,-1,-1,0,0,0,0,0,-1,0,0,-1,-1,-1,-1,0,0,0,0,0,0,-1,0,11,2,1,431,-1,36,0,1,1,0,0,25,0,0,0,0,60,0,60,60,0,60,-1,0,0,1,0,-1,608011156
1,5,-1,1,0,1,1,0,156,1,0,0,55,0,0,-1,-1,-1,0,0,0,0,0,-1,0,0,-1,-1,-1,-1,0,0,0,0,0,0,-1,0,12,2,2,101,24,48,0,1,1,0,0,55,0,0,0,0,7,0,7,7,1094,1094,-1,0,0,1,0,-1,608011156
1,5,-1,1,0,1,1,0,345,2,0,0,25,0,0,-1,-1,-1,0,0,0,0,0,-1,0,12,2,1,116,410,0,0,1,1,0,0,25,0,0,-1,-1,-1,-1,0,0,0,0,0,0,-1,0,0,0,0,60,180,365,60,60,180,4,0,1,0,0,-1,608011156
1,5,-1,1,0,1,1,0,356,1,0,0,25,0,12,1,204,99,0,1,1,0,0,25,0,0,-1,-1,-1,-1,0,0,0,0,0,0,-1,0,0,-1,-1,-1,-1,0,0,0,0,0,0,-1,0,30,0,30,0,0,30,30,30,60,1,1,0,0,0,-1,608011156
1,5,-1,1,0,1,1,1,5,1,0,0,25,0,0,-1,-1,-1,0,0,0,0,0,-1,0,0,-1,-1,-1,-1,0,0,0,0,0,0,-1,0,11,2,2,101,-1,36,0,1,1,1,0,25,0,0,0,0,30,0,30,30,730,730,-1,0,0,1,0,-1,608011156
1,5,-1,1,0,1,1,1,5,1,0,0,25,0,2,-1,-1,-1,0,0,0,0,0,-1,0,11,1,2,116,-1,60,0,1,1,1,0,25,0,0,-1,-1,-1,-1,0,0,0,0,0,0,-1,0,7,0,7,60,365,547,60,60,90,5,0,1,0,0,-1,608011156
1,5,-1,1,0,1,1,1,5,1,0,0,55,0,2,-1,-1,-1,0,0,0,0,0,-1,0,12,0,2,101,433,180,0,1,1,1,0,55,0,0,-1,-1,-1,-1,0,0,0,0,0,0,-1,0,0,60,60,90,0,180,180,30,180,6,0,0,0,0,-1,608011156
1,5,-1,1,0,1,1,2,1,1,0,0,25,0,0,-1,-1,-1,0,0,0,0,0,-1,0,0,-1,-1,-1,-1,0,0,0,0,0,0,-1,0,11,2,1,101,-1,84,0,1,1,2,0,25,0,0,0,0,0,0,0,0,365,365,-1,0,0,1,0,-1,608011156
1,5,-1,1,0,1,1,2,5,1,0,0,25,0,0,-1,-1,-1,0,0,0,0,0,-1,0,0,-1,-1,-1,-1,0,0,0,0,0,0,-1,0,12,2,2,101,410,36,0,1,1,2,0,25,0,0,0,0,30,0,30,30,730,730,-1,0,0,1,0,-1,608011156
1,5,-1,1,0,1,1,2,5,1,0,0,25,0,0,-1,-1,-1,0,0,0,0,0,-1,0,12,1,1,116,410,90,0,1,1,2,0,25,0,0,-1,-1,-1,-1,0,0,0,0,0,0,-1,0,0,0,0,90,180,365,90,30,180,4,0,1,0,0,-1,608011156
1,5,-1,1,0,1,1,2,5,3,0,0,25,0,0,-1,-1,-1,0,0,0,0,0,-1,0,12,2,2,116,410,7,0,1,1,2,0,25,0,0,-1,-1,-1,-1,0,0,0,0,0,0,-1,0,0,0,0,7,365,365,7,30,30,4,0,1,0,0,-1,608011156
1,5,-1,1,0,1,1,2,6,1,0,0,25,0,0,-1,-1,-1,0,0,0,0,0,-1,0,0,-1,-1,-1,-1,0,0,0,0,0,0,-1,0,11,2,1,431,-1,36,0,1,1,2,0,25,0,0,0,0,0,0,0,0,0,0,-1,0,0,1,0,-1,608011156
1,5,-1,1,0,1,1,2,25,1,0,0,25,0,0,-1,-1,-1,0,0,0,0,0,-1,0,0,-1,-1,-1,-1,0,0,0,0,0,0,-1,0,11,2,1,431,-1,36,0,1,1,2,0,25,0,0,0,0,60,0,60,60,0,60,-1,0,0,1,0,-1,608011156
1,5,-1,1,1,0,1,0,1,1,0,0,25,0,0,-1,-1,-1,0,0,0,0,0,-1,0,12,0,1,116,423,180,1,0,1,0,0,25,0,0,-1,-1,-1,-1,0,0,0,0,0,0,-1,0,0,0,0,180,0,180,180,1095,1095,4,0,0,0,0,-1,608011156
1,5,-1,1,1,0,1,0,2,1,0,0,25,0,0,-1,-1,-1,0,0,0,0,0,-1,0,0,-1,-1,-1,-1,0,0,0,0,0,0,-1,0,11,0,2,116,-1,0,1,0,1,0,0,25,0,0,0,0,730,0,730,730,547,1094,8,0,0,0,0,-1,608011156
1,5,-1,1,1,0,1,0,2,1,0,0,25,0,22,1,207,116,1,0,1,0,0,25,0,12,0,1,116,207,365,1,0,1,0,0,25,0,21,1,2,116,-1,6,1,0,1,0,0,25,0,180,0,180,365,0,547,547,1095,1095,10,1,0,1,0,-1,608011156
1,5,-1,1,1,0,1,0,3,1,0,0,24,0,0,-1,-1,-1,0,0,0,0,0,-1,0,11,1,1,116,-1,365,1,0,1,0,0,24,0,0,-1,-1,-1,-1,0,0,0,0,0,0,-1,0,0,0,0,365,365,547,365,1095,1095,4,0,1,0,0,-1,608011156
1,5,-1,1,1,0,1,0,3,1,0,0,25,0,0,-1,-1,-1,0,0,0,0,0,-1,0,12,1,1,116,99,60,1,0,1,0,0,25,0,0,-1,-1,-1,-1,0,0,0,0,0,0,-1,0,0,0,0,60,180,180,60,1095,1095,4,0,1,0,0,-1,608011156
1,5,-1,1,1,0,1,0,3,1,0,0,25,0,0,-1,-1,-1,0,0,0,0,0,-1,0,12,2,1,116,207,60,1,0,1,0,0,25,0,0,-1,-1,-1,-1,0,0,0,0,0,0,-1,0,0,0,0,60,365,365,60,60,180,4,0,1,0,0,-1,608011156
1,5,-1,1,1,0,1,0,3,1,0,0,25,0,0,-1,-1,-1,0,0,0,0,0,-1,0,12,2,1,116,410,7,1,0,1,0,0,25,0,0,-1,-1,-1,-1,0,0,0,0,0,0,-1,0,0,0,0,7,365,365,7,547,547,4,0,1,0,0,-1,608011156
1,5,-1,1,1,0,1,0,3,1,0,0,25,0,0,-1,-1,-1,0,0,0,0,0,-1,0,12,2,1,116,410,7,1,0,1,0,0,25,0,0,-1,-1,-1,-1,0,0,0,0,0,0,-1,0,0,0,0,7,365,365,7,1095,1095,4,0,1,0,0,-1,608011156
1,5,-1,1,1,0,1,0,3,1,0,0,25,0,0,-1,-1,-1,0,0,0,0,0,-1,0,12,2,1,116,410,30,1,0,1,0,0,25,0,0,-1,-1,-1,-1,0,0,0,0,0,0,-1,0,0,0,0,30,365,365,30,60,90,4,0,1,0,0,-1,608011156
1,5,-1,1,1,0,1,0,3,1,0,0,25,0,2,-1,-1,-1,0,0,0,0,0,-1,0,2,-1,-1,-1,-1,0,0,0,0,0,0,-1,0,11,1,2,101,-1,6,1,0,1,0,0,25,0,30,0,30,547,0,547,547,1094,1095,10,0,0,1,0,-1,608011156
1,5,-1,1,1,0,1,0,3,1,0,0,25,0,2,-1,-1,-1,0,0,0,0,0,-1,0,12,0,1,101,433,730,1,0,1,0,0,25,0,21,1,2,116,-1,12,1,0,1,0,0,25,0,30,0,30,730,0,730,730,180,1094,10,0,0,1,0,-1,608011156
1,5,-1,1,1,0,1,0,3,1,0,0,25,0,2,-1,-1,-1,0,0,0,0,0,-1,0,12,2,1,206,410,0,1,0,1,0,0,25,0,0,-1,-1,-1,-1,0,0,0,0,0,0,-1,0,30,0,30,180,180,365,180,90,365,5,0,1,0,0,-1,608011156
1,5,-1,1,1,0,1,0,3,1,0,0,25,0,11,1,116,-1,1,0,1,0,0,25,0,0,-1,-1,-1,-1,0,0,0,0,0,0,-1,0,0,-1,-1,-1,-1,0,0,0,0,0,0,-1,0,180,0,180,0,0,180,180,7,180,1,1,0,0,0,-1,608011156
1,5,-1,1,1,0,1,0,3,1,0,0,25,0,11,1,205,-1,1,0,1,0,0,25,0,0,-1,-1,-1,-1,0,0,0,0,0,0,-1,0,0,-1,-1,-1,-1,0,0,0,0,0,0,-1,0,365,0,365,0,0,365,365,7,365,1,1,0,0,0,-1,608011156
1,5,-1,1,1,0,1,0,3,1,0,0,25,0,12,1,99,99,1,0,1,0,0,25,0,0,-1,-1,-1,-1,0,0,0,0,0,0,-1,0,0,-1,-1,-1,-1,0,0,0,0,0,0,-1,0,30,0,30,0,0,30,30,180,180,1,1,0,0,0,-1,608011156
1,5,-1,1,1,0,1,0,3,1,0,0,25,0,12,1,116,99,1,0,1,0,0,25,0,0,-1,-1,-1,-1,0,0,0,0,0,0,-1,0,0,-1,-1,-1,-1,0,0,0,0,0,0,-1,0,60,0,60,0,0,60,60,1094,1094,1,1,0,0,0,-1,608011156
1,5,-1,1,1,0,1,0,3,1,0,0,25,0,12,1,335,99,1,0,1,0,0,25,0,0,-1,-1,-1,-1,0,0,0,0,0,0,-1,0,0,-1,-1,-1,-1,0,0,0,0,0,0,-1,0,90,0,90,0,0,90,90,180,365,1,1,0,0,0,-1,608011156
1,5,-1,1,1,0,1,0,3,1,0,0,25,0,21,1,99,-1,1,0,1,0,0,25,0,12,2,1,101,433,60,1,0,1,0,0,25,0,0,-1,-1,-1,-1,0,0,0,0,0,0,-1,0,180,0,180,60,365,547,180,365,547,5,1,1,0,0,-1,608011156
1,5,-1,1,1,0,1,0,3,1,0,0,25,0,22,1,99,99,1,0,1,0,0,25,0,11,0,1,116,-1,547,1,0,1,0,0,25,0,0,-1,-1,-1,-1,0,0,0,0,0,0,-1,0,30,0,30,547,0,547,547,365,730,5,1,0,0,0,-1,608011156
1,5,-1,1,1,0,1,0,3,1,0,0,25,0,22,1,116,99,1,0,1,0,0,25,0,12,0,1,116,302,180,1,0,1,0,0,25,0,21,1,2,116,-1,6,1,0,1,0,0,25,0,60,0,60,180,0,365,365,1094,1094,10,1,0,1,0,-1,608011156
1,5,-1,1,1,0,1,0,3,1,0,0,25,0,22,1,335,313,1,0,1,0,0,25,0,11,1,1,116,-1,180,1,0,1,0,0,25,0,0,-1,-1,-1,-1,0,0,0,0,0,0,-1,0,60,0,60,60,365,547,180,1095,1095,5,1,1,0,0,-1,608011156
1,5,-1,1,1,0,1,0,3,1,0,0,55,0,0,-1,-1,-1,0,0,0,0,0,-1,0,12,2,1,116,422,30,1,0,1,0,0,55,0,0,-1,-1,-1,-1,0,0,0,0,0,0,-1,0,0,0,0,30,365,547,30,547,547,4,0,1,0,0,-1,608011156
1,5,-1,1,1,0,1,0,3,1,0,0,55,0,2,-1,-1,-1,0,0,0,0,0,-1,0,12,0,1,101,433,365,1,0,1,0,0,55,0,21,1,2,101,-1,6,1,0,1,0,0,55,0,30,0,30,365,0,365,365,730,1094,10,0,0,1,0,-1,608011156
1,5,-1,1,1,0,1,0,3,1,0,0,55,0,11,1,116,-1,1,0,1,0,0,55,0,0,-1,-1,-1,-1,0,0,0,0,0,0,-1,0,0,-1,-1,-1,-1,0,0,0,0,0,0,-1,0,365,0,365,0,0,365,365,365,547,1,1,0,0,0,-1,608011156
1,5,-1,1,1,0,1,0,3,1,0,0,55,0,11,1,116,-1,1,0,1,0,0,55,0,22,0,1,101,101,180,1,0,1,0,0,55,0,0,-1,-1,-1,-1,0,0,0,0,0,0,-1,0,547,0,547,0,0,547,547,547,1094,5,1,0,0,0,-1,608011156
1,5,-1,1,1,0,1,0,3,1,0,0,55,0,11,1,206,-1,1,0,1,0,0,55,0,21,0,1,101,-1,365,1,0,1,0,0,55,0,0,-1,-1,-1,-1,0,0,0,0,0,0,-1,0,547,0,547,0,0,547,547,1095,1095,5,1,0,0,0,-1,608011156
1,5,-1,1,1,0,1,0,3,1,0,0,55,0,22,1,101,410,1,0,1,0,0,55,0,12,2,1,101,410,30,1,0,1,0,0,55,0,21,1,2,101,-1,6,1,0,1,0,0,55,0,30,0,30,30,365,547,30,1095,1095,10,1,1,1,0,-1,608011156
1,5,-1,1,1,0,1,0,3,2,0,0,25,1,0,-1,-1,-1,0,0,0,0,0,-1,0,12,2,1,116,410,7,1,0,1,0,0,25,1,0,-1,-1,-1,-1,0,0,0,0,0,0,-1,0,0,0,0,7,365,365,7,547,547,4,0,1,0,0,-1,608011156
1,5,-1,1,1,0,1,0,5,1,0,0,25,0,0,-1,-1,-1,0,0,0,0,0,-1,0,0,-1,-1,-1,-1,0,0,0,0,0,0,-1,0,12,2,1,116,98,12,1,0,1,0,0,25,0,0,0,0,7,0,7,7,1095,1095,-1,0,0,1,0,-1,608011156
1,5,-1,1,1,0,1,0,5,1,0,0,25,0,0,-1,-1,-1,0,0,0,0,0,-1,0,12,0,1,116,99,365,1,0,1,0,0,25,0,0,-1,-1,-1,-1,0,0,0,0,0,0,-1,0,0,0,0,365,0,365,365,180,547,4,0,0,0,0,-1,608011156
1,5,-1,1,1,0,1,0,5,1,0,0,25,0,0,-1,-1,-1,0,0,0,0,0,-1,0,12,1,1,116,423,180,1,0,1,0,0,25,0,0,-1,-1,-1,-1,0,0,0,0,0,0,-1,0,0,0,0,180,30,180,180,90,180,4,0,1,0,0,-1,608011156
1,5,-1,1,1,0,1,0,5,1,0,0,25,0,0,-1,-1,-1,0,0,0,0,0,-1,0,12,1,1,116,433,547,1,0,1,0,0,25,0,0,-1,-1,-1,-1,0,0,0,0,0,0,-1,0,0,0,0,547,90,547,547,1094,1095,4,0,1,0,0,-1,608011156
1,5,-1,1,1,0,1,0,5,1,0,0,25,0,0,-1,-1,-1,0,0,0,0,0,-1,0,12,1,1,116,434,547,1,0,1,0,0,25,0,0,-1,-1,-1,-1,0,0,0,0,0,0,-1,0,0,0,0,547,60,730,547,180,730,4,0,1,0,0,-1,608011156
1,5,-1,1,1,0,1,0,5,1,0,0,25,0,0,-1,-1,-1,0,0,0,0,0,-1,0,12,1,1,116,440,90,1,0,1,0,0,25,0,0,-1,-1,-1,-1,0,0,0,0,0,0,-1,0,0,0,0,90,60,180,90,30,180,4,0,1,0,0,-1,608011156
1,5,-1,1,1,0,1,0,5,1,0,0,25,0,0,-1,-1,-1,0,0,0,0,0,-1,0,12,2,1,101,410,30,1,0,1,0,0,25,0,0,-1,-1,-1,-1,0,0,0,0,0,0,-1,0,0,0,0,30,365,365,30,1095,1095,4,0,1,0,0,-1,608011156
1,5,-1,1,1,0,1,0,5,1,0,0,25,0,0,-1,-1,-1,0,0,0,0,0,-1,0,12,2,1,101,410,90,1,0,1,0,0,25,0,0,-1,-1,-1,-1,0,0,0,0,0,0,-1,0,0,0,0,90,365,365,90,180,180,4,0,1,0,0,-1,608011156
1,5,-1,1,1,0,1,0,5,1,0,0,25,0,0,-1,-1,-1,0,0,0,0,0,-1,0,12,2,1,116,410,7,1,0,1,0,0,25,0,0,-1,-1,-1,-1,0,0,0,0,0,0,-1,0,0,0,0,7,365,365,7,547,547,4,0,1,0,0,-1,608011156
1,5,-1,1,1,0,1,0,5,1,0,0,25,0,0,-1,-1,-1,0,0,0,0,0,-1,0,12,2,1,116,433,30,1,0,1,0,0,25,0,21,1,2,116,-1,6,1,0,1,0,0,25,0,0,0,0,30,365,365,30,365,365,11,0,1,1,0,-1,608011156
1,5,-1,1,1,0,1,0,5,1,0,0,25,0,0,-1,-1,-1,0,0,0,0,0,-1,0,12,2,1,116,433,365,1,0,1,0,0,25,0,0,-1,-1,-1,-1,0,0,0,0,0,0,-1,0,0,0,0,365,180,547,365,1094,1095,4,0,1,0,0,-1,608011156
1,5,-1,1,1,0,1,0,5,1,0,0,25,0,2,-1,-1,-1,0,0,0,0,0,-1,0,2,-1,-1,-1,-1,0,0,0,0,0,0,-1,0,12,2,2,116,24,12,1,0,1,0,0,25,0,180,0,180,365,0,547,547,1095,1095,-1,0,0,1,0,-1,608011156
1,5,-1,1,1,0,1,0,5,1,0,0,25,0,2,-1,-1,-1,0,0,0,0,0,-1,0,11,1,1,101,-1,7,1,0,1,0,0,25,0,0,-1,-1,-1,-1,0,0,0,0,0,0,-1,0,180,0,180,7,547,730,180,547,730,5,0,1,0,0,-1,608011156
1,5,-1,1,1,0,1,0,5,1,0,0,25,0,2,-1,-1,-1,0,0,0,0,0,-1,0,12,0,1,101,410,365,1,0,1,0,0,25,0,0,-1,-1,-1,-1,0,0,0,0,0,0,-1,0,90,0,90,365,0,365,365,0,365,5,0,0,0,0,-1,608011156
1,5,-1,1,1,0,1,0,5,1,0,0,25,0,2,-1,-1,-1,0,0,0,0,0,-1,0,12,2,1,101,410,7,1,0,1,0,0,25,0,0,-1,-1,-1,-1,0,0,0,0,0,0,-1,0,30,0,30,7,365,365,30,365,365,5,0,1,0,0,-1,608011156
1,5,-1,1,1,0,1,0,5,1,0,0,25,0,2,-1,-1,-1,0,0,0,0,0,-1,0,12,2,1,101,410,90,1,0,1,0,0,25,0,0,-1,-1,-1,-1,0,0,0,0,0,0,-1,0,90,0,90,30,365,365,180,730,1094,5,0,1,0,0,-1,608011156
1,5,-1,1,1,0,1,0,5,1,0,0,25,0,11,1,116,-1,1,0,1,0,0,25,0,0,-1,-1,-1,-1,0,0,0,0,0,0,-1,0,0,-1,-1,-1,-1,0,0,0,0,0,0,-1,0,365,0,365,0,0,365,365,180,547,1,1,0,0,0,-1,608011156
1,5,-1,1,1,0,1,0,5,1,0,0,25,0,11,3,98,-1,1,0,1,0,0,25,0,0,-1,-1,-1,-1,0,0,0,0,0,0,-1,0,0,-1,-1,-1,-1,0,0,0,0,0,0,-1,0,1095,0,1095,0,0,1095,1095,730,1095,1,1,0,0,0,-1,608011156
1,5,-1,1,1,0,1,0,5,1,0,0,25,0,11,3,118,-1,1,0,1,0,0,25,0,0,-1,-1,-1,-1,0,0,0,0,0,0,-1,0,0,-1,-1,-1,-1,0,0,0,0,0,0,-1,0,365,0,365,0,0,365,365,60,547,1,1,0,0,0,-1,608011156
1,5,-1,1,1,0,1,0,5,1,0,0,25,0,12,1,101,99,1,0,1,0,0,25,0,0,-1,-1,-1,-1,0,0,0,0,0,0,-1,0,0,-1,-1,-1,-1,0,0,0,0,0,0,-1,0,60,0,60,0,0,60,60,730,730,1,1,0,0,0,-1,608011156
1,5,-1,1,1,0,1,0,5,1,0,0,25,0,12,1,101,431,1,0,1,0,0,25,0,0,-1,-1,-1,-1,0,0,0,0,0,0,-1,0,0,-1,-1,-1,-1,0,0,0,0,0,0,-1,0,365,0,365,0,0,365,365,730,1094,1,1,0,0,0,-1,608011156
1,5,-1,1,1,0,1,0,5,1,0,0,25,0,12,1,116,101,1,0,1,0,0,25,0,12,0,1,101,99,365,1,0,1,0,0,25,0,0,-1,-1,-1,-1,0,0,0,0,0,0,-1,0,180,0,180,365,0,547,547,1094,1095,5,1,0,0,0,-1,608011156
1,5,-1,1,1,0,1,0,5,1,0,0,25,0,12,1,116,101,1,0,1,0,0,25,0,12,0,1,101,116,365,1,0,1,0,0,25,0,0,-1,-1,-1,-1,0,0,0,0,0,0,-1,0,180,0,180,180,0,365,365,365,547,5,1,0,0,0,-1,608011156
1,5,-1,1,1,0,1,0,5,1,0,0,25,0,12,1,116,116,1,0,1,0,0,25,0,0,-1,-1,-1,-1,0,0,0,0,0,0,-1,0,0,-1,-1,-1,-1,0,0,0,0,0,0,-1,0,60,0,60,0,0,60,60,1095,1095,1,1,0,0,0,-1,608011156
1,5,-1,1,1,0,1,0,5,1,0,0,25,0,12,1,116,312,1,0,1,0,0,25,0,0,-1,-1,-1,-1,0,0,0,0,0,0,-1,0,0,-1,-1,-1,-1,0,0,0,0,0,0,-1,0,180,0,180,0,0,180,180,547,730,1,1,0,0,0,-1,608011156
1,5,-1,1,1,0,1,0,5,1,0,0,25,0,12,1,116,422,1,0,1,0,0,25,0,22,0,1,101,116,180,1,0,1,0,0,25,0,0,-1,-1,-1,-1,0,0,0,0,0,0,-1,0,365,0,365,180,0,365,365,365,730,5,1,0,0,0,-1,608011156
1,5,-1,1,1,0,1,0,5,1,0,0,25,0,12,1,336,99,1,0,1,0,0,25,0,0,-1,-1,-1,-1,0,0,0,0,0,0,-1,0,0,-1,-1,-1,-1,0,0,0,0,0,0,-1,0,90,0,90,0,0,90,90,180,365,1,1,0,0,0,-1,608011156
1,5,-1,1,1,0,1,0,5,1,0,0,25,0,12,1,336,423,1,0,1,0,0,25,0,0,-1,-1,-1,-1,0,0,0,0,0,0,-1,0,0,-1,-1,-1,-1,0,0,0,0,0,0,-1,0,180,0,180,0,0,180,180,30,180,1,1,0,0,0,-1,608011156
1,5,-1,1,1,0,1,0,5,1,0,0,25,0,12,3,101,99,1,0,1,0,0,25,0,0,-1,-1,-1,-1,0,0,0,0,0,0,-1,0,0,-1,-1,-1,-1,0,0,0,0,0,0,-1,0,365,0,365,0,0,365,365,1095,1095,1,1,0,0,0,-1,608011156
1,5,-1,1,1,0,1,0,5,1,0,0,25,0,12,3,101,410,1,0,1,0,0,25,0,0,-1,-1,-1,-1,0,0,0,0,0,0,-1,0,0,-1,-1,-1,-1,0,0,0,0,0,0,-1,0,365,0,365,0,0,365,365,60,365,1,1,0,0,22,1,608011156
1,5,-1,1,1,0,1,0,5,1,0,0,25,0,12,3,116,99,1,0,1,0,0,25,0,0,-1,-1,-1,-1,0,0,0,0,0,0,-1,0,0,-1,-1,-1,-1,0,0,0,0,0,0,-1,0,60,0,60,0,0,60,60,1095,1095,1,1,0,0,0,-1,608011156
1,5,-1,1,1,0,1,0,5,1,0,0,25,0,12,3,205,99,1,0,1,0,0,25,0,0,-1,-1,-1,-1,0,0,0,0,0,0,-1,0,0,-1,-1,-1,-1,0,0,0,0,0,0,-1,0,547,0,547,0,0,547,547,30,547,1,1,0,0,0,-1,608011156
1,5,-1,1,1,0,1,0,5,1,0,0,25,0,12,3,335,98,1,0,1,0,0,25,0,0,-1,-1,-1,-1,0,0,0,0,0,0,-1,0,0,-1,-1,-1,-1,0,0,0,0,0,0,-1,0,365,0,365,0,0,365,365,365,547,1,1,0,0,0,-1,608011156
1,5,-1,1,1,0,1,0,5,1,0,0,25,0,12,3,336,431,1,0,1,0,0,25,0,0,-1,-1,-1,-1,0,0,0,0,0,0,-1,0,0,-1,-1,-1,-1,0,0,0,0,0,0,-1,0,90,0,90,0,0,90,90,60,180,1,1,0,0,22,0,608011156
1,5,-1,1,1,0,1,0,5,1,0,0,25,0,12,3,336,431,1,0,1,0,0,25,0,0,-1,-1,-1,-1,0,0,0,0,0,0,-1,0,0,-1,-1,-1,-1,0,0,0,0,0,0,-1,0,365,0,365,0,0,365,365,30,365,1,1,0,0,22,1,608011156
1,5,-1,1,1,0,1,0,5,1,0,0,25,0,12,3,410,431,1,0,1,0,0,25,0,0,-1,-1,-1,-1,0,0,0,0,0,0,-1,0,0,-1,-1,-1,-1,0,0,0,0,0,0,-1,0,180,0,180,0,0,180,180,30,180,1,1,0,0,0,-1,608011156
1,5,-1,1,1,0,1,0,5,1,0,0,25,0,21,1,116,-1,1,0,1,0,0,25,0,12,0,1,101,99,365,1,0,1,0,0,25,0,0,-1,-1,-1,-1,0,0,0,0,0,0,-1,0,365,0,365,365,0,547,547,365,730,5,1,0,0,0,-1,608011156
1,5,-1,1,1,0,1,0,5,1,0,0,25,0,22,1,116,410,1,0,1,0,0,25,0,11,0,1,116,-1,547,1,0,1,0,0,25,0,0,-1,-1,-1,-1,0,0,0,0,0,0,-1,0,60,0,60,547,0,730,730,60,730,5,1,0,0,0,-1,608011156
1,5,-1,1,1,0,1,0,5,1,0,0,25,0,22,1,116,431,1,0,1,0,0,25,0,12,1,2,116,420,365,1,0,1,0,0,25,0,0,-1,-1,-1,-1,0,0,0,0,0,0,-1,0,60,0,60,365,30,365,365,1094,1095,5,1,1,0,0,-1,608011156
1,5,-1,1,1,0,1,0,5,1,0,0,25,0,22,1,336,313,1,0,1,0,0,25,0,11,0,1,101,-1,547,1,0,1,0,0,25,0,0,-1,-1,-1,-1,0,0,0,0,0,0,-1,0,30,0,30,547,0,547,547,60,547,5,1,0,0,0,-1,608011156
1,5,-1,1,1,0,1,0,5,1,0,0,55,0,0,-1,-1,-1,0,0,0,0,0,-1,0,11,1,1,101,-1,365,1,0,1,0,0,55,0,0,-1,-1,-1,-1,0,0,0,0,0,0,-1,0,0,0,0,365,365,547,365,365,547,4,0,1,0,0,-1,608011156
1,5,-1,1,1,0,1,0,5,1,0,0,55,0,0,-1,-1,-1,0,0,0,0,0,-1,0,12,1,1,116,434,90,1,0,1,0,0,55,0,0,-1,-1,-1,-1,0,0,0,0,0,0,-1,0,0,0,0,90,30,90,90,365,365,4,0,1,0,0,-1,608011156
1,5,-1,1,1,0,1,0,5,1,0,0,55,0,0,-1,-1,-1,0,0,0,0,0,-1,0,12,2,3,116,116,7,1,0,1,0,0,55,0,0,-1,-1,-1,-1,0,0,0,0,0,0,-1,0,0,0,0,7,180,180,7,90,90,4,0,1,0,0,-1,608011156
1,5,-1,1,1,0,1,0,5,1,0,0,55,0,2,-1,-1,-1,0,0,0,0,0,-1,0,12,0,1,101,410,365,1,0,1,0,0,55,0,0,-1,-1,-1,-1,0,0,0,0,0,0,-1,0,30,0,30,365,0,365,365,547,730,5,0,0,0,0,-1,608011156
1,5,-1,1,1,0,1,0,5,1,0,0,55,0,11,1,116,-1,1,0,1,0,0,55,0,0,-1,-1,-1,-1,0,0,0,0,0,0,-1,0,0,-1,-1,-1,-1,0,0,0,0,0,0,-1,0,365,0,365,0,0,365,365,180,547,1,1,0,0,0,-1,608011156
1,5,-1,1,1,0,1,0,5,1,0,0,55,0,11,3,98,-1,1,0,1,0,0,55,0,0,-1,-1,-1,-1,0,0,0,0,0,0,-1,0,0,-1,-1,-1,-1,0,0,0,0,0,0,-1,0,547,0,547,0,0,547,547,0,547,1,1,0,0,0,-1,608011156
1,5,-1,1,1,0,1,0,5,1,0,0,55,0,11,3,98,-1,1,0,1,0,0,55,0,0,-1,-1,-1,-1,0,0,0,0,0,0,-1,0,0,-1,-1,-1,-1,0,0,0,0,0,0,-1,0,1094,0,1094,0,0,1094,1094,0,1094,1,1,0,0,0,-1,608011156
1,5,-1,1,1,0,1,0,5,1,0,0,55,0,11,3,101,-1,1,0,1,0,0,55,0,0,-1,-1,-1,-1,0,0,0,0,0,0,-1,0,0,-1,-1,-1,-1,0,0,0,0,0,0,-1,0,1094,0,1094,0,0,1094,1094,0,1094,1,1,0,0,0,-1,608011156
1,5,-1,1,1,0,1,0,5,1,0,0,55,0,11,3,206,-1,1,0,1,0,0,55,0,0,-1,-1,-1,-1,0,0,0,0,0,0,-1,0,0,-1,-1,-1,-1,0,0,0,0,0,0,-1,0,547,0,547,0,0,547,547,30,547,1,1,0,0,0,-1,608011156
1,5,-1,1,1,0,1,0,5,1,0,0,55,0,12,1,98,313,1,0,1,0,0,55,0,0,-1,-1,-1,-1,0,0,0,0,0,0,-1,0,0,-1,-1,-1,-1,0,0,0,0,0,0,-1,0,90,0,90,0,0,90,90,60,180,1,1,0,0,0,-1,608011156
1,5,-1,1,1,0,1,0,5,1,0,0,55,0,12,1,101,312,1,0,1,0,0,55,0,0,-1,-1,-1,-1,0,0,0,0,0,0,-1,0,0,-1,-1,-1,-1,0,0,0,0,0,0,-1,0,60,0,60,0,0,60,60,30,90,1,1,0,0,0,-1,608011156
1,5,-1,1,1,0,1,0,5,1,0,0,55,0,12,1,116,313,1,0,1,0,0,55,0,0,-1,-1,-1,-1,0,0,0,0,0,0,-1,0,0,-1,-1,-1,-1,0,0,0,0,0,0,-1,0,180,0,180,0,0,180,180,1095,1095,1,1,0,0,0,-1,608011156
1,5,-1,1,1,0,1,0,5,1,0,0,55,0,12,1,116,423,1,0,1,0,0,55,0,0,-1,-1,-1,-1,0,0,0,0,0,0,-1,0,0,-1,-1,-1,-1,0,0,0,0,0,0,-1,0,180,0,180,0,0,180,180,90,180,1,1,0,0,0,-1,608011156
1,5,-1,1,1,0,1,0,5,1,0,0,55,0,12,1,118,24,1,0,1,0,0,55,0,0,-1,-1,-1,-1,0,0,0,0,0,0,-1,0,0,-1,-1,-1,-1,0,0,0,0,0,0,-1,0,90,0,90,0,0,90,90,7,90,1,1,0,0,0,-1,608011156
1,5,-1,1,1,0,1,0,5,1,0,0,55,0,12,3,116,433,1,0,1,0,0,55,0,0,-1,-1,-1,-1,0,0,0,0,0,0,-1,0,0,-1,-1,-1,-1,0,0,0,0,0,0,-1,0,90,0,90,0,0,90,90,365,547,1,1,0,0,22,0,608011156
1,5,-1,1,1,0,1,0,5,1,0,0,55,0,22,1,99,99,1,0,1,0,0,55,0,0,-1,-1,-1,-1,0,0,0,0,0,0,-1,0,0,-1,-1,-1,-1,0,0,0,0,0,0,-1,0,30,0,30,0,0,30,30,60,60,1,1,0,0,0,-1,608011156
1,5,-1,1,1,0,1,0,5,1,0,0,55,0,22,1,101,314,1,0,1,0,0,55,0,0,-1,-1,-1,-1,0,0,0,0,0,0,-1,0,0,-1,-1,-1,-1,0,0,0,0,0,0,-1,0,30,0,30,0,0,30,30,1095,1095,1,1,0,0,0,-1,608011156
1,5,-1,1,1,0,1,0,5,2,0,0,25,0,0,-1,-1,-1,0,0,0,0,0,-1,0,12,0,1,101,99,365,1,0,1,0,0,25,0,0,-1,-1,-1,-1,0,0,0,0,0,0,-1,0,0,0,0,365,0,365,365,0,365,4,0,0,0,0,-1,608011156
1,5,-1,1,1,0,1,0,5,2,0,0,25,0,2,-1,-1,-1,0,0,0,0,0,-1,0,11,1,1,101,-1,180,1,0,1,0,0,25,0,0,-1,-1,-1,-1,0,0,0,0,0,0,-1,0,30,0,30,365,365,730,365,180,547,5,0,1,0,0,-1,608011156
1,5,-1,1,1,0,1,0,5,2,0,0,25,0,12,1,116,423,1,0,1,0,0,25,0,22,1,1,335,99,30,1,0,1,0,0,25,0,0,-1,-1,-1,-1,0,0,0,0,0,0,-1,0,90,0,90,30,365,365,90,90,180,5,1,1,0,0,-1,608011156
1,5,-1,1,1,0,1,0,5,2,0,0,55,0,0,-1,-1,-1,0,0,0,0,0,-1,0,11,1,1,101,-1,180,1,0,1,0,0,55,0,0,-1,-1,-1,-1,0,0,0,0,0,0,-1,0,0,0,0,180,365,547,180,547,730,4,0,1,0,0,-1,608011156
1,5,-1,1,1,0,1,0,15,1,0,0,25,0,2,-1,-1,-1,0,0,0,0,0,-1,0,12,1,1,116,423,547,1,0,1,0,0,25,0,0,-1,-1,-1,-1,0,0,0,0,0,0,-1,0,180,0,180,365,30,547,547,730,1095,5,0,1,0,0,-1,608011156
1,5,-1,1,1,0,1,0,16,1,0,0,25,0,2,-1,-1,-1,0,0,0,0,0,-1,0,12,2,1,101,410,90,1,0,1,0,0,25,0,0,-1,-1,-1,-1,0,0,0,0,0,0,-1,0,60,0,60,60,365,365,90,60,180,5,0,1,0,0,-1,608011156
1,5,-1,1,1,0,1,0,23,1,0,0,55,0,0,-1,-1,-1,0,0,0,0,0,-1,0,12,0,1,206,99,365,1,0,1,0,0,55,0,0,-1,-1,-1,-1,0,0,0,0,0,0,-1,0,0,0,0,365,0,365,365,1094,1095,4,0,0,0,0,-1,608011156
1,5,-1,1,1,0,1,0,24,1,0,0,24,0,2,-1,-1,-1,0,0,0,0,0,-1,0,2,-1,-1,-1,-1,0,0,0,0,0,0,-1,0,11,0,2,101,-1,0,1,0,1,0,0,24,0,60,0,60,1095,0,1095,1095,180,1095,10,0,0,0,0,-1,608011156
1,5,-1,1,1,0,1,0,25,1,0,0,55,0,21,1,99,-1,1,0,1,0,0,55,0,12,0,1,101,410,365,1,0,1,0,0,55,0,0,-1,-1,-1,-1,0,0,0,0,0,0,-1,0,60,0,60,365,0,365,365,365,730,5,1,0,0,0,-1,608011156
1,5,-1,1,1,0,1,0,35,1,0,0,25,0,0,-1,-1,-1,0,0,0,0,0,-1,0,12,2,1,101,420,7,1,0,1,0,0,25,0,0,-1,-1,-1,-1,0,0,0,0,0,0,-1,0,0,0,0,7,180,180,7,730,730,4,0,1,0,0,-1,608011156
1,5,-1,1,1,0,1,0,35,1,0,0,55,0,12,1,206,422,1,0,1,0,0,55,0,0,-1,-1,-1,-1,0,0,0,0,0,0,-1,0,0,-1,-1,-1,-1,0,0,0,0,0,0,-1,0,180,0,180,0,0,180,180,730,1094,1,1,0,0,0,-1,608011156
1,5,-1,1,1,0,1,0,36,1,0,0,25,0,12,1,101,440,1,0,1,0,0,25,0,0,-1,-1,-1,-1,0,0,0,0,0,0,-1,0,0,-1,-1,-1,-1,0,0,0,0,0,0,-1,0,547,0,547,0,0,547,547,730,1094,1,1,0,0,0,-1,608011156
1,5,-1,1,1,0,1,0,36,1,0,0,55,0,12,1,116,313,1,0,1,0,0,55,0,0,-1,-1,-1,-1,0,0,0,0,0,0,-1,0,0,-1,-1,-1,-1,0,0,0,0,0,0,-1,0,547,0,547,0,0,547,547,547,1094,1,1,0,0,0,-1,608011156
1,5,-1,1,1,0,1,0,67,1,0,0,55,0,0,-1,-1,-1,0,0,0,0,0,-1,0,12,2,1,431,410,7,1,0,1,0,0,55,0,0,-1,-1,-1,-1,0,0,0,0,0,0,-1,0,0,0,0,365,90,365,365,1095,1095,4,0,1,0,0,-1,608011156
1,5,-1,1,1,0,1,0,123,1,0,0,25,0,0,-1,-1,-1,0,0,0,0,0,-1,0,12,2,1,116,205,90,1,0,1,0,0,25,0,0,-1,-1,-1,-1,0,0,0,0,0,0,-1,0,0,0,0,90,180,365,90,365,547,4,0,1,0,0,-1,608011156
1,5,-1,1,1,0,1,0,126,1,0,0,25,0,0,-1,-1,-1,0,0,0,0,0,-1,0,12,2,1,116,207,7,1,0,1,0,0,25,0,0,-1,-1,-1,-1,0,0,0,0,0,0,-1,0,0,0,0,7,180,180,7,180,180,4,0,1,0,0,-1,608011156
1,5,-1,1,1,0,1,0,126,1,0,0,25,0,22,1,116,313,1,0,1,0,0,25,0,12,2,1,116,410,7,1,0,1,0,0,25,0,0,-1,-1,-1,-1,0,0,0,0,0,0,-1,0,60,0,60,7,365,547,60,1095,1095,5,1,1,0,0,-1,608011156
1,5,-1,1,1,0,1,0,127,1,0,0,25,0,22,1,99,99,1,0,1,0,0,25,0,12,2,1,101,420,180,1,0,1,0,0,25,0,21,0,2,101,-1,0,1,0,1,0,0,25,0,30,0,30,547,1094,1095,547,60,547,10,1,1,0,0,-1,608011156
1,5,-1,1,1,0,1,0,137,1,0,0,25,0,12,1,434,207,1,0,1,0,0,25,0,12,2,1,101,423,60,1,0,1,0,0,25,0,21,1,2,116,-1,6,1,0,1,0,0,25,0,90,0,90,60,365,547,180,1095,1095,10,1,1,1,0,-1,608011156
1,5,-1,1,1,0,1,0,145,1,0,0,55,0,0,-1,-1,-1,0,0,0,0,0,-1,0,12,2,1,101,410,7,1,0,1,0,0,55,0,0,-1,-1,-1,-1,0,0,0,0,0,0,-1,0,0,0,0,7,90,90,7,1095,1095,4,0,1,0,0,-1,608011156
1,5,-1,1,1,0,1,0,147,1,0,0,55,0,12,1,99,206,1,0,1,0,0,55,0,21,1,1,101,-1,7,1,0,1,0,0,55,0,0,-1,-1,-1,-1,0,0,0,0,0,0,-1,0,60,0,60,7,365,365,60,365,365,5,1,1,0,0,-1,608011156
1,5,-1,1,1,0,1,0,156,1,0,0,25,0,2,-1,-1,-1,0,0,0,0,0,-1,0,12,2,1,101,420,30,1,0,1,0,0,25,0,21,0,2,101,-1,0,1,0,1,0,0,25,0,180,0,180,365,730,1094,547,1095,1095,10,0,1,0,0,-1,608011156
1,5,-1,1,1,0,1,0,246,1,0,0,55,0,12,1,116,116,1,0,1,0,0,55,0,0,-1,-1,-1,-1,0,0,0,0,0,0,-1,0,0,-1,-1,-1,-1,0,0,0,0,0,0,-1,0,180,0,180,0,0,180,180,1095,1095,1,1,0,0,0,-1,608011156
1,5,-1,1,1,0,1,0,456,2,0,0,25,0,0,-1,-1,-1,0,0,0,0,0,-1,0,12,2,1,116,207,90,1,0,1,0,0,25,0,0,-1,-1,-1,-1,0,0,0,0,0,0,-1,0,0,0,0,90,365,365,90,1094,1094,4,0,1,0,0,-1,608011156
1,5,-1,1,1,0,1,1,3,1,0,0,18,0,2,-1,-1,-1,0,0,0,0,0,-1,0,12,2,1,101,433,30,1,0,1,1,0,18,0,0,-1,-1,-1,-1,0,0,0,0,0,0,-1,0,60,0,60,0,365,365,60,547,547,5,0,1,0,0,-1,608011156
1,5,-1,1,1,0,1,1,3,1,0,0,24,0,0,-1,-1,-1,0,0,0,0,0,-1,0,11,1,1,116,-1,365,1,0,1,1,0,24,0,0,-1,-1,-1,-1,0,0,0,0,0,0,-1,0,0,0,0,365,90,547,365,60,547,4,0,1,0,0,-1,608011156
1,5,-1,1,1,0,1,1,3,1,0,0,25,0,2,-1,-1,-1,0,0,0,0,0,-1,0,12,1,1,101,420,180,1,0,1,1,0,25,0,0,-1,-1,-1,-1,0,0,0,0,0,0,-1,0,30,0,30,90,180,365,180,1095,1095,5,0,1,0,0,-1,608011156
1,5,-1,1,1,0,1,1,3,1,0,0,25,0,12,1,116,204,1,0,1,1,0,25,0,0,-1,-1,-1,-1,0,0,0,0,0,0,-1,0,0,-1,-1,-1,-1,0,0,0,0,0,0,-1,0,90,0,90,0,0,90,90,365,547,1,1,0,0,0,-1,608011156
1,5,-1,1,1,0,1,1,3,2,0,0,25,0,22,1,431,314,1,0,1,1,0,25,0,12,2,1,116,314,30,1,0,1,1,0,25,0,0,-1,-1,-1,-1,0,0,0,0,0,0,-1,0,0,0,0,30,365,365,30,180,180,12,1,1,0,0,-1,608011156
1,5,-1,1,1,0,1,1,5,1,0,0,24,0,12,1,336,423,1,0,1,1,0,24,0,0,-1,-1,-1,-1,0,0,0,0,0,0,-1,0,0,-1,-1,-1,-1,0,0,0,0,0,0,-1,0,60,0,60,0,0,60,60,30,90,1,1,0,0,0,-1,608011156
1,5,-1,1,1,0,1,1,5,1,0,0,25,0,0,-1,-1,-1,0,0,0,0,0,-1,0,12,2,2,101,410,90,1,0,1,1,0,25,0,0,-1,-1,-1,-1,0,0,0,0,0,0,-1,0,0,0,0,90,365,365,90,1094,1094,4,0,1,0,0,-1,608011156
1,5,-1,1,1,0,1,1,5,1,0,0,25,0,2,-1,-1,-1,0,0,0,0,0,-1,0,12,2,1,101,410,30,1,0,1,1,0,25,0,0,-1,-1,-1,-1,0,0,0,0,0,0,-1,0,60,0,60,30,365,547,60,1095,1095,5,0,1,0,0,-1,608011156
1,5,-1,1,1,0,1,1,5,1,0,0,25,0,2,-1,-1,-1,0,0,0,0,0,-1,0,12,2,1,101,410,90,1,0,1,1,0,25,0,0,-1,-1,-1,-1,0,0,0,0,0,0,-1,0,30,0,30,90,365,365,180,180,365,5,0,1,0,0,-1,608011156
1,5,-1,1,1,0,1,1,5,1,0,0,25,0,2,-1,-1,-1,0,0,0,0,0,-1,0,12,2,1,116,410,7,1,0,1,1,0,25,0,21,1,2,116,-1,6,1,0,1,1,0,25,0,90,0,90,7,365,547,90,365,365,10,0,1,1,0,-1,608011156
1,5,-1,1,1,0,1,1,5,1,0,0,25,0,11,3,101,-1,1,0,1,1,0,25,0,0,-1,-1,-1,-1,0,0,0,0,0,0,-1,0,0,-1,-1,-1,-1,0,0,0,0,0,0,-1,0,730,0,730,0,0,730,730,180,1094,1,1,0,0,0,-1,608011156
1,5,-1,1,1,0,1,1,5,1,0,0,25,0,11,3,206,-1,1,0,1,1,0,25,0,0,-1,-1,-1,-1,0,0,0,0,0,0,-1,0,0,-1,-1,-1,-1,0,0,0,0,0,0,-1,0,1094,0,1094,0,0,1094,1094,30,1094,1,1,0,0,0,-1,608011156
1,5,-1,1,1,0,1,1,5,1,0,0,25,0,12,1,101,410,1,0,1,1,0,25,0,0,-1,-1,-1,-1,0,0,0,0,0,0,-1,0,0,-1,-1,-1,-1,0,0,0,0,0,0,-1,0,60,0,60,0,0,60,60,30,90,1,1,0,0,0,-1,608011156
1,5,-1,1,1,0,1,1,5,1,0,0,25,0,12,1,116,422,1,0,1,1,0,25,0,0,-1,-1,-1,-1,0,0,0,0,0,0,-1,0,0,-1,-1,-1,-1,0,0,0,0,0,0,-1,0,180,0,180,0,0,180,180,90,365,1,1,0,0,0,-1,608011156
1,5,-1,1,1,0,1,1,5,1,0,0,25,0,21,1,204,-1,1,0,1,1,0,25,0,12,2,1,101,410,30,1,0,1,1,0,25,0,0,-1,-1,-1,-1,0,0,0,0,0,0,-1,0,180,0,180,0,365,547,180,365,365,5,1,1,0,0,-1,608011156
1,5,-1,1,1,0,1,1,5,1,0,0,25,0,22,1,336,99,1,0,1,1,0,25,0,11,2,1,116,-1,180,1,0,1,1,0,25,0,0,-1,-1,-1,-1,0,0,0,0,0,0,-1,0,30,0,30,180,365,547,180,365,547,5,1,1,0,0,-1,608011156
1,5,-1,1,1,0,1,1,5,1,0,0,55,0,0,-1,-1,-1,0,0,0,0,0,-1,0,12,0,3,116,410,180,1,0,1,1,0,55,0,0,-1,-1,-1,-1,0,0,0,0,0,0,-1,0,0,0,0,180,0,180,180,547,547,4,0,0,0,0,-1,608011156
1,5,-1,1,1,0,1,1,5,1,0,0,55,0,12,1,116,204,1,0,1,1,0,55,0,21,1,1,101,-1,60,1,0,1,1,0,55,0,0,-1,-1,-1,-1,0,0,0,0,0,0,-1,0,180,0,180,60,180,365,365,60,365,5,1,1,0,0,-1,608011156
1,5,-1,1,1,0,1,1,5,1,0,0,55,0,22,1,116,116,1,0,1,1,0,55,0,12,2,1,116,410,90,1,0,1,1,0,25,0,0,-1,-1,-1,-1,0,0,0,0,0,0,-1,0,180,0,180,90,365,547,365,365,547,5,1,1,0,0,-1,608011156
1,5,-1,1,1,0,1,1,5,2,0,0,25,0,0,-1,-1,-1,0,0,0,0,0,-1,0,21,1,1,116,-1,365,1,0,1,1,0,25,0,0,-1,-1,-1,-1,0,0,0,0,0,0,-1,0,0,0,0,365,180,365,365,365,547,4,0,1,0,0,-1,608011156
1,5,-1,1,1,0,1,1,35,1,0,0,55,0,0,-1,-1,-1,0,0,0,0,0,-1,0,12,1,3,116,312,90,1,0,1,1,0,55,0,0,-1,-1,-1,-1,0,0,0,0,0,0,-1,0,0,0,0,90,60,180,90,1095,1095,4,0,1,0,0,-1,608011156
1,5,-1,1,1,0,1,1,36,1,0,0,25,0,12,1,99,99,1,0,1,1,0,25,0,12,1,1,116,410,30,1,0,1,1,0,25,0,0,-1,-1,-1,-1,0,0,0,0,0,0,-1,0,30,0,30,30,180,180,60,1095,1095,5,1,1,0,0,-1,608011156
1,5,-1,1,1,0,1,1,56,1,0,0,25,0,12,1,116,410,1,0,1,1,0,25,0,0,-1,-1,-1,-1,0,0,0,0,0,0,-1,0,0,-1,-1,-1,-1,0,0,0,0,0,0,-1,0,180,0,180,0,0,180,180,180,365,1,1,0,0,0,-1,608011156
1,5,-1,1,1,0,1,1,56,1,0,0,25,0,12,3,116,312,1,0,1,1,0,25,0,12,0,1,101,207,365,1,0,1,1,0,25,0,0,-1,-1,-1,-1,0,0,0,0,0,0,-1,0,60,0,60,365,0,365,365,1094,1095,5,1,0,0,0,-1,608011156
1,5,-1,1,1,0,1,1,125,1,0,0,25,0,0,-1,-1,-1,0,0,0,0,0,-1,0,12,1,3,116,410,365,1,0,1,1,0,25,0,0,-1,-1,-1,-1,0,0,0,0,0,0,-1,0,0,0,0,365,30,365,365,547,1094,4,0,1,0,0,-1,608011156
1,5,-1,1,1,0,1,1,346,1,0,0,25,0,2,-1,-1,-1,0,0,0,0,0,-1,0,12,2,1,116,410,30,1,0,1,1,0,25,0,0,-1,-1,-1,-1,0,0,0,0,0,0,-1,0,30,0,30,30,90,180,30,547,547,5,0,1,0,0,-1,608011156
1,5,-1,1,1,0,1,1,567,1,0,0,25,0,0,-1,-1,-1,0,0,0,0,0,-1,0,12,0,1,116,99,180,1,0,1,1,0,25,0,0,-1,-1,-1,-1,0,0,0,0,0,0,-1,0,0,0,0,180,0,180,180,365,547,4,0,0,0,0,-1,608011156
1,5,-1,1,1,0,1,2,1,1,0,0,55,0,11,1,116,-1,1,0,1,2,0,55,0,0,-1,-1,-1,-1,0,0,0,0,0,0,-1,0,0,-1,-1,-1,-1,0,0,0,0,0,0,-1,0,365,0,365,0,0,365,365,180,365,1,1,0,0,0,-1,608011156
1,5,-1,1,1,0,1,2,1,1,0,0,55,0,12,1,116,410,1,0,1,2,0,55,0,0,-1,-1,-1,-1,0,0,0,0,0,0,-1,0,0,-1,-1,-1,-1,0,0,0,0,0,0,-1,0,180,0,180,0,0,180,180,90,365,1,1,0,0,0,-1,608011156
1,5,-1,1,1,0,1,2,3,1,0,0,25,0,12,1,101,99,1,0,1,2,0,25,0,21,1,1,116,-1,30,1,0,1,2,0,25,0,0,-1,-1,-1,-1,0,0,0,0,0,0,-1,0,60,0,60,30,180,365,90,365,547,5,1,1,0,0,-1,608011156
1,5,-1,1,1,0,1,2,3,1,0,0,25,0,12,1,116,99,1,0,1,2,0,25,0,0,-1,-1,-1,-1,0,0,0,0,0,0,-1,0,0,-1,-1,-1,-1,0,0,0,0,0,0,-1,0,365,0,365,0,0,365,365,90,365,1,1,0,0,0,-1,608011156
1,5,-1,1,1,0,1,2,3,1,0,0,25,0,12,1,116,207,1,0,1,2,0,25,0,12,0,1,101,99,365,1,0,1,2,0,25,0,0,-1,-1,-1,-1,0,0,0,0,0,0,-1,0,365,0,365,30,0,365,365,1095,1095,5,1,0,0,0,-1,608011156
1,5,-1,1,1,0,1,2,3,1,0,0,25,0,12,1,335,206,1,0,1,2,0,25,0,2,-1,-1,-1,-1,0,0,0,0,0,0,-1,0,0,-1,-1,-1,-1,0,0,0,0,0,0,-1,0,30,0,30,7,0,60,60,1095,1095,5,1,0,0,0,-1,608011156
1,5,-1,1,1,0,1,2,3,1,0,0,55,0,12,1,116,99,1,0,1,2,0,55,0,0,-1,-1,-1,-1,0,0,0,0,0,0,-1,0,0,-1,-1,-1,-1,0,0,0,0,0,0,-1,0,60,0,60,0,0,60,60,730,730,1,1,0,0,0,-1,608011156
1,5,-1,1,1,0,1,2,3,1,0,0,55,0,22,1,335,99,1,0,1,2,0,55,0,12,2,1,116,422,30,1,0,1,2,0,55,0,0,-1,-1,-1,-1,0,0,0,0,0,0,-1,0,30,0,30,30,365,365,30,1094,1094,5,1,1,0,0,-1,608011156
1,5,-1,1,1,0,1,2,3,3,0,0,25,0,22,1,336,433,1,0,1,0,0,25,0,12,0,1,101,410,365,1,0,1,2,0,25,0,0,-1,-1,-1,-1,0,0,0,0,0,0,-1,0,365,0,365,365,0,730,730,90,730,5,1,0,0,0,-1,608011156
1,5,-1,1,1,0,1,2,5,1,0,0,24,0,0,-1,-1,-1,0,0,0,0,0,-1,0,12,2,3,101,420,7,1,0,1,2,0,24,0,0,-1,-1,-1,-1,0,0,0,0,0,0,-1,0,0,0,0,7,365,365,7,547,547,4,0,1,0,0,-1,608011156
1,5,-1,1,1,0,1,2,5,1,0,0,25,0,0,-1,-1,-1,0,0,0,0,0,-1,0,11,0,3,101,-1,547,1,0,1,2,0,25,0,0,-1,-1,-1,-1,0,0,0,0,0,0,-1,0,0,0,0,547,0,547,547,90,730,4,0,0,0,0,-1,608011156
1,5,-1,1,1,0,1,2,5,1,0,0,25,0,0,-1,-1,-1,0,0,0,0,0,-1,0,12,0,1,116,99,180,1,0,1,2,0,25,0,0,-1,-1,-1,-1,0,0,0,0,0,0,-1,0,0,0,0,180,0,180,180,547,547,4,0,0,0,0,-1,608011156
1,5,-1,1,1,0,1,2,5,1,0,0,25,0,0,-1,-1,-1,0,0,0,0,0,-1,0,12,0,3,116,99,365,1,0,1,2,0,25,0,0,-1,-1,-1,-1,0,0,0,0,0,0,-1,0,0,0,0,365,0,365,365,30,547,4,0,0,0,0,-1,608011156
1,5,-1,1,1,0,1,2,5,1,0,0,25,0,0,-1,-1,-1,0,0,0,0,0,-1,0,12,1,1,116,410,60,1,0,1,2,0,25,0,0,-1,-1,-1,-1,0,0,0,0,0,0,-1,0,0,0,0,60,180,180,60,730,730,4,0,1,0,0,-1,608011156
1,5,-1,1,1,0,1,2,5,1,0,0,25,0,0,-1,-1,-1,0,0,0,0,0,-1,0,12,1,3,314,410,60,1,0,1,2,0,25,0,0,-1,-1,-1,-1,0,0,0,0,0,0,-1,0,0,0,0,60,180,365,60,60,90,4,0,1,0,0,-1,608011156
1,5,-1,1,1,0,1,2,5,1,0,0,25,0,11,1,101,-1,1,0,1,2,0,25,0,21,0,1,101,-1,180,1,0,1,2,0,25,0,0,-1,-1,-1,-1,0,0,0,0,0,0,-1,0,547,0,547,0,0,547,547,7,547,5,1,0,0,0,-1,608011156
1,5,-1,1,1,0,1,2,5,1,0,0,25,0,11,1,314,-1,1,0,1,2,0,25,0,21,0,1,101,-1,365,1,0,1,2,0,25,0,0,-1,-1,-1,-1,0,0,0,0,0,0,-1,0,365,0,365,365,0,547,547,60,547,5,1,0,0,0,-1,608011156
1,5,-1,1,1,0,1,2,5,1,0,0,25,0,12,1,116,206,1,0,1,2,0,25,0,0,-1,-1,-1,-1,0,0,0,0,0,0,-1,0,0,-1,-1,-1,-1,0,0,0,0,0,0,-1,0,30,0,30,0,0,30,30,30,60,1,1,0,0,0,-1,608011156
1,5,-1,1,1,0,1,2,5,1,0,0,25,0,12,1,116,314,1,0,1,2,0,25,0,0,-1,-1,-1,-1,0,0,0,0,0,0,-1,0,0,-1,-1,-1,-1,0,0,0,0,0,0,-1,0,180,0,180,0,0,180,180,730,1094,1,1,0,0,0,-1,608011156
1,5,-1,1,1,0,1,2,5,1,0,0,25,0,12,1,116,422,1,0,1,2,0,25,0,0,-1,-1,-1,-1,0,0,0,0,0,0,-1,0,0,-1,-1,-1,-1,0,0,0,0,0,0,-1,0,30,0,30,0,0,30,30,547,547,1,1,0,0,0,-1,608011156
1,5,-1,1,1,0,1,2,5,1,0,0,25,0,12,1,207,312,1,0,1,2,0,25,0,11,0,1,207,-1,547,1,0,1,2,0,25,0,0,-1,-1,-1,-1,0,0,0,0,0,0,-1,0,90,0,90,365,0,547,547,0,547,5,1,0,0,0,-1,608011156
1,5,-1,1,1,0,1,2,5,1,0,0,25,0,12,1,207,420,1,0,1,2,0,25,0,12,2,1,101,410,30,1,0,1,2,0,25,0,0,-1,-1,-1,-1,0,0,0,0,0,0,-1,0,0,0,0,30,365,365,30,1095,1095,12,1,1,0,0,-1,608011156
1,5,-1,1,1,0,1,2,5,1,0,0,25,0,12,1,207,422,1,0,1,2,0,25,0,12,0,1,101,101,365,1,0,1,2,0,25,0,0,-1,-1,-1,-1,0,0,0,0,0,0,-1,0,365,0,365,90,0,365,365,180,547,5,1,0,0,0,-1,608011156
1,5,-1,1,1,0,1,2,5,1,0,0,25,0,12,1,335,312,1,0,1,2,0,25,0,0,-1,-1,-1,-1,0,0,0,0,0,0,-1,0,0,-1,-1,-1,-1,0,0,0,0,0,0,-1,0,60,0,60,0,0,60,60,0,60,1,1,0,0,0,-1,608011156
1,5,-1,1,1,0,1,2,5,1,0,0,25,0,12,1,335,431,1,0,1,2,0,25,0,0,-1,-1,-1,-1,0,0,0,0,0,0,-1,0,0,-1,-1,-1,-1,0,0,0,0,0,0,-1,0,180,0,180,0,0,180,180,0,180,1,1,0,0,0,-1,608011156
1,5,-1,1,1,0,1,2,5,1,0,0,25,0,12,3,116,410,1,0,1,2,0,25,0,0,-1,-1,-1,-1,0,0,0,0,0,0,-1,0,0,-1,-1,-1,-1,0,0,0,0,0,0,-1,0,180,0,180,0,0,180,180,1094,1094,1,1,0,0,0,-1,608011156
1,5,-1,1,1,0,1,2,5,1,0,0,25,0,12,3,204,423,1,0,1,2,0,25,0,0,-1,-1,-1,-1,0,0,0,0,0,0,-1,0,0,-1,-1,-1,-1,0,0,0,0,0,0,-1,0,547,0,547,0,0,547,547,730,1095,1,1,0,0,0,-1,608011156
1,5,-1,1,1,0,1,2,5,1,0,0,25,0,22,1,99,99,1,0,1,2,0,25,0,22,0,1,101,433,90,1,0,1,2,0,25,0,21,1,2,101,-1,6,1,0,1,2,0,25,0,30,0,30,365,0,365,365,60,365,10,1,0,1,0,-1,608011156
1,5,-1,1,1,0,1,2,5,1,0,0,25,0,22,1,116,99,1,0,1,2,0,25,0,12,2,1,101,423,30,1,0,1,2,0,25,0,0,-1,-1,-1,-1,0,0,0,0,0,0,-1,0,60,0,60,7,365,365,60,180,180,5,1,1,0,0,-1,608011156
1,5,-1,1,1,0,1,2,5,1,0,0,55,0,0,-1,-1,-1,0,0,0,0,0,-1,0,12,2,1,101,410,30,1,0,1,2,0,55,0,0,-1,-1,-1,-1,0,0,0,0,0,0,-1,0,0,0,0,30,365,547,30,1095,1095,4,0,1,0,0,-1,608011156
1,5,-1,1,1,0,1,2,5,2,0,0,25,0,0,-1,-1,-1,0,0,0,0,0,-1,0,11,0,1,116,-1,547,1,0,1,2,0,25,0,0,-1,-1,-1,-1,0,0,0,0,0,0,-1,0,0,0,0,547,0,547,547,30,547,4,0,0,0,0,-1,608011156
1,5,-1,1,1,0,1,2,5,2,0,0,25,0,0,-1,-1,-1,0,0,0,0,0,-1,0,12,1,2,116,422,180,1,0,1,2,0,25,0,0,-1,-1,-1,-1,0,0,0,0,0,0,-1,0,0,0,0,180,180,365,180,365,365,4,0,1,0,0,-1,608011156
1,5,-1,1,1,0,1,2,5,2,0,0,25,0,0,-1,-1,-1,0,0,0,0,0,-1,0,12,2,1,116,410,7,1,0,1,2,0,25,0,0,-1,-1,-1,-1,0,0,0,0,0,0,-1,0,0,0,0,7,365,365,7,365,365,4,0,1,0,0,-1,608011156
1,5,-1,1,1,0,1,2,5,2,0,0,25,0,0,-1,-1,-1,0,0,0,0,0,-1,0,12,2,3,116,410,7,1,0,1,2,0,25,0,0,-1,-1,-1,-1,0,0,0,0,0,0,-1,0,0,0,0,7,180,180,7,547,547,4,0,1,0,0,-1,608011156
1,5,-1,1,1,0,1,2,5,2,0,0,25,0,2,-1,-1,-1,0,0,0,0,0,-1,0,12,2,1,116,433,7,1,0,1,2,0,25,0,21,1,2,116,-1,12,1,0,1,2,0,25,0,90,0,90,7,365,547,90,547,547,10,0,1,1,0,-1,608011156
1,5,-1,1,1,0,1,2,5,2,0,0,25,0,22,1,410,99,1,0,1,2,0,25,0,11,1,1,101,-1,90,1,0,1,2,0,25,0,0,-1,-1,-1,-1,0,0,0,0,0,0,-1,0,90,0,90,30,547,547,180,180,365,5,1,1,0,0,-1,608011156
1,5,-1,1,1,0,1,2,7,1,0,0,55,0,22,1,99,99,1,0,1,2,0,55,0,12,0,1,101,101,547,1,0,1,2,0,55,0,0,-1,-1,-1,-1,0,0,0,0,0,0,-1,0,7,0,7,547,0,547,547,547,1094,5,1,0,0,0,-1,608011156
1,5,-1,1,1,0,1,2,15,1,0,0,25,0,0,-1,-1,-1,0,0,0,0,0,-1,0,12,0,1,116,24,90,1,0,1,2,0,25,0,0,-1,-1,-1,-1,0,0,0,0,0,0,-1,0,0,0,0,90,0,90,90,1095,1095,4,0,0,0,0,-1,608011156
1,5,-1,1,1,0,1,2,26,1,0,0,55,0,12,1,116,98,1,0,1,2,0,25,0,21,1,1,116,-1,7,1,0,1,2,0,55,0,0,-1,-1,-1,-1,0,0,0,0,0,0,-1,0,60,0,60,7,180,365,60,547,547,5,1,1,0,0,-1,608011156
1,5,-1,1,1,0,1,2,35,1,0,0,25,0,12,1,116,99,1,0,1,2,0,25,0,0,-1,-1,-1,-1,0,0,0,0,0,0,-1,0,0,-1,-1,-1,-1,0,0,0,0,0,0,-1,0,60,0,60,0,0,60,60,90,180,1,1,0,0,0,-1,608011156
1,5,-1,1,1,0,1,2,35,1,0,0,55,0,2,-1,-1,-1,0,0,0,0,0,-1,0,12,2,1,101,433,60,1,0,1,2,0,55,0,0,-1,-1,-1,-1,0,0,0,0,0,0,-1,0,7,0,7,60,365,365,60,1095,1095,5,0,1,0,0,-1,608011156
1,5,-1,1,1,0,1,2,56,1,0,0,25,0,22,1,431,99,1,0,1,2,0,25,0,12,2,1,101,422,30,1,0,1,2,0,25,0,0,-1,-1,-1,-1,0,0,0,0,0,0,-1,0,180,0,180,7,365,547,180,180,365,5,1,1,0,0,-1,608011156
1,5,-1,1,1,0,1,2,123,1,0,0,55,0,2,-1,-1,-1,0,0,0,0,0,-1,0,12,2,1,116,440,365,1,0,1,2,0,55,0,0,-1,-1,-1,-1,0,0,0,0,0,0,-1,0,365,0,365,180,30,365,365,547,1094,5,0,1,0,0,-1,608011156
1,5,-1,1,1,0,1,2,134,1,0,0,55,0,2,-1,-1,-1,0,0,0,0,0,-1,0,12,0,1,116,420,180,1,0,1,2,0,55,0,0,-1,-1,-1,-1,0,0,0,0,0,0,-1,0,30,0,30,180,0,180,180,1095,1095,5,0,0,0,0,-1,608011156
1,5,-1,1,1,0,1,2,236,1,0,0,55,0,0,-1,-1,-1,0,0,0,0,0,-1,0,12,0,1,116,204,180,1,0,1,2,0,55,0,0,-1,-1,-1,-1,0,0,0,0,0,0,-1,0,0,0,0,180,0,180,180,60,180,4,0,0,0,0,-1,608011156
1,5,-1,1,1,0,1,2,247,1,0,0,25,0,12,1,116,423,1,0,1,2,0,25,0,0,-1,-1,-1,-1,0,0,0,0,0,0,-1,0,0,-1,-1,-1,-1,0,0,0,0,0,0,-1,0,60,0,60,0,0,60,60,180,180,1,1,0,0,0,-1,608011156
1,5,-1,1,1,0,1,2,346,1,0,0,25,0,12,3,116,116,1,0,1,2,0,25,0,0,-1,-1,-1,-1,0,0,0,0,0,0,-1,0,0,-1,-1,-1,-1,0,0,0,0,0,0,-1,0,180,0,180,0,0,180,180,730,1094,1,1,0,0,21,0,608011156
1,5,-1,1,1,0,1,2,367,1,0,0,25,0,2,-1,-1,-1,0,0,0,0,0,-1,0,12,0,1,101,410,365,1,0,1,2,0,25,0,0,-1,-1,-1,-1,0,0,0,0,0,0,-1,0,90,0,90,365,0,365,365,1095,1095,5,0,0,0,0,-1,608011156
1,5,-1,1,1,1,1,0,3,1,0,0,55,0,22,1,335,419,1,1,1,0,0,55,0,12,1,2,116,423,90,1,1,1,0,0,55,0,0,-1,-1,-1,-1,0,0,0,0,0,0,-1,0,30,30,60,90,30,180,180,180,365,7,1,1,0,0,-1,608011156
1,5,-1,1,1,1,1,0,5,1,0,0,25,0,0,-1,-1,-1,0,0,0,0,0,-1,0,0,-1,-1,-1,-1,0,0,0,0,0,0,-1,0,11,1,1,101,-1,12,1,1,1,0,0,25,0,0,0,0,180,0,180,180,180,365,8,0,0,1,0,-1,608011156
1,5,-1,1,1,1,1,0,5,1,0,0,25,0,2,-1,-1,-1,0,0,0,0,0,-1,0,12,2,2,101,419,60,1,1,1,0,0,25,0,0,-1,-1,-1,-1,0,0,0,0,0,0,-1,0,90,0,90,60,365,547,180,1095,1095,5,0,1,0,0,-1,608011156
1,5,-1,1,1,1,1,0,5,1,0,0,25,0,12,1,101,419,1,1,1,0,0,25,0,21,0,1,101,-1,365,1,1,1,0,0,25,0,21,0,1,101,-1,0,1,1,1,0,0,25,0,365,0,365,365,0,547,547,180,547,10,1,0,0,0,-1,608011156
1,5,-1,1,1,1,1,0,5,1,0,0,25,0,12,1,116,204,1,1,1,0,0,25,0,12,0,2,101,205,60,1,1,1,0,0,25,0,0,-1,-1,-1,-1,0,0,0,0,0,0,-1,0,0,60,60,30,0,90,90,547,547,6,1,0,0,0,-1,608011156
1,5,-1,1,1,1,1,0,5,1,0,0,55,0,0,-1,-1,-1,0,0,0,0,0,-1,0,12,0,2,116,419,365,1,1,1,0,0,55,0,21,0,1,116,-1,0,1,1,1,0,0,55,0,0,0,0,547,0,547,547,30,547,11,0,0,0,0,-1,608011156
1,5,-1,1,1,1,1,0,5,1,0,0,55,0,0,-1,-1,-1,0,0,0,0,0,-1,0,12,0,3,116,99,365,1,1,1,0,0,55,0,0,-1,-1,-1,-1,0,0,0,0,0,0,-1,0,0,0,0,365,0,365,365,90,365,4,0,0,0,0,-1,608011156
1,5,-1,1,1,1,1,0,5,1,0,0,55,0,0,-1,-1,-1,0,0,0,0,0,-1,0,12,0,3,116,419,180,1,1,1,0,0,55,0,0,-1,-1,-1,-1,0,0,0,0,0,0,-1,0,0,0,0,180,0,180,180,60,365,4,0,0,0,0,-1,608011156
1,5,-1,1,1,1,1,0,5,1,0,0,55,0,0,-1,-1,-1,0,0,0,0,0,-1,0,12,1,2,116,419,365,1,1,1,0,0,55,0,21,0,1,116,-1,0,1,1,1,0,0,55,0,0,0,0,547,30,547,547,1095,1095,11,0,1,0,0,-1,608011156
1,5,-1,1,1,1,1,0,5,1,0,0,55,0,0,-1,-1,-1,0,0,0,0,0,-1,0,12,2,1,206,225,60,1,1,1,0,0,55,0,0,-1,-1,-1,-1,0,0,0,0,0,0,-1,0,0,0,0,60,365,365,60,30,60,4,0,1,0,0,-1,608011156
1,5,-1,1,1,1,1,0,5,1,0,0,55,0,0,-1,-1,-1,0,0,0,0,0,-1,0,12,2,3,116,433,180,1,1,1,0,0,55,0,0,-1,-1,-1,-1,0,0,0,0,0,0,-1,0,0,0,0,180,365,547,180,365,365,4,0,1,0,0,-1,608011156
1,5,-1,1,1,1,1,0,5,1,0,0,55,0,12,1,101,312,1,1,1,0,0,55,0,22,1,2,101,422,60,1,1,1,0,0,55,0,0,-1,-1,-1,-1,0,0,0,0,0,0,-1,0,30,365,365,30,30,365,365,60,365,7,1,1,0,0,-1,608011156
1,5,-1,1,1,1,1,0,5,1,0,0,55,0,12,1,116,99,1,1,1,0,0,55,0,12,2,2,116,420,180,1,1,1,0,0,55,0,0,-1,-1,-1,-1,0,0,0,0,0,0,-1,0,0,0,0,180,365,547,180,1094,1094,12,1,1,0,0,-1,608011156
1,5,-1,1,1,1,1,0,5,1,0,0,55,0,12,1,116,420,1,1,1,0,0,55,0,0,-1,-1,-1,-1,0,0,0,0,0,0,-1,0,0,-1,-1,-1,-1,0,0,0,0,0,0,-1,0,90,0,90,0,0,90,90,1094,1095,1,1,0,0,0,-1,608011156
1,5,-1,1,1,1,1,0,5,1,0,0,55,0,12,3,116,99,1,1,1,0,0,55,0,0,-1,-1,-1,-1,0,0,0,0,0,0,-1,0,0,-1,-1,-1,-1,0,0,0,0,0,0,-1,0,180,0,180,0,0,180,180,1094,1094,1,1,0,0,0,-1,608011156
1,5,-1,1,1,1,1,0,5,1,0,0,55,0,22,1,116,99,1,1,1,0,0,55,0,12,0,1,116,99,180,1,1,1,0,0,55,0,0,-1,-1,-1,-1,0,0,0,0,0,0,-1,0,365,0,365,180,0,547,547,1094,1095,5,1,0,0,0,-1,608011156
1,5,-1,1,1,1,1,0,15,1,0,0,55,0,12,1,101,410,1,1,1,0,0,55,0,0,-1,-1,-1,-1,0,0,0,0,0,0,-1,0,0,-1,-1,-1,-1,0,0,0,0,0,0,-1,0,730,0,730,0,0,730,730,1095,1095,1,1,0,0,0,-1,608011156
1,5,-1,1,1,1,1,0,24,1,0,0,25,0,0,-1,-1,-1,0,0,0,0,0,-1,0,0,-1,-1,-1,-1,0,0,0,0,0,0,-1,0,11,0,1,116,-1,0,1,1,1,0,0,25,0,0,0,0,547,0,547,547,1095,1095,8,0,0,0,0,-1,608011156
1,5,-1,1,1,1,1,0,45,1,0,0,55,0,12,1,116,423,1,1,1,0,0,55,0,0,-1,-1,-1,-1,0,0,0,0,0,0,-1,0,0,-1,-1,-1,-1,0,0,0,0,0,0,-1,0,90,0,90,0,0,90,90,60,180,1,1,0,0,0,-1,608011156
1,5,-1,1,1,1,1,0,56,1,0,0,55,0,21,1,101,-1,1,1,1,0,0,55,0,0,-1,-1,-1,-1,0,0,0,0,0,0,-1,0,0,-1,-1,-1,-1,0,0,0,0,0,0,-1,0,90,0,90,0,0,90,90,1095,1095,1,1,0,0,0,-1,608011156
1,5,-1,1,1,1,1,0,126,1,0,0,25,0,11,3,314,-1,1,1,1,0,0,25,0,0,-1,-1,-1,-1,0,0,0,0,0,0,-1,0,0,-1,-1,-1,-1,0,0,0,0,0,0,-1,0,730,0,730,0,0,730,730,7,730,1,1,0,0,0,-1,608011156
1,5,-1,1,1,1,1,0,157,1,0,0,55,0,22,1,99,99,1,1,1,0,0,55,0,12,1,2,116,419,365,1,1,1,0,0,55,0,12,1,1,116,419,6,1,1,1,0,0,55,0,30,0,30,365,0,365,365,180,547,10,1,1,1,0,-1,608011156
1,5,-1,1,1,1,1,0,357,1,0,0,55,0,0,-1,-1,-1,0,0,0,0,0,-1,0,12,1,2,116,419,180,1,1,1,0,0,55,0,0,-1,-1,-1,-1,0,0,0,0,0,0,-1,0,0,0,0,7,180,180,7,365,365,4,0,1,0,0,-1,608011156
1,5,-1,1,1,1,1,0,467,1,0,0,55,0,11,1,101,-1,1,1,1,0,0,55,0,0,-1,-1,-1,-1,0,0,0,0,0,0,-1,0,0,-1,-1,-1,-1,0,0,0,0,0,0,-1,0,547,0,547,0,0,547,547,30,547,1,1,0,0,0,-1,608011156
1,5,-1,1,1,1,1,1,3,2,0,0,25,0,0,-1,-1,-1,0,0,0,0,0,-1,0,12,2,2,116,410,60,1,1,1,1,0,25,0,0,-1,-1,-1,-1,0,0,0,0,0,0,-1,0,0,0,0,60,180,365,60,730,730,4,0,1,0,0,-1,608011156
1,5,-1,1,1,1,1,1,5,1,0,0,25,0,12,3,101,99,1,1,1,1,0,25,0,0,-1,-1,-1,-1,0,0,0,0,0,0,-1,0,0,-1,-1,-1,-1,0,0,0,0,0,0,-1,0,365,0,365,0,0,365,365,365,547,1,1,0,0,0,-1,608011156
1,5,-1,1,1,1,1,2,1,1,0,0,25,0,0,-1,-1,-1,0,0,0,0,0,-1,0,0,-1,-1,-1,-1,0,0,0,0,0,0,-1,0,11,1,2,101,-1,12,1,1,1,2,0,25,0,0,0,0,30,0,30,30,730,730,8,0,0,1,0,-1,608011156
1,5,-1,1,1,1,1,2,1,1,0,0,25,0,0,-1,-1,-1,0,0,0,0,0,-1,0,12,2,1,101,410,30,1,1,1,2,0,25,0,0,-1,-1,-1,-1,0,0,0,0,0,0,-1,0,0,0,0,30,180,180,30,90,90,4,0,1,0,0,-1,608011156
1,5,-1,1,1,1,1,2,3,1,0,0,55,0,11,1,336,-1,1,1,1,2,0,55,0,12,1,2,101,420,365,1,1,1,2,0,25,0,0,-1,-1,-1,-1,0,0,0,0,0,0,-1,0,30,60,90,180,60,365,365,90,365,7,1,1,0,0,-1,608011156
1,5,-1,1,1,1,1,2,5,1,0,0,25,0,0,-1,-1,-1,0,0,0,0,0,-1,0,0,-1,-1,-1,-1,0,0,0,0,0,0,-1,0,11,0,1,101,-1,0,1,1,1,2,0,25,0,0,0,0,547,0,547,547,1094,1095,8,0,0,0,0,-1,608011156
1,5,-1,1,1,1,1,2,5,1,0,0,25,0,12,1,116,116,1,1,1,2,0,25,0,0,-1,-1,-1,-1,0,0,0,0,0,0,-1,0,21,0,1,101,-1,0,1,1,1,2,0,25,0,7,60,90,365,0,547,547,1095,1095,12,1,0,0,0,-1,608011156
1,5,-1,1,2,0,1,0,5,1,0,0,25,0,0,-1,-1,-1,0,0,0,0,0,-1,0,2,-1,-1,-1,-1,0,0,0,0,0,0,-1,0,11,2,2,116,-1,24,0,0,1,0,0,25,0,0,0,0,730,0,730,730,1095,1095,-1,0,0,1,0,-1,608011156
1,5,-1,1,2,0,1,0,5,1,0,0,25,0,0,-1,-1,-1,0,0,0,0,0,-1,0,11,2,1,101,-1,30,0,0,1,0,0,25,0,0,-1,-1,-1,-1,0,0,0,0,0,0,-1,0,0,0,0,30,547,547,30,547,547,4,0,1,0,0,-1,608011156
1,5,-1,1,2,0,1,0,5,1,0,0,25,0,0,-1,-1,-1,0,0,0,0,0,-1,0,11,2,1,116,-1,60,0,0,1,0,0,25,0,0,-1,-1,-1,-1,0,0,0,0,0,0,-1,0,0,0,0,60,547,547,60,547,547,4,0,1,0,0,-1,608011156
1,5,-1,1,2,0,1,0,5,1,0,0,25,0,0,-1,-1,-1,0,0,0,0,0,-1,0,12,2,1,116,410,7,0,0,1,0,0,25,0,0,-1,-1,-1,-1,0,0,0,0,0,0,-1,0,0,0,0,7,547,547,7,547,547,4,0,1,0,0,-1,608011156
1,5,-1,1,2,0,1,0,5,1,0,0,25,0,0,-1,-1,-1,0,0,0,0,0,-1,0,12,2,1,116,423,7,0,0,1,0,0,25,0,0,-1,-1,-1,-1,0,0,0,0,0,0,-1,0,0,0,0,7,547,547,7,1095,1095,4,0,1,0,0,-1,608011156
1,5,-1,1,2,0,1,0,5,1,0,0,55,0,0,-1,-1,-1,0,0,0,0,0,-1,0,0,-1,-1,-1,-1,0,0,0,0,0,0,-1,0,11,2,1,101,-1,24,0,0,1,0,0,55,0,0,0,0,7,0,7,7,365,365,-1,0,0,1,0,-1,608011156
1,5,-1,1,2,0,1,0,5,1,0,0,55,0,0,-1,-1,-1,0,0,0,0,0,-1,0,0,-1,-1,-1,-1,0,0,0,0,0,0,-1,0,11,2,2,116,-1,24,0,0,1,0,0,55,0,0,0,0,7,0,7,7,730,730,-1,0,0,1,0,-1,608011156
1,5,-1,1,2,0,1,0,5,1,0,0,55,0,0,-1,-1,-1,0,0,0,0,0,-1,0,2,-1,-1,-1,-1,0,0,0,0,0,0,-1,0,11,1,2,116,-1,6,0,0,1,0,0,55,0,0,0,0,365,0,365,365,730,1094,11,0,0,1,0,-1,608011156
1,5,-1,1,2,0,1,0,5,1,0,0,55,0,2,-1,-1,-1,0,0,0,0,0,-1,0,12,2,1,101,410,7,0,0,1,0,0,55,0,0,-1,-1,-1,-1,0,0,0,0,0,0,-1,0,30,0,30,7,365,365,30,30,60,5,0,1,0,0,-1,608011156
1,5,-1,1,2,0,1,0,5,1,0,0,55,0,22,1,101,312,0,0,1,0,0,55,0,12,0,1,101,207,180,0,0,1,0,0,55,0,0,-1,-1,-1,-1,0,0,0,0,0,0,-1,0,90,0,90,180,0,365,365,547,730,5,1,0,0,0,-1,608011156
1,5,-1,1,2,0,1,0,12,1,0,0,55,0,12,1,116,313,0,0,1,0,0,55,0,0,-1,-1,-1,-1,0,0,0,0,0,0,-1,0,0,-1,-1,-1,-1,0,0,0,0,0,0,-1,0,365,0,365,0,0,365,365,180,365,1,1,0,0,0,-1,608011156
1,5,-1,1,2,0,1,0,24,1,0,0,55,0,2,-1,-1,-1,0,0,0,0,0,-1,0,2,-1,-1,-1,-1,0,0,0,0,0,0,-1,0,11,2,2,116,-1,24,0,0,1,0,0,55,0,90,0,90,90,0,180,180,365,547,-1,0,0,1,0,-1,608011156
1,5,-1,1,2,0,1,0,36,1,0,0,25,0,0,-1,-1,-1,0,0,0,0,0,-1,0,0,-1,-1,-1,-1,0,0,0,0,0,0,-1,0,12,2,2,101,207,24,0,0,1,0,0,25,0,0,0,0,7,0,7,7,1095,1095,-1,0,0,1,0,-1,608011156
1,5,-1,1,2,0,1,0,126,1,0,0,25,0,2,-1,-1,-1,0,0,0,0,0,-1,0,2,-1,-1,-1,-1,0,0,0,0,0,0,-1,0,11,2,2,116,-1,24,0,0,1,0,0,25,0,60,0,60,90,0,180,180,1095,1095,-1,0,0,1,0,-1,608011156
1,5,-1,1,2,0,1,0,147,1,0,0,25,0,21,1,116,-1,0,0,1,0,0,25,0,12,2,1,101,433,60,0,0,1,0,0,25,0,0,-1,-1,-1,-1,0,0,0,0,0,0,-1,0,180,0,180,0,365,365,180,60,180,5,1,1,0,0,-1,608011156
1,5,-1,1,2,0,1,1,3,1,0,0,25,0,2,-1,-1,-1,0,0,0,0,0,-1,0,12,2,1,101,433,60,0,0,1,1,0,25,0,0,-1,-1,-1,-1,0,0,0,0,0,0,-1,0,30,0,30,30,730,730,60,1095,1095,5,0,1,0,0,-1,608011156
1,5,-1,1,2,0,1,1,5,1,0,0,25,0,2,-1,-1,-1,0,0,0,0,0,-1,0,12,2,1,101,433,30,0,0,1,1,0,25,0,0,-1,-1,-1,-1,0,0,0,0,0,0,-1,0,7,0,7,30,730,1094,30,1094,1094,5,0,1,0,0,-1,608011156
1,5,-1,1,2,0,1,1,5,1,0,0,55,0,12,1,101,101,0,0,1,1,0,55,0,0,-1,-1,-1,-1,0,0,0,0,0,0,-1,0,0,-1,-1,-1,-1,0,0,0,0,0,0,-1,0,180,0,180,0,0,180,180,90,365,1,1,0,0,0,-1,608011156
1,5,-1,1,2,0,1,1,56,1,0,0,25,0,22,1,101,99,0,0,1,1,0,25,0,11,2,1,101,-1,365,0,0,1,1,0,25,0,0,-1,-1,-1,-1,0,0,0,0,0,0,-1,0,60,0,60,365,180,547,365,730,1094,5,1,1,0,0,-1,608011156
1,5,-1,1,2,0,1,1,234,1,0,0,55,0,0,-1,-1,-1,0,0,0,0,0,-1,0,12,2,1,116,410,30,0,0,1,1,0,55,0,0,-1,-1,-1,-1,0,0,0,0,0,0,-1,0,0,0,0,30,547,547,30,547,547,4,0,1,0,0,-1,608011156
1,5,-1,1,2,0,1,2,2,2,0,0,25,0,0,-1,-1,-1,0,0,0,0,0,-1,0,0,-1,-1,-1,-1,0,0,0,0,0,0,-1,0,11,2,1,116,-1,24,0,0,1,2,0,25,0,0,0,0,7,0,7,7,730,730,-1,0,0,1,0,-1,608011156
1,5,-1,1,2,0,1,2,3,1,0,0,25,0,12,1,116,99,0,0,1,2,0,25,0,0,-1,-1,-1,-1,0,0,0,0,0,0,-1,0,0,-1,-1,-1,-1,0,0,0,0,0,0,-1,0,60,0,60,0,0,60,60,180,365,1,1,0,0,0,-1,608011156
1,5,-1,1,2,0,1,2,5,1,0,0,25,0,2,-1,-1,-1,0,0,0,0,0,-1,0,2,-1,-1,-1,-1,0,0,0,0,0,0,-1,0,11,2,2,101,-1,24,0,0,1,2,0,25,0,30,0,30,7,0,60,60,1095,1095,-1,0,0,1,0,-1,608011156
1,5,-1,1,2,0,1,2,5,1,0,0,55,0,0,-1,-1,-1,0,0,0,0,0,-1,0,0,-1,-1,-1,-1,0,0,0,0,0,0,-1,0,11,2,2,101,-1,24,0,0,1,2,0,55,0,0,0,0,7,0,7,7,1094,1094,-1,0,0,1,0,-1,608011156
1,5,-1,1,2,0,1,2,15,1,0,0,25,0,2,-1,-1,-1,0,0,0,0,0,-1,0,11,2,1,205,-1,30,0,0,1,2,0,25,0,0,-1,-1,-1,-1,0,0,0,0,0,0,-1,0,180,0,180,30,547,547,180,1095,1095,5,0,1,0,0,-1,608011156
1,5,-1,1,2,0,1,2,24,1,0,0,25,0,0,-1,-1,-1,0,0,0,0,0,-1,0,2,-1,-1,-1,-1,0,0,0,0,0,0,-1,0,11,2,2,116,-1,24,0,0,1,2,0,25,0,0,0,0,365,0,365,365,730,1094,-1,0,0,1,0,-1,608011156
1,5,-1,1,2,1,1,0,1,1,0,0,24,0,0,-1,-1,-1,0,0,0,0,0,-1,0,0,-1,-1,-1,-1,0,0,0,0,0,0,-1,0,11,2,2,118,-1,24,0,1,1,0,0,24,0,0,0,0,7,0,7,7,547,547,-1,0,0,1,0,-1,608011156
1,5,-1,1,2,1,1,0,3,1,0,0,25,0,0,-1,-1,-1,0,0,0,0,0,-1,0,0,-1,-1,-1,-1,0,0,0,0,0,0,-1,0,11,2,2,101,-1,24,0,1,1,0,0,25,0,0,0,0,30,0,30,30,730,730,-1,0,0,1,0,-1,608011156
1,5,-1,1,2,1,1,0,3,1,0,0,25,0,0,-1,-1,-1,0,0,0,0,0,-1,0,0,-1,-1,-1,-1,0,0,0,0,0,0,-1,0,11,2,2,101,-1,24,0,1,1,0,0,25,0,0,0,0,60,0,60,60,547,547,-1,0,0,1,0,-1,608011156
1,5,-1,1,2,1,1,0,5,1,0,0,25,0,0,-1,-1,-1,0,0,0,0,0,-1,0,0,-1,-1,-1,-1,0,0,0,0,0,0,-1,0,11,2,2,101,-1,24,0,1,1,0,0,25,0,0,0,0,7,0,7,7,730,730,-1,0,0,1,0,-1,608011156
1,5,-1,1,2,1,1,0,5,1,0,0,25,0,0,-1,-1,-1,0,0,0,0,0,-1,0,0,-1,-1,-1,-1,0,0,0,0,0,0,-1,0,11,2,2,101,-1,24,0,1,1,0,0,25,0,0,0,0,30,0,30,30,547,547,-1,0,0,1,0,-1,608011156
2,5,-1,1,2,1,1,0,5,1,0,0,25,0,0,-1,-1,-1,0,0,0,0,0,-1,0,0,-1,-1,-1,-1,0,0,0,0,0,0,-1,0,11,2,2,101,-1,24,0,1,1,0,0,25,0,0,0,0,60,0,60,60,547,547,-1,0,0,1,0,-1,608011156
1,5,-1,1,2,1,1,0,5,1,0,0,25,0,0,-1,-1,-1,0,0,0,0,0,-1,0,0,-1,-1,-1,-1,0,0,0,0,0,0,-1,0,11,2,2,101,-1,24,0,1,1,0,0,25,0,0,0,0,60,0,60,60,730,730,-1,0,0,1,0,-1,608011156
1,5,-1,1,2,1,1,0,5,1,0,0,25,0,0,-1,-1,-1,0,0,0,0,0,-1,0,0,-1,-1,-1,-1,0,0,0,0,0,0,-1,0,11,2,2,101,-1,24,0,1,1,0,0,25,0,0,0,0,60,0,60,60,730,1094,-1,0,0,1,0,-1,608011156
1,5,-1,1,2,1,1,0,5,1,0,0,25,0,0,-1,-1,-1,0,0,0,0,0,-1,0,0,-1,-1,-1,-1,0,0,0,0,0,0,-1,0,11,2,2,116,-1,24,0,1,1,0,0,25,0,0,0,0,7,0,7,7,730,730,-1,0,0,1,0,-1,608011156
1,5,-1,1,2,1,1,0,5,1,0,0,25,0,0,-1,-1,-1,0,0,0,0,0,-1,0,0,-1,-1,-1,-1,0,0,0,0,0,0,-1,0,11,2,2,116,-1,24,0,1,1,0,0,25,0,0,0,0,60,0,60,60,365,547,-1,0,0,1,0,-1,608011156
1,5,-1,1,2,1,1,0,5,1,0,0,55,0,0,-1,-1,-1,0,0,0,0,0,-1,0,0,-1,-1,-1,-1,0,0,0,0,0,0,-1,0,11,2,1,101,-1,24,0,1,1,0,0,55,0,0,0,0,60,0,60,60,365,547,-1,0,0,1,0,-1,608011156
1,5,-1,1,2,1,1,0,5,1,0,0,55,0,0,-1,-1,-1,0,0,0,0,0,-1,0,0,-1,-1,-1,-1,0,0,0,0,0,0,-1,0,11,2,2,116,-1,24,0,1,1,0,0,55,0,0,0,0,60,0,60,60,547,547,-1,0,0,1,0,-1,608011156
1,5,-1,1,2,1,1,0,5,1,0,0,55,0,0,-1,-1,-1,0,0,0,0,0,-1,0,11,2,1,101,-1,365,0,1,1,0,0,55,0,0,-1,-1,-1,-1,0,0,0,0,0,0,-1,0,0,0,0,365,547,730,365,90,365,4,0,1,0,0,-1,608011156
1,5,-1,1,2,1,1,0,5,1,0,0,55,0,0,-1,-1,-1,0,0,0,0,0,-1,0,12,1,1,116,410,90,0,1,1,0,0,55,0,0,-1,-1,-1,-1,0,0,0,0,0,0,-1,0,0,0,0,90,365,365,90,30,180,4,0,1,0,0,-1,608011156
1,5,-1,1,2,1,1,0,5,1,0,0,55,0,2,-1,-1,-1,0,0,0,0,0,-1,0,0,-1,-1,-1,-1,0,0,0,0,0,0,-1,0,12,2,1,101,24,24,0,1,1,0,0,55,0,90,0,90,0,0,90,90,1094,1094,-1,0,0,1,0,-1,608011156
1,5,-1,1,2,1,1,0,5,1,0,0,55,0,11,1,116,-1,0,1,1,0,0,55,0,21,0,2,101,-1,90,0,1,1,0,0,55,0,0,-1,-1,-1,-1,0,0,0,0,0,0,-1,0,0,180,180,0,0,180,180,1095,1095,6,1,0,0,0,-1,608011156
1,5,-1,1,2,1,1,0,15,1,0,0,25,0,0,-1,-1,-1,0,0,0,0,0,-1,0,0,-1,-1,-1,-1,0,0,0,0,0,0,-1,0,11,2,2,336,-1,24,0,1,1,0,0,25,0,0,0,0,60,0,60,60,730,730,-1,0,0,1,0,-1,608011156
1,5,-1,1,2,1,1,0,35,1,0,0,25,0,0,-1,-1,-1,0,0,0,0,0,-1,0,0,-1,-1,-1,-1,0,0,0,0,0,0,-1,0,11,2,2,101,-1,24,0,1,1,0,0,25,0,0,0,0,60,0,60,60,730,730,-1,0,0,1,0,-1,608011156
1,5,-1,1,2,1,1,0,235,1,0,0,55,0,0,-1,-1,-1,0,0,0,0,0,-1,0,12,0,3,101,99,180,0,1,1,0,0,55,0,0,-1,-1,-1,-1,0,0,0,0,0,0,-1,0,0,0,0,180,0,180,180,180,365,4,0,0,0,0,-1,608011156
1,5,-1,1,2,1,1,2,5,1,0,0,25,0,0,-1,-1,-1,0,0,0,0,0,-1,0,0,-1,-1,-1,-1,0,0,0,0,0,0,-1,0,11,2,2,101,-1,24,0,1,1,2,0,25,0,0,0,0,30,0,30,30,547,547,-1,0,0,1,0,-1,608011156
1,5,-1,1,2,1,1,2,5,1,0,0,55,0,2,-1,-1,-1,0,0,0,0,0,-1,0,0,-1,-1,-1,-1,0,0,0,0,0,0,-1,0,12,2,1,431,312,24,0,1,1,2,0,55,0,0,30,30,180,0,180,180,0,180,-1,0,0,1,0,-1,608011156
1,5,-1,1,4,0,0,0,3,1,0,0,18,0,0,-1,-1,-1,0,0,0,0,0,-1,0,12,0,1,101,410,365,0,0,0,0,0,18,0,0,-1,-1,-1,-1,0,0,0,0,0,0,-1,0,0,0,0,365,0,365,365,365,547,4,0,0,0,0,-1,608011156
1,5,-1,1,4,0,0,0,3,1,0,0,18,0,0,-1,-1,-1,0,0,0,0,0,-1,0,12,0,1,116,207,365,0,0,0,0,0,18,0,0,-1,-1,-1,-1,0,0,0,0,0,0,-1,0,0,0,0,365,0,365,365,90,547,4,0,0,0,0,-1,608011156
1,5,-1,1,4,0,0,0,3,1,0,0,24,0,2,-1,-1,-1,0,0,0,0,0,-1,0,0,-1,-1,-1,-1,0,0,0,0,0,0,-1,0,0,-1,-1,-1,-1,0,0,0,0,0,0,-1,0,60,0,60,0,0,60,60,180,365,1,0,0,0,11,0,608011156
1,5,-1,1,4,0,0,0,3,1,0,0,25,0,0,-1,-1,-1,0,0,0,0,0,-1,0,12,2,1,101,410,7,0,0,0,0,0,25,0,0,-1,-1,-1,-1,0,0,0,0,0,0,-1,0,0,0,0,7,365,365,7,180,180,4,0,1,0,0,-1,608011156
1,5,-1,1,4,0,0,0,3,1,0,0,25,0,0,-1,-1,-1,0,0,0,0,0,-1,0,12,2,1,116,410,7,0,0,0,0,0,25,0,0,-1,-1,-1,-1,0,0,0,0,0,0,-1,0,0,0,0,7,365,365,7,1095,1095,4,0,1,0,0,-1,608011156
1,5,-1,1,4,0,0,0,3,1,0,0,25,0,2,-1,-1,-1,0,0,0,0,0,-1,0,12,0,1,101,410,365,0,0,0,0,0,25,0,0,-1,-1,-1,-1,0,0,0,0,0,0,-1,0,60,0,60,365,0,365,365,365,730,5,0,0,0,0,-1,608011156
1,5,-1,1,4,0,0,0,3,1,0,0,25,0,2,-1,-1,-1,0,0,0,0,0,-1,0,12,0,1,116,99,730,0,0,0,0,0,25,0,0,-1,-1,-1,-1,0,0,0,0,0,0,-1,0,365,0,365,365,0,730,730,90,730,5,0,0,0,0,-1,608011156
1,5,-1,1,4,0,0,0,3,1,0,0,25,0,2,-1,-1,-1,0,0,0,0,0,-1,0,12,2,1,101,420,60,0,0,0,0,0,25,0,0,-1,-1,-1,-1,0,0,0,0,0,0,-1,0,60,0,60,7,180,365,60,547,547,5,0,1,0,0,-1,608011156
1,5,-1,1,4,0,0,0,3,1,0,0,25,0,2,-1,-1,-1,0,0,0,0,0,-1,0,12,2,1,101,423,60,0,0,0,0,0,25,0,0,-1,-1,-1,-1,0,0,0,0,0,0,-1,0,60,0,60,30,180,365,90,1094,1095,5,0,1,0,0,-1,608011156
1,5,-1,1,4,0,0,0,3,1,0,0,25,0,12,1,116,99,0,0,0,0,0,25,0,0,-1,-1,-1,-1,0,0,0,0,0,0,-1,0,0,-1,-1,-1,-1,0,0,0,0,0,0,-1,0,30,0,30,0,0,30,30,365,547,1,1,0,0,0,-1,608011156
1,5,-1,1,4,0,0,0,3,1,0,0,25,0,12,1,116,314,0,0,0,0,0,25,0,0,-1,-1,-1,-1,0,0,0,0,0,0,-1,0,0,-1,-1,-1,-1,0,0,0,0,0,0,-1,0,90,0,90,0,0,90,90,547,547,1,1,0,0,0,-1,608011156
1,5,-1,1,4,0,0,0,3,1,0,0,25,0,12,1,118,422,0,0,0,0,0,25,0,0,-1,-1,-1,-1,0,0,0,0,0,0,-1,0,0,-1,-1,-1,-1,0,0,0,0,0,0,-1,0,365,0,365,0,0,365,365,60,365,1,1,0,0,0,-1,608011156
1,5,-1,1,4,0,0,0,3,1,0,0,55,0,0,-1,-1,-1,0,0,0,0,0,-1,0,11,2,1,116,-1,60,0,0,0,0,0,55,0,0,-1,-1,-1,-1,0,0,0,0,0,0,-1,0,0,0,0,60,547,547,60,730,730,4,0,1,0,0,-1,608011156
1,5,-1,1,4,0,0,0,3,1,0,0,55,0,2,-1,-1,-1,0,0,0,0,0,-1,0,11,1,1,101,-1,365,0,0,0,0,0,55,0,0,-1,-1,-1,-1,0,0,0,0,0,0,-1,0,180,0,180,180,365,547,365,547,1094,5,0,1,0,0,-1,608011156
1,5,-1,1,4,0,0,0,3,1,0,0,55,0,2,-1,-1,-1,0,0,0,0,0,-1,0,11,1,1,116,-1,180,0,0,0,0,0,55,0,0,-1,-1,-1,-1,0,0,0,0,0,0,-1,0,30,0,30,365,90,365,365,365,547,5,0,1,0,0,-1,608011156
1,5,-1,1,4,0,0,0,3,1,0,0,55,0,11,3,98,-1,0,0,0,0,0,55,0,0,-1,-1,-1,-1,0,0,0,0,0,0,-1,0,0,-1,-1,-1,-1,0,0,0,0,0,0,-1,0,730,0,730,0,0,730,730,0,730,1,1,0,0,0,-1,608011156
1,5,-1,1,4,0,0,0,3,1,0,0,55,0,12,1,116,420,0,0,0,0,0,55,0,0,-1,-1,-1,-1,0,0,0,0,0,0,-1,0,0,-1,-1,-1,-1,0,0,0,0,0,0,-1,0,90,0,90,0,0,90,90,365,547,1,1,0,0,0,-1,608011156
1,5,-1,1,4,0,0,0,5,1,0,0,18,0,21,1,99,-1,0,0,0,0,0,18,0,11,0,1,101,-1,547,0,0,0,0,0,18,0,0,-1,-1,-1,-1,0,0,0,0,0,0,-1,0,90,0,90,547,0,730,730,90,730,5,1,0,0,0,-1,608011156
1,5,-1,1,4,0,0,0,5,1,0,0,25,0,0,-1,-1,-1,0,0,0,0,0,-1,0,11,0,1,101,-1,547,0,0,0,0,0,25,0,0,-1,-1,-1,-1,0,0,0,0,0,0,-1,0,0,0,0,547,0,547,547,365,730,4,0,0,0,0,-1,608011156
1,5,-1,1,4,0,0,0,5,1,0,0,25,0,0,-1,-1,-1,0,0,0,0,0,-1,0,11,0,3,116,-1,547,0,0,0,0,0,25,0,0,-1,-1,-1,-1,0,0,0,0,0,0,-1,0,0,0,0,547,0,547,547,60,547,4,0,0,0,0,-1,608011156
1,5,-1,1,4,0,0,0,5,1,0,0,25,0,0,-1,-1,-1,0,0,0,0,0,-1,0,11,2,3,116,-1,30,0,0,0,0,0,25,0,0,-1,-1,-1,-1,0,0,0,0,0,0,-1,0,0,0,0,30,730,730,30,730,730,4,0,1,0,0,-1,608011156
1,5,-1,1,4,0,0,0,5,1,0,0,25,0,0,-1,-1,-1,0,0,0,0,0,-1,0,12,0,1,116,207,365,0,0,0,0,0,25,0,0,-1,-1,-1,-1,0,0,0,0,0,0,-1,0,0,0,0,365,0,365,365,730,1094,4,0,0,0,0,-1,608011156
1,5,-1,1,4,0,0,0,5,1,0,0,25,0,0,-1,-1,-1,0,0,0,0,0,-1,0,12,0,1,116,314,547,0,0,0,0,0,25,0,0,-1,-1,-1,-1,0,0,0,0,0,0,-1,0,0,0,0,547,0,547,547,365,730,4,0,0,0,0,-1,608011156
1,5,-1,1,4,0,0,0,5,1,0,0,25,0,0,-1,-1,-1,0,0,0,0,0,-1,0,12,1,3,116,431,60,0,0,0,0,0,25,0,0,-1,-1,-1,-1,0,0,0,0,0,0,-1,0,0,0,0,60,30,90,60,60,90,4,0,1,0,0,-1,608011156
1,5,-1,1,4,0,0,0,5,1,0,0,25,0,0,-1,-1,-1,0,0,0,0,0,-1,0,12,2,1,101,410,7,0,0,0,0,0,25,0,0,-1,-1,-1,-1,0,0,0,0,0,0,-1,0,0,0,0,7,365,365,7,1095,1095,4,0,1,0,0,-1,608011156
1,5,-1,1,4,0,0,0,5,1,0,0,25,0,11,3,118,-1,0,0,0,0,0,25,0,0,-1,-1,-1,-1,0,0,0,0,0,0,-1,0,0,-1,-1,-1,-1,0,0,0,0,0,0,-1,0,730,0,730,0,0,730,730,0,730,1,1,0,0,0,-1,608011156
1,5,-1,1,4,0,0,0,5,1,0,0,25,0,12,1,116,98,0,0,0,0,0,25,0,12,1,1,101,433,365,0,0,0,0,0,25,0,0,-1,-1,-1,-1,0,0,0,0,0,0,-1,0,60,0,60,180,60,365,365,30,365,5,1,1,0,0,-1,608011156
1,5,-1,1,4,0,0,0,5,1,0,0,25,0,12,1,116,99,0,0,0,0,0,25,0,0,-1,-1,-1,-1,0,0,0,0,0,0,-1,0,0,-1,-1,-1,-1,0,0,0,0,0,0,-1,0,365,0,365,0,0,365,365,1094,1094,1,1,0,0,0,-1,608011156
1,5,-1,1,4,0,0,0,5,1,0,0,25,0,12,1,116,422,0,0,0,0,0,25,0,0,-1,-1,-1,-1,0,0,0,0,0,0,-1,0,0,-1,-1,-1,-1,0,0,0,0,0,0,-1,0,30,0,30,0,0,30,30,365,547,1,1,0,0,0,-1,608011156
1,5,-1,1,4,0,0,0,5,1,0,0,25,0,12,1,116,423,0,0,0,0,0,25,0,0,-1,-1,-1,-1,0,0,0,0,0,0,-1,0,0,-1,-1,-1,-1,0,0,0,0,0,0,-1,0,180,0,180,0,0,180,180,90,365,1,1,0,0,0,-1,608011156
1,5,-1,1,4,0,0,0,5,1,0,0,25,0,12,1,116,440,0,0,0,0,0,25,0,0,-1,-1,-1,-1,0,0,0,0,0,0,-1,0,0,-1,-1,-1,-1,0,0,0,0,0,0,-1,0,365,0,365,0,0,365,365,180,547,1,1,0,0,0,-1,608011156
1,5,-1,1,4,0,0,0,5,1,0,0,25,0,12,3,116,98,0,0,0,0,0,25,0,0,-1,-1,-1,-1,0,0,0,0,0,0,-1,0,0,-1,-1,-1,-1,0,0,0,0,0,0,-1,0,365,0,365,0,0,365,365,547,1094,1,1,0,0,0,-1,608011156
1,5,-1,1,4,0,0,0,5,1,0,0,25,0,12,3,116,99,0,0,0,0,0,25,0,0,-1,-1,-1,-1,0,0,0,0,0,0,-1,0,0,-1,-1,-1,-1,0,0,0,0,0,0,-1,0,180,0,180,0,0,180,180,1095,1095,1,1,0,0,0,-1,608011156
1,5,-1,1,4,0,0,0,5,1,0,0,25,0,12,3,116,431,0,0,0,0,0,25,0,0,-1,-1,-1,-1,0,0,0,0,0,0,-1,0,0,-1,-1,-1,-1,0,0,0,0,0,0,-1,0,90,0,90,0,0,90,90,1094,1094,1,1,0,0,22,1,608011156
1,5,-1,1,4,0,0,0,5,1,0,0,25,0,12,3,116,434,0,0,0,0,0,25,0,0,-1,-1,-1,-1,0,0,0,0,0,0,-1,0,0,-1,-1,-1,-1,0,0,0,0,0,0,-1,0,1094,0,1094,0,0,1094,1094,0,1094,1,1,0,0,0,-1,608011156
1,5,-1,1,4,0,0,0,5,1,0,0,25,0,12,3,336,313,0,0,0,0,0,25,0,0,-1,-1,-1,-1,0,0,0,0,0,0,-1,0,0,-1,-1,-1,-1,0,0,0,0,0,0,-1,0,365,0,365,0,0,365,365,0,365,1,1,0,0,0,-1,608011156
1,5,-1,1,4,0,0,0,5,1,0,0,25,0,22,1,116,422,0,0,0,0,0,25,0,0,-1,-1,-1,-1,0,0,0,0,0,0,-1,0,0,-1,-1,-1,-1,0,0,0,0,0,0,-1,0,30,0,30,0,0,30,30,1094,1094,1,1,0,0,0,-1,608011156
1,5,-1,1,4,0,0,0,5,1,0,0,55,0,0,-1,-1,-1,0,0,0,0,0,-1,0,12,2,1,116,410,90,0,0,0,0,0,55,0,0,-1,-1,-1,-1,0,0,0,0,0,0,-1,0,0,0,0,90,365,365,90,1095,1095,4,0,1,0,0,-1,608011156
1,5,-1,1,4,0,0,0,5,1,0,0,55,0,2,-1,-1,-1,0,0,0,0,0,-1,0,12,2,1,116,99,0,0,0,0,0,0,55,0,0,-1,-1,-1,-1,0,0,0,0,0,0,-1,0,30,0,30,0,180,365,30,1095,1095,5,0,1,0,0,-1,608011156
1,5,-1,1,4,0,0,0,5,1,0,0,55,0,11,1,101,-1,0,0,0,0,0,55,0,21,0,1,101,-1,365,0,0,0,0,0,55,0,0,-1,-1,-1,-1,0,0,0,0,0,0,-1,0,1094,0,1094,0,0,1094,1094,1095,1095,5,1,0,0,0,-1,608011156
1,5,-1,1,4,0,0,0,5,1,0,0,55,0,11,3,410,-1,0,0,0,0,0,55,0,0,-1,-1,-1,-1,0,0,0,0,0,0,-1,0,0,-1,-1,-1,-1,0,0,0,0,0,0,-1,0,1095,0,1095,0,0,1095,1095,0,1095,1,1,0,0,0,-1,608011156
1,5,-1,1,4,0,0,0,5,1,0,0,55,0,12,1,116,313,0,0,0,0,0,55,0,21,1,1,116,-1,365,0,0,0,0,0,55,0,0,-1,-1,-1,-1,0,0,0,0,0,0,-1,0,60,0,60,180,30,365,365,730,1094,5,1,1,0,0,-1,608011156
1,5,-1,1,4,0,0,0,5,1,0,0,55,0,12,1,116,434,0,0,0,0,0,55,0,0,-1,-1,-1,-1,0,0,0,0,0,0,-1,0,0,-1,-1,-1,-1,0,0,0,0,0,0,-1,0,180,0,180,0,0,180,180,365,547,1,1,0,0,0,-1,608011156
1,5,-1,1,4,0,0,0,5,1,0,0,55,0,12,1,336,410,0,0,0,0,0,55,0,0,-1,-1,-1,-1,0,0,0,0,0,0,-1,0,0,-1,-1,-1,-1,0,0,0,0,0,0,-1,0,30,0,30,0,0,30,30,7,60,1,1,0,0,0,-1,608011156
1,5,-1,1,4,0,0,0,5,2,0,0,25,0,0,-1,-1,-1,0,0,0,0,0,-1,0,12,1,3,101,99,180,0,0,0,0,0,25,0,0,-1,-1,-1,-1,0,0,0,0,0,0,-1,0,0,0,0,180,30,180,180,7,180,4,0,1,0,0,-1,608011156
1,5,-1,1,4,0,0,0,5,3,0,0,25,1,0,-1,-1,-1,0,0,0,0,0,-1,0,12,1,3,116,99,365,0,0,0,0,0,25,1,0,-1,-1,-1,-1,0,0,0,0,0,0,-1,0,0,0,0,365,30,547,365,30,547,4,0,1,0,0,-1,608011156
1,5,-1,1,4,0,0,0,6,1,0,0,25,0,12,1,206,24,0,0,0,0,0,25,0,0,-1,-1,-1,-1,0,0,0,0,0,0,-1,0,0,-1,-1,-1,-1,0,0,0,0,0,0,-1,0,30,0,30,0,0,30,30,1095,1095,1,1,0,0,0,-1,608011156
1,5,-1,1,4,0,0,0,7,1,0,0,25,0,12,3,336,431,0,0,0,0,0,25,0,0,-1,-1,-1,-1,0,0,0,0,0,0,-1,0,0,-1,-1,-1,-1,0,0,0,0,0,0,-1,0,365,0,365,0,0,365,365,0,365,1,1,0,0,21,0,608011156
1,5,-1,1,4,0,0,0,13,1,0,0,55,0,0,-1,-1,-1,0,0,0,0,0,-1,0,12,0,1,116,101,180,0,0,0,0,0,55,0,0,-1,-1,-1,-1,0,0,0,0,0,0,-1,0,0,0,0,180,0,180,180,1095,1095,4,0,0,0,0,-1,608011156
1,5,-1,1,4,0,0,0,34,1,0,0,25,0,0,-1,-1,-1,0,0,0,0,0,-1,0,11,0,3,101,-1,547,0,0,0,0,0,25,0,0,-1,-1,-1,-1,0,0,0,0,0,0,-1,0,0,0,0,547,0,547,547,7,547,4,0,0,0,0,-1,608011156
1,5,-1,1,4,0,0,0,35,1,0,0,25,0,12,1,116,313,0,0,0,0,0,25,0,0,-1,-1,-1,-1,0,0,0,0,0,0,-1,0,0,-1,-1,-1,-1,0,0,0,0,0,0,-1,0,180,0,180,0,0,180,180,365,547,1,1,0,0,0,-1,608011156
1,5,-1,1,4,0,0,0,56,1,0,0,25,0,12,1,336,99,0,0,0,0,0,25,0,0,-1,-1,-1,-1,0,0,0,0,0,0,-1,0,0,-1,-1,-1,-1,0,0,0,0,0,0,-1,0,30,0,30,0,0,30,30,90,90,1,0,0,0,0,-1,608011156
1,5,-1,1,4,0,0,0,156,1,0,0,25,0,11,3,421,-1,0,0,0,0,0,25,0,0,-1,-1,-1,-1,0,0,0,0,0,0,-1,0,0,-1,-1,-1,-1,0,0,0,0,0,0,-1,0,1094,0,1094,0,0,1094,1094,30,1094,1,1,0,0,0,-1,608011156
1,5,-1,1,4,0,0,0,567,1,0,0,25,0,12,1,98,99,0,0,0,0,0,25,0,0,-1,-1,-1,-1,0,0,0,0,0,0,-1,0,0,-1,-1,-1,-1,0,0,0,0,0,0,-1,0,60,0,60,0,0,60,60,90,180,1,1,0,0,0,-1,608011156
1,5,-1,1,4,0,0,1,3,1,0,0,25,0,12,1,116,207,0,0,0,1,0,25,0,0,-1,-1,-1,-1,0,0,0,0,0,0,-1,0,0,-1,-1,-1,-1,0,0,0,0,0,0,-1,0,90,0,90,0,0,90,90,1094,1094,1,1,0,0,0,-1,608011156
1,5,-1,1,4,0,0,1,3,1,0,0,25,0,22,1,99,99,0,0,0,1,0,25,0,12,0,1,101,101,365,0,0,0,1,0,25,0,0,-1,-1,-1,-1,0,0,0,0,0,0,-1,0,30,0,30,365,0,365,365,1095,1095,5,1,0,0,0,-1,608011156
1,5,-1,1,4,0,0,1,3,1,0,0,25,0,22,3,336,410,0,0,0,1,0,25,0,12,0,1,116,423,365,0,0,0,1,0,25,0,0,-1,-1,-1,-1,0,0,0,0,0,0,-1,0,30,0,30,180,0,365,365,365,547,5,1,0,0,22,1,608011156
1,5,-1,1,4,0,0,1,46,1,0,0,25,0,0,-1,-1,-1,0,0,0,0,0,-1,0,12,1,1,116,410,30,0,0,0,1,0,25,0,0,-1,-1,-1,-1,0,0,0,0,0,0,-1,0,0,0,0,30,180,365,30,365,547,4,0,1,0,0,-1,608011156
1,5,-1,1,4,0,0,2,1,1,0,0,24,0,0,-1,-1,-1,0,0,0,0,0,-1,0,11,1,3,101,-1,30,0,0,0,2,0,24,0,0,-1,-1,-1,-1,0,0,0,0,0,0,-1,0,0,0,0,30,365,547,30,365,547,4,0,1,0,0,-1,608011156
1,5,-1,1,4,0,0,2,2,2,0,0,25,0,0,-1,-1,-1,0,0,0,0,0,-1,0,12,0,1,101,99,365,0,0,0,2,0,25,0,0,-1,-1,-1,-1,0,0,0,0,0,0,-1,0,0,0,0,365,0,365,365,60,365,4,0,0,0,0,-1,608011156
1,5,-1,1,4,0,0,2,3,1,0,0,55,0,12,1,335,410,0,0,0,2,0,55,0,0,-1,-1,-1,-1,0,0,0,0,0,0,-1,0,0,-1,-1,-1,-1,0,0,0,0,0,0,-1,0,60,0,60,0,0,60,60,7,60,1,1,0,0,0,-1,608011156
1,5,-1,1,4,0,0,2,5,1,0,0,18,0,12,1,336,410,0,0,0,2,0,18,0,0,-1,-1,-1,-1,0,0,0,0,0,0,-1,0,0,-1,-1,-1,-1,0,0,0,0,0,0,-1,0,90,0,90,0,0,90,90,0,90,1,1,0,0,0,-1,608011156
1,5,-1,1,4,0,0,2,5,1,0,0,24,0,12,1,336,99,0,0,0,2,0,24,0,0,-1,-1,-1,-1,0,0,0,0,0,0,-1,0,0,-1,-1,-1,-1,0,0,0,0,0,0,-1,0,60,0,60,0,0,60,60,180,180,1,1,0,0,0,-1,608011156
1,5,-1,1,4,0,0,2,5,1,0,0,25,0,12,1,116,99,0,0,0,2,0,25,0,0,-1,-1,-1,-1,0,0,0,0,0,0,-1,0,0,-1,-1,-1,-1,0,0,0,0,0,0,-1,0,365,0,365,0,0,365,365,365,547,1,1,0,0,0,-1,608011156
1,5,-1,1,4,0,0,2,5,1,0,0,25,0,12,1,116,116,0,0,0,2,0,25,0,0,-1,-1,-1,-1,0,0,0,0,0,0,-1,0,0,-1,-1,-1,-1,0,0,0,0,0,0,-1,0,180,0,180,0,0,180,180,90,365,1,1,0,0,0,-1,608011156
1,5,-1,1,4,0,0,2,5,1,0,0,25,0,12,1,336,440,0,0,0,2,0,25,0,0,-1,-1,-1,-1,0,0,0,0,0,0,-1,0,0,-1,-1,-1,-1,0,0,0,0,0,0,-1,0,365,0,365,0,0,365,365,0,365,1,1,0,0,0,-1,608011156
1,5,-1,1,4,0,0,2,5,1,0,0,25,0,22,1,336,423,0,0,0,2,0,25,0,12,2,1,101,410,7,0,0,0,2,0,25,0,0,-1,-1,-1,-1,0,0,0,0,0,0,-1,0,180,0,180,0,365,547,180,547,730,5,1,1,0,0,-1,608011156
1,5,-1,1,4,0,0,2,35,1,0,0,24,0,2,-1,-1,-1,0,0,0,0,0,-1,0,12,1,1,101,433,365,0,0,0,2,0,24,0,0,-1,-1,-1,-1,0,0,0,0,0,0,-1,0,365,0,365,180,30,365,365,730,1094,5,0,1,0,0,-1,608011156
1,5,-1,1,4,0,0,2,56,1,0,0,55,0,12,1,116,116,0,0,0,2,0,55,0,0,-1,-1,-1,-1,0,0,0,0,0,0,-1,0,0,-1,-1,-1,-1,0,0,0,0,0,0,-1,0,180,0,180,0,0,180,180,365,547,1,1,0,0,0,-1,608011156
1,5,-1,1,4,0,0,2,345,1,0,0,25,0,12,1,101,99,0,0,0,2,0,25,0,12,1,1,101,410,90,0,0,0,2,0,25,0,0,-1,-1,-1,-1,0,0,0,0,0,0,-1,0,180,0,180,7,90,365,180,1095,1095,5,1,1,0,0,-1,608011156
1,5,-1,1,4,1,0,0,3,1,0,0,55,0,22,1,116,423,0,1,0,0,0,55,0,12,2,1,116,410,60,0,1,0,0,0,55,0,21,1,1,116,-1,6,0,1,0,0,0,55,0,90,0,90,180,60,365,365,90,365,10,1,1,1,0,-1,608011156
1,5,-1,1,4,1,0,0,5,1,0,0,55,0,0,-1,-1,-1,0,0,0,0,0,-1,0,12,2,2,116,419,60,0,1,0,0,0,55,0,0,-1,-1,-1,-1,0,0,0,0,0,0,-1,0,0,0,0,60,365,365,60,180,180,4,0,1,0,0,-1,608011156
1,5,-1,1,4,1,0,0,5,1,0,0,55,0,12,3,302,99,0,1,0,0,0,55,0,0,-1,-1,-1,-1,0,0,0,0,0,0,-1,0,0,-1,-1,-1,-1,0,0,0,0,0,0,-1,0,730,0,730,0,0,730,730,0,730,1,1,0,0,0,-1,608011156
1,5,-1,1,4,1,0,0,456,1,0,0,55,0,0,-1,-1,-1,0,0,0,0,0,-1,0,12,2,2,116,99,60,0,1,0,0,0,55,0,0,-1,-1,-1,-1,0,0,0,0,0,0,-1,0,0,0,0,60,547,547,60,547,547,4,0,1,0,0,-1,608011156
1,5,-1,1,4,1,0,1,3,1,0,0,55,0,12,1,101,423,0,1,0,1,0,55,0,0,-1,-1,-1,-1,0,0,0,0,0,0,-1,0,0,-1,-1,-1,-1,0,0,0,0,0,0,-1,0,60,0,60,0,0,60,60,1095,1095,1,1,0,0,0,-1,608011156
1,5,-1,1,5,0,1,0,3,1,0,0,25,0,2,-1,-1,-1,0,0,0,0,0,-1,0,12,0,1,101,410,180,0,0,1,0,0,25,0,0,-1,-1,-1,-1,0,0,0,0,0,0,-1,0,60,0,60,180,0,365,365,180,365,5,0,0,0,0,-1,608011156
1,5,-1,1,5,0,1,0,3,1,0,0,55,0,2,-1,-1,-1,0,0,0,0,0,-1,0,0,-1,-1,-1,-1,0,0,0,0,0,0,-1,0,11,2,2,101,-1,24,0,0,1,0,0,55,0,7,0,7,0,0,7,7,60,90,-1,0,0,1,0,-1,608011156
1,5,-1,1,5,0,1,0,5,1,0,0,25,0,0,-1,-1,-1,0,0,0,0,0,-1,0,0,-1,-1,-1,-1,0,0,0,0,0,0,-1,0,12,0,1,101,205,0,0,0,1,0,0,25,0,0,0,0,365,0,365,365,180,365,8,0,0,0,0,-1,608011156
1,5,-1,1,5,0,1,0,5,1,0,0,55,0,12,3,116,313,0,0,1,0,0,55,0,0,-1,-1,-1,-1,0,0,0,0,0,0,-1,0,0,-1,-1,-1,-1,0,0,0,0,0,0,-1,0,365,0,365,0,0,365,365,0,365,1,1,0,0,0,-1,608011156
1,5,-1,1,5,0,1,0,56,1,0,0,25,0,2,-1,-1,-1,0,0,0,0,0,-1,0,2,-1,-1,-1,-1,0,0,0,0,0,0,-1,0,11,2,2,116,-1,24,0,0,1,0,0,25,0,60,0,60,365,0,365,365,90,365,-1,0,0,1,0,-1,608011156
1,5,-1,1,5,0,1,1,3,1,0,0,55,0,21,1,99,-1,0,0,1,1,0,55,0,11,2,1,101,-1,180,0,0,1,1,0,55,0,0,-1,-1,-1,-1,0,0,0,0,0,0,-1,0,90,0,90,180,365,547,180,60,365,5,1,1,0,0,-1,608011156
1,5,-1,1,5,0,1,2,5,2,0,0,25,0,12,1,116,314,0,0,1,2,0,25,0,12,0,3,336,422,365,0,0,1,2,0,25,0,0,-1,-1,-1,-1,0,0,0,0,0,0,-1,0,180,0,180,365,0,365,365,0,365,5,1,0,0,0,-1,608011156
1,5,-1,1,5,1,1,0,1,1,0,0,55,0,2,-1,-1,-1,0,0,0,0,0,-1,0,12,2,1,101,410,60,0,1,1,0,0,55,0,0,-1,-1,-1,-1,0,0,0,0,0,0,-1,0,60,0,60,60,547,547,90,365,365,5,0,1,0,0,-1,608011156
1,5,-1,1,5,1,1,0,3,1,0,0,55,0,0,-1,-1,-1,0,0,0,0,0,-1,0,0,-1,-1,-1,-1,0,0,0,0,0,0,-1,0,11,2,1,101,-1,24,0,1,1,0,0,55,0,0,0,0,0,0,0,0,547,547,-1,0,0,1,0,-1,608011156
1,5,-1,1,5,1,1,0,3,1,0,0,55,0,0,-1,-1,-1,0,0,0,0,0,-1,0,12,1,2,101,419,60,0,1,1,0,0,55,0,21,0,1,101,-1,0,0,1,1,0,0,55,0,0,0,0,365,180,547,365,30,365,11,0,1,0,0,-1,608011156
1,5,-1,1,5,1,1,0,5,1,0,0,55,0,12,1,101,434,0,1,1,0,0,55,0,12,0,1,101,434,365,0,1,1,0,0,55,0,0,-1,-1,-1,-1,0,0,0,0,0,0,-1,0,365,0,365,30,0,365,365,0,365,5,1,0,0,0,-1,608011156
1,5,-1,1,5,1,1,0,5,1,0,0,55,0,21,1,206,-1,0,1,1,0,0,55,0,0,-1,-1,-1,-1,0,0,0,0,0,0,-1,0,11,2,1,101,-1,36,0,1,1,0,0,55,0,0,0,0,180,0,180,180,547,730,12,1,0,1,0,-1,608011156
1,5,-1,1,5,1,1,2,56,1,0,0,25,0,0,-1,-1,-1,0,0,0,0,0,-1,0,0,-1,-1,-1,-1,0,0,0,0,0,0,-1,0,11,2,1,206,-1,24,0,1,1,2,0,25,0,0,0,0,60,0,60,60,0,60,-1,0,0,1,0,-1,608011156
1,5,-1,1,6,0,1,0,3,1,0,0,25,0,0,-1,-1,-1,0,0,0,0,0,-1,0,11,1,1,101,-1,180,0,0,1,0,0,25,0,0,-1,-1,-1,-1,0,0,0,0,0,0,-1,0,0,0,0,180,365,547,180,365,365,4,0,1,0,0,-1,608011156
1,5,-1,1,6,0,1,0,3,1,0,0,25,0,2,-1,-1,-1,0,0,0,0,0,-1,0,2,-1,-1,-1,-1,0,0,0,0,0,0,-1,0,11,2,2,116,-1,24,0,0,1,0,0,25,0,90,0,90,365,0,365,365,60,365,-1,0,0,1,0,-1,608011156
1,5,-1,1,6,0,1,0,5,1,0,0,25,0,0,-1,-1,-1,0,0,0,0,0,-1,0,12,0,1,116,116,365,0,0,1,0,0,25,0,0,-1,-1,-1,-1,0,0,0,0,0,0,-1,0,0,0,0,365,0,365,365,180,365,4,0,0,0,0,-1,608011156
1,5,-1,1,6,0,1,0,5,1,0,0,25,0,2,-1,-1,-1,0,0,0,0,0,-1,0,12,0,1,101,312,365,0,0,1,0,0,25,0,0,-1,-1,-1,-1,0,0,0,0,0,0,-1,0,365,0,365,90,0,365,365,30,365,5,0,0,0,0,-1,608011156
1,5,-1,1,6,0,1,0,5,1,0,0,25,0,12,1,116,410,0,0,1,0,0,25,0,0,-1,-1,-1,-1,0,0,0,0,0,0,-1,0,0,-1,-1,-1,-1,0,0,0,0,0,0,-1,0,365,0,365,0,0,365,365,0,365,1,1,0,0,0,-1,608011156
1,5,-1,1,6,0,1,0,5,1,0,0,55,0,0,-1,-1,-1,0,0,0,0,0,-1,0,11,2,1,116,-1,60,0,0,1,0,0,55,0,0,-1,-1,-1,-1,0,0,0,0,0,0,-1,0,0,0,0,60,547,547,60,365,365,4,0,1,0,0,-1,608011156
1,5,-1,1,6,0,1,0,5,1,0,0,55,0,0,-1,-1,-1,0,0,0,0,0,-1,0,12,1,1,116,433,365,0,0,1,0,0,55,0,0,-1,-1,-1,-1,0,0,0,0,0,0,-1,0,0,0,0,365,30,365,365,90,365,4,0,1,0,0,-1,608011156
1,5,-1,1,6,0,1,0,5,1,0,0,55,0,2,-1,-1,-1,0,0,0,0,0,-1,0,12,2,1,116,433,180,0,0,1,0,0,55,0,0,-1,-1,-1,-1,0,0,0,0,0,0,-1,0,60,0,60,90,730,730,180,365,365,5,0,1,0,0,-1,608011156
1,5,-1,1,6,0,1,0,5,1,0,0,55,0,12,1,101,206,0,0,1,0,0,55,0,0,-1,-1,-1,-1,0,0,0,0,0,0,-1,0,0,-1,-1,-1,-1,0,0,0,0,0,0,-1,0,365,0,365,0,0,365,365,7,365,1,1,0,0,0,-1,608011156
1,5,-1,1,6,0,1,0,5,2,0,0,25,1,0,-1,-1,-1,0,0,0,0,0,-1,0,12,0,1,116,99,180,0,0,1,0,0,25,1,0,-1,-1,-1,-1,0,0,0,0,0,0,-1,0,0,0,0,180,0,180,180,180,365,4,0,0,0,0,-1,608011156
1,5,-1,1,6,0,1,0,5,2,0,0,55,0,0,-1,-1,-1,0,0,0,0,0,-1,0,12,2,1,101,410,90,0,0,1,0,0,55,0,0,-1,-1,-1,-1,0,0,0,0,0,0,-1,0,0,0,0,90,365,365,90,180,180,4,0,1,0,0,-1,608011156
1,5,-1,1,6,0,1,0,136,1,0,0,18,0,0,-1,-1,-1,0,0,0,0,0,-1,0,12,1,2,101,410,180,0,0,1,0,0,18,0,0,-1,-1,-1,-1,0,0,0,0,0,0,-1,0,0,0,0,180,30,180,180,365,365,4,0,1,0,0,-1,608011156
1,5,-1,1,6,0,1,0,157,1,0,0,25,0,12,3,205,98,0,0,1,0,0,25,0,0,-1,-1,-1,-1,0,0,0,0,0,0,-1,0,0,-1,-1,-1,-1,0,0,0,0,0,0,-1,0,90,0,90,0,0,90,90,7,90,1,1,0,0,0,-1,608011156
1,5,-1,1,6,0,1,0,267,2,0,0,24,0,12,1,116,99,0,0,1,0,0,24,0,0,-1,-1,-1,-1,0,0,0,0,0,0,-1,0,0,-1,-1,-1,-1,0,0,0,0,0,0,-1,0,180,0,180,0,0,180,180,365,365,1,1,0,0,0,-1,608011156
1,5,-1,1,6,0,1,0,346,1,0,0,25,0,2,-1,-1,-1,0,0,0,0,0,-1,0,11,2,1,101,-1,7,0,0,1,0,0,25,0,0,-1,-1,-1,-1,0,0,0,0,0,0,-1,0,30,0,30,30,547,547,30,365,365,5,0,1,0,0,-1,608011156
1,5,-1,1,6,0,1,1,3,1,0,0,25,0,12,1,116,101,0,0,1,1,0,25,0,0,-1,-1,-1,-1,0,0,0,0,0,0,-1,0,0,-1,-1,-1,-1,0,0,0,0,0,0,-1,0,60,0,60,0,0,60,60,365,365,1,1,0,0,0,-1,608011156
1,5,-1,1,6,0,1,1,3,1,0,0,25,0,21,1,99,-1,0,0,1,1,0,25,0,11,2,1,101,-1,180,0,0,1,1,0,25,0,0,-1,-1,-1,-1,0,0,0,0,0,0,-1,0,60,0,60,180,365,547,365,180,365,5,1,1,0,0,-1,608011156
1,5,-1,1,6,0,1,1,5,1,0,0,25,0,12,1,116,313,0,0,1,1,0,25,0,0,-1,-1,-1,-1,0,0,0,0,0,0,-1,0,0,-1,-1,-1,-1,0,0,0,0,0,0,-1,0,90,0,90,0,0,90,90,365,365,1,1,0,0,0,-1,608011156
1,5,-1,1,6,0,1,2,5,1,0,0,25,0,0,-1,-1,-1,0,0,0,0,0,-1,0,12,0,1,116,99,180,0,0,1,2,0,25,0,0,-1,-1,-1,-1,0,0,0,0,0,0,-1,0,0,0,0,180,0,180,180,365,365,4,0,0,0,0,-1,608011156
1,5,-1,1,6,0,1,2,5,1,0,0,25,0,2,-1,-1,-1,0,0,0,0,0,-1,0,12,2,1,101,99,365,0,0,1,2,0,25,0,0,-1,-1,-1,-1,0,0,0,0,0,0,-1,0,365,0,365,60,180,365,365,60,365,5,0,0,0,0,-1,608011156
1,5,-1,1,6,0,1,2,5,1,0,0,25,0,12,1,116,99,0,0,1,2,0,25,0,11,1,1,101,-1,180,0,0,1,2,0,25,0,0,-1,-1,-1,-1,0,0,0,0,0,0,-1,0,180,0,180,90,365,547,365,180,365,5,1,1,0,0,-1,608011156
1,5,-1,1,6,0,1,2,5,1,0,0,25,0,12,3,336,410,0,0,1,2,0,25,0,0,-1,-1,-1,-1,0,0,0,0,0,0,-1,0,0,-1,-1,-1,-1,0,0,0,0,0,0,-1,0,365,0,365,0,0,365,365,0,365,1,1,0,0,0,-1,608011156
1,5,-1,1,6,0,1,2,5,1,0,0,55,0,12,1,101,431,0,0,1,2,0,55,0,12,1,2,101,410,180,0,0,1,2,0,55,0,0,-1,-1,-1,-1,0,0,0,0,0,0,-1,0,180,0,180,180,180,547,365,30,365,5,1,1,0,0,-1,608011156
1,5,-1,1,6,0,1,2,5,1,0,0,55,0,12,1,336,314,0,0,1,2,0,55,0,0,-1,-1,-1,-1,0,0,0,0,0,0,-1,0,0,-1,-1,-1,-1,0,0,0,0,0,0,-1,0,180,0,180,0,0,180,180,30,180,1,1,0,0,0,-1,608011156
1,5,-1,1,6,0,1,2,5,1,0,0,55,0,22,1,101,313,0,0,1,2,0,55,0,11,1,1,101,-1,180,0,0,1,2,0,55,0,0,-1,-1,-1,-1,0,0,0,0,0,0,-1,0,180,0,180,90,365,547,180,180,365,5,1,1,0,0,-1,608011156
1,5,-1,1,6,0,1,2,12,1,0,0,25,0,0,-1,-1,-1,0,0,0,0,0,-1,0,0,-1,-1,-1,-1,0,0,0,0,0,0,-1,0,11,2,2,101,-1,36,0,0,1,2,0,25,0,0,0,0,0,0,0,0,1095,1095,-1,0,0,1,0,-1,608011156
1,5,-1,1,6,0,1,2,246,1,0,0,55,0,2,-1,-1,-1,0,0,0,0,0,-1,0,0,-1,-1,-1,-1,0,0,0,0,0,0,-1,0,11,2,1,116,-1,24,0,0,1,2,0,55,0,30,0,30,7,0,30,30,365,365,-1,0,0,1,0,-1,608011156
1,5,-1,1,6,1,1,0,1,1,0,0,25,0,0,-1,-1,-1,0,0,0,0,0,-1,0,0,-1,-1,-1,-1,0,0,0,0,0,0,-1,0,11,2,2,101,-1,36,0,1,1,0,0,25,0,0,0,0,30,0,30,30,547,730,-1,0,0,1,0,-1,608011156
1,5,-1,1,6,1,1,0,3,1,0,0,25,0,0,-1,-1,-1,0,0,0,0,0,-1,0,0,-1,-1,-1,-1,0,0,0,0,0,0,-1,0,11,2,2,116,-1,24,0,1,1,0,0,25,0,0,0,0,60,0,60,60,365,365,-1,0,0,1,0,-1,608011156
1,5,-1,1,6,1,1,0,3,1,0,0,25,0,0,-1,-1,-1,0,0,0,0,0,-1,0,0,-1,-1,-1,-1,0,0,0,0,0,0,-1,0,11,2,2,206,-1,24,0,1,1,0,0,25,0,0,0,0,60,0,60,60,365,365,-1,0,0,1,0,-1,608011156
1,5,-1,1,6,1,1,0,5,1,0,0,25,0,0,-1,-1,-1,0,0,0,0,0,-1,0,0,-1,-1,-1,-1,0,0,0,0,0,0,-1,0,11,2,2,116,-1,36,0,1,1,0,0,25,0,0,0,0,30,0,30,30,730,730,-1,0,0,1,0,-1,608011156
1,5,-1,1,6,1,1,0,5,1,0,0,25,0,0,-1,-1,-1,0,0,0,0,0,-1,0,0,-1,-1,-1,-1,0,0,0,0,0,0,-1,0,12,2,2,101,440,36,0,1,1,0,0,25,0,0,0,0,30,0,30,30,547,547,-1,0,0,1,0,-1,608011156
1,5,-1,1,6,1,1,0,5,1,0,0,25,0,12,1,101,428,0,1,1,0,0,25,0,0,-1,-1,-1,-1,0,0,0,0,0,0,-1,0,0,-1,-1,-1,-1,0,0,0,0,0,0,-1,0,180,0,180,0,0,180,180,180,365,1,1,0,0,0,-1,608011156
1,5,-1,1,6,1,1,0,5,1,0,0,55,0,0,-1,-1,-1,0,0,0,0,0,-1,0,0,-1,-1,-1,-1,0,0,0,0,0,0,-1,0,11,2,1,336,-1,24,0,1,1,0,0,55,0,0,0,0,180,0,180,180,180,365,-1,0,0,1,0,-1,608011156
1,5,-1,1,6,1,1,0,5,1,0,0,55,0,0,-1,-1,-1,0,0,0,0,0,-1,0,12,2,2,101,410,30,0,1,1,0,0,55,0,0,-1,-1,-1,-1,0,0,0,0,0,0,-1,0,0,0,0,30,180,365,30,365,365,4,0,1,0,0,-1,608011156
1,5,-1,1,6,1,1,0,25,1,0,0,25,0,0,-1,-1,-1,0,0,0,0,0,-1,0,0,-1,-1,-1,-1,0,0,0,0,0,0,-1,0,11,2,2,101,-1,36,0,1,1,0,0,25,0,0,0,0,30,0,30,30,547,547,-1,0,0,1,0,-1,608011156
1,5,-1,1,6,1,1,0,35,1,0,0,25,0,0,-1,-1,-1,0,0,0,0,0,-1,0,0,-1,-1,-1,-1,0,0,0,0,0,0,-1,0,11,2,2,118,-1,36,0,1,1,0,0,25,0,0,0,0,60,0,60,60,547,547,-1,0,0,1,0,-1,608011156
1,5,-1,1,6,1,1,1,5,1,0,0,25,0,0,-1,-1,-1,0,0,0,0,0,-1,0,0,-1,-1,-1,-1,0,0,0,0,0,0,-1,0,11,2,2,118,-1,24,0,1,1,1,0,25,0,0,0,0,60,0,60,60,365,365,-1,0,0,1,0,-1,608011156
1,5,-1,1,6,1,1,1,5,1,0,0,55,0,0,-1,-1,-1,0,0,0,0,0,-1,0,11,2,3,116,-1,180,0,1,1,1,0,55,0,0,-1,-1,-1,-1,0,0,0,0,0,0,-1,0,0,0,0,180,90,365,180,365,365,4,0,1,0,0,-1,608011156
1,5,-1,1,6,1,1,2,25,2,0,0,25,0,0,-1,-1,-1,0,0,0,0,0,-1,0,12,0,3,116,99,180,0,1,1,2,0,25,0,0,-1,-1,-1,-1,0,0,0,0,0,0,-1,0,0,0,0,180,0,180,180,365,365,4,0,0,0,0,-1,608011156
1,5,-1,1,9,0,0,0,5,1,0,0,25,0,0,-1,-1,-1,0,0,0,0,0,-1,0,12,1,3,99,431,180,0,0,0,0,0,25,0,0,-1,-1,-1,-1,0,0,0,0,0,0,-1,0,0,0,0,180,30,180,180,0,180,4,0,1,0,0,-1,608011156
1,5,-1,1,9,0,1,0,1,1,0,0,25,0,0,-1,-1,-1,0,0,0,0,0,-1,0,11,2,1,116,-1,7,0,0,1,0,0,25,0,0,-1,-1,-1,-1,0,0,0,0,0,0,-1,0,0,0,0,7,547,547,7,30,30,4,0,1,0,0,-1,608011156
1,5,-1,1,9,0,1,0,3,1,0,0,25,0,0,-1,-1,-1,0,0,0,0,0,-1,0,12,1,1,116,433,30,0,0,1,0,0,25,0,0,-1,-1,-1,-1,0,0,0,0,0,0,-1,0,0,0,0,30,180,365,30,180,180,4,0,1,0,0,-1,608011156
1,5,-1,1,9,0,1,0,3,1,0,0,25,0,2,-1,-1,-1,0,0,0,0,0,-1,0,2,-1,-1,-1,-1,0,0,0,0,0,0,-1,0,11,2,2,101,-1,24,0,0,1,0,0,25,0,7,0,7,30,0,30,30,547,547,-1,0,0,1,0,-1,608011156
1,5,-1,1,9,0,1,0,3,1,0,0,25,0,2,-1,-1,-1,0,0,0,0,0,-1,0,11,2,1,116,-1,7,0,0,1,0,0,25,0,0,-1,-1,-1,-1,0,0,0,0,0,0,-1,0,60,0,60,90,547,547,180,30,180,5,0,1,0,0,-1,608011156
1,5,-1,1,9,0,1,0,3,1,0,0,25,0,2,-1,-1,-1,0,0,0,0,0,-1,0,12,2,1,101,433,90,0,0,1,0,0,25,0,0,-1,-1,-1,-1,0,0,0,0,0,0,-1,0,30,0,30,90,180,180,90,60,180,5,0,1,0,0,-1,608011156
1,5,-1,1,9,0,1,0,3,1,0,0,25,0,12,1,99,99,0,0,1,0,0,25,0,11,1,1,206,-1,90,0,0,1,0,0,25,0,0,-1,-1,-1,-1,0,0,0,0,0,0,-1,0,30,0,30,60,365,547,90,90,180,5,1,1,0,0,-1,608011156
1,5,-1,1,9,0,1,0,3,1,0,0,25,0,12,1,335,99,0,0,1,0,0,25,0,0,-1,-1,-1,-1,0,0,0,0,0,0,-1,0,0,-1,-1,-1,-1,0,0,0,0,0,0,-1,0,30,0,30,0,0,30,30,1094,1094,1,1,0,0,0,-1,608011156
1,5,-1,1,9,0,1,0,3,1,0,0,25,0,12,3,99,99,0,0,1,0,0,25,0,0,-1,-1,-1,-1,0,0,0,0,0,0,-1,0,0,-1,-1,-1,-1,0,0,0,0,0,0,-1,0,30,0,30,0,0,30,30,0,30,1,1,0,0,0,-1,608011156
1,5,-1,1,9,0,1,0,3,1,0,0,25,0,22,3,207,99,0,0,1,0,0,25,0,0,-1,-1,-1,-1,0,0,0,0,0,0,-1,0,0,-1,-1,-1,-1,0,0,0,0,0,0,-1,0,180,0,180,0,0,180,180,7,180,1,1,0,0,12,2,608011156
1,5,-1,1,9,0,1,0,3,1,0,0,55,0,0,-1,-1,-1,0,0,0,0,0,-1,0,12,2,1,101,434,60,0,0,1,0,0,55,0,0,-1,-1,-1,-1,0,0,0,0,0,0,-1,0,0,0,0,60,30,60,60,30,60,4,0,1,0,0,-1,608011156
1,5,-1,1,9,0,1,0,3,1,0,0,55,0,2,-1,-1,-1,0,0,0,0,0,-1,0,11,2,1,206,-1,7,0,0,1,0,0,55,0,0,-1,-1,-1,-1,0,0,0,0,0,0,-1,0,7,0,7,7,547,547,30,60,90,5,0,1,0,0,-1,608011156
1,5,-1,1,9,0,1,0,5,1,0,0,24,0,0,-1,-1,-1,0,0,0,0,0,-1,0,11,1,1,116,-1,60,0,0,1,0,0,24,0,0,-1,-1,-1,-1,0,0,0,0,0,0,-1,0,0,0,0,60,365,547,60,180,180,4,0,1,0,0,-1,608011156
1,5,-1,1,9,0,1,0,5,1,0,0,24,0,11,3,207,-1,0,0,1,0,0,24,0,22,1,3,101,420,30,0,0,1,0,0,24,0,0,-1,-1,-1,-1,0,0,0,0,0,0,-1,0,180,0,180,0,365,547,180,30,180,5,1,1,0,0,-1,608011156
1,5,-1,1,9,0,1,0,5,1,0,0,25,0,0,-1,-1,-1,0,0,0,0,0,-1,0,0,-1,-1,-1,-1,0,0,0,0,0,0,-1,0,0,-1,-1,-1,-1,0,0,0,0,0,0,-1,0,0,0,0,0,0,0,0,30,30,12,0,0,0,12,2,608011156
1,5,-1,1,9,0,1,0,5,1,0,0,25,0,0,-1,-1,-1,0,0,0,0,0,-1,0,11,1,1,116,-1,180,0,0,1,0,0,25,0,0,-1,-1,-1,-1,0,0,0,0,0,0,-1,0,0,0,0,180,365,547,180,30,180,4,0,1,0,0,-1,608011156
1,5,-1,1,9,0,1,0,5,1,0,0,25,0,0,-1,-1,-1,0,0,0,0,0,-1,0,12,0,3,101,99,180,0,0,1,0,0,25,0,0,-1,-1,-1,-1,0,0,0,0,0,0,-1,0,0,0,0,180,0,180,180,180,365,4,0,0,0,0,-1,608011156
1,5,-1,1,9,0,1,0,5,1,0,0,25,0,0,-1,-1,-1,0,0,0,0,0,-1,0,12,2,1,101,313,60,0,0,1,0,0,25,0,0,-1,-1,-1,-1,0,0,0,0,0,0,-1,0,0,0,0,60,365,547,60,365,365,4,0,1,0,0,-1,608011156
1,5,-1,1,9,0,1,0,5,1,0,0,25,0,0,-1,-1,-1,0,0,0,0,0,-1,0,12,2,1,101,433,60,0,0,1,0,0,25,0,0,-1,-1,-1,-1,0,0,0,0,0,0,-1,0,0,0,0,60,730,730,60,180,180,4,0,1,0,0,-1,608011156
1,5,-1,1,9,0,1,0,5,1,0,0,25,0,2,-1,-1,-1,0,0,0,0,0,-1,0,12,1,1,101,420,180,0,0,1,0,0,25,0,0,-1,-1,-1,-1,0,0,0,0,0,0,-1,0,60,0,60,180,30,365,365,7,365,5,0,1,0,0,-1,608011156
1,5,-1,1,9,0,1,0,5,1,0,0,25,0,2,-1,-1,-1,0,0,0,0,0,-1,0,12,2,1,101,433,7,0,0,1,0,0,25,0,0,-1,-1,-1,-1,0,0,0,0,0,0,-1,0,30,0,30,7,547,547,30,90,90,5,0,1,0,0,-1,608011156
1,5,-1,1,9,0,1,0,5,1,0,0,25,0,2,-1,-1,-1,0,0,0,0,0,-1,0,12,2,1,116,410,30,0,0,1,0,0,25,0,0,-1,-1,-1,-1,0,0,0,0,0,0,-1,0,7,0,7,30,365,365,30,90,90,5,0,1,0,0,-1,608011156
1,5,-1,1,9,0,1,0,5,1,0,0,25,0,2,-1,-1,-1,0,0,0,0,0,-1,0,12,2,2,101,410,30,0,0,1,0,0,25,0,0,-1,-1,-1,-1,0,0,0,0,0,0,-1,0,7,0,7,30,180,180,30,30,30,5,0,1,0,0,-1,608011156
1,5,-1,1,9,0,1,0,5,1,0,0,25,0,12,1,116,99,0,0,1,0,0,25,0,21,1,1,116,-1,180,0,0,1,0,0,25,0,0,-1,-1,-1,-1,0,0,0,0,0,0,-1,0,180,0,180,30,365,547,180,30,180,5,1,1,0,0,-1,608011156
1,5,-1,1,9,0,1,0,5,1,0,0,25,0,12,3,99,98,0,0,1,0,0,25,0,0,-1,-1,-1,-1,0,0,0,0,0,0,-1,0,0,-1,-1,-1,-1,0,0,0,0,0,0,-1,0,180,0,180,0,0,180,180,0,180,1,1,0,0,0,-1,608011156
1,5,-1,1,9,0,1,0,5,1,0,0,25,0,12,3,205,99,0,0,1,0,0,25,0,0,-1,-1,-1,-1,0,0,0,0,0,0,-1,0,0,-1,-1,-1,-1,0,0,0,0,0,0,-1,0,180,0,180,0,0,180,180,0,180,1,1,0,0,0,-1,608011156
1,5,-1,1,9,0,1,0,5,1,0,0,25,0,12,3,206,434,0,0,1,0,0,25,0,0,-1,-1,-1,-1,0,0,0,0,0,0,-1,0,0,-1,-1,-1,-1,0,0,0,0,0,0,-1,0,60,0,60,0,0,60,60,0,60,1,1,0,0,21,0,608011156
1,5,-1,1,9,0,1,0,5,1,0,0,55,0,2,-1,-1,-1,0,0,0,0,0,-1,0,2,-1,-1,-1,-1,0,0,0,0,0,0,-1,0,11,2,2,116,-1,24,0,0,1,0,0,55,0,30,0,30,30,0,60,60,180,180,-1,0,0,1,0,-1,608011156
1,5,-1,1,9,0,1,0,5,1,0,0,55,0,12,3,116,99,0,0,1,0,0,55,0,0,-1,-1,-1,-1,0,0,0,0,0,0,-1,0,0,-1,-1,-1,-1,0,0,0,0,0,0,-1,0,90,0,90,0,0,90,90,180,365,1,1,0,0,0,-1,608011156
1,5,-1,1,9,0,1,0,15,1,0,0,55,0,0,-1,-1,-1,0,0,0,0,0,-1,0,0,-1,-1,-1,-1,0,0,0,0,0,0,-1,0,11,2,2,101,-1,48,0,0,1,0,0,55,0,0,0,0,0,0,0,0,1095,1095,-1,0,0,1,0,-1,608011156
1,5,-1,1,9,0,1,0,16,1,0,0,25,0,0,-1,-1,-1,0,0,0,0,0,-1,0,12,2,1,116,433,30,0,0,1,0,0,25,0,0,-1,-1,-1,-1,0,0,0,0,0,0,-1,0,0,0,0,30,90,180,30,90,90,4,0,1,0,0,-1,608011156
1,5,-1,1,9,0,1,0,46,1,0,0,25,0,2,-1,-1,-1,0,0,0,0,0,-1,0,12,2,1,101,433,30,0,0,1,0,0,25,0,0,-1,-1,-1,-1,0,0,0,0,0,0,-1,0,30,0,30,30,365,365,30,30,60,5,0,1,0,0,-1,608011156
1,5,-1,1,9,0,1,0,56,1,0,0,25,0,0,-1,-1,-1,0,0,0,0,0,-1,0,12,0,1,101,423,90,0,0,1,0,0,25,0,0,-1,-1,-1,-1,0,0,0,0,0,0,-1,0,0,0,0,90,0,90,90,90,180,4,0,0,0,0,-1,608011156
1,5,-1,1,9,0,1,0,57,1,0,0,25,0,0,-1,-1,-1,0,0,0,0,0,-1,0,0,-1,-1,-1,-1,0,0,0,0,0,0,-1,0,12,2,2,116,24,48,0,0,1,0,0,25,0,0,0,0,7,0,7,7,547,547,-1,0,0,1,0,-1,608011156
1,5,-1,1,9,0,1,0,145,1,0,0,18,0,2,-1,-1,-1,0,0,0,0,0,-1,0,12,2,1,101,410,7,0,0,1,0,0,18,0,0,-1,-1,-1,-1,0,0,0,0,0,0,-1,0,90,0,90,0,547,547,90,60,180,5,0,1,0,0,-1,608011156
1,5,-1,1,9,0,1,0,245,1,0,0,25,0,2,-1,-1,-1,0,0,0,0,0,-1,0,12,2,1,101,433,7,0,0,1,0,0,25,0,0,-1,-1,-1,-1,0,0,0,0,0,0,-1,0,7,0,7,0,365,365,7,60,60,5,0,1,0,0,-1,608011156
1,5,-1,1,9,0,1,0,245,1,0,0,25,0,11,3,204,-1,0,0,1,0,0,25,0,0,-1,-1,-1,-1,0,0,0,0,0,0,-1,0,0,-1,-1,-1,-1,0,0,0,0,0,0,-1,0,180,0,180,0,0,180,180,547,547,1,1,0,0,0,-1,608011156
1,5,-1,1,9,0,1,1,3,1,0,0,25,0,12,1,99,99,0,0,1,1,0,25,0,12,1,1,336,410,90,0,0,1,1,0,25,0,0,-1,-1,-1,-1,0,0,0,0,0,0,-1,0,30,0,30,90,180,365,90,365,365,5,1,1,0,0,-1,608011156
1,5,-1,1,9,0,1,1,3,1,0,0,25,0,12,1,116,410,0,0,1,1,0,25,0,0,-1,-1,-1,-1,0,0,0,0,0,0,-1,0,0,-1,-1,-1,-1,0,0,0,0,0,0,-1,0,180,0,180,0,0,180,180,90,365,1,1,0,0,0,-1,608011156
1,5,-1,1,9,0,1,1,3,2,0,0,25,0,22,1,99,99,0,0,0,0,0,25,0,12,2,1,101,313,60,0,0,1,1,0,25,0,0,-1,-1,-1,-1,0,0,0,0,0,0,-1,0,30,0,30,60,365,547,60,365,365,5,1,1,0,0,-1,608011156
1,5,-1,1,9,0,1,1,5,1,0,0,25,0,2,-1,-1,-1,0,0,0,0,0,-1,0,12,0,1,101,207,180,0,0,1,1,0,25,0,0,-1,-1,-1,-1,0,0,0,0,0,0,-1,0,60,0,60,180,0,365,365,60,365,5,0,0,0,0,-1,608011156
1,5,-1,1,9,0,1,1,5,1,0,0,25,0,22,1,99,431,0,0,1,1,0,25,0,11,1,1,116,-1,30,0,0,1,1,0,25,0,0,-1,-1,-1,-1,0,0,0,0,0,0,-1,0,30,0,30,30,730,730,30,365,365,5,1,1,0,0,-1,608011156
1,5,-1,1,9,0,1,1,5,2,0,0,25,0,0,-1,-1,-1,0,0,0,0,0,-1,0,12,2,1,116,410,60,0,0,1,1,0,25,0,0,-1,-1,-1,-1,0,0,0,0,0,0,-1,0,0,0,0,60,1094,1094,60,365,365,4,0,1,0,0,-1,608011156
1,5,-1,1,9,0,1,1,5,2,0,0,25,1,2,-1,-1,-1,0,0,0,0,0,-1,0,12,2,1,101,433,30,0,0,1,1,0,25,1,0,-1,-1,-1,-1,0,0,0,0,0,0,-1,0,30,0,30,7,730,730,30,60,90,5,0,1,0,0,-1,608011156
1,5,-1,1,9,0,1,1,35,1,0,0,25,0,2,-1,-1,-1,0,0,0,0,0,-1,0,2,-1,-1,-1,-1,0,0,0,0,0,0,-1,0,11,2,2,116,-1,24,0,0,1,1,0,25,0,60,0,60,7,0,60,60,1094,1094,-1,0,0,1,0,-1,608011156
1,5,-1,1,9,0,1,1,467,2,0,0,25,1,0,-1,-1,-1,0,0,0,0,0,-1,0,12,2,1,101,410,7,0,0,1,1,0,25,1,0,-1,-1,-1,-1,0,0,0,0,0,0,-1,0,0,0,0,7,365,365,7,90,90,4,0,1,0,0,-1,608011156
1,5,-1,1,9,0,1,2,5,1,0,0,25,0,2,-1,-1,-1,0,0,0,0,0,-1,0,12,2,1,101,423,30,0,0,1,2,0,25,0,0,-1,-1,-1,-1,0,0,0,0,0,0,-1,0,30,0,30,0,365,365,30,7,60,5,0,1,0,0,-1,608011156
1,5,-1,1,9,0,1,2,5,1,0,0,25,0,12,3,116,205,0,0,1,2,0,25,0,0,-1,-1,-1,-1,0,0,0,0,0,0,-1,0,0,-1,-1,-1,-1,0,0,0,0,0,0,-1,0,180,0,180,0,0,180,180,7,180,1,1,0,0,0,-1,608011156
1,5,-1,1,9,0,1,2,5,1,0,0,55,0,0,-1,-1,-1,0,0,0,0,0,-1,0,12,1,2,116,420,365,0,0,1,2,0,55,0,0,-1,-1,-1,-1,0,0,0,0,0,0,-1,0,0,0,0,365,60,365,365,0,365,4,0,1,0,0,-1,608011156
1,5,-1,1,9,0,1,2,5,1,0,0,55,0,12,1,116,314,0,0,1,2,0,55,0,0,-1,-1,-1,-1,0,0,0,0,0,0,-1,0,0,-1,-1,-1,-1,0,0,0,0,0,0,-1,0,60,0,60,0,0,60,60,180,180,1,1,0,0,0,-1,608011156
1,5,-1,1,9,0,1,2,13,1,0,0,25,0,12,1,329,206,0,0,1,2,0,25,0,0,-1,-1,-1,-1,0,0,0,0,0,0,-1,0,0,-1,-1,-1,-1,0,0,0,0,0,0,-1,0,90,0,90,0,0,90,90,7,90,1,1,0,0,0,-1,608011156
1,5,-1,1,9,0,1,2,27,1,0,0,18,0,2,-1,-1,-1,0,0,0,0,0,-1,0,11,2,1,101,-1,7,0,0,1,2,0,18,0,0,-1,-1,-1,-1,0,0,0,0,0,0,-1,0,7,0,7,7,547,547,7,30,60,5,0,1,0,0,-1,608011156
1,5,-1,1,9,0,1,2,56,1,0,0,18,0,2,-1,-1,-1,0,0,0,0,0,-1,0,11,2,1,116,-1,30,0,0,1,2,0,18,0,0,-1,-1,-1,-1,0,0,0,0,0,0,-1,0,30,0,30,30,547,547,60,30,60,5,0,1,0,0,-1,608011156
1,5,-1,1,9,1,1,0,2,1,0,0,55,0,0,-1,-1,-1,0,0,0,0,0,-1,0,12,2,2,116,410,30,0,1,1,0,0,55,0,0,-1,-1,-1,-1,0,0,0,0,0,0,-1,0,0,0,0,30,365,365,30,30,30,4,0,1,0,0,-1,608011156
1,5,-1,1,9,1,1,0,3,1,0,0,25,0,12,1,314,410,0,1,1,0,0,25,0,0,-1,-1,-1,-1,0,0,0,0,0,0,-1,0,0,-1,-1,-1,-1,0,0,0,0,0,0,-1,0,60,0,60,0,0,60,60,365,365,1,1,0,0,0,-1,608011156
1,5,-1,1,9,1,1,0,3,1,0,0,55,0,0,-1,-1,-1,0,0,0,0,0,-1,0,0,-1,-1,-1,-1,0,0,0,0,0,0,-1,0,12,2,1,206,24,36,0,1,1,0,0,55,0,0,0,0,0,0,0,0,0,0,-1,0,0,1,0,-1,608011156
1,5,-1,1,9,1,1,0,3,1,0,0,55,0,2,-1,-1,-1,0,0,0,0,0,-1,0,0,-1,-1,-1,-1,0,0,0,0,0,0,-1,0,11,2,1,101,-1,36,0,1,1,0,0,55,0,180,0,180,180,0,365,365,1095,1095,-1,0,0,1,0,-1,608011156
1,5,-1,1,9,1,1,0,3,1,0,0,55,0,12,1,116,313,0,1,1,0,0,55,0,0,-1,-1,-1,-1,0,0,0,0,0,0,-1,0,0,-1,-1,-1,-1,0,0,0,0,0,0,-1,0,7,60,60,0,0,60,60,30,90,3,1,0,0,0,-1,608011156
1,5,-1,1,9,1,1,0,5,1,0,0,25,0,0,-1,-1,-1,0,0,0,0,0,-1,0,0,-1,-1,-1,-1,0,0,0,0,0,0,-1,0,11,2,1,116,-1,60,0,1,1,0,0,25,0,0,0,0,0,0,0,0,180,180,-1,0,0,1,0,-1,608011156
1,5,-1,1,9,1,1,0,5,1,0,0,25,0,0,-1,-1,-1,0,0,0,0,0,-1,0,2,-1,-1,-1,-1,0,0,0,0,0,0,-1,0,11,2,1,101,-1,24,0,1,1,0,0,25,0,0,0,0,180,0,180,180,30,180,-1,0,0,1,0,-1,608011156
1,5,-1,1,9,1,1,0,5,1,0,0,25,0,0,-1,-1,-1,0,0,0,0,0,-1,0,12,2,2,116,410,30,0,1,1,0,0,25,0,0,-1,-1,-1,-1,0,0,0,0,0,0,-1,0,0,0,0,30,180,365,30,30,30,4,0,1,0,0,-1,608011156
1,5,-1,1,9,1,1,0,5,1,0,0,25,0,2,-1,-1,-1,0,0,0,0,0,-1,0,0,-1,-1,-1,-1,0,0,0,0,0,0,-1,0,11,2,1,335,-1,24,0,1,1,0,0,25,0,365,0,365,0,0,365,365,365,547,-1,0,0,1,0,-1,608011156
1,5,-1,1,9,1,1,0,5,1,0,0,25,0,2,-1,-1,-1,0,0,0,0,0,-1,0,12,2,2,101,410,60,0,1,1,0,0,25,0,0,-1,-1,-1,-1,0,0,0,0,0,0,-1,0,0,30,30,30,365,365,60,30,90,6,0,1,0,0,-1,608011156
1,5,-1,1,9,1,1,0,5,1,0,0,55,0,0,-1,-1,-1,0,0,0,0,0,-1,0,0,-1,-1,-1,-1,0,0,0,0,0,0,-1,0,11,0,1,101,-1,0,0,1,1,0,0,55,0,0,0,0,1095,0,1095,1095,365,1095,8,0,0,0,0,-1,608011156
1,5,-1,1,9,1,1,0,5,1,0,0,55,0,0,-1,-1,-1,0,0,0,0,0,-1,0,0,-1,-1,-1,-1,0,0,0,0,0,0,-1,0,11,2,1,101,-1,84,0,1,1,0,0,55,0,0,0,0,60,0,60,60,90,180,-1,0,0,1,0,-1,608011156
1,5,-1,1,9,1,1,0,5,1,0,0,55,0,0,-1,-1,-1,0,0,0,0,0,-1,0,0,-1,-1,-1,-1,0,0,0,0,0,0,-1,0,12,2,1,101,24,48,0,1,1,0,0,55,0,0,0,0,0,0,0,0,60,60,-1,0,0,1,0,-1,608011156
1,5,-1,1,9,1,1,0,5,1,0,0,55,0,0,-1,-1,-1,0,0,0,0,0,-1,0,0,-1,-1,-1,-1,0,0,0,0,0,0,-1,0,12,2,1,101,423,48,0,1,1,0,0,55,0,0,0,0,180,0,180,180,30,180,-1,0,0,1,0,-1,608011156
1,5,-1,1,9,1,1,0,5,1,0,0,55,0,0,-1,-1,-1,0,0,0,0,0,-1,0,11,2,3,101,-1,30,0,1,1,0,0,55,0,0,-1,-1,-1,-1,0,0,0,0,0,0,-1,0,0,0,0,30,547,547,30,7,30,4,0,1,0,0,-1,608011156
1,5,-1,1,9,1,1,0,5,1,0,0,55,0,2,-1,-1,-1,0,0,0,0,0,-1,0,12,1,2,116,410,30,0,1,1,0,0,55,0,0,-1,-1,-1,-1,0,0,0,0,0,0,-1,0,30,0,30,30,365,365,60,365,547,5,0,1,0,0,-1,608011156
1,5,-1,1,9,1,1,0,5,1,0,0,55,0,12,1,101,411,0,1,1,0,0,55,0,0,-1,-1,-1,-1,0,0,0,0,0,0,-1,0,0,-1,-1,-1,-1,0,0,0,0,0,0,-1,0,7,60,60,0,0,60,60,180,365,3,1,0,0,0,-1,608011156
1,5,-1,1,9,1,1,0,5,1,0,0,55,0,12,1,116,419,0,1,1,0,0,55,0,0,-1,-1,-1,-1,0,0,0,0,0,0,-1,0,0,-1,-1,-1,-1,0,0,0,0,0,0,-1,0,0,365,365,0,0,365,365,60,365,2,1,0,0,0,-1,608011156
1,5,-1,1,9,1,1,0,56,1,0,0,55,0,0,-1,-1,-1,0,0,0,0,0,-1,0,12,2,2,101,410,60,0,1,1,0,0,55,0,0,-1,-1,-1,-1,0,0,0,0,0,0,-1,0,0,0,0,60,365,365,60,30,60,4,0,1,0,0,-1,608011156
1,5,-1,1,9,1,1,0,98,1,0,0,55,0,0,-1,-1,-1,0,0,0,0,0,-1,0,0,-1,-1,-1,-1,0,0,0,0,0,0,-1,0,11,0,1,116,-1,0,0,1,1,0,0,55,0,0,0,0,1095,0,1095,1095,30,1095,8,0,0,0,0,-1,608011156
1,5,-1,1,9,1,1,0,246,1,0,0,25,0,0,-1,-1,-1,0,0,0,0,0,-1,0,0,-1,-1,-1,-1,0,0,0,0,0,0,-1,0,11,2,1,101,-1,84,0,1,1,0,0,25,0,0,0,0,0,0,0,0,180,180,-1,0,0,1,0,-1,608011156
1,5,-1,1,9,1,1,1,3,1,0,0,25,0,2,-1,-1,-1,0,0,0,0,0,-1,0,12,2,2,101,419,30,0,1,1,1,0,25,0,0,-1,-1,-1,-1,0,0,0,0,0,0,-1,0,30,0,30,0,365,365,30,7,30,5,0,1,0,0,-1,608011156
1,5,-1,1,9,1,1,2,5,1,0,0,25,0,0,-1,-1,-1,0,0,0,0,0,-1,0,12,1,2,101,410,30,0,1,1,2,0,25,0,0,-1,-1,-1,-1,0,0,0,0,0,0,-1,0,0,0,0,30,90,180,30,30,60,4,0,1,0,0,-1,608011156
1,5,-1,1,9,1,1,2,5,1,0,0,55,0,0,-1,-1,-1,0,0,0,0,0,-1,0,0,-1,-1,-1,-1,0,0,0,0,0,0,-1,0,11,2,2,101,-1,24,0,1,1,2,0,55,0,0,0,0,7,0,7,7,365,365,-1,0,0,1,0,-1,608011156
1,5,-1,1,9,1,1,2,5,1,0,0,55,0,0,-1,-1,-1,0,0,0,0,0,-1,0,0,-1,-1,-1,-1,0,0,0,0,0,0,-1,0,12,2,1,101,422,48,0,1,1,2,0,55,0,0,0,0,60,0,60,60,60,90,-1,0,0,1,0,-1,608011156
1,5,-1,1,9,1,1,2,5,1,0,0,55,0,0,-1,-1,-1,0,0,0,0,0,-1,0,11,1,2,116,-1,180,0,1,1,2,0,55,0,0,-1,-1,-1,-1,0,0,0,0,0,0,-1,0,0,0,0,180,365,547,180,7,180,4,0,1,0,0,-1,608011156
1,5,-1,2,0,0,0,0,1,1,2,0,25,1,12,1,336,99,0,0,0,0,0,25,1,0,-1,-1,-1,-1,0,0,0,0,0,0,-1,0,0,-1,-1,-1,-1,0,0,0,0,0,0,-1,0,90,0,90,0,0,90,90,60,180,1,1,0,0,0,-1,608011156
1,5,-1,2,0,0,0,0,2,1,1,0,25,1,12,1,314,312,0,0,0,0,0,25,1,0,-1,-1,-1,-1,0,0,0,0,0,0,-1,0,0,-1,-1,-1,-1,0,0,0,0,0,0,-1,0,60,0,60,0,0,60,60,0,60,1,1,0,0,0,-1,608011156
1,5,-1,2,0,0,0,0,3,1,1,0,18,1,2,-1,-1,-1,0,0,0,0,0,-1,0,11,2,1,101,-1,60,0,0,0,0,0,18,1,0,-1,-1,-1,-1,0,0,0,0,0,0,-1,0,60,0,60,30,547,547,90,90,180,5,0,1,0,0,-1,608011156
1,5,-1,2,0,0,0,0,3,1,1,0,25,1,0,-1,-1,-1,0,0,0,0,0,-1,0,11,1,1,116,-1,180,0,0,0,0,0,25,1,0,-1,-1,-1,-1,0,0,0,0,0,0,-1,0,0,0,0,180,365,547,180,60,180,4,0,1,0,0,-1,608011156
1,5,-1,2,0,0,0,0,3,1,1,0,25,1,0,-1,-1,-1,0,0,0,0,0,-1,0,12,2,1,101,410,7,0,0,0,0,0,25,1,0,-1,-1,-1,-1,0,0,0,0,0,0,-1,0,0,0,0,7,365,365,7,180,180,4,0,1,0,0,-1,608011156
1,5,-1,2,0,0,0,0,3,1,1,0,25,1,2,-1,-1,-1,0,0,0,0,0,-1,0,12,2,1,116,420,30,0,0,0,0,0,25,1,0,-1,-1,-1,-1,0,0,0,0,0,0,-1,0,30,0,30,30,180,180,30,30,60,5,0,1,0,0,-1,608011156
1,5,-1,2,0,0,0,0,3,1,1,0,25,1,2,-1,-1,-1,0,0,0,0,0,-1,0,12,2,1,410,420,60,0,0,0,0,0,25,1,0,-1,-1,-1,-1,0,0,0,0,0,0,-1,0,30,0,30,30,180,180,60,0,60,5,0,1,0,0,-1,608011156
1,5,-1,2,0,0,0,0,3,1,2,0,24,1,12,1,336,99,0,0,0,0,0,24,1,0,-1,-1,-1,-1,0,0,0,0,0,0,-1,0,0,-1,-1,-1,-1,0,0,0,0,0,0,-1,0,90,0,90,0,0,90,90,7,90,1,1,0,0,0,-1,608011156
1,5,-1,2,0,0,0,0,3,1,2,0,25,0,0,-1,-1,-1,0,0,0,0,0,-1,0,11,1,1,335,-1,60,0,0,0,0,0,25,0,0,-1,-1,-1,-1,0,0,0,0,0,0,-1,0,0,0,0,60,365,547,60,30,60,4,0,1,0,0,-1,608011156
1,5,-1,2,0,0,0,0,3,1,2,0,25,1,2,-1,-1,-1,0,0,0,0,0,-1,0,12,2,1,336,410,7,0,0,0,0,0,25,1,0,-1,-1,-1,-1,0,0,0,0,0,0,-1,0,7,0,7,7,365,365,7,30,30,5,0,1,0,0,-1,608011156
1,5,-1,2,0,0,0,0,3,1,2,0,25,1,12,1,336,99,0,0,0,0,0,25,1,22,1,1,101,207,7,0,0,0,0,0,25,1,0,-1,-1,-1,-1,0,0,0,0,0,0,-1,0,30,0,30,7,365,365,30,90,90,5,1,1,0,0,-1,608011156
1,5,-1,2,0,0,0,0,3,1,3,0,25,1,2,-1,-1,-1,0,0,0,0,0,-1,0,12,2,1,116,433,90,0,0,0,0,1,25,1,0,-1,-1,-1,-1,0,0,0,0,0,0,-1,0,30,0,30,90,365,365,90,30,180,5,0,1,0,0,-1,608011156
1,5,-1,2,0,0,0,0,3,1,3,0,25,1,12,1,314,99,0,0,0,0,1,25,1,22,1,1,314,410,7,0,0,0,0,1,25,1,0,-1,-1,-1,-1,0,0,0,0,0,0,-1,0,7,0,7,7,365,365,30,90,90,5,1,1,0,0,-1,608011156
1,5,-1,2,0,0,0,0,3,1,3,0,25,1,12,1,314,410,0,0,0,0,1,25,1,0,-1,-1,-1,-1,0,0,0,0,0,0,-1,0,0,-1,-1,-1,-1,0,0,0,0,0,0,-1,0,60,0,60,0,0,60,60,7,60,1,1,0,0,0,-1,608011156
1,5,-1,2,0,0,0,0,3,1,3,0,25,1,12,1,335,410,0,0,0,0,1,25,1,0,-1,-1,-1,-1,0,0,0,0,0,0,-1,0,0,-1,-1,-1,-1,0,0,0,0,0,0,-1,0,60,0,60,0,0,60,60,7,60,1,1,0,0,0,-1,608011156
1,5,-1,2,0,0,0,0,3,2,1,0,24,1,2,-1,-1,-1,0,0,0,0,0,-1,0,12,2,1,101,420,60,0,0,0,0,0,24,1,0,-1,-1,-1,-1,0,0,0,0,0,0,-1,0,30,0,30,60,180,365,60,60,90,5,0,1,0,0,-1,608011156
1,5,-1,2,0,0,0,0,3,2,1,0,24,1,12,1,335,423,0,0,0,0,0,24,1,0,-1,-1,-1,-1,0,0,0,0,0,0,-1,0,0,-1,-1,-1,-1,0,0,0,0,0,0,-1,0,60,0,60,0,0,60,60,0,60,1,1,0,0,0,-1,608011156
1,5,-1,2,0,0,0,0,3,2,1,0,25,1,2,-1,-1,-1,0,0,0,0,0,-1,0,12,2,1,101,420,7,0,0,0,0,0,25,1,0,-1,-1,-1,-1,0,0,0,0,0,0,-1,0,60,0,60,7,180,365,60,60,180,5,0,1,0,0,-1,608011156
1,5,-1,2,0,0,0,0,3,2,1,0,25,1,12,1,314,423,0,0,0,0,0,25,1,0,-1,-1,-1,-1,0,0,0,0,0,0,-1,0,0,-1,-1,-1,-1,0,0,0,0,0,0,-1,0,180,0,180,0,0,180,180,7,180,1,1,0,0,0,-1,608011156
1,5,-1,2,0,0,0,0,3,2,1,0,25,1,12,1,336,99,0,0,0,0,0,25,1,0,-1,-1,-1,-1,0,0,0,0,0,0,-1,0,0,-1,-1,-1,-1,0,0,0,0,0,0,-1,0,30,0,30,0,0,30,30,180,180,1,1,0,0,0,-1,608011156
1,5,-1,2,0,0,0,0,3,2,2,0,25,1,12,1,116,410,0,0,0,0,0,25,1,0,-1,-1,-1,-1,0,0,0,0,0,0,-1,0,0,-1,-1,-1,-1,0,0,0,0,0,0,-1,0,180,0,180,0,0,180,180,7,180,1,1,0,0,0,-1,608011156
1,5,-1,2,0,0,0,0,3,2,3,0,25,1,12,1,410,99,0,0,0,0,1,25,1,0,-1,-1,-1,-1,0,0,0,0,0,0,-1,0,0,-1,-1,-1,-1,0,0,0,0,0,0,-1,0,90,0,90,0,0,90,90,0,90,1,1,0,0,0,-1,608011156
1,5,-1,2,0,0,0,0,5,1,2,0,25,1,0,-1,-1,-1,0,0,0,0,0,-1,0,12,1,3,410,433,60,0,0,0,0,0,25,1,0,-1,-1,-1,-1,0,0,0,0,0,0,-1,0,0,0,0,60,30,60,60,0,60,4,0,1,0,0,-1,608011156
1,5,-1,2,0,0,0,0,5,2,1,0,25,1,12,1,116,422,0,0,0,0,0,25,1,0,-1,-1,-1,-1,0,0,0,0,0,0,-1,0,0,-1,-1,-1,-1,0,0,0,0,0,0,-1,0,60,0,60,0,0,60,60,30,60,1,1,0,0,0,-1,608011156
1,5,-1,2,0,0,0,0,5,2,2,0,25,1,0,-1,-1,-1,0,0,0,0,0,-1,0,12,2,1,116,410,7,0,0,0,0,0,25,1,0,-1,-1,-1,-1,0,0,0,0,0,0,-1,0,0,0,0,7,547,547,7,60,60,4,0,1,0,0,-1,608011156
1,5,-1,2,0,0,0,0,5,2,2,0,25,1,2,-1,-1,-1,0,0,0,0,0,-1,0,12,2,1,101,423,30,0,0,0,0,0,25,1,0,-1,-1,-1,-1,0,0,0,0,0,0,-1,0,7,0,7,30,180,180,30,180,180,5,0,1,0,0,-1,608011156
1,5,-1,2,0,0,0,0,5,2,3,0,25,1,0,-1,-1,-1,0,0,0,0,0,-1,0,12,1,3,314,431,60,0,0,0,0,1,25,1,0,-1,-1,-1,-1,0,0,0,0,0,0,-1,0,0,0,0,60,30,60,60,0,60,4,0,1,0,0,-1,608011156
1,5,-1,2,0,0,0,0,15,1,1,0,25,1,12,1,116,410,0,0,0,0,0,25,1,0,-1,-1,-1,-1,0,0,0,0,0,0,-1,0,0,-1,-1,-1,-1,0,0,0,0,0,0,-1,0,60,0,60,0,0,60,60,60,180,1,1,0,0,0,-1,608011156
1,5,-1,2,0,0,0,0,35,1,3,0,25,1,12,1,116,99,0,0,0,0,1,25,1,0,-1,-1,-1,-1,0,0,0,0,0,0,-1,0,0,-1,-1,-1,-1,0,0,0,0,0,0,-1,0,90,0,90,0,0,90,90,30,90,1,1,0,0,0,-1,608011156
1,5,-1,2,0,0,0,0,56,1,2,0,25,1,0,-1,-1,-1,0,0,0,0,0,-1,0,12,2,1,116,433,30,0,0,0,0,0,25,1,0,-1,-1,-1,-1,0,0,0,0,0,0,-1,0,0,0,0,30,365,365,30,30,60,4,0,1,0,0,-1,608011156
1,5,-1,2,0,0,0,0,56,1,2,0,25,1,12,3,101,411,0,0,0,0,0,25,1,0,-1,-1,-1,-1,0,0,0,0,0,0,-1,0,0,-1,-1,-1,-1,0,0,0,0,0,0,-1,0,60,0,60,0,0,60,60,0,60,1,1,0,0,0,-1,608011156
1,5,-1,2,0,0,0,0,126,1,2,0,25,1,0,-1,-1,-1,0,0,0,0,0,-1,0,12,2,1,116,302,30,0,0,0,0,0,25,1,0,-1,-1,-1,-1,0,0,0,0,0,0,-1,0,0,0,0,30,180,180,30,30,30,4,0,1,0,0,-1,608011156
1,5,-1,2,0,0,0,0,136,1,3,0,25,1,11,1,335,-1,0,0,0,0,1,25,1,0,-1,-1,-1,-1,0,0,0,0,0,0,-1,0,0,-1,-1,-1,-1,0,0,0,0,0,0,-1,0,180,0,180,0,0,180,180,90,365,1,1,0,0,0,-1,608011156
1,5,-1,2,0,0,0,0,346,1,2,0,25,1,12,1,118,410,0,0,0,0,0,25,1,0,-1,-1,-1,-1,0,0,0,0,0,0,-1,0,0,-1,-1,-1,-1,0,0,0,0,0,0,-1,0,90,0,90,0,0,90,90,60,180,1,1,0,0,0,-1,608011156
1,5,-1,2,0,0,0,1,3,1,1,0,18,1,22,1,336,99,0,0,0,1,0,18,1,12,2,1,101,410,7,0,0,0,1,0,18,1,0,-1,-1,-1,-1,0,0,0,0,0,0,-1,0,60,0,60,7,60,180,60,180,365,5,1,1,0,0,-1,608011156
1,5,-1,2,0,0,0,1,3,1,1,0,25,1,12,1,314,410,0,0,0,1,0,25,1,0,-1,-1,-1,-1,0,0,0,0,0,0,-1,0,0,-1,-1,-1,-1,0,0,0,0,0,0,-1,0,180,0,180,0,0,180,180,180,365,1,1,0,0,0,-1,608011156
1,5,-1,2,0,0,0,1,3,1,2,0,25,1,12,1,335,99,0,0,0,1,0,25,1,0,-1,-1,-1,-1,0,0,0,0,0,0,-1,0,0,-1,-1,-1,-1,0,0,0,0,0,0,-1,0,30,0,30,0,0,30,30,30,60,1,1,0,0,0,-1,608011156
1,5,-1,2,0,0,0,1,3,1,2,0,25,1,12,1,335,302,0,0,0,1,0,25,1,0,-1,-1,-1,-1,0,0,0,0,0,0,-1,0,0,-1,-1,-1,-1,0,0,0,0,0,0,-1,0,90,0,90,0,0,90,90,30,90,1,1,0,0,0,-1,608011156
1,5,-1,2,0,0,0,1,3,1,3,0,25,1,12,1,116,410,0,0,0,1,1,25,1,0,-1,-1,-1,-1,0,0,0,0,0,0,-1,0,0,-1,-1,-1,-1,0,0,0,0,0,0,-1,0,60,0,60,0,0,60,60,30,60,1,1,0,0,0,-1,608011156
1,5,-1,2,0,0,0,1,5,1,1,0,25,1,12,1,116,312,0,0,0,1,0,25,1,0,-1,-1,-1,-1,0,0,0,0,0,0,-1,0,0,-1,-1,-1,-1,0,0,0,0,0,0,-1,0,90,0,90,0,0,90,90,60,180,1,1,0,0,0,-1,608011156
1,5,-1,2,0,0,0,1,5,1,1,0,25,1,12,1,335,423,0,0,0,1,0,25,1,0,-1,-1,-1,-1,0,0,0,0,0,0,-1,0,0,-1,-1,-1,-1,0,0,0,0,0,0,-1,0,60,0,60,0,0,60,60,180,180,1,1,0,0,0,-1,608011156
1,5,-1,2,0,0,0,1,5,1,2,0,25,1,0,-1,-1,-1,0,0,0,0,0,-1,0,12,2,1,101,410,30,0,0,0,1,0,25,1,0,-1,-1,-1,-1,0,0,0,0,0,0,-1,0,0,0,0,30,180,180,30,180,365,4,0,1,0,0,-1,608011156
1,5,-1,2,0,0,0,1,5,1,2,0,25,1,12,1,335,410,0,0,0,1,0,25,1,0,-1,-1,-1,-1,0,0,0,0,0,0,-1,0,0,-1,-1,-1,-1,0,0,0,0,0,0,-1,0,30,0,30,0,0,30,30,0,30,1,1,0,0,0,-1,608011156
1,5,-1,2,0,0,0,1,5,1,2,0,25,1,12,1,336,431,0,0,0,1,0,25,1,0,-1,-1,-1,-1,0,0,0,0,0,0,-1,0,0,-1,-1,-1,-1,0,0,0,0,0,0,-1,0,180,0,180,0,0,180,180,0,180,1,1,0,0,0,-1,608011156
1,5,-1,2,0,0,0,1,5,1,3,0,25,1,0,-1,-1,-1,0,0,0,0,0,-1,0,11,1,1,336,-1,30,0,0,0,1,1,25,1,0,-1,-1,-1,-1,0,0,0,0,0,0,-1,0,0,0,0,30,365,547,30,0,30,4,0,1,0,0,-1,608011156
1,5,-1,2,0,0,0,1,5,1,3,0,25,1,0,-1,-1,-1,0,0,0,0,0,-1,0,12,2,3,101,433,30,0,0,0,1,1,25,1,0,-1,-1,-1,-1,0,0,0,0,0,0,-1,0,0,0,0,30,30,30,30,30,30,4,0,1,0,0,-1,608011156
1,5,-1,2,0,0,0,1,5,2,1,0,25,1,0,-1,-1,-1,0,0,0,0,0,-1,0,12,2,1,116,410,60,0,0,0,1,0,25,1,0,-1,-1,-1,-1,0,0,0,0,0,0,-1,0,0,0,0,60,365,365,60,180,180,4,0,1,0,0,-1,608011156
1,5,-1,2,0,0,0,1,34,1,1,0,25,1,0,-1,-1,-1,0,0,0,0,0,-1,0,12,2,1,116,99,60,0,0,0,1,0,25,1,0,-1,-1,-1,-1,0,0,0,0,0,0,-1,0,0,0,0,60,365,365,60,180,365,4,0,1,0,0,-1,608011156
1,5,-1,2,0,0,0,1,56,1,1,0,24,1,12,1,336,420,0,0,0,1,0,24,1,0,-1,-1,-1,-1,0,0,0,0,0,0,-1,0,0,-1,-1,-1,-1,0,0,0,0,0,0,-1,0,365,0,365,0,0,365,365,0,365,1,1,0,0,0,-1,608011156
1,5,-1,2,0,0,0,1,56,1,2,0,25,1,0,-1,-1,-1,0,0,0,0,0,-1,0,12,1,1,101,410,30,0,0,0,1,0,25,1,0,-1,-1,-1,-1,0,0,0,0,0,0,-1,0,0,0,0,30,365,365,30,180,180,4,0,1,0,0,-1,608011156
1,5,-1,2,0,0,0,1,56,1,3,0,24,1,0,-1,-1,-1,0,0,0,0,0,-1,0,11,2,1,101,-1,30,0,0,0,1,1,24,1,0,-1,-1,-1,-1,0,0,0,0,0,0,-1,0,0,0,0,30,547,547,30,60,60,4,0,1,0,0,-1,608011156
1,5,-1,2,0,0,0,1,98,1,3,0,25,1,12,1,116,118,0,0,0,1,1,25,1,0,-1,-1,-1,-1,0,0,0,0,0,0,-1,0,0,-1,-1,-1,-1,0,0,0,0,0,0,-1,0,180,0,180,0,0,180,180,7,180,1,1,0,0,0,-1,608011156
1,5,-1,2,0,0,0,1,146,1,3,0,25,1,11,1,116,-1,0,0,0,1,1,25,1,0,-1,-1,-1,-1,0,0,0,0,0,0,-1,0,0,-1,-1,-1,-1,0,0,0,0,0,0,-1,0,365,0,365,0,0,365,365,60,365,1,1,0,0,0,-1,608011156
1,5,-1,2,0,0,0,1,347,1,2,0,24,1,0,-1,-1,-1,0,0,0,0,0,-1,0,12,2,1,101,410,7,0,0,0,1,0,24,1,0,-1,-1,-1,-1,0,0,0,0,0,0,-1,0,0,0,0,7,365,365,7,60,60,4,0,1,0,0,-1,608011156
1,5,-1,2,0,0,0,1,457,1,1,0,25,1,0,-1,-1,-1,0,0,0,0,0,-1,0,12,2,3,335,431,30,0,0,0,1,0,25,1,0,-1,-1,-1,-1,0,0,0,0,0,0,-1,0,0,0,0,30,30,60,30,0,30,4,0,0,0,0,-1,608011156
1,5,-1,2,0,0,0,1,457,1,3,0,25,1,2,-1,-1,-1,0,0,0,0,0,-1,0,12,2,1,101,433,30,0,0,0,1,1,25,1,0,-1,-1,-1,-1,0,0,0,0,0,0,-1,0,7,0,7,30,730,730,30,60,90,5,0,1,0,0,-1,608011156
1,5,-1,2,0,0,0,2,2,1,1,0,25,1,0,-1,-1,-1,0,0,0,0,0,-1,0,12,2,1,101,433,60,0,0,0,2,0,25,1,0,-1,-1,-1,-1,0,0,0,0,0,0,-1,0,0,0,0,60,547,547,60,60,90,4,0,1,0,0,-1,608011156
1,5,-1,2,0,0,0,2,3,1,3,0,25,1,0,-1,-1,-1,0,0,0,0,0,-1,0,12,2,1,116,410,7,0,0,0,2,1,25,1,0,-1,-1,-1,-1,0,0,0,0,0,0,-1,0,0,0,0,7,365,365,7,365,365,4,0,1,0,0,-1,608011156
1,5,-1,2,0,0,0,2,3,1,3,0,25,1,2,-1,-1,-1,0,0,0,0,0,-1,0,12,2,1,101,420,90,0,0,0,2,1,25,1,0,-1,-1,-1,-1,0,0,0,0,0,0,-1,0,7,0,7,90,365,365,90,180,365,5,0,1,0,0,-1,608011156
1,5,-1,2,0,0,0,2,5,1,1,0,18,1,0,-1,-1,-1,0,0,0,0,0,-1,0,12,2,3,116,410,7,0,0,0,2,0,18,1,0,-1,-1,-1,-1,0,0,0,0,0,0,-1,0,0,0,0,7,365,365,7,30,60,4,0,1,0,0,-1,608011156
1,5,-1,2,0,0,0,2,5,1,1,0,25,1,0,-1,-1,-1,0,0,0,0,0,-1,0,12,2,1,302,433,30,0,0,0,2,0,25,1,0,-1,-1,-1,-1,0,0,0,0,0,0,-1,0,0,0,0,30,365,365,30,0,30,4,0,1,0,0,-1,608011156
1,5,-1,2,0,0,0,2,5,1,1,0,25,1,0,-1,-1,-1,0,0,0,0,0,-1,0,12,2,3,116,410,7,0,0,0,2,0,25,1,0,-1,-1,-1,-1,0,0,0,0,0,0,-1,0,0,0,0,7,180,180,7,30,30,4,0,1,0,0,-1,608011156
1,5,-1,2,0,0,0,2,5,1,2,0,25,1,0,-1,-1,-1,0,0,0,0,0,-1,0,12,2,3,101,99,7,0,0,0,2,0,25,1,0,-1,-1,-1,-1,0,0,0,0,0,0,-1,0,0,0,0,7,365,365,7,365,365,4,0,1,0,0,-1,608011156
1,5,-1,2,0,0,0,2,5,1,3,0,25,1,0,-1,-1,-1,0,0,0,0,0,-1,0,0,-1,-1,-1,-1,0,0,0,0,0,0,-1,0,11,2,1,101,-1,24,0,0,0,2,1,25,1,0,0,0,7,0,7,7,60,60,-1,0,0,1,0,-1,608011156
1,5,-1,2,0,0,0,2,5,1,3,0,25,1,2,-1,-1,-1,0,0,0,0,0,-1,0,12,2,1,101,410,30,0,0,0,2,1,25,1,0,-1,-1,-1,-1,0,0,0,0,0,0,-1,0,30,0,30,7,547,547,60,60,90,5,0,0,0,0,-1,608011156
1,5,-1,2,0,0,0,2,5,2,2,0,25,1,0,-1,-1,-1,0,0,0,0,0,-1,0,12,2,1,101,410,7,0,0,0,2,0,25,1,0,-1,-1,-1,-1,0,0,0,0,0,0,-1,0,0,0,0,7,365,365,7,180,180,4,0,1,0,0,-1,608011156
1,5,-1,2,0,0,0,2,5,2,3,0,25,1,0,-1,-1,-1,0,0,0,0,0,-1,0,12,1,3,101,410,180,0,0,0,2,1,25,1,0,-1,-1,-1,-1,0,0,0,0,0,0,-1,0,0,0,0,180,30,180,180,60,365,4,0,1,0,0,-1,608011156
1,5,-1,2,0,0,0,2,15,1,1,0,24,1,12,1,335,410,0,0,0,2,0,24,1,0,-1,-1,-1,-1,0,0,0,0,0,0,-1,0,0,-1,-1,-1,-1,0,0,0,0,0,0,-1,0,180,0,180,0,0,180,180,1095,1095,1,1,0,0,0,-1,608011156
1,5,-1,2,0,0,0,2,15,2,1,0,25,1,12,1,434,422,0,0,0,2,0,25,1,0,-1,-1,-1,-1,0,0,0,0,0,0,-1,0,0,-1,-1,-1,-1,0,0,0,0,0,0,-1,0,90,0,90,0,0,90,90,0,90,1,1,0,0,0,-1,608011156
1,5,-1,2,0,0,0,2,35,1,2,0,18,1,0,-1,-1,-1,0,0,0,0,0,-1,0,12,1,1,116,422,180,0,0,0,2,0,18,1,0,-1,-1,-1,-1,0,0,0,0,0,0,-1,0,0,0,0,180,90,365,180,60,365,4,0,1,0,0,-1,608011156
1,5,-1,2,0,0,0,2,136,1,2,0,25,1,2,-1,-1,-1,0,0,0,0,0,-1,0,12,2,1,101,410,30,0,0,0,2,0,25,1,0,-1,-1,-1,-1,0,0,0,0,0,0,-1,0,90,0,90,0,365,547,90,7,90,5,0,1,0,0,-1,608011156
1,5,-1,2,0,0,0,2,136,1,3,0,25,1,0,-1,-1,-1,0,0,0,0,0,-1,0,12,2,1,101,410,7,0,0,0,2,1,25,1,0,-1,-1,-1,-1,0,0,0,0,0,0,-1,0,0,0,0,7,365,365,7,30,60,4,0,1,0,0,-1,608011156
1,5,-1,2,0,0,1,0,3,1,1,0,25,1,0,-1,-1,-1,0,0,0,0,0,-1,0,11,2,1,336,-1,7,0,0,1,0,0,25,1,0,-1,-1,-1,-1,0,0,0,0,0,0,-1,0,0,0,0,7,547,547,7,0,7,4,0,1,0,0,-1,608011156
1,5,-1,2,0,0,1,0,3,1,1,0,25,1,12,3,336,410,0,0,1,0,0,25,1,0,-1,-1,-1,-1,0,0,0,0,0,0,-1,0,0,-1,-1,-1,-1,0,0,0,0,0,0,-1,0,365,0,365,0,0,365,365,0,365,1,1,0,0,0,-1,608011156
1,5,-1,2,0,0,1,0,3,1,2,0,24,1,12,1,336,410,0,0,1,0,0,24,1,0,-1,-1,-1,-1,0,0,0,0,0,0,-1,0,0,-1,-1,-1,-1,0,0,0,0,0,0,-1,0,60,0,60,0,0,60,60,90,180,1,1,0,0,0,-1,608011156
1,5,-1,2,0,0,1,0,3,1,2,0,25,1,0,-1,-1,-1,0,0,0,0,0,-1,0,12,2,1,101,433,60,0,0,1,0,0,25,1,0,-1,-1,-1,-1,0,0,0,0,0,0,-1,0,0,0,0,60,180,365,60,60,180,4,0,1,0,0,-1,608011156
1,5,-1,2,0,0,1,0,3,2,3,0,25,1,0,-1,-1,-1,0,0,0,0,0,-1,0,12,1,1,101,433,60,0,0,1,0,1,25,1,0,-1,-1,-1,-1,0,0,0,0,0,0,-1,0,0,0,0,60,30,90,60,30,90,4,0,1,0,0,-1,608011156
1,5,-1,2,0,0,1,0,5,1,1,0,25,1,0,-1,-1,-1,0,0,0,0,0,-1,0,12,2,1,207,410,7,0,0,1,0,0,25,1,0,-1,-1,-1,-1,0,0,0,0,0,0,-1,0,0,0,0,7,1094,1094,7,180,365,4,0,1,0,0,-1,608011156
1,5,-1,2,0,0,1,0,5,1,1,0,25,1,0,-1,-1,-1,0,0,0,0,0,-1,0,12,2,3,101,431,7,0,0,1,0,0,25,1,0,-1,-1,-1,-1,0,0,0,0,0,0,-1,0,0,0,0,7,30,60,7,30,30,4,0,1,0,0,-1,608011156
1,5,-1,2,0,0,1,0,5,1,1,0,25,1,0,-1,-1,-1,0,0,0,0,0,-1,0,12,2,3,314,431,7,0,0,1,0,0,25,1,0,-1,-1,-1,-1,0,0,0,0,0,0,-1,0,0,0,0,7,60,60,7,0,7,4,0,1,0,0,-1,608011156
1,5,-1,2,0,0,1,0,5,1,1,0,25,1,12,1,314,410,0,0,1,0,0,25,1,0,-1,-1,-1,-1,0,0,0,0,0,0,-1,0,0,-1,-1,-1,-1,0,0,0,0,0,0,-1,0,90,0,90,0,0,90,90,30,90,1,1,0,0,0,-1,608011156
1,5,-1,2,0,0,1,0,5,1,2,0,25,1,0,-1,-1,-1,0,0,0,0,0,-1,0,11,2,1,116,-1,60,0,0,1,0,0,25,1,0,-1,-1,-1,-1,0,0,0,0,0,0,-1,0,0,0,0,60,547,547,60,365,365,4,0,1,0,0,-1,608011156
1,5,-1,2,0,0,1,0,5,2,1,0,25,1,12,1,336,422,0,0,1,0,0,25,1,0,-1,-1,-1,-1,0,0,0,0,0,0,-1,0,0,-1,-1,-1,-1,0,0,0,0,0,0,-1,0,180,0,180,0,0,180,180,30,180,1,1,0,0,0,-1,608011156
1,5,-1,2,0,0,1,0,5,2,2,0,25,1,0,-1,-1,-1,0,0,0,0,0,-1,0,12,1,3,336,410,90,0,0,1,0,0,25,1,0,-1,-1,-1,-1,0,0,0,0,0,0,-1,0,0,0,0,90,30,90,90,0,90,4,0,1,0,0,-1,608011156
1,5,-1,2,0,0,1,0,14,2,2,0,25,1,12,1,101,422,0,0,1,0,0,25,1,0,-1,-1,-1,-1,0,0,0,0,0,0,-1,0,0,-1,-1,-1,-1,0,0,0,0,0,0,-1,0,90,0,90,0,0,90,90,7,90,1,1,0,0,0,-1,608011156
1,5,-1,2,0,0,1,0,56,2,1,0,25,1,12,1,314,312,0,0,1,0,0,25,1,0,-1,-1,-1,-1,0,0,0,0,0,0,-1,0,0,-1,-1,-1,-1,0,0,0,0,0,0,-1,0,90,0,90,0,0,90,90,30,180,1,1,0,0,0,-1,608011156
1,5,-1,2,0,0,1,0,235,2,1,0,25,1,2,-1,-1,-1,0,0,0,0,0,-1,0,12,2,1,101,433,60,0,0,1,0,0,25,1,0,-1,-1,-1,-1,0,0,0,0,0,0,-1,0,60,0,60,30,730,730,60,30,90,5,0,1,0,0,-1,608011156
1,5,-1,2,0,0,1,0,256,1,1,0,25,1,12,1,116,99,0,0,1,0,0,25,1,0,-1,-1,-1,-1,0,0,0,0,0,0,-1,0,0,-1,-1,-1,-1,0,0,0,0,0,0,-1,0,60,0,60,0,0,60,60,7,60,1,1,0,0,0,-1,608011156
1,5,-1,2,0,0,1,1,3,1,2,0,25,1,0,-1,-1,-1,0,0,0,0,0,-1,0,12,2,1,116,410,7,0,0,1,1,0,25,1,0,-1,-1,-1,-1,0,0,0,0,0,0,-1,0,0,0,0,7,365,547,7,60,60,4,0,1,0,0,-1,608011156
1,5,-1,2,0,0,1,1,3,1,2,0,25,1,12,1,314,312,0,0,1,1,0,25,1,0,-1,-1,-1,-1,0,0,0,0,0,0,-1,0,0,-1,-1,-1,-1,0,0,0,0,0,0,-1,0,180,0,180,0,0,180,180,30,180,1,1,0,0,0,-1,608011156
1,5,-1,2,0,0,1,1,3,1,3,0,25,1,0,-1,-1,-1,0,0,0,0,0,-1,0,12,2,1,101,99,90,0,0,1,1,1,25,1,0,-1,-1,-1,-1,0,0,0,0,0,0,-1,0,0,0,0,90,547,547,90,60,180,4,0,1,0,0,-1,608011156
1,5,-1,2,0,0,1,1,3,1,3,0,25,1,12,1,336,99,0,0,1,1,1,25,1,0,-1,-1,-1,-1,0,0,0,0,0,0,-1,0,0,-1,-1,-1,-1,0,0,0,0,0,0,-1,0,60,0,60,0,0,60,60,30,90,1,1,0,0,0,-1,608011156
1,5,-1,2,0,0,1,1,35,1,1,0,25,0,12,1,101,312,0,0,1,1,0,25,0,0,-1,-1,-1,-1,0,0,0,0,0,0,-1,0,0,-1,-1,-1,-1,0,0,0,0,0,0,-1,0,90,0,90,0,0,90,90,90,180,1,1,0,0,0,-1,608011156
1,5,-1,2,0,0,1,1,136,1,2,0,25,1,0,-1,-1,-1,0,0,0,0,0,-1,0,12,1,1,101,433,180,0,0,1,1,0,25,1,0,-1,-1,-1,-1,0,0,0,0,0,0,-1,0,0,0,0,180,30,180,180,90,180,4,0,1,0,0,-1,608011156
1,5,-1,2,0,0,1,1,167,1,3,0,25,1,12,1,335,410,0,0,1,1,1,25,1,0,-1,-1,-1,-1,0,0,0,0,0,0,-1,0,0,-1,-1,-1,-1,0,0,0,0,0,0,-1,0,30,0,30,0,0,30,30,0,30,1,1,0,0,0,-1,608011156
1,5,-1,2,0,0,1,2,1,3,3,0,25,1,0,-1,-1,-1,0,0,0,0,0,-1,0,12,2,1,431,410,7,0,0,1,2,1,25,1,0,-1,-1,-1,-1,0,0,0,0,0,0,-1,0,0,0,0,90,180,365,90,30,180,4,0,1,0,0,-1,608011156
1,5,-1,2,0,0,1,2,5,1,2,0,24,1,12,1,118,314,0,0,1,2,0,24,1,0,-1,-1,-1,-1,0,0,0,0,0,0,-1,0,0,-1,-1,-1,-1,0,0,0,0,0,0,-1,0,180,0,180,0,0,180,180,0,180,1,1,0,0,0,-1,608011156
1,5,-1,2,0,0,1,2,5,1,2,0,25,1,0,-1,-1,-1,0,0,0,0,0,-1,0,12,1,1,116,410,60,0,0,1,2,0,25,1,0,-1,-1,-1,-1,0,0,0,0,0,0,-1,0,0,0,0,60,547,547,60,180,365,4,0,1,0,0,-1,608011156
1,5,-1,2,0,0,1,2,5,1,2,0,25,1,0,-1,-1,-1,0,0,0,0,0,-1,0,12,2,1,101,410,7,0,0,1,2,0,25,1,0,-1,-1,-1,-1,0,0,0,0,0,0,-1,0,0,0,0,7,365,365,7,60,60,4,0,1,0,0,-1,608011156
1,5,-1,2,0,0,1,2,5,1,2,0,25,1,0,-1,-1,-1,0,0,0,0,0,-1,0,12,2,3,116,431,60,0,0,1,2,0,25,1,0,-1,-1,-1,-1,0,0,0,0,0,0,-1,0,0,0,0,60,30,90,60,180,180,4,0,0,0,0,-1,608011156
1,5,-1,2,0,0,1,2,5,2,1,0,25,1,0,-1,-1,-1,0,0,0,0,0,-1,0,12,1,1,101,410,30,0,0,1,2,0,25,1,0,-1,-1,-1,-1,0,0,0,0,0,0,-1,0,0,0,0,30,60,90,30,90,180,4,0,1,0,0,-1,608011156
1,5,-1,2,0,0,1,2,35,1,1,0,25,1,0,-1,-1,-1,0,0,0,0,0,-1,0,12,2,3,335,410,7,0,0,1,2,0,25,1,0,-1,-1,-1,-1,0,0,0,0,0,0,-1,0,0,0,0,7,365,365,7,0,7,4,0,1,0,0,-1,608011156
1,5,-1,2,0,0,1,2,56,1,1,0,25,1,12,1,116,410,0,0,1,2,0,25,1,0,-1,-1,-1,-1,0,0,0,0,0,0,-1,0,0,-1,-1,-1,-1,0,0,0,0,0,0,-1,0,90,0,90,0,0,90,90,30,180,1,1,0,0,0,-1,608011156
1,5,-1,2,0,0,1,2,56,1,2,0,25,1,0,-1,-1,-1,0,0,0,0,0,-1,0,12,2,1,116,410,7,0,0,1,2,0,25,1,0,-1,-1,-1,-1,0,0,0,0,0,0,-1,0,0,0,0,7,365,365,7,180,180,4,0,1,0,0,-1,608011156
1,5,-1,2,0,0,1,2,134,1,3,0,25,1,0,-1,-1,-1,0,0,0,0,0,-1,0,11,2,1,101,-1,30,0,0,1,2,1,25,1,0,-1,-1,-1,-1,0,0,0,0,0,0,-1,0,0,0,0,30,547,547,30,90,180,4,0,1,0,0,-1,608011156
1,5,-1,2,0,0,1,2,147,1,3,0,25,1,12,3,335,431,0,0,1,2,1,25,1,0,-1,-1,-1,-1,0,0,0,0,0,0,-1,0,0,-1,-1,-1,-1,0,0,0,0,0,0,-1,0,180,0,180,0,0,180,180,0,180,1,1,0,0,22,1,608011156
1,5,-1,2,0,1,0,0,5,1,2,0,25,1,2,-1,-1,-1,0,0,0,0,0,-1,0,12,0,3,336,99,365,0,1,0,0,0,25,1,0,-1,-1,-1,-1,0,0,0,0,0,0,-1,0,90,0,90,365,0,365,365,30,365,5,0,0,0,0,-1,608011156
1,5,-1,2,0,1,0,0,5,1,3,0,25,1,0,-1,-1,-1,0,0,0,0,0,-1,0,0,-1,-1,-1,-1,0,0,0,0,0,0,-1,0,11,2,1,419,-1,84,0,1,0,0,1,25,1,0,0,0,60,0,60,60,0,60,-1,0,0,1,0,-1,608011156
1,5,-1,2,0,1,0,0,5,2,3,0,25,1,0,-1,-1,-1,0,0,0,0,0,-1,0,12,2,3,101,431,30,0,1,0,0,1,25,1,0,-1,-1,-1,-1,0,0,0,0,0,0,-1,0,0,0,0,30,30,30,30,7,30,4,0,0,0,0,-1,608011156
1,5,-1,2,0,1,0,0,457,2,1,0,25,1,0,-1,-1,-1,0,0,0,0,0,-1,0,11,1,1,116,-1,30,0,1,0,0,0,25,1,0,-1,-1,-1,-1,0,0,0,0,0,0,-1,0,0,0,0,30,365,547,30,30,60,4,0,1,0,0,-1,608011156
1,5,-1,2,0,1,1,0,5,1,3,0,25,1,0,-1,-1,-1,0,0,0,0,0,-1,0,0,-1,-1,-1,-1,0,0,0,0,0,0,-1,0,11,2,1,410,-1,84,0,1,1,0,1,25,1,0,0,0,30,0,30,30,0,30,-1,0,0,1,0,-1,608011156
1,5,-1,2,0,1,1,0,5,2,1,0,25,0,0,-1,-1,-1,0,0,0,0,0,-1,0,12,1,2,116,420,30,0,1,1,0,0,25,0,0,-1,-1,-1,-1,0,0,0,0,0,0,-1,0,0,0,0,30,180,180,30,180,180,4,0,1,0,0,-1,608011156
1,5,-1,2,0,1,1,0,5,2,2,0,25,1,12,1,410,422,0,1,1,0,0,25,1,0,-1,-1,-1,-1,0,0,0,0,0,0,-1,0,0,-1,-1,-1,-1,0,0,0,0,0,0,-1,0,60,0,60,0,0,60,60,0,60,1,1,0,0,0,-1,608011156
1,5,-1,2,1,0,1,0,3,2,2,0,25,1,12,1,314,422,1,0,1,0,0,25,1,0,-1,-1,-1,-1,0,0,0,0,0,0,-1,0,0,-1,-1,-1,-1,0,0,0,0,0,0,-1,0,90,0,90,0,0,90,90,7,90,1,1,0,0,0,-1,608011156
1,5,-1,2,1,0,1,0,5,2,1,0,25,1,0,-1,-1,-1,0,0,0,0,0,-1,0,12,1,3,101,431,30,1,0,1,0,0,25,1,0,-1,-1,-1,-1,0,0,0,0,0,0,-1,0,0,0,0,30,30,60,30,547,547,4,0,1,0,0,-1,608011156
1,5,-1,2,1,0,1,0,5,2,1,0,25,1,11,1,116,-1,1,0,1,0,0,25,1,0,-1,-1,-1,-1,0,0,0,0,0,0,-1,0,0,-1,-1,-1,-1,0,0,0,0,0,0,-1,0,547,0,547,0,0,547,547,30,547,1,1,0,0,0,-1,608011156
1,5,-1,2,1,0,1,0,56,1,1,0,25,1,0,-1,-1,-1,0,0,0,0,0,-1,0,12,2,1,101,410,7,1,0,1,0,0,25,1,0,-1,-1,-1,-1,0,0,0,0,0,0,-1,0,0,0,0,7,365,365,7,60,60,4,0,1,0,0,-1,608011156
1,5,-1,2,1,0,1,1,3,1,1,0,25,1,21,1,99,-1,1,0,1,1,0,25,1,11,0,1,336,-1,365,1,0,1,1,0,25,1,0,-1,-1,-1,-1,0,0,0,0,0,0,-1,0,30,0,30,365,0,365,365,365,547,5,1,0,0,0,-1,608011156
1,5,-1,2,1,0,1,1,3,1,2,0,25,1,0,-1,-1,-1,0,0,0,0,0,-1,0,12,2,1,101,410,7,1,0,1,1,0,25,1,0,-1,-1,-1,-1,0,0,0,0,0,0,-1,0,0,0,0,7,365,365,7,730,730,4,0,1,0,0,-1,608011156
1,5,-1,2,1,0,1,1,5,2,2,0,25,1,12,1,335,314,1,0,1,1,0,25,1,0,-1,-1,-1,-1,0,0,0,0,0,0,-1,0,0,-1,-1,-1,-1,0,0,0,0,0,0,-1,0,180,0,180,0,0,180,180,0,180,1,1,0,0,0,-1,608011156
1,5,-1,2,1,0,1,2,3,1,3,0,24,1,2,-1,-1,-1,0,0,0,0,0,-1,0,2,-1,-1,-1,-1,0,0,0,0,0,0,-1,0,11,0,2,101,-1,0,1,0,1,2,1,24,1,180,0,180,547,0,730,730,730,1095,10,0,0,0,0,-1,608011156
1,5,-1,2,1,0,1,2,3,1,3,0,25,1,12,1,101,421,1,0,1,2,1,25,1,0,-1,-1,-1,-1,0,0,0,0,0,0,-1,0,0,-1,-1,-1,-1,0,0,0,0,0,0,-1,0,547,0,547,0,0,547,547,730,1094,1,1,0,0,0,-1,608011156
1,5,-1,2,1,0,1,2,3,3,2,0,25,1,0,-1,-1,-1,0,0,0,0,0,-1,0,12,2,1,101,410,7,1,0,1,2,0,25,1,0,-1,-1,-1,-1,0,0,0,0,0,0,-1,0,0,0,0,7,180,180,7,90,90,4,0,1,0,0,-1,608011156
1,5,-1,2,1,0,1,2,5,1,2,0,25,1,0,-1,-1,-1,0,0,0,0,0,-1,0,12,2,1,101,410,30,1,0,1,2,0,25,1,0,-1,-1,-1,-1,0,0,0,0,0,0,-1,0,0,0,0,30,365,365,30,365,547,4,0,1,0,0,-1,608011156
1,5,-1,2,1,0,1,2,14,2,1,0,25,1,2,-1,-1,-1,0,0,0,0,0,-1,0,12,2,1,101,410,180,1,0,1,2,0,25,1,0,-1,-1,-1,-1,0,0,0,0,0,0,-1,0,180,0,180,0,365,365,180,60,180,5,0,1,0,0,-1,608011156
1,5,-1,2,1,0,1,2,16,1,1,0,25,1,0,-1,-1,-1,0,0,0,0,0,-1,0,12,2,1,116,101,60,1,0,1,2,0,25,1,0,-1,-1,-1,-1,0,0,0,0,0,0,-1,0,0,0,0,60,365,365,60,1094,1094,4,0,1,0,0,-1,608011156
1,5,-1,2,1,1,1,0,5,2,2,0,25,1,0,-1,-1,-1,0,0,0,0,0,-1,0,12,2,1,116,411,30,1,1,1,0,0,25,1,0,-1,-1,-1,-1,0,0,0,0,0,0,-1,0,0,0,0,30,365,365,30,547,547,4,0,1,0,0,-1,608011156
1,5,-1,2,1,1,1,1,5,1,3,0,25,1,0,-1,-1,-1,0,0,0,0,0,-1,0,12,2,2,116,410,30,1,1,1,1,1,25,1,0,-1,-1,-1,-1,0,0,0,0,0,0,-1,0,0,0,0,30,365,365,30,1095,1095,4,0,1,0,0,-1,608011156
1,5,-1,2,2,0,1,0,35,1,1,0,25,1,0,-1,-1,-1,0,0,0,0,0,-1,0,11,2,1,101,-1,60,0,0,1,0,0,25,1,0,-1,-1,-1,-1,0,0,0,0,0,0,-1,0,0,0,0,60,547,547,60,1095,1095,4,0,1,0,0,-1,608011156
1,5,-1,2,2,0,1,0,256,1,1,0,25,1,12,1,335,302,0,0,1,0,0,25,1,0,-1,-1,-1,-1,0,0,0,0,0,0,-1,0,0,-1,-1,-1,-1,0,0,0,0,0,0,-1,0,365,0,365,0,0,365,365,0,365,1,1,0,0,0,-1,608011156
1,5,-1,2,2,0,1,2,3,2,2,0,25,1,0,-1,-1,-1,0,0,0,0,0,-1,0,12,0,1,116,99,365,0,0,1,2,0,25,1,0,-1,-1,-1,-1,0,0,0,0,0,0,-1,0,0,0,0,365,0,365,365,90,365,4,0,0,0,0,-1,608011156
1,5,-1,2,4,0,0,0,3,1,1,0,24,1,22,1,99,99,0,0,0,0,0,24,1,11,1,1,101,-1,30,0,0,0,0,0,24,1,0,-1,-1,-1,-1,0,0,0,0,0,0,-1,0,30,0,30,7,365,365,30,90,180,5,1,1,0,0,-1,608011156
1,5,-1,2,4,0,0,0,3,1,3,0,18,1,11,1,99,-1,0,0,0,0,1,18,1,0,-1,-1,-1,-1,0,0,0,0,0,0,-1,0,0,-1,-1,-1,-1,0,0,0,0,0,0,-1,0,547,0,547,0,0,547,547,0,547,1,1,0,0,0,-1,608011156
1,5,-1,2,4,0,0,0,3,2,1,0,25,1,2,-1,-1,-1,0,0,0,0,0,-1,0,12,1,1,101,422,365,0,0,0,0,0,25,1,0,-1,-1,-1,-1,0,0,0,0,0,0,-1,0,30,0,30,365,30,547,365,30,547,5,0,1,0,0,-1,608011156
1,5,-1,2,4,0,0,0,5,1,1,0,25,1,12,1,101,302,0,0,0,0,0,25,1,0,-1,-1,-1,-1,0,0,0,0,0,0,-1,0,0,-1,-1,-1,-1,0,0,0,0,0,0,-1,0,90,0,90,0,0,90,90,0,90,1,1,0,0,0,-1,608011156
1,5,-1,2,4,0,0,0,5,2,1,0,25,1,0,-1,-1,-1,0,0,0,0,0,-1,0,12,0,3,101,410,365,0,0,0,0,0,25,1,0,-1,-1,-1,-1,0,0,0,0,0,0,-1,0,0,0,0,365,0,365,365,365,547,4,0,0,0,0,-1,608011156
1,5,-1,2,4,0,0,0,5,2,1,0,25,1,11,1,101,-1,0,0,0,0,0,25,1,0,-1,-1,-1,-1,0,0,0,0,0,0,-1,0,0,-1,-1,-1,-1,0,0,0,0,0,0,-1,0,730,0,730,0,0,730,730,60,730,1,1,0,0,0,-1,608011156
1,5,-1,2,4,0,0,0,5,2,2,0,25,1,2,-1,-1,-1,0,0,0,0,0,-1,0,11,1,1,101,-1,365,0,0,0,0,0,25,1,0,-1,-1,-1,-1,0,0,0,0,0,0,-1,0,30,0,30,365,180,547,365,547,730,5,0,1,0,0,-1,608011156
1,5,-1,2,4,0,0,0,56,1,2,0,25,1,0,-1,-1,-1,0,0,0,0,0,-1,0,11,1,1,116,-1,180,0,0,0,0,0,25,1,0,-1,-1,-1,-1,0,0,0,0,0,0,-1,0,0,0,0,180,365,547,180,1094,1094,4,0,1,0,0,-1,608011156
1,5,-1,2,4,0,0,1,3,1,1,0,25,1,0,-1,-1,-1,0,0,0,0,0,-1,0,12,0,1,116,116,365,0,0,0,1,0,25,1,0,-1,-1,-1,-1,0,0,0,0,0,0,-1,0,0,0,0,365,0,365,365,365,547,4,0,0,0,0,-1,608011156
1,5,-1,2,4,0,0,1,5,1,2,0,25,1,12,1,336,434,0,0,0,1,0,25,1,0,-1,-1,-1,-1,0,0,0,0,0,0,-1,0,0,-1,-1,-1,-1,0,0,0,0,0,0,-1,0,30,0,30,0,0,30,30,30,30,1,1,0,0,0,-1,608011156
1,5,-1,2,4,0,0,2,3,1,3,0,25,1,2,-1,-1,-1,0,0,0,0,0,-1,0,12,2,1,101,410,60,0,0,0,2,1,25,1,0,-1,-1,-1,-1,0,0,0,0,0,0,-1,0,30,0,30,30,547,547,60,1095,1095,5,0,1,0,0,-1,608011156
1,5,-1,2,4,0,0,2,5,1,1,0,24,1,0,-1,-1,-1,0,0,0,0,0,-1,0,12,0,1,116,99,365,0,0,0,2,0,24,1,0,-1,-1,-1,-1,0,0,0,0,0,0,-1,0,0,0,0,365,0,365,365,365,547,4,0,0,0,0,-1,608011156
1,5,-1,2,5,1,1,0,5,2,1,0,25,0,0,-1,-1,-1,0,0,0,0,0,-1,0,12,2,1,116,410,60,0,1,1,0,0,25,0,0,-1,-1,-1,-1,0,0,0,0,0,0,-1,0,0,0,0,60,365,365,60,180,180,4,0,1,0,0,-1,608011156
1,5,-1,2,6,0,1,2,3,1,2,0,25,1,0,-1,-1,-1,0,0,0,0,0,-1,0,12,2,1,116,410,30,0,0,1,2,0,25,1,0,-1,-1,-1,-1,0,0,0,0,0,0,-1,0,0,0,0,30,365,365,30,365,365,4,0,1,0,0,-1,608011156
1,5,-1,2,9,0,0,0,23,2,1,0,25,1,0,-1,-1,-1,0,0,0,0,0,-1,0,12,1,3,99,431,60,0,0,0,0,0,25,1,0,-1,-1,-1,-1,0,0,0,0,0,0,-1,0,0,0,0,60,30,60,60,0,60,4,0,1,0,0,-1,608011156
1,5,-1,2,9,0,0,2,5,2,1,0,25,1,12,3,116,312,0,0,0,2,0,25,1,0,-1,-1,-1,-1,0,0,0,0,0,0,-1,0,0,-1,-1,-1,-1,0,0,0,0,0,0,-1,0,180,0,180,0,0,180,180,0,180,1,1,0,0,0,-1,608011156
1,5,-1,2,9,0,1,0,3,1,1,0,25,1,12,1,116,410,0,0,1,0,0,25,1,0,-1,-1,-1,-1,0,0,0,0,0,0,-1,0,0,-1,-1,-1,-1,0,0,0,0,0,0,-1,0,90,0,90,0,0,90,90,180,365,1,1,0,0,0,-1,608011156
1,5,-1,2,9,0,1,0,3,1,2,0,25,1,0,-1,-1,-1,0,0,0,0,0,-1,0,12,2,1,336,410,7,0,0,1,0,0,25,1,0,-1,-1,-1,-1,0,0,0,0,0,0,-1,0,0,0,0,7,365,365,7,0,7,4,0,1,0,0,-1,608011156
1,5,-1,2,9,0,1,0,3,2,1,0,25,1,12,1,116,420,0,0,1,0,0,25,1,0,-1,-1,-1,-1,0,0,0,0,0,0,-1,0,0,-1,-1,-1,-1,0,0,0,0,0,0,-1,0,180,0,180,0,0,180,180,7,180,1,1,0,0,0,-1,608011156
1,5,-1,2,9,0,1,1,5,2,1,0,25,1,0,-1,-1,-1,0,0,0,0,0,-1,0,12,2,1,431,422,7,0,0,1,1,0,25,1,0,-1,-1,-1,-1,0,0,0,0,0,0,-1,0,0,0,0,180,180,365,180,180,365,4,0,1,0,0,-1,608011156
1,5,-1,2,9,0,1,2,5,1,2,0,25,1,0,-1,-1,-1,0,0,0,0,0,-1,0,12,2,1,116,410,60,0,0,1,2,0,25,1,0,-1,-1,-1,-1,0,0,0,0,0,0,-1,0,0,0,0,60,1094,1094,60,180,180,4,0,1,0,0,-1,608011156
1,5,-1,2,9,0,1,2,13,2,1,0,25,1,0,-1,-1,-1,0,0,0,0,0,-1,0,11,2,1,336,-1,60,0,0,1,2,0,25,1,0,-1,-1,-1,-1,0,0,0,0,0,0,-1,0,0,0,0,60,547,547,60,0,60,4,0,1,0,0,-1,608011156
1,5,-1,2,9,0,1,2,235,3,1,0,25,0,0,-1,-1,-1,0,0,0,0,0,-1,0,12,0,3,116,99,180,0,0,1,2,0,25,0,0,-1,-1,-1,-1,0,0,0,0,0,0,-1,0,0,0,0,180,0,180,180,90,180,4,0,0,0,0,-1,608011156
1,5,-1,2,9,1,1,0,5,2,1,0,25,1,0,-1,-1,-1,0,0,0,0,0,-1,0,12,2,1,101,410,30,0,1,1,0,0,25,1,0,-1,-1,-1,-1,0,0,0,0,0,0,-1,0,0,0,0,30,180,365,30,30,60,4,0,1,0,0,-1,608011156
1,5,-1,2,9,1,1,1,5,1,2,0,25,1,0,-1,-1,-1,0,0,0,0,0,-1,0,12,2,1,118,410,30,0,1,1,1,0,25,1,0,-1,-1,-1,-1,0,0,0,0,0,0,-1,0,0,0,0,30,90,90,30,90,90,4,0,0,0,0,-1,608011156
1,5,-1,3,0,0,0,0,3,0,1,0,-1,0,0,-1,-1,-1,0,0,0,0,0,-1,0,12,0,1,116,423,180,0,0,0,0,0,-1,0,0,-1,-1,-1,-1,0,0,0,0,0,0,-1,0,0,0,0,180,0,180,180,180,365,4,0,0,0,0,-1,608011156
1,5,-1,3,0,0,0,0,3,0,1,0,-1,0,12,1,207,207,0,0,0,0,0,-1,0,0,-1,-1,-1,-1,0,0,0,0,0,0,-1,0,0,-1,-1,-1,-1,0,0,0,0,0,0,-1,0,0,90,90,0,0,90,90,0,90,2,1,0,0,0,-1,608011156
1,5,-1,3,0,0,0,0,5,0,1,0,-1,0,12,3,421,314,0,0,0,0,0,-1,0,0,-1,-1,-1,-1,0,0,0,0,0,0,-1,0,0,-1,-1,-1,-1,0,0,0,0,0,0,-1,0,60,0,60,0,0,60,60,0,60,1,1,0,0,0,-1,608011156
1,5,-1,3,0,0,0,0,235,0,1,0,-1,0,12,1,410,410,0,0,0,0,0,-1,0,0,-1,-1,-1,-1,0,0,0,0,0,0,-1,0,0,-1,-1,-1,-1,0,0,0,0,0,0,-1,0,60,0,60,0,0,60,60,0,60,1,1,0,0,0,-1,608011156
1,5,-1,3,0,0,0,1,5,0,1,0,-1,0,12,1,116,204,0,0,0,1,0,-1,0,0,-1,-1,-1,-1,0,0,0,0,0,0,-1,0,0,-1,-1,-1,-1,0,0,0,0,0,0,-1,0,60,0,60,0,0,60,60,180,365,1,1,0,0,0,-1,608011156
1,5,-1,3,0,0,0,2,36,0,1,0,-1,0,11,1,410,-1,0,0,0,2,0,-1,0,0,-1,-1,-1,-1,0,0,0,0,0,0,-1,0,0,-1,-1,-1,-1,0,0,0,0,0,0,-1,0,365,0,365,0,0,365,365,365,547,1,1,0,0,0,-1,608011156
1,5,-1,3,0,0,1,0,5,0,1,0,-1,0,12,1,116,99,0,0,1,0,0,-1,0,0,-1,-1,-1,-1,0,0,0,0,0,0,-1,0,0,-1,-1,-1,-1,0,0,0,0,0,0,-1,0,0,30,30,0,0,30,30,7,30,2,1,0,0,0,-1,608011156
1,5,-1,3,0,0,1,0,5,0,1,0,-1,0,12,1,335,206,0,0,1,0,0,-1,0,0,-1,-1,-1,-1,0,0,0,0,0,0,-1,0,0,-1,-1,-1,-1,0,0,0,0,0,0,-1,0,0,30,30,0,0,30,30,0,30,2,1,0,0,0,-1,608011156
1,5,-1,3,0,0,1,1,35,0,1,0,-1,0,2,-1,-1,-1,0,0,0,0,0,-1,0,12,2,1,336,422,7,0,0,1,1,0,-1,0,0,-1,-1,-1,-1,0,0,0,0,0,0,-1,0,60,0,60,0,365,365,60,0,60,5,0,1,0,0,-1,608011156
1,5,-1,3,1,0,1,0,5,0,1,0,-1,0,12,1,116,215,1,0,1,0,0,-1,0,0,-1,-1,-1,-1,0,0,0,0,0,0,-1,0,0,-1,-1,-1,-1,0,0,0,0,0,0,-1,0,0,60,60,0,0,60,60,0,60,2,1,0,0,0,-1,608011156
