PersonalID,episodeStart,episodeEnd,episodeDays,Step
"C10974",2026-05-09,2026-07-02,55,"5.9.2"
"C10977",2026-06-19,2026-09-30,104,"5.9.2"
"C10980",2024-08-08,2025-11-13,463,"5.9.2"
"C10983",2026-07-11,2026-07-23,13,"5.9.2"
"C10989",2024-01-03,2024-07-16,196,"5.9.2"
"C10989",2026-02-26,2026-05-12,76,"5.9.2"
"C10992",2022-12-17,2025-12-15,1095,"5.9.2"
"C11007",2026-06-13,2026-07-02,20,"5.9.2"
"C11013",2023-03-20,2025-09-04,900,"5.9.2"
"C11016",2026-02-23,2026-03-20,26,"5.9.2"
"C11028",2025-02-16,2025-02-24,9,"5.9.2"
"C11028",2025-10-06,2026-05-30,237,"5.9.2"
"C11031",2024-05-05,2025-01-02,243,"5.9.2"
"C11031",2025-01-15,2025-05-07,113,"5.9.2"
"C11031",2026-01-05,2026-06-16,163,"5.9.2"
"C11031",2026-06-26,2026-09-30,97,"5.9.2"
"C11034",2025-09-11,2025-10-20,40,"5.9.2"
"C11043",2023-10-01,2024-02-02,125,"5.9.2"
"C11043",2024-02-15,2024-02-17,3,"5.9.2"
"C11043",2024-02-26,2024-02-27,2,"5.9.2"
"C11043",2025-02-17,2025-05-15,88,"5.9.2"
"C11043",2025-07-23,2025-07-24,2,"5.9.2"
"C11046",2024-05-10,2024-07-14,66,"5.9.2"
"C11046",2025-10-10,2025-11-19,41,"5.9.2"
"C11058",2026-04-29,2026-05-13,15,"5.9.2"
"C11061",2026-04-06,2026-09-30,178,"5.9.2"
"C11070",2025-11-27,2026-01-23,58,"5.9.2"
"C11082",2026-06-24,2026-09-30,99,"5.9.2"
"C11103",2026-04-10,2026-07-05,87,"5.9.2"
"C11127",2023-03-07,2023-04-19,44,"5.9.2"
"C11127",2023-09-06,2025-08-03,698,"5.9.2"
"C11133",2026-04-10,2026-05-01,22,"5.9.2"
"C11139",2023-11-06,2023-12-18,43,"5.9.2"
"C11139",2026-02-03,2026-05-17,104,"5.9.2"
"C11139",2026-05-27,2026-06-11,16,"5.9.2"
"C11145",2025-08-09,2025-10-20,73,"5.9.2"
"C11148",2025-10-04,2025-10-20,17,"5.9.2"
"C11154",2023-12-23,2026-09-30,1013,"5.9.2"
"C11163",2025-02-06,2025-03-16,39,"5.9.2"
"C11163",2025-11-11,2025-11-24,14,"5.9.2"
"C11166",2026-06-27,2026-07-29,33,"5.9.2"
"C11172",2023-04-21,2025-03-01,681,"5.9.2"
"C11172",2026-04-19,2026-04-19,1,"5.9.2"
"C11196",2023-10-01,2025-01-07,465,"5.9.2"
"C11202",2026-03-12,2026-03-12,1,"5.9.2"
"C11202",2026-03-25,2026-04-10,17,"5.9.2"
"C11202",2026-04-22,2026-05-12,21,"5.9.2"
"C11202",2026-05-20,2026-05-30,11,"5.9.2"
"C11202",2026-06-14,2026-06-25,12,"5.9.2"
"C11202",2026-07-09,2026-07-30,22,"5.9.2"
"C11205",2025-05-18,2025-09-24,130,"5.9.2"
"C11205",2025-10-14,2025-10-30,17,"5.9.2"
"C11208",2025-04-13,2025-06-01,50,"5.9.2"
"C11211",2026-06-14,2026-09-30,109,"5.9.2"
"C11214",2024-02-08,2024-02-11,4,"5.9.2"
"C11214",2025-10-26,2026-02-08,106,"5.9.2"
"C11220",2026-01-10,2026-03-13,63,"5.9.2"
"C11223",2026-06-03,2026-07-12,40,"5.9.2"
"C11223",2026-07-21,2026-08-02,13,"5.9.2"
"C11226",2025-10-24,2025-12-26,64,"5.9.2"
"C11229",2025-11-07,2025-12-24,48,"5.9.2"
"C11232",2025-11-29,2025-12-30,32,"5.9.2"
"C11238",2026-05-18,2026-06-18,32,"5.9.2"
"C11247",2026-01-13,2026-06-01,140,"5.9.2"
"C11250",2026-02-02,2026-02-21,20,"5.9.2"
"C11253",2024-10-29,2024-12-19,52,"5.9.2"
"C11253",2025-05-27,2026-04-08,317,"5.9.2"
"C11259",2025-10-18,2026-04-09,174,"5.9.2"
"C11262",2025-12-01,2025-12-14,14,"5.9.2"
"C11268",2024-06-17,2024-07-31,45,"5.9.2"
"C11268",2025-11-08,2025-11-27,20,"5.9.2"
"C11289",2025-07-05,2026-09-30,453,"5.9.2"
"C11292",2023-11-24,2024-02-23,92,"5.9.2"
"C11292",2024-12-03,2025-02-19,79,"5.9.2"
"C11292",2025-04-17,2025-05-18,32,"5.9.2"
"C11292",2025-10-07,2025-10-29,23,"5.9.2"
"C11295",2025-11-15,2026-01-05,52,"5.9.2"
"C11313",2024-12-14,2025-01-03,21,"5.9.2"
"C11313",2026-05-18,2026-06-24,38,"5.9.2"
"C11319",2026-03-04,2026-03-20,17,"5.9.2"
"C11328",2025-08-06,2026-01-20,168,"5.9.2"
"C11331",2026-05-21,2026-09-30,133,"5.9.2"
"C11349",2026-02-09,2026-03-14,34,"5.9.2"
"C11370",2026-07-11,2026-09-30,82,"5.9.2"
"C11379",2026-04-17,2026-06-26,71,"5.9.2"
"C11385",2026-06-05,2026-09-30,118,"5.9.2"
"C11403",2024-10-14,2025-06-03,233,"5.9.2"
"C11403",2025-06-29,2026-09-30,459,"5.9.2"
"C11406",2026-04-10,2026-05-05,26,"5.9.2"
"C11412",2025-11-29,2026-01-13,46,"5.9.2"
"C11412",2026-02-13,2026-02-26,14,"5.9.2"
"C11424",2026-02-12,2026-03-21,38,"5.9.2"
"C11433",2023-01-06,2026-01-04,1095,"5.9.2"
"C11451",2026-03-20,2026-04-09,21,"5.9.2"
"C11457",2026-07-04,2026-09-30,89,"5.9.2"
"C11460",2026-05-21,2026-06-14,25,"5.9.2"
"C11466",2026-05-21,2026-06-14,25,"5.9.2"
"C11472",2023-01-09,2026-01-07,1095,"5.9.2"
"C11478",2024-04-07,2024-04-25,19,"5.9.2"
"C11478",2025-11-08,2025-12-02,25,"5.9.2"
"C11484",2025-10-12,2025-10-25,14,"5.9.2"
"C11487",2023-05-14,2026-05-12,1095,"5.9.2"
"C11496",2025-12-20,2026-01-24,36,"5.9.2"
"C11499",2026-06-09,2026-09-30,114,"5.9.2"
"C11505",2026-06-26,2026-07-10,15,"5.9.2"
"C11508",2026-02-05,2026-02-17,13,"5.9.2"
"C11517",2025-03-22,2025-04-05,15,"5.9.2"
"C11517",2025-06-26,2025-08-06,42,"5.9.2"
"C11517",2025-10-12,2025-12-10,60,"5.9.2"
"C11517",2026-02-20,2026-03-19,28,"5.9.2"
"C11520",2026-07-25,2026-09-30,68,"5.9.2"
"C11523",2026-07-20,2026-09-30,73,"5.9.2"
"C11529",2025-03-23,2026-07-17,482,"5.9.2"
"C11532",2025-03-23,2026-07-17,482,"5.9.2"
"C11535",2026-07-17,2026-09-30,76,"5.9.2"
"C11538",2023-09-07,2023-09-26,20,"5.9.2"
"C11538",2023-11-17,2023-12-19,33,"5.9.2"
"C11538",2025-03-14,2025-04-05,23,"5.9.2"
"C11538",2025-10-09,2025-11-26,49,"5.9.2"
"C11544",2026-06-26,2026-07-14,19,"5.9.2"
"C11547",2025-11-18,2025-12-27,40,"5.9.2"
"C11547",2026-05-11,2026-05-31,21,"5.9.2"
"C11559",2023-11-25,2024-01-03,40,"5.9.2"
"C11559",2024-08-20,2024-10-16,58,"5.9.2"
"C11559",2025-05-24,2025-07-23,61,"5.9.2"
"C11559",2025-10-16,2025-12-22,68,"5.9.2"
"C11562",2026-07-10,2026-09-30,83,"5.9.2"
"C11568",2026-01-03,2026-01-20,18,"5.9.2"
"C11571",2026-06-01,2026-09-30,122,"5.9.2"
"C11574",2026-03-05,2026-05-03,60,"5.9.2"
"C11577",2026-03-17,2026-06-04,80,"5.9.2"
"C11583",2023-04-10,2024-03-16,342,"5.9.2"
"C11583",2024-06-05,2026-01-21,596,"5.9.2"
"C11583",2026-03-20,2026-04-08,20,"5.9.2"
"C11589",2025-09-25,2025-10-16,22,"5.9.2"
"C11607",2026-06-22,2026-09-30,101,"5.9.2"
"C11610",2025-09-12,2025-10-06,25,"5.9.2"
"C11613",2025-09-30,2025-10-18,19,"5.9.2"
"C11619",2025-11-15,2025-12-05,21,"5.9.2"
"C11619",2026-05-26,2026-09-30,128,"5.9.2"
"C11622",2023-03-04,2026-01-10,1044,"5.9.2"
"C11637",2026-07-17,2026-09-30,76,"5.9.2"
"C11646",2025-12-21,2026-04-28,129,"5.9.2"
"C11655",2024-01-05,2024-01-30,26,"5.9.2"
"C11655",2024-06-08,2024-06-28,21,"5.9.2"
"C11655",2026-07-25,2026-09-30,68,"5.9.2"
"C11661",2025-12-17,2026-01-21,36,"5.9.2"
"C11661",2026-02-06,2026-02-28,23,"5.9.2"
"C11664",2023-02-15,2024-06-12,484,"5.9.2"
"C11664",2026-01-26,2026-02-13,19,"5.9.2"
"C11673",2025-11-07,2026-01-09,64,"5.9.2"
"C11676",2026-06-21,2026-07-16,26,"5.9.2"
"C11685",2025-10-11,2025-11-17,38,"5.9.2"
"C11691",2025-08-04,2025-10-17,75,"5.9.2"
"C11697",2025-10-02,2025-11-11,41,"5.9.2"
"C11703",2023-10-01,2023-10-04,4,"5.9.2"
"C11712",2025-10-10,2026-04-19,192,"5.9.2"
"C11724",2023-10-18,2023-10-31,14,"5.9.2"
"C11724",2026-04-05,2026-04-17,13,"5.9.2"
"C11730",2025-11-30,2025-12-26,27,"5.9.2"
"C11736",2024-10-26,2025-08-16,295,"5.9.2"
"C11751",2025-09-03,2025-10-22,50,"5.9.2"
"C11754",2023-08-01,2025-09-14,776,"5.9.2"
"C11760",2025-11-29,2025-12-13,15,"5.9.2"
"C11760",2026-01-24,2026-02-07,15,"5.9.2"
"C11763",2025-09-02,2025-10-09,38,"5.9.2"
"C11763",2026-07-26,2026-09-30,67,"5.9.2"
"C11766",2026-03-23,2026-05-02,41,"5.9.2"
"C11769",2026-07-20,2026-09-30,73,"5.9.2"
"C11775",2025-12-05,2026-01-03,30,"5.9.2"
"C11778",2025-11-12,2026-02-02,83,"5.9.2"
"C11781",2022-10-08,2025-04-03,909,"5.9.2"
"C11781",2025-09-08,2025-10-06,29,"5.9.2"
"C11787",2023-07-06,2023-12-14,162,"5.9.2"
"C11787",2024-03-05,2025-11-17,623,"5.9.2"
"C11787",2026-06-12,2026-07-04,23,"5.9.2"
"C11790",2026-07-13,2026-08-03,22,"5.9.2"
"C11796",2023-07-19,2023-12-16,151,"5.9.2"
"C11796",2024-12-09,2024-12-21,13,"5.9.2"
"C11796",2025-05-25,2025-10-29,158,"5.9.2"
"C11802",2023-09-26,2023-10-13,18,"5.9.2"
"C11802",2023-12-23,2024-01-11,20,"5.9.2"
"C11802",2026-05-15,2026-06-02,19,"5.9.2"
"C11805",2025-11-10,2026-01-03,55,"5.9.2"
"C11811",2026-04-08,2026-06-15,69,"5.9.2"
"C11814",2025-05-12,2025-07-25,75,"5.9.2"
"C11814",2026-07-20,2026-09-30,73,"5.9.2"
"C11817",2022-12-26,2025-12-24,1095,"5.9.2"
"C11820",2025-11-06,2026-01-15,71,"5.9.2"
"C11820",2026-04-04,2026-05-17,44,"5.9.2"
"C11826",2025-09-03,2025-10-24,52,"5.9.2"
"C11835",2025-09-26,2025-12-15,81,"5.9.2"
"C11841",2026-05-05,2026-08-04,92,"5.9.2"
"C11844",2025-10-19,2025-12-01,44,"5.9.2"
"C11847",2025-11-15,2025-12-30,46,"5.9.2"
"C11859",2026-04-18,2026-05-08,21,"5.9.2"
"C11865",2026-02-20,2026-04-07,47,"5.9.2"
"C11868",2025-11-08,2026-05-21,195,"5.9.2"
"C11871",2023-06-11,2025-09-20,833,"5.9.2"
"C11871",2026-05-24,2026-06-09,17,"5.9.2"
"C11874",2026-06-14,2026-09-30,109,"5.9.2"
"C11877",2025-11-10,2026-02-10,93,"5.9.2"
"C11880",2024-05-19,2024-06-05,18,"5.9.2"
"C11880",2024-09-08,2024-10-01,24,"5.9.2"
"C11880",2025-07-28,2025-12-14,140,"5.9.2"
"C11880",2026-07-04,2026-09-30,89,"5.9.2"
"C11886",2026-07-12,2026-07-16,5,"5.9.2"
"C11892",2026-02-14,2026-03-07,22,"5.9.2"
"C11901",2026-04-10,2026-06-17,69,"5.9.2"
"C11910",2025-11-14,2026-01-22,70,"5.9.2"
"C11937",2025-12-12,2026-01-31,51,"5.9.2"
"C11940",2025-11-01,2025-11-15,15,"5.9.2"
"C11946",2024-08-05,2026-09-30,787,"5.9.2"
"C11949",2025-12-07,2025-12-24,18,"5.9.2"
"C11952",2026-02-03,2026-06-05,123,"5.9.2"
"C11961",2025-07-05,2025-10-25,113,"5.9.2"
"C11973",2022-12-22,2025-12-20,1095,"5.9.2"
"C11976",2026-03-24,2026-04-11,19,"5.9.2"
"C11982",2025-10-25,2025-10-25,1,"5.9.2"
"C11982",2025-11-05,2025-11-05,1,"5.9.2"
"C11982",2025-11-13,2025-11-13,1,"5.9.2"
"C11994",2023-11-25,2023-12-13,19,"5.9.2"
"C11994",2026-03-07,2026-06-18,104,"5.9.2"
"C12000",2026-03-30,2026-04-16,18,"5.9.2"
"C12009",2026-05-22,2026-06-05,15,"5.9.2"
"C12012",2026-01-07,2026-09-30,267,"5.9.2"
"C12018",2024-07-21,2026-02-14,574,"5.9.2"
"C12024",2026-02-13,2026-06-02,110,"5.9.2"
"C12027",2025-11-09,2025-11-23,15,"5.9.2"
"C12027",2025-12-15,2025-12-28,14,"5.9.2"
"C12042",2026-05-27,2026-07-07,42,"5.9.2"
"C12048",2025-12-08,2026-09-30,297,"5.9.2"
"C12051",2025-08-25,2026-01-17,146,"5.9.2"
"C12054",2025-11-03,2025-11-23,21,"5.9.2"
"C12066",2022-12-20,2025-08-03,958,"5.9.2"
"C12066",2025-09-11,2025-12-18,99,"5.9.2"
"C12069",2023-12-07,2024-01-03,28,"5.9.2"
"C12069",2026-03-13,2026-03-31,19,"5.9.2"
"C12078",2024-11-05,2026-02-10,463,"5.9.2"
"C12087",2025-12-20,2026-01-23,35,"5.9.2"
"C12090",2026-04-27,2026-09-30,157,"5.9.2"
"C12096",2025-07-13,2025-12-06,147,"5.9.2"
"C12099",2023-03-09,2025-11-19,987,"5.9.2"
"C12132",2025-03-31,2025-05-18,49,"5.9.2"
"C12132",2025-11-08,2025-12-04,27,"5.9.2"
"C12132",2025-12-13,2026-01-16,35,"5.9.2"
"C12138",2025-03-08,2025-03-25,18,"5.9.2"
"C12138",2025-07-14,2025-08-28,46,"5.9.2"
"C12138",2026-01-08,2026-01-20,13,"5.9.2"
"C12141",2024-02-22,2024-03-08,16,"5.9.2"
"C12141",2026-03-15,2026-03-29,15,"5.9.2"
"C12144",2026-05-19,2026-07-19,62,"5.9.2"
"C12147",2022-12-13,2025-12-11,1095,"5.9.2"
"C12150",2026-06-02,2026-07-01,30,"5.9.2"
"C12156",2026-03-20,2026-09-30,195,"5.9.2"
"C12159",2024-07-27,2024-08-08,13,"5.9.2"
"C12159",2026-02-28,2026-03-21,22,"5.9.2"
"C12159",2026-04-15,2026-04-25,11,"5.9.2"
"C12162",2025-01-04,2026-06-05,518,"5.9.2"
"C12165",2025-11-21,2026-07-05,227,"5.9.2"
"C12168",2025-11-21,2026-07-05,227,"5.9.2"
"C12174",2023-03-18,2023-09-17,184,"5.9.2"
"C12174",2025-10-29,2025-11-19,22,"5.9.2"
"C12195",2024-09-16,2024-11-25,71,"5.9.2"
"C12195",2026-05-26,2026-06-18,24,"5.9.2"
"C12195",2026-06-26,2026-08-03,39,"5.9.2"
"C12198",2023-10-20,2023-12-01,43,"5.9.2"
"C12198",2024-06-19,2024-10-29,133,"5.9.2"
"C12198",2025-09-13,2025-10-30,48,"5.9.2"
"C12219",2025-09-26,2025-10-15,20,"5.9.2"
"C12228",2025-03-04,2026-07-09,493,"5.9.2"
"C12237",2026-01-26,2026-03-15,49,"5.9.2"
"C12252",2025-11-28,2025-12-15,18,"5.9.2"
"C12255",2026-03-17,2026-03-29,13,"5.9.2"
"C12261",2026-02-16,2026-03-08,21,"5.9.2"
"C12273",2026-03-29,2026-09-30,186,"5.9.2"
"C12276",2026-01-30,2026-09-30,244,"5.9.2"
"C12291",2025-06-30,2026-09-30,458,"5.9.2"
"C12294",2023-10-01,2025-11-14,776,"5.9.2"
"C12303",2025-10-21,2025-11-24,35,"5.9.2"
"C12306",2025-10-16,2025-12-19,65,"5.9.2"
"C12309",2023-02-16,2024-03-01,380,"5.9.2"
"C12312",2025-01-17,2025-09-03,230,"5.9.2"
"C12321",2023-10-01,2025-01-16,474,"5.9.2"
"C12321",2025-05-18,2026-07-05,414,"5.9.2"
"C12324",2026-04-03,2026-09-30,181,"5.9.2"
"C12333",2025-08-30,2025-09-18,20,"5.9.2"
"C12333",2025-11-11,2025-12-06,26,"5.9.2"
"C12336",2025-08-04,2025-12-14,133,"5.9.2"
"C12348",2024-12-26,2025-02-15,52,"5.9.2"
"C12348",2025-12-01,2025-12-15,15,"5.9.2"
"C12351",2026-05-29,2026-07-11,44,"5.9.2"
"C12369",2024-02-01,2024-03-21,50,"5.9.2"
"C12369",2024-04-09,2024-05-10,32,"5.9.2"
"C12369",2026-05-05,2026-09-30,149,"5.9.2"
"C12375",2026-06-30,2026-09-30,93,"5.9.2"
"C12390",2023-10-01,2024-01-20,112,"5.9.2"
"C12390",2025-06-19,2025-06-20,2,"5.9.2"
"C12396",2023-07-12,2023-10-29,110,"5.9.2"
"C12396",2025-11-30,2026-01-18,50,"5.9.2"
"C12396",2026-02-03,2026-02-28,26,"5.9.2"
"C12399",2024-10-20,2026-03-06,503,"5.9.2"
"C12402",2024-03-05,2025-06-12,465,"5.9.2"
"C12405",2026-07-14,2026-09-30,79,"5.9.2"
"C12408",2026-06-14,2026-09-30,109,"5.9.2"
"C12411",2026-01-16,2026-02-07,23,"5.9.2"
"C12414",2024-07-02,2026-03-09,616,"5.9.2"
"C12417",2024-02-10,2024-04-01,52,"5.9.2"
"C12420",2023-10-01,2025-01-26,484,"5.9.2"
"C12420",2025-11-04,2026-05-23,201,"5.9.2"
"C12423",2026-06-22,2026-09-30,101,"5.9.2"
"C12429",2025-07-13,2025-10-08,88,"5.9.2"
"C12432",2025-10-18,2025-11-28,42,"5.9.2"
"C12435",2026-03-05,2026-09-30,210,"5.9.2"
"C12453",2023-09-25,2026-06-20,1000,"5.9.2"
"C12459",2025-03-24,2025-04-26,34,"5.9.2"
"C12459",2025-09-19,2025-10-09,21,"5.9.2"
"C12462",2026-02-22,2026-03-14,21,"5.9.2"
"C12465",2023-10-01,2023-12-15,76,"5.9.2"
"C12465",2024-07-06,2026-02-06,581,"5.9.2"
"C12468",2026-05-09,2026-09-30,145,"5.9.2"
"C12474",2025-02-14,2026-02-21,373,"5.9.2"
"C12477",2023-10-01,2024-03-11,163,"5.9.2"
"C12477",2025-12-11,2026-09-30,294,"5.9.2"
"C12480",2026-01-17,2026-05-14,118,"5.9.2"
"C12489",2026-06-18,2026-08-03,47,"5.9.2"
"C12495",2025-11-18,2026-01-14,58,"5.9.2"
"C12513",2026-01-10,2026-01-30,21,"5.9.2"
"C12528",2025-01-03,2025-12-04,336,"5.9.2"
"C12537",2023-06-19,2023-09-27,101,"5.9.2"
"C12537",2025-01-03,2025-10-01,272,"5.9.2"
"C12543",2026-06-26,2026-07-11,16,"5.9.2"
"C12555",2025-08-29,2026-03-19,203,"5.9.2"
"C12564",2026-02-23,2026-03-28,34,"5.9.2"
"C12567",2025-05-18,2025-06-26,40,"5.9.2"
"C12576",2024-04-24,2024-05-08,15,"5.9.2"
"C12576",2024-05-17,2024-05-17,1,"5.9.2"
"C12576",2026-03-04,2026-04-08,36,"5.9.2"
"C12576",2026-04-16,2026-05-04,19,"5.9.2"
"C12576",2026-05-14,2026-05-17,4,"5.9.2"
"C12594",2025-08-25,2025-11-24,92,"5.9.2"
"C12600",2026-02-16,2026-03-13,26,"5.9.2"
"C12606",2023-07-05,2026-05-06,1037,"5.9.2"
"C12621",2026-03-27,2026-04-08,13,"5.9.2"
"C12624",2023-10-01,2026-09-30,1096,"5.9.2"
"C12633",2024-05-05,2026-01-15,621,"5.9.2"
"C12642",2026-04-17,2026-05-11,25,"5.9.2"
"C12651",2023-08-15,2025-07-05,691,"5.9.2"
"C12669",2025-11-13,2026-09-30,322,"5.9.2"
"C12672",2025-11-08,2025-12-08,31,"5.9.2"
"C12675",2026-06-11,2026-07-04,24,"5.9.2"
"C12687",2025-04-18,2025-10-02,168,"5.9.2"
"C12693",2025-06-04,2025-08-11,69,"5.9.2"
"C12699",2025-01-03,2025-12-02,334,"5.9.2"
"C12702",2024-08-20,2024-09-03,15,"5.9.2"
"C12702",2025-05-04,2025-10-19,169,"5.9.2"
"C12708",2025-10-31,2026-03-05,126,"5.9.2"
"C12714",2025-01-20,2025-06-21,153,"5.9.2"
"C12720",2025-03-18,2026-04-16,395,"5.9.2"
"C12723",2022-12-19,2024-06-16,546,"5.9.2"
"C12723",2025-02-21,2025-03-06,14,"5.9.2"
"C12723",2025-06-25,2025-07-15,21,"5.9.2"
"C12723",2025-11-10,2025-12-17,38,"5.9.2"
"C12729",2026-03-31,2026-04-14,15,"5.9.2"
"C12735",2025-10-12,2025-10-24,13,"5.9.2"
"C12738",2023-10-01,2024-12-16,443,"5.9.2"
"C12738",2025-10-17,2025-10-18,2,"5.9.2"
"C12747",2023-11-04,2026-03-07,855,"5.9.2"
"C12750",2026-04-11,2026-05-21,41,"5.9.2"
"C12753",2024-07-06,2024-09-19,76,"5.9.2"
"C12762",2026-05-06,2026-05-30,25,"5.9.2"
"C12765",2026-02-03,2026-09-30,240,"5.9.2"
"C12777",2023-10-01,2024-10-02,368,"5.9.2"
"C12777",2025-01-29,2026-06-27,515,"5.9.2"
"C12780",2026-01-01,2026-05-06,126,"5.9.2"
"C12783",2025-11-15,2025-11-28,14,"5.9.2"
"C12786",2023-10-01,2026-05-11,954,"5.9.2"
"C12792",2024-10-04,2025-04-09,188,"5.9.2"
"C12792",2026-04-15,2026-04-16,2,"5.9.2"
"C12795",2025-08-18,2026-02-08,175,"5.9.2"
"C12798",2022-11-24,2024-01-14,417,"5.9.2"
"C12798",2025-03-04,2025-11-22,264,"5.9.2"
"C12804",2026-05-22,2026-06-05,15,"5.9.2"
"C12807",2026-01-14,2026-02-02,20,"5.9.2"
"C12813",2025-07-04,2025-11-06,126,"5.9.2"
"C12816",2025-07-04,2025-11-06,126,"5.9.2"
"C12819",2024-10-05,2026-04-09,552,"5.9.2"
"C12843",2026-05-28,2026-07-23,57,"5.9.2"
"C12852",2025-10-16,2025-12-19,65,"5.9.2"
"C12852",2026-07-09,2026-09-30,84,"5.9.2"
"C12855",2025-10-16,2025-11-23,39,"5.9.2"
"C12858",2023-09-30,2024-02-09,133,"5.9.2"
"C12858",2025-05-12,2025-05-27,16,"5.9.2"
"C12858",2025-06-12,2026-05-21,344,"5.9.2"
"C12861",2024-10-27,2025-01-03,69,"5.9.2"
"C12867",2026-01-01,2026-01-14,14,"5.9.2"
"C12879",2026-06-27,2026-09-30,96,"5.9.2"
"C12882",2024-11-19,2026-09-30,681,"5.9.2"
"C12888",2025-06-01,2026-06-18,383,"5.9.2"
"C12903",2025-07-25,2025-10-03,71,"5.9.2"
"C12906",2025-07-25,2025-10-03,71,"5.9.2"
"C12915",2025-02-03,2026-03-28,419,"5.9.2"
"C12921",2025-04-03,2026-01-14,287,"5.9.2"
"C12930",2024-08-05,2024-09-17,44,"5.9.2"
"C12930",2025-01-09,2026-03-07,423,"5.9.2"
"C12933",2025-11-02,2026-03-07,126,"5.9.2"
"C12936",2023-04-27,2026-04-25,1095,"5.9.2"
"C12945",2025-11-24,2026-01-02,40,"5.9.2"
"C12951",2026-02-07,2026-04-30,83,"5.9.2"
"C12969",2026-01-25,2026-02-07,14,"5.9.2"
"C12978",2025-08-18,2026-05-20,276,"5.9.2"
"C12981",2023-10-01,2026-09-30,1096,"5.9.2"
"C12984",2025-07-11,2025-08-03,24,"5.9.2"
"C12993",2024-05-04,2024-06-11,39,"5.9.2"
"C12993",2025-01-10,2025-02-08,30,"5.9.2"
"C12993",2025-05-05,2025-05-28,24,"5.9.2"
"C12993",2025-10-04,2025-12-15,73,"5.9.2"
"C13002",2025-01-03,2025-12-24,356,"5.9.2"
"C13005",2023-01-16,2025-12-19,1069,"5.9.2"
"C13008",2026-06-05,2026-09-30,118,"5.9.2"
"C13011",2023-10-01,2024-08-30,335,"5.9.2"
"C13011",2025-11-02,2026-09-30,333,"5.9.2"
"C13014",2025-07-04,2025-07-18,15,"5.9.2"
"C13017",2025-07-04,2025-07-18,15,"5.9.2"
"C13035",2025-06-04,2026-01-10,221,"5.9.2"
"C13038",2025-07-05,2026-07-06,367,"5.9.2"
"C13044",2025-07-19,2025-09-10,54,"5.9.2"
"C13050",2026-05-16,2026-09-30,138,"5.9.2"
"C13062",2024-08-24,2026-02-19,545,"5.9.2"
"C13065",2024-06-11,2024-07-14,34,"5.9.2"
"C13065",2025-12-13,2025-12-28,16,"5.9.2"
"C13065",2026-03-15,2026-04-15,32,"5.9.2"
"C13068",2024-06-14,2024-09-05,84,"5.9.2"
"C13083",2025-10-18,2026-02-23,129,"5.9.2"
"C13086",2025-03-04,2026-04-22,415,"5.9.2"
"C13107",2023-02-28,2024-07-15,504,"5.9.2"
"C13107",2025-12-05,2026-02-26,84,"5.9.2"
"C13122",2026-06-22,2026-09-30,101,"5.9.2"
"C13134",2023-12-12,2024-01-29,49,"5.9.2"
"C13134",2024-08-05,2025-01-31,180,"5.9.2"
"C13134",2025-11-15,2026-04-20,157,"5.9.2"
"C13137",2026-04-23,2026-05-06,14,"5.9.2"
"C13143",2023-12-14,2024-04-11,120,"5.9.2"
"C13143",2024-10-02,2026-07-13,650,"5.9.2"
"C13146",2026-04-21,2026-09-30,163,"5.9.2"
"C13149",2026-06-15,2026-07-22,38,"5.9.2"
"C13155",2025-11-01,2025-11-19,19,"5.9.2"
"C13158",2025-05-18,2025-12-25,222,"5.9.2"
"C13164",2023-10-01,2025-11-02,764,"5.9.2"
"C13170",2025-04-19,2026-06-10,418,"5.9.2"
"C13170",2026-06-18,2026-06-23,6,"5.9.2"
"C13176",2023-10-01,2024-12-19,446,"5.9.2"
"C13176",2025-02-26,2026-04-26,425,"5.9.2"
"C13179",2023-05-28,2023-09-21,117,"5.9.2"
"C13179",2026-01-12,2026-01-24,13,"5.9.2"
"C13191",2026-05-25,2026-07-18,55,"5.9.2"
"C13194",2024-07-19,2024-09-04,48,"5.9.2"
"C13194",2025-09-24,2026-04-23,212,"5.9.2"
"C13200",2025-09-04,2026-04-23,232,"5.9.2"
"C13206",2025-07-24,2025-11-13,113,"5.9.2"
"C13206",2025-11-28,2026-02-07,72,"5.9.2"
"C13209",2023-03-08,2024-02-14,344,"5.9.2"
"C13209",2025-09-10,2026-02-13,157,"5.9.2"
"C13224",2025-06-26,2026-09-30,462,"5.9.2"
"C13227",2026-02-14,2026-02-27,14,"5.9.2"
"C13245",2026-05-23,2026-06-27,36,"5.9.2"
"C13248",2026-03-09,2026-05-09,62,"5.9.2"
"C13248",2026-05-26,2026-05-31,6,"5.9.2"
"C13251",2026-04-21,2026-04-21,1,"5.9.2"
"C13251",2026-05-03,2026-05-03,1,"5.9.2"
"C13251",2026-05-15,2026-05-22,8,"5.9.2"
"C13251",2026-06-01,2026-06-01,1,"5.9.2"
"C13257",2023-10-29,2024-02-02,97,"5.9.2"
"C13257",2025-03-08,2025-03-09,2,"5.9.2"
"C13260",2024-05-04,2024-08-16,105,"5.9.2"
"C13260",2025-06-04,2025-08-10,68,"5.9.2"
"C13263",2023-10-01,2024-06-01,245,"5.9.2"
"C13263",2026-07-05,2026-09-30,88,"5.9.2"
"C13272",2025-08-07,2026-09-30,420,"5.9.2"
"C13278",2026-04-05,2026-09-30,179,"5.9.2"
"C13287",2024-11-05,2025-09-29,329,"5.9.2"
"C13287",2026-05-24,2026-06-06,14,"5.9.2"
"C13290",2023-02-09,2025-10-16,981,"5.9.2"
"C13293",2023-10-01,2026-07-02,1006,"5.9.2"
"C13296",2024-08-02,2024-09-26,56,"5.9.2"
"C13296",2026-04-14,2026-07-03,81,"5.9.2"
"C13299",2023-10-04,2026-03-03,882,"5.9.2"
"C13305",2023-02-05,2025-10-23,992,"5.9.2"
"C13323",2023-01-17,2026-01-15,1095,"5.9.2"
"C13338",2025-12-22,2026-01-31,41,"5.9.2"
"C13341",2023-11-18,2023-12-21,34,"5.9.2"
"C13341",2025-10-12,2025-11-23,43,"5.9.2"
"C13353",2026-03-25,2026-09-30,190,"5.9.2"
"C13362",2024-06-14,2024-09-15,94,"5.9.2"
"C13362",2025-12-18,2026-04-12,116,"5.9.2"
"C13383",2023-05-09,2025-09-07,853,"5.9.2"
"C13386",2025-12-04,2025-12-19,16,"5.9.2"
"C13389",2023-10-01,2026-09-30,1096,"5.9.2"
"C13392",2025-05-23,2026-09-30,496,"5.9.2"
"C13395",2023-10-01,2026-09-30,1096,"5.9.2"
"C13398",2025-05-04,2025-08-27,116,"5.9.2"
"C13404",2026-04-10,2026-06-02,54,"5.9.2"
"C13413",2025-10-16,2025-11-02,18,"5.9.2"
"C13416",2025-03-18,2026-08-01,502,"5.9.2"
"C13422",2023-10-01,2026-06-04,978,"5.9.2"
"C13425",2023-06-04,2024-09-04,459,"5.9.2"
"C13425",2026-02-23,2026-03-20,26,"5.9.2"
"C13431",2026-05-05,2026-09-30,149,"5.9.2"
"C13434",2024-08-24,2025-06-05,286,"5.9.2"
"C13437",2026-06-22,2026-09-30,101,"5.9.2"
"C13443",2024-10-11,2025-02-05,118,"5.9.2"
"C13443",2025-11-04,2026-01-25,83,"5.9.2"
"C13455",2025-05-04,2025-11-21,202,"5.9.2"
"C13467",2025-12-06,2025-12-28,23,"5.9.2"
"C13482",2026-07-04,2026-07-18,15,"5.9.2"
"C13503",2026-02-02,2026-03-14,41,"5.9.2"
"C13506",2025-06-04,2026-09-30,484,"5.9.2"
"C13542",2025-10-02,2025-10-19,18,"5.9.2"
"C13545",2023-10-01,2026-09-30,1096,"5.9.2"
"C13554",2025-01-17,2026-01-26,375,"5.9.2"
"C13557",2025-11-30,2026-09-30,305,"5.9.2"
"C13563",2024-09-05,2026-01-21,504,"5.9.2"
"C13563",2026-04-01,2026-04-22,22,"5.9.2"
"C13563",2026-05-07,2026-05-23,17,"5.9.2"
"C13566",2025-08-09,2025-09-21,44,"5.9.2"
"C13578",2024-02-15,2024-05-07,83,"5.9.2"
"C13578",2025-02-03,2026-05-16,468,"5.9.2"
"C13578",2026-06-10,2026-06-21,12,"5.9.2"
"C13581",2023-12-30,2024-02-14,47,"5.9.2"
"C13581",2024-04-04,2024-04-30,27,"5.9.2"
"C13581",2024-11-29,2026-01-24,422,"5.9.2"
"C13596",2024-04-01,2024-04-10,10,"5.9.2"
"C13596",2026-04-09,2026-04-10,2,"5.9.2"
"C13596",2026-07-13,2026-08-02,21,"5.9.2"
"C13599",2025-06-26,2025-07-20,25,"5.9.2"
"C13626",2025-05-10,2025-07-03,55,"5.9.2"
"C13626",2025-07-12,2026-09-30,446,"5.9.2"
"C13632",2026-03-04,2026-05-30,88,"5.9.2"
"C13653",2023-11-09,2024-01-07,60,"5.9.2"
"C13653",2024-05-08,2026-05-13,736,"5.9.2"
"C13656",2024-04-26,2026-05-09,744,"5.9.2"
"C13665",2026-03-27,2026-06-12,78,"5.9.2"
"C13677",2025-11-14,2026-01-27,75,"5.9.2"
"C13698",2023-02-19,2023-07-29,161,"5.9.2"
"C13698",2024-10-27,2024-12-18,53,"5.9.2"
"C13698",2025-03-04,2025-04-03,31,"5.9.2"
"C13698",2025-04-22,2025-05-02,11,"5.9.2"
"C13698",2025-11-25,2025-12-02,8,"5.9.2"
"C13698",2026-01-03,2026-01-09,7,"5.9.2"
"C13701",2025-12-23,2026-01-29,38,"5.9.2"
"C13704",2026-06-06,2026-08-03,59,"5.9.2"
"C13707",2025-04-18,2025-05-05,18,"5.9.2"
"C13707",2025-09-10,2025-12-29,111,"5.9.2"
"C13707",2026-01-17,2026-02-28,43,"5.9.2"
"C13707",2026-06-05,2026-09-30,118,"5.9.2"
"C13713",2025-06-18,2026-01-02,199,"5.9.2"
"C13716",2025-12-23,2026-02-02,42,"5.9.2"
"C13719",2026-03-13,2026-08-02,143,"5.9.2"
"C13725",2023-12-16,2024-01-19,35,"5.9.2"
"C13725",2024-02-03,2026-05-18,836,"5.9.2"
"C13737",2026-01-20,2026-05-16,117,"5.9.2"
"C13746",2023-10-01,2026-09-30,1096,"5.9.2"
"C13752",2025-09-19,2026-01-28,132,"5.9.2"
"C13755",2026-04-07,2026-05-04,28,"5.9.2"
"C13764",2026-04-07,2026-05-04,28,"5.9.2"
"C13776",2023-06-26,2026-06-24,1095,"5.9.2"
"C13779",2026-04-04,2026-05-17,44,"5.9.2"
"C13785",2026-07-03,2026-09-30,90,"5.9.2"
"C13788",2026-05-15,2026-09-30,139,"5.9.2"
"C13839",2025-07-06,2025-12-10,158,"5.9.2"
"C13842",2025-07-06,2025-12-10,158,"5.9.2"
"C13848",2026-03-07,2026-03-20,14,"5.9.2"
"C13854",2025-10-23,2025-11-12,21,"5.9.2"
"C13860",2026-04-03,2026-09-30,181,"5.9.2"
"C13881",2025-12-26,2026-01-31,37,"5.9.2"
"C13905",2022-11-15,2025-11-13,1095,"5.9.2"
"C13920",2022-11-28,2025-09-19,1027,"5.9.2"
"C13923",2026-06-14,2026-08-01,49,"5.9.2"
"C13926",2026-03-07,2026-09-30,208,"5.9.2"
"C13938",2025-04-27,2025-06-19,54,"5.9.2"
"C13944",2025-12-04,2025-12-24,21,"5.9.2"
"C13974",2023-10-01,2026-09-30,1096,"5.9.2"
"C13986",2023-10-01,2025-04-26,574,"5.9.2"
"C13986",2025-05-09,2026-04-04,331,"5.9.2"
"C14001",2024-11-05,2026-03-03,484,"5.9.2"
"C14007",2023-06-04,2023-11-14,164,"5.9.2"
"C14007",2025-08-09,2025-08-17,9,"5.9.2"
"C14007",2025-08-26,2025-08-26,1,"5.9.2"
"C14007",2025-09-11,2025-09-17,7,"5.9.2"
"C14007",2025-09-26,2025-09-26,1,"5.9.2"
"C14007",2025-10-05,2025-10-12,8,"5.9.2"
"C14007",2025-10-20,2025-11-20,32,"5.9.2"
"C14013",2023-08-06,2023-09-05,31,"5.9.2"
"C14013",2025-03-06,2025-03-08,3,"5.9.2"
"C14013",2026-06-06,2026-07-08,33,"5.9.2"
"C14019",2022-12-11,2025-12-09,1095,"5.9.2"
"C14025",2023-10-01,2023-12-20,81,"5.9.2"
"C14025",2024-02-06,2024-10-03,241,"5.9.2"
"C14025",2025-09-22,2026-05-04,225,"5.9.2"
"C14034",2023-12-06,2024-01-28,54,"5.9.2"
"C14034",2025-06-06,2025-09-13,100,"5.9.2"
"C14046",2026-01-11,2026-02-12,33,"5.9.2"
"C14049",2026-01-11,2026-02-12,33,"5.9.2"
"C14052",2025-10-23,2026-01-20,90,"5.9.2"
"C14061",2026-07-11,2026-07-11,1,"5.9.2"
"C14079",2026-07-21,2026-09-30,72,"5.9.2"
"C14082",2026-01-13,2026-02-23,42,"5.9.2"
"C14088",2025-12-01,2025-12-18,18,"5.9.2"
"C14094",2023-11-04,2026-06-11,951,"5.9.2"
"C14097",2023-10-01,2024-06-01,245,"5.9.2"
"C14097",2025-11-08,2026-09-30,327,"5.9.2"
"C14100",2025-08-01,2025-08-15,15,"5.9.2"
"C14100",2025-11-14,2026-01-02,50,"5.9.2"
"C14109",2023-10-01,2024-04-10,193,"5.9.2"
"C14109",2024-11-05,2026-09-30,695,"5.9.2"
"C14118",2026-01-01,2026-03-30,89,"5.9.2"
"C14124",2025-11-10,2026-03-16,127,"5.9.2"
"C14127",2026-05-03,2026-05-20,18,"5.9.2"
"C14136",2026-06-28,2026-07-09,12,"5.9.2"
"C14139",2023-07-18,2024-03-14,241,"5.9.2"
"C14139",2024-04-23,2024-07-13,82,"5.9.2"
"C14139",2024-11-14,2025-11-20,372,"5.9.2"
"C14139",2026-04-14,2026-07-16,94,"5.9.2"
"C14142",2025-12-20,2026-02-03,46,"5.9.2"
"C14163",2025-11-23,2026-01-07,46,"5.9.2"
"C14166",2024-12-26,2026-09-30,644,"5.9.2"
"C14169",2026-03-29,2026-09-30,186,"5.9.2"
"C14172",2024-03-05,2026-09-30,940,"5.9.2"
"C14178",2023-10-01,2026-09-30,1096,"5.9.2"
"C14181",2025-11-19,2026-02-23,97,"5.9.2"
"C14184",2025-07-08,2025-09-10,65,"5.9.2"
"C14238",2025-10-09,2025-11-16,39,"5.9.2"
"C14241",2023-10-01,2026-06-04,978,"5.9.2"
"C14250",2025-11-08,2026-09-30,327,"5.9.2"
"C14256",2025-09-12,2025-09-14,3,"5.9.2"
"C14259",2023-10-01,2026-01-08,831,"5.9.2"
"C14262",2023-01-20,2026-01-18,1095,"5.9.2"
"C14268",2025-10-18,2025-11-02,16,"5.9.2"
"C14280",2025-11-30,2025-12-15,16,"5.9.2"
"C14292",2025-12-18,2026-02-27,72,"5.9.2"
"C14301",2025-12-29,2026-05-06,129,"5.9.2"
"C14316",2026-05-09,2026-05-21,13,"5.9.2"
"C14322",2023-06-04,2024-09-07,462,"5.9.2"
"C14322",2025-11-04,2026-05-22,200,"5.9.2"
"C14325",2023-10-01,2025-08-31,701,"5.9.2"
"C14328",2025-02-01,2025-04-04,63,"5.9.2"
"C14337",2026-07-21,2026-09-30,72,"5.9.2"
"C14346",2024-07-18,2024-09-20,65,"5.9.2"
"C14346",2025-05-04,2026-03-14,315,"5.9.2"
"C14358",2023-01-30,2026-01-28,1095,"5.9.2"
"C14367",2023-03-01,2026-02-27,1095,"5.9.2"
"C14388",2024-04-16,2025-07-23,464,"5.9.2"
"C14388",2025-09-18,2026-09-30,378,"5.9.2"
"C14391",2023-10-07,2023-12-14,69,"5.9.2"
"C14391",2024-02-03,2024-02-03,1,"5.9.2"
"C14391",2024-06-28,2024-07-10,13,"5.9.2"
"C14391",2026-06-05,2026-06-22,18,"5.9.2"
"C14394",2026-06-27,2026-07-13,17,"5.9.2"
"C14400",2023-10-01,2026-09-30,1096,"5.9.2"
"C14409",2025-06-04,2026-09-30,484,"5.9.2"
"C14421",2026-07-06,2026-09-30,87,"5.9.2"
"C14424",2026-07-06,2026-09-30,87,"5.9.2"
"C14445",2026-05-27,2026-06-22,27,"5.9.2"
"C14448",2026-03-05,2026-04-10,37,"5.9.2"
"C14451",2025-08-18,2026-02-14,181,"5.9.2"
"C14454",2023-11-13,2024-05-16,186,"5.9.2"
"C14454",2026-01-01,2026-07-20,201,"5.9.2"
"C14475",2025-10-18,2025-11-25,39,"5.9.2"
"C14475",2026-03-12,2026-04-11,31,"5.9.2"
"C14478",2023-11-11,2024-03-18,129,"5.9.2"
"C14478",2025-04-10,2025-06-01,53,"5.9.2"
"C14478",2026-04-19,2026-09-30,165,"5.9.2"
"C14499",2025-07-28,2025-11-16,112,"5.9.2"
"C14505",2025-06-04,2026-04-22,323,"5.9.2"
"C14523",2024-07-23,2025-04-07,259,"5.9.2"
"C14523",2025-12-05,2026-07-05,213,"5.9.2"
"C14541",2023-10-01,2025-09-13,714,"5.9.2"
"C14547",2024-06-08,2025-11-09,520,"5.9.2"
"C14553",2025-12-19,2025-12-19,1,"5.9.2"
"C14556",2025-10-18,2026-07-05,261,"5.9.2"
"C14568",2026-06-16,2026-08-01,47,"5.9.2"
"C14571",2024-04-05,2026-06-16,803,"5.9.2"
"C14583",2024-08-11,2024-08-25,15,"5.9.2"
"C14583",2025-12-28,2026-02-25,60,"5.9.2"
"C14598",2025-06-03,2025-06-11,9,"5.9.2"
"C14598",2025-12-05,2026-05-30,177,"5.9.2"
"C14601",2026-03-12,2026-04-29,49,"5.9.2"
"C14604",2024-06-26,2025-05-10,319,"5.9.2"
"C14613",2026-04-28,2026-06-25,59,"5.9.2"
"C14616",2023-10-01,2025-05-10,588,"5.9.2"
"C14619",2025-12-05,2025-12-29,25,"5.9.2"
"C14622",2025-11-24,2026-04-10,138,"5.9.2"
"C14628",2024-01-15,2024-02-03,20,"5.9.2"
"C14628",2024-12-08,2025-01-29,53,"5.9.2"
"C14628",2025-11-04,2025-12-24,51,"5.9.2"
"C14634",2023-05-22,2026-05-20,1095,"5.9.2"
"C14637",2025-04-20,2026-09-30,529,"5.9.2"
"C14652",2025-06-04,2025-07-04,31,"5.9.2"
"C14661",2025-10-08,2025-10-25,18,"5.9.2"
"C14670",2026-06-12,2026-09-30,111,"5.9.2"
"C14673",2024-01-03,2025-04-16,470,"5.9.2"
"C14685",2025-09-12,2025-10-09,28,"5.9.2"
"C14688",2023-10-01,2024-06-01,245,"5.9.2"
"C14688",2026-07-05,2026-09-30,88,"5.9.2"
"C14691",2024-04-05,2025-07-04,456,"5.9.2"
"C14691",2025-10-09,2025-12-16,69,"5.9.2"
"C14715",2025-03-25,2025-04-18,25,"5.9.2"
"C14715",2025-09-26,2025-10-15,20,"5.9.2"
"C14718",2025-03-25,2025-04-18,25,"5.9.2"
"C14718",2025-09-26,2025-10-15,20,"5.9.2"
"C14724",2026-05-31,2026-09-30,123,"5.9.2"
"C14727",2025-11-04,2026-07-06,245,"5.9.2"
"C14730",2026-04-02,2026-05-07,36,"5.9.2"
"C14733",2023-05-15,2024-12-20,586,"5.9.2"
"C14733",2025-06-10,2026-05-13,338,"5.9.2"
"C14745",2025-10-16,2025-12-11,57,"5.9.2"
"C14745",2026-06-15,2026-07-14,30,"5.9.2"
"C14757",2026-05-26,2026-06-15,21,"5.9.2"
"C14766",2023-06-12,2026-01-07,941,"5.9.2"
"C14766",2026-02-03,2026-02-24,22,"5.9.2"
"C14766",2026-05-22,2026-06-10,20,"5.9.2"
"C14769",2026-01-24,2026-04-26,93,"5.9.2"
"C14775",2023-10-01,2026-09-30,1096,"5.9.2"
"C14784",2026-05-09,2026-06-02,25,"5.9.2"
"C14796",2023-12-14,2026-05-21,890,"5.9.2"
"C14799",2023-09-04,2025-07-19,685,"5.9.2"
"C14805",2023-10-01,2026-09-30,1096,"5.9.2"
"C14811",2025-05-04,2025-12-18,229,"5.9.2"
"C14817",2024-08-09,2024-11-03,87,"5.9.2"
"C14817",2026-06-08,2026-06-27,20,"5.9.2"
"C14841",2023-10-01,2024-06-27,271,"5.9.2"
"C14847",2023-10-23,2023-12-09,48,"5.9.2"
"C14847",2026-02-07,2026-03-12,34,"5.9.2"
"C14850",2023-03-06,2025-07-20,868,"5.9.2"
"C14853",2025-03-09,2025-11-21,258,"5.9.2"
"C14856",2024-09-29,2025-01-23,117,"5.9.2"
"C14856",2025-03-14,2025-07-04,113,"5.9.2"
"C14856",2025-12-26,2026-02-10,47,"5.9.2"
"C14856",2026-04-08,2026-05-09,32,"5.9.2"
"C14883",2023-10-01,2023-11-19,50,"5.9.2"
"C14883",2025-12-21,2026-09-30,284,"5.9.2"
"C14886",2025-12-07,2026-02-11,67,"5.9.2"
"C14895",2025-11-09,2026-06-05,209,"5.9.2"
"C14910",2023-07-24,2023-08-21,29,"5.9.2"
"C14910",2026-02-20,2026-04-07,47,"5.9.2"
"C14916",2026-04-02,2026-09-30,182,"5.9.2"
"C14919",2023-08-04,2023-12-04,123,"5.9.2"
"C14919",2025-11-04,2026-02-02,91,"5.9.2"
"C14922",2026-02-21,2026-05-31,100,"5.9.2"
"C14934",2026-05-26,2026-07-21,57,"5.9.2"
"C14937",2024-05-13,2026-05-29,747,"5.9.2"
"C14949",2023-02-07,2023-09-14,220,"5.9.2"
"C14949",2025-11-14,2026-02-05,84,"5.9.2"
"C14952",2023-10-01,2024-02-18,141,"5.9.2"
"C14952",2024-06-16,2026-05-24,708,"5.9.2"
"C14958",2023-11-19,2023-12-18,30,"5.9.2"
"C14958",2025-10-08,2025-11-23,47,"5.9.2"
"C14958",2026-02-28,2026-03-13,14,"5.9.2"
"C14961",2026-01-01,2026-01-10,10,"5.9.2"
"C14964",2024-03-17,2025-12-08,632,"5.9.2"
"C14970",2025-09-19,2025-10-07,19,"5.9.2"
"C14970",2026-07-04,2026-07-08,5,"5.9.2"
"C14973",2024-05-03,2024-05-29,27,"5.9.2"
"C14973",2025-04-26,2025-08-28,125,"5.9.2"
"C14973",2026-05-30,2026-06-22,24,"5.9.2"
"C14982",2026-02-27,2026-04-18,51,"5.9.2"
"C14988",2023-10-01,2024-01-19,111,"5.9.2"
"C14988",2026-04-21,2026-09-30,163,"5.9.2"
"C14991",2023-10-18,2023-11-23,37,"5.9.2"
"C14991",2024-07-18,2024-10-22,97,"5.9.2"
"C15006",2023-10-01,2024-10-14,380,"5.9.2"
"C15006",2025-08-16,2026-04-13,241,"5.9.2"
"C15009",2026-06-21,2026-07-03,13,"5.9.2"
"C15015",2024-11-29,2024-12-18,20,"5.9.2"
"C15015",2024-12-27,2025-01-12,17,"5.9.2"
"C15015",2025-10-05,2025-11-02,29,"5.9.2"
"C15027",2025-04-04,2025-06-28,86,"5.9.2"
"C15027",2025-12-30,2025-12-31,2,"5.9.2"
"C15045",2024-01-17,2026-02-20,766,"5.9.2"
"C15048",2025-09-04,2026-01-15,134,"5.9.2"
"C15051",2025-05-04,2025-10-20,170,"5.9.2"
"C15060",2026-04-17,2026-05-15,29,"5.9.2"
"C15063",2025-09-26,2026-05-02,219,"5.9.2"
"C15066",2022-12-24,2025-12-22,1095,"5.9.2"
"C15078",2024-05-05,2026-02-05,642,"5.9.2"
"C15081",2025-09-21,2025-10-06,16,"5.9.2"
"C15096",2025-05-15,2025-11-04,174,"5.9.2"
"C15096",2025-12-05,2026-04-17,134,"5.9.2"
"C15102",2025-11-13,2025-11-28,16,"5.9.2"
"C15105",2026-04-04,2026-09-30,180,"5.9.2"
"C15117",2025-04-23,2026-01-05,258,"5.9.2"
"C15144",2026-01-06,2026-01-30,25,"5.9.2"
"C15150",2023-10-01,2024-06-04,248,"5.9.2"
"C15150",2025-01-27,2025-01-31,5,"5.9.2"
"C15156",2023-08-25,2023-12-10,108,"5.9.2"
"C15156",2025-06-04,2026-08-03,426,"5.9.2"
"C15159",2024-09-01,2025-04-06,218,"5.9.2"
"C15159",2025-05-02,2025-10-15,167,"5.9.2"
"C15159",2026-05-07,2026-09-30,147,"5.9.2"
"C15165",2022-12-05,2024-12-05,732,"5.9.2"
"C15168",2026-07-06,2026-09-30,87,"5.9.2"
"C15177",2023-06-14,2024-08-07,421,"5.9.2"
"C15177",2025-07-19,2025-09-09,53,"5.9.2"
"C15177",2025-11-29,2026-02-25,89,"5.9.2"
"C15192",2025-11-30,2026-04-14,136,"5.9.2"
"C15195",2025-05-27,2025-08-03,69,"5.9.2"
"C15195",2026-05-05,2026-08-03,91,"5.9.2"
"C15201",2024-10-19,2026-04-17,546,"5.9.2"
"C15204",2023-06-09,2023-07-26,48,"5.9.2"
"C15204",2025-05-04,2026-02-10,283,"5.9.2"
"C15216",2026-01-31,2026-03-02,31,"5.9.2"
"C15222",2023-02-05,2026-02-03,1095,"5.9.2"
"C15228",2023-07-05,2025-04-29,665,"5.9.2"
"C15228",2025-10-15,2025-11-04,21,"5.9.2"
"C15228",2026-01-18,2026-02-14,28,"5.9.2"
"C15228",2026-05-14,2026-07-03,51,"5.9.2"
"C15237",2025-10-02,2025-10-14,13,"5.9.2"
"C15237",2026-04-21,2026-05-16,26,"5.9.2"
"C15243",2023-08-02,2024-09-07,403,"5.9.2"
"C15243",2024-12-29,2026-07-31,580,"5.9.2"
"C15246",2023-01-15,2024-02-24,406,"5.9.2"
"C15246",2025-01-23,2025-09-12,233,"5.9.2"
"C15249",2026-07-11,2026-09-30,82,"5.9.2"
"C15267",2024-04-08,2024-06-04,58,"5.9.2"
"C15267",2026-02-10,2026-03-19,38,"5.9.2"
"C15294",2026-03-27,2026-04-09,14,"5.9.2"
"C15306",2025-07-05,2026-01-29,209,"5.9.2"
"C15309",2025-07-12,2026-01-11,184,"5.9.2"
"C15321",2025-08-26,2026-01-13,141,"5.9.2"
"C15327",2025-04-14,2025-05-18,35,"5.9.2"
"C15336",2022-11-16,2025-01-09,786,"5.9.2"
"C15339",2025-04-15,2026-09-30,534,"5.9.2"
"C15354",2025-05-05,2025-11-18,198,"5.9.2"
"C15360",2025-10-16,2025-11-16,32,"5.9.2"
"C15360",2026-05-05,2026-06-11,38,"5.9.2"
"C15366",2024-09-18,2025-10-06,384,"5.9.2"
"C15381",2023-09-04,2024-02-04,154,"5.9.2"
"C15381",2024-12-06,2025-09-20,289,"5.9.2"
"C15384",2023-11-23,2024-01-18,57,"5.9.2"
"C15384",2025-10-13,2025-11-12,31,"5.9.2"
"C15390",2026-06-26,2026-07-25,30,"5.9.2"
"C15408",2024-10-05,2025-02-07,126,"5.9.2"
"C15408",2026-06-09,2026-07-29,51,"5.9.2"
"C15420",2024-02-26,2024-05-10,75,"5.9.2"
"C15420",2024-07-01,2024-08-13,44,"5.9.2"
"C15420",2025-09-18,2026-01-16,121,"5.9.2"
"C15423",2025-08-18,2026-01-26,162,"5.9.2"
"C15426",2025-06-04,2026-09-30,484,"5.9.2"
"C15444",2024-08-19,2025-12-06,475,"5.9.2"
"C15447",2025-01-20,2025-06-21,153,"5.9.2"
"C15459",2024-04-08,2024-06-04,58,"5.9.2"
"C15459",2025-12-21,2026-01-12,23,"5.9.2"
"C15462",2026-05-10,2026-07-14,66,"5.9.2"
"C15465",2023-11-23,2023-12-18,26,"5.9.2"
"C15465",2025-06-23,2025-08-13,52,"5.9.2"
"C15465",2025-11-22,2025-12-23,32,"5.9.2"
"C15465",2026-05-07,2026-05-21,15,"5.9.2"
"C15477",2025-04-04,2025-09-30,180,"5.9.2"
"C15477",2026-01-20,2026-05-12,113,"5.9.2"
"C15477",2026-05-26,2026-09-30,128,"5.9.2"
"C15480",2025-06-06,2025-06-21,16,"5.9.2"
"C15483",2022-11-01,2025-10-30,1095,"5.9.2"
"C15486",2023-11-28,2023-12-11,14,"5.9.2"
"C15486",2024-11-19,2025-01-08,51,"5.9.2"
"C15486",2026-04-12,2026-04-29,18,"5.9.2"
"C15495",2023-10-01,2025-10-03,734,"5.9.2"
"C15498",2025-04-03,2025-04-25,23,"5.9.2"
"C15498",2025-10-30,2026-04-26,179,"5.9.2"
"C15498",2026-06-01,2026-07-12,42,"5.9.2"
"C15501",2025-05-01,2026-03-25,329,"5.9.2"
"C15507",2023-10-01,2026-09-30,1096,"5.9.2"
"C15510",2025-06-04,2026-07-05,397,"5.9.2"
"C15513",2024-10-03,2025-01-07,97,"5.9.2"
"C15513",2026-01-25,2026-04-03,69,"5.9.2"
"C15516",2026-01-19,2026-03-03,44,"5.9.2"
"C15519",2025-06-18,2026-01-21,218,"5.9.2"
"C15522",2026-03-29,2026-04-15,18,"5.9.2"
"C15528",2025-09-01,2026-07-14,317,"5.9.2"
"C15531",2025-12-06,2026-01-14,40,"5.9.2"
"C15543",2026-05-05,2026-05-27,23,"5.9.2"
"C15549",2023-10-01,2026-09-30,1096,"5.9.2"
"C15567",2025-08-11,2025-09-30,51,"5.9.2"
"C15579",2023-03-02,2023-07-29,150,"5.9.2"
"C15579",2023-12-06,2024-05-17,164,"5.9.2"
"C15579",2024-10-11,2025-02-17,130,"5.9.2"
"C15579",2025-09-11,2026-02-28,171,"5.9.2"
"C15588",2025-01-21,2026-09-30,618,"5.9.2"
"C15591",2025-12-05,2026-05-23,170,"5.9.2"
"C15594",2023-02-07,2025-01-10,704,"5.9.2"
"C15597",2024-08-09,2024-08-13,5,"5.9.2"
"C15597",2026-06-24,2026-09-30,99,"5.9.2"
"C15600",2025-12-07,2026-02-24,80,"5.9.2"
"C15603",2025-05-01,2025-05-20,20,"5.9.2"
"C15603",2026-01-01,2026-02-10,41,"5.9.2"
"C15603",2026-05-12,2026-07-31,81,"5.9.2"
"C15606",2026-01-04,2026-01-20,17,"5.9.2"
"C15609",2026-03-12,2026-04-17,37,"5.9.2"
"C15612",2023-10-24,2023-11-24,32,"5.9.2"
"C15612",2024-12-07,2025-01-21,46,"5.9.2"
"C15612",2025-12-26,2026-02-28,65,"5.9.2"
"C15621",2024-04-23,2024-07-05,74,"5.9.2"
"C15621",2025-02-14,2025-06-08,115,"5.9.2"
"C15630",2026-02-02,2026-03-14,41,"5.9.2"
"C15645",2026-03-29,2026-06-26,90,"5.9.2"
"C15666",2023-10-01,2026-09-30,1096,"5.9.2"
"C15669",2024-06-17,2024-09-19,95,"5.9.2"
"C15669",2025-05-15,2026-06-14,396,"5.9.2"
"C15675",2026-04-05,2026-05-28,54,"5.9.2"
"C15678",2022-12-18,2024-01-12,391,"5.9.2"
"C15678",2024-09-14,2024-11-23,71,"5.9.2"
"C15684",2026-05-19,2026-07-28,71,"5.9.2"
"C15717",2024-08-23,2024-12-04,104,"5.9.2"
"C15717",2025-02-03,2025-11-03,274,"5.9.2"
"C15726",2025-03-11,2025-05-09,60,"5.9.2"
"C15726",2026-07-05,2026-09-30,88,"5.9.2"
"C15729",2025-09-11,2025-10-27,47,"5.9.2"
"C15729",2026-03-09,2026-03-22,14,"5.9.2"
"C15741",2026-06-12,2026-09-30,111,"5.9.2"
"C15744",2026-06-12,2026-09-30,111,"5.9.2"
"C15747",2026-04-04,2026-05-13,40,"5.9.2"
"C15750",2025-09-14,2025-11-05,53,"5.9.2"
"C15753",2023-06-15,2026-06-13,1095,"5.9.2"
"C15762",2023-02-25,2023-05-13,78,"5.9.2"
"C15762",2025-04-04,2025-07-03,91,"5.9.2"
"C15771",2025-07-28,2025-08-13,17,"5.9.2"
"C15771",2025-09-05,2025-11-04,61,"5.9.2"
"C15771",2025-12-15,2026-06-29,197,"5.9.2"
"C15774",2025-07-05,2025-08-21,48,"5.9.2"
"C15774",2026-06-01,2026-08-04,65,"5.9.2"
"C15780",2023-12-05,2026-07-02,941,"5.9.2"
"C15783",2025-09-04,2025-11-22,80,"5.9.2"
"C15786",2025-03-04,2025-04-15,43,"5.9.2"
"C15786",2025-10-09,2025-12-29,82,"5.9.2"
"C15792",2025-11-13,2025-12-04,22,"5.9.2"
"C15801",2023-07-06,2023-09-08,65,"5.9.2"
"C15801",2023-11-10,2023-12-27,48,"5.9.2"
"C15801",2026-02-13,2026-05-16,93,"5.9.2"
"C15801",2026-05-29,2026-07-04,37,"5.9.2"
"C15804",2023-12-14,2025-02-13,428,"5.9.2"
"C15804",2026-01-27,2026-02-13,18,"5.9.2"
"C15810",2023-01-15,2024-11-26,682,"5.9.2"
"C15810",2025-12-13,2026-01-13,32,"5.9.2"
"C15813",2025-11-14,2026-02-25,104,"5.9.2"
"C15816",2025-11-14,2025-12-12,29,"5.9.2"
"C15834",2023-04-09,2023-06-07,60,"5.9.2"
"C15834",2024-05-29,2024-10-07,132,"5.9.2"
"C15843",2025-11-17,2026-01-08,53,"5.9.2"
"C15846",2024-12-06,2025-03-29,114,"5.9.2"
"C15873",2023-07-29,2026-07-27,1095,"5.9.2"
"C15879",2024-10-20,2025-09-06,322,"5.9.2"
"C15879",2026-05-01,2026-05-02,2,"5.9.2"
"C15882",2025-03-18,2026-01-09,298,"5.9.2"
"C15885",2025-11-25,2026-05-18,175,"5.9.2"
"C15888",2022-10-15,2025-10-01,1083,"5.9.2"
"C15891",2025-12-06,2026-01-07,33,"5.9.2"
"C15897",2024-07-01,2024-07-13,13,"5.9.2"
"C15897",2025-11-17,2026-01-07,52,"5.9.2"
"C15900",2023-04-28,2025-11-22,940,"5.9.2"
"C15909",2026-01-16,2026-06-19,155,"5.9.2"
"C15918",2023-06-12,2025-11-28,901,"5.9.2"
"C15933",2025-08-04,2025-09-22,50,"5.9.2"
"C15936",2023-02-12,2024-02-01,355,"5.9.2"
"C15936",2024-11-15,2024-12-28,44,"5.9.2"
"C15936",2026-01-04,2026-02-10,38,"5.9.2"
"C15939",2022-11-28,2025-11-13,1082,"5.9.2"
"C15954",2025-10-04,2025-10-30,27,"5.9.2"
"C15960",2023-11-08,2024-03-31,145,"5.9.2"
"C15960",2024-05-27,2024-06-21,26,"5.9.2"
"C15966",2023-05-07,2025-06-30,786,"5.9.2"
"C15966",2026-04-18,2026-05-05,18,"5.9.2"
"C15993",2025-11-06,2025-11-21,16,"5.9.2"
"C15993",2025-12-18,2026-01-02,16,"5.9.2"
"C16008",2023-10-01,2025-01-02,460,"5.9.2"
"C16008",2025-01-15,2025-04-30,106,"5.9.2"
"C16008",2025-07-04,2026-02-02,214,"5.9.2"
"C16023",2025-07-05,2026-03-20,259,"5.9.2"
"C16026",2026-06-07,2026-07-23,47,"5.9.2"
"C16032",2025-07-05,2025-08-31,58,"5.9.2"
"C16050",2025-09-20,2025-10-17,28,"5.9.2"
"C16053",2023-06-04,2024-02-17,259,"5.9.2"
"C16056",2026-03-27,2026-08-04,131,"5.9.2"
"C16062",2026-06-05,2026-09-30,118,"5.9.2"
"C16071",2026-06-05,2026-09-30,118,"5.9.2"
"C16077",2025-12-05,2026-07-05,213,"5.9.2"
"C16080",2025-12-17,2026-07-05,201,"5.9.2"
"C16089",2026-01-04,2026-02-26,54,"5.9.2"
"C16128",2025-03-08,2025-03-24,17,"5.9.2"
"C16128",2025-09-29,2026-01-15,109,"5.9.2"
"C16137",2024-08-18,2025-02-04,171,"5.9.2"
"C16140",2025-05-30,2025-11-29,184,"5.9.2"
"C16143",2025-06-23,2025-10-16,116,"5.9.2"
"C16158",2026-02-10,2026-07-04,145,"5.9.2"
"C16164",2024-02-08,2025-07-30,539,"5.9.2"
"C16167",2026-03-23,2026-04-11,20,"5.9.2"
"C16173",2023-08-04,2024-02-02,183,"5.9.2"
"C16173",2024-09-13,2025-10-22,405,"5.9.2"
"C16176",2022-11-06,2025-11-04,1095,"5.9.2"
"C16188",2024-04-05,2024-09-05,154,"5.9.2"
"C16188",2025-06-02,2026-03-24,296,"5.9.2"
"C16191",2025-09-04,2026-01-15,134,"5.9.2"
"C16209",2023-11-13,2024-07-30,261,"5.9.2"
"C16209",2025-06-27,2025-09-08,74,"5.9.2"
"C16209",2026-01-01,2026-05-01,121,"5.9.2"
"C16218",2024-03-14,2024-04-29,47,"5.9.2"
"C16218",2025-04-08,2025-04-27,20,"5.9.2"
"C16218",2026-04-05,2026-07-22,109,"5.9.2"
"C16221",2026-05-16,2026-05-29,14,"5.9.2"
"C16230",2025-06-08,2025-08-06,60,"5.9.2"
"C16230",2026-04-19,2026-05-20,32,"5.9.2"
"C16230",2026-06-27,2026-07-20,24,"5.9.2"
"C16263",2026-05-09,2026-05-21,13,"5.9.2"
"C16266",2026-05-09,2026-05-31,23,"5.9.2"
"C16299",2023-06-13,2025-11-02,874,"5.9.2"
"C16326",2024-03-25,2024-04-30,37,"5.9.2"
"C16326",2025-07-28,2026-02-11,199,"5.9.2"
"C16329",2025-11-03,2026-01-21,80,"5.9.2"
"C16347",2023-05-18,2023-12-10,207,"5.9.2"
"C16347",2025-10-10,2026-04-22,195,"5.9.2"
"C16362",2025-09-15,2026-02-07,146,"5.9.2"
"C16368",2026-04-20,2026-05-12,23,"5.9.2"
"C16383",2025-06-14,2025-10-24,133,"5.9.2"
"C16398",2026-02-03,2026-02-25,23,"5.9.2"
"C16398",2026-06-26,2026-09-30,97,"5.9.2"
"C16419",2025-09-24,2025-10-16,23,"5.9.2"
"C16428",2023-04-24,2023-06-05,43,"5.9.2"
"C16428",2025-02-08,2025-03-19,40,"5.9.2"
"C16443",2025-12-20,2026-01-09,21,"5.9.2"
"C16458",2026-07-18,2026-09-30,75,"5.9.2"
"C16464",2024-02-08,2024-02-23,16,"5.9.2"
"C16464",2026-02-17,2026-06-13,117,"5.9.2"
"C16467",2026-02-17,2026-06-13,117,"5.9.2"
"C16473",2024-04-05,2026-01-19,655,"5.9.2"
"C16479",2023-10-01,2023-10-25,25,"5.9.2"
"C16479",2025-10-18,2026-01-19,94,"5.9.2"
"C16485",2026-04-06,2026-05-04,29,"5.9.2"
"C16494",2023-10-18,2023-10-30,13,"5.9.2"
"C16494",2023-12-05,2023-12-22,18,"5.9.2"
"C16494",2026-01-03,2026-04-10,98,"5.9.2"
"C16506",2022-12-10,2025-08-08,973,"5.9.2"
"C16533",2024-01-13,2024-09-04,236,"5.9.2"
"C16533",2025-02-05,2026-04-28,448,"5.9.2"
"C16539",2023-06-04,2024-04-18,320,"5.9.2"
"C16539",2025-10-02,2025-11-25,55,"5.9.2"
"C16542",2023-08-30,2025-11-13,807,"5.9.2"
"C16542",2026-02-06,2026-02-06,1,"5.9.2"
"C16545",2023-10-19,2024-11-01,380,"5.9.2"
"C16545",2025-04-03,2025-04-04,2,"5.9.2"
"C16554",2025-11-28,2026-01-03,37,"5.9.2"
"C16554",2026-02-15,2026-02-28,14,"5.9.2"
"C16578",2024-11-10,2025-06-05,208,"5.9.2"
"C16581",2024-12-16,2026-02-17,429,"5.9.2"
"C16581",2026-07-15,2026-09-30,78,"5.9.2"
"C16593",2023-10-01,2025-09-18,719,"5.9.2"
"C16593",2025-10-16,2026-07-13,271,"5.9.2"
"C16596",2023-10-01,2023-12-28,89,"5.9.2"
"C16596",2026-04-19,2026-09-30,165,"5.9.2"
"C16605",2023-09-30,2023-10-24,25,"5.9.2"
"C16605",2025-11-10,2025-11-25,16,"5.9.2"
"C16608",2023-10-01,2024-09-24,360,"5.9.2"
"C16608",2024-10-31,2025-01-21,83,"5.9.2"
"C16608",2026-06-04,2026-09-30,119,"5.9.2"
"C16626",2025-03-27,2026-02-28,339,"5.9.2"
"C16635",2026-01-09,2026-01-29,21,"5.9.2"
"C16638",2023-10-01,2026-06-14,988,"5.9.2"
"C16644",2025-09-12,2025-10-12,31,"5.9.2"
"C16644",2026-07-10,2026-09-30,83,"5.9.2"
"C16668",2025-11-19,2026-03-12,114,"5.9.2"
"C16674",2026-06-02,2026-06-05,4,"5.9.2"
"C16677",2025-06-07,2025-06-21,15,"5.9.2"
"C16677",2026-04-18,2026-04-21,4,"5.9.2"
"C16689",2026-02-28,2026-03-25,26,"5.9.2"
"C16704",2023-12-04,2024-02-24,83,"5.9.2"
"C16704",2026-02-02,2026-02-23,22,"5.9.2"
"C16713",2026-01-30,2026-09-30,244,"5.9.2"
"C16719",2025-09-20,2025-11-06,48,"5.9.2"
"C16722",2025-09-20,2025-11-06,48,"5.9.2"
"C16737",2024-03-05,2025-05-22,444,"5.9.2"
"C16737",2025-09-12,2026-07-23,315,"5.9.2"
"C16749",2023-01-15,2024-07-05,538,"5.9.2"
"C16752",2023-03-08,2026-03-06,1095,"5.9.2"
"C16758",2025-01-16,2025-11-10,299,"5.9.2"
"C16761",2025-12-18,2026-02-06,51,"5.9.2"
"C16767",2026-03-15,2026-03-22,8,"5.9.2"
"C16806",2026-02-27,2026-06-23,117,"5.9.2"
"C16809",2023-10-01,2026-07-17,1021,"5.9.2"
"C16821",2024-06-07,2024-07-13,37,"5.9.2"
"C16821",2026-05-10,2026-07-16,68,"5.9.2"
"C16824",2025-12-04,2026-01-07,35,"5.9.2"
"C16830",2025-10-10,2025-10-27,18,"5.9.2"
"C16833",2025-11-17,2026-01-08,53,"5.9.2"
"C16839",2026-06-12,2026-09-30,111,"5.9.2"
"C16854",2026-06-01,2026-06-22,22,"5.9.2"
"C16869",2026-02-02,2026-02-24,23,"5.9.2"
"C16914",2023-01-24,2026-01-22,1095,"5.9.2"
"C16923",2025-12-11,2026-01-15,36,"5.9.2"
"C16923",2026-07-13,2026-09-30,80,"5.9.2"
"C16926",2024-10-20,2024-11-19,31,"5.9.2"
"C16926",2025-11-14,2026-02-10,89,"5.9.2"
"C16932",2024-05-18,2024-10-07,143,"5.9.2"
"C16932",2026-01-30,2026-04-17,78,"5.9.2"
"C16941",2023-10-01,2024-08-15,320,"5.9.2"
"C16941",2025-09-15,2025-11-30,77,"5.9.2"
"C16941",2026-05-30,2026-06-04,6,"5.9.2"
"C16944",2024-10-04,2024-10-23,20,"5.9.2"
"C16944",2026-06-05,2026-06-25,21,"5.9.2"
"C16983",2024-09-21,2025-10-03,378,"5.9.2"
"C16995",2025-10-13,2025-10-29,17,"5.9.2"
"C16995",2025-12-06,2026-01-15,41,"5.9.2"
"C16998",2026-01-06,2026-01-29,24,"5.9.2"
"C17004",2026-02-03,2026-05-14,101,"5.9.2"
"C17007",2023-02-28,2026-02-26,1095,"5.9.2"
"C17013",2025-08-11,2025-11-26,108,"5.9.2"
"C17019",2026-02-06,2026-02-18,13,"5.9.2"
"C17019",2026-07-06,2026-07-18,13,"5.9.2"
"C17022",2026-07-21,2026-09-30,72,"5.9.2"
"C17031",2026-04-04,2026-05-22,49,"5.9.2"
"C17040",2025-10-25,2025-12-15,52,"5.9.2"
"C17043",2025-05-25,2025-08-27,95,"5.9.2"
"C17046",2025-05-25,2025-08-27,95,"5.9.2"
"C17058",2026-02-01,2026-02-13,13,"5.9.2"
"C17064",2026-05-16,2026-09-30,138,"5.9.2"
"C17073",2026-01-17,2026-07-25,190,"5.9.2"
"C17088",2025-01-17,2026-09-30,622,"5.9.2"
"C17091",2025-10-11,2025-12-23,74,"5.9.2"
"C17115",2024-07-13,2024-08-11,30,"5.9.2"
"C17115",2024-11-22,2025-01-23,63,"5.9.2"
"C17115",2025-08-03,2025-09-16,45,"5.9.2"
"C17115",2025-12-10,2026-01-13,35,"5.9.2"
"C17118",2025-08-25,2025-11-09,77,"5.9.2"
"C17130",2023-10-21,2024-01-12,84,"5.9.2"
"C17130",2024-10-19,2024-11-28,41,"5.9.2"
"C17130",2025-09-07,2025-10-24,48,"5.9.2"
"C17136",2023-05-18,2026-05-16,1095,"5.9.2"
"C17142",2024-08-26,2026-05-16,629,"5.9.2"
"C17148",2023-10-01,2026-09-30,1096,"5.9.2"
"C17151",2026-01-06,2026-01-24,19,"5.9.2"
"C17157",2024-05-05,2024-11-04,184,"5.9.2"
"C17160",2024-06-07,2024-07-13,37,"5.9.2"
"C17160",2026-02-11,2026-03-08,26,"5.9.2"
"C17160",2026-05-10,2026-07-16,68,"5.9.2"
"C17175",2023-11-04,2024-08-31,302,"5.9.2"
"C17175",2024-09-14,2026-03-27,560,"5.9.2"
"C17181",2026-01-12,2026-02-03,23,"5.9.2"
"C17205",2023-02-10,2023-11-03,267,"5.9.2"
"C17205",2025-12-27,2026-02-08,44,"5.9.2"
"C17211",2023-11-16,2023-12-13,28,"5.9.2"
"C17211",2024-09-19,2025-02-08,143,"5.9.2"
"C17211",2025-06-04,2025-09-03,92,"5.9.2"
"C17211",2025-10-19,2025-12-24,67,"5.9.2"
"C17211",2026-01-09,2026-05-18,130,"5.9.2"
"C17214",2025-02-17,2025-11-19,276,"5.9.2"
"C17223",2026-03-22,2026-09-30,193,"5.9.2"
"C17232",2023-10-16,2024-05-21,219,"5.9.2"
"C17232",2024-09-13,2024-09-27,15,"5.9.2"
"C17232",2025-07-14,2025-07-28,15,"5.9.2"
"C17232",2025-10-17,2025-11-10,25,"5.9.2"
"C17232",2026-03-09,2026-04-07,30,"5.9.2"
"C17244",2025-12-29,2026-03-24,86,"5.9.2"
"C17253",2025-12-09,2025-12-30,22,"5.9.2"
"C17253",2026-03-13,2026-03-30,18,"5.9.2"
"C17262",2024-05-19,2024-06-05,18,"5.9.2"
"C17262",2024-06-24,2024-07-09,16,"5.9.2"
"C17262",2025-01-28,2025-03-03,35,"5.9.2"
"C17262",2025-06-07,2025-06-22,16,"5.9.2"
"C17262",2025-11-08,2026-01-31,85,"5.9.2"
"C17277",2025-08-04,2025-10-13,71,"5.9.2"
"C17277",2025-11-15,2026-01-15,62,"5.9.2"
"C17280",2025-10-04,2026-04-13,192,"5.9.2"
"C17289",2025-09-04,2025-12-27,115,"5.9.2"
"C17304",2024-12-13,2024-12-29,17,"5.9.2"
"C17304",2025-05-22,2025-12-15,208,"5.9.2"
"C17310",2025-01-03,2025-09-03,244,"5.9.2"
"C17316",2024-04-02,2024-05-09,38,"5.9.2"
"C17316",2025-03-28,2025-03-29,2,"5.9.2"
"C17319",2026-01-26,2026-09-30,248,"5.9.2"
"C17322",2026-02-16,2026-04-07,51,"5.9.2"
"C17346",2023-11-04,2026-05-23,932,"5.9.2"
"C17349",2023-12-18,2024-04-20,125,"5.9.2"
"C17349",2024-09-14,2025-03-01,169,"5.9.2"
"C17352",2023-12-20,2024-04-20,123,"5.9.2"
"C17352",2024-09-14,2025-03-01,169,"5.9.2"
"C17358",2023-10-01,2025-02-10,499,"5.9.2"
"C17361",2026-03-27,2026-04-16,21,"5.9.2"
"C17364",2025-01-02,2025-05-03,122,"5.9.2"
"C17373",2022-12-05,2025-01-19,777,"5.9.2"
"C17373",2025-11-21,2025-12-03,13,"5.9.2"
"C17382",2026-06-05,2026-09-30,118,"5.9.2"
"C17385",2025-07-07,2026-09-30,451,"5.9.2"
"C17388",2023-09-28,2024-01-08,103,"5.9.2"
"C17388",2024-07-01,2026-02-03,583,"5.9.2"
"C17397",2023-07-06,2025-11-17,866,"5.9.2"
"C17397",2026-06-12,2026-07-04,23,"5.9.2"
"C17400",2022-12-28,2025-12-26,1095,"5.9.2"
"C17403",2026-06-21,2026-09-30,102,"5.9.2"
"C17406",2023-04-20,2023-10-22,186,"5.9.2"
"C17406",2026-03-10,2026-04-18,40,"5.9.2"
"C17421",2023-05-02,2024-06-20,416,"5.9.2"
"C17421",2026-02-03,2026-04-30,87,"5.9.2"
"C17430",2025-09-13,2025-11-14,63,"5.9.2"
"C17433",2023-05-10,2026-05-08,1095,"5.9.2"
"C17436",2026-01-17,2026-05-21,125,"5.9.2"
"C17445",2026-06-21,2026-09-30,102,"5.9.2"
"C17448",2025-06-01,2026-04-04,308,"5.9.2"
"C17460",2023-10-01,2023-12-17,78,"5.9.2"
"C17463",2023-10-05,2023-10-30,26,"5.9.2"
"C17463",2024-05-05,2024-05-21,17,"5.9.2"
"C17463",2026-03-05,2026-04-28,55,"5.9.2"
"C17466",2026-01-18,2026-01-30,13,"5.9.2"
"C17469",2023-04-30,2026-04-28,1095,"5.9.2"
"C17475",2024-10-24,2025-03-27,155,"5.9.2"
"C17475",2025-07-27,2025-08-13,18,"5.9.2"
"C17475",2025-10-23,2026-01-06,76,"5.9.2"
"C17475",2026-07-09,2026-09-30,84,"5.9.2"
"C17478",2023-12-17,2023-12-17,1,"5.9.2"
"C17478",2025-12-07,2026-01-18,43,"5.9.2"
"C17493",2026-05-04,2026-06-15,43,"5.9.2"
"C17499",2025-07-22,2025-09-05,46,"5.9.2"
"C17505",2024-10-20,2026-09-30,711,"5.9.2"
"C17517",2023-08-20,2023-10-05,47,"5.9.2"
"C17517",2025-05-11,2025-06-22,43,"5.9.2"
"C17520",2023-08-20,2023-10-05,47,"5.9.2"
"C17520",2025-05-11,2025-06-22,43,"5.9.2"
"C17535",2026-06-25,2026-07-18,24,"5.9.2"
"C17538",2025-11-03,2026-02-09,99,"5.9.2"
"C17538",2026-02-23,2026-02-26,4,"5.9.2"
"C17544",2023-11-23,2024-01-18,57,"5.9.2"
"C17553",2022-10-31,2023-05-27,209,"5.9.2"
"C17553",2023-10-04,2025-03-16,530,"5.9.2"
"C17553",2025-10-29,2025-10-29,1,"5.9.2"
"C17559",2025-07-02,2026-03-02,244,"5.9.2"
"C17568",2023-12-09,2024-01-05,28,"5.9.2"
"C17568",2024-08-01,2026-01-09,527,"5.9.2"
"C17571",2023-06-04,2026-01-09,951,"5.9.2"
"C17574",2026-04-01,2026-09-30,183,"5.9.2"
"C17580",2023-08-03,2023-09-17,46,"5.9.2"
"C17580",2026-06-22,2026-07-04,13,"5.9.2"
"C17583",2026-03-02,2026-03-16,15,"5.9.2"
"C17583",2026-05-07,2026-06-03,28,"5.9.2"
"C17586",2026-05-04,2026-06-20,48,"5.9.2"
"C17592",2023-10-01,2024-06-04,248,"5.9.2"
"C17592",2025-03-28,2025-03-29,2,"5.9.2"
"C17595",2025-12-19,2026-04-04,107,"5.9.2"
"C17601",2025-12-22,2026-09-30,283,"5.9.2"
"C17613",2022-12-18,2025-12-16,1095,"5.9.2"
"C17619",2026-01-11,2026-02-07,28,"5.9.2"
"C17631",2026-06-13,2026-09-30,110,"5.9.2"
"C17643",2025-09-02,2026-09-30,394,"5.9.2"
"C17652",2024-12-04,2025-06-24,203,"5.9.2"
"C17652",2025-12-21,2026-09-30,284,"5.9.2"
"C17655",2023-10-01,2026-04-24,937,"5.9.2"
"C17658",2023-10-01,2023-10-06,6,"5.9.2"
"C17685",2025-03-10,2025-05-19,71,"5.9.2"
"C17685",2025-06-22,2025-07-07,16,"5.9.2"
"C17685",2025-07-31,2025-09-10,42,"5.9.2"
"C17691",2025-03-22,2025-10-17,210,"5.9.2"
"C17712",2024-11-26,2025-10-18,327,"5.9.2"
"C17721",2025-11-13,2026-09-30,322,"5.9.2"
"C17724",2023-07-01,2026-06-29,1095,"5.9.2"
"C17739",2024-04-05,2026-09-30,909,"5.9.2"
"C17745",2024-08-05,2025-04-23,262,"5.9.2"
"C17745",2026-01-01,2026-09-30,273,"5.9.2"
"C17760",2025-04-12,2025-10-06,178,"5.9.2"
"C17769",2022-12-05,2023-12-24,385,"5.9.2"
"C17769",2025-08-28,2025-10-08,42,"5.9.2"
"C17769",2025-11-10,2025-12-03,24,"5.9.2"
"C17772",2025-12-08,2026-06-07,182,"5.9.2"
"C17772",2026-06-16,2026-06-19,4,"5.9.2"
"C17772",2026-06-28,2026-07-01,4,"5.9.2"
"C17775",2023-10-01,2026-09-30,1096,"5.9.2"
"C17790",2025-08-21,2025-09-16,27,"5.9.2"
"C17796",2023-05-19,2026-05-17,1095,"5.9.2"
"C17805",2024-03-05,2024-04-10,37,"5.9.2"
"C17805",2024-07-22,2024-08-03,13,"5.9.2"
"C17805",2025-03-06,2025-05-28,84,"5.9.2"
"C17805",2025-10-18,2025-11-12,26,"5.9.2"
"C17811",2024-10-05,2025-07-13,282,"5.9.2"
"C17823",2024-08-04,2024-10-22,80,"5.9.2"
"C17823",2026-02-17,2026-06-05,109,"5.9.2"
"C17844",2023-10-01,2025-07-29,668,"5.9.2"
"C17844",2025-11-04,2026-09-30,331,"5.9.2"
"C17847",2025-01-04,2025-06-03,151,"5.9.2"
"C17874",2023-08-22,2023-10-27,67,"5.9.2"
"C17874",2023-12-07,2024-03-10,95,"5.9.2"
"C17874",2025-10-04,2025-11-13,41,"5.9.2"
"C17874",2025-12-13,2026-01-02,21,"5.9.2"
"C17877",2026-01-03,2026-09-30,271,"5.9.2"
"C17883",2023-10-01,2024-07-22,296,"5.9.2"
"C17898",2022-11-19,2024-07-08,598,"5.9.2"
"C17898",2024-10-16,2025-11-17,398,"5.9.2"
"C17901",2025-11-30,2026-09-30,305,"5.9.2"
"C17910",2023-02-27,2026-02-25,1095,"5.9.2"
"C17919",2025-07-31,2026-02-02,187,"5.9.2"
"C17922",2023-01-01,2025-12-11,1076,"5.9.2"
"C17928",2026-05-30,2026-07-09,41,"5.9.2"
"C17931",2025-09-18,2025-10-22,35,"5.9.2"
"C17934",2024-03-12,2024-05-31,81,"5.9.2"
"C17955",2023-05-18,2025-10-23,890,"5.9.2"
"C17958",2024-06-04,2025-04-17,318,"5.9.2"
"C17958",2025-07-17,2025-12-26,163,"5.9.2"
"C17967",2023-10-01,2026-04-20,933,"5.9.2"
"C17970",2023-05-29,2025-02-13,627,"5.9.2"
"C17970",2026-01-01,2026-05-27,147,"5.9.2"
"C17976",2023-10-01,2024-02-10,133,"5.9.2"
"C17976",2024-04-27,2026-09-30,887,"5.9.2"
"C17991",2026-05-16,2026-06-01,17,"5.9.2"
"C18009",2023-12-12,2024-02-21,72,"5.9.2"
"C18012",2024-09-27,2024-10-27,31,"5.9.2"
"C18012",2026-04-05,2026-06-15,72,"5.9.2"
"C18015",2023-12-17,2026-01-29,775,"5.9.2"
"C18039",2023-02-14,2025-07-11,879,"5.9.2"
"C18039",2025-12-21,2026-02-12,54,"5.9.2"
"C18066",2023-09-04,2026-01-09,859,"5.9.2"
"C18075",2025-06-03,2025-08-03,62,"5.9.2"
"C18099",2025-03-17,2025-05-26,71,"5.9.2"
"C18099",2025-09-18,2026-01-21,126,"5.9.2"
"C18102",2023-06-04,2026-06-02,1095,"5.9.2"
"C18105",2023-11-21,2024-01-12,53,"5.9.2"
"C18105",2025-05-10,2026-02-16,283,"5.9.2"
"C18105",2026-05-03,2026-06-30,59,"5.9.2"
"C18111",2024-02-25,2024-05-04,70,"5.9.2"
"C18111",2024-08-28,2025-10-20,419,"5.9.2"
"C18111",2026-05-15,2026-05-28,14,"5.9.2"
"C18114",2025-03-05,2025-04-21,48,"5.9.2"
"C18120",2022-12-21,2025-12-19,1095,"5.9.2"
"C18126",2026-01-04,2026-03-03,59,"5.9.2"
"C18132",2026-02-07,2026-05-10,93,"5.9.2"
"C18135",2026-02-07,2026-05-10,93,"5.9.2"
"C18144",2025-10-12,2025-10-30,19,"5.9.2"
"C18147",2023-10-01,2023-10-05,5,"5.9.2"
"C18147",2025-12-06,2026-01-31,57,"5.9.2"
"C18150",2023-10-01,2025-06-04,613,"5.9.2"
"C18150",2025-10-17,2026-07-12,269,"5.9.2"
"C18183",2024-04-27,2024-05-14,18,"5.9.2"
"C18183",2024-07-02,2024-07-25,24,"5.9.2"
"C18183",2025-10-04,2025-10-04,1,"5.9.2"
"C18186",2023-11-28,2026-02-24,820,"5.9.2"
"C18192",2026-03-06,2026-03-24,19,"5.9.2"
"C18207",2024-04-28,2024-05-18,21,"5.9.2"
"C18207",2025-12-18,2026-02-28,73,"5.9.2"
"C18213",2023-01-04,2025-08-31,971,"5.9.2"
"C18213",2025-11-09,2025-11-23,15,"5.9.2"
"C18213",2025-12-02,2026-01-02,32,"5.9.2"
"C18216",2024-02-07,2026-06-13,858,"5.9.2"
"C18219",2024-02-01,2026-05-09,829,"5.9.2"
"C18222",2025-12-04,2026-02-09,68,"5.9.2"
"C18246",2025-03-04,2026-06-21,475,"5.9.2"
"C18249",2025-04-17,2026-09-30,532,"5.9.2"
"C18270",2025-05-26,2025-10-18,146,"5.9.2"
"C18273",2025-05-31,2025-10-18,141,"5.9.2"
"C18288",2024-08-05,2026-01-26,540,"5.9.2"
"C18288",2026-07-13,2026-07-31,19,"5.9.2"
"C18312",2023-01-01,2025-05-01,852,"5.9.2"
"C18312",2025-05-14,2025-12-30,231,"5.9.2"
"C18318",2025-03-01,2026-01-30,336,"5.9.2"
"C18324",2023-01-31,2026-01-29,1095,"5.9.2"
"C18336",2024-11-16,2025-12-21,401,"5.9.2"
"C18351",2023-03-17,2023-05-19,64,"5.9.2"
"C18351",2024-04-25,2024-10-14,173,"5.9.2"
"C18351",2025-12-21,2026-03-02,72,"5.9.2"
"C18405",2023-10-01,2026-09-30,1096,"5.9.2"
"C18408",2023-08-09,2023-09-04,27,"5.9.2"
"C18408",2025-02-15,2026-01-08,328,"5.9.2"
"C18411",2024-01-18,2026-09-30,987,"5.9.2"
"C18429",2026-01-26,2026-03-10,44,"5.9.2"
"C18441",2025-04-22,2025-09-18,150,"5.9.2"
"C18450",2023-04-06,2026-04-04,1095,"5.9.2"
"C18459",2025-09-06,2025-10-15,40,"5.9.2"
"C18486",2023-08-06,2023-09-29,55,"5.9.2"
"C18486",2025-08-25,2025-09-04,11,"5.9.2"
"C18486",2025-11-02,2026-03-27,146,"5.9.2"
"C18486",2026-05-13,2026-07-20,69,"5.9.2"
"C18486",2026-08-04,2026-08-04,1,"5.9.2"
"C18492",2023-06-18,2024-06-25,374,"5.9.2"
"C18492",2024-12-02,2025-01-13,43,"5.9.2"
"C18492",2025-11-08,2026-02-28,113,"5.9.2"
"C18492",2026-03-15,2026-04-02,19,"5.9.2"
"C18504",2024-05-27,2024-08-02,68,"5.9.2"
"C18504",2025-11-29,2026-02-09,73,"5.9.2"
"C18507",2022-12-13,2023-12-16,369,"5.9.2"
"C18507",2025-11-23,2025-12-08,16,"5.9.2"
"C18525",2025-10-12,2026-01-22,103,"5.9.2"
"C18540",2025-11-08,2026-01-18,72,"5.9.2"
"C18543",2023-06-01,2025-03-03,642,"5.9.2"
"C18543",2025-08-04,2025-11-14,103,"5.9.2"
"C18546",2023-09-24,2023-10-08,15,"5.9.2"
"C18546",2025-12-26,2026-06-19,176,"5.9.2"
"C18549",2024-06-07,2024-07-23,47,"5.9.2"
"C18549",2025-04-04,2025-05-27,54,"5.9.2"
"C18549",2026-02-03,2026-06-12,130,"5.9.2"
"C18564",2026-03-18,2026-04-25,39,"5.9.2"
"C18570",2023-05-30,2025-04-17,689,"5.9.2"
"C18570",2025-10-31,2026-05-28,210,"5.9.2"
"C18585",2023-03-27,2024-05-09,410,"5.9.2"
"C18585",2024-06-01,2024-06-16,16,"5.9.2"
"C18585",2024-07-19,2024-08-03,16,"5.9.2"
"C18585",2024-08-25,2024-09-11,18,"5.9.2"
"C18585",2024-10-10,2024-11-15,37,"5.9.2"
"C18585",2025-07-05,2025-10-24,112,"5.9.2"
"C18585",2025-11-10,2026-03-25,136,"5.9.2"
"C18588",2025-04-30,2025-11-19,204,"5.9.2"
"C18606",2024-10-22,2025-07-23,275,"5.9.2"
"C18609",2023-10-01,2023-12-14,75,"5.9.2"
"C18609",2024-03-05,2024-08-07,156,"5.9.2"
"C18609",2024-08-19,2024-10-19,62,"5.9.2"
"C18618",2025-11-08,2025-12-02,25,"5.9.2"
"C18621",2024-02-13,2026-04-26,804,"5.9.2"
"C18624",2025-07-19,2025-09-14,58,"5.9.2"
"C18627",2024-04-05,2025-04-07,368,"5.9.2"
"C18627",2025-10-05,2026-02-28,147,"5.9.2"
"C18636",2024-11-05,2025-05-08,185,"5.9.2"
"C18636",2025-07-05,2025-12-05,154,"5.9.2"
"C18636",2025-12-25,2026-01-20,27,"5.9.2"
"C18657",2023-08-12,2025-03-28,595,"5.9.2"
"C18657",2025-09-04,2025-10-02,29,"5.9.2"
"C18663",2026-01-05,2026-02-14,41,"5.9.2"
"C18681",2024-06-01,2024-08-19,80,"5.9.2"
"C18681",2025-06-19,2026-02-12,239,"5.9.2"
"C18681",2026-02-25,2026-04-25,60,"5.9.2"
"C18696",2025-12-27,2026-01-13,18,"5.9.2"
"C18702",2025-09-22,2025-10-20,29,"5.9.2"
"C18702",2026-04-28,2026-06-05,39,"5.9.2"
"C18705",2025-10-04,2025-11-09,37,"5.9.2"
"C18729",2026-07-07,2026-07-26,20,"5.9.2"
"C18738",2024-10-08,2024-11-26,50,"5.9.2"
"C18738",2025-08-08,2025-10-31,85,"5.9.2"
"C18750",2025-11-08,2025-12-02,25,"5.9.2"
"C18753",2026-02-16,2026-04-01,45,"5.9.2"
"C18756",2025-12-25,2026-01-31,38,"5.9.2"
"C18759",2025-03-13,2025-06-03,83,"5.9.2"
"C18762",2023-10-01,2025-03-09,526,"5.9.2"
"C18762",2025-08-08,2025-08-09,2,"5.9.2"
"C18765",2023-10-01,2025-08-03,673,"5.9.2"
"C18774",2023-09-08,2023-09-24,17,"5.9.2"
"C18774",2024-06-05,2024-06-27,23,"5.9.2"
"C18774",2024-11-22,2024-12-13,22,"5.9.2"
"C18774",2025-05-21,2025-06-12,23,"5.9.2"
"C18774",2025-09-02,2025-10-27,56,"5.9.2"
"C18774",2026-01-13,2026-01-27,15,"5.9.2"
"C18777",2023-12-19,2025-12-17,730,"5.9.2"
"C18786",2023-12-05,2025-05-18,531,"5.9.2"
"C18786",2026-05-09,2026-09-30,145,"5.9.2"
"C18792",2023-10-01,2026-09-30,1096,"5.9.2"
"C18795",2026-01-30,2026-02-12,14,"5.9.2"
"C18798",2024-11-17,2025-01-03,48,"5.9.2"
"C18798",2026-05-19,2026-07-04,47,"5.9.2"
"C18801",2025-05-20,2025-07-24,66,"5.9.2"
"C18801",2026-06-05,2026-09-30,118,"5.9.2"
"C18810",2025-04-06,2025-07-21,107,"5.9.2"
"C18852",2026-02-25,2026-07-09,135,"5.9.2"
"C18861",2023-02-25,2026-02-23,1095,"5.9.2"
"C18921",2024-05-07,2024-12-03,211,"5.9.2"
"C18921",2024-12-29,2025-03-01,63,"5.9.2"
"C18921",2025-11-07,2025-11-21,15,"5.9.2"
"C18921",2026-02-24,2026-09-30,219,"5.9.2"
"C18942",2025-03-04,2026-03-22,384,"5.9.2"
"C18954",2023-09-04,2025-09-12,740,"5.9.2"
"C18960",2026-05-31,2026-09-30,123,"5.9.2"
"C18963",2025-11-17,2026-07-25,251,"5.9.2"
"C18966",2026-06-02,2026-07-21,50,"5.9.2"
"C18969",2024-07-07,2024-08-30,55,"5.9.2"
"C18984",2023-10-01,2024-03-30,182,"5.9.2"
"C18984",2024-05-05,2025-04-25,356,"5.9.2"
"C18987",2023-12-05,2024-01-25,52,"5.9.2"
"C18987",2025-01-06,2025-01-31,26,"5.9.2"
"C18987",2026-01-07,2026-01-24,18,"5.9.2"
"C18999",2023-04-14,2024-05-11,394,"5.9.2"
"C18999",2025-08-17,2025-11-18,94,"5.9.2"
"C18999",2025-11-27,2026-01-03,38,"5.9.2"
"C19002",2023-06-01,2025-01-20,600,"5.9.2"
"C19002",2026-02-17,2026-04-29,72,"5.9.2"
"C19002",2026-05-12,2026-05-30,19,"5.9.2"
"C19011",2026-06-29,2026-09-30,94,"5.9.2"
"C19020",2023-10-01,2024-01-21,113,"5.9.2"
"C19020",2024-06-13,2026-04-20,677,"5.9.2"
"C19023",2023-09-10,2023-09-14,5,"5.9.2"
"C19035",2026-03-18,2026-04-02,16,"5.9.2"
"C19047",2026-01-12,2026-02-06,26,"5.9.2"
"C19062",2023-02-06,2023-08-25,201,"5.9.2"
"C19062",2023-12-29,2025-07-10,560,"5.9.2"
"C19062",2025-10-02,2025-10-22,21,"5.9.2"
"C19062",2025-11-10,2025-12-09,30,"5.9.2"
"C19071",2025-04-03,2026-05-01,394,"5.9.2"
"C19080",2024-10-05,2025-08-03,303,"5.9.2"
"C19098",2023-07-10,2025-11-27,872,"5.9.2"
"C19107",2026-03-07,2026-03-27,21,"5.9.2"
"C19110",2026-07-18,2026-09-30,75,"5.9.2"
"C19119",2024-07-02,2024-07-26,25,"5.9.2"
"C19119",2026-06-03,2026-07-02,30,"5.9.2"
"C19134",2023-10-01,2023-11-14,45,"5.9.2"
"C19134",2024-05-31,2025-03-02,276,"5.9.2"
"C19137",2023-10-01,2026-04-20,933,"5.9.2"
"C19140",2024-03-05,2025-12-26,662,"5.9.2"
"C19143",2024-01-03,2024-05-16,135,"5.9.2"
"C19143",2026-03-15,2026-04-07,24,"5.9.2"
"C19146",2023-11-04,2025-08-09,645,"5.9.2"
"C19161",2025-10-10,2025-10-26,17,"5.9.2"
"C19164",2026-04-13,2026-07-07,86,"5.9.2"
"C19185",2022-11-16,2025-06-05,933,"5.9.2"
"C19197",2026-06-25,2026-09-30,98,"5.9.2"
"C19200",2026-07-11,2026-09-30,82,"5.9.2"
"C19209",2026-04-16,2026-06-01,47,"5.9.2"
"C19212",2025-07-12,2025-09-15,66,"5.9.2"
"C19212",2025-10-05,2025-11-11,38,"5.9.2"
"C19212",2025-12-22,2026-02-04,45,"5.9.2"
"C19227",2024-12-29,2025-03-21,83,"5.9.2"
"C19227",2025-12-11,2025-12-24,14,"5.9.2"
"C19242",2026-04-24,2026-06-09,47,"5.9.2"
"C19260",2023-10-01,2023-10-20,20,"5.9.2"
"C19260",2026-02-10,2026-04-07,57,"5.9.2"
"C19272",2026-06-13,2026-07-11,29,"5.9.2"
"C19275",2026-01-04,2026-01-23,20,"5.9.2"
"C19281",2023-09-14,2023-10-27,44,"5.9.2"
"C19281",2025-04-10,2025-04-24,15,"5.9.2"
"C19281",2025-11-07,2025-11-20,14,"5.9.2"
"C19281",2025-12-05,2026-01-02,29,"5.9.2"
"C19296",2023-01-18,2023-04-21,94,"5.9.2"
"C19296",2024-05-16,2026-01-16,611,"5.9.2"
"C19311",2026-03-27,2026-09-30,188,"5.9.2"
"C19314",2026-03-27,2026-09-30,188,"5.9.2"
"C19341",2024-11-17,2024-12-17,31,"5.9.2"
"C19341",2025-06-23,2025-08-27,66,"5.9.2"
"C19341",2025-11-02,2026-04-15,165,"5.9.2"
"C19341",2026-07-04,2026-09-30,89,"5.9.2"
"C19347",2025-01-04,2025-02-10,38,"5.9.2"
"C19347",2025-09-01,2026-09-30,395,"5.9.2"
"C19350",2025-12-31,2026-01-16,17,"5.9.2"
"C19353",2023-10-01,2026-09-30,1096,"5.9.2"
"C19356",2025-03-04,2025-06-03,92,"5.9.2"
"C19365",2025-03-04,2025-06-03,92,"5.9.2"
"C19395",2024-05-29,2025-01-31,248,"5.9.2"
"C19395",2025-12-28,2026-01-20,24,"5.9.2"
"C19407",2026-05-17,2026-06-07,22,"5.9.2"
"C19461",2024-10-12,2024-12-10,60,"5.9.2"
"C19461",2025-11-06,2026-05-09,185,"5.9.2"
"C19464",2023-10-01,2024-05-24,237,"5.9.2"
"C19464",2025-03-13,2025-03-22,10,"5.9.2"
"C19464",2025-04-19,2026-07-23,461,"5.9.2"
"C19467",2026-05-18,2026-06-05,19,"5.9.2"
"C19482",2025-10-25,2025-12-17,54,"5.9.2"
"C19488",2023-11-05,2023-12-18,44,"5.9.2"
"C19488",2024-01-04,2024-01-23,20,"5.9.2"
"C19488",2024-07-16,2024-12-10,148,"5.9.2"
"C19488",2026-04-09,2026-07-02,85,"5.9.2"
"C19488",2026-07-26,2026-09-30,67,"5.9.2"
"C19491",2023-07-28,2023-09-05,40,"5.9.2"
"C19491",2025-05-12,2025-08-25,106,"5.9.2"
"C19491",2026-03-01,2026-04-28,59,"5.9.2"
"C19497",2024-05-06,2024-06-23,49,"5.9.2"
"C19497",2025-12-05,2026-09-30,300,"5.9.2"
"C19548",2023-04-17,2023-06-03,48,"5.9.2"
"C19548",2025-06-30,2026-01-03,188,"5.9.2"
"C19557",2025-07-05,2025-11-30,149,"5.9.2"
"C19563",2024-06-04,2024-07-12,39,"5.9.2"
"C19563",2026-01-05,2026-01-20,16,"5.9.2"
"C19572",2025-12-05,2026-07-25,233,"5.9.2"
"C19587",2026-02-13,2026-04-04,51,"5.9.2"
"C19590",2026-02-13,2026-04-04,51,"5.9.2"
"C19617",2023-08-15,2023-09-03,20,"5.9.2"
"C19617",2023-10-16,2023-11-03,19,"5.9.2"
"C19617",2026-01-22,2026-02-14,24,"5.9.2"
"C19617",2026-06-06,2026-07-15,40,"5.9.2"
"C19620",2024-04-05,2026-09-30,909,"5.9.2"
"C19635",2025-07-05,2025-12-19,168,"5.9.2"
"C19644",2025-03-10,2025-09-23,198,"5.9.2"
"C19650",2023-05-22,2023-10-18,150,"5.9.2"
"C19650",2025-10-08,2025-12-31,85,"5.9.2"
"C19653",2024-11-05,2026-06-25,598,"5.9.2"
"C19674",2025-04-04,2026-09-30,545,"5.9.2"
"C19677",2022-11-23,2024-06-27,583,"5.9.2"
"C19677",2024-08-04,2025-01-08,158,"5.9.2"
"C19677",2025-07-14,2025-11-21,131,"5.9.2"
"C19686",2026-05-01,2026-06-02,33,"5.9.2"
"C19686",2026-06-11,2026-07-02,22,"5.9.2"
"C19686",2026-07-14,2026-08-04,22,"5.9.2"
"C19692",2024-09-09,2024-10-02,24,"5.9.2"
"C19692",2025-09-13,2025-10-16,34,"5.9.2"
"C19704",2025-12-18,2026-01-16,30,"5.9.2"
"C19710",2023-10-01,2023-11-04,35,"5.9.2"
"C19716",2023-10-01,2026-09-30,1096,"5.9.2"
"C19722",2024-07-05,2024-07-21,17,"5.9.2"
"C19722",2025-09-25,2025-11-30,67,"5.9.2"
"C19743",2025-12-26,2026-01-24,30,"5.9.2"
"C19776",2025-10-16,2025-11-05,21,"5.9.2"
"C19785",2025-06-06,2025-11-18,166,"5.9.2"
"C19791",2025-09-04,2025-10-24,51,"5.9.2"
"C19791",2026-02-17,2026-05-23,96,"5.9.2"
"C19794",2025-08-18,2025-09-13,27,"5.9.2"
"C19812",2026-02-27,2026-06-12,106,"5.9.2"
"C19815",2026-02-27,2026-06-12,106,"5.9.2"
"C19839",2024-04-23,2024-07-04,73,"5.9.2"
"C19839",2026-04-05,2026-07-17,104,"5.9.2"
"C19860",2023-10-01,2025-11-03,765,"5.9.2"
"C19860",2025-11-18,2026-09-30,317,"5.9.2"
"C19863",2024-11-21,2026-09-30,679,"5.9.2"
"C19866",2024-01-06,2024-06-02,149,"5.9.2"
"C19866",2024-10-05,2024-10-17,13,"5.9.2"
"C19866",2024-11-04,2025-02-28,117,"5.9.2"
"C19866",2025-08-14,2025-09-15,33,"5.9.2"
"C19866",2025-10-06,2025-10-31,26,"5.9.2"
"C19872",2026-06-08,2026-06-20,13,"5.9.2"
"C19875",2025-06-02,2025-09-24,115,"5.9.2"
"C19881",2024-07-24,2024-08-07,15,"5.9.2"
"C19881",2025-03-08,2025-03-25,18,"5.9.2"
"C19881",2025-05-19,2025-05-20,2,"5.9.2"
"C19881",2025-11-29,2026-01-11,44,"5.9.2"
"C19887",2024-12-06,2025-01-31,57,"5.9.2"
"C19887",2025-12-28,2026-01-20,24,"5.9.2"
"C19899",2025-06-26,2025-07-15,20,"5.9.2"
"C19899",2026-01-15,2026-02-04,21,"5.9.2"
"C19914",2026-07-12,2026-08-02,22,"5.9.2"
"C19923",2025-06-11,2025-06-30,20,"5.9.2"
"C19923",2026-02-08,2026-03-11,32,"5.9.2"
"C19932",2025-01-23,2025-02-06,15,"5.9.2"
"C19932",2025-12-21,2026-01-17,28,"5.9.2"
"C19935",2026-06-16,2026-08-01,47,"5.9.2"
"C19941",2026-06-24,2026-07-22,29,"5.9.2"
"C19947",2023-05-04,2026-03-14,1046,"5.9.2"
"C19953",2023-07-27,2023-08-25,30,"5.9.2"
"C19953",2025-01-04,2025-07-03,181,"5.9.2"
"C19965",2025-10-07,2025-10-26,20,"5.9.2"
"C19965",2025-12-05,2026-05-04,151,"5.9.2"
"C19983",2024-04-05,2026-03-25,720,"5.9.2"
"C20001",2025-10-20,2026-05-06,199,"5.9.2"
"C20004",2023-10-01,2026-09-30,1096,"5.9.2"
"C20007",2025-09-13,2026-09-30,383,"5.9.2"
"C20019",2023-04-03,2023-11-12,224,"5.9.2"
"C20022",2025-07-02,2025-08-24,54,"5.9.2"
"C20025",2023-04-02,2023-09-23,175,"5.9.2"
"C20025",2025-05-24,2026-03-31,312,"5.9.2"
"C20028",2023-11-04,2026-04-20,899,"5.9.2"
"C20037",2026-03-06,2026-06-25,112,"5.9.2"
"C20040",2025-06-26,2025-07-14,19,"5.9.2"
"C20040",2026-05-05,2026-05-23,19,"5.9.2"
"C20070",2026-03-17,2026-05-16,61,"5.9.2"
"C20115",2023-10-01,2024-03-29,181,"5.9.2"
"C20115",2025-08-16,2025-11-20,97,"5.9.2"
"C20115",2025-12-26,2026-02-24,61,"5.9.2"
"C20115",2026-06-26,2026-09-30,97,"5.9.2"
"C20118",2024-06-06,2024-06-28,23,"5.9.2"
"C20118",2025-01-06,2025-02-13,39,"5.9.2"
"C20118",2026-06-26,2026-09-30,97,"5.9.2"
"C20121",2025-10-02,2025-10-20,19,"5.9.2"
"C20151",2023-10-04,2024-12-16,440,"5.9.2"
"C20151",2025-10-17,2025-10-18,2,"5.9.2"
"C20178",2024-12-13,2024-12-26,14,"5.9.2"
"C20178",2025-11-13,2025-12-02,20,"5.9.2"
"C20181",2025-05-04,2025-08-03,92,"5.9.2"
"C20187",2023-10-01,2024-04-08,191,"5.9.2"
"C20196",2025-03-19,2025-04-26,39,"5.9.2"
"C20196",2025-08-27,2025-10-06,41,"5.9.2"
"C20196",2026-01-20,2026-03-10,50,"5.9.2"
"C20199",2025-06-25,2025-07-09,15,"5.9.2"
"C20199",2025-10-20,2025-11-17,29,"5.9.2"
"C20199",2025-12-23,2026-01-05,14,"5.9.2"
"C20211",2026-05-29,2026-06-16,19,"5.9.2"
"C20214",2024-08-04,2024-09-14,42,"5.9.2"
"C20214",2024-10-25,2025-10-22,363,"5.9.2"
"C20214",2025-12-22,2026-03-03,72,"5.9.2"
"C20223",2026-05-09,2026-05-28,20,"5.9.2"
"C20226",2026-05-09,2026-05-28,20,"5.9.2"
"C20244",2025-02-01,2026-07-06,521,"5.9.2"
"C20253",2026-03-13,2026-04-19,38,"5.9.2"
"C20286",2025-11-12,2026-01-23,73,"5.9.2"
"C20292",2025-09-05,2025-09-30,26,"5.9.2"
"C20301",2026-05-23,2026-06-14,23,"5.9.2"
"C20340",2023-11-04,2023-12-23,50,"5.9.2"
"C20340",2025-12-18,2026-01-13,27,"5.9.2"
"C20382",2024-04-15,2024-04-15,1,"5.9.2"
"C20382",2026-02-28,2026-06-24,117,"5.9.2"
"C20391",2023-04-04,2026-03-06,1068,"5.9.2"
"C20394",2023-10-01,2026-05-09,952,"5.9.2"
"C20412",2025-12-14,2026-01-20,38,"5.9.2"
"C20415",2026-01-25,2026-02-13,20,"5.9.2"
"C20430",2025-04-04,2025-12-06,247,"5.9.2"
"C20430",2025-12-14,2026-03-09,86,"5.9.2"
"C20433",2024-12-07,2025-01-12,37,"5.9.2"
"C20433",2025-06-19,2025-07-15,27,"5.9.2"
"C20433",2025-09-14,2025-12-15,93,"5.9.2"
"C20439",2023-06-13,2023-11-17,158,"5.9.2"
"C20439",2025-03-23,2026-01-27,311,"5.9.2"
"C20442",2023-06-13,2023-11-17,158,"5.9.2"
"C20442",2025-04-28,2026-01-27,275,"5.9.2"
"C20448",2023-04-04,2023-11-12,223,"5.9.2"
"C20457",2023-07-01,2025-10-07,830,"5.9.2"
"C20457",2025-10-16,2026-03-04,140,"5.9.2"
"C20472",2024-02-28,2026-04-02,765,"5.9.2"
"C20475",2023-05-30,2025-09-13,838,"5.9.2"
"C20475",2025-09-24,2025-09-30,7,"5.9.2"
"C20484",2025-04-08,2025-07-26,110,"5.9.2"
"C20487",2024-10-26,2025-02-08,106,"5.9.2"
"C20487",2025-08-13,2025-10-22,71,"5.9.2"
"C20487",2026-01-12,2026-04-29,108,"5.9.2"
"C20496",2025-11-09,2025-12-17,39,"5.9.2"
"C20499",2024-03-20,2024-03-20,1,"5.9.2"
"C20499",2024-03-31,2024-04-17,18,"5.9.2"
"C20499",2025-06-14,2025-07-10,27,"5.9.2"
"C20529",2023-06-19,2024-11-21,522,"5.9.2"
"C20529",2025-08-04,2026-06-17,318,"5.9.2"
"C20532",2025-11-10,2026-06-10,213,"5.9.2"
"C20565",2025-07-07,2025-07-30,24,"5.9.2"
"C20565",2025-09-06,2025-09-12,7,"5.9.2"
"C20670",2024-10-05,2024-10-18,14,"5.9.2"
"C20670",2024-11-14,2026-01-07,420,"5.9.2"
"C20709",2023-07-17,2023-08-27,42,"5.9.2"
"C20709",2025-05-04,2026-01-09,251,"5.9.2"
"C20712",2023-02-12,2026-01-09,1063,"5.9.2"
"C20730",2023-01-22,2023-12-12,325,"5.9.2"
"C20730",2025-11-07,2025-12-03,27,"5.9.2"
"C20730",2025-12-24,2026-01-20,28,"5.9.2"
"C20733",2025-05-26,2025-08-07,74,"5.9.2"
"C20733",2026-06-13,2026-09-30,110,"5.9.2"
"C20736",2022-11-15,2024-02-06,449,"5.9.2"
"C20736",2025-01-29,2025-02-27,30,"5.9.2"
"C20745",2025-01-03,2025-04-26,114,"5.9.2"
"C20748",2023-07-16,2023-08-27,43,"5.9.2"
"C20748",2024-11-26,2025-03-10,105,"5.9.2"
"C20748",2025-10-04,2025-10-23,20,"5.9.2"
"C20748",2026-06-01,2026-07-14,44,"5.9.2"
"C20751",2025-01-03,2025-02-06,35,"5.9.2"
"C20751",2026-01-06,2026-04-19,104,"5.9.2"
"C20760",2023-10-01,2024-02-16,139,"5.9.2"
"C20760",2024-03-02,2026-05-04,794,"5.9.2"
"C20775",2023-06-07,2024-06-28,388,"5.9.2"
"C20775",2025-03-08,2026-02-10,340,"5.9.2"
"C20775",2026-04-16,2026-06-05,51,"5.9.2"
"C20781",2024-09-05,2024-09-11,7,"5.9.2"
"C20781",2024-11-27,2024-11-28,2,"5.9.2"
"C20784",2024-01-14,2026-01-13,731,"5.9.2"
"C20784",2026-04-21,2026-09-30,163,"5.9.2"
"C20808",2023-07-27,2026-06-17,1057,"5.9.2"
"C20814",2023-07-25,2023-08-23,30,"5.9.2"
"C20814",2026-03-10,2026-03-27,18,"5.9.2"
"C20835",2023-03-18,2023-07-30,135,"5.9.2"
"C20835",2025-09-24,2025-11-03,41,"5.9.2"
"C20838",2023-05-04,2023-11-06,187,"5.9.2"
"C20838",2025-10-18,2025-12-08,52,"5.9.2"
"C20838",2026-01-01,2026-01-20,20,"5.9.2"
"C20874",2025-09-17,2025-10-06,20,"5.9.2"
"C20877",2026-02-03,2026-09-30,240,"5.9.2"
"C20880",2022-10-03,2023-08-29,331,"5.9.2"
"C20880",2025-08-23,2025-10-01,40,"5.9.2"
"C20910",2023-06-06,2024-10-26,509,"5.9.2"
"C20910",2025-09-19,2026-02-04,139,"5.9.2"
"C20916",2025-11-23,2026-03-03,101,"5.9.2"
"C20922",2022-11-16,2025-04-18,885,"5.9.2"
"C20925",2025-06-20,2026-02-05,231,"5.9.2"
"C20928",2023-08-01,2025-01-27,546,"5.9.2"
"C20928",2026-05-01,2026-05-19,19,"5.9.2"
"C20949",2025-05-02,2025-06-07,37,"5.9.2"
"C20949",2025-06-15,2025-10-16,124,"5.9.2"
"C20979",2023-04-08,2023-11-23,230,"5.9.2"
"C20979",2025-03-10,2025-06-30,113,"5.9.2"
"C21000",2023-02-09,2025-05-14,826,"5.9.2"
"C21006",2023-03-08,2026-02-10,1071,"5.9.2"
"C21009",2025-01-13,2025-02-08,27,"5.9.2"
"C21009",2025-10-01,2025-11-05,36,"5.9.2"
"C21024",2023-11-14,2024-04-04,143,"5.9.2"
"C21024",2024-08-21,2025-03-10,202,"5.9.2"
"C21024",2025-07-28,2025-08-21,25,"5.9.2"
"C21024",2025-10-25,2026-01-03,71,"5.9.2"
"C21030",2023-07-26,2023-08-25,31,"5.9.2"
"C21030",2025-01-04,2025-07-03,181,"5.9.2"
"C21072",2023-10-12,2024-03-06,147,"5.9.2"
"C21072",2025-12-21,2026-06-16,178,"5.9.2"
"C21090",2024-05-12,2025-10-13,520,"5.9.2"
"C21108",2023-11-30,2023-12-21,22,"5.9.2"
"C21108",2024-02-24,2024-03-08,14,"5.9.2"
"C21108",2026-05-23,2026-06-04,13,"5.9.2"
"C21117",2025-11-04,2026-04-16,164,"5.9.2"
"C21162",2024-03-19,2024-05-31,74,"5.9.2"
"C21162",2025-03-27,2025-04-23,28,"5.9.2"
"C21231",2026-01-05,2026-04-22,108,"5.9.2"
"C21255",2022-12-23,2025-12-21,1095,"5.9.2"
"C21264",2023-10-04,2025-01-22,477,"5.9.2"
"C21273",2023-07-14,2025-08-23,772,"5.9.2"
"C21327",2023-08-26,2023-09-28,34,"5.9.2"
"C21351",2024-11-29,2026-02-06,435,"5.9.2"
"C21402",2024-11-02,2024-11-14,13,"5.9.2"
"C21402",2025-02-28,2025-12-16,292,"5.9.2"
"C21423",2025-06-19,2026-09-30,469,"5.9.2"
"C21432",2023-07-02,2026-06-30,1095,"5.9.2"
"C21438",2025-11-27,2025-12-15,19,"5.9.2"
"C21441",2023-09-18,2023-12-08,82,"5.9.2"
"C21441",2025-06-07,2025-06-22,16,"5.9.2"
"C21456",2023-09-04,2023-10-30,57,"5.9.2"
"C21456",2025-07-11,2025-10-20,102,"5.9.2"
"C21567",2023-09-06,2023-10-08,33,"5.9.2"
"C21567",2024-09-30,2025-01-12,105,"5.9.2"
"C21570",2023-10-01,2024-08-11,316,"5.9.2"
"C21570",2025-01-04,2026-04-24,476,"5.9.2"
"C21576",2023-09-08,2023-09-20,13,"5.9.2"
"C21579",2025-07-01,2025-10-19,111,"5.9.2"
"C21600",2026-03-05,2026-09-30,210,"5.9.2"
"C21603",2023-10-01,2023-10-21,21,"5.9.2"
"C21603",2025-11-13,2025-12-03,21,"5.9.2"
"C21603",2026-01-06,2026-02-10,36,"5.9.2"
"C21603",2026-06-23,2026-09-30,100,"5.9.2"
"C21606",2026-05-16,2026-05-28,13,"5.9.2"
"C21612",2023-09-03,2023-10-10,38,"5.9.2"
"C21612",2023-10-18,2023-10-22,5,"5.9.2"
"C21612",2025-03-07,2025-03-22,16,"5.9.2"
"C21612",2025-07-20,2025-08-05,17,"5.9.2"
"C21612",2025-11-30,2026-01-11,43,"5.9.2"
"C21651",2022-11-23,2024-07-11,597,"5.9.2"
"C21651",2025-05-02,2025-11-21,204,"5.9.2"
"C21681",2025-09-07,2025-10-29,53,"5.9.2"
"C21684",2025-03-24,2025-04-05,13,"5.9.2"
"C21684",2025-07-10,2026-09-30,448,"5.9.2"
"C21705",2023-04-04,2024-04-10,373,"5.9.2"
"C21705",2025-12-09,2026-02-24,78,"5.9.2"
"C21741",2023-10-01,2024-04-22,205,"5.9.2"
"C21789",2023-05-17,2026-02-02,993,"5.9.2"
"C21795",2026-03-11,2026-06-01,83,"5.9.2"
"C21852",2026-04-05,2026-06-05,62,"5.9.2"
"C21879",2022-11-20,2025-11-18,1095,"5.9.2"
"C21885",2023-06-04,2025-12-19,930,"5.9.2"
"C21888",2023-09-04,2023-09-28,25,"5.9.2"
"C21888",2023-11-25,2024-04-17,145,"5.9.2"
"C21888",2024-12-07,2024-12-09,3,"5.9.2"
"C21888",2025-01-03,2025-02-03,32,"5.9.2"
"C21888",2026-02-03,2026-06-18,136,"5.9.2"
"C21888",2026-06-26,2026-06-29,4,"5.9.2"
"C21891",2023-09-17,2023-10-12,26,"5.9.2"
"C21891",2024-10-26,2024-11-12,18,"5.9.2"
"C21891",2025-06-29,2026-05-15,321,"5.9.2"
"C21894",2023-09-17,2023-11-13,58,"5.9.2"
"C21894",2025-07-23,2025-12-17,148,"5.9.2"
"C21897",2023-09-17,2023-12-19,94,"5.9.2"
"C21897",2025-03-26,2025-12-17,267,"5.9.2"
"C21909",2026-03-17,2026-03-17,1,"5.9.2"
"C21915",2026-04-19,2026-05-16,28,"5.9.2"
"C21954",2023-09-14,2023-10-11,28,"5.9.2"
"C21954",2023-12-03,2023-12-19,17,"5.9.2"
"C21954",2026-03-10,2026-03-28,19,"5.9.2"
"C21957",2025-03-04,2025-04-02,30,"5.9.2"
"C21957",2025-06-07,2025-06-19,13,"5.9.2"
"C21957",2026-07-11,2026-09-30,82,"5.9.2"
"C21978",2023-10-01,2024-02-05,128,"5.9.2"
"C21978",2024-08-19,2025-12-06,475,"5.9.2"
"C22014",2023-09-22,2023-10-08,17,"5.9.2"
"C22014",2024-09-05,2025-03-07,184,"5.9.2"
"C22014",2025-11-04,2026-05-04,182,"5.9.2"
"C22083",2023-07-05,2026-02-04,946,"5.9.2"
"C22098",2024-09-16,2025-10-08,388,"5.9.2"
"C22116",2023-09-25,2023-12-13,80,"5.9.2"
"C22116",2025-12-22,2026-02-14,55,"5.9.2"
"C22122",2023-07-28,2023-11-27,123,"5.9.2"
"C22122",2025-01-17,2025-06-29,164,"5.9.2"
"C22122",2026-01-09,2026-07-26,199,"5.9.2"
"C22131",2026-05-16,2026-05-24,9,"5.9.2"
"C22131",2026-07-09,2026-09-30,84,"5.9.2"
"C22152",2023-09-23,2024-01-05,105,"5.9.2"
"C22152",2024-11-05,2025-06-06,214,"5.9.2"
"C22155",2023-09-22,2024-03-22,183,"5.9.2"
"C22203",2023-10-03,2023-10-16,14,"5.9.2"
"C22203",2025-01-03,2026-06-16,530,"5.9.2"
"C22275",2023-10-01,2024-04-29,212,"5.9.2"
"C22308",2025-09-21,2025-10-07,17,"5.9.2"
"C22335",2026-01-11,2026-02-02,23,"5.9.2"
"C22344",2023-12-21,2024-01-11,22,"5.9.2"
"C22344",2025-11-29,2025-12-21,23,"5.9.2"
"C22344",2026-03-17,2026-03-31,15,"5.9.2"
"C22362",2023-11-13,2024-01-29,78,"5.9.2"
"C22362",2025-11-16,2025-12-03,18,"5.9.2"
"C22374",2023-10-08,2023-10-23,16,"5.9.2"
"C22374",2023-11-23,2023-12-08,16,"5.9.2"
"C22374",2025-10-28,2025-11-13,17,"5.9.2"
"C22383",2023-01-22,2023-12-08,321,"5.9.2"
"C22383",2024-04-05,2025-02-27,329,"5.9.2"
"C22383",2025-03-11,2025-08-20,163,"5.9.2"
"C22383",2025-12-21,2026-01-20,31,"5.9.2"
"C22386",2026-06-27,2026-09-30,96,"5.9.2"
"C22461",2026-03-24,2026-05-22,60,"5.9.2"
"C22491",2023-10-14,2023-11-02,20,"5.9.2"
"C22491",2025-11-17,2025-12-05,19,"5.9.2"
"C22491",2025-12-29,2026-01-14,17,"5.9.2"
"C22491",2026-04-10,2026-04-30,21,"5.9.2"
"C22494",2023-10-07,2024-01-22,108,"5.9.2"
"C22494",2025-10-09,2026-03-17,160,"5.9.2"
"C22515",2023-12-25,2024-01-06,13,"5.9.2"
"C22515",2025-06-08,2025-06-29,22,"5.9.2"
"C22515",2025-08-07,2026-09-30,420,"5.9.2"
"C22518",2023-09-12,2023-12-06,86,"5.9.2"
"C22518",2025-04-18,2026-02-14,303,"5.9.2"
"C22539",2023-08-04,2023-11-27,116,"5.9.2"
"C22539",2024-07-28,2024-08-13,17,"5.9.2"
"C22539",2025-11-02,2026-01-21,81,"5.9.2"
"C22539",2026-03-20,2026-04-08,20,"5.9.2"
"C22644",2023-10-21,2025-05-16,574,"5.9.2"
"C22644",2026-02-05,2026-06-17,133,"5.9.2"
"C22704",2023-10-04,2023-11-19,47,"5.9.2"
"C22704",2023-12-22,2026-05-23,884,"5.9.2"
"C22713",2023-07-05,2023-11-26,145,"5.9.2"
"C22713",2025-12-07,2026-01-23,48,"5.9.2"
"C22719",2025-11-23,2026-02-24,94,"5.9.2"
"C22719",2026-05-25,2026-06-23,30,"5.9.2"
"C22722",2026-07-03,2026-07-19,17,"5.9.2"
"C22773",2023-09-23,2024-03-15,175,"5.9.2"
"C22773",2025-12-11,2026-02-24,76,"5.9.2"
"C22782",2026-03-04,2026-03-22,19,"5.9.2"
"C22782",2026-05-17,2026-06-05,20,"5.9.2"
"C22791",2023-10-26,2023-12-15,51,"5.9.2"
"C22791",2026-07-03,2026-07-30,28,"5.9.2"
"C22797",2023-10-03,2023-11-14,43,"5.9.2"
"C22797",2024-12-25,2025-03-06,72,"5.9.2"
"C22797",2026-01-11,2026-02-28,49,"5.9.2"
"C22845",2022-11-26,2025-06-25,943,"5.9.2"
"C22848",2023-10-21,2024-04-11,174,"5.9.2"
"C22848",2024-11-19,2025-02-15,89,"5.9.2"
"C22848",2025-07-18,2025-12-08,144,"5.9.2"
"C22848",2025-12-21,2026-01-30,41,"5.9.2"
"C22848",2026-07-06,2026-09-30,87,"5.9.2"
"C22872",2022-10-22,2025-01-31,833,"5.9.2"
"C22878",2023-11-03,2023-12-17,45,"5.9.2"
"C22878",2025-04-19,2025-11-12,208,"5.9.2"
"C22878",2026-07-08,2026-09-30,85,"5.9.2"
"C22893",2024-03-31,2024-10-06,190,"5.9.2"
"C22893",2026-04-17,2026-06-07,52,"5.9.2"
"C22893",2026-07-14,2026-07-23,10,"5.9.2"
"C22893",2026-08-01,2026-08-01,1,"5.9.2"
"C22899",2024-12-25,2025-04-24,121,"5.9.2"
"C22899",2026-01-06,2026-02-28,54,"5.9.2"
"C22899",2026-06-30,2026-09-30,93,"5.9.2"
"C22920",2023-11-09,2023-12-31,53,"5.9.2"
"C22920",2025-11-21,2025-12-12,22,"5.9.2"
"C22953",2023-10-01,2024-06-13,257,"5.9.2"
"C22959",2026-07-24,2026-09-30,69,"5.9.2"
"C23043",2023-10-08,2023-11-23,47,"5.9.2"
"C23043",2024-01-14,2024-04-11,89,"5.9.2"
"C23043",2024-06-05,2024-07-13,39,"5.9.2"
"C23043",2024-10-05,2025-05-23,231,"5.9.2"
"C23043",2025-10-13,2025-10-27,15,"5.9.2"
"C23088",2023-06-19,2026-06-17,1095,"5.9.2"
"C23112",2025-06-04,2026-02-25,267,"5.9.2"
"C23127",2025-12-29,2026-01-20,23,"5.9.2"
"C23127",2026-05-25,2026-06-23,30,"5.9.2"
"C23130",2025-09-22,2026-01-10,111,"5.9.2"
"C23157",2023-09-17,2023-09-24,8,"5.9.2"
"C23157",2024-01-07,2024-01-25,19,"5.9.2"
"C23157",2025-05-04,2025-10-20,170,"5.9.2"
"C23157",2025-12-13,2026-01-07,26,"5.9.2"
"C23169",2026-06-18,2026-06-30,13,"5.9.2"
"C23178",2023-11-12,2024-12-24,409,"5.9.2"
"C23178",2025-10-24,2025-12-04,42,"5.9.2"
"C23178",2026-01-16,2026-02-04,20,"5.9.2"
"C23178",2026-05-08,2026-07-18,72,"5.9.2"
"C23247",2024-01-12,2024-01-30,19,"5.9.2"
"C23247",2026-02-15,2026-04-10,55,"5.9.2"
"C23310",2026-05-30,2026-06-12,14,"5.9.2"
"C23325",2023-11-29,2024-01-05,38,"5.9.2"
"C23325",2025-11-06,2025-12-03,28,"5.9.2"
"C23325",2025-12-14,2026-02-28,77,"5.9.2"
"C23331",2023-11-04,2024-12-23,416,"5.9.2"
"C23370",2023-11-25,2023-12-07,13,"5.9.2"
"C23370",2026-07-24,2026-09-30,69,"5.9.2"
"C23403",2025-11-04,2025-11-07,4,"5.9.2"
"C23418",2024-05-13,2024-10-31,172,"5.9.2"
"C23418",2025-03-31,2025-08-23,146,"5.9.2"
"C23421",2024-05-13,2024-10-31,172,"5.9.2"
"C23421",2025-03-31,2025-08-23,146,"5.9.2"
"C23433",2025-06-30,2026-09-30,458,"5.9.2"
"C23442",2026-01-28,2026-02-14,18,"5.9.2"
"C23445",2023-02-16,2024-12-14,668,"5.9.2"
"C23445",2025-09-22,2025-10-16,25,"5.9.2"
"C23445",2025-10-24,2025-11-26,34,"5.9.2"
"C23445",2025-12-26,2026-02-14,51,"5.9.2"
"C23451",2024-03-29,2024-10-29,215,"5.9.2"
"C23451",2025-04-04,2025-07-06,94,"5.9.2"
"C23511",2023-12-07,2024-01-21,46,"5.9.2"
"C23511",2025-10-10,2025-12-09,61,"5.9.2"
"C23514",2026-03-21,2026-05-09,50,"5.9.2"
"C23526",2023-12-05,2024-05-04,152,"5.9.2"
"C23580",2023-12-10,2024-08-18,253,"5.9.2"
"C23580",2024-09-12,2025-11-30,445,"5.9.2"
"C23580",2025-12-22,2026-06-16,177,"5.9.2"
"C23592",2023-11-30,2024-04-11,134,"5.9.2"
"C23592",2025-04-30,2025-08-18,111,"5.9.2"
"C23592",2025-10-15,2026-02-28,137,"5.9.2"
"C23610",2023-12-11,2024-01-19,40,"5.9.2"
"C23610",2024-07-07,2024-11-22,139,"5.9.2"
"C23610",2025-03-08,2026-07-11,491,"5.9.2"
"C23622",2023-10-01,2024-01-12,104,"5.9.2"
"C23622",2024-07-04,2026-09-30,819,"5.9.2"
"C23685",2026-02-24,2026-04-16,52,"5.9.2"
"C23742",2023-02-03,2026-02-01,1095,"5.9.2"
"C23745",2022-12-18,2025-02-27,803,"5.9.2"
"C23772",2023-12-05,2024-01-18,45,"5.9.2"
"C23772",2024-10-30,2025-11-07,374,"5.9.2"
"C23778",2023-09-04,2026-03-17,926,"5.9.2"
"C23778",2026-06-04,2026-07-20,47,"5.9.2"
"C23784",2023-11-24,2024-02-17,86,"5.9.2"
"C23784",2026-06-29,2026-08-01,34,"5.9.2"
"C23793",2026-03-30,2026-05-01,33,"5.9.2"
"C23796",2023-12-16,2023-12-31,16,"5.9.2"
"C23796",2024-11-03,2025-12-15,408,"5.9.2"
"C23820",2023-12-22,2024-01-05,15,"5.9.2"
"C23820",2024-11-05,2026-09-30,695,"5.9.2"
"C23823",2025-07-07,2025-09-09,65,"5.9.2"
"C23823",2026-04-19,2026-09-30,165,"5.9.2"
"C23829",2024-09-01,2025-04-28,240,"5.9.2"
"C23829",2026-01-16,2026-02-28,44,"5.9.2"
"C23832",2023-12-24,2024-03-16,84,"5.9.2"
"C23832",2026-06-21,2026-07-08,18,"5.9.2"
"C23835",2023-12-22,2024-01-18,28,"5.9.2"
"C23835",2024-09-29,2024-12-16,79,"5.9.2"
"C23835",2025-11-06,2025-12-04,29,"5.9.2"
"C23847",2026-04-05,2026-09-30,179,"5.9.2"
"C23856",2026-06-29,2026-06-29,1,"5.9.2"
"C23859",2023-12-24,2024-01-11,19,"5.9.2"
"C23859",2024-09-03,2024-09-24,22,"5.9.2"
"C23859",2025-05-03,2025-05-25,23,"5.9.2"
"C23859",2026-06-29,2026-08-01,34,"5.9.2"
"C23871",2023-12-25,2024-01-14,21,"5.9.2"
"C23871",2025-11-26,2025-12-09,14,"5.9.2"
"C23931",2026-04-24,2026-07-03,71,"5.9.2"
"C23967",2023-12-29,2024-01-29,32,"5.9.2"
"C23967",2024-04-18,2024-05-24,37,"5.9.2"
"C23967",2024-12-02,2024-12-24,23,"5.9.2"
"C23967",2026-02-13,2026-02-26,14,"5.9.2"
"C23994",2024-07-06,2024-09-21,78,"5.9.2"
"C24051",2023-02-05,2025-09-03,942,"5.9.2"
"C24057",2024-01-04,2024-02-23,51,"5.9.2"
"C24093",2024-04-01,2024-04-08,8,"5.9.2"
"C24093",2024-04-24,2024-04-24,1,"5.9.2"
"C24093",2024-05-22,2024-05-22,1,"5.9.2"
"C24093",2024-12-15,2025-01-19,36,"5.9.2"
"C24093",2025-06-12,2025-07-04,23,"5.9.2"
"C24102",2023-10-01,2026-04-20,933,"5.9.2"
"C24117",2024-01-07,2024-03-10,64,"5.9.2"
"C24117",2024-12-06,2024-12-31,26,"5.9.2"
"C24117",2026-07-21,2026-09-30,72,"5.9.2"
"C24135",2024-01-08,2024-01-22,15,"5.9.2"
"C24135",2025-01-07,2026-04-03,452,"5.9.2"
"C24138",2023-11-23,2025-05-19,544,"5.9.2"
"C24141",2026-06-28,2026-09-30,95,"5.9.2"
"C24147",2024-01-30,2024-02-01,3,"5.9.2"
"C24147",2025-04-02,2026-02-21,326,"5.9.2"
"C24150",2024-01-12,2024-01-29,18,"5.9.2"
"C24150",2026-01-03,2026-07-07,186,"5.9.2"
"C24162",2024-01-11,2024-04-30,111,"5.9.2"
"C24162",2024-10-05,2024-11-26,53,"5.9.2"
"C24162",2025-09-08,2026-02-14,160,"5.9.2"
"C24183",2025-12-24,2026-05-09,137,"5.9.2"
"C24186",2023-06-04,2026-02-25,998,"5.9.2"
"C24189",2023-12-05,2024-04-11,129,"5.9.2"
"C24189",2025-11-22,2025-12-08,17,"5.9.2"
"C24189",2026-02-13,2026-02-28,16,"5.9.2"
"C24195",2023-10-01,2026-09-30,1096,"5.9.2"
"C24219",2026-05-23,2026-09-30,131,"5.9.2"
"C24222",2023-04-18,2024-02-04,293,"5.9.2"
"C24222",2024-12-06,2025-09-20,289,"5.9.2"
"C24228",2024-01-18,2024-01-31,14,"5.9.2"
"C24228",2024-05-13,2024-05-27,15,"5.9.2"
"C24228",2025-09-22,2025-10-04,13,"5.9.2"
"C24237",2024-01-16,2024-02-17,33,"5.9.2"
"C24237",2026-02-03,2026-06-23,141,"5.9.2"
"C24267",2024-01-21,2024-11-29,314,"5.9.2"
"C24267",2025-10-28,2025-12-11,45,"5.9.2"
"C24267",2026-05-05,2026-06-04,31,"5.9.2"
"C24285",2023-10-01,2026-09-30,1096,"5.9.2"
"C24300",2024-01-03,2024-04-05,94,"5.9.2"
"C24300",2026-03-13,2026-06-24,104,"5.9.2"
"C24333",2024-03-10,2024-05-23,75,"5.9.2"
"C24333",2026-06-29,2026-07-30,32,"5.9.2"
"C24453",2023-12-05,2024-02-24,82,"5.9.2"
"C24453",2026-03-08,2026-03-10,3,"5.9.2"
"C24453",2026-04-05,2026-04-07,3,"5.9.2"
"C24507",2025-06-28,2025-10-14,109,"5.9.2"
"C24510",2025-09-18,2026-01-22,127,"5.9.2"
"C24540",2024-01-03,2024-03-24,82,"5.9.2"
"C24540",2025-02-03,2025-04-06,63,"5.9.2"
"C24540",2025-10-07,2025-12-11,66,"5.9.2"
"C24540",2026-01-28,2026-03-21,53,"5.9.2"
"C24576",2023-07-05,2025-11-20,870,"5.9.2"
"C24612",2024-10-25,2025-02-16,115,"5.9.2"
"C24612",2025-10-09,2025-12-23,76,"5.9.2"
"C24633",2025-10-04,2026-05-03,212,"5.9.2"
"C24654",2024-02-05,2024-03-07,32,"5.9.2"
"C24654",2024-09-02,2024-09-25,24,"5.9.2"
"C24654",2025-11-13,2025-12-11,29,"5.9.2"
"C24654",2026-01-13,2026-02-14,33,"5.9.2"
"C24654",2026-03-28,2026-04-09,13,"5.9.2"
"C24699",2023-11-11,2024-03-04,115,"5.9.2"
"C24699",2025-04-04,2025-11-03,214,"5.9.2"
"C24699",2025-11-17,2026-01-02,47,"5.9.2"
"C24705",2023-10-01,2026-02-22,876,"5.9.2"
"C24705",2026-03-07,2026-09-30,208,"5.9.2"
"C24714",2022-10-29,2024-10-19,722,"5.9.2"
"C24714",2025-09-10,2025-10-27,48,"5.9.2"
"C24717",2024-02-18,2024-02-29,12,"5.9.2"
"C24717",2025-09-12,2025-11-26,76,"5.9.2"
"C24723",2026-01-12,2026-02-24,44,"5.9.2"
"C24732",2024-02-16,2024-06-04,110,"5.9.2"
"C24732",2025-11-24,2026-06-12,201,"5.9.2"
"C24762",2025-10-05,2026-09-30,361,"5.9.2"
"C24765",2023-12-05,2024-02-22,80,"5.9.2"
"C24765",2024-06-20,2024-10-04,107,"5.9.2"
"C24774",2025-10-19,2026-02-06,111,"5.9.2"
"C24777",2026-01-27,2026-03-21,54,"5.9.2"
"C24786",2024-02-13,2024-07-05,144,"5.9.2"
"C24786",2026-01-05,2026-02-16,43,"5.9.2"
"C24801",2023-12-05,2024-12-09,371,"5.9.2"
"C24804",2025-05-03,2025-05-25,23,"5.9.2"
"C24804",2025-07-31,2025-10-10,72,"5.9.2"
"C24807",2024-04-01,2024-04-19,19,"5.9.2"
"C24807",2025-08-11,2025-09-03,24,"5.9.2"
"C24816",2026-05-31,2026-07-23,54,"5.9.2"
"C24819",2026-06-15,2026-07-23,39,"5.9.2"
"C24831",2023-10-24,2024-04-30,190,"5.9.2"
"C24831",2024-12-30,2024-12-30,1,"5.9.2"
"C24831",2025-08-18,2025-12-05,110,"5.9.2"
"C24837",2024-12-17,2025-04-10,115,"5.9.2"
"C24867",2023-10-01,2024-05-17,230,"5.9.2"
"C24876",2026-03-11,2026-04-01,22,"5.9.2"
"C24885",2024-03-10,2024-04-11,33,"5.9.2"
"C24885",2024-10-13,2026-06-15,611,"5.9.2"
"C24903",2023-07-24,2026-07-22,1095,"5.9.2"
"C24909",2025-12-11,2026-01-02,23,"5.9.2"
"C24909",2026-03-02,2026-04-20,50,"5.9.2"
"C24915",2024-03-11,2024-05-14,65,"5.9.2"
"C24915",2025-08-12,2025-10-27,77,"5.9.2"
"C24921",2024-03-12,2024-05-31,81,"5.9.2"
"C24921",2025-02-18,2025-03-20,31,"5.9.2"
"C24930",2024-03-15,2024-04-23,40,"5.9.2"
"C24930",2026-06-07,2026-09-30,116,"5.9.2"
"C24933",2024-03-15,2024-04-23,40,"5.9.2"
"C24933",2026-06-07,2026-09-30,116,"5.9.2"
"C24939",2024-03-05,2024-09-23,203,"5.9.2"
"C24951",2024-03-12,2024-05-02,52,"5.9.2"
"C24951",2025-09-22,2026-01-10,111,"5.9.2"
"C24957",2024-03-05,2025-11-29,635,"5.9.2"
"C24963",2024-03-10,2024-04-13,35,"5.9.2"
"C24963",2026-04-12,2026-04-25,14,"5.9.2"
"C24987",2023-10-01,2024-10-02,368,"5.9.2"
"C24987",2024-11-05,2024-11-10,6,"5.9.2"
"C24987",2025-02-22,2026-03-29,401,"5.9.2"
"C25002",2025-09-17,2025-11-05,50,"5.9.2"
"C25020",2024-02-10,2024-05-02,83,"5.9.2"
"C25023",2024-02-10,2024-05-02,83,"5.9.2"
"C25032",2026-01-10,2026-01-22,13,"5.9.2"
"C25059",2024-03-31,2024-04-10,11,"5.9.2"
"C25059",2024-07-26,2024-09-08,45,"5.9.2"
"C25059",2025-10-04,2026-06-01,241,"5.9.2"
"C25062",2023-10-01,2026-09-30,1096,"5.9.2"
"C25068",2025-06-06,2025-07-04,29,"5.9.2"
"C25083",2024-03-10,2024-05-22,74,"5.9.2"
"C25083",2025-08-04,2025-10-08,66,"5.9.2"
"C25086",2026-03-23,2026-04-12,21,"5.9.2"
"C25107",2026-01-17,2026-02-24,39,"5.9.2"
"C25116",2026-02-10,2026-03-21,40,"5.9.2"
"C25131",2024-03-24,2024-04-10,18,"5.9.2"
"C25131",2024-11-08,2024-11-25,18,"5.9.2"
"C25131",2025-09-07,2025-12-11,96,"5.9.2"
"C25131",2026-01-21,2026-02-05,16,"5.9.2"
"C25140",2025-10-04,2025-10-04,1,"5.9.2"
"C25161",2023-02-05,2024-06-04,486,"5.9.2"
"C25251",2024-03-17,2024-06-04,80,"5.9.2"
"C25251",2025-12-13,2026-01-07,26,"5.9.2"
"C25257",2024-04-09,2024-04-18,10,"5.9.2"
"C25260",2023-02-12,2025-04-16,795,"5.9.2"
"C25260",2025-12-24,2026-02-10,49,"5.9.2"
"C25287",2026-01-19,2026-02-04,17,"5.9.2"
"C25302",2024-07-15,2024-08-14,31,"5.9.2"
"C25302",2025-08-26,2025-09-23,29,"5.9.2"
"C25302",2026-03-16,2026-04-03,19,"5.9.2"
"C25305",2024-04-10,2024-08-31,144,"5.9.2"
"C25305",2025-02-03,2025-05-29,116,"5.9.2"
"C25305",2026-07-21,2026-09-30,72,"5.9.2"
"C25311",2024-04-09,2024-04-24,16,"5.9.2"
"C25311",2025-10-11,2026-01-07,89,"5.9.2"
"C25314",2023-06-29,2025-08-25,789,"5.9.2"
"C25317",2026-05-04,2026-06-12,40,"5.9.2"
"C25341",2023-12-27,2026-07-24,941,"5.9.2"
"C25344",2024-03-31,2024-04-29,30,"5.9.2"
"C25344",2025-11-24,2026-01-17,55,"5.9.2"
"C25371",2024-09-13,2026-05-26,621,"5.9.2"
"C25389",2026-03-04,2026-04-23,51,"5.9.2"
"C25395",2024-04-13,2024-05-07,25,"5.9.2"
"C25395",2024-11-11,2025-01-08,59,"5.9.2"
"C25395",2026-05-05,2026-06-25,52,"5.9.2"
"C25401",2024-04-09,2024-05-16,38,"5.9.2"
"C25401",2025-11-04,2025-12-03,30,"5.9.2"
"C25419",2023-05-17,2025-09-24,862,"5.9.2"
"C25431",2024-04-19,2024-05-01,13,"5.9.2"
"C25431",2024-11-16,2025-01-11,57,"5.9.2"
"C25431",2026-01-19,2026-02-10,23,"5.9.2"
"C25434",2024-04-19,2024-05-25,37,"5.9.2"
"C25434",2025-09-15,2025-12-09,86,"5.9.2"
"C25434",2026-01-19,2026-03-03,44,"5.9.2"
"C25458",2024-04-08,2024-05-17,40,"5.9.2"
"C25458",2025-06-18,2025-08-11,55,"5.9.2"
"C25458",2026-03-30,2026-05-09,41,"5.9.2"
"C25548",2024-04-17,2024-07-25,100,"5.9.2"
"C25557",2023-06-18,2024-11-21,523,"5.9.2"
"C25557",2026-05-01,2026-06-16,47,"5.9.2"
"C25593",2025-09-15,2025-10-31,47,"5.9.2"
"C25599",2024-03-28,2024-08-09,135,"5.9.2"
"C25599",2025-01-14,2025-02-05,23,"5.9.2"
"C25599",2026-03-01,2026-04-18,49,"5.9.2"
"C25623",2024-04-28,2024-07-26,90,"5.9.2"
"C25623",2026-07-15,2026-07-30,16,"5.9.2"
"C25626",2024-04-17,2024-07-25,100,"5.9.2"
"C25629",2024-07-22,2026-07-16,725,"5.9.2"
"C25638",2024-02-17,2026-09-30,957,"5.9.2"
"C25662",2026-01-31,2026-04-03,63,"5.9.2"
"C25671",2025-07-21,2025-10-30,102,"5.9.2"
"C25671",2026-02-03,2026-09-30,240,"5.9.2"
"C25680",2024-05-03,2024-05-23,21,"5.9.2"
"C25680",2026-01-16,2026-01-27,12,"5.9.2"
"C25683",2024-05-03,2024-05-19,17,"5.9.2"
"C25683",2025-12-05,2025-12-22,18,"5.9.2"
"C25683",2026-05-03,2026-06-02,31,"5.9.2"
"C25686",2023-10-01,2024-06-02,246,"5.9.2"
"C25686",2024-12-18,2026-05-03,502,"5.9.2"
"C25695",2024-01-18,2024-06-16,151,"5.9.2"
"C25695",2026-03-12,2026-06-04,85,"5.9.2"
"C25701",2026-03-17,2026-04-14,29,"5.9.2"
"C25719",2026-03-04,2026-04-07,35,"5.9.2"
"C25719",2026-04-29,2026-05-20,22,"5.9.2"
"C25734",2024-05-04,2024-06-18,46,"5.9.2"
"C25734",2024-07-09,2024-10-14,98,"5.9.2"
"C25734",2025-07-05,2025-09-22,80,"5.9.2"
"C25734",2025-10-24,2025-11-17,25,"5.9.2"
"C25737",2024-05-03,2024-09-05,126,"5.9.2"
"C25737",2026-05-20,2026-06-03,15,"5.9.2"
"C25740",2025-03-04,2026-04-03,396,"5.9.2"
"C25743",2025-06-14,2025-06-16,3,"5.9.2"
"C25743",2025-06-27,2025-07-11,15,"5.9.2"
"C25743",2025-07-24,2025-07-24,1,"5.9.2"
"C25743",2025-08-03,2025-08-13,11,"5.9.2"
"C25743",2025-08-22,2025-09-12,22,"5.9.2"
"C25743",2025-09-20,2025-09-20,1,"5.9.2"
"C25746",2024-01-03,2024-07-01,181,"5.9.2"
"C25746",2025-01-31,2025-03-23,52,"5.9.2"
"C25776",2024-05-28,2026-01-12,595,"5.9.2"
"C25779",2023-03-26,2026-03-24,1095,"5.9.2"
"C25815",2025-09-18,2025-11-28,72,"5.9.2"
"C25818",2025-09-18,2025-11-28,72,"5.9.2"
"C25824",2024-05-07,2024-05-25,19,"5.9.2"
"C25824",2024-10-26,2026-09-30,705,"5.9.2"
"C25827",2026-01-20,2026-02-05,17,"5.9.2"
"C25833",2024-09-16,2024-09-16,1,"5.9.2"
"C25833",2024-09-24,2024-09-24,1,"5.9.2"
"C25833",2024-10-09,2024-10-09,1,"5.9.2"
"C25833",2025-01-13,2025-07-19,188,"5.9.2"
"C25833",2026-06-04,2026-09-30,119,"5.9.2"
"C25836",2025-07-18,2025-08-10,24,"5.9.2"
"C25839",2026-01-22,2026-07-01,161,"5.9.2"
"C25887",2025-05-04,2025-10-20,170,"5.9.2"
"C25899",2024-05-05,2024-08-04,92,"5.9.2"
"C25920",2025-12-18,2026-03-14,87,"5.9.2"
"C25923",2025-12-18,2026-03-14,87,"5.9.2"
"C25938",2025-05-04,2025-10-13,163,"5.9.2"
"C25938",2025-11-18,2025-12-10,23,"5.9.2"
"C25956",2024-02-03,2026-04-09,797,"5.9.2"
"C25956",2026-05-31,2026-09-30,123,"5.9.2"
"C25962",2023-10-01,2026-09-30,1096,"5.9.2"
"C25995",2024-08-26,2025-06-11,290,"5.9.2"
"C25995",2025-06-24,2026-03-15,265,"5.9.2"
"C26001",2024-05-25,2024-05-26,2,"5.9.2"
"C26001",2024-10-03,2025-09-26,359,"5.9.2"
"C26022",2024-05-05,2024-09-21,140,"5.9.2"
"C26022",2025-12-01,2025-12-13,13,"5.9.2"
"C26025",2024-05-12,2024-06-27,47,"5.9.2"
"C26025",2026-01-17,2026-02-13,28,"5.9.2"
"C26037",2025-11-08,2026-02-10,95,"5.9.2"
"C26208",2024-06-01,2026-04-20,689,"5.9.2"
"C26214",2025-05-29,2026-09-30,490,"5.9.2"
"C26217",2025-05-29,2026-09-30,490,"5.9.2"
"C26235",2026-06-22,2026-09-30,101,"5.9.2"
"C26283",2024-06-05,2025-01-07,217,"5.9.2"
"C26295",2024-06-10,2024-06-27,18,"5.9.2"
"C26295",2025-08-28,2025-10-08,42,"5.9.2"
"C26304",2024-05-24,2024-08-19,88,"5.9.2"
"C26304",2026-05-26,2026-09-30,128,"5.9.2"
"C26331",2025-09-27,2025-12-02,67,"5.9.2"
"C26355",2025-07-20,2026-01-31,196,"5.9.2"
"C26367",2025-10-15,2026-01-13,91,"5.9.2"
"C26388",2024-06-20,2024-08-08,50,"5.9.2"
"C26388",2026-07-08,2026-09-30,85,"5.9.2"
"C26400",2024-06-20,2025-01-18,213,"5.9.2"
"C26409",2024-05-14,2024-08-11,90,"5.9.2"
"C26409",2025-01-31,2025-02-15,16,"5.9.2"
"C26409",2025-07-24,2025-08-03,11,"5.9.2"
"C26412",2025-12-26,2026-01-31,37,"5.9.2"
"C26412",2026-07-08,2026-09-30,85,"5.9.2"
"C26436",2024-06-03,2025-07-23,416,"5.9.2"
"C26436",2026-03-17,2026-07-11,117,"5.9.2"
"C26442",2025-09-07,2025-12-15,100,"5.9.2"
"C26451",2026-01-09,2026-06-22,165,"5.9.2"
"C26466",2024-06-24,2024-10-06,105,"5.9.2"
"C26466",2026-01-21,2026-02-14,25,"5.9.2"
"C26469",2026-04-22,2026-06-04,44,"5.9.2"
"C26472",2022-11-07,2025-11-05,1095,"5.9.2"
"C26478",2024-06-21,2024-07-20,30,"5.9.2"
"C26478",2025-08-03,2025-08-15,13,"5.9.2"
"C26478",2025-10-15,2025-10-28,14,"5.9.2"
"C26508",2025-05-28,2025-07-11,45,"5.9.2"
"C26562",2024-06-28,2024-07-10,13,"5.9.2"
"C26562",2025-08-04,2025-10-01,59,"5.9.2"
"C26562",2026-06-29,2026-09-30,94,"5.9.2"
"C26565",2025-02-13,2026-02-16,369,"5.9.2"
"C26580",2024-06-30,2025-06-15,351,"5.9.2"
"C26583",2024-01-17,2025-11-21,675,"5.9.2"
"C26586",2023-10-01,2026-04-04,917,"5.9.2"
"C26625",2024-06-29,2024-07-26,28,"5.9.2"
"C26625",2026-07-07,2026-07-23,17,"5.9.2"
"C26649",2023-11-07,2024-09-26,325,"5.9.2"
"C26658",2025-06-01,2025-09-25,117,"5.9.2"
"C26661",2026-02-06,2026-04-29,83,"5.9.2"
"C26673",2024-07-01,2024-09-10,72,"5.9.2"
"C26673",2026-02-14,2026-07-05,142,"5.9.2"
"C26709",2026-04-17,2026-05-05,19,"5.9.2"
"C26712",2025-05-31,2025-08-09,71,"5.9.2"
"C26712",2025-09-12,2025-10-04,23,"5.9.2"
"C26787",2024-07-08,2024-07-26,19,"5.9.2"
"C26787",2025-09-22,2025-10-19,28,"5.9.2"
"C26787",2026-02-18,2026-04-01,43,"5.9.2"
"C26811",2024-05-31,2024-08-04,66,"5.9.2"
"C26811",2025-12-05,2026-08-02,241,"5.9.2"
"C26823",2024-06-28,2024-09-19,84,"5.9.2"
"C26823",2025-08-28,2025-11-19,84,"5.9.2"
"C26826",2025-10-13,2025-11-23,42,"5.9.2"
"C26841",2024-07-08,2025-03-26,262,"5.9.2"
"C26856",2024-07-06,2024-08-17,43,"5.9.2"
"C26856",2024-12-16,2025-01-17,33,"5.9.2"
"C26856",2026-05-10,2026-06-30,52,"5.9.2"
"C26868",2025-11-04,2026-09-30,331,"5.9.2"
"C26871",2024-06-17,2024-09-19,95,"5.9.2"
"C26871",2025-02-25,2026-06-13,474,"5.9.2"
"C26889",2025-09-21,2025-12-05,76,"5.9.2"
"C26895",2024-07-19,2024-08-04,17,"5.9.2"
"C26895",2025-03-23,2025-04-22,31,"5.9.2"
"C26895",2025-09-04,2025-11-25,83,"5.9.2"
"C26922",2025-12-14,2026-02-17,66,"5.9.2"
"C26934",2024-07-13,2024-08-23,42,"5.9.2"
"C26934",2025-10-23,2025-12-16,55,"5.9.2"
"C26937",2024-07-13,2024-12-12,153,"5.9.2"
"C26937",2025-10-27,2025-11-28,33,"5.9.2"
"C26943",2025-08-06,2025-10-16,72,"5.9.2"
"C26952",2025-05-22,2025-07-08,48,"5.9.2"
"C26952",2026-03-26,2026-04-26,32,"5.9.2"
"C26958",2024-07-14,2025-02-13,215,"5.9.2"
"C26958",2025-07-28,2025-11-13,109,"5.9.2"
"C26964",2025-10-08,2025-11-11,35,"5.9.2"
"C26970",2026-05-04,2026-09-30,150,"5.9.2"
"C26973",2024-07-21,2024-07-30,10,"5.9.2"
"C26973",2024-11-01,2025-02-13,105,"5.9.2"
"C26973",2025-07-06,2026-09-30,452,"5.9.2"
"C26991",2025-09-04,2025-11-09,67,"5.9.2"
"C26994",2024-01-03,2024-09-20,262,"5.9.2"
"C26994",2024-10-08,2025-01-01,86,"5.9.2"
"C26994",2025-01-09,2025-02-12,35,"5.9.2"
"C26994",2025-04-19,2025-05-01,13,"5.9.2"
"C26994",2025-07-11,2025-07-24,14,"5.9.2"
"C26994",2025-09-20,2026-04-07,200,"5.9.2"
"C27000",2024-06-24,2024-09-05,74,"5.9.2"
"C27000",2026-03-28,2026-09-30,187,"5.9.2"
"C27003",2024-06-24,2024-09-05,74,"5.9.2"
"C27003",2026-03-28,2026-09-30,187,"5.9.2"
"C27012",2024-07-25,2024-08-08,15,"5.9.2"
"C27012",2024-12-28,2025-03-17,80,"5.9.2"
"C27012",2025-12-04,2026-01-31,59,"5.9.2"
"C27021",2024-01-12,2024-11-23,317,"5.9.2"
"C27024",2024-07-22,2024-09-21,62,"5.9.2"
"C27024",2025-07-14,2025-10-15,94,"5.9.2"
"C27027",2024-07-27,2024-08-13,18,"5.9.2"
"C27027",2025-11-30,2025-12-28,29,"5.9.2"
"C27069",2024-01-05,2024-08-24,233,"5.9.2"
"C27084",2024-07-30,2025-05-01,276,"5.9.2"
"C27090",2023-08-06,2025-07-18,713,"5.9.2"
"C27090",2026-06-21,2026-08-04,45,"5.9.2"
"C27105",2024-07-04,2025-03-15,255,"5.9.2"
"C27108",2023-11-04,2025-01-23,447,"5.9.2"
"C27108",2026-01-27,2026-02-14,19,"5.9.2"
"C27111",2024-08-12,2024-09-27,47,"5.9.2"
"C27114",2024-08-12,2024-09-27,47,"5.9.2"
"C27120",2024-06-19,2025-02-25,252,"5.9.2"
"C27120",2025-05-05,2025-10-02,151,"5.9.2"
"C27141",2024-07-09,2024-11-17,132,"5.9.2"
"C27141",2025-12-08,2025-12-18,11,"5.9.2"
"C27150",2024-08-03,2024-08-16,14,"5.9.2"
"C27150",2024-10-14,2024-10-26,13,"5.9.2"
"C27150",2025-04-07,2025-04-24,18,"5.9.2"
"C27150",2026-04-13,2026-04-28,16,"5.9.2"
"C27195",2024-07-09,2024-10-26,110,"5.9.2"
"C27201",2024-01-03,2025-01-02,366,"5.9.2"
"C27207",2024-09-18,2024-10-24,37,"5.9.2"
"C27207",2025-08-31,2026-04-09,222,"5.9.2"
"C27231",2024-07-06,2024-08-04,30,"5.9.2"
"C27231",2026-04-17,2026-05-16,30,"5.9.2"
"C27243",2022-11-23,2024-09-19,667,"5.9.2"
"C27243",2025-10-24,2025-11-21,29,"5.9.2"
"C27252",2023-01-30,2025-11-19,1025,"5.9.2"
"C27264",2024-07-28,2024-10-13,78,"5.9.2"
"C27264",2025-10-28,2025-11-22,26,"5.9.2"
"C27267",2022-12-06,2025-02-17,805,"5.9.2"
"C27270",2024-02-03,2026-04-28,816,"5.9.2"
"C27297",2025-10-16,2026-02-21,129,"5.9.2"
"C27333",2023-10-01,2024-10-12,378,"5.9.2"
"C27333",2025-08-25,2025-08-27,3,"5.9.2"
"C27333",2025-09-06,2025-09-07,2,"5.9.2"
"C27369",2024-11-30,2025-02-20,83,"5.9.2"
"C27369",2026-05-01,2026-05-12,12,"5.9.2"
"C27417",2024-07-13,2024-09-27,77,"5.9.2"
"C27429",2024-08-21,2024-11-03,75,"5.9.2"
"C27429",2025-10-02,2025-10-15,14,"5.9.2"
"C27429",2025-10-24,2025-11-19,27,"5.9.2"
"C27432",2023-11-04,2025-02-06,461,"5.9.2"
"C27432",2025-11-11,2026-05-04,175,"5.9.2"
"C27441",2024-08-23,2025-09-04,378,"5.9.2"
"C27447",2022-10-31,2024-09-21,692,"5.9.2"
"C27447",2025-08-11,2025-10-29,80,"5.9.2"
"C27450",2022-10-31,2025-10-29,1095,"5.9.2"
"C27459",2024-08-24,2024-09-24,32,"5.9.2"
"C27459",2024-10-05,2024-11-06,33,"5.9.2"
"C27459",2026-04-05,2026-05-26,52,"5.9.2"
"C27462",2024-06-17,2024-11-18,155,"5.9.2"
"C27483",2026-02-03,2026-09-30,240,"5.9.2"
"C27486",2023-07-18,2026-07-02,1081,"5.9.2"
"C27489",2026-03-22,2026-05-01,41,"5.9.2"
"C27501",2026-05-05,2026-09-30,149,"5.9.2"
"C27504",2024-08-19,2024-09-08,21,"5.9.2"
"C27510",2023-01-08,2025-06-24,899,"5.9.2"
"C27510",2025-11-13,2026-01-06,55,"5.9.2"
"C27546",2024-08-17,2025-01-29,166,"5.9.2"
"C27546",2025-03-20,2025-04-03,15,"5.9.2"
"C27546",2026-05-24,2026-09-30,130,"5.9.2"
"C27555",2023-10-01,2024-11-22,419,"5.9.2"
"C27555",2025-11-15,2026-05-01,168,"5.9.2"
"C27558",2024-01-04,2024-09-28,269,"5.9.2"
"C27558",2025-03-08,2025-06-03,88,"5.9.2"
"C27570",2024-08-29,2024-10-05,38,"5.9.2"
"C27573",2024-08-26,2025-06-03,282,"5.9.2"
"C27597",2025-05-05,2025-10-02,151,"5.9.2"
"C27603",2024-08-20,2026-03-06,564,"5.9.2"
"C27603",2026-05-09,2026-06-09,32,"5.9.2"
"C27606",2024-09-01,2024-10-16,46,"5.9.2"
"C27606",2025-10-22,2025-12-31,71,"5.9.2"
"C27609",2024-09-01,2024-09-15,15,"5.9.2"
"C27618",2024-09-04,2024-10-05,32,"5.9.2"
"C27618",2025-02-07,2025-02-25,19,"5.9.2"
"C27618",2025-12-07,2026-01-14,39,"5.9.2"
"C27636",2025-10-05,2025-10-22,18,"5.9.2"
"C27636",2025-12-01,2025-12-26,26,"5.9.2"
"C27645",2025-02-27,2026-03-06,373,"5.9.2"
"C27645",2026-05-22,2026-06-09,19,"5.9.2"
"C27675",2026-03-08,2026-03-27,20,"5.9.2"
"C27678",2023-04-20,2024-11-11,572,"5.9.2"
"C27678",2026-01-05,2026-02-19,46,"5.9.2"
"C27678",2026-03-20,2026-04-18,30,"5.9.2"
"C27690",2024-06-06,2025-02-21,261,"5.9.2"
"C27690",2026-05-10,2026-05-24,15,"5.9.2"
"C27696",2025-10-04,2025-11-15,43,"5.9.2"
"C27714",2024-09-05,2024-10-12,38,"5.9.2"
"C27717",2024-09-03,2024-09-25,23,"5.9.2"
"C27717",2025-08-11,2025-08-23,13,"5.9.2"
"C27717",2025-12-07,2025-12-19,13,"5.9.2"
"C27717",2026-01-17,2026-01-29,13,"5.9.2"
"C27720",2024-09-06,2024-11-01,57,"5.9.2"
"C27720",2025-04-04,2025-12-07,248,"5.9.2"
"C27723",2026-01-01,2026-09-30,273,"5.9.2"
"C27738",2022-10-25,2024-12-06,774,"5.9.2"
"C27771",2024-08-16,2024-10-10,56,"5.9.2"
"C27774",2024-08-16,2024-10-10,56,"5.9.2"
"C27789",2024-09-10,2025-10-19,405,"5.9.2"
"C27816",2024-09-14,2024-09-26,13,"5.9.2"
"C27816",2024-12-23,2025-02-21,61,"5.9.2"
"C27816",2025-03-03,2025-08-06,157,"5.9.2"
"C27816",2025-10-31,2026-05-28,210,"5.9.2"
"C27828",2025-07-31,2025-09-24,56,"5.9.2"
"C27828",2025-10-24,2025-10-25,2,"5.9.2"
"C27834",2026-04-22,2026-06-01,41,"5.9.2"
"C27846",2026-01-06,2026-03-29,83,"5.9.2"
"C27861",2024-07-25,2024-11-23,122,"5.9.2"
"C27897",2024-07-06,2024-10-16,103,"5.9.2"
"C27900",2024-07-06,2024-10-16,103,"5.9.2"
"C27909",2023-02-05,2024-11-18,653,"5.9.2"
"C27957",2023-02-24,2026-02-22,1095,"5.9.2"
"C27960",2026-04-20,2026-09-30,164,"5.9.2"
"C27981",2025-12-21,2026-02-06,48,"5.9.2"
"C27993",2026-04-10,2026-09-30,174,"5.9.2"
"C28017",2024-01-03,2024-12-18,351,"5.9.2"
"C28017",2026-05-02,2026-06-08,38,"5.9.2"
"C28026",2026-03-14,2026-04-28,46,"5.9.2"
"C28038",2024-06-05,2024-09-19,107,"5.9.2"
"C28038",2025-08-28,2025-11-20,85,"5.9.2"
"C28044",2024-09-24,2025-03-26,184,"5.9.2"
"C28146",2022-12-18,2024-10-14,667,"5.9.2"
"C28164",2024-10-05,2024-11-07,34,"5.9.2"
"C28164",2025-09-15,2025-10-02,18,"5.9.2"
"C28176",2024-10-03,2025-04-28,208,"5.9.2"
"C28176",2025-12-01,2026-06-01,183,"5.9.2"
"C28179",2025-01-04,2025-02-19,47,"5.9.2"
"C28179",2025-02-27,2025-02-27,1,"5.9.2"
"C28179",2025-06-29,2025-06-29,1,"5.9.2"
"C28179",2025-11-07,2026-04-10,155,"5.9.2"
"C28191",2025-09-24,2025-11-06,44,"5.9.2"
"C28200",2024-10-25,2025-01-24,92,"5.9.2"
"C28200",2026-02-02,2026-07-02,151,"5.9.2"
"C28236",2024-10-06,2025-03-29,175,"5.9.2"
"C28236",2026-05-28,2026-09-30,126,"5.9.2"
"C28254",2025-10-04,2025-12-06,64,"5.9.2"
"C28269",2025-10-29,2025-11-11,14,"5.9.2"
"C28269",2026-05-05,2026-05-23,19,"5.9.2"
"C28293",2024-10-07,2025-11-03,393,"5.9.2"
"C28299",2024-10-08,2024-10-13,6,"5.9.2"
"C28299",2024-10-21,2024-10-28,8,"5.9.2"
"C28299",2025-10-12,2026-01-25,106,"5.9.2"
"C28305",2026-03-04,2026-05-09,67,"5.9.2"
"C28308",2024-10-06,2025-11-16,407,"5.9.2"
"C28314",2024-10-07,2024-11-18,43,"5.9.2"
"C28314",2025-10-24,2026-03-18,146,"5.9.2"
"C28314",2026-03-29,2026-04-09,12,"5.9.2"
"C28320",2024-09-10,2024-11-28,80,"5.9.2"
"C28320",2026-01-25,2026-02-10,17,"5.9.2"
"C28326",2025-10-10,2025-12-02,54,"5.9.2"
"C28335",2023-10-04,2025-03-13,527,"5.9.2"
"C28344",2025-07-01,2025-08-10,41,"5.9.2"
"C28347",2024-09-29,2024-12-07,70,"5.9.2"
"C28350",2025-11-06,2025-11-23,18,"5.9.2"
"C28350",2025-12-14,2026-01-06,24,"5.9.2"
"C28368",2026-03-28,2026-04-15,19,"5.9.2"
"C28374",2026-03-30,2026-09-30,185,"5.9.2"
"C28377",2025-10-12,2025-10-27,16,"5.9.2"
"C28416",2025-05-22,2025-07-08,48,"5.9.2"
"C28416",2026-03-27,2026-04-26,31,"5.9.2"
"C28419",2023-07-05,2024-11-03,488,"5.9.2"
"C28422",2023-12-24,2024-11-19,332,"5.9.2"
"C28422",2025-04-23,2025-05-25,33,"5.9.2"
"C28422",2026-05-09,2026-05-28,20,"5.9.2"
"C28425",2024-07-17,2025-01-02,170,"5.9.2"
"C28440",2024-10-13,2024-11-05,24,"5.9.2"
"C28440",2025-09-25,2025-10-16,22,"5.9.2"
"C28440",2026-02-03,2026-03-13,39,"5.9.2"
"C28449",2024-01-22,2024-10-21,274,"5.9.2"
"C28449",2024-12-14,2025-08-24,254,"5.9.2"
"C28467",2023-10-04,2025-04-03,548,"5.9.2"
"C28467",2025-05-05,2026-04-26,357,"5.9.2"
"C28470",2024-09-05,2025-01-09,127,"5.9.2"
"C28470",2025-07-02,2026-03-18,260,"5.9.2"
"C28491",2025-09-13,2025-11-04,53,"5.9.2"
"C28503",2025-09-23,2025-10-13,21,"5.9.2"
"C28515",2024-10-07,2025-04-03,179,"5.9.2"
"C28515",2026-01-20,2026-09-30,254,"5.9.2"
"C28518",2024-10-17,2024-11-22,37,"5.9.2"
"C28518",2026-06-02,2026-06-30,29,"5.9.2"
"C28524",2024-10-17,2025-12-19,429,"5.9.2"
"C28533",2023-10-01,2026-04-26,939,"5.9.2"
"C28536",2024-10-18,2025-11-02,381,"5.9.2"
"C28536",2025-11-15,2026-07-05,233,"5.9.2"
"C28539",2024-10-18,2026-04-14,544,"5.9.2"
"C28545",2024-10-28,2024-11-08,12,"5.9.2"
"C28545",2024-11-17,2024-11-19,3,"5.9.2"
"C28545",2024-12-22,2024-12-22,1,"5.9.2"
"C28554",2024-09-10,2024-10-21,42,"5.9.2"
"C28554",2026-05-11,2026-06-02,23,"5.9.2"
"C28557",2024-09-10,2024-10-21,42,"5.9.2"
"C28557",2026-05-11,2026-06-02,23,"5.9.2"
"C28563",2025-06-19,2025-07-04,16,"5.9.2"
"C28563",2025-12-04,2026-03-14,101,"5.9.2"
"C28572",2022-10-24,2025-06-29,980,"5.9.2"
"C28572",2025-08-21,2025-09-05,16,"5.9.2"
"C28572",2025-09-14,2025-09-23,10,"5.9.2"
"C28572",2025-10-05,2025-10-22,18,"5.9.2"
"C28578",2025-06-04,2026-03-19,289,"5.9.2"
"C28584",2024-10-17,2024-12-12,57,"5.9.2"
"C28584",2025-08-04,2025-11-17,106,"5.9.2"
"C28584",2026-03-05,2026-04-09,36,"5.9.2"
"C28590",2024-10-15,2025-11-17,399,"5.9.2"
"C28590",2026-02-08,2026-02-28,21,"5.9.2"
"C28596",2024-10-14,2025-09-26,348,"5.9.2"
"C28602",2024-10-20,2024-12-14,56,"5.9.2"
"C28602",2025-09-20,2025-11-20,62,"5.9.2"
"C28605",2023-10-08,2025-03-26,536,"5.9.2"
"C28605",2026-01-18,2026-02-02,16,"5.9.2"
"C28611",2025-10-16,2026-01-04,81,"5.9.2"
"C28614",2026-06-05,2026-07-17,43,"5.9.2"
"C28617",2025-06-04,2025-12-26,206,"5.9.2"
"C28620",2024-10-21,2024-10-24,4,"5.9.2"
"C28641",2024-05-31,2024-10-06,129,"5.9.2"
"C28698",2025-04-17,2025-04-26,10,"5.9.2"
"C28698",2026-04-14,2026-09-30,170,"5.9.2"
"C28713",2024-10-25,2024-12-06,43,"5.9.2"
"C28713",2025-01-23,2025-03-07,44,"5.9.2"
"C28722",2025-06-27,2025-11-23,150,"5.9.2"
"C28722",2026-01-07,2026-02-26,51,"5.9.2"
"C28722",2026-04-27,2026-05-22,26,"5.9.2"
"C28731",2024-10-05,2025-11-05,397,"5.9.2"
"C28737",2024-10-24,2024-12-27,65,"5.9.2"
"C28737",2025-01-20,2025-03-27,67,"5.9.2"
"C28737",2025-12-07,2025-12-20,14,"5.9.2"
"C28746",2024-10-28,2024-10-29,2,"5.9.2"
"C28746",2025-04-30,2025-05-02,3,"5.9.2"
"C28746",2025-05-10,2025-05-19,10,"5.9.2"
"C28755",2024-10-26,2024-11-12,18,"5.9.2"
"C28755",2025-05-17,2026-07-14,424,"5.9.2"
"C28758",2026-03-09,2026-06-17,101,"5.9.2"
"C28764",2024-06-05,2025-02-10,251,"5.9.2"
"C28764",2025-08-06,2026-02-08,187,"5.9.2"
"C28764",2026-04-04,2026-04-04,1,"5.9.2"
"C28764",2026-04-24,2026-05-13,20,"5.9.2"
"C28812",2025-11-21,2026-02-17,89,"5.9.2"
"C28815",2023-01-27,2025-03-09,773,"5.9.2"
"C28830",2024-10-27,2024-11-30,35,"5.9.2"
"C28830",2026-01-24,2026-02-10,18,"5.9.2"
"C28833",2024-10-22,2025-01-27,98,"5.9.2"
"C28833",2025-03-13,2025-04-25,44,"5.9.2"
"C28833",2025-10-23,2025-11-13,22,"5.9.2"
"C28839",2023-05-04,2025-11-01,913,"5.9.2"
"C28839",2025-11-11,2025-11-27,17,"5.9.2"
"C28851",2023-11-03,2026-07-19,990,"5.9.2"
"C28854",2025-09-04,2026-07-13,313,"5.9.2"
"C28881",2024-11-06,2025-01-30,86,"5.9.2"
"C28887",2023-10-01,2024-11-21,418,"5.9.2"
"C28890",2024-10-16,2024-12-05,51,"5.9.2"
"C28890",2025-09-15,2025-11-04,51,"5.9.2"
"C28893",2024-10-01,2025-11-17,413,"5.9.2"
"C28893",2025-12-16,2026-03-23,98,"5.9.2"
"C28896",2024-04-05,2025-05-03,394,"5.9.2"
"C28896",2026-04-29,2026-07-31,94,"5.9.2"
"C28899",2024-08-19,2026-07-12,693,"5.9.2"
"C28914",2024-10-27,2024-12-17,52,"5.9.2"
"C28914",2025-03-06,2025-06-03,90,"5.9.2"
"C28914",2025-06-29,2025-10-17,111,"5.9.2"
"C28917",2024-03-05,2024-12-05,276,"5.9.2"
"C28932",2024-10-29,2025-01-20,84,"5.9.2"
"C28932",2026-01-11,2026-02-20,41,"5.9.2"
"C28938",2026-01-12,2026-03-04,52,"5.9.2"
"C28959",2025-06-19,2025-09-06,80,"5.9.2"
"C28992",2025-08-02,2025-11-15,106,"5.9.2"
"C28995",2025-09-08,2025-11-22,76,"5.9.2"
"C29019",2024-10-10,2026-09-30,721,"5.9.2"
"C29028",2024-10-26,2025-08-14,293,"5.9.2"
"C29028",2025-12-08,2026-01-30,54,"5.9.2"
"C29064",2024-03-19,2024-10-17,213,"5.9.2"
"C29067",2024-10-05,2026-04-24,567,"5.9.2"
"C29070",2024-10-11,2026-07-28,656,"5.9.2"
"C29073",2025-10-25,2026-03-14,141,"5.9.2"
"C29091",2024-04-05,2025-01-13,284,"5.9.2"
"C29091",2025-07-06,2025-12-11,159,"5.9.2"
"C29106",2024-11-11,2026-04-02,508,"5.9.2"
"C29112",2024-11-11,2025-03-04,114,"5.9.2"
"C29112",2025-08-07,2026-04-02,239,"5.9.2"
"C29121",2024-09-25,2024-11-18,55,"5.9.2"
"C29130",2024-11-03,2025-02-06,96,"5.9.2"
"C29130",2026-01-06,2026-02-06,32,"5.9.2"
"C29133",2024-10-27,2024-11-21,26,"5.9.2"
"C29133",2025-08-27,2025-09-26,31,"5.9.2"
"C29133",2025-10-06,2025-10-31,26,"5.9.2"
"C29151",2026-07-11,2026-07-23,13,"5.9.2"
"C29169",2026-04-04,2026-05-27,54,"5.9.2"
"C29178",2024-11-11,2025-01-08,59,"5.9.2"
"C29178",2026-01-20,2026-03-04,44,"5.9.2"
"C29181",2024-11-17,2025-01-26,71,"5.9.2"
"C29184",2024-11-17,2025-01-26,71,"5.9.2"
"C29196",2024-02-12,2026-02-28,748,"5.9.2"
"C29199",2026-07-17,2026-09-30,76,"5.9.2"
"C29214",2023-12-05,2025-11-21,718,"5.9.2"
"C29223",2025-05-08,2025-09-26,142,"5.9.2"
"C29235",2024-10-05,2025-05-08,216,"5.9.2"
"C29238",2023-04-03,2024-12-02,610,"5.9.2"
"C29238",2026-03-13,2026-04-01,20,"5.9.2"
"C29247",2024-09-06,2024-12-04,90,"5.9.2"
"C29247",2025-11-25,2026-01-17,54,"5.9.2"
"C29253",2024-11-17,2025-01-28,73,"5.9.2"
"C29253",2025-11-19,2025-12-24,36,"5.9.2"
"C29280",2026-03-13,2026-03-16,4,"5.9.2"
"C29280",2026-05-22,2026-05-29,8,"5.9.2"
"C29286",2024-11-08,2025-02-07,92,"5.9.2"
"C29286",2025-10-18,2025-11-27,41,"5.9.2"
"C29295",2024-11-05,2026-07-25,628,"5.9.2"
"C29331",2025-10-19,2026-07-19,274,"5.9.2"
"C29334",2022-10-26,2025-10-24,1095,"5.9.2"
"C29337",2025-02-03,2026-04-01,423,"5.9.2"
"C29358",2024-11-16,2025-01-28,74,"5.9.2"
"C29358",2025-09-04,2026-06-04,274,"5.9.2"
"C29382",2024-11-19,2025-05-18,181,"5.9.2"
"C29382",2025-12-18,2026-02-28,73,"5.9.2"
"C29388",2024-11-19,2025-01-02,45,"5.9.2"
"C29388",2026-03-05,2026-05-06,63,"5.9.2"
"C29391",2024-11-11,2024-11-28,18,"5.9.2"
"C29394",2025-08-04,2026-06-08,309,"5.9.2"
"C29394",2026-06-19,2026-06-19,1,"5.9.2"
"C29397",2025-09-04,2026-03-06,184,"5.9.2"
"C29418",2026-06-03,2026-09-30,120,"5.9.2"
"C29427",2024-11-05,2025-02-27,115,"5.9.2"
"C29427",2025-09-04,2025-12-03,91,"5.9.2"
"C29433",2026-06-19,2026-09-30,104,"5.9.2"
"C29439",2025-10-02,2025-11-13,43,"5.9.2"
"C29442",2025-09-16,2026-06-23,281,"5.9.2"
"C29451",2025-01-08,2025-01-27,20,"5.9.2"
"C29451",2025-06-04,2026-01-06,217,"5.9.2"
"C29451",2026-04-11,2026-05-08,28,"5.9.2"
"C29454",2025-11-28,2025-12-11,14,"5.9.2"
"C29466",2024-11-23,2025-01-24,63,"5.9.2"
"C29469",2025-04-19,2025-06-19,62,"5.9.2"
"C29469",2026-05-05,2026-09-30,149,"5.9.2"
"C29478",2025-06-24,2025-12-18,178,"5.9.2"
"C29481",2024-12-06,2026-03-10,460,"5.9.2"
"C29502",2026-02-24,2026-04-25,61,"5.9.2"
"C29514",2024-11-08,2025-02-01,86,"5.9.2"
"C29514",2025-12-13,2026-01-08,27,"5.9.2"
"C29535",2024-11-23,2024-12-07,15,"5.9.2"
"C29535",2025-03-28,2025-09-26,183,"5.9.2"
"C29535",2025-10-18,2025-11-03,17,"5.9.2"
"C29535",2026-02-15,2026-03-03,17,"5.9.2"
"C29565",2026-04-17,2026-06-08,53,"5.9.2"
"C29571",2024-11-15,2025-10-06,326,"5.9.2"
"C29574",2026-05-11,2026-06-04,25,"5.9.2"
"C29586",2024-11-29,2024-12-13,15,"5.9.2"
"C29586",2025-12-12,2026-01-04,24,"5.9.2"
"C29586",2026-04-11,2026-04-25,15,"5.9.2"
"C29607",2023-10-01,2026-07-17,1021,"5.9.2"
"C29616",2024-02-03,2025-10-23,629,"5.9.2"
"C29619",2024-10-13,2024-12-17,66,"5.9.2"
"C29619",2026-04-26,2026-05-15,20,"5.9.2"
"C29679",2024-07-20,2025-10-26,464,"5.9.2"
"C29688",2024-10-06,2026-09-30,725,"5.9.2"
"C29694",2026-05-24,2026-09-30,130,"5.9.2"
"C29697",2024-07-06,2026-09-30,817,"5.9.2"
"C29703",2024-06-13,2024-06-29,17,"5.9.2"
"C29703",2026-05-03,2026-05-17,15,"5.9.2"
"C29718",2024-07-20,2024-11-17,121,"5.9.2"
"C29718",2024-12-05,2026-09-30,665,"5.9.2"
"C29727",2024-03-23,2025-10-04,561,"5.9.2"
"C29739",2024-08-05,2024-11-13,101,"5.9.2"
"C29739",2025-11-24,2025-12-21,28,"5.9.2"
"C29745",2024-09-22,2026-09-30,739,"5.9.2"
"C29757",2024-07-25,2025-11-26,490,"5.9.2"
"C29772",2024-11-23,2025-08-02,253,"5.9.2"
"C29775",2022-12-06,2025-02-17,805,"5.9.2"
"C29799",2026-06-19,2026-07-16,28,"5.9.2"
"C29811",2025-10-23,2026-05-20,210,"5.9.2"
"C29823",2024-12-07,2025-02-25,81,"5.9.2"
"C29823",2025-10-04,2025-10-22,19,"5.9.2"
"C29841",2022-12-27,2025-12-25,1095,"5.9.2"
"C29853",2026-02-09,2026-03-15,35,"5.9.2"
"C29868",2025-04-18,2025-05-05,18,"5.9.2"
"C29868",2025-12-13,2026-04-16,125,"5.9.2"
"C29871",2026-01-05,2026-09-30,269,"5.9.2"
"C29880",2026-06-05,2026-07-16,42,"5.9.2"
"C29886",2024-12-04,2025-01-12,40,"5.9.2"
"C29886",2026-03-08,2026-04-14,38,"5.9.2"
"C29892",2025-07-05,2025-08-08,35,"5.9.2"
"C29892",2025-11-07,2025-12-11,35,"5.9.2"
"C29901",2026-04-18,2026-07-26,100,"5.9.2"
"C29904",2022-10-22,2025-10-20,1095,"5.9.2"
"C29952",2024-12-08,2025-09-02,269,"5.9.2"
"C29952",2025-10-06,2025-12-25,81,"5.9.2"
"C29955",2024-12-20,2025-01-14,26,"5.9.2"
"C29955",2025-10-03,2025-10-16,14,"5.9.2"
"C29955",2026-01-17,2026-06-10,145,"5.9.2"
"C29961",2025-10-15,2025-11-26,43,"5.9.2"
"C29964",2023-11-04,2025-02-02,457,"5.9.2"
"C29982",2025-03-13,2026-03-31,384,"5.9.2"
"C29985",2026-01-03,2026-09-30,271,"5.9.2"
"C29988",2025-12-08,2026-01-10,34,"5.9.2"
"C30012",2024-01-03,2024-12-19,352,"5.9.2"
"C30021",2024-12-06,2025-01-04,30,"5.9.2"
"C30051",2024-12-19,2025-01-17,30,"5.9.2"
"C30051",2025-11-09,2025-11-22,14,"5.9.2"
"C30051",2026-01-16,2026-03-05,49,"5.9.2"
"C30063",2025-08-04,2025-10-04,62,"5.9.2"
"C30069",2025-08-04,2025-10-04,62,"5.9.2"
"C30084",2025-09-12,2026-02-18,160,"5.9.2"
"C30087",2024-11-14,2026-09-30,686,"5.9.2"
"C30090",2024-12-21,2026-09-30,649,"5.9.2"
"C30135",2024-12-21,2025-02-01,43,"5.9.2"
"C30135",2025-11-24,2025-12-22,29,"5.9.2"
"C30141",2024-12-06,2025-05-11,157,"5.9.2"
"C30144",2025-07-19,2025-11-19,124,"5.9.2"
"C30144",2025-12-30,2026-01-10,12,"5.9.2"
"C30147",2025-07-19,2025-11-19,124,"5.9.2"
"C30147",2025-12-30,2026-01-10,12,"5.9.2"
"C30156",2025-09-04,2026-01-31,150,"5.9.2"
"C30159",2024-11-18,2026-04-04,503,"5.9.2"
"C30180",2024-12-22,2025-06-12,173,"5.9.2"
"C30180",2025-06-26,2026-09-30,462,"5.9.2"
"C30201",2023-10-01,2025-12-14,806,"5.9.2"
"C30204",2024-12-24,2025-02-25,64,"5.9.2"
"C30204",2025-03-14,2025-04-10,28,"5.9.2"
"C30222",2024-12-19,2025-05-04,137,"5.9.2"
"C30222",2025-12-27,2026-01-09,14,"5.9.2"
"C30243",2024-12-28,2025-01-09,13,"5.9.2"
"C30243",2025-12-01,2026-01-12,43,"5.9.2"
"C30279",2024-12-24,2026-04-04,467,"5.9.2"
"C30306",2024-12-29,2026-05-08,496,"5.9.2"
"C30312",2023-10-01,2024-11-09,406,"5.9.2"
"C30312",2026-02-28,2026-09-30,215,"5.9.2"
"C30318",2024-12-30,2025-02-06,39,"5.9.2"
"C30321",2025-12-19,2026-01-07,20,"5.9.2"
"C30342",2025-07-07,2025-11-07,124,"5.9.2"
"C30342",2026-06-13,2026-09-30,110,"5.9.2"
"C30351",2024-12-01,2025-08-03,246,"5.9.2"
"C30354",2025-07-08,2025-10-11,96,"5.9.2"
"C30360",2024-12-06,2025-01-04,30,"5.9.2"
"C30375",2026-06-26,2026-09-30,97,"5.9.2"
"C30384",2025-01-01,2025-05-08,128,"5.9.2"
"C30384",2026-01-16,2026-03-13,57,"5.9.2"
"C30384",2026-05-05,2026-09-30,149,"5.9.2"
"C30387",2025-08-04,2026-06-18,319,"5.9.2"
"C30390",2024-12-30,2025-01-23,25,"5.9.2"
"C30390",2025-07-26,2025-08-12,18,"5.9.2"
"C30390",2025-11-06,2025-11-21,16,"5.9.2"
"C30390",2026-04-26,2026-05-22,27,"5.9.2"
"C30396",2025-09-13,2025-12-03,82,"5.9.2"
"C30396",2026-02-03,2026-06-15,133,"5.9.2"
"C30402",2025-01-05,2025-06-20,167,"5.9.2"
"C30402",2025-10-02,2025-11-17,47,"5.9.2"
"C30402",2025-12-05,2026-01-30,57,"5.9.2"
"C30408",2025-04-04,2025-07-19,107,"5.9.2"
"C30435",2025-01-06,2025-08-09,216,"5.9.2"
"C30435",2025-09-26,2025-12-20,86,"5.9.2"
"C30453",2025-04-18,2026-09-30,531,"5.9.2"
"C30456",2024-09-05,2025-09-04,365,"5.9.2"
"C30456",2025-10-22,2025-11-12,22,"5.9.2"
"C30462",2025-04-20,2025-11-07,202,"5.9.2"
"C30492",2023-03-04,2025-11-06,979,"5.9.2"
"C30495",2025-05-23,2025-11-03,165,"5.9.2"
"C30498",2025-01-10,2025-02-20,42,"5.9.2"
"C30498",2025-08-04,2025-12-01,120,"5.9.2"
"C30504",2026-05-18,2026-09-30,136,"5.9.2"
"C30528",2024-06-05,2025-08-14,436,"5.9.2"
"C30528",2025-12-08,2026-01-30,54,"5.9.2"
"C30546",2024-10-25,2025-05-31,219,"5.9.2"
"C30546",2025-08-28,2025-08-29,2,"5.9.2"
"C30549",2024-10-25,2025-05-31,219,"5.9.2"
"C30558",2026-07-13,2026-07-27,15,"5.9.2"
"C30564",2025-01-04,2025-01-17,14,"5.9.2"
"C30564",2026-05-15,2026-06-28,45,"5.9.2"
"C30585",2025-05-16,2026-04-06,326,"5.9.2"
"C30600",2025-04-26,2025-05-08,13,"5.9.2"
"C30600",2025-10-18,2025-12-16,60,"5.9.2"
"C30603",2022-12-03,2025-12-01,1095,"5.9.2"
"C30606",2024-11-05,2025-02-02,90,"5.9.2"
"C30648",2025-01-17,2025-02-05,20,"5.9.2"
"C30648",2025-09-22,2026-04-13,204,"5.9.2"
"C30657",2025-01-12,2025-12-01,324,"5.9.2"
"C30672",2024-11-22,2025-11-03,347,"5.9.2"
"C30675",2024-11-22,2025-11-03,347,"5.9.2"
"C30684",2025-01-18,2025-02-19,33,"5.9.2"
"C30684",2026-07-10,2026-07-30,21,"5.9.2"
"C30687",2025-01-13,2025-01-26,14,"5.9.2"
"C30687",2026-06-15,2026-07-31,47,"5.9.2"
"C30702",2024-11-05,2026-06-08,581,"5.9.2"
"C30711",2025-01-22,2025-02-11,21,"5.9.2"
"C30714",2025-01-17,2025-02-17,32,"5.9.2"
"C30720",2025-01-17,2025-04-24,98,"5.9.2"
"C30720",2025-06-03,2026-09-30,485,"5.9.2"
"C30723",2025-01-18,2025-04-09,82,"5.9.2"
"C30723",2025-08-25,2026-08-04,345,"5.9.2"
"C30726",2024-04-05,2025-10-24,568,"5.9.2"
"C30738",2025-01-07,2025-04-20,104,"5.9.2"
"C30777",2026-05-15,2026-09-30,139,"5.9.2"
"C30780",2025-01-26,2025-02-12,18,"5.9.2"
"C30780",2025-11-21,2026-03-17,117,"5.9.2"
"C30783",2025-02-03,2025-12-31,332,"5.9.2"
"C30822",2025-01-26,2025-02-12,18,"5.9.2"
"C30822",2025-11-24,2025-12-12,19,"5.9.2"
"C30825",2025-01-15,2025-02-13,30,"5.9.2"
"C30849",2025-01-07,2026-01-24,383,"5.9.2"
"C30894",2026-05-25,2026-06-07,14,"5.9.2"
"C30897",2024-05-25,2026-06-07,744,"5.9.2"
"C30903",2025-11-04,2026-02-20,109,"5.9.2"
"C30906",2025-11-04,2026-02-20,109,"5.9.2"
"C30909",2025-08-04,2026-05-12,282,"5.9.2"
"C30912",2025-02-01,2025-02-19,19,"5.9.2"
"C30912",2026-07-20,2026-07-20,1,"5.9.2"
"C30921",2025-01-14,2025-03-09,55,"5.9.2"
"C30924",2025-11-28,2026-01-21,55,"5.9.2"
"C30936",2025-02-02,2025-02-23,22,"5.9.2"
"C30936",2025-10-02,2025-11-25,55,"5.9.2"
"C30939",2025-02-01,2025-11-25,298,"5.9.2"
"C30954",2023-07-19,2026-07-17,1095,"5.9.2"
"C30963",2024-08-24,2026-06-17,663,"5.9.2"
"C30966",2025-02-04,2025-06-09,126,"5.9.2"
"C30966",2025-10-26,2026-09-30,340,"5.9.2"
"C30969",2025-02-01,2025-03-24,52,"5.9.2"
"C30969",2025-08-10,2025-09-18,40,"5.9.2"
"C30969",2026-02-17,2026-03-09,21,"5.9.2"
"C30978",2024-12-06,2025-12-02,362,"5.9.2"
"C30984",2024-11-05,2025-09-06,306,"5.9.2"
"C31014",2026-05-24,2026-09-30,130,"5.9.2"
"C31026",2026-02-13,2026-03-21,37,"5.9.2"
"C31026",2026-07-18,2026-09-30,75,"5.9.2"
"C31029",2023-11-04,2026-02-01,821,"5.9.2"
"C31050",2026-07-06,2026-09-30,87,"5.9.2"
"C31053",2025-02-10,2025-02-24,15,"5.9.2"
"C31053",2026-05-30,2026-06-19,21,"5.9.2"
"C31059",2022-11-14,2025-11-12,1095,"5.9.2"
"C31062",2023-03-16,2025-05-30,807,"5.9.2"
"C31068",2023-01-14,2026-01-12,1095,"5.9.2"
"C31077",2025-01-09,2026-07-31,569,"5.9.2"
"C31086",2025-09-11,2025-12-07,88,"5.9.2"
"C31098",2025-02-06,2025-11-21,289,"5.9.2"
"C31119",2024-12-29,2025-03-03,65,"5.9.2"
"C31119",2026-03-23,2026-05-08,47,"5.9.2"
"C31122",2025-06-10,2026-07-20,406,"5.9.2"
"C31125",2025-02-15,2025-05-05,80,"5.9.2"
"C31125",2025-06-23,2025-08-09,48,"5.9.2"
"C31125",2025-10-05,2025-11-05,32,"5.9.2"
"C31128",2025-02-17,2025-03-28,40,"5.9.2"
"C31128",2025-06-20,2025-09-07,80,"5.9.2"
"C31128",2025-12-01,2026-01-24,55,"5.9.2"
"C31137",2024-11-05,2025-03-19,135,"5.9.2"
"C31137",2025-11-04,2026-03-09,126,"5.9.2"
"C31191",2024-05-05,2025-03-20,320,"5.9.2"
"C31194",2022-10-16,2025-03-03,870,"5.9.2"
"C31215",2025-09-29,2025-11-21,54,"5.9.2"
"C31221",2025-02-09,2025-05-15,96,"5.9.2"
"C31221",2025-07-30,2025-12-04,128,"5.9.2"
"C31233",2022-11-06,2025-11-04,1095,"5.9.2"
"C31239",2025-02-24,2025-04-11,47,"5.9.2"
"C31239",2026-03-27,2026-04-15,20,"5.9.2"
"C31251",2025-02-23,2025-03-10,16,"5.9.2"
"C31251",2025-05-01,2025-05-20,20,"5.9.2"
"C31251",2026-01-01,2026-02-14,45,"5.9.2"
"C31275",2025-02-20,2026-05-15,450,"5.9.2"
"C31278",2025-07-03,2025-07-22,20,"5.9.2"
"C31278",2025-08-04,2025-11-02,91,"5.9.2"
"C31287",2026-02-14,2026-05-16,92,"5.9.2"
"C31293",2025-02-23,2026-04-26,428,"5.9.2"
"C31296",2025-02-28,2025-05-05,67,"5.9.2"
"C31296",2025-09-21,2025-12-16,87,"5.9.2"
"C31308",2026-01-06,2026-03-25,79,"5.9.2"
"C31314",2025-02-03,2025-04-24,81,"5.9.2"
"C31314",2026-02-13,2026-02-28,16,"5.9.2"
"C31317",2025-11-30,2025-12-13,14,"5.9.2"
"C31329",2025-02-27,2025-03-29,31,"5.9.2"
"C31329",2026-01-05,2026-02-04,31,"5.9.2"
"C31332",2025-03-06,2025-06-11,98,"5.9.2"
"C31332",2025-06-24,2026-01-02,193,"5.9.2"
"C31335",2025-03-02,2025-03-29,28,"5.9.2"
"C31335",2025-08-16,2025-10-15,61,"5.9.2"
"C31350",2025-05-19,2025-10-14,149,"5.9.2"
"C31359",2025-03-03,2025-03-16,14,"5.9.2"
"C31359",2026-01-20,2026-04-11,82,"5.9.2"
"C31365",2025-02-05,2025-06-05,121,"5.9.2"
"C31365",2026-03-27,2026-05-22,57,"5.9.2"
"C31368",2025-05-16,2025-10-18,156,"5.9.2"
"C31380",2025-03-05,2025-03-19,15,"5.9.2"
"C31389",2026-04-04,2026-09-30,180,"5.9.2"
"C31395",2025-06-23,2025-11-07,138,"5.9.2"
"C31404",2025-09-19,2025-10-07,19,"5.9.2"
"C31440",2025-03-10,2025-03-22,13,"5.9.2"
"C31440",2025-08-03,2025-09-01,30,"5.9.2"
"C31440",2025-11-11,2025-11-27,17,"5.9.2"
"C31440",2026-01-23,2026-03-08,45,"5.9.2"
"C31443",2025-03-10,2025-03-22,13,"5.9.2"
"C31443",2025-08-03,2025-09-01,30,"5.9.2"
"C31443",2025-11-11,2025-11-27,17,"5.9.2"
"C31443",2026-01-23,2026-03-08,45,"5.9.2"
"C31449",2025-03-10,2026-07-12,490,"5.9.2"
"C31452",2026-05-24,2026-07-15,53,"5.9.2"
"C31461",2025-03-13,2026-01-02,296,"5.9.2"
"C31476",2025-01-17,2025-01-18,2,"5.9.2"
"C31488",2025-03-13,2025-04-22,41,"5.9.2"
"C31488",2025-08-30,2025-10-19,51,"5.9.2"
"C31500",2025-03-07,2025-05-26,81,"5.9.2"
"C31500",2025-11-08,2025-11-29,22,"5.9.2"
"C31500",2025-12-16,2026-01-28,44,"5.9.2"
"C31503",2025-10-09,2026-01-16,100,"5.9.2"
"C31506",2025-07-30,2026-01-16,171,"5.9.2"
"C31518",2025-03-13,2025-05-01,50,"5.9.2"
"C31524",2025-03-13,2025-04-04,23,"5.9.2"
"C31524",2025-07-28,2025-09-05,40,"5.9.2"
"C31524",2026-01-04,2026-01-25,22,"5.9.2"
"C31530",2025-03-04,2025-05-23,81,"5.9.2"
"C31533",2025-03-04,2025-11-28,270,"5.9.2"
"C31536",2025-10-25,2025-11-19,26,"5.9.2"
"C31539",2025-04-17,2025-05-26,40,"5.9.2"
"C31539",2026-02-25,2026-09-30,218,"5.9.2"
"C31542",2025-04-17,2025-05-15,29,"5.9.2"
"C31542",2025-10-14,2025-10-29,16,"5.9.2"
"C31554",2025-11-07,2025-11-21,15,"5.9.2"
"C31560",2024-11-09,2025-03-15,127,"5.9.2"
"C31560",2025-10-23,2025-11-14,23,"5.9.2"
"C31569",2025-01-07,2025-12-24,352,"5.9.2"
"C31572",2026-06-08,2026-07-18,41,"5.9.2"
"C31575",2025-03-20,2026-03-13,359,"5.9.2"
"C31578",2025-03-03,2025-04-04,33,"5.9.2"
"C31608",2025-08-22,2025-10-14,54,"5.9.2"
"C31626",2025-02-21,2025-05-02,71,"5.9.2"
"C31629",2026-07-14,2026-09-30,79,"5.9.2"
"C31635",2025-03-01,2025-10-20,234,"5.9.2"
"C31650",2025-03-15,2025-06-07,85,"5.9.2"
"C31665",2025-01-03,2025-06-27,176,"5.9.2"
"C31665",2025-10-19,2025-11-16,29,"5.9.2"
"C31686",2025-03-24,2025-06-03,72,"5.9.2"
"C31695",2025-03-24,2026-09-30,556,"5.9.2"
"C31698",2025-03-23,2025-04-27,36,"5.9.2"
"C31704",2025-03-23,2025-04-27,36,"5.9.2"
"C31725",2025-03-22,2026-04-06,381,"5.9.2"
"C31728",2026-01-26,2026-02-11,17,"5.9.2"
"C31737",2025-03-07,2026-09-30,573,"5.9.2"
"C31761",2024-06-22,2025-11-26,523,"5.9.2"
"C31764",2025-03-13,2026-03-28,381,"5.9.2"
"C31776",2025-03-29,2025-05-25,58,"5.9.2"
"C31776",2025-10-25,2026-03-20,147,"5.9.2"
"C31782",2025-03-04,2025-12-10,282,"5.9.2"
"C31788",2025-02-03,2025-04-27,84,"5.9.2"
"C31791",2026-01-01,2026-05-06,126,"5.9.2"
"C31794",2025-06-28,2026-01-02,189,"5.9.2"
"C31818",2025-03-12,2026-09-30,568,"5.9.2"
"C31821",2025-04-04,2025-05-18,45,"5.9.2"
"C31833",2025-06-20,2025-10-12,115,"5.9.2"
"C31836",2025-07-16,2025-10-12,89,"5.9.2"
"C31863",2025-01-22,2025-12-01,314,"5.9.2"
"C31878",2025-11-27,2025-12-23,27,"5.9.2"
"C31878",2026-01-09,2026-02-19,42,"5.9.2"
"C31881",2025-09-11,2025-10-10,30,"5.9.2"
"C31881",2026-03-19,2026-05-24,67,"5.9.2"
"C31884",2025-09-06,2026-04-09,216,"5.9.2"
"C31896",2025-04-01,2025-11-19,233,"5.9.2"
"C31908",2025-12-11,2025-12-17,7,"5.9.2"
"C31914",2025-09-07,2025-09-21,15,"5.9.2"
"C31914",2026-03-05,2026-04-10,37,"5.9.2"
"C31923",2025-03-31,2025-08-27,150,"5.9.2"
"C31929",2025-01-07,2025-06-06,151,"5.9.2"
"C31929",2025-06-29,2025-11-21,146,"5.9.2"
"C31941",2025-04-07,2025-08-09,125,"5.9.2"
"C31941",2025-08-21,2026-02-24,188,"5.9.2"
"C31953",2025-03-06,2025-09-19,198,"5.9.2"
"C31959",2025-01-03,2025-12-02,334,"5.9.2"
"C31962",2025-01-03,2025-12-02,334,"5.9.2"
"C31968",2025-03-04,2025-06-01,90,"5.9.2"
"C31977",2025-03-04,2025-06-19,108,"5.9.2"
"C31980",2025-03-04,2025-06-19,108,"5.9.2"
"C31983",2025-04-08,2025-05-23,46,"5.9.2"
"C31983",2026-05-26,2026-09-30,128,"5.9.2"
"C31986",2025-04-11,2025-06-03,54,"5.9.2"
"C31989",2024-06-24,2025-09-06,440,"5.9.2"
"C32001",2025-03-30,2025-11-08,224,"5.9.2"
"C32010",2024-05-05,2026-05-15,741,"5.9.2"
"C32013",2025-04-11,2025-08-08,120,"5.9.2"
"C32019",2026-04-12,2026-05-26,45,"5.9.2"
"C32040",2025-01-15,2025-06-08,145,"5.9.2"
"C32043",2025-01-15,2025-06-08,145,"5.9.2"
"C32067",2026-07-14,2026-08-04,22,"5.9.2"
"C32073",2026-01-09,2026-01-24,16,"5.9.2"
"C32100",2025-04-07,2025-04-24,18,"5.9.2"
"C32100",2025-11-30,2026-01-03,35,"5.9.2"
"C32100",2026-01-13,2026-02-03,22,"5.9.2"
"C32109",2025-03-04,2025-05-22,80,"5.9.2"
"C32118",2025-03-29,2025-04-16,19,"5.9.2"
"C32118",2025-09-22,2025-10-05,14,"5.9.2"
"C32118",2026-01-23,2026-02-08,17,"5.9.2"
"C32124",2025-04-16,2025-05-31,46,"5.9.2"
"C32124",2026-02-01,2026-02-13,13,"5.9.2"
"C32124",2026-03-17,2026-06-12,88,"5.9.2"
"C32130",2025-03-18,2025-05-18,62,"5.9.2"
"C32133",2025-03-18,2025-05-18,62,"5.9.2"
"C32136",2025-04-18,2025-05-02,15,"5.9.2"
"C32136",2025-05-12,2025-05-12,1,"5.9.2"
"C32136",2025-05-22,2025-05-27,6,"5.9.2"
"C32136",2025-06-04,2025-06-04,1,"5.9.2"
"C32136",2025-06-16,2025-06-16,1,"5.9.2"
"C32148",2025-04-12,2025-12-30,263,"5.9.2"
"C32154",2025-01-22,2026-05-31,495,"5.9.2"
"C32157",2025-04-17,2025-07-01,76,"5.9.2"
"C32157",2025-10-20,2026-02-03,107,"5.9.2"
"C32163",2025-04-17,2025-06-20,65,"5.9.2"
"C32187",2025-02-23,2025-09-24,214,"5.9.2"
"C32220",2025-08-14,2025-11-05,84,"5.9.2"
"C32220",2026-01-11,2026-02-24,45,"5.9.2"
"C32226",2025-04-13,2025-06-09,58,"5.9.2"
"C32226",2025-08-30,2025-12-19,112,"5.9.2"
"C32235",2025-10-11,2025-11-26,47,"5.9.2"
"C32259",2026-01-15,2026-02-23,40,"5.9.2"
"C32271",2025-05-05,2026-02-13,285,"5.9.2"
"C32274",2025-04-26,2025-04-26,1,"5.9.2"
"C32274",2025-05-05,2025-07-19,76,"5.9.2"
"C32280",2026-03-04,2026-07-30,149,"5.9.2"
"C32283",2024-12-25,2025-10-21,301,"5.9.2"
"C32283",2025-11-01,2026-01-07,68,"5.9.2"
"C32283",2026-01-26,2026-02-28,34,"5.9.2"
"C32289",2025-01-02,2025-06-03,153,"5.9.2"
"C32292",2025-04-11,2025-07-18,99,"5.9.2"
"C32301",2025-04-27,2025-05-27,31,"5.9.2"
"C32301",2026-05-01,2026-06-04,35,"5.9.2"
"C32304",2025-04-27,2025-05-27,31,"5.9.2"
"C32304",2026-05-01,2026-06-04,35,"5.9.2"
"C32319",2025-04-20,2026-09-30,529,"5.9.2"
"C32322",2026-04-05,2026-09-30,179,"5.9.2"
"C32325",2025-04-27,2026-09-30,522,"5.9.2"
"C32328",2026-03-06,2026-03-25,20,"5.9.2"
"C32340",2025-01-29,2025-08-10,194,"5.9.2"
"C32355",2025-05-08,2025-05-11,4,"5.9.2"
"C32355",2025-05-19,2025-05-19,1,"5.9.2"
"C32355",2025-06-13,2025-07-05,23,"5.9.2"
"C32355",2025-11-27,2026-03-05,99,"5.9.2"
"C32355",2026-06-24,2026-06-24,1,"5.9.2"
"C32361",2025-03-31,2025-07-10,102,"5.9.2"
"C32361",2025-10-13,2025-11-19,38,"5.9.2"
"C32364",2025-04-10,2025-04-24,15,"5.9.2"
"C32364",2026-05-30,2026-07-18,50,"5.9.2"
"C32367",2025-04-28,2025-11-06,193,"5.9.2"
"C32370",2025-04-28,2025-11-06,193,"5.9.2"
"C32385",2025-05-02,2025-05-29,28,"5.9.2"
"C32385",2025-09-26,2025-12-29,95,"5.9.2"
"C32388",2025-04-13,2025-04-30,18,"5.9.2"
"C32388",2025-08-30,2025-10-08,40,"5.9.2"
"C32403",2025-05-01,2026-02-02,278,"5.9.2"
"C32406",2026-07-11,2026-09-30,82,"5.9.2"
"C32421",2025-05-03,2025-05-22,20,"5.9.2"
"C32421",2025-08-05,2026-03-29,237,"5.9.2"
"C32430",2025-05-03,2025-05-21,19,"5.9.2"
"C32433",2025-05-02,2025-10-04,156,"5.9.2"
"C32445",2025-11-13,2025-12-08,26,"5.9.2"
"C32451",2025-02-21,2025-10-02,224,"5.9.2"
"C32454",2025-05-07,2025-07-07,62,"5.9.2"
"C32454",2025-09-18,2025-12-22,96,"5.9.2"
"C32454",2026-01-10,2026-02-28,50,"5.9.2"
"C32460",2025-04-04,2025-06-08,66,"5.9.2"
"C32466",2026-05-02,2026-09-30,152,"5.9.2"
"C32481",2025-05-08,2025-06-13,37,"5.9.2"
"C32481",2025-11-24,2025-12-09,16,"5.9.2"
"C32481",2026-05-03,2026-06-12,41,"5.9.2"
"C32496",2025-03-16,2025-10-23,222,"5.9.2"
"C32499",2026-03-22,2026-04-30,40,"5.9.2"
"C32517",2025-04-12,2025-07-31,111,"5.9.2"
"C32517",2026-06-22,2026-08-01,41,"5.9.2"
"C32520",2025-04-15,2026-09-30,534,"5.9.2"
"C32523",2025-04-15,2026-09-30,534,"5.9.2"
"C32529",2025-05-26,2025-06-14,20,"5.9.2"
"C32529",2025-10-04,2026-01-04,93,"5.9.2"
"C32529",2026-02-10,2026-06-10,121,"5.9.2"
"C32529",2026-06-19,2026-07-02,14,"5.9.2"
"C32544",2025-05-08,2025-06-02,26,"5.9.2"
"C32544",2025-11-09,2026-02-19,103,"5.9.2"
"C32553",2025-12-27,2026-01-19,24,"5.9.2"
"C32565",2024-01-16,2025-08-03,566,"5.9.2"
"C32565",2025-11-13,2026-09-30,322,"5.9.2"
"C32568",2025-04-13,2025-10-08,179,"5.9.2"
"C32577",2025-05-12,2025-05-25,14,"5.9.2"
"C32577",2025-12-19,2026-01-12,25,"5.9.2"
"C32586",2025-08-26,2025-09-16,22,"5.9.2"
"C32586",2026-06-24,2026-09-30,99,"5.9.2"
"C32589",2025-05-12,2025-06-21,41,"5.9.2"
"C32589",2025-12-13,2026-03-07,85,"5.9.2"
"C32598",2025-05-04,2025-06-11,39,"5.9.2"
"C32598",2026-05-31,2026-07-27,58,"5.9.2"
"C32616",2025-05-24,2025-12-21,212,"5.9.2"
"C32619",2026-03-06,2026-09-30,209,"5.9.2"
"C32664",2025-05-16,2025-05-16,1,"5.9.2"
"C32682",2026-03-09,2026-09-30,206,"5.9.2"
"C32691",2023-10-23,2025-12-04,774,"5.9.2"
"C32700",2026-03-01,2026-04-16,47,"5.9.2"
"C32703",2025-02-03,2026-06-04,487,"5.9.2"
"C32706",2022-11-05,2025-10-01,1062,"5.9.2"
"C32709",2025-05-12,2025-07-07,57,"5.9.2"
"C32709",2025-07-21,2025-09-01,43,"5.9.2"
"C32709",2025-10-23,2025-11-18,27,"5.9.2"
"C32709",2026-05-01,2026-05-14,14,"5.9.2"
"C32724",2026-07-04,2026-07-31,28,"5.9.2"
"C32727",2026-07-04,2026-07-31,28,"5.9.2"
"C32733",2025-10-09,2025-11-12,35,"5.9.2"
"C32736",2025-05-18,2025-09-24,130,"5.9.2"
"C32736",2025-10-15,2025-10-30,16,"5.9.2"
"C32742",2023-02-03,2025-05-09,827,"5.9.2"
"C32742",2026-01-17,2026-02-01,16,"5.9.2"
"C32775",2025-05-09,2025-05-30,22,"5.9.2"
"C32775",2025-11-20,2026-01-03,45,"5.9.2"
"C32805",2023-05-10,2026-02-27,1025,"5.9.2"
"C32820",2025-05-20,2025-07-02,44,"5.9.2"
"C32835",2025-05-15,2025-11-13,183,"5.9.2"
"C32853",2025-05-26,2025-07-09,45,"5.9.2"
"C32853",2026-01-21,2026-06-14,145,"5.9.2"
"C32859",2025-05-26,2025-06-09,15,"5.9.2"
"C32859",2025-11-05,2026-02-08,96,"5.9.2"
"C32862",2025-04-22,2025-06-16,56,"5.9.2"
"C32862",2026-01-17,2026-03-04,47,"5.9.2"
"C32868",2026-03-09,2026-05-22,75,"5.9.2"
"C32886",2025-04-04,2025-04-24,21,"5.9.2"
"C32889",2025-05-16,2026-05-09,359,"5.9.2"
"C32895",2024-11-08,2025-06-28,233,"5.9.2"
"C32895",2026-04-22,2026-09-30,162,"5.9.2"
"C32898",2025-05-24,2025-09-07,107,"5.9.2"
"C32901",2025-05-22,2025-06-03,13,"5.9.2"
"C32901",2026-07-02,2026-09-30,91,"5.9.2"
"C32907",2025-10-23,2026-01-20,90,"5.9.2"
"C32913",2025-05-17,2025-10-20,157,"5.9.2"
"C32916",2025-09-12,2025-09-24,13,"5.9.2"
"C32916",2026-03-22,2026-04-11,21,"5.9.2"
"C32922",2025-07-07,2025-10-17,103,"5.9.2"
"C32925",2025-05-04,2025-09-10,130,"5.9.2"
"C32928",2023-05-26,2025-05-24,730,"5.9.2"
"C32928",2025-07-24,2025-08-07,15,"5.9.2"
"C32928",2025-12-28,2026-01-15,19,"5.9.2"
"C32940",2023-02-09,2026-02-07,1095,"5.9.2"
"C32943",2025-05-16,2025-07-24,70,"5.9.2"
"C32952",2025-05-07,2025-09-03,120,"5.9.2"
"C32967",2025-11-13,2026-01-13,62,"5.9.2"
"C32979",2025-05-04,2025-09-04,124,"5.9.2"
"C32982",2025-02-03,2026-05-09,461,"5.9.2"
"C33006",2026-06-07,2026-09-30,116,"5.9.2"
"C33009",2025-05-18,2026-03-08,295,"5.9.2"
"C33012",2025-05-18,2026-03-08,295,"5.9.2"
"C33024",2025-05-09,2025-06-06,29,"5.9.2"
"C33033",2025-06-01,2025-08-27,88,"5.9.2"
"C33036",2025-03-24,2025-09-07,168,"5.9.2"
"C33045",2025-06-07,2025-06-07,1,"5.9.2"
"C33045",2025-12-12,2026-02-07,58,"5.9.2"
"C33051",2025-06-02,2025-12-15,197,"5.9.2"
"C33054",2026-02-24,2026-03-24,29,"5.9.2"
"C33066",2025-06-04,2025-11-03,153,"5.9.2"
"C33072",2025-06-05,2025-07-06,32,"5.9.2"
"C33072",2026-01-06,2026-02-13,39,"5.9.2"
"C33075",2025-02-28,2025-10-14,229,"5.9.2"
"C33078",2026-02-08,2026-03-22,43,"5.9.2"
"C33093",2025-05-19,2026-02-14,272,"5.9.2"
"C33096",2025-06-05,2025-09-07,95,"5.9.2"
"C33099",2025-06-07,2025-08-18,73,"5.9.2"
"C33099",2026-01-24,2026-09-30,250,"5.9.2"
"C33120",2025-06-06,2025-07-10,35,"5.9.2"
"C33120",2025-11-24,2026-01-17,55,"5.9.2"
"C33123",2024-04-04,2025-08-03,487,"5.9.2"
"C33129",2025-06-05,2025-06-25,21,"5.9.2"
"C33129",2026-03-10,2026-03-27,18,"5.9.2"
"C33132",2025-05-01,2025-08-14,106,"5.9.2"
"C33132",2025-11-15,2025-11-26,12,"5.9.2"
"C33135",2025-06-07,2025-06-27,21,"5.9.2"
"C33135",2025-08-04,2025-09-07,35,"5.9.2"
"C33141",2025-05-04,2025-10-20,170,"5.9.2"
"C33153",2025-06-07,2025-06-25,19,"5.9.2"
"C33153",2026-03-06,2026-03-19,14,"5.9.2"
"C33159",2025-03-31,2025-06-08,70,"5.9.2"
"C33168",2025-06-07,2025-09-04,90,"5.9.2"
"C33171",2025-10-05,2025-11-26,53,"5.9.2"
"C33180",2025-04-04,2025-12-15,256,"5.9.2"
"C33186",2025-06-10,2025-09-18,101,"5.9.2"
"C33189",2025-06-11,2025-06-20,10,"5.9.2"
"C33189",2025-06-29,2025-07-04,6,"5.9.2"
"C33216",2025-06-08,2025-07-26,49,"5.9.2"
"C33219",2025-05-29,2025-07-20,53,"5.9.2"
"C33222",2025-06-03,2025-08-13,72,"5.9.2"
"C33231",2025-07-12,2025-08-15,35,"5.9.2"
"C33231",2025-11-28,2025-12-15,18,"5.9.2"
"C33243",2023-10-01,2026-03-02,884,"5.9.2"
"C33246",2023-10-01,2026-03-02,884,"5.9.2"
"C33249",2025-06-12,2026-07-21,405,"5.9.2"
"C33261",2025-06-09,2025-07-01,23,"5.9.2"
"C33261",2026-02-19,2026-07-23,155,"5.9.2"
"C33267",2025-09-01,2026-01-23,145,"5.9.2"
"C33279",2025-06-08,2025-06-24,17,"5.9.2"
"C33294",2025-05-31,2025-06-15,16,"5.9.2"
"C33297",2024-04-05,2026-03-02,697,"5.9.2"
"C33297",2026-04-18,2026-05-04,17,"5.9.2"
"C33303",2023-04-11,2026-04-09,1095,"5.9.2"
"C33315",2025-06-08,2025-10-01,116,"5.9.2"
"C33318",2025-06-16,2025-08-06,52,"5.9.2"
"C33324",2025-06-09,2025-10-04,118,"5.9.2"
"C33327",2025-06-15,2025-10-19,127,"5.9.2"
"C33339",2025-01-03,2025-11-14,316,"5.9.2"
"C33342",2025-01-03,2025-11-14,316,"5.9.2"
"C33345",2025-06-04,2025-08-13,71,"5.9.2"
"C33351",2025-07-03,2025-11-13,134,"5.9.2"
"C33354",2025-06-19,2025-06-20,2,"5.9.2"
"C33354",2025-06-28,2025-06-28,1,"5.9.2"
"C33354",2025-07-08,2025-07-08,1,"5.9.2"
"C33354",2025-07-22,2025-07-22,1,"5.9.2"
"C33354",2025-08-03,2025-08-14,12,"5.9.2"
"C33363",2025-08-04,2026-02-19,200,"5.9.2"
"C33363",2026-02-27,2026-03-03,5,"5.9.2"
"C33375",2025-06-19,2025-07-11,23,"5.9.2"
"C33375",2026-04-22,2026-05-12,21,"5.9.2"
"C33378",2025-06-21,2025-07-17,27,"5.9.2"
"C33378",2025-08-03,2025-11-30,120,"5.9.2"
"C33384",2025-01-03,2025-10-30,301,"5.9.2"
"C33384",2025-11-21,2026-01-02,43,"5.9.2"
"C33435",2025-06-08,2025-09-03,88,"5.9.2"
"C33435",2025-11-09,2026-02-20,104,"5.9.2"
"C33444",2025-06-19,2025-07-17,29,"5.9.2"
"C33444",2026-01-14,2026-01-30,17,"5.9.2"
"C33450",2025-05-04,2025-06-29,57,"5.9.2"
"C33450",2025-07-07,2025-07-29,23,"5.9.2"
"C33450",2025-08-08,2025-08-11,4,"5.9.2"
"C33450",2025-08-23,2025-08-31,9,"5.9.2"
"C33450",2025-09-10,2025-09-10,1,"5.9.2"
"C33450",2025-09-29,2025-10-10,12,"5.9.2"
"C33453",2025-06-17,2025-07-10,24,"5.9.2"
"C33456",2025-06-24,2025-10-31,130,"5.9.2"
"C33462",2022-11-30,2025-11-28,1095,"5.9.2"
"C33468",2025-06-23,2025-09-02,72,"5.9.2"
"C33471",2025-07-04,2026-06-12,344,"5.9.2"
"C33480",2025-05-04,2026-02-10,283,"5.9.2"
"C33489",2025-06-10,2026-09-30,478,"5.9.2"
"C33492",2023-05-08,2025-07-07,792,"5.9.2"
"C33492",2026-04-14,2026-05-06,23,"5.9.2"
"C33495",2025-05-24,2025-07-19,57,"5.9.2"
"C33498",2025-06-22,2025-07-07,16,"5.9.2"
"C33498",2026-06-08,2026-09-30,115,"5.9.2"
"C33501",2025-06-25,2025-11-16,145,"5.9.2"
"C33507",2025-05-08,2026-02-19,288,"5.9.2"
"C33507",2026-03-21,2026-03-27,7,"5.9.2"
"C33519",2025-06-04,2025-11-11,161,"5.9.2"
"C33522",2026-01-13,2026-02-25,44,"5.9.2"
"C33525",2025-09-26,2025-10-15,20,"5.9.2"
"C33534",2025-06-09,2025-07-17,39,"5.9.2"
"C33543",2025-06-27,2025-08-07,42,"5.9.2"
"C33543",2025-11-22,2026-01-05,45,"5.9.2"
"C33546",2025-06-29,2025-10-24,118,"5.9.2"
"C33549",2025-06-27,2025-09-07,73,"5.9.2"
"C33552",2025-06-15,2025-09-18,96,"5.9.2"
"C33555",2025-05-02,2025-11-03,186,"5.9.2"
"C33558",2025-05-02,2025-11-03,186,"5.9.2"
"C33561",2025-06-27,2025-08-28,63,"5.9.2"
"C33585",2025-04-04,2025-07-14,102,"5.9.2"
"C33585",2026-03-01,2026-03-13,13,"5.9.2"
"C33600",2025-06-30,2025-09-15,78,"5.9.2"
"C33603",2025-11-13,2025-12-03,21,"5.9.2"
"C33606",2023-01-08,2025-10-12,1009,"5.9.2"
"C33609",2025-06-07,2025-10-03,119,"5.9.2"
"C33612",2023-10-01,2026-09-30,1096,"5.9.2"
"C33621",2025-06-27,2025-09-07,73,"5.9.2"
"C33621",2026-06-05,2026-09-30,118,"5.9.2"
"C33630",2024-01-03,2025-09-10,617,"5.9.2"
"C33639",2025-06-18,2025-07-26,39,"5.9.2"
"C33642",2025-07-03,2025-08-03,32,"5.9.2"
"C33642",2026-04-17,2026-05-14,28,"5.9.2"
"C33654",2023-10-01,2026-04-30,943,"5.9.2"
"C33663",2025-06-30,2026-09-30,458,"5.9.2"
"C33666",2026-03-05,2026-04-04,31,"5.9.2"
"C33693",2025-06-30,2025-11-21,145,"5.9.2"
"C33699",2025-05-28,2025-08-13,78,"5.9.2"
"C33702",2025-03-03,2026-03-25,388,"5.9.2"
"C33702",2026-06-14,2026-07-31,48,"5.9.2"
"C33705",2025-07-04,2025-09-18,77,"5.9.2"
"C33708",2025-07-01,2025-12-10,163,"5.9.2"
"C33711",2025-06-30,2026-01-10,195,"5.9.2"
"C33720",2025-01-03,2026-03-08,430,"5.9.2"
"C33726",2025-06-28,2025-07-16,19,"5.9.2"
"C33726",2025-10-26,2025-11-10,16,"5.9.2"
"C33729",2024-12-06,2025-06-29,206,"5.9.2"
"C33750",2023-06-25,2025-12-13,903,"5.9.2"
"C33753",2025-07-04,2025-07-11,8,"5.9.2"
"C33801",2025-05-04,2025-07-16,74,"5.9.2"
"C33819",2025-07-01,2025-08-21,52,"5.9.2"
"C33819",2025-12-21,2026-02-21,63,"5.9.2"
"C33822",2025-07-05,2026-06-02,333,"5.9.2"
"C33825",2025-07-05,2025-07-30,26,"5.9.2"
"C33825",2025-10-10,2025-10-27,18,"5.9.2"
"C33834",2024-01-14,2025-09-20,616,"5.9.2"
"C33837",2024-06-07,2026-01-09,582,"5.9.2"
"C33852",2025-04-29,2025-09-17,142,"5.9.2"
"C33861",2025-07-11,2025-12-16,159,"5.9.2"
"C33864",2025-07-11,2025-12-16,159,"5.9.2"
"C33867",2025-06-05,2025-07-16,42,"5.9.2"
"C33870",2025-06-05,2025-07-16,42,"5.9.2"
"C33873",2026-03-02,2026-03-18,17,"5.9.2"
"C33879",2025-07-30,2025-10-15,78,"5.9.2"
"C33882",2024-12-06,2025-11-05,335,"5.9.2"
"C33885",2024-12-06,2025-11-05,335,"5.9.2"
"C33921",2025-07-15,2025-08-04,21,"5.9.2"
"C33921",2026-01-16,2026-01-30,15,"5.9.2"
"C33936",2025-03-04,2025-12-30,302,"5.9.2"
"C33948",2025-07-04,2025-07-18,15,"5.9.2"
"C33951",2025-06-18,2025-12-19,185,"5.9.2"
"C33984",2025-07-18,2025-09-04,49,"5.9.2"
"C33999",2025-03-04,2025-11-21,263,"5.9.2"
"C34002",2025-02-03,2025-08-20,199,"5.9.2"
"C34002",2026-06-13,2026-09-30,110,"5.9.2"
"C34014",2025-03-04,2025-09-13,194,"5.9.2"
"C34032",2022-11-29,2025-10-18,1055,"5.9.2"
"C34047",2025-07-14,2025-10-09,88,"5.9.2"
"C34053",2025-07-20,2025-08-24,36,"5.9.2"
"C34059",2025-07-19,2025-08-21,34,"5.9.2"
"C34059",2026-01-26,2026-07-31,187,"5.9.2"
"C34065",2025-05-16,2025-09-29,137,"5.9.2"
"C34065",2026-02-16,2026-09-30,227,"5.9.2"
"C34068",2025-06-14,2025-08-03,51,"5.9.2"
"C34071",2025-07-21,2025-08-15,26,"5.9.2"
"C34071",2026-02-14,2026-02-17,4,"5.9.2"
"C34071",2026-03-09,2026-03-13,5,"5.9.2"
"C34074",2025-07-16,2025-10-12,89,"5.9.2"
"C34077",2025-07-23,2025-09-07,47,"5.9.2"
"C34083",2025-10-05,2025-12-11,68,"5.9.2"
"C34086",2025-03-04,2025-10-15,226,"5.9.2"
"C34107",2025-07-15,2025-07-29,15,"5.9.2"
"C34107",2025-09-07,2025-11-29,84,"5.9.2"
"C34122",2025-06-29,2025-07-24,26,"5.9.2"
"C34122",2025-08-26,2025-11-13,80,"5.9.2"
"C34134",2025-07-25,2025-08-13,20,"5.9.2"
"C34134",2026-05-01,2026-05-14,14,"5.9.2"
"C34140",2025-07-24,2025-09-15,54,"5.9.2"
"C34143",2025-08-02,2026-01-06,158,"5.9.2"
"C34143",2026-04-03,2026-05-20,48,"5.9.2"
"C34164",2025-07-16,2026-06-05,325,"5.9.2"
"C34170",2025-06-26,2025-11-05,133,"5.9.2"
"C34176",2026-06-12,2026-06-25,14,"5.9.2"
"C34179",2025-01-03,2025-12-02,334,"5.9.2"
"C34191",2025-06-26,2025-11-12,140,"5.9.2"
"C34197",2025-07-29,2025-08-04,7,"5.9.2"
"C34197",2026-05-29,2026-06-27,30,"5.9.2"
"C34200",2025-05-04,2025-08-09,98,"5.9.2"
"C34200",2026-01-05,2026-02-14,41,"5.9.2"
"C34203",2025-09-07,2025-10-24,48,"5.9.2"
"C34203",2026-03-08,2026-03-20,13,"5.9.2"
"C34203",2026-05-24,2026-06-09,17,"5.9.2"
"C34206",2026-02-24,2026-04-25,61,"5.9.2"
"C34209",2025-08-04,2025-11-11,100,"5.9.2"
"C34221",2024-09-05,2025-09-10,371,"5.9.2"
"C34239",2025-07-28,2025-09-12,47,"5.9.2"
"C34239",2026-01-12,2026-01-25,14,"5.9.2"
"C34242",2025-07-31,2025-11-04,97,"5.9.2"
"C34257",2025-04-18,2025-09-08,144,"5.9.2"
"C34257",2026-02-25,2026-04-12,47,"5.9.2"
"C34260",2025-07-31,2025-08-18,19,"5.9.2"
"C34260",2025-10-05,2026-02-27,146,"5.9.2"
"C34269",2025-07-21,2026-09-30,437,"5.9.2"
"C34272",2024-08-03,2025-10-31,455,"5.9.2"
"C34317",2025-06-10,2025-10-23,136,"5.9.2"
"C34326",2025-07-24,2025-11-03,103,"5.9.2"
"C34329",2025-04-04,2025-11-03,214,"5.9.2"
"C34332",2022-10-22,2025-08-04,1018,"5.9.2"
"C34338",2025-11-14,2025-12-09,26,"5.9.2"
"C34341",2025-05-07,2025-09-01,118,"5.9.2"
"C34341",2026-02-12,2026-05-11,89,"5.9.2"
"C34341",2026-06-20,2026-07-31,42,"5.9.2"
"C34344",2025-04-04,2025-08-31,150,"5.9.2"
"C34347",2025-04-28,2025-09-03,129,"5.9.2"
"C34347",2025-09-23,2026-01-25,125,"5.9.2"
"C34347",2026-05-20,2026-07-18,60,"5.9.2"
"C34353",2025-08-03,2025-09-15,44,"5.9.2"
"C34356",2025-08-02,2025-10-10,70,"5.9.2"
"C34362",2025-08-04,2025-11-16,105,"5.9.2"
"C34377",2025-06-19,2025-11-11,146,"5.9.2"
"C34380",2025-06-19,2025-11-11,146,"5.9.2"
"C34389",2025-07-05,2026-09-30,453,"5.9.2"
"C34392",2025-07-19,2025-10-20,94,"5.9.2"
"C34398",2025-08-08,2025-10-15,69,"5.9.2"
"C34398",2026-07-04,2026-09-30,89,"5.9.2"
"C34413",2025-08-08,2025-10-15,69,"5.9.2"
"C34422",2025-08-04,2025-10-15,73,"5.9.2"
"C34425",2025-08-04,2025-10-15,73,"5.9.2"
"C34437",2025-08-07,2025-10-29,84,"5.9.2"
"C34449",2024-06-05,2025-08-30,452,"5.9.2"
"C34452",2024-06-05,2025-08-30,452,"5.9.2"
"C34464",2026-01-27,2026-09-30,247,"5.9.2"
"C34470",2025-02-03,2025-11-17,288,"5.9.2"
"C34473",2025-03-04,2025-12-02,274,"5.9.2"
"C34476",2025-08-07,2026-09-30,420,"5.9.2"
"C34479",2025-07-05,2025-09-02,60,"5.9.2"
"C34479",2025-12-31,2026-01-28,29,"5.9.2"
"C34491",2025-05-24,2025-09-21,121,"5.9.2"
"C34497",2025-02-17,2026-02-06,355,"5.9.2"
"C34512",2025-07-29,2025-12-29,154,"5.9.2"
"C34533",2025-07-23,2025-11-03,104,"5.9.2"
"C34545",2025-08-09,2025-08-19,11,"5.9.2"
"C34551",2025-07-27,2025-10-28,94,"5.9.2"
"C34554",2025-07-27,2025-10-28,94,"5.9.2"
"C34557",2025-05-07,2025-11-18,196,"5.9.2"
"C34563",2023-11-21,2026-04-26,888,"5.9.2"
"C34566",2025-04-18,2026-02-03,292,"5.9.2"
"C34572",2025-08-10,2025-12-01,114,"5.9.2"
"C34575",2025-02-17,2025-10-12,238,"5.9.2"
"C34581",2025-08-08,2026-02-07,184,"5.9.2"
"C34590",2025-08-12,2026-02-21,194,"5.9.2"
"C34602",2026-02-27,2026-05-01,64,"5.9.2"
"C34608",2025-08-12,2025-11-22,103,"5.9.2"
"C34626",2025-04-04,2025-10-07,187,"5.9.2"
"C34629",2025-08-08,2026-01-06,152,"5.9.2"
"C34641",2025-08-04,2025-12-20,139,"5.9.2"
"C34641",2026-04-30,2026-07-05,67,"5.9.2"
"C34644",2025-11-18,2026-02-11,86,"5.9.2"
"C34644",2026-05-05,2026-06-19,46,"5.9.2"
"C34665",2025-08-15,2025-10-05,52,"5.9.2"
"C34692",2025-07-19,2025-09-14,58,"5.9.2"
"C34698",2026-02-23,2026-09-30,220,"5.9.2"
"C34707",2025-08-04,2025-10-13,71,"5.9.2"
"C34710",2025-08-16,2025-11-23,100,"5.9.2"
"C34716",2025-04-04,2025-09-12,162,"5.9.2"
"C34719",2025-06-04,2025-08-17,75,"5.9.2"
"C34731",2026-04-26,2026-09-30,158,"5.9.2"
"C34743",2025-07-02,2025-09-24,85,"5.9.2"
"C34746",2026-05-31,2026-09-30,123,"5.9.2"
"C34767",2025-04-16,2025-12-15,244,"5.9.2"
"C34770",2025-08-17,2025-09-12,27,"5.9.2"
"C34773",2025-08-17,2025-12-24,130,"5.9.2"
"C34779",2025-08-17,2025-09-24,39,"5.9.2"
"C34785",2025-07-05,2025-11-30,149,"5.9.2"
"C34791",2025-04-18,2025-12-16,243,"5.9.2"
"C34794",2025-04-18,2025-12-16,243,"5.9.2"
"C34800",2025-08-11,2025-10-11,62,"5.9.2"
"C34800",2026-02-14,2026-09-30,229,"5.9.2"
"C34812",2025-08-21,2025-11-27,99,"5.9.2"
"C34815",2025-08-21,2025-11-27,99,"5.9.2"
"C34824",2025-08-16,2025-10-22,68,"5.9.2"
"C34827",2024-07-06,2025-12-19,532,"5.9.2"
"C34833",2025-08-18,2025-11-27,102,"5.9.2"
"C34851",2025-08-21,2026-07-08,322,"5.9.2"
"C34854",2025-02-03,2025-08-22,201,"5.9.2"
"C34854",2025-11-04,2025-11-13,10,"5.9.2"
"C34857",2025-08-25,2025-08-30,6,"5.9.2"
"C34857",2025-11-15,2025-12-10,26,"5.9.2"
"C34863",2025-03-04,2025-10-27,238,"5.9.2"
"C34866",2025-05-04,2025-09-20,140,"5.9.2"
"C34878",2025-07-09,2025-10-22,106,"5.9.2"
"C34884",2025-08-18,2025-09-03,17,"5.9.2"
"C34884",2026-01-13,2026-05-10,118,"5.9.2"
"C34887",2025-08-18,2025-09-03,17,"5.9.2"
"C34887",2026-01-13,2026-05-10,118,"5.9.2"
"C34893",2026-02-15,2026-03-25,39,"5.9.2"
"C34899",2025-06-04,2025-09-12,101,"5.9.2"
"C34902",2025-08-23,2025-10-27,66,"5.9.2"
"C34911",2025-07-19,2025-10-18,92,"5.9.2"
"C34923",2025-05-04,2025-09-18,138,"5.9.2"
"C34926",2025-07-22,2025-09-10,51,"5.9.2"
"C34929",2025-06-16,2025-08-25,71,"5.9.2"
"C34932",2025-06-16,2025-08-25,71,"5.9.2"
"C34941",2025-07-31,2026-02-10,195,"5.9.2"
"C34953",2025-08-25,2025-10-08,45,"5.9.2"
"C34956",2025-08-04,2026-05-16,286,"5.9.2"
"C34968",2025-10-16,2025-11-28,44,"5.9.2"
"C34968",2026-01-09,2026-02-03,26,"5.9.2"
"C34980",2025-08-23,2025-10-11,50,"5.9.2"
"C34983",2025-08-04,2025-10-23,81,"5.9.2"
"C34986",2024-11-05,2026-09-30,695,"5.9.2"
"C34989",2025-07-05,2026-03-27,266,"5.9.2"
"C34992",2025-07-05,2026-03-27,266,"5.9.2"
"C34998",2025-08-12,2025-11-22,103,"5.9.2"
"C35001",2025-08-26,2026-01-28,156,"5.9.2"
"C35007",2025-08-30,2025-12-26,119,"5.9.2"
"C35010",2025-08-30,2025-12-26,119,"5.9.2"
"C35013",2025-06-23,2026-05-23,335,"5.9.2"
"C35034",2025-08-25,2025-10-05,42,"5.9.2"
"C35049",2025-07-24,2025-10-23,92,"5.9.2"
"C35073",2025-08-28,2025-10-15,49,"5.9.2"
"C35082",2024-10-05,2025-10-04,365,"5.9.2"
"C35085",2023-02-15,2025-10-04,963,"5.9.2"
"C35088",2025-08-06,2025-09-04,30,"5.9.2"
"C35097",2025-07-28,2025-08-10,14,"5.9.2"
"C35097",2025-09-29,2025-11-15,48,"5.9.2"
"C35103",2024-02-03,2025-10-15,621,"5.9.2"
"C35121",2025-08-10,2026-09-30,417,"5.9.2"
"C35130",2025-08-02,2025-10-08,68,"5.9.2"
"C35133",2025-08-14,2025-10-06,54,"5.9.2"
"C35157",2025-08-12,2025-11-10,91,"5.9.2"
"C35157",2026-06-12,2026-07-04,23,"5.9.2"
"C35160",2025-09-20,2025-10-20,31,"5.9.2"
"C35166",2025-09-02,2025-10-09,38,"5.9.2"
"C35172",2025-08-31,2025-10-30,61,"5.9.2"
"C35178",2025-09-04,2026-02-16,166,"5.9.2"
"C35196",2026-06-29,2026-07-16,18,"5.9.2"
"C35205",2025-08-30,2026-02-21,176,"5.9.2"
"C35208",2025-08-30,2026-02-21,176,"5.9.2"
"C35211",2025-07-31,2025-11-15,108,"5.9.2"
"C35214",2025-04-04,2025-11-09,220,"5.9.2"
"C35217",2025-09-04,2025-09-23,20,"5.9.2"
"C35217",2026-01-09,2026-01-26,18,"5.9.2"
"C35223",2025-04-18,2025-10-02,168,"5.9.2"
"C35226",2023-06-04,2026-02-10,983,"5.9.2"
"C35232",2025-08-18,2025-10-19,63,"5.9.2"
"C35238",2025-11-18,2026-02-10,85,"5.9.2"
"C35241",2025-09-06,2025-10-15,40,"5.9.2"
"C35256",2025-08-24,2025-10-17,55,"5.9.2"
"C35259",2025-08-24,2025-10-17,55,"5.9.2"
"C35265",2025-09-07,2025-10-12,36,"5.9.2"
"C35268",2026-05-08,2026-07-04,58,"5.9.2"
"C35271",2025-09-02,2025-09-18,17,"5.9.2"
"C35274",2025-09-02,2025-09-18,17,"5.9.2"
"C35286",2025-08-04,2025-11-25,114,"5.9.2"
"C35289",2025-09-07,2025-10-30,54,"5.9.2"
"C35292",2025-08-28,2026-09-30,399,"5.9.2"
"C35295",2025-09-05,2025-09-20,16,"5.9.2"
"C35313",2025-09-06,2025-11-13,69,"5.9.2"
"C35316",2025-02-06,2025-09-30,237,"5.9.2"
"C35319",2025-07-05,2025-09-26,84,"5.9.2"
"C35325",2025-08-18,2025-10-06,50,"5.9.2"
"C35328",2025-09-08,2025-11-22,76,"5.9.2"
"C35337",2025-09-08,2025-09-20,13,"5.9.2"
"C35337",2025-09-28,2025-10-03,6,"5.9.2"
"C35343",2025-04-04,2026-06-07,430,"5.9.2"
"C35349",2025-06-04,2025-09-30,119,"5.9.2"
"C35352",2025-09-07,2025-11-01,56,"5.9.2"
"C35355",2025-09-07,2025-11-01,56,"5.9.2"
"C35364",2025-11-23,2025-12-02,10,"5.9.2"
"C35367",2025-09-08,2025-11-18,72,"5.9.2"
"C35367",2026-07-21,2026-09-30,72,"5.9.2"
"C35370",2025-08-27,2025-10-28,63,"5.9.2"
"C35379",2025-09-04,2026-04-09,218,"5.9.2"
"C35382",2025-08-18,2025-10-15,59,"5.9.2"
"C35388",2025-09-07,2025-11-29,84,"5.9.2"
"C35394",2023-10-01,2025-09-13,714,"5.9.2"
"C35394",2025-11-12,2026-09-30,323,"5.9.2"
"C35397",2025-09-11,2025-10-31,51,"5.9.2"
"C35400",2025-08-04,2026-02-27,208,"5.9.2"
"C35400",2026-04-03,2026-04-04,2,"5.9.2"
"C35406",2026-03-21,2026-05-06,47,"5.9.2"
"C35406",2026-06-01,2026-06-20,20,"5.9.2"
"C35412",2023-10-01,2025-10-08,739,"5.9.2"
"C35415",2025-09-11,2025-12-16,97,"5.9.2"
"C35415",2026-06-25,2026-07-07,13,"5.9.2"
"C35421",2025-07-24,2025-11-27,127,"5.9.2"
"C35421",2026-06-07,2026-09-30,116,"5.9.2"
"C35436",2025-08-04,2026-02-10,191,"5.9.2"
"C35439",2025-08-07,2025-10-19,74,"5.9.2"
"C35442",2025-08-07,2025-10-19,74,"5.9.2"
"C35448",2025-09-11,2025-12-16,97,"5.9.2"
"C35448",2026-06-25,2026-07-07,13,"5.9.2"
"C35460",2023-10-01,2025-10-17,748,"5.9.2"
"C35460",2026-04-20,2026-05-04,15,"5.9.2"
"C35463",2025-09-12,2025-10-23,42,"5.9.2"
"C35463",2025-11-23,2026-01-31,70,"5.9.2"
"C35466",2025-08-19,2025-11-13,87,"5.9.2"
"C35481",2025-04-18,2025-10-10,176,"5.9.2"
"C35484",2025-04-18,2025-10-10,176,"5.9.2"
"C35487",2025-09-19,2025-10-02,14,"5.9.2"
"C35499",2026-02-01,2026-02-19,19,"5.9.2"
"C35508",2025-09-15,2025-10-16,32,"5.9.2"
"C35511",2025-09-04,2025-10-04,31,"5.9.2"
"C35514",2024-09-14,2025-10-07,389,"5.9.2"
"C35517",2024-09-14,2026-03-06,539,"5.9.2"
"C35520",2025-09-14,2025-10-20,37,"5.9.2"
"C35523",2025-09-12,2025-10-15,34,"5.9.2"
"C35526",2025-09-12,2025-10-11,30,"5.9.2"
"C35532",2025-09-13,2025-10-06,24,"5.9.2"
"C35538",2025-08-16,2026-01-31,169,"5.9.2"
"C35541",2025-10-23,2025-11-12,21,"5.9.2"
"C35544",2025-09-15,2025-11-10,57,"5.9.2"
"C35547",2025-09-12,2026-01-26,137,"5.9.2"
"C35550",2025-09-17,2025-12-23,98,"5.9.2"
"C35553",2025-07-05,2026-01-20,200,"5.9.2"
"C35556",2025-09-18,2025-12-26,100,"5.9.2"
"C35562",2025-09-17,2025-10-03,17,"5.9.2"
"C35565",2024-11-05,2026-01-20,442,"5.9.2"
"C35574",2025-08-18,2025-11-28,103,"5.9.2"
"C35574",2025-12-26,2026-01-28,34,"5.9.2"
"C35574",2026-03-06,2026-04-09,35,"5.9.2"
"C35577",2025-01-03,2025-11-05,307,"5.9.2"
"C35580",2024-08-05,2025-10-17,439,"5.9.2"
"C35583",2025-09-12,2026-03-02,172,"5.9.2"
"C35586",2025-09-11,2025-09-24,14,"5.9.2"
"C35589",2025-08-25,2025-10-20,57,"5.9.2"
"C35592",2025-09-04,2025-10-11,38,"5.9.2"
"C35607",2025-07-05,2025-11-07,126,"5.9.2"
"C35610",2025-09-04,2025-10-17,44,"5.9.2"
"C35613",2025-07-14,2026-02-28,230,"5.9.2"
"C35616",2025-09-19,2025-10-16,28,"5.9.2"
"C35619",2025-09-14,2025-09-28,15,"5.9.2"
"C35622",2025-09-13,2025-10-15,33,"5.9.2"
"C35637",2025-06-03,2025-12-12,193,"5.9.2"
"C35646",2025-12-31,2026-04-19,110,"5.9.2"
"C35652",2025-09-18,2025-12-08,82,"5.9.2"
"C35658",2025-04-04,2025-12-15,256,"5.9.2"
"C35679",2025-07-05,2025-10-05,93,"5.9.2"
"C35682",2025-09-20,2026-02-10,144,"5.9.2"
"C35685",2025-07-26,2025-10-31,98,"5.9.2"
"C35694",2024-11-05,2026-03-10,491,"5.9.2"
"C35697",2023-03-09,2025-09-07,914,"5.9.2"
"C35700",2025-04-04,2026-04-27,389,"5.9.2"
"C35703",2025-09-19,2025-10-03,15,"5.9.2"
"C35706",2025-09-20,2026-01-16,119,"5.9.2"
"C35715",2025-08-18,2025-10-27,71,"5.9.2"
"C35724",2025-09-18,2025-11-05,49,"5.9.2"
"C35727",2025-09-02,2026-05-08,249,"5.9.2"
"C35730",2025-09-04,2025-10-07,34,"5.9.2"
"C35730",2025-10-23,2025-11-18,27,"5.9.2"
"C35742",2025-09-21,2025-10-06,16,"5.9.2"
"C35751",2025-07-05,2025-11-23,142,"5.9.2"
"C35754",2025-07-05,2026-09-30,453,"5.9.2"
"C35757",2025-09-05,2025-11-05,62,"5.9.2"
"C35760",2024-12-06,2025-11-12,342,"5.9.2"
"C35763",2025-08-22,2026-04-13,235,"5.9.2"
"C35766",2025-09-18,2025-10-05,18,"5.9.2"
"C35769",2025-09-14,2025-09-30,17,"5.9.2"
"C35772",2025-11-30,2026-07-10,223,"5.9.2"
"C35781",2025-08-19,2025-11-09,83,"5.9.2"
"C35781",2025-11-28,2026-09-30,307,"5.9.2"
"C35784",2025-09-06,2026-01-02,119,"5.9.2"
"C35787",2025-09-04,2025-10-08,35,"5.9.2"
"C35793",2025-09-04,2025-10-08,35,"5.9.2"
"C35796",2025-09-23,2025-10-17,25,"5.9.2"
"C35796",2025-11-08,2025-12-18,41,"5.9.2"
"C35799",2025-09-24,2026-09-30,372,"5.9.2"
"C35802",2025-08-04,2026-01-07,157,"5.9.2"
"C35802",2026-03-27,2026-05-05,40,"5.9.2"
"C35808",2025-09-23,2025-12-08,77,"5.9.2"
"C35811",2025-09-25,2025-10-07,13,"5.9.2"
"C35814",2025-09-25,2025-11-03,40,"5.9.2"
"C35817",2025-09-21,2025-10-09,19,"5.9.2"
"C35820",2025-09-13,2025-10-26,44,"5.9.2"
"C35820",2026-02-14,2026-03-03,18,"5.9.2"
"C35820",2026-03-20,2026-05-22,64,"5.9.2"
"C35823",2025-09-22,2025-10-22,31,"5.9.2"
"C35826",2024-08-16,2026-02-04,538,"5.9.2"
"C35832",2025-09-22,2025-10-31,40,"5.9.2"
"C35835",2025-09-13,2025-11-07,56,"5.9.2"
"C35847",2025-06-04,2026-06-07,369,"5.9.2"
"C35859",2025-09-13,2025-11-06,55,"5.9.2"
"C35865",2025-08-26,2025-11-22,89,"5.9.2"
"C35874",2025-09-26,2025-10-18,23,"5.9.2"
"C35877",2025-09-25,2025-10-13,19,"5.9.2"
"C35892",2025-09-22,2025-10-15,24,"5.9.2"
"C35892",2026-03-05,2026-06-30,118,"5.9.2"
"C35904",2025-09-27,2025-11-06,41,"5.9.2"
"C35904",2026-04-23,2026-07-04,73,"5.9.2"
"C35907",2025-05-27,2025-11-27,185,"5.9.2"
"C35907",2026-02-04,2026-03-13,38,"5.9.2"
"C35910",2023-05-11,2026-05-09,1095,"5.9.2"
"C35913",2025-09-28,2025-10-15,18,"5.9.2"
"C35916",2025-09-26,2025-11-06,42,"5.9.2"
"C35925",2025-09-29,2025-10-14,16,"5.9.2"
"C35928",2025-09-29,2026-07-27,302,"5.9.2"
"C35931",2025-10-02,2025-10-15,14,"5.9.2"
"C35934",2025-09-27,2025-12-06,71,"5.9.2"
"C35943",2026-06-27,2026-09-30,96,"5.9.2"
"C35946",2026-06-27,2026-09-30,96,"5.9.2"
"C35961",2025-07-28,2026-02-05,193,"5.9.2"
"C35964",2025-10-01,2025-10-15,15,"5.9.2"
"C35970",2025-09-30,2025-11-11,43,"5.9.2"
"C35973",2025-10-02,2026-04-21,202,"5.9.2"
"C35976",2025-10-03,2025-10-15,13,"5.9.2"
"C35979",2025-06-14,2026-04-25,316,"5.9.2"
"C35982",2025-09-28,2025-10-23,26,"5.9.2"
"C35991",2025-10-20,2025-10-26,7,"5.9.2"
"C35994",2025-08-03,2025-11-10,100,"5.9.2"
"C35994",2025-11-22,2025-12-23,32,"5.9.2"
"C35994",2026-01-01,2026-01-01,1,"5.9.2"
"C35997",2025-09-15,2025-09-15,1,"5.9.2"
"C36003",2025-08-18,2026-01-30,166,"5.9.2"
"C36003",2026-03-01,2026-04-10,41,"5.9.2"
"C36006",2025-10-03,2025-12-19,78,"5.9.2"
"C36012",2025-09-28,2025-11-24,58,"5.9.2"
"C36015",2025-10-04,2025-10-29,26,"5.9.2"
"C36024",2025-02-01,2026-07-22,537,"5.9.2"
"C36036",2025-10-04,2025-11-12,40,"5.9.2"
"C36039",2025-10-04,2026-01-05,94,"5.9.2"
"C36042",2025-09-23,2025-11-25,64,"5.9.2"
"C36051",2024-08-10,2025-09-22,409,"5.9.2"
"C36054",2024-08-10,2025-09-22,409,"5.9.2"
"C36057",2025-08-30,2026-05-23,267,"5.9.2"
"C36069",2025-09-19,2025-11-09,52,"5.9.2"
"C36075",2025-10-05,2025-11-09,36,"5.9.2"
"C36078",2025-10-03,2025-11-02,31,"5.9.2"
"C36084",2024-10-07,2025-11-29,419,"5.9.2"
"C36084",2025-12-20,2026-01-30,42,"5.9.2"
"C36087",2023-06-17,2025-11-22,890,"5.9.2"
"C36090",2025-05-04,2026-05-11,373,"5.9.2"
"C36096",2025-10-06,2025-10-22,17,"5.9.2"
"C36099",2023-07-18,2026-02-16,945,"5.9.2"
"C36102",2025-10-06,2026-04-30,207,"5.9.2"
"C36105",2024-09-05,2026-04-24,597,"5.9.2"
"C36108",2025-09-05,2026-07-04,303,"5.9.2"
"C36111",2025-09-02,2026-03-02,182,"5.9.2"
"C36114",2025-10-09,2026-02-28,143,"5.9.2"
"C36117",2025-10-09,2026-02-21,136,"5.9.2"
"C36120",2025-10-09,2025-10-28,20,"5.9.2"
"C36126",2025-10-08,2025-10-26,19,"5.9.2"
"C36129",2025-10-27,2026-06-11,228,"5.9.2"
"C36132",2025-06-09,2025-10-28,142,"5.9.2"
"C36135",2025-10-06,2025-11-13,39,"5.9.2"
"C36153",2025-09-04,2026-03-28,206,"5.9.2"
"C36156",2025-10-04,2025-12-02,60,"5.9.2"
"C36159",2025-10-06,2025-10-20,15,"5.9.2"
"C36162",2025-10-09,2026-02-14,129,"5.9.2"
"C36165",2025-10-10,2026-04-08,181,"5.9.2"
"C36168",2025-10-10,2026-01-25,108,"5.9.2"
"C36171",2025-04-04,2025-12-01,242,"5.9.2"
"C36174",2025-06-04,2025-11-08,158,"5.9.2"
"C36177",2025-09-21,2025-11-15,56,"5.9.2"
"C36180",2025-09-21,2025-11-15,56,"5.9.2"
"C36183",2025-10-09,2025-11-21,44,"5.9.2"
"C36189",2025-09-18,2025-10-15,28,"5.9.2"
"C36192",2025-10-10,2025-12-02,54,"5.9.2"
"C36195",2025-10-05,2025-11-14,41,"5.9.2"
"C36198",2026-04-18,2026-05-20,33,"5.9.2"
"C36204",2025-09-18,2026-02-28,164,"5.9.2"
"C36207",2023-10-01,2026-04-25,938,"5.9.2"
"C36210",2025-11-04,2026-01-27,85,"5.9.2"
"C36210",2026-05-30,2026-07-14,46,"5.9.2"
"C36213",2025-11-08,2026-01-02,56,"5.9.2"
"C36219",2025-10-11,2025-10-30,20,"5.9.2"
"C36219",2025-11-11,2025-11-11,1,"5.9.2"
"C36219",2025-11-24,2026-01-17,55,"5.9.2"
"C36222",2023-10-01,2026-01-02,825,"5.9.2"
"C36225",2025-01-17,2025-11-04,292,"5.9.2"
"C36228",2025-10-09,2025-11-12,35,"5.9.2"
"C36240",2025-10-04,2025-10-27,24,"5.9.2"
"C36243",2025-10-06,2025-12-04,60,"5.9.2"
"C36246",2025-10-09,2025-11-17,40,"5.9.2"
"C36249",2025-10-11,2025-11-10,31,"5.9.2"
"C36255",2025-10-09,2025-10-22,14,"5.9.2"
"C36258",2024-09-28,2025-10-09,377,"5.9.2"
"C36264",2025-10-10,2025-10-24,15,"5.9.2"
"C36267",2025-08-18,2025-11-25,100,"5.9.2"
"C36270",2025-09-26,2025-11-17,53,"5.9.2"
"C36273",2025-08-04,2025-10-30,88,"5.9.2"
"C36273",2025-11-07,2025-12-02,26,"5.9.2"
"C36276",2025-08-04,2025-12-05,124,"5.9.2"
"C36288",2026-04-15,2026-09-30,169,"5.9.2"
"C36291",2025-09-04,2025-10-24,51,"5.9.2"
"C36294",2025-10-11,2025-10-27,17,"5.9.2"
"C36300",2024-10-05,2025-10-29,390,"5.9.2"
"C36303",2024-10-05,2025-12-24,446,"5.9.2"
"C36306",2025-10-10,2025-11-28,50,"5.9.2"
"C36309",2025-07-05,2025-10-15,103,"5.9.2"
"C36312",2025-02-28,2025-04-29,61,"5.9.2"
"C36312",2026-04-14,2026-05-12,29,"5.9.2"
"C36315",2022-11-02,2025-10-31,1095,"5.9.2"
"C36318",2025-10-12,2025-11-03,23,"5.9.2"
"C36327",2025-06-20,2026-01-30,225,"5.9.2"
"C36330",2025-10-08,2025-10-25,18,"5.9.2"
"C36339",2025-04-04,2025-12-08,249,"5.9.2"
"C36342",2023-10-01,2026-09-30,1096,"5.9.2"
"C36345",2023-10-01,2026-07-13,1017,"5.9.2"
"C36348",2025-10-13,2025-12-12,61,"5.9.2"
"C36351",2024-10-14,2025-10-29,381,"5.9.2"
"C36354",2025-10-13,2025-11-12,31,"5.9.2"
"C36354",2026-06-06,2026-09-30,117,"5.9.2"
"C36357",2025-10-12,2026-05-16,217,"5.9.2"
"C36360",2025-10-15,2025-12-01,48,"5.9.2"
"C36363",2025-10-12,2025-11-06,26,"5.9.2"
"C36366",2025-10-13,2025-11-13,32,"5.9.2"
"C36369",2025-10-16,2026-01-02,79,"5.9.2"
"C36369",2026-01-17,2026-02-28,43,"5.9.2"
"C36372",2025-10-16,2025-11-04,20,"5.9.2"
"C36375",2025-10-16,2025-10-31,16,"5.9.2"
"C36375",2026-03-17,2026-05-19,64,"5.9.2"
"C36378",2025-10-13,2026-04-04,174,"5.9.2"
"C36381",2025-10-12,2025-11-23,43,"5.9.2"
"C36393",2025-10-13,2025-11-16,35,"5.9.2"
"C36396",2025-10-10,2025-11-05,27,"5.9.2"
"C36399",2025-10-04,2026-04-18,197,"5.9.2"
"C36402",2025-10-04,2026-04-18,197,"5.9.2"
"C36408",2025-10-16,2025-10-21,6,"5.9.2"
"C36411",2025-11-07,2025-11-25,19,"5.9.2"
"C36414",2025-10-17,2025-10-30,14,"5.9.2"
"C36417",2025-10-14,2025-11-12,30,"5.9.2"
"C36420",2025-10-15,2026-02-11,120,"5.9.2"
"C36423",2025-10-16,2025-11-18,34,"5.9.2"
"C36426",2025-10-17,2025-11-13,28,"5.9.2"
"C36429",2025-10-04,2025-11-21,49,"5.9.2"
"C36429",2026-04-26,2026-07-15,81,"5.9.2"
"C36432",2025-10-04,2025-10-17,14,"5.9.2"
"C36438",2025-10-16,2025-11-18,34,"5.9.2"
"C36441",2025-10-16,2025-11-18,34,"5.9.2"
"C36444",2025-10-16,2025-11-18,34,"5.9.2"
"C36447",2025-10-04,2025-11-21,49,"5.9.2"
"C36456",2025-10-09,2025-10-29,21,"5.9.2"
"C36459",2025-09-15,2025-11-04,51,"5.9.2"
"C36462",2025-09-12,2025-11-13,63,"5.9.2"
"C36465",2025-08-31,2025-10-30,61,"5.9.2"
"C36471",2025-10-16,2025-11-01,17,"5.9.2"
"C36474",2025-10-11,2025-10-23,13,"5.9.2"
"C36477",2023-10-01,2026-04-20,933,"5.9.2"
"C36480",2025-10-17,2025-11-04,19,"5.9.2"
"C36483",2025-12-26,2026-01-13,19,"5.9.2"
"C36486",2025-10-18,2025-11-27,41,"5.9.2"
"C36495",2025-06-04,2025-12-06,186,"5.9.2"
"C36498",2025-10-18,2026-01-17,92,"5.9.2"
"C36501",2025-10-19,2026-03-20,153,"5.9.2"
"C36504",2025-10-18,2025-11-03,17,"5.9.2"
"C36507",2025-08-24,2025-10-24,62,"5.9.2"
"C36510",2023-01-08,2025-12-17,1075,"5.9.2"
"C36513",2025-10-17,2025-11-21,36,"5.9.2"
"C36516",2025-09-27,2025-11-06,41,"5.9.2"
"C36522",2025-09-27,2025-11-06,41,"5.9.2"
"C36534",2026-05-16,2026-09-30,138,"5.9.2"
"C36537",2025-01-22,2025-12-11,324,"5.9.2"
"C36540",2025-10-09,2026-04-08,182,"5.9.2"
"C36543",2025-10-09,2026-04-08,182,"5.9.2"
"C36546",2022-11-15,2025-11-13,1095,"5.9.2"
"C36549",2025-10-23,2026-09-30,343,"5.9.2"
"C36552",2025-10-21,2025-11-06,17,"5.9.2"
"C36555",2025-10-16,2025-12-19,65,"5.9.2"
"C36561",2025-10-23,2025-11-18,27,"5.9.2"
"C36564",2025-10-23,2026-02-12,113,"5.9.2"
"C36567",2025-10-20,2026-05-01,194,"5.9.2"
"C36570",2025-10-11,2026-03-25,166,"5.9.2"
"C36573",2025-10-11,2026-03-25,166,"5.9.2"
"C36576",2025-09-18,2025-12-18,92,"5.9.2"
"C36579",2025-08-12,2026-01-08,150,"5.9.2"
"C36588",2026-06-27,2026-09-30,96,"5.9.2"
"C36591",2025-09-17,2026-01-03,109,"5.9.2"
"C36594",2025-05-04,2025-10-24,174,"5.9.2"
"C36606",2025-10-11,2026-09-30,355,"5.9.2"
"C36609",2025-10-24,2025-11-12,20,"5.9.2"
"C36618",2025-10-16,2026-01-02,79,"5.9.2"
"C36624",2025-10-25,2026-09-30,341,"5.9.2"
"C36630",2025-11-29,2026-01-22,55,"5.9.2"
"C36633",2024-11-03,2025-10-19,351,"5.9.2"
"C36636",2025-10-25,2025-12-03,40,"5.9.2"
"C36639",2025-10-23,2025-11-24,33,"5.9.2"
"C36642",2025-09-07,2025-11-11,66,"5.9.2"
"C36651",2023-10-01,2026-09-30,1096,"5.9.2"
"C36654",2025-10-19,2025-11-04,17,"5.9.2"
"C36657",2025-10-25,2026-02-14,113,"5.9.2"
"C36660",2025-10-25,2025-12-09,46,"5.9.2"
"C36663",2025-10-29,2025-10-29,1,"5.9.2"
"C36663",2025-12-04,2025-12-26,23,"5.9.2"
"C36666",2025-11-18,2025-11-30,13,"5.9.2"
"C36669",2025-10-23,2025-12-16,55,"5.9.2"
"C36690",2025-10-25,2025-11-06,13,"5.9.2"
"C36699",2025-07-05,2025-11-23,142,"5.9.2"
"C36702",2025-10-26,2025-12-24,60,"5.9.2"
"C36702",2026-04-21,2026-06-02,43,"5.9.2"
"C36705",2025-10-30,2025-11-08,10,"5.9.2"
"C36705",2025-11-23,2025-11-23,1,"5.9.2"
"C36705",2025-12-03,2025-12-16,14,"5.9.2"
"C36711",2025-10-26,2026-09-30,340,"5.9.2"
"C36714",2026-03-15,2026-03-29,15,"5.9.2"
"C36714",2026-06-05,2026-09-30,118,"5.9.2"
"C36720",2025-10-30,2026-01-02,65,"5.9.2"
"C36720",2026-01-10,2026-02-12,34,"5.9.2"
"C36723",2025-10-24,2025-11-14,22,"5.9.2"
"C36726",2025-11-01,2025-12-22,52,"5.9.2"
"C36732",2025-01-03,2025-12-04,336,"5.9.2"
"C36735",2025-08-30,2026-02-26,181,"5.9.2"
"C36738",2025-10-14,2025-12-12,60,"5.9.2"
"C36738",2025-12-29,2026-01-23,26,"5.9.2"
"C36741",2025-11-04,2025-12-03,30,"5.9.2"
"C36744",2025-08-18,2025-12-09,114,"5.9.2"
"C36747",2025-10-22,2026-02-10,112,"5.9.2"
"C36750",2025-10-27,2026-02-04,101,"5.9.2"
"C36753",2025-10-27,2026-02-04,101,"5.9.2"
"C36756",2025-10-27,2026-02-04,101,"5.9.2"
"C36759",2025-10-27,2026-02-04,101,"5.9.2"
"C36762",2025-10-27,2026-02-04,101,"5.9.2"
"C36765",2025-10-27,2026-02-04,101,"5.9.2"
"C36774",2025-10-27,2025-12-05,40,"5.9.2"
"C36777",2025-10-20,2025-11-14,26,"5.9.2"
"C36780",2025-10-30,2025-11-20,22,"5.9.2"
"C36786",2025-10-31,2026-03-25,146,"5.9.2"
"C36786",2026-04-25,2026-09-30,159,"5.9.2"
"C36789",2025-10-31,2026-01-07,69,"5.9.2"
"C36789",2026-04-24,2026-07-28,96,"5.9.2"
"C36792",2025-10-31,2026-09-30,335,"5.9.2"
"C36798",2025-08-25,2025-12-24,122,"5.9.2"
"C36807",2025-10-31,2025-11-12,13,"5.9.2"
"C36810",2025-10-18,2026-01-22,97,"5.9.2"
"C36813",2025-10-18,2026-01-22,97,"5.9.2"
"C36819",2025-10-11,2025-10-23,13,"5.9.2"
"C36828",2025-11-02,2026-01-29,89,"5.9.2"
"C36831",2025-11-02,2025-12-12,41,"5.9.2"
"C36834",2025-10-21,2025-12-04,45,"5.9.2"
"C36837",2025-06-04,2025-11-15,165,"5.9.2"
"C36840",2025-10-31,2025-11-12,13,"5.9.2"
"C36849",2025-10-28,2026-01-16,81,"5.9.2"
"C36858",2025-11-01,2025-12-01,31,"5.9.2"
"C36864",2026-03-03,2026-03-18,16,"5.9.2"
"C36873",2025-11-06,2025-12-08,33,"5.9.2"
"C36876",2025-11-06,2025-12-04,29,"5.9.2"
"C36879",2026-06-09,2026-06-28,20,"5.9.2"
"C36882",2025-11-03,2025-12-08,36,"5.9.2"
"C36885",2025-11-03,2025-12-08,36,"5.9.2"
"C36885",2025-12-30,2026-07-06,189,"5.9.2"
"C36888",2025-11-03,2025-12-08,36,"5.9.2"
"C36888",2025-12-30,2026-07-06,189,"5.9.2"
"C36894",2022-12-18,2025-12-16,1095,"5.9.2"
"C36897",2025-11-07,2025-12-04,28,"5.9.2"
"C36900",2025-09-07,2025-12-30,115,"5.9.2"
"C36903",2025-11-07,2025-12-03,27,"5.9.2"
"C36906",2025-10-11,2025-11-24,45,"5.9.2"
"C36909",2025-10-11,2025-11-24,45,"5.9.2"
"C36912",2025-11-07,2025-12-11,35,"5.9.2"
"C36915",2025-11-02,2025-11-30,29,"5.9.2"
"C36921",2025-11-07,2025-12-07,31,"5.9.2"
"C36924",2025-11-07,2025-12-07,31,"5.9.2"
"C36927",2025-11-06,2025-12-01,26,"5.9.2"
"C36930",2025-10-04,2025-11-15,43,"5.9.2"
"C36933",2025-10-18,2026-08-01,288,"5.9.2"
"C36936",2025-11-04,2025-12-13,40,"5.9.2"
"C36939",2025-11-06,2025-11-28,23,"5.9.2"
"C36942",2025-10-18,2026-02-14,120,"5.9.2"
"C36945",2025-11-08,2025-12-03,26,"5.9.2"
"C36948",2025-11-04,2026-01-03,61,"5.9.2"
"C36951",2025-11-08,2025-12-18,41,"5.9.2"
"C36954",2025-05-31,2026-02-10,256,"5.9.2"
"C36957",2025-11-09,2025-11-28,20,"5.9.2"
"C36963",2025-04-04,2025-12-16,257,"5.9.2"
"C36966",2026-03-07,2026-04-16,41,"5.9.2"
"C36969",2026-03-07,2026-04-16,41,"5.9.2"
"C36981",2025-09-19,2025-12-31,104,"5.9.2"
"C36984",2025-11-05,2026-01-24,81,"5.9.2"
"C36987",2025-12-04,2026-01-02,30,"5.9.2"
"C36993",2025-11-08,2026-01-18,72,"5.9.2"
"C36999",2025-11-09,2026-01-24,77,"5.9.2"
"C37002",2025-11-06,2025-12-18,43,"5.9.2"
"C37005",2025-11-10,2025-12-03,24,"5.9.2"
"C37005",2025-12-11,2025-12-25,15,"5.9.2"
"C37008",2025-11-10,2025-12-09,30,"5.9.2"
"C37008",2026-04-05,2026-06-08,65,"5.9.2"
"C37011",2023-03-23,2026-01-26,1041,"5.9.2"
"C37014",2025-11-09,2025-11-21,13,"5.9.2"
"C37017",2025-11-09,2025-11-21,13,"5.9.2"
"C37026",2025-11-15,2025-11-16,2,"5.9.2"
"C37029",2025-11-09,2025-11-28,20,"5.9.2"
"C37038",2025-09-10,2026-02-06,150,"5.9.2"
"C37041",2025-05-04,2026-02-23,296,"5.9.2"
"C37044",2025-12-23,2026-02-24,64,"5.9.2"
"C37047",2025-11-09,2025-12-15,37,"5.9.2"
"C37047",2026-01-13,2026-02-21,40,"5.9.2"
"C37050",2025-11-09,2025-11-09,1,"5.9.2"
"C37053",2025-11-12,2025-11-24,13,"5.9.2"
"C37056",2025-11-13,2025-12-03,21,"5.9.2"
"C37059",2025-11-10,2026-02-10,93,"5.9.2"
"C37062",2023-11-13,2025-12-05,754,"5.9.2"
"C37068",2025-11-04,2025-12-05,32,"5.9.2"
"C37068",2026-02-22,2026-03-24,31,"5.9.2"
"C37071",2025-11-13,2025-12-03,21,"5.9.2"
"C37074",2025-11-13,2026-09-30,322,"5.9.2"
"C37077",2025-09-13,2025-12-17,96,"5.9.2"
"C37086",2025-11-07,2025-12-05,29,"5.9.2"
"C37089",2025-11-09,2025-12-11,33,"5.9.2"
"C37092",2024-07-31,2025-11-09,467,"5.9.2"
"C37098",2025-08-04,2025-12-28,147,"5.9.2"
"C37101",2025-11-10,2025-12-17,38,"5.9.2"
"C37104",2025-11-08,2025-12-01,24,"5.9.2"
"C37107",2025-11-13,2025-12-24,42,"5.9.2"
"C37107",2026-06-21,2026-07-11,21,"5.9.2"
"C37113",2025-12-14,2026-09-30,291,"5.9.2"
"C37116",2025-11-14,2025-12-06,23,"5.9.2"
"C37116",2025-12-18,2025-12-30,13,"5.9.2"
"C37119",2025-11-12,2025-12-03,22,"5.9.2"
"C37122",2026-01-25,2026-02-12,19,"5.9.2"
"C37125",2025-11-15,2025-12-18,34,"5.9.2"
"C37128",2025-11-15,2025-12-11,27,"5.9.2"
"C37140",2025-11-15,2025-12-03,19,"5.9.2"
"C37143",2025-11-15,2026-02-14,92,"5.9.2"
"C37146",2025-11-10,2026-01-14,66,"5.9.2"
"C37152",2025-11-26,2025-12-19,24,"5.9.2"
"C37155",2025-11-15,2026-01-08,55,"5.9.2"
"C37167",2025-11-16,2026-01-30,76,"5.9.2"
"C37170",2025-11-13,2025-12-04,22,"5.9.2"
"C37173",2026-01-09,2026-03-28,79,"5.9.2"
"C37176",2025-10-13,2025-11-22,41,"5.9.2"
"C37179",2025-11-06,2026-04-25,171,"5.9.2"
"C37179",2026-06-16,2026-09-30,107,"5.9.2"
"C37182",2025-08-15,2025-11-29,107,"5.9.2"
"C37185",2025-11-15,2026-01-13,60,"5.9.2"
"C37188",2026-01-03,2026-02-10,39,"5.9.2"
"C37194",2025-11-15,2025-12-06,22,"5.9.2"
"C37197",2025-11-17,2026-03-17,121,"5.9.2"
"C37200",2026-02-21,2026-06-02,102,"5.9.2"
"C37206",2025-11-10,2025-12-28,49,"5.9.2"
"C37212",2025-11-13,2025-12-19,37,"5.9.2"
"C37215",2025-11-17,2025-11-29,13,"5.9.2"
"C37218",2024-09-06,2025-11-24,445,"5.9.2"
"C37224",2025-11-10,2025-11-22,13,"5.9.2"
"C37227",2025-10-15,2026-01-08,86,"5.9.2"
"C37230",2025-11-23,2026-09-30,312,"5.9.2"
"C37233",2025-10-19,2025-12-02,45,"5.9.2"
"C37236",2025-11-18,2025-11-30,13,"5.9.2"
"C37239",2025-11-15,2025-12-18,34,"5.9.2"
"C37242",2025-11-16,2025-11-30,15,"5.9.2"
"C37245",2025-11-19,2025-12-08,20,"5.9.2"
"C37248",2025-11-16,2025-12-19,34,"5.9.2"
"C37251",2025-11-17,2025-12-19,33,"5.9.2"
"C37254",2025-10-16,2025-12-18,64,"5.9.2"
"C37257",2025-10-16,2025-12-18,64,"5.9.2"
"C37260",2025-11-17,2025-12-24,38,"5.9.2"
"C37266",2025-11-14,2025-12-28,45,"5.9.2"
"C37269",2025-11-21,2026-02-28,100,"5.9.2"
"C37272",2025-11-21,2025-12-05,15,"5.9.2"
"C37275",2025-11-21,2025-12-12,22,"5.9.2"
"C37278",2025-11-21,2025-12-04,14,"5.9.2"
"C37281",2025-11-11,2025-12-12,32,"5.9.2"
"C37281",2025-12-21,2026-01-28,39,"5.9.2"
"C37284",2025-11-12,2025-11-27,16,"5.9.2"
"C37287",2025-11-26,2026-01-29,65,"5.9.2"
"C37296",2025-11-15,2025-11-30,16,"5.9.2"
"C37311",2025-11-17,2026-01-22,67,"5.9.2"
"C37317",2025-11-15,2025-11-26,12,"5.9.2"
"C37317",2025-12-08,2025-12-08,1,"5.9.2"
"C37317",2025-12-16,2025-12-20,5,"5.9.2"
"C37320",2025-11-16,2025-11-23,8,"5.9.2"
"C37332",2025-11-22,2025-11-22,1,"5.9.2"
"C37332",2025-12-08,2025-12-26,19,"5.9.2"
"C37332",2026-01-03,2026-02-11,40,"5.9.2"
"C37335",2025-11-11,2025-11-26,16,"5.9.2"
"C37347",2025-10-18,2025-11-20,34,"5.9.2"
"C37350",2025-11-22,2025-12-30,39,"5.9.2"
"C37353",2026-03-09,2026-04-10,33,"5.9.2"
"C37356",2025-11-14,2026-09-30,321,"5.9.2"
"C37359",2025-06-26,2026-03-14,262,"5.9.2"
"C37362",2025-01-08,2026-04-11,459,"5.9.2"
"C37365",2025-11-10,2025-12-02,23,"5.9.2"
"C37368",2025-11-22,2026-03-03,102,"5.9.2"
"C37380",2025-11-22,2025-12-04,13,"5.9.2"
"C37389",2025-11-21,2025-12-04,14,"5.9.2"
"C37392",2025-11-15,2026-01-07,54,"5.9.2"
"C37395",2025-08-04,2026-05-04,274,"5.9.2"
"C37398",2025-11-23,2025-12-08,16,"5.9.2"
"C37401",2025-11-23,2026-02-01,71,"5.9.2"
"C37404",2025-11-23,2026-02-01,71,"5.9.2"
"C37407",2025-11-22,2025-12-08,17,"5.9.2"
"C37410",2025-10-24,2025-12-17,55,"5.9.2"
"C37410",2026-03-22,2026-05-02,42,"5.9.2"
"C37413",2025-11-23,2025-12-22,30,"5.9.2"
"C37416",2025-11-23,2026-01-29,68,"5.9.2"
"C37419",2025-11-24,2025-12-10,17,"5.9.2"
"C37422",2025-11-16,2025-12-09,24,"5.9.2"
"C37425",2025-11-23,2026-09-30,312,"5.9.2"
"C37428",2025-12-26,2026-01-21,27,"5.9.2"
"C37431",2025-11-16,2025-11-29,14,"5.9.2"
"C37431",2025-12-07,2025-12-24,18,"5.9.2"
"C37431",2026-01-01,2026-01-16,16,"5.9.2"
"C37434",2025-07-05,2026-03-21,260,"5.9.2"
"C37437",2025-11-24,2025-12-06,13,"5.9.2"
"C37440",2024-12-18,2026-02-15,425,"5.9.2"
"C37443",2023-11-04,2026-02-15,835,"5.9.2"
"C37446",2025-11-27,2025-11-29,3,"5.9.2"
"C37446",2025-12-31,2026-02-04,36,"5.9.2"
"C37446",2026-07-03,2026-07-09,7,"5.9.2"
"C37449",2025-11-25,2026-01-16,53,"5.9.2"
"C37452",2025-11-27,2025-12-12,16,"5.9.2"
"C37455",2025-11-13,2026-09-30,322,"5.9.2"
"C37458",2025-11-13,2026-09-30,322,"5.9.2"
"C37461",2025-11-24,2026-01-09,47,"5.9.2"
"C37464",2025-11-21,2025-11-26,6,"5.9.2"
"C37470",2025-11-27,2025-12-15,19,"5.9.2"
"C37473",2026-01-19,2026-02-14,27,"5.9.2"
"C37476",2025-11-21,2025-12-08,18,"5.9.2"
"C37482",2025-11-27,2026-03-14,108,"5.9.2"
"C37485",2025-11-20,2026-07-06,229,"5.9.2"
"C37488",2025-11-24,2025-12-11,18,"5.9.2"
"C37509",2025-10-08,2026-02-05,121,"5.9.2"
"C37512",2025-11-23,2026-01-24,63,"5.9.2"
"C37515",2025-11-27,2025-12-09,13,"5.9.2"
"C37518",2025-11-23,2026-01-02,41,"5.9.2"
"C37527",2025-11-24,2026-01-17,55,"5.9.2"
"C37530",2025-11-22,2026-01-04,44,"5.9.2"
"C37533",2025-11-23,2025-12-08,16,"5.9.2"
"C37536",2025-11-18,2026-01-10,54,"5.9.2"
"C37539",2025-11-25,2025-12-19,25,"5.9.2"
"C37542",2025-11-28,2026-01-02,36,"5.9.2"
"C37545",2025-05-18,2026-01-09,237,"5.9.2"
"C37548",2025-11-28,2025-12-15,18,"5.9.2"
"C37548",2025-12-26,2026-01-13,19,"5.9.2"
"C37551",2025-11-27,2026-01-12,47,"5.9.2"
"C37554",2025-11-28,2025-12-12,15,"5.9.2"
"C37557",2025-12-13,2026-02-28,78,"5.9.2"
"C37560",2025-11-27,2025-12-09,13,"5.9.2"
"C37560",2026-03-04,2026-03-19,16,"5.9.2"
"C37563",2025-11-29,2025-12-11,13,"5.9.2"
"C37566",2025-09-19,2026-06-26,281,"5.9.2"
"C37569",2025-11-29,2025-12-19,21,"5.9.2"
"C37572",2025-11-21,2025-12-18,28,"5.9.2"
"C37575",2025-11-28,2025-12-16,19,"5.9.2"
"C37578",2025-11-28,2025-12-19,22,"5.9.2"
"C37581",2025-11-27,2026-01-14,49,"5.9.2"
"C37584",2025-11-29,2025-12-15,17,"5.9.2"
"C37584",2026-01-01,2026-01-20,20,"5.9.2"
"C37587",2025-11-29,2025-12-15,17,"5.9.2"
"C37590",2025-11-29,2025-12-22,24,"5.9.2"
"C37590",2026-01-30,2026-09-30,244,"5.9.2"
"C37593",2025-11-13,2026-09-30,322,"5.9.2"
"C37596",2025-11-28,2026-02-14,79,"5.9.2"
"C37599",2025-09-25,2026-04-08,196,"5.9.2"
"C37602",2025-12-01,2026-01-10,41,"5.9.2"
"C37605",2025-11-28,2026-01-02,36,"5.9.2"
"C37608",2025-11-29,2026-01-21,54,"5.9.2"
"C37608",2026-02-03,2026-05-04,91,"5.9.2"
"C37611",2025-12-05,2025-12-29,25,"5.9.2"
"C37614",2023-07-05,2025-12-24,904,"5.9.2"
"C37617",2025-10-23,2026-01-15,85,"5.9.2"
"C37623",2025-10-31,2026-01-08,70,"5.9.2"
"C37632",2025-12-04,2025-12-16,13,"5.9.2"
"C37644",2025-12-04,2025-12-26,23,"5.9.2"
"C37650",2025-12-02,2026-01-08,38,"5.9.2"
"C37653",2025-12-02,2026-01-17,47,"5.9.2"
"C37656",2025-12-04,2026-01-02,30,"5.9.2"
"C37659",2025-10-04,2025-12-11,69,"5.9.2"
"C37662",2025-12-03,2026-01-09,38,"5.9.2"
"C37665",2025-12-03,2025-12-15,13,"5.9.2"
"C37668",2025-12-05,2025-12-25,21,"5.9.2"
"C37671",2025-12-05,2026-02-28,86,"5.9.2"
"C37674",2025-10-08,2026-02-02,118,"5.9.2"
"C37677",2025-12-05,2025-12-23,19,"5.9.2"
"C37680",2024-12-20,2026-09-30,650,"5.9.2"
"C37683",2025-12-19,2026-01-18,31,"5.9.2"
"C37692",2025-12-05,2026-01-08,35,"5.9.2"
"C37695",2026-06-30,2026-07-16,17,"5.9.2"
"C37707",2026-03-16,2026-05-04,50,"5.9.2"
"C37710",2024-11-05,2025-12-11,402,"5.9.2"
"C37713",2024-05-08,2025-12-11,583,"5.9.2"
"C37716",2026-01-09,2026-02-02,25,"5.9.2"
"C37722",2025-12-04,2025-12-21,18,"5.9.2"
"C37722",2026-02-21,2026-03-08,16,"5.9.2"
"C37725",2025-12-04,2026-01-15,43,"5.9.2"
"C37734",2025-10-30,2026-01-09,72,"5.9.2"
"C37737",2025-12-05,2026-07-01,209,"5.9.2"
"C37740",2025-12-06,2026-02-20,77,"5.9.2"
"C37740",2026-05-05,2026-07-14,71,"5.9.2"
"C37743",2025-11-05,2025-12-18,44,"5.9.2"
"C37746",2025-12-05,2026-02-12,70,"5.9.2"
"C37749",2023-10-01,2026-01-26,849,"5.9.2"
"C37752",2025-11-30,2025-12-12,13,"5.9.2"
"C37755",2025-12-05,2026-09-30,300,"5.9.2"
"C37758",2024-11-05,2026-01-21,443,"5.9.2"
"C37761",2025-11-15,2026-01-20,67,"5.9.2"
"C37764",2025-12-07,2025-12-22,16,"5.9.2"
"C37767",2026-03-10,2026-07-16,129,"5.9.2"
"C37770",2023-12-05,2026-04-16,864,"5.9.2"
"C37773",2025-12-07,2026-01-29,54,"5.9.2"
"C37776",2025-06-23,2026-04-19,301,"5.9.2"
"C37779",2025-06-23,2026-02-18,241,"5.9.2"
"C37788",2025-12-07,2025-12-25,19,"5.9.2"
"C37800",2025-06-29,2026-03-23,268,"5.9.2"
"C37803",2025-10-04,2026-09-30,362,"5.9.2"
"C37806",2025-09-19,2025-12-30,103,"5.9.2"
"C37809",2025-11-14,2026-01-24,72,"5.9.2"
"C37812",2025-11-14,2026-01-24,72,"5.9.2"
"C37821",2025-12-06,2025-12-30,25,"5.9.2"
"C37824",2025-11-18,2025-12-11,24,"5.9.2"
"C37827",2025-11-18,2025-12-11,24,"5.9.2"
"C37830",2025-12-07,2026-02-13,69,"5.9.2"
"C37833",2025-12-07,2026-05-31,176,"5.9.2"
"C37836",2025-12-07,2026-01-28,53,"5.9.2"
"C37836",2026-07-04,2026-07-17,14,"5.9.2"
"C37839",2025-12-05,2025-12-26,22,"5.9.2"
"C37842",2025-12-06,2026-03-24,109,"5.9.2"
"C37845",2025-11-04,2026-02-02,91,"5.9.2"
"C37848",2025-11-04,2026-02-02,91,"5.9.2"
"C37851",2025-12-08,2026-01-29,53,"5.9.2"
"C37854",2025-12-07,2025-12-20,14,"5.9.2"
"C37857",2025-11-30,2026-01-23,55,"5.9.2"
"C37860",2025-12-08,2025-12-30,23,"5.9.2"
"C37863",2025-12-09,2026-05-02,145,"5.9.2"
"C37866",2025-12-11,2026-02-28,80,"5.9.2"
"C37869",2025-12-08,2026-01-19,43,"5.9.2"
"C37884",2025-12-07,2026-01-09,34,"5.9.2"
"C37887",2025-12-11,2025-12-29,19,"5.9.2"
"C37890",2025-12-08,2026-01-05,29,"5.9.2"
"C37896",2025-12-11,2025-12-23,13,"5.9.2"
"C37899",2025-12-09,2025-12-26,18,"5.9.2"
"C37902",2025-12-05,2026-01-28,55,"5.9.2"
"C37905",2025-12-12,2026-01-08,28,"5.9.2"
"C37908",2025-12-08,2025-12-22,15,"5.9.2"
"C37911",2025-12-11,2026-03-20,100,"5.9.2"
"C37914",2025-12-11,2025-12-23,13,"5.9.2"
"C37917",2024-03-23,2026-02-02,682,"5.9.2"
"C37920",2025-12-12,2026-02-14,65,"5.9.2"
"C37923",2025-12-12,2026-03-06,85,"5.9.2"
"C37926",2025-12-11,2026-03-23,103,"5.9.2"
"C37932",2025-12-05,2025-12-09,5,"5.9.2"
"C37950",2025-11-24,2025-12-06,13,"5.9.2"
"C37953",2025-11-25,2025-12-23,29,"5.9.2"
"C37956",2025-12-07,2026-01-12,37,"5.9.2"
"C37965",2025-12-11,2025-12-15,5,"5.9.2"
"C37968",2025-12-08,2025-12-18,11,"5.9.2"
"C37968",2025-12-30,2025-12-31,2,"5.9.2"
"C37968",2026-01-11,2026-01-11,1,"5.9.2"
"C37971",2025-12-09,2025-12-09,1,"5.9.2"
"C37974",2025-11-11,2026-02-07,89,"5.9.2"
"C37983",2025-12-13,2025-12-29,17,"5.9.2"
"C37986",2025-12-13,2026-01-24,43,"5.9.2"
"C37989",2025-12-13,2025-12-29,17,"5.9.2"
"C37992",2025-12-13,2025-12-17,5,"5.9.2"
"C37995",2025-12-12,2026-02-12,63,"5.9.2"
"C37998",2025-11-15,2026-03-07,113,"5.9.2"
"C38001",2025-12-12,2026-01-21,41,"5.9.2"
"C38004",2025-12-12,2026-01-21,41,"5.9.2"
"C38010",2024-11-11,2026-01-30,446,"5.9.2"
"C38013",2025-12-12,2026-01-22,42,"5.9.2"
"C38016",2025-12-14,2026-01-02,20,"5.9.2"
"C38019",2025-09-13,2026-03-10,179,"5.9.2"
"C38022",2025-12-14,2025-12-29,16,"5.9.2"
"C38025",2025-12-14,2026-03-02,79,"5.9.2"
"C38028",2026-04-14,2026-04-27,14,"5.9.2"
"C38031",2026-01-05,2026-02-25,52,"5.9.2"
"C38037",2025-12-13,2026-02-11,61,"5.9.2"
"C38040",2025-12-13,2025-12-31,19,"5.9.2"
"C38049",2025-11-22,2025-12-29,38,"5.9.2"
"C38052",2025-06-04,2026-01-15,226,"5.9.2"
"C38055",2025-12-15,2025-12-29,15,"5.9.2"
"C38058",2025-12-14,2026-01-29,47,"5.9.2"
"C38061",2025-12-14,2026-01-21,39,"5.9.2"
"C38064",2025-12-14,2026-01-21,39,"5.9.2"
"C38076",2025-12-14,2025-12-28,15,"5.9.2"
"C38079",2026-04-16,2026-05-23,38,"5.9.2"
"C38082",2025-12-16,2026-07-05,202,"5.9.2"
"C38085",2025-12-14,2026-01-17,35,"5.9.2"
"C38088",2025-12-07,2026-01-13,38,"5.9.2"
"C38091",2025-12-13,2026-01-13,32,"5.9.2"
"C38094",2025-12-14,2026-01-13,31,"5.9.2"
"C38097",2024-06-22,2026-01-14,572,"5.9.2"
"C38100",2025-11-16,2025-12-25,40,"5.9.2"
"C38106",2025-12-18,2025-12-30,13,"5.9.2"
"C38109",2025-06-13,2026-02-13,246,"5.9.2"
"C38112",2025-12-15,2026-01-05,22,"5.9.2"
"C38124",2025-12-16,2025-12-28,13,"5.9.2"
"C38127",2025-12-18,2026-01-20,34,"5.9.2"
"C38130",2025-07-26,2026-02-25,215,"5.9.2"
"C38133",2025-07-26,2026-02-25,215,"5.9.2"
"C38136",2025-12-17,2026-01-19,34,"5.9.2"
"C38139",2026-01-13,2026-02-11,30,"5.9.2"
"C38142",2025-12-18,2026-01-07,21,"5.9.2"
"C38145",2025-10-28,2026-06-04,220,"5.9.2"
"C38148",2025-11-29,2026-01-22,55,"5.9.2"
"C38157",2025-12-19,2026-01-07,20,"5.9.2"
"C38160",2025-12-19,2026-01-05,18,"5.9.2"
"C38163",2025-11-18,2026-04-04,138,"5.9.2"
"C38166",2025-12-18,2025-12-31,14,"5.9.2"
"C38169",2025-12-18,2026-01-28,42,"5.9.2"
"C38172",2025-12-19,2026-09-30,286,"5.9.2"
"C38175",2025-12-14,2026-01-20,38,"5.9.2"
"C38178",2026-03-04,2026-09-30,211,"5.9.2"
"C38181",2025-09-05,2026-02-14,163,"5.9.2"
"C38184",2025-12-19,2026-01-07,20,"5.9.2"
"C38184",2026-04-24,2026-06-11,49,"5.9.2"
"C38184",2026-06-20,2026-07-28,39,"5.9.2"
"C38187",2025-12-16,2026-02-14,61,"5.9.2"
"C38190",2025-12-05,2026-05-23,170,"5.9.2"
"C38193",2025-12-04,2026-01-03,31,"5.9.2"
"C38202",2025-11-11,2026-02-02,84,"5.9.2"
"C38205",2025-11-04,2026-06-08,217,"5.9.2"
"C38208",2025-12-20,2025-12-29,10,"5.9.2"
"C38208",2026-01-07,2026-01-07,1,"5.9.2"
"C38211",2025-12-14,2026-01-13,31,"5.9.2"
"C38214",2025-12-21,2026-02-24,66,"5.9.2"
"C38220",2024-08-22,2026-01-04,501,"5.9.2"
"C38223",2025-12-18,2026-02-14,59,"5.9.2"
"C38226",2025-02-17,2026-01-31,349,"5.9.2"
"C38232",2025-07-19,2026-01-16,182,"5.9.2"
"C38241",2025-12-18,2026-01-10,24,"5.9.2"
"C38244",2025-12-21,2026-05-30,161,"5.9.2"
"C38247",2025-12-04,2026-01-08,36,"5.9.2"
"C38250",2025-12-23,2026-02-24,64,"5.9.2"
"C38253",2026-04-14,2026-09-30,170,"5.9.2"
"C38256",2025-12-14,2026-02-03,52,"5.9.2"
"C38259",2025-12-14,2026-02-03,52,"5.9.2"
"C38274",2025-10-04,2026-05-09,218,"5.9.2"
"C38280",2025-12-25,2026-01-09,16,"5.9.2"
"C38283",2025-12-24,2026-01-10,18,"5.9.2"
"C38286",2025-11-30,2026-01-18,50,"5.9.2"
"C38289",2025-12-25,2026-01-13,20,"5.9.2"
"C38292",2025-12-26,2026-05-12,138,"5.9.2"
"C38295",2025-12-25,2026-09-30,280,"5.9.2"
"C38298",2025-12-24,2026-02-28,67,"5.9.2"
"C38301",2025-12-05,2026-09-30,300,"5.9.2"
"C38304",2025-12-05,2026-09-30,300,"5.9.2"
"C38316",2025-12-26,2026-01-13,19,"5.9.2"
"C38319",2025-12-23,2026-01-06,15,"5.9.2"
"C38322",2025-12-26,2026-01-08,14,"5.9.2"
"C38325",2025-12-03,2026-02-18,78,"5.9.2"
"C38328",2025-12-03,2026-02-18,78,"5.9.2"
"C38331",2025-12-26,2026-01-20,26,"5.9.2"
"C38334",2025-12-26,2026-03-13,78,"5.9.2"
"C38337",2025-12-24,2026-01-11,19,"5.9.2"
"C38340",2025-12-25,2026-01-10,17,"5.9.2"
"C38349",2025-12-26,2026-02-18,55,"5.9.2"
"C38352",2026-01-06,2026-02-02,28,"5.9.2"
"C38355",2025-10-04,2026-01-29,118,"5.9.2"
"C38358",2025-12-25,2026-01-17,24,"5.9.2"
"C38361",2025-12-25,2026-01-18,25,"5.9.2"
"C38364",2025-12-20,2026-01-07,19,"5.9.2"
"C38364",2026-07-04,2026-09-30,89,"5.9.2"
"C38367",2024-08-05,2026-08-04,730,"5.9.2"
"C38370",2025-12-27,2026-04-04,99,"5.9.2"
"C38373",2025-12-26,2026-01-22,28,"5.9.2"
"C38379",2025-12-27,2026-02-24,60,"5.9.2"
"C38379",2026-07-09,2026-09-30,84,"5.9.2"
"C38382",2025-12-27,2026-02-24,60,"5.9.2"
"C38382",2026-07-09,2026-09-30,84,"5.9.2"
"C38385",2025-12-28,2026-01-20,24,"5.9.2"
"C38397",2025-11-10,2025-11-23,14,"5.9.2"
"C38397",2025-12-14,2026-01-14,32,"5.9.2"
"C38400",2026-01-24,2026-01-28,5,"5.9.2"
"C38403",2026-02-13,2026-09-30,230,"5.9.2"
"C38406",2026-02-13,2026-09-30,230,"5.9.2"
"C38409",2025-12-29,2026-01-20,23,"5.9.2"
"C38412",2025-11-27,2025-12-13,17,"5.9.2"
"C38415",2026-02-04,2026-02-19,16,"5.9.2"
"C38418",2026-02-04,2026-02-19,16,"5.9.2"
"C38436",2025-12-31,2025-12-31,1,"5.9.2"
"C38439",2026-01-29,2026-02-03,6,"5.9.2"
"C38442",2026-02-26,2026-03-10,13,"5.9.2"
"C38445",2026-01-01,2026-01-20,20,"5.9.2"
"C38448",2025-12-26,2026-02-14,51,"5.9.2"
"C38451",2025-12-29,2026-01-13,16,"5.9.2"
"C38463",2025-12-30,2026-01-17,19,"5.9.2"
"C38466",2025-12-31,2026-01-30,31,"5.9.2"
"C38469",2025-12-27,2026-02-10,46,"5.9.2"
"C38472",2025-12-22,2026-02-26,67,"5.9.2"
"C38475",2026-01-10,2026-09-30,264,"5.9.2"
"C38478",2026-01-10,2026-09-30,264,"5.9.2"
"C38484",2025-12-30,2026-01-14,16,"5.9.2"
"C38484",2026-01-23,2026-02-12,21,"5.9.2"
"C38499",2025-12-27,2026-01-28,33,"5.9.2"
"C38502",2025-12-29,2026-01-28,31,"5.9.2"
"C38505",2026-01-01,2026-01-20,20,"5.9.2"
"C38508",2026-01-03,2026-01-20,18,"5.9.2"
"C38511",2026-01-03,2026-01-08,6,"5.9.2"
"C38514",2026-02-04,2026-02-19,16,"5.9.2"
"C38517",2025-10-04,2026-02-21,141,"5.9.2"
"C38523",2025-04-04,2026-02-07,310,"5.9.2"
"C38526",2025-12-26,2026-02-05,42,"5.9.2"
"C38526",2026-07-19,2026-09-30,74,"5.9.2"
"C38529",2026-01-01,2026-01-24,24,"5.9.2"
"C38538",2026-01-01,2026-02-10,41,"5.9.2"
"C38541",2023-10-01,2026-02-23,877,"5.9.2"
"C38541",2026-03-08,2026-09-30,207,"5.9.2"
"C38559",2026-01-03,2026-02-13,42,"5.9.2"
"C38562",2026-01-03,2026-02-13,42,"5.9.2"
"C38568",2026-01-03,2026-01-16,14,"5.9.2"
"C38571",2023-01-30,2026-01-28,1095,"5.9.2"
"C38574",2026-01-01,2026-01-15,15,"5.9.2"
"C38577",2025-05-04,2026-01-10,252,"5.9.2"
"C38580",2026-01-03,2026-01-15,13,"5.9.2"
"C38583",2025-12-06,2026-09-30,299,"5.9.2"
"C38586",2025-08-04,2026-09-30,423,"5.9.2"
"C38589",2025-12-27,2026-01-31,36,"5.9.2"
"C38592",2025-10-04,2026-01-06,95,"5.9.2"
"C38595",2024-05-05,2026-02-05,642,"5.9.2"
"C38598",2026-01-03,2026-02-24,53,"5.9.2"
"C38607",2026-01-04,2026-02-21,49,"5.9.2"
"C38610",2025-12-12,2026-01-18,38,"5.9.2"
"C38613",2026-01-03,2026-01-18,16,"5.9.2"
"C38628",2026-01-07,2026-09-30,267,"5.9.2"
"C38631",2026-01-09,2026-01-17,9,"5.9.2"
"C38634",2026-01-06,2026-04-07,92,"5.9.2"
"C38643",2026-06-14,2026-06-30,17,"5.9.2"
"C38646",2026-01-06,2026-01-21,16,"5.9.2"
"C38649",2025-09-27,2026-02-20,147,"5.9.2"
"C38652",2026-01-03,2026-01-18,16,"5.9.2"
"C38655",2026-01-03,2026-01-20,18,"5.9.2"
"C38658",2024-11-05,2026-01-07,429,"5.9.2"
"C38661",2026-01-06,2026-01-21,16,"5.9.2"
"C38664",2025-08-04,2026-01-20,170,"5.9.2"
"C38667",2025-08-04,2026-01-20,170,"5.9.2"
"C38670",2024-07-06,2026-01-18,562,"5.9.2"
"C38673",2026-01-06,2026-02-28,54,"5.9.2"
"C38676",2025-12-01,2026-03-04,94,"5.9.2"
"C38679",2026-01-07,2026-02-01,26,"5.9.2"
"C38682",2026-01-09,2026-02-03,26,"5.9.2"
"C38685",2026-01-06,2026-01-24,19,"5.9.2"
"C38700",2025-11-09,2025-11-22,14,"5.9.2"
"C38703",2026-01-01,2026-02-22,53,"5.9.2"
"C38706",2025-01-09,2026-02-14,402,"5.9.2"
"C38709",2026-01-09,2026-01-27,19,"5.9.2"
"C38712",2023-10-01,2026-02-06,860,"5.9.2"
"C38715",2026-01-06,2026-02-13,39,"5.9.2"
"C38718",2026-01-09,2026-01-21,13,"5.9.2"
"C38721",2026-01-09,2026-01-24,16,"5.9.2"
"C38733",2026-01-07,2026-02-13,38,"5.9.2"
"C38739",2023-02-08,2026-02-06,1095,"5.9.2"
"C38742",2026-01-09,2026-01-31,23,"5.9.2"
"C38745",2026-01-05,2026-01-24,20,"5.9.2"
"C38751",2026-01-06,2026-01-24,19,"5.9.2"
"C38754",2026-01-10,2026-02-11,33,"5.9.2"
"C38760",2025-11-11,2026-09-30,324,"5.9.2"
"C38763",2025-10-04,2026-02-07,127,"5.9.2"
"C38766",2025-12-26,2026-02-02,39,"5.9.2"
"C38769",2025-12-13,2026-01-27,46,"5.9.2"
"C38772",2026-01-09,2026-02-06,29,"5.9.2"
"C38775",2026-01-04,2026-01-20,17,"5.9.2"
"C38775",2026-06-28,2026-09-30,95,"5.9.2"
"C38778",2026-01-11,2026-03-02,51,"5.9.2"
"C38781",2026-01-11,2026-02-21,42,"5.9.2"
"C38784",2026-01-06,2026-05-20,135,"5.9.2"
"C38784",2026-07-20,2026-08-02,14,"5.9.2"
"C38787",2026-01-11,2026-02-28,49,"5.9.2"
"C38793",2025-01-12,2026-04-25,469,"5.9.2"
"C38796",2026-01-10,2026-01-23,14,"5.9.2"
"C38796",2026-02-01,2026-02-03,3,"5.9.2"
"C38796",2026-02-15,2026-03-02,16,"5.9.2"
"C38799",2026-01-12,2026-02-05,25,"5.9.2"
"C38802",2025-12-14,2026-01-29,47,"5.9.2"
"C38805",2025-11-02,2026-05-24,204,"5.9.2"
"C38808",2026-01-12,2026-02-15,35,"5.9.2"
"C38814",2025-12-24,2026-02-10,49,"5.9.2"
"C38817",2026-01-12,2026-02-11,31,"5.9.2"
"C38817",2026-03-24,2026-04-08,16,"5.9.2"
"C38817",2026-05-12,2026-05-27,16,"5.9.2"
"C38820",2025-12-13,2026-05-21,160,"5.9.2"
"C38823",2025-10-04,2026-03-28,176,"5.9.2"
"C38826",2026-01-14,2026-02-10,28,"5.9.2"
"C38829",2026-01-15,2026-01-30,16,"5.9.2"
"C38832",2026-01-07,2026-01-29,23,"5.9.2"
"C38835",2026-01-15,2026-02-01,18,"5.9.2"
"C38838",2026-01-14,2026-02-10,28,"5.9.2"
"C38841",2024-11-07,2026-02-13,464,"5.9.2"
"C38844",2026-01-16,2026-02-24,40,"5.9.2"
"C38847",2026-02-03,2026-02-19,17,"5.9.2"
"C38850",2025-10-26,2026-09-30,340,"5.9.2"
"C38853",2026-01-14,2026-03-31,77,"5.9.2"
"C38856",2025-12-14,2026-09-30,291,"5.9.2"
"C38859",2026-01-14,2026-01-31,18,"5.9.2"
"C38862",2026-01-12,2026-02-14,34,"5.9.2"
"C38865",2026-01-03,2026-04-24,112,"5.9.2"
"C38868",2026-01-14,2026-02-28,46,"5.9.2"
"C38871",2026-05-12,2026-07-03,53,"5.9.2"
"C38874",2026-01-17,2026-02-28,43,"5.9.2"
"C38877",2026-01-12,2026-02-28,48,"5.9.2"
"C38880",2026-01-17,2026-01-29,13,"5.9.2"
"C38883",2026-01-18,2026-04-01,74,"5.9.2"
"C38886",2025-10-04,2026-03-23,171,"5.9.2"
"C38889",2025-10-04,2026-03-23,171,"5.9.2"
"C38892",2026-01-18,2026-02-10,24,"5.9.2"
"C38898",2026-01-16,2026-01-28,13,"5.9.2"
"C38904",2026-01-16,2026-02-11,27,"5.9.2"
"C38907",2026-01-17,2026-02-17,32,"5.9.2"
"C38913",2026-01-17,2026-02-27,42,"5.9.2"
"C38916",2025-11-18,2026-02-25,100,"5.9.2"
"C38919",2025-11-18,2026-02-25,100,"5.9.2"
"C38925",2026-01-07,2026-09-30,267,"5.9.2"
"C38928",2026-01-07,2026-01-26,20,"5.9.2"
"C38931",2025-11-04,2026-03-07,124,"5.9.2"
"C38949",2026-01-03,2026-01-22,20,"5.9.2"
"C38952",2026-01-13,2026-02-07,26,"5.9.2"
"C38955",2026-01-18,2026-01-30,13,"5.9.2"
"C38961",2026-01-17,2026-03-19,62,"5.9.2"
"C38964",2026-01-24,2026-01-26,3,"5.9.2"
"C38967",2026-01-12,2026-03-02,50,"5.9.2"
"C38970",2025-12-21,2026-09-30,284,"5.9.2"
"C38991",2026-01-11,2026-02-02,23,"5.9.2"
"C38994",2026-01-20,2026-02-04,16,"5.9.2"
"C38997",2026-01-25,2026-02-13,20,"5.9.2"
"C39000",2026-02-03,2026-06-26,144,"5.9.2"
"C39015",2026-01-20,2026-02-03,15,"5.9.2"
"C39021",2026-01-19,2026-02-05,18,"5.9.2"
"C39024",2026-01-19,2026-02-05,18,"5.9.2"
"C39027",2026-01-23,2026-01-28,6,"5.9.2"
"C39027",2026-02-07,2026-02-08,2,"5.9.2"
"C39027",2026-02-20,2026-02-20,1,"5.9.2"
"C39030",2026-01-19,2026-02-04,17,"5.9.2"
"C39033",2026-01-21,2026-02-06,17,"5.9.2"
"C39036",2026-01-23,2026-02-10,19,"5.9.2"
"C39039",2026-01-23,2026-01-29,7,"5.9.2"
"C39039",2026-02-08,2026-02-12,5,"5.9.2"
"C39042",2026-01-23,2026-03-14,51,"5.9.2"
"C39045",2026-01-21,2026-02-14,25,"5.9.2"
"C39048",2026-01-19,2026-04-20,92,"5.9.2"
"C39051",2025-07-05,2026-04-28,298,"5.9.2"
"C39054",2026-01-17,2026-09-30,257,"5.9.2"
"C39063",2026-01-03,2026-01-29,27,"5.9.2"
"C39066",2026-01-23,2026-02-24,33,"5.9.2"
"C39069",2025-10-15,2026-02-08,117,"5.9.2"
"C39072",2026-01-21,2026-02-02,13,"5.9.2"
"C39078",2026-01-23,2026-03-11,48,"5.9.2"
"C39093",2026-01-19,2026-02-21,34,"5.9.2"
"C39099",2026-01-14,2026-02-08,26,"5.9.2"
"C39102",2026-01-24,2026-03-24,60,"5.9.2"
"C39105",2026-01-20,2026-05-01,102,"5.9.2"
"C39105",2026-06-26,2026-09-30,97,"5.9.2"
"C39108",2025-12-19,2026-05-23,156,"5.9.2"
"C39111",2026-01-21,2026-04-10,80,"5.9.2"
"C39114",2025-08-04,2026-04-10,250,"5.9.2"
"C39123",2026-01-22,2026-02-03,13,"5.9.2"
"C39141",2026-01-20,2026-04-26,97,"5.9.2"
"C39147",2026-01-20,2026-04-26,97,"5.9.2"
"C39150",2025-11-08,2026-06-08,213,"5.9.2"
"C39153",2025-11-08,2026-06-08,213,"5.9.2"
"C39162",2026-01-25,2026-02-10,17,"5.9.2"
"C39165",2025-10-23,2026-03-15,144,"5.9.2"
"C39168",2025-12-26,2026-04-09,105,"5.9.2"
"C39174",2026-01-17,2026-03-12,55,"5.9.2"
"C39186",2026-02-01,2026-02-19,19,"5.9.2"
"C39189",2026-01-24,2026-03-03,39,"5.9.2"
"C39192",2026-01-03,2026-02-09,38,"5.9.2"
"C39195",2026-01-25,2026-02-15,22,"5.9.2"
"C39204",2025-01-26,2026-03-17,416,"5.9.2"
"C39210",2026-01-21,2026-03-13,52,"5.9.2"
"C39213",2026-01-21,2026-03-13,52,"5.9.2"
"C39216",2026-01-24,2026-02-05,13,"5.9.2"
"C39219",2026-01-26,2026-02-08,14,"5.9.2"
"C39222",2026-01-25,2026-02-28,35,"5.9.2"
"C39222",2026-07-18,2026-09-30,75,"5.9.2"
"C39225",2026-01-23,2026-02-16,25,"5.9.2"
"C39231",2023-08-05,2026-08-03,1095,"5.9.2"
"C39234",2025-01-27,2026-02-08,378,"5.9.2"
"C39240",2026-01-27,2026-02-10,15,"5.9.2"
"C39246",2025-12-05,2026-02-12,70,"5.9.2"
"C39249",2026-01-29,2026-02-12,15,"5.9.2"
"C39252",2026-01-29,2026-03-07,38,"5.9.2"
"C39255",2026-01-30,2026-09-30,244,"5.9.2"
"C39258",2026-01-30,2026-03-09,39,"5.9.2"
"C39258",2026-03-23,2026-06-24,94,"5.9.2"
"C39264",2026-01-10,2026-05-08,119,"5.9.2"
"C39267",2026-01-29,2026-03-10,41,"5.9.2"
"C39270",2026-01-27,2026-02-10,15,"5.9.2"
"C39273",2026-01-31,2026-03-31,60,"5.9.2"
"C39273",2026-06-26,2026-07-09,14,"5.9.2"
"C39276",2026-01-30,2026-02-19,21,"5.9.2"
"C39279",2026-04-23,2026-09-30,161,"5.9.2"
"C39282",2026-01-26,2026-03-27,61,"5.9.2"
"C39285",2026-01-20,2026-03-04,44,"5.9.2"
"C39291",2025-03-13,2026-03-16,369,"5.9.2"
"C39294",2026-06-30,2026-08-04,36,"5.9.2"
"C39297",2026-01-30,2026-03-07,37,"5.9.2"
"C39300",2026-01-28,2026-09-30,246,"5.9.2"
"C39303",2026-01-31,2026-04-28,88,"5.9.2"
"C39315",2026-01-22,2026-02-25,35,"5.9.2"
"C39321",2026-01-30,2026-03-29,59,"5.9.2"
"C39324",2026-01-18,2026-03-16,58,"5.9.2"
"C39336",2026-01-30,2026-02-11,13,"5.9.2"
"C39342",2026-01-13,2026-09-30,261,"5.9.2"
"C39345",2026-01-29,2026-04-04,66,"5.9.2"
"C39348",2026-02-02,2026-02-14,13,"5.9.2"
"C39351",2026-01-24,2026-02-23,31,"5.9.2"
"C39354",2026-02-02,2026-03-14,41,"5.9.2"
"C39363",2026-02-01,2026-04-03,62,"5.9.2"
"C39366",2026-02-03,2026-03-10,36,"5.9.2"
"C39369",2026-02-03,2026-02-28,26,"5.9.2"
"C39372",2025-12-05,2026-02-15,73,"5.9.2"
"C39375",2026-01-29,2026-02-19,22,"5.9.2"
"C39378",2026-01-18,2026-03-20,62,"5.9.2"
"C39381",2026-02-02,2026-03-14,41,"5.9.2"
"C39384",2026-02-04,2026-02-09,6,"5.9.2"
"C39387",2025-08-25,2026-03-30,218,"5.9.2"
"C39390",2026-01-31,2026-04-15,75,"5.9.2"
"C39393",2026-02-05,2026-02-10,6,"5.9.2"
"C39396",2026-02-05,2026-03-05,29,"5.9.2"
"C39399",2026-01-03,2026-02-08,37,"5.9.2"
"C39402",2023-03-02,2026-01-30,1066,"5.9.2"
"C39405",2026-02-03,2026-03-14,40,"5.9.2"
"C39408",2026-02-06,2026-02-28,23,"5.9.2"
"C39411",2026-02-06,2026-03-13,36,"5.9.2"
"C39414",2025-06-04,2026-09-30,484,"5.9.2"
"C39420",2026-02-03,2026-03-15,41,"5.9.2"
"C39423",2026-02-05,2026-02-26,22,"5.9.2"
"C39426",2026-02-01,2026-03-06,34,"5.9.2"
"C39429",2026-02-01,2026-03-06,34,"5.9.2"
"C39432",2026-01-31,2026-03-05,34,"5.9.2"
"C39435",2026-02-01,2026-05-15,104,"5.9.2"
"C39438",2024-08-03,2026-02-06,553,"5.9.2"
"C39447",2026-02-06,2026-03-03,26,"5.9.2"
"C39459",2026-02-05,2026-03-20,44,"5.9.2"
"C39462",2026-02-06,2026-03-19,42,"5.9.2"
"C39465",2026-02-04,2026-02-22,19,"5.9.2"
"C39468",2026-02-07,2026-05-08,91,"5.9.2"
"C39471",2025-12-05,2026-04-20,137,"5.9.2"
"C39474",2026-02-08,2026-04-21,73,"5.9.2"
"C39477",2026-02-08,2026-04-21,73,"5.9.2"
"C39489",2025-05-03,2026-02-26,300,"5.9.2"
"C39492",2026-02-03,2026-03-23,49,"5.9.2"
"C39495",2026-02-06,2026-02-20,15,"5.9.2"
"C39498",2026-02-04,2026-02-22,19,"5.9.2"
"C39507",2026-02-08,2026-02-24,17,"5.9.2"
"C39510",2026-02-08,2026-03-08,29,"5.9.2"
"C39510",2026-05-24,2026-06-09,17,"5.9.2"
"C39513",2025-12-08,2026-02-20,75,"5.9.2"
"C39516",2026-02-01,2026-03-01,29,"5.9.2"
"C39519",2026-02-06,2026-03-16,39,"5.9.2"
"C39522",2026-02-16,2026-02-28,13,"5.9.2"
"C39525",2026-02-06,2026-02-20,15,"5.9.2"
"C39528",2023-03-16,2026-03-14,1095,"5.9.2"
"C39531",2026-01-25,2026-03-21,56,"5.9.2"
"C39537",2026-02-09,2026-06-18,130,"5.9.2"
"C39543",2026-02-09,2026-02-25,17,"5.9.2"
"C39546",2025-08-03,2026-02-11,193,"5.9.2"
"C39549",2026-02-13,2026-05-22,99,"5.9.2"
"C39552",2026-02-10,2026-02-28,19,"5.9.2"
"C39555",2026-02-11,2026-05-05,84,"5.9.2"
"C39558",2026-02-10,2026-03-04,23,"5.9.2"
"C39561",2026-02-10,2026-06-16,127,"5.9.2"
"C39564",2026-02-10,2026-06-16,127,"5.9.2"
"C39573",2026-01-03,2026-02-09,38,"5.9.2"
"C39576",2026-02-06,2026-02-19,14,"5.9.2"
"C39579",2026-02-10,2026-02-25,16,"5.9.2"
"C39582",2025-09-04,2026-09-30,392,"5.9.2"
"C39585",2025-09-04,2026-09-30,392,"5.9.2"
"C39588",2026-02-12,2026-02-24,13,"5.9.2"
"C39591",2026-02-11,2026-02-24,14,"5.9.2"
"C39594",2026-02-12,2026-03-26,43,"5.9.2"
"C39600",2026-02-12,2026-03-19,36,"5.9.2"
"C39603",2026-02-10,2026-04-10,60,"5.9.2"
"C39606",2026-02-11,2026-02-25,15,"5.9.2"
"C39609",2026-02-11,2026-02-25,15,"5.9.2"
"C39612",2026-02-14,2026-04-02,48,"5.9.2"
"C39615",2026-02-12,2026-03-31,48,"5.9.2"
"C39618",2026-02-10,2026-04-01,51,"5.9.2"
"C39621",2026-02-13,2026-06-26,134,"5.9.2"
"C39624",2026-02-09,2026-03-12,32,"5.9.2"
"C39627",2026-02-14,2026-02-17,4,"5.9.2"
"C39633",2026-02-11,2026-03-29,47,"5.9.2"
"C39636",2026-02-09,2026-03-09,29,"5.9.2"
"C39639",2025-12-30,2026-06-23,176,"5.9.2"
"C39642",2026-02-14,2026-03-24,39,"5.9.2"
"C39642",2026-07-02,2026-07-18,17,"5.9.2"
"C39657",2026-01-05,2026-04-04,90,"5.9.2"
"C39660",2026-02-15,2026-07-08,144,"5.9.2"
"C39672",2026-02-12,2026-04-25,73,"5.9.2"
"C39675",2026-02-16,2026-09-30,227,"5.9.2"
"C39684",2026-02-15,2026-03-03,17,"5.9.2"
"C39696",2026-02-16,2026-02-28,13,"5.9.2"
"C39702",2026-02-14,2026-06-03,110,"5.9.2"
"C39705",2025-09-02,2026-09-30,394,"5.9.2"
"C39708",2026-02-16,2026-03-06,19,"5.9.2"
"C39714",2026-02-14,2026-03-09,24,"5.9.2"
"C39717",2026-02-17,2026-04-02,45,"5.9.2"
"C39720",2026-02-15,2026-03-03,17,"5.9.2"
"C39723",2026-02-03,2026-09-30,240,"5.9.2"
"C39726",2023-03-16,2026-03-14,1095,"5.9.2"
"C39729",2025-05-04,2026-09-30,515,"5.9.2"
"C39741",2026-03-26,2026-03-26,1,"5.9.2"
"C39741",2026-07-29,2026-08-04,7,"5.9.2"
"C39744",2026-02-10,2026-06-23,134,"5.9.2"
"C39750",2026-02-10,2026-06-23,134,"5.9.2"
"C39759",2026-02-13,2026-02-26,14,"5.9.2"
"C39765",2026-02-12,2026-04-26,74,"5.9.2"
"C39771",2026-02-03,2026-04-03,60,"5.9.2"
"C39774",2026-02-20,2026-09-30,223,"5.9.2"
"C39777",2026-03-03,2026-06-04,94,"5.9.2"
"C39783",2026-04-05,2026-09-30,179,"5.9.2"
"C39795",2026-02-14,2026-04-17,63,"5.9.2"
"C39798",2026-02-01,2026-03-25,53,"5.9.2"
"C39801",2026-02-09,2026-03-26,46,"5.9.2"
"C39801",2026-06-15,2026-07-17,33,"5.9.2"
"C39804",2026-02-03,2026-03-31,57,"5.9.2"
"C39807",2026-02-16,2026-04-27,71,"5.9.2"
"C39819",2023-11-04,2026-05-04,913,"5.9.2"
"C39822",2026-02-20,2026-03-05,14,"5.9.2"
"C39825",2026-02-20,2026-04-19,59,"5.9.2"
"C39837",2025-02-03,2026-05-04,456,"5.9.2"
"C39840",2026-02-20,2026-03-07,16,"5.9.2"
"C39840",2026-06-02,2026-07-05,34,"5.9.2"
"C39843",2026-02-20,2026-03-06,15,"5.9.2"
"C39846",2026-02-20,2026-03-06,15,"5.9.2"
"C39849",2026-02-24,2026-03-04,9,"5.9.2"
"C39852",2026-03-01,2026-03-25,25,"5.9.2"
"C39867",2026-02-02,2026-09-30,241,"5.9.2"
"C39870",2026-01-18,2026-03-21,63,"5.9.2"
"C39885",2026-02-21,2026-03-28,36,"5.9.2"
"C39888",2026-02-11,2026-04-20,69,"5.9.2"
"C39891",2026-01-23,2026-02-28,37,"5.9.2"
"C39894",2026-02-28,2026-03-14,15,"5.9.2"
"C39897",2026-02-22,2026-03-06,13,"5.9.2"
"C39900",2026-02-19,2026-03-10,20,"5.9.2"
"C39903",2025-09-14,2026-04-01,200,"5.9.2"
"C39906",2026-02-23,2026-07-11,139,"5.9.2"
"C39909",2026-02-15,2026-03-11,25,"5.9.2"
"C39918",2026-02-23,2026-04-28,65,"5.9.2"
"C39933",2026-02-03,2026-06-01,119,"5.9.2"
"C39939",2026-01-17,2026-04-03,77,"5.9.2"
"C39942",2026-02-23,2026-03-10,16,"5.9.2"
"C39945",2026-01-27,2026-03-04,37,"5.9.2"
"C39951",2026-02-23,2026-03-07,13,"5.9.2"
"C39954",2026-02-24,2026-03-20,25,"5.9.2"
"C39957",2026-03-08,2026-03-25,18,"5.9.2"
"C39960",2026-02-18,2026-04-23,65,"5.9.2"
"C39963",2026-02-18,2026-04-23,65,"5.9.2"
"C39969",2026-02-24,2026-03-27,32,"5.9.2"
"C39981",2026-02-24,2026-03-20,25,"5.9.2"
"C39990",2026-02-24,2026-04-16,52,"5.9.2"
"C39993",2026-02-27,2026-03-21,23,"5.9.2"
"C39999",2026-02-03,2026-03-05,31,"5.9.2"
"C40005",2026-02-24,2026-03-11,16,"5.9.2"
"C40008",2026-02-07,2026-03-14,36,"5.9.2"
"C40014",2026-02-21,2026-03-16,24,"5.9.2"
"C40020",2026-02-26,2026-03-07,10,"5.9.2"
"C40023",2026-02-09,2026-03-20,40,"5.9.2"
"C40035",2026-02-20,2026-03-09,18,"5.9.2"
"C40038",2026-02-25,2026-04-03,38,"5.9.2"
"C40041",2026-02-28,2026-04-15,47,"5.9.2"
"C40044",2026-02-03,2026-09-30,240,"5.9.2"
"C40050",2026-03-01,2026-05-25,86,"5.9.2"
"C40053",2026-03-01,2026-04-01,32,"5.9.2"
"C40053",2026-05-05,2026-07-07,64,"5.9.2"
"C40056",2026-02-27,2026-04-06,39,"5.9.2"
"C40059",2026-02-25,2026-04-16,51,"5.9.2"
"C40062",2026-02-27,2026-03-12,14,"5.9.2"
"C40065",2026-02-15,2026-04-04,49,"5.9.2"
"C40077",2025-08-25,2026-03-13,201,"5.9.2"
"C40083",2026-02-17,2026-03-08,20,"5.9.2"
"C40086",2026-02-27,2026-09-30,216,"5.9.2"
"C40089",2026-02-27,2026-09-30,216,"5.9.2"
"C40098",2026-02-28,2026-03-22,23,"5.9.2"
"C40101",2026-03-01,2026-04-30,61,"5.9.2"
"C40110",2026-02-27,2026-03-11,13,"5.9.2"
"C40113",2026-02-22,2026-05-17,85,"5.9.2"
"C40116",2026-02-22,2026-04-08,46,"5.9.2"
"C40128",2026-01-03,2026-04-21,109,"5.9.2"
"C40131",2026-02-03,2026-05-17,104,"5.9.2"
"C40134",2026-02-28,2026-03-28,29,"5.9.2"
"C40137",2026-02-27,2026-05-07,70,"5.9.2"
"C40140",2026-01-29,2026-03-17,48,"5.9.2"
"C40143",2026-02-14,2026-02-26,13,"5.9.2"
"C40146",2026-03-04,2026-03-04,1,"5.9.2"
"C40149",2026-03-02,2026-05-30,90,"5.9.2"
"C40152",2026-03-02,2026-05-30,90,"5.9.2"
"C40155",2026-03-02,2026-05-30,90,"5.9.2"
"C40158",2026-03-02,2026-05-30,90,"5.9.2"
"C40161",2026-03-05,2026-04-01,28,"5.9.2"
"C40164",2026-02-26,2026-05-04,68,"5.9.2"
"C40167",2026-03-03,2026-04-30,59,"5.9.2"
"C40170",2026-03-03,2026-04-30,59,"5.9.2"
"C40176",2026-02-24,2026-04-18,54,"5.9.2"
"C40191",2026-03-03,2026-03-24,22,"5.9.2"
"C40194",2026-03-03,2026-09-30,212,"5.9.2"
"C40197",2026-03-03,2026-05-15,74,"5.9.2"
"C40200",2026-03-03,2026-09-30,212,"5.9.2"
"C40203",2025-12-12,2026-03-16,95,"5.9.2"
"C40206",2026-03-03,2026-09-30,212,"5.9.2"
"C40209",2026-03-15,2026-03-31,17,"5.9.2"
"C40215",2026-02-25,2026-03-05,9,"5.9.2"
"C40215",2026-07-25,2026-07-25,1,"5.9.2"
"C40218",2026-02-03,2026-03-17,43,"5.9.2"
"C40218",2026-05-17,2026-06-05,20,"5.9.2"
"C40221",2026-02-08,2026-03-17,38,"5.9.2"
"C40224",2026-04-04,2026-09-30,180,"5.9.2"
"C40227",2024-03-02,2026-03-20,749,"5.9.2"
"C40230",2025-02-09,2026-09-30,599,"5.9.2"
"C40233",2026-01-23,2026-03-10,47,"5.9.2"
"C40236",2026-02-21,2026-03-25,33,"5.9.2"
"C40245",2026-03-06,2026-04-14,40,"5.9.2"
"C40260",2026-03-02,2026-04-09,39,"5.9.2"
"C40266",2026-02-03,2026-04-10,67,"5.9.2"
"C40269",2025-12-18,2026-03-21,94,"5.9.2"
"C40275",2026-05-15,2026-07-02,49,"5.9.2"
"C40284",2026-03-06,2026-09-30,209,"5.9.2"
"C40287",2025-03-04,2026-03-25,387,"5.9.2"
"C40293",2025-10-26,2026-04-13,170,"5.9.2"
"C40296",2026-03-07,2026-04-19,44,"5.9.2"
"C40299",2026-03-07,2026-04-19,44,"5.9.2"
"C40302",2026-03-08,2026-04-10,34,"5.9.2"
"C40305",2025-03-04,2026-06-05,459,"5.9.2"
"C40311",2026-05-17,2026-06-16,31,"5.9.2"
"C40314",2026-03-05,2026-04-16,43,"5.9.2"
"C40314",2026-07-17,2026-09-30,76,"5.9.2"
"C40317",2023-10-01,2026-04-28,941,"5.9.2"
"C40320",2026-02-18,2026-03-03,14,"5.9.2"
"C40323",2026-03-09,2026-09-30,206,"5.9.2"
"C40332",2026-03-05,2026-06-10,98,"5.9.2"
"C40335",2026-02-24,2026-04-02,38,"5.9.2"
"C40341",2026-03-09,2026-06-11,95,"5.9.2"
"C40344",2026-03-09,2026-04-27,50,"5.9.2"
"C40347",2025-12-06,2026-03-27,112,"5.9.2"
"C40350",2026-03-09,2026-09-30,206,"5.9.2"
"C40353",2026-02-02,2026-09-30,241,"5.9.2"
"C40356",2026-03-10,2026-03-23,14,"5.9.2"
"C40356",2026-04-30,2026-06-01,33,"5.9.2"
"C40359",2026-02-23,2026-05-06,73,"5.9.2"
"C40362",2025-03-04,2026-03-21,383,"5.9.2"
"C40365",2026-03-12,2026-03-13,2,"5.9.2"
"C40365",2026-05-16,2026-06-09,25,"5.9.2"
"C40368",2023-10-01,2026-06-04,978,"5.9.2"
"C40371",2026-03-06,2026-09-30,209,"5.9.2"
"C40377",2026-04-06,2026-04-21,16,"5.9.2"
"C40380",2026-01-19,2026-04-25,97,"5.9.2"
"C40383",2026-03-10,2026-03-31,22,"5.9.2"
"C40392",2026-03-13,2026-06-24,104,"5.9.2"
"C40395",2026-03-09,2026-03-28,20,"5.9.2"
"C40398",2024-12-06,2026-03-30,480,"5.9.2"
"C40401",2026-03-13,2026-04-15,34,"5.9.2"
"C40404",2026-03-10,2026-04-27,49,"5.9.2"
"C40410",2026-03-10,2026-03-22,13,"5.9.2"
"C40416",2026-03-15,2026-04-13,30,"5.9.2"
"C40419",2026-03-05,2026-04-16,43,"5.9.2"
"C40422",2026-03-01,2026-06-04,96,"5.9.2"
"C40425",2026-03-10,2026-09-30,205,"5.9.2"
"C40428",2026-03-13,2026-04-04,23,"5.9.2"
"C40431",2026-03-13,2026-04-04,23,"5.9.2"
"C40446",2026-03-13,2026-03-31,19,"5.9.2"
"C40449",2026-03-13,2026-04-23,42,"5.9.2"
"C40464",2025-11-23,2026-04-03,132,"5.9.2"
"C40467",2026-03-06,2026-04-10,36,"5.9.2"
"C40470",2026-03-23,2026-04-01,10,"5.9.2"
"C40470",2026-05-05,2026-05-11,7,"5.9.2"
"C40470",2026-05-19,2026-06-03,16,"5.9.2"
"C40470",2026-06-17,2026-06-24,8,"5.9.2"
"C40470",2026-07-03,2026-07-17,15,"5.9.2"
"C40476",2025-09-13,2026-07-16,307,"5.9.2"
"C40485",2025-08-14,2026-06-27,318,"5.9.2"
"C40488",2026-03-14,2026-03-30,17,"5.9.2"
"C40500",2025-02-22,2026-04-05,408,"5.9.2"
"C40506",2026-02-03,2026-03-28,54,"5.9.2"
"C40509",2026-03-08,2026-09-30,207,"5.9.2"
"C40512",2026-03-14,2026-04-14,32,"5.9.2"
"C40515",2026-03-13,2026-03-30,18,"5.9.2"
"C40527",2025-10-02,2026-05-09,220,"5.9.2"
"C40530",2026-04-08,2026-05-05,28,"5.9.2"
"C40533",2026-01-17,2026-04-01,75,"5.9.2"
"C40539",2026-03-13,2026-05-04,53,"5.9.2"
"C40542",2026-03-14,2026-04-10,28,"5.9.2"
"C40548",2026-03-05,2026-04-04,31,"5.9.2"
"C40551",2024-03-04,2026-04-11,769,"5.9.2"
"C40554",2026-03-12,2026-03-24,13,"5.9.2"
"C40557",2026-03-12,2026-03-24,13,"5.9.2"
"C40569",2026-01-13,2026-04-06,84,"5.9.2"
"C40575",2024-06-05,2026-03-25,659,"5.9.2"
"C40578",2026-01-03,2026-09-30,271,"5.9.2"
"C40584",2026-01-03,2026-09-30,271,"5.9.2"
"C40587",2026-01-03,2026-03-20,77,"5.9.2"
"C40590",2023-05-13,2026-05-11,1095,"5.9.2"
"C40593",2024-02-03,2026-04-04,792,"5.9.2"
"C40596",2026-03-07,2026-03-26,20,"5.9.2"
"C40599",2026-03-05,2026-03-30,26,"5.9.2"
"C40602",2024-12-06,2026-05-25,536,"5.9.2"
"C40617",2023-04-01,2026-03-30,1095,"5.9.2"
"C40623",2026-03-18,2026-06-20,95,"5.9.2"
"C40629",2026-03-17,2026-04-28,43,"5.9.2"
"C40632",2026-03-20,2026-04-05,17,"5.9.2"
"C40635",2026-01-03,2026-05-29,147,"5.9.2"
"C40638",2026-01-03,2026-05-29,147,"5.9.2"
"C40641",2026-03-20,2026-09-30,195,"5.9.2"
"C40644",2025-11-04,2026-09-30,331,"5.9.2"
"C40647",2023-04-03,2026-04-01,1095,"5.9.2"
"C40650",2024-01-03,2026-07-03,913,"5.9.2"
"C40653",2023-10-01,2026-09-30,1096,"5.9.2"
"C40656",2026-03-05,2026-06-10,98,"5.9.2"
"C40659",2026-03-15,2026-04-04,21,"5.9.2"
"C40659",2026-05-08,2026-05-23,16,"5.9.2"
"C40662",2026-03-14,2026-03-31,18,"5.9.2"
"C40665",2026-03-08,2026-04-15,39,"5.9.2"
"C40668",2026-03-08,2026-04-15,39,"5.9.2"
"C40671",2026-03-22,2026-04-08,18,"5.9.2"
"C40674",2026-03-19,2026-06-08,82,"5.9.2"
"C40677",2026-03-05,2026-05-01,58,"5.9.2"
"C40689",2025-07-19,2026-04-11,267,"5.9.2"
"C40692",2026-03-22,2026-04-15,25,"5.9.2"
"C40701",2026-03-23,2026-04-22,31,"5.9.2"
"C40704",2026-03-23,2026-04-08,17,"5.9.2"
"C40707",2025-01-03,2026-06-04,518,"5.9.2"
"C40710",2025-03-04,2026-03-29,391,"5.9.2"
"C40710",2026-05-05,2026-07-08,65,"5.9.2"
"C40713",2026-03-05,2026-04-06,33,"5.9.2"
"C40716",2026-03-05,2026-04-06,33,"5.9.2"
"C40719",2026-03-24,2026-04-11,19,"5.9.2"
"C40722",2026-03-27,2026-04-15,20,"5.9.2"
"C40725",2026-03-24,2026-04-16,24,"5.9.2"
"C40731",2026-03-23,2026-06-02,72,"5.9.2"
"C40740",2026-03-16,2026-06-27,104,"5.9.2"
"C40743",2026-03-16,2026-09-30,199,"5.9.2"
"C40746",2026-01-01,2026-07-20,201,"5.9.2"
"C40749",2026-03-22,2026-04-25,35,"5.9.2"
"C40752",2026-03-27,2026-06-26,92,"5.9.2"
"C40761",2026-02-08,2026-04-18,70,"5.9.2"
"C40779",2026-03-21,2026-05-15,56,"5.9.2"
"C40788",2026-03-19,2026-04-13,26,"5.9.2"
"C40791",2026-03-22,2026-05-14,54,"5.9.2"
"C40797",2026-03-27,2026-07-08,104,"5.9.2"
"C40800",2026-03-24,2026-05-03,41,"5.9.2"
"C40806",2026-03-27,2026-05-30,65,"5.9.2"
"C40809",2026-03-05,2026-09-30,210,"5.9.2"
"C40815",2023-04-12,2026-04-10,1095,"5.9.2"
"C40818",2026-03-09,2026-04-11,34,"5.9.2"
"C40821",2026-03-06,2026-05-02,58,"5.9.2"
"C40824",2026-03-07,2026-04-15,40,"5.9.2"
"C40827",2026-03-29,2026-06-06,70,"5.9.2"
"C40830",2025-10-13,2026-04-24,194,"5.9.2"
"C40833",2025-12-05,2026-09-30,300,"5.9.2"
"C40839",2026-03-10,2026-05-03,55,"5.9.2"
"C40842",2026-03-27,2026-05-05,40,"5.9.2"
"C40845",2026-03-24,2026-05-03,41,"5.9.2"
"C40848",2026-03-29,2026-06-09,73,"5.9.2"
"C40851",2026-03-31,2026-04-04,5,"5.9.2"
"C40854",2026-03-30,2026-04-16,18,"5.9.2"
"C40854",2026-06-11,2026-06-26,16,"5.9.2"
"C40863",2026-03-30,2026-04-24,26,"5.9.2"
"C40866",2026-02-17,2026-06-04,108,"5.9.2"
"C40869",2026-03-29,2026-07-05,99,"5.9.2"
"C40881",2026-02-27,2026-05-15,78,"5.9.2"
"C40884",2026-03-24,2026-06-15,84,"5.9.2"
"C40887",2026-05-09,2026-06-04,27,"5.9.2"
"C40890",2026-03-28,2026-04-24,28,"5.9.2"
"C40893",2026-03-30,2026-04-14,16,"5.9.2"
"C40896",2026-01-28,2026-05-05,98,"5.9.2"
"C40899",2026-01-28,2026-05-05,98,"5.9.2"
"C40902",2026-03-28,2026-04-14,18,"5.9.2"
"C40905",2026-03-05,2026-04-17,44,"5.9.2"
"C40908",2026-03-30,2026-04-12,14,"5.9.2"
"C40911",2025-02-03,2026-04-27,449,"5.9.2"
"C40920",2026-03-29,2026-09-30,186,"5.9.2"
"C40923",2026-03-29,2026-04-21,24,"5.9.2"
"C40926",2026-03-24,2026-05-15,53,"5.9.2"
"C40929",2026-04-01,2026-04-17,17,"5.9.2"
"C40932",2026-04-01,2026-04-13,13,"5.9.2"
"C40935",2026-03-28,2026-05-03,37,"5.9.2"
"C40944",2026-03-21,2026-05-22,63,"5.9.2"
"C40947",2025-03-04,2026-05-17,440,"5.9.2"
"C40950",2026-02-01,2026-05-16,105,"5.9.2"
"C40953",2025-08-04,2026-06-26,327,"5.9.2"
"C40956",2026-04-04,2026-04-18,15,"5.9.2"
"C40959",2026-03-05,2026-04-10,37,"5.9.2"
"C40983",2025-04-18,2026-04-21,369,"5.9.2"
"C40986",2026-03-25,2026-04-08,15,"5.9.2"
"C40989",2026-03-30,2026-04-23,25,"5.9.2"
"C40992",2026-03-17,2026-04-25,40,"5.9.2"
"C40998",2025-10-12,2026-04-13,184,"5.9.2"
"C41004",2026-03-05,2026-04-28,55,"5.9.2"
"C41007",2026-04-02,2026-04-21,20,"5.9.2"
"C41010",2026-04-04,2026-07-24,112,"5.9.2"
"C41013",2026-03-28,2026-04-06,10,"5.9.2"
"C41025",2023-04-28,2026-04-26,1095,"5.9.2"
"C41028",2024-04-05,2026-05-14,770,"5.9.2"
"C41031",2025-11-04,2026-04-22,170,"5.9.2"
"C41034",2026-04-04,2026-05-27,54,"5.9.2"
"C41040",2026-03-22,2026-04-07,17,"5.9.2"
"C41043",2024-03-21,2026-04-13,754,"5.9.2"
"C41046",2026-04-05,2026-09-30,179,"5.9.2"
"C41049",2026-04-05,2026-06-24,81,"5.9.2"
"C41052",2026-04-04,2026-04-20,17,"5.9.2"
"C41052",2026-06-29,2026-09-30,94,"5.9.2"
"C41055",2026-03-30,2026-04-22,24,"5.9.2"
"C41058",2023-10-01,2026-09-30,1096,"5.9.2"
"C41061",2026-04-05,2026-04-30,26,"5.9.2"
"C41064",2026-06-07,2026-07-03,27,"5.9.2"
"C41067",2026-04-06,2026-05-01,26,"5.9.2"
"C41070",2026-07-18,2026-09-30,75,"5.9.2"
"C41073",2025-05-31,2026-09-30,488,"5.9.2"
"C41079",2025-04-04,2026-09-30,545,"5.9.2"
"C41082",2026-05-16,2026-06-08,24,"5.9.2"
"C41085",2026-04-06,2026-05-13,38,"5.9.2"
"C41088",2026-04-06,2026-04-19,14,"5.9.2"
"C41091",2025-12-10,2026-04-22,134,"5.9.2"
"C41094",2025-12-25,2026-04-08,105,"5.9.2"
"C41097",2026-04-05,2026-05-05,31,"5.9.2"
"C41097",2026-05-27,2026-05-30,4,"5.9.2"
"C41100",2026-02-05,2026-06-05,121,"5.9.2"
"C41103",2026-04-08,2026-07-03,87,"5.9.2"
"C41106",2026-02-03,2026-06-06,124,"5.9.2"
"C41109",2026-04-08,2026-06-23,77,"5.9.2"
"C41112",2023-05-03,2026-05-01,1095,"5.9.2"
"C41115",2026-04-07,2026-05-03,27,"5.9.2"
"C41118",2026-04-07,2026-05-05,29,"5.9.2"
"C41121",2026-04-10,2026-04-29,20,"5.9.2"
"C41124",2026-03-14,2026-04-18,36,"5.9.2"
"C41127",2026-03-22,2026-06-04,75,"5.9.2"
"C41130",2026-04-11,2026-07-31,112,"5.9.2"
"C41133",2026-04-04,2026-05-17,44,"5.9.2"
"C41136",2026-04-04,2026-05-17,44,"5.9.2"
"C41139",2026-03-12,2026-07-03,114,"5.9.2"
"C41142",2026-04-09,2026-05-22,44,"5.9.2"
"C41145",2026-04-10,2026-05-08,29,"5.9.2"
"C41148",2026-04-05,2026-04-24,20,"5.9.2"
"C41151",2026-04-10,2026-05-02,23,"5.9.2"
"C41157",2026-03-05,2026-05-20,77,"5.9.2"
"C41160",2026-03-31,2026-04-11,12,"5.9.2"
"C41163",2026-04-11,2026-04-25,15,"5.9.2"
"C41166",2026-04-12,2026-06-11,61,"5.9.2"
"C41169",2026-07-19,2026-07-31,13,"5.9.2"
"C41178",2026-04-11,2026-05-23,43,"5.9.2"
"C41181",2026-04-10,2026-04-29,20,"5.9.2"
"C41184",2026-01-17,2026-05-25,129,"5.9.2"
"C41187",2026-03-26,2026-07-22,119,"5.9.2"
"C41190",2026-04-12,2026-05-09,28,"5.9.2"
"C41193",2026-03-05,2026-09-30,210,"5.9.2"
"C41196",2025-07-05,2026-09-30,453,"5.9.2"
"C41199",2026-04-12,2026-05-12,31,"5.9.2"
"C41205",2024-04-05,2026-09-30,909,"5.9.2"
"C41208",2026-04-14,2026-05-28,45,"5.9.2"
"C41211",2026-04-14,2026-05-28,45,"5.9.2"
"C41220",2023-05-15,2026-05-13,1095,"5.9.2"
"C41226",2026-04-07,2026-04-22,16,"5.9.2"
"C41229",2026-04-05,2026-04-30,26,"5.9.2"
"C41232",2026-04-21,2026-07-09,80,"5.9.2"
"C41232",2026-07-19,2026-08-03,16,"5.9.2"
"C41235",2026-03-14,2026-05-09,57,"5.9.2"
"C41238",2026-03-31,2026-04-29,30,"5.9.2"
"C41244",2026-03-23,2026-05-02,41,"5.9.2"
"C41256",2026-04-03,2026-04-29,27,"5.9.2"
"C41265",2023-10-01,2026-09-30,1096,"5.9.2"
"C41274",2026-01-01,2026-07-29,210,"5.9.2"
"C41277",2026-01-01,2026-07-29,210,"5.9.2"
"C41283",2026-03-09,2026-05-18,71,"5.9.2"
"C41286",2026-04-10,2026-09-30,174,"5.9.2"
"C41289",2025-12-03,2026-05-24,173,"5.9.2"
"C41292",2026-03-13,2026-04-28,47,"5.9.2"
"C41295",2026-03-13,2026-07-09,119,"5.9.2"
"C41298",2026-02-18,2026-09-30,225,"5.9.2"
"C41301",2026-04-18,2026-06-11,55,"5.9.2"
"C41316",2026-04-17,2026-06-10,55,"5.9.2"
"C41328",2026-04-14,2026-04-29,16,"5.9.2"
"C41334",2026-04-19,2026-05-05,17,"5.9.2"
"C41337",2026-04-05,2026-05-30,56,"5.9.2"
"C41340",2026-04-10,2026-06-28,80,"5.9.2"
"C41352",2026-04-16,2026-04-29,14,"5.9.2"
"C41355",2026-04-19,2026-07-29,102,"5.9.2"
"C41373",2026-04-15,2026-05-09,25,"5.9.2"
"C41376",2026-04-12,2026-05-28,47,"5.9.2"
"C41379",2026-04-05,2026-04-24,20,"5.9.2"
"C41382",2023-04-28,2026-04-26,1095,"5.9.2"
"C41388",2026-04-18,2026-06-08,52,"5.9.2"
"C41391",2025-04-04,2026-04-18,380,"5.9.2"
"C41394",2026-04-20,2026-05-06,17,"5.9.2"
"C41397",2026-04-15,2026-05-14,30,"5.9.2"
"C41415",2026-03-20,2026-05-08,50,"5.9.2"
"C41418",2026-03-05,2026-05-28,85,"5.9.2"
"C41424",2026-04-10,2026-06-17,69,"5.9.2"
"C41430",2026-04-20,2026-05-07,18,"5.9.2"
"C41430",2026-05-23,2026-06-16,25,"5.9.2"
"C41433",2026-04-18,2026-04-30,13,"5.9.2"
"C41436",2026-01-03,2026-05-15,133,"5.9.2"
"C41436",2026-05-24,2026-06-07,15,"5.9.2"
"C41445",2026-04-10,2026-05-03,24,"5.9.2"
"C41448",2026-02-02,2026-09-30,241,"5.9.2"
"C41457",2026-04-03,2026-05-10,38,"5.9.2"
"C41460",2026-04-20,2026-05-05,16,"5.9.2"
"C41463",2026-04-21,2026-06-01,42,"5.9.2"
"C41466",2026-01-03,2026-06-04,153,"5.9.2"
"C41469",2026-04-07,2026-06-12,67,"5.9.2"
"C41472",2026-04-07,2026-06-12,67,"5.9.2"
"C41484",2026-04-24,2026-05-23,30,"5.9.2"
"C41487",2026-04-21,2026-06-24,65,"5.9.2"
"C41490",2026-07-24,2026-09-30,69,"5.9.2"
"C41493",2026-04-22,2026-05-12,21,"5.9.2"
"C41496",2024-04-05,2026-05-28,784,"5.9.2"
"C41499",2026-03-05,2026-05-24,81,"5.9.2"
"C41505",2026-06-09,2026-08-04,57,"5.9.2"
"C41508",2026-04-23,2026-09-30,161,"5.9.2"
"C41511",2026-04-07,2026-09-30,177,"5.9.2"
"C41514",2026-04-24,2026-05-06,13,"5.9.2"
"C41517",2026-04-24,2026-09-30,160,"5.9.2"
"C41535",2026-06-02,2026-07-15,44,"5.9.2"
"C41541",2026-04-23,2026-05-27,35,"5.9.2"
"C41544",2025-05-04,2026-06-25,418,"5.9.2"
"C41550",2026-04-25,2026-07-31,98,"5.9.2"
"C41553",2026-05-17,2026-07-18,63,"5.9.2"
"C41556",2026-05-17,2026-07-18,63,"5.9.2"
"C41565",2026-04-21,2026-06-30,71,"5.9.2"
"C41568",2025-03-24,2026-09-30,556,"5.9.2"
"C41574",2026-03-29,2026-06-09,73,"5.9.2"
"C41583",2026-04-17,2026-05-20,34,"5.9.2"
"C41586",2026-04-13,2026-04-25,13,"5.9.2"
"C41589",2026-04-06,2026-04-21,16,"5.9.2"
"C41592",2026-04-05,2026-04-17,13,"5.9.2"
"C41595",2026-04-26,2026-06-01,37,"5.9.2"
"C41598",2026-03-04,2026-06-29,118,"5.9.2"
"C41601",2026-04-26,2026-09-30,158,"5.9.2"
"C41604",2026-06-08,2026-06-28,21,"5.9.2"
"C41607",2026-05-15,2026-06-05,22,"5.9.2"
"C41610",2026-04-25,2026-05-30,36,"5.9.2"
"C41613",2026-04-25,2026-05-13,19,"5.9.2"
"C41616",2026-04-11,2026-05-12,32,"5.9.2"
"C41628",2026-03-26,2026-06-10,77,"5.9.2"
"C41631",2026-03-26,2026-06-10,77,"5.9.2"
"C41637",2026-04-05,2026-06-21,78,"5.9.2"
"C41640",2026-03-19,2026-06-27,101,"5.9.2"
"C41646",2026-04-14,2026-09-30,170,"5.9.2"
"C41649",2026-04-26,2026-06-02,38,"5.9.2"
"C41652",2026-04-26,2026-05-13,18,"5.9.2"
"C41655",2026-05-03,2026-06-02,31,"5.9.2"
"C41670",2026-04-27,2026-07-25,90,"5.9.2"
"C41673",2026-04-25,2026-05-10,16,"5.9.2"
"C41676",2026-04-26,2026-05-15,20,"5.9.2"
"C41688",2024-12-04,2026-06-12,556,"5.9.2"
"C41691",2026-03-05,2026-05-16,73,"5.9.2"
"C41694",2026-04-13,2026-06-10,59,"5.9.2"
"C41697",2026-04-21,2026-05-16,26,"5.9.2"
"C41703",2026-04-17,2026-06-02,47,"5.9.2"
"C41706",2026-04-17,2026-05-19,33,"5.9.2"
"C41709",2026-02-20,2026-05-21,91,"5.9.2"
"C41709",2026-06-08,2026-06-30,23,"5.9.2"
"C41712",2026-04-17,2026-05-11,25,"5.9.2"
"C41715",2026-04-24,2026-05-09,16,"5.9.2"
"C41718",2026-04-28,2026-07-07,71,"5.9.2"
"C41721",2026-05-01,2026-06-10,41,"5.9.2"
"C41727",2025-12-05,2026-05-04,151,"5.9.2"
"C41730",2026-04-28,2026-06-10,44,"5.9.2"
"C41733",2026-04-29,2026-06-15,48,"5.9.2"
"C41736",2025-07-05,2026-06-04,335,"5.9.2"
"C41739",2026-03-01,2026-09-30,214,"5.9.2"
"C41751",2026-05-02,2026-05-22,21,"5.9.2"
"C41754",2025-11-04,2026-05-20,198,"5.9.2"
"C41757",2026-05-21,2026-06-09,20,"5.9.2"
"C41760",2025-10-18,2026-06-04,230,"5.9.2"
"C41763",2023-10-01,2026-07-17,1021,"5.9.2"
"C41766",2025-10-16,2026-07-09,267,"5.9.2"
"C41769",2026-05-21,2026-09-30,133,"5.9.2"
"C41772",2023-10-01,2026-05-04,947,"5.9.2"
"C41775",2026-05-03,2026-05-28,26,"5.9.2"
"C41778",2026-05-21,2026-06-14,25,"5.9.2"
"C41781",2026-04-23,2026-07-11,80,"5.9.2"
"C41793",2026-05-02,2026-06-22,52,"5.9.2"
"C41796",2026-05-02,2026-06-10,40,"5.9.2"
"C41799",2026-05-02,2026-06-02,32,"5.9.2"
"C41802",2026-05-02,2026-05-18,17,"5.9.2"
"C41805",2026-01-17,2026-05-07,111,"5.9.2"
"C41808",2026-04-26,2026-09-30,158,"5.9.2"
"C41826",2026-05-02,2026-05-20,19,"5.9.2"
"C41829",2023-10-01,2026-06-08,982,"5.9.2"
"C41832",2023-05-13,2026-05-11,1095,"5.9.2"
"C41835",2026-05-04,2026-08-04,93,"5.9.2"
"C41838",2026-05-06,2026-08-04,91,"5.9.2"
"C41841",2023-11-04,2026-05-23,932,"5.9.2"
"C41841",2026-06-01,2026-06-01,1,"5.9.2"
"C41844",2026-05-08,2026-06-11,35,"5.9.2"
"C41847",2026-02-17,2026-09-30,226,"5.9.2"
"C41850",2026-05-07,2026-09-30,147,"5.9.2"
"C41853",2026-05-05,2026-06-02,29,"5.9.2"
"C41856",2026-05-07,2026-05-23,17,"5.9.2"
"C41859",2025-12-05,2026-06-01,179,"5.9.2"
"C41862",2026-04-06,2026-05-20,45,"5.9.2"
"C41868",2026-02-03,2026-05-22,109,"5.9.2"
"C41871",2026-02-03,2026-05-22,109,"5.9.2"
"C41886",2025-11-04,2026-09-30,331,"5.9.2"
"C41889",2026-05-11,2026-09-30,143,"5.9.2"
"C41892",2026-04-03,2026-07-10,99,"5.9.2"
"C41898",2026-05-09,2026-05-21,13,"5.9.2"
"C41910",2026-04-19,2026-06-15,58,"5.9.2"
"C41913",2026-04-19,2026-06-15,58,"5.9.2"
"C41916",2026-04-16,2026-05-29,44,"5.9.2"
"C41922",2026-03-31,2026-06-04,66,"5.9.2"
"C41925",2026-05-08,2026-05-26,19,"5.9.2"
"C41928",2026-04-25,2026-09-30,159,"5.9.2"
"C41931",2026-05-11,2026-05-26,16,"5.9.2"
"C41940",2026-05-05,2026-06-05,32,"5.9.2"
"C41946",2026-05-05,2026-09-30,149,"5.9.2"
"C41949",2025-12-14,2026-05-23,161,"5.9.2"
"C41952",2026-05-01,2026-06-05,36,"5.9.2"
"C41955",2026-05-11,2026-06-24,45,"5.9.2"
"C41958",2026-04-29,2026-09-30,155,"5.9.2"
"C41961",2026-05-11,2026-06-24,45,"5.9.2"
"C41976",2026-04-10,2026-06-10,62,"5.9.2"
"C41979",2025-11-10,2026-06-13,216,"5.9.2"
"C41982",2026-05-11,2026-09-30,143,"5.9.2"
"C41985",2026-05-09,2026-06-30,53,"5.9.2"
"C41988",2026-05-09,2026-06-30,53,"5.9.2"
"C41991",2026-04-28,2026-05-11,14,"5.9.2"
"C41994",2026-04-28,2026-05-11,14,"5.9.2"
"C42021",2025-08-19,2026-05-17,272,"5.9.2"
"C42024",2026-05-10,2026-06-20,42,"5.9.2"
"C42027",2026-05-09,2026-05-27,19,"5.9.2"
"C42030",2026-04-03,2026-09-30,181,"5.9.2"
"C42039",2026-05-11,2026-06-19,40,"5.9.2"
"C42042",2026-05-12,2026-07-01,51,"5.9.2"
"C42048",2026-04-22,2026-09-30,162,"5.9.2"
"C42054",2026-04-29,2026-05-19,21,"5.9.2"
"C42057",2026-05-12,2026-06-05,25,"5.9.2"
"C42060",2026-03-05,2026-09-30,210,"5.9.2"
"C42063",2026-05-12,2026-06-09,29,"5.9.2"
"C42066",2025-10-04,2026-06-06,246,"5.9.2"
"C42072",2023-05-25,2026-05-23,1095,"5.9.2"
"C42075",2026-05-01,2026-06-12,43,"5.9.2"
"C42090",2026-05-15,2026-06-06,23,"5.9.2"
"C42093",2026-05-15,2026-06-06,23,"5.9.2"
"C42096",2025-11-04,2026-06-01,210,"5.9.2"
"C42105",2026-05-04,2026-07-29,87,"5.9.2"
"C42108",2026-05-15,2026-07-04,51,"5.9.2"
"C42111",2026-03-19,2026-07-05,109,"5.9.2"
"C42114",2026-03-30,2026-09-30,185,"5.9.2"
"C42117",2026-03-30,2026-09-30,185,"5.9.2"
"C42120",2026-05-14,2026-07-28,76,"5.9.2"
"C42123",2026-05-09,2026-05-18,10,"5.9.2"
"C42126",2026-06-15,2026-07-02,18,"5.9.2"
"C42138",2024-11-23,2026-07-05,590,"5.9.2"
"C42141",2024-11-23,2026-07-05,590,"5.9.2"
"C42144",2026-05-16,2026-07-01,47,"5.9.2"
"C42147",2026-05-12,2026-06-19,39,"5.9.2"
"C42150",2026-05-13,2026-07-08,57,"5.9.2"
"C42156",2026-05-19,2026-09-30,135,"5.9.2"
"C42159",2026-05-09,2026-05-30,22,"5.9.2"
"C42162",2026-04-12,2026-05-04,23,"5.9.2"
"C42165",2026-01-17,2026-04-28,102,"5.9.2"
"C42168",2026-04-08,2026-04-26,19,"5.9.2"
"C42171",2025-11-04,2026-09-30,331,"5.9.2"
"C42174",2026-04-09,2026-06-11,64,"5.9.2"
"C42177",2026-03-28,2026-09-30,187,"5.9.2"
"C42180",2026-05-12,2026-05-26,15,"5.9.2"
"C42183",2026-05-22,2026-06-26,36,"5.9.2"
"C42186",2025-11-04,2026-06-04,213,"5.9.2"
"C42189",2026-05-21,2026-06-09,20,"5.9.2"
"C42192",2026-05-05,2026-06-26,53,"5.9.2"
"C42195",2026-04-24,2026-05-15,22,"5.9.2"
"C42201",2024-02-12,2026-06-01,841,"5.9.2"
"C42204",2026-04-16,2026-09-30,168,"5.9.2"
"C42207",2026-05-19,2026-06-02,15,"5.9.2"
"C42210",2026-05-22,2026-06-13,23,"5.9.2"
"C42216",2026-05-03,2026-06-12,41,"5.9.2"
"C42225",2026-05-19,2026-06-18,31,"5.9.2"
"C42228",2025-05-25,2026-06-18,390,"5.9.2"
"C42237",2026-05-22,2026-07-02,42,"5.9.2"
"C42240",2026-05-22,2026-06-24,34,"5.9.2"
"C42243",2026-05-23,2026-06-10,19,"5.9.2"
"C42252",2026-05-10,2026-06-30,52,"5.9.2"
"C42255",2026-05-22,2026-07-11,51,"5.9.2"
"C42258",2026-03-09,2026-06-11,95,"5.9.2"
"C42261",2026-03-09,2026-06-11,95,"5.9.2"
"C42267",2026-03-31,2026-07-12,104,"5.9.2"
"C42270",2026-05-24,2026-06-15,23,"5.9.2"
"C42273",2026-01-03,2026-06-05,154,"5.9.2"
"C42276",2026-05-19,2026-06-04,17,"5.9.2"
"C42279",2026-05-23,2026-06-04,13,"5.9.2"
"C42282",2026-05-24,2026-06-26,34,"5.9.2"
"C42288",2026-05-25,2026-09-30,129,"5.9.2"
"C42291",2025-08-04,2026-07-03,334,"5.9.2"
"C42294",2026-04-03,2026-06-19,78,"5.9.2"
"C42306",2026-04-30,2026-06-12,44,"5.9.2"
"C42318",2025-05-24,2026-07-24,427,"5.9.2"
"C42321",2025-05-04,2026-09-30,515,"5.9.2"
"C42324",2026-05-10,2026-06-24,46,"5.9.2"
"C42330",2026-05-23,2026-07-04,43,"5.9.2"
"C42336",2026-05-29,2026-06-13,16,"5.9.2"
"C42339",2026-05-26,2026-09-30,128,"5.9.2"
"C42345",2026-05-27,2026-06-20,25,"5.9.2"
"C42348",2026-04-21,2026-06-26,67,"5.9.2"
"C42363",2026-05-24,2026-09-30,130,"5.9.2"
"C42366",2026-05-29,2026-06-11,14,"5.9.2"
"C42369",2026-04-05,2026-09-30,179,"5.9.2"
"C42372",2026-05-31,2026-07-23,54,"5.9.2"
"C42375",2026-05-26,2026-07-14,50,"5.9.2"
"C42378",2026-05-10,2026-06-15,37,"5.9.2"
"C42381",2026-05-05,2026-07-10,67,"5.9.2"
"C42384",2026-05-27,2026-06-19,24,"5.9.2"
"C42387",2026-05-26,2026-06-12,18,"5.9.2"
"C42393",2026-05-30,2026-06-23,25,"5.9.2"
"C42396",2026-05-22,2026-09-30,132,"5.9.2"
"C42402",2026-05-29,2026-06-10,13,"5.9.2"
"C42405",2026-05-30,2026-07-09,41,"5.9.2"
"C42408",2026-05-04,2026-07-31,89,"5.9.2"
"C42411",2026-05-30,2026-07-15,47,"5.9.2"
"C42414",2026-05-28,2026-07-10,44,"5.9.2"
"C42417",2026-05-23,2026-06-05,14,"5.9.2"
"C42420",2026-05-15,2026-09-30,139,"5.9.2"
"C42423",2026-01-07,2026-09-30,267,"5.9.2"
"C42426",2026-05-29,2026-06-10,13,"5.9.2"
"C42429",2026-05-20,2026-06-09,21,"5.9.2"
"C42429",2026-06-19,2026-06-23,5,"5.9.2"
"C42432",2026-05-30,2026-07-01,33,"5.9.2"
"C42435",2026-05-30,2026-06-13,15,"5.9.2"
"C42441",2026-05-30,2026-06-07,9,"5.9.2"
"C42444",2026-01-06,2026-08-04,211,"5.9.2"
"C42447",2026-06-27,2026-06-27,1,"5.9.2"
"C42450",2026-06-03,2026-09-30,120,"5.9.2"
"C42453",2026-05-19,2026-09-30,135,"5.9.2"
"C42456",2026-05-19,2026-09-30,135,"5.9.2"
"C42459",2026-05-16,2026-05-31,16,"5.9.2"
"C42468",2026-05-31,2026-09-30,123,"5.9.2"
"C42477",2026-05-31,2026-06-27,28,"5.9.2"
"C42480",2026-05-31,2026-06-27,28,"5.9.2"
"C42489",2026-03-08,2026-07-18,133,"5.9.2"
"C42495",2026-06-01,2026-09-30,122,"5.9.2"
"C42498",2026-05-23,2026-09-30,131,"5.9.2"
"C42501",2023-10-01,2026-09-30,1096,"5.9.2"
"C42504",2026-05-29,2026-07-16,49,"5.9.2"
"C42525",2026-01-09,2026-06-19,162,"5.9.2"
"C42531",2026-05-26,2026-07-14,50,"5.9.2"
"C42534",2025-11-20,2026-09-30,315,"5.9.2"
"C42537",2026-06-01,2026-06-25,25,"5.9.2"
"C42540",2026-06-01,2026-06-18,18,"5.9.2"
"C42543",2026-05-30,2026-07-09,41,"5.9.2"
"C42546",2026-05-21,2026-06-16,27,"5.9.2"
"C42549",2026-05-31,2026-06-12,13,"5.9.2"
"C42558",2026-05-05,2026-07-13,70,"5.9.2"
"C42561",2026-05-31,2026-06-30,31,"5.9.2"
"C42564",2026-05-31,2026-06-30,31,"5.9.2"
"C42576",2026-06-05,2026-07-04,30,"5.9.2"
"C42579",2026-06-02,2026-06-20,19,"5.9.2"
"C42582",2026-06-05,2026-07-24,50,"5.9.2"
"C42585",2024-11-04,2026-07-05,609,"5.9.2"
"C42597",2026-05-24,2026-06-23,31,"5.9.2"
"C42600",2026-06-01,2026-07-14,44,"5.9.2"
"C42603",2026-06-01,2026-06-12,12,"5.9.2"
"C42606",2026-01-03,2026-07-23,202,"5.9.2"
"C42609",2026-06-06,2026-06-20,15,"5.9.2"
"C42612",2026-05-22,2026-06-17,27,"5.9.2"
"C42615",2026-06-05,2026-07-29,55,"5.9.2"
"C42618",2026-05-11,2026-06-24,45,"5.9.2"
"C42621",2026-05-11,2026-06-24,45,"5.9.2"
"C42624",2026-05-31,2026-07-09,40,"5.9.2"
"C42627",2026-05-05,2026-06-25,52,"5.9.2"
"C42630",2026-05-13,2026-07-11,60,"5.9.2"
"C42633",2026-06-08,2026-07-04,27,"5.9.2"
"C42645",2026-04-05,2026-09-30,179,"5.9.2"
"C42648",2025-08-04,2026-09-30,423,"5.9.2"
"C42651",2026-06-07,2026-07-23,47,"5.9.2"
"C42657",2026-06-08,2026-07-23,46,"5.9.2"
"C42660",2026-06-08,2026-06-28,21,"5.9.2"
"C42663",2026-06-05,2026-06-20,16,"5.9.2"
"C42669",2026-06-09,2026-07-15,37,"5.9.2"
"C42672",2026-06-10,2026-06-12,3,"5.9.2"
"C42678",2026-06-09,2026-09-30,114,"5.9.2"
"C42681",2026-06-09,2026-09-30,114,"5.9.2"
"C42684",2025-12-06,2026-07-06,213,"5.9.2"
"C42687",2026-05-25,2026-07-17,54,"5.9.2"
"C42699",2025-08-19,2026-09-30,408,"5.9.2"
"C42702",2026-06-12,2026-07-17,36,"5.9.2"
"C42705",2026-06-18,2026-06-30,13,"5.9.2"
"C42705",2026-07-20,2026-07-20,1,"5.9.2"
"C42705",2026-07-29,2026-07-29,1,"5.9.2"
"C42711",2026-06-07,2026-09-30,116,"5.9.2"
"C42714",2026-06-14,2026-09-30,109,"5.9.2"
"C42726",2026-06-12,2026-07-12,31,"5.9.2"
"C42729",2025-06-04,2026-07-02,394,"5.9.2"
"C42732",2025-06-04,2026-07-02,394,"5.9.2"
"C42744",2026-06-11,2026-06-22,12,"5.9.2"
"C42753",2026-05-09,2026-06-30,53,"5.9.2"
"C42762",2026-06-14,2026-09-30,109,"5.9.2"
"C42774",2023-06-27,2026-06-25,1095,"5.9.2"
"C42777",2026-06-05,2026-06-20,16,"5.9.2"
"C42780",2026-06-09,2026-09-30,114,"5.9.2"
"C42783",2026-06-06,2026-06-20,15,"5.9.2"
"C42786",2023-10-01,2026-09-30,1096,"5.9.2"
"C42789",2026-06-12,2026-09-30,111,"5.9.2"
"C42792",2026-06-15,2026-09-30,108,"5.9.2"
"C42795",2026-06-13,2026-07-02,20,"5.9.2"
"C42798",2026-06-13,2026-07-02,20,"5.9.2"
"C42801",2026-06-13,2026-07-02,20,"5.9.2"
"C42819",2026-06-14,2026-08-01,49,"5.9.2"
"C42825",2026-06-13,2026-07-16,34,"5.9.2"
"C42834",2025-06-15,2026-07-23,404,"5.9.2"
"C42837",2026-06-16,2026-06-30,15,"5.9.2"
"C42840",2026-05-18,2026-06-26,40,"5.9.2"
"C42846",2026-05-17,2026-07-13,58,"5.9.2"
"C42846",2026-07-23,2026-07-24,2,"5.9.2"
"C42849",2026-06-10,2026-07-10,31,"5.9.2"
"C42852",2026-06-15,2026-07-08,24,"5.9.2"
"C42855",2026-06-14,2026-08-01,49,"5.9.2"
"C42864",2026-06-19,2026-09-30,104,"5.9.2"
"C42870",2026-06-02,2026-09-30,121,"5.9.2"
"C42873",2026-06-18,2026-07-14,27,"5.9.2"
"C42876",2026-06-16,2026-07-08,23,"5.9.2"
"C42879",2026-06-20,2026-07-09,20,"5.9.2"
"C42882",2026-06-15,2026-07-14,30,"5.9.2"
"C42885",2026-06-18,2026-07-03,16,"5.9.2"
"C42888",2026-06-20,2026-07-04,15,"5.9.2"
"C42891",2026-04-05,2026-08-02,120,"5.9.2"
"C42894",2026-05-29,2026-09-30,125,"5.9.2"
"C42906",2026-06-13,2026-07-24,42,"5.9.2"
"C42912",2023-10-01,2026-06-20,994,"5.9.2"
"C42915",2026-06-23,2026-08-04,43,"5.9.2"
"C42918",2026-06-12,2026-07-25,44,"5.9.2"
"C42921",2026-05-05,2026-07-16,73,"5.9.2"
"C42924",2026-03-05,2026-07-25,143,"5.9.2"
"C42927",2026-06-18,2026-09-30,105,"5.9.2"
"C42930",2025-05-04,2026-07-08,431,"5.9.2"
"C42945",2026-06-18,2026-06-30,13,"5.9.2"
"C42951",2026-06-03,2026-07-31,59,"5.9.2"
"C42954",2026-05-05,2026-09-30,149,"5.9.2"
"C42957",2023-07-12,2026-07-10,1095,"5.9.2"
"C42963",2026-05-06,2026-07-11,67,"5.9.2"
"C42966",2026-05-27,2026-09-30,127,"5.9.2"
"C42969",2026-04-22,2026-06-25,65,"5.9.2"
"C42972",2026-06-22,2026-07-17,26,"5.9.2"
"C42975",2026-06-22,2026-07-05,14,"5.9.2"
"C42978",2026-06-26,2026-09-30,97,"5.9.2"
"C42981",2026-06-26,2026-09-30,97,"5.9.2"
"C42984",2026-06-26,2026-09-30,97,"5.9.2"
"C42996",2026-06-25,2026-09-30,98,"5.9.2"
"C43005",2026-06-09,2026-07-12,34,"5.9.2"
"C43008",2026-06-23,2026-09-30,100,"5.9.2"
"C43011",2026-06-27,2026-07-10,14,"5.9.2"
"C43014",2026-06-20,2026-09-30,103,"5.9.2"
"C43017",2026-06-26,2026-09-30,97,"5.9.2"
"C43020",2026-05-28,2026-09-30,126,"5.9.2"
"C43023",2026-06-22,2026-07-22,31,"5.9.2"
"C43026",2026-05-31,2026-08-02,64,"5.9.2"
"C43029",2026-06-19,2026-07-06,18,"5.9.2"
"C43032",2026-06-27,2026-07-17,21,"5.9.2"
"C43035",2026-06-26,2026-07-12,17,"5.9.2"
"C43038",2026-07-05,2026-07-30,26,"5.9.2"
"C43041",2026-06-23,2026-07-14,22,"5.9.2"
"C43044",2025-08-18,2026-08-03,351,"5.9.2"
"C43047",2026-06-30,2026-09-30,93,"5.9.2"
"C43050",2026-06-28,2026-09-30,95,"5.9.2"
"C43053",2026-06-22,2026-09-30,101,"5.9.2"
"C43056",2026-06-29,2026-07-24,26,"5.9.2"
"C43059",2026-06-22,2026-09-30,101,"5.9.2"
"C43062",2026-06-05,2026-09-30,118,"5.9.2"
"C43065",2025-12-20,2026-04-16,118,"5.9.2"
"C43068",2026-06-29,2026-09-30,94,"5.9.2"
"C43071",2026-07-01,2026-07-24,24,"5.9.2"
"C43074",2026-06-27,2026-07-30,34,"5.9.2"
"C43077",2026-06-05,2026-09-30,118,"5.9.2"
"C43083",2026-07-03,2026-09-30,90,"5.9.2"
"C43092",2026-07-01,2026-07-26,26,"5.9.2"
"C43095",2026-07-03,2026-09-30,90,"5.9.2"
"C43098",2026-06-27,2026-09-30,96,"5.9.2"
"C43101",2023-10-01,2026-07-05,1009,"5.9.2"
"C43104",2026-06-04,2026-09-30,119,"5.9.2"
"C43107",2026-07-03,2026-07-15,13,"5.9.2"
"C43110",2026-07-03,2026-07-15,13,"5.9.2"
"C43113",2026-07-04,2026-09-30,89,"5.9.2"
"C43116",2026-07-04,2026-07-19,16,"5.9.2"
"C43119",2026-07-04,2026-09-30,89,"5.9.2"
"C43122",2026-04-09,2026-09-30,175,"5.9.2"
"C43125",2026-07-06,2026-09-30,87,"5.9.2"
"C43131",2026-07-05,2026-09-30,88,"5.9.2"
"C43134",2026-05-15,2026-07-23,70,"5.9.2"
"C43143",2026-07-05,2026-09-30,88,"5.9.2"
"C43152",2026-06-05,2026-07-18,44,"5.9.2"
"C43161",2026-07-05,2026-07-19,15,"5.9.2"
"C43173",2023-10-01,2026-09-30,1096,"5.9.2"
"C43182",2026-07-06,2026-07-31,26,"5.9.2"
"C43185",2026-07-03,2026-08-01,30,"5.9.2"
"C43188",2026-04-05,2026-09-30,179,"5.9.2"
"C43191",2026-06-03,2026-09-30,120,"5.9.2"
"C43194",2026-06-05,2026-09-30,118,"5.9.2"
"C43197",2026-07-02,2026-07-18,17,"5.9.2"
"C43200",2026-07-02,2026-09-30,91,"5.9.2"
"C43203",2023-08-05,2026-08-03,1095,"5.9.2"
"C43206",2026-07-06,2026-07-20,15,"5.9.2"
"C43209",2026-07-06,2026-09-30,87,"5.9.2"
"C43212",2023-10-01,2026-08-04,1039,"5.9.2"
"C43215",2026-07-06,2026-09-30,87,"5.9.2"
"C43218",2026-07-07,2026-09-30,86,"5.9.2"
"C43227",2023-08-06,2026-08-04,1095,"5.9.2"
"C43233",2026-07-07,2026-07-21,15,"5.9.2"
"C43236",2026-07-09,2026-08-04,27,"5.9.2"
"C43239",2026-06-24,2026-08-04,42,"5.9.2"
"C43275",2026-06-27,2026-09-30,96,"5.9.2"
"C43278",2026-07-09,2026-07-21,13,"5.9.2"
"C43281",2026-07-03,2026-09-30,90,"5.9.2"
"C43284",2026-07-08,2026-09-30,85,"5.9.2"
"C43296",2026-07-08,2026-09-30,85,"5.9.2"
"C43299",2026-07-09,2026-07-22,14,"5.9.2"
"C43302",2023-11-04,2026-07-27,997,"5.9.2"
"C43305",2026-07-11,2026-07-24,14,"5.9.2"
"C43314",2023-10-01,2026-09-30,1096,"5.9.2"
"C43323",2026-07-12,2026-09-30,81,"5.9.2"
"C43326",2026-07-12,2026-09-30,81,"5.9.2"
"C43332",2026-07-13,2026-09-30,80,"5.9.2"
"C43335",2026-07-12,2026-09-30,81,"5.9.2"
"C43338",2026-07-12,2026-07-24,13,"5.9.2"
"C43347",2026-07-06,2026-09-30,87,"5.9.2"
"C43356",2026-07-13,2026-09-30,80,"5.9.2"
"C43365",2026-04-05,2026-08-02,120,"5.9.2"
"C43368",2025-11-04,2026-07-27,266,"5.9.2"
"C43371",2026-07-12,2026-08-01,21,"5.9.2"
"C43377",2023-07-18,2026-07-16,1095,"5.9.2"
"C43380",2024-11-24,2026-09-30,676,"5.9.2"
"C43383",2026-07-02,2026-07-31,30,"5.9.2"
"C43386",2026-07-02,2026-07-31,30,"5.9.2"
"C43407",2026-07-14,2026-08-01,19,"5.9.2"
"C43410",2023-08-06,2026-08-04,1095,"5.9.2"
"C43413",2026-06-07,2026-07-21,45,"5.9.2"
"C43416",2026-07-12,2026-09-30,81,"5.9.2"
"C43419",2026-07-08,2026-09-30,85,"5.9.2"
"C43422",2026-01-09,2026-07-31,204,"5.9.2"
"C43425",2026-07-14,2026-09-30,79,"5.9.2"
"C43431",2026-07-13,2026-09-30,80,"5.9.2"
"C43440",2026-07-15,2026-07-30,16,"5.9.2"
"C43443",2026-07-13,2026-09-30,80,"5.9.2"
"C43446",2026-07-18,2026-08-03,17,"5.9.2"
"C43452",2026-03-14,2026-07-29,138,"5.9.2"
"C43455",2026-07-11,2026-09-30,82,"5.9.2"
"C43458",2026-07-12,2026-07-25,14,"5.9.2"
"C43461",2026-07-12,2026-09-30,81,"5.9.2"
"C43464",2026-07-07,2026-09-30,86,"5.9.2"
"C43467",2026-07-13,2026-09-30,80,"5.9.2"
"C43473",2025-12-16,2026-07-31,228,"5.9.2"
"C43476",2026-07-18,2026-08-01,15,"5.9.2"
"C43479",2026-07-18,2026-08-04,18,"5.9.2"
"C43482",2026-07-16,2026-09-30,77,"5.9.2"
"C43485",2026-07-16,2026-09-30,77,"5.9.2"
"C43488",2026-07-16,2026-09-30,77,"5.9.2"
"C43494",2026-07-19,2026-07-31,13,"5.9.2"
"C43497",2026-07-18,2026-09-30,75,"5.9.2"
"C43500",2026-07-18,2026-09-30,75,"5.9.2"
"C43503",2026-07-11,2026-07-29,19,"5.9.2"
"C43506",2026-07-11,2026-09-30,82,"5.9.2"
"C43509",2026-06-05,2026-09-30,118,"5.9.2"
"C43512",2025-07-20,2026-07-31,377,"5.9.2"
"C43527",2026-05-27,2026-09-30,127,"5.9.2"
"C43530",2026-07-21,2026-09-30,72,"5.9.2"
"C43533",2026-07-21,2026-09-30,72,"5.9.2"
"C43536",2025-09-04,2026-08-04,335,"5.9.2"
"C43539",2026-07-20,2026-07-25,6,"5.9.2"
"C43548",2025-07-03,2026-09-30,455,"5.9.2"
"C43551",2026-07-19,2026-09-30,74,"5.9.2"
"C43554",2026-07-17,2026-09-30,76,"5.9.2"
"C43557",2026-07-17,2026-09-30,76,"5.9.2"
"C43563",2026-06-09,2026-09-30,114,"5.9.2"
"C43566",2026-07-22,2026-09-30,71,"5.9.2"
"C43569",2026-06-24,2026-09-30,99,"5.9.2"
"C43572",2026-02-03,2026-09-30,240,"5.9.2"
"C43575",2026-07-22,2026-09-30,71,"5.9.2"
"C43578",2026-07-21,2026-09-30,72,"5.9.2"
"C43581",2026-07-21,2026-09-30,72,"5.9.2"
"C43590",2026-07-05,2026-09-30,88,"5.9.2"
"C43593",2026-07-18,2026-09-30,75,"5.9.2"
"C43596",2026-06-16,2026-09-30,107,"5.9.2"
"C43599",2026-07-23,2026-09-30,70,"5.9.2"
"C43602",2026-07-21,2026-09-30,72,"5.9.2"
"C43605",2026-06-07,2026-09-30,116,"5.9.2"
"C43608",2026-07-25,2026-09-30,68,"5.9.2"
"C43614",2026-04-25,2026-09-30,159,"5.9.2"
"C43617",2023-10-01,2026-09-30,1096,"5.9.2"
"C43620",2026-07-21,2026-09-30,72,"5.9.2"
"C43623",2026-07-26,2026-09-30,67,"5.9.2"
"C43626",2026-07-25,2026-09-30,68,"5.9.2"
"C43629",2026-07-21,2026-09-30,72,"5.9.2"
"C43632",2026-07-25,2026-09-30,68,"5.9.2"
"C43638",2026-07-25,2026-09-30,68,"5.9.2"
"C43641",2026-07-24,2026-09-30,69,"5.9.2"
"C43644",2026-07-19,2026-07-31,13,"5.9.2"
"C43647",2026-07-22,2026-09-30,71,"5.9.2"
"C43650",2026-07-13,2026-09-30,80,"5.9.2"
"C43653",2026-07-25,2026-09-30,68,"5.9.2"
"C43662",2022-11-30,2023-02-23,86,"5.9.2"
"C43667",2023-01-31,2023-05-06,96,"5.9.2"
"C43669",2023-03-10,2023-06-12,95,"5.9.2"
"C43676",2023-07-16,2023-10-19,96,"5.9.2"
"C43677",2023-10-01,2023-11-07,38,"5.9.2"
"C43678",2023-10-01,2023-12-13,74,"5.9.2"
"C43679",2023-05-28,2023-12-20,207,"5.9.2"
"C43680",2023-10-01,2024-01-16,108,"5.9.2"
"C43681",2023-03-15,2024-01-26,318,"5.9.2"
"C43682",2023-10-01,2024-03-02,154,"5.9.2"
"C43683",2023-10-01,2024-03-18,170,"5.9.2"
"C43684",2023-10-01,2024-02-29,152,"5.9.2"
"C43685",2023-10-01,2024-04-19,202,"5.9.2"
"C43686",2023-10-01,2024-04-25,208,"5.9.2"
"C43687",2023-10-01,2024-04-27,210,"5.9.2"
"C43688",2023-10-01,2024-05-16,229,"5.9.2"
"C43689",2023-10-01,2024-06-07,251,"5.9.2"
"C43690",2023-10-01,2024-07-05,279,"5.9.2"
"C43691",2023-10-01,2024-07-30,304,"5.9.2"
"C43692",2023-10-01,2024-08-31,336,"5.9.2"
"C43693",2023-10-01,2024-08-30,335,"5.9.2"
"C43694",2023-10-01,2024-10-07,373,"5.9.2"
"C43695",2023-10-31,2024-11-14,381,"5.9.2"
"C43696",2023-10-01,2024-12-05,432,"5.9.2"
"C43697",2024-01-16,2024-12-15,335,"5.9.2"
"C43698",2023-10-01,2024-12-26,453,"5.9.2"
"C43699",2023-10-01,2025-01-28,486,"5.9.2"
"C43700",2024-03-25,2025-01-31,313,"5.9.2"
"C43701",2023-10-01,2025-01-17,475,"5.9.2"
"C43702",2024-04-29,2025-03-27,333,"5.9.2"
"C43703",2024-12-14,2025-03-21,98,"5.9.2"
"C43704",2023-10-26,2025-04-08,531,"5.9.2"
"C43705",2023-10-01,2025-04-04,552,"5.9.2"
"C43706",2024-02-24,2025-06-10,473,"5.9.2"
"C43707",2023-11-01,2025-07-02,610,"5.9.2"
"C43708",2024-02-03,2025-07-11,525,"5.9.2"
"C43709",2023-10-21,2025-07-01,620,"5.9.2"
"C43710",2024-02-28,2025-08-14,534,"5.9.2"
"C43711",2025-06-03,2025-09-14,104,"5.9.2"
"C43712",2024-04-03,2025-08-17,502,"5.9.2"
"C43713",2024-08-22,2025-09-23,398,"5.9.2"
"C43714",2023-10-27,2025-10-14,719,"5.9.2"
"C43715",2024-11-25,2025-10-30,340,"5.9.2"
"C43716",2024-08-22,2025-10-29,434,"5.9.2"
"C43717",2024-08-02,2025-12-27,513,"5.9.2"
"C43718",2024-03-14,2026-01-20,678,"5.9.2"
"C43719",2025-11-30,2025-12-28,29,"5.9.2"
"C43720",2024-08-09,2026-02-17,558,"5.9.2"
"C43721",2025-02-12,2026-03-01,383,"5.9.2"
"C43722",2024-08-15,2026-04-05,599,"5.9.2"
"C43723",2024-09-08,2026-04-22,592,"5.9.2"
"C43724",2025-06-18,2026-04-30,317,"5.9.2"
"C43725",2025-04-06,2026-05-13,403,"5.9.2"
"C43726",2026-02-03,2026-06-18,136,"5.9.2"
"C43727",2024-07-29,2026-06-25,697,"5.9.2"
"C43728",2025-04-24,2026-08-02,466,"5.9.2"
