HoHID,HHType,Cohort,StartDate,EndDate,Step
"C10980",1,0,2025-08-07,2025-11-07,"7.11.2.a"
"C11013",1,-2,2023-10-29,2023-12-11,"7.11.2.a"
"C11013",1,-2,2023-12-08,2023-12-19,"7.11.2.a"
"C11013",1,-2,2023-12-17,2023-12-29,"7.11.2.a"
"C11013",1,-2,2023-12-26,2024-01-05,"7.11.2.a"
"C11013",1,-2,2024-01-03,2024-01-22,"7.11.2.a"
"C11013",1,0,2023-10-29,2023-12-11,"7.11.2.a"
"C11013",1,0,2023-12-08,2023-12-19,"7.11.2.a"
"C11013",1,0,2023-12-17,2023-12-29,"7.11.2.a"
"C11013",1,0,2023-12-26,2024-01-05,"7.11.2.a"
"C11013",1,0,2024-01-03,2024-01-22,"7.11.2.a"
"C11013",1,0,2024-05-07,2025-09-24,"7.11.2.a"
"C11013",1,0,2024-10-12,2025-02-18,"7.11.2.a"
"C11013",1,0,2025-09-04,2026-03-25,"7.11.2.a"
"C11031",1,-1,2024-06-09,2024-10-26,"7.11.2.a"
"C11031",1,-1,2024-09-02,2025-01-21,"7.11.2.a"
"C11043",1,-2,2023-08-17,2023-08-23,"7.11.2.b"
"C11043",1,-2,2023-09-03,2023-09-09,"7.11.2.b"
"C11043",1,-2,2023-10-01,2023-10-07,"7.11.2.b"
"C11043",1,-2,2023-10-05,2023-11-11,"7.11.2.a"
"C11043",1,-2,2023-11-06,2023-12-13,"7.11.2.a"
"C11043",1,-2,2023-12-09,2024-01-03,"7.11.2.a"
"C11172",1,-2,2023-11-29,2023-12-11,"7.11.2.a"
"C11172",1,-2,2023-12-08,2023-12-18,"7.11.2.a"
"C11172",1,-2,2023-12-14,2023-12-24,"7.11.2.a"
"C11172",1,-2,2023-12-22,2024-01-07,"7.11.2.a"
"C11172",1,-2,2024-01-02,2024-01-21,"7.11.2.a"
"C11214",1,0,2024-02-08,2024-02-14,"7.11.2.b"
"C11214",1,0,2024-02-10,2024-02-16,"7.11.2.b"
"C11214",1,0,2024-02-11,2024-02-17,"7.11.2.b"
"C11214",1,0,2025-11-21,2025-11-28,"7.11.2.a"
"C11214",1,0,2025-11-26,2025-12-09,"7.11.2.a"
"C11214",1,0,2025-12-07,2025-12-21,"7.11.2.a"
"C11214",1,0,2025-12-17,2025-12-28,"7.11.2.a"
"C11214",1,0,2025-12-25,2026-01-03,"7.11.2.a"
"C11214",1,0,2026-01-01,2026-01-22,"7.11.2.a"
"C11214",1,0,2026-01-17,2026-01-29,"7.11.2.a"
"C11214",1,0,2026-01-26,2026-02-15,"7.11.2.a"
"C11295",1,0,2025-11-15,2025-11-21,"7.11.2.b"
"C11295",1,0,2025-11-16,2025-11-22,"7.11.2.b"
"C11295",1,0,2025-11-18,2025-11-24,"7.11.2.b"
"C11295",1,0,2025-11-19,2025-11-25,"7.11.2.b"
"C11295",1,0,2025-11-23,2025-11-29,"7.11.2.b"
"C11295",1,0,2025-11-24,2025-11-30,"7.11.2.b"
"C11295",1,0,2025-11-25,2025-12-01,"7.11.2.b"
"C11295",1,0,2025-11-26,2025-12-02,"7.11.2.b"
"C11295",1,0,2025-11-27,2025-12-03,"7.11.2.b"
"C11295",1,0,2025-11-28,2025-12-04,"7.11.2.b"
"C11295",1,0,2025-11-29,2025-12-05,"7.11.2.b"
"C11295",1,0,2025-11-30,2025-12-06,"7.11.2.b"
"C11295",1,0,2025-12-01,2025-12-07,"7.11.2.b"
"C11295",1,0,2025-12-02,2025-12-08,"7.11.2.b"
"C11295",1,0,2025-12-03,2025-12-09,"7.11.2.b"
"C11295",1,0,2025-12-05,2025-12-11,"7.11.2.b"
"C11295",1,0,2025-12-06,2025-12-12,"7.11.2.b"
"C11295",1,0,2025-12-07,2025-12-13,"7.11.2.b"
"C11295",1,0,2025-12-08,2025-12-14,"7.11.2.b"
"C11295",1,0,2025-12-09,2025-12-15,"7.11.2.b"
"C11295",1,0,2025-12-11,2025-12-17,"7.11.2.b"
"C11295",1,0,2025-12-12,2025-12-18,"7.11.2.b"
"C11295",1,0,2025-12-13,2025-12-19,"7.11.2.b"
"C11295",1,0,2025-12-14,2025-12-20,"7.11.2.b"
"C11295",1,0,2025-12-15,2025-12-21,"7.11.2.b"
"C11295",1,0,2025-12-16,2025-12-22,"7.11.2.b"
"C11295",1,0,2025-12-17,2025-12-23,"7.11.2.b"
"C11295",1,0,2025-12-18,2025-12-24,"7.11.2.b"
"C11295",1,0,2025-12-19,2025-12-25,"7.11.2.b"
"C11295",1,0,2025-12-21,2025-12-27,"7.11.2.b"
"C11295",1,0,2025-12-23,2025-12-29,"7.11.2.b"
"C11295",1,0,2025-12-24,2025-12-30,"7.11.2.b"
"C11295",1,0,2025-12-26,2026-01-01,"7.11.2.b"
"C11295",1,0,2025-12-27,2026-01-02,"7.11.2.b"
"C11295",1,0,2025-12-30,2026-01-05,"7.11.2.b"
"C11295",1,0,2025-12-31,2026-01-06,"7.11.2.b"
"C11295",1,0,2026-01-05,2026-01-11,"7.11.2.b"
"C11328",1,0,2025-08-07,2025-10-19,"7.11.2.a"
"C11328",1,0,2025-10-15,2026-01-27,"7.11.2.a"
"C11412",1,0,2025-11-29,2025-12-26,"7.11.2.a"
"C11412",1,0,2025-12-26,2026-01-20,"7.11.2.a"
"C11487",1,-1,2023-10-13,2024-02-12,"7.11.2.a"
"C11487",1,-1,2024-09-07,2024-10-26,"7.11.2.a"
"C11487",1,-1,2024-10-24,2025-03-07,"7.11.2.a"
"C11583",1,-2,2024-01-24,2024-02-23,"7.11.2.a"
"C11583",1,-2,2024-02-17,2024-03-23,"7.11.2.a"
"C11610",1,0,2025-09-12,2025-09-25,"7.11.2.a"
"C11610",1,0,2025-09-21,2025-10-13,"7.11.2.a"
"C11736",1,-1,2024-10-27,2024-12-09,"7.11.2.a"
"C11736",1,-1,2024-12-03,2024-12-20,"7.11.2.a"
"C11742",1,-2,2023-07-29,2023-10-05,"7.11.2.a"
"C11742",1,-2,2023-10-04,2023-11-15,"7.11.2.a"
"C11742",1,-2,2023-11-10,2024-01-11,"7.11.2.a"
"C11742",1,-2,2024-01-06,2024-01-25,"7.11.2.a"
"C11742",1,-2,2024-01-21,2024-05-14,"7.11.2.a"
"C11781",1,0,2024-12-28,2025-01-18,"7.11.2.a"
"C11781",1,0,2025-03-29,2025-09-13,"7.11.2.a"
"C11781",1,0,2025-09-08,2025-10-13,"7.11.2.a"
"C11796",1,-2,2023-08-21,2023-09-28,"7.11.2.a"
"C11796",1,-2,2023-09-24,2023-12-23,"7.11.2.a"
"C11805",1,0,2025-11-10,2025-12-12,"7.11.2.a"
"C11805",1,0,2025-12-11,2026-01-10,"7.11.2.a"
"C11817",1,-2,2023-08-21,2023-09-03,"7.11.2.a"
"C11817",1,-2,2023-08-29,2023-09-15,"7.11.2.a"
"C11817",1,-2,2023-09-11,2023-10-10,"7.11.2.a"
"C11877",1,0,2025-11-10,2025-11-16,"7.11.2.b"
"C11877",1,0,2025-11-11,2025-11-17,"7.11.2.b"
"C11877",1,0,2025-11-12,2025-11-18,"7.11.2.b"
"C11877",1,0,2025-11-13,2025-11-19,"7.11.2.b"
"C11877",1,0,2025-11-14,2025-11-20,"7.11.2.b"
"C11877",1,0,2025-11-15,2025-11-21,"7.11.2.b"
"C11877",1,0,2025-11-17,2025-11-23,"7.11.2.b"
"C11877",1,0,2025-11-18,2025-11-24,"7.11.2.b"
"C11877",1,0,2025-11-19,2025-11-25,"7.11.2.b"
"C11877",1,0,2025-11-20,2025-11-26,"7.11.2.b"
"C11877",1,0,2025-11-21,2025-11-27,"7.11.2.b"
"C11877",1,0,2025-11-23,2025-11-29,"7.11.2.b"
"C11877",1,0,2025-11-24,2025-11-30,"7.11.2.b"
"C11877",1,0,2025-11-25,2025-12-01,"7.11.2.b"
"C11877",1,0,2025-11-26,2025-12-02,"7.11.2.b"
"C11877",1,0,2025-11-27,2025-12-03,"7.11.2.b"
"C11877",1,0,2025-11-28,2025-12-04,"7.11.2.b"
"C11877",1,0,2025-11-30,2025-12-14,"7.11.2.a"
"C11877",1,0,2025-12-11,2026-02-17,"7.11.2.a"
"C12084",1,-1,2024-07-28,2024-08-16,"7.11.2.a"
"C12084",1,-1,2025-01-10,2025-07-04,"7.11.2.a"
"C12084",1,-1,2025-02-10,2025-09-29,"7.11.2.a"
"C12099",1,0,2025-06-13,2025-06-19,"7.11.2.b"
"C12099",1,0,2025-06-21,2025-06-27,"7.11.2.b"
"C12099",1,0,2025-06-23,2025-06-29,"7.11.2.b"
"C12099",1,0,2025-06-25,2025-07-01,"7.11.2.b"
"C12099",1,0,2025-06-29,2025-07-05,"7.11.2.b"
"C12099",1,0,2025-07-05,2025-07-11,"7.11.2.b"
"C12099",1,0,2025-07-10,2025-07-16,"7.11.2.b"
"C12099",1,0,2025-07-14,2025-07-20,"7.11.2.b"
"C12099",1,0,2025-07-15,2025-07-21,"7.11.2.b"
"C12099",1,0,2025-07-22,2025-07-28,"7.11.2.b"
"C12099",1,0,2025-07-25,2025-07-31,"7.11.2.b"
"C12099",1,0,2025-07-28,2025-08-03,"7.11.2.b"
"C12099",1,0,2025-07-30,2025-08-05,"7.11.2.b"
"C12099",1,0,2025-07-31,2025-08-06,"7.11.2.b"
"C12099",1,0,2025-08-01,2025-08-07,"7.11.2.b"
"C12099",1,0,2025-08-02,2025-08-08,"7.11.2.b"
"C12099",1,0,2025-08-04,2025-08-10,"7.11.2.b"
"C12099",1,0,2025-08-08,2025-08-14,"7.11.2.b"
"C12099",1,0,2025-08-10,2025-08-16,"7.11.2.b"
"C12099",1,0,2025-08-13,2025-08-19,"7.11.2.b"
"C12099",1,0,2025-08-14,2025-08-20,"7.11.2.b"
"C12099",1,0,2025-08-14,2026-03-14,"7.11.2.a"
"C12099",1,0,2025-08-16,2025-08-22,"7.11.2.b"
"C12099",1,0,2025-08-17,2025-08-23,"7.11.2.b"
"C12099",1,0,2025-08-19,2025-08-25,"7.11.2.b"
"C12099",1,0,2025-08-21,2025-08-27,"7.11.2.b"
"C12099",1,0,2025-08-22,2025-08-28,"7.11.2.b"
"C12099",1,0,2025-08-25,2025-08-31,"7.11.2.b"
"C12099",1,0,2025-08-26,2025-09-01,"7.11.2.b"
"C12099",1,0,2025-08-27,2025-09-02,"7.11.2.b"
"C12159",1,0,2024-07-27,2024-08-15,"7.11.2.a"
"C12159",1,0,2026-02-28,2026-03-06,"7.11.2.b"
"C12159",1,0,2026-03-04,2026-03-10,"7.11.2.b"
"C12159",1,0,2026-03-11,2026-03-17,"7.11.2.b"
"C12159",1,0,2026-03-18,2026-03-24,"7.11.2.b"
"C12159",1,0,2026-03-19,2026-03-25,"7.11.2.b"
"C12159",1,0,2026-03-20,2026-03-26,"7.11.2.b"
"C12159",1,0,2026-03-21,2026-03-27,"7.11.2.b"
"C12195",1,-1,2024-10-03,2024-10-09,"7.11.2.b"
"C12195",1,-1,2024-10-09,2024-10-15,"7.11.2.b"
"C12195",1,-1,2024-10-22,2024-10-28,"7.11.2.b"
"C12195",1,-1,2024-10-26,2024-11-01,"7.11.2.b"
"C12195",1,-1,2024-11-01,2024-11-07,"7.11.2.b"
"C12195",1,-1,2024-11-09,2025-09-16,"7.11.2.a"
"C12195",1,-1,2024-11-23,2024-11-29,"7.11.2.b"
"C12198",2,-2,2023-11-05,2023-12-20,"7.11.2.a"
"C12198",2,-2,2023-11-25,2024-03-27,"7.11.2.a"
"C12228",1,-1,2025-04-03,2025-05-14,"7.11.2.a"
"C12228",1,-1,2025-04-13,2025-07-18,"7.11.2.a"
"C12231",1,-1,2024-08-14,2024-09-27,"7.11.2.a"
"C12231",1,-1,2024-08-26,2025-09-12,"7.11.2.a"
"C12309",1,-2,2023-11-28,2023-12-06,"7.11.2.a"
"C12309",1,-2,2023-12-01,2023-12-11,"7.11.2.a"
"C12309",1,-2,2023-12-07,2023-12-13,"7.11.2.b"
"C12309",1,-2,2023-12-13,2023-12-19,"7.11.2.b"
"C12309",1,-2,2023-12-14,2023-12-20,"7.11.2.b"
"C12309",1,-2,2023-12-17,2023-12-23,"7.11.2.b"
"C12309",1,-2,2023-12-22,2024-01-11,"7.11.2.a"
"C12309",1,0,2023-11-28,2023-12-06,"7.11.2.a"
"C12309",1,0,2023-12-01,2023-12-11,"7.11.2.a"
"C12309",1,0,2023-12-07,2023-12-13,"7.11.2.b"
"C12309",1,0,2023-12-13,2023-12-19,"7.11.2.b"
"C12309",1,0,2023-12-14,2023-12-20,"7.11.2.b"
"C12309",1,0,2023-12-17,2023-12-23,"7.11.2.b"
"C12309",1,0,2023-12-22,2024-01-11,"7.11.2.a"
"C12309",1,0,2024-01-26,2024-02-01,"7.11.2.b"
"C12309",1,0,2024-01-28,2024-02-03,"7.11.2.b"
"C12309",1,0,2024-02-03,2026-02-21,"7.11.2.a"
"C12309",1,0,2024-02-19,2024-02-25,"7.11.2.b"
"C12309",1,0,2024-02-26,2024-03-03,"7.11.2.b"
"C12321",1,-1,2024-02-09,2024-05-04,"7.11.2.a"
"C12321",1,-1,2024-03-01,2025-01-23,"7.11.2.a"
"C12321",1,-1,2024-05-12,2024-10-05,"7.11.2.a"
"C12396",1,0,2025-12-02,2025-12-08,"7.11.2.b"
"C12396",1,0,2025-12-03,2025-12-09,"7.11.2.b"
"C12396",1,0,2025-12-06,2025-12-12,"7.11.2.b"
"C12396",1,0,2025-12-09,2025-12-15,"7.11.2.b"
"C12396",1,0,2025-12-13,2025-12-19,"7.11.2.b"
"C12396",1,0,2025-12-18,2025-12-24,"7.11.2.b"
"C12396",1,0,2025-12-20,2025-12-26,"7.11.2.b"
"C12396",1,0,2025-12-26,2026-01-25,"7.11.2.a"
"C12396",2,-2,2023-08-19,2023-08-25,"7.11.2.b"
"C12396",2,-2,2023-08-22,2023-08-28,"7.11.2.b"
"C12396",2,-2,2023-08-30,2023-09-05,"7.11.2.b"
"C12396",2,-2,2023-09-05,2023-09-11,"7.11.2.b"
"C12396",2,-2,2023-09-09,2023-09-15,"7.11.2.b"
"C12396",2,-2,2023-09-10,2023-09-16,"7.11.2.b"
"C12396",2,-2,2023-09-12,2023-09-18,"7.11.2.b"
"C12396",2,-2,2023-09-13,2023-09-19,"7.11.2.b"
"C12396",2,-2,2023-09-14,2023-09-20,"7.11.2.b"
"C12396",2,-2,2023-09-15,2023-09-21,"7.11.2.b"
"C12396",2,-2,2023-09-16,2023-09-22,"7.11.2.b"
"C12396",2,-2,2023-09-17,2023-09-23,"7.11.2.b"
"C12396",2,-2,2023-09-18,2023-09-24,"7.11.2.b"
"C12396",2,-2,2023-09-19,2023-09-25,"7.11.2.b"
"C12396",2,-2,2023-09-20,2023-09-26,"7.11.2.b"
"C12396",2,-2,2023-09-22,2023-09-28,"7.11.2.b"
"C12396",2,-2,2023-09-23,2023-09-29,"7.11.2.b"
"C12396",2,-2,2023-09-24,2023-09-30,"7.11.2.b"
"C12396",2,-2,2023-09-25,2023-10-01,"7.11.2.b"
"C12396",2,-2,2023-09-26,2023-10-02,"7.11.2.b"
"C12396",2,-2,2023-09-29,2023-10-05,"7.11.2.b"
"C12396",2,-2,2023-09-30,2023-10-06,"7.11.2.b"
"C12396",2,-2,2023-10-01,2023-10-07,"7.11.2.b"
"C12396",2,-2,2023-10-03,2023-10-09,"7.11.2.b"
"C12396",2,-2,2023-10-04,2023-10-10,"7.11.2.b"
"C12396",2,-2,2023-10-06,2023-10-12,"7.11.2.b"
"C12396",2,-2,2023-10-08,2023-10-14,"7.11.2.b"
"C12396",2,-2,2023-10-09,2023-10-15,"7.11.2.b"
"C12396",2,-2,2023-10-10,2023-10-16,"7.11.2.b"
"C12396",2,-2,2023-10-11,2023-10-17,"7.11.2.b"
"C12396",2,-2,2023-10-14,2023-10-20,"7.11.2.b"
"C12396",2,-2,2023-10-16,2023-10-22,"7.11.2.b"
"C12396",2,-2,2023-10-18,2023-10-24,"7.11.2.b"
"C12396",2,-2,2023-10-19,2023-10-25,"7.11.2.b"
"C12396",2,-2,2023-10-19,2024-05-08,"7.11.2.a"
"C12396",2,-2,2023-10-20,2023-10-26,"7.11.2.b"
"C12396",2,-2,2023-10-21,2023-10-27,"7.11.2.b"
"C12396",2,-2,2023-10-23,2023-10-29,"7.11.2.b"
"C12396",2,-2,2023-10-25,2023-10-31,"7.11.2.b"
"C12396",2,-2,2023-10-27,2023-11-02,"7.11.2.b"
"C12396",2,-2,2023-10-28,2023-11-03,"7.11.2.b"
"C12396",2,-2,2023-10-30,2023-11-05,"7.11.2.b"
"C12414",1,-1,2024-10-10,2024-11-12,"7.11.2.a"
"C12414",1,-1,2024-11-08,2025-02-26,"7.11.2.a"
"C12414",1,-1,2024-12-15,2025-04-25,"7.11.2.a"
"C12414",1,-1,2025-04-19,2025-05-08,"7.11.2.a"
"C12417",1,0,2024-02-19,2024-02-25,"7.11.2.b"
"C12417",1,0,2024-02-21,2024-02-27,"7.11.2.b"
"C12417",1,0,2024-02-22,2024-02-28,"7.11.2.b"
"C12417",1,0,2024-02-23,2024-02-29,"7.11.2.b"
"C12417",1,0,2024-02-25,2024-03-02,"7.11.2.b"
"C12417",1,0,2024-02-26,2024-03-03,"7.11.2.b"
"C12417",1,0,2024-02-27,2024-03-04,"7.11.2.b"
"C12417",1,0,2024-03-01,2024-03-07,"7.11.2.b"
"C12417",1,0,2024-03-02,2024-03-08,"7.11.2.b"
"C12417",1,0,2024-03-05,2024-03-11,"7.11.2.b"
"C12417",1,0,2024-03-08,2024-03-14,"7.11.2.b"
"C12417",1,0,2024-03-09,2024-03-15,"7.11.2.b"
"C12417",1,0,2024-03-10,2024-03-16,"7.11.2.b"
"C12417",1,0,2024-03-11,2026-01-10,"7.11.2.a"
"C12417",1,0,2024-03-12,2024-03-18,"7.11.2.b"
"C12417",1,0,2024-03-13,2024-03-19,"7.11.2.b"
"C12417",1,0,2024-03-14,2024-03-20,"7.11.2.b"
"C12417",1,0,2024-03-15,2024-03-21,"7.11.2.b"
"C12417",1,0,2024-03-16,2024-03-22,"7.11.2.b"
"C12417",1,0,2024-03-17,2024-03-23,"7.11.2.b"
"C12417",1,0,2024-03-20,2024-03-26,"7.11.2.b"
"C12417",1,0,2024-03-21,2024-03-27,"7.11.2.b"
"C12417",1,0,2024-03-25,2024-03-31,"7.11.2.b"
"C12417",1,0,2024-03-26,2024-04-01,"7.11.2.b"
"C12417",1,0,2024-03-27,2024-04-02,"7.11.2.b"
"C12417",1,0,2024-03-29,2024-04-04,"7.11.2.b"
"C12417",1,0,2024-03-30,2024-04-05,"7.11.2.b"
"C12417",1,0,2024-03-31,2024-04-06,"7.11.2.b"
"C12417",1,0,2024-04-01,2024-04-07,"7.11.2.b"
"C12417",1,0,2024-04-02,2024-04-08,"7.11.2.b"
"C12420",1,0,2024-04-16,2024-04-22,"7.11.2.b"
"C12420",1,0,2024-04-18,2024-04-24,"7.11.2.b"
"C12420",1,0,2024-09-24,2024-09-30,"7.11.2.b"
"C12420",1,0,2024-09-25,2024-10-01,"7.11.2.b"
"C12420",1,0,2024-09-26,2024-10-02,"7.11.2.b"
"C12420",1,0,2024-09-29,2024-10-05,"7.11.2.b"
"C12420",1,0,2024-10-02,2024-10-08,"7.11.2.b"
"C12420",1,0,2024-10-25,2024-10-31,"7.11.2.b"
"C12420",1,0,2024-10-26,2024-11-01,"7.11.2.b"
"C12420",1,0,2024-10-30,2024-11-05,"7.11.2.b"
"C12420",1,0,2024-10-31,2024-11-06,"7.11.2.b"
"C12420",1,0,2024-12-01,2025-11-10,"7.11.2.a"
"C12420",1,0,2024-12-02,2024-12-08,"7.11.2.b"
"C12420",1,0,2024-12-03,2024-12-09,"7.11.2.b"
"C12420",1,0,2024-12-04,2024-12-10,"7.11.2.b"
"C12420",1,0,2024-12-07,2024-12-13,"7.11.2.b"
"C12420",1,0,2024-12-10,2024-12-16,"7.11.2.b"
"C12420",1,0,2024-12-11,2024-12-17,"7.11.2.b"
"C12420",1,0,2024-12-13,2024-12-19,"7.11.2.b"
"C12420",1,0,2024-12-14,2024-12-20,"7.11.2.b"
"C12420",1,0,2024-12-16,2024-12-22,"7.11.2.b"
"C12420",1,0,2024-12-17,2024-12-23,"7.11.2.b"
"C12420",1,0,2024-12-18,2024-12-24,"7.11.2.b"
"C12420",1,0,2024-12-19,2024-12-25,"7.11.2.b"
"C12420",1,0,2024-12-20,2024-12-26,"7.11.2.b"
"C12420",1,0,2024-12-27,2025-01-02,"7.11.2.b"
"C12420",1,0,2024-12-30,2025-01-05,"7.11.2.b"
"C12420",1,0,2025-01-01,2025-01-07,"7.11.2.b"
"C12420",1,0,2025-01-04,2025-01-10,"7.11.2.b"
"C12420",1,0,2025-01-07,2025-01-13,"7.11.2.b"
"C12420",1,0,2025-01-08,2025-01-14,"7.11.2.b"
"C12420",1,0,2025-01-10,2025-01-16,"7.11.2.b"
"C12420",1,0,2025-01-25,2025-02-14,"7.11.2.a"
"C12420",1,0,2025-09-02,2025-09-08,"7.11.2.b"
"C12420",1,0,2025-09-03,2025-09-09,"7.11.2.b"
"C12420",1,0,2025-09-04,2025-09-10,"7.11.2.b"
"C12420",1,0,2025-09-05,2025-09-11,"7.11.2.b"
"C12420",1,0,2025-09-07,2025-09-13,"7.11.2.b"
"C12420",1,0,2025-09-09,2025-09-15,"7.11.2.b"
"C12420",1,0,2025-09-10,2025-09-16,"7.11.2.b"
"C12420",1,0,2025-09-11,2025-09-17,"7.11.2.b"
"C12420",1,0,2025-09-12,2025-09-18,"7.11.2.b"
"C12420",1,0,2025-09-14,2025-09-20,"7.11.2.b"
"C12420",1,0,2025-09-15,2025-09-21,"7.11.2.b"
"C12420",1,0,2025-09-16,2025-09-22,"7.11.2.b"
"C12420",1,0,2025-09-17,2025-09-23,"7.11.2.b"
"C12420",1,0,2025-09-18,2025-09-24,"7.11.2.b"
"C12420",1,0,2025-09-19,2025-09-25,"7.11.2.b"
"C12420",1,0,2025-09-20,2025-09-26,"7.11.2.b"
"C12420",1,0,2025-09-21,2025-09-27,"7.11.2.b"
"C12420",1,0,2025-09-23,2025-09-29,"7.11.2.b"
"C12420",1,0,2025-09-24,2025-09-30,"7.11.2.b"
"C12420",1,0,2025-09-25,2025-10-01,"7.11.2.b"
"C12420",1,0,2025-09-26,2025-10-02,"7.11.2.b"
"C12420",1,0,2025-09-27,2025-10-03,"7.11.2.b"
"C12420",1,0,2025-09-28,2025-10-04,"7.11.2.b"
"C12420",1,0,2025-09-30,2025-10-06,"7.11.2.b"
"C12420",1,0,2025-10-01,2025-10-07,"7.11.2.b"
"C12420",1,0,2025-10-02,2025-10-08,"7.11.2.b"
"C12420",1,0,2025-10-03,2025-10-09,"7.11.2.b"
"C12420",1,0,2025-10-05,2025-10-11,"7.11.2.b"
"C12420",1,0,2025-11-10,2025-11-16,"7.11.2.b"
"C12420",1,0,2025-11-16,2025-12-01,"7.11.2.a"
"C12420",1,0,2025-11-27,2025-12-09,"7.11.2.a"
"C12420",1,0,2025-12-05,2025-12-15,"7.11.2.a"
"C12420",1,0,2025-12-11,2025-12-24,"7.11.2.a"
"C12420",1,0,2025-12-20,2026-01-04,"7.11.2.a"
"C12420",1,0,2026-01-01,2026-01-21,"7.11.2.a"
"C12420",1,0,2026-01-21,2026-02-01,"7.11.2.a"
"C12420",1,0,2026-01-28,2026-02-04,"7.11.2.a"
"C12420",1,0,2026-02-04,2026-02-10,"7.11.2.b"
"C12645",1,-1,2024-09-15,2024-09-21,"7.11.2.b"
"C12645",1,-1,2024-09-16,2024-09-22,"7.11.2.b"
"C12645",1,-1,2024-09-17,2024-09-23,"7.11.2.b"
"C12645",1,-1,2024-09-18,2024-09-24,"7.11.2.b"
"C12645",1,-1,2024-09-19,2024-09-25,"7.11.2.b"
"C12645",1,-1,2024-09-20,2024-09-26,"7.11.2.b"
"C12645",1,-1,2024-09-22,2024-09-28,"7.11.2.b"
"C12645",1,-1,2024-09-23,2024-09-29,"7.11.2.b"
"C12645",1,-1,2024-09-24,2024-09-30,"7.11.2.b"
"C12645",1,-1,2024-09-26,2024-10-02,"7.11.2.b"
"C12645",1,-1,2024-09-27,2024-10-03,"7.11.2.b"
"C12645",1,-1,2024-09-29,2024-10-05,"7.11.2.b"
"C12645",1,-1,2024-10-01,2024-10-07,"7.11.2.b"
"C12645",1,-1,2024-10-02,2024-10-08,"7.11.2.b"
"C12645",1,-1,2024-10-03,2024-10-09,"7.11.2.b"
"C12645",1,-1,2024-10-07,2024-10-13,"7.11.2.b"
"C12645",1,-1,2024-10-08,2024-10-14,"7.11.2.b"
"C12645",1,-1,2024-10-09,2024-10-15,"7.11.2.b"
"C12645",1,-1,2024-10-10,2024-10-16,"7.11.2.b"
"C12645",1,-1,2024-10-12,2025-08-25,"7.11.2.a"
"C12645",1,-1,2024-10-14,2024-10-20,"7.11.2.b"
"C12645",1,-1,2024-10-15,2024-10-21,"7.11.2.b"
"C12645",1,-1,2024-10-16,2024-10-22,"7.11.2.b"
"C12645",1,-1,2024-10-17,2024-10-23,"7.11.2.b"
"C12645",1,-1,2024-10-18,2024-10-24,"7.11.2.b"
"C12645",1,-1,2024-10-19,2024-10-25,"7.11.2.b"
"C12645",1,-1,2024-10-20,2024-10-26,"7.11.2.b"
"C12645",1,-1,2024-10-21,2024-10-27,"7.11.2.b"
"C12645",1,-1,2024-10-25,2024-10-31,"7.11.2.b"
"C12645",1,-1,2024-10-26,2024-11-01,"7.11.2.b"
"C12645",1,-1,2024-10-28,2024-11-03,"7.11.2.b"
"C12645",1,-1,2024-10-29,2024-11-04,"7.11.2.b"
"C12645",1,-1,2024-10-30,2024-11-05,"7.11.2.b"
"C12645",1,-1,2024-11-02,2024-11-08,"7.11.2.b"
"C12645",1,-1,2024-11-03,2024-11-09,"7.11.2.b"
"C12645",1,-1,2024-11-04,2024-11-10,"7.11.2.b"
"C12645",1,-1,2024-11-05,2024-11-11,"7.11.2.b"
"C12645",1,-1,2024-11-10,2024-11-16,"7.11.2.b"
"C12645",1,-1,2024-11-11,2024-11-17,"7.11.2.b"
"C12645",1,-1,2024-11-12,2024-11-18,"7.11.2.b"
"C12645",1,-1,2024-11-13,2024-11-19,"7.11.2.b"
"C12645",1,-1,2024-11-14,2024-11-20,"7.11.2.b"
"C12645",1,-1,2024-11-15,2024-11-21,"7.11.2.b"
"C12645",1,-1,2024-11-16,2024-11-22,"7.11.2.b"
"C12645",1,-1,2024-11-17,2024-11-23,"7.11.2.b"
"C12645",1,-1,2024-11-20,2024-11-26,"7.11.2.b"
"C12645",1,-1,2024-11-21,2024-11-27,"7.11.2.b"
"C12645",1,-1,2024-11-22,2024-11-28,"7.11.2.b"
"C12645",1,-1,2024-11-24,2024-11-30,"7.11.2.b"
"C12645",1,-1,2024-11-26,2024-12-02,"7.11.2.b"
"C12645",1,-1,2024-11-27,2024-12-03,"7.11.2.b"
"C12645",1,-1,2024-11-28,2024-12-04,"7.11.2.b"
"C12645",1,-1,2024-11-29,2024-12-05,"7.11.2.b"
"C12645",1,-1,2024-11-30,2024-12-06,"7.11.2.b"
"C12645",1,-1,2024-12-01,2024-12-07,"7.11.2.b"
"C12645",1,-1,2024-12-02,2024-12-08,"7.11.2.b"
"C12645",1,-1,2024-12-04,2024-12-10,"7.11.2.b"
"C12645",1,-1,2024-12-06,2024-12-12,"7.11.2.b"
"C12651",1,-1,2025-03-18,2025-03-24,"7.11.2.b"
"C12651",1,-1,2025-03-19,2025-03-25,"7.11.2.b"
"C12651",1,-1,2025-03-20,2025-03-26,"7.11.2.b"
"C12651",1,-1,2025-03-21,2025-03-27,"7.11.2.b"
"C12651",1,-1,2025-03-22,2025-03-28,"7.11.2.b"
"C12651",1,-1,2025-03-28,2025-04-03,"7.11.2.b"
"C12651",1,-1,2025-03-30,2025-04-05,"7.11.2.b"
"C12651",1,-1,2025-03-31,2025-04-06,"7.11.2.b"
"C12651",1,-1,2025-04-03,2025-04-09,"7.11.2.b"
"C12651",1,-1,2025-04-05,2025-04-11,"7.11.2.b"
"C12651",1,-1,2025-04-07,2025-04-13,"7.11.2.b"
"C12651",1,-1,2025-04-08,2025-04-14,"7.11.2.b"
"C12651",1,-1,2025-04-11,2025-04-17,"7.11.2.b"
"C12651",1,-1,2025-04-16,2025-04-22,"7.11.2.b"
"C12651",1,-1,2025-04-17,2025-04-23,"7.11.2.b"
"C12651",1,-1,2025-04-18,2025-04-24,"7.11.2.b"
"C12651",1,-1,2025-04-23,2025-04-29,"7.11.2.b"
"C12651",1,-1,2025-04-25,2025-05-01,"7.11.2.b"
"C12651",1,-1,2025-04-27,2025-05-03,"7.11.2.b"
"C12651",1,-1,2025-04-28,2025-05-04,"7.11.2.b"
"C12651",1,-1,2025-05-02,2025-05-08,"7.11.2.b"
"C12651",1,-1,2025-05-05,2025-05-11,"7.11.2.b"
"C12723",1,-2,2024-05-01,2024-05-26,"7.11.2.a"
"C12723",1,-2,2024-05-21,2024-06-23,"7.11.2.a"
"C12777",1,-1,2023-09-19,2023-09-25,"7.11.2.b"
"C12777",1,-1,2023-09-20,2023-09-26,"7.11.2.b"
"C12777",1,-1,2023-09-24,2023-09-30,"7.11.2.b"
"C12777",1,-1,2023-09-25,2023-10-01,"7.11.2.b"
"C12777",1,-1,2023-09-27,2023-10-03,"7.11.2.b"
"C12777",1,-1,2024-04-21,2024-05-12,"7.11.2.a"
"C12777",1,-1,2024-09-29,2024-10-09,"7.11.2.a"
"C12777",1,-1,2024-10-03,2025-02-04,"7.11.2.a"
"C12789",1,-1,2023-11-26,2023-12-28,"7.11.2.a"
"C12789",1,-1,2023-12-25,2024-02-05,"7.11.2.a"
"C12789",1,-1,2024-02-02,2025-09-10,"7.11.2.a"
"C12798",1,-2,2023-12-18,2023-12-24,"7.11.2.b"
"C12798",1,-2,2023-12-19,2023-12-25,"7.11.2.b"
"C12798",1,-2,2023-12-22,2023-12-28,"7.11.2.b"
"C12798",1,-2,2023-12-23,2023-12-29,"7.11.2.b"
"C12798",1,-2,2023-12-25,2023-12-31,"7.11.2.b"
"C12798",1,-2,2023-12-26,2024-01-01,"7.11.2.b"
"C12798",1,-2,2023-12-30,2024-01-05,"7.11.2.b"
"C12798",1,-2,2024-01-03,2024-01-09,"7.11.2.b"
"C12798",1,-2,2024-01-05,2024-01-11,"7.11.2.b"
"C12798",1,-2,2024-01-06,2024-01-12,"7.11.2.b"
"C12798",1,-2,2024-01-07,2024-01-13,"7.11.2.b"
"C12798",1,-2,2024-01-08,2024-01-14,"7.11.2.b"
"C12798",1,-2,2024-01-09,2024-01-15,"7.11.2.b"
"C12798",1,-2,2024-01-11,2024-01-17,"7.11.2.b"
"C12798",1,-2,2024-01-12,2024-01-18,"7.11.2.b"
"C12798",1,-2,2024-01-12,2024-05-01,"7.11.2.a"
"C12798",1,-2,2024-01-13,2024-01-19,"7.11.2.b"
"C12858",1,-2,2023-09-30,2023-11-28,"7.11.2.a"
"C12858",1,-2,2023-10-29,2024-02-16,"7.11.2.a"
"C12858",1,-2,2024-01-19,2024-02-13,"7.11.2.a"
"C12930",1,0,2024-09-02,2024-09-24,"7.11.2.a"
"C12930",1,0,2025-01-09,2025-01-28,"7.11.2.a"
"C12930",1,0,2025-12-22,2026-02-19,"7.11.2.a"
"C12930",1,0,2026-02-17,2026-03-14,"7.11.2.a"
"C12933",1,0,2025-11-16,2026-01-24,"7.11.2.a"
"C12933",1,0,2025-11-29,2026-02-10,"7.11.2.a"
"C12981",2,0,2025-07-01,2025-07-07,"7.11.2.b"
"C12981",2,0,2025-07-03,2025-07-09,"7.11.2.b"
"C12981",2,0,2025-07-04,2025-07-10,"7.11.2.b"
"C12981",2,0,2025-07-06,2025-07-12,"7.11.2.b"
"C12981",2,0,2025-07-07,2025-07-13,"7.11.2.b"
"C12981",2,0,2025-07-20,2025-07-26,"7.11.2.b"
"C12981",2,0,2025-07-23,2025-07-29,"7.11.2.b"
"C12981",2,0,2025-07-26,2025-08-01,"7.11.2.b"
"C12981",2,0,2025-07-30,2025-08-05,"7.11.2.b"
"C12981",2,0,2025-08-01,2025-08-07,"7.11.2.b"
"C12981",2,0,2025-08-05,2025-08-11,"7.11.2.b"
"C12981",2,0,2025-08-07,2025-08-13,"7.11.2.b"
"C12981",2,0,2025-08-07,2025-12-04,"7.11.2.a"
"C12981",2,0,2025-08-13,2025-08-19,"7.11.2.b"
"C12981",2,0,2025-08-17,2025-08-23,"7.11.2.b"
"C12981",2,0,2025-08-19,2025-08-25,"7.11.2.b"
"C12981",2,0,2025-08-20,2025-08-26,"7.11.2.b"
"C12981",2,0,2025-08-26,2025-09-01,"7.11.2.b"
"C12981",2,0,2025-08-29,2025-09-04,"7.11.2.b"
"C12981",2,0,2025-08-30,2025-09-05,"7.11.2.b"
"C12981",2,0,2025-09-07,2025-09-13,"7.11.2.b"
"C12981",2,0,2025-09-10,2025-09-16,"7.11.2.b"
"C12981",2,0,2025-09-11,2025-09-17,"7.11.2.b"
"C12981",2,0,2025-09-12,2025-09-18,"7.11.2.b"
"C12981",2,0,2025-09-19,2025-09-25,"7.11.2.b"
"C12981",2,0,2025-09-20,2025-09-26,"7.11.2.b"
"C12981",2,0,2025-09-21,2025-09-27,"7.11.2.b"
"C12981",2,0,2025-09-24,2025-09-30,"7.11.2.b"
"C12993",1,0,2024-05-27,2024-06-18,"7.11.2.a"
"C12993",1,0,2025-01-10,2025-02-15,"7.11.2.a"
"C12993",1,0,2025-05-05,2025-06-04,"7.11.2.a"
"C12993",1,0,2025-10-23,2025-11-27,"7.11.2.a"
"C12993",1,0,2025-11-23,2025-12-22,"7.11.2.a"
"C13011",1,-1,2023-07-27,2023-08-02,"7.11.2.b"
"C13011",1,-1,2023-07-28,2023-08-03,"7.11.2.b"
"C13011",1,-1,2023-07-30,2023-08-05,"7.11.2.b"
"C13011",1,-1,2023-08-03,2023-08-09,"7.11.2.b"
"C13011",1,-1,2023-08-04,2023-08-10,"7.11.2.b"
"C13011",1,-1,2023-08-05,2023-08-11,"7.11.2.b"
"C13011",1,-1,2023-08-06,2023-08-12,"7.11.2.b"
"C13011",1,-1,2023-08-07,2023-08-13,"7.11.2.b"
"C13011",1,-1,2023-08-09,2023-08-15,"7.11.2.b"
"C13011",1,-1,2023-08-10,2023-08-16,"7.11.2.b"
"C13011",1,-1,2023-08-11,2023-08-17,"7.11.2.b"
"C13011",1,-1,2023-08-12,2023-08-18,"7.11.2.b"
"C13011",1,-1,2023-08-13,2023-08-19,"7.11.2.b"
"C13011",1,-1,2023-08-14,2023-08-20,"7.11.2.b"
"C13011",1,-1,2023-08-16,2023-08-22,"7.11.2.b"
"C13011",1,-1,2023-08-17,2023-08-23,"7.11.2.b"
"C13011",1,-1,2023-08-18,2023-08-24,"7.11.2.b"
"C13011",1,-1,2023-08-19,2023-08-25,"7.11.2.b"
"C13011",1,-1,2023-08-20,2023-08-26,"7.11.2.b"
"C13011",1,-1,2023-08-21,2023-08-27,"7.11.2.b"
"C13011",1,-1,2023-08-23,2023-08-29,"7.11.2.b"
"C13011",1,-1,2023-08-24,2023-08-30,"7.11.2.b"
"C13011",1,-1,2023-08-26,2023-09-01,"7.11.2.b"
"C13011",1,-1,2023-08-29,2023-09-04,"7.11.2.b"
"C13011",1,-1,2023-08-30,2023-09-05,"7.11.2.b"
"C13011",1,-1,2023-08-31,2023-09-06,"7.11.2.b"
"C13011",1,-1,2023-09-01,2023-09-07,"7.11.2.b"
"C13011",1,-1,2023-09-03,2023-09-09,"7.11.2.b"
"C13011",1,-1,2023-09-04,2023-09-10,"7.11.2.b"
"C13011",1,-1,2023-09-06,2023-09-12,"7.11.2.b"
"C13011",1,-1,2023-09-07,2023-09-13,"7.11.2.b"
"C13011",1,-1,2023-09-08,2023-09-14,"7.11.2.b"
"C13011",1,-1,2023-09-09,2023-09-15,"7.11.2.b"
"C13011",1,-1,2023-09-10,2023-09-16,"7.11.2.b"
"C13011",1,-1,2023-09-12,2023-09-18,"7.11.2.b"
"C13011",1,-1,2023-09-13,2023-09-19,"7.11.2.b"
"C13011",1,-1,2023-09-14,2023-09-20,"7.11.2.b"
"C13011",1,-1,2023-09-15,2023-09-21,"7.11.2.b"
"C13011",1,-1,2023-09-18,2023-09-24,"7.11.2.b"
"C13011",1,-1,2023-09-19,2023-09-25,"7.11.2.b"
"C13011",1,-1,2023-12-07,2023-12-14,"7.11.2.a"
"C13011",1,-1,2023-12-09,2023-12-21,"7.11.2.a"
"C13011",1,-1,2023-12-15,2025-01-03,"7.11.2.a"
"C13011",1,-1,2024-08-01,2024-08-07,"7.11.2.b"
"C13011",1,-1,2024-08-02,2024-08-08,"7.11.2.b"
"C13011",1,-1,2024-08-03,2024-08-09,"7.11.2.b"
"C13011",1,-1,2024-08-04,2024-08-10,"7.11.2.b"
"C13011",1,-1,2024-08-05,2024-08-11,"7.11.2.b"
"C13011",1,-1,2024-08-06,2024-08-12,"7.11.2.b"
"C13011",1,-1,2024-08-07,2024-08-13,"7.11.2.b"
"C13011",1,-1,2024-08-08,2024-08-14,"7.11.2.b"
"C13011",1,-1,2024-08-09,2024-08-15,"7.11.2.b"
"C13011",1,-1,2024-08-10,2024-08-16,"7.11.2.b"
"C13011",1,-1,2024-08-11,2024-08-17,"7.11.2.b"
"C13011",1,-1,2024-08-13,2024-08-19,"7.11.2.b"
"C13011",1,-1,2024-08-14,2024-08-20,"7.11.2.b"
"C13011",1,-1,2024-08-15,2024-08-21,"7.11.2.b"
"C13011",1,-1,2024-08-16,2024-08-22,"7.11.2.b"
"C13011",1,-1,2024-08-17,2024-08-23,"7.11.2.b"
"C13011",1,-1,2024-08-18,2024-08-24,"7.11.2.b"
"C13011",1,-1,2024-08-19,2024-08-25,"7.11.2.b"
"C13011",1,-1,2024-08-20,2024-08-26,"7.11.2.b"
"C13011",1,-1,2024-08-21,2024-08-27,"7.11.2.b"
"C13011",1,-1,2024-08-22,2024-08-28,"7.11.2.b"
"C13011",1,-1,2024-08-23,2024-08-29,"7.11.2.b"
"C13011",1,-1,2024-08-24,2024-08-30,"7.11.2.b"
"C13011",1,-1,2024-08-25,2024-08-31,"7.11.2.b"
"C13011",1,-1,2024-08-26,2024-09-01,"7.11.2.b"
"C13011",1,-1,2024-08-27,2024-09-02,"7.11.2.b"
"C13011",1,-1,2024-08-28,2024-09-03,"7.11.2.b"
"C13011",1,-1,2024-08-30,2024-09-05,"7.11.2.b"
"C13011",1,-1,2024-08-31,2024-09-06,"7.11.2.b"
"C13047",1,-2,2023-10-10,2023-10-17,"7.11.2.a"
"C13047",1,-2,2023-10-13,2023-10-20,"7.11.2.a"
"C13047",1,-2,2023-10-15,2023-10-25,"7.11.2.a"
"C13047",1,-2,2023-10-20,2023-12-23,"7.11.2.a"
"C13047",1,-2,2023-12-04,2024-05-22,"7.11.2.a"
"C13074",1,-2,2023-10-14,2023-11-19,"7.11.2.a"
"C13074",1,-2,2023-11-16,2023-11-22,"7.11.2.b"
"C13074",1,-2,2023-11-19,2023-11-25,"7.11.2.b"
"C13074",1,-2,2023-11-22,2023-11-28,"7.11.2.b"
"C13074",1,-2,2023-11-25,2023-12-01,"7.11.2.b"
"C13074",1,-2,2023-11-26,2023-12-02,"7.11.2.b"
"C13074",1,-2,2023-11-30,2023-12-06,"7.11.2.b"
"C13074",1,-2,2023-12-04,2023-12-10,"7.11.2.b"
"C13074",1,-2,2023-12-05,2023-12-11,"7.11.2.b"
"C13074",1,-2,2023-12-11,2023-12-18,"7.11.2.a"
"C13080",1,-1,2024-11-19,2025-03-19,"7.11.2.a"
"C13080",1,-1,2024-11-23,2025-05-09,"7.11.2.a"
"C13080",1,-1,2025-03-23,2025-09-30,"7.11.2.a"
"C13107",1,-2,2023-10-13,2023-10-20,"7.11.2.a"
"C13107",1,-2,2023-10-14,2023-12-21,"7.11.2.a"
"C13107",1,-1,2023-10-13,2023-10-20,"7.11.2.a"
"C13107",1,-1,2023-10-14,2023-12-21,"7.11.2.a"
"C13107",1,-1,2024-01-29,2024-04-11,"7.11.2.a"
"C13107",1,-1,2024-04-07,2024-06-21,"7.11.2.a"
"C13107",1,-1,2024-06-17,2024-12-31,"7.11.2.a"
"C13107",1,0,2023-10-13,2023-10-20,"7.11.2.a"
"C13107",1,0,2023-10-14,2023-12-21,"7.11.2.a"
"C13107",1,0,2024-01-29,2024-04-11,"7.11.2.a"
"C13107",1,0,2024-04-07,2024-06-21,"7.11.2.a"
"C13107",1,0,2024-06-17,2024-12-31,"7.11.2.a"
"C13107",1,0,2025-12-05,2025-12-24,"7.11.2.a"
"C13107",1,0,2025-12-20,2026-02-19,"7.11.2.a"
"C13107",1,0,2026-02-14,2026-03-05,"7.11.2.a"
"C13134",1,-2,2023-12-12,2023-12-30,"7.11.2.a"
"C13134",1,-2,2023-12-27,2024-01-16,"7.11.2.a"
"C13134",1,-2,2024-01-16,2024-02-05,"7.11.2.a"
"C13134",1,0,2023-12-12,2023-12-30,"7.11.2.a"
"C13134",1,0,2023-12-27,2024-01-16,"7.11.2.a"
"C13134",1,0,2024-01-16,2024-02-05,"7.11.2.a"
"C13134",1,0,2024-10-21,2024-11-10,"7.11.2.a"
"C13134",1,0,2024-11-07,2024-11-28,"7.11.2.a"
"C13134",1,0,2024-11-25,2024-12-17,"7.11.2.a"
"C13134",1,0,2024-12-12,2024-12-26,"7.11.2.a"
"C13134",1,0,2024-12-24,2024-12-31,"7.11.2.a"
"C13134",1,0,2024-12-27,2025-01-08,"7.11.2.a"
"C13134",1,0,2025-01-04,2025-01-16,"7.11.2.a"
"C13134",1,0,2025-01-11,2025-01-25,"7.11.2.a"
"C13134",1,0,2025-01-22,2025-01-31,"7.11.2.a"
"C13134",1,0,2025-01-26,2025-02-02,"7.11.2.a"
"C13134",1,0,2025-01-27,2025-11-21,"7.11.2.a"
"C13164",1,-2,2023-08-27,2023-09-02,"7.11.2.b"
"C13164",1,-2,2023-08-29,2023-09-04,"7.11.2.b"
"C13164",1,-2,2023-08-31,2023-09-06,"7.11.2.b"
"C13164",1,-2,2023-09-01,2023-09-07,"7.11.2.b"
"C13164",1,-2,2023-09-02,2023-09-08,"7.11.2.b"
"C13164",1,-2,2023-09-03,2023-09-09,"7.11.2.b"
"C13164",1,-2,2023-09-05,2023-09-11,"7.11.2.b"
"C13164",1,-2,2023-09-07,2023-09-13,"7.11.2.b"
"C13164",1,-2,2023-09-15,2023-09-21,"7.11.2.b"
"C13164",1,-2,2023-09-17,2023-09-23,"7.11.2.b"
"C13164",1,-2,2023-10-13,2023-10-20,"7.11.2.a"
"C13164",1,-2,2023-10-16,2023-10-23,"7.11.2.a"
"C13164",1,-2,2023-10-18,2023-10-26,"7.11.2.a"
"C13164",1,-2,2023-10-25,2023-11-04,"7.11.2.a"
"C13176",1,-1,2024-07-07,2024-08-01,"7.11.2.a"
"C13176",1,-1,2024-07-09,2025-03-04,"7.11.2.a"
"C13206",1,0,2025-10-04,2025-10-10,"7.11.2.b"
"C13206",1,0,2025-10-06,2025-10-12,"7.11.2.b"
"C13206",1,0,2025-10-18,2025-10-24,"7.11.2.b"
"C13206",1,0,2025-10-21,2025-10-27,"7.11.2.b"
"C13206",1,0,2025-10-22,2025-10-28,"7.11.2.b"
"C13206",1,0,2025-10-23,2025-11-20,"7.11.2.a"
"C13206",1,0,2025-10-24,2025-10-30,"7.11.2.b"
"C13206",1,0,2025-10-27,2025-11-02,"7.11.2.b"
"C13260",1,0,2024-06-01,2024-06-07,"7.11.2.b"
"C13260",1,0,2024-06-02,2024-06-08,"7.11.2.b"
"C13260",1,0,2024-06-03,2024-06-09,"7.11.2.b"
"C13260",1,0,2024-06-04,2024-06-10,"7.11.2.b"
"C13260",1,0,2024-06-06,2024-06-12,"7.11.2.b"
"C13260",1,0,2024-06-07,2024-06-13,"7.11.2.b"
"C13260",1,0,2024-06-08,2024-06-14,"7.11.2.b"
"C13260",1,0,2024-06-09,2024-06-15,"7.11.2.b"
"C13260",1,0,2024-06-11,2024-06-17,"7.11.2.b"
"C13260",1,0,2024-06-12,2024-06-18,"7.11.2.b"
"C13260",1,0,2024-06-13,2024-06-19,"7.11.2.b"
"C13260",1,0,2024-06-14,2024-06-20,"7.11.2.b"
"C13260",1,0,2024-06-15,2024-06-21,"7.11.2.b"
"C13260",1,0,2024-06-16,2024-06-22,"7.11.2.b"
"C13260",1,0,2024-06-17,2024-06-23,"7.11.2.b"
"C13260",1,0,2024-06-18,2024-06-24,"7.11.2.b"
"C13260",1,0,2024-06-19,2024-06-25,"7.11.2.b"
"C13260",1,0,2024-06-20,2024-06-26,"7.11.2.b"
"C13260",1,0,2024-06-21,2024-06-27,"7.11.2.b"
"C13260",1,0,2024-06-22,2024-06-28,"7.11.2.b"
"C13260",1,0,2024-06-23,2024-06-29,"7.11.2.b"
"C13260",1,0,2024-06-24,2024-06-30,"7.11.2.b"
"C13260",1,0,2024-06-24,2025-06-09,"7.11.2.a"
"C13260",1,0,2024-06-25,2024-07-01,"7.11.2.b"
"C13260",1,0,2024-06-26,2024-07-02,"7.11.2.b"
"C13260",1,0,2024-06-27,2024-07-03,"7.11.2.b"
"C13260",1,0,2024-06-28,2024-07-04,"7.11.2.b"
"C13260",1,0,2024-06-29,2024-07-05,"7.11.2.b"
"C13260",1,0,2024-06-30,2024-07-06,"7.11.2.b"
"C13260",1,0,2024-07-04,2024-07-10,"7.11.2.b"
"C13260",1,0,2024-07-05,2024-07-11,"7.11.2.b"
"C13260",1,0,2024-07-06,2024-07-12,"7.11.2.b"
"C13260",1,0,2024-07-07,2024-07-13,"7.11.2.b"
"C13260",1,0,2024-07-08,2024-07-14,"7.11.2.b"
"C13260",1,0,2024-07-09,2024-07-15,"7.11.2.b"
"C13260",1,0,2024-07-10,2024-07-16,"7.11.2.b"
"C13260",1,0,2024-08-18,2024-08-24,"7.11.2.b"
"C13260",1,0,2025-06-04,2025-06-10,"7.11.2.b"
"C13260",1,0,2025-06-05,2025-06-11,"7.11.2.b"
"C13260",1,0,2025-06-07,2025-06-13,"7.11.2.b"
"C13260",1,0,2025-06-09,2025-06-15,"7.11.2.b"
"C13260",1,0,2025-06-10,2025-06-16,"7.11.2.b"
"C13260",1,0,2025-06-11,2025-06-17,"7.11.2.b"
"C13260",1,0,2025-06-13,2025-06-19,"7.11.2.b"
"C13260",1,0,2025-06-15,2025-06-21,"7.11.2.b"
"C13260",1,0,2025-06-18,2025-06-24,"7.11.2.b"
"C13260",1,0,2025-06-18,2025-11-19,"7.11.2.a"
"C13260",1,0,2025-06-19,2025-06-25,"7.11.2.b"
"C13260",1,0,2025-06-20,2025-06-26,"7.11.2.b"
"C13260",1,0,2025-06-21,2025-06-27,"7.11.2.b"
"C13260",1,0,2025-06-22,2025-06-28,"7.11.2.b"
"C13260",1,0,2025-06-24,2025-06-30,"7.11.2.b"
"C13260",1,0,2025-06-26,2025-07-02,"7.11.2.b"
"C13260",1,0,2025-06-27,2025-07-03,"7.11.2.b"
"C13260",1,0,2025-06-28,2025-07-04,"7.11.2.b"
"C13260",1,0,2025-06-29,2025-07-05,"7.11.2.b"
"C13260",1,0,2025-07-01,2025-07-07,"7.11.2.b"
"C13260",1,0,2025-07-02,2025-07-08,"7.11.2.b"
"C13260",1,0,2025-07-03,2025-07-09,"7.11.2.b"
"C13260",1,0,2025-07-04,2025-07-10,"7.11.2.b"
"C13260",1,0,2025-07-05,2025-07-11,"7.11.2.b"
"C13260",1,0,2025-07-06,2025-07-12,"7.11.2.b"
"C13260",1,0,2025-07-08,2025-07-14,"7.11.2.b"
"C13260",1,0,2025-07-10,2025-07-16,"7.11.2.b"
"C13260",1,0,2025-07-11,2025-07-17,"7.11.2.b"
"C13260",1,0,2025-07-13,2025-07-19,"7.11.2.b"
"C13260",1,0,2025-07-14,2025-07-20,"7.11.2.b"
"C13260",1,0,2025-07-15,2025-07-21,"7.11.2.b"
"C13260",1,0,2025-07-16,2025-07-22,"7.11.2.b"
"C13260",1,0,2025-07-17,2025-07-23,"7.11.2.b"
"C13260",1,0,2025-07-18,2025-07-24,"7.11.2.b"
"C13260",1,0,2025-07-19,2025-07-25,"7.11.2.b"
"C13260",1,0,2025-07-20,2025-07-26,"7.11.2.b"
"C13260",1,0,2025-07-21,2025-07-27,"7.11.2.b"
"C13260",1,0,2025-07-22,2025-07-28,"7.11.2.b"
"C13260",1,0,2025-07-23,2025-07-29,"7.11.2.b"
"C13260",1,0,2025-07-24,2025-07-30,"7.11.2.b"
"C13260",1,0,2025-07-25,2025-07-31,"7.11.2.b"
"C13260",1,0,2025-07-27,2025-08-02,"7.11.2.b"
"C13260",1,0,2025-07-28,2025-08-03,"7.11.2.b"
"C13260",1,0,2025-08-01,2025-08-07,"7.11.2.b"
"C13260",1,0,2025-08-05,2025-08-11,"7.11.2.b"
"C13260",1,0,2025-08-07,2025-08-13,"7.11.2.b"
"C13260",1,0,2025-08-09,2025-08-15,"7.11.2.b"
"C13260",1,0,2025-08-10,2025-08-16,"7.11.2.b"
"C13263",1,-2,2023-08-31,2023-10-26,"7.11.2.a"
"C13263",1,-2,2023-10-23,2023-11-04,"7.11.2.a"
"C13263",1,-2,2023-10-30,2023-11-22,"7.11.2.a"
"C13284",1,-1,2025-07-17,2025-08-03,"7.11.2.a"
"C13284",1,-1,2025-07-28,2025-09-15,"7.11.2.a"
"C13287",1,-1,2025-06-25,2025-07-01,"7.11.2.b"
"C13287",1,-1,2025-06-26,2025-07-02,"7.11.2.b"
"C13287",1,-1,2025-06-27,2025-07-03,"7.11.2.b"
"C13287",1,-1,2025-06-28,2025-07-04,"7.11.2.b"
"C13287",1,-1,2025-06-29,2025-07-05,"7.11.2.b"
"C13287",1,-1,2025-06-30,2025-07-06,"7.11.2.b"
"C13287",1,-1,2025-07-02,2025-07-08,"7.11.2.b"
"C13287",1,-1,2025-07-03,2025-07-09,"7.11.2.b"
"C13287",1,-1,2025-07-04,2025-07-10,"7.11.2.b"
"C13287",1,-1,2025-07-05,2025-07-11,"7.11.2.b"
"C13287",1,-1,2025-07-06,2025-07-12,"7.11.2.b"
"C13287",1,-1,2025-07-07,2025-07-13,"7.11.2.b"
"C13287",1,-1,2025-07-08,2025-07-14,"7.11.2.b"
"C13287",1,-1,2025-07-09,2025-07-15,"7.11.2.b"
"C13287",1,-1,2025-07-10,2025-07-16,"7.11.2.b"
"C13287",1,-1,2025-07-11,2025-07-17,"7.11.2.b"
"C13287",1,-1,2025-07-12,2025-07-18,"7.11.2.b"
"C13287",1,-1,2025-07-13,2025-07-19,"7.11.2.b"
"C13287",1,-1,2025-07-14,2025-07-20,"7.11.2.b"
"C13287",1,-1,2025-07-15,2025-07-21,"7.11.2.b"
"C13287",1,-1,2025-07-16,2025-07-22,"7.11.2.b"
"C13287",1,-1,2025-07-17,2025-07-23,"7.11.2.b"
"C13287",1,-1,2025-07-18,2025-07-24,"7.11.2.b"
"C13287",1,-1,2025-07-19,2025-07-25,"7.11.2.b"
"C13287",1,-1,2025-07-20,2025-07-26,"7.11.2.b"
"C13287",1,-1,2025-07-22,2025-07-28,"7.11.2.b"
"C13287",1,-1,2025-07-23,2025-07-29,"7.11.2.b"
"C13287",1,-1,2025-07-24,2025-07-30,"7.11.2.b"
"C13287",1,-1,2025-07-25,2025-07-31,"7.11.2.b"
"C13287",1,-1,2025-07-26,2025-08-01,"7.11.2.b"
"C13287",1,-1,2025-07-27,2025-08-02,"7.11.2.b"
"C13287",1,-1,2025-07-28,2025-08-03,"7.11.2.b"
"C13287",1,-1,2025-07-29,2025-08-04,"7.11.2.b"
"C13287",1,-1,2025-07-30,2025-08-05,"7.11.2.b"
"C13287",1,-1,2025-08-21,2025-08-27,"7.11.2.b"
"C13287",1,-1,2025-08-24,2025-08-30,"7.11.2.b"
"C13287",1,-1,2025-08-25,2025-08-31,"7.11.2.b"
"C13287",1,-1,2025-08-27,2025-09-02,"7.11.2.b"
"C13287",1,-1,2025-08-28,2025-09-03,"7.11.2.b"
"C13287",1,-1,2025-08-29,2025-09-04,"7.11.2.b"
"C13287",1,-1,2025-09-02,2025-09-08,"7.11.2.b"
"C13287",1,-1,2025-09-05,2025-09-30,"7.11.2.a"
"C13290",1,-2,2023-10-18,2023-11-09,"7.11.2.a"
"C13290",1,-2,2023-11-06,2023-12-01,"7.11.2.a"
"C13296",1,-1,2024-08-02,2024-10-17,"7.11.2.a"
"C13296",1,-1,2024-09-17,2025-03-06,"7.11.2.a"
"C13302",1,-2,2023-10-20,2023-11-01,"7.11.2.a"
"C13302",1,-2,2023-10-26,2024-01-12,"7.11.2.a"
"C13302",1,-2,2023-11-11,2024-01-23,"7.11.2.a"
"C13356",1,-2,2024-05-01,2024-05-24,"7.11.2.a"
"C13356",1,-2,2024-05-18,2024-06-12,"7.11.2.a"
"C13356",1,-2,2024-05-24,2024-07-23,"7.11.2.a"
"C13356",1,-1,2024-05-01,2024-05-24,"7.11.2.a"
"C13356",1,-1,2024-05-18,2024-06-12,"7.11.2.a"
"C13356",1,-1,2024-05-24,2024-07-23,"7.11.2.a"
"C13356",1,-1,2024-10-19,2024-10-25,"7.11.2.b"
"C13356",1,-1,2024-10-20,2024-10-26,"7.11.2.b"
"C13356",1,-1,2024-10-22,2024-10-28,"7.11.2.b"
"C13356",1,-1,2024-10-23,2024-11-06,"7.11.2.a"
"C13356",1,-1,2024-10-24,2024-10-30,"7.11.2.b"
"C13356",1,-1,2024-11-02,2024-11-13,"7.11.2.a"
"C13356",1,-1,2024-11-11,2024-11-28,"7.11.2.a"
"C13356",1,-1,2024-11-25,2024-12-01,"7.11.2.b"
"C13356",1,-1,2024-11-26,2024-12-02,"7.11.2.b"
"C13356",1,-1,2024-11-28,2024-12-04,"7.11.2.b"
"C13356",1,-1,2024-11-30,2024-12-19,"7.11.2.a"
"C13434",1,0,2024-10-19,2025-04-12,"7.11.2.a"
"C13434",1,0,2024-11-15,2025-10-07,"7.11.2.a"
"C13434",1,0,2025-05-10,2025-06-24,"7.11.2.a"
"C13452",1,-2,2023-12-10,2023-12-21,"7.11.2.a"
"C13452",1,-2,2023-12-15,2024-03-26,"7.11.2.a"
"C13452",1,-2,2023-12-29,2024-08-21,"7.11.2.a"
"C13563",1,-1,2025-08-09,2025-08-21,"7.11.2.a"
"C13563",1,-1,2025-08-17,2025-09-10,"7.11.2.a"
"C13563",1,0,2025-08-09,2025-08-21,"7.11.2.a"
"C13563",1,0,2025-08-17,2025-09-10,"7.11.2.a"
"C13563",1,0,2025-12-31,2026-01-12,"7.11.2.a"
"C13563",1,0,2026-01-08,2026-01-28,"7.11.2.a"
"C13581",2,0,2025-11-30,2026-01-20,"7.11.2.a"
"C13581",2,0,2025-12-15,2026-03-26,"7.11.2.a"
"C13596",1,-1,2024-04-03,2024-04-17,"7.11.2.a"
"C13596",1,-1,2024-04-11,2024-06-16,"7.11.2.a"
"C13596",1,-1,2024-04-27,2024-07-17,"7.11.2.a"
"C13596",1,-1,2024-04-27,2025-01-18,"7.11.2.a"
"C13698",1,0,2023-05-13,2024-01-16,"7.11.2.a"
"C13698",1,0,2024-10-27,2024-12-25,"7.11.2.a"
"C13698",1,0,2025-04-02,2025-04-23,"7.11.2.a"
"C13698",1,0,2025-04-04,2025-04-28,"7.11.2.a"
"C13698",1,0,2025-04-26,2025-05-09,"7.11.2.a"
"C13698",1,0,2025-05-03,2025-12-01,"7.11.2.a"
"C13698",1,0,2025-10-04,2025-12-22,"7.11.2.a"
"C13707",1,0,2025-04-18,2025-05-12,"7.11.2.a"
"C13707",1,0,2025-10-10,2025-11-18,"7.11.2.a"
"C13707",1,0,2025-11-16,2025-12-10,"7.11.2.a"
"C13707",1,0,2025-12-08,2026-01-05,"7.11.2.a"
"C13725",1,-2,2023-12-16,2023-12-28,"7.11.2.a"
"C13725",1,-2,2023-12-23,2024-01-02,"7.11.2.a"
"C13725",1,-2,2023-12-28,2024-01-26,"7.11.2.a"
"C13725",1,-1,2023-12-16,2023-12-28,"7.11.2.a"
"C13725",1,-1,2023-12-23,2024-01-02,"7.11.2.a"
"C13725",1,-1,2023-12-28,2024-01-26,"7.11.2.a"
"C13725",1,-1,2024-03-16,2024-03-22,"7.11.2.b"
"C13725",1,-1,2024-03-18,2024-03-24,"7.11.2.b"
"C13725",1,-1,2024-03-23,2024-03-29,"7.11.2.b"
"C13725",1,-1,2024-04-06,2024-04-12,"7.11.2.b"
"C13725",1,-1,2024-04-07,2024-04-13,"7.11.2.b"
"C13725",1,-1,2024-04-08,2024-04-14,"7.11.2.b"
"C13725",1,-1,2024-04-09,2024-04-15,"7.11.2.b"
"C13725",1,-1,2024-04-11,2024-04-17,"7.11.2.b"
"C13725",1,-1,2024-06-29,2024-07-30,"7.11.2.a"
"C13725",1,-1,2024-10-25,2024-11-23,"7.11.2.a"
"C13725",1,-1,2024-11-19,2025-01-21,"7.11.2.a"
"C13725",1,0,2023-12-16,2023-12-28,"7.11.2.a"
"C13725",1,0,2023-12-23,2024-01-02,"7.11.2.a"
"C13725",1,0,2023-12-28,2024-01-26,"7.11.2.a"
"C13725",1,0,2024-03-16,2024-03-22,"7.11.2.b"
"C13725",1,0,2024-03-18,2024-03-24,"7.11.2.b"
"C13725",1,0,2024-03-23,2024-03-29,"7.11.2.b"
"C13725",1,0,2024-04-06,2024-04-12,"7.11.2.b"
"C13725",1,0,2024-04-07,2024-04-13,"7.11.2.b"
"C13725",1,0,2024-04-08,2024-04-14,"7.11.2.b"
"C13725",1,0,2024-04-09,2024-04-15,"7.11.2.b"
"C13725",1,0,2024-04-11,2024-04-17,"7.11.2.b"
"C13725",1,0,2024-06-29,2024-07-30,"7.11.2.a"
"C13725",1,0,2024-10-25,2024-11-23,"7.11.2.a"
"C13725",1,0,2024-11-19,2025-01-21,"7.11.2.a"
"C13725",1,0,2025-11-26,2026-01-12,"7.11.2.a"
"C13725",1,0,2026-01-07,2026-01-29,"7.11.2.a"
"C13725",1,0,2026-01-26,2026-02-17,"7.11.2.a"
"C13884",1,-1,2025-04-26,2025-07-31,"7.11.2.a"
"C13884",1,-1,2025-07-03,2025-09-02,"7.11.2.a"
"C13920",1,0,2025-02-10,2025-09-24,"7.11.2.a"
"C13920",1,0,2025-09-19,2025-12-03,"7.11.2.a"
"C13938",1,0,2025-05-01,2025-05-07,"7.11.2.b"
"C13938",1,0,2025-05-04,2025-05-10,"7.11.2.b"
"C13938",1,0,2025-05-06,2025-05-12,"7.11.2.b"
"C13938",1,0,2025-05-07,2025-05-13,"7.11.2.b"
"C13938",1,0,2025-05-09,2025-05-15,"7.11.2.b"
"C13938",1,0,2025-05-12,2025-05-18,"7.11.2.b"
"C13938",1,0,2025-05-14,2025-05-20,"7.11.2.b"
"C13938",1,0,2025-05-18,2025-05-24,"7.11.2.b"
"C13938",1,0,2025-05-20,2025-05-26,"7.11.2.b"
"C13938",1,0,2025-05-22,2025-05-28,"7.11.2.b"
"C13938",1,0,2025-05-23,2025-05-29,"7.11.2.b"
"C13938",1,0,2025-05-26,2025-06-01,"7.11.2.b"
"C13938",1,0,2025-05-28,2025-06-03,"7.11.2.b"
"C13938",1,0,2025-05-29,2025-06-04,"7.11.2.b"
"C13938",1,0,2025-05-30,2025-06-05,"7.11.2.b"
"C13938",1,0,2025-06-03,2025-06-09,"7.11.2.b"
"C13938",1,0,2025-06-05,2025-06-11,"7.11.2.b"
"C13938",1,0,2025-06-13,2025-06-19,"7.11.2.b"
"C13938",1,0,2025-06-14,2025-06-20,"7.11.2.b"
"C13938",1,0,2025-06-16,2025-06-22,"7.11.2.b"
"C13938",1,0,2025-06-19,2026-02-20,"7.11.2.a"
"C14013",1,-1,2023-08-06,2023-09-12,"7.11.2.a"
"C14013",1,-1,2025-03-06,2025-03-15,"7.11.2.a"
"C14013",1,-1,2025-03-09,2025-05-03,"7.11.2.a"
"C14088",1,0,2025-12-01,2025-12-07,"7.11.2.b"
"C14088",1,0,2025-12-06,2025-12-25,"7.11.2.a"
"C14478",1,0,2023-01-27,2023-11-17,"7.11.2.a"
"C14478",1,0,2023-12-17,2023-12-23,"7.11.2.b"
"C14478",1,0,2023-12-18,2023-12-24,"7.11.2.b"
"C14478",1,0,2023-12-19,2023-12-25,"7.11.2.b"
"C14478",1,0,2023-12-21,2023-12-27,"7.11.2.b"
"C14478",1,0,2023-12-27,2024-01-02,"7.11.2.b"
"C14478",1,0,2023-12-28,2024-01-03,"7.11.2.b"
"C14478",1,0,2024-01-01,2024-01-07,"7.11.2.b"
"C14478",1,0,2024-01-09,2024-01-15,"7.11.2.b"
"C14478",1,0,2024-01-11,2024-01-17,"7.11.2.b"
"C14478",1,0,2024-01-13,2024-01-19,"7.11.2.b"
"C14478",1,0,2024-01-15,2024-01-21,"7.11.2.b"
"C14478",1,0,2024-01-20,2024-01-26,"7.11.2.b"
"C14478",1,0,2024-01-21,2024-01-27,"7.11.2.b"
"C14478",1,0,2024-01-22,2024-01-28,"7.11.2.b"
"C14478",1,0,2024-01-23,2024-01-29,"7.11.2.b"
"C14478",1,0,2024-01-25,2024-01-31,"7.11.2.b"
"C14478",1,0,2024-01-26,2024-02-01,"7.11.2.b"
"C14478",1,0,2024-01-27,2024-02-02,"7.11.2.b"
"C14478",1,0,2024-01-28,2024-02-03,"7.11.2.b"
"C14478",1,0,2024-01-29,2024-02-04,"7.11.2.b"
"C14478",1,0,2024-01-30,2024-02-05,"7.11.2.b"
"C14478",1,0,2024-01-31,2024-02-06,"7.11.2.b"
"C14478",1,0,2024-02-02,2024-02-08,"7.11.2.b"
"C14478",1,0,2024-02-03,2024-02-09,"7.11.2.b"
"C14478",1,0,2024-02-10,2024-02-16,"7.11.2.b"
"C14478",1,0,2024-03-12,2024-03-18,"7.11.2.b"
"C14478",1,0,2024-03-14,2024-03-20,"7.11.2.b"
"C14478",1,0,2024-03-16,2024-05-02,"7.11.2.a"
"C14478",1,0,2025-04-17,2025-04-23,"7.11.2.b"
"C14478",1,0,2025-04-26,2025-05-02,"7.11.2.b"
"C14478",1,0,2025-04-27,2026-02-10,"7.11.2.a"
"C14478",1,0,2025-04-28,2025-05-04,"7.11.2.b"
"C14478",1,0,2025-04-29,2025-05-05,"7.11.2.b"
"C14478",1,0,2025-04-30,2025-05-06,"7.11.2.b"
"C14478",1,0,2025-05-01,2025-05-07,"7.11.2.b"
"C14478",1,0,2025-05-05,2025-05-11,"7.11.2.b"
"C14478",1,0,2025-05-08,2025-05-14,"7.11.2.b"
"C14478",1,0,2025-05-10,2025-05-16,"7.11.2.b"
"C14478",1,0,2025-05-11,2025-05-17,"7.11.2.b"
"C14478",1,0,2025-05-14,2025-05-20,"7.11.2.b"
"C14478",1,0,2025-05-15,2025-05-21,"7.11.2.b"
"C14478",1,0,2025-05-16,2025-05-22,"7.11.2.b"
"C14478",1,0,2025-05-18,2025-05-24,"7.11.2.b"
"C14478",1,0,2025-05-19,2025-05-25,"7.11.2.b"
"C14478",1,0,2025-05-21,2025-05-27,"7.11.2.b"
"C14478",1,0,2025-05-22,2025-05-28,"7.11.2.b"
"C14478",1,0,2025-05-23,2025-05-29,"7.11.2.b"
"C14478",1,0,2025-05-24,2025-05-30,"7.11.2.b"
"C14478",1,0,2025-05-26,2025-06-01,"7.11.2.b"
"C14478",1,0,2025-05-27,2025-06-02,"7.11.2.b"
"C14478",1,0,2025-05-29,2025-06-04,"7.11.2.b"
"C14586",1,-2,2024-07-29,2024-08-09,"7.11.2.a"
"C14586",1,-2,2024-08-03,2024-09-18,"7.11.2.a"
"C14598",1,0,2025-06-03,2025-06-18,"7.11.2.a"
"C14598",1,0,2025-06-12,2025-10-13,"7.11.2.a"
"C14622",1,0,2025-11-24,2026-01-22,"7.11.2.a"
"C14622",1,0,2026-01-20,2026-01-26,"7.11.2.b"
"C14622",1,0,2026-01-28,2026-02-03,"7.11.2.b"
"C14622",1,0,2026-02-11,2026-02-17,"7.11.2.b"
"C14622",1,0,2026-02-12,2026-02-18,"7.11.2.b"
"C14622",1,0,2026-02-13,2026-02-19,"7.11.2.b"
"C14622",1,0,2026-02-14,2026-02-20,"7.11.2.b"
"C14622",1,0,2026-02-16,2026-02-22,"7.11.2.b"
"C14622",1,0,2026-02-22,2026-02-28,"7.11.2.b"
"C14622",1,0,2026-02-23,2026-03-01,"7.11.2.b"
"C14622",1,0,2026-02-28,2026-03-06,"7.11.2.b"
"C14622",1,0,2026-03-03,2026-03-09,"7.11.2.b"
"C14622",1,0,2026-03-04,2026-03-10,"7.11.2.b"
"C14622",1,0,2026-03-06,2026-03-12,"7.11.2.b"
"C14622",1,0,2026-03-07,2026-03-13,"7.11.2.b"
"C14622",1,0,2026-03-09,2026-03-15,"7.11.2.b"
"C14622",1,0,2026-03-11,2026-03-17,"7.11.2.b"
"C14622",1,0,2026-03-16,2026-03-22,"7.11.2.b"
"C14622",1,0,2026-03-19,2026-03-25,"7.11.2.b"
"C14688",1,-2,2023-08-31,2023-11-03,"7.11.2.a"
"C14688",1,-2,2023-10-29,2023-11-05,"7.11.2.a"
"C14688",1,-2,2023-10-30,2023-11-24,"7.11.2.a"
"C14688",1,-1,2023-08-31,2023-11-03,"7.11.2.a"
"C14688",1,-1,2023-10-29,2023-11-05,"7.11.2.a"
"C14688",1,-1,2023-10-30,2023-11-24,"7.11.2.a"
"C14688",1,-1,2024-01-29,2024-04-05,"7.11.2.a"
"C14688",1,-1,2024-03-17,2025-01-04,"7.11.2.a"
"C14688",1,-1,2024-04-07,2024-05-14,"7.11.2.a"
"C14847",1,-2,2023-12-07,2023-12-16,"7.11.2.a"
"C14847",1,-2,2023-12-10,2024-01-31,"7.11.2.a"
"C14847",1,-2,2023-12-22,2024-07-08,"7.11.2.a"
"C14856",1,-1,2024-10-07,2024-10-18,"7.11.2.a"
"C14856",1,-1,2024-10-15,2024-11-03,"7.11.2.a"
"C14856",1,0,2024-10-07,2024-10-18,"7.11.2.a"
"C14856",1,0,2024-10-15,2024-11-03,"7.11.2.a"
"C14856",1,0,2024-11-29,2025-01-13,"7.11.2.a"
"C14856",1,0,2025-01-11,2025-01-30,"7.11.2.a"
"C14856",1,0,2025-03-14,2025-04-10,"7.11.2.a"
"C14856",1,0,2025-04-05,2025-04-24,"7.11.2.a"
"C14856",1,0,2025-04-21,2025-06-03,"7.11.2.a"
"C14856",1,0,2025-05-07,2025-05-30,"7.11.2.a"
"C14856",1,0,2025-06-16,2025-07-11,"7.11.2.a"
"C14856",1,0,2025-12-26,2026-01-20,"7.11.2.a"
"C14856",1,0,2026-01-18,2026-02-17,"7.11.2.a"
"C14949",1,-2,2023-08-26,2023-09-01,"7.11.2.b"
"C14949",1,-2,2023-08-27,2023-09-02,"7.11.2.b"
"C14949",1,-2,2023-09-03,2023-09-09,"7.11.2.b"
"C14949",1,-2,2023-09-04,2023-09-10,"7.11.2.b"
"C14949",1,-2,2023-09-09,2023-09-15,"7.11.2.b"
"C14949",1,-2,2023-09-11,2023-09-17,"7.11.2.b"
"C14949",1,-2,2023-09-12,2023-09-18,"7.11.2.b"
"C14949",1,-2,2023-09-15,2023-12-12,"7.11.2.a"
"C14952",1,-2,2024-01-02,2024-01-15,"7.11.2.a"
"C14952",1,-2,2024-01-11,2024-01-21,"7.11.2.a"
"C14952",1,-2,2024-01-17,2024-01-24,"7.11.2.a"
"C14952",1,-2,2024-01-22,2024-01-28,"7.11.2.b"
"C14952",1,-2,2024-01-23,2024-01-29,"7.11.2.b"
"C14952",1,-2,2024-01-24,2024-01-30,"7.11.2.b"
"C14952",1,-2,2024-01-25,2024-01-31,"7.11.2.b"
"C14952",1,-2,2024-01-26,2024-02-01,"7.11.2.b"
"C14952",1,-2,2024-01-27,2024-02-02,"7.11.2.b"
"C14952",1,-2,2024-01-28,2024-02-03,"7.11.2.b"
"C14952",1,-2,2024-01-29,2024-02-04,"7.11.2.b"
"C14952",1,-2,2024-01-30,2024-02-05,"7.11.2.b"
"C14952",1,-2,2024-01-31,2024-02-06,"7.11.2.b"
"C14952",1,-2,2024-02-01,2024-02-07,"7.11.2.b"
"C14952",1,-2,2024-02-02,2024-02-08,"7.11.2.b"
"C14952",1,-2,2024-02-03,2024-02-09,"7.11.2.b"
"C14952",1,-2,2024-02-04,2024-02-10,"7.11.2.b"
"C14952",1,-2,2024-02-05,2024-02-11,"7.11.2.b"
"C14952",1,-2,2024-02-06,2024-02-12,"7.11.2.b"
"C14952",1,-2,2024-02-07,2024-02-13,"7.11.2.b"
"C14952",1,-2,2024-02-08,2024-02-14,"7.11.2.b"
"C14952",1,-2,2024-02-09,2024-02-15,"7.11.2.b"
"C14952",1,-2,2024-02-10,2024-02-16,"7.11.2.b"
"C14952",1,-2,2024-02-11,2024-02-17,"7.11.2.b"
"C14952",1,-2,2024-02-12,2024-02-18,"7.11.2.b"
"C14952",1,-2,2024-02-13,2024-02-19,"7.11.2.b"
"C14952",1,-2,2024-02-14,2024-02-20,"7.11.2.b"
"C14952",1,-2,2024-02-15,2024-02-21,"7.11.2.b"
"C14952",1,-2,2024-02-16,2024-02-22,"7.11.2.b"
"C14952",1,-2,2024-02-16,2024-06-22,"7.11.2.a"
"C14952",1,-2,2024-02-18,2024-02-24,"7.11.2.b"
"C14988",1,-2,2023-12-26,2024-01-03,"7.11.2.a"
"C14988",1,-2,2023-12-28,2024-01-26,"7.11.2.a"
"C14991",1,-2,2023-10-22,2023-10-28,"7.11.2.b"
"C14991",1,-2,2023-10-23,2023-10-29,"7.11.2.b"
"C14991",1,-2,2023-10-25,2023-10-31,"7.11.2.b"
"C14991",1,-2,2023-10-27,2023-11-02,"7.11.2.b"
"C14991",1,-2,2023-10-28,2023-11-03,"7.11.2.b"
"C14991",1,-2,2023-10-30,2023-11-05,"7.11.2.b"
"C14991",1,-2,2023-11-02,2023-11-08,"7.11.2.b"
"C14991",1,-2,2023-11-03,2023-11-09,"7.11.2.b"
"C14991",1,-2,2023-11-04,2023-11-10,"7.11.2.b"
"C14991",1,-2,2023-11-07,2023-11-13,"7.11.2.b"
"C14991",1,-2,2023-11-08,2023-11-14,"7.11.2.b"
"C14991",1,-2,2023-11-09,2023-11-15,"7.11.2.b"
"C14991",1,-2,2023-11-10,2023-11-16,"7.11.2.b"
"C14991",1,-2,2023-11-12,2023-11-18,"7.11.2.b"
"C14991",1,-2,2023-11-12,2024-07-24,"7.11.2.a"
"C14991",1,-2,2023-11-13,2023-11-19,"7.11.2.b"
"C14991",1,-2,2023-11-14,2023-11-20,"7.11.2.b"
"C14991",1,-2,2023-11-15,2023-11-21,"7.11.2.b"
"C14991",1,-2,2023-11-18,2023-11-24,"7.11.2.b"
"C14991",1,-2,2023-11-21,2023-11-27,"7.11.2.b"
"C14991",1,-2,2023-11-22,2023-11-28,"7.11.2.b"
"C14991",1,-2,2023-11-23,2023-11-29,"7.11.2.b"
"C14991",1,-2,2023-11-24,2023-11-30,"7.11.2.b"
"C14991",1,0,2023-10-22,2023-10-28,"7.11.2.b"
"C14991",1,0,2023-10-23,2023-10-29,"7.11.2.b"
"C14991",1,0,2023-10-25,2023-10-31,"7.11.2.b"
"C14991",1,0,2023-10-27,2023-11-02,"7.11.2.b"
"C14991",1,0,2023-10-28,2023-11-03,"7.11.2.b"
"C14991",1,0,2023-10-30,2023-11-05,"7.11.2.b"
"C14991",1,0,2023-11-02,2023-11-08,"7.11.2.b"
"C14991",1,0,2023-11-03,2023-11-09,"7.11.2.b"
"C14991",1,0,2023-11-04,2023-11-10,"7.11.2.b"
"C14991",1,0,2023-11-07,2023-11-13,"7.11.2.b"
"C14991",1,0,2023-11-08,2023-11-14,"7.11.2.b"
"C14991",1,0,2023-11-09,2023-11-15,"7.11.2.b"
"C14991",1,0,2023-11-10,2023-11-16,"7.11.2.b"
"C14991",1,0,2023-11-12,2023-11-18,"7.11.2.b"
"C14991",1,0,2023-11-12,2024-07-24,"7.11.2.a"
"C14991",1,0,2023-11-13,2023-11-19,"7.11.2.b"
"C14991",1,0,2023-11-14,2023-11-20,"7.11.2.b"
"C14991",1,0,2023-11-15,2023-11-21,"7.11.2.b"
"C14991",1,0,2023-11-18,2023-11-24,"7.11.2.b"
"C14991",1,0,2023-11-21,2023-11-27,"7.11.2.b"
"C14991",1,0,2023-11-22,2023-11-28,"7.11.2.b"
"C14991",1,0,2023-11-23,2023-11-29,"7.11.2.b"
"C14991",1,0,2023-11-24,2023-11-30,"7.11.2.b"
"C14991",1,0,2024-08-20,2024-08-26,"7.11.2.b"
"C14991",1,0,2024-08-22,2024-08-28,"7.11.2.b"
"C14991",1,0,2024-08-24,2024-08-30,"7.11.2.b"
"C14991",1,0,2024-08-25,2024-08-31,"7.11.2.b"
"C14991",1,0,2024-08-26,2024-09-01,"7.11.2.b"
"C14991",1,0,2024-09-02,2024-09-08,"7.11.2.b"
"C14991",1,0,2024-09-03,2024-09-09,"7.11.2.b"
"C14991",1,0,2024-09-06,2024-09-12,"7.11.2.b"
"C14991",1,0,2024-09-06,2025-11-21,"7.11.2.a"
"C14991",1,0,2024-09-07,2024-09-13,"7.11.2.b"
"C14991",1,0,2024-09-08,2024-09-14,"7.11.2.b"
"C14991",1,0,2024-09-10,2024-09-16,"7.11.2.b"
"C14991",1,0,2024-09-11,2024-09-17,"7.11.2.b"
"C14991",1,0,2024-09-12,2024-09-18,"7.11.2.b"
"C14991",1,0,2024-09-13,2024-09-19,"7.11.2.b"
"C14991",1,0,2024-09-16,2024-09-22,"7.11.2.b"
"C14991",1,0,2024-09-18,2024-09-24,"7.11.2.b"
"C14991",1,0,2024-09-20,2024-09-26,"7.11.2.b"
"C14991",1,0,2024-09-22,2024-09-28,"7.11.2.b"
"C14991",1,0,2024-09-23,2024-09-29,"7.11.2.b"
"C14991",1,0,2024-09-27,2024-10-03,"7.11.2.b"
"C14991",1,0,2024-09-28,2024-10-04,"7.11.2.b"
"C14991",1,0,2024-10-03,2024-10-09,"7.11.2.b"
"C14991",1,0,2024-10-06,2024-10-12,"7.11.2.b"
"C14991",1,0,2024-10-07,2024-10-13,"7.11.2.b"
"C14991",1,0,2024-10-08,2024-10-14,"7.11.2.b"
"C14991",1,0,2024-10-13,2024-10-19,"7.11.2.b"
"C14991",1,0,2024-10-16,2024-10-22,"7.11.2.b"
"C14991",1,0,2024-10-20,2024-10-26,"7.11.2.b"
"C14991",1,0,2024-10-25,2024-10-31,"7.11.2.b"
"C14991",1,0,2024-11-02,2024-11-08,"7.11.2.b"
"C15006",1,0,2024-08-23,2024-10-21,"7.11.2.a"
"C15006",1,0,2025-08-24,2025-08-30,"7.11.2.b"
"C15006",1,0,2025-08-26,2025-09-01,"7.11.2.b"
"C15006",1,0,2025-08-27,2025-09-02,"7.11.2.b"
"C15006",1,0,2025-08-28,2025-09-03,"7.11.2.b"
"C15006",1,0,2025-08-29,2025-09-04,"7.11.2.b"
"C15006",1,0,2025-08-31,2025-09-06,"7.11.2.b"
"C15006",1,0,2025-09-01,2025-09-07,"7.11.2.b"
"C15006",1,0,2025-09-02,2025-09-08,"7.11.2.b"
"C15006",1,0,2025-09-05,2025-09-11,"7.11.2.b"
"C15006",1,0,2025-09-06,2025-09-12,"7.11.2.b"
"C15006",1,0,2025-09-08,2025-09-14,"7.11.2.b"
"C15006",1,0,2025-09-13,2025-09-19,"7.11.2.b"
"C15006",1,0,2025-09-15,2025-09-21,"7.11.2.b"
"C15006",1,0,2025-09-17,2025-09-23,"7.11.2.b"
"C15006",1,0,2025-09-19,2025-09-25,"7.11.2.b"
"C15006",1,0,2025-09-20,2025-09-26,"7.11.2.b"
"C15006",1,0,2025-09-21,2025-09-27,"7.11.2.b"
"C15006",1,0,2025-09-22,2025-09-28,"7.11.2.b"
"C15006",1,0,2025-09-23,2025-09-29,"7.11.2.b"
"C15006",1,0,2025-09-25,2025-10-01,"7.11.2.b"
"C15006",1,0,2025-09-26,2025-10-02,"7.11.2.b"
"C15006",1,0,2025-09-27,2025-10-03,"7.11.2.b"
"C15006",1,0,2025-09-29,2025-10-05,"7.11.2.b"
"C15006",1,0,2025-10-03,2025-10-09,"7.11.2.b"
"C15006",1,0,2025-10-04,2025-10-10,"7.11.2.b"
"C15006",1,0,2025-10-05,2025-10-11,"7.11.2.b"
"C15006",1,0,2025-10-08,2025-10-14,"7.11.2.b"
"C15006",1,0,2025-10-09,2025-10-15,"7.11.2.b"
"C15006",1,0,2025-10-10,2025-10-16,"7.11.2.b"
"C15006",1,0,2025-10-11,2025-10-17,"7.11.2.b"
"C15006",1,0,2025-10-12,2025-10-18,"7.11.2.b"
"C15006",1,0,2025-10-14,2025-10-20,"7.11.2.b"
"C15006",1,0,2025-10-15,2025-10-21,"7.11.2.b"
"C15006",1,0,2025-10-16,2025-10-22,"7.11.2.b"
"C15006",1,0,2025-10-17,2025-10-23,"7.11.2.b"
"C15006",1,0,2025-10-18,2025-10-24,"7.11.2.b"
"C15006",1,0,2025-10-19,2025-10-25,"7.11.2.b"
"C15006",1,0,2025-10-20,2025-10-26,"7.11.2.b"
"C15006",1,0,2025-10-21,2025-10-27,"7.11.2.b"
"C15006",1,0,2025-10-22,2025-10-28,"7.11.2.b"
"C15006",1,0,2025-10-23,2025-10-29,"7.11.2.b"
"C15006",1,0,2025-10-24,2025-10-30,"7.11.2.b"
"C15006",1,0,2025-10-25,2025-10-31,"7.11.2.b"
"C15006",1,0,2025-10-27,2025-11-02,"7.11.2.b"
"C15006",1,0,2025-10-28,2025-11-03,"7.11.2.b"
"C15006",1,0,2025-10-29,2025-11-04,"7.11.2.b"
"C15006",1,0,2025-10-30,2025-11-05,"7.11.2.b"
"C15006",1,0,2025-10-31,2025-11-06,"7.11.2.b"
"C15006",1,0,2025-11-01,2025-11-07,"7.11.2.b"
"C15006",1,0,2025-11-02,2025-11-08,"7.11.2.b"
"C15045",2,0,2025-10-14,2025-10-20,"7.11.2.b"
"C15045",2,0,2025-10-15,2025-10-21,"7.11.2.b"
"C15045",2,0,2025-10-16,2025-10-22,"7.11.2.b"
"C15045",2,0,2025-10-17,2025-10-23,"7.11.2.b"
"C15045",2,0,2025-10-18,2025-10-24,"7.11.2.b"
"C15045",2,0,2025-10-19,2025-10-25,"7.11.2.b"
"C15045",2,0,2025-10-20,2025-10-26,"7.11.2.b"
"C15045",2,0,2025-10-21,2025-10-27,"7.11.2.b"
"C15045",2,0,2025-10-22,2025-10-28,"7.11.2.b"
"C15045",2,0,2025-10-23,2025-10-29,"7.11.2.b"
"C15045",2,0,2025-10-24,2025-10-30,"7.11.2.b"
"C15045",2,0,2025-10-25,2025-10-31,"7.11.2.b"
"C15045",2,0,2025-10-26,2025-11-01,"7.11.2.b"
"C15045",2,0,2025-10-28,2025-11-03,"7.11.2.b"
"C15045",2,0,2025-10-29,2025-11-04,"7.11.2.b"
"C15045",2,0,2025-10-31,2025-11-06,"7.11.2.b"
"C15045",2,0,2025-11-01,2025-11-07,"7.11.2.b"
"C15045",2,0,2025-11-02,2025-11-08,"7.11.2.b"
"C15045",2,0,2025-11-03,2025-11-09,"7.11.2.b"
"C15045",2,0,2025-11-10,2025-11-16,"7.11.2.b"
"C15045",2,0,2025-11-14,2026-03-11,"7.11.2.a"
"C15045",2,0,2025-11-16,2025-11-22,"7.11.2.b"
"C15045",2,0,2025-11-20,2025-11-26,"7.11.2.b"
"C15045",2,0,2025-11-22,2025-11-28,"7.11.2.b"
"C15063",1,0,2025-11-17,2025-11-29,"7.11.2.a"
"C15063",1,0,2025-11-24,2025-12-08,"7.11.2.a"
"C15063",1,0,2025-12-03,2026-01-02,"7.11.2.a"
"C15063",1,0,2025-12-29,2026-01-17,"7.11.2.a"
"C15063",1,0,2026-01-12,2026-01-31,"7.11.2.a"
"C15063",1,0,2026-01-26,2026-02-16,"7.11.2.a"
"C15150",1,-2,2023-11-11,2023-11-17,"7.11.2.b"
"C15150",1,-2,2023-11-12,2023-11-18,"7.11.2.b"
"C15150",1,-2,2023-11-13,2023-11-19,"7.11.2.b"
"C15150",1,-2,2023-11-14,2023-11-20,"7.11.2.b"
"C15150",1,-2,2023-11-15,2023-11-21,"7.11.2.b"
"C15150",1,-2,2023-11-17,2023-11-23,"7.11.2.b"
"C15150",1,-2,2023-11-18,2023-11-24,"7.11.2.b"
"C15150",1,-2,2023-11-19,2023-11-25,"7.11.2.b"
"C15150",1,-2,2023-11-20,2023-11-26,"7.11.2.b"
"C15150",1,-2,2023-11-21,2023-11-27,"7.11.2.b"
"C15150",1,-2,2023-11-22,2023-11-28,"7.11.2.b"
"C15150",1,-2,2023-11-23,2023-11-29,"7.11.2.b"
"C15150",1,-2,2023-11-24,2023-11-30,"7.11.2.b"
"C15150",1,-2,2023-11-25,2023-12-01,"7.11.2.b"
"C15150",1,-2,2023-11-26,2023-12-02,"7.11.2.b"
"C15150",1,-2,2023-11-27,2023-12-03,"7.11.2.b"
"C15150",1,-2,2023-11-28,2023-12-04,"7.11.2.b"
"C15150",1,-2,2023-11-29,2023-12-05,"7.11.2.b"
"C15150",1,-2,2023-11-30,2023-12-06,"7.11.2.b"
"C15150",1,-2,2023-12-01,2023-12-07,"7.11.2.b"
"C15150",1,-2,2023-12-02,2023-12-08,"7.11.2.b"
"C15150",1,-2,2023-12-03,2023-12-09,"7.11.2.b"
"C15150",1,-2,2023-12-04,2023-12-10,"7.11.2.b"
"C15150",1,-2,2023-12-06,2023-12-12,"7.11.2.b"
"C15150",1,-2,2023-12-07,2023-12-13,"7.11.2.b"
"C15150",1,-2,2023-12-08,2023-12-14,"7.11.2.b"
"C15150",1,-2,2023-12-10,2023-12-16,"7.11.2.b"
"C15150",1,-2,2023-12-11,2023-12-17,"7.11.2.b"
"C15150",1,-2,2023-12-12,2023-12-18,"7.11.2.b"
"C15150",1,-2,2023-12-13,2023-12-19,"7.11.2.b"
"C15150",1,-2,2023-12-14,2023-12-20,"7.11.2.b"
"C15150",1,-2,2023-12-15,2023-12-21,"7.11.2.b"
"C15150",1,-2,2023-12-16,2023-12-22,"7.11.2.b"
"C15150",1,-2,2023-12-17,2023-12-23,"7.11.2.b"
"C15150",1,-2,2023-12-18,2023-12-24,"7.11.2.b"
"C15150",1,-2,2023-12-19,2023-12-25,"7.11.2.b"
"C15150",1,-2,2023-12-20,2023-12-26,"7.11.2.b"
"C15150",1,-2,2023-12-21,2023-12-27,"7.11.2.b"
"C15150",1,-2,2023-12-22,2023-12-28,"7.11.2.b"
"C15150",1,-2,2023-12-23,2023-12-29,"7.11.2.b"
"C15150",1,-2,2023-12-25,2023-12-31,"7.11.2.b"
"C15150",1,-2,2023-12-26,2024-01-01,"7.11.2.b"
"C15150",1,-2,2023-12-27,2024-01-02,"7.11.2.b"
"C15150",1,-2,2023-12-28,2024-01-03,"7.11.2.b"
"C15150",1,-2,2023-12-29,2024-01-04,"7.11.2.b"
"C15150",1,-2,2023-12-30,2024-01-05,"7.11.2.b"
"C15150",1,-2,2023-12-31,2024-01-06,"7.11.2.b"
"C15150",1,-2,2024-01-01,2024-01-07,"7.11.2.b"
"C15150",1,-2,2024-01-02,2024-01-08,"7.11.2.b"
"C15150",1,-2,2024-01-03,2024-01-09,"7.11.2.b"
"C15150",1,-2,2024-01-04,2024-01-10,"7.11.2.b"
"C15150",1,-2,2024-01-05,2024-01-11,"7.11.2.b"
"C15150",1,-2,2024-01-06,2024-01-12,"7.11.2.b"
"C15150",1,-2,2024-01-07,2024-01-13,"7.11.2.b"
"C15150",1,-2,2024-01-08,2024-01-14,"7.11.2.b"
"C15150",1,-2,2024-01-09,2024-01-15,"7.11.2.b"
"C15150",1,-2,2024-01-10,2024-01-16,"7.11.2.b"
"C15150",1,-2,2024-01-12,2024-01-18,"7.11.2.b"
"C15150",1,-2,2024-01-13,2024-01-19,"7.11.2.b"
"C15150",1,-2,2024-01-15,2024-01-21,"7.11.2.b"
"C15150",1,-2,2024-01-16,2024-01-22,"7.11.2.b"
"C15150",1,-2,2024-01-17,2024-01-23,"7.11.2.b"
"C15150",1,-2,2024-01-20,2024-01-26,"7.11.2.b"
"C15150",1,-2,2024-01-21,2024-01-27,"7.11.2.b"
"C15150",1,-2,2024-01-22,2024-01-28,"7.11.2.b"
"C15150",1,-2,2024-01-23,2024-01-29,"7.11.2.b"
"C15150",1,-2,2024-01-24,2024-01-30,"7.11.2.b"
"C15150",1,-2,2024-01-25,2024-01-31,"7.11.2.b"
"C15150",1,-2,2024-01-26,2024-02-01,"7.11.2.b"
"C15150",1,-2,2024-01-27,2024-02-02,"7.11.2.b"
"C15150",1,-2,2024-01-28,2024-02-03,"7.11.2.b"
"C15150",1,-2,2024-01-29,2024-02-04,"7.11.2.b"
"C15150",1,-2,2024-01-30,2024-02-05,"7.11.2.b"
"C15150",1,-2,2024-01-31,2024-02-06,"7.11.2.b"
"C15150",1,-2,2024-02-01,2024-02-07,"7.11.2.b"
"C15150",1,-2,2024-02-02,2024-02-08,"7.11.2.b"
"C15150",1,-2,2024-02-03,2024-02-09,"7.11.2.b"
"C15150",1,-2,2024-02-04,2024-02-10,"7.11.2.b"
"C15150",1,-2,2024-02-05,2024-02-11,"7.11.2.b"
"C15150",1,-2,2024-02-06,2024-02-12,"7.11.2.b"
"C15150",1,-2,2024-02-07,2024-02-13,"7.11.2.b"
"C15150",1,-2,2024-02-08,2024-02-14,"7.11.2.b"
"C15150",1,-2,2024-02-09,2024-02-15,"7.11.2.b"
"C15150",1,-2,2024-02-10,2024-02-16,"7.11.2.b"
"C15150",1,-2,2024-02-11,2024-02-17,"7.11.2.b"
"C15150",1,-2,2024-02-12,2024-02-18,"7.11.2.b"
"C15150",1,-2,2024-02-13,2024-02-19,"7.11.2.b"
"C15150",1,-2,2024-02-14,2024-02-20,"7.11.2.b"
"C15150",1,-2,2024-02-15,2024-02-21,"7.11.2.b"
"C15150",1,-2,2024-02-16,2024-02-22,"7.11.2.b"
"C15150",1,-2,2024-02-17,2024-02-23,"7.11.2.b"
"C15150",1,-2,2024-02-18,2024-02-24,"7.11.2.b"
"C15150",1,-2,2024-02-19,2024-02-25,"7.11.2.b"
"C15150",1,-2,2024-02-20,2024-02-26,"7.11.2.b"
"C15150",1,-2,2024-02-22,2024-02-28,"7.11.2.b"
"C15150",1,-2,2024-02-24,2024-03-01,"7.11.2.b"
"C15150",1,-2,2024-02-25,2024-03-02,"7.11.2.b"
"C15150",1,-2,2024-02-26,2024-03-03,"7.11.2.b"
"C15150",1,-2,2024-02-27,2024-03-04,"7.11.2.b"
"C15150",1,-2,2024-02-28,2024-03-05,"7.11.2.b"
"C15150",1,-2,2024-03-01,2024-03-07,"7.11.2.b"
"C15150",1,-2,2024-03-02,2024-03-08,"7.11.2.b"
"C15150",1,-2,2024-03-03,2024-03-09,"7.11.2.b"
"C15150",1,-2,2024-03-04,2024-03-10,"7.11.2.b"
"C15150",1,-2,2024-03-05,2024-03-11,"7.11.2.b"
"C15159",1,-1,2024-09-01,2024-12-04,"7.11.2.a"
"C15159",1,-1,2024-11-24,2025-01-06,"7.11.2.a"
"C15159",1,-1,2024-11-29,2024-12-05,"7.11.2.b"
"C15159",1,-1,2024-12-01,2024-12-07,"7.11.2.b"
"C15159",1,-1,2024-12-03,2024-12-09,"7.11.2.b"
"C15159",1,-1,2024-12-04,2024-12-10,"7.11.2.b"
"C15159",1,-1,2024-12-05,2024-12-11,"7.11.2.b"
"C15159",1,-1,2024-12-06,2024-12-12,"7.11.2.b"
"C15159",1,-1,2024-12-07,2024-12-13,"7.11.2.b"
"C15159",1,-1,2024-12-10,2024-12-16,"7.11.2.b"
"C15159",1,-1,2024-12-12,2024-12-18,"7.11.2.b"
"C15159",1,-1,2024-12-14,2024-12-20,"7.11.2.b"
"C15159",1,-1,2024-12-17,2024-12-23,"7.11.2.b"
"C15159",1,-1,2024-12-18,2024-12-24,"7.11.2.b"
"C15159",1,-1,2024-12-19,2024-12-25,"7.11.2.b"
"C15159",1,-1,2024-12-20,2024-12-26,"7.11.2.b"
"C15159",1,-1,2024-12-21,2024-12-27,"7.11.2.b"
"C15159",1,-1,2024-12-24,2024-12-30,"7.11.2.b"
"C15159",1,-1,2024-12-26,2025-01-01,"7.11.2.b"
"C15159",1,-1,2024-12-27,2025-01-02,"7.11.2.b"
"C15159",1,-1,2024-12-30,2025-01-05,"7.11.2.b"
"C15159",1,-1,2025-01-04,2025-01-10,"7.11.2.b"
"C15159",1,-1,2025-01-06,2025-01-12,"7.11.2.b"
"C15159",1,-1,2025-01-07,2025-01-13,"7.11.2.b"
"C15159",1,-1,2025-01-08,2025-01-14,"7.11.2.b"
"C15159",1,-1,2025-01-09,2025-01-15,"7.11.2.b"
"C15159",1,-1,2025-01-10,2025-01-16,"7.11.2.b"
"C15159",1,-1,2025-01-11,2025-01-17,"7.11.2.b"
"C15159",1,-1,2025-01-12,2025-01-18,"7.11.2.b"
"C15159",1,-1,2025-01-13,2025-01-19,"7.11.2.b"
"C15159",1,-1,2025-01-14,2025-01-20,"7.11.2.b"
"C15159",1,-1,2025-01-15,2025-01-21,"7.11.2.b"
"C15159",1,-1,2025-01-16,2025-01-22,"7.11.2.b"
"C15159",1,-1,2025-01-17,2025-01-23,"7.11.2.b"
"C15159",1,-1,2025-01-18,2025-01-24,"7.11.2.b"
"C15159",1,-1,2025-01-19,2025-01-25,"7.11.2.b"
"C15159",1,-1,2025-01-20,2025-01-26,"7.11.2.b"
"C15159",1,-1,2025-01-21,2025-01-27,"7.11.2.b"
"C15159",1,-1,2025-01-23,2025-01-29,"7.11.2.b"
"C15159",1,-1,2025-01-24,2025-01-30,"7.11.2.b"
"C15159",1,-1,2025-01-25,2025-01-31,"7.11.2.b"
"C15159",1,-1,2025-01-26,2025-02-01,"7.11.2.b"
"C15159",1,-1,2025-01-27,2025-02-02,"7.11.2.b"
"C15159",1,-1,2025-01-28,2025-02-03,"7.11.2.b"
"C15159",1,-1,2025-01-29,2025-02-04,"7.11.2.b"
"C15159",1,-1,2025-01-30,2025-02-05,"7.11.2.b"
"C15159",1,-1,2025-02-01,2025-02-07,"7.11.2.b"
"C15159",1,-1,2025-02-03,2025-02-09,"7.11.2.b"
"C15159",1,-1,2025-02-05,2025-02-11,"7.11.2.b"
"C15159",1,-1,2025-02-06,2025-02-12,"7.11.2.b"
"C15159",1,-1,2025-02-07,2025-02-13,"7.11.2.b"
"C15159",1,-1,2025-02-08,2025-02-14,"7.11.2.b"
"C15159",1,-1,2025-02-09,2025-02-15,"7.11.2.b"
"C15159",1,-1,2025-02-10,2025-02-16,"7.11.2.b"
"C15159",1,-1,2025-02-11,2025-02-17,"7.11.2.b"
"C15159",1,-1,2025-02-13,2025-02-19,"7.11.2.b"
"C15159",1,-1,2025-02-14,2025-02-20,"7.11.2.b"
"C15159",1,-1,2025-02-15,2025-02-21,"7.11.2.b"
"C15159",1,-1,2025-02-16,2025-02-22,"7.11.2.b"
"C15159",1,-1,2025-02-17,2025-02-23,"7.11.2.b"
"C15159",1,-1,2025-02-18,2025-02-24,"7.11.2.b"
"C15159",1,-1,2025-02-19,2025-02-25,"7.11.2.b"
"C15159",1,-1,2025-02-21,2025-02-27,"7.11.2.b"
"C15159",1,-1,2025-02-22,2025-02-28,"7.11.2.b"
"C15159",1,-1,2025-02-23,2025-03-01,"7.11.2.b"
"C15159",1,-1,2025-02-25,2025-03-03,"7.11.2.b"
"C15159",1,-1,2025-02-26,2025-03-04,"7.11.2.b"
"C15159",1,-1,2025-02-27,2025-03-05,"7.11.2.b"
"C15159",1,-1,2025-02-28,2025-03-06,"7.11.2.b"
"C15159",1,-1,2025-03-01,2025-03-07,"7.11.2.b"
"C15159",1,-1,2025-03-02,2025-03-08,"7.11.2.b"
"C15159",1,-1,2025-03-03,2025-03-09,"7.11.2.b"
"C15159",1,-1,2025-03-04,2025-03-10,"7.11.2.b"
"C15159",1,-1,2025-03-05,2025-03-11,"7.11.2.b"
"C15159",1,-1,2025-03-06,2025-03-12,"7.11.2.b"
"C15159",1,-1,2025-03-07,2025-03-13,"7.11.2.b"
"C15159",1,-1,2025-03-08,2025-03-14,"7.11.2.b"
"C15159",1,-1,2025-03-09,2025-03-15,"7.11.2.b"
"C15159",1,-1,2025-03-10,2025-03-16,"7.11.2.b"
"C15159",1,-1,2025-03-11,2025-03-17,"7.11.2.b"
"C15159",1,-1,2025-03-13,2025-03-19,"7.11.2.b"
"C15159",1,-1,2025-03-15,2025-03-21,"7.11.2.b"
"C15159",1,-1,2025-03-16,2025-03-22,"7.11.2.b"
"C15159",1,-1,2025-03-17,2025-03-23,"7.11.2.b"
"C15159",1,-1,2025-03-18,2025-03-24,"7.11.2.b"
"C15159",1,-1,2025-03-19,2025-03-25,"7.11.2.b"
"C15159",1,-1,2025-03-20,2025-03-26,"7.11.2.b"
"C15159",1,-1,2025-03-21,2025-03-27,"7.11.2.b"
"C15159",1,-1,2025-03-22,2025-03-28,"7.11.2.b"
"C15159",1,-1,2025-03-23,2025-03-29,"7.11.2.b"
"C15159",1,-1,2025-03-24,2025-03-30,"7.11.2.b"
"C15159",1,-1,2025-03-25,2025-03-31,"7.11.2.b"
"C15159",1,-1,2025-03-26,2025-04-01,"7.11.2.b"
"C15159",1,-1,2025-03-27,2025-04-02,"7.11.2.b"
"C15159",1,-1,2025-03-29,2025-04-04,"7.11.2.b"
"C15159",1,-1,2025-03-30,2025-04-05,"7.11.2.b"
"C15159",1,-1,2025-03-31,2025-04-06,"7.11.2.b"
"C15159",1,-1,2025-04-01,2025-04-07,"7.11.2.b"
"C15159",1,-1,2025-04-02,2025-04-08,"7.11.2.b"
"C15159",1,-1,2025-04-03,2025-04-09,"7.11.2.b"
"C15159",1,-1,2025-04-04,2025-04-10,"7.11.2.b"
"C15159",1,-1,2025-04-05,2025-04-11,"7.11.2.b"
"C15159",1,-1,2025-04-06,2025-04-12,"7.11.2.b"
"C15228",1,-1,2024-10-07,2024-12-03,"7.11.2.a"
"C15228",1,-1,2024-12-07,2025-02-23,"7.11.2.a"
"C15228",1,-1,2025-02-18,2025-05-06,"7.11.2.a"
"C15243",1,-1,2023-08-06,2023-08-27,"7.11.2.a"
"C15243",1,-1,2023-08-24,2023-09-06,"7.11.2.a"
"C15243",1,-1,2023-09-03,2023-09-18,"7.11.2.a"
"C15243",1,-1,2023-09-15,2023-10-12,"7.11.2.a"
"C15243",1,-1,2023-10-19,2023-11-15,"7.11.2.a"
"C15243",1,-1,2023-11-10,2024-04-10,"7.11.2.a"
"C15243",1,-1,2024-04-05,2024-05-04,"7.11.2.a"
"C15243",1,-1,2024-05-03,2024-10-01,"7.11.2.a"
"C15243",1,-1,2024-07-29,2025-01-04,"7.11.2.a"
"C15291",1,-1,2024-10-30,2024-11-23,"7.11.2.a"
"C15291",1,-1,2024-11-17,2025-04-20,"7.11.2.a"
"C15291",1,-1,2025-01-06,2025-08-14,"7.11.2.a"
"C15291",1,-1,2025-04-14,2025-05-04,"7.11.2.a"
"C15327",1,0,2025-04-14,2025-05-21,"7.11.2.a"
"C15327",1,0,2025-05-15,2026-03-14,"7.11.2.a"
"C15381",1,-2,2024-01-05,2024-01-11,"7.11.2.b"
"C15381",1,-2,2024-01-06,2024-01-12,"7.11.2.b"
"C15381",1,-2,2024-01-07,2024-01-13,"7.11.2.b"
"C15381",1,-2,2024-01-09,2024-01-15,"7.11.2.b"
"C15381",1,-2,2024-01-11,2024-01-17,"7.11.2.b"
"C15381",1,-2,2024-01-12,2024-01-18,"7.11.2.b"
"C15381",1,-2,2024-01-13,2024-01-19,"7.11.2.b"
"C15381",1,-2,2024-01-14,2024-01-20,"7.11.2.b"
"C15381",1,-2,2024-01-15,2024-01-21,"7.11.2.b"
"C15381",1,-2,2024-01-16,2024-01-22,"7.11.2.b"
"C15381",1,-2,2024-01-17,2024-01-23,"7.11.2.b"
"C15381",1,-2,2024-01-18,2024-01-24,"7.11.2.b"
"C15381",1,-2,2024-01-19,2024-01-25,"7.11.2.b"
"C15381",1,-2,2024-01-20,2024-01-26,"7.11.2.b"
"C15381",1,-2,2024-01-22,2024-01-28,"7.11.2.b"
"C15381",1,-2,2024-01-23,2024-01-29,"7.11.2.b"
"C15381",1,-2,2024-01-24,2024-01-30,"7.11.2.b"
"C15381",1,-2,2024-01-25,2024-01-31,"7.11.2.b"
"C15381",1,-2,2024-01-26,2024-02-01,"7.11.2.b"
"C15381",1,-2,2024-01-27,2024-07-17,"7.11.2.a"
"C15381",1,-2,2024-01-29,2024-02-04,"7.11.2.b"
"C15381",1,-2,2024-01-31,2024-02-06,"7.11.2.b"
"C15381",1,-2,2024-02-01,2024-02-07,"7.11.2.b"
"C15381",1,-2,2024-02-02,2024-02-08,"7.11.2.b"
"C15381",1,-2,2024-02-05,2024-02-11,"7.11.2.b"
"C15408",1,-1,2024-11-29,2025-02-13,"7.11.2.a"
"C15408",1,-1,2025-01-18,2025-04-24,"7.11.2.a"
"C15438",1,-1,2025-01-08,2025-01-14,"7.11.2.b"
"C15438",1,-1,2025-01-09,2025-01-15,"7.11.2.b"
"C15438",1,-1,2025-01-11,2025-01-17,"7.11.2.b"
"C15438",1,-1,2025-01-12,2025-01-18,"7.11.2.b"
"C15438",1,-1,2025-01-13,2025-02-21,"7.11.2.a"
"C15438",1,-1,2025-01-17,2025-08-26,"7.11.2.a"
"C15447",2,0,2025-02-27,2025-07-10,"7.11.2.a"
"C15447",2,0,2025-02-28,2026-03-04,"7.11.2.a"
"C15453",1,-2,2023-08-31,2023-09-07,"7.11.2.a"
"C15453",1,-2,2023-09-01,2023-11-01,"7.11.2.a"
"C15453",1,-2,2023-09-08,2024-03-16,"7.11.2.a"
"C15513",1,-1,2024-10-07,2024-10-27,"7.11.2.a"
"C15513",1,-1,2024-10-22,2024-10-29,"7.11.2.a"
"C15513",1,-1,2024-10-23,2024-10-29,"7.11.2.b"
"C15513",1,-1,2024-10-24,2024-10-30,"7.11.2.b"
"C15513",1,-1,2024-10-28,2025-01-14,"7.11.2.a"
"C15579",1,-2,2023-06-25,2023-12-12,"7.11.2.a"
"C15579",1,-2,2023-11-02,2024-01-27,"7.11.2.a"
"C15579",1,-2,2024-01-21,2024-02-08,"7.11.2.a"
"C15579",1,-2,2024-02-02,2024-05-24,"7.11.2.a"
"C15594",1,-1,2024-10-11,2024-11-25,"7.11.2.a"
"C15594",1,-1,2024-11-23,2024-12-01,"7.11.2.a"
"C15594",1,-1,2024-11-26,2024-12-20,"7.11.2.a"
"C15612",1,0,2023-10-24,2023-12-01,"7.11.2.a"
"C15612",1,0,2024-12-07,2025-01-28,"7.11.2.a"
"C15612",1,0,2025-12-26,2026-01-15,"7.11.2.a"
"C15612",1,0,2026-01-10,2026-02-17,"7.11.2.a"
"C15612",1,0,2026-02-13,2026-03-07,"7.11.2.a"
"C15621",1,-1,2024-05-02,2024-05-08,"7.11.2.b"
"C15621",1,-1,2024-05-03,2024-05-09,"7.11.2.b"
"C15621",1,-1,2024-05-06,2024-05-12,"7.11.2.b"
"C15621",1,-1,2024-05-10,2024-05-16,"7.11.2.b"
"C15621",1,-1,2024-05-17,2024-05-23,"7.11.2.b"
"C15621",1,-1,2024-05-18,2024-05-24,"7.11.2.b"
"C15621",1,-1,2024-05-19,2025-02-20,"7.11.2.a"
"C15621",1,-1,2024-05-20,2024-05-26,"7.11.2.b"
"C15621",1,-1,2024-05-24,2024-05-30,"7.11.2.b"
"C15621",1,-1,2024-05-26,2024-06-01,"7.11.2.b"
"C15621",1,-1,2024-05-27,2024-06-02,"7.11.2.b"
"C15621",1,-1,2024-05-29,2024-06-04,"7.11.2.b"
"C15621",1,-1,2024-06-05,2024-06-11,"7.11.2.b"
"C15621",1,-1,2024-06-08,2024-06-14,"7.11.2.b"
"C15621",1,-1,2024-06-09,2024-06-15,"7.11.2.b"
"C15621",1,-1,2024-06-10,2024-06-16,"7.11.2.b"
"C15621",1,-1,2024-06-11,2024-06-17,"7.11.2.b"
"C15621",1,-1,2024-06-13,2024-06-19,"7.11.2.b"
"C15621",1,-1,2024-06-16,2024-06-22,"7.11.2.b"
"C15621",1,-1,2024-06-22,2024-06-28,"7.11.2.b"
"C15621",1,-1,2024-06-23,2024-06-29,"7.11.2.b"
"C15621",1,-1,2024-06-24,2024-06-30,"7.11.2.b"
"C15621",1,-1,2024-06-28,2024-07-04,"7.11.2.b"
"C15621",1,-1,2024-06-29,2024-07-05,"7.11.2.b"
"C15621",1,-1,2024-07-02,2024-07-08,"7.11.2.b"
"C15621",1,-1,2024-07-03,2024-07-09,"7.11.2.b"
"C15621",1,-1,2024-07-04,2024-07-10,"7.11.2.b"
"C15786",1,0,2025-03-30,2025-04-22,"7.11.2.a"
"C15786",1,0,2025-10-09,2025-12-10,"7.11.2.a"
"C15786",1,0,2025-12-07,2026-01-05,"7.11.2.a"
"C15810",1,0,2024-03-12,2024-04-18,"7.11.2.a"
"C15810",1,0,2024-04-28,2024-05-21,"7.11.2.a"
"C15810",1,0,2024-06-24,2024-12-03,"7.11.2.a"
"C15810",1,0,2025-12-13,2025-12-25,"7.11.2.a"
"C15810",1,0,2025-12-22,2026-01-20,"7.11.2.a"
"C15834",1,0,2023-04-22,2023-10-25,"7.11.2.a"
"C15834",1,0,2024-07-14,2024-07-20,"7.11.2.b"
"C15834",1,0,2024-07-15,2024-07-21,"7.11.2.b"
"C15834",1,0,2024-07-16,2024-07-22,"7.11.2.b"
"C15834",1,0,2024-07-17,2024-07-23,"7.11.2.b"
"C15834",1,0,2024-07-18,2024-07-24,"7.11.2.b"
"C15834",1,0,2024-07-19,2024-07-25,"7.11.2.b"
"C15834",1,0,2024-07-20,2024-07-26,"7.11.2.b"
"C15834",1,0,2024-07-21,2024-07-27,"7.11.2.b"
"C15834",1,0,2024-07-22,2024-07-28,"7.11.2.b"
"C15834",1,0,2024-07-23,2024-07-29,"7.11.2.b"
"C15834",1,0,2024-07-24,2024-07-30,"7.11.2.b"
"C15834",1,0,2024-07-25,2024-07-31,"7.11.2.b"
"C15834",1,0,2024-07-26,2024-08-01,"7.11.2.b"
"C15834",1,0,2024-07-27,2024-08-02,"7.11.2.b"
"C15834",1,0,2024-07-28,2024-08-03,"7.11.2.b"
"C15834",1,0,2024-07-29,2024-08-04,"7.11.2.b"
"C15834",1,0,2024-07-30,2024-08-05,"7.11.2.b"
"C15834",1,0,2024-07-31,2024-08-06,"7.11.2.b"
"C15834",1,0,2024-08-01,2024-08-07,"7.11.2.b"
"C15834",1,0,2024-08-02,2024-08-08,"7.11.2.b"
"C15834",1,0,2024-08-03,2024-08-09,"7.11.2.b"
"C15834",1,0,2024-08-04,2024-08-10,"7.11.2.b"
"C15834",1,0,2024-08-05,2024-08-11,"7.11.2.b"
"C15834",1,0,2024-08-06,2024-08-12,"7.11.2.b"
"C15834",1,0,2024-08-07,2024-08-13,"7.11.2.b"
"C15834",1,0,2024-08-08,2024-08-14,"7.11.2.b"
"C15834",1,0,2024-08-09,2024-08-15,"7.11.2.b"
"C15834",1,0,2024-08-10,2024-08-16,"7.11.2.b"
"C15834",1,0,2024-08-11,2024-08-17,"7.11.2.b"
"C15834",1,0,2024-08-12,2024-08-18,"7.11.2.b"
"C15834",1,0,2024-08-13,2024-08-19,"7.11.2.b"
"C15834",1,0,2024-08-14,2024-08-20,"7.11.2.b"
"C15834",1,0,2024-08-15,2024-08-21,"7.11.2.b"
"C15834",1,0,2024-08-16,2024-08-22,"7.11.2.b"
"C15834",1,0,2024-08-17,2024-08-23,"7.11.2.b"
"C15834",1,0,2024-08-18,2024-08-24,"7.11.2.b"
"C15834",1,0,2024-08-19,2024-08-25,"7.11.2.b"
"C15834",1,0,2024-08-20,2024-08-26,"7.11.2.b"
"C15834",1,0,2024-08-21,2024-08-27,"7.11.2.b"
"C15834",1,0,2024-08-22,2024-08-28,"7.11.2.b"
"C15834",1,0,2024-08-23,2024-08-29,"7.11.2.b"
"C15834",1,0,2024-08-24,2024-08-30,"7.11.2.b"
"C15834",1,0,2024-08-25,2024-08-31,"7.11.2.b"
"C15834",1,0,2024-08-26,2024-09-01,"7.11.2.b"
"C15834",1,0,2024-08-27,2024-09-02,"7.11.2.b"
"C15834",1,0,2024-08-28,2024-09-03,"7.11.2.b"
"C15834",1,0,2024-08-29,2024-09-04,"7.11.2.b"
"C15834",1,0,2024-08-31,2024-09-06,"7.11.2.b"
"C15834",1,0,2024-09-01,2024-09-07,"7.11.2.b"
"C15834",1,0,2024-09-02,2024-09-08,"7.11.2.b"
"C15834",1,0,2024-09-03,2024-09-09,"7.11.2.b"
"C15834",1,0,2024-09-04,2024-09-10,"7.11.2.b"
"C15834",1,0,2024-09-05,2024-09-11,"7.11.2.b"
"C15834",1,0,2024-09-06,2024-09-12,"7.11.2.b"
"C15834",1,0,2024-09-07,2024-09-13,"7.11.2.b"
"C15834",1,0,2024-09-08,2024-09-14,"7.11.2.b"
"C15834",1,0,2024-09-09,2024-09-15,"7.11.2.b"
"C15834",1,0,2024-09-10,2024-09-16,"7.11.2.b"
"C15834",1,0,2024-09-11,2024-09-17,"7.11.2.b"
"C15834",1,0,2024-09-13,2024-09-19,"7.11.2.b"
"C15834",1,0,2024-09-14,2024-09-20,"7.11.2.b"
"C15834",1,0,2024-09-15,2024-09-21,"7.11.2.b"
"C15834",1,0,2024-09-16,2024-09-22,"7.11.2.b"
"C15834",1,0,2024-09-17,2024-09-23,"7.11.2.b"
"C15834",1,0,2024-09-18,2024-09-24,"7.11.2.b"
"C15834",1,0,2024-09-19,2024-09-25,"7.11.2.b"
"C15834",1,0,2024-09-20,2024-09-26,"7.11.2.b"
"C15834",1,0,2024-09-21,2024-09-27,"7.11.2.b"
"C15834",1,0,2024-09-22,2024-09-28,"7.11.2.b"
"C15834",1,0,2024-09-23,2024-09-29,"7.11.2.b"
"C15834",1,0,2024-09-24,2024-09-30,"7.11.2.b"
"C15834",1,0,2024-09-25,2024-10-01,"7.11.2.b"
"C15834",1,0,2024-09-26,2024-10-02,"7.11.2.b"
"C15834",1,0,2024-09-27,2024-10-03,"7.11.2.b"
"C15834",1,0,2024-09-28,2024-10-04,"7.11.2.b"
"C15834",1,0,2024-09-29,2024-10-05,"7.11.2.b"
"C15834",1,0,2024-09-30,2024-10-06,"7.11.2.b"
"C15834",1,0,2024-10-01,2024-10-07,"7.11.2.b"
"C15834",1,0,2024-10-02,2024-10-08,"7.11.2.b"
"C15834",1,0,2024-10-03,2024-10-09,"7.11.2.b"
"C15834",1,0,2024-10-04,2024-10-10,"7.11.2.b"
"C15834",1,0,2024-10-05,2024-10-11,"7.11.2.b"
"C15834",1,0,2024-10-06,2024-10-12,"7.11.2.b"
"C15834",1,0,2024-10-06,2025-11-20,"7.11.2.a"
"C15834",1,0,2024-10-07,2024-10-13,"7.11.2.b"
"C15834",1,0,2024-10-08,2024-10-14,"7.11.2.b"
"C15846",2,0,2024-12-31,2025-08-20,"7.11.2.a"
"C15846",2,0,2025-08-15,2026-01-22,"7.11.2.a"
"C15888",1,-2,2023-10-03,2023-10-09,"7.11.2.b"
"C15888",1,-2,2023-10-04,2023-10-10,"7.11.2.b"
"C15888",1,-2,2023-10-06,2023-10-12,"7.11.2.b"
"C15888",1,-2,2023-10-08,2023-10-14,"7.11.2.b"
"C15888",1,-2,2023-10-10,2023-10-16,"7.11.2.b"
"C15888",1,-2,2023-10-14,2023-10-20,"7.11.2.b"
"C15888",1,-2,2023-10-17,2023-10-23,"7.11.2.b"
"C15888",1,-2,2023-10-18,2023-10-24,"7.11.2.b"
"C15888",1,-2,2023-11-22,2023-11-30,"7.11.2.a"
"C15888",1,-2,2023-11-25,2023-12-03,"7.11.2.a"
"C15888",1,-2,2023-11-28,2023-12-05,"7.11.2.a"
"C15888",1,-2,2023-12-01,2023-12-09,"7.11.2.a"
"C15888",1,-2,2023-12-06,2023-12-20,"7.11.2.a"
"C15888",1,-2,2023-12-15,2023-12-23,"7.11.2.a"
"C15888",1,-2,2023-12-18,2023-12-26,"7.11.2.a"
"C15888",1,-2,2023-12-21,2023-12-29,"7.11.2.a"
"C15888",1,-2,2023-12-24,2024-01-08,"7.11.2.a"
"C15888",1,-2,2024-01-03,2024-01-15,"7.11.2.a"
"C15888",1,-2,2024-01-11,2024-01-19,"7.11.2.a"
"C15888",1,-2,2024-01-14,2024-02-04,"7.11.2.a"
"C15897",1,0,2024-07-01,2024-07-20,"7.11.2.a"
"C15897",1,0,2025-11-17,2025-12-15,"7.11.2.a"
"C15897",1,0,2025-12-15,2026-01-14,"7.11.2.a"
"C15918",1,0,2025-09-25,2025-12-05,"7.11.2.a"
"C15936",1,-2,2023-08-07,2023-09-03,"7.11.2.a"
"C15936",1,-2,2023-08-31,2023-11-01,"7.11.2.a"
"C15936",1,-1,2023-08-07,2023-09-03,"7.11.2.a"
"C15936",1,-1,2023-08-31,2023-11-01,"7.11.2.a"
"C15936",1,-1,2023-12-08,2024-02-08,"7.11.2.a"
"C15936",1,-1,2024-11-15,2025-01-16,"7.11.2.a"
"C15936",1,-1,2024-12-14,2025-03-25,"7.11.2.a"
"C16008",1,-1,2024-11-19,2024-11-25,"7.11.2.b"
"C16008",1,-1,2024-11-26,2025-01-21,"7.11.2.a"
"C16008",1,-1,2024-11-28,2024-12-04,"7.11.2.b"
"C16008",1,-1,2024-11-29,2024-12-05,"7.11.2.b"
"C16008",1,0,2024-11-19,2024-11-25,"7.11.2.b"
"C16008",1,0,2024-11-26,2025-01-21,"7.11.2.a"
"C16008",1,0,2024-11-28,2024-12-04,"7.11.2.b"
"C16008",1,0,2024-11-29,2024-12-05,"7.11.2.b"
"C16008",1,0,2025-04-24,2025-07-10,"7.11.2.a"
"C16008",1,0,2025-11-16,2025-11-27,"7.11.2.a"
"C16008",1,0,2025-11-26,2025-12-03,"7.11.2.a"
"C16008",1,0,2025-11-30,2025-12-08,"7.11.2.a"
"C16008",1,0,2025-12-13,2025-12-22,"7.11.2.a"
"C16008",1,0,2025-12-17,2025-12-23,"7.11.2.b"
"C16008",1,0,2025-12-18,2025-12-24,"7.11.2.b"
"C16008",1,0,2025-12-24,2025-12-30,"7.11.2.b"
"C16008",1,0,2025-12-29,2026-01-04,"7.11.2.b"
"C16008",1,0,2025-12-31,2026-01-06,"7.11.2.b"
"C16008",1,0,2026-01-04,2026-01-10,"7.11.2.b"
"C16008",1,0,2026-01-05,2026-01-11,"7.11.2.b"
"C16053",1,0,2023-09-25,2023-11-25,"7.11.2.a"
"C16053",1,0,2023-12-30,2024-01-05,"7.11.2.b"
"C16053",1,0,2024-01-01,2024-01-07,"7.11.2.b"
"C16053",1,0,2024-01-08,2024-01-14,"7.11.2.b"
"C16053",1,0,2024-01-12,2024-01-18,"7.11.2.b"
"C16053",1,0,2024-01-13,2024-01-19,"7.11.2.b"
"C16053",1,0,2024-01-14,2024-01-20,"7.11.2.b"
"C16053",1,0,2024-01-16,2024-01-22,"7.11.2.b"
"C16053",1,0,2024-01-18,2024-01-24,"7.11.2.b"
"C16053",1,0,2024-01-19,2024-01-25,"7.11.2.b"
"C16053",1,0,2024-01-20,2024-01-26,"7.11.2.b"
"C16053",1,0,2024-01-21,2024-01-27,"7.11.2.b"
"C16053",1,0,2024-01-22,2024-01-28,"7.11.2.b"
"C16053",1,0,2024-01-25,2024-01-31,"7.11.2.b"
"C16053",1,0,2024-01-26,2024-02-01,"7.11.2.b"
"C16053",1,0,2024-01-27,2024-02-02,"7.11.2.b"
"C16053",1,0,2024-01-28,2024-02-03,"7.11.2.b"
"C16053",1,0,2024-01-29,2024-02-04,"7.11.2.b"
"C16053",1,0,2024-01-29,2026-02-10,"7.11.2.a"
"C16053",1,0,2024-01-30,2024-02-05,"7.11.2.b"
"C16053",1,0,2024-01-31,2024-02-06,"7.11.2.b"
"C16053",1,0,2024-02-03,2024-02-09,"7.11.2.b"
"C16053",1,0,2024-02-06,2024-02-12,"7.11.2.b"
"C16053",1,0,2024-02-07,2024-02-13,"7.11.2.b"
"C16053",1,0,2024-02-08,2024-02-14,"7.11.2.b"
"C16053",1,0,2024-02-11,2024-02-17,"7.11.2.b"
"C16053",1,0,2024-02-12,2024-02-18,"7.11.2.b"
"C16053",1,0,2024-02-13,2024-02-19,"7.11.2.b"
"C16053",1,0,2024-02-15,2024-02-21,"7.11.2.b"
"C16053",1,0,2024-02-16,2024-02-22,"7.11.2.b"
"C16053",1,0,2024-02-17,2024-02-23,"7.11.2.b"
"C16173",1,-2,2023-12-18,2024-01-19,"7.11.2.a"
"C16173",1,-2,2024-01-13,2024-02-09,"7.11.2.a"
"C16173",1,0,2023-12-18,2024-01-19,"7.11.2.a"
"C16173",1,0,2024-01-13,2024-02-09,"7.11.2.a"
"C16173",1,0,2025-08-07,2025-09-08,"7.11.2.a"
"C16173",1,0,2025-09-04,2025-10-29,"7.11.2.a"
"C16188",1,0,2024-06-11,2024-06-17,"7.11.2.b"
"C16188",1,0,2024-06-12,2024-06-18,"7.11.2.b"
"C16188",1,0,2024-07-10,2024-07-16,"7.11.2.b"
"C16188",1,0,2024-07-18,2024-07-24,"7.11.2.b"
"C16188",1,0,2024-07-19,2024-07-25,"7.11.2.b"
"C16188",1,0,2024-07-22,2025-06-08,"7.11.2.a"
"C16188",1,0,2024-08-23,2024-08-29,"7.11.2.b"
"C16188",1,0,2024-08-24,2024-08-30,"7.11.2.b"
"C16188",1,0,2024-08-26,2024-09-01,"7.11.2.b"
"C16188",1,0,2024-08-27,2024-09-02,"7.11.2.b"
"C16188",1,0,2024-08-28,2024-09-03,"7.11.2.b"
"C16188",1,0,2024-08-29,2024-09-04,"7.11.2.b"
"C16188",1,0,2024-08-30,2024-09-05,"7.11.2.b"
"C16188",1,0,2024-08-31,2024-09-06,"7.11.2.b"
"C16188",1,0,2024-09-01,2024-09-07,"7.11.2.b"
"C16188",1,0,2024-09-02,2024-09-08,"7.11.2.b"
"C16188",1,0,2024-09-03,2024-09-09,"7.11.2.b"
"C16188",1,0,2025-06-02,2026-03-30,"7.11.2.a"
"C16218",1,-2,2024-03-14,2024-04-07,"7.11.2.a"
"C16218",1,-2,2024-04-07,2024-05-06,"7.11.2.a"
"C16230",1,0,2025-06-08,2025-08-12,"7.11.2.a"
"C16329",1,0,2025-12-04,2025-12-17,"7.11.2.a"
"C16329",1,0,2025-12-13,2026-01-28,"7.11.2.a"
"C16347",1,-1,2023-08-03,2023-08-24,"7.11.2.a"
"C16347",1,-1,2023-08-19,2024-11-26,"7.11.2.a"
"C16347",1,0,2023-08-03,2023-08-24,"7.11.2.a"
"C16347",1,0,2023-08-19,2024-11-26,"7.11.2.a"
"C16347",1,0,2025-10-10,2025-10-26,"7.11.2.a"
"C16347",1,0,2025-10-24,2025-12-25,"7.11.2.a"
"C16362",1,0,2025-09-15,2025-10-10,"7.11.2.a"
"C16362",1,0,2025-10-05,2025-10-17,"7.11.2.a"
"C16362",1,0,2025-10-15,2025-10-22,"7.11.2.a"
"C16362",1,0,2025-10-20,2025-11-17,"7.11.2.a"
"C16362",1,0,2025-11-13,2025-12-23,"7.11.2.a"
"C16362",1,0,2025-12-18,2026-01-19,"7.11.2.a"
"C16362",1,0,2026-01-16,2026-02-14,"7.11.2.a"
"C16395",1,-1,2023-09-23,2023-10-23,"7.11.2.a"
"C16395",1,-1,2024-11-26,2024-12-15,"7.11.2.a"
"C16395",1,-1,2024-12-19,2025-01-16,"7.11.2.a"
"C16395",1,-1,2024-12-23,2025-02-14,"7.11.2.a"
"C16428",1,0,2023-04-24,2024-01-11,"7.11.2.a"
"C16428",1,0,2025-02-10,2025-02-16,"7.11.2.b"
"C16428",1,0,2025-02-17,2025-02-23,"7.11.2.b"
"C16428",1,0,2025-02-24,2025-03-02,"7.11.2.b"
"C16428",1,0,2025-02-28,2025-03-06,"7.11.2.b"
"C16428",1,0,2025-02-28,2025-11-17,"7.11.2.a"
"C16428",1,0,2025-03-02,2025-03-08,"7.11.2.b"
"C16428",1,0,2025-03-11,2025-03-17,"7.11.2.b"
"C16428",1,0,2025-03-15,2025-03-21,"7.11.2.b"
"C16428",1,0,2025-03-17,2025-03-23,"7.11.2.b"
"C16443",1,0,2025-12-20,2025-12-26,"7.11.2.b"
"C16443",1,0,2025-12-21,2025-12-27,"7.11.2.b"
"C16443",1,0,2025-12-23,2025-12-29,"7.11.2.b"
"C16443",1,0,2025-12-24,2025-12-30,"7.11.2.b"
"C16443",1,0,2025-12-28,2026-01-03,"7.11.2.b"
"C16443",1,0,2025-12-30,2026-01-05,"7.11.2.b"
"C16443",1,0,2025-12-31,2026-01-06,"7.11.2.b"
"C16443",1,0,2026-01-01,2026-01-07,"7.11.2.b"
"C16443",1,0,2026-01-03,2026-01-09,"7.11.2.b"
"C16443",1,0,2026-01-05,2026-01-11,"7.11.2.b"
"C16443",1,0,2026-01-06,2026-01-12,"7.11.2.b"
"C16443",1,0,2026-01-09,2026-01-15,"7.11.2.b"
"C16473",1,0,2025-11-07,2025-11-13,"7.11.2.b"
"C16473",1,0,2025-11-11,2025-11-17,"7.11.2.b"
"C16473",1,0,2025-11-14,2025-11-20,"7.11.2.b"
"C16473",1,0,2025-11-24,2025-11-30,"7.11.2.b"
"C16473",1,0,2025-11-25,2025-12-01,"7.11.2.b"
"C16473",1,0,2025-11-26,2025-12-02,"7.11.2.b"
"C16473",1,0,2025-11-27,2025-12-03,"7.11.2.b"
"C16473",1,0,2025-11-28,2025-12-04,"7.11.2.b"
"C16473",1,0,2025-11-29,2025-12-05,"7.11.2.b"
"C16473",1,0,2025-12-01,2025-12-07,"7.11.2.b"
"C16473",1,0,2025-12-02,2025-12-08,"7.11.2.b"
"C16473",1,0,2025-12-03,2025-12-09,"7.11.2.b"
"C16473",1,0,2025-12-04,2025-12-10,"7.11.2.b"
"C16473",1,0,2025-12-05,2025-12-11,"7.11.2.b"
"C16473",1,0,2025-12-06,2025-12-12,"7.11.2.b"
"C16473",1,0,2025-12-07,2025-12-13,"7.11.2.b"
"C16473",1,0,2025-12-09,2025-12-15,"7.11.2.b"
"C16473",1,0,2025-12-10,2025-12-16,"7.11.2.b"
"C16473",1,0,2025-12-11,2025-12-17,"7.11.2.b"
"C16473",1,0,2025-12-12,2025-12-18,"7.11.2.b"
"C16473",1,0,2025-12-13,2025-12-19,"7.11.2.b"
"C16473",1,0,2025-12-14,2025-12-20,"7.11.2.b"
"C16473",1,0,2025-12-15,2025-12-21,"7.11.2.b"
"C16473",1,0,2025-12-16,2025-12-22,"7.11.2.b"
"C16473",1,0,2025-12-17,2025-12-23,"7.11.2.b"
"C16473",1,0,2025-12-18,2025-12-24,"7.11.2.b"
"C16473",1,0,2025-12-18,2026-03-12,"7.11.2.a"
"C16473",1,0,2025-12-19,2025-12-25,"7.11.2.b"
"C16473",1,0,2025-12-20,2025-12-26,"7.11.2.b"
"C16473",1,0,2025-12-21,2025-12-27,"7.11.2.b"
"C16473",1,0,2025-12-22,2025-12-28,"7.11.2.b"
"C16473",1,0,2025-12-23,2025-12-29,"7.11.2.b"
"C16473",1,0,2025-12-24,2025-12-30,"7.11.2.b"
"C16473",1,0,2025-12-25,2025-12-31,"7.11.2.b"
"C16473",1,0,2025-12-26,2026-01-01,"7.11.2.b"
"C16473",1,0,2025-12-27,2026-01-02,"7.11.2.b"
"C16473",1,0,2026-01-03,2026-01-09,"7.11.2.b"
"C16473",1,0,2026-01-06,2026-01-12,"7.11.2.b"
"C16494",1,-2,2023-07-31,2023-08-06,"7.11.2.b"
"C16494",1,-2,2023-08-01,2023-08-07,"7.11.2.b"
"C16494",1,-2,2023-08-03,2023-08-09,"7.11.2.b"
"C16494",1,-2,2023-08-05,2023-08-11,"7.11.2.b"
"C16494",1,-2,2023-08-08,2023-08-14,"7.11.2.b"
"C16494",1,-2,2023-08-09,2023-08-15,"7.11.2.b"
"C16494",1,-2,2023-08-10,2023-08-16,"7.11.2.b"
"C16494",1,-2,2023-08-11,2023-08-17,"7.11.2.b"
"C16494",1,-2,2023-08-14,2023-08-20,"7.11.2.b"
"C16494",1,-2,2023-08-15,2023-08-21,"7.11.2.b"
"C16494",1,-2,2023-08-16,2023-08-22,"7.11.2.b"
"C16494",1,-2,2023-08-17,2023-08-23,"7.11.2.b"
"C16494",1,-2,2023-08-18,2023-08-24,"7.11.2.b"
"C16494",1,-2,2023-08-19,2023-08-25,"7.11.2.b"
"C16494",1,-2,2023-08-20,2023-08-26,"7.11.2.b"
"C16494",1,-2,2023-08-21,2023-08-27,"7.11.2.b"
"C16494",1,-2,2023-08-22,2023-08-28,"7.11.2.b"
"C16494",1,-2,2023-08-23,2023-08-29,"7.11.2.b"
"C16494",1,-2,2023-08-25,2023-08-31,"7.11.2.b"
"C16494",1,-2,2023-08-28,2023-09-03,"7.11.2.b"
"C16494",1,-2,2023-08-29,2023-09-04,"7.11.2.b"
"C16494",1,-2,2023-08-30,2023-09-05,"7.11.2.b"
"C16494",1,-2,2023-08-31,2023-09-06,"7.11.2.b"
"C16494",1,-2,2023-09-03,2023-09-09,"7.11.2.b"
"C16494",1,-2,2023-10-18,2023-11-06,"7.11.2.a"
"C16494",1,-2,2023-12-10,2023-12-16,"7.11.2.b"
"C16494",1,-2,2023-12-12,2023-12-18,"7.11.2.b"
"C16494",1,-2,2023-12-13,2023-12-19,"7.11.2.b"
"C16494",1,-2,2023-12-16,2023-12-22,"7.11.2.b"
"C16494",1,-2,2023-12-19,2023-12-25,"7.11.2.b"
"C16494",1,-2,2023-12-20,2023-12-26,"7.11.2.b"
"C16494",1,-2,2023-12-22,2024-07-13,"7.11.2.a"
"C16509",1,-1,2025-01-17,2025-01-23,"7.11.2.b"
"C16509",1,-1,2025-01-18,2025-01-24,"7.11.2.b"
"C16509",1,-1,2025-01-20,2025-01-26,"7.11.2.b"
"C16509",1,-1,2025-01-21,2025-01-27,"7.11.2.b"
"C16509",1,-1,2025-01-30,2025-02-05,"7.11.2.b"
"C16509",1,-1,2025-02-01,2025-02-07,"7.11.2.b"
"C16509",1,-1,2025-03-05,2025-03-11,"7.11.2.b"
"C16509",1,-1,2025-03-08,2025-03-14,"7.11.2.b"
"C16509",1,-1,2025-03-10,2025-03-16,"7.11.2.b"
"C16509",1,-1,2025-03-11,2025-03-17,"7.11.2.b"
"C16509",1,-1,2025-03-12,2025-03-18,"7.11.2.b"
"C16509",1,-1,2025-03-14,2025-03-20,"7.11.2.b"
"C16509",1,-1,2025-03-21,2025-03-27,"7.11.2.b"
"C16509",1,-1,2025-03-23,2025-03-29,"7.11.2.b"
"C16509",1,-1,2025-03-24,2025-03-30,"7.11.2.b"
"C16509",1,-1,2025-03-26,2025-04-01,"7.11.2.b"
"C16509",1,-1,2025-03-27,2025-04-02,"7.11.2.b"
"C16509",1,-1,2025-03-31,2025-04-06,"7.11.2.b"
"C16509",1,-1,2025-04-01,2025-04-07,"7.11.2.b"
"C16509",1,-1,2025-04-04,2025-08-12,"7.11.2.a"
"C16539",1,-2,2023-12-23,2024-01-18,"7.11.2.a"
"C16539",1,-2,2024-01-13,2024-04-25,"7.11.2.a"
"C16635",1,0,2026-01-09,2026-01-16,"7.11.2.a"
"C16635",1,0,2026-01-11,2026-01-19,"7.11.2.a"
"C16635",1,0,2026-01-16,2026-02-05,"7.11.2.a"
"C16638",1,-2,2023-09-15,2023-09-21,"7.11.2.b"
"C16638",1,-2,2023-09-17,2023-09-23,"7.11.2.b"
"C16638",1,-2,2023-09-19,2023-09-25,"7.11.2.b"
"C16638",1,-2,2023-09-20,2023-09-26,"7.11.2.b"
"C16638",1,-2,2023-09-27,2023-10-03,"7.11.2.b"
"C16638",1,-2,2023-09-28,2023-10-04,"7.11.2.b"
"C16638",1,-2,2023-10-03,2023-10-09,"7.11.2.b"
"C16638",1,-2,2023-10-04,2023-10-10,"7.11.2.b"
"C16638",1,-2,2023-10-07,2023-10-13,"7.11.2.b"
"C16638",1,-2,2023-10-12,2023-10-18,"7.11.2.b"
"C16638",1,-2,2023-10-14,2023-10-20,"7.11.2.b"
"C16638",1,-2,2023-10-16,2023-10-22,"7.11.2.b"
"C16638",1,-2,2023-10-18,2023-10-24,"7.11.2.b"
"C16638",1,-2,2023-10-22,2023-10-28,"7.11.2.b"
"C16638",1,-2,2023-10-23,2023-12-28,"7.11.2.a"
"C16638",1,-2,2023-12-23,2023-12-31,"7.11.2.a"
"C16638",1,-2,2023-12-26,2024-01-14,"7.11.2.a"
"C16638",1,-2,2024-01-09,2024-02-05,"7.11.2.a"
"C16668",1,0,2024-11-01,2025-03-12,"7.11.2.a"
"C16668",1,0,2026-02-12,2026-02-18,"7.11.2.b"
"C16668",1,0,2026-02-13,2026-02-19,"7.11.2.b"
"C16668",1,0,2026-02-14,2026-02-20,"7.11.2.b"
"C16668",1,0,2026-03-02,2026-03-30,"7.11.2.a"
"C16668",1,0,2026-03-03,2026-03-09,"7.11.2.b"
"C16668",1,0,2026-03-05,2026-03-11,"7.11.2.b"
"C16668",1,0,2026-03-08,2026-03-14,"7.11.2.b"
"C16704",1,-2,2023-12-25,2024-03-08,"7.11.2.a"
"C16704",1,-2,2024-01-06,2024-03-15,"7.11.2.a"
"C16749",1,0,2024-01-26,2024-02-15,"7.11.2.a"
"C16749",1,0,2024-04-13,2024-04-20,"7.11.2.a"
"C16749",1,0,2024-04-14,2024-07-12,"7.11.2.a"
"C16749",1,0,2024-05-14,2026-01-20,"7.11.2.a"
"C16749",1,0,2024-07-06,2024-08-01,"7.11.2.a"
"C16752",1,0,2023-10-30,2023-12-19,"7.11.2.a"
"C16752",1,0,2025-07-25,2026-02-21,"7.11.2.a"
"C16752",1,0,2025-08-30,2026-03-13,"7.11.2.a"
"C16878",2,-1,2024-08-05,2024-08-11,"7.11.2.b"
"C16878",2,-1,2024-08-07,2024-08-13,"7.11.2.b"
"C16878",2,-1,2024-08-08,2024-08-14,"7.11.2.b"
"C16878",2,-1,2024-08-09,2024-08-15,"7.11.2.b"
"C16878",2,-1,2024-08-12,2024-08-18,"7.11.2.b"
"C16878",2,-1,2024-08-13,2024-08-19,"7.11.2.b"
"C16878",2,-1,2024-08-14,2024-08-20,"7.11.2.b"
"C16878",2,-1,2024-08-15,2024-08-21,"7.11.2.b"
"C16878",2,-1,2024-08-16,2024-08-22,"7.11.2.b"
"C16878",2,-1,2024-08-18,2024-08-24,"7.11.2.b"
"C16878",2,-1,2024-08-19,2024-08-25,"7.11.2.b"
"C16878",2,-1,2024-08-20,2024-08-26,"7.11.2.b"
"C16878",2,-1,2024-08-23,2024-08-29,"7.11.2.b"
"C16878",2,-1,2024-08-24,2024-08-30,"7.11.2.b"
"C16878",2,-1,2024-08-25,2024-08-31,"7.11.2.b"
"C16878",2,-1,2024-08-26,2024-09-01,"7.11.2.b"
"C16878",2,-1,2024-08-26,2025-09-10,"7.11.2.a"
"C16878",2,-1,2024-08-27,2024-09-02,"7.11.2.b"
"C16878",2,-1,2024-08-28,2024-09-03,"7.11.2.b"
"C16878",2,-1,2024-08-29,2024-09-04,"7.11.2.b"
"C16878",2,-1,2024-08-31,2024-09-06,"7.11.2.b"
"C16878",2,-1,2024-09-01,2024-09-07,"7.11.2.b"
"C16878",2,-1,2024-09-02,2024-09-08,"7.11.2.b"
"C16878",2,-1,2024-09-04,2024-09-10,"7.11.2.b"
"C16878",2,-1,2024-09-06,2024-09-12,"7.11.2.b"
"C16878",2,-1,2024-09-07,2024-09-13,"7.11.2.b"
"C16878",2,-1,2024-09-08,2024-09-14,"7.11.2.b"
"C16878",2,-1,2024-09-10,2024-09-16,"7.11.2.b"
"C16926",1,0,2024-11-07,2024-11-26,"7.11.2.a"
"C16926",1,0,2025-11-14,2026-01-10,"7.11.2.a"
"C16926",1,0,2026-01-06,2026-02-17,"7.11.2.a"
"C16941",1,-1,2022-12-23,2024-02-20,"7.11.2.a"
"C16941",1,-1,2024-08-09,2024-08-15,"7.11.2.b"
"C16941",1,-1,2024-08-16,2024-10-12,"7.11.2.a"
"C16941",1,-1,2024-08-25,2024-12-11,"7.11.2.a"
"C16941",1,-1,2024-09-22,2024-09-28,"7.11.2.b"
"C17007",1,0,2026-01-24,2026-02-02,"7.11.2.a"
"C17007",1,0,2026-01-29,2026-02-04,"7.11.2.b"
"C17007",1,0,2026-02-03,2026-02-09,"7.11.2.b"
"C17007",1,0,2026-02-05,2026-02-11,"7.11.2.b"
"C17007",1,0,2026-02-06,2026-02-12,"7.11.2.b"
"C17007",1,0,2026-02-09,2026-02-15,"7.11.2.b"
"C17007",1,0,2026-02-11,2026-02-17,"7.11.2.b"
"C17007",1,0,2026-02-18,2026-02-24,"7.11.2.b"
"C17007",1,0,2026-02-19,2026-02-25,"7.11.2.b"
"C17007",1,0,2026-02-25,2026-03-03,"7.11.2.b"
"C17007",1,0,2026-02-26,2026-03-04,"7.11.2.b"
"C17028",1,-1,2025-06-16,2025-06-22,"7.11.2.b"
"C17028",1,-1,2025-06-16,2025-06-29,"7.11.2.a"
"C17028",1,-1,2025-06-17,2025-06-23,"7.11.2.b"
"C17028",1,-1,2025-06-18,2025-06-24,"7.11.2.b"
"C17028",1,-1,2025-06-21,2025-06-27,"7.11.2.b"
"C17028",1,-1,2025-06-22,2025-06-28,"7.11.2.b"
"C17028",1,-1,2025-06-25,2025-09-15,"7.11.2.a"
"C17130",1,-2,2023-10-22,2023-11-20,"7.11.2.a"
"C17130",1,-2,2023-11-17,2023-12-17,"7.11.2.a"
"C17130",1,-2,2023-12-14,2024-01-19,"7.11.2.a"
"C17211",1,0,2023-11-16,2023-12-20,"7.11.2.a"
"C17211",1,0,2024-10-06,2024-11-05,"7.11.2.a"
"C17211",1,0,2025-01-26,2025-02-15,"7.11.2.a"
"C17211",1,0,2025-06-21,2025-07-20,"7.11.2.a"
"C17211",1,0,2025-07-14,2025-10-25,"7.11.2.a"
"C17349",1,-2,2024-01-21,2024-04-08,"7.11.2.a"
"C17349",1,-2,2024-03-16,2024-04-27,"7.11.2.a"
"C17373",1,-1,2024-12-31,2025-01-09,"7.11.2.a"
"C17373",1,-1,2025-01-05,2025-01-26,"7.11.2.a"
"C17400",1,0,2023-07-29,2023-08-26,"7.11.2.a"
"C17400",1,0,2024-04-26,2024-05-18,"7.11.2.a"
"C17400",1,0,2024-10-14,2025-01-22,"7.11.2.a"
"C17400",1,0,2025-06-22,2025-07-23,"7.11.2.a"
"C17400",1,0,2025-10-13,2025-10-22,"7.11.2.a"
"C17400",1,0,2025-10-20,2026-01-02,"7.11.2.a"
"C17499",1,0,2025-07-22,2025-09-12,"7.11.2.a"
"C17517",2,0,2023-08-20,2023-10-12,"7.11.2.a"
"C17517",2,0,2025-05-11,2025-07-11,"7.11.2.a"
"C17544",2,0,2023-12-01,2023-12-07,"7.11.2.b"
"C17544",2,0,2023-12-02,2023-12-08,"7.11.2.b"
"C17544",2,0,2023-12-03,2023-12-09,"7.11.2.b"
"C17544",2,0,2023-12-04,2023-12-10,"7.11.2.b"
"C17544",2,0,2023-12-05,2023-12-11,"7.11.2.b"
"C17544",2,0,2023-12-06,2023-12-12,"7.11.2.b"
"C17544",2,0,2023-12-07,2023-12-13,"7.11.2.b"
"C17544",2,0,2023-12-08,2023-12-14,"7.11.2.b"
"C17544",2,0,2023-12-09,2023-12-15,"7.11.2.b"
"C17544",2,0,2023-12-09,2025-11-10,"7.11.2.a"
"C17544",2,0,2023-12-10,2023-12-16,"7.11.2.b"
"C17544",2,0,2023-12-12,2023-12-18,"7.11.2.b"
"C17544",2,0,2023-12-13,2023-12-19,"7.11.2.b"
"C17544",2,0,2023-12-14,2023-12-20,"7.11.2.b"
"C17544",2,0,2023-12-15,2023-12-21,"7.11.2.b"
"C17544",2,0,2023-12-16,2023-12-22,"7.11.2.b"
"C17544",2,0,2023-12-17,2023-12-23,"7.11.2.b"
"C17544",2,0,2023-12-18,2023-12-24,"7.11.2.b"
"C17544",2,0,2023-12-20,2023-12-26,"7.11.2.b"
"C17544",2,0,2023-12-21,2023-12-27,"7.11.2.b"
"C17544",2,0,2023-12-27,2024-01-02,"7.11.2.b"
"C17544",2,0,2023-12-28,2024-01-03,"7.11.2.b"
"C17544",2,0,2023-12-30,2024-01-05,"7.11.2.b"
"C17544",2,0,2023-12-31,2024-01-06,"7.11.2.b"
"C17544",2,0,2024-01-02,2024-01-08,"7.11.2.b"
"C17544",2,0,2024-01-04,2024-01-10,"7.11.2.b"
"C17544",2,0,2024-01-05,2024-01-11,"7.11.2.b"
"C17544",2,0,2024-01-06,2024-01-12,"7.11.2.b"
"C17544",2,0,2024-01-07,2024-01-13,"7.11.2.b"
"C17544",2,0,2024-01-08,2024-01-14,"7.11.2.b"
"C17544",2,0,2024-01-09,2024-01-15,"7.11.2.b"
"C17544",2,0,2024-01-10,2024-01-16,"7.11.2.b"
"C17544",2,0,2024-01-11,2024-01-17,"7.11.2.b"
"C17544",2,0,2024-01-14,2024-01-20,"7.11.2.b"
"C17544",2,0,2024-01-15,2024-01-21,"7.11.2.b"
"C17544",2,0,2024-01-16,2024-01-22,"7.11.2.b"
"C17544",2,0,2024-01-17,2024-01-23,"7.11.2.b"
"C17544",2,0,2024-01-18,2024-01-24,"7.11.2.b"
"C17544",2,0,2024-01-19,2024-01-25,"7.11.2.b"
"C17553",1,-2,2023-05-21,2023-10-10,"7.11.2.a"
"C17553",1,-2,2023-09-14,2023-10-11,"7.11.2.a"
"C17553",1,0,2023-05-21,2023-10-10,"7.11.2.a"
"C17553",1,0,2023-09-14,2023-10-11,"7.11.2.a"
"C17553",1,0,2023-10-25,2023-11-01,"7.11.2.a"
"C17553",1,0,2023-10-26,2024-04-18,"7.11.2.a"
"C17553",1,0,2024-10-08,2024-12-06,"7.11.2.a"
"C17553",1,0,2025-01-25,2025-02-06,"7.11.2.a"
"C17553",1,0,2025-01-31,2025-02-06,"7.11.2.b"
"C17553",1,0,2025-02-02,2025-02-08,"7.11.2.b"
"C17553",1,0,2025-02-03,2025-02-09,"7.11.2.b"
"C17553",1,0,2025-02-04,2025-02-10,"7.11.2.b"
"C17553",1,0,2025-02-05,2025-02-11,"7.11.2.b"
"C17553",1,0,2025-02-06,2025-02-12,"7.11.2.b"
"C17553",1,0,2025-02-07,2025-02-13,"7.11.2.b"
"C17553",1,0,2025-02-08,2025-02-14,"7.11.2.b"
"C17553",1,0,2025-02-09,2025-02-15,"7.11.2.b"
"C17553",1,0,2025-02-10,2025-02-16,"7.11.2.b"
"C17553",1,0,2025-02-11,2025-02-17,"7.11.2.b"
"C17553",1,0,2025-02-12,2025-02-18,"7.11.2.b"
"C17553",1,0,2025-02-13,2025-02-19,"7.11.2.b"
"C17553",1,0,2025-02-14,2025-02-20,"7.11.2.b"
"C17553",1,0,2025-02-16,2025-02-22,"7.11.2.b"
"C17553",1,0,2025-02-17,2025-02-23,"7.11.2.b"
"C17553",1,0,2025-02-18,2025-02-24,"7.11.2.b"
"C17553",1,0,2025-02-19,2025-02-25,"7.11.2.b"
"C17553",1,0,2025-02-21,2025-10-30,"7.11.2.a"
"C17553",1,0,2025-02-22,2025-02-28,"7.11.2.b"
"C17553",1,0,2025-02-23,2025-03-01,"7.11.2.b"
"C17553",1,0,2025-02-24,2025-03-02,"7.11.2.b"
"C17553",1,0,2025-02-25,2025-03-03,"7.11.2.b"
"C17553",1,0,2025-02-26,2025-03-04,"7.11.2.b"
"C17553",1,0,2025-02-27,2025-03-05,"7.11.2.b"
"C17553",1,0,2025-02-28,2025-03-06,"7.11.2.b"
"C17553",1,0,2025-03-01,2025-03-07,"7.11.2.b"
"C17553",1,0,2025-03-02,2025-03-08,"7.11.2.b"
"C17553",1,0,2025-03-05,2025-03-11,"7.11.2.b"
"C17553",1,0,2025-03-07,2025-03-13,"7.11.2.b"
"C17553",1,0,2025-03-08,2025-03-14,"7.11.2.b"
"C17553",1,0,2025-03-09,2025-03-15,"7.11.2.b"
"C17553",1,0,2025-03-10,2025-03-16,"7.11.2.b"
"C17553",1,0,2025-03-11,2025-03-17,"7.11.2.b"
"C17553",1,0,2025-03-12,2025-03-18,"7.11.2.b"
"C17553",1,0,2025-03-13,2025-03-19,"7.11.2.b"
"C17553",1,0,2025-03-14,2025-03-20,"7.11.2.b"
"C17553",1,0,2025-03-15,2025-03-21,"7.11.2.b"
"C17553",1,0,2025-03-16,2025-03-22,"7.11.2.b"
"C17553",1,0,2025-03-17,2025-03-23,"7.11.2.b"
"C17553",1,0,2025-10-29,2025-11-04,"7.11.2.b"
"C17685",1,-1,2025-03-10,2025-03-22,"7.11.2.a"
"C17685",1,-1,2025-03-17,2025-05-26,"7.11.2.a"
"C17769",1,-2,2023-09-15,2023-10-13,"7.11.2.a"
"C17769",1,-2,2023-10-10,2023-12-31,"7.11.2.a"
"C17775",1,-2,2023-10-05,2024-01-24,"7.11.2.a"
"C17775",1,-2,2024-01-21,2024-01-27,"7.11.2.b"
"C17775",1,-2,2024-01-22,2024-01-28,"7.11.2.b"
"C17775",1,-2,2024-01-23,2024-01-29,"7.11.2.b"
"C17775",1,-2,2024-01-25,2024-01-31,"7.11.2.b"
"C17775",1,-2,2024-01-26,2024-02-01,"7.11.2.b"
"C17775",1,-2,2024-01-28,2024-02-03,"7.11.2.b"
"C17775",1,-2,2024-01-30,2024-02-05,"7.11.2.b"
"C17775",1,-2,2024-01-31,2024-02-06,"7.11.2.b"
"C17775",1,-2,2024-02-01,2024-02-07,"7.11.2.b"
"C17775",1,-2,2024-02-05,2024-02-11,"7.11.2.b"
"C17775",1,-2,2024-02-07,2024-02-13,"7.11.2.b"
"C17775",1,-2,2024-02-08,2024-02-14,"7.11.2.b"
"C17775",1,-2,2024-02-09,2024-02-15,"7.11.2.b"
"C17775",1,-2,2024-02-12,2024-02-18,"7.11.2.b"
"C17775",1,-2,2024-02-13,2024-02-19,"7.11.2.b"
"C17775",1,-2,2024-02-15,2024-02-21,"7.11.2.b"
"C17775",1,-2,2024-02-16,2024-02-22,"7.11.2.b"
"C17775",1,-1,2023-10-05,2024-01-24,"7.11.2.a"
"C17775",1,-1,2024-01-21,2024-01-27,"7.11.2.b"
"C17775",1,-1,2024-01-22,2024-01-28,"7.11.2.b"
"C17775",1,-1,2024-01-23,2024-01-29,"7.11.2.b"
"C17775",1,-1,2024-01-25,2024-01-31,"7.11.2.b"
"C17775",1,-1,2024-01-26,2024-02-01,"7.11.2.b"
"C17775",1,-1,2024-01-28,2024-02-03,"7.11.2.b"
"C17775",1,-1,2024-01-30,2024-02-05,"7.11.2.b"
"C17775",1,-1,2024-01-31,2024-02-06,"7.11.2.b"
"C17775",1,-1,2024-02-01,2024-02-07,"7.11.2.b"
"C17775",1,-1,2024-02-05,2024-02-11,"7.11.2.b"
"C17775",1,-1,2024-02-07,2024-02-13,"7.11.2.b"
"C17775",1,-1,2024-02-08,2024-02-14,"7.11.2.b"
"C17775",1,-1,2024-02-09,2024-02-15,"7.11.2.b"
"C17775",1,-1,2024-02-12,2024-02-18,"7.11.2.b"
"C17775",1,-1,2024-02-13,2024-02-19,"7.11.2.b"
"C17775",1,-1,2024-02-15,2024-02-21,"7.11.2.b"
"C17775",1,-1,2024-02-16,2024-02-22,"7.11.2.b"
"C17775",1,-1,2024-10-11,2024-10-28,"7.11.2.a"
"C17775",1,-1,2024-10-23,2025-01-14,"7.11.2.a"
"C17775",1,-1,2025-01-10,2025-01-21,"7.11.2.a"
"C17775",1,-1,2025-01-16,2025-02-17,"7.11.2.a"
"C17796",1,0,2025-12-29,2026-01-12,"7.11.2.a"
"C17796",1,0,2026-01-10,2026-02-17,"7.11.2.a"
"C17805",1,-1,2024-03-22,2024-04-17,"7.11.2.a"
"C17805",1,-1,2024-07-22,2024-08-10,"7.11.2.a"
"C17805",1,-1,2025-04-18,2025-05-14,"7.11.2.a"
"C17805",1,-1,2025-05-11,2025-06-04,"7.11.2.a"
"C17835",1,-1,2025-06-01,2025-07-17,"7.11.2.a"
"C17835",1,-1,2025-07-11,2025-08-16,"7.11.2.a"
"C17874",1,-2,2023-08-24,2023-09-10,"7.11.2.a"
"C17874",1,-2,2023-09-08,2023-10-15,"7.11.2.a"
"C17874",1,-2,2023-10-15,2023-11-03,"7.11.2.a"
"C17874",1,-2,2023-12-08,2024-01-09,"7.11.2.a"
"C17874",1,-2,2024-01-14,2024-01-25,"7.11.2.a"
"C17874",1,-2,2024-01-20,2024-03-17,"7.11.2.a"
"C17874",1,0,2023-08-24,2023-09-10,"7.11.2.a"
"C17874",1,0,2023-09-08,2023-10-15,"7.11.2.a"
"C17874",1,0,2023-10-15,2023-11-03,"7.11.2.a"
"C17874",1,0,2023-12-08,2024-01-09,"7.11.2.a"
"C17874",1,0,2024-01-14,2024-01-25,"7.11.2.a"
"C17874",1,0,2024-01-20,2024-03-17,"7.11.2.a"
"C17874",1,0,2025-10-04,2025-10-21,"7.11.2.a"
"C17874",1,0,2025-10-19,2025-11-20,"7.11.2.a"
"C17898",1,-1,2024-05-20,2024-07-27,"7.11.2.a"
"C17898",1,-1,2024-07-06,2024-10-22,"7.11.2.a"
"C17910",1,0,2025-12-22,2026-01-23,"7.11.2.a"
"C17910",1,0,2026-01-18,2026-03-04,"7.11.2.a"
"C17967",1,-1,2023-10-05,2023-12-18,"7.11.2.a"
"C17967",1,-1,2024-10-16,2024-11-10,"7.11.2.a"
"C17967",1,-1,2024-11-07,2024-11-19,"7.11.2.a"
"C17967",1,-1,2024-11-16,2024-11-26,"7.11.2.a"
"C17967",1,-1,2024-11-21,2024-12-15,"7.11.2.a"
"C17967",1,-1,2024-12-11,2024-12-22,"7.11.2.a"
"C17967",1,-1,2024-12-17,2024-12-28,"7.11.2.a"
"C17967",1,-1,2024-12-24,2025-01-07,"7.11.2.a"
"C17967",1,-1,2025-01-05,2025-01-14,"7.11.2.a"
"C17967",1,-1,2025-01-10,2025-01-22,"7.11.2.a"
"C17967",1,-1,2025-01-17,2025-02-02,"7.11.2.a"
"C17967",1,-1,2025-01-28,2025-02-16,"7.11.2.a"
"C17967",1,0,2023-10-05,2023-12-18,"7.11.2.a"
"C17967",1,0,2024-10-16,2024-11-10,"7.11.2.a"
"C17967",1,0,2024-11-07,2024-11-19,"7.11.2.a"
"C17967",1,0,2024-11-16,2024-11-26,"7.11.2.a"
"C17967",1,0,2024-11-21,2024-12-15,"7.11.2.a"
"C17967",1,0,2024-12-11,2024-12-22,"7.11.2.a"
"C17967",1,0,2024-12-17,2024-12-28,"7.11.2.a"
"C17967",1,0,2024-12-24,2025-01-07,"7.11.2.a"
"C17967",1,0,2025-01-05,2025-01-14,"7.11.2.a"
"C17967",1,0,2025-01-10,2025-01-22,"7.11.2.a"
"C17967",1,0,2025-01-17,2025-02-02,"7.11.2.a"
"C17967",1,0,2025-01-28,2025-02-16,"7.11.2.a"
"C17967",1,0,2025-11-08,2025-12-11,"7.11.2.a"
"C17967",1,0,2025-12-06,2026-01-24,"7.11.2.a"
"C17967",1,0,2026-01-20,2026-01-27,"7.11.2.a"
"C17967",1,0,2026-01-23,2026-02-03,"7.11.2.a"
"C17967",1,0,2026-01-29,2026-02-17,"7.11.2.a"
"C18009",1,-1,2023-12-15,2024-03-13,"7.11.2.a"
"C18009",1,-1,2024-01-21,2025-05-09,"7.11.2.a"
"C18015",1,-1,2023-12-17,2024-01-09,"7.11.2.a"
"C18015",1,-1,2024-10-04,2024-11-14,"7.11.2.a"
"C18015",1,-1,2024-11-12,2024-11-19,"7.11.2.a"
"C18015",1,0,2023-12-17,2024-01-09,"7.11.2.a"
"C18015",1,0,2024-10-04,2024-11-14,"7.11.2.a"
"C18015",1,0,2024-11-12,2024-11-19,"7.11.2.a"
"C18015",1,0,2025-04-19,2025-04-25,"7.11.2.b"
"C18015",1,0,2025-04-21,2025-04-27,"7.11.2.b"
"C18015",1,0,2025-04-22,2025-04-28,"7.11.2.b"
"C18015",1,0,2025-04-24,2025-04-30,"7.11.2.b"
"C18015",1,0,2025-04-26,2025-05-02,"7.11.2.b"
"C18015",1,0,2025-04-27,2025-05-03,"7.11.2.b"
"C18015",1,0,2025-04-29,2025-05-05,"7.11.2.b"
"C18015",1,0,2025-04-30,2025-05-06,"7.11.2.b"
"C18015",1,0,2025-05-01,2025-05-07,"7.11.2.b"
"C18015",1,0,2025-05-02,2025-05-08,"7.11.2.b"
"C18015",1,0,2025-05-04,2025-05-10,"7.11.2.b"
"C18015",1,0,2025-05-14,2025-05-20,"7.11.2.b"
"C18015",1,0,2025-05-19,2025-05-25,"7.11.2.b"
"C18015",1,0,2025-05-31,2025-06-06,"7.11.2.b"
"C18015",1,0,2025-06-03,2025-06-09,"7.11.2.b"
"C18015",1,0,2025-06-09,2025-08-26,"7.11.2.a"
"C18015",1,0,2025-06-10,2025-06-16,"7.11.2.b"
"C18015",1,0,2025-06-13,2025-06-19,"7.11.2.b"
"C18015",1,0,2025-08-24,2025-08-30,"7.11.2.b"
"C18015",1,0,2025-08-25,2025-08-31,"7.11.2.b"
"C18015",1,0,2025-08-28,2025-09-03,"7.11.2.b"
"C18015",1,0,2025-09-06,2025-09-12,"7.11.2.b"
"C18015",1,0,2025-09-08,2025-09-14,"7.11.2.b"
"C18015",1,0,2025-09-10,2025-09-16,"7.11.2.b"
"C18015",1,0,2025-09-11,2025-09-17,"7.11.2.b"
"C18015",1,0,2025-09-21,2025-09-27,"7.11.2.b"
"C18015",1,0,2025-09-23,2025-09-29,"7.11.2.b"
"C18015",1,0,2025-11-09,2025-11-18,"7.11.2.a"
"C18015",1,0,2025-11-14,2025-12-13,"7.11.2.a"
"C18015",1,0,2025-12-11,2025-12-18,"7.11.2.a"
"C18015",1,0,2025-12-14,2025-12-25,"7.11.2.a"
"C18015",1,0,2025-12-20,2025-12-27,"7.11.2.a"
"C18015",1,0,2025-12-25,2026-01-15,"7.11.2.a"
"C18015",1,0,2026-01-11,2026-01-26,"7.11.2.a"
"C18015",1,0,2026-01-23,2026-02-03,"7.11.2.a"
"C18015",1,0,2026-01-29,2026-02-05,"7.11.2.a"
"C18039",1,0,2025-05-01,2025-07-18,"7.11.2.a"
"C18039",1,0,2025-12-21,2026-01-22,"7.11.2.a"
"C18039",1,0,2026-01-17,2026-02-19,"7.11.2.a"
"C18075",1,0,2025-06-24,2025-06-30,"7.11.2.b"
"C18075",1,0,2025-06-26,2025-07-02,"7.11.2.b"
"C18075",1,0,2025-06-27,2025-07-03,"7.11.2.b"
"C18075",1,0,2025-06-28,2025-07-04,"7.11.2.b"
"C18075",1,0,2025-06-29,2025-07-05,"7.11.2.b"
"C18075",1,0,2025-06-30,2025-07-06,"7.11.2.b"
"C18075",1,0,2025-07-01,2025-07-07,"7.11.2.b"
"C18075",1,0,2025-07-04,2025-07-10,"7.11.2.b"
"C18075",1,0,2025-07-05,2025-07-11,"7.11.2.b"
"C18075",1,0,2025-07-07,2025-07-13,"7.11.2.b"
"C18075",1,0,2025-07-08,2025-07-14,"7.11.2.b"
"C18075",1,0,2025-07-09,2025-07-15,"7.11.2.b"
"C18075",1,0,2025-07-10,2025-07-16,"7.11.2.b"
"C18075",1,0,2025-07-11,2025-07-17,"7.11.2.b"
"C18075",1,0,2025-07-14,2025-07-20,"7.11.2.b"
"C18075",1,0,2025-07-15,2025-07-21,"7.11.2.b"
"C18075",1,0,2025-07-17,2025-07-23,"7.11.2.b"
"C18075",1,0,2025-07-19,2025-07-25,"7.11.2.b"
"C18075",1,0,2025-07-20,2025-07-26,"7.11.2.b"
"C18075",1,0,2025-07-21,2025-07-27,"7.11.2.b"
"C18075",1,0,2025-07-21,2026-02-10,"7.11.2.a"
"C18075",1,0,2025-07-24,2025-07-30,"7.11.2.b"
"C18075",1,0,2025-07-25,2025-07-31,"7.11.2.b"
"C18075",1,0,2025-07-26,2025-08-01,"7.11.2.b"
"C18075",1,0,2025-07-27,2025-08-02,"7.11.2.b"
"C18075",1,0,2025-07-28,2025-08-03,"7.11.2.b"
"C18075",1,0,2025-07-29,2025-08-04,"7.11.2.b"
"C18075",1,0,2025-07-30,2025-08-05,"7.11.2.b"
"C18075",1,0,2025-07-31,2025-08-06,"7.11.2.b"
"C18099",1,0,2025-03-17,2025-06-02,"7.11.2.a"
"C18099",1,0,2025-09-18,2025-10-14,"7.11.2.a"
"C18099",1,0,2025-10-09,2026-01-01,"7.11.2.a"
"C18099",1,0,2025-12-29,2026-01-28,"7.11.2.a"
"C18102",1,0,2024-11-02,2024-11-24,"7.11.2.a"
"C18102",1,0,2024-11-18,2025-07-07,"7.11.2.a"
"C18102",1,0,2025-07-04,2025-10-20,"7.11.2.a"
"C18105",1,0,2023-11-21,2024-01-19,"7.11.2.a"
"C18105",1,0,2025-05-10,2025-07-31,"7.11.2.a"
"C18105",1,0,2025-07-27,2026-02-23,"7.11.2.a"
"C18111",1,-2,2024-04-06,2024-05-23,"7.11.2.a"
"C18111",1,-2,2024-04-18,2024-09-03,"7.11.2.a"
"C18147",1,-2,2022-11-28,2023-09-15,"7.11.2.a"
"C18147",1,-2,2023-09-09,2023-09-15,"7.11.2.b"
"C18147",1,-2,2023-09-15,2023-09-21,"7.11.2.b"
"C18147",1,-2,2023-09-17,2023-09-23,"7.11.2.b"
"C18147",1,-2,2023-09-19,2023-09-25,"7.11.2.b"
"C18147",1,-2,2023-09-22,2023-09-28,"7.11.2.b"
"C18147",1,-2,2023-09-23,2023-09-29,"7.11.2.b"
"C18147",1,-2,2023-09-23,2024-03-04,"7.11.2.a"
"C18147",1,-2,2023-10-01,2023-10-07,"7.11.2.b"
"C18147",1,-2,2023-10-06,2024-02-09,"7.11.2.a"
"C18186",1,0,2025-11-28,2026-02-05,"7.11.2.a"
"C18186",1,0,2026-01-31,2026-03-03,"7.11.2.a"
"C18213",1,0,2025-09-01,2025-10-01,"7.11.2.a"
"C18213",1,0,2025-11-09,2025-11-15,"7.11.2.b"
"C18213",1,0,2025-11-10,2025-11-16,"7.11.2.b"
"C18213",1,0,2025-11-12,2025-11-18,"7.11.2.b"
"C18213",1,0,2025-11-13,2025-11-19,"7.11.2.b"
"C18213",1,0,2025-11-18,2025-11-24,"7.11.2.b"
"C18213",1,0,2025-11-20,2025-11-26,"7.11.2.b"
"C18213",1,0,2025-11-23,2025-11-29,"7.11.2.b"
"C18213",1,0,2025-12-02,2025-12-08,"7.11.2.b"
"C18213",1,0,2025-12-04,2025-12-10,"7.11.2.b"
"C18213",1,0,2025-12-05,2025-12-11,"7.11.2.b"
"C18213",1,0,2025-12-06,2025-12-12,"7.11.2.b"
"C18213",1,0,2025-12-07,2025-12-13,"7.11.2.b"
"C18213",1,0,2025-12-10,2025-12-16,"7.11.2.b"
"C18213",1,0,2025-12-11,2025-12-17,"7.11.2.b"
"C18213",1,0,2025-12-13,2025-12-19,"7.11.2.b"
"C18213",1,0,2025-12-14,2025-12-20,"7.11.2.b"
"C18213",1,0,2025-12-15,2025-12-21,"7.11.2.b"
"C18213",1,0,2025-12-16,2025-12-22,"7.11.2.b"
"C18213",1,0,2025-12-17,2025-12-23,"7.11.2.b"
"C18213",1,0,2025-12-18,2025-12-24,"7.11.2.b"
"C18213",1,0,2025-12-20,2026-01-09,"7.11.2.a"
"C18261",1,-2,2023-12-12,2023-12-18,"7.11.2.b"
"C18261",1,-2,2023-12-14,2023-12-20,"7.11.2.b"
"C18261",1,-2,2023-12-15,2023-12-21,"7.11.2.b"
"C18261",1,-2,2023-12-16,2023-12-22,"7.11.2.b"
"C18261",1,-2,2023-12-17,2023-12-23,"7.11.2.b"
"C18261",1,-2,2023-12-18,2023-12-24,"7.11.2.b"
"C18261",1,-2,2023-12-19,2023-12-25,"7.11.2.b"
"C18261",1,-2,2023-12-20,2023-12-26,"7.11.2.b"
"C18261",1,-2,2023-12-21,2023-12-27,"7.11.2.b"
"C18261",1,-2,2023-12-22,2023-12-28,"7.11.2.b"
"C18261",1,-2,2023-12-23,2023-12-29,"7.11.2.b"
"C18261",1,-2,2023-12-24,2023-12-30,"7.11.2.b"
"C18261",1,-2,2023-12-25,2023-12-31,"7.11.2.b"
"C18261",1,-2,2023-12-26,2024-01-01,"7.11.2.b"
"C18261",1,-2,2023-12-27,2024-01-02,"7.11.2.b"
"C18261",1,-2,2023-12-28,2024-01-03,"7.11.2.b"
"C18261",1,-2,2023-12-29,2024-01-04,"7.11.2.b"
"C18261",1,-2,2023-12-29,2024-06-06,"7.11.2.a"
"C18261",1,-2,2023-12-30,2024-01-05,"7.11.2.b"
"C18261",1,-2,2023-12-31,2024-01-06,"7.11.2.b"
"C18261",1,-2,2024-01-01,2024-01-07,"7.11.2.b"
"C18261",1,-2,2024-01-02,2024-01-08,"7.11.2.b"
"C18261",1,-2,2024-01-03,2024-01-09,"7.11.2.b"
"C18261",1,-2,2024-01-04,2024-01-10,"7.11.2.b"
"C18261",1,-2,2024-01-05,2024-01-11,"7.11.2.b"
"C18261",1,-2,2024-01-07,2024-01-13,"7.11.2.b"
"C18261",1,-2,2024-01-08,2024-01-14,"7.11.2.b"
"C18261",1,-2,2024-01-09,2024-01-15,"7.11.2.b"
"C18261",1,-2,2024-01-10,2024-01-16,"7.11.2.b"
"C18261",1,-2,2024-01-15,2024-01-21,"7.11.2.b"
"C18261",1,-2,2024-01-16,2024-01-22,"7.11.2.b"
"C18261",1,-2,2024-01-18,2024-01-24,"7.11.2.b"
"C18261",1,-2,2024-01-19,2024-01-25,"7.11.2.b"
"C18261",1,-2,2024-01-20,2024-01-26,"7.11.2.b"
"C18261",1,-2,2024-01-21,2024-01-27,"7.11.2.b"
"C18261",1,-2,2024-01-22,2024-01-28,"7.11.2.b"
"C18261",1,-2,2024-03-23,2024-03-29,"7.11.2.b"
"C18261",1,-2,2024-03-25,2024-03-31,"7.11.2.b"
"C18261",1,-2,2024-03-29,2024-04-04,"7.11.2.b"
"C18261",1,-2,2024-04-01,2024-04-07,"7.11.2.b"
"C18261",1,-2,2024-04-04,2024-04-10,"7.11.2.b"
"C18261",1,-2,2024-04-05,2024-04-11,"7.11.2.b"
"C18351",1,0,2023-04-07,2023-11-28,"7.11.2.a"
"C18351",1,0,2024-10-03,2024-10-09,"7.11.2.b"
"C18351",1,0,2024-10-05,2024-10-11,"7.11.2.b"
"C18351",1,0,2024-10-05,2025-10-21,"7.11.2.a"
"C18351",1,0,2024-10-13,2024-10-19,"7.11.2.b"
"C18486",1,-2,2023-08-27,2023-09-02,"7.11.2.b"
"C18486",1,-2,2023-08-28,2023-09-03,"7.11.2.b"
"C18486",1,-2,2023-08-29,2023-09-04,"7.11.2.b"
"C18486",1,-2,2023-08-30,2023-09-05,"7.11.2.b"
"C18486",1,-2,2023-09-01,2023-09-07,"7.11.2.b"
"C18486",1,-2,2023-09-03,2023-09-09,"7.11.2.b"
"C18486",1,-2,2023-09-04,2023-09-10,"7.11.2.b"
"C18486",1,-2,2023-09-05,2023-09-11,"7.11.2.b"
"C18486",1,-2,2023-09-06,2023-09-12,"7.11.2.b"
"C18486",1,-2,2023-09-17,2023-09-23,"7.11.2.b"
"C18486",1,-2,2023-09-26,2023-10-02,"7.11.2.b"
"C18486",1,-2,2023-09-30,2023-12-26,"7.11.2.a"
"C18492",1,-2,2024-04-13,2024-05-22,"7.11.2.a"
"C18492",1,-2,2024-05-25,2024-06-15,"7.11.2.a"
"C18492",1,-2,2024-06-11,2024-07-02,"7.11.2.a"
"C18504",1,0,2024-05-30,2024-06-05,"7.11.2.b"
"C18504",1,0,2024-06-03,2024-06-09,"7.11.2.b"
"C18504",1,0,2024-06-04,2024-06-10,"7.11.2.b"
"C18504",1,0,2024-06-05,2024-06-11,"7.11.2.b"
"C18504",1,0,2024-06-06,2024-06-12,"7.11.2.b"
"C18504",1,0,2024-06-08,2024-06-14,"7.11.2.b"
"C18504",1,0,2024-06-09,2024-06-15,"7.11.2.b"
"C18504",1,0,2024-06-10,2024-06-16,"7.11.2.b"
"C18504",1,0,2024-06-12,2024-06-18,"7.11.2.b"
"C18504",1,0,2024-06-15,2024-06-21,"7.11.2.b"
"C18504",1,0,2024-06-19,2024-06-25,"7.11.2.b"
"C18504",1,0,2024-06-21,2024-06-27,"7.11.2.b"
"C18504",1,0,2024-06-22,2024-06-28,"7.11.2.b"
"C18504",1,0,2024-06-26,2024-07-02,"7.11.2.b"
"C18504",1,0,2024-06-29,2024-07-05,"7.11.2.b"
"C18504",1,0,2024-06-30,2024-07-06,"7.11.2.b"
"C18504",1,0,2024-07-06,2024-07-12,"7.11.2.b"
"C18504",1,0,2024-07-10,2024-07-16,"7.11.2.b"
"C18504",1,0,2024-07-11,2024-07-17,"7.11.2.b"
"C18504",1,0,2024-07-17,2024-07-23,"7.11.2.b"
"C18504",1,0,2024-07-18,2024-07-24,"7.11.2.b"
"C18504",1,0,2025-12-01,2025-12-17,"7.11.2.a"
"C18504",1,0,2025-12-15,2025-12-21,"7.11.2.b"
"C18504",1,0,2025-12-17,2025-12-23,"7.11.2.b"
"C18507",1,-2,2023-10-06,2023-10-21,"7.11.2.a"
"C18507",1,-2,2023-10-16,2023-11-07,"7.11.2.a"
"C18507",1,-2,2023-11-06,2023-11-13,"7.11.2.a"
"C18507",1,-2,2023-11-10,2023-11-17,"7.11.2.a"
"C18507",1,-2,2023-11-12,2023-11-20,"7.11.2.a"
"C18507",1,-2,2023-11-15,2023-11-28,"7.11.2.a"
"C18507",1,-2,2023-11-24,2023-12-02,"7.11.2.a"
"C18507",1,-2,2023-11-27,2023-12-04,"7.11.2.a"
"C18507",1,-2,2023-11-30,2023-12-23,"7.11.2.a"
"C18507",1,0,2023-10-06,2023-10-21,"7.11.2.a"
"C18507",1,0,2023-10-16,2023-11-07,"7.11.2.a"
"C18507",1,0,2023-11-06,2023-11-13,"7.11.2.a"
"C18507",1,0,2023-11-10,2023-11-17,"7.11.2.a"
"C18507",1,0,2023-11-12,2023-11-20,"7.11.2.a"
"C18507",1,0,2023-11-15,2023-11-28,"7.11.2.a"
"C18507",1,0,2023-11-24,2023-12-02,"7.11.2.a"
"C18507",1,0,2023-11-27,2023-12-04,"7.11.2.a"
"C18507",1,0,2023-11-30,2023-12-23,"7.11.2.a"
"C18507",1,0,2025-11-23,2025-11-30,"7.11.2.a"
"C18507",1,0,2025-11-25,2025-12-15,"7.11.2.a"
"C18543",1,-1,2024-11-17,2025-02-07,"7.11.2.a"
"C18543",1,-1,2024-12-03,2025-03-10,"7.11.2.a"
"C18549",1,-2,2024-06-07,2024-07-24,"7.11.2.a"
"C18549",1,-2,2024-06-23,2024-08-12,"7.11.2.a"
"C18570",1,-2,2023-08-05,2023-10-28,"7.11.2.a"
"C18570",1,-2,2023-10-23,2023-11-25,"7.11.2.a"
"C18570",1,0,2023-08-05,2023-10-28,"7.11.2.a"
"C18570",1,0,2023-10-23,2023-11-25,"7.11.2.a"
"C18570",1,0,2025-03-31,2025-04-24,"7.11.2.a"
"C18570",1,0,2025-10-31,2025-12-18,"7.11.2.a"
"C18570",1,0,2025-12-13,2026-02-13,"7.11.2.a"
"C18585",1,-2,2023-10-25,2023-11-01,"7.11.2.a"
"C18585",1,-2,2023-10-26,2023-11-07,"7.11.2.a"
"C18585",1,-2,2023-11-05,2023-11-21,"7.11.2.a"
"C18585",1,-2,2023-11-19,2023-12-07,"7.11.2.a"
"C18585",1,-2,2023-12-03,2024-02-23,"7.11.2.a"
"C18585",1,-2,2024-01-21,2024-03-11,"7.11.2.a"
"C18609",1,-2,2023-11-14,2023-11-26,"7.11.2.a"
"C18609",1,-2,2023-11-21,2023-12-04,"7.11.2.a"
"C18609",1,-2,2023-11-30,2023-12-07,"7.11.2.a"
"C18609",1,-2,2023-12-02,2023-12-21,"7.11.2.a"
"C18627",1,-1,2024-10-07,2024-12-01,"7.11.2.a"
"C18627",1,-1,2024-11-27,2025-02-23,"7.11.2.a"
"C18627",1,-1,2025-02-18,2025-04-14,"7.11.2.a"
"C18636",1,-1,2024-12-27,2025-02-23,"7.11.2.a"
"C18636",1,-1,2025-02-18,2025-05-05,"7.11.2.a"
"C18636",1,-1,2025-03-02,2025-05-27,"7.11.2.a"
"C18681",2,0,2024-07-01,2024-07-07,"7.11.2.b"
"C18681",2,0,2024-07-02,2024-07-08,"7.11.2.b"
"C18681",2,0,2024-07-03,2024-07-09,"7.11.2.b"
"C18681",2,0,2024-07-04,2024-07-10,"7.11.2.b"
"C18681",2,0,2024-07-05,2024-07-11,"7.11.2.b"
"C18681",2,0,2024-07-07,2024-07-13,"7.11.2.b"
"C18681",2,0,2024-07-08,2024-07-14,"7.11.2.b"
"C18681",2,0,2024-07-09,2024-07-15,"7.11.2.b"
"C18681",2,0,2024-07-11,2024-07-17,"7.11.2.b"
"C18681",2,0,2024-07-13,2024-07-19,"7.11.2.b"
"C18681",2,0,2024-07-14,2024-07-20,"7.11.2.b"
"C18681",2,0,2024-07-19,2025-06-25,"7.11.2.a"
"C18681",2,0,2024-07-22,2024-07-28,"7.11.2.b"
"C18681",2,0,2024-07-23,2024-07-29,"7.11.2.b"
"C18681",2,0,2024-07-25,2024-07-31,"7.11.2.b"
"C18681",2,0,2024-07-26,2024-08-01,"7.11.2.b"
"C18681",2,0,2024-07-27,2024-08-02,"7.11.2.b"
"C18681",2,0,2024-07-28,2024-08-03,"7.11.2.b"
"C18681",2,0,2024-07-30,2024-08-05,"7.11.2.b"
"C18681",2,0,2024-08-02,2024-08-08,"7.11.2.b"
"C18681",2,0,2024-08-04,2024-08-10,"7.11.2.b"
"C18681",2,0,2024-08-09,2024-08-15,"7.11.2.b"
"C18681",2,0,2024-08-10,2024-08-16,"7.11.2.b"
"C18681",2,0,2024-08-11,2024-08-17,"7.11.2.b"
"C18681",2,0,2024-08-17,2024-08-23,"7.11.2.b"
"C18681",2,0,2024-08-18,2024-08-24,"7.11.2.b"
"C18681",2,0,2024-08-19,2024-08-25,"7.11.2.b"
"C18681",2,0,2025-06-19,2026-03-03,"7.11.2.a"
"C18759",2,0,2025-03-20,2025-03-26,"7.11.2.b"
"C18759",2,0,2025-03-22,2025-03-28,"7.11.2.b"
"C18759",2,0,2025-03-23,2025-03-29,"7.11.2.b"
"C18759",2,0,2025-03-26,2025-04-01,"7.11.2.b"
"C18759",2,0,2025-03-29,2025-04-04,"7.11.2.b"
"C18759",2,0,2025-03-30,2025-04-05,"7.11.2.b"
"C18759",2,0,2025-04-03,2025-04-09,"7.11.2.b"
"C18759",2,0,2025-04-05,2025-04-11,"7.11.2.b"
"C18759",2,0,2025-04-13,2025-04-19,"7.11.2.b"
"C18759",2,0,2025-04-13,2025-11-18,"7.11.2.a"
"C18759",2,0,2025-04-18,2025-04-24,"7.11.2.b"
"C18759",2,0,2025-04-19,2025-04-25,"7.11.2.b"
"C18759",2,0,2025-04-27,2025-05-03,"7.11.2.b"
"C18759",2,0,2025-05-03,2025-05-09,"7.11.2.b"
"C18759",2,0,2025-05-05,2025-05-11,"7.11.2.b"
"C18759",2,0,2025-05-06,2025-05-12,"7.11.2.b"
"C18759",2,0,2025-05-08,2025-05-14,"7.11.2.b"
"C18759",2,0,2025-05-09,2025-05-15,"7.11.2.b"
"C18759",2,0,2025-05-11,2025-05-17,"7.11.2.b"
"C18759",2,0,2025-05-15,2025-05-21,"7.11.2.b"
"C18759",2,0,2025-05-19,2025-05-25,"7.11.2.b"
"C18759",2,0,2025-06-01,2025-06-07,"7.11.2.b"
"C18759",2,0,2025-06-02,2025-06-08,"7.11.2.b"
"C18774",1,-1,2023-09-08,2023-10-01,"7.11.2.a"
"C18774",1,-1,2024-06-05,2024-07-04,"7.11.2.a"
"C18774",1,-1,2024-11-22,2024-12-02,"7.11.2.a"
"C18774",1,-1,2024-11-29,2024-12-20,"7.11.2.a"
"C18801",2,0,2023-04-13,2023-10-22,"7.11.2.a"
"C18801",2,0,2025-05-20,2025-07-31,"7.11.2.a"
"C18801",2,0,2025-06-29,2026-03-05,"7.11.2.a"
"C18969",1,0,2024-07-17,2024-07-23,"7.11.2.b"
"C18969",1,0,2024-07-18,2024-07-24,"7.11.2.b"
"C18969",1,0,2024-07-19,2024-07-25,"7.11.2.b"
"C18969",1,0,2024-07-20,2024-07-26,"7.11.2.b"
"C18969",1,0,2024-07-21,2024-07-27,"7.11.2.b"
"C18969",1,0,2024-07-22,2024-07-28,"7.11.2.b"
"C18969",1,0,2024-07-24,2024-07-30,"7.11.2.b"
"C18969",1,0,2024-07-25,2024-07-31,"7.11.2.b"
"C18969",1,0,2024-07-26,2024-08-01,"7.11.2.b"
"C18969",1,0,2024-07-27,2024-08-02,"7.11.2.b"
"C18969",1,0,2024-07-28,2024-08-03,"7.11.2.b"
"C18969",1,0,2024-07-29,2024-08-04,"7.11.2.b"
"C18969",1,0,2024-07-30,2024-08-05,"7.11.2.b"
"C18969",1,0,2024-08-01,2024-08-07,"7.11.2.b"
"C18969",1,0,2024-08-02,2024-08-08,"7.11.2.b"
"C18969",1,0,2024-08-03,2024-08-09,"7.11.2.b"
"C18969",1,0,2024-08-04,2024-08-10,"7.11.2.b"
"C18969",1,0,2024-08-05,2024-08-11,"7.11.2.b"
"C18969",1,0,2024-08-06,2024-08-12,"7.11.2.b"
"C18969",1,0,2024-08-07,2024-08-13,"7.11.2.b"
"C18969",1,0,2024-08-08,2024-08-14,"7.11.2.b"
"C18969",1,0,2024-08-09,2024-08-15,"7.11.2.b"
"C18969",1,0,2024-08-10,2024-08-16,"7.11.2.b"
"C18969",1,0,2024-08-11,2024-08-17,"7.11.2.b"
"C18969",1,0,2024-08-12,2024-08-18,"7.11.2.b"
"C18969",1,0,2024-08-13,2024-08-19,"7.11.2.b"
"C18969",1,0,2024-08-14,2024-08-20,"7.11.2.b"
"C18969",1,0,2024-08-15,2024-08-21,"7.11.2.b"
"C18969",1,0,2024-08-16,2024-08-22,"7.11.2.b"
"C18969",1,0,2024-08-17,2024-08-23,"7.11.2.b"
"C18969",1,0,2024-08-18,2024-08-24,"7.11.2.b"
"C18969",1,0,2024-08-18,2026-02-10,"7.11.2.a"
"C18969",1,0,2024-08-19,2024-08-25,"7.11.2.b"
"C18969",1,0,2024-08-20,2024-08-26,"7.11.2.b"
"C18969",1,0,2024-08-21,2024-08-27,"7.11.2.b"
"C18969",1,0,2024-08-22,2024-08-28,"7.11.2.b"
"C18969",1,0,2024-08-23,2024-08-29,"7.11.2.b"
"C18969",1,0,2024-08-24,2024-08-30,"7.11.2.b"
"C18969",1,0,2024-08-27,2024-09-02,"7.11.2.b"
"C18969",1,0,2024-08-30,2024-09-05,"7.11.2.b"
"C18999",1,0,2024-02-02,2024-05-18,"7.11.2.a"
"C18999",1,0,2025-10-02,2025-11-03,"7.11.2.a"
"C18999",1,0,2025-10-31,2025-11-25,"7.11.2.a"
"C18999",1,0,2025-11-27,2025-12-19,"7.11.2.a"
"C18999",1,0,2025-12-18,2026-01-10,"7.11.2.a"
"C19020",1,-2,2023-10-18,2023-10-25,"7.11.2.a"
"C19020",1,-2,2023-10-20,2023-10-31,"7.11.2.a"
"C19020",1,-2,2023-10-27,2023-11-05,"7.11.2.a"
"C19020",1,-2,2023-11-01,2023-11-13,"7.11.2.a"
"C19020",1,-2,2023-11-10,2023-11-18,"7.11.2.a"
"C19020",1,-2,2023-11-16,2023-12-07,"7.11.2.a"
"C19020",1,-2,2023-12-02,2024-01-23,"7.11.2.a"
"C19020",1,-2,2024-01-19,2024-01-25,"7.11.2.b"
"C19020",1,-2,2024-01-21,2024-06-19,"7.11.2.a"
"C19020",1,-2,2024-01-22,2024-01-28,"7.11.2.b"
"C19020",1,0,2023-10-18,2023-10-25,"7.11.2.a"
"C19020",1,0,2023-10-20,2023-10-31,"7.11.2.a"
"C19020",1,0,2023-10-27,2023-11-05,"7.11.2.a"
"C19020",1,0,2023-11-01,2023-11-13,"7.11.2.a"
"C19020",1,0,2023-11-10,2023-11-18,"7.11.2.a"
"C19020",1,0,2023-11-16,2023-12-07,"7.11.2.a"
"C19020",1,0,2023-12-02,2024-01-23,"7.11.2.a"
"C19020",1,0,2024-01-19,2024-01-25,"7.11.2.b"
"C19020",1,0,2024-01-21,2024-06-19,"7.11.2.a"
"C19020",1,0,2024-01-22,2024-01-28,"7.11.2.b"
"C19020",1,0,2024-10-08,2024-10-14,"7.11.2.b"
"C19020",1,0,2024-10-25,2024-11-10,"7.11.2.a"
"C19020",1,0,2024-11-05,2024-11-21,"7.11.2.a"
"C19020",1,0,2024-11-16,2024-11-29,"7.11.2.a"
"C19020",1,0,2024-11-24,2024-12-02,"7.11.2.a"
"C19020",1,0,2024-11-28,2024-12-12,"7.11.2.a"
"C19020",1,0,2024-12-08,2024-12-20,"7.11.2.a"
"C19020",1,0,2024-12-16,2024-12-23,"7.11.2.a"
"C19020",1,0,2024-12-27,2025-01-02,"7.11.2.b"
"C19020",1,0,2024-12-29,2025-01-04,"7.11.2.b"
"C19020",1,0,2025-01-04,2025-01-10,"7.11.2.b"
"C19020",1,0,2025-01-08,2025-01-20,"7.11.2.a"
"C19020",1,0,2025-01-15,2025-02-06,"7.11.2.a"
"C19020",1,0,2025-02-07,2025-02-13,"7.11.2.b"
"C19020",1,0,2025-02-13,2025-02-19,"7.11.2.b"
"C19020",1,0,2025-02-14,2025-02-20,"7.11.2.b"
"C19020",1,0,2025-02-15,2025-02-21,"7.11.2.b"
"C19020",1,0,2025-02-16,2025-02-22,"7.11.2.b"
"C19020",1,0,2025-02-19,2025-02-25,"7.11.2.b"
"C19020",1,0,2025-02-22,2025-02-28,"7.11.2.b"
"C19020",1,0,2025-02-23,2025-03-01,"7.11.2.b"
"C19020",1,0,2025-02-24,2025-03-02,"7.11.2.b"
"C19020",1,0,2025-10-31,2025-11-06,"7.11.2.b"
"C19020",1,0,2025-11-11,2025-12-01,"7.11.2.a"
"C19020",1,0,2025-11-28,2026-01-20,"7.11.2.a"
"C19020",1,0,2026-01-15,2026-02-13,"7.11.2.a"
"C19020",1,0,2026-02-12,2026-02-18,"7.11.2.b"
"C19020",1,0,2026-02-13,2026-02-19,"7.11.2.b"
"C19020",1,0,2026-02-14,2026-02-20,"7.11.2.b"
"C19020",1,0,2026-02-15,2026-02-21,"7.11.2.b"
"C19020",1,0,2026-02-16,2026-02-22,"7.11.2.b"
"C19020",1,0,2026-02-19,2026-02-25,"7.11.2.b"
"C19020",1,0,2026-02-27,2026-03-05,"7.11.2.b"
"C19020",1,0,2026-03-02,2026-03-08,"7.11.2.b"
"C19020",1,0,2026-03-06,2026-03-12,"7.11.2.b"
"C19020",1,0,2026-03-08,2026-03-14,"7.11.2.b"
"C19020",1,0,2026-03-09,2026-03-15,"7.11.2.b"
"C19020",1,0,2026-03-10,2026-03-16,"7.11.2.b"
"C19095",1,-1,2025-05-12,2025-06-07,"7.11.2.a"
"C19095",1,-1,2025-05-19,2025-08-18,"7.11.2.a"
"C19134",1,-2,2023-11-15,2024-02-02,"7.11.2.a"
"C19134",1,-2,2023-12-07,2024-06-06,"7.11.2.a"
"C19185",1,0,2025-03-17,2025-03-23,"7.11.2.b"
"C19185",1,0,2025-03-18,2025-03-24,"7.11.2.b"
"C19185",1,0,2025-03-22,2025-03-28,"7.11.2.b"
"C19185",1,0,2025-03-24,2025-03-30,"7.11.2.b"
"C19185",1,0,2025-03-26,2025-04-01,"7.11.2.b"
"C19185",1,0,2025-03-27,2025-04-02,"7.11.2.b"
"C19185",1,0,2025-04-01,2025-04-07,"7.11.2.b"
"C19185",1,0,2025-04-02,2025-04-08,"7.11.2.b"
"C19185",1,0,2025-04-04,2025-04-10,"7.11.2.b"
"C19185",1,0,2025-04-05,2025-04-11,"7.11.2.b"
"C19185",1,0,2025-04-10,2025-04-16,"7.11.2.b"
"C19185",1,0,2025-04-12,2025-04-18,"7.11.2.b"
"C19185",1,0,2025-04-12,2025-11-21,"7.11.2.a"
"C19185",1,0,2025-04-15,2025-04-21,"7.11.2.b"
"C19185",1,0,2025-04-23,2025-04-29,"7.11.2.b"
"C19185",1,0,2025-04-25,2025-05-01,"7.11.2.b"
"C19185",1,0,2025-04-26,2025-05-02,"7.11.2.b"
"C19185",1,0,2025-04-28,2025-05-04,"7.11.2.b"
"C19185",1,0,2025-04-29,2025-05-05,"7.11.2.b"
"C19185",1,0,2025-04-30,2025-05-06,"7.11.2.b"
"C19185",1,0,2025-05-01,2025-05-07,"7.11.2.b"
"C19185",1,0,2025-05-03,2025-05-09,"7.11.2.b"
"C19185",1,0,2025-05-04,2025-05-10,"7.11.2.b"
"C19185",1,0,2025-05-05,2025-05-11,"7.11.2.b"
"C19185",1,0,2025-05-07,2025-05-13,"7.11.2.b"
"C19185",1,0,2025-05-09,2025-05-15,"7.11.2.b"
"C19185",1,0,2025-05-10,2025-05-16,"7.11.2.b"
"C19185",1,0,2025-05-11,2025-05-17,"7.11.2.b"
"C19185",1,0,2025-05-12,2025-05-18,"7.11.2.b"
"C19185",1,0,2025-05-13,2025-05-19,"7.11.2.b"
"C19185",1,0,2025-05-14,2025-05-20,"7.11.2.b"
"C19185",1,0,2025-05-15,2025-05-21,"7.11.2.b"
"C19185",1,0,2025-05-16,2025-05-22,"7.11.2.b"
"C19185",1,0,2025-05-17,2025-05-23,"7.11.2.b"
"C19185",1,0,2025-05-18,2025-05-24,"7.11.2.b"
"C19185",1,0,2025-05-19,2025-05-25,"7.11.2.b"
"C19185",1,0,2025-05-20,2025-05-26,"7.11.2.b"
"C19185",1,0,2025-05-21,2025-05-27,"7.11.2.b"
"C19185",1,0,2025-05-22,2025-05-28,"7.11.2.b"
"C19185",1,0,2025-05-24,2025-05-30,"7.11.2.b"
"C19185",1,0,2025-05-25,2025-05-31,"7.11.2.b"
"C19185",1,0,2025-05-26,2025-06-01,"7.11.2.b"
"C19185",1,0,2025-05-28,2025-06-03,"7.11.2.b"
"C19185",1,0,2025-05-29,2025-06-04,"7.11.2.b"
"C19185",1,0,2025-05-31,2025-06-06,"7.11.2.b"
"C19185",1,0,2025-06-01,2025-06-07,"7.11.2.b"
"C19185",1,0,2025-06-02,2025-06-08,"7.11.2.b"
"C19185",1,0,2025-06-04,2025-06-10,"7.11.2.b"
"C19185",1,0,2025-06-06,2025-06-12,"7.11.2.b"
"C19191",1,-1,2023-04-03,2023-12-22,"7.11.2.a"
"C19191",1,-1,2025-02-26,2025-03-04,"7.11.2.b"
"C19191",1,-1,2025-02-27,2025-03-05,"7.11.2.b"
"C19191",1,-1,2025-02-28,2025-03-06,"7.11.2.b"
"C19191",1,-1,2025-03-02,2025-03-08,"7.11.2.b"
"C19191",1,-1,2025-03-05,2025-03-11,"7.11.2.b"
"C19191",1,-1,2025-03-06,2025-03-12,"7.11.2.b"
"C19191",1,-1,2025-03-07,2025-03-13,"7.11.2.b"
"C19191",1,-1,2025-03-08,2025-03-14,"7.11.2.b"
"C19191",1,-1,2025-03-09,2025-09-09,"7.11.2.a"
"C19191",1,-1,2025-03-10,2025-03-16,"7.11.2.b"
"C19191",1,-1,2025-03-12,2025-03-18,"7.11.2.b"
"C19191",1,-1,2025-03-13,2025-03-19,"7.11.2.b"
"C19191",1,-1,2025-03-14,2025-03-20,"7.11.2.b"
"C19191",1,-1,2025-03-15,2025-03-21,"7.11.2.b"
"C19191",1,-1,2025-03-17,2025-03-23,"7.11.2.b"
"C19191",1,-1,2025-03-18,2025-03-24,"7.11.2.b"
"C19191",1,-1,2025-03-19,2025-03-25,"7.11.2.b"
"C19191",1,-1,2025-03-21,2025-03-27,"7.11.2.b"
"C19191",1,-1,2025-08-13,2025-08-19,"7.11.2.b"
"C19191",1,-1,2025-08-15,2025-08-21,"7.11.2.b"
"C19191",1,-1,2025-08-18,2025-08-24,"7.11.2.b"
"C19227",1,-1,2024-12-29,2025-02-23,"7.11.2.a"
"C19227",1,-1,2025-02-18,2025-03-28,"7.11.2.a"
"C19296",1,0,2023-04-13,2023-08-25,"7.11.2.a"
"C19296",1,0,2023-04-13,2024-05-22,"7.11.2.a"
"C19296",1,0,2024-06-21,2024-07-01,"7.11.2.a"
"C19296",1,0,2024-06-25,2026-01-23,"7.11.2.a"
"C19356",2,0,2025-04-08,2025-04-14,"7.11.2.b"
"C19356",2,0,2025-04-10,2025-04-16,"7.11.2.b"
"C19356",2,0,2025-04-11,2025-04-17,"7.11.2.b"
"C19356",2,0,2025-04-12,2025-04-18,"7.11.2.b"
"C19356",2,0,2025-04-13,2025-04-19,"7.11.2.b"
"C19356",2,0,2025-04-14,2025-04-20,"7.11.2.b"
"C19356",2,0,2025-04-15,2025-04-21,"7.11.2.b"
"C19356",2,0,2025-04-17,2025-04-23,"7.11.2.b"
"C19356",2,0,2025-04-18,2025-04-24,"7.11.2.b"
"C19356",2,0,2025-04-19,2025-04-25,"7.11.2.b"
"C19356",2,0,2025-04-21,2025-04-27,"7.11.2.b"
"C19356",2,0,2025-04-22,2025-04-28,"7.11.2.b"
"C19356",2,0,2025-04-25,2025-05-01,"7.11.2.b"
"C19356",2,0,2025-04-26,2025-05-02,"7.11.2.b"
"C19356",2,0,2025-04-29,2025-05-05,"7.11.2.b"
"C19356",2,0,2025-04-30,2025-05-06,"7.11.2.b"
"C19356",2,0,2025-05-01,2025-05-07,"7.11.2.b"
"C19356",2,0,2025-05-02,2025-05-08,"7.11.2.b"
"C19356",2,0,2025-05-03,2025-05-09,"7.11.2.b"
"C19356",2,0,2025-05-04,2025-06-07,"7.11.2.a"
"C19356",2,0,2025-05-05,2025-05-11,"7.11.2.b"
"C19356",2,0,2025-05-06,2025-05-12,"7.11.2.b"
"C19356",2,0,2025-05-08,2025-05-14,"7.11.2.b"
"C19356",2,0,2025-05-09,2025-05-15,"7.11.2.b"
"C19356",2,0,2025-05-10,2025-05-16,"7.11.2.b"
"C19356",2,0,2025-05-11,2025-05-17,"7.11.2.b"
"C19356",2,0,2025-05-12,2025-05-18,"7.11.2.b"
"C19356",2,0,2025-05-13,2025-05-19,"7.11.2.b"
"C19356",2,0,2025-05-14,2025-05-20,"7.11.2.b"
"C19356",2,0,2025-05-16,2025-05-22,"7.11.2.b"
"C19356",2,0,2025-05-17,2025-05-23,"7.11.2.b"
"C19356",2,0,2025-05-18,2025-05-24,"7.11.2.b"
"C19356",2,0,2025-05-19,2025-05-25,"7.11.2.b"
"C19356",2,0,2025-05-20,2025-05-26,"7.11.2.b"
"C19356",2,0,2025-05-21,2025-05-27,"7.11.2.b"
"C19356",2,0,2025-05-23,2025-05-29,"7.11.2.b"
"C19356",2,0,2025-05-24,2025-05-30,"7.11.2.b"
"C19356",2,0,2025-05-25,2025-05-31,"7.11.2.b"
"C19356",2,0,2025-05-26,2025-06-01,"7.11.2.b"
"C19356",2,0,2025-05-28,2025-06-03,"7.11.2.b"
"C19356",2,0,2025-05-29,2025-06-04,"7.11.2.b"
"C19356",2,0,2025-05-30,2025-06-05,"7.11.2.b"
"C19356",2,0,2025-05-31,2025-06-06,"7.11.2.b"
"C19356",2,0,2025-05-31,2025-11-19,"7.11.2.a"
"C19356",2,0,2025-06-01,2025-06-07,"7.11.2.b"
"C19356",2,0,2025-06-02,2025-06-08,"7.11.2.b"
"C19356",2,0,2025-06-03,2025-06-09,"7.11.2.b"
"C19356",2,0,2025-06-04,2025-06-10,"7.11.2.b"
"C19395",1,-1,2023-04-13,2023-10-10,"7.11.2.a"
"C19395",1,-1,2023-04-13,2024-06-04,"7.11.2.a"
"C19395",1,-1,2024-12-17,2025-02-19,"7.11.2.a"
"C19395",1,-1,2024-12-21,2025-04-04,"7.11.2.a"
"C19461",1,-1,2023-09-06,2023-09-12,"7.11.2.b"
"C19461",1,-1,2024-11-22,2024-11-29,"7.11.2.a"
"C19461",1,-1,2024-11-25,2024-12-17,"7.11.2.a"
"C19461",1,0,2023-09-06,2023-09-12,"7.11.2.b"
"C19461",1,0,2024-11-22,2024-11-29,"7.11.2.a"
"C19461",1,0,2024-11-25,2024-12-17,"7.11.2.a"
"C19461",1,0,2025-11-20,2025-12-06,"7.11.2.a"
"C19461",1,0,2025-12-03,2025-12-11,"7.11.2.a"
"C19461",1,0,2025-12-06,2025-12-25,"7.11.2.a"
"C19623",1,-2,2023-10-29,2024-02-04,"7.11.2.a"
"C19623",1,-2,2024-01-29,2024-04-19,"7.11.2.a"
"C19635",1,0,2025-09-21,2025-11-07,"7.11.2.a"
"C19635",1,0,2025-11-05,2025-12-26,"7.11.2.a"
"C19677",1,-1,2023-08-10,2023-09-28,"7.11.2.a"
"C19677",1,-1,2024-05-25,2024-06-01,"7.11.2.a"
"C19677",1,-1,2024-05-26,2024-07-16,"7.11.2.a"
"C19677",1,-1,2024-06-25,2024-08-08,"7.11.2.a"
"C19677",1,-1,2024-08-04,2024-10-14,"7.11.2.a"
"C19677",1,-1,2024-10-12,2025-01-15,"7.11.2.a"
"C19785",1,0,2025-06-06,2025-06-25,"7.11.2.a"
"C19785",1,0,2025-10-13,2025-10-26,"7.11.2.a"
"C19785",1,0,2025-10-23,2025-11-25,"7.11.2.a"
"C19866",1,-2,2024-01-13,2024-02-01,"7.11.2.a"
"C19866",1,-2,2024-01-29,2024-04-09,"7.11.2.a"
"C19866",1,-2,2024-04-06,2024-04-30,"7.11.2.a"
"C19866",1,-2,2024-04-28,2024-06-09,"7.11.2.a"
"C19947",1,-2,2024-03-14,2024-03-20,"7.11.2.b"
"C19947",1,-2,2024-03-21,2024-03-27,"7.11.2.b"
"C19947",1,-2,2024-03-22,2024-03-28,"7.11.2.b"
"C19947",1,-2,2024-03-23,2024-03-29,"7.11.2.b"
"C19947",1,-2,2024-03-24,2024-03-30,"7.11.2.b"
"C19947",1,-2,2024-03-26,2024-04-01,"7.11.2.b"
"C19947",1,-2,2024-03-27,2024-04-02,"7.11.2.b"
"C19947",1,-2,2024-03-28,2024-04-03,"7.11.2.b"
"C19947",1,-2,2024-03-30,2024-04-05,"7.11.2.b"
"C19947",1,-2,2024-04-04,2024-04-10,"7.11.2.b"
"C19947",1,-2,2024-04-07,2024-04-13,"7.11.2.b"
"C19959",1,-1,2024-01-16,2024-03-05,"7.11.2.a"
"C19959",1,-1,2024-01-28,2025-09-19,"7.11.2.a"
"C20049",1,-1,2023-10-17,2023-11-17,"7.11.2.a"
"C20049",1,-1,2025-07-20,2025-08-12,"7.11.2.a"
"C20049",1,-1,2025-08-07,2025-09-01,"7.11.2.a"
"C20118",1,0,2024-06-06,2024-07-05,"7.11.2.a"
"C20118",1,0,2025-01-06,2025-03-04,"7.11.2.a"
"C20118",1,0,2025-02-03,2025-10-21,"7.11.2.a"
"C20151",1,-2,2023-11-02,2023-11-08,"7.11.2.b"
"C20151",1,-2,2023-11-11,2023-11-20,"7.11.2.a"
"C20151",1,-2,2023-11-14,2023-11-24,"7.11.2.a"
"C20151",1,-2,2023-11-19,2023-12-01,"7.11.2.a"
"C20151",1,-2,2023-11-26,2023-12-08,"7.11.2.a"
"C20151",1,-2,2023-12-06,2023-12-13,"7.11.2.a"
"C20151",1,-2,2023-12-09,2023-12-19,"7.11.2.a"
"C20151",1,-2,2023-12-14,2024-01-19,"7.11.2.a"
"C20151",1,-2,2024-01-14,2024-01-21,"7.11.2.a"
"C20151",1,-2,2024-01-16,2024-02-05,"7.11.2.a"
"C20214",1,0,2024-08-04,2024-09-21,"7.11.2.a"
"C20214",1,0,2024-10-26,2024-11-26,"7.11.2.a"
"C20214",1,0,2025-08-26,2025-09-01,"7.11.2.b"
"C20214",1,0,2025-08-27,2025-09-02,"7.11.2.b"
"C20214",1,0,2025-08-30,2025-09-05,"7.11.2.b"
"C20214",1,0,2025-08-31,2025-09-06,"7.11.2.b"
"C20214",1,0,2025-10-23,2025-12-28,"7.11.2.a"
"C20214",1,0,2025-12-05,2026-03-10,"7.11.2.a"
"C20214",1,0,2026-01-01,2026-01-13,"7.11.2.a"
"C20214",1,0,2026-01-10,2026-01-30,"7.11.2.a"
"C20340",1,-2,2023-11-18,2023-11-25,"7.11.2.a"
"C20340",1,-2,2023-11-19,2023-12-30,"7.11.2.a"
"C20430",1,0,2025-11-03,2025-11-09,"7.11.2.b"
"C20430",1,0,2025-11-08,2025-11-14,"7.11.2.b"
"C20430",1,0,2025-11-11,2025-11-17,"7.11.2.b"
"C20430",1,0,2025-11-13,2025-11-19,"7.11.2.b"
"C20430",1,0,2025-11-19,2025-11-25,"7.11.2.b"
"C20430",1,0,2025-11-23,2025-11-29,"7.11.2.b"
"C20430",1,0,2025-11-24,2025-11-30,"7.11.2.b"
"C20430",1,0,2025-11-26,2025-12-02,"7.11.2.b"
"C20430",1,0,2025-12-01,2025-12-07,"7.11.2.b"
"C20430",1,0,2025-12-06,2025-12-12,"7.11.2.b"
"C20430",1,0,2025-12-14,2025-12-20,"7.11.2.b"
"C20430",1,0,2025-12-17,2025-12-23,"7.11.2.b"
"C20433",1,-1,2024-12-07,2025-01-30,"7.11.2.a"
"C20433",1,-1,2024-12-21,2025-01-31,"7.11.2.a"
"C20439",1,0,2025-08-29,2025-10-15,"7.11.2.a"
"C20439",1,0,2025-10-12,2025-10-31,"7.11.2.a"
"C20478",2,-1,2024-09-14,2024-09-20,"7.11.2.b"
"C20478",2,-1,2024-09-15,2024-09-21,"7.11.2.b"
"C20478",2,-1,2024-09-16,2024-09-22,"7.11.2.b"
"C20478",2,-1,2024-09-23,2024-09-29,"7.11.2.b"
"C20478",2,-1,2024-09-24,2024-09-30,"7.11.2.b"
"C20478",2,-1,2024-09-29,2024-10-05,"7.11.2.b"
"C20478",2,-1,2024-10-03,2024-10-09,"7.11.2.b"
"C20478",2,-1,2024-10-05,2025-08-31,"7.11.2.a"
"C20478",2,-1,2024-10-09,2024-10-15,"7.11.2.b"
"C20478",2,-1,2024-10-13,2024-10-19,"7.11.2.b"
"C20478",2,-1,2024-10-14,2024-10-20,"7.11.2.b"
"C20478",2,-1,2024-10-15,2024-10-21,"7.11.2.b"
"C20478",2,-1,2025-07-13,2025-07-19,"7.11.2.b"
"C20478",2,-1,2025-07-15,2025-07-21,"7.11.2.b"
"C20478",2,-1,2025-07-16,2025-07-22,"7.11.2.b"
"C20478",2,-1,2025-07-17,2025-07-23,"7.11.2.b"
"C20478",2,-1,2025-07-19,2025-07-25,"7.11.2.b"
"C20478",2,-1,2025-07-20,2025-07-26,"7.11.2.b"
"C20478",2,-1,2025-07-27,2025-08-02,"7.11.2.b"
"C20478",2,-1,2025-07-28,2025-08-03,"7.11.2.b"
"C20478",2,-1,2025-07-30,2025-08-05,"7.11.2.b"
"C20478",2,-1,2025-08-07,2025-08-13,"7.11.2.b"
"C20478",2,-1,2025-08-17,2025-08-23,"7.11.2.b"
"C20478",2,-1,2025-08-24,2025-08-30,"7.11.2.b"
"C20487",1,-1,2024-12-19,2024-12-26,"7.11.2.a"
"C20487",1,-1,2024-12-22,2025-02-15,"7.11.2.a"
"C20499",1,-2,2023-08-08,2023-08-14,"7.11.2.b"
"C20499",1,-2,2023-08-10,2023-08-16,"7.11.2.b"
"C20499",1,-2,2023-08-11,2023-08-17,"7.11.2.b"
"C20499",1,-2,2023-08-12,2023-08-18,"7.11.2.b"
"C20499",1,-2,2023-08-14,2023-08-20,"7.11.2.b"
"C20499",1,-2,2023-08-15,2023-08-21,"7.11.2.b"
"C20499",1,-2,2023-08-16,2023-08-22,"7.11.2.b"
"C20499",1,-2,2023-08-17,2023-08-23,"7.11.2.b"
"C20499",1,-2,2023-08-18,2023-08-24,"7.11.2.b"
"C20499",1,-2,2023-08-19,2023-08-25,"7.11.2.b"
"C20499",1,-2,2023-08-20,2023-08-26,"7.11.2.b"
"C20499",1,-2,2023-08-21,2023-08-27,"7.11.2.b"
"C20499",1,-2,2023-08-22,2023-08-28,"7.11.2.b"
"C20499",1,-2,2023-08-23,2023-08-29,"7.11.2.b"
"C20499",1,-2,2023-08-24,2023-08-30,"7.11.2.b"
"C20499",1,-2,2023-08-25,2023-08-31,"7.11.2.b"
"C20499",1,-2,2023-08-26,2023-09-01,"7.11.2.b"
"C20499",1,-2,2023-08-27,2023-09-02,"7.11.2.b"
"C20499",1,-2,2023-08-29,2023-09-04,"7.11.2.b"
"C20499",1,-2,2023-08-30,2023-09-05,"7.11.2.b"
"C20499",1,-2,2023-08-31,2023-09-06,"7.11.2.b"
"C20499",1,-2,2023-09-01,2023-09-07,"7.11.2.b"
"C20499",1,-2,2023-09-02,2023-09-08,"7.11.2.b"
"C20499",1,-2,2023-09-03,2023-09-09,"7.11.2.b"
"C20499",1,-2,2023-09-04,2023-09-10,"7.11.2.b"
"C20499",1,-2,2023-09-05,2023-09-11,"7.11.2.b"
"C20499",1,-2,2023-09-06,2023-09-12,"7.11.2.b"
"C20499",1,-2,2023-09-07,2023-09-13,"7.11.2.b"
"C20499",1,-2,2023-09-08,2023-09-14,"7.11.2.b"
"C20499",1,-2,2023-09-09,2023-09-15,"7.11.2.b"
"C20499",1,-2,2023-09-10,2023-09-16,"7.11.2.b"
"C20499",1,-2,2023-09-12,2023-09-18,"7.11.2.b"
"C20499",1,-2,2023-09-13,2023-09-19,"7.11.2.b"
"C20499",1,-2,2023-09-15,2023-09-21,"7.11.2.b"
"C20499",1,-2,2023-09-16,2023-09-22,"7.11.2.b"
"C20499",1,-2,2023-09-17,2023-09-23,"7.11.2.b"
"C20499",1,-2,2023-09-18,2023-09-24,"7.11.2.b"
"C20499",1,-2,2023-09-19,2023-09-25,"7.11.2.b"
"C20499",1,-2,2023-09-20,2023-09-26,"7.11.2.b"
"C20499",1,-2,2023-09-22,2023-09-28,"7.11.2.b"
"C20499",1,-2,2023-09-23,2023-09-29,"7.11.2.b"
"C20499",1,-2,2024-03-20,2024-03-26,"7.11.2.b"
"C20499",1,-2,2024-03-31,2024-04-06,"7.11.2.b"
"C20499",1,-2,2024-04-02,2024-04-08,"7.11.2.b"
"C20499",1,-2,2024-04-07,2024-04-13,"7.11.2.b"
"C20499",1,-2,2024-04-08,2024-04-14,"7.11.2.b"
"C20499",1,-2,2024-04-08,2024-09-19,"7.11.2.a"
"C20499",1,-2,2024-04-09,2024-04-15,"7.11.2.b"
"C20499",1,-2,2024-04-12,2024-04-18,"7.11.2.b"
"C20499",1,-2,2024-04-17,2024-04-23,"7.11.2.b"
"C20499",1,-2,2024-04-30,2024-05-06,"7.11.2.b"
"C20529",1,-1,2023-08-12,2023-09-05,"7.11.2.a"
"C20529",1,-1,2024-10-12,2024-12-11,"7.11.2.a"
"C20529",1,-1,2024-11-15,2025-02-20,"7.11.2.a"
"C20565",1,0,2025-07-07,2025-08-06,"7.11.2.a"
"C20565",1,0,2025-09-06,2025-09-19,"7.11.2.a"
"C20565",1,0,2026-01-10,2026-02-19,"7.11.2.a"
"C20715",1,-1,2024-03-12,2024-09-14,"7.11.2.a"
"C20715",1,-1,2025-03-23,2025-04-22,"7.11.2.a"
"C20715",1,-1,2025-04-19,2025-06-10,"7.11.2.a"
"C20715",1,-1,2025-05-22,2025-08-26,"7.11.2.a"
"C20736",1,0,2023-07-21,2023-09-09,"7.11.2.a"
"C20736",1,0,2023-09-05,2023-09-11,"7.11.2.b"
"C20736",1,0,2023-09-07,2023-09-13,"7.11.2.b"
"C20736",1,0,2023-09-08,2023-09-14,"7.11.2.b"
"C20736",1,0,2023-09-09,2023-09-15,"7.11.2.b"
"C20736",1,0,2023-09-11,2023-09-17,"7.11.2.b"
"C20736",1,0,2023-09-12,2023-09-18,"7.11.2.b"
"C20736",1,0,2023-09-17,2023-09-23,"7.11.2.b"
"C20736",1,0,2023-09-21,2023-09-27,"7.11.2.b"
"C20736",1,0,2023-12-28,2024-01-03,"7.11.2.b"
"C20736",1,0,2023-12-31,2024-01-06,"7.11.2.b"
"C20736",1,0,2024-01-01,2024-01-07,"7.11.2.b"
"C20736",1,0,2024-01-06,2024-01-12,"7.11.2.b"
"C20736",1,0,2024-01-09,2024-01-15,"7.11.2.b"
"C20736",1,0,2024-01-10,2024-01-16,"7.11.2.b"
"C20736",1,0,2024-01-11,2024-01-17,"7.11.2.b"
"C20736",1,0,2024-01-16,2024-01-22,"7.11.2.b"
"C20736",1,0,2024-01-17,2024-01-23,"7.11.2.b"
"C20736",1,0,2024-01-18,2024-01-24,"7.11.2.b"
"C20736",1,0,2024-01-19,2024-01-25,"7.11.2.b"
"C20736",1,0,2024-01-20,2024-01-26,"7.11.2.b"
"C20736",1,0,2024-01-23,2024-01-29,"7.11.2.b"
"C20736",1,0,2024-01-28,2024-02-03,"7.11.2.b"
"C20736",1,0,2024-02-03,2024-02-09,"7.11.2.b"
"C20736",1,0,2024-02-06,2024-02-12,"7.11.2.b"
"C20736",1,0,2025-01-30,2025-02-05,"7.11.2.b"
"C20736",1,0,2025-02-01,2025-02-07,"7.11.2.b"
"C20736",1,0,2025-02-04,2025-02-10,"7.11.2.b"
"C20736",1,0,2025-02-05,2025-02-11,"7.11.2.b"
"C20736",1,0,2025-02-08,2025-02-14,"7.11.2.b"
"C20736",1,0,2025-02-09,2025-02-15,"7.11.2.b"
"C20736",1,0,2025-02-13,2025-02-19,"7.11.2.b"
"C20736",1,0,2025-02-15,2025-02-21,"7.11.2.b"
"C20736",1,0,2025-02-19,2025-02-25,"7.11.2.b"
"C20736",1,0,2025-02-21,2025-02-27,"7.11.2.b"
"C20736",1,0,2025-02-25,2025-11-20,"7.11.2.a"
"C20736",1,0,2025-02-28,2025-03-06,"7.11.2.b"
"C20751",1,0,2023-07-18,2023-09-07,"7.11.2.a"
"C20751",1,0,2025-01-04,2025-01-14,"7.11.2.a"
"C20751",1,0,2025-01-08,2025-01-14,"7.11.2.b"
"C20751",1,0,2025-01-15,2025-01-21,"7.11.2.b"
"C20751",1,0,2025-01-18,2025-01-24,"7.11.2.b"
"C20751",1,0,2025-01-20,2025-01-26,"7.11.2.b"
"C20751",1,0,2025-01-21,2025-01-27,"7.11.2.b"
"C20751",1,0,2025-01-22,2025-01-28,"7.11.2.b"
"C20751",1,0,2025-01-23,2025-01-29,"7.11.2.b"
"C20751",1,0,2025-01-25,2025-01-31,"7.11.2.b"
"C20751",1,0,2025-01-26,2025-02-01,"7.11.2.b"
"C20751",1,0,2025-01-27,2025-02-02,"7.11.2.b"
"C20751",1,0,2025-01-28,2025-02-03,"7.11.2.b"
"C20751",1,0,2025-01-30,2025-02-05,"7.11.2.b"
"C20751",1,0,2025-02-01,2025-02-07,"7.11.2.b"
"C20751",1,0,2025-02-03,2025-02-09,"7.11.2.b"
"C20751",1,0,2025-02-03,2025-10-24,"7.11.2.a"
"C20751",1,0,2025-02-04,2025-02-10,"7.11.2.b"
"C20751",1,0,2025-02-05,2025-02-11,"7.11.2.b"
"C20751",1,0,2025-02-06,2025-02-12,"7.11.2.b"
"C20751",1,0,2025-02-07,2025-02-13,"7.11.2.b"
"C20775",1,-2,2023-09-21,2023-10-08,"7.11.2.a"
"C20775",1,-2,2023-10-05,2023-12-20,"7.11.2.a"
"C20775",1,-1,2023-09-21,2023-10-08,"7.11.2.a"
"C20775",1,-1,2023-10-05,2023-12-20,"7.11.2.a"
"C20775",1,-1,2024-03-12,2024-05-10,"7.11.2.a"
"C20775",1,-1,2024-05-31,2024-06-10,"7.11.2.a"
"C20775",1,-1,2024-06-08,2025-01-04,"7.11.2.a"
"C20775",1,0,2023-09-21,2023-10-08,"7.11.2.a"
"C20775",1,0,2023-10-05,2023-12-20,"7.11.2.a"
"C20775",1,0,2024-03-12,2024-05-10,"7.11.2.a"
"C20775",1,0,2024-05-31,2024-06-10,"7.11.2.a"
"C20775",1,0,2024-06-08,2025-01-04,"7.11.2.a"
"C20775",1,0,2025-08-10,2025-10-06,"7.11.2.a"
"C20775",1,0,2025-11-28,2025-12-31,"7.11.2.a"
"C20775",1,0,2025-12-26,2026-01-23,"7.11.2.a"
"C20775",1,0,2026-01-20,2026-02-17,"7.11.2.a"
"C20781",1,-2,2023-08-02,2023-08-08,"7.11.2.b"
"C20781",1,-2,2023-08-05,2023-10-04,"7.11.2.a"
"C20781",1,-2,2023-08-17,2024-03-02,"7.11.2.a"
"C20835",1,-2,2023-07-31,2023-09-08,"7.11.2.a"
"C20835",1,-2,2023-08-12,2024-02-26,"7.11.2.a"
"C20838",1,-2,2023-07-27,2023-08-18,"7.11.2.a"
"C20838",1,-2,2023-08-16,2023-11-13,"7.11.2.a"
"C20838",1,0,2023-07-27,2023-08-18,"7.11.2.a"
"C20838",1,0,2023-08-16,2023-11-13,"7.11.2.a"
"C20838",1,0,2025-10-18,2025-11-13,"7.11.2.a"
"C20838",1,0,2025-11-10,2025-12-15,"7.11.2.a"
"C20892",2,-1,2023-07-29,2024-01-05,"7.11.2.a"
"C20892",2,-1,2024-03-31,2024-07-23,"7.11.2.a"
"C20892",2,-1,2024-06-14,2025-09-04,"7.11.2.a"
"C20916",1,0,2025-11-23,2026-02-17,"7.11.2.a"
"C20916",1,0,2026-02-13,2026-03-10,"7.11.2.a"
"C21006",1,-2,2023-10-05,2024-02-11,"7.11.2.a"
"C21006",1,-2,2023-12-24,2024-01-28,"7.11.2.a"
"C21006",1,-2,2024-01-22,2024-04-18,"7.11.2.a"
"C21006",1,0,2023-10-05,2024-02-11,"7.11.2.a"
"C21006",1,0,2023-12-24,2024-01-28,"7.11.2.a"
"C21006",1,0,2024-01-22,2024-04-18,"7.11.2.a"
"C21006",1,0,2024-10-18,2025-03-06,"7.11.2.a"
"C21006",1,0,2025-11-22,2026-01-17,"7.11.2.a"
"C21006",1,0,2026-01-16,2026-02-17,"7.11.2.a"
"C21009",1,-1,2025-01-14,2025-02-27,"7.11.2.a"
"C21009",1,-1,2025-01-25,2025-03-18,"7.11.2.a"
"C21090",2,-1,2024-06-29,2024-07-24,"7.11.2.a"
"C21090",2,-1,2024-07-24,2024-11-26,"7.11.2.a"
"C21117",1,0,2026-01-06,2026-01-12,"7.11.2.b"
"C21117",1,0,2026-01-11,2026-01-17,"7.11.2.b"
"C21117",1,0,2026-01-23,2026-01-29,"7.11.2.b"
"C21117",1,0,2026-02-06,2026-02-12,"7.11.2.b"
"C21117",1,0,2026-02-08,2026-02-14,"7.11.2.b"
"C21117",1,0,2026-02-13,2026-02-19,"7.11.2.b"
"C21117",1,0,2026-02-15,2026-02-21,"7.11.2.b"
"C21117",1,0,2026-02-16,2026-02-22,"7.11.2.b"
"C21117",1,0,2026-02-19,2026-02-25,"7.11.2.b"
"C21162",1,0,2024-04-09,2024-06-07,"7.11.2.a"
"C21162",1,0,2025-03-27,2025-05-30,"7.11.2.a"
"C21162",1,0,2025-04-14,2025-12-03,"7.11.2.a"
"C21231",1,0,2026-01-05,2026-02-19,"7.11.2.a"
"C21231",1,0,2026-02-14,2026-03-07,"7.11.2.a"
"C21255",1,0,2024-02-26,2024-03-27,"7.11.2.a"
"C21255",1,0,2025-11-28,2025-12-10,"7.11.2.a"
"C21255",1,0,2025-12-06,2025-12-28,"7.11.2.a"
"C21342",1,-2,2023-08-28,2023-09-07,"7.11.2.a"
"C21342",1,-2,2023-09-01,2023-10-13,"7.11.2.a"
"C21342",1,-2,2023-09-09,2024-05-17,"7.11.2.a"
"C21342",1,-1,2023-08-28,2023-09-07,"7.11.2.a"
"C21342",1,-1,2023-09-01,2023-10-13,"7.11.2.a"
"C21342",1,-1,2023-09-09,2024-05-17,"7.11.2.a"
"C21342",1,-1,2025-07-03,2025-07-18,"7.11.2.a"
"C21342",1,-1,2025-07-12,2025-08-14,"7.11.2.a"
"C21351",1,0,2025-10-23,2025-12-31,"7.11.2.a"
"C21351",1,0,2025-11-24,2026-02-13,"7.11.2.a"
"C21402",1,0,2024-11-02,2024-11-21,"7.11.2.a"
"C21402",1,0,2025-02-28,2025-04-02,"7.11.2.a"
"C21402",1,0,2025-11-29,2025-12-07,"7.11.2.a"
"C21402",1,0,2025-12-04,2025-12-23,"7.11.2.a"
"C21441",1,0,2023-11-11,2023-12-15,"7.11.2.a"
"C21441",1,0,2025-06-07,2025-06-13,"7.11.2.b"
"C21441",1,0,2025-06-12,2025-10-21,"7.11.2.a"
"C21567",1,0,2023-09-06,2023-09-12,"7.11.2.b"
"C21567",1,0,2023-09-07,2023-09-13,"7.11.2.b"
"C21567",1,0,2023-09-08,2023-09-14,"7.11.2.b"
"C21567",1,0,2023-09-09,2023-09-15,"7.11.2.b"
"C21567",1,0,2023-09-10,2023-09-16,"7.11.2.b"
"C21567",1,0,2023-09-15,2023-09-21,"7.11.2.b"
"C21567",1,0,2023-09-17,2023-09-23,"7.11.2.b"
"C21567",1,0,2023-09-19,2023-09-25,"7.11.2.b"
"C21567",1,0,2023-09-20,2023-09-26,"7.11.2.b"
"C21567",1,0,2023-09-22,2023-09-28,"7.11.2.b"
"C21567",1,0,2023-09-23,2023-09-29,"7.11.2.b"
"C21567",1,0,2023-09-27,2023-10-03,"7.11.2.b"
"C21567",1,0,2023-09-28,2023-10-04,"7.11.2.b"
"C21567",1,0,2023-10-03,2023-10-09,"7.11.2.b"
"C21567",1,0,2023-10-04,2023-10-10,"7.11.2.b"
"C21567",1,0,2023-10-08,2023-10-14,"7.11.2.b"
"C21567",1,0,2024-12-03,2024-12-09,"7.11.2.b"
"C21567",1,0,2024-12-04,2024-12-10,"7.11.2.b"
"C21567",1,0,2024-12-05,2024-12-11,"7.11.2.b"
"C21567",1,0,2024-12-06,2024-12-12,"7.11.2.b"
"C21567",1,0,2024-12-07,2024-12-13,"7.11.2.b"
"C21567",1,0,2024-12-08,2024-12-14,"7.11.2.b"
"C21567",1,0,2024-12-09,2024-12-15,"7.11.2.b"
"C21567",1,0,2024-12-12,2024-12-18,"7.11.2.b"
"C21567",1,0,2024-12-14,2024-12-20,"7.11.2.b"
"C21567",1,0,2024-12-16,2024-12-22,"7.11.2.b"
"C21567",1,0,2024-12-17,2024-12-23,"7.11.2.b"
"C21567",1,0,2024-12-18,2024-12-24,"7.11.2.b"
"C21567",1,0,2024-12-19,2024-12-25,"7.11.2.b"
"C21567",1,0,2024-12-20,2024-12-26,"7.11.2.b"
"C21567",1,0,2024-12-21,2024-12-27,"7.11.2.b"
"C21567",1,0,2024-12-22,2024-12-28,"7.11.2.b"
"C21567",1,0,2024-12-23,2024-12-29,"7.11.2.b"
"C21567",1,0,2024-12-25,2024-12-31,"7.11.2.b"
"C21567",1,0,2024-12-26,2025-01-01,"7.11.2.b"
"C21567",1,0,2024-12-27,2025-01-02,"7.11.2.b"
"C21567",1,0,2024-12-29,2025-01-04,"7.11.2.b"
"C21567",1,0,2024-12-30,2025-11-12,"7.11.2.a"
"C21567",1,0,2024-12-31,2025-01-06,"7.11.2.b"
"C21567",1,0,2025-01-01,2025-01-07,"7.11.2.b"
"C21567",1,0,2025-01-02,2025-01-08,"7.11.2.b"
"C21567",1,0,2025-01-03,2025-01-09,"7.11.2.b"
"C21567",1,0,2025-01-05,2025-01-11,"7.11.2.b"
"C21567",1,0,2025-01-06,2025-01-12,"7.11.2.b"
"C21567",1,0,2025-01-07,2025-01-13,"7.11.2.b"
"C21567",1,0,2025-01-08,2025-01-14,"7.11.2.b"
"C21567",1,0,2025-01-10,2025-01-16,"7.11.2.b"
"C21567",1,0,2025-01-12,2025-01-18,"7.11.2.b"
"C21567",1,0,2025-01-13,2025-01-19,"7.11.2.b"
"C21570",1,0,2023-09-08,2023-09-14,"7.11.2.b"
"C21570",1,0,2023-09-09,2023-09-15,"7.11.2.b"
"C21570",1,0,2023-09-10,2023-09-16,"7.11.2.b"
"C21570",1,0,2023-09-11,2023-09-17,"7.11.2.b"
"C21570",1,0,2023-09-17,2023-09-23,"7.11.2.b"
"C21570",1,0,2023-10-01,2023-10-07,"7.11.2.b"
"C21570",1,0,2023-10-03,2023-10-09,"7.11.2.b"
"C21570",1,0,2023-10-05,2023-10-11,"7.11.2.b"
"C21570",1,0,2023-10-06,2023-10-12,"7.11.2.b"
"C21570",1,0,2023-10-07,2023-10-13,"7.11.2.b"
"C21570",1,0,2023-12-13,2023-12-19,"7.11.2.b"
"C21570",1,0,2023-12-14,2023-12-20,"7.11.2.b"
"C21570",1,0,2023-12-16,2023-12-22,"7.11.2.b"
"C21570",1,0,2024-08-10,2025-01-10,"7.11.2.a"
"C21570",1,0,2025-08-01,2025-09-10,"7.11.2.a"
"C21570",1,0,2025-09-04,2026-02-05,"7.11.2.a"
"C21570",1,0,2025-09-08,2025-09-14,"7.11.2.b"
"C21570",1,0,2025-09-11,2025-09-17,"7.11.2.b"
"C21570",1,0,2025-09-12,2025-09-18,"7.11.2.b"
"C21570",1,0,2025-09-18,2025-09-24,"7.11.2.b"
"C21570",1,0,2025-09-23,2025-09-29,"7.11.2.b"
"C21570",1,0,2025-11-07,2025-11-18,"7.11.2.a"
"C21570",1,0,2025-11-15,2025-11-21,"7.11.2.b"
"C21570",1,0,2025-11-20,2025-11-26,"7.11.2.b"
"C21570",1,0,2025-11-21,2025-11-27,"7.11.2.b"
"C21570",1,0,2025-11-24,2025-12-13,"7.11.2.a"
"C21570",1,0,2025-12-20,2026-01-09,"7.11.2.a"
"C21573",1,-2,2023-09-07,2023-11-01,"7.11.2.a"
"C21573",1,-1,2023-09-07,2023-11-01,"7.11.2.a"
"C21573",1,-1,2025-03-09,2025-03-20,"7.11.2.a"
"C21573",1,-1,2025-03-17,2025-04-15,"7.11.2.a"
"C21603",1,0,2023-09-07,2023-10-28,"7.11.2.a"
"C21603",1,0,2025-11-13,2025-12-10,"7.11.2.a"
"C21603",1,0,2026-01-06,2026-01-27,"7.11.2.a"
"C21603",1,0,2026-01-25,2026-02-17,"7.11.2.a"
"C21612",1,-2,2023-09-03,2023-10-10,"7.11.2.a"
"C21612",1,-2,2023-10-10,2023-10-16,"7.11.2.b"
"C21612",1,-2,2023-10-18,2023-10-24,"7.11.2.b"
"C21612",1,-2,2023-10-19,2023-10-25,"7.11.2.b"
"C21612",1,-2,2023-10-22,2023-10-28,"7.11.2.b"
"C21651",1,-2,2023-09-07,2023-10-09,"7.11.2.a"
"C21651",1,-2,2023-10-07,2024-07-18,"7.11.2.a"
"C21684",1,-1,2023-09-10,2023-09-16,"7.11.2.b"
"C21684",1,-1,2025-03-24,2025-03-30,"7.11.2.b"
"C21684",1,-1,2025-03-25,2025-03-31,"7.11.2.b"
"C21684",1,-1,2025-03-27,2025-04-02,"7.11.2.b"
"C21684",1,-1,2025-04-02,2025-04-08,"7.11.2.b"
"C21684",1,-1,2025-04-04,2025-04-10,"7.11.2.b"
"C21684",1,-1,2025-04-05,2025-04-11,"7.11.2.b"
"C21885",1,-2,2023-10-06,2023-10-13,"7.11.2.a"
"C21885",1,-2,2023-10-09,2023-10-16,"7.11.2.a"
"C21885",1,-2,2023-10-11,2023-10-18,"7.11.2.a"
"C21885",1,-2,2023-10-15,2023-10-23,"7.11.2.a"
"C21885",1,-2,2023-10-21,2023-11-09,"7.11.2.a"
"C21888",1,-2,2023-09-18,2023-09-24,"7.11.2.b"
"C21888",1,-2,2023-09-22,2023-09-28,"7.11.2.b"
"C21888",1,-2,2023-09-23,2023-09-29,"7.11.2.b"
"C21888",1,-2,2023-09-24,2023-09-30,"7.11.2.b"
"C21888",1,-2,2023-09-25,2023-10-01,"7.11.2.b"
"C21888",1,-2,2023-09-26,2023-10-02,"7.11.2.b"
"C21888",1,-2,2023-09-28,2023-10-04,"7.11.2.b"
"C21888",1,-2,2023-09-29,2023-12-01,"7.11.2.a"
"C21888",1,-2,2023-10-22,2024-04-24,"7.11.2.a"
"C21888",1,-2,2023-11-01,2023-11-08,"7.11.2.a"
"C21888",1,-2,2023-11-03,2023-11-10,"7.11.2.a"
"C21888",1,-2,2023-11-05,2023-11-24,"7.11.2.a"
"C21888",1,-1,2023-09-18,2023-09-24,"7.11.2.b"
"C21888",1,-1,2023-09-22,2023-09-28,"7.11.2.b"
"C21888",1,-1,2023-09-23,2023-09-29,"7.11.2.b"
"C21888",1,-1,2023-09-24,2023-09-30,"7.11.2.b"
"C21888",1,-1,2023-09-25,2023-10-01,"7.11.2.b"
"C21888",1,-1,2023-09-26,2023-10-02,"7.11.2.b"
"C21888",1,-1,2023-09-28,2023-10-04,"7.11.2.b"
"C21888",1,-1,2023-09-29,2023-12-01,"7.11.2.a"
"C21888",1,-1,2023-10-22,2024-04-24,"7.11.2.a"
"C21888",1,-1,2023-11-01,2023-11-08,"7.11.2.a"
"C21888",1,-1,2023-11-03,2023-11-10,"7.11.2.a"
"C21888",1,-1,2023-11-05,2023-11-24,"7.11.2.a"
"C21888",1,-1,2024-12-10,2025-01-09,"7.11.2.a"
"C21888",1,-1,2025-01-07,2025-04-23,"7.11.2.a"
"C21888",1,-1,2025-01-07,2025-04-24,"7.11.2.a"
"C21888",1,-1,2025-02-02,2025-02-08,"7.11.2.b"
"C21888",1,-1,2025-02-04,2025-03-20,"7.11.2.a"
"C21891",1,0,2023-09-17,2023-10-19,"7.11.2.a"
"C21891",1,0,2024-10-26,2024-11-19,"7.11.2.a"
"C21891",1,0,2025-06-29,2025-07-23,"7.11.2.a"
"C21891",1,0,2025-07-21,2025-09-19,"7.11.2.a"
"C21891",1,0,2025-09-17,2025-12-18,"7.11.2.a"
"C21897",1,-2,2023-09-17,2023-11-20,"7.11.2.a"
"C21897",1,-2,2023-11-17,2023-12-26,"7.11.2.a"
"C22083",1,-2,2023-10-06,2023-10-15,"7.11.2.a"
"C22083",1,-2,2023-10-10,2023-10-22,"7.11.2.a"
"C22083",1,-2,2023-10-17,2023-10-29,"7.11.2.a"
"C22083",1,-2,2023-10-26,2023-11-15,"7.11.2.a"
"C22122",2,-2,2023-09-30,2023-10-06,"7.11.2.b"
"C22122",2,-2,2023-10-04,2023-10-10,"7.11.2.b"
"C22122",2,-2,2023-10-24,2023-10-30,"7.11.2.b"
"C22122",2,-2,2023-11-02,2023-11-08,"7.11.2.b"
"C22122",2,-2,2023-11-05,2023-11-11,"7.11.2.b"
"C22122",2,-2,2023-11-06,2023-11-12,"7.11.2.b"
"C22122",2,-2,2023-11-08,2023-11-14,"7.11.2.b"
"C22122",2,-2,2023-11-10,2023-11-16,"7.11.2.b"
"C22122",2,-2,2023-11-11,2023-11-17,"7.11.2.b"
"C22122",2,-2,2023-11-12,2023-11-18,"7.11.2.b"
"C22122",2,-1,2023-09-30,2023-10-06,"7.11.2.b"
"C22122",2,-1,2023-10-04,2023-10-10,"7.11.2.b"
"C22122",2,-1,2023-10-24,2023-10-30,"7.11.2.b"
"C22122",2,-1,2023-11-02,2023-11-08,"7.11.2.b"
"C22122",2,-1,2023-11-05,2023-11-11,"7.11.2.b"
"C22122",2,-1,2023-11-06,2023-11-12,"7.11.2.b"
"C22122",2,-1,2023-11-08,2023-11-14,"7.11.2.b"
"C22122",2,-1,2023-11-10,2023-11-16,"7.11.2.b"
"C22122",2,-1,2023-11-11,2023-11-17,"7.11.2.b"
"C22122",2,-1,2023-11-12,2023-11-18,"7.11.2.b"
"C22122",2,-1,2025-01-18,2025-01-24,"7.11.2.b"
"C22122",2,-1,2025-01-21,2025-01-27,"7.11.2.b"
"C22122",2,-1,2025-01-22,2025-01-28,"7.11.2.b"
"C22122",2,-1,2025-01-24,2025-01-30,"7.11.2.b"
"C22122",2,-1,2025-01-25,2025-01-31,"7.11.2.b"
"C22122",2,-1,2025-01-26,2025-02-01,"7.11.2.b"
"C22122",2,-1,2025-01-28,2025-02-03,"7.11.2.b"
"C22122",2,-1,2025-01-31,2025-02-06,"7.11.2.b"
"C22122",2,-1,2025-01-31,2025-07-18,"7.11.2.a"
"C22122",2,-1,2025-02-02,2025-02-08,"7.11.2.b"
"C22122",2,-1,2025-02-04,2025-02-10,"7.11.2.b"
"C22122",2,-1,2025-02-06,2025-02-12,"7.11.2.b"
"C22122",2,-1,2025-02-07,2025-02-13,"7.11.2.b"
"C22122",2,-1,2025-02-10,2025-02-16,"7.11.2.b"
"C22122",2,-1,2025-02-11,2025-02-17,"7.11.2.b"
"C22122",2,-1,2025-02-17,2025-02-23,"7.11.2.b"
"C22122",2,-1,2025-02-19,2025-02-25,"7.11.2.b"
"C22122",2,-1,2025-02-22,2025-02-28,"7.11.2.b"
"C22122",2,-1,2025-02-26,2025-03-04,"7.11.2.b"
"C22122",2,-1,2025-02-27,2025-03-05,"7.11.2.b"
"C22122",2,-1,2025-02-28,2025-03-06,"7.11.2.b"
"C22122",2,-1,2025-03-06,2025-03-12,"7.11.2.b"
"C22122",2,-1,2025-03-08,2025-03-14,"7.11.2.b"
"C22122",2,-1,2025-03-09,2025-03-15,"7.11.2.b"
"C22122",2,-1,2025-03-10,2025-03-16,"7.11.2.b"
"C22122",2,-1,2025-03-11,2025-03-17,"7.11.2.b"
"C22122",2,-1,2025-03-12,2025-03-18,"7.11.2.b"
"C22122",2,-1,2025-03-18,2025-03-24,"7.11.2.b"
"C22122",2,-1,2025-03-19,2025-03-25,"7.11.2.b"
"C22122",2,-1,2025-03-20,2025-03-26,"7.11.2.b"
"C22122",2,-1,2025-03-21,2025-03-27,"7.11.2.b"
"C22122",2,-1,2025-03-22,2025-03-28,"7.11.2.b"
"C22122",2,-1,2025-03-23,2025-03-29,"7.11.2.b"
"C22122",2,-1,2025-03-24,2025-03-30,"7.11.2.b"
"C22122",2,-1,2025-03-27,2025-04-02,"7.11.2.b"
"C22122",2,-1,2025-03-29,2025-04-04,"7.11.2.b"
"C22122",2,-1,2025-03-30,2025-04-05,"7.11.2.b"
"C22122",2,-1,2025-03-31,2025-04-06,"7.11.2.b"
"C22122",2,-1,2025-04-04,2025-04-10,"7.11.2.b"
"C22122",2,-1,2025-04-05,2025-04-11,"7.11.2.b"
"C22122",2,-1,2025-04-06,2025-04-12,"7.11.2.b"
"C22122",2,-1,2025-04-07,2025-04-13,"7.11.2.b"
"C22122",2,-1,2025-04-08,2025-04-14,"7.11.2.b"
"C22122",2,-1,2025-04-10,2025-04-16,"7.11.2.b"
"C22122",2,-1,2025-04-15,2025-04-21,"7.11.2.b"
"C22122",2,-1,2025-04-16,2025-04-22,"7.11.2.b"
"C22122",2,-1,2025-04-17,2025-04-23,"7.11.2.b"
"C22152",1,0,2023-09-23,2023-10-28,"7.11.2.a"
"C22152",1,0,2023-12-10,2024-01-12,"7.11.2.a"
"C22152",1,0,2024-12-01,2024-12-07,"7.11.2.b"
"C22152",1,0,2024-12-03,2024-12-09,"7.11.2.b"
"C22152",1,0,2024-12-04,2024-12-10,"7.11.2.b"
"C22152",1,0,2024-12-06,2024-12-12,"7.11.2.b"
"C22152",1,0,2024-12-07,2024-12-13,"7.11.2.b"
"C22152",1,0,2024-12-29,2025-01-04,"7.11.2.b"
"C22152",1,0,2025-01-01,2025-01-07,"7.11.2.b"
"C22152",1,0,2025-01-03,2025-01-09,"7.11.2.b"
"C22152",1,0,2025-01-05,2025-01-11,"7.11.2.b"
"C22152",1,0,2025-01-13,2025-06-14,"7.11.2.a"
"C22152",1,0,2025-01-14,2025-01-20,"7.11.2.b"
"C22152",1,0,2025-01-15,2025-01-21,"7.11.2.b"
"C22152",1,0,2025-01-17,2025-01-23,"7.11.2.b"
"C22152",1,0,2025-01-18,2025-01-24,"7.11.2.b"
"C22152",1,0,2025-01-24,2025-01-30,"7.11.2.b"
"C22152",1,0,2025-01-25,2025-02-01,"7.11.2.a"
"C22152",1,0,2025-01-27,2025-02-02,"7.11.2.b"
"C22152",1,0,2025-02-08,2025-02-14,"7.11.2.b"
"C22152",1,0,2025-02-16,2025-02-22,"7.11.2.b"
"C22152",1,0,2025-02-21,2025-02-27,"7.11.2.b"
"C22152",1,0,2025-02-23,2025-03-01,"7.11.2.b"
"C22152",1,0,2025-02-28,2025-03-06,"7.11.2.b"
"C22152",1,0,2025-03-06,2025-03-12,"7.11.2.b"
"C22152",1,0,2025-03-07,2025-03-13,"7.11.2.b"
"C22152",1,0,2025-03-09,2025-03-15,"7.11.2.b"
"C22152",1,0,2025-03-10,2025-03-16,"7.11.2.b"
"C22152",1,0,2025-03-11,2025-03-17,"7.11.2.b"
"C22152",1,0,2025-06-07,2025-10-30,"7.11.2.a"
"C22347",1,-2,2023-10-06,2023-10-17,"7.11.2.a"
"C22347",1,-2,2023-10-14,2023-12-25,"7.11.2.a"
"C22362",1,-1,2023-11-13,2023-11-22,"7.11.2.a"
"C22362",1,-1,2023-11-20,2023-12-21,"7.11.2.a"
"C22362",1,-1,2023-12-18,2024-02-04,"7.11.2.a"
"C22362",1,-1,2024-01-05,2024-02-05,"7.11.2.a"
"C22362",1,-1,2024-02-01,2025-01-04,"7.11.2.a"
"C22494",1,0,2023-10-12,2024-01-29,"7.11.2.a"
"C22494",1,0,2025-10-09,2026-02-20,"7.11.2.a"
"C22494",1,0,2026-02-17,2026-03-24,"7.11.2.a"
"C22521",1,-2,2023-10-29,2023-11-05,"7.11.2.a"
"C22521",1,-2,2023-10-30,2023-11-22,"7.11.2.a"
"C22590",1,-2,2023-10-17,2023-11-03,"7.11.2.a"
"C22590",1,-2,2023-10-30,2023-11-18,"7.11.2.a"
"C22590",1,-1,2023-10-17,2023-11-03,"7.11.2.a"
"C22590",1,-1,2023-10-30,2023-11-18,"7.11.2.a"
"C22590",1,-1,2024-04-20,2024-04-26,"7.11.2.b"
"C22590",1,-1,2025-01-28,2025-02-04,"7.11.2.a"
"C22590",1,-1,2025-01-29,2025-02-04,"7.11.2.b"
"C22704",1,-2,2023-10-13,2023-10-30,"7.11.2.a"
"C22704",1,-2,2023-10-25,2023-11-07,"7.11.2.a"
"C22704",1,-2,2023-11-02,2023-11-12,"7.11.2.a"
"C22704",1,-2,2023-11-07,2023-11-26,"7.11.2.a"
"C22719",1,0,2025-11-23,2025-12-29,"7.11.2.a"
"C22719",1,0,2025-12-27,2026-03-03,"7.11.2.a"
"C22773",1,-2,2023-10-29,2023-11-04,"7.11.2.b"
"C22773",1,-2,2023-10-30,2023-11-05,"7.11.2.b"
"C22773",1,-2,2023-10-31,2023-11-06,"7.11.2.b"
"C22773",1,-2,2023-11-01,2023-11-07,"7.11.2.b"
"C22773",1,-2,2023-11-02,2023-11-08,"7.11.2.b"
"C22773",1,-2,2023-11-03,2023-11-09,"7.11.2.b"
"C22773",1,-2,2023-11-04,2023-11-10,"7.11.2.b"
"C22773",1,-2,2023-11-05,2023-11-11,"7.11.2.b"
"C22773",1,-2,2023-11-06,2023-11-12,"7.11.2.b"
"C22773",1,-2,2023-11-07,2023-11-13,"7.11.2.b"
"C22773",1,-2,2023-11-08,2023-11-14,"7.11.2.b"
"C22773",1,-2,2023-11-09,2023-11-15,"7.11.2.b"
"C22773",1,-2,2023-11-11,2023-11-17,"7.11.2.b"
"C22773",1,-2,2023-11-12,2023-11-18,"7.11.2.b"
"C22773",1,-2,2023-11-13,2023-11-19,"7.11.2.b"
"C22773",1,-2,2023-11-14,2023-11-20,"7.11.2.b"
"C22773",1,-2,2023-11-15,2023-11-21,"7.11.2.b"
"C22773",1,-2,2023-11-16,2023-11-22,"7.11.2.b"
"C22773",1,-2,2023-11-17,2023-11-23,"7.11.2.b"
"C22773",1,-2,2023-11-18,2023-11-24,"7.11.2.b"
"C22773",1,-2,2023-11-18,2024-03-22,"7.11.2.a"
"C22773",1,-2,2023-11-19,2023-11-25,"7.11.2.b"
"C22773",1,-2,2023-11-20,2023-11-26,"7.11.2.b"
"C22773",1,-2,2023-11-21,2023-11-27,"7.11.2.b"
"C22773",1,-2,2023-11-22,2023-11-28,"7.11.2.b"
"C22773",1,-2,2023-11-23,2023-11-29,"7.11.2.b"
"C22773",1,-2,2023-11-24,2023-11-30,"7.11.2.b"
"C22773",1,-2,2023-11-25,2023-12-01,"7.11.2.b"
"C22773",1,-2,2023-11-26,2023-12-02,"7.11.2.b"
"C22773",1,-2,2023-11-27,2023-12-03,"7.11.2.b"
"C22773",1,-2,2023-11-28,2023-12-04,"7.11.2.b"
"C22773",1,-2,2023-11-29,2023-12-05,"7.11.2.b"
"C22773",1,-2,2023-11-30,2023-12-06,"7.11.2.b"
"C22773",1,-2,2023-12-01,2023-12-07,"7.11.2.b"
"C22773",1,-2,2023-12-02,2023-12-08,"7.11.2.b"
"C22773",1,-2,2023-12-03,2023-12-09,"7.11.2.b"
"C22773",1,-2,2023-12-04,2023-12-10,"7.11.2.b"
"C22773",1,-2,2023-12-05,2023-12-11,"7.11.2.b"
"C22773",1,-2,2023-12-06,2023-12-12,"7.11.2.b"
"C22773",1,-2,2023-12-07,2023-12-13,"7.11.2.b"
"C22773",1,-2,2023-12-08,2023-12-14,"7.11.2.b"
"C22773",1,-2,2023-12-09,2023-12-15,"7.11.2.b"
"C22773",1,-2,2023-12-10,2023-12-16,"7.11.2.b"
"C22773",1,-2,2023-12-12,2023-12-18,"7.11.2.b"
"C22773",1,-2,2023-12-13,2023-12-19,"7.11.2.b"
"C22773",1,-2,2023-12-14,2023-12-20,"7.11.2.b"
"C22773",1,-2,2023-12-15,2023-12-21,"7.11.2.b"
"C22773",1,-2,2023-12-16,2023-12-22,"7.11.2.b"
"C22773",1,-2,2023-12-17,2023-12-23,"7.11.2.b"
"C22773",1,0,2023-10-29,2023-11-04,"7.11.2.b"
"C22773",1,0,2023-10-30,2023-11-05,"7.11.2.b"
"C22773",1,0,2023-10-31,2023-11-06,"7.11.2.b"
"C22773",1,0,2023-11-01,2023-11-07,"7.11.2.b"
"C22773",1,0,2023-11-02,2023-11-08,"7.11.2.b"
"C22773",1,0,2023-11-03,2023-11-09,"7.11.2.b"
"C22773",1,0,2023-11-04,2023-11-10,"7.11.2.b"
"C22773",1,0,2023-11-05,2023-11-11,"7.11.2.b"
"C22773",1,0,2023-11-06,2023-11-12,"7.11.2.b"
"C22773",1,0,2023-11-07,2023-11-13,"7.11.2.b"
"C22773",1,0,2023-11-08,2023-11-14,"7.11.2.b"
"C22773",1,0,2023-11-09,2023-11-15,"7.11.2.b"
"C22773",1,0,2023-11-11,2023-11-17,"7.11.2.b"
"C22773",1,0,2023-11-12,2023-11-18,"7.11.2.b"
"C22773",1,0,2023-11-13,2023-11-19,"7.11.2.b"
"C22773",1,0,2023-11-14,2023-11-20,"7.11.2.b"
"C22773",1,0,2023-11-15,2023-11-21,"7.11.2.b"
"C22773",1,0,2023-11-16,2023-11-22,"7.11.2.b"
"C22773",1,0,2023-11-17,2023-11-23,"7.11.2.b"
"C22773",1,0,2023-11-18,2023-11-24,"7.11.2.b"
"C22773",1,0,2023-11-18,2024-03-22,"7.11.2.a"
"C22773",1,0,2023-11-19,2023-11-25,"7.11.2.b"
"C22773",1,0,2023-11-20,2023-11-26,"7.11.2.b"
"C22773",1,0,2023-11-21,2023-11-27,"7.11.2.b"
"C22773",1,0,2023-11-22,2023-11-28,"7.11.2.b"
"C22773",1,0,2023-11-23,2023-11-29,"7.11.2.b"
"C22773",1,0,2023-11-24,2023-11-30,"7.11.2.b"
"C22773",1,0,2023-11-25,2023-12-01,"7.11.2.b"
"C22773",1,0,2023-11-26,2023-12-02,"7.11.2.b"
"C22773",1,0,2023-11-27,2023-12-03,"7.11.2.b"
"C22773",1,0,2023-11-28,2023-12-04,"7.11.2.b"
"C22773",1,0,2023-11-29,2023-12-05,"7.11.2.b"
"C22773",1,0,2023-11-30,2023-12-06,"7.11.2.b"
"C22773",1,0,2023-12-01,2023-12-07,"7.11.2.b"
"C22773",1,0,2023-12-02,2023-12-08,"7.11.2.b"
"C22773",1,0,2023-12-03,2023-12-09,"7.11.2.b"
"C22773",1,0,2023-12-04,2023-12-10,"7.11.2.b"
"C22773",1,0,2023-12-05,2023-12-11,"7.11.2.b"
"C22773",1,0,2023-12-06,2023-12-12,"7.11.2.b"
"C22773",1,0,2023-12-07,2023-12-13,"7.11.2.b"
"C22773",1,0,2023-12-08,2023-12-14,"7.11.2.b"
"C22773",1,0,2023-12-09,2023-12-15,"7.11.2.b"
"C22773",1,0,2023-12-10,2023-12-16,"7.11.2.b"
"C22773",1,0,2023-12-12,2023-12-18,"7.11.2.b"
"C22773",1,0,2023-12-13,2023-12-19,"7.11.2.b"
"C22773",1,0,2023-12-14,2023-12-20,"7.11.2.b"
"C22773",1,0,2023-12-15,2023-12-21,"7.11.2.b"
"C22773",1,0,2023-12-16,2023-12-22,"7.11.2.b"
"C22773",1,0,2023-12-17,2023-12-23,"7.11.2.b"
"C22773",1,0,2025-12-11,2026-01-02,"7.11.2.a"
"C22773",1,0,2025-12-28,2026-03-03,"7.11.2.a"
"C22845",1,0,2025-01-18,2025-02-14,"7.11.2.a"
"C22845",1,0,2025-05-22,2025-06-27,"7.11.2.a"
"C22845",1,0,2025-06-26,2025-12-01,"7.11.2.a"
"C22848",1,-2,2023-10-30,2023-11-08,"7.11.2.a"
"C22848",1,-2,2023-11-03,2024-02-01,"7.11.2.a"
"C22848",1,-2,2024-01-27,2024-04-18,"7.11.2.a"
"C22878",1,-2,2023-11-03,2023-11-11,"7.11.2.a"
"C22878",1,-2,2023-11-05,2023-12-24,"7.11.2.a"
"C22893",1,0,2024-05-19,2024-05-25,"7.11.2.b"
"C22893",1,0,2024-05-20,2024-05-26,"7.11.2.b"
"C22893",1,0,2024-05-21,2024-05-27,"7.11.2.b"
"C22893",1,0,2024-05-22,2024-05-28,"7.11.2.b"
"C22893",1,0,2024-05-23,2024-05-29,"7.11.2.b"
"C22893",1,0,2024-05-24,2024-05-30,"7.11.2.b"
"C22893",1,0,2024-05-25,2024-05-31,"7.11.2.b"
"C22893",1,0,2024-05-26,2024-06-01,"7.11.2.b"
"C22893",1,0,2024-05-27,2024-06-02,"7.11.2.b"
"C22893",1,0,2024-05-29,2024-06-04,"7.11.2.b"
"C22893",1,0,2024-05-30,2024-06-05,"7.11.2.b"
"C22893",1,0,2024-05-31,2024-06-06,"7.11.2.b"
"C22893",1,0,2024-06-01,2024-06-07,"7.11.2.b"
"C22893",1,0,2024-06-02,2024-06-08,"7.11.2.b"
"C22893",1,0,2024-06-04,2024-06-10,"7.11.2.b"
"C22893",1,0,2024-06-05,2024-06-11,"7.11.2.b"
"C22893",1,0,2024-06-06,2024-06-12,"7.11.2.b"
"C22893",1,0,2024-06-07,2024-06-13,"7.11.2.b"
"C22893",1,0,2024-06-08,2024-06-14,"7.11.2.b"
"C22893",1,0,2024-06-09,2024-06-15,"7.11.2.b"
"C22893",1,0,2024-06-10,2024-06-16,"7.11.2.b"
"C22893",1,0,2024-06-11,2024-06-17,"7.11.2.b"
"C22893",1,0,2024-06-12,2024-06-18,"7.11.2.b"
"C22893",1,0,2024-06-13,2024-06-19,"7.11.2.b"
"C22893",1,0,2024-06-14,2024-06-20,"7.11.2.b"
"C22893",1,0,2024-06-15,2024-06-21,"7.11.2.b"
"C22893",1,0,2024-06-16,2024-06-22,"7.11.2.b"
"C22893",1,0,2024-06-20,2024-06-26,"7.11.2.b"
"C22893",1,0,2024-06-21,2024-06-27,"7.11.2.b"
"C22893",1,0,2024-06-22,2024-06-28,"7.11.2.b"
"C22893",1,0,2024-06-23,2024-06-29,"7.11.2.b"
"C22893",1,0,2024-06-24,2024-06-30,"7.11.2.b"
"C22893",1,0,2024-06-25,2024-07-01,"7.11.2.b"
"C22893",1,0,2024-06-26,2024-07-02,"7.11.2.b"
"C22893",1,0,2024-06-27,2024-07-03,"7.11.2.b"
"C22893",1,0,2024-06-30,2024-07-06,"7.11.2.b"
"C22893",1,0,2024-07-01,2024-07-07,"7.11.2.b"
"C22893",1,0,2024-07-02,2024-07-08,"7.11.2.b"
"C22893",1,0,2024-07-03,2024-07-09,"7.11.2.b"
"C22893",1,0,2024-07-04,2024-07-10,"7.11.2.b"
"C22893",1,0,2024-07-05,2024-07-11,"7.11.2.b"
"C22893",1,0,2024-07-07,2024-07-13,"7.11.2.b"
"C22893",1,0,2024-07-11,2024-07-17,"7.11.2.b"
"C22893",1,0,2024-07-12,2024-07-18,"7.11.2.b"
"C22893",1,0,2024-07-13,2024-07-19,"7.11.2.b"
"C22893",1,0,2024-07-14,2024-07-20,"7.11.2.b"
"C22893",1,0,2024-07-15,2024-07-21,"7.11.2.b"
"C22893",1,0,2024-07-16,2024-07-22,"7.11.2.b"
"C22893",1,0,2024-07-17,2024-07-23,"7.11.2.b"
"C22893",1,0,2024-07-20,2024-07-26,"7.11.2.b"
"C22893",1,0,2024-07-22,2024-07-28,"7.11.2.b"
"C22893",1,0,2024-07-23,2024-07-29,"7.11.2.b"
"C22893",1,0,2024-07-24,2024-07-30,"7.11.2.b"
"C22893",1,0,2024-07-25,2024-07-31,"7.11.2.b"
"C22893",1,0,2024-07-27,2024-08-02,"7.11.2.b"
"C22893",1,0,2024-07-28,2024-08-03,"7.11.2.b"
"C22893",1,0,2024-07-30,2024-08-05,"7.11.2.b"
"C22893",1,0,2024-07-31,2024-08-06,"7.11.2.b"
"C22893",1,0,2024-08-01,2024-08-07,"7.11.2.b"
"C22893",1,0,2024-08-02,2024-08-08,"7.11.2.b"
"C22893",1,0,2024-08-03,2024-08-09,"7.11.2.b"
"C22893",1,0,2024-08-04,2024-08-10,"7.11.2.b"
"C22893",1,0,2024-08-05,2024-08-11,"7.11.2.b"
"C22893",1,0,2024-08-06,2024-08-12,"7.11.2.b"
"C22893",1,0,2024-08-07,2024-08-13,"7.11.2.b"
"C22893",1,0,2024-08-08,2024-08-14,"7.11.2.b"
"C22893",1,0,2024-08-09,2024-08-15,"7.11.2.b"
"C22893",1,0,2024-08-10,2024-08-16,"7.11.2.b"
"C22893",1,0,2024-08-11,2024-08-17,"7.11.2.b"
"C22893",1,0,2024-08-12,2024-08-18,"7.11.2.b"
"C22893",1,0,2024-08-14,2024-08-20,"7.11.2.b"
"C22893",1,0,2024-08-15,2024-08-21,"7.11.2.b"
"C22893",1,0,2024-08-16,2024-08-22,"7.11.2.b"
"C22893",1,0,2024-08-16,2025-10-13,"7.11.2.a"
"C22893",1,0,2024-08-17,2024-08-23,"7.11.2.b"
"C22893",1,0,2024-08-18,2024-08-24,"7.11.2.b"
"C22893",1,0,2024-08-19,2024-08-25,"7.11.2.b"
"C22899",1,-1,2024-12-31,2025-02-23,"7.11.2.a"
"C22899",1,-1,2025-01-26,2025-05-13,"7.11.2.a"
"C22899",1,0,2024-12-31,2025-02-23,"7.11.2.a"
"C22899",1,0,2025-01-26,2025-05-13,"7.11.2.a"
"C22899",1,0,2026-01-06,2026-02-05,"7.11.2.a"
"C22899",1,0,2026-01-31,2026-02-19,"7.11.2.a"
"C22899",1,0,2026-02-14,2026-03-07,"7.11.2.a"
"C23043",1,-1,2023-10-08,2023-11-30,"7.11.2.a"
"C23043",1,-1,2024-01-14,2024-04-18,"7.11.2.a"
"C23043",1,-1,2024-07-01,2024-07-20,"7.11.2.a"
"C23043",1,-1,2024-10-29,2025-02-23,"7.11.2.a"
"C23043",1,-1,2024-12-17,2025-05-30,"7.11.2.a"
"C23043",1,-1,2025-02-18,2025-03-21,"7.11.2.a"
"C23178",1,-2,2023-11-19,2024-01-18,"7.11.2.a"
"C23178",1,-2,2024-01-14,2024-05-13,"7.11.2.a"
"C23199",2,-1,2024-03-31,2024-04-06,"7.11.2.b"
"C23199",2,-1,2024-04-01,2024-04-07,"7.11.2.b"
"C23199",2,-1,2024-04-02,2024-04-08,"7.11.2.b"
"C23199",2,-1,2024-04-03,2024-04-09,"7.11.2.b"
"C23199",2,-1,2024-04-05,2024-04-11,"7.11.2.b"
"C23199",2,-1,2024-04-07,2024-04-13,"7.11.2.b"
"C23199",2,-1,2024-04-08,2024-04-14,"7.11.2.b"
"C23199",2,-1,2024-04-09,2024-04-15,"7.11.2.b"
"C23199",2,-1,2024-04-11,2024-04-17,"7.11.2.b"
"C23199",2,-1,2024-04-14,2024-04-20,"7.11.2.b"
"C23199",2,-1,2024-04-17,2024-04-23,"7.11.2.b"
"C23199",2,-1,2024-04-19,2024-04-25,"7.11.2.b"
"C23199",2,-1,2024-04-22,2024-04-28,"7.11.2.b"
"C23199",2,-1,2024-04-23,2024-04-29,"7.11.2.b"
"C23199",2,-1,2024-04-26,2024-05-02,"7.11.2.b"
"C23199",2,-1,2024-04-27,2024-05-03,"7.11.2.b"
"C23199",2,-1,2024-04-30,2024-05-06,"7.11.2.b"
"C23199",2,-1,2024-05-01,2024-05-07,"7.11.2.b"
"C23199",2,-1,2024-05-02,2024-05-08,"7.11.2.b"
"C23199",2,-1,2024-05-04,2024-05-10,"7.11.2.b"
"C23199",2,-1,2024-05-05,2024-05-11,"7.11.2.b"
"C23199",2,-1,2024-05-06,2025-08-21,"7.11.2.a"
"C23199",2,-1,2024-05-07,2024-05-13,"7.11.2.b"
"C23199",2,-1,2024-05-10,2024-05-16,"7.11.2.b"
"C23199",2,-1,2024-05-12,2024-05-18,"7.11.2.b"
"C23199",2,-1,2024-05-13,2024-05-19,"7.11.2.b"
"C23199",2,-1,2024-05-14,2024-05-20,"7.11.2.b"
"C23199",2,-1,2024-05-16,2024-05-22,"7.11.2.b"
"C23199",2,-1,2024-05-17,2024-05-23,"7.11.2.b"
"C23199",2,-1,2024-05-20,2024-05-26,"7.11.2.b"
"C23199",2,-1,2024-05-21,2024-05-27,"7.11.2.b"
"C23199",2,-1,2024-05-23,2024-05-29,"7.11.2.b"
"C23199",2,-1,2024-05-24,2024-05-30,"7.11.2.b"
"C23199",2,-1,2024-05-25,2024-05-31,"7.11.2.b"
"C23199",2,-1,2024-05-29,2024-06-04,"7.11.2.b"
"C23199",2,-1,2024-05-31,2024-06-06,"7.11.2.b"
"C23199",2,-1,2024-06-01,2024-06-07,"7.11.2.b"
"C23199",2,-1,2024-06-02,2024-06-08,"7.11.2.b"
"C23199",2,-1,2024-06-03,2024-06-09,"7.11.2.b"
"C23199",2,-1,2024-06-09,2024-06-15,"7.11.2.b"
"C23199",2,-1,2024-06-12,2024-06-18,"7.11.2.b"
"C23199",2,-1,2024-06-14,2024-06-20,"7.11.2.b"
"C23199",2,-1,2024-06-17,2024-06-23,"7.11.2.b"
"C23199",2,-1,2024-06-18,2024-06-24,"7.11.2.b"
"C23325",1,0,2023-11-29,2024-01-12,"7.11.2.a"
"C23325",1,0,2025-11-06,2025-12-10,"7.11.2.a"
"C23325",1,0,2025-12-14,2026-01-01,"7.11.2.a"
"C23325",1,0,2025-12-28,2026-03-07,"7.11.2.a"
"C23331",1,0,2024-11-18,2025-01-07,"7.11.2.a"
"C23331",1,0,2024-12-15,2025-10-21,"7.11.2.a"
"C23451",1,-1,2024-04-08,2024-05-28,"7.11.2.a"
"C23451",1,-1,2024-07-02,2024-10-05,"7.11.2.a"
"C23451",1,-1,2024-07-29,2024-11-05,"7.11.2.a"
"C23511",1,-2,2023-12-07,2024-01-04,"7.11.2.a"
"C23511",1,-2,2024-01-02,2024-01-28,"7.11.2.a"
"C23580",1,-2,2023-12-10,2024-01-31,"7.11.2.a"
"C23580",1,0,2023-12-10,2024-01-31,"7.11.2.a"
"C23580",1,0,2025-08-30,2025-11-02,"7.11.2.a"
"C23580",1,0,2025-10-31,2025-12-07,"7.11.2.a"
"C23610",1,-2,2023-12-15,2023-12-21,"7.11.2.b"
"C23610",1,-2,2023-12-16,2023-12-22,"7.11.2.b"
"C23610",1,-2,2023-12-17,2023-12-23,"7.11.2.b"
"C23610",1,-2,2023-12-19,2023-12-25,"7.11.2.b"
"C23610",1,-2,2023-12-20,2023-12-26,"7.11.2.b"
"C23610",1,-2,2023-12-21,2023-12-27,"7.11.2.b"
"C23610",1,-2,2023-12-22,2023-12-28,"7.11.2.b"
"C23610",1,-2,2023-12-23,2023-12-29,"7.11.2.b"
"C23610",1,-2,2023-12-24,2023-12-30,"7.11.2.b"
"C23610",1,-2,2023-12-27,2024-01-02,"7.11.2.b"
"C23610",1,-2,2023-12-28,2024-01-03,"7.11.2.b"
"C23610",1,-2,2023-12-29,2024-01-04,"7.11.2.b"
"C23610",1,-2,2023-12-30,2024-01-05,"7.11.2.b"
"C23610",1,-2,2023-12-31,2024-01-06,"7.11.2.b"
"C23610",1,-2,2024-01-01,2024-01-07,"7.11.2.b"
"C23610",1,-2,2024-01-04,2024-01-10,"7.11.2.b"
"C23610",1,-2,2024-01-08,2024-07-13,"7.11.2.a"
"C23610",1,-2,2024-01-09,2024-01-15,"7.11.2.b"
"C23610",1,-2,2024-01-11,2024-01-17,"7.11.2.b"
"C23610",1,-2,2024-01-14,2024-01-20,"7.11.2.b"
"C23610",1,-2,2024-01-17,2024-01-23,"7.11.2.b"
"C23610",1,-1,2023-12-15,2023-12-21,"7.11.2.b"
"C23610",1,-1,2023-12-16,2023-12-22,"7.11.2.b"
"C23610",1,-1,2023-12-17,2023-12-23,"7.11.2.b"
"C23610",1,-1,2023-12-19,2023-12-25,"7.11.2.b"
"C23610",1,-1,2023-12-20,2023-12-26,"7.11.2.b"
"C23610",1,-1,2023-12-21,2023-12-27,"7.11.2.b"
"C23610",1,-1,2023-12-22,2023-12-28,"7.11.2.b"
"C23610",1,-1,2023-12-23,2023-12-29,"7.11.2.b"
"C23610",1,-1,2023-12-24,2023-12-30,"7.11.2.b"
"C23610",1,-1,2023-12-27,2024-01-02,"7.11.2.b"
"C23610",1,-1,2023-12-28,2024-01-03,"7.11.2.b"
"C23610",1,-1,2023-12-29,2024-01-04,"7.11.2.b"
"C23610",1,-1,2023-12-30,2024-01-05,"7.11.2.b"
"C23610",1,-1,2023-12-31,2024-01-06,"7.11.2.b"
"C23610",1,-1,2024-01-01,2024-01-07,"7.11.2.b"
"C23610",1,-1,2024-01-04,2024-01-10,"7.11.2.b"
"C23610",1,-1,2024-01-08,2024-07-13,"7.11.2.a"
"C23610",1,-1,2024-01-09,2024-01-15,"7.11.2.b"
"C23610",1,-1,2024-01-11,2024-01-17,"7.11.2.b"
"C23610",1,-1,2024-01-14,2024-01-20,"7.11.2.b"
"C23610",1,-1,2024-01-17,2024-01-23,"7.11.2.b"
"C23610",1,-1,2024-11-01,2024-11-07,"7.11.2.b"
"C23610",1,-1,2024-11-02,2024-11-08,"7.11.2.b"
"C23610",1,-1,2024-11-03,2024-11-09,"7.11.2.b"
"C23610",1,-1,2024-11-04,2024-11-10,"7.11.2.b"
"C23610",1,-1,2024-11-05,2024-11-11,"7.11.2.b"
"C23610",1,-1,2024-11-06,2024-11-12,"7.11.2.b"
"C23610",1,-1,2024-11-07,2024-11-13,"7.11.2.b"
"C23610",1,-1,2024-11-08,2024-11-14,"7.11.2.b"
"C23610",1,-1,2024-11-09,2024-11-15,"7.11.2.b"
"C23610",1,-1,2024-11-11,2024-11-17,"7.11.2.b"
"C23610",1,-1,2024-11-13,2024-11-19,"7.11.2.b"
"C23610",1,-1,2024-11-14,2024-11-20,"7.11.2.b"
"C23610",1,-1,2024-11-15,2024-11-21,"7.11.2.b"
"C23610",1,-1,2024-11-16,2024-11-22,"7.11.2.b"
"C23610",1,-1,2024-11-16,2025-03-14,"7.11.2.a"
"C23610",1,-1,2024-11-17,2024-11-23,"7.11.2.b"
"C23610",1,-1,2024-11-19,2024-11-25,"7.11.2.b"
"C23610",1,-1,2024-11-21,2024-11-27,"7.11.2.b"
"C23610",1,-1,2024-11-22,2024-11-28,"7.11.2.b"
"C23610",1,-1,2024-11-23,2024-11-29,"7.11.2.b"
"C23742",1,0,2023-12-21,2023-12-27,"7.11.2.b"
"C23742",1,0,2023-12-23,2023-12-29,"7.11.2.b"
"C23742",1,0,2023-12-24,2023-12-30,"7.11.2.b"
"C23742",1,0,2023-12-25,2023-12-31,"7.11.2.b"
"C23742",1,0,2023-12-26,2024-01-01,"7.11.2.b"
"C23742",1,0,2023-12-27,2024-01-02,"7.11.2.b"
"C23742",1,0,2023-12-31,2024-01-06,"7.11.2.b"
"C23742",1,0,2024-01-01,2024-01-07,"7.11.2.b"
"C23742",1,0,2024-01-04,2024-01-10,"7.11.2.b"
"C23742",1,0,2024-01-05,2024-01-11,"7.11.2.b"
"C23742",1,0,2024-01-06,2024-01-12,"7.11.2.b"
"C23742",1,0,2024-01-07,2024-01-13,"7.11.2.b"
"C23742",1,0,2024-01-09,2024-01-15,"7.11.2.b"
"C23742",1,0,2024-01-10,2024-01-16,"7.11.2.b"
"C23742",1,0,2024-01-12,2024-01-18,"7.11.2.b"
"C23742",1,0,2024-01-13,2024-01-19,"7.11.2.b"
"C23742",1,0,2024-01-14,2024-01-20,"7.11.2.b"
"C23742",1,0,2024-01-15,2024-01-21,"7.11.2.b"
"C23742",1,0,2024-01-16,2024-01-22,"7.11.2.b"
"C23742",1,0,2024-01-18,2024-01-24,"7.11.2.b"
"C23742",1,0,2024-01-19,2024-01-25,"7.11.2.b"
"C23742",1,0,2024-01-21,2024-01-27,"7.11.2.b"
"C23742",1,0,2024-01-22,2024-01-28,"7.11.2.b"
"C23742",1,0,2024-01-23,2024-01-29,"7.11.2.b"
"C23742",1,0,2024-01-24,2024-01-30,"7.11.2.b"
"C23742",1,0,2024-01-25,2024-01-31,"7.11.2.b"
"C23742",1,0,2024-01-26,2024-02-01,"7.11.2.b"
"C23742",1,0,2024-01-27,2024-02-02,"7.11.2.b"
"C23742",1,0,2024-01-29,2024-02-04,"7.11.2.b"
"C23742",1,0,2024-01-31,2024-02-06,"7.11.2.b"
"C23742",1,0,2024-02-01,2024-02-07,"7.11.2.b"
"C23742",1,0,2024-02-02,2024-02-08,"7.11.2.b"
"C23742",1,0,2024-02-03,2024-02-09,"7.11.2.b"
"C23742",1,0,2024-02-05,2024-02-11,"7.11.2.b"
"C23742",1,0,2024-02-06,2024-02-12,"7.11.2.b"
"C23742",1,0,2024-02-08,2024-02-14,"7.11.2.b"
"C23742",1,0,2024-02-09,2024-02-15,"7.11.2.b"
"C23742",1,0,2024-02-10,2024-02-16,"7.11.2.b"
"C23742",1,0,2024-02-14,2024-02-20,"7.11.2.b"
"C23742",1,0,2024-02-16,2024-02-22,"7.11.2.b"
"C23742",1,0,2024-02-17,2024-02-23,"7.11.2.b"
"C23742",1,0,2024-02-18,2024-02-24,"7.11.2.b"
"C23742",1,0,2024-02-20,2024-02-26,"7.11.2.b"
"C23742",1,0,2024-02-21,2024-02-27,"7.11.2.b"
"C23742",1,0,2024-02-22,2024-02-28,"7.11.2.b"
"C23742",1,0,2024-02-23,2024-02-29,"7.11.2.b"
"C23742",1,0,2024-02-25,2024-03-02,"7.11.2.b"
"C23742",1,0,2024-02-26,2024-03-03,"7.11.2.b"
"C23742",1,0,2024-02-28,2024-03-05,"7.11.2.b"
"C23742",1,0,2024-03-01,2024-03-07,"7.11.2.b"
"C23742",1,0,2024-03-02,2024-03-08,"7.11.2.b"
"C23742",1,0,2025-03-17,2025-03-23,"7.11.2.b"
"C23742",1,0,2025-03-21,2025-03-27,"7.11.2.b"
"C23742",1,0,2025-03-25,2025-03-31,"7.11.2.b"
"C23742",1,0,2025-03-26,2025-04-01,"7.11.2.b"
"C23742",1,0,2025-04-02,2025-04-08,"7.11.2.b"
"C23742",1,0,2025-04-03,2025-04-09,"7.11.2.b"
"C23742",1,0,2025-04-10,2025-04-16,"7.11.2.b"
"C23742",1,0,2025-04-12,2025-04-18,"7.11.2.b"
"C23742",1,0,2025-04-12,2025-11-09,"7.11.2.a"
"C23742",1,0,2025-04-14,2025-04-20,"7.11.2.b"
"C23742",1,0,2025-04-18,2025-04-24,"7.11.2.b"
"C23742",1,0,2025-04-20,2025-04-26,"7.11.2.b"
"C23742",1,0,2025-04-21,2025-04-27,"7.11.2.b"
"C23742",1,0,2025-04-23,2025-04-29,"7.11.2.b"
"C23742",1,0,2025-04-24,2025-04-30,"7.11.2.b"
"C23742",1,0,2025-04-26,2025-05-02,"7.11.2.b"
"C23742",1,0,2025-04-27,2025-05-03,"7.11.2.b"
"C23742",1,0,2025-05-03,2025-05-09,"7.11.2.b"
"C23742",1,0,2025-05-05,2025-05-11,"7.11.2.b"
"C23742",1,0,2025-05-06,2025-05-12,"7.11.2.b"
"C23742",1,0,2025-05-07,2025-05-13,"7.11.2.b"
"C23742",1,0,2025-05-08,2025-05-14,"7.11.2.b"
"C23742",1,0,2025-05-09,2025-05-15,"7.11.2.b"
"C23742",1,0,2025-05-12,2025-05-18,"7.11.2.b"
"C23742",1,0,2025-05-13,2025-05-19,"7.11.2.b"
"C23742",1,0,2025-05-16,2025-05-22,"7.11.2.b"
"C23742",1,0,2025-05-17,2025-05-23,"7.11.2.b"
"C23742",1,0,2025-05-18,2025-05-24,"7.11.2.b"
"C23742",1,0,2025-05-20,2025-05-26,"7.11.2.b"
"C23745",1,-2,2023-12-20,2024-01-01,"7.11.2.a"
"C23745",1,-2,2024-01-01,2024-01-07,"7.11.2.b"
"C23745",1,0,2023-12-20,2024-01-01,"7.11.2.a"
"C23745",1,0,2024-01-01,2024-01-07,"7.11.2.b"
"C23745",1,0,2024-11-13,2024-11-19,"7.11.2.b"
"C23745",1,0,2024-11-14,2024-11-20,"7.11.2.b"
"C23745",1,0,2024-11-15,2024-11-21,"7.11.2.b"
"C23745",1,0,2024-11-17,2024-11-23,"7.11.2.b"
"C23745",1,0,2024-11-18,2024-11-24,"7.11.2.b"
"C23745",1,0,2024-11-19,2024-11-25,"7.11.2.b"
"C23745",1,0,2024-11-20,2024-11-26,"7.11.2.b"
"C23745",1,0,2024-11-22,2024-11-28,"7.11.2.b"
"C23745",1,0,2024-11-23,2024-11-29,"7.11.2.b"
"C23745",1,0,2024-11-24,2024-11-30,"7.11.2.b"
"C23745",1,0,2024-11-25,2024-12-23,"7.11.2.a"
"C23745",1,0,2024-12-15,2025-10-30,"7.11.2.a"
"C23745",1,0,2024-12-20,2024-12-26,"7.11.2.b"
"C23745",1,0,2024-12-22,2024-12-28,"7.11.2.b"
"C23745",1,0,2024-12-25,2024-12-31,"7.11.2.b"
"C23745",1,0,2024-12-29,2025-01-04,"7.11.2.b"
"C23745",1,0,2024-12-30,2025-01-05,"7.11.2.b"
"C23745",1,0,2024-12-31,2025-01-06,"7.11.2.b"
"C23745",1,0,2025-01-01,2025-01-07,"7.11.2.b"
"C23745",1,0,2025-01-03,2025-01-09,"7.11.2.b"
"C23745",1,0,2025-01-04,2025-01-10,"7.11.2.b"
"C23745",1,0,2025-01-05,2025-01-11,"7.11.2.b"
"C23745",1,0,2025-01-06,2025-01-12,"7.11.2.b"
"C23745",1,0,2025-01-07,2025-01-13,"7.11.2.b"
"C23745",1,0,2025-01-08,2025-01-14,"7.11.2.b"
"C23745",1,0,2025-01-10,2025-01-16,"7.11.2.b"
"C23745",1,0,2025-01-11,2025-01-17,"7.11.2.b"
"C23745",1,0,2025-01-12,2025-01-18,"7.11.2.b"
"C23745",1,0,2025-01-13,2025-01-19,"7.11.2.b"
"C23745",1,0,2025-01-14,2025-01-20,"7.11.2.b"
"C23745",1,0,2025-01-15,2025-01-21,"7.11.2.b"
"C23745",1,0,2025-01-16,2025-01-22,"7.11.2.b"
"C23745",1,0,2025-01-17,2025-01-23,"7.11.2.b"
"C23745",1,0,2025-01-18,2025-01-24,"7.11.2.b"
"C23745",1,0,2025-01-19,2025-01-25,"7.11.2.b"
"C23745",1,0,2025-01-20,2025-01-26,"7.11.2.b"
"C23745",1,0,2025-01-21,2025-01-27,"7.11.2.b"
"C23745",1,0,2025-01-22,2025-01-28,"7.11.2.b"
"C23745",1,0,2025-01-23,2025-01-29,"7.11.2.b"
"C23745",1,0,2025-01-24,2025-01-30,"7.11.2.b"
"C23745",1,0,2025-01-25,2025-01-31,"7.11.2.b"
"C23745",1,0,2025-01-26,2025-02-01,"7.11.2.b"
"C23745",1,0,2025-01-27,2025-02-02,"7.11.2.b"
"C23745",1,0,2025-01-30,2025-02-05,"7.11.2.b"
"C23745",1,0,2025-01-31,2025-02-06,"7.11.2.b"
"C23745",1,0,2025-02-04,2025-02-10,"7.11.2.b"
"C23745",1,0,2025-02-05,2025-02-11,"7.11.2.b"
"C23745",1,0,2025-02-06,2025-02-12,"7.11.2.b"
"C23745",1,0,2025-02-07,2025-02-13,"7.11.2.b"
"C23745",1,0,2025-02-10,2025-02-16,"7.11.2.b"
"C23745",1,0,2025-02-13,2025-02-19,"7.11.2.b"
"C23745",1,0,2025-02-15,2025-02-21,"7.11.2.b"
"C23745",1,0,2025-02-16,2025-02-22,"7.11.2.b"
"C23745",1,0,2025-02-24,2025-03-02,"7.11.2.b"
"C23745",1,0,2025-02-26,2025-03-04,"7.11.2.b"
"C23778",1,0,2023-12-17,2024-01-19,"7.11.2.a"
"C23778",1,0,2025-12-07,2026-01-21,"7.11.2.a"
"C23778",1,0,2026-01-19,2026-02-13,"7.11.2.a"
"C23820",1,-2,2023-12-22,2023-12-29,"7.11.2.a"
"C23820",1,-2,2023-12-23,2024-01-12,"7.11.2.a"
"C23829",1,-1,2024-09-01,2024-11-13,"7.11.2.a"
"C23829",1,-1,2024-11-08,2025-02-23,"7.11.2.a"
"C23829",1,-1,2025-02-18,2025-05-05,"7.11.2.a"
"C23829",1,0,2024-09-01,2024-11-13,"7.11.2.a"
"C23829",1,0,2024-11-08,2025-02-23,"7.11.2.a"
"C23829",1,0,2025-02-18,2025-05-05,"7.11.2.a"
"C23829",1,0,2026-01-16,2026-02-17,"7.11.2.a"
"C23829",1,0,2026-02-14,2026-03-07,"7.11.2.a"
"C23994",1,0,2024-08-17,2024-09-23,"7.11.2.a"
"C23994",1,0,2024-09-20,2025-10-07,"7.11.2.a"
"C24051",1,-2,2023-12-09,2023-12-22,"7.11.2.a"
"C24051",1,-2,2023-12-17,2023-12-28,"7.11.2.a"
"C24051",1,-2,2023-12-26,2024-01-03,"7.11.2.a"
"C24051",1,-2,2023-12-29,2024-01-11,"7.11.2.a"
"C24051",1,-2,2024-01-07,2024-01-26,"7.11.2.a"
"C24057",1,0,2024-01-04,2024-01-10,"7.11.2.b"
"C24057",1,0,2024-01-05,2024-01-11,"7.11.2.b"
"C24057",1,0,2024-01-06,2024-01-12,"7.11.2.b"
"C24057",1,0,2024-01-07,2024-01-13,"7.11.2.b"
"C24057",1,0,2024-01-08,2024-01-14,"7.11.2.b"
"C24057",1,0,2024-01-10,2024-01-16,"7.11.2.b"
"C24057",1,0,2024-01-11,2024-01-17,"7.11.2.b"
"C24057",1,0,2024-01-12,2024-01-18,"7.11.2.b"
"C24057",1,0,2024-01-13,2024-01-19,"7.11.2.b"
"C24057",1,0,2024-01-14,2024-01-20,"7.11.2.b"
"C24057",1,0,2024-01-15,2024-01-21,"7.11.2.b"
"C24057",1,0,2024-01-17,2024-01-23,"7.11.2.b"
"C24057",1,0,2024-01-18,2024-01-24,"7.11.2.b"
"C24057",1,0,2024-01-19,2024-01-25,"7.11.2.b"
"C24057",1,0,2024-01-20,2024-01-26,"7.11.2.b"
"C24057",1,0,2024-01-21,2024-01-27,"7.11.2.b"
"C24057",1,0,2024-01-22,2024-01-28,"7.11.2.b"
"C24057",1,0,2024-01-23,2024-01-29,"7.11.2.b"
"C24057",1,0,2024-01-24,2024-01-30,"7.11.2.b"
"C24057",1,0,2024-01-25,2024-01-31,"7.11.2.b"
"C24057",1,0,2024-01-26,2024-02-01,"7.11.2.b"
"C24057",1,0,2024-01-27,2024-02-02,"7.11.2.b"
"C24057",1,0,2024-01-28,2024-02-03,"7.11.2.b"
"C24057",1,0,2024-01-29,2024-02-04,"7.11.2.b"
"C24057",1,0,2024-01-30,2024-02-05,"7.11.2.b"
"C24057",1,0,2024-01-31,2024-02-06,"7.11.2.b"
"C24057",1,0,2024-02-01,2024-02-07,"7.11.2.b"
"C24057",1,0,2024-02-02,2024-02-08,"7.11.2.b"
"C24057",1,0,2024-02-03,2024-02-09,"7.11.2.b"
"C24057",1,0,2024-02-04,2024-02-10,"7.11.2.b"
"C24057",1,0,2024-02-05,2024-02-11,"7.11.2.b"
"C24057",1,0,2024-02-06,2024-02-12,"7.11.2.b"
"C24057",1,0,2024-02-07,2024-02-13,"7.11.2.b"
"C24057",1,0,2024-02-08,2024-02-14,"7.11.2.b"
"C24057",1,0,2024-02-09,2024-02-15,"7.11.2.b"
"C24057",1,0,2024-02-10,2024-02-16,"7.11.2.b"
"C24057",1,0,2024-02-11,2024-02-17,"7.11.2.b"
"C24057",1,0,2024-02-11,2026-02-10,"7.11.2.a"
"C24057",1,0,2024-02-13,2024-02-19,"7.11.2.b"
"C24057",1,0,2024-02-14,2024-02-20,"7.11.2.b"
"C24057",1,0,2024-02-15,2024-02-21,"7.11.2.b"
"C24057",1,0,2024-02-16,2024-02-22,"7.11.2.b"
"C24057",1,0,2024-02-17,2024-02-23,"7.11.2.b"
"C24057",1,0,2024-02-18,2024-02-24,"7.11.2.b"
"C24057",1,0,2024-02-21,2024-02-27,"7.11.2.b"
"C24057",1,0,2024-02-23,2024-02-29,"7.11.2.b"
"C24057",1,0,2024-02-24,2024-03-01,"7.11.2.b"
"C24093",1,-2,2024-04-01,2024-04-07,"7.11.2.b"
"C24093",1,-2,2024-04-08,2024-04-14,"7.11.2.b"
"C24102",1,-2,2024-01-16,2024-01-22,"7.11.2.b"
"C24102",1,-2,2024-01-17,2024-01-23,"7.11.2.b"
"C24102",1,-2,2024-01-18,2024-01-24,"7.11.2.b"
"C24102",1,-2,2024-01-19,2024-01-25,"7.11.2.b"
"C24102",1,-2,2024-01-21,2024-01-27,"7.11.2.b"
"C24102",1,-2,2024-01-22,2024-01-28,"7.11.2.b"
"C24102",1,-2,2024-01-26,2024-02-01,"7.11.2.b"
"C24102",1,-2,2024-01-28,2024-02-03,"7.11.2.b"
"C24102",1,-2,2024-01-29,2024-02-04,"7.11.2.b"
"C24102",1,-2,2024-01-29,2024-06-22,"7.11.2.a"
"C24102",1,-2,2024-01-30,2024-02-05,"7.11.2.b"
"C24102",1,-2,2024-01-31,2024-02-06,"7.11.2.b"
"C24102",1,-2,2024-02-01,2024-02-07,"7.11.2.b"
"C24102",1,-2,2024-02-03,2024-02-09,"7.11.2.b"
"C24102",1,-2,2024-02-09,2024-02-15,"7.11.2.b"
"C24102",1,-2,2024-02-11,2024-02-17,"7.11.2.b"
"C24102",1,0,2024-01-16,2024-01-22,"7.11.2.b"
"C24102",1,0,2024-01-17,2024-01-23,"7.11.2.b"
"C24102",1,0,2024-01-18,2024-01-24,"7.11.2.b"
"C24102",1,0,2024-01-19,2024-01-25,"7.11.2.b"
"C24102",1,0,2024-01-21,2024-01-27,"7.11.2.b"
"C24102",1,0,2024-01-22,2024-01-28,"7.11.2.b"
"C24102",1,0,2024-01-26,2024-02-01,"7.11.2.b"
"C24102",1,0,2024-01-28,2024-02-03,"7.11.2.b"
"C24102",1,0,2024-01-29,2024-02-04,"7.11.2.b"
"C24102",1,0,2024-01-29,2024-06-22,"7.11.2.a"
"C24102",1,0,2024-01-30,2024-02-05,"7.11.2.b"
"C24102",1,0,2024-01-31,2024-02-06,"7.11.2.b"
"C24102",1,0,2024-02-01,2024-02-07,"7.11.2.b"
"C24102",1,0,2024-02-03,2024-02-09,"7.11.2.b"
"C24102",1,0,2024-02-09,2024-02-15,"7.11.2.b"
"C24102",1,0,2024-02-11,2024-02-17,"7.11.2.b"
"C24102",1,0,2024-10-22,2024-11-02,"7.11.2.a"
"C24102",1,0,2024-10-28,2024-11-17,"7.11.2.a"
"C24102",1,0,2024-11-14,2024-12-01,"7.11.2.a"
"C24102",1,0,2024-11-26,2024-12-03,"7.11.2.a"
"C24102",1,0,2024-11-28,2024-12-06,"7.11.2.a"
"C24102",1,0,2024-12-01,2024-12-21,"7.11.2.a"
"C24102",1,0,2024-12-02,2025-10-31,"7.11.2.a"
"C24102",1,0,2024-12-23,2025-02-04,"7.11.2.a"
"C24102",1,0,2025-02-16,2025-02-22,"7.11.2.b"
"C24117",1,-2,2024-01-07,2024-01-27,"7.11.2.a"
"C24117",1,-2,2024-01-22,2024-03-17,"7.11.2.a"
"C24147",1,-2,2024-01-30,2024-02-20,"7.11.2.a"
"C24186",1,0,2024-01-14,2024-03-20,"7.11.2.a"
"C24186",1,0,2025-10-13,2025-12-03,"7.11.2.a"
"C24186",1,0,2025-11-28,2026-03-04,"7.11.2.a"
"C24195",1,-1,2025-07-14,2025-08-03,"7.11.2.a"
"C24195",1,-1,2025-07-29,2025-09-11,"7.11.2.a"
"C24237",1,-2,2024-01-16,2024-01-29,"7.11.2.a"
"C24237",1,-2,2024-01-23,2024-02-24,"7.11.2.a"
"C24258",1,-1,2024-01-23,2024-04-28,"7.11.2.a"
"C24258",1,-1,2024-03-10,2025-08-21,"7.11.2.a"
"C24267",1,-2,2024-01-21,2024-03-11,"7.11.2.a"
"C24267",1,-2,2024-01-27,2024-04-10,"7.11.2.a"
"C24267",1,-2,2024-04-05,2024-05-23,"7.11.2.a"
"C24300",1,-2,2024-01-21,2024-03-11,"7.11.2.a"
"C24300",1,-2,2024-01-25,2024-04-12,"7.11.2.a"
"C24453",1,0,2024-02-18,2024-03-16,"7.11.2.a"
"C24453",1,0,2026-03-08,2026-03-14,"7.11.2.b"
"C24453",1,0,2026-03-10,2026-03-16,"7.11.2.b"
"C24510",1,0,2025-10-09,2025-10-30,"7.11.2.a"
"C24510",1,0,2025-10-25,2026-01-29,"7.11.2.a"
"C24540",1,-1,2024-02-11,2024-03-31,"7.11.2.a"
"C24540",1,-1,2025-02-12,2025-04-08,"7.11.2.a"
"C24540",1,-1,2025-03-13,2025-07-22,"7.11.2.a"
"C24612",1,-1,2024-10-26,2025-02-23,"7.11.2.a"
"C24612",1,-1,2024-11-18,2025-05-12,"7.11.2.a"
"C24612",1,-1,2025-02-18,2025-03-10,"7.11.2.a"
"C24612",1,0,2024-10-26,2025-02-23,"7.11.2.a"
"C24612",1,0,2024-11-18,2025-05-12,"7.11.2.a"
"C24612",1,0,2025-02-18,2025-03-10,"7.11.2.a"
"C24612",1,0,2025-10-09,2025-10-22,"7.11.2.a"
"C24612",1,0,2025-10-18,2025-11-09,"7.11.2.a"
"C24612",1,0,2025-11-07,2025-12-11,"7.11.2.a"
"C24612",1,0,2025-12-08,2025-12-30,"7.11.2.a"
"C24696",1,-2,2024-03-09,2024-04-10,"7.11.2.a"
"C24696",1,-2,2024-04-08,2024-05-16,"7.11.2.a"
"C24732",1,-1,2024-02-23,2024-02-29,"7.11.2.b"
"C24732",1,-1,2024-03-14,2024-03-20,"7.11.2.b"
"C24732",1,-1,2024-03-17,2024-03-23,"7.11.2.b"
"C24732",1,-1,2024-03-18,2024-03-24,"7.11.2.b"
"C24732",1,-1,2024-03-27,2024-04-02,"7.11.2.b"
"C24732",1,-1,2024-03-28,2024-04-03,"7.11.2.b"
"C24732",1,-1,2024-03-29,2024-04-04,"7.11.2.b"
"C24732",1,-1,2024-03-30,2024-04-05,"7.11.2.b"
"C24732",1,-1,2024-03-31,2024-04-06,"7.11.2.b"
"C24732",1,-1,2024-04-01,2024-04-07,"7.11.2.b"
"C24732",1,-1,2024-04-02,2024-04-08,"7.11.2.b"
"C24732",1,-1,2024-04-03,2024-04-09,"7.11.2.b"
"C24732",1,-1,2024-04-04,2024-04-10,"7.11.2.b"
"C24732",1,-1,2024-04-05,2024-04-11,"7.11.2.b"
"C24732",1,-1,2024-04-06,2024-04-12,"7.11.2.b"
"C24732",1,-1,2024-04-08,2024-04-14,"7.11.2.b"
"C24732",1,-1,2024-04-09,2024-04-15,"7.11.2.b"
"C24732",1,-1,2024-04-10,2024-04-16,"7.11.2.b"
"C24732",1,-1,2024-04-11,2024-04-17,"7.11.2.b"
"C24732",1,-1,2024-04-12,2024-04-18,"7.11.2.b"
"C24732",1,-1,2024-04-13,2024-04-19,"7.11.2.b"
"C24732",1,-1,2024-04-14,2024-04-20,"7.11.2.b"
"C24732",1,-1,2024-04-15,2024-04-21,"7.11.2.b"
"C24732",1,-1,2024-04-16,2024-04-22,"7.11.2.b"
"C24732",1,-1,2024-04-17,2024-04-23,"7.11.2.b"
"C24732",1,-1,2024-04-18,2024-04-24,"7.11.2.b"
"C24732",1,-1,2024-04-19,2024-04-25,"7.11.2.b"
"C24732",1,-1,2024-04-20,2024-04-26,"7.11.2.b"
"C24732",1,-1,2024-04-21,2024-04-27,"7.11.2.b"
"C24732",1,-1,2024-04-22,2024-04-28,"7.11.2.b"
"C24732",1,-1,2024-04-24,2024-04-30,"7.11.2.b"
"C24732",1,-1,2024-04-25,2024-05-01,"7.11.2.b"
"C24732",1,-1,2024-04-27,2024-05-03,"7.11.2.b"
"C24732",1,-1,2024-04-28,2024-05-04,"7.11.2.b"
"C24732",1,-1,2024-04-29,2024-05-05,"7.11.2.b"
"C24732",1,-1,2024-04-30,2024-05-06,"7.11.2.b"
"C24732",1,-1,2024-05-01,2024-05-07,"7.11.2.b"
"C24732",1,-1,2024-05-02,2024-05-08,"7.11.2.b"
"C24732",1,-1,2024-05-03,2024-05-09,"7.11.2.b"
"C24732",1,-1,2024-05-04,2024-05-10,"7.11.2.b"
"C24732",1,-1,2024-05-05,2024-05-11,"7.11.2.b"
"C24732",1,-1,2024-05-06,2024-05-12,"7.11.2.b"
"C24732",1,-1,2024-05-09,2024-05-15,"7.11.2.b"
"C24732",1,-1,2024-05-10,2024-05-16,"7.11.2.b"
"C24732",1,-1,2024-05-11,2024-05-17,"7.11.2.b"
"C24732",1,-1,2024-05-11,2025-05-16,"7.11.2.a"
"C24732",1,-1,2024-05-13,2024-05-19,"7.11.2.b"
"C24732",1,-1,2024-05-14,2024-05-20,"7.11.2.b"
"C24732",1,-1,2024-05-15,2024-05-21,"7.11.2.b"
"C24732",1,-1,2024-05-16,2024-05-22,"7.11.2.b"
"C24732",1,-1,2024-05-17,2024-05-23,"7.11.2.b"
"C24732",1,-1,2024-05-18,2024-05-24,"7.11.2.b"
"C24732",1,-1,2024-05-19,2024-05-25,"7.11.2.b"
"C24732",1,-1,2024-05-20,2024-05-26,"7.11.2.b"
"C24732",1,-1,2024-05-21,2024-05-27,"7.11.2.b"
"C24732",1,-1,2024-05-22,2024-05-28,"7.11.2.b"
"C24732",1,-1,2024-05-23,2024-05-29,"7.11.2.b"
"C24732",1,-1,2024-05-25,2024-05-31,"7.11.2.b"
"C24732",1,-1,2024-05-26,2024-06-01,"7.11.2.b"
"C24732",1,-1,2024-05-27,2024-06-02,"7.11.2.b"
"C24732",1,-1,2024-05-28,2024-06-03,"7.11.2.b"
"C24732",1,-1,2024-05-29,2024-06-04,"7.11.2.b"
"C24732",1,-1,2024-05-30,2024-06-05,"7.11.2.b"
"C24732",1,-1,2024-05-31,2024-06-06,"7.11.2.b"
"C24732",1,-1,2024-06-01,2024-06-07,"7.11.2.b"
"C24732",1,-1,2024-06-04,2024-06-10,"7.11.2.b"
"C24732",1,-1,2024-06-05,2024-06-11,"7.11.2.b"
"C24765",1,-1,2024-02-23,2024-06-26,"7.11.2.a"
"C24765",1,-1,2024-09-16,2024-09-22,"7.11.2.b"
"C24765",1,-1,2024-09-18,2024-09-24,"7.11.2.b"
"C24765",1,-1,2024-09-19,2024-09-25,"7.11.2.b"
"C24765",1,-1,2024-09-27,2024-10-03,"7.11.2.b"
"C24765",1,-1,2024-09-28,2024-10-04,"7.11.2.b"
"C24765",1,-1,2024-10-05,2024-11-18,"7.11.2.a"
"C24765",1,-1,2024-10-09,2024-10-15,"7.11.2.b"
"C24765",1,-1,2024-10-12,2024-10-18,"7.11.2.b"
"C24765",1,-1,2024-10-14,2024-10-20,"7.11.2.b"
"C24765",1,-1,2024-10-16,2024-10-22,"7.11.2.b"
"C24765",1,-1,2024-10-19,2024-10-25,"7.11.2.b"
"C24765",1,-1,2024-10-20,2024-10-26,"7.11.2.b"
"C24765",1,-1,2024-10-25,2024-10-31,"7.11.2.b"
"C24765",1,-1,2024-10-30,2024-11-05,"7.11.2.b"
"C24768",1,-1,2024-02-27,2024-03-10,"7.11.2.a"
"C24768",1,-1,2024-03-04,2024-08-28,"7.11.2.a"
"C24768",1,-1,2024-05-27,2024-12-11,"7.11.2.a"
"C24774",2,0,2025-11-11,2025-11-17,"7.11.2.b"
"C24774",2,0,2025-11-13,2025-11-19,"7.11.2.b"
"C24774",2,0,2025-11-14,2025-11-20,"7.11.2.b"
"C24774",2,0,2025-11-16,2025-11-22,"7.11.2.b"
"C24774",2,0,2025-11-17,2025-11-23,"7.11.2.b"
"C24774",2,0,2025-11-19,2025-11-25,"7.11.2.b"
"C24774",2,0,2025-11-20,2025-11-26,"7.11.2.b"
"C24774",2,0,2025-11-21,2025-11-27,"7.11.2.b"
"C24774",2,0,2025-11-22,2025-11-28,"7.11.2.b"
"C24774",2,0,2025-11-24,2025-11-30,"7.11.2.b"
"C24774",2,0,2025-11-28,2025-12-04,"7.11.2.b"
"C24774",2,0,2025-11-28,2026-02-25,"7.11.2.a"
"C24774",2,0,2025-11-29,2025-12-05,"7.11.2.b"
"C24774",2,0,2025-11-30,2025-12-06,"7.11.2.b"
"C24774",2,0,2025-12-01,2025-12-07,"7.11.2.b"
"C24774",2,0,2025-12-02,2025-12-08,"7.11.2.b"
"C24774",2,0,2025-12-03,2025-12-09,"7.11.2.b"
"C24774",2,0,2025-12-05,2025-12-11,"7.11.2.b"
"C24774",2,0,2025-12-07,2025-12-13,"7.11.2.b"
"C24774",2,0,2025-12-08,2025-12-14,"7.11.2.b"
"C24774",2,0,2025-12-12,2025-12-18,"7.11.2.b"
"C24774",2,0,2025-12-13,2025-12-19,"7.11.2.b"
"C24774",2,0,2025-12-14,2025-12-20,"7.11.2.b"
"C24774",2,0,2025-12-19,2025-12-25,"7.11.2.b"
"C24774",2,0,2025-12-20,2025-12-26,"7.11.2.b"
"C24774",2,0,2025-12-21,2025-12-27,"7.11.2.b"
"C24774",2,0,2025-12-23,2025-12-29,"7.11.2.b"
"C24774",2,0,2025-12-27,2026-01-02,"7.11.2.b"
"C24774",2,0,2025-12-28,2026-01-03,"7.11.2.b"
"C24774",2,0,2026-01-01,2026-01-07,"7.11.2.b"
"C24774",2,0,2026-01-03,2026-01-09,"7.11.2.b"
"C24774",2,0,2026-01-04,2026-01-10,"7.11.2.b"
"C24774",2,0,2026-01-05,2026-01-11,"7.11.2.b"
"C24774",2,0,2026-01-06,2026-01-12,"7.11.2.b"
"C24774",2,0,2026-01-12,2026-01-18,"7.11.2.b"
"C24774",2,0,2026-01-13,2026-01-19,"7.11.2.b"
"C24774",2,0,2026-01-15,2026-01-21,"7.11.2.b"
"C24774",2,0,2026-01-16,2026-01-22,"7.11.2.b"
"C24774",2,0,2026-01-17,2026-01-23,"7.11.2.b"
"C24774",2,0,2026-01-18,2026-01-24,"7.11.2.b"
"C24774",2,0,2026-01-20,2026-01-26,"7.11.2.b"
"C24774",2,0,2026-01-21,2026-01-27,"7.11.2.b"
"C24774",2,0,2026-01-22,2026-01-28,"7.11.2.b"
"C24774",2,0,2026-01-23,2026-01-29,"7.11.2.b"
"C24774",2,0,2026-01-24,2026-01-30,"7.11.2.b"
"C24774",2,0,2026-01-25,2026-01-31,"7.11.2.b"
"C24774",2,0,2026-01-27,2026-02-02,"7.11.2.b"
"C24774",2,0,2026-01-29,2026-02-04,"7.11.2.b"
"C24774",2,0,2026-02-03,2026-02-09,"7.11.2.b"
"C24774",2,0,2026-02-04,2026-02-10,"7.11.2.b"
"C24774",2,0,2026-02-05,2026-02-11,"7.11.2.b"
"C24786",1,-1,2024-02-13,2024-07-20,"7.11.2.a"
"C24786",1,-1,2024-06-30,2024-11-21,"7.11.2.a"
"C24801",1,-1,2024-03-03,2024-04-25,"7.11.2.a"
"C24801",1,-1,2024-09-20,2024-11-07,"7.11.2.a"
"C24801",1,-1,2024-11-04,2025-01-01,"7.11.2.a"
"C24837",1,0,2024-12-19,2024-12-25,"7.11.2.b"
"C24837",1,0,2024-12-21,2024-12-27,"7.11.2.b"
"C24837",1,0,2024-12-22,2024-12-28,"7.11.2.b"
"C24837",1,0,2024-12-23,2024-12-29,"7.11.2.b"
"C24837",1,0,2024-12-24,2024-12-30,"7.11.2.b"
"C24837",1,0,2024-12-25,2024-12-31,"7.11.2.b"
"C24837",1,0,2024-12-26,2025-01-01,"7.11.2.b"
"C24837",1,0,2024-12-27,2025-01-02,"7.11.2.b"
"C24837",1,0,2024-12-28,2025-01-03,"7.11.2.b"
"C24837",1,0,2024-12-29,2025-01-04,"7.11.2.b"
"C24837",1,0,2024-12-31,2025-01-06,"7.11.2.b"
"C24837",1,0,2025-01-02,2025-01-08,"7.11.2.b"
"C24837",1,0,2025-01-05,2025-01-11,"7.11.2.b"
"C24837",1,0,2025-01-06,2025-01-12,"7.11.2.b"
"C24837",1,0,2025-01-07,2025-01-13,"7.11.2.b"
"C24837",1,0,2025-01-08,2025-01-14,"7.11.2.b"
"C24837",1,0,2025-01-10,2025-01-16,"7.11.2.b"
"C24837",1,0,2025-01-12,2025-01-18,"7.11.2.b"
"C24837",1,0,2025-01-13,2025-01-19,"7.11.2.b"
"C24837",1,0,2025-01-15,2025-01-21,"7.11.2.b"
"C24837",1,0,2025-01-17,2025-01-23,"7.11.2.b"
"C24837",1,0,2025-01-19,2025-01-25,"7.11.2.b"
"C24837",1,0,2025-01-20,2025-01-26,"7.11.2.b"
"C24837",1,0,2025-01-21,2025-01-27,"7.11.2.b"
"C24837",1,0,2025-01-23,2025-01-29,"7.11.2.b"
"C24837",1,0,2025-01-25,2025-01-31,"7.11.2.b"
"C24837",1,0,2025-01-27,2025-02-02,"7.11.2.b"
"C24837",1,0,2025-01-29,2025-02-04,"7.11.2.b"
"C24837",1,0,2025-01-31,2025-02-06,"7.11.2.b"
"C24837",1,0,2025-01-31,2025-11-17,"7.11.2.a"
"C24837",1,0,2025-02-01,2025-02-07,"7.11.2.b"
"C24837",1,0,2025-02-02,2025-02-08,"7.11.2.b"
"C24837",1,0,2025-02-03,2025-02-09,"7.11.2.b"
"C24837",1,0,2025-02-04,2025-02-10,"7.11.2.b"
"C24837",1,0,2025-02-05,2025-02-11,"7.11.2.b"
"C24837",1,0,2025-02-07,2025-02-13,"7.11.2.b"
"C24837",1,0,2025-02-08,2025-02-14,"7.11.2.b"
"C24837",1,0,2025-02-09,2025-02-15,"7.11.2.b"
"C24837",1,0,2025-02-10,2025-02-16,"7.11.2.b"
"C24837",1,0,2025-02-11,2025-02-17,"7.11.2.b"
"C24837",1,0,2025-02-14,2025-02-20,"7.11.2.b"
"C24837",1,0,2025-02-17,2025-02-23,"7.11.2.b"
"C24837",1,0,2025-02-18,2025-02-24,"7.11.2.b"
"C24837",1,0,2025-02-19,2025-02-25,"7.11.2.b"
"C24837",1,0,2025-02-20,2025-02-26,"7.11.2.b"
"C24837",1,0,2025-02-22,2025-02-28,"7.11.2.b"
"C24837",1,0,2025-02-24,2025-03-02,"7.11.2.b"
"C24837",1,0,2025-02-25,2025-03-03,"7.11.2.b"
"C24837",1,0,2025-02-26,2025-03-04,"7.11.2.b"
"C24837",1,0,2025-02-28,2025-03-06,"7.11.2.b"
"C24837",1,0,2025-03-01,2025-03-07,"7.11.2.b"
"C24837",1,0,2025-03-02,2025-03-08,"7.11.2.b"
"C24837",1,0,2025-03-04,2025-03-10,"7.11.2.b"
"C24837",1,0,2025-03-05,2025-03-11,"7.11.2.b"
"C24837",1,0,2025-03-06,2025-03-12,"7.11.2.b"
"C24837",1,0,2025-03-08,2025-03-14,"7.11.2.b"
"C24837",1,0,2025-03-09,2025-03-15,"7.11.2.b"
"C24837",1,0,2025-03-10,2025-03-16,"7.11.2.b"
"C24837",1,0,2025-03-11,2025-03-17,"7.11.2.b"
"C24837",1,0,2025-03-12,2025-03-18,"7.11.2.b"
"C24837",1,0,2025-03-13,2025-03-19,"7.11.2.b"
"C24837",1,0,2025-03-14,2025-03-20,"7.11.2.b"
"C24837",1,0,2025-03-15,2025-03-21,"7.11.2.b"
"C24837",1,0,2025-03-16,2025-03-22,"7.11.2.b"
"C24837",1,0,2025-03-18,2025-03-24,"7.11.2.b"
"C24837",1,0,2025-03-20,2025-03-26,"7.11.2.b"
"C24837",1,0,2025-03-22,2025-03-28,"7.11.2.b"
"C24837",1,0,2025-03-23,2025-03-29,"7.11.2.b"
"C24837",1,0,2025-03-25,2025-03-31,"7.11.2.b"
"C24837",1,0,2025-03-26,2025-04-01,"7.11.2.b"
"C24837",1,0,2025-03-28,2025-04-03,"7.11.2.b"
"C24837",1,0,2025-03-29,2025-04-04,"7.11.2.b"
"C24837",1,0,2025-03-30,2025-04-05,"7.11.2.b"
"C24837",1,0,2025-03-31,2025-04-06,"7.11.2.b"
"C24837",1,0,2025-04-01,2025-04-07,"7.11.2.b"
"C24837",1,0,2025-04-02,2025-04-08,"7.11.2.b"
"C24837",1,0,2025-04-03,2025-04-09,"7.11.2.b"
"C24837",1,0,2025-04-06,2025-04-12,"7.11.2.b"
"C24837",1,0,2025-04-08,2025-04-14,"7.11.2.b"
"C24837",1,0,2025-04-09,2025-04-15,"7.11.2.b"
"C24837",1,0,2025-04-11,2025-04-17,"7.11.2.b"
"C24933",2,-1,2024-03-15,2024-04-29,"7.11.2.a"
"C24933",2,-1,2024-04-23,2024-10-26,"7.11.2.a"
"C24957",1,-2,2024-03-11,2024-04-12,"7.11.2.a"
"C24957",1,-2,2024-04-12,2024-04-25,"7.11.2.a"
"C24957",1,-2,2024-04-21,2024-05-02,"7.11.2.a"
"C24957",1,-2,2024-04-28,2024-05-17,"7.11.2.a"
"C24987",1,-1,2024-03-22,2024-04-11,"7.11.2.a"
"C24987",1,-1,2024-07-26,2024-09-14,"7.11.2.a"
"C24987",1,-1,2024-09-16,2024-10-09,"7.11.2.a"
"C24987",1,-1,2024-10-03,2024-11-11,"7.11.2.a"
"C24987",1,-1,2024-11-11,2025-02-27,"7.11.2.a"
"C24987",1,-1,2025-02-04,2025-02-28,"7.11.2.a"
"C24987",1,-1,2025-02-21,2025-03-13,"7.11.2.a"
"C25020",1,0,2024-03-23,2024-03-29,"7.11.2.b"
"C25020",1,0,2024-03-25,2024-03-31,"7.11.2.b"
"C25020",1,0,2024-03-26,2024-04-01,"7.11.2.b"
"C25020",1,0,2024-03-29,2024-04-04,"7.11.2.b"
"C25020",1,0,2024-03-31,2024-04-06,"7.11.2.b"
"C25020",1,0,2024-04-03,2024-04-09,"7.11.2.b"
"C25020",1,0,2024-04-04,2024-04-10,"7.11.2.b"
"C25020",1,0,2024-04-06,2024-04-12,"7.11.2.b"
"C25020",1,0,2024-04-09,2024-04-15,"7.11.2.b"
"C25020",1,0,2024-04-10,2024-04-16,"7.11.2.b"
"C25020",1,0,2024-04-13,2024-04-19,"7.11.2.b"
"C25020",1,0,2024-04-15,2024-04-21,"7.11.2.b"
"C25020",1,0,2024-04-16,2024-04-22,"7.11.2.b"
"C25020",1,0,2024-04-19,2024-04-25,"7.11.2.b"
"C25020",1,0,2024-04-19,2026-02-10,"7.11.2.a"
"C25020",1,0,2024-04-20,2024-04-26,"7.11.2.b"
"C25020",1,0,2024-04-21,2024-04-27,"7.11.2.b"
"C25020",1,0,2024-04-22,2024-04-28,"7.11.2.b"
"C25020",1,0,2024-04-24,2024-04-30,"7.11.2.b"
"C25020",1,0,2024-04-30,2024-05-06,"7.11.2.b"
"C25020",1,0,2024-05-01,2024-05-07,"7.11.2.b"
"C25068",1,-1,2025-06-06,2025-06-12,"7.11.2.b"
"C25068",1,-1,2025-06-08,2025-06-14,"7.11.2.b"
"C25068",1,-1,2025-06-11,2025-06-17,"7.11.2.b"
"C25068",1,-1,2025-06-16,2025-06-22,"7.11.2.b"
"C25068",1,-1,2025-06-19,2025-06-25,"7.11.2.b"
"C25068",1,-1,2025-06-20,2025-06-26,"7.11.2.b"
"C25068",1,-1,2025-06-21,2025-06-27,"7.11.2.b"
"C25068",1,-1,2025-06-22,2025-06-28,"7.11.2.b"
"C25068",1,-1,2025-06-23,2025-06-29,"7.11.2.b"
"C25068",1,-1,2025-06-24,2025-06-30,"7.11.2.b"
"C25068",1,-1,2025-06-25,2025-07-01,"7.11.2.b"
"C25068",1,-1,2025-06-26,2025-07-02,"7.11.2.b"
"C25068",1,-1,2025-06-27,2025-07-03,"7.11.2.b"
"C25068",1,-1,2025-06-28,2025-07-04,"7.11.2.b"
"C25068",1,-1,2025-06-29,2025-07-05,"7.11.2.b"
"C25068",1,-1,2025-06-30,2025-07-06,"7.11.2.b"
"C25068",1,-1,2025-07-02,2025-07-08,"7.11.2.b"
"C25068",1,-1,2025-07-03,2025-07-09,"7.11.2.b"
"C25068",1,-1,2025-07-04,2025-07-10,"7.11.2.b"
"C25107",1,-1,2024-08-12,2024-10-10,"7.11.2.a"
"C25107",1,-1,2024-10-05,2025-02-25,"7.11.2.a"
"C25161",1,0,2024-04-01,2024-04-07,"7.11.2.b"
"C25161",1,0,2024-04-05,2024-04-11,"7.11.2.b"
"C25161",1,0,2024-04-06,2024-04-12,"7.11.2.b"
"C25161",1,0,2024-04-10,2024-04-16,"7.11.2.b"
"C25161",1,0,2024-04-12,2024-04-18,"7.11.2.b"
"C25161",1,0,2024-04-14,2024-04-20,"7.11.2.b"
"C25161",1,0,2024-04-17,2024-04-23,"7.11.2.b"
"C25161",1,0,2024-04-19,2024-04-25,"7.11.2.b"
"C25161",1,0,2024-04-19,2026-02-10,"7.11.2.a"
"C25161",1,0,2024-04-21,2024-04-27,"7.11.2.b"
"C25161",1,0,2024-04-23,2024-04-29,"7.11.2.b"
"C25161",1,0,2024-04-24,2024-04-30,"7.11.2.b"
"C25161",1,0,2024-04-25,2024-05-01,"7.11.2.b"
"C25161",1,0,2024-04-27,2024-05-03,"7.11.2.b"
"C25161",1,0,2024-04-29,2024-05-05,"7.11.2.b"
"C25161",1,0,2024-04-30,2024-05-06,"7.11.2.b"
"C25161",1,0,2024-05-02,2024-05-08,"7.11.2.b"
"C25161",1,0,2024-05-03,2024-05-09,"7.11.2.b"
"C25161",1,0,2024-05-07,2024-05-13,"7.11.2.b"
"C25161",1,0,2024-05-10,2024-05-16,"7.11.2.b"
"C25161",1,0,2024-05-11,2024-05-17,"7.11.2.b"
"C25161",1,0,2024-05-15,2024-05-21,"7.11.2.b"
"C25161",1,0,2024-05-17,2024-05-23,"7.11.2.b"
"C25161",1,0,2024-05-24,2024-05-30,"7.11.2.b"
"C25161",1,0,2024-05-29,2024-06-04,"7.11.2.b"
"C25161",1,0,2024-06-04,2024-06-10,"7.11.2.b"
"C25161",1,0,2024-06-05,2024-06-11,"7.11.2.b"
"C25260",1,-1,2024-04-06,2024-08-02,"7.11.2.a"
"C25260",1,-1,2025-02-17,2025-05-05,"7.11.2.a"
"C25260",1,-1,2025-03-01,2025-06-24,"7.11.2.a"
"C25305",1,-2,2024-04-25,2024-06-16,"7.11.2.a"
"C25305",1,-2,2024-05-17,2024-09-07,"7.11.2.a"
"C25311",1,0,2024-04-09,2024-05-01,"7.11.2.a"
"C25311",1,0,2025-10-11,2025-10-22,"7.11.2.a"
"C25311",1,0,2025-10-18,2025-11-06,"7.11.2.a"
"C25311",1,0,2025-11-01,2025-11-25,"7.11.2.a"
"C25311",1,0,2025-11-23,2025-12-18,"7.11.2.a"
"C25311",1,0,2025-12-13,2025-12-24,"7.11.2.a"
"C25311",1,0,2025-12-22,2026-01-14,"7.11.2.a"
"C25434",1,0,2024-04-19,2024-06-01,"7.11.2.a"
"C25434",1,0,2025-09-15,2025-10-20,"7.11.2.a"
"C25434",1,0,2025-10-16,2025-11-11,"7.11.2.a"
"C25434",1,0,2025-11-06,2025-12-16,"7.11.2.a"
"C25686",1,-2,2024-04-30,2024-05-06,"7.11.2.b"
"C25686",1,-2,2024-05-01,2024-05-07,"7.11.2.b"
"C25686",1,-2,2024-05-03,2024-05-09,"7.11.2.b"
"C25686",1,-2,2024-05-05,2024-05-11,"7.11.2.b"
"C25686",1,-2,2024-05-06,2024-05-12,"7.11.2.b"
"C25686",1,-2,2024-05-07,2024-05-13,"7.11.2.b"
"C25686",1,-2,2024-05-08,2024-05-14,"7.11.2.b"
"C25686",1,-2,2024-05-09,2024-05-15,"7.11.2.b"
"C25686",1,-2,2024-05-12,2024-05-18,"7.11.2.b"
"C25686",1,-2,2024-05-13,2024-05-19,"7.11.2.b"
"C25686",1,-2,2024-05-15,2024-05-21,"7.11.2.b"
"C25686",1,-2,2024-05-16,2024-05-22,"7.11.2.b"
"C25686",1,-2,2024-05-17,2024-05-23,"7.11.2.b"
"C25686",1,-2,2024-05-22,2024-05-28,"7.11.2.b"
"C25686",1,-2,2024-05-25,2024-05-31,"7.11.2.b"
"C25686",1,-2,2024-05-26,2024-06-01,"7.11.2.b"
"C25686",1,-2,2024-05-28,2024-06-03,"7.11.2.b"
"C25686",1,-2,2024-06-01,2024-06-07,"7.11.2.b"
"C25686",1,-2,2024-06-02,2024-06-08,"7.11.2.b"
"C25734",1,-1,2024-05-04,2024-06-25,"7.11.2.a"
"C25734",1,-1,2024-07-09,2024-11-07,"7.11.2.a"
"C25734",1,-1,2024-07-27,2025-01-22,"7.11.2.a"
"C25743",2,0,2025-06-14,2025-06-20,"7.11.2.b"
"C25743",2,0,2025-06-16,2025-06-22,"7.11.2.b"
"C25743",2,0,2025-06-27,2025-07-03,"7.11.2.b"
"C25743",2,0,2025-06-29,2025-07-05,"7.11.2.b"
"C25743",2,0,2025-07-02,2025-07-08,"7.11.2.b"
"C25743",2,0,2025-07-07,2025-07-13,"7.11.2.b"
"C25743",2,0,2025-07-11,2025-07-17,"7.11.2.b"
"C25743",2,0,2025-07-24,2025-07-30,"7.11.2.b"
"C25743",2,0,2025-08-03,2025-08-09,"7.11.2.b"
"C25743",2,0,2025-08-07,2025-08-13,"7.11.2.b"
"C25743",2,0,2025-08-13,2025-08-19,"7.11.2.b"
"C25743",2,0,2025-08-22,2025-08-28,"7.11.2.b"
"C25743",2,0,2025-08-24,2025-08-30,"7.11.2.b"
"C25743",2,0,2025-08-24,2026-02-05,"7.11.2.a"
"C25743",2,0,2025-08-25,2025-08-31,"7.11.2.b"
"C25743",2,0,2025-08-26,2025-09-01,"7.11.2.b"
"C25743",2,0,2025-09-01,2025-09-07,"7.11.2.b"
"C25743",2,0,2025-09-04,2025-09-10,"7.11.2.b"
"C25743",2,0,2025-09-05,2025-09-11,"7.11.2.b"
"C25743",2,0,2025-09-06,2025-09-12,"7.11.2.b"
"C25743",2,0,2025-09-07,2025-09-13,"7.11.2.b"
"C25743",2,0,2025-09-12,2025-09-18,"7.11.2.b"
"C25743",2,0,2025-09-20,2025-09-26,"7.11.2.b"
"C25746",1,-1,2024-05-07,2024-05-13,"7.11.2.b"
"C25746",1,-1,2024-05-08,2024-05-14,"7.11.2.b"
"C25746",1,-1,2024-05-10,2024-05-16,"7.11.2.b"
"C25746",1,-1,2024-05-11,2024-05-17,"7.11.2.b"
"C25746",1,-1,2024-05-13,2024-05-19,"7.11.2.b"
"C25746",1,-1,2024-05-14,2024-05-20,"7.11.2.b"
"C25746",1,-1,2024-06-01,2024-06-07,"7.11.2.b"
"C25746",1,-1,2024-06-02,2024-06-08,"7.11.2.b"
"C25746",1,-1,2024-06-03,2024-06-09,"7.11.2.b"
"C25746",1,-1,2024-06-04,2024-06-10,"7.11.2.b"
"C25746",1,-1,2024-06-05,2024-06-11,"7.11.2.b"
"C25746",1,-1,2024-06-07,2024-06-13,"7.11.2.b"
"C25746",1,-1,2024-06-08,2024-06-14,"7.11.2.b"
"C25746",1,-1,2024-06-09,2024-06-15,"7.11.2.b"
"C25746",1,-1,2024-06-11,2024-06-17,"7.11.2.b"
"C25746",1,-1,2024-06-16,2024-06-22,"7.11.2.b"
"C25746",1,-1,2024-06-18,2024-06-24,"7.11.2.b"
"C25746",1,-1,2024-06-19,2024-06-25,"7.11.2.b"
"C25746",1,-1,2024-06-20,2024-06-26,"7.11.2.b"
"C25746",1,-1,2024-06-21,2024-06-27,"7.11.2.b"
"C25746",1,-1,2024-06-22,2024-06-28,"7.11.2.b"
"C25746",1,-1,2024-06-23,2024-06-29,"7.11.2.b"
"C25746",1,-1,2024-06-24,2024-06-30,"7.11.2.b"
"C25746",1,-1,2024-06-25,2024-07-01,"7.11.2.b"
"C25746",1,-1,2024-06-26,2024-07-02,"7.11.2.b"
"C25746",1,-1,2024-06-28,2024-07-04,"7.11.2.b"
"C25746",1,-1,2024-06-29,2024-07-05,"7.11.2.b"
"C25746",1,-1,2024-06-30,2024-07-06,"7.11.2.b"
"C25746",1,-1,2024-07-01,2024-07-07,"7.11.2.b"
"C25746",1,-1,2025-02-10,2025-02-16,"7.11.2.b"
"C25746",1,-1,2025-02-13,2025-02-19,"7.11.2.b"
"C25746",1,-1,2025-02-14,2025-02-20,"7.11.2.b"
"C25746",1,-1,2025-02-15,2025-02-21,"7.11.2.b"
"C25746",1,-1,2025-02-16,2025-02-22,"7.11.2.b"
"C25746",1,-1,2025-02-17,2025-02-23,"7.11.2.b"
"C25746",1,-1,2025-02-20,2025-02-26,"7.11.2.b"
"C25746",1,-1,2025-02-22,2025-02-28,"7.11.2.b"
"C25746",1,-1,2025-02-23,2025-03-01,"7.11.2.b"
"C25746",1,-1,2025-02-24,2025-03-02,"7.11.2.b"
"C25746",1,-1,2025-02-26,2025-03-04,"7.11.2.b"
"C25746",1,-1,2025-02-28,2025-03-06,"7.11.2.b"
"C25746",1,-1,2025-03-01,2025-03-07,"7.11.2.b"
"C26001",1,-1,2024-05-25,2024-06-02,"7.11.2.a"
"C26001",1,-1,2024-05-27,2024-10-05,"7.11.2.a"
"C26001",1,-1,2024-07-27,2024-10-09,"7.11.2.a"
"C26208",1,-2,2024-07-13,2024-07-19,"7.11.2.b"
"C26208",1,-2,2024-07-14,2024-07-20,"7.11.2.b"
"C26208",1,-2,2024-07-19,2024-07-25,"7.11.2.b"
"C26208",1,-1,2024-07-13,2024-07-19,"7.11.2.b"
"C26208",1,-1,2024-07-14,2024-07-20,"7.11.2.b"
"C26208",1,-1,2024-07-19,2024-07-25,"7.11.2.b"
"C26208",1,-1,2024-10-16,2024-10-24,"7.11.2.a"
"C26208",1,-1,2024-10-21,2024-11-03,"7.11.2.a"
"C26208",1,-1,2024-10-31,2024-11-11,"7.11.2.a"
"C26208",1,-1,2024-11-07,2024-11-14,"7.11.2.a"
"C26208",1,-1,2024-11-10,2024-11-17,"7.11.2.a"
"C26208",1,0,2024-07-13,2024-07-19,"7.11.2.b"
"C26208",1,0,2024-07-14,2024-07-20,"7.11.2.b"
"C26208",1,0,2024-07-19,2024-07-25,"7.11.2.b"
"C26208",1,0,2024-10-16,2024-10-24,"7.11.2.a"
"C26208",1,0,2024-10-21,2024-11-03,"7.11.2.a"
"C26208",1,0,2024-10-31,2024-11-11,"7.11.2.a"
"C26208",1,0,2024-11-07,2024-11-14,"7.11.2.a"
"C26208",1,0,2024-11-10,2024-11-17,"7.11.2.a"
"C26208",1,0,2025-01-11,2025-01-25,"7.11.2.a"
"C26208",1,0,2025-01-20,2025-01-28,"7.11.2.a"
"C26208",1,0,2025-01-26,2025-02-03,"7.11.2.a"
"C26208",1,0,2025-01-30,2025-02-18,"7.11.2.a"
"C26208",1,0,2025-12-11,2026-01-02,"7.11.2.a"
"C26208",1,0,2025-12-30,2026-01-21,"7.11.2.a"
"C26304",2,-1,2024-06-11,2024-09-10,"7.11.2.a"
"C26304",2,-1,2024-08-02,2025-01-21,"7.11.2.a"
"C26409",1,-2,2024-06-21,2024-07-13,"7.11.2.a"
"C26409",1,-2,2024-07-14,2024-08-16,"7.11.2.a"
"C26466",1,-1,2024-06-24,2024-07-29,"7.11.2.a"
"C26466",1,-1,2024-07-26,2024-10-13,"7.11.2.a"
"C26508",2,0,2025-05-28,2025-07-18,"7.11.2.a"
"C26586",1,-1,2024-07-01,2024-07-23,"7.11.2.a"
"C26586",1,-1,2024-07-21,2024-11-06,"7.11.2.a"
"C26649",1,0,2024-07-26,2024-09-02,"7.11.2.a"
"C26649",1,0,2024-08-05,2025-10-21,"7.11.2.a"
"C26787",1,-2,2024-07-09,2024-08-15,"7.11.2.a"
"C26787",1,-2,2024-07-21,2024-09-30,"7.11.2.a"
"C26895",1,-1,2024-07-19,2024-08-11,"7.11.2.a"
"C26895",1,-1,2025-03-23,2025-04-07,"7.11.2.a"
"C26895",1,-1,2025-04-05,2025-04-29,"7.11.2.a"
"C26943",1,0,2025-09-13,2025-09-24,"7.11.2.a"
"C26943",1,0,2025-09-19,2025-10-23,"7.11.2.a"
"C26964",1,0,2025-10-08,2025-10-14,"7.11.2.b"
"C26964",1,0,2025-10-11,2025-10-17,"7.11.2.b"
"C26964",1,0,2025-10-13,2025-10-19,"7.11.2.b"
"C26964",1,0,2025-10-14,2025-10-20,"7.11.2.b"
"C26964",1,0,2025-10-16,2025-10-22,"7.11.2.b"
"C26964",1,0,2025-10-18,2025-10-24,"7.11.2.b"
"C26964",1,0,2025-10-20,2025-10-26,"7.11.2.b"
"C26964",1,0,2025-10-21,2025-10-27,"7.11.2.b"
"C26964",1,0,2025-10-22,2025-10-28,"7.11.2.b"
"C26964",1,0,2025-10-23,2025-10-29,"7.11.2.b"
"C26964",1,0,2025-10-24,2025-10-30,"7.11.2.b"
"C26964",1,0,2025-10-25,2025-10-31,"7.11.2.b"
"C26964",1,0,2025-10-26,2025-11-01,"7.11.2.b"
"C26964",1,0,2025-10-28,2025-11-03,"7.11.2.b"
"C26964",1,0,2025-10-29,2025-11-04,"7.11.2.b"
"C26964",1,0,2025-10-30,2025-11-05,"7.11.2.b"
"C26964",1,0,2025-11-03,2025-11-09,"7.11.2.b"
"C26964",1,0,2025-11-05,2025-11-11,"7.11.2.b"
"C26964",1,0,2025-11-11,2025-11-17,"7.11.2.b"
"C26967",1,-1,2024-07-21,2024-07-27,"7.11.2.b"
"C26967",1,-1,2024-07-23,2024-07-29,"7.11.2.b"
"C26967",1,-1,2024-07-24,2024-07-30,"7.11.2.b"
"C26967",1,-1,2024-07-25,2024-07-31,"7.11.2.b"
"C26967",1,-1,2024-07-26,2024-08-01,"7.11.2.b"
"C26967",1,-1,2024-07-27,2024-08-02,"7.11.2.b"
"C26967",1,-1,2024-07-28,2024-08-03,"7.11.2.b"
"C26967",1,-1,2024-07-29,2024-08-04,"7.11.2.b"
"C26967",1,-1,2024-07-30,2024-08-05,"7.11.2.b"
"C26967",1,-1,2024-07-31,2024-08-06,"7.11.2.b"
"C26967",1,-1,2024-08-01,2024-08-07,"7.11.2.b"
"C26967",1,-1,2024-08-02,2024-08-08,"7.11.2.b"
"C26967",1,-1,2024-08-03,2024-08-09,"7.11.2.b"
"C26967",1,-1,2024-08-04,2024-08-10,"7.11.2.b"
"C26967",1,-1,2024-08-05,2024-08-11,"7.11.2.b"
"C26967",1,-1,2024-08-06,2024-08-12,"7.11.2.b"
"C26967",1,-1,2024-08-07,2024-08-13,"7.11.2.b"
"C26967",1,-1,2024-08-08,2024-08-14,"7.11.2.b"
"C26967",1,-1,2024-08-10,2024-08-16,"7.11.2.b"
"C26967",1,-1,2024-08-11,2024-08-17,"7.11.2.b"
"C26967",1,-1,2024-08-12,2024-08-18,"7.11.2.b"
"C26967",1,-1,2024-08-13,2024-08-19,"7.11.2.b"
"C26967",1,-1,2024-08-14,2024-08-20,"7.11.2.b"
"C26967",1,-1,2024-08-15,2024-08-21,"7.11.2.b"
"C26967",1,-1,2024-08-16,2024-08-22,"7.11.2.b"
"C26967",1,-1,2024-08-17,2024-08-23,"7.11.2.b"
"C26967",1,-1,2024-08-18,2024-08-24,"7.11.2.b"
"C26967",1,-1,2024-08-19,2024-08-25,"7.11.2.b"
"C26967",1,-1,2024-08-20,2024-08-26,"7.11.2.b"
"C26967",1,-1,2024-08-21,2024-08-27,"7.11.2.b"
"C26967",1,-1,2024-08-22,2024-08-28,"7.11.2.b"
"C26967",1,-1,2024-08-23,2024-08-29,"7.11.2.b"
"C26967",1,-1,2024-08-24,2024-08-30,"7.11.2.b"
"C26967",1,-1,2024-08-24,2024-10-01,"7.11.2.a"
"C26967",1,-1,2024-08-25,2024-08-31,"7.11.2.b"
"C26967",1,-1,2024-08-26,2024-09-01,"7.11.2.b"
"C26967",1,-1,2024-08-27,2024-09-02,"7.11.2.b"
"C26967",1,-1,2024-08-28,2024-09-03,"7.11.2.b"
"C26967",1,-1,2024-08-29,2024-09-04,"7.11.2.b"
"C26967",1,-1,2024-08-30,2024-09-05,"7.11.2.b"
"C26967",1,-1,2024-08-31,2024-09-06,"7.11.2.b"
"C26967",1,-1,2024-09-01,2024-09-07,"7.11.2.b"
"C26967",1,-1,2024-09-02,2024-09-08,"7.11.2.b"
"C26967",1,-1,2024-09-03,2024-09-09,"7.11.2.b"
"C26967",1,-1,2024-09-08,2024-09-14,"7.11.2.b"
"C26967",1,-1,2024-09-09,2025-08-21,"7.11.2.a"
"C26967",1,-1,2024-09-10,2024-09-16,"7.11.2.b"
"C27003",1,-1,2024-07-26,2024-09-28,"7.11.2.a"
"C27003",1,-1,2024-08-19,2024-12-25,"7.11.2.a"
"C27012",1,-1,2024-07-25,2024-08-15,"7.11.2.a"
"C27012",1,-1,2024-12-28,2025-01-23,"7.11.2.a"
"C27012",1,-1,2025-01-21,2025-03-24,"7.11.2.a"
"C27090",1,-1,2024-08-05,2024-11-22,"7.11.2.a"
"C27090",1,-1,2024-09-13,2025-03-05,"7.11.2.a"
"C27090",1,-1,2024-12-23,2025-03-13,"7.11.2.a"
"C27090",1,0,2024-08-05,2024-11-22,"7.11.2.a"
"C27090",1,0,2024-09-13,2025-03-05,"7.11.2.a"
"C27090",1,0,2024-12-23,2025-03-13,"7.11.2.a"
"C27090",1,0,2025-03-28,2025-04-03,"7.11.2.b"
"C27090",1,0,2025-03-29,2025-04-04,"7.11.2.b"
"C27090",1,0,2025-03-30,2025-04-05,"7.11.2.b"
"C27090",1,0,2025-03-31,2025-04-06,"7.11.2.b"
"C27090",1,0,2025-04-01,2025-04-07,"7.11.2.b"
"C27090",1,0,2025-04-02,2025-04-08,"7.11.2.b"
"C27090",1,0,2025-04-03,2025-04-09,"7.11.2.b"
"C27090",1,0,2025-04-04,2025-04-10,"7.11.2.b"
"C27090",1,0,2025-04-05,2025-04-11,"7.11.2.b"
"C27090",1,0,2025-04-06,2025-04-12,"7.11.2.b"
"C27090",1,0,2025-04-07,2025-04-13,"7.11.2.b"
"C27090",1,0,2025-04-08,2025-04-14,"7.11.2.b"
"C27090",1,0,2025-04-09,2025-04-15,"7.11.2.b"
"C27090",1,0,2025-04-10,2025-04-16,"7.11.2.b"
"C27090",1,0,2025-04-11,2025-04-17,"7.11.2.b"
"C27090",1,0,2025-04-13,2025-04-19,"7.11.2.b"
"C27090",1,0,2025-04-14,2025-04-20,"7.11.2.b"
"C27090",1,0,2025-04-15,2025-04-21,"7.11.2.b"
"C27090",1,0,2025-04-16,2025-04-22,"7.11.2.b"
"C27090",1,0,2025-04-17,2025-04-23,"7.11.2.b"
"C27090",1,0,2025-04-18,2025-04-24,"7.11.2.b"
"C27090",1,0,2025-04-19,2025-04-25,"7.11.2.b"
"C27090",1,0,2025-04-20,2025-04-26,"7.11.2.b"
"C27090",1,0,2025-04-21,2025-04-27,"7.11.2.b"
"C27090",1,0,2025-04-22,2025-04-28,"7.11.2.b"
"C27090",1,0,2025-04-23,2025-04-29,"7.11.2.b"
"C27090",1,0,2025-04-24,2025-04-30,"7.11.2.b"
"C27090",1,0,2025-04-25,2025-05-01,"7.11.2.b"
"C27090",1,0,2025-04-26,2025-05-02,"7.11.2.b"
"C27090",1,0,2025-04-27,2025-05-03,"7.11.2.b"
"C27090",1,0,2025-04-28,2025-05-04,"7.11.2.b"
"C27090",1,0,2025-04-29,2025-05-05,"7.11.2.b"
"C27090",1,0,2025-05-01,2025-05-07,"7.11.2.b"
"C27090",1,0,2025-05-02,2025-05-08,"7.11.2.b"
"C27090",1,0,2025-05-03,2025-05-09,"7.11.2.b"
"C27090",1,0,2025-05-04,2025-05-10,"7.11.2.b"
"C27090",1,0,2025-05-05,2025-05-11,"7.11.2.b"
"C27090",1,0,2025-05-06,2025-05-12,"7.11.2.b"
"C27090",1,0,2025-05-07,2025-05-13,"7.11.2.b"
"C27090",1,0,2025-05-08,2025-05-14,"7.11.2.b"
"C27090",1,0,2025-05-09,2025-05-15,"7.11.2.b"
"C27090",1,0,2025-05-10,2025-05-16,"7.11.2.b"
"C27090",1,0,2025-05-11,2025-05-17,"7.11.2.b"
"C27090",1,0,2025-05-12,2025-05-18,"7.11.2.b"
"C27090",1,0,2025-05-13,2025-05-19,"7.11.2.b"
"C27090",1,0,2025-05-14,2025-05-20,"7.11.2.b"
"C27090",1,0,2025-05-15,2025-05-21,"7.11.2.b"
"C27090",1,0,2025-05-16,2025-05-22,"7.11.2.b"
"C27090",1,0,2025-05-17,2025-05-23,"7.11.2.b"
"C27090",1,0,2025-05-18,2025-05-24,"7.11.2.b"
"C27090",1,0,2025-05-19,2025-05-25,"7.11.2.b"
"C27090",1,0,2025-05-20,2025-05-26,"7.11.2.b"
"C27090",1,0,2025-05-21,2025-05-27,"7.11.2.b"
"C27090",1,0,2025-05-22,2025-05-28,"7.11.2.b"
"C27090",1,0,2025-05-23,2025-05-29,"7.11.2.b"
"C27090",1,0,2025-05-24,2025-05-30,"7.11.2.b"
"C27090",1,0,2025-05-25,2025-05-31,"7.11.2.b"
"C27090",1,0,2025-05-26,2025-06-01,"7.11.2.b"
"C27090",1,0,2025-05-26,2026-02-10,"7.11.2.a"
"C27090",1,0,2025-05-27,2025-06-02,"7.11.2.b"
"C27090",1,0,2025-05-28,2025-06-03,"7.11.2.b"
"C27090",1,0,2025-05-29,2025-06-04,"7.11.2.b"
"C27090",1,0,2025-05-30,2025-06-05,"7.11.2.b"
"C27090",1,0,2025-05-31,2025-06-06,"7.11.2.b"
"C27090",1,0,2025-06-01,2025-06-07,"7.11.2.b"
"C27090",1,0,2025-06-02,2025-06-08,"7.11.2.b"
"C27090",1,0,2025-06-03,2025-06-09,"7.11.2.b"
"C27090",1,0,2025-06-04,2025-06-10,"7.11.2.b"
"C27090",1,0,2025-06-05,2025-06-11,"7.11.2.b"
"C27090",1,0,2025-06-06,2025-06-12,"7.11.2.b"
"C27090",1,0,2025-06-07,2025-06-13,"7.11.2.b"
"C27090",1,0,2025-06-08,2025-06-14,"7.11.2.b"
"C27090",1,0,2025-06-09,2025-06-15,"7.11.2.b"
"C27090",1,0,2025-06-10,2025-06-16,"7.11.2.b"
"C27090",1,0,2025-06-11,2025-06-17,"7.11.2.b"
"C27090",1,0,2025-06-12,2025-06-18,"7.11.2.b"
"C27090",1,0,2025-06-13,2025-06-19,"7.11.2.b"
"C27090",1,0,2025-06-14,2025-06-20,"7.11.2.b"
"C27090",1,0,2025-06-15,2025-06-21,"7.11.2.b"
"C27090",1,0,2025-06-16,2025-06-22,"7.11.2.b"
"C27090",1,0,2025-06-17,2025-06-23,"7.11.2.b"
"C27090",1,0,2025-06-18,2025-06-24,"7.11.2.b"
"C27090",1,0,2025-06-19,2025-06-25,"7.11.2.b"
"C27090",1,0,2025-06-20,2025-06-26,"7.11.2.b"
"C27090",1,0,2025-06-21,2025-06-27,"7.11.2.b"
"C27090",1,0,2025-06-22,2025-06-28,"7.11.2.b"
"C27090",1,0,2025-06-23,2025-06-29,"7.11.2.b"
"C27090",1,0,2025-06-24,2025-06-30,"7.11.2.b"
"C27090",1,0,2025-06-25,2025-07-01,"7.11.2.b"
"C27090",1,0,2025-06-26,2025-07-02,"7.11.2.b"
"C27090",1,0,2025-06-27,2025-07-03,"7.11.2.b"
"C27090",1,0,2025-06-28,2025-07-04,"7.11.2.b"
"C27090",1,0,2025-06-29,2025-07-05,"7.11.2.b"
"C27090",1,0,2025-06-30,2025-07-06,"7.11.2.b"
"C27090",1,0,2025-07-01,2025-07-07,"7.11.2.b"
"C27090",1,0,2025-07-02,2025-07-08,"7.11.2.b"
"C27090",1,0,2025-07-03,2025-07-09,"7.11.2.b"
"C27090",1,0,2025-07-04,2025-07-10,"7.11.2.b"
"C27090",1,0,2025-07-05,2025-07-11,"7.11.2.b"
"C27090",1,0,2025-07-06,2025-07-12,"7.11.2.b"
"C27090",1,0,2025-07-07,2025-07-13,"7.11.2.b"
"C27090",1,0,2025-07-08,2025-07-14,"7.11.2.b"
"C27090",1,0,2025-07-09,2025-07-15,"7.11.2.b"
"C27090",1,0,2025-07-10,2025-07-16,"7.11.2.b"
"C27090",1,0,2025-07-11,2025-07-17,"7.11.2.b"
"C27090",1,0,2025-07-12,2025-07-18,"7.11.2.b"
"C27090",1,0,2025-07-13,2025-07-19,"7.11.2.b"
"C27090",1,0,2025-07-14,2025-07-20,"7.11.2.b"
"C27090",1,0,2025-07-15,2025-07-21,"7.11.2.b"
"C27090",1,0,2025-07-16,2025-07-22,"7.11.2.b"
"C27090",1,0,2025-07-17,2025-07-23,"7.11.2.b"
"C27090",1,0,2025-07-18,2025-07-24,"7.11.2.b"
"C27090",1,0,2025-07-19,2025-07-25,"7.11.2.b"
"C27105",1,-1,2024-10-10,2024-10-16,"7.11.2.b"
"C27105",1,-1,2024-10-11,2024-10-17,"7.11.2.b"
"C27105",1,-1,2024-10-12,2024-10-18,"7.11.2.b"
"C27105",1,-1,2024-10-14,2024-10-20,"7.11.2.b"
"C27105",1,-1,2024-10-16,2024-10-22,"7.11.2.b"
"C27105",1,-1,2024-10-17,2024-10-23,"7.11.2.b"
"C27105",1,-1,2024-10-18,2024-10-24,"7.11.2.b"
"C27105",1,-1,2024-10-20,2024-10-26,"7.11.2.b"
"C27105",1,-1,2024-10-21,2024-10-27,"7.11.2.b"
"C27105",1,-1,2024-10-23,2024-10-29,"7.11.2.b"
"C27105",1,-1,2024-10-24,2024-10-30,"7.11.2.b"
"C27105",1,-1,2024-10-25,2024-10-31,"7.11.2.b"
"C27105",1,-1,2024-10-26,2024-11-01,"7.11.2.b"
"C27105",1,-1,2024-10-28,2024-11-03,"7.11.2.b"
"C27105",1,-1,2024-10-29,2024-11-04,"7.11.2.b"
"C27105",1,-1,2024-10-30,2024-11-05,"7.11.2.b"
"C27105",1,-1,2024-11-05,2024-11-11,"7.11.2.b"
"C27105",1,-1,2024-11-06,2024-11-12,"7.11.2.b"
"C27105",1,0,2024-10-10,2024-10-16,"7.11.2.b"
"C27105",1,0,2024-10-11,2024-10-17,"7.11.2.b"
"C27105",1,0,2024-10-12,2024-10-18,"7.11.2.b"
"C27105",1,0,2024-10-14,2024-10-20,"7.11.2.b"
"C27105",1,0,2024-10-16,2024-10-22,"7.11.2.b"
"C27105",1,0,2024-10-17,2024-10-23,"7.11.2.b"
"C27105",1,0,2024-10-18,2024-10-24,"7.11.2.b"
"C27105",1,0,2024-10-20,2024-10-26,"7.11.2.b"
"C27105",1,0,2024-10-21,2024-10-27,"7.11.2.b"
"C27105",1,0,2024-10-23,2024-10-29,"7.11.2.b"
"C27105",1,0,2024-10-24,2024-10-30,"7.11.2.b"
"C27105",1,0,2024-10-25,2024-10-31,"7.11.2.b"
"C27105",1,0,2024-10-26,2024-11-01,"7.11.2.b"
"C27105",1,0,2024-10-28,2024-11-03,"7.11.2.b"
"C27105",1,0,2024-10-29,2024-11-04,"7.11.2.b"
"C27105",1,0,2024-10-30,2024-11-05,"7.11.2.b"
"C27105",1,0,2024-11-05,2024-11-11,"7.11.2.b"
"C27105",1,0,2024-11-06,2024-11-12,"7.11.2.b"
"C27105",1,0,2024-11-23,2024-11-29,"7.11.2.b"
"C27105",1,0,2024-12-08,2024-12-25,"7.11.2.a"
"C27105",1,0,2024-12-20,2024-12-26,"7.11.2.b"
"C27105",1,0,2024-12-24,2025-11-20,"7.11.2.a"
"C27105",1,0,2024-12-25,2024-12-31,"7.11.2.b"
"C27105",1,0,2024-12-29,2025-01-04,"7.11.2.b"
"C27105",1,0,2024-12-30,2025-01-05,"7.11.2.b"
"C27105",1,0,2025-03-03,2025-03-09,"7.11.2.b"
"C27105",1,0,2025-03-06,2025-03-12,"7.11.2.b"
"C27105",1,0,2025-06-30,2025-07-06,"7.11.2.b"
"C27141",1,0,2025-12-10,2025-12-25,"7.11.2.a"
"C27165",2,-1,2024-08-02,2024-09-15,"7.11.2.a"
"C27165",2,-1,2024-08-23,2025-09-09,"7.11.2.a"
"C27195",1,-2,2024-08-09,2024-08-15,"7.11.2.b"
"C27195",1,-2,2024-08-10,2024-08-16,"7.11.2.b"
"C27195",1,-2,2024-08-11,2024-08-17,"7.11.2.b"
"C27195",1,-2,2024-08-12,2024-08-18,"7.11.2.b"
"C27195",1,-2,2024-08-13,2024-08-19,"7.11.2.b"
"C27195",1,-2,2024-08-14,2024-08-20,"7.11.2.b"
"C27195",1,-2,2024-08-17,2024-08-23,"7.11.2.b"
"C27195",1,-2,2024-08-18,2024-08-24,"7.11.2.b"
"C27195",1,-2,2024-08-20,2024-08-26,"7.11.2.b"
"C27195",1,-2,2024-08-21,2024-08-27,"7.11.2.b"
"C27195",1,-2,2024-08-27,2024-09-02,"7.11.2.b"
"C27195",1,0,2024-08-09,2024-08-15,"7.11.2.b"
"C27195",1,0,2024-08-10,2024-08-16,"7.11.2.b"
"C27195",1,0,2024-08-11,2024-08-17,"7.11.2.b"
"C27195",1,0,2024-08-12,2024-08-18,"7.11.2.b"
"C27195",1,0,2024-08-13,2024-08-19,"7.11.2.b"
"C27195",1,0,2024-08-14,2024-08-20,"7.11.2.b"
"C27195",1,0,2024-08-17,2024-08-23,"7.11.2.b"
"C27195",1,0,2024-08-18,2024-08-24,"7.11.2.b"
"C27195",1,0,2024-08-20,2024-08-26,"7.11.2.b"
"C27195",1,0,2024-08-21,2024-08-27,"7.11.2.b"
"C27195",1,0,2024-08-27,2024-09-02,"7.11.2.b"
"C27195",1,0,2024-09-16,2024-09-22,"7.11.2.b"
"C27195",1,0,2024-09-17,2024-09-23,"7.11.2.b"
"C27195",1,0,2024-09-18,2024-09-24,"7.11.2.b"
"C27195",1,0,2024-09-20,2024-09-26,"7.11.2.b"
"C27195",1,0,2024-09-22,2024-09-28,"7.11.2.b"
"C27195",1,0,2024-09-24,2024-09-30,"7.11.2.b"
"C27195",1,0,2024-09-26,2024-10-02,"7.11.2.b"
"C27195",1,0,2024-09-28,2025-11-17,"7.11.2.a"
"C27195",1,0,2024-09-30,2024-10-06,"7.11.2.b"
"C27195",1,0,2024-10-01,2024-10-07,"7.11.2.b"
"C27195",1,0,2024-10-02,2024-10-08,"7.11.2.b"
"C27195",1,0,2024-10-03,2024-10-09,"7.11.2.b"
"C27195",1,0,2024-10-05,2024-10-11,"7.11.2.b"
"C27195",1,0,2024-10-06,2024-10-12,"7.11.2.b"
"C27195",1,0,2024-10-07,2024-10-13,"7.11.2.b"
"C27195",1,0,2024-10-13,2024-10-19,"7.11.2.b"
"C27195",1,0,2024-10-14,2024-10-20,"7.11.2.b"
"C27195",1,0,2024-10-15,2024-10-21,"7.11.2.b"
"C27195",1,0,2024-10-18,2024-10-24,"7.11.2.b"
"C27195",1,0,2024-10-19,2024-10-25,"7.11.2.b"
"C27195",1,0,2024-10-20,2024-10-26,"7.11.2.b"
"C27207",1,-1,2024-09-28,2024-10-04,"7.11.2.b"
"C27207",1,-1,2024-09-29,2024-10-05,"7.11.2.b"
"C27207",1,-1,2024-10-01,2024-10-07,"7.11.2.b"
"C27207",1,-1,2024-10-02,2024-10-08,"7.11.2.b"
"C27207",1,-1,2024-10-05,2024-10-11,"7.11.2.b"
"C27207",1,-1,2024-10-07,2024-10-13,"7.11.2.b"
"C27207",1,-1,2024-10-10,2024-10-16,"7.11.2.b"
"C27207",1,-1,2024-10-11,2024-10-17,"7.11.2.b"
"C27207",1,-1,2024-10-14,2024-10-20,"7.11.2.b"
"C27207",1,-1,2024-10-15,2024-10-21,"7.11.2.b"
"C27207",1,-1,2024-10-17,2024-10-23,"7.11.2.b"
"C27207",1,-1,2024-10-18,2024-10-24,"7.11.2.b"
"C27207",1,-1,2024-10-19,2024-10-25,"7.11.2.b"
"C27207",1,-1,2024-10-20,2024-10-26,"7.11.2.b"
"C27207",1,-1,2024-10-20,2025-08-06,"7.11.2.a"
"C27207",1,-1,2024-10-22,2024-10-28,"7.11.2.b"
"C27207",1,-1,2024-10-23,2024-10-29,"7.11.2.b"
"C27264",1,-1,2024-08-13,2024-08-19,"7.11.2.b"
"C27264",1,-1,2024-08-14,2024-08-20,"7.11.2.b"
"C27264",1,-1,2024-08-15,2024-08-21,"7.11.2.b"
"C27264",1,-1,2024-08-16,2024-08-22,"7.11.2.b"
"C27264",1,-1,2024-08-19,2024-08-25,"7.11.2.b"
"C27264",1,-1,2024-08-24,2024-08-30,"7.11.2.b"
"C27264",1,-1,2024-08-25,2024-08-31,"7.11.2.b"
"C27264",1,-1,2024-08-28,2024-09-03,"7.11.2.b"
"C27264",1,-1,2024-08-29,2024-09-04,"7.11.2.b"
"C27264",1,-1,2024-09-04,2024-09-10,"7.11.2.b"
"C27264",1,-1,2024-09-05,2024-09-11,"7.11.2.b"
"C27264",1,-1,2024-09-06,2024-09-12,"7.11.2.b"
"C27264",1,-1,2024-09-07,2024-09-13,"7.11.2.b"
"C27264",1,-1,2024-09-09,2024-09-15,"7.11.2.b"
"C27264",1,-1,2024-09-11,2024-09-17,"7.11.2.b"
"C27264",1,-1,2024-09-12,2024-09-18,"7.11.2.b"
"C27264",1,-1,2024-09-15,2024-09-21,"7.11.2.b"
"C27264",1,-1,2024-09-16,2024-09-22,"7.11.2.b"
"C27264",1,-1,2024-09-18,2024-09-24,"7.11.2.b"
"C27264",1,-1,2024-09-19,2024-09-25,"7.11.2.b"
"C27264",1,-1,2024-09-20,2024-09-26,"7.11.2.b"
"C27264",1,-1,2024-09-22,2024-09-28,"7.11.2.b"
"C27264",1,-1,2024-09-24,2024-09-30,"7.11.2.b"
"C27264",1,-1,2024-09-25,2024-10-01,"7.11.2.b"
"C27264",1,-1,2024-09-27,2024-10-03,"7.11.2.b"
"C27264",1,-1,2024-09-28,2024-10-04,"7.11.2.b"
"C27264",1,-1,2024-09-30,2024-10-06,"7.11.2.b"
"C27264",1,-1,2024-10-01,2024-10-07,"7.11.2.b"
"C27264",1,-1,2024-10-02,2024-10-08,"7.11.2.b"
"C27264",1,-1,2024-10-03,2024-10-09,"7.11.2.b"
"C27264",1,-1,2024-10-05,2024-10-11,"7.11.2.b"
"C27264",1,-1,2024-10-06,2024-10-12,"7.11.2.b"
"C27264",1,-1,2024-10-08,2024-10-14,"7.11.2.b"
"C27264",1,-1,2024-10-10,2024-10-16,"7.11.2.b"
"C27264",1,-1,2024-10-11,2024-10-17,"7.11.2.b"
"C27264",1,-1,2024-10-12,2024-10-18,"7.11.2.b"
"C27264",1,-1,2024-10-13,2025-01-16,"7.11.2.a"
"C27270",1,-1,2024-08-17,2024-12-04,"7.11.2.a"
"C27270",1,-1,2024-11-30,2025-03-31,"7.11.2.a"
"C27270",1,0,2024-08-17,2024-12-04,"7.11.2.a"
"C27270",1,0,2024-11-30,2025-03-31,"7.11.2.a"
"C27270",1,0,2025-07-19,2025-09-10,"7.11.2.a"
"C27270",1,0,2025-08-14,2025-11-20,"7.11.2.a"
"C27270",1,0,2025-09-13,2025-11-13,"7.11.2.a"
"C27369",1,-1,2024-11-30,2025-03-10,"7.11.2.a"
"C27369",1,-1,2024-12-22,2025-04-15,"7.11.2.a"
"C27417",2,0,2024-08-19,2024-08-25,"7.11.2.b"
"C27417",2,0,2024-08-20,2024-08-26,"7.11.2.b"
"C27417",2,0,2024-08-21,2024-08-27,"7.11.2.b"
"C27417",2,0,2024-08-22,2024-08-28,"7.11.2.b"
"C27417",2,0,2024-08-23,2024-08-29,"7.11.2.b"
"C27417",2,0,2024-08-25,2024-08-31,"7.11.2.b"
"C27417",2,0,2024-08-26,2024-09-01,"7.11.2.b"
"C27417",2,0,2024-08-27,2024-09-02,"7.11.2.b"
"C27417",2,0,2024-08-28,2024-09-03,"7.11.2.b"
"C27417",2,0,2024-08-29,2024-09-04,"7.11.2.b"
"C27417",2,0,2024-08-31,2024-09-06,"7.11.2.b"
"C27417",2,0,2024-09-06,2024-09-12,"7.11.2.b"
"C27417",2,0,2024-09-06,2024-09-27,"7.11.2.a"
"C27417",2,0,2024-09-07,2024-09-13,"7.11.2.b"
"C27417",2,0,2024-09-08,2024-09-14,"7.11.2.b"
"C27417",2,0,2024-09-11,2024-09-17,"7.11.2.b"
"C27417",2,0,2024-09-12,2024-09-18,"7.11.2.b"
"C27417",2,0,2024-09-13,2024-09-19,"7.11.2.b"
"C27417",2,0,2024-09-14,2024-09-20,"7.11.2.b"
"C27417",2,0,2024-09-16,2024-09-22,"7.11.2.b"
"C27417",2,0,2024-09-17,2024-09-23,"7.11.2.b"
"C27417",2,0,2024-09-18,2024-09-24,"7.11.2.b"
"C27417",2,0,2024-09-19,2024-09-25,"7.11.2.b"
"C27417",2,0,2024-09-20,2024-09-26,"7.11.2.b"
"C27417",2,0,2024-09-20,2025-10-07,"7.11.2.a"
"C27417",2,0,2024-09-21,2024-09-27,"7.11.2.b"
"C27417",2,0,2024-09-22,2024-09-28,"7.11.2.b"
"C27417",2,0,2024-09-23,2024-09-29,"7.11.2.b"
"C27417",2,0,2024-09-24,2024-09-30,"7.11.2.b"
"C27417",2,0,2024-09-25,2024-10-01,"7.11.2.b"
"C27417",2,0,2024-09-26,2024-10-02,"7.11.2.b"
"C27417",2,0,2024-09-27,2024-10-03,"7.11.2.b"
"C27417",2,0,2024-09-28,2024-10-04,"7.11.2.b"
"C27432",1,0,2024-08-23,2025-02-25,"7.11.2.a"
"C27432",1,0,2025-02-04,2025-11-17,"7.11.2.a"
"C27438",1,-1,2024-09-01,2024-09-07,"7.11.2.b"
"C27438",1,-1,2024-09-03,2024-09-09,"7.11.2.b"
"C27438",1,-1,2024-09-07,2024-09-13,"7.11.2.b"
"C27438",1,-1,2024-09-10,2024-09-16,"7.11.2.b"
"C27438",1,-1,2024-09-11,2024-09-17,"7.11.2.b"
"C27438",1,-1,2024-09-13,2024-09-19,"7.11.2.b"
"C27438",1,-1,2024-09-13,2025-09-18,"7.11.2.a"
"C27438",1,-1,2024-09-22,2024-09-28,"7.11.2.b"
"C27438",1,-1,2024-09-27,2024-10-03,"7.11.2.b"
"C27438",1,-1,2024-10-14,2024-10-20,"7.11.2.b"
"C27438",1,-1,2024-10-23,2024-10-29,"7.11.2.b"
"C27438",1,-1,2024-10-27,2024-11-02,"7.11.2.b"
"C27438",1,-1,2024-10-29,2024-11-04,"7.11.2.b"
"C27438",1,-1,2024-10-30,2024-11-05,"7.11.2.b"
"C27438",1,-1,2024-11-01,2024-11-07,"7.11.2.b"
"C27438",1,-1,2024-11-02,2024-11-08,"7.11.2.b"
"C27438",1,-1,2024-11-06,2024-11-12,"7.11.2.b"
"C27438",1,-1,2024-11-21,2024-11-27,"7.11.2.b"
"C27438",1,-1,2024-11-24,2024-11-30,"7.11.2.b"
"C27438",1,-1,2024-11-30,2024-12-06,"7.11.2.b"
"C27438",1,-1,2024-12-01,2024-12-07,"7.11.2.b"
"C27438",1,-1,2024-12-04,2024-12-10,"7.11.2.b"
"C27438",1,-1,2024-12-05,2024-12-11,"7.11.2.b"
"C27438",1,-1,2024-12-09,2024-12-15,"7.11.2.b"
"C27504",1,0,2024-08-19,2024-09-26,"7.11.2.a"
"C27504",1,0,2024-09-01,2025-10-21,"7.11.2.a"
"C27555",1,-2,2024-08-27,2024-09-02,"7.11.2.b"
"C27555",1,-2,2024-08-31,2024-09-06,"7.11.2.b"
"C27555",1,-2,2024-09-01,2024-09-07,"7.11.2.b"
"C27555",1,-2,2024-09-02,2024-09-08,"7.11.2.b"
"C27555",1,-2,2024-09-04,2024-09-10,"7.11.2.b"
"C27555",1,-2,2024-09-05,2024-09-11,"7.11.2.b"
"C27555",1,-2,2024-09-06,2024-09-12,"7.11.2.b"
"C27555",1,-2,2024-09-07,2024-09-13,"7.11.2.b"
"C27555",1,-2,2024-09-08,2024-09-14,"7.11.2.b"
"C27555",1,-2,2024-09-09,2024-09-15,"7.11.2.b"
"C27555",1,-2,2024-09-10,2024-09-16,"7.11.2.b"
"C27555",1,-2,2024-09-11,2024-09-17,"7.11.2.b"
"C27555",1,-2,2024-09-12,2024-09-18,"7.11.2.b"
"C27555",1,-2,2024-09-13,2024-09-19,"7.11.2.b"
"C27555",1,-2,2024-09-14,2024-09-20,"7.11.2.b"
"C27555",1,-2,2024-09-15,2024-09-21,"7.11.2.b"
"C27555",1,-2,2024-09-16,2024-09-22,"7.11.2.b"
"C27555",1,-2,2024-09-17,2024-09-23,"7.11.2.b"
"C27555",1,-2,2024-09-18,2024-09-24,"7.11.2.b"
"C27555",1,0,2024-08-27,2024-09-02,"7.11.2.b"
"C27555",1,0,2024-08-31,2024-09-06,"7.11.2.b"
"C27555",1,0,2024-09-01,2024-09-07,"7.11.2.b"
"C27555",1,0,2024-09-02,2024-09-08,"7.11.2.b"
"C27555",1,0,2024-09-04,2024-09-10,"7.11.2.b"
"C27555",1,0,2024-09-05,2024-09-11,"7.11.2.b"
"C27555",1,0,2024-09-06,2024-09-12,"7.11.2.b"
"C27555",1,0,2024-09-07,2024-09-13,"7.11.2.b"
"C27555",1,0,2024-09-08,2024-09-14,"7.11.2.b"
"C27555",1,0,2024-09-09,2024-09-15,"7.11.2.b"
"C27555",1,0,2024-09-10,2024-09-16,"7.11.2.b"
"C27555",1,0,2024-09-11,2024-09-17,"7.11.2.b"
"C27555",1,0,2024-09-12,2024-09-18,"7.11.2.b"
"C27555",1,0,2024-09-13,2024-09-19,"7.11.2.b"
"C27555",1,0,2024-09-14,2024-09-20,"7.11.2.b"
"C27555",1,0,2024-09-15,2024-09-21,"7.11.2.b"
"C27555",1,0,2024-09-16,2024-09-22,"7.11.2.b"
"C27555",1,0,2024-09-17,2024-09-23,"7.11.2.b"
"C27555",1,0,2024-09-18,2024-09-24,"7.11.2.b"
"C27555",1,0,2024-11-15,2025-11-21,"7.11.2.a"
"C27555",1,0,2025-11-20,2025-12-09,"7.11.2.a"
"C27558",1,-1,2024-08-22,2024-08-28,"7.11.2.b"
"C27558",1,-1,2024-08-23,2024-08-29,"7.11.2.b"
"C27558",1,-1,2024-08-25,2024-08-31,"7.11.2.b"
"C27558",1,-1,2024-08-26,2024-09-01,"7.11.2.b"
"C27558",1,-1,2024-08-27,2024-09-02,"7.11.2.b"
"C27558",1,-1,2024-08-28,2024-09-03,"7.11.2.b"
"C27558",1,-1,2024-08-30,2024-09-05,"7.11.2.b"
"C27558",1,-1,2024-09-01,2024-09-07,"7.11.2.b"
"C27558",1,-1,2024-09-02,2024-09-08,"7.11.2.b"
"C27558",1,-1,2024-09-03,2024-09-09,"7.11.2.b"
"C27558",1,-1,2024-09-04,2024-09-10,"7.11.2.b"
"C27558",1,-1,2024-09-05,2024-09-11,"7.11.2.b"
"C27558",1,-1,2024-09-07,2024-09-13,"7.11.2.b"
"C27558",1,-1,2024-09-08,2024-09-14,"7.11.2.b"
"C27558",1,-1,2024-09-09,2024-09-15,"7.11.2.b"
"C27558",1,-1,2024-09-10,2024-09-16,"7.11.2.b"
"C27558",1,-1,2024-09-11,2024-09-17,"7.11.2.b"
"C27558",1,-1,2024-09-12,2024-09-18,"7.11.2.b"
"C27558",1,-1,2024-09-13,2024-09-19,"7.11.2.b"
"C27558",1,-1,2024-09-14,2024-09-20,"7.11.2.b"
"C27558",1,-1,2024-09-15,2024-09-21,"7.11.2.b"
"C27558",1,-1,2024-09-16,2024-09-22,"7.11.2.b"
"C27558",1,-1,2024-09-17,2024-09-23,"7.11.2.b"
"C27558",1,-1,2024-09-19,2024-09-25,"7.11.2.b"
"C27558",1,-1,2024-09-20,2024-09-26,"7.11.2.b"
"C27558",1,-1,2024-09-21,2024-09-27,"7.11.2.b"
"C27558",1,-1,2024-09-22,2024-09-28,"7.11.2.b"
"C27558",1,-1,2024-09-23,2024-09-29,"7.11.2.b"
"C27558",1,-1,2024-09-24,2024-09-30,"7.11.2.b"
"C27558",1,-1,2024-09-28,2025-03-14,"7.11.2.a"
"C27558",1,0,2024-08-22,2024-08-28,"7.11.2.b"
"C27558",1,0,2024-08-23,2024-08-29,"7.11.2.b"
"C27558",1,0,2024-08-25,2024-08-31,"7.11.2.b"
"C27558",1,0,2024-08-26,2024-09-01,"7.11.2.b"
"C27558",1,0,2024-08-27,2024-09-02,"7.11.2.b"
"C27558",1,0,2024-08-28,2024-09-03,"7.11.2.b"
"C27558",1,0,2024-08-30,2024-09-05,"7.11.2.b"
"C27558",1,0,2024-09-01,2024-09-07,"7.11.2.b"
"C27558",1,0,2024-09-02,2024-09-08,"7.11.2.b"
"C27558",1,0,2024-09-03,2024-09-09,"7.11.2.b"
"C27558",1,0,2024-09-04,2024-09-10,"7.11.2.b"
"C27558",1,0,2024-09-05,2024-09-11,"7.11.2.b"
"C27558",1,0,2024-09-07,2024-09-13,"7.11.2.b"
"C27558",1,0,2024-09-08,2024-09-14,"7.11.2.b"
"C27558",1,0,2024-09-09,2024-09-15,"7.11.2.b"
"C27558",1,0,2024-09-10,2024-09-16,"7.11.2.b"
"C27558",1,0,2024-09-11,2024-09-17,"7.11.2.b"
"C27558",1,0,2024-09-12,2024-09-18,"7.11.2.b"
"C27558",1,0,2024-09-13,2024-09-19,"7.11.2.b"
"C27558",1,0,2024-09-14,2024-09-20,"7.11.2.b"
"C27558",1,0,2024-09-15,2024-09-21,"7.11.2.b"
"C27558",1,0,2024-09-16,2024-09-22,"7.11.2.b"
"C27558",1,0,2024-09-17,2024-09-23,"7.11.2.b"
"C27558",1,0,2024-09-19,2024-09-25,"7.11.2.b"
"C27558",1,0,2024-09-20,2024-09-26,"7.11.2.b"
"C27558",1,0,2024-09-21,2024-09-27,"7.11.2.b"
"C27558",1,0,2024-09-22,2024-09-28,"7.11.2.b"
"C27558",1,0,2024-09-23,2024-09-29,"7.11.2.b"
"C27558",1,0,2024-09-24,2024-09-30,"7.11.2.b"
"C27558",1,0,2024-09-28,2025-03-14,"7.11.2.a"
"C27558",1,0,2025-04-03,2025-04-09,"7.11.2.b"
"C27558",1,0,2025-04-04,2025-04-10,"7.11.2.b"
"C27558",1,0,2025-04-07,2025-04-13,"7.11.2.b"
"C27558",1,0,2025-04-08,2025-04-14,"7.11.2.b"
"C27558",1,0,2025-04-09,2025-04-15,"7.11.2.b"
"C27558",1,0,2025-04-10,2025-04-16,"7.11.2.b"
"C27558",1,0,2025-04-11,2025-04-17,"7.11.2.b"
"C27558",1,0,2025-04-12,2025-04-18,"7.11.2.b"
"C27558",1,0,2025-04-13,2025-04-19,"7.11.2.b"
"C27558",1,0,2025-04-14,2025-04-20,"7.11.2.b"
"C27558",1,0,2025-04-15,2025-04-21,"7.11.2.b"
"C27558",1,0,2025-04-17,2025-04-23,"7.11.2.b"
"C27558",1,0,2025-04-18,2025-04-24,"7.11.2.b"
"C27558",1,0,2025-04-19,2025-04-25,"7.11.2.b"
"C27558",1,0,2025-04-20,2025-04-26,"7.11.2.b"
"C27558",1,0,2025-04-21,2025-04-27,"7.11.2.b"
"C27558",1,0,2025-04-22,2025-04-28,"7.11.2.b"
"C27558",1,0,2025-04-23,2025-04-29,"7.11.2.b"
"C27558",1,0,2025-04-24,2025-04-30,"7.11.2.b"
"C27558",1,0,2025-04-25,2025-05-01,"7.11.2.b"
"C27558",1,0,2025-04-27,2025-05-03,"7.11.2.b"
"C27558",1,0,2025-04-28,2025-05-04,"7.11.2.b"
"C27558",1,0,2025-04-28,2025-11-19,"7.11.2.a"
"C27558",1,0,2025-04-29,2025-05-05,"7.11.2.b"
"C27558",1,0,2025-04-30,2025-05-06,"7.11.2.b"
"C27558",1,0,2025-05-01,2025-05-07,"7.11.2.b"
"C27558",1,0,2025-05-02,2025-05-08,"7.11.2.b"
"C27558",1,0,2025-05-03,2025-05-09,"7.11.2.b"
"C27558",1,0,2025-05-04,2025-05-10,"7.11.2.b"
"C27558",1,0,2025-05-05,2025-05-11,"7.11.2.b"
"C27558",1,0,2025-05-07,2025-05-13,"7.11.2.b"
"C27558",1,0,2025-05-08,2025-05-14,"7.11.2.b"
"C27558",1,0,2025-05-09,2025-05-15,"7.11.2.b"
"C27558",1,0,2025-05-10,2025-05-16,"7.11.2.b"
"C27558",1,0,2025-05-11,2025-05-17,"7.11.2.b"
"C27558",1,0,2025-05-12,2025-05-18,"7.11.2.b"
"C27558",1,0,2025-05-13,2025-05-19,"7.11.2.b"
"C27558",1,0,2025-05-14,2025-05-20,"7.11.2.b"
"C27558",1,0,2025-05-15,2025-05-21,"7.11.2.b"
"C27558",1,0,2025-05-16,2025-05-22,"7.11.2.b"
"C27558",1,0,2025-05-17,2025-05-23,"7.11.2.b"
"C27558",1,0,2025-05-18,2025-05-24,"7.11.2.b"
"C27558",1,0,2025-05-19,2025-05-25,"7.11.2.b"
"C27558",1,0,2025-05-20,2025-05-26,"7.11.2.b"
"C27558",1,0,2025-05-21,2025-05-27,"7.11.2.b"
"C27558",1,0,2025-05-23,2025-05-29,"7.11.2.b"
"C27558",1,0,2025-05-24,2025-05-30,"7.11.2.b"
"C27558",1,0,2025-05-25,2025-05-31,"7.11.2.b"
"C27558",1,0,2025-05-27,2025-06-02,"7.11.2.b"
"C27558",1,0,2025-05-28,2025-06-03,"7.11.2.b"
"C27558",1,0,2025-05-29,2025-06-04,"7.11.2.b"
"C27558",1,0,2025-05-30,2025-06-05,"7.11.2.b"
"C27558",1,0,2025-05-31,2025-06-06,"7.11.2.b"
"C27558",1,0,2025-06-02,2025-06-08,"7.11.2.b"
"C27558",1,0,2025-06-03,2025-06-09,"7.11.2.b"
"C27558",1,0,2025-06-04,2025-06-10,"7.11.2.b"
"C27564",2,-1,2024-11-02,2025-02-07,"7.11.2.a"
"C27564",2,-1,2024-12-16,2025-04-18,"7.11.2.a"
"C27567",1,-1,2024-08-30,2024-10-10,"7.11.2.a"
"C27567",1,-1,2024-10-05,2025-08-21,"7.11.2.a"
"C27570",1,0,2024-08-29,2024-10-26,"7.11.2.a"
"C27570",1,0,2024-10-05,2025-03-24,"7.11.2.a"
"C27570",1,0,2024-10-05,2025-10-11,"7.11.2.a"
"C27603",1,0,2024-09-09,2025-06-09,"7.11.2.a"
"C27603",1,0,2024-11-24,2025-08-23,"7.11.2.a"
"C27603",1,0,2025-08-18,2026-03-13,"7.11.2.a"
"C27708",1,-1,2024-09-08,2024-10-08,"7.11.2.a"
"C27708",1,-1,2024-10-11,2024-11-03,"7.11.2.a"
"C27708",1,-1,2024-11-01,2025-01-01,"7.11.2.a"
"C27708",1,-1,2025-01-15,2025-02-07,"7.11.2.a"
"C27708",1,-1,2025-02-04,2025-03-10,"7.11.2.a"
"C27720",1,-1,2024-09-06,2024-11-05,"7.11.2.a"
"C27720",1,-1,2024-09-16,2024-11-21,"7.11.2.a"
"C27738",1,0,2024-09-17,2024-09-23,"7.11.2.b"
"C27738",1,0,2024-10-05,2024-10-11,"7.11.2.b"
"C27738",1,0,2024-10-08,2024-10-14,"7.11.2.b"
"C27738",1,0,2024-10-11,2024-11-12,"7.11.2.a"
"C27738",1,0,2024-11-06,2024-11-12,"7.11.2.b"
"C27738",1,0,2024-11-13,2024-11-19,"7.11.2.b"
"C27738",1,0,2024-11-16,2024-11-22,"7.11.2.b"
"C27738",1,0,2024-11-20,2024-11-26,"7.11.2.b"
"C27738",1,0,2024-11-22,2024-11-28,"7.11.2.b"
"C27738",1,0,2024-11-23,2025-10-30,"7.11.2.a"
"C27738",1,0,2024-11-28,2024-12-04,"7.11.2.b"
"C27897",1,0,2024-09-24,2024-11-03,"7.11.2.a"
"C27897",1,0,2024-10-11,2025-10-07,"7.11.2.a"
"C27909",2,0,2024-09-19,2024-09-25,"7.11.2.b"
"C27909",2,0,2024-09-21,2024-09-27,"7.11.2.b"
"C27909",2,0,2024-09-24,2024-09-30,"7.11.2.b"
"C27909",2,0,2024-09-27,2024-10-03,"7.11.2.b"
"C27909",2,0,2024-09-28,2024-10-04,"7.11.2.b"
"C27909",2,0,2024-09-30,2024-10-06,"7.11.2.b"
"C27909",2,0,2024-10-02,2024-10-08,"7.11.2.b"
"C27909",2,0,2024-10-03,2024-10-09,"7.11.2.b"
"C27909",2,0,2024-10-04,2024-10-10,"7.11.2.b"
"C27909",2,0,2024-10-06,2024-10-12,"7.11.2.b"
"C27909",2,0,2024-10-06,2026-02-10,"7.11.2.a"
"C27909",2,0,2024-10-07,2024-10-13,"7.11.2.b"
"C27909",2,0,2024-10-11,2024-10-17,"7.11.2.b"
"C27909",2,0,2024-10-12,2024-10-18,"7.11.2.b"
"C27909",2,0,2024-10-13,2024-10-19,"7.11.2.b"
"C27909",2,0,2024-10-17,2024-10-23,"7.11.2.b"
"C27909",2,0,2024-10-20,2024-10-26,"7.11.2.b"
"C27909",2,0,2024-10-25,2024-10-31,"7.11.2.b"
"C27909",2,0,2024-10-26,2024-11-01,"7.11.2.b"
"C27909",2,0,2024-10-27,2024-11-02,"7.11.2.b"
"C27909",2,0,2024-10-28,2024-11-03,"7.11.2.b"
"C27909",2,0,2024-10-30,2024-11-05,"7.11.2.b"
"C27909",2,0,2024-11-01,2024-11-07,"7.11.2.b"
"C27909",2,0,2024-11-03,2024-11-09,"7.11.2.b"
"C27909",2,0,2024-11-06,2024-11-12,"7.11.2.b"
"C27909",2,0,2024-11-07,2024-11-13,"7.11.2.b"
"C27909",2,0,2024-11-08,2024-11-14,"7.11.2.b"
"C27909",2,0,2024-11-09,2024-11-15,"7.11.2.b"
"C27909",2,0,2024-11-13,2024-11-19,"7.11.2.b"
"C27909",2,0,2024-11-16,2024-11-22,"7.11.2.b"
"C27909",2,0,2024-11-17,2024-11-23,"7.11.2.b"
"C27981",1,0,2025-12-26,2026-01-01,"7.11.2.b"
"C27981",1,0,2025-12-28,2026-01-03,"7.11.2.b"
"C27981",1,0,2025-12-31,2026-01-06,"7.11.2.b"
"C27981",1,0,2026-01-03,2026-01-09,"7.11.2.b"
"C27981",1,0,2026-01-08,2026-01-14,"7.11.2.b"
"C27981",1,0,2026-01-09,2026-01-15,"7.11.2.b"
"C27981",1,0,2026-01-10,2026-01-16,"7.11.2.b"
"C27981",1,0,2026-01-11,2026-01-17,"7.11.2.b"
"C27981",1,0,2026-01-12,2026-01-18,"7.11.2.b"
"C27981",1,0,2026-01-15,2026-01-21,"7.11.2.b"
"C27981",1,0,2026-01-16,2026-01-22,"7.11.2.b"
"C27981",1,0,2026-01-17,2026-01-23,"7.11.2.b"
"C27981",1,0,2026-01-19,2026-01-25,"7.11.2.b"
"C27981",1,0,2026-01-20,2026-01-26,"7.11.2.b"
"C27981",1,0,2026-01-21,2026-01-27,"7.11.2.b"
"C27981",1,0,2026-01-23,2026-01-29,"7.11.2.b"
"C27981",1,0,2026-01-26,2026-02-01,"7.11.2.b"
"C27981",1,0,2026-01-28,2026-02-03,"7.11.2.b"
"C27981",1,0,2026-01-29,2026-02-04,"7.11.2.b"
"C27981",1,0,2026-01-30,2026-02-05,"7.11.2.b"
"C27981",1,0,2026-02-01,2026-02-07,"7.11.2.b"
"C27981",1,0,2026-02-02,2026-02-25,"7.11.2.a"
"C27981",1,0,2026-02-04,2026-02-10,"7.11.2.b"
"C28140",1,-1,2024-10-11,2024-11-12,"7.11.2.a"
"C28140",1,-1,2024-11-06,2024-11-12,"7.11.2.b"
"C28140",1,-1,2024-11-07,2024-11-13,"7.11.2.b"
"C28140",1,-1,2024-11-08,2024-11-14,"7.11.2.b"
"C28140",1,-1,2024-11-09,2024-11-15,"7.11.2.b"
"C28140",1,-1,2024-11-10,2024-11-16,"7.11.2.b"
"C28140",1,-1,2024-11-11,2024-11-17,"7.11.2.b"
"C28140",1,-1,2024-11-12,2024-11-18,"7.11.2.b"
"C28140",1,-1,2024-11-13,2024-11-19,"7.11.2.b"
"C28140",1,-1,2024-11-14,2024-11-20,"7.11.2.b"
"C28140",1,-1,2024-11-15,2024-11-21,"7.11.2.b"
"C28140",1,-1,2024-11-17,2024-11-23,"7.11.2.b"
"C28140",1,-1,2024-11-18,2024-11-24,"7.11.2.b"
"C28140",1,-1,2024-11-19,2024-11-25,"7.11.2.b"
"C28140",1,-1,2024-11-20,2024-11-26,"7.11.2.b"
"C28140",1,-1,2024-11-21,2024-11-27,"7.11.2.b"
"C28140",1,-1,2024-11-22,2024-11-28,"7.11.2.b"
"C28140",1,-1,2024-11-23,2024-11-29,"7.11.2.b"
"C28140",1,-1,2024-11-24,2024-11-30,"7.11.2.b"
"C28140",1,-1,2024-11-25,2024-12-01,"7.11.2.b"
"C28140",1,-1,2024-11-26,2024-12-02,"7.11.2.b"
"C28140",1,-1,2024-11-28,2024-12-04,"7.11.2.b"
"C28140",1,-1,2024-11-29,2024-12-05,"7.11.2.b"
"C28140",1,-1,2024-11-30,2024-12-06,"7.11.2.b"
"C28140",1,-1,2024-12-02,2024-12-08,"7.11.2.b"
"C28140",1,-1,2024-12-03,2024-12-09,"7.11.2.b"
"C28140",1,-1,2024-12-04,2024-12-10,"7.11.2.b"
"C28140",1,-1,2024-12-06,2024-12-12,"7.11.2.b"
"C28140",1,-1,2024-12-07,2024-12-13,"7.11.2.b"
"C28140",1,-1,2024-12-08,2024-12-14,"7.11.2.b"
"C28140",1,-1,2024-12-09,2024-12-15,"7.11.2.b"
"C28140",1,-1,2024-12-10,2024-12-16,"7.11.2.b"
"C28140",1,-1,2024-12-11,2024-12-17,"7.11.2.b"
"C28140",1,-1,2024-12-12,2024-12-18,"7.11.2.b"
"C28140",1,-1,2024-12-13,2024-12-19,"7.11.2.b"
"C28140",1,-1,2024-12-14,2024-12-20,"7.11.2.b"
"C28140",1,-1,2024-12-15,2024-12-21,"7.11.2.b"
"C28140",1,-1,2024-12-16,2024-12-22,"7.11.2.b"
"C28140",1,-1,2024-12-19,2024-12-25,"7.11.2.b"
"C28140",1,-1,2024-12-20,2024-12-26,"7.11.2.b"
"C28140",1,-1,2024-12-22,2024-12-28,"7.11.2.b"
"C28140",1,-1,2024-12-23,2024-12-29,"7.11.2.b"
"C28140",1,-1,2024-12-24,2024-12-30,"7.11.2.b"
"C28140",1,-1,2024-12-25,2024-12-31,"7.11.2.b"
"C28140",1,-1,2024-12-27,2025-01-02,"7.11.2.b"
"C28140",1,-1,2024-12-28,2025-01-03,"7.11.2.b"
"C28140",1,-1,2024-12-29,2025-01-04,"7.11.2.b"
"C28140",1,-1,2024-12-30,2025-01-05,"7.11.2.b"
"C28140",1,-1,2025-01-01,2025-01-07,"7.11.2.b"
"C28140",1,-1,2025-01-03,2025-01-09,"7.11.2.b"
"C28140",1,-1,2025-01-04,2025-01-10,"7.11.2.b"
"C28140",1,-1,2025-01-05,2025-01-11,"7.11.2.b"
"C28140",1,-1,2025-01-07,2025-01-13,"7.11.2.b"
"C28140",1,-1,2025-01-08,2025-01-14,"7.11.2.b"
"C28140",1,-1,2025-01-09,2025-01-15,"7.11.2.b"
"C28140",1,-1,2025-01-11,2025-01-17,"7.11.2.b"
"C28140",1,-1,2025-01-13,2025-01-19,"7.11.2.b"
"C28140",1,-1,2025-01-16,2025-01-22,"7.11.2.b"
"C28140",1,-1,2025-01-17,2025-01-23,"7.11.2.b"
"C28140",1,-1,2025-01-20,2025-01-26,"7.11.2.b"
"C28140",1,-1,2025-01-21,2025-01-27,"7.11.2.b"
"C28140",1,-1,2025-01-22,2025-01-28,"7.11.2.b"
"C28140",1,-1,2025-01-23,2025-01-29,"7.11.2.b"
"C28140",1,-1,2025-01-24,2025-01-30,"7.11.2.b"
"C28140",1,-1,2025-01-25,2025-01-31,"7.11.2.b"
"C28140",1,-1,2025-01-26,2025-02-01,"7.11.2.b"
"C28140",1,-1,2025-01-26,2025-08-27,"7.11.2.a"
"C28140",1,-1,2025-01-27,2025-02-02,"7.11.2.b"
"C28140",1,-1,2025-01-28,2025-02-03,"7.11.2.b"
"C28140",1,-1,2025-01-29,2025-02-04,"7.11.2.b"
"C28140",1,-1,2025-01-30,2025-02-05,"7.11.2.b"
"C28140",1,-1,2025-01-31,2025-02-06,"7.11.2.b"
"C28140",1,-1,2025-02-01,2025-02-07,"7.11.2.b"
"C28140",1,-1,2025-02-02,2025-02-08,"7.11.2.b"
"C28140",1,-1,2025-02-03,2025-02-09,"7.11.2.b"
"C28176",1,-1,2024-10-07,2025-02-23,"7.11.2.a"
"C28176",1,-1,2025-02-18,2025-05-05,"7.11.2.a"
"C28179",1,-1,2025-01-04,2025-01-10,"7.11.2.b"
"C28179",1,-1,2025-01-05,2025-01-11,"7.11.2.b"
"C28179",1,-1,2025-01-06,2025-01-12,"7.11.2.b"
"C28179",1,-1,2025-01-07,2025-01-13,"7.11.2.b"
"C28179",1,-1,2025-01-09,2025-01-15,"7.11.2.b"
"C28179",1,-1,2025-01-12,2025-01-18,"7.11.2.b"
"C28179",1,-1,2025-01-13,2025-01-19,"7.11.2.b"
"C28179",1,-1,2025-01-14,2025-01-20,"7.11.2.b"
"C28179",1,-1,2025-01-18,2025-01-24,"7.11.2.b"
"C28179",1,-1,2025-01-19,2025-01-25,"7.11.2.b"
"C28179",1,-1,2025-01-20,2025-01-26,"7.11.2.b"
"C28179",1,-1,2025-01-22,2025-01-28,"7.11.2.b"
"C28179",1,-1,2025-01-24,2025-01-30,"7.11.2.b"
"C28179",1,-1,2025-01-27,2025-02-02,"7.11.2.b"
"C28179",1,-1,2025-01-28,2025-02-03,"7.11.2.b"
"C28179",1,-1,2025-01-29,2025-02-04,"7.11.2.b"
"C28179",1,-1,2025-01-30,2025-02-05,"7.11.2.b"
"C28179",1,-1,2025-02-01,2025-02-07,"7.11.2.b"
"C28179",1,-1,2025-02-02,2025-02-08,"7.11.2.b"
"C28179",1,-1,2025-02-03,2025-02-09,"7.11.2.b"
"C28179",1,-1,2025-02-04,2025-02-10,"7.11.2.b"
"C28179",1,-1,2025-02-05,2025-02-11,"7.11.2.b"
"C28179",1,-1,2025-02-06,2025-02-12,"7.11.2.b"
"C28179",1,-1,2025-02-07,2025-02-13,"7.11.2.b"
"C28179",1,-1,2025-02-09,2025-02-15,"7.11.2.b"
"C28179",1,-1,2025-02-15,2025-02-21,"7.11.2.b"
"C28179",1,-1,2025-02-17,2025-02-23,"7.11.2.b"
"C28179",1,-1,2025-02-19,2025-02-25,"7.11.2.b"
"C28179",1,-1,2025-02-27,2025-03-05,"7.11.2.b"
"C28179",1,0,2025-01-04,2025-01-10,"7.11.2.b"
"C28179",1,0,2025-01-05,2025-01-11,"7.11.2.b"
"C28179",1,0,2025-01-06,2025-01-12,"7.11.2.b"
"C28179",1,0,2025-01-07,2025-01-13,"7.11.2.b"
"C28179",1,0,2025-01-09,2025-01-15,"7.11.2.b"
"C28179",1,0,2025-01-12,2025-01-18,"7.11.2.b"
"C28179",1,0,2025-01-13,2025-01-19,"7.11.2.b"
"C28179",1,0,2025-01-14,2025-01-20,"7.11.2.b"
"C28179",1,0,2025-01-18,2025-01-24,"7.11.2.b"
"C28179",1,0,2025-01-19,2025-01-25,"7.11.2.b"
"C28179",1,0,2025-01-20,2025-01-26,"7.11.2.b"
"C28179",1,0,2025-01-22,2025-01-28,"7.11.2.b"
"C28179",1,0,2025-01-24,2025-01-30,"7.11.2.b"
"C28179",1,0,2025-01-27,2025-02-02,"7.11.2.b"
"C28179",1,0,2025-01-28,2025-02-03,"7.11.2.b"
"C28179",1,0,2025-01-29,2025-02-04,"7.11.2.b"
"C28179",1,0,2025-01-30,2025-02-05,"7.11.2.b"
"C28179",1,0,2025-02-01,2025-02-07,"7.11.2.b"
"C28179",1,0,2025-02-02,2025-02-08,"7.11.2.b"
"C28179",1,0,2025-02-03,2025-02-09,"7.11.2.b"
"C28179",1,0,2025-02-04,2025-02-10,"7.11.2.b"
"C28179",1,0,2025-02-05,2025-02-11,"7.11.2.b"
"C28179",1,0,2025-02-06,2025-02-12,"7.11.2.b"
"C28179",1,0,2025-02-07,2025-02-13,"7.11.2.b"
"C28179",1,0,2025-02-09,2025-02-15,"7.11.2.b"
"C28179",1,0,2025-02-15,2025-02-21,"7.11.2.b"
"C28179",1,0,2025-02-17,2025-02-23,"7.11.2.b"
"C28179",1,0,2025-02-19,2025-02-25,"7.11.2.b"
"C28179",1,0,2025-02-27,2025-03-05,"7.11.2.b"
"C28179",1,0,2025-06-29,2025-07-05,"7.11.2.b"
"C28179",1,0,2025-11-15,2025-12-04,"7.11.2.a"
"C28179",1,0,2025-11-30,2025-12-15,"7.11.2.a"
"C28179",1,0,2025-12-13,2026-01-02,"7.11.2.a"
"C28179",1,0,2025-12-28,2026-01-06,"7.11.2.a"
"C28179",1,0,2026-01-01,2026-01-18,"7.11.2.a"
"C28179",1,0,2026-01-14,2026-01-20,"7.11.2.b"
"C28179",1,0,2026-01-17,2026-01-23,"7.11.2.b"
"C28314",1,0,2024-10-10,2024-10-16,"7.11.2.b"
"C28314",1,0,2024-10-11,2024-10-17,"7.11.2.b"
"C28314",1,0,2024-10-14,2024-10-20,"7.11.2.b"
"C28314",1,0,2024-10-15,2024-10-21,"7.11.2.b"
"C28314",1,0,2024-10-19,2024-10-25,"7.11.2.b"
"C28314",1,0,2024-10-20,2024-10-26,"7.11.2.b"
"C28314",1,0,2024-10-22,2024-10-28,"7.11.2.b"
"C28314",1,0,2024-10-23,2024-10-29,"7.11.2.b"
"C28314",1,0,2024-10-25,2024-10-31,"7.11.2.b"
"C28314",1,0,2024-10-27,2024-11-02,"7.11.2.b"
"C28314",1,0,2024-10-29,2024-11-04,"7.11.2.b"
"C28314",1,0,2024-10-30,2024-11-05,"7.11.2.b"
"C28314",1,0,2024-11-03,2024-11-09,"7.11.2.b"
"C28314",1,0,2024-11-04,2024-11-10,"7.11.2.b"
"C28314",1,0,2024-11-05,2024-11-11,"7.11.2.b"
"C28314",1,0,2024-11-06,2024-11-12,"7.11.2.b"
"C28314",1,0,2024-11-08,2024-11-14,"7.11.2.b"
"C28314",1,0,2024-11-10,2024-11-16,"7.11.2.b"
"C28314",1,0,2024-11-11,2025-10-30,"7.11.2.a"
"C28314",1,0,2024-11-12,2024-11-18,"7.11.2.b"
"C28314",1,0,2024-11-13,2024-11-19,"7.11.2.b"
"C28314",1,0,2024-11-14,2024-11-20,"7.11.2.b"
"C28314",1,0,2024-11-16,2024-11-22,"7.11.2.b"
"C28314",1,0,2024-11-17,2024-11-23,"7.11.2.b"
"C28347",2,0,2024-09-29,2024-12-26,"7.11.2.a"
"C28347",2,0,2024-11-29,2025-10-21,"7.11.2.a"
"C28455",1,-1,2024-10-19,2024-10-25,"7.11.2.b"
"C28455",1,-1,2024-10-22,2024-10-28,"7.11.2.b"
"C28455",1,-1,2024-10-22,2025-08-26,"7.11.2.a"
"C28467",1,-1,2024-10-11,2024-10-22,"7.11.2.a"
"C28467",1,-1,2024-10-20,2024-11-14,"7.11.2.a"
"C28467",1,-1,2025-01-02,2025-01-09,"7.11.2.a"
"C28467",1,-1,2025-01-06,2025-01-22,"7.11.2.a"
"C28467",1,-1,2025-01-19,2025-02-07,"7.11.2.a"
"C28467",1,-1,2025-02-02,2025-05-11,"7.11.2.a"
"C28470",1,0,2024-10-15,2024-10-21,"7.11.2.b"
"C28470",1,0,2024-10-16,2024-10-22,"7.11.2.b"
"C28470",1,0,2024-10-17,2024-10-23,"7.11.2.b"
"C28470",1,0,2024-10-18,2024-10-24,"7.11.2.b"
"C28470",1,0,2024-10-19,2024-10-25,"7.11.2.b"
"C28470",1,0,2024-10-20,2024-10-26,"7.11.2.b"
"C28470",1,0,2024-10-21,2024-10-27,"7.11.2.b"
"C28470",1,0,2024-10-22,2024-10-28,"7.11.2.b"
"C28470",1,0,2024-10-23,2024-10-29,"7.11.2.b"
"C28470",1,0,2024-10-24,2024-10-30,"7.11.2.b"
"C28470",1,0,2024-10-25,2024-10-31,"7.11.2.b"
"C28470",1,0,2024-10-26,2024-11-01,"7.11.2.b"
"C28470",1,0,2024-10-30,2024-11-05,"7.11.2.b"
"C28470",1,0,2024-11-02,2024-11-08,"7.11.2.b"
"C28470",1,0,2024-11-03,2024-11-09,"7.11.2.b"
"C28470",1,0,2024-11-08,2024-11-14,"7.11.2.b"
"C28470",1,0,2024-11-09,2024-11-15,"7.11.2.b"
"C28470",1,0,2024-11-11,2024-11-17,"7.11.2.b"
"C28470",1,0,2024-11-13,2024-11-19,"7.11.2.b"
"C28470",1,0,2024-11-16,2024-11-22,"7.11.2.b"
"C28470",1,0,2024-11-17,2024-11-23,"7.11.2.b"
"C28470",1,0,2024-11-22,2024-11-28,"7.11.2.b"
"C28470",1,0,2024-11-26,2024-12-02,"7.11.2.b"
"C28470",1,0,2024-11-28,2024-12-04,"7.11.2.b"
"C28470",1,0,2024-11-29,2024-12-05,"7.11.2.b"
"C28470",1,0,2024-12-01,2024-12-07,"7.11.2.b"
"C28470",1,0,2024-12-02,2024-12-08,"7.11.2.b"
"C28470",1,0,2024-12-03,2024-12-09,"7.11.2.b"
"C28470",1,0,2024-12-05,2024-12-11,"7.11.2.b"
"C28470",1,0,2024-12-06,2024-12-12,"7.11.2.b"
"C28470",1,0,2024-12-08,2024-12-14,"7.11.2.b"
"C28470",1,0,2024-12-09,2024-12-15,"7.11.2.b"
"C28470",1,0,2024-12-11,2024-12-17,"7.11.2.b"
"C28470",1,0,2024-12-14,2024-12-20,"7.11.2.b"
"C28470",1,0,2024-12-15,2024-12-21,"7.11.2.b"
"C28470",1,0,2024-12-16,2024-12-22,"7.11.2.b"
"C28470",1,0,2024-12-17,2024-12-23,"7.11.2.b"
"C28470",1,0,2024-12-18,2024-12-24,"7.11.2.b"
"C28470",1,0,2024-12-20,2024-12-26,"7.11.2.b"
"C28470",1,0,2024-12-21,2024-12-27,"7.11.2.b"
"C28470",1,0,2024-12-22,2024-12-28,"7.11.2.b"
"C28470",1,0,2024-12-22,2025-07-08,"7.11.2.a"
"C28470",1,0,2024-12-26,2025-01-01,"7.11.2.b"
"C28470",1,0,2024-12-30,2025-01-05,"7.11.2.b"
"C28470",1,0,2025-01-01,2025-01-07,"7.11.2.b"
"C28470",1,0,2025-01-02,2025-01-08,"7.11.2.b"
"C28470",1,0,2025-01-03,2025-01-09,"7.11.2.b"
"C28470",1,0,2025-01-04,2025-01-10,"7.11.2.b"
"C28470",1,0,2025-01-06,2025-01-12,"7.11.2.b"
"C28470",1,0,2025-01-07,2025-01-13,"7.11.2.b"
"C28470",1,0,2025-01-08,2025-01-14,"7.11.2.b"
"C28470",1,0,2025-01-09,2025-01-15,"7.11.2.b"
"C28470",1,0,2025-01-10,2025-01-16,"7.11.2.b"
"C28470",1,0,2025-07-03,2026-03-25,"7.11.2.a"
"C28515",1,-1,2024-10-15,2025-02-23,"7.11.2.a"
"C28515",1,-1,2024-11-30,2025-07-01,"7.11.2.a"
"C28515",1,-1,2025-02-18,2025-04-23,"7.11.2.a"
"C28530",1,-1,2024-10-19,2025-02-23,"7.11.2.a"
"C28530",1,-1,2025-02-18,2025-05-05,"7.11.2.a"
"C28530",1,-1,2025-02-23,2025-08-25,"7.11.2.a"
"C28533",1,-1,2024-10-18,2024-10-24,"7.11.2.b"
"C28533",1,-1,2024-10-22,2024-10-28,"7.11.2.b"
"C28533",1,-1,2024-10-25,2024-10-31,"7.11.2.b"
"C28533",1,-1,2024-10-26,2024-11-01,"7.11.2.b"
"C28533",1,-1,2024-11-04,2024-11-11,"7.11.2.a"
"C28533",1,-1,2024-11-09,2024-11-22,"7.11.2.a"
"C28533",1,-1,2024-11-19,2024-11-27,"7.11.2.a"
"C28533",1,-1,2024-11-24,2024-12-07,"7.11.2.a"
"C28533",1,-1,2024-12-02,2024-12-15,"7.11.2.a"
"C28533",1,-1,2024-12-11,2025-01-02,"7.11.2.a"
"C28533",1,-1,2024-12-28,2025-01-10,"7.11.2.a"
"C28533",1,-1,2025-01-08,2025-01-28,"7.11.2.a"
"C28533",1,-1,2025-01-28,2025-02-03,"7.11.2.b"
"C28533",1,-1,2025-01-29,2025-02-04,"7.11.2.b"
"C28533",1,-1,2025-01-30,2025-02-05,"7.11.2.b"
"C28533",1,-1,2025-01-31,2025-02-06,"7.11.2.b"
"C28533",1,-1,2025-02-02,2025-02-08,"7.11.2.b"
"C28533",1,-1,2025-02-04,2025-02-10,"7.11.2.b"
"C28533",1,-1,2025-02-05,2025-02-11,"7.11.2.b"
"C28533",1,0,2024-10-18,2024-10-24,"7.11.2.b"
"C28533",1,0,2024-10-22,2024-10-28,"7.11.2.b"
"C28533",1,0,2024-10-25,2024-10-31,"7.11.2.b"
"C28533",1,0,2024-10-26,2024-11-01,"7.11.2.b"
"C28533",1,0,2024-11-04,2024-11-11,"7.11.2.a"
"C28533",1,0,2024-11-09,2024-11-22,"7.11.2.a"
"C28533",1,0,2024-11-19,2024-11-27,"7.11.2.a"
"C28533",1,0,2024-11-24,2024-12-07,"7.11.2.a"
"C28533",1,0,2024-12-02,2024-12-15,"7.11.2.a"
"C28533",1,0,2024-12-11,2025-01-02,"7.11.2.a"
"C28533",1,0,2024-12-28,2025-01-10,"7.11.2.a"
"C28533",1,0,2025-01-08,2025-01-28,"7.11.2.a"
"C28533",1,0,2025-01-28,2025-02-03,"7.11.2.b"
"C28533",1,0,2025-01-29,2025-02-04,"7.11.2.b"
"C28533",1,0,2025-01-30,2025-02-05,"7.11.2.b"
"C28533",1,0,2025-01-31,2025-02-06,"7.11.2.b"
"C28533",1,0,2025-02-02,2025-02-08,"7.11.2.b"
"C28533",1,0,2025-02-04,2025-02-10,"7.11.2.b"
"C28533",1,0,2025-02-05,2025-02-11,"7.11.2.b"
"C28533",1,0,2025-04-09,2025-04-15,"7.11.2.b"
"C28533",1,0,2025-04-14,2025-04-20,"7.11.2.b"
"C28533",1,0,2025-05-09,2025-05-15,"7.11.2.b"
"C28533",1,0,2025-05-22,2025-05-28,"7.11.2.b"
"C28533",1,0,2025-05-26,2025-06-01,"7.11.2.b"
"C28533",1,0,2025-05-28,2025-06-03,"7.11.2.b"
"C28533",1,0,2025-05-29,2025-06-04,"7.11.2.b"
"C28533",1,0,2025-06-02,2025-06-08,"7.11.2.b"
"C28533",1,0,2025-06-04,2025-06-10,"7.11.2.b"
"C28533",1,0,2025-06-05,2025-06-11,"7.11.2.b"
"C28533",1,0,2025-06-07,2025-06-13,"7.11.2.b"
"C28533",1,0,2025-11-10,2025-11-22,"7.11.2.a"
"C28533",1,0,2025-11-18,2025-12-01,"7.11.2.a"
"C28533",1,0,2025-11-29,2025-12-06,"7.11.2.a"
"C28533",1,0,2025-12-04,2025-12-26,"7.11.2.a"
"C28536",2,0,2024-10-25,2024-10-31,"7.11.2.b"
"C28536",2,0,2024-10-31,2024-11-06,"7.11.2.b"
"C28536",2,0,2024-11-05,2024-11-11,"7.11.2.b"
"C28536",2,0,2024-11-06,2024-11-12,"7.11.2.b"
"C28536",2,0,2024-11-08,2024-11-14,"7.11.2.b"
"C28536",2,0,2024-11-10,2025-11-21,"7.11.2.a"
"C28536",2,0,2024-11-17,2024-11-23,"7.11.2.b"
"C28536",2,0,2024-11-18,2024-11-24,"7.11.2.b"
"C28536",2,0,2024-11-28,2024-12-04,"7.11.2.b"
"C28536",2,0,2024-12-02,2024-12-08,"7.11.2.b"
"C28536",2,0,2024-12-10,2024-12-16,"7.11.2.b"
"C28536",2,0,2024-12-11,2024-12-17,"7.11.2.b"
"C28536",2,0,2024-12-12,2024-12-18,"7.11.2.b"
"C28536",2,0,2024-12-19,2024-12-25,"7.11.2.b"
"C28536",2,0,2024-12-27,2025-01-02,"7.11.2.b"
"C28572",1,-1,2024-10-20,2024-10-26,"7.11.2.b"
"C28572",1,-1,2024-10-21,2024-10-27,"7.11.2.b"
"C28572",1,-1,2024-10-22,2024-10-28,"7.11.2.b"
"C28572",1,-1,2024-10-26,2024-11-01,"7.11.2.b"
"C28572",1,-1,2024-10-27,2024-11-02,"7.11.2.b"
"C28572",1,-1,2024-11-04,2024-11-10,"7.11.2.b"
"C28572",1,-1,2024-11-08,2024-11-14,"7.11.2.b"
"C28572",1,-1,2024-11-14,2024-11-20,"7.11.2.b"
"C28572",1,-1,2024-11-15,2024-11-21,"7.11.2.b"
"C28572",1,-1,2024-11-16,2024-11-22,"7.11.2.b"
"C28572",1,-1,2024-11-17,2024-11-23,"7.11.2.b"
"C28572",1,-1,2024-11-18,2024-11-24,"7.11.2.b"
"C28572",1,-1,2024-11-19,2024-11-25,"7.11.2.b"
"C28572",1,-1,2024-11-20,2024-11-26,"7.11.2.b"
"C28572",1,-1,2024-11-21,2024-11-27,"7.11.2.b"
"C28572",1,-1,2024-11-22,2024-11-28,"7.11.2.b"
"C28572",1,-1,2024-11-23,2024-11-29,"7.11.2.b"
"C28572",1,-1,2024-11-24,2024-11-30,"7.11.2.b"
"C28572",1,-1,2024-11-25,2024-12-01,"7.11.2.b"
"C28572",1,-1,2024-11-26,2024-12-02,"7.11.2.b"
"C28572",1,-1,2024-11-27,2024-12-03,"7.11.2.b"
"C28572",1,-1,2024-11-28,2024-12-04,"7.11.2.b"
"C28572",1,-1,2024-11-29,2024-12-05,"7.11.2.b"
"C28572",1,-1,2024-11-30,2024-12-06,"7.11.2.b"
"C28572",1,-1,2024-12-01,2024-12-07,"7.11.2.b"
"C28572",1,-1,2024-12-02,2024-12-08,"7.11.2.b"
"C28572",1,-1,2024-12-03,2024-12-09,"7.11.2.b"
"C28572",1,-1,2024-12-03,2025-07-18,"7.11.2.a"
"C28572",1,-1,2024-12-04,2024-12-10,"7.11.2.b"
"C28572",1,-1,2024-12-05,2024-12-11,"7.11.2.b"
"C28572",1,-1,2024-12-06,2024-12-12,"7.11.2.b"
"C28572",1,-1,2024-12-07,2024-12-13,"7.11.2.b"
"C28572",1,-1,2024-12-08,2024-12-14,"7.11.2.b"
"C28572",1,-1,2024-12-10,2024-12-16,"7.11.2.b"
"C28572",1,-1,2024-12-11,2024-12-17,"7.11.2.b"
"C28572",1,-1,2024-12-12,2024-12-18,"7.11.2.b"
"C28572",1,-1,2024-12-13,2024-12-19,"7.11.2.b"
"C28572",1,-1,2024-12-14,2024-12-20,"7.11.2.b"
"C28572",1,-1,2024-12-15,2024-12-21,"7.11.2.b"
"C28572",1,-1,2024-12-16,2024-12-22,"7.11.2.b"
"C28572",1,-1,2024-12-18,2024-12-24,"7.11.2.b"
"C28572",1,-1,2024-12-19,2024-12-25,"7.11.2.b"
"C28572",1,-1,2024-12-20,2024-12-26,"7.11.2.b"
"C28572",1,-1,2024-12-27,2025-02-10,"7.11.2.a"
"C28572",1,-1,2025-02-06,2025-02-12,"7.11.2.b"
"C28572",1,-1,2025-02-07,2025-02-13,"7.11.2.b"
"C28572",1,-1,2025-02-08,2025-02-14,"7.11.2.b"
"C28572",1,-1,2025-02-09,2025-02-15,"7.11.2.b"
"C28578",1,0,2025-09-18,2025-12-21,"7.11.2.a"
"C28578",1,0,2025-12-15,2026-03-26,"7.11.2.a"
"C28584",1,-1,2024-10-17,2025-01-15,"7.11.2.a"
"C28584",1,-1,2024-11-25,2025-03-26,"7.11.2.a"
"C28596",1,0,2024-10-15,2024-12-31,"7.11.2.a"
"C28596",1,0,2025-03-22,2025-07-01,"7.11.2.a"
"C28596",1,0,2025-04-11,2025-05-19,"7.11.2.a"
"C28596",1,0,2025-09-04,2025-09-25,"7.11.2.a"
"C28596",1,0,2025-09-19,2026-03-30,"7.11.2.a"
"C28605",1,0,2024-12-01,2025-02-06,"7.11.2.a"
"C28605",1,0,2025-02-04,2025-02-10,"7.11.2.b"
"C28605",1,0,2025-02-05,2025-02-11,"7.11.2.b"
"C28605",1,0,2025-02-07,2025-02-13,"7.11.2.b"
"C28605",1,0,2025-02-08,2025-02-14,"7.11.2.b"
"C28605",1,0,2025-02-10,2025-02-16,"7.11.2.b"
"C28605",1,0,2025-02-11,2025-02-17,"7.11.2.b"
"C28605",1,0,2025-02-12,2025-02-18,"7.11.2.b"
"C28605",1,0,2025-02-13,2025-02-19,"7.11.2.b"
"C28605",1,0,2025-02-14,2025-02-20,"7.11.2.b"
"C28605",1,0,2025-02-19,2025-02-25,"7.11.2.b"
"C28605",1,0,2025-02-20,2025-02-26,"7.11.2.b"
"C28605",1,0,2025-02-22,2025-02-28,"7.11.2.b"
"C28605",1,0,2025-02-23,2025-03-01,"7.11.2.b"
"C28605",1,0,2025-02-24,2025-03-02,"7.11.2.b"
"C28605",1,0,2025-02-26,2025-03-04,"7.11.2.b"
"C28605",1,0,2025-02-28,2025-03-06,"7.11.2.b"
"C28605",1,0,2025-03-01,2025-03-07,"7.11.2.b"
"C28605",1,0,2025-03-02,2025-03-08,"7.11.2.b"
"C28605",1,0,2025-03-04,2025-03-10,"7.11.2.b"
"C28605",1,0,2025-03-05,2025-03-11,"7.11.2.b"
"C28605",1,0,2025-03-06,2025-03-12,"7.11.2.b"
"C28605",1,0,2025-03-07,2025-03-13,"7.11.2.b"
"C28605",1,0,2025-03-08,2025-03-14,"7.11.2.b"
"C28605",1,0,2025-03-09,2025-03-15,"7.11.2.b"
"C28605",1,0,2025-03-11,2025-03-17,"7.11.2.b"
"C28605",1,0,2025-03-12,2025-03-18,"7.11.2.b"
"C28605",1,0,2025-03-13,2025-03-19,"7.11.2.b"
"C28605",1,0,2025-03-14,2025-03-20,"7.11.2.b"
"C28605",1,0,2025-03-15,2025-03-21,"7.11.2.b"
"C28605",1,0,2025-03-16,2025-03-22,"7.11.2.b"
"C28605",1,0,2025-03-17,2025-03-23,"7.11.2.b"
"C28605",1,0,2025-03-18,2025-03-24,"7.11.2.b"
"C28605",1,0,2025-03-19,2025-03-25,"7.11.2.b"
"C28605",1,0,2025-03-20,2025-03-26,"7.11.2.b"
"C28605",1,0,2025-03-21,2025-03-27,"7.11.2.b"
"C28605",1,0,2025-03-22,2025-03-28,"7.11.2.b"
"C28605",1,0,2025-03-23,2025-03-29,"7.11.2.b"
"C28605",1,0,2025-03-24,2025-03-30,"7.11.2.b"
"C28605",1,0,2025-03-24,2025-12-29,"7.11.2.a"
"C28605",1,0,2025-03-25,2025-03-31,"7.11.2.b"
"C28605",1,0,2025-03-26,2025-04-01,"7.11.2.b"
"C28605",1,0,2025-03-27,2025-04-02,"7.11.2.b"
"C28620",1,0,2024-10-21,2024-10-30,"7.11.2.a"
"C28620",1,0,2024-10-24,2025-11-09,"7.11.2.a"
"C28713",3,0,2024-10-25,2024-12-13,"7.11.2.a"
"C28713",3,0,2025-01-23,2025-03-26,"7.11.2.a"
"C28713",3,0,2025-03-01,2026-01-21,"7.11.2.a"
"C28722",1,0,2025-06-27,2025-11-30,"7.11.2.a"
"C28722",1,0,2026-01-07,2026-01-24,"7.11.2.a"
"C28722",1,0,2026-01-22,2026-03-05,"7.11.2.a"
"C28764",1,0,2024-10-27,2024-11-23,"7.11.2.a"
"C28764",1,0,2024-11-17,2025-01-16,"7.11.2.a"
"C28764",1,0,2025-02-11,2025-07-14,"7.11.2.a"
"C28764",1,0,2025-03-01,2025-03-07,"7.11.2.b"
"C28764",1,0,2025-03-03,2025-03-09,"7.11.2.b"
"C28764",1,0,2025-03-05,2025-03-11,"7.11.2.b"
"C28764",1,0,2025-03-06,2025-03-12,"7.11.2.b"
"C28764",1,0,2025-03-07,2025-03-13,"7.11.2.b"
"C28764",1,0,2025-03-08,2025-03-14,"7.11.2.b"
"C28764",1,0,2025-03-09,2025-03-15,"7.11.2.b"
"C28764",1,0,2025-03-10,2025-03-16,"7.11.2.b"
"C28764",1,0,2025-03-11,2025-03-17,"7.11.2.b"
"C28764",1,0,2025-03-15,2025-03-21,"7.11.2.b"
"C28764",1,0,2025-03-16,2025-03-22,"7.11.2.b"
"C28764",1,0,2025-03-20,2025-03-26,"7.11.2.b"
"C28764",1,0,2025-03-22,2025-03-28,"7.11.2.b"
"C28764",1,0,2025-03-23,2025-03-29,"7.11.2.b"
"C28764",1,0,2025-04-10,2025-04-16,"7.11.2.b"
"C28764",1,0,2025-04-16,2025-04-22,"7.11.2.b"
"C28764",1,0,2025-04-18,2025-04-24,"7.11.2.b"
"C28764",1,0,2025-04-22,2025-04-28,"7.11.2.b"
"C28764",1,0,2025-04-25,2025-05-01,"7.11.2.b"
"C28764",1,0,2025-04-26,2025-05-02,"7.11.2.b"
"C28764",1,0,2025-04-28,2025-05-04,"7.11.2.b"
"C28764",1,0,2025-05-15,2025-05-21,"7.11.2.b"
"C28764",1,0,2025-05-18,2025-05-24,"7.11.2.b"
"C28764",1,0,2025-05-22,2025-05-28,"7.11.2.b"
"C28764",1,0,2025-05-25,2025-05-31,"7.11.2.b"
"C28764",1,0,2025-06-02,2025-06-08,"7.11.2.b"
"C28764",1,0,2025-06-03,2025-06-09,"7.11.2.b"
"C28764",1,0,2025-06-05,2025-06-11,"7.11.2.b"
"C28764",1,0,2025-06-14,2025-06-20,"7.11.2.b"
"C28764",1,0,2025-06-19,2025-06-25,"7.11.2.b"
"C28764",1,0,2025-11-25,2026-03-14,"7.11.2.a"
"C28764",1,0,2026-02-09,2026-03-17,"7.11.2.a"
"C28815",1,0,2024-10-25,2024-11-07,"7.11.2.a"
"C28815",1,0,2024-11-01,2025-01-24,"7.11.2.a"
"C28815",1,0,2025-01-19,2026-02-01,"7.11.2.a"
"C28839",1,0,2025-10-14,2025-10-20,"7.11.2.b"
"C28839",1,0,2025-10-16,2025-10-22,"7.11.2.b"
"C28839",1,0,2025-10-17,2025-10-23,"7.11.2.b"
"C28839",1,0,2025-10-18,2025-10-24,"7.11.2.b"
"C28839",1,0,2025-10-20,2025-10-26,"7.11.2.b"
"C28839",1,0,2025-10-21,2025-10-27,"7.11.2.b"
"C28839",1,0,2025-10-25,2025-10-31,"7.11.2.b"
"C28839",1,0,2025-10-26,2025-11-01,"7.11.2.b"
"C28839",1,0,2025-10-31,2025-11-06,"7.11.2.b"
"C28839",1,0,2025-11-01,2025-11-07,"7.11.2.b"
"C28839",1,0,2025-11-11,2025-11-17,"7.11.2.b"
"C28839",1,0,2025-11-13,2025-11-19,"7.11.2.b"
"C28839",1,0,2025-11-15,2025-11-21,"7.11.2.b"
"C28839",1,0,2025-11-17,2025-11-23,"7.11.2.b"
"C28839",1,0,2025-11-18,2025-11-24,"7.11.2.b"
"C28839",1,0,2025-11-20,2025-11-26,"7.11.2.b"
"C28839",1,0,2025-11-21,2025-11-27,"7.11.2.b"
"C28839",1,0,2025-11-22,2025-11-28,"7.11.2.b"
"C28839",1,0,2025-11-27,2025-12-03,"7.11.2.b"
"C28890",1,-1,2024-11-02,2025-01-02,"7.11.2.a"
"C28890",1,-1,2024-11-30,2025-03-04,"7.11.2.a"
"C28893",1,0,2024-11-04,2024-12-04,"7.11.2.a"
"C28893",1,0,2025-02-03,2025-02-27,"7.11.2.a"
"C28893",1,0,2025-03-07,2025-04-24,"7.11.2.a"
"C28893",1,0,2025-05-19,2025-06-07,"7.11.2.a"
"C28893",1,0,2025-06-26,2025-07-21,"7.11.2.a"
"C28893",1,0,2025-07-17,2025-08-07,"7.11.2.a"
"C28893",1,0,2025-09-11,2025-09-24,"7.11.2.a"
"C28893",1,0,2025-09-20,2025-10-15,"7.11.2.a"
"C28893",1,0,2025-10-10,2025-11-24,"7.11.2.a"
"C28896",1,0,2024-11-01,2025-02-14,"7.11.2.a"
"C28896",1,0,2025-02-09,2026-02-26,"7.11.2.a"
"C28899",1,-1,2024-11-03,2025-02-23,"7.11.2.a"
"C28899",1,-1,2025-02-17,2025-03-07,"7.11.2.a"
"C28914",1,-1,2024-11-04,2024-11-11,"7.11.2.a"
"C28914",1,-1,2024-11-06,2024-11-12,"7.11.2.b"
"C28914",1,-1,2024-11-07,2024-11-13,"7.11.2.b"
"C28914",1,-1,2024-11-08,2024-11-14,"7.11.2.b"
"C28914",1,-1,2024-11-09,2024-11-15,"7.11.2.b"
"C28914",1,-1,2024-11-10,2024-11-16,"7.11.2.b"
"C28914",1,-1,2024-11-11,2024-11-17,"7.11.2.b"
"C28914",1,-1,2024-11-12,2024-11-18,"7.11.2.b"
"C28914",1,-1,2024-11-13,2024-11-19,"7.11.2.b"
"C28914",1,-1,2024-11-14,2024-11-20,"7.11.2.b"
"C28914",1,-1,2024-11-15,2024-11-21,"7.11.2.b"
"C28914",1,-1,2024-11-16,2024-11-22,"7.11.2.b"
"C28914",1,-1,2024-11-18,2024-11-24,"7.11.2.b"
"C28914",1,-1,2024-11-19,2024-11-25,"7.11.2.b"
"C28914",1,-1,2024-11-20,2024-11-26,"7.11.2.b"
"C28914",1,-1,2024-11-21,2024-11-27,"7.11.2.b"
"C28914",1,-1,2024-11-22,2024-11-28,"7.11.2.b"
"C28914",1,-1,2024-11-23,2024-11-29,"7.11.2.b"
"C28914",1,-1,2024-11-24,2024-11-30,"7.11.2.b"
"C28914",1,-1,2024-11-25,2024-12-01,"7.11.2.b"
"C28914",1,-1,2024-11-26,2024-12-02,"7.11.2.b"
"C28914",1,-1,2024-11-27,2024-12-03,"7.11.2.b"
"C28914",1,-1,2024-11-28,2024-12-04,"7.11.2.b"
"C28914",1,-1,2024-11-29,2024-12-05,"7.11.2.b"
"C28914",1,-1,2024-11-30,2024-12-06,"7.11.2.b"
"C28914",1,-1,2024-12-01,2024-12-07,"7.11.2.b"
"C28914",1,-1,2024-12-02,2024-12-08,"7.11.2.b"
"C28914",1,-1,2024-12-03,2024-12-09,"7.11.2.b"
"C28914",1,-1,2024-12-04,2024-12-10,"7.11.2.b"
"C28914",1,-1,2024-12-05,2024-12-11,"7.11.2.b"
"C28914",1,-1,2024-12-06,2024-12-12,"7.11.2.b"
"C28914",1,-1,2024-12-07,2024-12-13,"7.11.2.b"
"C28914",1,-1,2024-12-08,2024-12-14,"7.11.2.b"
"C28914",1,-1,2024-12-09,2024-12-15,"7.11.2.b"
"C28914",1,-1,2024-12-10,2024-12-16,"7.11.2.b"
"C28914",1,-1,2024-12-11,2024-12-17,"7.11.2.b"
"C28914",1,-1,2024-12-12,2024-12-18,"7.11.2.b"
"C28914",1,-1,2024-12-13,2024-12-19,"7.11.2.b"
"C28914",1,-1,2024-12-14,2024-12-20,"7.11.2.b"
"C28914",1,-1,2024-12-15,2024-12-21,"7.11.2.b"
"C28914",1,-1,2024-12-16,2024-12-22,"7.11.2.b"
"C28914",1,-1,2024-12-17,2024-12-23,"7.11.2.b"
"C28914",1,0,2024-11-04,2024-11-11,"7.11.2.a"
"C28914",1,0,2024-11-06,2024-11-12,"7.11.2.b"
"C28914",1,0,2024-11-07,2024-11-13,"7.11.2.b"
"C28914",1,0,2024-11-08,2024-11-14,"7.11.2.b"
"C28914",1,0,2024-11-09,2024-11-15,"7.11.2.b"
"C28914",1,0,2024-11-10,2024-11-16,"7.11.2.b"
"C28914",1,0,2024-11-11,2024-11-17,"7.11.2.b"
"C28914",1,0,2024-11-12,2024-11-18,"7.11.2.b"
"C28914",1,0,2024-11-13,2024-11-19,"7.11.2.b"
"C28914",1,0,2024-11-14,2024-11-20,"7.11.2.b"
"C28914",1,0,2024-11-15,2024-11-21,"7.11.2.b"
"C28914",1,0,2024-11-16,2024-11-22,"7.11.2.b"
"C28914",1,0,2024-11-18,2024-11-24,"7.11.2.b"
"C28914",1,0,2024-11-19,2024-11-25,"7.11.2.b"
"C28914",1,0,2024-11-20,2024-11-26,"7.11.2.b"
"C28914",1,0,2024-11-21,2024-11-27,"7.11.2.b"
"C28914",1,0,2024-11-22,2024-11-28,"7.11.2.b"
"C28914",1,0,2024-11-23,2024-11-29,"7.11.2.b"
"C28914",1,0,2024-11-24,2024-11-30,"7.11.2.b"
"C28914",1,0,2024-11-25,2024-12-01,"7.11.2.b"
"C28914",1,0,2024-11-26,2024-12-02,"7.11.2.b"
"C28914",1,0,2024-11-27,2024-12-03,"7.11.2.b"
"C28914",1,0,2024-11-28,2024-12-04,"7.11.2.b"
"C28914",1,0,2024-11-29,2024-12-05,"7.11.2.b"
"C28914",1,0,2024-11-30,2024-12-06,"7.11.2.b"
"C28914",1,0,2024-12-01,2024-12-07,"7.11.2.b"
"C28914",1,0,2024-12-02,2024-12-08,"7.11.2.b"
"C28914",1,0,2024-12-03,2024-12-09,"7.11.2.b"
"C28914",1,0,2024-12-04,2024-12-10,"7.11.2.b"
"C28914",1,0,2024-12-05,2024-12-11,"7.11.2.b"
"C28914",1,0,2024-12-06,2024-12-12,"7.11.2.b"
"C28914",1,0,2024-12-07,2024-12-13,"7.11.2.b"
"C28914",1,0,2024-12-08,2024-12-14,"7.11.2.b"
"C28914",1,0,2024-12-09,2024-12-15,"7.11.2.b"
"C28914",1,0,2024-12-10,2024-12-16,"7.11.2.b"
"C28914",1,0,2024-12-11,2024-12-17,"7.11.2.b"
"C28914",1,0,2024-12-12,2024-12-18,"7.11.2.b"
"C28914",1,0,2024-12-13,2024-12-19,"7.11.2.b"
"C28914",1,0,2024-12-14,2024-12-20,"7.11.2.b"
"C28914",1,0,2024-12-15,2024-12-21,"7.11.2.b"
"C28914",1,0,2024-12-16,2024-12-22,"7.11.2.b"
"C28914",1,0,2024-12-17,2024-12-23,"7.11.2.b"
"C28914",1,0,2025-03-15,2025-03-21,"7.11.2.b"
"C28914",1,0,2025-03-16,2025-03-22,"7.11.2.b"
"C28914",1,0,2025-03-17,2025-03-23,"7.11.2.b"
"C28914",1,0,2025-03-18,2025-03-24,"7.11.2.b"
"C28914",1,0,2025-03-22,2025-03-28,"7.11.2.b"
"C28914",1,0,2025-03-25,2025-03-31,"7.11.2.b"
"C28914",1,0,2025-03-27,2025-07-05,"7.11.2.a"
"C28914",1,0,2025-04-03,2025-04-09,"7.11.2.b"
"C28914",1,0,2025-04-04,2025-04-10,"7.11.2.b"
"C28914",1,0,2025-04-05,2025-04-11,"7.11.2.b"
"C28914",1,0,2025-04-06,2025-04-12,"7.11.2.b"
"C28914",1,0,2025-04-07,2025-04-13,"7.11.2.b"
"C28914",1,0,2025-04-08,2025-04-14,"7.11.2.b"
"C28914",1,0,2025-04-09,2025-04-15,"7.11.2.b"
"C28914",1,0,2025-04-10,2025-04-16,"7.11.2.b"
"C28914",1,0,2025-04-11,2025-04-17,"7.11.2.b"
"C28914",1,0,2025-04-12,2025-04-18,"7.11.2.b"
"C28914",1,0,2025-04-14,2025-04-20,"7.11.2.b"
"C28914",1,0,2025-04-16,2025-04-22,"7.11.2.b"
"C28914",1,0,2025-04-19,2025-04-25,"7.11.2.b"
"C28914",1,0,2025-04-20,2025-04-26,"7.11.2.b"
"C28914",1,0,2025-04-22,2025-04-28,"7.11.2.b"
"C28914",1,0,2025-04-23,2025-04-29,"7.11.2.b"
"C28914",1,0,2025-04-24,2025-04-30,"7.11.2.b"
"C28914",1,0,2025-04-26,2025-05-02,"7.11.2.b"
"C28914",1,0,2025-04-27,2025-05-03,"7.11.2.b"
"C28914",1,0,2025-04-28,2025-05-04,"7.11.2.b"
"C28914",1,0,2025-04-29,2025-05-05,"7.11.2.b"
"C28914",1,0,2025-04-30,2025-05-06,"7.11.2.b"
"C28914",1,0,2025-05-01,2025-05-07,"7.11.2.b"
"C28914",1,0,2025-05-12,2025-05-18,"7.11.2.b"
"C28914",1,0,2025-05-19,2025-05-25,"7.11.2.b"
"C28914",1,0,2025-05-21,2025-05-27,"7.11.2.b"
"C28914",1,0,2025-05-24,2025-05-30,"7.11.2.b"
"C28914",1,0,2025-05-26,2025-06-01,"7.11.2.b"
"C28914",1,0,2025-05-30,2025-06-05,"7.11.2.b"
"C28914",1,0,2025-06-29,2025-10-24,"7.11.2.a"
"C28917",1,0,2024-11-08,2024-11-14,"7.11.2.b"
"C28917",1,0,2024-11-09,2024-11-15,"7.11.2.b"
"C28917",1,0,2024-11-10,2024-11-16,"7.11.2.b"
"C28917",1,0,2024-11-11,2024-11-17,"7.11.2.b"
"C28917",1,0,2024-11-12,2024-11-18,"7.11.2.b"
"C28917",1,0,2024-11-13,2024-11-19,"7.11.2.b"
"C28917",1,0,2024-11-16,2024-11-22,"7.11.2.b"
"C28917",1,0,2024-11-17,2024-11-23,"7.11.2.b"
"C28917",1,0,2024-11-18,2024-11-24,"7.11.2.b"
"C28917",1,0,2024-11-19,2024-11-25,"7.11.2.b"
"C28917",1,0,2024-11-20,2024-11-26,"7.11.2.b"
"C28917",1,0,2024-11-23,2024-11-29,"7.11.2.b"
"C28917",1,0,2024-11-24,2024-11-30,"7.11.2.b"
"C28917",1,0,2024-11-26,2024-12-02,"7.11.2.b"
"C28917",1,0,2024-11-29,2024-12-05,"7.11.2.b"
"C28917",1,0,2024-11-30,2024-12-06,"7.11.2.b"
"C28917",1,0,2024-12-02,2025-11-20,"7.11.2.a"
"C28917",1,0,2024-12-03,2024-12-09,"7.11.2.b"
"C28917",1,0,2024-12-05,2024-12-11,"7.11.2.b"
"C28917",1,0,2024-12-06,2024-12-12,"7.11.2.b"
"C29028",1,-1,2024-11-04,2024-12-11,"7.11.2.a"
"C29028",1,-1,2024-12-13,2025-01-31,"7.11.2.a"
"C29028",1,-1,2024-12-23,2025-01-30,"7.11.2.a"
"C29028",1,-1,2025-01-27,2025-08-21,"7.11.2.a"
"C29067",1,0,2024-11-07,2024-11-30,"7.11.2.a"
"C29067",1,0,2025-01-17,2025-01-23,"7.11.2.b"
"C29067",1,0,2025-01-19,2025-01-25,"7.11.2.b"
"C29067",1,0,2025-01-28,2025-02-03,"7.11.2.b"
"C29067",1,0,2025-02-04,2025-02-10,"7.11.2.b"
"C29067",1,0,2025-02-05,2025-02-11,"7.11.2.b"
"C29067",1,0,2025-02-07,2025-02-13,"7.11.2.b"
"C29067",1,0,2025-02-10,2025-02-16,"7.11.2.b"
"C29067",1,0,2025-02-20,2025-02-26,"7.11.2.b"
"C29067",1,0,2025-02-22,2025-02-28,"7.11.2.b"
"C29067",1,0,2025-02-23,2025-03-01,"7.11.2.b"
"C29067",1,0,2025-02-24,2025-03-02,"7.11.2.b"
"C29067",1,0,2025-02-25,2025-03-03,"7.11.2.b"
"C29067",1,0,2025-02-26,2025-03-04,"7.11.2.b"
"C29067",1,0,2025-02-27,2025-03-05,"7.11.2.b"
"C29067",1,0,2025-02-28,2025-03-06,"7.11.2.b"
"C29067",1,0,2025-03-01,2025-03-07,"7.11.2.b"
"C29067",1,0,2025-03-03,2025-03-09,"7.11.2.b"
"C29067",1,0,2025-03-07,2025-03-13,"7.11.2.b"
"C29067",1,0,2025-03-24,2025-03-30,"7.11.2.b"
"C29067",1,0,2025-03-30,2025-04-05,"7.11.2.b"
"C29067",1,0,2025-04-01,2025-04-07,"7.11.2.b"
"C29067",1,0,2025-04-02,2025-04-08,"7.11.2.b"
"C29067",1,0,2025-04-05,2025-04-11,"7.11.2.b"
"C29067",1,0,2025-11-09,2026-01-16,"7.11.2.a"
"C29067",1,0,2026-01-12,2026-01-19,"7.11.2.a"
"C29067",1,0,2026-01-15,2026-01-22,"7.11.2.a"
"C29067",1,0,2026-01-20,2026-01-27,"7.11.2.a"
"C29067",1,0,2026-01-24,2026-02-03,"7.11.2.a"
"C29073",1,0,2025-10-25,2025-11-23,"7.11.2.a"
"C29073",1,0,2025-11-21,2026-03-21,"7.11.2.a"
"C29091",1,0,2024-11-13,2024-11-19,"7.11.2.b"
"C29091",1,0,2024-11-14,2024-11-20,"7.11.2.b"
"C29091",1,0,2024-11-15,2024-11-21,"7.11.2.b"
"C29091",1,0,2024-11-16,2024-11-22,"7.11.2.b"
"C29091",1,0,2024-11-17,2024-11-23,"7.11.2.b"
"C29091",1,0,2024-11-18,2024-11-24,"7.11.2.b"
"C29091",1,0,2024-11-19,2024-11-25,"7.11.2.b"
"C29091",1,0,2024-11-20,2024-11-26,"7.11.2.b"
"C29091",1,0,2024-11-21,2024-11-27,"7.11.2.b"
"C29091",1,0,2024-11-22,2024-11-28,"7.11.2.b"
"C29091",1,0,2024-11-23,2024-11-29,"7.11.2.b"
"C29091",1,0,2024-11-24,2024-11-30,"7.11.2.b"
"C29091",1,0,2024-11-25,2024-12-01,"7.11.2.b"
"C29091",1,0,2024-11-26,2024-12-02,"7.11.2.b"
"C29091",1,0,2024-11-26,2025-07-12,"7.11.2.a"
"C29091",1,0,2024-11-27,2024-12-03,"7.11.2.b"
"C29091",1,0,2024-11-28,2024-12-04,"7.11.2.b"
"C29091",1,0,2024-11-30,2024-12-06,"7.11.2.b"
"C29091",1,0,2024-12-02,2024-12-08,"7.11.2.b"
"C29091",1,0,2024-12-03,2024-12-09,"7.11.2.b"
"C29091",1,0,2024-12-04,2024-12-10,"7.11.2.b"
"C29091",1,0,2024-12-05,2024-12-11,"7.11.2.b"
"C29091",1,0,2024-12-06,2024-12-12,"7.11.2.b"
"C29091",1,0,2024-12-07,2024-12-13,"7.11.2.b"
"C29091",1,0,2024-12-08,2024-12-14,"7.11.2.b"
"C29091",1,0,2024-12-09,2024-12-15,"7.11.2.b"
"C29091",1,0,2024-12-13,2024-12-19,"7.11.2.b"
"C29091",1,0,2024-12-14,2024-12-20,"7.11.2.b"
"C29091",1,0,2024-12-21,2024-12-27,"7.11.2.b"
"C29091",1,0,2024-12-25,2024-12-31,"7.11.2.b"
"C29091",1,0,2024-12-29,2025-01-04,"7.11.2.b"
"C29091",1,0,2025-01-03,2025-01-09,"7.11.2.b"
"C29091",1,0,2025-01-07,2025-01-13,"7.11.2.b"
"C29091",1,0,2025-01-08,2025-01-14,"7.11.2.b"
"C29091",1,0,2025-01-10,2025-01-16,"7.11.2.b"
"C29091",1,0,2025-01-11,2025-01-17,"7.11.2.b"
"C29091",1,0,2025-01-13,2025-01-19,"7.11.2.b"
"C29091",1,0,2025-01-14,2025-01-20,"7.11.2.b"
"C29091",1,0,2025-02-18,2025-02-24,"7.11.2.b"
"C29091",1,0,2025-07-06,2025-11-13,"7.11.2.a"
"C29091",1,0,2025-11-10,2025-11-28,"7.11.2.a"
"C29091",1,0,2025-11-23,2025-11-29,"7.11.2.b"
"C29091",1,0,2025-11-29,2025-12-18,"7.11.2.a"
"C29121",1,0,2024-11-15,2024-12-26,"7.11.2.a"
"C29121",1,0,2024-11-18,2025-10-29,"7.11.2.a"
"C29130",1,0,2025-01-04,2025-01-14,"7.11.2.a"
"C29130",1,0,2025-01-09,2025-01-15,"7.11.2.b"
"C29130",1,0,2025-01-11,2025-01-17,"7.11.2.b"
"C29130",1,0,2025-01-20,2025-01-26,"7.11.2.b"
"C29130",1,0,2025-01-21,2025-01-27,"7.11.2.b"
"C29130",1,0,2025-01-23,2025-01-29,"7.11.2.b"
"C29130",1,0,2025-01-24,2025-01-30,"7.11.2.b"
"C29130",1,0,2025-01-25,2025-01-31,"7.11.2.b"
"C29130",1,0,2025-01-27,2025-02-02,"7.11.2.b"
"C29130",1,0,2025-02-05,2025-02-11,"7.11.2.b"
"C29130",1,0,2025-02-07,2025-02-13,"7.11.2.b"
"C29130",1,0,2025-04-17,2025-04-23,"7.11.2.b"
"C29130",1,0,2026-01-10,2026-01-16,"7.11.2.b"
"C29130",1,0,2026-01-11,2026-01-17,"7.11.2.b"
"C29130",1,0,2026-01-13,2026-01-19,"7.11.2.b"
"C29130",1,0,2026-01-18,2026-01-24,"7.11.2.b"
"C29130",1,0,2026-01-21,2026-01-27,"7.11.2.b"
"C29130",1,0,2026-01-23,2026-01-29,"7.11.2.b"
"C29130",1,0,2026-01-27,2026-02-02,"7.11.2.b"
"C29130",1,0,2026-01-28,2026-02-03,"7.11.2.b"
"C29130",1,0,2026-01-30,2026-02-05,"7.11.2.b"
"C29130",1,0,2026-02-01,2026-02-07,"7.11.2.b"
"C29130",1,0,2026-02-02,2026-02-08,"7.11.2.b"
"C29130",1,0,2026-02-04,2026-02-10,"7.11.2.b"
"C29130",1,0,2026-02-05,2026-02-11,"7.11.2.b"
"C29130",1,0,2026-02-06,2026-02-12,"7.11.2.b"
"C29181",1,0,2024-11-17,2025-02-14,"7.11.2.a"
"C29181",1,0,2024-12-07,2025-11-27,"7.11.2.a"
"C29196",1,-1,2024-11-12,2025-02-23,"7.11.2.a"
"C29196",1,-1,2025-02-18,2025-06-04,"7.11.2.a"
"C29196",1,0,2024-11-12,2025-02-23,"7.11.2.a"
"C29196",1,0,2025-02-18,2025-06-04,"7.11.2.a"
"C29196",1,0,2025-08-21,2025-10-13,"7.11.2.a"
"C29196",1,0,2025-11-02,2025-12-21,"7.11.2.a"
"C29196",1,0,2025-12-19,2026-02-03,"7.11.2.a"
"C29334",1,0,2024-11-16,2025-01-27,"7.11.2.a"
"C29334",1,0,2025-09-21,2025-10-08,"7.11.2.a"
"C29334",1,0,2025-10-05,2025-10-31,"7.11.2.a"
"C29358",1,0,2024-11-16,2025-02-04,"7.11.2.a"
"C29358",1,0,2025-09-15,2026-01-21,"7.11.2.a"
"C29358",1,0,2026-01-18,2026-03-15,"7.11.2.a"
"C29382",1,-1,2024-11-19,2025-02-23,"7.11.2.a"
"C29382",1,-1,2025-01-24,2025-06-06,"7.11.2.a"
"C29382",1,-1,2025-02-18,2025-05-05,"7.11.2.a"
"C29391",1,0,2024-11-22,2024-12-17,"7.11.2.a"
"C29391",1,0,2024-11-25,2025-12-22,"7.11.2.a"
"C29451",1,-1,2025-01-08,2025-01-14,"7.11.2.b"
"C29451",1,-1,2025-01-12,2025-01-18,"7.11.2.b"
"C29451",1,-1,2025-01-19,2025-01-25,"7.11.2.b"
"C29451",1,-1,2025-01-20,2025-01-26,"7.11.2.b"
"C29451",1,-1,2025-01-21,2025-01-27,"7.11.2.b"
"C29451",1,-1,2025-01-27,2025-02-02,"7.11.2.b"
"C29451",1,0,2025-01-08,2025-01-14,"7.11.2.b"
"C29451",1,0,2025-01-12,2025-01-18,"7.11.2.b"
"C29451",1,0,2025-01-19,2025-01-25,"7.11.2.b"
"C29451",1,0,2025-01-20,2025-01-26,"7.11.2.b"
"C29451",1,0,2025-01-21,2025-01-27,"7.11.2.b"
"C29451",1,0,2025-01-27,2025-02-02,"7.11.2.b"
"C29451",1,0,2025-08-19,2025-08-25,"7.11.2.b"
"C29451",1,0,2025-08-20,2025-08-26,"7.11.2.b"
"C29451",1,0,2025-08-21,2025-08-27,"7.11.2.b"
"C29451",1,0,2025-10-04,2025-10-10,"7.11.2.b"
"C29451",1,0,2025-10-17,2025-10-23,"7.11.2.b"
"C29451",1,0,2025-10-18,2025-10-24,"7.11.2.b"
"C29451",1,0,2025-10-21,2025-10-27,"7.11.2.b"
"C29451",1,0,2025-10-24,2025-10-30,"7.11.2.b"
"C29451",1,0,2025-10-26,2025-11-01,"7.11.2.b"
"C29451",1,0,2025-10-27,2025-11-02,"7.11.2.b"
"C29451",1,0,2025-10-31,2025-11-06,"7.11.2.b"
"C29451",1,0,2025-11-01,2025-11-07,"7.11.2.b"
"C29451",1,0,2025-11-02,2025-11-08,"7.11.2.b"
"C29451",1,0,2025-11-03,2025-11-09,"7.11.2.b"
"C29451",1,0,2025-11-06,2025-11-12,"7.11.2.b"
"C29451",1,0,2025-11-23,2025-12-04,"7.11.2.a"
"C29451",1,0,2025-12-01,2025-12-21,"7.11.2.a"
"C29451",1,0,2025-12-20,2026-01-13,"7.11.2.a"
"C29466",1,0,2024-11-23,2024-12-04,"7.11.2.a"
"C29466",1,0,2024-11-29,2024-12-05,"7.11.2.b"
"C29466",1,0,2024-11-30,2025-02-12,"7.11.2.a"
"C29466",1,0,2025-01-18,2025-11-20,"7.11.2.a"
"C29478",1,0,2025-08-24,2025-09-22,"7.11.2.a"
"C29478",1,0,2025-09-18,2025-12-25,"7.11.2.a"
"C29562",1,-1,2024-11-29,2025-06-19,"7.11.2.a"
"C29562",1,-1,2025-06-13,2025-09-30,"7.11.2.a"
"C29571",1,0,2024-11-27,2025-07-17,"7.11.2.a"
"C29571",1,0,2024-12-27,2025-10-13,"7.11.2.a"
"C29616",1,0,2024-11-25,2024-12-18,"7.11.2.a"
"C29616",1,0,2025-09-04,2025-10-11,"7.11.2.a"
"C29616",1,0,2025-10-06,2025-10-30,"7.11.2.a"
"C29814",1,-1,2024-12-03,2025-01-20,"7.11.2.a"
"C29814",1,-1,2025-01-14,2025-09-17,"7.11.2.a"
"C29841",1,-1,2024-12-02,2025-02-23,"7.11.2.a"
"C29841",1,-1,2025-02-18,2025-04-14,"7.11.2.a"
"C29841",1,-1,2025-04-11,2025-04-17,"7.11.2.b"
"C29841",1,-1,2025-04-12,2025-04-18,"7.11.2.b"
"C29841",1,-1,2025-04-13,2025-04-19,"7.11.2.b"
"C29841",1,-1,2025-04-15,2025-04-21,"7.11.2.b"
"C29841",1,-1,2025-04-16,2025-04-22,"7.11.2.b"
"C29841",1,-1,2025-04-18,2025-04-24,"7.11.2.b"
"C29841",1,-1,2025-04-19,2025-04-25,"7.11.2.b"
"C29841",1,-1,2025-04-21,2025-04-27,"7.11.2.b"
"C29841",1,-1,2025-04-22,2025-04-28,"7.11.2.b"
"C29841",1,-1,2025-04-27,2025-05-03,"7.11.2.b"
"C29841",1,-1,2025-04-29,2025-05-05,"7.11.2.b"
"C29904",1,0,2025-05-16,2025-10-06,"7.11.2.a"
"C29904",1,0,2025-10-02,2025-10-27,"7.11.2.a"
"C29952",1,0,2024-12-08,2025-04-22,"7.11.2.a"
"C29952",1,0,2025-08-13,2025-09-09,"7.11.2.a"
"C29952",1,0,2025-10-06,2025-11-03,"7.11.2.a"
"C29952",1,0,2025-10-30,2026-01-01,"7.11.2.a"
"C30021",1,-1,2025-01-05,2025-03-06,"7.11.2.a"
"C30021",1,-1,2025-01-13,2025-07-21,"7.11.2.a"
"C30141",1,0,2024-12-22,2025-05-05,"7.11.2.a"
"C30141",1,0,2025-01-27,2026-02-12,"7.11.2.a"
"C30153",1,-1,2025-01-18,2025-01-24,"7.11.2.b"
"C30153",1,-1,2025-01-22,2025-01-28,"7.11.2.b"
"C30153",1,-1,2025-01-26,2025-08-26,"7.11.2.a"
"C30153",1,-1,2025-02-01,2025-02-07,"7.11.2.b"
"C30153",1,-1,2025-02-03,2025-02-09,"7.11.2.b"
"C30156",1,0,2025-11-23,2025-11-30,"7.11.2.a"
"C30156",1,0,2025-11-28,2025-12-17,"7.11.2.a"
"C30156",1,0,2025-12-20,2025-12-27,"7.11.2.a"
"C30156",1,0,2025-12-22,2026-01-04,"7.11.2.a"
"C30156",1,0,2026-01-01,2026-01-12,"7.11.2.a"
"C30156",1,0,2026-01-08,2026-01-15,"7.11.2.a"
"C30156",1,0,2026-01-10,2026-02-05,"7.11.2.a"
"C30156",1,0,2026-01-31,2026-02-06,"7.11.2.b"
"C30204",1,-1,2024-12-24,2025-01-28,"7.11.2.a"
"C30204",1,-1,2025-01-25,2025-03-04,"7.11.2.a"
"C30204",1,0,2024-12-24,2025-01-28,"7.11.2.a"
"C30204",1,0,2025-01-25,2025-03-04,"7.11.2.a"
"C30204",1,0,2025-03-14,2025-05-01,"7.11.2.a"
"C30216",1,-1,2024-12-31,2025-01-11,"7.11.2.a"
"C30216",1,-1,2025-01-05,2025-02-10,"7.11.2.a"
"C30216",1,-1,2025-01-10,2025-04-27,"7.11.2.a"
"C30222",1,-1,2024-12-19,2025-01-07,"7.11.2.a"
"C30222",1,-1,2025-01-01,2025-01-07,"7.11.2.b"
"C30222",1,-1,2025-01-03,2025-01-09,"7.11.2.b"
"C30222",1,-1,2025-01-04,2025-01-10,"7.11.2.b"
"C30222",1,-1,2025-01-06,2025-01-12,"7.11.2.b"
"C30312",1,-1,2024-11-10,2025-02-13,"7.11.2.a"
"C30312",1,-1,2024-12-30,2025-02-20,"7.11.2.a"
"C30312",1,-1,2025-01-18,2025-02-09,"7.11.2.a"
"C30384",1,-1,2025-01-01,2025-02-23,"7.11.2.a"
"C30384",1,-1,2025-02-16,2025-05-27,"7.11.2.a"
"C30384",1,-1,2025-02-18,2025-05-05,"7.11.2.a"
"C30435",1,0,2025-01-06,2025-01-28,"7.11.2.a"
"C30435",1,0,2025-06-12,2025-08-16,"7.11.2.a"
"C30435",1,0,2025-09-26,2025-10-18,"7.11.2.a"
"C30435",1,0,2025-10-16,2025-12-27,"7.11.2.a"
"C30456",1,0,2025-01-13,2025-03-06,"7.11.2.a"
"C30456",1,0,2025-09-05,2025-10-28,"7.11.2.a"
"C30456",1,0,2025-09-19,2025-11-19,"7.11.2.a"
"C30462",1,0,2025-04-20,2025-06-03,"7.11.2.a"
"C30462",1,0,2025-05-29,2025-12-02,"7.11.2.a"
"C30492",1,0,2025-01-14,2025-07-23,"7.11.2.a"
"C30492",1,0,2025-03-08,2025-12-05,"7.11.2.a"
"C30528",1,-1,2025-01-06,2025-02-08,"7.11.2.a"
"C30528",1,-1,2025-02-02,2025-07-08,"7.11.2.a"
"C30528",1,-1,2025-07-13,2025-07-26,"7.11.2.a"
"C30528",1,-1,2025-07-20,2025-08-21,"7.11.2.a"
"C30549",2,0,2025-02-08,2025-09-03,"7.11.2.a"
"C30549",2,0,2025-08-29,2026-01-27,"7.11.2.a"
"C30600",1,0,2025-04-26,2025-05-15,"7.11.2.a"
"C30600",1,0,2025-10-18,2025-11-16,"7.11.2.a"
"C30600",1,0,2025-11-13,2025-12-23,"7.11.2.a"
"C30603",1,0,2025-01-15,2025-03-28,"7.11.2.a"
"C30603",1,0,2025-03-06,2025-12-08,"7.11.2.a"
"C30606",1,0,2025-01-17,2025-02-21,"7.11.2.a"
"C30606",1,0,2025-01-21,2026-02-20,"7.11.2.a"
"C30657",1,0,2025-01-12,2025-03-26,"7.11.2.a"
"C30657",1,0,2025-03-06,2025-12-08,"7.11.2.a"
"C30711",1,-1,2025-01-22,2025-01-28,"7.11.2.b"
"C30711",1,-1,2025-01-25,2025-01-31,"7.11.2.b"
"C30711",1,-1,2025-01-29,2025-02-04,"7.11.2.b"
"C30711",1,-1,2025-01-30,2025-02-05,"7.11.2.b"
"C30711",1,-1,2025-01-31,2025-02-06,"7.11.2.b"
"C30711",1,-1,2025-02-02,2025-02-08,"7.11.2.b"
"C30711",1,-1,2025-02-03,2025-02-09,"7.11.2.b"
"C30711",1,-1,2025-02-04,2025-02-10,"7.11.2.b"
"C30711",1,-1,2025-02-06,2025-02-12,"7.11.2.b"
"C30711",1,-1,2025-02-07,2025-02-13,"7.11.2.b"
"C30711",1,-1,2025-02-08,2025-02-14,"7.11.2.b"
"C30711",1,-1,2025-02-09,2025-02-15,"7.11.2.b"
"C30711",1,-1,2025-02-10,2025-02-16,"7.11.2.b"
"C30711",1,-1,2025-02-11,2025-02-17,"7.11.2.b"
"C30714",1,0,2025-01-19,2025-01-25,"7.11.2.b"
"C30714",1,0,2025-01-20,2025-01-26,"7.11.2.b"
"C30714",1,0,2025-01-22,2025-01-28,"7.11.2.b"
"C30714",1,0,2025-01-23,2025-01-29,"7.11.2.b"
"C30714",1,0,2025-01-24,2025-01-30,"7.11.2.b"
"C30714",1,0,2025-01-26,2025-02-01,"7.11.2.b"
"C30714",1,0,2025-01-27,2025-02-02,"7.11.2.b"
"C30714",1,0,2025-01-28,2025-02-03,"7.11.2.b"
"C30714",1,0,2025-01-29,2025-02-04,"7.11.2.b"
"C30714",1,0,2025-01-30,2025-02-05,"7.11.2.b"
"C30714",1,0,2025-01-31,2025-02-06,"7.11.2.b"
"C30714",1,0,2025-02-01,2025-02-07,"7.11.2.b"
"C30714",1,0,2025-02-02,2025-02-08,"7.11.2.b"
"C30714",1,0,2025-02-03,2025-02-09,"7.11.2.b"
"C30714",1,0,2025-02-04,2025-02-10,"7.11.2.b"
"C30714",1,0,2025-02-04,2025-11-04,"7.11.2.a"
"C30714",1,0,2025-02-05,2025-02-11,"7.11.2.b"
"C30714",1,0,2025-02-06,2025-02-12,"7.11.2.b"
"C30714",1,0,2025-02-07,2025-02-13,"7.11.2.b"
"C30714",1,0,2025-02-08,2025-02-14,"7.11.2.b"
"C30714",1,0,2025-02-09,2025-02-15,"7.11.2.b"
"C30714",1,0,2025-02-10,2025-02-16,"7.11.2.b"
"C30714",1,0,2025-02-11,2025-02-17,"7.11.2.b"
"C30714",1,0,2025-02-12,2025-02-18,"7.11.2.b"
"C30714",1,0,2025-02-13,2025-02-19,"7.11.2.b"
"C30714",1,0,2025-02-14,2025-02-20,"7.11.2.b"
"C30714",1,0,2025-02-15,2025-02-21,"7.11.2.b"
"C30714",1,0,2025-02-16,2025-02-22,"7.11.2.b"
"C30714",1,0,2025-02-17,2025-02-23,"7.11.2.b"
"C30714",1,0,2025-02-18,2025-02-24,"7.11.2.b"
"C30714",1,0,2025-02-19,2025-02-25,"7.11.2.b"
"C30717",1,-1,2025-01-19,2025-01-25,"7.11.2.b"
"C30717",1,-1,2025-01-21,2025-01-27,"7.11.2.b"
"C30717",1,-1,2025-01-22,2025-01-28,"7.11.2.b"
"C30717",1,-1,2025-01-24,2025-01-30,"7.11.2.b"
"C30717",1,-1,2025-01-26,2025-02-01,"7.11.2.b"
"C30717",1,-1,2025-01-27,2025-02-02,"7.11.2.b"
"C30717",1,-1,2025-01-28,2025-02-03,"7.11.2.b"
"C30717",1,-1,2025-01-28,2025-09-22,"7.11.2.a"
"C30717",1,-1,2025-01-29,2025-02-04,"7.11.2.b"
"C30717",1,-1,2025-01-30,2025-02-05,"7.11.2.b"
"C30717",1,-1,2025-01-31,2025-02-06,"7.11.2.b"
"C30717",1,-1,2025-02-01,2025-02-07,"7.11.2.b"
"C30717",1,-1,2025-02-02,2025-02-08,"7.11.2.b"
"C30717",1,-1,2025-02-04,2025-02-10,"7.11.2.b"
"C30717",1,-1,2025-02-05,2025-02-11,"7.11.2.b"
"C30717",1,-1,2025-02-06,2025-02-12,"7.11.2.b"
"C30717",1,-1,2025-02-08,2025-02-14,"7.11.2.b"
"C30717",1,-1,2025-02-09,2025-02-15,"7.11.2.b"
"C30717",1,-1,2025-02-10,2025-02-16,"7.11.2.b"
"C30717",1,-1,2025-02-11,2025-02-17,"7.11.2.b"
"C30717",1,-1,2025-02-14,2025-02-20,"7.11.2.b"
"C30717",1,-1,2025-02-16,2025-02-22,"7.11.2.b"
"C30717",1,-1,2025-02-17,2025-02-23,"7.11.2.b"
"C30717",1,-1,2025-02-18,2025-02-24,"7.11.2.b"
"C30717",1,-1,2025-02-19,2025-02-25,"7.11.2.b"
"C30723",1,0,2025-01-22,2025-01-28,"7.11.2.b"
"C30723",1,0,2025-01-23,2025-01-29,"7.11.2.b"
"C30723",1,0,2025-01-24,2025-01-30,"7.11.2.b"
"C30723",1,0,2025-01-28,2025-02-03,"7.11.2.b"
"C30723",1,0,2025-02-01,2025-02-07,"7.11.2.b"
"C30723",1,0,2025-02-04,2025-02-10,"7.11.2.b"
"C30723",1,0,2025-02-15,2025-02-21,"7.11.2.b"
"C30723",1,0,2025-02-17,2025-08-31,"7.11.2.a"
"C30723",1,0,2025-02-19,2025-02-25,"7.11.2.b"
"C30723",1,0,2025-02-21,2025-02-27,"7.11.2.b"
"C30723",1,0,2025-02-26,2025-03-04,"7.11.2.b"
"C30723",1,0,2025-03-01,2025-03-07,"7.11.2.b"
"C30723",1,0,2025-03-02,2025-03-08,"7.11.2.b"
"C30723",1,0,2025-03-05,2025-03-11,"7.11.2.b"
"C30723",1,0,2025-03-11,2025-03-17,"7.11.2.b"
"C30723",1,0,2025-03-18,2025-03-24,"7.11.2.b"
"C30723",1,0,2025-03-20,2025-03-26,"7.11.2.b"
"C30723",1,0,2025-03-21,2025-03-27,"7.11.2.b"
"C30723",1,0,2025-03-23,2025-03-29,"7.11.2.b"
"C30723",1,0,2025-03-24,2025-03-30,"7.11.2.b"
"C30723",1,0,2025-03-26,2025-04-01,"7.11.2.b"
"C30723",1,0,2025-03-27,2025-04-02,"7.11.2.b"
"C30723",1,0,2025-03-28,2025-04-03,"7.11.2.b"
"C30723",1,0,2025-04-07,2025-04-13,"7.11.2.b"
"C30723",1,0,2025-04-08,2025-04-14,"7.11.2.b"
"C30723",1,0,2025-08-25,2026-03-28,"7.11.2.a"
"C30753",2,-1,2025-01-25,2025-03-21,"7.11.2.a"
"C30753",2,-1,2025-01-27,2025-08-12,"7.11.2.a"
"C30981",1,-1,2025-02-04,2025-03-28,"7.11.2.a"
"C30981",1,-1,2025-02-07,2025-02-13,"7.11.2.b"
"C30981",1,-1,2025-02-09,2025-02-15,"7.11.2.b"
"C30981",1,-1,2025-02-11,2025-02-17,"7.11.2.b"
"C30981",1,-1,2025-02-14,2025-08-30,"7.11.2.a"
"C30981",1,-1,2025-02-19,2025-02-25,"7.11.2.b"
"C30981",1,-1,2025-02-21,2025-02-27,"7.11.2.b"
"C30981",1,-1,2025-02-22,2025-02-28,"7.11.2.b"
"C30981",1,-1,2025-02-24,2025-03-02,"7.11.2.b"
"C30981",1,-1,2025-02-28,2025-03-06,"7.11.2.b"
"C30981",1,-1,2025-03-03,2025-03-09,"7.11.2.b"
"C30981",1,-1,2025-03-04,2025-03-10,"7.11.2.b"
"C30981",1,-1,2025-03-05,2025-03-11,"7.11.2.b"
"C30981",1,-1,2025-03-09,2025-03-15,"7.11.2.b"
"C30981",1,-1,2025-03-13,2025-03-19,"7.11.2.b"
"C31056",1,-1,2025-02-12,2025-02-18,"7.11.2.b"
"C31056",1,-1,2025-02-14,2025-02-20,"7.11.2.b"
"C31056",1,-1,2025-02-16,2025-02-22,"7.11.2.b"
"C31056",1,-1,2025-02-17,2025-02-23,"7.11.2.b"
"C31056",1,-1,2025-03-04,2025-03-10,"7.11.2.b"
"C31056",1,-1,2025-03-08,2025-03-14,"7.11.2.b"
"C31056",1,-1,2025-03-20,2025-03-26,"7.11.2.b"
"C31056",1,-1,2025-03-22,2025-03-28,"7.11.2.b"
"C31056",1,-1,2025-03-31,2025-04-06,"7.11.2.b"
"C31056",1,-1,2025-04-01,2025-04-07,"7.11.2.b"
"C31056",1,-1,2025-04-17,2025-04-23,"7.11.2.b"
"C31056",1,-1,2025-04-18,2025-09-21,"7.11.2.a"
"C31059",1,0,2025-02-25,2025-03-03,"7.11.2.b"
"C31059",1,0,2025-02-26,2025-03-04,"7.11.2.b"
"C31059",1,0,2025-03-22,2025-03-28,"7.11.2.b"
"C31059",1,0,2025-03-26,2025-04-01,"7.11.2.b"
"C31059",1,0,2025-03-27,2025-04-02,"7.11.2.b"
"C31059",1,0,2025-06-04,2025-06-10,"7.11.2.b"
"C31059",1,0,2025-06-06,2025-06-12,"7.11.2.b"
"C31059",1,0,2025-06-07,2025-06-13,"7.11.2.b"
"C31059",1,0,2025-06-23,2025-06-29,"7.11.2.b"
"C31059",1,0,2025-06-24,2025-06-30,"7.11.2.b"
"C31059",1,0,2025-06-25,2025-07-01,"7.11.2.b"
"C31059",1,0,2025-06-26,2025-07-02,"7.11.2.b"
"C31059",1,0,2025-06-28,2025-07-04,"7.11.2.b"
"C31059",1,0,2025-06-29,2025-07-05,"7.11.2.b"
"C31059",1,0,2025-06-30,2025-07-06,"7.11.2.b"
"C31059",1,0,2025-07-02,2025-07-08,"7.11.2.b"
"C31059",1,0,2025-07-03,2025-07-09,"7.11.2.b"
"C31059",1,0,2025-07-03,2025-11-19,"7.11.2.a"
"C31059",1,0,2025-07-04,2025-07-10,"7.11.2.b"
"C31059",1,0,2025-07-05,2025-07-11,"7.11.2.b"
"C31059",1,0,2025-07-07,2025-07-13,"7.11.2.b"
"C31062",1,0,2025-02-14,2025-02-20,"7.11.2.b"
"C31062",1,0,2025-02-19,2025-02-25,"7.11.2.b"
"C31062",1,0,2025-02-24,2025-03-02,"7.11.2.b"
"C31062",1,0,2025-03-07,2025-03-13,"7.11.2.b"
"C31062",1,0,2025-03-22,2025-03-28,"7.11.2.b"
"C31062",1,0,2025-03-25,2025-03-31,"7.11.2.b"
"C31062",1,0,2025-04-08,2025-04-14,"7.11.2.b"
"C31062",1,0,2025-04-10,2025-04-16,"7.11.2.b"
"C31062",1,0,2025-04-10,2026-03-21,"7.11.2.a"
"C31062",1,0,2025-05-05,2025-05-11,"7.11.2.b"
"C31062",1,0,2025-05-21,2025-05-27,"7.11.2.b"
"C31062",1,0,2025-05-31,2025-06-06,"7.11.2.b"
"C31095",1,-1,2025-08-12,2025-08-18,"7.11.2.b"
"C31095",1,-1,2025-08-15,2025-08-21,"7.11.2.b"
"C31095",1,-1,2025-08-16,2025-08-22,"7.11.2.b"
"C31095",1,-1,2025-08-17,2025-08-23,"7.11.2.b"
"C31095",1,-1,2025-08-22,2025-08-28,"7.11.2.b"
"C31095",1,-1,2025-08-23,2025-08-29,"7.11.2.b"
"C31095",1,-1,2025-08-24,2025-08-30,"7.11.2.b"
"C31095",1,-1,2025-08-27,2025-09-02,"7.11.2.b"
"C31122",1,-1,2025-06-10,2025-06-16,"7.11.2.b"
"C31122",1,-1,2025-06-11,2025-06-17,"7.11.2.b"
"C31122",1,-1,2025-06-13,2025-06-19,"7.11.2.b"
"C31122",1,-1,2025-06-14,2025-06-20,"7.11.2.b"
"C31122",1,-1,2025-06-19,2025-06-25,"7.11.2.b"
"C31122",1,-1,2025-06-20,2025-06-26,"7.11.2.b"
"C31122",1,-1,2025-06-22,2025-06-28,"7.11.2.b"
"C31122",1,-1,2025-06-23,2025-06-29,"7.11.2.b"
"C31122",1,-1,2025-06-25,2025-07-01,"7.11.2.b"
"C31122",1,-1,2025-06-26,2025-07-02,"7.11.2.b"
"C31122",1,-1,2025-06-29,2025-07-05,"7.11.2.b"
"C31137",1,-1,2025-02-16,2025-02-22,"7.11.2.b"
"C31137",1,-1,2025-02-17,2025-02-23,"7.11.2.b"
"C31137",1,-1,2025-02-19,2025-02-25,"7.11.2.b"
"C31137",1,-1,2025-02-21,2025-02-27,"7.11.2.b"
"C31137",1,-1,2025-02-26,2025-03-04,"7.11.2.b"
"C31137",1,-1,2025-02-27,2025-03-05,"7.11.2.b"
"C31137",1,-1,2025-03-01,2025-03-07,"7.11.2.b"
"C31137",1,-1,2025-03-05,2025-03-11,"7.11.2.b"
"C31137",1,-1,2025-03-06,2025-03-12,"7.11.2.b"
"C31137",1,-1,2025-03-09,2025-03-15,"7.11.2.b"
"C31137",1,-1,2025-03-15,2025-03-21,"7.11.2.b"
"C31137",1,-1,2025-03-16,2025-03-22,"7.11.2.b"
"C31137",1,-1,2025-03-17,2025-03-23,"7.11.2.b"
"C31137",1,-1,2025-03-19,2025-03-25,"7.11.2.b"
"C31215",1,0,2025-10-02,2025-10-28,"7.11.2.a"
"C31215",1,0,2025-10-28,2025-11-28,"7.11.2.a"
"C31296",1,0,2025-02-28,2025-05-12,"7.11.2.a"
"C31296",1,0,2025-09-21,2025-10-05,"7.11.2.a"
"C31296",1,0,2025-10-03,2025-12-23,"7.11.2.a"
"C31365",1,-1,2025-03-06,2025-05-22,"7.11.2.a"
"C31365",1,-1,2025-03-22,2025-06-24,"7.11.2.a"
"C31380",1,0,2025-03-06,2025-04-02,"7.11.2.a"
"C31380",1,0,2025-03-10,2025-12-23,"7.11.2.a"
"C31449",1,0,2025-03-11,2025-03-17,"7.11.2.b"
"C31449",1,0,2025-03-12,2025-03-18,"7.11.2.b"
"C31449",1,0,2025-03-14,2025-03-20,"7.11.2.b"
"C31449",1,0,2025-03-16,2025-03-22,"7.11.2.b"
"C31449",1,0,2025-03-17,2025-03-23,"7.11.2.b"
"C31449",1,0,2025-03-18,2025-03-24,"7.11.2.b"
"C31449",1,0,2025-03-20,2025-03-26,"7.11.2.b"
"C31449",1,0,2025-03-21,2025-03-27,"7.11.2.b"
"C31449",1,0,2025-03-22,2025-03-28,"7.11.2.b"
"C31449",1,0,2025-03-24,2025-03-30,"7.11.2.b"
"C31449",1,0,2025-03-25,2025-03-31,"7.11.2.b"
"C31449",1,0,2025-03-26,2025-04-01,"7.11.2.b"
"C31449",1,0,2025-03-27,2025-04-02,"7.11.2.b"
"C31449",1,0,2025-03-29,2025-04-04,"7.11.2.b"
"C31449",1,0,2025-03-31,2025-04-06,"7.11.2.b"
"C31449",1,0,2025-04-01,2025-04-07,"7.11.2.b"
"C31449",1,0,2025-04-02,2025-04-08,"7.11.2.b"
"C31449",1,0,2025-04-03,2025-04-09,"7.11.2.b"
"C31449",1,0,2025-04-04,2025-04-10,"7.11.2.b"
"C31449",1,0,2025-04-05,2025-04-11,"7.11.2.b"
"C31449",1,0,2025-04-05,2025-09-12,"7.11.2.a"
"C31449",1,0,2025-04-06,2025-04-12,"7.11.2.b"
"C31449",1,0,2025-04-07,2025-04-13,"7.11.2.b"
"C31449",1,0,2025-04-09,2025-04-15,"7.11.2.b"
"C31449",1,0,2025-04-10,2025-04-16,"7.11.2.b"
"C31449",1,0,2025-09-06,2025-12-26,"7.11.2.a"
"C31461",1,0,2025-03-13,2025-05-30,"7.11.2.a"
"C31461",1,0,2025-03-16,2026-01-09,"7.11.2.a"
"C31461",1,0,2025-05-24,2025-12-31,"7.11.2.a"
"C31530",1,0,2025-03-16,2025-06-16,"7.11.2.a"
"C31530",1,0,2025-03-27,2025-12-03,"7.11.2.a"
"C31575",1,0,2025-03-20,2025-05-08,"7.11.2.a"
"C31575",1,0,2025-09-20,2026-01-13,"7.11.2.a"
"C31575",1,0,2026-01-10,2026-03-20,"7.11.2.a"
"C31725",1,-1,2025-03-23,2025-04-03,"7.11.2.a"
"C31725",1,-1,2025-03-29,2025-04-27,"7.11.2.a"
"C31776",1,-1,2025-04-20,2025-06-01,"7.11.2.a"
"C31821",1,0,2025-04-04,2025-06-09,"7.11.2.a"
"C31821",1,0,2025-05-15,2026-03-12,"7.11.2.a"
"C31923",1,0,2025-04-09,2025-04-15,"7.11.2.b"
"C31923",1,0,2025-04-10,2025-04-16,"7.11.2.b"
"C31923",1,0,2025-04-28,2025-05-04,"7.11.2.b"
"C31923",1,0,2025-04-29,2025-05-05,"7.11.2.b"
"C31923",1,0,2025-05-01,2025-05-07,"7.11.2.b"
"C31923",1,0,2025-05-07,2025-05-13,"7.11.2.b"
"C31923",1,0,2025-05-11,2025-05-17,"7.11.2.b"
"C31923",1,0,2025-05-16,2025-05-22,"7.11.2.b"
"C31923",1,0,2025-05-19,2025-05-25,"7.11.2.b"
"C31923",1,0,2025-05-23,2025-05-29,"7.11.2.b"
"C31923",1,0,2025-05-24,2025-05-30,"7.11.2.b"
"C31923",1,0,2025-05-31,2025-06-06,"7.11.2.b"
"C31923",1,0,2025-06-01,2025-11-17,"7.11.2.a"
"C31923",1,0,2025-06-04,2025-06-10,"7.11.2.b"
"C31923",1,0,2025-06-14,2025-06-20,"7.11.2.b"
"C31923",1,0,2025-06-19,2025-06-25,"7.11.2.b"
"C31923",1,0,2025-06-20,2025-06-26,"7.11.2.b"
"C31929",1,0,2025-04-09,2025-04-15,"7.11.2.b"
"C31929",1,0,2025-04-12,2025-04-18,"7.11.2.b"
"C31929",1,0,2025-04-14,2025-04-20,"7.11.2.b"
"C31929",1,0,2025-04-15,2025-04-21,"7.11.2.b"
"C31929",1,0,2025-04-16,2025-04-22,"7.11.2.b"
"C31929",1,0,2025-04-18,2025-04-24,"7.11.2.b"
"C31929",1,0,2025-04-20,2025-04-26,"7.11.2.b"
"C31929",1,0,2025-04-25,2025-05-01,"7.11.2.b"
"C31929",1,0,2025-04-26,2025-05-02,"7.11.2.b"
"C31929",1,0,2025-04-27,2025-05-03,"7.11.2.b"
"C31929",1,0,2025-04-28,2025-05-04,"7.11.2.b"
"C31929",1,0,2025-04-29,2025-05-05,"7.11.2.b"
"C31929",1,0,2025-04-30,2025-05-06,"7.11.2.b"
"C31929",1,0,2025-05-02,2025-05-08,"7.11.2.b"
"C31929",1,0,2025-05-05,2025-05-11,"7.11.2.b"
"C31929",1,0,2025-05-07,2025-05-13,"7.11.2.b"
"C31929",1,0,2025-05-08,2025-05-14,"7.11.2.b"
"C31929",1,0,2025-05-09,2025-05-15,"7.11.2.b"
"C31929",1,0,2025-05-09,2025-07-05,"7.11.2.a"
"C31929",1,0,2025-05-10,2025-05-16,"7.11.2.b"
"C31929",1,0,2025-05-11,2025-05-17,"7.11.2.b"
"C31929",1,0,2025-05-13,2025-05-19,"7.11.2.b"
"C31929",1,0,2025-05-15,2025-05-21,"7.11.2.b"
"C31929",1,0,2025-05-16,2025-05-22,"7.11.2.b"
"C31929",1,0,2025-05-18,2025-05-24,"7.11.2.b"
"C31929",1,0,2025-05-21,2025-05-27,"7.11.2.b"
"C31929",1,0,2025-05-22,2025-05-28,"7.11.2.b"
"C31929",1,0,2025-05-23,2025-05-29,"7.11.2.b"
"C31929",1,0,2025-05-24,2025-05-30,"7.11.2.b"
"C31929",1,0,2025-05-25,2025-05-31,"7.11.2.b"
"C31929",1,0,2025-05-27,2025-06-02,"7.11.2.b"
"C31929",1,0,2025-05-28,2025-06-03,"7.11.2.b"
"C31929",1,0,2025-05-31,2025-06-06,"7.11.2.b"
"C31929",1,0,2025-06-01,2025-06-07,"7.11.2.b"
"C31929",1,0,2025-06-03,2025-06-09,"7.11.2.b"
"C31929",1,0,2025-06-06,2025-06-12,"7.11.2.b"
"C31929",1,0,2025-06-29,2025-11-28,"7.11.2.a"
"C31953",1,0,2025-04-11,2025-04-17,"7.11.2.b"
"C31953",1,0,2025-04-12,2025-04-18,"7.11.2.b"
"C31953",1,0,2025-04-17,2025-04-23,"7.11.2.b"
"C31953",1,0,2025-04-20,2025-04-26,"7.11.2.b"
"C31953",1,0,2025-04-23,2025-04-29,"7.11.2.b"
"C31953",1,0,2025-04-24,2025-04-30,"7.11.2.b"
"C31953",1,0,2025-04-26,2025-05-02,"7.11.2.b"
"C31953",1,0,2025-04-30,2025-05-06,"7.11.2.b"
"C31953",1,0,2025-05-01,2025-05-07,"7.11.2.b"
"C31953",1,0,2025-05-03,2025-05-09,"7.11.2.b"
"C31953",1,0,2025-05-05,2025-05-11,"7.11.2.b"
"C31953",1,0,2025-05-05,2025-11-28,"7.11.2.a"
"C31953",1,0,2025-05-14,2025-05-20,"7.11.2.b"
"C31953",1,0,2025-05-16,2025-05-22,"7.11.2.b"
"C31953",1,0,2025-05-18,2025-05-24,"7.11.2.b"
"C31953",1,0,2025-05-20,2025-05-26,"7.11.2.b"
"C31953",1,0,2025-05-21,2025-05-27,"7.11.2.b"
"C31953",1,0,2025-05-27,2025-06-02,"7.11.2.b"
"C31953",1,0,2025-05-28,2025-06-03,"7.11.2.b"
"C31953",1,0,2025-05-29,2025-06-04,"7.11.2.b"
"C31953",1,0,2025-06-01,2025-06-07,"7.11.2.b"
"C31953",1,0,2025-06-06,2025-06-12,"7.11.2.b"
"C31953",1,0,2025-06-07,2025-06-13,"7.11.2.b"
"C31953",1,0,2025-06-08,2025-06-14,"7.11.2.b"
"C31953",1,0,2025-06-10,2025-06-16,"7.11.2.b"
"C31953",1,0,2025-06-11,2025-06-17,"7.11.2.b"
"C31953",1,0,2025-06-12,2025-06-18,"7.11.2.b"
"C31953",1,0,2025-06-13,2025-06-19,"7.11.2.b"
"C31953",1,0,2025-06-14,2025-06-20,"7.11.2.b"
"C31953",1,0,2025-06-15,2025-06-21,"7.11.2.b"
"C31953",1,0,2025-06-16,2025-06-22,"7.11.2.b"
"C31953",1,0,2025-06-17,2025-06-23,"7.11.2.b"
"C31953",1,0,2025-06-18,2025-06-24,"7.11.2.b"
"C31953",1,0,2025-06-19,2025-06-25,"7.11.2.b"
"C31953",1,0,2025-06-20,2025-06-26,"7.11.2.b"
"C31953",1,0,2025-06-21,2025-06-27,"7.11.2.b"
"C31953",1,0,2025-06-22,2025-06-28,"7.11.2.b"
"C31953",1,0,2025-06-23,2025-06-29,"7.11.2.b"
"C31953",1,0,2025-06-24,2025-06-30,"7.11.2.b"
"C31953",1,0,2025-06-25,2025-07-01,"7.11.2.b"
"C31953",1,0,2025-06-26,2025-07-02,"7.11.2.b"
"C31953",1,0,2025-06-27,2025-07-03,"7.11.2.b"
"C31953",1,0,2025-06-28,2025-07-04,"7.11.2.b"
"C31953",1,0,2025-06-29,2025-07-05,"7.11.2.b"
"C31953",1,0,2025-06-30,2025-07-06,"7.11.2.b"
"C31953",1,0,2025-07-01,2025-07-07,"7.11.2.b"
"C31953",1,0,2025-07-02,2025-07-08,"7.11.2.b"
"C31953",1,0,2025-07-03,2025-07-09,"7.11.2.b"
"C31953",1,0,2025-07-05,2025-07-11,"7.11.2.b"
"C31953",1,0,2025-07-06,2025-07-12,"7.11.2.b"
"C31953",1,0,2025-07-07,2025-07-13,"7.11.2.b"
"C31953",1,0,2025-07-09,2025-07-15,"7.11.2.b"
"C31953",1,0,2025-07-10,2025-07-16,"7.11.2.b"
"C31953",1,0,2025-07-11,2025-07-17,"7.11.2.b"
"C31953",1,0,2025-07-12,2025-07-18,"7.11.2.b"
"C31953",1,0,2025-07-13,2025-07-19,"7.11.2.b"
"C31953",1,0,2025-07-14,2025-07-20,"7.11.2.b"
"C31953",1,0,2025-07-15,2025-07-21,"7.11.2.b"
"C31953",1,0,2025-07-16,2025-07-22,"7.11.2.b"
"C31953",1,0,2025-07-17,2025-07-23,"7.11.2.b"
"C31953",1,0,2025-07-24,2025-07-30,"7.11.2.b"
"C31953",1,0,2025-08-13,2025-08-19,"7.11.2.b"
"C31977",1,0,2025-04-28,2025-06-27,"7.11.2.a"
"C31977",1,0,2025-06-20,2025-11-21,"7.11.2.a"
"C31986",1,0,2025-04-15,2025-04-21,"7.11.2.b"
"C31986",1,0,2025-04-16,2025-04-22,"7.11.2.b"
"C31986",1,0,2025-04-19,2025-04-25,"7.11.2.b"
"C31986",1,0,2025-04-24,2025-04-30,"7.11.2.b"
"C31986",1,0,2025-04-25,2025-05-01,"7.11.2.b"
"C31986",1,0,2025-05-02,2025-05-08,"7.11.2.b"
"C31986",1,0,2025-05-04,2025-05-10,"7.11.2.b"
"C31986",1,0,2025-05-06,2025-05-12,"7.11.2.b"
"C31986",1,0,2025-05-09,2025-11-17,"7.11.2.a"
"C31986",1,0,2025-05-11,2025-05-17,"7.11.2.b"
"C31986",1,0,2025-05-15,2025-05-21,"7.11.2.b"
"C31986",1,0,2025-05-20,2025-05-26,"7.11.2.b"
"C31986",1,0,2025-05-21,2025-05-27,"7.11.2.b"
"C31986",1,0,2025-05-25,2025-05-31,"7.11.2.b"
"C31986",1,0,2025-05-28,2025-06-03,"7.11.2.b"
"C32013",1,0,2025-04-12,2025-04-18,"7.11.2.b"
"C32013",1,0,2025-04-13,2025-04-19,"7.11.2.b"
"C32013",1,0,2025-04-14,2025-04-20,"7.11.2.b"
"C32013",1,0,2025-04-15,2025-04-21,"7.11.2.b"
"C32013",1,0,2025-04-16,2025-04-22,"7.11.2.b"
"C32013",1,0,2025-04-17,2025-04-23,"7.11.2.b"
"C32013",1,0,2025-04-19,2025-04-25,"7.11.2.b"
"C32013",1,0,2025-04-20,2025-04-26,"7.11.2.b"
"C32013",1,0,2025-04-21,2025-04-27,"7.11.2.b"
"C32013",1,0,2025-04-22,2025-04-28,"7.11.2.b"
"C32013",1,0,2025-04-23,2025-04-29,"7.11.2.b"
"C32013",1,0,2025-04-24,2025-04-30,"7.11.2.b"
"C32013",1,0,2025-04-25,2025-05-01,"7.11.2.b"
"C32013",1,0,2025-04-26,2025-05-02,"7.11.2.b"
"C32013",1,0,2025-04-27,2025-05-03,"7.11.2.b"
"C32013",1,0,2025-04-29,2025-05-05,"7.11.2.b"
"C32013",1,0,2025-04-30,2025-05-06,"7.11.2.b"
"C32013",1,0,2025-05-01,2025-05-07,"7.11.2.b"
"C32013",1,0,2025-05-02,2025-05-08,"7.11.2.b"
"C32013",1,0,2025-05-03,2025-05-09,"7.11.2.b"
"C32013",1,0,2025-05-04,2025-05-10,"7.11.2.b"
"C32013",1,0,2025-05-05,2025-05-11,"7.11.2.b"
"C32013",1,0,2025-05-06,2025-05-12,"7.11.2.b"
"C32013",1,0,2025-05-07,2025-05-13,"7.11.2.b"
"C32013",1,0,2025-05-08,2025-05-14,"7.11.2.b"
"C32013",1,0,2025-05-09,2025-05-15,"7.11.2.b"
"C32013",1,0,2025-05-23,2025-05-29,"7.11.2.b"
"C32013",1,0,2025-05-25,2025-05-31,"7.11.2.b"
"C32013",1,0,2025-05-27,2025-06-02,"7.11.2.b"
"C32013",1,0,2025-06-01,2025-11-21,"7.11.2.a"
"C32013",1,0,2025-06-02,2025-06-08,"7.11.2.b"
"C32013",1,0,2025-06-03,2025-06-09,"7.11.2.b"
"C32013",1,0,2025-06-29,2025-07-05,"7.11.2.b"
"C32013",1,0,2025-07-11,2025-07-17,"7.11.2.b"
"C32013",1,0,2025-07-12,2025-07-18,"7.11.2.b"
"C32013",1,0,2025-07-15,2025-07-21,"7.11.2.b"
"C32013",1,0,2025-07-19,2025-07-25,"7.11.2.b"
"C32013",1,0,2025-07-20,2025-07-26,"7.11.2.b"
"C32025",1,-1,2025-04-11,2025-04-18,"7.11.2.a"
"C32025",1,-1,2025-04-15,2025-05-08,"7.11.2.a"
"C32040",2,0,2025-05-17,2025-05-23,"7.11.2.b"
"C32040",2,0,2025-05-20,2025-05-26,"7.11.2.b"
"C32040",2,0,2025-05-21,2025-05-27,"7.11.2.b"
"C32040",2,0,2025-05-23,2025-05-29,"7.11.2.b"
"C32040",2,0,2025-05-29,2025-06-04,"7.11.2.b"
"C32040",2,0,2025-05-30,2025-11-17,"7.11.2.a"
"C32040",2,0,2025-06-01,2025-06-07,"7.11.2.b"
"C32148",1,0,2025-12-07,2025-12-13,"7.11.2.b"
"C32148",1,0,2025-12-11,2026-01-06,"7.11.2.a"
"C32211",1,-1,2025-04-24,2025-08-07,"7.11.2.a"
"C32211",1,-1,2025-07-17,2025-09-03,"7.11.2.a"
"C32220",1,0,2025-11-02,2026-01-17,"7.11.2.a"
"C32220",1,0,2025-11-24,2025-12-19,"7.11.2.a"
"C32220",1,0,2025-12-25,2026-03-03,"7.11.2.a"
"C32274",1,0,2025-04-26,2025-05-02,"7.11.2.b"
"C32274",1,0,2025-05-05,2025-05-11,"7.11.2.b"
"C32274",1,0,2025-05-07,2025-05-13,"7.11.2.b"
"C32274",1,0,2025-05-08,2025-05-14,"7.11.2.b"
"C32274",1,0,2025-05-09,2025-05-15,"7.11.2.b"
"C32274",1,0,2025-05-10,2025-05-16,"7.11.2.b"
"C32274",1,0,2025-05-11,2025-05-17,"7.11.2.b"
"C32274",1,0,2025-05-12,2025-05-18,"7.11.2.b"
"C32274",1,0,2025-05-13,2025-05-19,"7.11.2.b"
"C32274",1,0,2025-05-14,2025-05-20,"7.11.2.b"
"C32274",1,0,2025-05-15,2025-05-21,"7.11.2.b"
"C32274",1,0,2025-05-16,2025-05-22,"7.11.2.b"
"C32274",1,0,2025-05-17,2025-05-23,"7.11.2.b"
"C32274",1,0,2025-05-19,2025-05-25,"7.11.2.b"
"C32274",1,0,2025-05-21,2025-05-27,"7.11.2.b"
"C32274",1,0,2025-05-22,2025-05-28,"7.11.2.b"
"C32274",1,0,2025-05-28,2025-06-03,"7.11.2.b"
"C32274",1,0,2025-05-29,2025-06-04,"7.11.2.b"
"C32274",1,0,2025-05-31,2025-06-06,"7.11.2.b"
"C32274",1,0,2025-06-05,2025-06-11,"7.11.2.b"
"C32274",1,0,2025-06-06,2025-06-12,"7.11.2.b"
"C32274",1,0,2025-06-07,2025-06-13,"7.11.2.b"
"C32274",1,0,2025-06-08,2025-06-14,"7.11.2.b"
"C32274",1,0,2025-06-08,2026-03-13,"7.11.2.a"
"C32274",1,0,2025-06-09,2025-06-15,"7.11.2.b"
"C32274",1,0,2025-06-10,2025-06-16,"7.11.2.b"
"C32274",1,0,2025-06-11,2025-06-17,"7.11.2.b"
"C32274",1,0,2025-06-12,2025-06-18,"7.11.2.b"
"C32274",1,0,2025-06-13,2025-06-19,"7.11.2.b"
"C32274",1,0,2025-06-14,2025-06-20,"7.11.2.b"
"C32274",1,0,2025-06-15,2025-06-21,"7.11.2.b"
"C32274",1,0,2025-06-20,2025-06-26,"7.11.2.b"
"C32274",1,0,2025-06-21,2025-06-27,"7.11.2.b"
"C32274",1,0,2025-06-22,2025-06-28,"7.11.2.b"
"C32274",1,0,2025-06-26,2025-07-02,"7.11.2.b"
"C32274",1,0,2025-06-28,2025-07-04,"7.11.2.b"
"C32274",1,0,2025-06-29,2025-07-05,"7.11.2.b"
"C32274",1,0,2025-06-30,2025-07-06,"7.11.2.b"
"C32274",1,0,2025-07-01,2025-07-07,"7.11.2.b"
"C32274",1,0,2025-07-02,2025-07-08,"7.11.2.b"
"C32274",1,0,2025-07-03,2025-07-09,"7.11.2.b"
"C32274",1,0,2025-07-04,2025-07-10,"7.11.2.b"
"C32274",1,0,2025-07-05,2025-07-11,"7.11.2.b"
"C32274",1,0,2025-07-06,2025-07-12,"7.11.2.b"
"C32274",1,0,2025-07-07,2025-07-13,"7.11.2.b"
"C32274",1,0,2025-07-08,2025-07-14,"7.11.2.b"
"C32274",1,0,2025-07-10,2025-07-16,"7.11.2.b"
"C32274",1,0,2025-07-11,2025-07-17,"7.11.2.b"
"C32274",1,0,2025-07-12,2025-07-18,"7.11.2.b"
"C32274",1,0,2025-07-13,2025-07-19,"7.11.2.b"
"C32274",1,0,2025-07-14,2025-07-20,"7.11.2.b"
"C32274",1,0,2025-07-15,2025-07-21,"7.11.2.b"
"C32274",1,0,2025-07-16,2025-07-22,"7.11.2.b"
"C32274",1,0,2025-07-18,2025-07-24,"7.11.2.b"
"C32274",1,0,2025-07-19,2025-07-25,"7.11.2.b"
"C32274",1,0,2025-07-20,2025-07-26,"7.11.2.b"
"C32274",1,0,2025-11-21,2025-11-29,"7.11.2.a"
"C32274",1,0,2025-11-26,2025-12-07,"7.11.2.a"
"C32274",1,0,2025-12-03,2025-12-18,"7.11.2.a"
"C32274",1,0,2025-12-15,2025-12-26,"7.11.2.a"
"C32274",1,0,2025-12-22,2026-01-04,"7.11.2.a"
"C32274",1,0,2025-12-30,2026-01-06,"7.11.2.a"
"C32274",1,0,2026-01-03,2026-01-22,"7.11.2.a"
"C32277",1,-1,2025-04-25,2025-07-30,"7.11.2.a"
"C32277",1,-1,2025-05-05,2025-08-20,"7.11.2.a"
"C32283",1,0,2025-06-24,2025-07-28,"7.11.2.a"
"C32283",1,0,2025-07-24,2025-10-28,"7.11.2.a"
"C32283",1,0,2025-11-01,2025-12-22,"7.11.2.a"
"C32283",1,0,2025-12-20,2026-01-14,"7.11.2.a"
"C32319",1,0,2025-11-15,2025-11-21,"7.11.2.b"
"C32319",1,0,2025-12-11,2025-12-18,"7.11.2.a"
"C32319",1,0,2025-12-13,2025-12-25,"7.11.2.a"
"C32319",1,0,2025-12-20,2026-01-09,"7.11.2.a"
"C32334",2,-1,2025-09-03,2025-09-09,"7.11.2.b"
"C32334",2,-1,2025-09-05,2025-09-11,"7.11.2.b"
"C32334",2,-1,2025-09-06,2025-09-12,"7.11.2.b"
"C32334",2,-1,2025-09-07,2025-09-13,"7.11.2.b"
"C32334",2,-1,2025-09-09,2025-09-15,"7.11.2.b"
"C32334",2,-1,2025-09-11,2025-09-17,"7.11.2.b"
"C32334",2,-1,2025-09-13,2025-09-19,"7.11.2.b"
"C32334",2,-1,2025-09-14,2025-09-20,"7.11.2.b"
"C32340",2,0,2025-05-17,2025-05-23,"7.11.2.b"
"C32340",2,0,2025-05-30,2026-02-20,"7.11.2.a"
"C32340",2,0,2025-06-09,2025-06-15,"7.11.2.b"
"C32340",2,0,2025-06-10,2025-06-16,"7.11.2.b"
"C32340",2,0,2025-06-12,2025-06-18,"7.11.2.b"
"C32340",2,0,2025-06-14,2025-06-20,"7.11.2.b"
"C32340",2,0,2025-06-19,2025-06-25,"7.11.2.b"
"C32340",2,0,2025-06-29,2025-07-05,"7.11.2.b"
"C32340",2,0,2025-07-05,2025-07-11,"7.11.2.b"
"C32355",1,-1,2025-05-08,2025-05-14,"7.11.2.b"
"C32355",1,-1,2025-05-10,2025-05-16,"7.11.2.b"
"C32355",1,-1,2025-05-11,2025-05-17,"7.11.2.b"
"C32355",1,-1,2025-05-19,2025-05-25,"7.11.2.b"
"C32355",1,-1,2025-06-13,2025-06-19,"7.11.2.b"
"C32355",1,-1,2025-06-14,2025-06-20,"7.11.2.b"
"C32355",1,-1,2025-06-16,2025-06-22,"7.11.2.b"
"C32355",1,-1,2025-06-17,2025-06-23,"7.11.2.b"
"C32355",1,-1,2025-06-18,2025-06-24,"7.11.2.b"
"C32355",1,-1,2025-06-19,2025-06-25,"7.11.2.b"
"C32355",1,-1,2025-06-20,2025-06-26,"7.11.2.b"
"C32355",1,-1,2025-06-22,2025-06-28,"7.11.2.b"
"C32355",1,-1,2025-06-23,2025-06-29,"7.11.2.b"
"C32355",1,-1,2025-06-24,2025-06-30,"7.11.2.b"
"C32355",1,-1,2025-06-25,2025-07-01,"7.11.2.b"
"C32355",1,-1,2025-06-26,2025-07-02,"7.11.2.b"
"C32355",1,-1,2025-06-27,2025-07-03,"7.11.2.b"
"C32355",1,-1,2025-06-30,2025-07-06,"7.11.2.b"
"C32355",1,-1,2025-07-01,2025-07-07,"7.11.2.b"
"C32355",1,-1,2025-07-02,2025-07-08,"7.11.2.b"
"C32355",1,-1,2025-07-05,2025-07-11,"7.11.2.b"
"C32355",1,0,2025-05-08,2025-05-14,"7.11.2.b"
"C32355",1,0,2025-05-10,2025-05-16,"7.11.2.b"
"C32355",1,0,2025-05-11,2025-05-17,"7.11.2.b"
"C32355",1,0,2025-05-19,2025-05-25,"7.11.2.b"
"C32355",1,0,2025-06-13,2025-06-19,"7.11.2.b"
"C32355",1,0,2025-06-14,2025-06-20,"7.11.2.b"
"C32355",1,0,2025-06-16,2025-06-22,"7.11.2.b"
"C32355",1,0,2025-06-17,2025-06-23,"7.11.2.b"
"C32355",1,0,2025-06-18,2025-06-24,"7.11.2.b"
"C32355",1,0,2025-06-19,2025-06-25,"7.11.2.b"
"C32355",1,0,2025-06-20,2025-06-26,"7.11.2.b"
"C32355",1,0,2025-06-22,2025-06-28,"7.11.2.b"
"C32355",1,0,2025-06-23,2025-06-29,"7.11.2.b"
"C32355",1,0,2025-06-24,2025-06-30,"7.11.2.b"
"C32355",1,0,2025-06-25,2025-07-01,"7.11.2.b"
"C32355",1,0,2025-06-26,2025-07-02,"7.11.2.b"
"C32355",1,0,2025-06-27,2025-07-03,"7.11.2.b"
"C32355",1,0,2025-06-30,2025-07-06,"7.11.2.b"
"C32355",1,0,2025-07-01,2025-07-07,"7.11.2.b"
"C32355",1,0,2025-07-02,2025-07-08,"7.11.2.b"
"C32355",1,0,2025-07-05,2025-07-11,"7.11.2.b"
"C32355",1,0,2025-11-27,2025-12-09,"7.11.2.a"
"C32355",1,0,2025-12-04,2025-12-31,"7.11.2.a"
"C32355",1,0,2025-12-27,2026-01-14,"7.11.2.a"
"C32355",1,0,2026-01-13,2026-02-01,"7.11.2.a"
"C32361",1,-1,2025-05-01,2025-07-01,"7.11.2.a"
"C32361",1,-1,2025-06-26,2025-07-17,"7.11.2.a"
"C32505",1,-1,2025-04-21,2025-05-30,"7.11.2.a"
"C32553",1,0,2025-12-27,2026-01-05,"7.11.2.a"
"C32553",1,0,2025-12-31,2026-01-20,"7.11.2.a"
"C32553",1,0,2026-01-17,2026-01-26,"7.11.2.a"
"C32598",2,0,2025-05-11,2025-05-17,"7.11.2.b"
"C32598",2,0,2025-05-12,2025-05-18,"7.11.2.b"
"C32598",2,0,2025-05-13,2025-05-19,"7.11.2.b"
"C32598",2,0,2025-05-15,2025-05-21,"7.11.2.b"
"C32598",2,0,2025-05-17,2025-05-23,"7.11.2.b"
"C32598",2,0,2025-05-19,2025-05-25,"7.11.2.b"
"C32598",2,0,2025-05-20,2025-05-26,"7.11.2.b"
"C32598",2,0,2025-05-21,2025-05-27,"7.11.2.b"
"C32598",2,0,2025-05-26,2025-06-01,"7.11.2.b"
"C32598",2,0,2025-05-29,2025-06-04,"7.11.2.b"
"C32598",2,0,2025-06-05,2025-06-11,"7.11.2.b"
"C32598",2,0,2025-06-06,2025-06-12,"7.11.2.b"
"C32598",2,0,2025-06-07,2025-06-13,"7.11.2.b"
"C32598",2,0,2025-06-07,2026-03-21,"7.11.2.a"
"C32598",2,0,2025-06-08,2025-06-14,"7.11.2.b"
"C32598",2,0,2025-06-09,2025-06-15,"7.11.2.b"
"C32598",2,0,2025-06-12,2025-06-18,"7.11.2.b"
"C32598",2,0,2025-11-13,2025-11-19,"7.11.2.b"
"C32598",2,0,2025-11-16,2025-11-22,"7.11.2.b"
"C32634",1,-1,2025-05-01,2025-08-12,"7.11.2.a"
"C32634",1,-1,2025-08-10,2025-09-30,"7.11.2.a"
"C32640",1,-1,2025-05-15,2025-06-07,"7.11.2.a"
"C32703",1,-1,2025-05-19,2025-05-25,"7.11.2.b"
"C32703",1,-1,2025-05-22,2025-05-28,"7.11.2.b"
"C32703",1,-1,2025-05-23,2025-05-29,"7.11.2.b"
"C32703",1,-1,2025-05-25,2025-05-31,"7.11.2.b"
"C32703",1,-1,2025-05-26,2025-06-01,"7.11.2.b"
"C32703",1,-1,2025-05-27,2025-06-02,"7.11.2.b"
"C32703",1,-1,2025-05-30,2025-06-05,"7.11.2.b"
"C32703",1,-1,2025-05-31,2025-06-06,"7.11.2.b"
"C32703",1,-1,2025-06-01,2025-06-07,"7.11.2.b"
"C32703",1,-1,2025-06-05,2025-06-11,"7.11.2.b"
"C32703",1,-1,2025-06-06,2025-06-12,"7.11.2.b"
"C32703",1,-1,2025-06-07,2025-06-13,"7.11.2.b"
"C32703",1,-1,2025-06-08,2025-06-14,"7.11.2.b"
"C32703",1,-1,2025-06-12,2025-06-18,"7.11.2.b"
"C32703",1,-1,2025-06-14,2025-06-20,"7.11.2.b"
"C32703",1,-1,2025-06-15,2025-06-21,"7.11.2.b"
"C32703",1,-1,2025-06-18,2025-06-24,"7.11.2.b"
"C32703",1,-1,2025-06-19,2025-06-25,"7.11.2.b"
"C32703",1,-1,2025-06-20,2025-06-26,"7.11.2.b"
"C32703",1,-1,2025-06-22,2025-06-28,"7.11.2.b"
"C32703",1,-1,2025-06-23,2025-06-29,"7.11.2.b"
"C32703",1,-1,2025-06-25,2025-07-01,"7.11.2.b"
"C32703",1,-1,2025-06-27,2025-07-03,"7.11.2.b"
"C32904",1,-1,2025-05-25,2025-05-31,"7.11.2.b"
"C32904",1,-1,2025-05-26,2025-06-01,"7.11.2.b"
"C32904",1,-1,2025-05-27,2025-06-02,"7.11.2.b"
"C32904",1,-1,2025-05-29,2025-06-04,"7.11.2.b"
"C32904",1,-1,2025-05-30,2025-06-05,"7.11.2.b"
"C32904",1,-1,2025-06-02,2025-06-08,"7.11.2.b"
"C32904",1,-1,2025-06-03,2025-06-09,"7.11.2.b"
"C32904",1,-1,2025-06-05,2025-06-11,"7.11.2.b"
"C32904",1,-1,2025-06-06,2025-06-12,"7.11.2.b"
"C32904",1,-1,2025-06-07,2025-06-13,"7.11.2.b"
"C32904",1,-1,2025-06-08,2025-06-14,"7.11.2.b"
"C32904",1,-1,2025-06-09,2025-06-15,"7.11.2.b"
"C32904",1,-1,2025-06-10,2025-06-16,"7.11.2.b"
"C32904",1,-1,2025-06-11,2025-06-17,"7.11.2.b"
"C32904",1,-1,2025-06-12,2025-06-18,"7.11.2.b"
"C32904",1,-1,2025-06-13,2025-06-19,"7.11.2.b"
"C32904",1,-1,2025-06-18,2025-06-24,"7.11.2.b"
"C32904",1,-1,2025-06-19,2025-06-25,"7.11.2.b"
"C32904",1,-1,2025-06-19,2025-08-25,"7.11.2.a"
"C32904",1,-1,2025-06-20,2025-06-26,"7.11.2.b"
"C32904",1,-1,2025-06-23,2025-06-29,"7.11.2.b"
"C32904",1,-1,2025-06-25,2025-07-01,"7.11.2.b"
"C32904",1,-1,2025-06-27,2025-07-03,"7.11.2.b"
"C32904",1,-1,2025-06-29,2025-07-05,"7.11.2.b"
"C32904",1,-1,2025-06-30,2025-07-06,"7.11.2.b"
"C32904",1,-1,2025-07-01,2025-07-07,"7.11.2.b"
"C32904",1,-1,2025-07-04,2025-07-10,"7.11.2.b"
"C32904",1,-1,2025-07-05,2025-07-11,"7.11.2.b"
"C32904",1,-1,2025-07-06,2025-07-12,"7.11.2.b"
"C32925",1,0,2025-05-26,2025-06-01,"7.11.2.b"
"C32925",1,0,2025-06-05,2025-06-11,"7.11.2.b"
"C32925",1,0,2025-06-17,2025-06-23,"7.11.2.b"
"C32925",1,0,2025-09-09,2025-09-15,"7.11.2.b"
"C32925",1,0,2025-09-11,2025-11-10,"7.11.2.a"
"C32928",1,-1,2025-05-25,2025-07-29,"7.11.2.a"
"C32928",1,-1,2025-05-26,2025-06-01,"7.11.2.b"
"C32928",1,-1,2025-05-29,2025-06-04,"7.11.2.b"
"C32928",1,-1,2025-05-31,2025-06-06,"7.11.2.b"
"C32928",1,-1,2025-06-02,2025-06-08,"7.11.2.b"
"C32928",1,-1,2025-06-05,2025-06-11,"7.11.2.b"
"C32928",1,-1,2025-06-06,2025-06-12,"7.11.2.b"
"C32928",1,-1,2025-06-09,2025-06-15,"7.11.2.b"
"C32928",1,-1,2025-06-11,2025-06-17,"7.11.2.b"
"C32928",1,-1,2025-06-12,2025-06-18,"7.11.2.b"
"C32928",1,-1,2025-06-13,2025-06-19,"7.11.2.b"
"C32928",1,-1,2025-06-15,2025-06-21,"7.11.2.b"
"C32928",1,-1,2025-06-20,2025-06-26,"7.11.2.b"
"C32928",1,-1,2025-06-21,2025-06-27,"7.11.2.b"
"C32928",1,-1,2025-06-22,2025-06-28,"7.11.2.b"
"C32928",1,-1,2025-06-23,2025-06-29,"7.11.2.b"
"C32928",1,-1,2025-06-29,2025-07-05,"7.11.2.b"
"C32928",1,-1,2025-07-01,2025-07-07,"7.11.2.b"
"C32928",1,-1,2025-07-02,2025-07-08,"7.11.2.b"
"C32928",1,-1,2025-07-03,2025-07-09,"7.11.2.b"
"C32928",1,-1,2025-07-06,2025-07-12,"7.11.2.b"
"C32928",1,-1,2025-07-07,2025-07-13,"7.11.2.b"
"C32928",1,-1,2025-07-10,2025-07-16,"7.11.2.b"
"C32928",1,-1,2025-07-24,2025-08-14,"7.11.2.a"
"C32952",1,0,2025-05-26,2025-09-22,"7.11.2.a"
"C32955",1,-1,2025-05-26,2025-06-26,"7.11.2.a"
"C32955",1,-1,2025-06-26,2025-08-22,"7.11.2.a"
"C33045",1,0,2025-06-07,2025-06-13,"7.11.2.b"
"C33045",1,0,2025-12-12,2026-01-25,"7.11.2.a"
"C33045",1,0,2026-01-23,2026-01-30,"7.11.2.a"
"C33045",1,0,2026-01-26,2026-02-01,"7.11.2.b"
"C33045",1,0,2026-01-29,2026-02-04,"7.11.2.b"
"C33045",1,0,2026-01-30,2026-02-05,"7.11.2.b"
"C33045",1,0,2026-01-31,2026-02-06,"7.11.2.b"
"C33045",1,0,2026-02-02,2026-02-08,"7.11.2.b"
"C33045",1,0,2026-02-06,2026-02-12,"7.11.2.b"
"C33045",1,0,2026-02-07,2026-02-13,"7.11.2.b"
"C33132",1,0,2025-06-18,2025-06-24,"7.11.2.b"
"C33132",1,0,2025-10-04,2025-10-10,"7.11.2.b"
"C33132",1,0,2025-10-06,2025-10-12,"7.11.2.b"
"C33132",1,0,2025-10-08,2025-10-14,"7.11.2.b"
"C33132",1,0,2025-10-09,2025-10-15,"7.11.2.b"
"C33132",1,0,2025-10-11,2025-10-17,"7.11.2.b"
"C33132",1,0,2025-10-12,2025-10-18,"7.11.2.b"
"C33132",1,0,2025-10-13,2025-10-19,"7.11.2.b"
"C33132",1,0,2025-10-14,2025-10-20,"7.11.2.b"
"C33132",1,0,2025-10-15,2025-10-21,"7.11.2.b"
"C33132",1,0,2025-10-16,2025-10-22,"7.11.2.b"
"C33132",1,0,2025-10-17,2025-10-23,"7.11.2.b"
"C33132",1,0,2025-10-18,2025-10-24,"7.11.2.b"
"C33132",1,0,2025-10-20,2025-10-26,"7.11.2.b"
"C33132",1,0,2025-10-21,2025-10-27,"7.11.2.b"
"C33132",1,0,2025-10-22,2025-10-28,"7.11.2.b"
"C33132",1,0,2025-10-23,2025-10-29,"7.11.2.b"
"C33132",1,0,2025-10-24,2025-10-30,"7.11.2.b"
"C33132",1,0,2025-10-25,2025-10-31,"7.11.2.b"
"C33132",1,0,2025-10-30,2025-11-05,"7.11.2.b"
"C33135",1,0,2025-06-07,2025-07-04,"7.11.2.a"
"C33135",1,0,2025-08-08,2025-08-14,"7.11.2.b"
"C33135",1,0,2025-08-09,2025-08-15,"7.11.2.b"
"C33135",1,0,2025-08-10,2025-08-16,"7.11.2.b"
"C33135",1,0,2025-08-11,2025-08-17,"7.11.2.b"
"C33135",1,0,2025-08-13,2025-08-19,"7.11.2.b"
"C33135",1,0,2025-08-14,2025-08-20,"7.11.2.b"
"C33135",1,0,2025-08-16,2025-09-14,"7.11.2.a"
"C33261",1,-1,2025-06-14,2025-06-20,"7.11.2.b"
"C33261",1,-1,2025-06-18,2025-06-24,"7.11.2.b"
"C33261",1,-1,2025-06-22,2025-06-28,"7.11.2.b"
"C33261",1,-1,2025-06-23,2025-06-29,"7.11.2.b"
"C33261",1,-1,2025-06-24,2025-06-30,"7.11.2.b"
"C33261",1,-1,2025-06-26,2025-07-02,"7.11.2.b"
"C33261",1,-1,2025-06-29,2025-07-05,"7.11.2.b"
"C33261",1,-1,2025-07-01,2025-07-07,"7.11.2.b"
"C33270",1,-1,2025-06-14,2025-07-09,"7.11.2.a"
"C33270",1,-1,2025-07-07,2025-08-18,"7.11.2.a"
"C33330",2,-1,2025-06-18,2025-06-24,"7.11.2.b"
"C33330",2,-1,2025-06-19,2025-06-25,"7.11.2.b"
"C33330",2,-1,2025-06-21,2025-06-27,"7.11.2.b"
"C33330",2,-1,2025-06-22,2025-06-28,"7.11.2.b"
"C33330",2,-1,2025-06-23,2025-06-29,"7.11.2.b"
"C33330",2,-1,2025-06-24,2025-06-30,"7.11.2.b"
"C33330",2,-1,2025-06-25,2025-07-01,"7.11.2.b"
"C33330",2,-1,2025-06-26,2025-07-02,"7.11.2.b"
"C33330",2,-1,2025-06-27,2025-07-03,"7.11.2.b"
"C33330",2,-1,2025-06-28,2025-07-04,"7.11.2.b"
"C33330",2,-1,2025-06-29,2025-07-05,"7.11.2.b"
"C33330",2,-1,2025-07-02,2025-07-08,"7.11.2.b"
"C33330",2,-1,2025-07-03,2025-07-09,"7.11.2.b"
"C33330",2,-1,2025-07-04,2025-07-10,"7.11.2.b"
"C33330",2,-1,2025-07-06,2025-07-12,"7.11.2.b"
"C33330",2,-1,2025-07-07,2025-07-13,"7.11.2.b"
"C33330",2,-1,2025-07-09,2025-07-15,"7.11.2.b"
"C33330",2,-1,2025-07-10,2025-07-16,"7.11.2.b"
"C33330",2,-1,2025-07-15,2025-07-21,"7.11.2.b"
"C33330",2,-1,2025-07-16,2025-07-22,"7.11.2.b"
"C33330",2,-1,2025-07-19,2025-07-25,"7.11.2.b"
"C33330",2,-1,2025-07-20,2025-07-26,"7.11.2.b"
"C33330",2,-1,2025-07-23,2025-07-29,"7.11.2.b"
"C33330",2,-1,2025-07-24,2025-07-30,"7.11.2.b"
"C33330",2,-1,2025-07-25,2025-07-31,"7.11.2.b"
"C33330",2,-1,2025-07-26,2025-08-01,"7.11.2.b"
"C33330",2,-1,2025-07-27,2025-08-02,"7.11.2.b"
"C33330",2,-1,2025-07-28,2025-08-03,"7.11.2.b"
"C33330",2,-1,2025-07-30,2025-08-05,"7.11.2.b"
"C33330",2,-1,2025-07-31,2025-08-06,"7.11.2.b"
"C33330",2,-1,2025-08-01,2025-08-07,"7.11.2.b"
"C33330",2,-1,2025-08-02,2025-08-08,"7.11.2.b"
"C33330",2,-1,2025-08-03,2025-08-09,"7.11.2.b"
"C33330",2,-1,2025-08-04,2025-08-10,"7.11.2.b"
"C33330",2,-1,2025-08-05,2025-08-11,"7.11.2.b"
"C33330",2,-1,2025-08-06,2025-08-12,"7.11.2.b"
"C33330",2,-1,2025-08-07,2025-08-13,"7.11.2.b"
"C33330",2,-1,2025-08-08,2025-08-14,"7.11.2.b"
"C33330",2,-1,2025-08-09,2025-08-15,"7.11.2.b"
"C33330",2,-1,2025-08-10,2025-08-16,"7.11.2.b"
"C33330",2,-1,2025-08-13,2025-08-19,"7.11.2.b"
"C33330",2,-1,2025-08-16,2025-08-22,"7.11.2.b"
"C33330",2,-1,2025-08-17,2025-08-23,"7.11.2.b"
"C33330",2,-1,2025-08-18,2025-08-24,"7.11.2.b"
"C33330",2,-1,2025-08-19,2025-08-25,"7.11.2.b"
"C33330",2,-1,2025-08-20,2025-08-26,"7.11.2.b"
"C33330",2,-1,2025-08-22,2025-08-28,"7.11.2.b"
"C33330",2,-1,2025-08-23,2025-08-29,"7.11.2.b"
"C33330",2,-1,2025-08-28,2025-09-03,"7.11.2.b"
"C33330",2,-1,2025-08-29,2025-09-04,"7.11.2.b"
"C33330",2,-1,2025-08-30,2025-09-05,"7.11.2.b"
"C33330",2,-1,2025-09-02,2025-09-08,"7.11.2.b"
"C33330",2,-1,2025-09-03,2025-09-09,"7.11.2.b"
"C33351",1,0,2025-06-19,2025-07-06,"7.11.2.a"
"C33351",1,0,2025-07-03,2025-11-20,"7.11.2.a"
"C33375",1,-1,2025-06-19,2025-06-29,"7.11.2.a"
"C33375",1,-1,2025-06-23,2025-07-18,"7.11.2.a"
"C33378",1,0,2025-06-21,2025-07-24,"7.11.2.a"
"C33378",1,0,2025-08-03,2025-10-06,"7.11.2.a"
"C33378",1,0,2025-10-02,2025-12-07,"7.11.2.a"
"C33453",1,0,2025-06-27,2025-07-03,"7.11.2.b"
"C33453",1,0,2025-06-29,2025-07-05,"7.11.2.b"
"C33453",1,0,2025-07-02,2025-07-08,"7.11.2.b"
"C33453",1,0,2025-07-03,2026-02-10,"7.11.2.a"
"C33453",1,0,2025-07-04,2025-07-10,"7.11.2.b"
"C33453",1,0,2025-07-06,2025-07-12,"7.11.2.b"
"C33453",1,0,2025-07-07,2025-07-13,"7.11.2.b"
"C33453",1,0,2025-07-08,2025-07-14,"7.11.2.b"
"C33453",1,0,2025-07-09,2025-07-15,"7.11.2.b"
"C33456",1,0,2025-06-24,2025-06-30,"7.11.2.b"
"C33456",1,0,2025-06-25,2025-07-01,"7.11.2.b"
"C33456",1,0,2025-06-27,2025-07-03,"7.11.2.b"
"C33456",1,0,2025-06-28,2025-07-04,"7.11.2.b"
"C33456",1,0,2025-06-29,2025-07-05,"7.11.2.b"
"C33456",1,0,2025-06-30,2025-07-06,"7.11.2.b"
"C33456",1,0,2025-07-03,2025-07-09,"7.11.2.b"
"C33456",1,0,2025-07-05,2025-07-11,"7.11.2.b"
"C33456",1,0,2025-07-08,2025-07-14,"7.11.2.b"
"C33456",1,0,2025-07-09,2025-07-15,"7.11.2.b"
"C33456",1,0,2025-07-11,2025-07-17,"7.11.2.b"
"C33456",1,0,2025-07-12,2025-07-18,"7.11.2.b"
"C33456",1,0,2025-07-14,2025-07-20,"7.11.2.b"
"C33456",1,0,2025-07-17,2025-07-23,"7.11.2.b"
"C33456",1,0,2025-07-18,2025-07-24,"7.11.2.b"
"C33456",1,0,2025-07-19,2025-07-25,"7.11.2.b"
"C33456",1,0,2025-07-22,2025-07-28,"7.11.2.b"
"C33456",1,0,2025-07-26,2025-11-19,"7.11.2.a"
"C33474",1,-1,2025-06-16,2025-07-14,"7.11.2.a"
"C33474",1,-1,2025-07-11,2025-08-14,"7.11.2.a"
"C33495",1,0,2025-06-26,2025-07-26,"7.11.2.a"
"C33600",1,0,2025-06-30,2025-07-06,"7.11.2.b"
"C33600",1,0,2025-07-01,2025-07-07,"7.11.2.b"
"C33600",1,0,2025-07-02,2025-07-08,"7.11.2.b"
"C33600",1,0,2025-07-03,2025-07-09,"7.11.2.b"
"C33600",1,0,2025-07-04,2025-07-10,"7.11.2.b"
"C33600",1,0,2025-07-05,2025-07-11,"7.11.2.b"
"C33600",1,0,2025-07-06,2025-07-12,"7.11.2.b"
"C33600",1,0,2025-07-07,2025-07-13,"7.11.2.b"
"C33600",1,0,2025-07-08,2025-07-14,"7.11.2.b"
"C33600",1,0,2025-07-09,2025-07-15,"7.11.2.b"
"C33600",1,0,2025-07-13,2025-07-19,"7.11.2.b"
"C33600",1,0,2025-07-15,2025-07-21,"7.11.2.b"
"C33600",1,0,2025-07-16,2025-07-22,"7.11.2.b"
"C33600",1,0,2025-07-17,2025-07-23,"7.11.2.b"
"C33600",1,0,2025-07-18,2025-07-24,"7.11.2.b"
"C33600",1,0,2025-07-19,2025-07-25,"7.11.2.b"
"C33600",1,0,2025-07-20,2025-07-26,"7.11.2.b"
"C33600",1,0,2025-07-22,2025-07-28,"7.11.2.b"
"C33600",1,0,2025-07-23,2025-07-29,"7.11.2.b"
"C33600",1,0,2025-07-24,2025-07-30,"7.11.2.b"
"C33600",1,0,2025-07-25,2025-07-31,"7.11.2.b"
"C33600",1,0,2025-07-27,2025-08-02,"7.11.2.b"
"C33600",1,0,2025-07-28,2025-08-03,"7.11.2.b"
"C33600",1,0,2025-07-29,2025-08-04,"7.11.2.b"
"C33600",1,0,2025-07-30,2025-08-05,"7.11.2.b"
"C33600",1,0,2025-07-31,2025-08-06,"7.11.2.b"
"C33600",1,0,2025-08-01,2025-08-07,"7.11.2.b"
"C33600",1,0,2025-08-02,2025-08-08,"7.11.2.b"
"C33600",1,0,2025-08-03,2025-08-09,"7.11.2.b"
"C33600",1,0,2025-08-05,2025-08-11,"7.11.2.b"
"C33600",1,0,2025-08-06,2025-08-12,"7.11.2.b"
"C33600",1,0,2025-08-07,2025-08-13,"7.11.2.b"
"C33600",1,0,2025-08-08,2025-08-14,"7.11.2.b"
"C33600",1,0,2025-08-08,2026-02-07,"7.11.2.a"
"C33600",1,0,2025-08-09,2025-08-15,"7.11.2.b"
"C33600",1,0,2025-08-10,2025-08-16,"7.11.2.b"
"C33600",1,0,2025-08-12,2025-08-18,"7.11.2.b"
"C33600",1,0,2025-08-15,2025-08-21,"7.11.2.b"
"C33600",1,0,2025-08-17,2025-08-23,"7.11.2.b"
"C33600",1,0,2025-08-18,2025-08-24,"7.11.2.b"
"C33600",1,0,2025-08-19,2025-08-25,"7.11.2.b"
"C33600",1,0,2025-08-20,2025-08-26,"7.11.2.b"
"C33600",1,0,2025-08-21,2025-08-27,"7.11.2.b"
"C33600",1,0,2025-08-22,2025-08-28,"7.11.2.b"
"C33600",1,0,2025-08-23,2025-08-29,"7.11.2.b"
"C33600",1,0,2025-08-26,2025-09-01,"7.11.2.b"
"C33600",1,0,2025-08-27,2025-09-02,"7.11.2.b"
"C33600",1,0,2025-08-28,2025-09-03,"7.11.2.b"
"C33600",1,0,2025-08-30,2025-09-05,"7.11.2.b"
"C33600",1,0,2025-08-31,2025-09-06,"7.11.2.b"
"C33600",1,0,2025-09-01,2025-09-07,"7.11.2.b"
"C33600",1,0,2025-09-02,2025-09-08,"7.11.2.b"
"C33600",1,0,2025-09-03,2025-09-09,"7.11.2.b"
"C33600",1,0,2025-09-04,2025-09-10,"7.11.2.b"
"C33600",1,0,2025-09-06,2025-09-12,"7.11.2.b"
"C33600",1,0,2025-09-07,2025-09-13,"7.11.2.b"
"C33600",1,0,2025-09-08,2025-09-14,"7.11.2.b"
"C33600",1,0,2025-09-11,2025-09-17,"7.11.2.b"
"C33600",1,0,2025-09-12,2025-09-18,"7.11.2.b"
"C33600",1,0,2025-09-13,2025-09-19,"7.11.2.b"
"C33600",1,0,2025-09-14,2025-09-20,"7.11.2.b"
"C33600",1,0,2025-09-15,2025-09-21,"7.11.2.b"
"C33606",1,0,2025-07-01,2025-10-18,"7.11.2.a"
"C33606",1,0,2025-08-01,2026-01-13,"7.11.2.a"
"C33750",1,0,2025-06-25,2025-07-24,"7.11.2.a"
"C33750",1,0,2025-10-15,2025-12-02,"7.11.2.a"
"C33750",1,0,2025-12-01,2025-12-20,"7.11.2.a"
"C33822",1,0,2025-07-11,2025-08-29,"7.11.2.a"
"C33822",1,0,2025-09-18,2025-10-07,"7.11.2.a"
"C33822",1,0,2025-10-05,2025-10-29,"7.11.2.a"
"C33936",1,0,2025-11-03,2025-11-09,"7.11.2.b"
"C33936",1,0,2025-11-04,2025-11-10,"7.11.2.b"
"C33936",1,0,2025-11-05,2025-11-11,"7.11.2.b"
"C33936",1,0,2025-11-13,2025-11-20,"7.11.2.a"
"C33936",1,0,2025-11-18,2025-11-24,"7.11.2.b"
"C33936",1,0,2025-11-19,2025-11-25,"7.11.2.b"
"C33936",1,0,2025-11-22,2025-11-28,"7.11.2.b"
"C33936",1,0,2025-11-23,2025-11-29,"7.11.2.b"
"C33936",1,0,2025-11-29,2026-01-06,"7.11.2.a"
"C34002",1,0,2025-07-20,2025-08-08,"7.11.2.a"
"C34002",1,0,2025-08-03,2025-11-25,"7.11.2.a"
"C34035",1,-1,2025-05-29,2025-07-16,"7.11.2.a"
"C34035",1,-1,2025-07-11,2025-08-16,"7.11.2.a"
"C34077",1,0,2025-07-23,2025-09-14,"7.11.2.a"
"C34122",1,0,2025-07-25,2025-09-01,"7.11.2.a"
"C34122",1,0,2025-08-04,2025-11-20,"7.11.2.a"
"C34143",1,0,2025-08-02,2025-08-08,"7.11.2.b"
"C34143",1,0,2025-08-03,2025-08-09,"7.11.2.b"
"C34143",1,0,2025-08-04,2025-08-10,"7.11.2.b"
"C34143",1,0,2025-08-05,2025-08-11,"7.11.2.b"
"C34143",1,0,2025-08-06,2025-08-12,"7.11.2.b"
"C34143",1,0,2025-08-07,2025-08-13,"7.11.2.b"
"C34143",1,0,2025-08-09,2025-08-15,"7.11.2.b"
"C34143",1,0,2025-08-10,2025-08-16,"7.11.2.b"
"C34143",1,0,2025-08-11,2025-08-17,"7.11.2.b"
"C34143",1,0,2025-08-12,2025-08-18,"7.11.2.b"
"C34143",1,0,2025-08-13,2025-08-19,"7.11.2.b"
"C34143",1,0,2025-08-14,2025-08-20,"7.11.2.b"
"C34143",1,0,2025-08-16,2025-08-22,"7.11.2.b"
"C34143",1,0,2025-08-17,2026-01-13,"7.11.2.a"
"C34143",1,0,2025-08-18,2025-08-24,"7.11.2.b"
"C34143",1,0,2025-08-19,2025-08-25,"7.11.2.b"
"C34143",1,0,2025-08-21,2025-08-27,"7.11.2.b"
"C34143",1,0,2025-08-22,2025-08-28,"7.11.2.b"
"C34143",1,0,2025-08-25,2025-08-31,"7.11.2.b"
"C34143",1,0,2025-08-26,2025-09-01,"7.11.2.b"
"C34143",1,0,2025-08-27,2025-09-02,"7.11.2.b"
"C34143",1,0,2025-08-29,2025-09-04,"7.11.2.b"
"C34143",1,0,2025-08-31,2025-09-06,"7.11.2.b"
"C34143",1,0,2025-09-01,2025-09-07,"7.11.2.b"
"C34143",1,0,2025-09-02,2025-09-08,"7.11.2.b"
"C34143",1,0,2025-09-06,2025-09-12,"7.11.2.b"
"C34143",1,0,2025-09-07,2025-09-13,"7.11.2.b"
"C34143",1,0,2025-09-09,2025-09-15,"7.11.2.b"
"C34143",1,0,2025-09-10,2025-09-16,"7.11.2.b"
"C34143",1,0,2025-09-11,2025-09-17,"7.11.2.b"
"C34143",1,0,2025-09-15,2025-09-21,"7.11.2.b"
"C34143",1,0,2025-09-16,2025-09-22,"7.11.2.b"
"C34143",1,0,2025-09-27,2025-10-03,"7.11.2.b"
"C34143",1,0,2025-10-04,2025-10-10,"7.11.2.b"
"C34143",1,0,2025-10-05,2025-10-11,"7.11.2.b"
"C34143",1,0,2025-10-07,2025-10-13,"7.11.2.b"
"C34143",1,0,2025-10-17,2025-10-23,"7.11.2.b"
"C34143",1,0,2025-10-18,2025-10-24,"7.11.2.b"
"C34143",1,0,2025-10-20,2025-10-26,"7.11.2.b"
"C34143",1,0,2025-10-22,2025-10-28,"7.11.2.b"
"C34143",1,0,2025-10-23,2025-10-29,"7.11.2.b"
"C34143",1,0,2025-10-26,2025-11-01,"7.11.2.b"
"C34143",1,0,2025-10-27,2025-11-02,"7.11.2.b"
"C34143",1,0,2025-10-28,2025-11-03,"7.11.2.b"
"C34143",1,0,2025-10-29,2025-11-04,"7.11.2.b"
"C34164",1,0,2025-10-22,2025-11-24,"7.11.2.a"
"C34164",1,0,2025-11-22,2025-12-18,"7.11.2.a"
"C34203",1,0,2025-09-07,2025-09-16,"7.11.2.a"
"C34203",1,0,2025-09-13,2025-10-31,"7.11.2.a"
"C34209",1,0,2025-08-19,2025-08-25,"7.11.2.b"
"C34209",1,0,2025-08-22,2025-08-28,"7.11.2.b"
"C34209",1,0,2025-09-02,2025-09-08,"7.11.2.b"
"C34209",1,0,2025-09-03,2025-09-09,"7.11.2.b"
"C34209",1,0,2025-09-05,2025-09-11,"7.11.2.b"
"C34209",1,0,2025-09-07,2025-09-13,"7.11.2.b"
"C34209",1,0,2025-09-10,2025-09-16,"7.11.2.b"
"C34209",1,0,2025-09-12,2025-09-18,"7.11.2.b"
"C34209",1,0,2025-09-13,2025-11-18,"7.11.2.a"
"C34209",1,0,2025-09-16,2025-09-22,"7.11.2.b"
"C34209",1,0,2025-09-18,2025-09-24,"7.11.2.b"
"C34209",1,0,2025-09-20,2025-09-26,"7.11.2.b"
"C34209",1,0,2025-09-24,2025-09-30,"7.11.2.b"
"C34209",1,0,2025-09-27,2025-10-03,"7.11.2.b"
"C34209",1,0,2025-09-29,2025-10-05,"7.11.2.b"
"C34209",1,0,2025-09-30,2025-10-06,"7.11.2.b"
"C34209",1,0,2025-10-02,2025-10-08,"7.11.2.b"
"C34209",1,0,2025-10-03,2025-10-09,"7.11.2.b"
"C34209",1,0,2025-10-06,2025-10-12,"7.11.2.b"
"C34209",1,0,2025-10-11,2025-10-17,"7.11.2.b"
"C34209",1,0,2025-10-12,2025-10-18,"7.11.2.b"
"C34209",1,0,2025-10-15,2025-10-21,"7.11.2.b"
"C34257",1,-1,2025-08-01,2025-08-21,"7.11.2.a"
"C34257",1,-1,2025-08-16,2025-09-15,"7.11.2.a"
"C34269",1,0,2025-07-23,2025-08-23,"7.11.2.a"
"C34269",1,0,2025-08-21,2025-11-28,"7.11.2.a"
"C34269",1,0,2025-11-23,2025-12-12,"7.11.2.a"
"C34320",1,-1,2025-08-01,2025-08-22,"7.11.2.a"
"C34320",1,-1,2025-08-18,2025-09-15,"7.11.2.a"
"C34362",2,0,2025-08-04,2025-12-05,"7.11.2.a"
"C34416",1,-1,2025-08-01,2025-08-19,"7.11.2.a"
"C34416",1,-1,2025-08-14,2025-09-08,"7.11.2.a"
"C34497",1,0,2025-11-03,2025-11-09,"7.11.2.b"
"C34497",1,0,2025-11-07,2025-11-13,"7.11.2.b"
"C34497",1,0,2025-11-09,2025-11-15,"7.11.2.b"
"C34497",1,0,2025-11-11,2025-11-17,"7.11.2.b"
"C34497",1,0,2025-11-14,2025-11-20,"7.11.2.b"
"C34497",1,0,2025-11-20,2025-11-26,"7.11.2.b"
"C34497",1,0,2025-11-21,2025-11-27,"7.11.2.b"
"C34497",1,0,2025-11-22,2025-11-28,"7.11.2.b"
"C34497",1,0,2025-11-24,2025-11-30,"7.11.2.b"
"C34497",1,0,2025-11-29,2025-12-25,"7.11.2.a"
"C34497",1,0,2025-12-20,2026-01-05,"7.11.2.a"
"C34497",1,0,2026-01-01,2026-01-12,"7.11.2.a"
"C34497",1,0,2026-01-07,2026-01-28,"7.11.2.a"
"C34497",1,0,2026-01-23,2026-02-13,"7.11.2.a"
"C34545",1,0,2025-08-09,2025-08-26,"7.11.2.a"
"C34581",1,0,2025-12-02,2025-12-08,"7.11.2.b"
"C34581",1,0,2025-12-04,2025-12-10,"7.11.2.b"
"C34581",1,0,2025-12-06,2025-12-12,"7.11.2.b"
"C34581",1,0,2025-12-13,2025-12-19,"7.11.2.b"
"C34581",1,0,2025-12-15,2025-12-21,"7.11.2.b"
"C34581",1,0,2025-12-16,2025-12-22,"7.11.2.b"
"C34581",1,0,2025-12-17,2025-12-23,"7.11.2.b"
"C34581",1,0,2025-12-18,2025-12-24,"7.11.2.b"
"C34581",1,0,2025-12-19,2025-12-25,"7.11.2.b"
"C34581",1,0,2025-12-20,2025-12-26,"7.11.2.b"
"C34581",1,0,2025-12-21,2025-12-27,"7.11.2.b"
"C34581",1,0,2025-12-22,2025-12-28,"7.11.2.b"
"C34581",1,0,2025-12-23,2025-12-29,"7.11.2.b"
"C34581",1,0,2025-12-24,2025-12-30,"7.11.2.b"
"C34581",1,0,2025-12-25,2025-12-31,"7.11.2.b"
"C34581",1,0,2025-12-26,2026-01-01,"7.11.2.b"
"C34581",1,0,2025-12-27,2026-01-02,"7.11.2.b"
"C34581",1,0,2025-12-28,2026-01-03,"7.11.2.b"
"C34581",1,0,2025-12-29,2026-01-04,"7.11.2.b"
"C34581",1,0,2025-12-30,2026-01-05,"7.11.2.b"
"C34581",1,0,2025-12-31,2026-01-06,"7.11.2.b"
"C34581",1,0,2026-01-01,2026-01-07,"7.11.2.b"
"C34581",1,0,2026-01-03,2026-01-09,"7.11.2.b"
"C34581",1,0,2026-01-04,2026-01-10,"7.11.2.b"
"C34581",1,0,2026-01-05,2026-01-11,"7.11.2.b"
"C34581",1,0,2026-01-06,2026-01-12,"7.11.2.b"
"C34581",1,0,2026-01-07,2026-01-13,"7.11.2.b"
"C34581",1,0,2026-01-08,2026-01-14,"7.11.2.b"
"C34581",1,0,2026-01-10,2026-01-16,"7.11.2.b"
"C34581",1,0,2026-01-11,2026-01-17,"7.11.2.b"
"C34581",1,0,2026-01-12,2026-01-18,"7.11.2.b"
"C34581",1,0,2026-01-13,2026-01-19,"7.11.2.b"
"C34581",1,0,2026-01-14,2026-01-20,"7.11.2.b"
"C34581",1,0,2026-01-15,2026-01-21,"7.11.2.b"
"C34581",1,0,2026-01-16,2026-01-22,"7.11.2.b"
"C34581",1,0,2026-01-17,2026-01-23,"7.11.2.b"
"C34581",1,0,2026-01-18,2026-01-24,"7.11.2.b"
"C34581",1,0,2026-01-19,2026-01-25,"7.11.2.b"
"C34581",1,0,2026-01-20,2026-01-26,"7.11.2.b"
"C34581",1,0,2026-01-21,2026-01-27,"7.11.2.b"
"C34581",1,0,2026-01-22,2026-01-28,"7.11.2.b"
"C34581",1,0,2026-01-24,2026-01-30,"7.11.2.b"
"C34581",1,0,2026-01-25,2026-01-31,"7.11.2.b"
"C34581",1,0,2026-01-26,2026-02-01,"7.11.2.b"
"C34581",1,0,2026-01-27,2026-02-02,"7.11.2.b"
"C34581",1,0,2026-01-28,2026-02-03,"7.11.2.b"
"C34581",1,0,2026-01-29,2026-02-04,"7.11.2.b"
"C34581",1,0,2026-01-30,2026-02-05,"7.11.2.b"
"C34581",1,0,2026-01-31,2026-02-06,"7.11.2.b"
"C34581",1,0,2026-02-01,2026-02-07,"7.11.2.b"
"C34581",1,0,2026-02-02,2026-02-08,"7.11.2.b"
"C34581",1,0,2026-02-03,2026-02-09,"7.11.2.b"
"C34581",1,0,2026-02-04,2026-02-10,"7.11.2.b"
"C34581",1,0,2026-02-05,2026-02-11,"7.11.2.b"
"C34581",1,0,2026-02-06,2026-02-12,"7.11.2.b"
"C34581",1,0,2026-02-07,2026-02-13,"7.11.2.b"
"C34587",1,-1,2025-08-13,2025-08-19,"7.11.2.b"
"C34587",1,-1,2025-08-15,2025-08-21,"7.11.2.b"
"C34587",1,-1,2025-08-19,2025-08-25,"7.11.2.b"
"C34590",1,0,2025-08-12,2025-09-16,"7.11.2.a"
"C34590",1,0,2025-09-11,2026-02-28,"7.11.2.a"
"C34629",1,0,2025-11-07,2025-11-25,"7.11.2.a"
"C34629",1,0,2025-11-22,2026-01-13,"7.11.2.a"
"C34779",2,0,2025-08-21,2025-08-27,"7.11.2.b"
"C34779",2,0,2025-08-22,2025-08-28,"7.11.2.b"
"C34779",2,0,2025-08-24,2025-08-30,"7.11.2.b"
"C34779",2,0,2025-08-25,2025-08-31,"7.11.2.b"
"C34779",2,0,2025-08-28,2025-09-03,"7.11.2.b"
"C34779",2,0,2025-08-31,2026-02-07,"7.11.2.a"
"C34779",2,0,2025-09-08,2025-09-14,"7.11.2.b"
"C34779",2,0,2025-09-09,2025-09-15,"7.11.2.b"
"C34779",2,0,2025-09-10,2025-09-16,"7.11.2.b"
"C34779",2,0,2025-09-11,2025-09-17,"7.11.2.b"
"C34779",2,0,2025-09-13,2025-09-19,"7.11.2.b"
"C34779",2,0,2025-09-18,2025-09-24,"7.11.2.b"
"C34779",2,0,2025-09-21,2025-09-27,"7.11.2.b"
"C34779",2,0,2025-09-22,2025-09-28,"7.11.2.b"
"C34779",2,0,2025-09-23,2025-09-29,"7.11.2.b"
"C34848",3,-1,2025-08-18,2025-09-14,"7.11.2.a"
"C34848",3,-1,2025-09-10,2025-09-30,"7.11.2.a"
"C34854",1,0,2025-08-23,2025-11-10,"7.11.2.a"
"C34854",1,0,2025-09-04,2025-11-20,"7.11.2.a"
"C34857",1,-1,2025-08-25,2025-08-31,"7.11.2.b"
"C34857",1,-1,2025-08-30,2025-09-05,"7.11.2.b"
"C34857",1,0,2025-08-25,2025-08-31,"7.11.2.b"
"C34857",1,0,2025-08-30,2025-09-05,"7.11.2.b"
"C34857",1,0,2025-11-15,2025-11-23,"7.11.2.a"
"C34857",1,0,2025-11-18,2025-11-28,"7.11.2.a"
"C34857",1,0,2025-11-24,2025-12-17,"7.11.2.a"
"C34941",1,0,2025-08-26,2025-09-01,"7.11.2.b"
"C34941",1,0,2025-08-28,2025-09-03,"7.11.2.b"
"C34941",1,0,2025-08-30,2025-09-05,"7.11.2.b"
"C34941",1,0,2025-08-31,2025-09-06,"7.11.2.b"
"C34941",1,0,2025-09-01,2025-09-07,"7.11.2.b"
"C34941",1,0,2025-09-02,2025-09-08,"7.11.2.b"
"C34941",1,0,2025-09-03,2025-09-09,"7.11.2.b"
"C34941",1,0,2025-09-04,2025-09-10,"7.11.2.b"
"C34941",1,0,2025-09-05,2025-09-11,"7.11.2.b"
"C34941",1,0,2025-09-06,2025-09-12,"7.11.2.b"
"C34941",1,0,2025-09-07,2025-09-13,"7.11.2.b"
"C34941",1,0,2025-09-08,2025-09-14,"7.11.2.b"
"C34941",1,0,2025-09-09,2025-09-15,"7.11.2.b"
"C34941",1,0,2025-09-10,2025-09-16,"7.11.2.b"
"C34941",1,0,2025-09-11,2025-09-17,"7.11.2.b"
"C34941",1,0,2025-09-12,2025-09-18,"7.11.2.b"
"C34941",1,0,2025-09-16,2025-09-22,"7.11.2.b"
"C34941",1,0,2025-09-19,2025-09-25,"7.11.2.b"
"C34941",1,0,2025-09-20,2025-09-26,"7.11.2.b"
"C34941",1,0,2025-09-23,2025-09-29,"7.11.2.b"
"C34941",1,0,2025-09-24,2025-09-30,"7.11.2.b"
"C34941",1,0,2025-09-25,2025-10-01,"7.11.2.b"
"C34941",1,0,2025-09-26,2025-10-02,"7.11.2.b"
"C34941",1,0,2025-09-27,2025-10-03,"7.11.2.b"
"C34941",1,0,2025-09-28,2025-10-04,"7.11.2.b"
"C34941",1,0,2025-09-29,2025-10-05,"7.11.2.b"
"C34941",1,0,2025-09-30,2025-10-06,"7.11.2.b"
"C34941",1,0,2025-10-01,2025-10-07,"7.11.2.b"
"C34941",1,0,2025-10-02,2025-10-08,"7.11.2.b"
"C34941",1,0,2025-10-04,2025-10-10,"7.11.2.b"
"C34941",1,0,2025-10-05,2025-10-11,"7.11.2.b"
"C34941",1,0,2025-10-06,2025-10-12,"7.11.2.b"
"C34941",1,0,2025-10-07,2025-10-13,"7.11.2.b"
"C34941",1,0,2025-10-08,2025-10-14,"7.11.2.b"
"C34941",1,0,2025-10-09,2025-10-15,"7.11.2.b"
"C34941",1,0,2025-10-10,2025-10-16,"7.11.2.b"
"C34941",1,0,2025-10-11,2025-10-17,"7.11.2.b"
"C34941",1,0,2025-10-17,2025-10-23,"7.11.2.b"
"C34941",1,0,2025-10-19,2025-10-25,"7.11.2.b"
"C34941",1,0,2025-10-20,2025-10-26,"7.11.2.b"
"C34941",1,0,2025-10-21,2025-10-27,"7.11.2.b"
"C34941",1,0,2025-10-22,2025-10-28,"7.11.2.b"
"C34941",1,0,2025-10-26,2025-11-01,"7.11.2.b"
"C34941",1,0,2025-10-30,2025-11-05,"7.11.2.b"
"C34941",1,0,2025-10-31,2025-11-06,"7.11.2.b"
"C34941",1,0,2025-11-01,2025-11-07,"7.11.2.b"
"C34941",1,0,2025-11-02,2025-11-08,"7.11.2.b"
"C34941",1,0,2025-11-03,2025-11-09,"7.11.2.b"
"C34941",1,0,2025-12-01,2025-12-07,"7.11.2.b"
"C34941",1,0,2025-12-02,2025-12-08,"7.11.2.b"
"C34941",1,0,2025-12-03,2025-12-09,"7.11.2.b"
"C34941",1,0,2025-12-05,2025-12-11,"7.11.2.b"
"C34941",1,0,2025-12-07,2026-02-17,"7.11.2.a"
"C35085",1,0,2025-08-30,2025-09-05,"7.11.2.b"
"C35085",1,0,2025-09-01,2025-09-07,"7.11.2.b"
"C35085",1,0,2025-09-02,2025-09-08,"7.11.2.b"
"C35085",1,0,2025-09-04,2025-09-10,"7.11.2.b"
"C35085",1,0,2025-09-05,2025-09-11,"7.11.2.b"
"C35085",1,0,2025-09-07,2025-09-13,"7.11.2.b"
"C35085",1,0,2025-09-07,2026-02-20,"7.11.2.a"
"C35085",1,0,2025-09-08,2025-09-14,"7.11.2.b"
"C35085",1,0,2025-09-10,2025-09-16,"7.11.2.b"
"C35085",1,0,2025-09-11,2025-09-17,"7.11.2.b"
"C35085",1,0,2025-09-12,2025-09-18,"7.11.2.b"
"C35085",1,0,2025-09-16,2025-09-22,"7.11.2.b"
"C35085",1,0,2025-09-17,2025-09-23,"7.11.2.b"
"C35085",1,0,2025-09-18,2025-09-24,"7.11.2.b"
"C35085",1,0,2025-09-19,2025-09-25,"7.11.2.b"
"C35085",1,0,2025-09-20,2025-09-26,"7.11.2.b"
"C35085",1,0,2025-09-21,2025-09-27,"7.11.2.b"
"C35085",1,0,2025-09-22,2025-09-28,"7.11.2.b"
"C35085",1,0,2025-09-23,2025-09-29,"7.11.2.b"
"C35085",1,0,2025-09-24,2025-09-30,"7.11.2.b"
"C35085",1,0,2025-09-25,2025-10-01,"7.11.2.b"
"C35085",1,0,2025-09-27,2025-10-03,"7.11.2.b"
"C35085",1,0,2025-09-28,2025-10-04,"7.11.2.b"
"C35085",1,0,2025-09-29,2025-10-05,"7.11.2.b"
"C35085",1,0,2025-10-01,2025-10-07,"7.11.2.b"
"C35085",1,0,2025-10-02,2025-10-08,"7.11.2.b"
"C35088",1,0,2025-08-30,2025-09-05,"7.11.2.b"
"C35088",1,0,2025-09-05,2025-10-14,"7.11.2.a"
"C35157",1,0,2025-08-29,2025-10-01,"7.11.2.a"
"C35157",1,0,2025-09-27,2025-10-18,"7.11.2.a"
"C35157",1,0,2025-10-15,2025-11-17,"7.11.2.a"
"C35178",1,0,2025-09-04,2025-09-10,"7.11.2.b"
"C35178",1,0,2025-09-07,2025-09-13,"7.11.2.b"
"C35178",1,0,2025-09-11,2025-09-17,"7.11.2.b"
"C35178",1,0,2025-11-20,2025-12-21,"7.11.2.a"
"C35178",1,0,2025-12-19,2026-01-02,"7.11.2.a"
"C35184",3,0,2025-08-23,2025-09-14,"7.11.2.a"
"C35184",3,0,2025-09-10,2025-10-22,"7.11.2.a"
"C35226",1,0,2025-12-07,2026-02-03,"7.11.2.a"
"C35226",1,0,2026-01-29,2026-02-17,"7.11.2.a"
"C35229",1,0,2025-09-05,2025-10-02,"7.11.2.a"
"C35229",1,0,2025-10-02,2025-10-30,"7.11.2.a"
"C35313",1,0,2025-09-07,2025-09-28,"7.11.2.a"
"C35313",1,0,2025-09-26,2025-11-20,"7.11.2.a"
"C35334",1,-1,2025-09-09,2025-09-15,"7.11.2.b"
"C35334",1,-1,2025-09-10,2025-09-16,"7.11.2.b"
"C35334",1,-1,2025-09-11,2025-09-17,"7.11.2.b"
"C35334",1,-1,2025-09-13,2025-09-19,"7.11.2.b"
"C35334",1,-1,2025-09-20,2025-09-26,"7.11.2.b"
"C35379",1,0,2025-09-04,2025-09-17,"7.11.2.a"
"C35379",1,0,2025-09-14,2025-09-29,"7.11.2.a"
"C35379",1,0,2025-09-25,2025-10-28,"7.11.2.a"
"C35379",1,0,2025-10-24,2025-12-05,"7.11.2.a"
"C35379",1,0,2025-12-26,2026-01-16,"7.11.2.a"
"C35379",1,0,2026-01-12,2026-02-04,"7.11.2.a"
"C35394",1,0,2025-09-10,2025-09-16,"7.11.2.b"
"C35394",1,0,2025-09-11,2025-09-17,"7.11.2.b"
"C35394",1,0,2025-09-12,2025-09-18,"7.11.2.b"
"C35394",1,0,2025-09-14,2025-11-18,"7.11.2.a"
"C35415",1,0,2025-09-11,2025-09-18,"7.11.2.a"
"C35556",1,0,2025-09-18,2025-10-06,"7.11.2.a"
"C35556",1,0,2025-10-04,2025-11-30,"7.11.2.a"
"C35556",1,0,2025-11-28,2026-01-02,"7.11.2.a"
"C35565",1,0,2025-09-18,2025-10-15,"7.11.2.a"
"C35565",1,0,2025-10-12,2025-10-28,"7.11.2.a"
"C35565",1,0,2025-10-23,2025-12-21,"7.11.2.a"
"C35565",1,0,2025-12-18,2026-01-27,"7.11.2.a"
"C35574",1,0,2025-09-04,2025-09-17,"7.11.2.a"
"C35574",1,0,2025-09-14,2025-09-29,"7.11.2.a"
"C35574",1,0,2025-09-25,2025-10-28,"7.11.2.a"
"C35574",1,0,2025-10-24,2025-12-05,"7.11.2.a"
"C35574",1,0,2025-12-26,2026-01-16,"7.11.2.a"
"C35574",1,0,2026-01-12,2026-02-04,"7.11.2.a"
"C35577",1,0,2025-09-17,2025-09-23,"7.11.2.b"
"C35577",1,0,2025-09-18,2025-09-24,"7.11.2.b"
"C35577",1,0,2025-09-20,2025-09-26,"7.11.2.b"
"C35577",1,0,2025-09-21,2025-09-27,"7.11.2.b"
"C35577",1,0,2025-09-22,2025-09-28,"7.11.2.b"
"C35577",1,0,2025-09-23,2025-09-29,"7.11.2.b"
"C35577",1,0,2025-09-24,2025-09-30,"7.11.2.b"
"C35577",1,0,2025-09-25,2025-10-01,"7.11.2.b"
"C35577",1,0,2025-09-27,2025-10-03,"7.11.2.b"
"C35577",1,0,2025-09-28,2025-10-04,"7.11.2.b"
"C35577",1,0,2025-09-29,2025-10-05,"7.11.2.b"
"C35577",1,0,2025-10-01,2025-10-07,"7.11.2.b"
"C35577",1,0,2025-10-02,2025-10-08,"7.11.2.b"
"C35577",1,0,2025-10-03,2025-10-09,"7.11.2.b"
"C35577",1,0,2025-10-04,2025-10-10,"7.11.2.b"
"C35577",1,0,2025-10-05,2025-10-11,"7.11.2.b"
"C35577",1,0,2025-10-06,2025-10-12,"7.11.2.b"
"C35577",1,0,2025-10-07,2025-10-13,"7.11.2.b"
"C35577",1,0,2025-10-09,2025-10-15,"7.11.2.b"
"C35577",1,0,2025-10-10,2025-10-16,"7.11.2.b"
"C35577",1,0,2025-10-11,2025-10-17,"7.11.2.b"
"C35577",1,0,2025-10-12,2025-10-18,"7.11.2.b"
"C35577",1,0,2025-10-13,2025-10-19,"7.11.2.b"
"C35577",1,0,2025-10-14,2025-10-20,"7.11.2.b"
"C35577",1,0,2025-10-15,2025-10-21,"7.11.2.b"
"C35577",1,0,2025-10-16,2025-10-22,"7.11.2.b"
"C35577",1,0,2025-10-16,2025-11-11,"7.11.2.a"
"C35577",1,0,2025-10-18,2025-10-24,"7.11.2.b"
"C35577",1,0,2025-10-19,2025-10-25,"7.11.2.b"
"C35577",1,0,2025-10-21,2025-10-27,"7.11.2.b"
"C35577",1,0,2025-10-24,2025-10-30,"7.11.2.b"
"C35577",1,0,2025-10-25,2025-10-31,"7.11.2.b"
"C35577",1,0,2025-10-27,2025-11-02,"7.11.2.b"
"C35577",1,0,2025-10-29,2025-11-04,"7.11.2.b"
"C35577",1,0,2025-11-04,2025-11-10,"7.11.2.b"
"C35577",1,0,2025-11-05,2026-03-18,"7.11.2.a"
"C35583",1,0,2025-09-18,2025-09-24,"7.11.2.b"
"C35583",1,0,2025-09-19,2025-09-25,"7.11.2.b"
"C35583",1,0,2025-09-24,2025-09-30,"7.11.2.b"
"C35583",1,0,2025-09-29,2025-10-05,"7.11.2.b"
"C35583",1,0,2025-10-01,2025-10-07,"7.11.2.b"
"C35583",1,0,2025-10-07,2025-10-13,"7.11.2.b"
"C35583",1,0,2025-10-09,2025-10-15,"7.11.2.b"
"C35583",1,0,2025-10-12,2025-10-18,"7.11.2.b"
"C35583",1,0,2025-10-15,2025-10-21,"7.11.2.b"
"C35583",1,0,2025-10-22,2025-10-28,"7.11.2.b"
"C35583",1,0,2025-10-24,2025-10-30,"7.11.2.b"
"C35583",1,0,2025-10-26,2025-11-01,"7.11.2.b"
"C35583",1,0,2025-10-29,2025-11-04,"7.11.2.b"
"C35583",1,0,2025-11-01,2025-11-07,"7.11.2.b"
"C35583",1,0,2025-11-02,2025-11-08,"7.11.2.b"
"C35583",1,0,2025-11-03,2025-11-09,"7.11.2.b"
"C35583",1,0,2025-11-04,2025-11-10,"7.11.2.b"
"C35583",1,0,2025-11-05,2025-11-11,"7.11.2.b"
"C35583",1,0,2025-11-06,2025-11-12,"7.11.2.b"
"C35583",1,0,2025-11-08,2025-11-14,"7.11.2.b"
"C35583",1,0,2025-11-09,2025-11-15,"7.11.2.b"
"C35583",1,0,2025-11-12,2025-11-23,"7.11.2.a"
"C35583",1,0,2025-11-20,2026-03-09,"7.11.2.a"
"C35583",1,0,2025-11-27,2026-02-15,"7.11.2.a"
"C35586",1,0,2025-09-11,2025-10-01,"7.11.2.a"
"C35700",1,0,2025-09-20,2025-10-15,"7.11.2.a"
"C35700",1,0,2025-10-10,2025-11-02,"7.11.2.a"
"C35796",1,0,2025-09-23,2025-09-29,"7.11.2.b"
"C35796",1,0,2025-09-26,2025-10-02,"7.11.2.b"
"C35796",1,0,2025-09-28,2025-10-04,"7.11.2.b"
"C35796",1,0,2025-09-30,2025-10-06,"7.11.2.b"
"C35796",1,0,2025-10-04,2025-10-10,"7.11.2.b"
"C35796",1,0,2025-10-06,2025-10-12,"7.11.2.b"
"C35796",1,0,2025-10-07,2025-10-13,"7.11.2.b"
"C35796",1,0,2025-10-11,2025-10-17,"7.11.2.b"
"C35796",1,0,2025-10-13,2025-10-19,"7.11.2.b"
"C35796",1,0,2025-10-14,2025-10-20,"7.11.2.b"
"C35796",1,0,2025-10-15,2025-10-21,"7.11.2.b"
"C35796",1,0,2025-10-17,2025-10-23,"7.11.2.b"
"C35796",1,0,2025-11-08,2025-11-23,"7.11.2.a"
"C35796",1,0,2025-11-21,2025-12-25,"7.11.2.a"
"C35802",1,0,2025-09-25,2025-10-14,"7.11.2.a"
"C35802",1,0,2025-11-07,2025-12-24,"7.11.2.a"
"C35802",1,0,2025-12-20,2026-01-14,"7.11.2.a"
"C36024",1,0,2025-10-04,2025-11-12,"7.11.2.a"
"C36024",1,0,2025-11-09,2026-01-13,"7.11.2.a"
"C36024",1,0,2026-01-10,2026-02-21,"7.11.2.a"
"C36036",1,0,2025-10-04,2025-10-19,"7.11.2.a"
"C36036",1,0,2025-10-16,2025-11-19,"7.11.2.a"
"C36042",1,0,2025-10-05,2025-10-25,"7.11.2.a"
"C36042",1,0,2025-10-20,2025-12-02,"7.11.2.a"
"C36075",1,0,2025-10-05,2025-10-11,"7.11.2.b"
"C36075",1,0,2025-10-07,2025-10-13,"7.11.2.b"
"C36075",1,0,2025-10-09,2025-10-15,"7.11.2.b"
"C36075",1,0,2025-10-14,2025-10-20,"7.11.2.b"
"C36075",1,0,2025-10-15,2025-10-21,"7.11.2.b"
"C36075",1,0,2025-10-16,2025-10-22,"7.11.2.b"
"C36075",1,0,2025-10-17,2025-10-23,"7.11.2.b"
"C36075",1,0,2025-10-18,2025-10-24,"7.11.2.b"
"C36075",1,0,2025-10-19,2025-10-25,"7.11.2.b"
"C36075",1,0,2025-10-25,2025-10-31,"7.11.2.b"
"C36075",1,0,2025-10-28,2025-11-03,"7.11.2.b"
"C36075",1,0,2025-10-30,2025-11-05,"7.11.2.b"
"C36075",1,0,2025-11-06,2025-11-12,"7.11.2.b"
"C36075",1,0,2025-11-07,2025-11-13,"7.11.2.b"
"C36075",1,0,2025-11-09,2025-11-15,"7.11.2.b"
"C36084",1,0,2025-10-06,2025-11-28,"7.11.2.a"
"C36084",1,0,2025-11-23,2025-11-29,"7.11.2.b"
"C36084",1,0,2025-11-26,2025-12-02,"7.11.2.b"
"C36084",1,0,2025-11-27,2025-12-03,"7.11.2.b"
"C36084",1,0,2025-11-29,2025-12-05,"7.11.2.b"
"C36084",1,0,2025-12-20,2026-01-04,"7.11.2.a"
"C36084",1,0,2025-12-31,2026-02-06,"7.11.2.a"
"C36108",1,0,2025-10-08,2025-10-14,"7.11.2.b"
"C36108",1,0,2025-10-09,2025-10-15,"7.11.2.b"
"C36108",1,0,2025-10-20,2025-10-26,"7.11.2.b"
"C36108",1,0,2025-10-21,2025-10-27,"7.11.2.b"
"C36108",1,0,2025-10-23,2025-10-29,"7.11.2.b"
"C36108",1,0,2025-10-25,2025-10-31,"7.11.2.b"
"C36108",1,0,2025-11-01,2025-11-07,"7.11.2.b"
"C36108",1,0,2025-11-03,2025-11-09,"7.11.2.b"
"C36108",1,0,2025-11-17,2025-11-23,"7.11.2.b"
"C36108",1,0,2025-11-19,2025-11-25,"7.11.2.b"
"C36108",1,0,2025-11-24,2025-11-30,"7.11.2.b"
"C36108",1,0,2025-12-03,2025-12-09,"7.11.2.b"
"C36108",1,0,2025-12-07,2025-12-13,"7.11.2.b"
"C36108",1,0,2025-12-11,2025-12-17,"7.11.2.b"
"C36108",1,0,2025-12-16,2025-12-22,"7.11.2.b"
"C36108",1,0,2025-12-19,2025-12-28,"7.11.2.a"
"C36108",1,0,2025-12-26,2026-01-13,"7.11.2.a"
"C36108",1,0,2026-01-08,2026-01-24,"7.11.2.a"
"C36108",1,0,2026-01-20,2026-02-17,"7.11.2.a"
"C36114",1,0,2025-10-09,2025-12-24,"7.11.2.a"
"C36114",1,0,2025-12-19,2026-02-17,"7.11.2.a"
"C36114",1,0,2026-02-13,2026-03-07,"7.11.2.a"
"C36117",1,0,2025-10-09,2025-11-04,"7.11.2.a"
"C36117",1,0,2025-11-02,2026-02-28,"7.11.2.a"
"C36168",1,0,2025-10-10,2025-11-27,"7.11.2.a"
"C36168",1,0,2025-11-24,2026-02-01,"7.11.2.a"
"C36204",1,0,2025-10-05,2025-10-11,"7.11.2.b"
"C36204",1,0,2025-10-07,2025-10-13,"7.11.2.b"
"C36204",1,0,2025-10-09,2025-10-15,"7.11.2.b"
"C36204",1,0,2025-10-10,2025-10-16,"7.11.2.b"
"C36204",1,0,2025-10-11,2025-10-17,"7.11.2.b"
"C36204",1,0,2025-10-13,2025-10-19,"7.11.2.b"
"C36204",1,0,2025-10-14,2025-10-20,"7.11.2.b"
"C36204",1,0,2025-10-15,2025-10-21,"7.11.2.b"
"C36204",1,0,2025-10-16,2025-10-22,"7.11.2.b"
"C36204",1,0,2025-10-17,2025-10-23,"7.11.2.b"
"C36204",1,0,2025-10-18,2025-10-24,"7.11.2.b"
"C36204",1,0,2025-10-20,2025-10-26,"7.11.2.b"
"C36204",1,0,2025-10-25,2025-10-31,"7.11.2.b"
"C36204",1,0,2025-10-27,2025-11-02,"7.11.2.b"
"C36204",1,0,2025-10-28,2025-11-03,"7.11.2.b"
"C36204",1,0,2025-10-29,2025-11-04,"7.11.2.b"
"C36204",1,0,2025-10-31,2025-11-06,"7.11.2.b"
"C36204",1,0,2026-01-23,2026-01-29,"7.11.2.b"
"C36204",1,0,2026-01-25,2026-01-31,"7.11.2.b"
"C36204",1,0,2026-01-26,2026-02-01,"7.11.2.b"
"C36204",1,0,2026-01-27,2026-02-02,"7.11.2.b"
"C36204",1,0,2026-01-28,2026-02-03,"7.11.2.b"
"C36204",1,0,2026-01-29,2026-02-04,"7.11.2.b"
"C36204",1,0,2026-01-31,2026-02-06,"7.11.2.b"
"C36204",1,0,2026-02-01,2026-02-07,"7.11.2.b"
"C36204",1,0,2026-02-02,2026-02-08,"7.11.2.b"
"C36204",1,0,2026-02-03,2026-02-09,"7.11.2.b"
"C36204",1,0,2026-02-05,2026-02-11,"7.11.2.b"
"C36204",1,0,2026-02-06,2026-02-12,"7.11.2.b"
"C36204",1,0,2026-02-10,2026-03-07,"7.11.2.a"
"C36219",1,0,2025-10-11,2025-10-17,"7.11.2.b"
"C36219",1,0,2025-10-12,2025-10-18,"7.11.2.b"
"C36219",1,0,2025-10-14,2025-10-20,"7.11.2.b"
"C36219",1,0,2025-10-17,2025-10-23,"7.11.2.b"
"C36219",1,0,2025-10-19,2025-10-25,"7.11.2.b"
"C36219",1,0,2025-10-21,2025-10-27,"7.11.2.b"
"C36219",1,0,2025-10-23,2025-10-29,"7.11.2.b"
"C36219",1,0,2025-10-24,2025-10-30,"7.11.2.b"
"C36219",1,0,2025-10-26,2025-11-01,"7.11.2.b"
"C36219",1,0,2025-10-29,2025-11-04,"7.11.2.b"
"C36219",1,0,2025-10-30,2025-11-05,"7.11.2.b"
"C36219",1,0,2025-11-11,2025-11-17,"7.11.2.b"
"C36219",1,0,2025-11-24,2025-11-30,"7.11.2.b"
"C36219",1,0,2025-11-25,2025-12-01,"7.11.2.b"
"C36219",1,0,2025-11-26,2025-12-02,"7.11.2.b"
"C36219",1,0,2025-11-30,2025-12-06,"7.11.2.b"
"C36219",1,0,2025-12-01,2025-12-07,"7.11.2.b"
"C36219",1,0,2025-12-03,2025-12-09,"7.11.2.b"
"C36219",1,0,2025-12-06,2025-12-12,"7.11.2.b"
"C36219",1,0,2025-12-07,2025-12-13,"7.11.2.b"
"C36219",1,0,2025-12-09,2025-12-15,"7.11.2.b"
"C36219",1,0,2025-12-14,2025-12-20,"7.11.2.b"
"C36219",1,0,2025-12-16,2025-12-22,"7.11.2.b"
"C36219",1,0,2025-12-20,2026-01-24,"7.11.2.a"
"C36345",1,0,2025-10-13,2025-10-29,"7.11.2.a"
"C36345",1,0,2025-10-24,2025-12-26,"7.11.2.a"
"C36345",1,0,2025-12-21,2026-01-15,"7.11.2.a"
"C36360",1,0,2025-10-15,2025-10-21,"7.11.2.b"
"C36360",1,0,2025-10-16,2025-10-22,"7.11.2.b"
"C36360",1,0,2025-10-17,2025-10-23,"7.11.2.b"
"C36360",1,0,2025-10-20,2025-10-26,"7.11.2.b"
"C36360",1,0,2025-10-21,2025-10-27,"7.11.2.b"
"C36360",1,0,2025-10-22,2025-10-28,"7.11.2.b"
"C36360",1,0,2025-10-23,2025-10-29,"7.11.2.b"
"C36360",1,0,2025-10-24,2025-10-30,"7.11.2.b"
"C36360",1,0,2025-10-27,2025-11-02,"7.11.2.b"
"C36360",1,0,2025-10-30,2025-11-05,"7.11.2.b"
"C36360",1,0,2025-10-31,2025-11-06,"7.11.2.b"
"C36360",1,0,2025-11-04,2025-11-10,"7.11.2.b"
"C36360",1,0,2025-11-09,2025-11-15,"7.11.2.b"
"C36360",1,0,2025-11-10,2025-11-16,"7.11.2.b"
"C36360",1,0,2025-11-11,2025-11-17,"7.11.2.b"
"C36360",1,0,2025-11-13,2025-11-19,"7.11.2.b"
"C36360",1,0,2025-11-19,2025-11-25,"7.11.2.b"
"C36360",1,0,2025-11-20,2025-11-26,"7.11.2.b"
"C36360",1,0,2025-11-21,2025-11-27,"7.11.2.b"
"C36360",1,0,2025-11-22,2025-11-28,"7.11.2.b"
"C36360",1,0,2025-11-26,2025-12-02,"7.11.2.b"
"C36360",1,0,2025-11-27,2025-12-03,"7.11.2.b"
"C36360",1,0,2025-11-28,2025-12-04,"7.11.2.b"
"C36360",1,0,2025-11-29,2025-12-05,"7.11.2.b"
"C36360",1,0,2025-12-01,2025-12-07,"7.11.2.b"
"C36363",1,0,2025-10-14,2025-10-20,"7.11.2.b"
"C36363",1,0,2025-10-18,2025-10-24,"7.11.2.b"
"C36363",1,0,2025-10-19,2025-10-25,"7.11.2.b"
"C36363",1,0,2025-10-20,2025-10-26,"7.11.2.b"
"C36363",1,0,2025-10-21,2025-10-27,"7.11.2.b"
"C36363",1,0,2025-10-22,2025-10-28,"7.11.2.b"
"C36363",1,0,2025-10-23,2025-10-29,"7.11.2.b"
"C36363",1,0,2025-10-24,2025-10-30,"7.11.2.b"
"C36363",1,0,2025-10-25,2025-10-31,"7.11.2.b"
"C36363",1,0,2025-10-26,2025-11-01,"7.11.2.b"
"C36363",1,0,2025-10-28,2025-11-03,"7.11.2.b"
"C36363",1,0,2025-10-29,2025-11-04,"7.11.2.b"
"C36363",1,0,2025-10-30,2025-11-05,"7.11.2.b"
"C36363",1,0,2025-10-31,2025-11-06,"7.11.2.b"
"C36363",1,0,2025-11-01,2025-11-07,"7.11.2.b"
"C36363",1,0,2025-11-05,2025-11-11,"7.11.2.b"
"C36363",1,0,2025-11-06,2025-11-12,"7.11.2.b"
"C36420",1,0,2025-10-15,2025-11-04,"7.11.2.a"
"C36420",1,0,2025-10-31,2025-12-24,"7.11.2.a"
"C36420",1,0,2025-12-21,2026-02-18,"7.11.2.a"
"C36501",1,0,2025-10-19,2026-01-04,"7.11.2.a"
"C36501",1,0,2026-01-01,2026-01-24,"7.11.2.a"
"C36501",1,0,2026-01-19,2026-02-17,"7.11.2.a"
"C36501",1,0,2026-02-13,2026-03-27,"7.11.2.a"
"C36510",1,0,2025-10-22,2025-10-28,"7.11.2.b"
"C36510",1,0,2025-10-25,2025-10-31,"7.11.2.b"
"C36510",1,0,2025-10-26,2025-11-01,"7.11.2.b"
"C36510",1,0,2025-10-28,2025-11-03,"7.11.2.b"
"C36510",1,0,2025-10-29,2025-11-04,"7.11.2.b"
"C36510",1,0,2025-10-31,2025-11-06,"7.11.2.b"
"C36510",1,0,2025-11-01,2025-11-07,"7.11.2.b"
"C36510",1,0,2025-11-03,2025-11-09,"7.11.2.b"
"C36510",1,0,2025-11-04,2025-11-10,"7.11.2.b"
"C36510",1,0,2025-11-05,2025-11-11,"7.11.2.b"
"C36510",1,0,2025-11-07,2025-11-13,"7.11.2.b"
"C36510",1,0,2025-11-08,2025-11-14,"7.11.2.b"
"C36510",1,0,2025-11-11,2025-11-17,"7.11.2.b"
"C36510",1,0,2025-11-13,2025-11-19,"7.11.2.b"
"C36510",1,0,2025-11-16,2025-11-22,"7.11.2.b"
"C36510",1,0,2025-11-19,2025-11-25,"7.11.2.b"
"C36510",1,0,2025-11-20,2025-11-26,"7.11.2.b"
"C36510",1,0,2025-11-24,2025-11-30,"7.11.2.b"
"C36510",1,0,2025-11-25,2025-12-01,"7.11.2.b"
"C36510",1,0,2025-11-26,2025-12-02,"7.11.2.b"
"C36510",1,0,2025-11-29,2025-12-05,"7.11.2.b"
"C36510",1,0,2025-11-30,2025-12-06,"7.11.2.b"
"C36510",1,0,2025-12-01,2025-12-07,"7.11.2.b"
"C36510",1,0,2025-12-04,2025-12-10,"7.11.2.b"
"C36510",1,0,2025-12-05,2025-12-11,"7.11.2.b"
"C36510",1,0,2025-12-06,2025-12-12,"7.11.2.b"
"C36510",1,0,2025-12-07,2025-12-13,"7.11.2.b"
"C36510",1,0,2025-12-10,2025-12-16,"7.11.2.b"
"C36510",1,0,2025-12-11,2025-12-17,"7.11.2.b"
"C36510",1,0,2025-12-12,2025-12-18,"7.11.2.b"
"C36510",1,0,2025-12-13,2025-12-19,"7.11.2.b"
"C36510",1,0,2025-12-14,2025-12-20,"7.11.2.b"
"C36510",1,0,2025-12-18,2026-01-13,"7.11.2.a"
"C36564",1,0,2025-10-23,2026-01-14,"7.11.2.a"
"C36564",1,0,2026-01-12,2026-02-19,"7.11.2.a"
"C36660",1,0,2025-10-31,2025-11-06,"7.11.2.b"
"C36660",1,0,2025-11-01,2025-11-07,"7.11.2.b"
"C36660",1,0,2025-11-02,2025-11-08,"7.11.2.b"
"C36660",1,0,2025-11-03,2025-11-09,"7.11.2.b"
"C36660",1,0,2025-11-04,2025-11-10,"7.11.2.b"
"C36660",1,0,2025-11-05,2025-11-11,"7.11.2.b"
"C36660",1,0,2025-11-06,2025-11-12,"7.11.2.b"
"C36660",1,0,2025-11-07,2025-11-13,"7.11.2.b"
"C36660",1,0,2025-11-08,2025-11-14,"7.11.2.b"
"C36660",1,0,2025-11-09,2025-11-15,"7.11.2.b"
"C36660",1,0,2025-11-10,2025-11-16,"7.11.2.b"
"C36660",1,0,2025-11-11,2025-11-17,"7.11.2.b"
"C36660",1,0,2025-11-13,2025-11-19,"7.11.2.b"
"C36660",1,0,2025-11-15,2025-11-21,"7.11.2.b"
"C36660",1,0,2025-11-18,2025-11-24,"7.11.2.b"
"C36660",1,0,2025-11-19,2025-11-25,"7.11.2.b"
"C36660",1,0,2025-11-20,2025-11-26,"7.11.2.b"
"C36660",1,0,2025-11-22,2025-11-29,"7.11.2.a"
"C36660",1,0,2025-11-24,2025-12-02,"7.11.2.a"
"C36660",1,0,2025-11-27,2025-12-16,"7.11.2.a"
"C36726",1,0,2025-11-01,2025-11-16,"7.11.2.a"
"C36726",1,0,2025-11-13,2025-12-29,"7.11.2.a"
"C36735",1,0,2025-10-30,2026-01-23,"7.11.2.a"
"C36735",1,0,2026-01-18,2026-02-07,"7.11.2.a"
"C36735",1,0,2026-02-03,2026-02-19,"7.11.2.a"
"C36735",1,0,2026-02-14,2026-03-05,"7.11.2.a"
"C36738",1,0,2025-10-14,2025-11-25,"7.11.2.a"
"C36738",1,0,2025-11-23,2025-12-19,"7.11.2.a"
"C36747",1,0,2025-10-22,2025-12-22,"7.11.2.a"
"C36747",1,0,2025-12-18,2026-02-17,"7.11.2.a"
"C36786",1,0,2025-10-31,2025-11-20,"7.11.2.a"
"C36786",1,0,2025-11-16,2025-12-06,"7.11.2.a"
"C36786",1,0,2025-12-04,2026-03-30,"7.11.2.a"
"C36921",1,0,2025-11-07,2025-11-27,"7.11.2.a"
"C36921",1,0,2025-11-25,2025-12-14,"7.11.2.a"
"C36924",1,0,2025-11-07,2025-11-27,"7.11.2.a"
"C36924",1,0,2025-11-25,2025-12-14,"7.11.2.a"
"C36942",1,0,2025-11-04,2025-11-27,"7.11.2.a"
"C36942",1,0,2025-11-23,2026-02-21,"7.11.2.a"
"C36954",1,0,2025-11-08,2025-12-03,"7.11.2.a"
"C36954",1,0,2025-11-28,2025-12-26,"7.11.2.a"
"C36954",1,0,2025-12-22,2026-01-04,"7.11.2.a"
"C36954",1,0,2026-01-01,2026-01-11,"7.11.2.a"
"C36954",1,0,2026-01-06,2026-01-22,"7.11.2.a"
"C36954",1,0,2026-01-17,2026-02-17,"7.11.2.a"
"C36984",1,0,2025-11-10,2026-01-01,"7.11.2.a"
"C36984",1,0,2025-12-27,2026-01-10,"7.11.2.a"
"C36984",1,0,2026-01-05,2026-01-14,"7.11.2.a"
"C36984",1,0,2026-01-09,2026-01-31,"7.11.2.a"
"C36999",1,0,2025-11-09,2025-11-29,"7.11.2.a"
"C36999",1,0,2025-11-29,2026-01-31,"7.11.2.a"
"C37041",1,0,2025-11-10,2026-01-30,"7.11.2.a"
"C37041",1,0,2026-01-25,2026-01-31,"7.11.2.b"
"C37041",1,0,2026-01-27,2026-02-02,"7.11.2.b"
"C37041",1,0,2026-01-28,2026-02-03,"7.11.2.b"
"C37041",1,0,2026-01-30,2026-02-05,"7.11.2.b"
"C37041",1,0,2026-01-31,2026-02-06,"7.11.2.b"
"C37041",1,0,2026-02-03,2026-02-09,"7.11.2.b"
"C37041",1,0,2026-02-05,2026-02-11,"7.11.2.b"
"C37041",1,0,2026-02-07,2026-02-13,"7.11.2.b"
"C37041",1,0,2026-02-08,2026-02-14,"7.11.2.b"
"C37041",1,0,2026-02-10,2026-02-16,"7.11.2.b"
"C37041",1,0,2026-02-11,2026-02-17,"7.11.2.b"
"C37041",1,0,2026-02-16,2026-02-22,"7.11.2.b"
"C37041",1,0,2026-02-17,2026-02-23,"7.11.2.b"
"C37041",1,0,2026-02-19,2026-02-25,"7.11.2.b"
"C37041",1,0,2026-02-20,2026-02-26,"7.11.2.b"
"C37041",1,0,2026-02-21,2026-02-27,"7.11.2.b"
"C37041",1,0,2026-02-23,2026-03-01,"7.11.2.b"
"C37077",1,0,2025-11-13,2025-12-06,"7.11.2.a"
"C37077",1,0,2025-12-01,2025-12-24,"7.11.2.a"
"C37089",1,0,2025-11-09,2025-12-02,"7.11.2.a"
"C37089",1,0,2025-11-27,2025-12-18,"7.11.2.a"
"C37119",1,0,2025-11-14,2025-11-24,"7.11.2.a"
"C37119",1,0,2025-11-21,2025-12-10,"7.11.2.a"
"C37143",1,0,2025-11-15,2025-12-26,"7.11.2.a"
"C37143",1,0,2025-12-21,2026-02-05,"7.11.2.a"
"C37143",1,0,2026-01-31,2026-02-21,"7.11.2.a"
"C37227",1,0,2025-11-29,2025-12-10,"7.11.2.a"
"C37227",1,0,2025-12-05,2025-12-14,"7.11.2.a"
"C37227",1,0,2025-12-09,2026-01-15,"7.11.2.a"
"C37287",1,0,2025-11-28,2026-01-01,"7.11.2.a"
"C37287",1,0,2025-12-27,2026-02-05,"7.11.2.a"
"C37317",1,0,2025-11-15,2025-11-21,"7.11.2.b"
"C37317",1,0,2025-11-19,2025-11-25,"7.11.2.b"
"C37317",1,0,2025-11-26,2025-12-02,"7.11.2.b"
"C37317",1,0,2025-12-08,2025-12-14,"7.11.2.b"
"C37317",1,0,2025-12-16,2025-12-22,"7.11.2.b"
"C37317",1,0,2025-12-20,2025-12-26,"7.11.2.b"
"C37392",1,0,2025-11-22,2025-11-30,"7.11.2.a"
"C37392",1,0,2025-11-26,2025-12-15,"7.11.2.a"
"C37392",1,0,2025-12-14,2026-01-14,"7.11.2.a"
"C37395",1,0,2025-11-23,2025-12-10,"7.11.2.a"
"C37395",1,0,2025-12-06,2026-01-05,"7.11.2.a"
"C37413",1,0,2025-11-23,2025-11-30,"7.11.2.a"
"C37413",1,0,2025-11-25,2025-12-03,"7.11.2.a"
"C37413",1,0,2025-11-30,2025-12-13,"7.11.2.a"
"C37413",1,0,2025-12-09,2025-12-29,"7.11.2.a"
"C37512",1,0,2025-11-23,2025-11-30,"7.11.2.a"
"C37512",1,0,2025-11-25,2026-01-31,"7.11.2.a"
"C37518",2,0,2025-11-23,2025-12-08,"7.11.2.a"
"C37518",2,0,2025-12-03,2025-12-18,"7.11.2.a"
"C37518",2,0,2025-12-15,2026-01-09,"7.11.2.a"
"C37542",1,0,2025-11-28,2025-12-22,"7.11.2.a"
"C37542",1,0,2025-12-18,2026-01-09,"7.11.2.a"
"C37596",1,0,2025-11-28,2026-02-05,"7.11.2.a"
"C37596",1,0,2026-01-31,2026-02-21,"7.11.2.a"
"C37671",1,0,2025-12-05,2026-02-17,"7.11.2.a"
"C37671",1,0,2026-02-13,2026-03-07,"7.11.2.a"
"C37740",1,0,2025-12-06,2026-01-01,"7.11.2.a"
"C37740",1,0,2025-12-29,2026-02-27,"7.11.2.a"
"C37800",1,0,2025-12-05,2025-12-20,"7.11.2.a"
"C37800",1,0,2025-12-17,2026-01-06,"7.11.2.a"
"C37851",1,0,2025-12-08,2026-01-07,"7.11.2.a"
"C37851",1,0,2026-01-03,2026-02-05,"7.11.2.a"
"C37911",1,0,2025-12-11,2026-03-05,"7.11.2.a"
"C37911",1,0,2026-02-28,2026-03-27,"7.11.2.a"
"C37965",1,0,2025-12-11,2025-12-20,"7.11.2.a"
"C37965",1,0,2025-12-15,2025-12-21,"7.11.2.b"
"C38025",1,0,2025-12-14,2025-12-29,"7.11.2.a"
"C38025",1,0,2025-12-25,2026-03-09,"7.11.2.a"
"C38052",1,0,2025-12-13,2025-12-31,"7.11.2.a"
"C38052",1,0,2025-12-28,2026-01-04,"7.11.2.a"
"C38052",1,0,2025-12-30,2026-01-22,"7.11.2.a"
"C38211",1,0,2025-12-20,2025-12-26,"7.11.2.b"
"C38211",1,0,2025-12-22,2025-12-28,"7.11.2.b"
"C38211",1,0,2025-12-23,2025-12-29,"7.11.2.b"
"C38211",1,0,2025-12-28,2026-01-03,"7.11.2.b"
"C38211",1,0,2025-12-29,2026-01-04,"7.11.2.b"
"C38211",1,0,2025-12-30,2026-01-05,"7.11.2.b"
"C38211",1,0,2026-01-04,2026-01-10,"7.11.2.b"
"C38211",1,0,2026-01-05,2026-01-11,"7.11.2.b"
"C38211",1,0,2026-01-06,2026-01-12,"7.11.2.b"
"C38211",1,0,2026-01-07,2026-01-13,"7.11.2.b"
"C38211",1,0,2026-01-08,2026-01-14,"7.11.2.b"
"C38211",1,0,2026-01-12,2026-01-18,"7.11.2.b"
"C38211",1,0,2026-01-13,2026-01-19,"7.11.2.b"
"C38250",1,0,2025-12-23,2026-01-05,"7.11.2.a"
"C38250",1,0,2026-01-03,2026-03-03,"7.11.2.a"
"C38298",1,0,2026-02-03,2026-02-16,"7.11.2.a"
"C38298",1,0,2026-02-13,2026-03-07,"7.11.2.a"
"C38337",1,0,2025-12-26,2026-01-02,"7.11.2.a"
"C38337",1,0,2025-12-29,2026-01-18,"7.11.2.a"
"C38349",1,0,2025-12-26,2026-01-16,"7.11.2.a"
"C38349",1,0,2026-01-13,2026-02-25,"7.11.2.a"
"C38367",1,0,2025-12-27,2026-01-18,"7.11.2.a"
"C38367",1,0,2026-01-14,2026-01-25,"7.11.2.a"
"C38367",1,0,2026-01-25,2026-01-31,"7.11.2.b"
"C38367",1,0,2026-01-28,2026-02-03,"7.11.2.b"
"C38367",1,0,2026-01-29,2026-02-04,"7.11.2.b"
"C38367",1,0,2026-01-30,2026-02-05,"7.11.2.b"
"C38367",1,0,2026-02-01,2026-02-07,"7.11.2.b"
"C38367",1,0,2026-02-01,2026-03-30,"7.11.2.a"
"C38541",1,0,2026-01-04,2026-01-10,"7.11.2.b"
"C38541",1,0,2026-01-14,2026-01-20,"7.11.2.b"
"C38541",1,0,2026-01-16,2026-01-22,"7.11.2.b"
"C38541",1,0,2026-01-17,2026-03-14,"7.11.2.a"
"C38541",1,0,2026-01-21,2026-01-27,"7.11.2.b"
"C38589",1,0,2025-12-27,2026-01-23,"7.11.2.a"
"C38589",1,0,2026-01-19,2026-02-07,"7.11.2.a"
"C38766",1,0,2026-01-09,2026-01-26,"7.11.2.a"
"C38766",1,0,2026-01-21,2026-02-09,"7.11.2.a"
"C38793",1,0,2026-01-12,2026-01-19,"7.11.2.a"
"C38793",1,0,2026-01-17,2026-01-24,"7.11.2.a"
"C38793",1,0,2026-01-19,2026-01-26,"7.11.2.a"
"C38793",1,0,2026-01-24,2026-02-12,"7.11.2.a"
"C38796",1,0,2026-01-12,2026-01-19,"7.11.2.a"
"C38796",1,0,2026-01-14,2026-01-20,"7.11.2.b"
"C38796",1,0,2026-01-20,2026-01-26,"7.11.2.b"
"C38796",1,0,2026-01-21,2026-01-27,"7.11.2.b"
"C38796",1,0,2026-01-23,2026-01-29,"7.11.2.b"
"C38796",1,0,2026-02-01,2026-02-07,"7.11.2.b"
"C38796",1,0,2026-02-02,2026-02-08,"7.11.2.b"
"C38796",1,0,2026-02-03,2026-02-09,"7.11.2.b"
"C38796",1,0,2026-02-15,2026-02-21,"7.11.2.b"
"C38796",1,0,2026-02-18,2026-02-24,"7.11.2.b"
"C38796",1,0,2026-02-23,2026-03-01,"7.11.2.b"
"C38796",1,0,2026-03-02,2026-03-08,"7.11.2.b"
"C38874",1,0,2026-01-17,2026-02-07,"7.11.2.a"
"C38874",1,0,2026-02-03,2026-03-07,"7.11.2.a"
"C38949",1,0,2026-01-18,2026-01-26,"7.11.2.a"
"C38949",1,0,2026-01-22,2026-01-28,"7.11.2.b"
"C38952",1,0,2026-01-17,2026-01-27,"7.11.2.a"
"C38952",1,0,2026-01-22,2026-02-14,"7.11.2.a"
"C39048",1,0,2026-01-19,2026-01-29,"7.11.2.a"
"C39048",1,0,2026-01-24,2026-02-12,"7.11.2.a"
"C39099",1,0,2026-01-14,2026-01-27,"7.11.2.a"
"C39099",1,0,2026-01-24,2026-02-15,"7.11.2.a"
"C39195",1,0,2026-01-25,2026-02-13,"7.11.2.a"
"C39195",1,0,2026-02-10,2026-02-16,"7.11.2.b"
"C39195",1,0,2026-02-12,2026-02-18,"7.11.2.b"
"C39195",1,0,2026-02-14,2026-02-20,"7.11.2.b"
"C39195",1,0,2026-02-15,2026-02-21,"7.11.2.b"
"C39204",1,0,2026-01-26,2026-02-17,"7.11.2.a"
"C39204",1,0,2026-02-13,2026-03-24,"7.11.2.a"
"C39222",1,0,2026-01-27,2026-02-19,"7.11.2.a"
"C39222",1,0,2026-02-14,2026-03-07,"7.11.2.a"
"C39231",1,0,2026-01-27,2026-02-05,"7.11.2.a"
"C39231",1,0,2026-02-02,2026-02-08,"7.11.2.b"
"C39315",1,0,2026-01-28,2026-02-11,"7.11.2.a"
"C39315",1,0,2026-02-06,2026-03-04,"7.11.2.a"
"C40362",1,0,2026-03-10,2026-03-16,"7.11.2.b"
"C40362",1,0,2026-03-11,2026-03-17,"7.11.2.b"
"C40362",1,0,2026-03-12,2026-03-18,"7.11.2.b"
"C40362",1,0,2026-03-15,2026-03-21,"7.11.2.b"
"C40362",1,0,2026-03-16,2026-03-22,"7.11.2.b"
"C40362",1,0,2026-03-18,2026-03-24,"7.11.2.b"
"C40362",1,0,2026-03-21,2026-03-27,"7.11.2.b"
