HoHID,HHType,Cohort,StartDate,EndDate,Step
"C11013",1,1,2023-10-29,2023-12-11,"6.12.2.a"
"C11013",1,1,2023-12-08,2023-12-19,"6.12.2.a"
"C11013",1,1,2023-12-17,2023-12-29,"6.12.2.a"
"C11013",1,1,2023-12-26,2024-01-05,"6.12.2.a"
"C11013",1,1,2024-01-03,2024-01-22,"6.12.2.a"
"C11013",1,1,2024-05-07,2025-09-24,"6.12.2.a"
"C11013",1,1,2024-10-12,2025-02-18,"6.12.2.a"
"C11013",1,1,2025-09-04,2026-03-25,"6.12.2.a"
"C11043",1,1,2023-08-17,2023-08-23,"6.12.2.b"
"C11043",1,1,2023-09-03,2023-09-09,"6.12.2.b"
"C11043",1,1,2023-10-01,2023-10-07,"6.12.2.b"
"C11043",1,1,2023-10-05,2023-11-11,"6.12.2.a"
"C11043",1,1,2023-11-06,2023-12-13,"6.12.2.a"
"C11043",1,1,2023-12-09,2024-01-03,"6.12.2.a"
"C11043",1,1,2024-02-02,2024-02-08,"6.12.2.b"
"C11043",1,1,2024-02-15,2024-02-21,"6.12.2.b"
"C11043",1,1,2024-02-16,2024-02-22,"6.12.2.b"
"C11043",1,1,2024-02-17,2024-02-23,"6.12.2.b"
"C11043",1,1,2024-02-26,2024-03-03,"6.12.2.b"
"C11043",1,1,2024-02-27,2024-03-04,"6.12.2.b"
"C11043",1,1,2025-03-08,2025-03-14,"6.12.2.b"
"C11043",1,1,2025-03-14,2025-03-20,"6.12.2.b"
"C11043",1,1,2025-03-31,2025-04-06,"6.12.2.b"
"C11043",1,1,2025-04-05,2025-07-29,"6.12.2.a"
"C11043",1,1,2025-04-07,2025-04-13,"6.12.2.b"
"C11043",1,1,2025-04-08,2025-04-14,"6.12.2.b"
"C11043",1,1,2025-04-18,2025-04-24,"6.12.2.b"
"C11043",1,1,2025-04-20,2025-04-26,"6.12.2.b"
"C11043",1,1,2025-04-21,2025-04-27,"6.12.2.b"
"C11043",1,1,2025-04-22,2025-04-28,"6.12.2.b"
"C11043",1,1,2025-04-23,2025-04-29,"6.12.2.b"
"C11043",1,1,2025-04-24,2025-04-30,"6.12.2.b"
"C11043",1,1,2025-04-25,2025-05-01,"6.12.2.b"
"C11043",1,1,2025-04-26,2025-05-02,"6.12.2.b"
"C11043",1,1,2025-04-27,2025-05-03,"6.12.2.b"
"C11043",1,1,2025-04-28,2025-05-04,"6.12.2.b"
"C11043",1,1,2025-04-29,2025-05-05,"6.12.2.b"
"C11043",1,1,2025-04-30,2025-05-06,"6.12.2.b"
"C11043",1,1,2025-05-01,2025-05-07,"6.12.2.b"
"C11043",1,1,2025-05-02,2025-05-08,"6.12.2.b"
"C11043",1,1,2025-05-03,2025-05-09,"6.12.2.b"
"C11043",1,1,2025-05-05,2025-05-11,"6.12.2.b"
"C11043",1,1,2025-05-06,2025-05-12,"6.12.2.b"
"C11043",1,1,2025-05-07,2025-05-13,"6.12.2.b"
"C11043",1,1,2025-05-08,2025-05-14,"6.12.2.b"
"C11043",1,1,2025-05-09,2025-05-15,"6.12.2.b"
"C11043",1,1,2025-05-10,2025-05-16,"6.12.2.b"
"C11043",1,1,2025-05-11,2025-05-17,"6.12.2.b"
"C11043",1,1,2025-05-12,2025-05-18,"6.12.2.b"
"C11043",1,1,2025-05-13,2025-05-19,"6.12.2.b"
"C11043",1,1,2025-05-14,2025-05-20,"6.12.2.b"
"C11043",1,1,2025-05-15,2025-05-21,"6.12.2.b"
"C11043",1,1,2025-05-16,2025-05-22,"6.12.2.b"
"C11043",1,1,2025-07-24,2026-09-30,"6.12.2.a"
"C11403",1,1,2024-10-20,2025-02-18,"6.12.2.a"
"C11403",1,1,2025-04-25,2025-07-05,"6.12.2.a"
"C11403",1,1,2025-06-29,2026-09-30,"6.12.2.a"
"C11610",1,1,2025-09-12,2025-09-25,"6.12.2.a"
"C11610",1,1,2025-09-21,2025-10-13,"6.12.2.a"
"C11736",1,1,2024-10-27,2024-12-09,"6.12.2.a"
"C11736",1,1,2024-12-03,2024-12-20,"6.12.2.a"
"C11736",1,1,2024-12-29,2025-01-04,"6.12.2.b"
"C11736",1,1,2024-12-30,2025-08-22,"6.12.2.a"
"C11736",1,1,2025-01-05,2025-01-11,"6.12.2.b"
"C11736",1,1,2025-01-07,2025-01-13,"6.12.2.b"
"C11736",1,1,2025-01-21,2025-01-27,"6.12.2.b"
"C11736",1,1,2025-01-29,2025-02-04,"6.12.2.b"
"C11736",1,1,2025-01-30,2025-02-05,"6.12.2.b"
"C11736",1,1,2025-02-01,2025-02-07,"6.12.2.b"
"C11736",1,1,2025-02-02,2025-02-08,"6.12.2.b"
"C11736",1,1,2025-02-03,2025-02-09,"6.12.2.b"
"C11736",1,1,2025-02-04,2025-02-10,"6.12.2.b"
"C11736",1,1,2025-02-06,2025-02-12,"6.12.2.b"
"C11736",1,1,2025-02-07,2025-02-13,"6.12.2.b"
"C11736",1,1,2025-02-08,2025-02-14,"6.12.2.b"
"C11736",1,1,2025-02-09,2025-02-15,"6.12.2.b"
"C11736",1,1,2025-02-10,2025-02-16,"6.12.2.b"
"C11736",1,1,2025-02-11,2025-02-17,"6.12.2.b"
"C11736",1,1,2025-02-13,2025-02-19,"6.12.2.b"
"C11736",1,1,2025-02-14,2025-02-20,"6.12.2.b"
"C11736",1,1,2025-02-15,2025-02-21,"6.12.2.b"
"C11736",1,1,2025-02-16,2025-02-22,"6.12.2.b"
"C11736",1,1,2025-02-18,2025-02-24,"6.12.2.b"
"C11736",1,1,2025-02-22,2025-02-28,"6.12.2.b"
"C11736",1,1,2025-02-26,2025-03-04,"6.12.2.b"
"C11736",1,1,2025-03-21,2025-03-27,"6.12.2.b"
"C11736",1,1,2025-03-22,2025-03-28,"6.12.2.b"
"C11736",1,1,2025-03-25,2025-03-31,"6.12.2.b"
"C11736",1,1,2025-04-01,2025-04-07,"6.12.2.b"
"C11736",1,1,2025-04-11,2025-04-17,"6.12.2.b"
"C11736",1,1,2025-04-13,2025-04-19,"6.12.2.b"
"C11736",1,1,2025-04-14,2025-04-20,"6.12.2.b"
"C11736",1,1,2025-04-16,2025-04-22,"6.12.2.b"
"C11736",1,1,2025-04-17,2025-04-23,"6.12.2.b"
"C11736",1,1,2025-04-18,2025-04-24,"6.12.2.b"
"C11736",1,1,2025-08-16,2026-09-30,"6.12.2.a"
"C11781",1,1,2024-12-28,2025-01-18,"6.12.2.a"
"C11781",1,1,2025-03-29,2025-09-13,"6.12.2.a"
"C11781",1,1,2025-09-08,2025-10-13,"6.12.2.a"
"C12099",1,1,2025-06-13,2025-06-19,"6.12.2.b"
"C12099",1,1,2025-06-21,2025-06-27,"6.12.2.b"
"C12099",1,1,2025-06-23,2025-06-29,"6.12.2.b"
"C12099",1,1,2025-06-25,2025-07-01,"6.12.2.b"
"C12099",1,1,2025-06-29,2025-07-05,"6.12.2.b"
"C12099",1,1,2025-07-05,2025-07-11,"6.12.2.b"
"C12099",1,1,2025-07-10,2025-07-16,"6.12.2.b"
"C12099",1,1,2025-07-14,2025-07-20,"6.12.2.b"
"C12099",1,1,2025-07-15,2025-07-21,"6.12.2.b"
"C12099",1,1,2025-07-22,2025-07-28,"6.12.2.b"
"C12099",1,1,2025-07-25,2025-07-31,"6.12.2.b"
"C12099",1,1,2025-07-28,2025-08-03,"6.12.2.b"
"C12099",1,1,2025-07-30,2025-08-05,"6.12.2.b"
"C12099",1,1,2025-07-31,2025-08-06,"6.12.2.b"
"C12099",1,1,2025-08-01,2025-08-07,"6.12.2.b"
"C12099",1,1,2025-08-02,2025-08-08,"6.12.2.b"
"C12099",1,1,2025-08-04,2025-08-10,"6.12.2.b"
"C12099",1,1,2025-08-08,2025-08-14,"6.12.2.b"
"C12099",1,1,2025-08-10,2025-08-16,"6.12.2.b"
"C12099",1,1,2025-08-13,2025-08-19,"6.12.2.b"
"C12099",1,1,2025-08-14,2025-08-20,"6.12.2.b"
"C12099",1,1,2025-08-14,2026-03-14,"6.12.2.a"
"C12099",1,1,2025-08-16,2025-08-22,"6.12.2.b"
"C12099",1,1,2025-08-17,2025-08-23,"6.12.2.b"
"C12099",1,1,2025-08-19,2025-08-25,"6.12.2.b"
"C12099",1,1,2025-08-21,2025-08-27,"6.12.2.b"
"C12099",1,1,2025-08-22,2025-08-28,"6.12.2.b"
"C12099",1,1,2025-08-25,2025-08-31,"6.12.2.b"
"C12099",1,1,2025-08-26,2025-09-01,"6.12.2.b"
"C12099",1,1,2025-08-27,2025-09-02,"6.12.2.b"
"C12309",1,1,2023-11-28,2023-12-06,"6.12.2.a"
"C12309",1,1,2023-12-01,2023-12-11,"6.12.2.a"
"C12309",1,1,2023-12-07,2023-12-13,"6.12.2.b"
"C12309",1,1,2023-12-13,2023-12-19,"6.12.2.b"
"C12309",1,1,2023-12-14,2023-12-20,"6.12.2.b"
"C12309",1,1,2023-12-17,2023-12-23,"6.12.2.b"
"C12309",1,1,2023-12-22,2024-01-11,"6.12.2.a"
"C12309",1,1,2024-01-26,2024-02-01,"6.12.2.b"
"C12309",1,1,2024-01-28,2024-02-03,"6.12.2.b"
"C12309",1,1,2024-02-03,2026-02-21,"6.12.2.a"
"C12309",1,1,2024-02-19,2024-02-25,"6.12.2.b"
"C12309",1,1,2024-02-26,2024-03-03,"6.12.2.b"
"C12390",1,1,2023-04-21,2023-10-11,"6.12.2.a"
"C12390",1,1,2023-08-04,2023-08-10,"6.12.2.b"
"C12390",1,1,2023-08-14,2023-08-20,"6.12.2.b"
"C12390",1,1,2023-08-16,2023-08-22,"6.12.2.b"
"C12390",1,1,2023-08-20,2023-08-26,"6.12.2.b"
"C12390",1,1,2023-08-23,2023-08-29,"6.12.2.b"
"C12390",1,1,2023-08-24,2023-08-30,"6.12.2.b"
"C12390",1,1,2023-08-27,2023-09-02,"6.12.2.b"
"C12390",1,1,2023-08-31,2023-09-06,"6.12.2.b"
"C12390",1,1,2023-09-02,2023-09-08,"6.12.2.b"
"C12390",1,1,2023-09-08,2023-09-14,"6.12.2.b"
"C12390",1,1,2023-09-10,2023-09-16,"6.12.2.b"
"C12390",1,1,2023-09-11,2023-09-17,"6.12.2.b"
"C12390",1,1,2023-09-12,2023-09-18,"6.12.2.b"
"C12390",1,1,2023-11-18,2023-12-25,"6.12.2.a"
"C12390",1,1,2023-12-20,2024-01-06,"6.12.2.a"
"C12390",1,1,2024-01-04,2024-01-25,"6.12.2.a"
"C12390",1,1,2024-01-20,2025-06-25,"6.12.2.a"
"C12390",1,1,2025-06-20,2026-09-30,"6.12.2.a"
"C12417",1,1,2024-02-19,2024-02-25,"6.12.2.b"
"C12417",1,1,2024-02-21,2024-02-27,"6.12.2.b"
"C12417",1,1,2024-02-22,2024-02-28,"6.12.2.b"
"C12417",1,1,2024-02-23,2024-02-29,"6.12.2.b"
"C12417",1,1,2024-02-25,2024-03-02,"6.12.2.b"
"C12417",1,1,2024-02-26,2024-03-03,"6.12.2.b"
"C12417",1,1,2024-02-27,2024-03-04,"6.12.2.b"
"C12417",1,1,2024-03-01,2024-03-07,"6.12.2.b"
"C12417",1,1,2024-03-02,2024-03-08,"6.12.2.b"
"C12417",1,1,2024-03-05,2024-03-11,"6.12.2.b"
"C12417",1,1,2024-03-08,2024-03-14,"6.12.2.b"
"C12417",1,1,2024-03-09,2024-03-15,"6.12.2.b"
"C12417",1,1,2024-03-10,2024-03-16,"6.12.2.b"
"C12417",1,1,2024-03-11,2026-01-10,"6.12.2.a"
"C12417",1,1,2024-03-12,2024-03-18,"6.12.2.b"
"C12417",1,1,2024-03-13,2024-03-19,"6.12.2.b"
"C12417",1,1,2024-03-14,2024-03-20,"6.12.2.b"
"C12417",1,1,2024-03-15,2024-03-21,"6.12.2.b"
"C12417",1,1,2024-03-16,2024-03-22,"6.12.2.b"
"C12417",1,1,2024-03-17,2024-03-23,"6.12.2.b"
"C12417",1,1,2024-03-20,2024-03-26,"6.12.2.b"
"C12417",1,1,2024-03-21,2024-03-27,"6.12.2.b"
"C12417",1,1,2024-03-25,2024-03-31,"6.12.2.b"
"C12417",1,1,2024-03-26,2024-04-01,"6.12.2.b"
"C12417",1,1,2024-03-27,2024-04-02,"6.12.2.b"
"C12417",1,1,2024-03-29,2024-04-04,"6.12.2.b"
"C12417",1,1,2024-03-30,2024-04-05,"6.12.2.b"
"C12417",1,1,2024-03-31,2024-04-06,"6.12.2.b"
"C12417",1,1,2024-04-01,2024-04-07,"6.12.2.b"
"C12417",1,1,2024-04-02,2024-04-08,"6.12.2.b"
"C12420",1,1,2024-04-16,2024-04-22,"6.12.2.b"
"C12420",1,1,2024-04-18,2024-04-24,"6.12.2.b"
"C12420",1,1,2024-09-24,2024-09-30,"6.12.2.b"
"C12420",1,1,2024-09-25,2024-10-01,"6.12.2.b"
"C12420",1,1,2024-09-26,2024-10-02,"6.12.2.b"
"C12420",1,1,2024-09-29,2024-10-05,"6.12.2.b"
"C12420",1,1,2024-10-02,2024-10-08,"6.12.2.b"
"C12420",1,1,2024-10-25,2024-10-31,"6.12.2.b"
"C12420",1,1,2024-10-26,2024-11-01,"6.12.2.b"
"C12420",1,1,2024-10-30,2024-11-05,"6.12.2.b"
"C12420",1,1,2024-10-31,2024-11-06,"6.12.2.b"
"C12420",1,1,2024-12-01,2025-11-10,"6.12.2.a"
"C12420",1,1,2024-12-02,2024-12-08,"6.12.2.b"
"C12420",1,1,2024-12-03,2024-12-09,"6.12.2.b"
"C12420",1,1,2024-12-04,2024-12-10,"6.12.2.b"
"C12420",1,1,2024-12-07,2024-12-13,"6.12.2.b"
"C12420",1,1,2024-12-10,2024-12-16,"6.12.2.b"
"C12420",1,1,2024-12-11,2024-12-17,"6.12.2.b"
"C12420",1,1,2024-12-13,2024-12-19,"6.12.2.b"
"C12420",1,1,2024-12-14,2024-12-20,"6.12.2.b"
"C12420",1,1,2024-12-16,2024-12-22,"6.12.2.b"
"C12420",1,1,2024-12-17,2024-12-23,"6.12.2.b"
"C12420",1,1,2024-12-18,2024-12-24,"6.12.2.b"
"C12420",1,1,2024-12-19,2024-12-25,"6.12.2.b"
"C12420",1,1,2024-12-20,2024-12-26,"6.12.2.b"
"C12420",1,1,2024-12-27,2025-01-02,"6.12.2.b"
"C12420",1,1,2024-12-30,2025-01-05,"6.12.2.b"
"C12420",1,1,2025-01-01,2025-01-07,"6.12.2.b"
"C12420",1,1,2025-01-04,2025-01-10,"6.12.2.b"
"C12420",1,1,2025-01-07,2025-01-13,"6.12.2.b"
"C12420",1,1,2025-01-08,2025-01-14,"6.12.2.b"
"C12420",1,1,2025-01-10,2025-01-16,"6.12.2.b"
"C12420",1,1,2025-01-25,2025-02-14,"6.12.2.a"
"C12420",1,1,2025-09-02,2025-09-08,"6.12.2.b"
"C12420",1,1,2025-09-03,2025-09-09,"6.12.2.b"
"C12420",1,1,2025-09-04,2025-09-10,"6.12.2.b"
"C12420",1,1,2025-09-05,2025-09-11,"6.12.2.b"
"C12420",1,1,2025-09-07,2025-09-13,"6.12.2.b"
"C12420",1,1,2025-09-09,2025-09-15,"6.12.2.b"
"C12420",1,1,2025-09-10,2025-09-16,"6.12.2.b"
"C12420",1,1,2025-09-11,2025-09-17,"6.12.2.b"
"C12420",1,1,2025-09-12,2025-09-18,"6.12.2.b"
"C12420",1,1,2025-09-14,2025-09-20,"6.12.2.b"
"C12420",1,1,2025-09-15,2025-09-21,"6.12.2.b"
"C12420",1,1,2025-09-16,2025-09-22,"6.12.2.b"
"C12420",1,1,2025-09-17,2025-09-23,"6.12.2.b"
"C12420",1,1,2025-09-18,2025-09-24,"6.12.2.b"
"C12420",1,1,2025-09-19,2025-09-25,"6.12.2.b"
"C12420",1,1,2025-09-20,2025-09-26,"6.12.2.b"
"C12420",1,1,2025-09-21,2025-09-27,"6.12.2.b"
"C12420",1,1,2025-09-23,2025-09-29,"6.12.2.b"
"C12420",1,1,2025-09-24,2025-09-30,"6.12.2.b"
"C12420",1,1,2025-09-25,2025-10-01,"6.12.2.b"
"C12420",1,1,2025-09-26,2025-10-02,"6.12.2.b"
"C12420",1,1,2025-09-27,2025-10-03,"6.12.2.b"
"C12420",1,1,2025-09-28,2025-10-04,"6.12.2.b"
"C12420",1,1,2025-09-30,2025-10-06,"6.12.2.b"
"C12420",1,1,2025-10-01,2025-10-07,"6.12.2.b"
"C12420",1,1,2025-10-02,2025-10-08,"6.12.2.b"
"C12420",1,1,2025-10-03,2025-10-09,"6.12.2.b"
"C12420",1,1,2025-10-05,2025-10-11,"6.12.2.b"
"C12420",1,1,2025-11-10,2025-11-16,"6.12.2.b"
"C12420",1,1,2025-11-16,2025-12-01,"6.12.2.a"
"C12420",1,1,2025-11-27,2025-12-09,"6.12.2.a"
"C12420",1,1,2025-12-05,2025-12-15,"6.12.2.a"
"C12420",1,1,2025-12-11,2025-12-24,"6.12.2.a"
"C12420",1,1,2025-12-20,2026-01-04,"6.12.2.a"
"C12420",1,1,2026-01-01,2026-01-21,"6.12.2.a"
"C12420",1,1,2026-01-21,2026-02-01,"6.12.2.a"
"C12420",1,1,2026-01-28,2026-02-04,"6.12.2.a"
"C12420",1,1,2026-02-04,2026-02-10,"6.12.2.b"
"C12420",1,1,2026-05-03,2026-09-30,"6.12.2.a"
"C12477",1,1,2023-10-05,2023-10-21,"6.12.2.a"
"C12477",1,1,2023-10-16,2023-10-30,"6.12.2.a"
"C12477",1,1,2023-10-28,2023-12-11,"6.12.2.a"
"C12477",1,1,2023-12-07,2024-01-15,"6.12.2.a"
"C12477",1,1,2024-01-12,2024-01-23,"6.12.2.a"
"C12477",1,1,2024-01-20,2024-01-26,"6.12.2.b"
"C12477",1,1,2024-01-22,2024-01-28,"6.12.2.b"
"C12477",1,1,2024-01-23,2024-01-29,"6.12.2.b"
"C12477",1,1,2024-01-25,2024-01-31,"6.12.2.b"
"C12477",1,1,2024-01-29,2024-02-04,"6.12.2.b"
"C12477",1,1,2024-01-30,2024-02-05,"6.12.2.b"
"C12477",1,1,2024-02-01,2024-02-07,"6.12.2.b"
"C12477",1,1,2024-02-02,2024-02-08,"6.12.2.b"
"C12477",1,1,2024-02-03,2024-02-09,"6.12.2.b"
"C12477",1,1,2024-02-04,2024-02-10,"6.12.2.b"
"C12477",1,1,2024-02-05,2024-02-11,"6.12.2.b"
"C12477",1,1,2024-02-07,2024-02-13,"6.12.2.b"
"C12477",1,1,2024-02-10,2024-02-16,"6.12.2.b"
"C12477",1,1,2024-02-12,2024-02-18,"6.12.2.b"
"C12477",1,1,2024-02-14,2024-02-20,"6.12.2.b"
"C12477",1,1,2024-02-15,2024-02-21,"6.12.2.b"
"C12477",1,1,2024-02-16,2024-02-22,"6.12.2.b"
"C12477",1,1,2024-02-17,2024-02-23,"6.12.2.b"
"C12477",1,1,2024-02-21,2024-02-27,"6.12.2.b"
"C12477",1,1,2024-02-22,2025-12-17,"6.12.2.a"
"C12477",1,1,2024-02-23,2024-02-29,"6.12.2.b"
"C12477",1,1,2024-02-24,2024-03-01,"6.12.2.b"
"C12477",1,1,2024-02-25,2024-03-02,"6.12.2.b"
"C12477",1,1,2024-02-26,2024-03-03,"6.12.2.b"
"C12477",1,1,2024-02-28,2024-03-05,"6.12.2.b"
"C12477",1,1,2024-03-02,2024-03-08,"6.12.2.b"
"C12477",1,1,2024-03-06,2024-03-12,"6.12.2.b"
"C12477",1,1,2024-03-07,2024-03-13,"6.12.2.b"
"C12477",1,1,2025-12-12,2026-09-30,"6.12.2.a"
"C12753",2,1,2024-08-31,2024-09-06,"6.12.2.b"
"C12753",2,1,2024-09-03,2026-08-01,"6.12.2.a"
"C12753",2,1,2024-09-08,2024-09-14,"6.12.2.b"
"C12981",2,1,2025-07-01,2025-07-07,"6.12.2.b"
"C12981",2,1,2025-07-03,2025-07-09,"6.12.2.b"
"C12981",2,1,2025-07-04,2025-07-10,"6.12.2.b"
"C12981",2,1,2025-07-06,2025-07-12,"6.12.2.b"
"C12981",2,1,2025-07-07,2025-07-13,"6.12.2.b"
"C12981",2,1,2025-07-20,2025-07-26,"6.12.2.b"
"C12981",2,1,2025-07-23,2025-07-29,"6.12.2.b"
"C12981",2,1,2025-07-26,2025-08-01,"6.12.2.b"
"C12981",2,1,2025-07-30,2025-08-05,"6.12.2.b"
"C12981",2,1,2025-08-01,2025-08-07,"6.12.2.b"
"C12981",2,1,2025-08-05,2025-08-11,"6.12.2.b"
"C12981",2,1,2025-08-07,2025-08-13,"6.12.2.b"
"C12981",2,1,2025-08-07,2025-12-04,"6.12.2.a"
"C12981",2,1,2025-08-13,2025-08-19,"6.12.2.b"
"C12981",2,1,2025-08-17,2025-08-23,"6.12.2.b"
"C12981",2,1,2025-08-19,2025-08-25,"6.12.2.b"
"C12981",2,1,2025-08-20,2025-08-26,"6.12.2.b"
"C12981",2,1,2025-08-26,2025-09-01,"6.12.2.b"
"C12981",2,1,2025-08-29,2025-09-04,"6.12.2.b"
"C12981",2,1,2025-08-30,2025-09-05,"6.12.2.b"
"C12981",2,1,2025-09-07,2025-09-13,"6.12.2.b"
"C12981",2,1,2025-09-10,2025-09-16,"6.12.2.b"
"C12981",2,1,2025-09-11,2025-09-17,"6.12.2.b"
"C12981",2,1,2025-09-12,2025-09-18,"6.12.2.b"
"C12981",2,1,2025-09-19,2025-09-25,"6.12.2.b"
"C12981",2,1,2025-09-20,2025-09-26,"6.12.2.b"
"C12981",2,1,2025-09-21,2025-09-27,"6.12.2.b"
"C12981",2,1,2025-09-24,2025-09-30,"6.12.2.b"
"C12981",2,1,2026-06-26,2026-07-02,"6.12.2.b"
"C12981",2,1,2026-06-28,2026-07-04,"6.12.2.b"
"C12981",2,1,2026-07-01,2026-07-07,"6.12.2.b"
"C12981",2,1,2026-07-03,2026-07-09,"6.12.2.b"
"C12981",2,1,2026-07-05,2026-09-30,"6.12.2.a"
"C12981",2,1,2026-07-17,2026-07-23,"6.12.2.b"
"C12981",2,1,2026-07-29,2026-08-04,"6.12.2.b"
"C13086",1,1,2025-06-26,2025-08-15,"6.12.2.a"
"C13086",1,1,2025-07-24,2026-01-11,"6.12.2.a"
"C13086",1,1,2025-09-15,2026-04-02,"6.12.2.a"
"C13086",1,1,2026-01-06,2026-04-29,"6.12.2.a"
"C13134",1,1,2023-12-12,2023-12-30,"6.12.2.a"
"C13134",1,1,2023-12-27,2024-01-16,"6.12.2.a"
"C13134",1,1,2024-01-16,2024-02-05,"6.12.2.a"
"C13134",1,1,2024-10-21,2024-11-10,"6.12.2.a"
"C13134",1,1,2024-11-07,2024-11-28,"6.12.2.a"
"C13134",1,1,2024-11-25,2024-12-17,"6.12.2.a"
"C13134",1,1,2024-12-12,2024-12-26,"6.12.2.a"
"C13134",1,1,2024-12-24,2024-12-31,"6.12.2.a"
"C13134",1,1,2024-12-27,2025-01-08,"6.12.2.a"
"C13134",1,1,2025-01-04,2025-01-16,"6.12.2.a"
"C13134",1,1,2025-01-11,2025-01-25,"6.12.2.a"
"C13134",1,1,2025-01-22,2025-01-31,"6.12.2.a"
"C13134",1,1,2025-01-26,2025-02-02,"6.12.2.a"
"C13134",1,1,2025-01-27,2025-11-21,"6.12.2.a"
"C13134",1,1,2026-04-20,2026-09-30,"6.12.2.a"
"C13164",1,1,2023-08-27,2023-09-02,"6.12.2.b"
"C13164",1,1,2023-08-29,2023-09-04,"6.12.2.b"
"C13164",1,1,2023-08-31,2023-09-06,"6.12.2.b"
"C13164",1,1,2023-09-01,2023-09-07,"6.12.2.b"
"C13164",1,1,2023-09-02,2023-09-08,"6.12.2.b"
"C13164",1,1,2023-09-03,2023-09-09,"6.12.2.b"
"C13164",1,1,2023-09-05,2023-09-11,"6.12.2.b"
"C13164",1,1,2023-09-07,2023-09-13,"6.12.2.b"
"C13164",1,1,2023-09-15,2023-09-21,"6.12.2.b"
"C13164",1,1,2023-09-17,2023-09-23,"6.12.2.b"
"C13164",1,1,2023-10-13,2023-10-20,"6.12.2.a"
"C13164",1,1,2023-10-16,2023-10-23,"6.12.2.a"
"C13164",1,1,2023-10-18,2023-10-26,"6.12.2.a"
"C13164",1,1,2023-10-25,2023-11-04,"6.12.2.a"
"C13164",1,1,2023-11-18,2023-11-30,"6.12.2.a"
"C13164",1,1,2023-11-25,2023-12-07,"6.12.2.a"
"C13164",1,1,2023-12-03,2025-11-08,"6.12.2.a"
"C13164",1,1,2024-07-10,2024-07-16,"6.12.2.b"
"C13164",1,1,2025-02-17,2025-02-23,"6.12.2.b"
"C13164",1,1,2025-02-21,2025-02-27,"6.12.2.b"
"C13164",1,1,2025-11-02,2026-09-30,"6.12.2.a"
"C13257",1,1,2023-02-13,2023-10-12,"6.12.2.a"
"C13257",1,1,2023-10-29,2023-11-22,"6.12.2.a"
"C13257",1,1,2024-01-21,2024-01-27,"6.12.2.b"
"C13257",1,1,2024-01-24,2024-01-30,"6.12.2.b"
"C13257",1,1,2024-01-26,2025-03-14,"6.12.2.a"
"C13257",1,1,2025-03-09,2026-09-30,"6.12.2.a"
"C13257",1,1,2025-06-14,2025-06-20,"6.12.2.b"
"C13257",1,1,2025-06-15,2025-06-21,"6.12.2.b"
"C13257",1,1,2025-06-28,2025-07-04,"6.12.2.b"
"C13257",1,1,2025-06-29,2025-07-05,"6.12.2.b"
"C13257",1,1,2025-06-30,2025-07-06,"6.12.2.b"
"C13257",1,1,2025-07-03,2025-07-09,"6.12.2.b"
"C13260",1,1,2024-06-01,2024-06-07,"6.12.2.b"
"C13260",1,1,2024-06-02,2024-06-08,"6.12.2.b"
"C13260",1,1,2024-06-03,2024-06-09,"6.12.2.b"
"C13260",1,1,2024-06-04,2024-06-10,"6.12.2.b"
"C13260",1,1,2024-06-06,2024-06-12,"6.12.2.b"
"C13260",1,1,2024-06-07,2024-06-13,"6.12.2.b"
"C13260",1,1,2024-06-08,2024-06-14,"6.12.2.b"
"C13260",1,1,2024-06-09,2024-06-15,"6.12.2.b"
"C13260",1,1,2024-06-11,2024-06-17,"6.12.2.b"
"C13260",1,1,2024-06-12,2024-06-18,"6.12.2.b"
"C13260",1,1,2024-06-13,2024-06-19,"6.12.2.b"
"C13260",1,1,2024-06-14,2024-06-20,"6.12.2.b"
"C13260",1,1,2024-06-15,2024-06-21,"6.12.2.b"
"C13260",1,1,2024-06-16,2024-06-22,"6.12.2.b"
"C13260",1,1,2024-06-17,2024-06-23,"6.12.2.b"
"C13260",1,1,2024-06-18,2024-06-24,"6.12.2.b"
"C13260",1,1,2024-06-19,2024-06-25,"6.12.2.b"
"C13260",1,1,2024-06-20,2024-06-26,"6.12.2.b"
"C13260",1,1,2024-06-21,2024-06-27,"6.12.2.b"
"C13260",1,1,2024-06-22,2024-06-28,"6.12.2.b"
"C13260",1,1,2024-06-23,2024-06-29,"6.12.2.b"
"C13260",1,1,2024-06-24,2024-06-30,"6.12.2.b"
"C13260",1,1,2024-06-24,2025-06-09,"6.12.2.a"
"C13260",1,1,2024-06-25,2024-07-01,"6.12.2.b"
"C13260",1,1,2024-06-26,2024-07-02,"6.12.2.b"
"C13260",1,1,2024-06-27,2024-07-03,"6.12.2.b"
"C13260",1,1,2024-06-28,2024-07-04,"6.12.2.b"
"C13260",1,1,2024-06-29,2024-07-05,"6.12.2.b"
"C13260",1,1,2024-06-30,2024-07-06,"6.12.2.b"
"C13260",1,1,2024-07-04,2024-07-10,"6.12.2.b"
"C13260",1,1,2024-07-05,2024-07-11,"6.12.2.b"
"C13260",1,1,2024-07-06,2024-07-12,"6.12.2.b"
"C13260",1,1,2024-07-07,2024-07-13,"6.12.2.b"
"C13260",1,1,2024-07-08,2024-07-14,"6.12.2.b"
"C13260",1,1,2024-07-09,2024-07-15,"6.12.2.b"
"C13260",1,1,2024-07-10,2024-07-16,"6.12.2.b"
"C13260",1,1,2024-08-18,2024-08-24,"6.12.2.b"
"C13260",1,1,2025-06-04,2025-06-10,"6.12.2.b"
"C13260",1,1,2025-06-05,2025-06-11,"6.12.2.b"
"C13260",1,1,2025-06-07,2025-06-13,"6.12.2.b"
"C13260",1,1,2025-06-09,2025-06-15,"6.12.2.b"
"C13260",1,1,2025-06-10,2025-06-16,"6.12.2.b"
"C13260",1,1,2025-06-11,2025-06-17,"6.12.2.b"
"C13260",1,1,2025-06-13,2025-06-19,"6.12.2.b"
"C13260",1,1,2025-06-15,2025-06-21,"6.12.2.b"
"C13260",1,1,2025-06-18,2025-06-24,"6.12.2.b"
"C13260",1,1,2025-06-18,2025-11-19,"6.12.2.a"
"C13260",1,1,2025-06-19,2025-06-25,"6.12.2.b"
"C13260",1,1,2025-06-20,2025-06-26,"6.12.2.b"
"C13260",1,1,2025-06-21,2025-06-27,"6.12.2.b"
"C13260",1,1,2025-06-22,2025-06-28,"6.12.2.b"
"C13260",1,1,2025-06-24,2025-06-30,"6.12.2.b"
"C13260",1,1,2025-06-26,2025-07-02,"6.12.2.b"
"C13260",1,1,2025-06-27,2025-07-03,"6.12.2.b"
"C13260",1,1,2025-06-28,2025-07-04,"6.12.2.b"
"C13260",1,1,2025-06-29,2025-07-05,"6.12.2.b"
"C13260",1,1,2025-07-01,2025-07-07,"6.12.2.b"
"C13260",1,1,2025-07-02,2025-07-08,"6.12.2.b"
"C13260",1,1,2025-07-03,2025-07-09,"6.12.2.b"
"C13260",1,1,2025-07-04,2025-07-10,"6.12.2.b"
"C13260",1,1,2025-07-05,2025-07-11,"6.12.2.b"
"C13260",1,1,2025-07-06,2025-07-12,"6.12.2.b"
"C13260",1,1,2025-07-08,2025-07-14,"6.12.2.b"
"C13260",1,1,2025-07-10,2025-07-16,"6.12.2.b"
"C13260",1,1,2025-07-11,2025-07-17,"6.12.2.b"
"C13260",1,1,2025-07-13,2025-07-19,"6.12.2.b"
"C13260",1,1,2025-07-14,2025-07-20,"6.12.2.b"
"C13260",1,1,2025-07-15,2025-07-21,"6.12.2.b"
"C13260",1,1,2025-07-16,2025-07-22,"6.12.2.b"
"C13260",1,1,2025-07-17,2025-07-23,"6.12.2.b"
"C13260",1,1,2025-07-18,2025-07-24,"6.12.2.b"
"C13260",1,1,2025-07-19,2025-07-25,"6.12.2.b"
"C13260",1,1,2025-07-20,2025-07-26,"6.12.2.b"
"C13260",1,1,2025-07-21,2025-07-27,"6.12.2.b"
"C13260",1,1,2025-07-22,2025-07-28,"6.12.2.b"
"C13260",1,1,2025-07-23,2025-07-29,"6.12.2.b"
"C13260",1,1,2025-07-24,2025-07-30,"6.12.2.b"
"C13260",1,1,2025-07-25,2025-07-31,"6.12.2.b"
"C13260",1,1,2025-07-27,2025-08-02,"6.12.2.b"
"C13260",1,1,2025-07-28,2025-08-03,"6.12.2.b"
"C13260",1,1,2025-08-01,2025-08-07,"6.12.2.b"
"C13260",1,1,2025-08-05,2025-08-11,"6.12.2.b"
"C13260",1,1,2025-08-07,2025-08-13,"6.12.2.b"
"C13260",1,1,2025-08-09,2025-08-15,"6.12.2.b"
"C13260",1,1,2025-08-10,2025-08-16,"6.12.2.b"
"C13434",1,1,2024-10-19,2025-04-12,"6.12.2.a"
"C13434",1,1,2024-11-15,2025-10-07,"6.12.2.a"
"C13434",1,1,2025-05-10,2025-06-24,"6.12.2.a"
"C13698",1,1,2023-05-13,2024-01-16,"6.12.2.a"
"C13698",1,1,2024-10-27,2024-12-25,"6.12.2.a"
"C13698",1,1,2025-04-02,2025-04-23,"6.12.2.a"
"C13698",1,1,2025-04-04,2025-04-28,"6.12.2.a"
"C13698",1,1,2025-04-26,2025-05-09,"6.12.2.a"
"C13698",1,1,2025-05-03,2025-12-01,"6.12.2.a"
"C13698",1,1,2025-10-04,2025-12-22,"6.12.2.a"
"C13698",1,1,2026-01-10,2026-02-02,"6.12.2.a"
"C13920",1,1,2025-02-10,2025-09-24,"6.12.2.a"
"C13920",1,1,2025-09-19,2025-12-03,"6.12.2.a"
"C13938",1,1,2025-05-01,2025-05-07,"6.12.2.b"
"C13938",1,1,2025-05-04,2025-05-10,"6.12.2.b"
"C13938",1,1,2025-05-06,2025-05-12,"6.12.2.b"
"C13938",1,1,2025-05-07,2025-05-13,"6.12.2.b"
"C13938",1,1,2025-05-09,2025-05-15,"6.12.2.b"
"C13938",1,1,2025-05-12,2025-05-18,"6.12.2.b"
"C13938",1,1,2025-05-14,2025-05-20,"6.12.2.b"
"C13938",1,1,2025-05-18,2025-05-24,"6.12.2.b"
"C13938",1,1,2025-05-20,2025-05-26,"6.12.2.b"
"C13938",1,1,2025-05-22,2025-05-28,"6.12.2.b"
"C13938",1,1,2025-05-23,2025-05-29,"6.12.2.b"
"C13938",1,1,2025-05-26,2025-06-01,"6.12.2.b"
"C13938",1,1,2025-05-28,2025-06-03,"6.12.2.b"
"C13938",1,1,2025-05-29,2025-06-04,"6.12.2.b"
"C13938",1,1,2025-05-30,2025-06-05,"6.12.2.b"
"C13938",1,1,2025-06-03,2025-06-09,"6.12.2.b"
"C13938",1,1,2025-06-05,2025-06-11,"6.12.2.b"
"C13938",1,1,2025-06-13,2025-06-19,"6.12.2.b"
"C13938",1,1,2025-06-14,2025-06-20,"6.12.2.b"
"C13938",1,1,2025-06-16,2025-06-22,"6.12.2.b"
"C13938",1,1,2025-06-19,2026-02-20,"6.12.2.a"
"C13974",1,1,2024-01-20,2024-11-18,"6.12.2.a"
"C13974",1,1,2024-11-12,2025-09-22,"6.12.2.a"
"C13974",1,1,2025-09-21,2026-09-30,"6.12.2.a"
"C13974",1,1,2025-12-20,2026-09-30,"6.12.2.a"
"C14139",1,1,2024-03-02,2024-03-21,"6.12.2.a"
"C14139",1,1,2024-03-15,2024-04-29,"6.12.2.a"
"C14139",1,1,2024-05-05,2024-07-20,"6.12.2.a"
"C14139",1,1,2025-01-12,2025-04-25,"6.12.2.a"
"C14139",1,1,2025-04-20,2025-12-12,"6.12.2.a"
"C14139",1,1,2025-08-24,2026-04-20,"6.12.2.a"
"C14139",1,1,2026-06-11,2026-06-17,"6.12.2.b"
"C14139",1,1,2026-06-12,2026-06-18,"6.12.2.b"
"C14139",1,1,2026-06-16,2026-06-22,"6.12.2.b"
"C14139",1,1,2026-06-23,2026-06-29,"6.12.2.b"
"C14139",1,1,2026-06-25,2026-07-01,"6.12.2.b"
"C14139",1,1,2026-06-29,2026-07-05,"6.12.2.b"
"C14139",1,1,2026-07-02,2026-07-08,"6.12.2.b"
"C14139",1,1,2026-07-03,2026-07-09,"6.12.2.b"
"C14139",1,1,2026-07-04,2026-07-10,"6.12.2.b"
"C14139",1,1,2026-07-05,2026-07-11,"6.12.2.b"
"C14139",1,1,2026-07-07,2026-07-13,"6.12.2.b"
"C14139",1,1,2026-07-08,2026-07-14,"6.12.2.b"
"C14139",1,1,2026-07-09,2026-07-15,"6.12.2.b"
"C14139",1,1,2026-07-16,2026-07-22,"6.12.2.b"
"C14328",1,1,2025-02-05,2025-02-11,"6.12.2.b"
"C14328",1,1,2025-02-07,2025-02-13,"6.12.2.b"
"C14328",1,1,2025-02-09,2025-02-15,"6.12.2.b"
"C14328",1,1,2025-02-12,2025-02-18,"6.12.2.b"
"C14328",1,1,2025-02-17,2025-02-23,"6.12.2.b"
"C14328",1,1,2025-02-20,2025-02-26,"6.12.2.b"
"C14328",1,1,2025-02-21,2025-02-27,"6.12.2.b"
"C14328",1,1,2025-02-23,2025-03-01,"6.12.2.b"
"C14328",1,1,2025-03-05,2025-11-17,"6.12.2.a"
"C14328",1,1,2025-03-09,2025-03-15,"6.12.2.b"
"C14328",1,1,2025-03-11,2025-03-17,"6.12.2.b"
"C14328",1,1,2025-03-12,2025-03-18,"6.12.2.b"
"C14328",1,1,2025-03-16,2025-03-22,"6.12.2.b"
"C14328",1,1,2025-03-23,2025-03-29,"6.12.2.b"
"C14328",1,1,2025-03-31,2025-04-06,"6.12.2.b"
"C14328",1,1,2025-04-02,2025-04-08,"6.12.2.b"
"C14328",1,1,2025-04-03,2025-04-09,"6.12.2.b"
"C14328",1,1,2025-04-06,2025-04-12,"6.12.2.b"
"C14328",1,1,2025-04-07,2025-04-13,"6.12.2.b"
"C14328",1,1,2025-04-09,2025-04-15,"6.12.2.b"
"C14328",1,1,2025-04-11,2025-04-17,"6.12.2.b"
"C14478",1,1,2023-01-27,2023-11-17,"6.12.2.a"
"C14478",1,1,2023-12-17,2023-12-23,"6.12.2.b"
"C14478",1,1,2023-12-18,2023-12-24,"6.12.2.b"
"C14478",1,1,2023-12-19,2023-12-25,"6.12.2.b"
"C14478",1,1,2023-12-21,2023-12-27,"6.12.2.b"
"C14478",1,1,2023-12-27,2024-01-02,"6.12.2.b"
"C14478",1,1,2023-12-28,2024-01-03,"6.12.2.b"
"C14478",1,1,2024-01-01,2024-01-07,"6.12.2.b"
"C14478",1,1,2024-01-09,2024-01-15,"6.12.2.b"
"C14478",1,1,2024-01-11,2024-01-17,"6.12.2.b"
"C14478",1,1,2024-01-13,2024-01-19,"6.12.2.b"
"C14478",1,1,2024-01-15,2024-01-21,"6.12.2.b"
"C14478",1,1,2024-01-20,2024-01-26,"6.12.2.b"
"C14478",1,1,2024-01-21,2024-01-27,"6.12.2.b"
"C14478",1,1,2024-01-22,2024-01-28,"6.12.2.b"
"C14478",1,1,2024-01-23,2024-01-29,"6.12.2.b"
"C14478",1,1,2024-01-25,2024-01-31,"6.12.2.b"
"C14478",1,1,2024-01-26,2024-02-01,"6.12.2.b"
"C14478",1,1,2024-01-27,2024-02-02,"6.12.2.b"
"C14478",1,1,2024-01-28,2024-02-03,"6.12.2.b"
"C14478",1,1,2024-01-29,2024-02-04,"6.12.2.b"
"C14478",1,1,2024-01-30,2024-02-05,"6.12.2.b"
"C14478",1,1,2024-01-31,2024-02-06,"6.12.2.b"
"C14478",1,1,2024-02-02,2024-02-08,"6.12.2.b"
"C14478",1,1,2024-02-03,2024-02-09,"6.12.2.b"
"C14478",1,1,2024-02-10,2024-02-16,"6.12.2.b"
"C14478",1,1,2024-03-12,2024-03-18,"6.12.2.b"
"C14478",1,1,2024-03-14,2024-03-20,"6.12.2.b"
"C14478",1,1,2024-03-16,2024-05-02,"6.12.2.a"
"C14478",1,1,2025-04-17,2025-04-23,"6.12.2.b"
"C14478",1,1,2025-04-26,2025-05-02,"6.12.2.b"
"C14478",1,1,2025-04-27,2026-02-10,"6.12.2.a"
"C14478",1,1,2025-04-28,2025-05-04,"6.12.2.b"
"C14478",1,1,2025-04-29,2025-05-05,"6.12.2.b"
"C14478",1,1,2025-04-30,2025-05-06,"6.12.2.b"
"C14478",1,1,2025-05-01,2025-05-07,"6.12.2.b"
"C14478",1,1,2025-05-05,2025-05-11,"6.12.2.b"
"C14478",1,1,2025-05-08,2025-05-14,"6.12.2.b"
"C14478",1,1,2025-05-10,2025-05-16,"6.12.2.b"
"C14478",1,1,2025-05-11,2025-05-17,"6.12.2.b"
"C14478",1,1,2025-05-14,2025-05-20,"6.12.2.b"
"C14478",1,1,2025-05-15,2025-05-21,"6.12.2.b"
"C14478",1,1,2025-05-16,2025-05-22,"6.12.2.b"
"C14478",1,1,2025-05-18,2025-05-24,"6.12.2.b"
"C14478",1,1,2025-05-19,2025-05-25,"6.12.2.b"
"C14478",1,1,2025-05-21,2025-05-27,"6.12.2.b"
"C14478",1,1,2025-05-22,2025-05-28,"6.12.2.b"
"C14478",1,1,2025-05-23,2025-05-29,"6.12.2.b"
"C14478",1,1,2025-05-24,2025-05-30,"6.12.2.b"
"C14478",1,1,2025-05-26,2025-06-01,"6.12.2.b"
"C14478",1,1,2025-05-27,2025-06-02,"6.12.2.b"
"C14478",1,1,2025-05-29,2025-06-04,"6.12.2.b"
"C14478",1,1,2026-05-07,2026-05-13,"6.12.2.b"
"C14478",1,1,2026-05-10,2026-05-16,"6.12.2.b"
"C14478",1,1,2026-05-12,2026-05-18,"6.12.2.b"
"C14478",1,1,2026-05-14,2026-05-20,"6.12.2.b"
"C14478",1,1,2026-05-15,2026-05-21,"6.12.2.b"
"C14478",1,1,2026-05-18,2026-05-24,"6.12.2.b"
"C14478",1,1,2026-05-19,2026-05-25,"6.12.2.b"
"C14478",1,1,2026-05-27,2026-06-02,"6.12.2.b"
"C14478",1,1,2026-05-29,2026-06-04,"6.12.2.b"
"C14478",1,1,2026-05-30,2026-06-05,"6.12.2.b"
"C14478",1,1,2026-06-01,2026-06-07,"6.12.2.b"
"C14478",1,1,2026-06-06,2026-06-12,"6.12.2.b"
"C14478",1,1,2026-06-07,2026-06-13,"6.12.2.b"
"C14478",1,1,2026-06-08,2026-06-14,"6.12.2.b"
"C14478",1,1,2026-06-09,2026-06-15,"6.12.2.b"
"C14478",1,1,2026-06-11,2026-06-17,"6.12.2.b"
"C14478",1,1,2026-06-12,2026-06-18,"6.12.2.b"
"C14478",1,1,2026-06-13,2026-06-19,"6.12.2.b"
"C14478",1,1,2026-06-14,2026-06-20,"6.12.2.b"
"C14478",1,1,2026-06-15,2026-09-30,"6.12.2.a"
"C14478",1,1,2026-06-17,2026-06-23,"6.12.2.b"
"C14478",1,1,2026-06-18,2026-06-24,"6.12.2.b"
"C14478",1,1,2026-06-22,2026-06-28,"6.12.2.b"
"C14478",1,1,2026-06-25,2026-07-01,"6.12.2.b"
"C14478",1,1,2026-06-27,2026-07-03,"6.12.2.b"
"C14478",1,1,2026-06-29,2026-07-05,"6.12.2.b"
"C14478",1,1,2026-07-03,2026-07-09,"6.12.2.b"
"C14478",1,1,2026-07-04,2026-07-10,"6.12.2.b"
"C14478",1,1,2026-07-05,2026-07-11,"6.12.2.b"
"C14478",1,1,2026-07-07,2026-07-13,"6.12.2.b"
"C14478",1,1,2026-07-08,2026-07-14,"6.12.2.b"
"C14478",1,1,2026-07-09,2026-07-15,"6.12.2.b"
"C14478",1,1,2026-07-11,2026-07-17,"6.12.2.b"
"C14478",1,1,2026-07-12,2026-07-18,"6.12.2.b"
"C14478",1,1,2026-07-14,2026-07-20,"6.12.2.b"
"C14478",1,1,2026-07-15,2026-07-21,"6.12.2.b"
"C14478",1,1,2026-07-17,2026-07-23,"6.12.2.b"
"C14478",1,1,2026-07-18,2026-07-24,"6.12.2.b"
"C14478",1,1,2026-07-21,2026-07-27,"6.12.2.b"
"C14478",1,1,2026-07-25,2026-07-31,"6.12.2.b"
"C14478",1,1,2026-07-27,2026-08-02,"6.12.2.b"
"C14478",1,1,2026-07-28,2026-08-03,"6.12.2.b"
"C14541",1,1,2024-05-18,2024-06-16,"6.12.2.a"
"C14541",1,1,2025-04-17,2025-08-18,"6.12.2.a"
"C14541",1,1,2025-08-16,2026-09-30,"6.12.2.a"
"C14598",1,1,2025-06-03,2025-06-18,"6.12.2.a"
"C14598",1,1,2025-06-12,2025-10-13,"6.12.2.a"
"C14598",1,1,2026-01-21,2026-03-13,"6.12.2.a"
"C14598",1,1,2026-02-14,2026-06-06,"6.12.2.a"
"C14604",1,1,2024-07-06,2024-07-12,"6.12.2.b"
"C14604",1,1,2024-07-07,2024-07-13,"6.12.2.b"
"C14604",1,1,2024-07-08,2024-07-14,"6.12.2.b"
"C14604",1,1,2024-07-09,2024-07-15,"6.12.2.b"
"C14604",1,1,2024-07-10,2024-07-16,"6.12.2.b"
"C14604",1,1,2024-07-18,2024-07-24,"6.12.2.b"
"C14604",1,1,2024-07-19,2024-07-25,"6.12.2.b"
"C14604",1,1,2024-07-21,2024-07-27,"6.12.2.b"
"C14604",1,1,2024-07-31,2024-08-06,"6.12.2.b"
"C14604",1,1,2024-08-01,2024-08-07,"6.12.2.b"
"C14604",1,1,2024-08-03,2024-08-09,"6.12.2.b"
"C14604",1,1,2024-08-04,2024-08-10,"6.12.2.b"
"C14604",1,1,2024-08-05,2024-08-11,"6.12.2.b"
"C14604",1,1,2024-08-05,2025-05-16,"6.12.2.a"
"C14604",1,1,2024-08-07,2024-08-13,"6.12.2.b"
"C14604",1,1,2024-08-08,2024-08-14,"6.12.2.b"
"C14604",1,1,2024-08-16,2024-08-22,"6.12.2.b"
"C14604",1,1,2024-08-19,2024-08-25,"6.12.2.b"
"C14604",1,1,2024-08-20,2024-08-26,"6.12.2.b"
"C14604",1,1,2024-08-22,2024-08-28,"6.12.2.b"
"C14604",1,1,2024-08-23,2024-08-29,"6.12.2.b"
"C14604",1,1,2024-08-25,2024-08-31,"6.12.2.b"
"C14604",1,1,2024-08-26,2024-09-01,"6.12.2.b"
"C14604",1,1,2024-08-27,2024-09-02,"6.12.2.b"
"C14604",1,1,2024-08-29,2024-09-04,"6.12.2.b"
"C14604",1,1,2024-09-07,2024-09-13,"6.12.2.b"
"C14604",1,1,2024-09-10,2024-09-16,"6.12.2.b"
"C14604",1,1,2024-09-12,2024-09-18,"6.12.2.b"
"C14604",1,1,2024-09-14,2024-09-20,"6.12.2.b"
"C14604",1,1,2024-09-15,2024-09-21,"6.12.2.b"
"C14604",1,1,2024-09-17,2024-09-23,"6.12.2.b"
"C14604",1,1,2024-09-19,2024-09-25,"6.12.2.b"
"C14604",1,1,2024-09-20,2024-09-26,"6.12.2.b"
"C14604",1,1,2024-09-21,2024-09-27,"6.12.2.b"
"C14604",1,1,2024-09-23,2024-09-29,"6.12.2.b"
"C14604",1,1,2024-09-24,2024-09-30,"6.12.2.b"
"C14604",1,1,2024-09-25,2024-10-01,"6.12.2.b"
"C14604",1,1,2024-09-29,2024-10-05,"6.12.2.b"
"C14604",1,1,2024-09-30,2024-10-06,"6.12.2.b"
"C14604",1,1,2024-10-01,2024-10-07,"6.12.2.b"
"C14604",1,1,2024-10-02,2024-10-08,"6.12.2.b"
"C14604",1,1,2024-10-03,2024-10-09,"6.12.2.b"
"C14604",1,1,2024-10-04,2024-10-10,"6.12.2.b"
"C14604",1,1,2024-10-05,2024-10-11,"6.12.2.b"
"C14604",1,1,2024-10-06,2024-10-12,"6.12.2.b"
"C14604",1,1,2024-10-09,2024-10-15,"6.12.2.b"
"C14604",1,1,2024-10-11,2024-10-17,"6.12.2.b"
"C14604",1,1,2024-10-16,2024-10-22,"6.12.2.b"
"C14604",1,1,2024-10-18,2024-10-24,"6.12.2.b"
"C14604",1,1,2024-11-23,2024-12-08,"6.12.2.a"
"C14604",1,1,2024-12-04,2024-12-24,"6.12.2.a"
"C14604",1,1,2025-05-10,2026-09-30,"6.12.2.a"
"C14616",1,1,2024-07-07,2025-05-16,"6.12.2.a"
"C14616",1,1,2025-05-10,2026-09-30,"6.12.2.a"
"C14652",1,1,2025-06-12,2025-06-18,"6.12.2.b"
"C14652",1,1,2025-06-28,2025-07-04,"6.12.2.b"
"C14652",1,1,2025-06-29,2026-09-30,"6.12.2.a"
"C14652",1,1,2025-06-30,2025-07-06,"6.12.2.b"
"C14652",1,1,2025-07-02,2025-07-08,"6.12.2.b"
"C14652",1,1,2025-07-03,2025-07-09,"6.12.2.b"
"C14652",1,1,2025-07-06,2025-07-12,"6.12.2.b"
"C14652",1,1,2025-07-07,2025-07-13,"6.12.2.b"
"C14652",1,1,2025-07-09,2025-07-15,"6.12.2.b"
"C14652",1,1,2025-07-11,2025-07-17,"6.12.2.b"
"C14652",1,1,2025-07-13,2025-07-19,"6.12.2.b"
"C14652",1,1,2025-07-17,2025-07-23,"6.12.2.b"
"C14841",1,1,2023-07-01,2023-09-29,"6.12.2.a"
"C14841",1,1,2024-01-01,2026-09-30,"6.12.2.a"
"C14841",1,1,2024-03-23,2024-07-19,"6.12.2.a"
"C14841",1,1,2025-10-11,2026-02-19,"6.12.2.a"
"C14841",1,1,2026-02-15,2026-09-30,"6.12.2.a"
"C14883",1,1,2023-07-13,2025-12-27,"6.12.2.a"
"C14883",1,1,2023-07-29,2023-08-04,"6.12.2.b"
"C14883",1,1,2023-07-31,2023-08-06,"6.12.2.b"
"C14883",1,1,2023-08-01,2023-08-07,"6.12.2.b"
"C14883",1,1,2023-08-13,2023-08-19,"6.12.2.b"
"C14883",1,1,2023-08-14,2023-08-20,"6.12.2.b"
"C14883",1,1,2023-08-17,2023-08-23,"6.12.2.b"
"C14883",1,1,2023-08-19,2023-08-25,"6.12.2.b"
"C14883",1,1,2023-08-20,2023-08-26,"6.12.2.b"
"C14883",1,1,2023-08-28,2023-09-03,"6.12.2.b"
"C14883",1,1,2023-08-29,2023-09-04,"6.12.2.b"
"C14883",1,1,2023-09-01,2023-09-07,"6.12.2.b"
"C14883",1,1,2023-09-02,2023-09-08,"6.12.2.b"
"C14883",1,1,2023-09-03,2023-09-09,"6.12.2.b"
"C14883",1,1,2023-09-04,2023-09-10,"6.12.2.b"
"C14883",1,1,2023-09-05,2023-09-11,"6.12.2.b"
"C14883",1,1,2023-09-06,2023-09-12,"6.12.2.b"
"C14883",1,1,2023-11-13,2023-12-09,"6.12.2.a"
"C14883",1,1,2025-12-22,2026-09-30,"6.12.2.a"
"C14883",1,1,2026-05-28,2026-06-03,"6.12.2.b"
"C14883",1,1,2026-06-10,2026-06-16,"6.12.2.b"
"C14883",1,1,2026-06-11,2026-06-17,"6.12.2.b"
"C14883",1,1,2026-06-13,2026-06-19,"6.12.2.b"
"C14883",1,1,2026-06-21,2026-06-27,"6.12.2.b"
"C14964",1,1,2024-06-07,2025-12-15,"6.12.2.a"
"C14964",1,1,2024-10-06,2025-01-10,"6.12.2.a"
"C14964",1,1,2025-02-28,2025-07-09,"6.12.2.a"
"C14991",1,1,2023-10-22,2023-10-28,"6.12.2.b"
"C14991",1,1,2023-10-23,2023-10-29,"6.12.2.b"
"C14991",1,1,2023-10-25,2023-10-31,"6.12.2.b"
"C14991",1,1,2023-10-27,2023-11-02,"6.12.2.b"
"C14991",1,1,2023-10-28,2023-11-03,"6.12.2.b"
"C14991",1,1,2023-10-30,2023-11-05,"6.12.2.b"
"C14991",1,1,2023-11-02,2023-11-08,"6.12.2.b"
"C14991",1,1,2023-11-03,2023-11-09,"6.12.2.b"
"C14991",1,1,2023-11-04,2023-11-10,"6.12.2.b"
"C14991",1,1,2023-11-07,2023-11-13,"6.12.2.b"
"C14991",1,1,2023-11-08,2023-11-14,"6.12.2.b"
"C14991",1,1,2023-11-09,2023-11-15,"6.12.2.b"
"C14991",1,1,2023-11-10,2023-11-16,"6.12.2.b"
"C14991",1,1,2023-11-12,2023-11-18,"6.12.2.b"
"C14991",1,1,2023-11-12,2024-07-24,"6.12.2.a"
"C14991",1,1,2023-11-13,2023-11-19,"6.12.2.b"
"C14991",1,1,2023-11-14,2023-11-20,"6.12.2.b"
"C14991",1,1,2023-11-15,2023-11-21,"6.12.2.b"
"C14991",1,1,2023-11-18,2023-11-24,"6.12.2.b"
"C14991",1,1,2023-11-21,2023-11-27,"6.12.2.b"
"C14991",1,1,2023-11-22,2023-11-28,"6.12.2.b"
"C14991",1,1,2023-11-23,2023-11-29,"6.12.2.b"
"C14991",1,1,2023-11-24,2023-11-30,"6.12.2.b"
"C14991",1,1,2024-08-20,2024-08-26,"6.12.2.b"
"C14991",1,1,2024-08-22,2024-08-28,"6.12.2.b"
"C14991",1,1,2024-08-24,2024-08-30,"6.12.2.b"
"C14991",1,1,2024-08-25,2024-08-31,"6.12.2.b"
"C14991",1,1,2024-08-26,2024-09-01,"6.12.2.b"
"C14991",1,1,2024-09-02,2024-09-08,"6.12.2.b"
"C14991",1,1,2024-09-03,2024-09-09,"6.12.2.b"
"C14991",1,1,2024-09-06,2024-09-12,"6.12.2.b"
"C14991",1,1,2024-09-06,2025-11-21,"6.12.2.a"
"C14991",1,1,2024-09-07,2024-09-13,"6.12.2.b"
"C14991",1,1,2024-09-08,2024-09-14,"6.12.2.b"
"C14991",1,1,2024-09-10,2024-09-16,"6.12.2.b"
"C14991",1,1,2024-09-11,2024-09-17,"6.12.2.b"
"C14991",1,1,2024-09-12,2024-09-18,"6.12.2.b"
"C14991",1,1,2024-09-13,2024-09-19,"6.12.2.b"
"C14991",1,1,2024-09-16,2024-09-22,"6.12.2.b"
"C14991",1,1,2024-09-18,2024-09-24,"6.12.2.b"
"C14991",1,1,2024-09-20,2024-09-26,"6.12.2.b"
"C14991",1,1,2024-09-22,2024-09-28,"6.12.2.b"
"C14991",1,1,2024-09-23,2024-09-29,"6.12.2.b"
"C14991",1,1,2024-09-27,2024-10-03,"6.12.2.b"
"C14991",1,1,2024-09-28,2024-10-04,"6.12.2.b"
"C14991",1,1,2024-10-03,2024-10-09,"6.12.2.b"
"C14991",1,1,2024-10-06,2024-10-12,"6.12.2.b"
"C14991",1,1,2024-10-07,2024-10-13,"6.12.2.b"
"C14991",1,1,2024-10-08,2024-10-14,"6.12.2.b"
"C14991",1,1,2024-10-13,2024-10-19,"6.12.2.b"
"C14991",1,1,2024-10-16,2024-10-22,"6.12.2.b"
"C14991",1,1,2024-10-20,2024-10-26,"6.12.2.b"
"C14991",1,1,2024-10-25,2024-10-31,"6.12.2.b"
"C14991",1,1,2024-11-02,2024-11-08,"6.12.2.b"
"C15150",1,1,2023-11-11,2023-11-17,"6.12.2.b"
"C15150",1,1,2023-11-12,2023-11-18,"6.12.2.b"
"C15150",1,1,2023-11-13,2023-11-19,"6.12.2.b"
"C15150",1,1,2023-11-14,2023-11-20,"6.12.2.b"
"C15150",1,1,2023-11-15,2023-11-21,"6.12.2.b"
"C15150",1,1,2023-11-17,2023-11-23,"6.12.2.b"
"C15150",1,1,2023-11-18,2023-11-24,"6.12.2.b"
"C15150",1,1,2023-11-19,2023-11-25,"6.12.2.b"
"C15150",1,1,2023-11-20,2023-11-26,"6.12.2.b"
"C15150",1,1,2023-11-21,2023-11-27,"6.12.2.b"
"C15150",1,1,2023-11-22,2023-11-28,"6.12.2.b"
"C15150",1,1,2023-11-23,2023-11-29,"6.12.2.b"
"C15150",1,1,2023-11-24,2023-11-30,"6.12.2.b"
"C15150",1,1,2023-11-25,2023-12-01,"6.12.2.b"
"C15150",1,1,2023-11-26,2023-12-02,"6.12.2.b"
"C15150",1,1,2023-11-27,2023-12-03,"6.12.2.b"
"C15150",1,1,2023-11-28,2023-12-04,"6.12.2.b"
"C15150",1,1,2023-11-29,2023-12-05,"6.12.2.b"
"C15150",1,1,2023-11-30,2023-12-06,"6.12.2.b"
"C15150",1,1,2023-12-01,2023-12-07,"6.12.2.b"
"C15150",1,1,2023-12-02,2023-12-08,"6.12.2.b"
"C15150",1,1,2023-12-03,2023-12-09,"6.12.2.b"
"C15150",1,1,2023-12-04,2023-12-10,"6.12.2.b"
"C15150",1,1,2023-12-06,2023-12-12,"6.12.2.b"
"C15150",1,1,2023-12-07,2023-12-13,"6.12.2.b"
"C15150",1,1,2023-12-08,2023-12-14,"6.12.2.b"
"C15150",1,1,2023-12-10,2023-12-16,"6.12.2.b"
"C15150",1,1,2023-12-11,2023-12-17,"6.12.2.b"
"C15150",1,1,2023-12-12,2023-12-18,"6.12.2.b"
"C15150",1,1,2023-12-13,2023-12-19,"6.12.2.b"
"C15150",1,1,2023-12-14,2023-12-20,"6.12.2.b"
"C15150",1,1,2023-12-15,2023-12-21,"6.12.2.b"
"C15150",1,1,2023-12-16,2023-12-22,"6.12.2.b"
"C15150",1,1,2023-12-17,2023-12-23,"6.12.2.b"
"C15150",1,1,2023-12-18,2023-12-24,"6.12.2.b"
"C15150",1,1,2023-12-19,2023-12-25,"6.12.2.b"
"C15150",1,1,2023-12-20,2023-12-26,"6.12.2.b"
"C15150",1,1,2023-12-21,2023-12-27,"6.12.2.b"
"C15150",1,1,2023-12-22,2023-12-28,"6.12.2.b"
"C15150",1,1,2023-12-23,2023-12-29,"6.12.2.b"
"C15150",1,1,2023-12-25,2023-12-31,"6.12.2.b"
"C15150",1,1,2023-12-26,2024-01-01,"6.12.2.b"
"C15150",1,1,2023-12-27,2024-01-02,"6.12.2.b"
"C15150",1,1,2023-12-28,2024-01-03,"6.12.2.b"
"C15150",1,1,2023-12-29,2024-01-04,"6.12.2.b"
"C15150",1,1,2023-12-30,2024-01-05,"6.12.2.b"
"C15150",1,1,2023-12-31,2024-01-06,"6.12.2.b"
"C15150",1,1,2024-01-01,2024-01-07,"6.12.2.b"
"C15150",1,1,2024-01-02,2024-01-08,"6.12.2.b"
"C15150",1,1,2024-01-03,2024-01-09,"6.12.2.b"
"C15150",1,1,2024-01-04,2024-01-10,"6.12.2.b"
"C15150",1,1,2024-01-05,2024-01-11,"6.12.2.b"
"C15150",1,1,2024-01-06,2024-01-12,"6.12.2.b"
"C15150",1,1,2024-01-07,2024-01-13,"6.12.2.b"
"C15150",1,1,2024-01-08,2024-01-14,"6.12.2.b"
"C15150",1,1,2024-01-09,2024-01-15,"6.12.2.b"
"C15150",1,1,2024-01-10,2024-01-16,"6.12.2.b"
"C15150",1,1,2024-01-12,2024-01-18,"6.12.2.b"
"C15150",1,1,2024-01-13,2024-01-19,"6.12.2.b"
"C15150",1,1,2024-01-15,2024-01-21,"6.12.2.b"
"C15150",1,1,2024-01-16,2024-01-22,"6.12.2.b"
"C15150",1,1,2024-01-17,2024-01-23,"6.12.2.b"
"C15150",1,1,2024-01-20,2024-01-26,"6.12.2.b"
"C15150",1,1,2024-01-21,2024-01-27,"6.12.2.b"
"C15150",1,1,2024-01-22,2024-01-28,"6.12.2.b"
"C15150",1,1,2024-01-23,2024-01-29,"6.12.2.b"
"C15150",1,1,2024-01-24,2024-01-30,"6.12.2.b"
"C15150",1,1,2024-01-25,2024-01-31,"6.12.2.b"
"C15150",1,1,2024-01-26,2024-02-01,"6.12.2.b"
"C15150",1,1,2024-01-27,2024-02-02,"6.12.2.b"
"C15150",1,1,2024-01-28,2024-02-03,"6.12.2.b"
"C15150",1,1,2024-01-29,2024-02-04,"6.12.2.b"
"C15150",1,1,2024-01-30,2024-02-05,"6.12.2.b"
"C15150",1,1,2024-01-31,2024-02-06,"6.12.2.b"
"C15150",1,1,2024-02-01,2024-02-07,"6.12.2.b"
"C15150",1,1,2024-02-02,2024-02-08,"6.12.2.b"
"C15150",1,1,2024-02-03,2024-02-09,"6.12.2.b"
"C15150",1,1,2024-02-04,2024-02-10,"6.12.2.b"
"C15150",1,1,2024-02-05,2024-02-11,"6.12.2.b"
"C15150",1,1,2024-02-06,2024-02-12,"6.12.2.b"
"C15150",1,1,2024-02-07,2024-02-13,"6.12.2.b"
"C15150",1,1,2024-02-08,2024-02-14,"6.12.2.b"
"C15150",1,1,2024-02-09,2024-02-15,"6.12.2.b"
"C15150",1,1,2024-02-10,2024-02-16,"6.12.2.b"
"C15150",1,1,2024-02-11,2024-02-17,"6.12.2.b"
"C15150",1,1,2024-02-12,2024-02-18,"6.12.2.b"
"C15150",1,1,2024-02-13,2024-02-19,"6.12.2.b"
"C15150",1,1,2024-02-14,2024-02-20,"6.12.2.b"
"C15150",1,1,2024-02-15,2024-02-21,"6.12.2.b"
"C15150",1,1,2024-02-16,2024-02-22,"6.12.2.b"
"C15150",1,1,2024-02-17,2024-02-23,"6.12.2.b"
"C15150",1,1,2024-02-18,2024-02-24,"6.12.2.b"
"C15150",1,1,2024-02-19,2024-02-25,"6.12.2.b"
"C15150",1,1,2024-02-20,2024-02-26,"6.12.2.b"
"C15150",1,1,2024-02-22,2024-02-28,"6.12.2.b"
"C15150",1,1,2024-02-24,2024-03-01,"6.12.2.b"
"C15150",1,1,2024-02-25,2024-03-02,"6.12.2.b"
"C15150",1,1,2024-02-26,2024-03-03,"6.12.2.b"
"C15150",1,1,2024-02-27,2024-03-04,"6.12.2.b"
"C15150",1,1,2024-02-28,2024-03-05,"6.12.2.b"
"C15150",1,1,2024-03-01,2024-03-07,"6.12.2.b"
"C15150",1,1,2024-03-02,2024-03-08,"6.12.2.b"
"C15150",1,1,2024-03-03,2024-03-09,"6.12.2.b"
"C15150",1,1,2024-03-04,2024-03-10,"6.12.2.b"
"C15150",1,1,2024-03-05,2024-03-11,"6.12.2.b"
"C15150",1,1,2024-04-24,2024-04-30,"6.12.2.b"
"C15150",1,1,2024-05-01,2024-05-07,"6.12.2.b"
"C15150",1,1,2024-05-04,2024-05-10,"6.12.2.b"
"C15150",1,1,2024-05-11,2024-05-17,"6.12.2.b"
"C15150",1,1,2024-05-16,2024-05-22,"6.12.2.b"
"C15150",1,1,2024-05-17,2024-05-23,"6.12.2.b"
"C15150",1,1,2024-05-20,2025-02-02,"6.12.2.a"
"C15150",1,1,2024-05-23,2024-05-29,"6.12.2.b"
"C15150",1,1,2024-05-31,2024-06-06,"6.12.2.b"
"C15150",1,1,2025-01-28,2026-09-30,"6.12.2.a"
"C15327",1,1,2025-04-14,2025-05-21,"6.12.2.a"
"C15327",1,1,2025-05-15,2026-03-14,"6.12.2.a"
"C15339",2,1,2023-04-16,2025-04-21,"6.12.2.a"
"C15339",2,1,2023-10-21,2023-10-27,"6.12.2.b"
"C15339",2,1,2023-10-22,2023-10-28,"6.12.2.b"
"C15339",2,1,2023-10-25,2023-10-31,"6.12.2.b"
"C15339",2,1,2023-11-04,2023-11-10,"6.12.2.b"
"C15339",2,1,2023-11-07,2023-11-13,"6.12.2.b"
"C15339",2,1,2023-11-08,2023-11-14,"6.12.2.b"
"C15339",2,1,2023-11-11,2023-11-17,"6.12.2.b"
"C15339",2,1,2023-11-13,2023-11-19,"6.12.2.b"
"C15339",2,1,2023-11-16,2023-11-22,"6.12.2.b"
"C15339",2,1,2023-11-27,2023-12-03,"6.12.2.b"
"C15339",2,1,2023-11-28,2023-12-04,"6.12.2.b"
"C15339",2,1,2023-12-03,2023-12-09,"6.12.2.b"
"C15339",2,1,2023-12-04,2023-12-10,"6.12.2.b"
"C15339",2,1,2023-12-08,2023-12-14,"6.12.2.b"
"C15339",2,1,2023-12-10,2023-12-16,"6.12.2.b"
"C15339",2,1,2023-12-12,2023-12-18,"6.12.2.b"
"C15339",2,1,2023-12-17,2023-12-23,"6.12.2.b"
"C15339",2,1,2023-12-18,2023-12-24,"6.12.2.b"
"C15339",2,1,2023-12-19,2023-12-25,"6.12.2.b"
"C15339",2,1,2023-12-25,2023-12-31,"6.12.2.b"
"C15339",2,1,2023-12-26,2024-01-01,"6.12.2.b"
"C15339",2,1,2023-12-27,2024-01-02,"6.12.2.b"
"C15339",2,1,2023-12-28,2024-01-03,"6.12.2.b"
"C15339",2,1,2023-12-30,2024-01-05,"6.12.2.b"
"C15339",2,1,2024-01-01,2024-01-07,"6.12.2.b"
"C15339",2,1,2024-01-04,2024-01-10,"6.12.2.b"
"C15339",2,1,2024-01-05,2024-01-11,"6.12.2.b"
"C15339",2,1,2024-01-09,2024-01-15,"6.12.2.b"
"C15339",2,1,2024-01-12,2024-01-18,"6.12.2.b"
"C15339",2,1,2024-01-17,2024-01-23,"6.12.2.b"
"C15339",2,1,2024-01-22,2024-01-28,"6.12.2.b"
"C15339",2,1,2024-01-24,2024-01-30,"6.12.2.b"
"C15339",2,1,2024-01-29,2024-02-04,"6.12.2.b"
"C15339",2,1,2024-01-30,2024-02-05,"6.12.2.b"
"C15339",2,1,2024-01-31,2024-02-06,"6.12.2.b"
"C15339",2,1,2024-02-01,2024-02-07,"6.12.2.b"
"C15339",2,1,2024-02-02,2024-02-08,"6.12.2.b"
"C15339",2,1,2024-02-03,2024-02-09,"6.12.2.b"
"C15339",2,1,2024-02-04,2024-02-10,"6.12.2.b"
"C15339",2,1,2024-02-05,2024-02-11,"6.12.2.b"
"C15339",2,1,2024-02-06,2024-02-12,"6.12.2.b"
"C15339",2,1,2024-02-07,2024-02-13,"6.12.2.b"
"C15339",2,1,2024-02-08,2024-02-14,"6.12.2.b"
"C15339",2,1,2024-02-09,2024-02-15,"6.12.2.b"
"C15339",2,1,2024-02-10,2024-02-16,"6.12.2.b"
"C15339",2,1,2024-02-11,2024-02-17,"6.12.2.b"
"C15339",2,1,2024-02-12,2024-02-18,"6.12.2.b"
"C15339",2,1,2024-02-13,2024-02-19,"6.12.2.b"
"C15339",2,1,2024-02-14,2024-02-20,"6.12.2.b"
"C15339",2,1,2024-02-15,2024-02-21,"6.12.2.b"
"C15339",2,1,2024-02-16,2024-02-22,"6.12.2.b"
"C15339",2,1,2024-02-17,2024-02-23,"6.12.2.b"
"C15339",2,1,2024-02-18,2024-02-24,"6.12.2.b"
"C15339",2,1,2024-02-19,2024-02-25,"6.12.2.b"
"C15339",2,1,2024-02-20,2024-02-26,"6.12.2.b"
"C15339",2,1,2024-02-21,2024-02-27,"6.12.2.b"
"C15339",2,1,2024-02-22,2024-02-28,"6.12.2.b"
"C15339",2,1,2024-02-23,2024-02-29,"6.12.2.b"
"C15339",2,1,2024-02-24,2024-03-01,"6.12.2.b"
"C15339",2,1,2024-02-25,2024-03-02,"6.12.2.b"
"C15339",2,1,2024-02-26,2024-03-03,"6.12.2.b"
"C15339",2,1,2024-02-28,2024-03-05,"6.12.2.b"
"C15339",2,1,2024-03-01,2024-03-07,"6.12.2.b"
"C15339",2,1,2024-03-02,2024-03-08,"6.12.2.b"
"C15339",2,1,2024-03-03,2024-03-09,"6.12.2.b"
"C15339",2,1,2024-03-04,2024-03-10,"6.12.2.b"
"C15339",2,1,2024-03-05,2024-03-11,"6.12.2.b"
"C15339",2,1,2024-03-06,2024-03-12,"6.12.2.b"
"C15339",2,1,2024-03-07,2024-03-13,"6.12.2.b"
"C15339",2,1,2024-03-08,2024-03-14,"6.12.2.b"
"C15339",2,1,2024-03-09,2024-03-15,"6.12.2.b"
"C15339",2,1,2024-03-10,2024-03-16,"6.12.2.b"
"C15339",2,1,2024-03-11,2024-03-17,"6.12.2.b"
"C15339",2,1,2024-03-12,2024-03-18,"6.12.2.b"
"C15339",2,1,2024-03-14,2024-03-20,"6.12.2.b"
"C15339",2,1,2024-03-15,2024-03-21,"6.12.2.b"
"C15339",2,1,2024-03-16,2024-03-22,"6.12.2.b"
"C15339",2,1,2024-03-17,2024-03-23,"6.12.2.b"
"C15339",2,1,2024-03-18,2024-03-24,"6.12.2.b"
"C15339",2,1,2024-03-19,2024-03-25,"6.12.2.b"
"C15339",2,1,2024-03-20,2024-03-26,"6.12.2.b"
"C15339",2,1,2024-03-21,2024-03-27,"6.12.2.b"
"C15339",2,1,2024-03-22,2024-03-28,"6.12.2.b"
"C15339",2,1,2024-03-23,2024-03-29,"6.12.2.b"
"C15339",2,1,2024-03-24,2024-03-30,"6.12.2.b"
"C15339",2,1,2024-03-25,2024-03-31,"6.12.2.b"
"C15339",2,1,2024-03-26,2024-04-01,"6.12.2.b"
"C15339",2,1,2024-03-27,2024-04-02,"6.12.2.b"
"C15339",2,1,2024-03-28,2024-04-03,"6.12.2.b"
"C15339",2,1,2024-03-29,2024-04-04,"6.12.2.b"
"C15339",2,1,2024-03-30,2024-04-05,"6.12.2.b"
"C15339",2,1,2024-03-31,2024-04-06,"6.12.2.b"
"C15339",2,1,2024-04-01,2024-04-07,"6.12.2.b"
"C15339",2,1,2024-04-02,2024-04-08,"6.12.2.b"
"C15339",2,1,2024-04-03,2024-04-09,"6.12.2.b"
"C15339",2,1,2024-04-04,2024-04-10,"6.12.2.b"
"C15339",2,1,2024-04-05,2024-04-11,"6.12.2.b"
"C15339",2,1,2024-04-06,2024-04-12,"6.12.2.b"
"C15339",2,1,2024-04-07,2024-04-13,"6.12.2.b"
"C15339",2,1,2024-04-08,2024-04-14,"6.12.2.b"
"C15339",2,1,2024-04-09,2024-04-15,"6.12.2.b"
"C15339",2,1,2024-04-10,2024-04-16,"6.12.2.b"
"C15339",2,1,2024-04-11,2024-04-17,"6.12.2.b"
"C15339",2,1,2024-04-12,2024-04-18,"6.12.2.b"
"C15339",2,1,2024-04-13,2024-04-19,"6.12.2.b"
"C15339",2,1,2024-04-14,2024-04-20,"6.12.2.b"
"C15339",2,1,2024-04-15,2024-04-21,"6.12.2.b"
"C15339",2,1,2024-04-16,2024-04-22,"6.12.2.b"
"C15339",2,1,2024-04-17,2024-04-23,"6.12.2.b"
"C15339",2,1,2024-04-18,2024-04-24,"6.12.2.b"
"C15339",2,1,2024-04-19,2024-04-25,"6.12.2.b"
"C15339",2,1,2024-04-20,2024-04-26,"6.12.2.b"
"C15339",2,1,2024-04-21,2024-04-27,"6.12.2.b"
"C15339",2,1,2024-04-22,2024-04-28,"6.12.2.b"
"C15339",2,1,2024-04-23,2024-04-29,"6.12.2.b"
"C15339",2,1,2024-04-24,2024-04-30,"6.12.2.b"
"C15339",2,1,2024-04-25,2024-05-01,"6.12.2.b"
"C15339",2,1,2024-04-26,2024-05-02,"6.12.2.b"
"C15339",2,1,2024-04-27,2024-05-03,"6.12.2.b"
"C15339",2,1,2024-04-28,2024-05-04,"6.12.2.b"
"C15339",2,1,2024-04-29,2024-05-05,"6.12.2.b"
"C15339",2,1,2024-04-30,2024-05-06,"6.12.2.b"
"C15339",2,1,2024-05-01,2024-05-07,"6.12.2.b"
"C15339",2,1,2024-05-02,2024-05-08,"6.12.2.b"
"C15339",2,1,2024-05-03,2024-05-09,"6.12.2.b"
"C15339",2,1,2024-05-04,2024-05-10,"6.12.2.b"
"C15339",2,1,2024-05-05,2024-05-11,"6.12.2.b"
"C15339",2,1,2025-04-16,2026-09-30,"6.12.2.a"
"C15444",1,1,2025-02-11,2025-07-30,"6.12.2.a"
"C15444",1,1,2025-03-10,2025-04-09,"6.12.2.a"
"C15444",1,1,2025-07-27,2026-09-30,"6.12.2.a"
"C15447",2,1,2025-02-27,2025-07-10,"6.12.2.a"
"C15447",2,1,2025-02-28,2026-03-04,"6.12.2.a"
"C15480",1,1,2025-06-06,2025-06-12,"6.12.2.b"
"C15480",1,1,2025-06-06,2025-11-19,"6.12.2.a"
"C15480",1,1,2025-06-10,2025-06-16,"6.12.2.b"
"C15480",1,1,2025-06-12,2025-06-18,"6.12.2.b"
"C15480",1,1,2025-06-13,2025-06-19,"6.12.2.b"
"C15480",1,1,2025-06-15,2025-06-21,"6.12.2.b"
"C15480",1,1,2025-06-21,2025-06-27,"6.12.2.b"
"C15588",1,1,2025-02-14,2025-10-08,"6.12.2.a"
"C15588",1,1,2025-03-31,2025-05-19,"6.12.2.a"
"C15588",1,1,2026-04-18,2026-09-30,"6.12.2.a"
"C15678",1,1,2023-12-29,2024-04-02,"6.12.2.a"
"C15678",1,1,2023-12-29,2024-06-22,"6.12.2.a"
"C15678",1,1,2024-07-08,2025-12-23,"6.12.2.a"
"C15678",1,1,2024-11-24,2025-01-02,"6.12.2.a"
"C15678",1,1,2024-12-08,2025-01-07,"6.12.2.a"
"C15834",1,1,2023-04-22,2023-10-25,"6.12.2.a"
"C15834",1,1,2024-07-14,2024-07-20,"6.12.2.b"
"C15834",1,1,2024-07-15,2024-07-21,"6.12.2.b"
"C15834",1,1,2024-07-16,2024-07-22,"6.12.2.b"
"C15834",1,1,2024-07-17,2024-07-23,"6.12.2.b"
"C15834",1,1,2024-07-18,2024-07-24,"6.12.2.b"
"C15834",1,1,2024-07-19,2024-07-25,"6.12.2.b"
"C15834",1,1,2024-07-20,2024-07-26,"6.12.2.b"
"C15834",1,1,2024-07-21,2024-07-27,"6.12.2.b"
"C15834",1,1,2024-07-22,2024-07-28,"6.12.2.b"
"C15834",1,1,2024-07-23,2024-07-29,"6.12.2.b"
"C15834",1,1,2024-07-24,2024-07-30,"6.12.2.b"
"C15834",1,1,2024-07-25,2024-07-31,"6.12.2.b"
"C15834",1,1,2024-07-26,2024-08-01,"6.12.2.b"
"C15834",1,1,2024-07-27,2024-08-02,"6.12.2.b"
"C15834",1,1,2024-07-28,2024-08-03,"6.12.2.b"
"C15834",1,1,2024-07-29,2024-08-04,"6.12.2.b"
"C15834",1,1,2024-07-30,2024-08-05,"6.12.2.b"
"C15834",1,1,2024-07-31,2024-08-06,"6.12.2.b"
"C15834",1,1,2024-08-01,2024-08-07,"6.12.2.b"
"C15834",1,1,2024-08-02,2024-08-08,"6.12.2.b"
"C15834",1,1,2024-08-03,2024-08-09,"6.12.2.b"
"C15834",1,1,2024-08-04,2024-08-10,"6.12.2.b"
"C15834",1,1,2024-08-05,2024-08-11,"6.12.2.b"
"C15834",1,1,2024-08-06,2024-08-12,"6.12.2.b"
"C15834",1,1,2024-08-07,2024-08-13,"6.12.2.b"
"C15834",1,1,2024-08-08,2024-08-14,"6.12.2.b"
"C15834",1,1,2024-08-09,2024-08-15,"6.12.2.b"
"C15834",1,1,2024-08-10,2024-08-16,"6.12.2.b"
"C15834",1,1,2024-08-11,2024-08-17,"6.12.2.b"
"C15834",1,1,2024-08-12,2024-08-18,"6.12.2.b"
"C15834",1,1,2024-08-13,2024-08-19,"6.12.2.b"
"C15834",1,1,2024-08-14,2024-08-20,"6.12.2.b"
"C15834",1,1,2024-08-15,2024-08-21,"6.12.2.b"
"C15834",1,1,2024-08-16,2024-08-22,"6.12.2.b"
"C15834",1,1,2024-08-17,2024-08-23,"6.12.2.b"
"C15834",1,1,2024-08-18,2024-08-24,"6.12.2.b"
"C15834",1,1,2024-08-19,2024-08-25,"6.12.2.b"
"C15834",1,1,2024-08-20,2024-08-26,"6.12.2.b"
"C15834",1,1,2024-08-21,2024-08-27,"6.12.2.b"
"C15834",1,1,2024-08-22,2024-08-28,"6.12.2.b"
"C15834",1,1,2024-08-23,2024-08-29,"6.12.2.b"
"C15834",1,1,2024-08-24,2024-08-30,"6.12.2.b"
"C15834",1,1,2024-08-25,2024-08-31,"6.12.2.b"
"C15834",1,1,2024-08-26,2024-09-01,"6.12.2.b"
"C15834",1,1,2024-08-27,2024-09-02,"6.12.2.b"
"C15834",1,1,2024-08-28,2024-09-03,"6.12.2.b"
"C15834",1,1,2024-08-29,2024-09-04,"6.12.2.b"
"C15834",1,1,2024-08-31,2024-09-06,"6.12.2.b"
"C15834",1,1,2024-09-01,2024-09-07,"6.12.2.b"
"C15834",1,1,2024-09-02,2024-09-08,"6.12.2.b"
"C15834",1,1,2024-09-03,2024-09-09,"6.12.2.b"
"C15834",1,1,2024-09-04,2024-09-10,"6.12.2.b"
"C15834",1,1,2024-09-05,2024-09-11,"6.12.2.b"
"C15834",1,1,2024-09-06,2024-09-12,"6.12.2.b"
"C15834",1,1,2024-09-07,2024-09-13,"6.12.2.b"
"C15834",1,1,2024-09-08,2024-09-14,"6.12.2.b"
"C15834",1,1,2024-09-09,2024-09-15,"6.12.2.b"
"C15834",1,1,2024-09-10,2024-09-16,"6.12.2.b"
"C15834",1,1,2024-09-11,2024-09-17,"6.12.2.b"
"C15834",1,1,2024-09-13,2024-09-19,"6.12.2.b"
"C15834",1,1,2024-09-14,2024-09-20,"6.12.2.b"
"C15834",1,1,2024-09-15,2024-09-21,"6.12.2.b"
"C15834",1,1,2024-09-16,2024-09-22,"6.12.2.b"
"C15834",1,1,2024-09-17,2024-09-23,"6.12.2.b"
"C15834",1,1,2024-09-18,2024-09-24,"6.12.2.b"
"C15834",1,1,2024-09-19,2024-09-25,"6.12.2.b"
"C15834",1,1,2024-09-20,2024-09-26,"6.12.2.b"
"C15834",1,1,2024-09-21,2024-09-27,"6.12.2.b"
"C15834",1,1,2024-09-22,2024-09-28,"6.12.2.b"
"C15834",1,1,2024-09-23,2024-09-29,"6.12.2.b"
"C15834",1,1,2024-09-24,2024-09-30,"6.12.2.b"
"C15834",1,1,2024-09-25,2024-10-01,"6.12.2.b"
"C15834",1,1,2024-09-26,2024-10-02,"6.12.2.b"
"C15834",1,1,2024-09-27,2024-10-03,"6.12.2.b"
"C15834",1,1,2024-09-28,2024-10-04,"6.12.2.b"
"C15834",1,1,2024-09-29,2024-10-05,"6.12.2.b"
"C15834",1,1,2024-09-30,2024-10-06,"6.12.2.b"
"C15834",1,1,2024-10-01,2024-10-07,"6.12.2.b"
"C15834",1,1,2024-10-02,2024-10-08,"6.12.2.b"
"C15834",1,1,2024-10-03,2024-10-09,"6.12.2.b"
"C15834",1,1,2024-10-04,2024-10-10,"6.12.2.b"
"C15834",1,1,2024-10-05,2024-10-11,"6.12.2.b"
"C15834",1,1,2024-10-06,2024-10-12,"6.12.2.b"
"C15834",1,1,2024-10-06,2025-11-20,"6.12.2.a"
"C15834",1,1,2024-10-07,2024-10-13,"6.12.2.b"
"C15834",1,1,2024-10-08,2024-10-14,"6.12.2.b"
"C15846",2,1,2024-12-31,2025-08-20,"6.12.2.a"
"C15846",2,1,2025-08-15,2026-01-22,"6.12.2.a"
"C15888",1,1,2023-10-03,2023-10-09,"6.12.2.b"
"C15888",1,1,2023-10-04,2023-10-10,"6.12.2.b"
"C15888",1,1,2023-10-06,2023-10-12,"6.12.2.b"
"C15888",1,1,2023-10-08,2023-10-14,"6.12.2.b"
"C15888",1,1,2023-10-10,2023-10-16,"6.12.2.b"
"C15888",1,1,2023-10-14,2023-10-20,"6.12.2.b"
"C15888",1,1,2023-10-17,2023-10-23,"6.12.2.b"
"C15888",1,1,2023-10-18,2023-10-24,"6.12.2.b"
"C15888",1,1,2023-11-22,2023-11-30,"6.12.2.a"
"C15888",1,1,2023-11-25,2023-12-03,"6.12.2.a"
"C15888",1,1,2023-11-28,2023-12-05,"6.12.2.a"
"C15888",1,1,2023-12-01,2023-12-09,"6.12.2.a"
"C15888",1,1,2023-12-06,2023-12-20,"6.12.2.a"
"C15888",1,1,2023-12-15,2023-12-23,"6.12.2.a"
"C15888",1,1,2023-12-18,2023-12-26,"6.12.2.a"
"C15888",1,1,2023-12-21,2023-12-29,"6.12.2.a"
"C15888",1,1,2023-12-24,2024-01-08,"6.12.2.a"
"C15888",1,1,2024-01-03,2024-01-15,"6.12.2.a"
"C15888",1,1,2024-01-11,2024-01-19,"6.12.2.a"
"C15888",1,1,2024-01-14,2024-02-04,"6.12.2.a"
"C15888",1,1,2024-09-03,2025-10-20,"6.12.2.a"
"C15888",1,1,2024-10-11,2024-11-04,"6.12.2.a"
"C15888",1,1,2024-11-02,2024-11-21,"6.12.2.a"
"C15888",1,1,2024-11-18,2024-11-26,"6.12.2.a"
"C15888",1,1,2024-11-21,2024-12-01,"6.12.2.a"
"C15888",1,1,2024-11-26,2024-12-08,"6.12.2.a"
"C15888",1,1,2024-12-04,2025-01-12,"6.12.2.a"
"C15888",1,1,2025-01-07,2025-01-20,"6.12.2.a"
"C15888",1,1,2025-01-16,2025-02-01,"6.12.2.a"
"C15888",1,1,2025-01-27,2025-02-18,"6.12.2.a"
"C15960",1,1,2022-09-30,2023-09-14,"6.12.2.a"
"C15960",1,1,2024-02-09,2024-04-07,"6.12.2.a"
"C15960",1,1,2024-05-28,2024-07-10,"6.12.2.a"
"C15960",1,1,2024-05-28,2025-11-07,"6.12.2.a"
"C16053",1,1,2023-09-25,2023-11-25,"6.12.2.a"
"C16053",1,1,2023-12-30,2024-01-05,"6.12.2.b"
"C16053",1,1,2024-01-01,2024-01-07,"6.12.2.b"
"C16053",1,1,2024-01-08,2024-01-14,"6.12.2.b"
"C16053",1,1,2024-01-12,2024-01-18,"6.12.2.b"
"C16053",1,1,2024-01-13,2024-01-19,"6.12.2.b"
"C16053",1,1,2024-01-14,2024-01-20,"6.12.2.b"
"C16053",1,1,2024-01-16,2024-01-22,"6.12.2.b"
"C16053",1,1,2024-01-18,2024-01-24,"6.12.2.b"
"C16053",1,1,2024-01-19,2024-01-25,"6.12.2.b"
"C16053",1,1,2024-01-20,2024-01-26,"6.12.2.b"
"C16053",1,1,2024-01-21,2024-01-27,"6.12.2.b"
"C16053",1,1,2024-01-22,2024-01-28,"6.12.2.b"
"C16053",1,1,2024-01-25,2024-01-31,"6.12.2.b"
"C16053",1,1,2024-01-26,2024-02-01,"6.12.2.b"
"C16053",1,1,2024-01-27,2024-02-02,"6.12.2.b"
"C16053",1,1,2024-01-28,2024-02-03,"6.12.2.b"
"C16053",1,1,2024-01-29,2024-02-04,"6.12.2.b"
"C16053",1,1,2024-01-29,2026-02-10,"6.12.2.a"
"C16053",1,1,2024-01-30,2024-02-05,"6.12.2.b"
"C16053",1,1,2024-01-31,2024-02-06,"6.12.2.b"
"C16053",1,1,2024-02-03,2024-02-09,"6.12.2.b"
"C16053",1,1,2024-02-06,2024-02-12,"6.12.2.b"
"C16053",1,1,2024-02-07,2024-02-13,"6.12.2.b"
"C16053",1,1,2024-02-08,2024-02-14,"6.12.2.b"
"C16053",1,1,2024-02-11,2024-02-17,"6.12.2.b"
"C16053",1,1,2024-02-12,2024-02-18,"6.12.2.b"
"C16053",1,1,2024-02-13,2024-02-19,"6.12.2.b"
"C16053",1,1,2024-02-15,2024-02-21,"6.12.2.b"
"C16053",1,1,2024-02-16,2024-02-22,"6.12.2.b"
"C16053",1,1,2024-02-17,2024-02-23,"6.12.2.b"
"C16173",1,1,2023-12-18,2024-01-19,"6.12.2.a"
"C16173",1,1,2024-01-13,2024-02-09,"6.12.2.a"
"C16173",1,1,2025-08-07,2025-09-08,"6.12.2.a"
"C16173",1,1,2025-09-04,2025-10-29,"6.12.2.a"
"C16188",1,1,2024-06-11,2024-06-17,"6.12.2.b"
"C16188",1,1,2024-06-12,2024-06-18,"6.12.2.b"
"C16188",1,1,2024-07-10,2024-07-16,"6.12.2.b"
"C16188",1,1,2024-07-18,2024-07-24,"6.12.2.b"
"C16188",1,1,2024-07-19,2024-07-25,"6.12.2.b"
"C16188",1,1,2024-07-22,2025-06-08,"6.12.2.a"
"C16188",1,1,2024-08-23,2024-08-29,"6.12.2.b"
"C16188",1,1,2024-08-24,2024-08-30,"6.12.2.b"
"C16188",1,1,2024-08-26,2024-09-01,"6.12.2.b"
"C16188",1,1,2024-08-27,2024-09-02,"6.12.2.b"
"C16188",1,1,2024-08-28,2024-09-03,"6.12.2.b"
"C16188",1,1,2024-08-29,2024-09-04,"6.12.2.b"
"C16188",1,1,2024-08-30,2024-09-05,"6.12.2.b"
"C16188",1,1,2024-08-31,2024-09-06,"6.12.2.b"
"C16188",1,1,2024-09-01,2024-09-07,"6.12.2.b"
"C16188",1,1,2024-09-02,2024-09-08,"6.12.2.b"
"C16188",1,1,2024-09-03,2024-09-09,"6.12.2.b"
"C16188",1,1,2025-06-02,2026-03-31,"6.12.2.a"
"C16230",1,1,2025-06-08,2025-08-12,"6.12.2.a"
"C16230",1,1,2025-08-07,2026-02-21,"6.12.2.a"
"C16230",1,1,2026-04-19,2026-05-08,"6.12.2.a"
"C16230",1,1,2026-05-03,2026-05-27,"6.12.2.a"
"C16230",1,1,2026-06-27,2026-07-27,"6.12.2.a"
"C16428",1,1,2023-04-24,2024-01-11,"6.12.2.a"
"C16428",1,1,2025-02-10,2025-02-16,"6.12.2.b"
"C16428",1,1,2025-02-17,2025-02-23,"6.12.2.b"
"C16428",1,1,2025-02-24,2025-03-02,"6.12.2.b"
"C16428",1,1,2025-02-28,2025-03-06,"6.12.2.b"
"C16428",1,1,2025-02-28,2025-11-17,"6.12.2.a"
"C16428",1,1,2025-03-02,2025-03-08,"6.12.2.b"
"C16428",1,1,2025-03-11,2025-03-17,"6.12.2.b"
"C16428",1,1,2025-03-15,2025-03-21,"6.12.2.b"
"C16428",1,1,2025-03-17,2025-03-23,"6.12.2.b"
"C16545",1,1,2023-04-28,2023-10-25,"6.12.2.a"
"C16545",1,1,2024-07-13,2025-04-09,"6.12.2.a"
"C16545",1,1,2024-07-23,2024-07-29,"6.12.2.b"
"C16545",1,1,2024-07-26,2024-08-01,"6.12.2.b"
"C16545",1,1,2024-07-29,2024-08-04,"6.12.2.b"
"C16545",1,1,2024-07-31,2024-08-06,"6.12.2.b"
"C16545",1,1,2024-08-02,2024-08-08,"6.12.2.b"
"C16545",1,1,2024-08-03,2024-08-09,"6.12.2.b"
"C16545",1,1,2024-08-05,2024-08-11,"6.12.2.b"
"C16545",1,1,2024-08-06,2024-08-12,"6.12.2.b"
"C16545",1,1,2024-08-08,2024-08-14,"6.12.2.b"
"C16545",1,1,2024-08-11,2024-08-17,"6.12.2.b"
"C16545",1,1,2024-08-12,2024-08-18,"6.12.2.b"
"C16545",1,1,2024-08-19,2024-08-25,"6.12.2.b"
"C16545",1,1,2024-08-24,2024-08-30,"6.12.2.b"
"C16545",1,1,2024-08-26,2024-09-01,"6.12.2.b"
"C16545",1,1,2024-08-30,2024-09-05,"6.12.2.b"
"C16545",1,1,2024-09-01,2024-09-07,"6.12.2.b"
"C16545",1,1,2024-09-03,2024-09-09,"6.12.2.b"
"C16545",1,1,2024-09-04,2024-09-10,"6.12.2.b"
"C16545",1,1,2024-09-06,2024-09-12,"6.12.2.b"
"C16545",1,1,2024-09-07,2024-09-13,"6.12.2.b"
"C16545",1,1,2024-09-08,2024-09-14,"6.12.2.b"
"C16545",1,1,2024-09-16,2024-09-22,"6.12.2.b"
"C16545",1,1,2024-09-19,2024-09-25,"6.12.2.b"
"C16545",1,1,2024-09-20,2024-09-26,"6.12.2.b"
"C16545",1,1,2024-09-22,2024-09-28,"6.12.2.b"
"C16545",1,1,2024-09-23,2024-09-29,"6.12.2.b"
"C16545",1,1,2024-09-24,2024-09-30,"6.12.2.b"
"C16545",1,1,2024-09-25,2024-10-01,"6.12.2.b"
"C16545",1,1,2024-09-27,2024-10-03,"6.12.2.b"
"C16545",1,1,2024-09-30,2024-10-06,"6.12.2.b"
"C16545",1,1,2024-10-02,2024-10-08,"6.12.2.b"
"C16545",1,1,2024-10-03,2024-10-09,"6.12.2.b"
"C16545",1,1,2024-10-04,2024-10-10,"6.12.2.b"
"C16545",1,1,2024-10-05,2024-10-11,"6.12.2.b"
"C16545",1,1,2024-10-06,2024-10-12,"6.12.2.b"
"C16545",1,1,2025-04-04,2026-09-30,"6.12.2.a"
"C16749",1,1,2024-01-26,2024-02-15,"6.12.2.a"
"C16749",1,1,2024-04-13,2024-04-20,"6.12.2.a"
"C16749",1,1,2024-04-14,2024-07-12,"6.12.2.a"
"C16749",1,1,2024-05-14,2026-01-20,"6.12.2.a"
"C16749",1,1,2024-07-06,2024-08-01,"6.12.2.a"
"C17211",1,1,2023-11-16,2023-12-20,"6.12.2.a"
"C17211",1,1,2024-10-06,2024-11-05,"6.12.2.a"
"C17211",1,1,2025-01-26,2025-02-15,"6.12.2.a"
"C17211",1,1,2025-06-21,2025-07-20,"6.12.2.a"
"C17211",1,1,2025-07-14,2025-10-25,"6.12.2.a"
"C17211",1,1,2025-11-22,2025-12-31,"6.12.2.a"
"C17211",1,1,2026-01-09,2026-02-14,"6.12.2.a"
"C17211",1,1,2026-03-06,2026-09-30,"6.12.2.a"
"C17316",1,1,2024-04-21,2024-04-27,"6.12.2.b"
"C17316",1,1,2024-04-22,2024-04-28,"6.12.2.b"
"C17316",1,1,2024-04-23,2024-04-29,"6.12.2.b"
"C17316",1,1,2024-04-27,2024-05-03,"6.12.2.b"
"C17316",1,1,2024-05-06,2024-05-12,"6.12.2.b"
"C17316",1,1,2024-05-06,2025-04-03,"6.12.2.a"
"C17316",1,1,2024-05-10,2024-05-16,"6.12.2.b"
"C17316",1,1,2025-03-29,2026-09-30,"6.12.2.a"
"C17358",1,1,2023-06-02,2025-01-16,"6.12.2.a"
"C17358",1,1,2025-01-10,2026-09-30,"6.12.2.a"
"C17364",1,1,2025-01-10,2025-09-03,"6.12.2.a"
"C17364",1,1,2025-02-10,2026-09-30,"6.12.2.a"
"C17460",1,1,2023-08-26,2024-01-02,"6.12.2.a"
"C17460",1,1,2023-10-06,2026-09-30,"6.12.2.a"
"C17544",2,1,2023-12-01,2023-12-07,"6.12.2.b"
"C17544",2,1,2023-12-02,2023-12-08,"6.12.2.b"
"C17544",2,1,2023-12-03,2023-12-09,"6.12.2.b"
"C17544",2,1,2023-12-04,2023-12-10,"6.12.2.b"
"C17544",2,1,2023-12-05,2023-12-11,"6.12.2.b"
"C17544",2,1,2023-12-06,2023-12-12,"6.12.2.b"
"C17544",2,1,2023-12-07,2023-12-13,"6.12.2.b"
"C17544",2,1,2023-12-08,2023-12-14,"6.12.2.b"
"C17544",2,1,2023-12-09,2023-12-15,"6.12.2.b"
"C17544",2,1,2023-12-09,2025-11-10,"6.12.2.a"
"C17544",2,1,2023-12-10,2023-12-16,"6.12.2.b"
"C17544",2,1,2023-12-12,2023-12-18,"6.12.2.b"
"C17544",2,1,2023-12-13,2023-12-19,"6.12.2.b"
"C17544",2,1,2023-12-14,2023-12-20,"6.12.2.b"
"C17544",2,1,2023-12-15,2023-12-21,"6.12.2.b"
"C17544",2,1,2023-12-16,2023-12-22,"6.12.2.b"
"C17544",2,1,2023-12-17,2023-12-23,"6.12.2.b"
"C17544",2,1,2023-12-18,2023-12-24,"6.12.2.b"
"C17544",2,1,2023-12-20,2023-12-26,"6.12.2.b"
"C17544",2,1,2023-12-21,2023-12-27,"6.12.2.b"
"C17544",2,1,2023-12-27,2024-01-02,"6.12.2.b"
"C17544",2,1,2023-12-28,2024-01-03,"6.12.2.b"
"C17544",2,1,2023-12-30,2024-01-05,"6.12.2.b"
"C17544",2,1,2023-12-31,2024-01-06,"6.12.2.b"
"C17544",2,1,2024-01-02,2024-01-08,"6.12.2.b"
"C17544",2,1,2024-01-04,2024-01-10,"6.12.2.b"
"C17544",2,1,2024-01-05,2024-01-11,"6.12.2.b"
"C17544",2,1,2024-01-06,2024-01-12,"6.12.2.b"
"C17544",2,1,2024-01-07,2024-01-13,"6.12.2.b"
"C17544",2,1,2024-01-08,2024-01-14,"6.12.2.b"
"C17544",2,1,2024-01-09,2024-01-15,"6.12.2.b"
"C17544",2,1,2024-01-10,2024-01-16,"6.12.2.b"
"C17544",2,1,2024-01-11,2024-01-17,"6.12.2.b"
"C17544",2,1,2024-01-14,2024-01-20,"6.12.2.b"
"C17544",2,1,2024-01-15,2024-01-21,"6.12.2.b"
"C17544",2,1,2024-01-16,2024-01-22,"6.12.2.b"
"C17544",2,1,2024-01-17,2024-01-23,"6.12.2.b"
"C17544",2,1,2024-01-18,2024-01-24,"6.12.2.b"
"C17544",2,1,2024-01-19,2024-01-25,"6.12.2.b"
"C17553",1,1,2023-05-21,2023-10-10,"6.12.2.a"
"C17553",1,1,2023-09-14,2023-10-11,"6.12.2.a"
"C17553",1,1,2023-10-25,2023-11-01,"6.12.2.a"
"C17553",1,1,2023-10-26,2024-04-18,"6.12.2.a"
"C17553",1,1,2024-10-08,2024-12-06,"6.12.2.a"
"C17553",1,1,2025-01-25,2025-02-06,"6.12.2.a"
"C17553",1,1,2025-01-31,2025-02-06,"6.12.2.b"
"C17553",1,1,2025-02-02,2025-02-08,"6.12.2.b"
"C17553",1,1,2025-02-03,2025-02-09,"6.12.2.b"
"C17553",1,1,2025-02-04,2025-02-10,"6.12.2.b"
"C17553",1,1,2025-02-05,2025-02-11,"6.12.2.b"
"C17553",1,1,2025-02-06,2025-02-12,"6.12.2.b"
"C17553",1,1,2025-02-07,2025-02-13,"6.12.2.b"
"C17553",1,1,2025-02-08,2025-02-14,"6.12.2.b"
"C17553",1,1,2025-02-09,2025-02-15,"6.12.2.b"
"C17553",1,1,2025-02-10,2025-02-16,"6.12.2.b"
"C17553",1,1,2025-02-11,2025-02-17,"6.12.2.b"
"C17553",1,1,2025-02-12,2025-02-18,"6.12.2.b"
"C17553",1,1,2025-02-13,2025-02-19,"6.12.2.b"
"C17553",1,1,2025-02-14,2025-02-20,"6.12.2.b"
"C17553",1,1,2025-02-16,2025-02-22,"6.12.2.b"
"C17553",1,1,2025-02-17,2025-02-23,"6.12.2.b"
"C17553",1,1,2025-02-18,2025-02-24,"6.12.2.b"
"C17553",1,1,2025-02-19,2025-02-25,"6.12.2.b"
"C17553",1,1,2025-02-21,2025-10-30,"6.12.2.a"
"C17553",1,1,2025-02-22,2025-02-28,"6.12.2.b"
"C17553",1,1,2025-02-23,2025-03-01,"6.12.2.b"
"C17553",1,1,2025-02-24,2025-03-02,"6.12.2.b"
"C17553",1,1,2025-02-25,2025-03-03,"6.12.2.b"
"C17553",1,1,2025-02-26,2025-03-04,"6.12.2.b"
"C17553",1,1,2025-02-27,2025-03-05,"6.12.2.b"
"C17553",1,1,2025-02-28,2025-03-06,"6.12.2.b"
"C17553",1,1,2025-03-01,2025-03-07,"6.12.2.b"
"C17553",1,1,2025-03-02,2025-03-08,"6.12.2.b"
"C17553",1,1,2025-03-05,2025-03-11,"6.12.2.b"
"C17553",1,1,2025-03-07,2025-03-13,"6.12.2.b"
"C17553",1,1,2025-03-08,2025-03-14,"6.12.2.b"
"C17553",1,1,2025-03-09,2025-03-15,"6.12.2.b"
"C17553",1,1,2025-03-10,2025-03-16,"6.12.2.b"
"C17553",1,1,2025-03-11,2025-03-17,"6.12.2.b"
"C17553",1,1,2025-03-12,2025-03-18,"6.12.2.b"
"C17553",1,1,2025-03-13,2025-03-19,"6.12.2.b"
"C17553",1,1,2025-03-14,2025-03-20,"6.12.2.b"
"C17553",1,1,2025-03-15,2025-03-21,"6.12.2.b"
"C17553",1,1,2025-03-16,2025-03-22,"6.12.2.b"
"C17553",1,1,2025-03-17,2025-03-23,"6.12.2.b"
"C17553",1,1,2025-10-29,2025-11-04,"6.12.2.b"
"C17592",1,1,2024-04-02,2024-04-08,"6.12.2.b"
"C17592",1,1,2024-04-03,2024-04-09,"6.12.2.b"
"C17592",1,1,2024-04-04,2024-04-10,"6.12.2.b"
"C17592",1,1,2024-04-05,2024-04-11,"6.12.2.b"
"C17592",1,1,2024-04-06,2024-04-12,"6.12.2.b"
"C17592",1,1,2024-04-08,2024-04-14,"6.12.2.b"
"C17592",1,1,2024-04-09,2024-04-15,"6.12.2.b"
"C17592",1,1,2024-04-10,2024-04-16,"6.12.2.b"
"C17592",1,1,2024-04-11,2024-04-17,"6.12.2.b"
"C17592",1,1,2024-04-13,2024-04-19,"6.12.2.b"
"C17592",1,1,2024-04-14,2024-04-20,"6.12.2.b"
"C17592",1,1,2024-04-18,2024-04-24,"6.12.2.b"
"C17592",1,1,2024-04-19,2024-04-25,"6.12.2.b"
"C17592",1,1,2024-04-24,2024-04-30,"6.12.2.b"
"C17592",1,1,2024-04-26,2024-05-02,"6.12.2.b"
"C17592",1,1,2024-04-27,2024-05-03,"6.12.2.b"
"C17592",1,1,2024-04-28,2024-05-04,"6.12.2.b"
"C17592",1,1,2024-04-30,2024-05-06,"6.12.2.b"
"C17592",1,1,2024-05-01,2024-05-07,"6.12.2.b"
"C17592",1,1,2024-05-03,2024-05-09,"6.12.2.b"
"C17592",1,1,2024-05-04,2024-05-10,"6.12.2.b"
"C17592",1,1,2024-05-05,2024-05-11,"6.12.2.b"
"C17592",1,1,2024-05-06,2024-05-12,"6.12.2.b"
"C17592",1,1,2024-05-07,2024-05-13,"6.12.2.b"
"C17592",1,1,2024-05-09,2024-05-15,"6.12.2.b"
"C17592",1,1,2024-05-11,2024-05-17,"6.12.2.b"
"C17592",1,1,2024-05-12,2024-05-18,"6.12.2.b"
"C17592",1,1,2024-05-12,2025-04-03,"6.12.2.a"
"C17592",1,1,2024-05-14,2024-05-20,"6.12.2.b"
"C17592",1,1,2024-05-15,2024-05-21,"6.12.2.b"
"C17592",1,1,2024-05-16,2024-05-22,"6.12.2.b"
"C17592",1,1,2024-05-17,2024-05-23,"6.12.2.b"
"C17592",1,1,2024-05-18,2024-05-24,"6.12.2.b"
"C17592",1,1,2024-05-19,2024-05-25,"6.12.2.b"
"C17592",1,1,2024-05-20,2024-05-26,"6.12.2.b"
"C17592",1,1,2024-05-21,2024-05-27,"6.12.2.b"
"C17592",1,1,2024-05-22,2024-05-28,"6.12.2.b"
"C17592",1,1,2024-05-23,2024-05-29,"6.12.2.b"
"C17592",1,1,2024-05-24,2024-05-30,"6.12.2.b"
"C17592",1,1,2024-05-27,2024-06-02,"6.12.2.b"
"C17592",1,1,2024-05-28,2024-06-03,"6.12.2.b"
"C17592",1,1,2024-05-29,2024-06-04,"6.12.2.b"
"C17592",1,1,2024-05-31,2024-06-06,"6.12.2.b"
"C17592",1,1,2024-06-01,2024-06-07,"6.12.2.b"
"C17592",1,1,2024-06-02,2024-06-08,"6.12.2.b"
"C17592",1,1,2024-06-04,2024-06-10,"6.12.2.b"
"C17592",1,1,2024-06-05,2024-06-11,"6.12.2.b"
"C17592",1,1,2025-03-29,2026-09-30,"6.12.2.a"
"C17658",1,1,2023-09-30,2026-09-30,"6.12.2.a"
"C17658",1,1,2023-10-05,2023-10-25,"6.12.2.a"
"C17847",1,1,2025-01-10,2025-01-24,"6.12.2.a"
"C17847",1,1,2025-01-19,2025-07-21,"6.12.2.a"
"C17847",1,1,2025-04-27,2026-04-19,"6.12.2.a"
"C17976",1,1,2022-12-23,2024-12-27,"6.12.2.a"
"C17976",1,1,2024-01-23,2024-01-29,"6.12.2.b"
"C17976",1,1,2024-01-24,2024-01-30,"6.12.2.b"
"C17976",1,1,2024-01-25,2024-01-31,"6.12.2.b"
"C17976",1,1,2024-01-26,2024-02-01,"6.12.2.b"
"C17976",1,1,2024-01-27,2024-02-02,"6.12.2.b"
"C17976",1,1,2024-01-28,2024-02-03,"6.12.2.b"
"C17976",1,1,2024-01-31,2024-02-06,"6.12.2.b"
"C17976",1,1,2024-02-01,2024-02-07,"6.12.2.b"
"C17976",1,1,2024-02-02,2024-02-08,"6.12.2.b"
"C17976",1,1,2024-02-03,2024-02-09,"6.12.2.b"
"C17976",1,1,2024-02-06,2024-02-12,"6.12.2.b"
"C17976",1,1,2024-02-07,2024-02-13,"6.12.2.b"
"C17976",1,1,2024-02-08,2024-02-14,"6.12.2.b"
"C17976",1,1,2024-02-09,2024-02-15,"6.12.2.b"
"C17976",1,1,2024-02-10,2024-02-16,"6.12.2.b"
"C17976",1,1,2024-05-05,2024-05-11,"6.12.2.b"
"C17976",1,1,2024-05-06,2024-05-12,"6.12.2.b"
"C17976",1,1,2024-05-07,2024-05-13,"6.12.2.b"
"C17976",1,1,2024-05-08,2024-05-14,"6.12.2.b"
"C17976",1,1,2024-05-09,2024-05-15,"6.12.2.b"
"C17976",1,1,2024-05-11,2024-05-17,"6.12.2.b"
"C17976",1,1,2024-05-12,2024-05-18,"6.12.2.b"
"C17976",1,1,2024-05-13,2024-05-19,"6.12.2.b"
"C17976",1,1,2024-05-15,2024-05-21,"6.12.2.b"
"C17976",1,1,2024-05-17,2024-05-23,"6.12.2.b"
"C17976",1,1,2024-05-18,2024-05-24,"6.12.2.b"
"C17976",1,1,2024-05-19,2024-05-25,"6.12.2.b"
"C17976",1,1,2024-05-20,2024-05-26,"6.12.2.b"
"C17976",1,1,2024-05-21,2024-05-27,"6.12.2.b"
"C17976",1,1,2024-05-22,2024-05-28,"6.12.2.b"
"C17976",1,1,2024-05-24,2024-05-30,"6.12.2.b"
"C17976",1,1,2024-05-30,2024-06-05,"6.12.2.b"
"C17976",1,1,2024-06-02,2024-06-08,"6.12.2.b"
"C17976",1,1,2024-06-08,2024-06-14,"6.12.2.b"
"C17976",1,1,2024-08-26,2024-09-01,"6.12.2.b"
"C17976",1,1,2024-08-28,2024-09-03,"6.12.2.b"
"C17976",1,1,2024-08-30,2024-09-05,"6.12.2.b"
"C17976",1,1,2024-08-31,2024-09-06,"6.12.2.b"
"C17976",1,1,2024-09-02,2024-09-08,"6.12.2.b"
"C17976",1,1,2024-09-03,2024-09-09,"6.12.2.b"
"C17976",1,1,2024-09-05,2024-09-11,"6.12.2.b"
"C17976",1,1,2024-09-07,2024-09-13,"6.12.2.b"
"C17976",1,1,2024-09-09,2024-09-15,"6.12.2.b"
"C17976",1,1,2024-09-10,2024-09-16,"6.12.2.b"
"C17976",1,1,2024-12-21,2026-09-30,"6.12.2.a"
"C18075",1,1,2025-06-24,2025-06-30,"6.12.2.b"
"C18075",1,1,2025-06-26,2025-07-02,"6.12.2.b"
"C18075",1,1,2025-06-27,2025-07-03,"6.12.2.b"
"C18075",1,1,2025-06-28,2025-07-04,"6.12.2.b"
"C18075",1,1,2025-06-29,2025-07-05,"6.12.2.b"
"C18075",1,1,2025-06-30,2025-07-06,"6.12.2.b"
"C18075",1,1,2025-07-01,2025-07-07,"6.12.2.b"
"C18075",1,1,2025-07-04,2025-07-10,"6.12.2.b"
"C18075",1,1,2025-07-05,2025-07-11,"6.12.2.b"
"C18075",1,1,2025-07-07,2025-07-13,"6.12.2.b"
"C18075",1,1,2025-07-08,2025-07-14,"6.12.2.b"
"C18075",1,1,2025-07-09,2025-07-15,"6.12.2.b"
"C18075",1,1,2025-07-10,2025-07-16,"6.12.2.b"
"C18075",1,1,2025-07-11,2025-07-17,"6.12.2.b"
"C18075",1,1,2025-07-14,2025-07-20,"6.12.2.b"
"C18075",1,1,2025-07-15,2025-07-21,"6.12.2.b"
"C18075",1,1,2025-07-17,2025-07-23,"6.12.2.b"
"C18075",1,1,2025-07-19,2025-07-25,"6.12.2.b"
"C18075",1,1,2025-07-20,2025-07-26,"6.12.2.b"
"C18075",1,1,2025-07-21,2025-07-27,"6.12.2.b"
"C18075",1,1,2025-07-21,2026-02-10,"6.12.2.a"
"C18075",1,1,2025-07-24,2025-07-30,"6.12.2.b"
"C18075",1,1,2025-07-25,2025-07-31,"6.12.2.b"
"C18075",1,1,2025-07-26,2025-08-01,"6.12.2.b"
"C18075",1,1,2025-07-27,2025-08-02,"6.12.2.b"
"C18075",1,1,2025-07-28,2025-08-03,"6.12.2.b"
"C18075",1,1,2025-07-29,2025-08-04,"6.12.2.b"
"C18075",1,1,2025-07-30,2025-08-05,"6.12.2.b"
"C18075",1,1,2025-07-31,2025-08-06,"6.12.2.b"
"C18102",1,1,2024-11-02,2024-11-24,"6.12.2.a"
"C18102",1,1,2024-11-18,2025-07-07,"6.12.2.a"
"C18102",1,1,2025-07-04,2025-10-20,"6.12.2.a"
"C18102",1,1,2026-01-06,2026-03-28,"6.12.2.a"
"C18102",1,1,2026-05-15,2026-06-09,"6.12.2.a"
"C18105",1,1,2023-11-21,2024-01-19,"6.12.2.a"
"C18105",1,1,2025-05-10,2025-07-31,"6.12.2.a"
"C18105",1,1,2025-07-27,2026-02-23,"6.12.2.a"
"C18105",1,1,2026-05-03,2026-07-07,"6.12.2.a"
"C18114",1,1,2025-03-22,2025-07-08,"6.12.2.a"
"C18114",1,1,2025-03-22,2025-12-26,"6.12.2.a"
"C18351",1,1,2023-04-07,2023-11-28,"6.12.2.a"
"C18351",1,1,2024-10-03,2024-10-09,"6.12.2.b"
"C18351",1,1,2024-10-05,2024-10-11,"6.12.2.b"
"C18351",1,1,2024-10-05,2025-10-21,"6.12.2.a"
"C18351",1,1,2024-10-13,2024-10-19,"6.12.2.b"
"C18351",1,1,2026-01-08,2026-01-14,"6.12.2.b"
"C18351",1,1,2026-01-10,2026-01-16,"6.12.2.b"
"C18351",1,1,2026-01-12,2026-01-18,"6.12.2.b"
"C18351",1,1,2026-01-13,2026-01-19,"6.12.2.b"
"C18351",1,1,2026-01-20,2026-03-09,"6.12.2.a"
"C18351",1,1,2026-01-23,2026-01-29,"6.12.2.b"
"C18351",1,1,2026-01-26,2026-02-01,"6.12.2.b"
"C18351",1,1,2026-01-27,2026-02-02,"6.12.2.b"
"C18351",1,1,2026-01-28,2026-02-03,"6.12.2.b"
"C18351",1,1,2026-02-04,2026-02-10,"6.12.2.b"
"C18351",1,1,2026-02-08,2026-02-14,"6.12.2.b"
"C18351",1,1,2026-02-09,2026-02-15,"6.12.2.b"
"C18351",1,1,2026-02-12,2026-02-18,"6.12.2.b"
"C18351",1,1,2026-02-14,2026-02-20,"6.12.2.b"
"C18351",1,1,2026-02-17,2026-02-23,"6.12.2.b"
"C18351",1,1,2026-02-19,2026-02-25,"6.12.2.b"
"C18408",1,1,2023-08-09,2023-09-11,"6.12.2.a"
"C18408",1,1,2025-02-15,2025-03-15,"6.12.2.a"
"C18408",1,1,2025-03-13,2025-04-27,"6.12.2.a"
"C18408",1,1,2025-04-25,2025-07-29,"6.12.2.a"
"C18408",1,1,2025-07-27,2025-11-27,"6.12.2.a"
"C18408",1,1,2025-11-22,2026-01-15,"6.12.2.a"
"C18408",1,1,2026-01-09,2026-04-20,"6.12.2.a"
"C18486",1,1,2023-08-27,2023-09-02,"6.12.2.b"
"C18486",1,1,2023-08-28,2023-09-03,"6.12.2.b"
"C18486",1,1,2023-08-29,2023-09-04,"6.12.2.b"
"C18486",1,1,2023-08-30,2023-09-05,"6.12.2.b"
"C18486",1,1,2023-09-01,2023-09-07,"6.12.2.b"
"C18486",1,1,2023-09-03,2023-09-09,"6.12.2.b"
"C18486",1,1,2023-09-04,2023-09-10,"6.12.2.b"
"C18486",1,1,2023-09-05,2023-09-11,"6.12.2.b"
"C18486",1,1,2023-09-06,2023-09-12,"6.12.2.b"
"C18486",1,1,2023-09-17,2023-09-23,"6.12.2.b"
"C18486",1,1,2023-09-26,2023-10-02,"6.12.2.b"
"C18486",1,1,2023-09-30,2023-12-26,"6.12.2.a"
"C18486",1,1,2025-08-29,2025-09-04,"6.12.2.b"
"C18486",1,1,2025-09-03,2025-09-09,"6.12.2.b"
"C18486",1,1,2025-09-05,2025-11-08,"6.12.2.a"
"C18486",1,1,2025-09-13,2026-05-19,"6.12.2.a"
"C18486",1,1,2025-11-03,2025-11-09,"6.12.2.b"
"C18486",1,1,2025-11-05,2025-11-11,"6.12.2.b"
"C18486",1,1,2026-07-15,2026-07-21,"6.12.2.b"
"C18486",1,1,2026-07-16,2026-07-22,"6.12.2.b"
"C18486",1,1,2026-07-20,2026-07-26,"6.12.2.b"
"C18486",1,1,2026-08-04,2026-08-10,"6.12.2.b"
"C18585",1,1,2023-10-25,2023-11-01,"6.12.2.a"
"C18585",1,1,2023-10-26,2023-11-07,"6.12.2.a"
"C18585",1,1,2023-11-05,2023-11-21,"6.12.2.a"
"C18585",1,1,2023-11-19,2023-12-07,"6.12.2.a"
"C18585",1,1,2023-12-03,2024-02-23,"6.12.2.a"
"C18585",1,1,2024-01-21,2024-03-11,"6.12.2.a"
"C18585",1,1,2024-04-15,2024-04-22,"6.12.2.a"
"C18585",1,1,2024-04-20,2024-05-16,"6.12.2.a"
"C18585",1,1,2024-06-01,2024-06-23,"6.12.2.a"
"C18585",1,1,2024-07-19,2024-08-10,"6.12.2.a"
"C18585",1,1,2024-08-25,2024-09-18,"6.12.2.a"
"C18585",1,1,2024-10-10,2024-11-22,"6.12.2.a"
"C18585",1,1,2025-09-19,2025-10-01,"6.12.2.a"
"C18585",1,1,2025-09-26,2025-10-07,"6.12.2.a"
"C18585",1,1,2025-10-05,2025-10-31,"6.12.2.a"
"C18585",1,1,2025-11-10,2026-04-01,"6.12.2.a"
"C18609",1,1,2023-11-14,2023-11-26,"6.12.2.a"
"C18609",1,1,2023-11-21,2023-12-04,"6.12.2.a"
"C18609",1,1,2023-11-30,2023-12-07,"6.12.2.a"
"C18609",1,1,2023-12-02,2023-12-21,"6.12.2.a"
"C18609",1,1,2024-04-17,2024-04-23,"6.12.2.b"
"C18609",1,1,2024-04-23,2024-04-29,"6.12.2.b"
"C18609",1,1,2024-04-29,2024-05-05,"6.12.2.b"
"C18609",1,1,2024-04-30,2024-05-06,"6.12.2.b"
"C18609",1,1,2024-05-01,2024-05-07,"6.12.2.b"
"C18609",1,1,2024-05-02,2024-05-08,"6.12.2.b"
"C18609",1,1,2024-05-05,2024-05-11,"6.12.2.b"
"C18609",1,1,2024-05-06,2024-05-12,"6.12.2.b"
"C18609",1,1,2024-05-07,2024-05-13,"6.12.2.b"
"C18609",1,1,2024-05-08,2024-05-14,"6.12.2.b"
"C18609",1,1,2024-05-09,2024-05-15,"6.12.2.b"
"C18609",1,1,2024-05-11,2024-05-17,"6.12.2.b"
"C18609",1,1,2024-05-13,2024-05-19,"6.12.2.b"
"C18609",1,1,2024-05-14,2024-05-20,"6.12.2.b"
"C18609",1,1,2024-05-15,2024-05-21,"6.12.2.b"
"C18609",1,1,2024-05-16,2024-05-22,"6.12.2.b"
"C18609",1,1,2024-05-17,2024-05-23,"6.12.2.b"
"C18609",1,1,2024-07-13,2024-07-19,"6.12.2.b"
"C18609",1,1,2024-07-16,2024-07-22,"6.12.2.b"
"C18609",1,1,2024-07-17,2024-07-23,"6.12.2.b"
"C18609",1,1,2024-07-21,2024-07-27,"6.12.2.b"
"C18609",1,1,2024-07-26,2024-08-01,"6.12.2.b"
"C18609",1,1,2024-07-27,2024-08-02,"6.12.2.b"
"C18609",1,1,2024-08-02,2024-08-08,"6.12.2.b"
"C18609",1,1,2024-08-03,2024-08-09,"6.12.2.b"
"C18609",1,1,2024-08-05,2024-08-11,"6.12.2.b"
"C18609",1,1,2024-08-07,2024-08-13,"6.12.2.b"
"C18609",1,1,2024-08-25,2024-08-31,"6.12.2.b"
"C18609",1,1,2024-08-26,2024-09-01,"6.12.2.b"
"C18609",1,1,2024-08-29,2024-09-04,"6.12.2.b"
"C18609",1,1,2024-08-31,2024-09-06,"6.12.2.b"
"C18609",1,1,2024-10-11,2024-10-22,"6.12.2.a"
"C18609",1,1,2024-10-20,2026-09-30,"6.12.2.a"
"C18621",1,1,2023-03-06,2024-02-19,"6.12.2.a"
"C18621",1,1,2023-10-05,2023-10-16,"6.12.2.a"
"C18621",1,1,2023-10-13,2023-10-21,"6.12.2.a"
"C18621",1,1,2023-10-16,2023-10-24,"6.12.2.a"
"C18621",1,1,2023-10-19,2023-10-26,"6.12.2.a"
"C18621",1,1,2023-10-24,2023-11-21,"6.12.2.a"
"C18621",1,1,2025-03-01,2025-03-07,"6.12.2.b"
"C18621",1,1,2025-03-04,2025-03-10,"6.12.2.b"
"C18621",1,1,2025-03-07,2025-03-13,"6.12.2.b"
"C18621",1,1,2025-03-10,2025-03-16,"6.12.2.b"
"C18621",1,1,2025-03-11,2025-03-17,"6.12.2.b"
"C18621",1,1,2025-03-17,2025-03-23,"6.12.2.b"
"C18621",1,1,2025-03-19,2025-03-25,"6.12.2.b"
"C18621",1,1,2025-03-29,2025-04-04,"6.12.2.b"
"C18621",1,1,2025-05-10,2025-05-16,"6.12.2.b"
"C18621",1,1,2025-05-12,2025-05-18,"6.12.2.b"
"C18621",1,1,2025-05-27,2025-06-02,"6.12.2.b"
"C18621",1,1,2025-05-28,2025-06-03,"6.12.2.b"
"C18621",1,1,2025-05-30,2025-06-05,"6.12.2.b"
"C18621",1,1,2025-06-01,2026-05-02,"6.12.2.a"
"C18621",1,1,2025-06-10,2025-06-16,"6.12.2.b"
"C18621",1,1,2025-06-11,2025-06-17,"6.12.2.b"
"C18621",1,1,2025-06-15,2025-06-21,"6.12.2.b"
"C18621",1,1,2025-06-23,2025-06-29,"6.12.2.b"
"C18621",1,1,2025-07-02,2025-07-08,"6.12.2.b"
"C18621",1,1,2026-04-26,2026-09-30,"6.12.2.a"
"C18681",2,1,2024-07-01,2024-07-07,"6.12.2.b"
"C18681",2,1,2024-07-02,2024-07-08,"6.12.2.b"
"C18681",2,1,2024-07-03,2024-07-09,"6.12.2.b"
"C18681",2,1,2024-07-04,2024-07-10,"6.12.2.b"
"C18681",2,1,2024-07-05,2024-07-11,"6.12.2.b"
"C18681",2,1,2024-07-07,2024-07-13,"6.12.2.b"
"C18681",2,1,2024-07-08,2024-07-14,"6.12.2.b"
"C18681",2,1,2024-07-09,2024-07-15,"6.12.2.b"
"C18681",2,1,2024-07-11,2024-07-17,"6.12.2.b"
"C18681",2,1,2024-07-13,2024-07-19,"6.12.2.b"
"C18681",2,1,2024-07-14,2024-07-20,"6.12.2.b"
"C18681",2,1,2024-07-19,2025-06-25,"6.12.2.a"
"C18681",2,1,2024-07-22,2024-07-28,"6.12.2.b"
"C18681",2,1,2024-07-23,2024-07-29,"6.12.2.b"
"C18681",2,1,2024-07-25,2024-07-31,"6.12.2.b"
"C18681",2,1,2024-07-26,2024-08-01,"6.12.2.b"
"C18681",2,1,2024-07-27,2024-08-02,"6.12.2.b"
"C18681",2,1,2024-07-28,2024-08-03,"6.12.2.b"
"C18681",2,1,2024-07-30,2024-08-05,"6.12.2.b"
"C18681",2,1,2024-08-02,2024-08-08,"6.12.2.b"
"C18681",2,1,2024-08-04,2024-08-10,"6.12.2.b"
"C18681",2,1,2024-08-09,2024-08-15,"6.12.2.b"
"C18681",2,1,2024-08-10,2024-08-16,"6.12.2.b"
"C18681",2,1,2024-08-11,2024-08-17,"6.12.2.b"
"C18681",2,1,2024-08-17,2024-08-23,"6.12.2.b"
"C18681",2,1,2024-08-18,2024-08-24,"6.12.2.b"
"C18681",2,1,2024-08-19,2024-08-25,"6.12.2.b"
"C18681",2,1,2025-06-19,2026-03-03,"6.12.2.a"
"C18681",2,1,2026-03-22,2026-09-30,"6.12.2.a"
"C18759",2,1,2025-03-20,2025-03-26,"6.12.2.b"
"C18759",2,1,2025-03-22,2025-03-28,"6.12.2.b"
"C18759",2,1,2025-03-23,2025-03-29,"6.12.2.b"
"C18759",2,1,2025-03-26,2025-04-01,"6.12.2.b"
"C18759",2,1,2025-03-29,2025-04-04,"6.12.2.b"
"C18759",2,1,2025-03-30,2025-04-05,"6.12.2.b"
"C18759",2,1,2025-04-03,2025-04-09,"6.12.2.b"
"C18759",2,1,2025-04-05,2025-04-11,"6.12.2.b"
"C18759",2,1,2025-04-13,2025-04-19,"6.12.2.b"
"C18759",2,1,2025-04-13,2025-11-18,"6.12.2.a"
"C18759",2,1,2025-04-18,2025-04-24,"6.12.2.b"
"C18759",2,1,2025-04-19,2025-04-25,"6.12.2.b"
"C18759",2,1,2025-04-27,2025-05-03,"6.12.2.b"
"C18759",2,1,2025-05-03,2025-05-09,"6.12.2.b"
"C18759",2,1,2025-05-05,2025-05-11,"6.12.2.b"
"C18759",2,1,2025-05-06,2025-05-12,"6.12.2.b"
"C18759",2,1,2025-05-08,2025-05-14,"6.12.2.b"
"C18759",2,1,2025-05-09,2025-05-15,"6.12.2.b"
"C18759",2,1,2025-05-11,2025-05-17,"6.12.2.b"
"C18759",2,1,2025-05-15,2025-05-21,"6.12.2.b"
"C18759",2,1,2025-05-19,2025-05-25,"6.12.2.b"
"C18759",2,1,2025-06-01,2025-06-07,"6.12.2.b"
"C18759",2,1,2025-06-02,2025-06-08,"6.12.2.b"
"C18762",1,1,2023-09-22,2023-09-28,"6.12.2.b"
"C18762",1,1,2023-09-23,2023-09-29,"6.12.2.b"
"C18762",1,1,2023-10-09,2023-11-02,"6.12.2.a"
"C18762",1,1,2023-10-28,2024-01-24,"6.12.2.a"
"C18762",1,1,2024-01-30,2024-02-05,"6.12.2.b"
"C18762",1,1,2024-03-23,2024-03-29,"6.12.2.b"
"C18762",1,1,2024-03-29,2024-04-04,"6.12.2.b"
"C18762",1,1,2024-04-29,2024-05-05,"6.12.2.b"
"C18762",1,1,2024-07-23,2024-07-29,"6.12.2.b"
"C18762",1,1,2024-07-26,2024-08-01,"6.12.2.b"
"C18762",1,1,2024-10-08,2024-10-14,"6.12.2.b"
"C18762",1,1,2024-10-09,2024-10-15,"6.12.2.b"
"C18762",1,1,2024-10-11,2024-10-17,"6.12.2.b"
"C18762",1,1,2024-10-12,2024-10-18,"6.12.2.b"
"C18762",1,1,2024-10-14,2024-10-20,"6.12.2.b"
"C18762",1,1,2024-10-15,2024-10-21,"6.12.2.b"
"C18762",1,1,2024-10-16,2024-10-22,"6.12.2.b"
"C18762",1,1,2024-10-17,2024-10-23,"6.12.2.b"
"C18762",1,1,2024-10-18,2024-10-24,"6.12.2.b"
"C18762",1,1,2024-10-18,2025-08-14,"6.12.2.a"
"C18762",1,1,2024-10-21,2024-10-27,"6.12.2.b"
"C18762",1,1,2024-10-22,2024-10-28,"6.12.2.b"
"C18762",1,1,2024-10-23,2024-10-29,"6.12.2.b"
"C18762",1,1,2024-10-24,2024-10-30,"6.12.2.b"
"C18762",1,1,2024-10-25,2024-10-31,"6.12.2.b"
"C18762",1,1,2024-10-26,2024-11-01,"6.12.2.b"
"C18762",1,1,2024-10-31,2024-11-06,"6.12.2.b"
"C18762",1,1,2024-11-02,2024-11-08,"6.12.2.b"
"C18762",1,1,2024-11-04,2024-11-10,"6.12.2.b"
"C18762",1,1,2024-11-12,2024-11-18,"6.12.2.b"
"C18762",1,1,2024-11-26,2024-12-03,"6.12.2.a"
"C18762",1,1,2024-11-28,2024-12-05,"6.12.2.a"
"C18762",1,1,2024-11-30,2024-12-10,"6.12.2.a"
"C18762",1,1,2024-12-05,2024-12-13,"6.12.2.a"
"C18762",1,1,2024-12-09,2024-12-17,"6.12.2.a"
"C18762",1,1,2024-12-13,2024-12-28,"6.12.2.a"
"C18762",1,1,2024-12-24,2025-01-07,"6.12.2.a"
"C18762",1,1,2025-01-02,2025-01-12,"6.12.2.a"
"C18762",1,1,2025-01-07,2025-01-14,"6.12.2.a"
"C18762",1,1,2025-01-10,2025-01-18,"6.12.2.a"
"C18762",1,1,2025-01-14,2025-01-22,"6.12.2.a"
"C18762",1,1,2025-01-17,2025-02-17,"6.12.2.a"
"C18762",1,1,2025-02-26,2025-03-04,"6.12.2.b"
"C18762",1,1,2025-02-27,2025-03-05,"6.12.2.b"
"C18762",1,1,2025-08-09,2026-09-30,"6.12.2.a"
"C18777",1,1,2025-05-26,2025-09-10,"6.12.2.a"
"C18777",1,1,2025-06-15,2026-09-30,"6.12.2.a"
"C18801",2,1,2023-04-13,2023-10-22,"6.12.2.a"
"C18801",2,1,2025-05-20,2025-07-31,"6.12.2.a"
"C18801",2,1,2025-06-29,2026-03-05,"6.12.2.a"
"C18810",2,1,2023-02-02,2023-11-21,"6.12.2.a"
"C18810",2,1,2025-04-13,2025-04-19,"6.12.2.b"
"C18810",2,1,2025-04-14,2025-04-20,"6.12.2.b"
"C18810",2,1,2025-04-15,2025-04-21,"6.12.2.b"
"C18810",2,1,2025-04-17,2025-04-23,"6.12.2.b"
"C18810",2,1,2025-04-18,2025-04-24,"6.12.2.b"
"C18810",2,1,2025-04-20,2025-04-26,"6.12.2.b"
"C18810",2,1,2025-04-21,2025-04-27,"6.12.2.b"
"C18810",2,1,2025-04-22,2025-04-28,"6.12.2.b"
"C18810",2,1,2025-04-23,2025-04-29,"6.12.2.b"
"C18810",2,1,2025-04-24,2025-04-30,"6.12.2.b"
"C18810",2,1,2025-04-27,2025-05-03,"6.12.2.b"
"C18810",2,1,2025-04-30,2025-05-06,"6.12.2.b"
"C18810",2,1,2025-05-02,2025-05-08,"6.12.2.b"
"C18810",2,1,2025-05-04,2025-05-10,"6.12.2.b"
"C18810",2,1,2025-05-11,2026-04-10,"6.12.2.a"
"C18810",2,1,2025-05-13,2025-05-19,"6.12.2.b"
"C18810",2,1,2025-05-15,2025-05-21,"6.12.2.b"
"C18810",2,1,2025-05-19,2025-05-25,"6.12.2.b"
"C18810",2,1,2025-05-20,2025-05-26,"6.12.2.b"
"C18810",2,1,2025-05-23,2025-05-29,"6.12.2.b"
"C18810",2,1,2025-05-25,2025-05-31,"6.12.2.b"
"C18810",2,1,2025-05-31,2025-06-06,"6.12.2.b"
"C18810",2,1,2025-06-03,2025-06-09,"6.12.2.b"
"C18810",2,1,2025-06-08,2025-06-14,"6.12.2.b"
"C18810",2,1,2025-06-09,2025-06-15,"6.12.2.b"
"C18810",2,1,2025-06-13,2025-06-19,"6.12.2.b"
"C18954",1,1,2024-07-06,2024-08-17,"6.12.2.a"
"C18954",1,1,2024-10-21,2025-10-14,"6.12.2.a"
"C18954",1,1,2024-11-19,2025-07-02,"6.12.2.a"
"C18969",1,1,2024-07-17,2024-07-23,"6.12.2.b"
"C18969",1,1,2024-07-18,2024-07-24,"6.12.2.b"
"C18969",1,1,2024-07-19,2024-07-25,"6.12.2.b"
"C18969",1,1,2024-07-20,2024-07-26,"6.12.2.b"
"C18969",1,1,2024-07-21,2024-07-27,"6.12.2.b"
"C18969",1,1,2024-07-22,2024-07-28,"6.12.2.b"
"C18969",1,1,2024-07-24,2024-07-30,"6.12.2.b"
"C18969",1,1,2024-07-25,2024-07-31,"6.12.2.b"
"C18969",1,1,2024-07-26,2024-08-01,"6.12.2.b"
"C18969",1,1,2024-07-27,2024-08-02,"6.12.2.b"
"C18969",1,1,2024-07-28,2024-08-03,"6.12.2.b"
"C18969",1,1,2024-07-29,2024-08-04,"6.12.2.b"
"C18969",1,1,2024-07-30,2024-08-05,"6.12.2.b"
"C18969",1,1,2024-08-01,2024-08-07,"6.12.2.b"
"C18969",1,1,2024-08-02,2024-08-08,"6.12.2.b"
"C18969",1,1,2024-08-03,2024-08-09,"6.12.2.b"
"C18969",1,1,2024-08-04,2024-08-10,"6.12.2.b"
"C18969",1,1,2024-08-05,2024-08-11,"6.12.2.b"
"C18969",1,1,2024-08-06,2024-08-12,"6.12.2.b"
"C18969",1,1,2024-08-07,2024-08-13,"6.12.2.b"
"C18969",1,1,2024-08-08,2024-08-14,"6.12.2.b"
"C18969",1,1,2024-08-09,2024-08-15,"6.12.2.b"
"C18969",1,1,2024-08-10,2024-08-16,"6.12.2.b"
"C18969",1,1,2024-08-11,2024-08-17,"6.12.2.b"
"C18969",1,1,2024-08-12,2024-08-18,"6.12.2.b"
"C18969",1,1,2024-08-13,2024-08-19,"6.12.2.b"
"C18969",1,1,2024-08-14,2024-08-20,"6.12.2.b"
"C18969",1,1,2024-08-15,2024-08-21,"6.12.2.b"
"C18969",1,1,2024-08-16,2024-08-22,"6.12.2.b"
"C18969",1,1,2024-08-17,2024-08-23,"6.12.2.b"
"C18969",1,1,2024-08-18,2024-08-24,"6.12.2.b"
"C18969",1,1,2024-08-18,2026-02-10,"6.12.2.a"
"C18969",1,1,2024-08-19,2024-08-25,"6.12.2.b"
"C18969",1,1,2024-08-20,2024-08-26,"6.12.2.b"
"C18969",1,1,2024-08-21,2024-08-27,"6.12.2.b"
"C18969",1,1,2024-08-22,2024-08-28,"6.12.2.b"
"C18969",1,1,2024-08-23,2024-08-29,"6.12.2.b"
"C18969",1,1,2024-08-24,2024-08-30,"6.12.2.b"
"C18969",1,1,2024-08-27,2024-09-02,"6.12.2.b"
"C18969",1,1,2024-08-30,2024-09-05,"6.12.2.b"
"C19071",1,1,2023-04-24,2025-04-09,"6.12.2.a"
"C19071",1,1,2024-05-03,2024-05-09,"6.12.2.b"
"C19071",1,1,2024-05-06,2024-05-12,"6.12.2.b"
"C19071",1,1,2024-05-11,2024-05-17,"6.12.2.b"
"C19071",1,1,2024-05-14,2024-05-20,"6.12.2.b"
"C19071",1,1,2024-05-20,2024-05-26,"6.12.2.b"
"C19071",1,1,2024-05-22,2024-05-28,"6.12.2.b"
"C19071",1,1,2024-05-23,2024-05-29,"6.12.2.b"
"C19071",1,1,2024-05-26,2024-06-01,"6.12.2.b"
"C19071",1,1,2024-05-27,2024-06-02,"6.12.2.b"
"C19071",1,1,2024-06-03,2024-06-09,"6.12.2.b"
"C19071",1,1,2024-06-04,2024-06-10,"6.12.2.b"
"C19071",1,1,2024-06-05,2024-06-11,"6.12.2.b"
"C19071",1,1,2024-06-11,2024-06-17,"6.12.2.b"
"C19071",1,1,2024-06-16,2024-06-22,"6.12.2.b"
"C19071",1,1,2024-06-19,2024-06-25,"6.12.2.b"
"C19071",1,1,2024-07-17,2024-07-23,"6.12.2.b"
"C19071",1,1,2024-08-02,2024-08-08,"6.12.2.b"
"C19071",1,1,2024-08-05,2024-08-11,"6.12.2.b"
"C19071",1,1,2024-08-10,2024-08-16,"6.12.2.b"
"C19071",1,1,2024-08-13,2024-08-19,"6.12.2.b"
"C19071",1,1,2024-08-17,2024-08-23,"6.12.2.b"
"C19071",1,1,2024-08-18,2024-08-24,"6.12.2.b"
"C19071",1,1,2025-04-04,2026-09-30,"6.12.2.a"
"C19185",1,1,2025-03-17,2025-03-23,"6.12.2.b"
"C19185",1,1,2025-03-18,2025-03-24,"6.12.2.b"
"C19185",1,1,2025-03-22,2025-03-28,"6.12.2.b"
"C19185",1,1,2025-03-24,2025-03-30,"6.12.2.b"
"C19185",1,1,2025-03-26,2025-04-01,"6.12.2.b"
"C19185",1,1,2025-03-27,2025-04-02,"6.12.2.b"
"C19185",1,1,2025-04-01,2025-04-07,"6.12.2.b"
"C19185",1,1,2025-04-02,2025-04-08,"6.12.2.b"
"C19185",1,1,2025-04-04,2025-04-10,"6.12.2.b"
"C19185",1,1,2025-04-05,2025-04-11,"6.12.2.b"
"C19185",1,1,2025-04-10,2025-04-16,"6.12.2.b"
"C19185",1,1,2025-04-12,2025-04-18,"6.12.2.b"
"C19185",1,1,2025-04-12,2025-11-21,"6.12.2.a"
"C19185",1,1,2025-04-15,2025-04-21,"6.12.2.b"
"C19185",1,1,2025-04-23,2025-04-29,"6.12.2.b"
"C19185",1,1,2025-04-25,2025-05-01,"6.12.2.b"
"C19185",1,1,2025-04-26,2025-05-02,"6.12.2.b"
"C19185",1,1,2025-04-28,2025-05-04,"6.12.2.b"
"C19185",1,1,2025-04-29,2025-05-05,"6.12.2.b"
"C19185",1,1,2025-04-30,2025-05-06,"6.12.2.b"
"C19185",1,1,2025-05-01,2025-05-07,"6.12.2.b"
"C19185",1,1,2025-05-03,2025-05-09,"6.12.2.b"
"C19185",1,1,2025-05-04,2025-05-10,"6.12.2.b"
"C19185",1,1,2025-05-05,2025-05-11,"6.12.2.b"
"C19185",1,1,2025-05-07,2025-05-13,"6.12.2.b"
"C19185",1,1,2025-05-09,2025-05-15,"6.12.2.b"
"C19185",1,1,2025-05-10,2025-05-16,"6.12.2.b"
"C19185",1,1,2025-05-11,2025-05-17,"6.12.2.b"
"C19185",1,1,2025-05-12,2025-05-18,"6.12.2.b"
"C19185",1,1,2025-05-13,2025-05-19,"6.12.2.b"
"C19185",1,1,2025-05-14,2025-05-20,"6.12.2.b"
"C19185",1,1,2025-05-15,2025-05-21,"6.12.2.b"
"C19185",1,1,2025-05-16,2025-05-22,"6.12.2.b"
"C19185",1,1,2025-05-17,2025-05-23,"6.12.2.b"
"C19185",1,1,2025-05-18,2025-05-24,"6.12.2.b"
"C19185",1,1,2025-05-19,2025-05-25,"6.12.2.b"
"C19185",1,1,2025-05-20,2025-05-26,"6.12.2.b"
"C19185",1,1,2025-05-21,2025-05-27,"6.12.2.b"
"C19185",1,1,2025-05-22,2025-05-28,"6.12.2.b"
"C19185",1,1,2025-05-24,2025-05-30,"6.12.2.b"
"C19185",1,1,2025-05-25,2025-05-31,"6.12.2.b"
"C19185",1,1,2025-05-26,2025-06-01,"6.12.2.b"
"C19185",1,1,2025-05-28,2025-06-03,"6.12.2.b"
"C19185",1,1,2025-05-29,2025-06-04,"6.12.2.b"
"C19185",1,1,2025-05-31,2025-06-06,"6.12.2.b"
"C19185",1,1,2025-06-01,2025-06-07,"6.12.2.b"
"C19185",1,1,2025-06-02,2025-06-08,"6.12.2.b"
"C19185",1,1,2025-06-04,2025-06-10,"6.12.2.b"
"C19185",1,1,2025-06-06,2025-06-12,"6.12.2.b"
"C19296",1,1,2023-04-13,2023-08-25,"6.12.2.a"
"C19296",1,1,2023-04-13,2024-05-22,"6.12.2.a"
"C19296",1,1,2024-06-21,2024-07-01,"6.12.2.a"
"C19296",1,1,2024-06-25,2026-01-23,"6.12.2.a"
"C19356",2,1,2025-04-08,2025-04-14,"6.12.2.b"
"C19356",2,1,2025-04-10,2025-04-16,"6.12.2.b"
"C19356",2,1,2025-04-11,2025-04-17,"6.12.2.b"
"C19356",2,1,2025-04-12,2025-04-18,"6.12.2.b"
"C19356",2,1,2025-04-13,2025-04-19,"6.12.2.b"
"C19356",2,1,2025-04-14,2025-04-20,"6.12.2.b"
"C19356",2,1,2025-04-15,2025-04-21,"6.12.2.b"
"C19356",2,1,2025-04-17,2025-04-23,"6.12.2.b"
"C19356",2,1,2025-04-18,2025-04-24,"6.12.2.b"
"C19356",2,1,2025-04-19,2025-04-25,"6.12.2.b"
"C19356",2,1,2025-04-21,2025-04-27,"6.12.2.b"
"C19356",2,1,2025-04-22,2025-04-28,"6.12.2.b"
"C19356",2,1,2025-04-25,2025-05-01,"6.12.2.b"
"C19356",2,1,2025-04-26,2025-05-02,"6.12.2.b"
"C19356",2,1,2025-04-29,2025-05-05,"6.12.2.b"
"C19356",2,1,2025-04-30,2025-05-06,"6.12.2.b"
"C19356",2,1,2025-05-01,2025-05-07,"6.12.2.b"
"C19356",2,1,2025-05-02,2025-05-08,"6.12.2.b"
"C19356",2,1,2025-05-03,2025-05-09,"6.12.2.b"
"C19356",2,1,2025-05-04,2025-06-07,"6.12.2.a"
"C19356",2,1,2025-05-05,2025-05-11,"6.12.2.b"
"C19356",2,1,2025-05-06,2025-05-12,"6.12.2.b"
"C19356",2,1,2025-05-08,2025-05-14,"6.12.2.b"
"C19356",2,1,2025-05-09,2025-05-15,"6.12.2.b"
"C19356",2,1,2025-05-10,2025-05-16,"6.12.2.b"
"C19356",2,1,2025-05-11,2025-05-17,"6.12.2.b"
"C19356",2,1,2025-05-12,2025-05-18,"6.12.2.b"
"C19356",2,1,2025-05-13,2025-05-19,"6.12.2.b"
"C19356",2,1,2025-05-14,2025-05-20,"6.12.2.b"
"C19356",2,1,2025-05-16,2025-05-22,"6.12.2.b"
"C19356",2,1,2025-05-17,2025-05-23,"6.12.2.b"
"C19356",2,1,2025-05-18,2025-05-24,"6.12.2.b"
"C19356",2,1,2025-05-19,2025-05-25,"6.12.2.b"
"C19356",2,1,2025-05-20,2025-05-26,"6.12.2.b"
"C19356",2,1,2025-05-21,2025-05-27,"6.12.2.b"
"C19356",2,1,2025-05-23,2025-05-29,"6.12.2.b"
"C19356",2,1,2025-05-24,2025-05-30,"6.12.2.b"
"C19356",2,1,2025-05-25,2025-05-31,"6.12.2.b"
"C19356",2,1,2025-05-26,2025-06-01,"6.12.2.b"
"C19356",2,1,2025-05-28,2025-06-03,"6.12.2.b"
"C19356",2,1,2025-05-29,2025-06-04,"6.12.2.b"
"C19356",2,1,2025-05-30,2025-06-05,"6.12.2.b"
"C19356",2,1,2025-05-31,2025-06-06,"6.12.2.b"
"C19356",2,1,2025-05-31,2025-11-19,"6.12.2.a"
"C19356",2,1,2025-06-01,2025-06-07,"6.12.2.b"
"C19356",2,1,2025-06-02,2025-06-08,"6.12.2.b"
"C19356",2,1,2025-06-03,2025-06-09,"6.12.2.b"
"C19356",2,1,2025-06-04,2025-06-10,"6.12.2.b"
"C19710",1,1,2023-06-23,2024-01-07,"6.12.2.a"
"C19710",1,1,2023-11-05,2026-09-30,"6.12.2.a"
"C19875",1,1,2025-06-02,2025-06-08,"6.12.2.b"
"C19875",1,1,2025-06-04,2025-06-10,"6.12.2.b"
"C19875",1,1,2025-06-05,2025-06-11,"6.12.2.b"
"C19875",1,1,2025-06-07,2025-06-13,"6.12.2.b"
"C19875",1,1,2025-06-08,2025-06-14,"6.12.2.b"
"C19875",1,1,2025-06-09,2025-06-15,"6.12.2.b"
"C19875",1,1,2025-06-11,2025-06-17,"6.12.2.b"
"C19875",1,1,2025-06-13,2025-06-19,"6.12.2.b"
"C19875",1,1,2025-06-14,2025-06-20,"6.12.2.b"
"C19875",1,1,2025-06-16,2025-06-22,"6.12.2.b"
"C19875",1,1,2025-06-18,2025-06-24,"6.12.2.b"
"C19875",1,1,2025-06-19,2025-06-25,"6.12.2.b"
"C19875",1,1,2025-06-20,2025-06-26,"6.12.2.b"
"C19875",1,1,2025-06-21,2025-06-27,"6.12.2.b"
"C19875",1,1,2025-06-22,2025-06-28,"6.12.2.b"
"C19875",1,1,2025-06-24,2025-06-30,"6.12.2.b"
"C19875",1,1,2025-06-25,2025-07-01,"6.12.2.b"
"C19875",1,1,2025-06-28,2025-07-04,"6.12.2.b"
"C19875",1,1,2025-06-30,2025-07-06,"6.12.2.b"
"C19875",1,1,2025-07-01,2025-07-07,"6.12.2.b"
"C19875",1,1,2025-07-02,2025-07-08,"6.12.2.b"
"C19875",1,1,2025-07-04,2025-07-10,"6.12.2.b"
"C19875",1,1,2025-07-05,2025-07-11,"6.12.2.b"
"C19875",1,1,2025-07-06,2025-07-12,"6.12.2.b"
"C19875",1,1,2025-07-08,2025-07-14,"6.12.2.b"
"C19875",1,1,2025-07-10,2025-07-16,"6.12.2.b"
"C19875",1,1,2025-07-11,2025-09-24,"6.12.2.a"
"C19875",1,1,2025-07-12,2025-07-18,"6.12.2.b"
"C19875",1,1,2025-07-14,2025-07-20,"6.12.2.b"
"C19875",1,1,2025-07-15,2025-07-21,"6.12.2.b"
"C19875",1,1,2025-07-16,2025-07-22,"6.12.2.b"
"C19875",1,1,2025-07-17,2025-07-23,"6.12.2.b"
"C19875",1,1,2025-07-19,2025-07-25,"6.12.2.b"
"C19875",1,1,2025-07-21,2025-07-27,"6.12.2.b"
"C19875",1,1,2025-07-24,2025-07-30,"6.12.2.b"
"C19875",1,1,2025-07-26,2025-08-01,"6.12.2.b"
"C19875",1,1,2025-07-31,2025-08-06,"6.12.2.b"
"C19875",1,1,2025-08-01,2025-08-07,"6.12.2.b"
"C19875",1,1,2025-08-03,2025-08-09,"6.12.2.b"
"C19875",1,1,2025-08-05,2025-08-11,"6.12.2.b"
"C19875",1,1,2025-08-06,2025-08-12,"6.12.2.b"
"C19875",1,1,2025-08-08,2025-08-14,"6.12.2.b"
"C19875",1,1,2025-09-18,2026-09-30,"6.12.2.a"
"C20118",1,1,2024-06-06,2024-07-05,"6.12.2.a"
"C20118",1,1,2025-01-06,2025-03-04,"6.12.2.a"
"C20118",1,1,2025-02-03,2025-10-21,"6.12.2.a"
"C20118",1,1,2026-06-26,2026-09-30,"6.12.2.a"
"C20151",1,1,2023-11-02,2023-11-08,"6.12.2.b"
"C20151",1,1,2023-11-11,2023-11-20,"6.12.2.a"
"C20151",1,1,2023-11-14,2023-11-24,"6.12.2.a"
"C20151",1,1,2023-11-19,2023-12-01,"6.12.2.a"
"C20151",1,1,2023-11-26,2023-12-08,"6.12.2.a"
"C20151",1,1,2023-12-06,2023-12-13,"6.12.2.a"
"C20151",1,1,2023-12-09,2023-12-19,"6.12.2.a"
"C20151",1,1,2023-12-14,2024-01-19,"6.12.2.a"
"C20151",1,1,2024-01-14,2024-01-21,"6.12.2.a"
"C20151",1,1,2024-01-16,2024-02-05,"6.12.2.a"
"C20151",1,1,2024-10-11,2025-01-04,"6.12.2.a"
"C20151",1,1,2024-12-10,2025-10-23,"6.12.2.a"
"C20151",1,1,2025-10-18,2026-09-30,"6.12.2.a"
"C20187",1,1,2024-01-26,2024-04-30,"6.12.2.a"
"C20187",1,1,2024-03-12,2026-09-30,"6.12.2.a"
"C20736",1,1,2023-07-21,2023-09-09,"6.12.2.a"
"C20736",1,1,2023-09-05,2023-09-11,"6.12.2.b"
"C20736",1,1,2023-09-07,2023-09-13,"6.12.2.b"
"C20736",1,1,2023-09-08,2023-09-14,"6.12.2.b"
"C20736",1,1,2023-09-09,2023-09-15,"6.12.2.b"
"C20736",1,1,2023-09-11,2023-09-17,"6.12.2.b"
"C20736",1,1,2023-09-12,2023-09-18,"6.12.2.b"
"C20736",1,1,2023-09-17,2023-09-23,"6.12.2.b"
"C20736",1,1,2023-09-21,2023-09-27,"6.12.2.b"
"C20736",1,1,2023-12-28,2024-01-03,"6.12.2.b"
"C20736",1,1,2023-12-31,2024-01-06,"6.12.2.b"
"C20736",1,1,2024-01-01,2024-01-07,"6.12.2.b"
"C20736",1,1,2024-01-06,2024-01-12,"6.12.2.b"
"C20736",1,1,2024-01-09,2024-01-15,"6.12.2.b"
"C20736",1,1,2024-01-10,2024-01-16,"6.12.2.b"
"C20736",1,1,2024-01-11,2024-01-17,"6.12.2.b"
"C20736",1,1,2024-01-16,2024-01-22,"6.12.2.b"
"C20736",1,1,2024-01-17,2024-01-23,"6.12.2.b"
"C20736",1,1,2024-01-18,2024-01-24,"6.12.2.b"
"C20736",1,1,2024-01-19,2024-01-25,"6.12.2.b"
"C20736",1,1,2024-01-20,2024-01-26,"6.12.2.b"
"C20736",1,1,2024-01-23,2024-01-29,"6.12.2.b"
"C20736",1,1,2024-01-28,2024-02-03,"6.12.2.b"
"C20736",1,1,2024-02-03,2024-02-09,"6.12.2.b"
"C20736",1,1,2024-02-06,2024-02-12,"6.12.2.b"
"C20736",1,1,2025-01-30,2025-02-05,"6.12.2.b"
"C20736",1,1,2025-02-01,2025-02-07,"6.12.2.b"
"C20736",1,1,2025-02-04,2025-02-10,"6.12.2.b"
"C20736",1,1,2025-02-05,2025-02-11,"6.12.2.b"
"C20736",1,1,2025-02-08,2025-02-14,"6.12.2.b"
"C20736",1,1,2025-02-09,2025-02-15,"6.12.2.b"
"C20736",1,1,2025-02-13,2025-02-19,"6.12.2.b"
"C20736",1,1,2025-02-15,2025-02-21,"6.12.2.b"
"C20736",1,1,2025-02-19,2025-02-25,"6.12.2.b"
"C20736",1,1,2025-02-21,2025-02-27,"6.12.2.b"
"C20736",1,1,2025-02-25,2025-11-20,"6.12.2.a"
"C20736",1,1,2025-02-28,2025-03-06,"6.12.2.b"
"C20745",1,1,2025-02-07,2025-11-21,"6.12.2.a"
"C20745",1,1,2025-03-20,2025-04-29,"6.12.2.a"
"C20751",1,1,2023-07-18,2023-09-07,"6.12.2.a"
"C20751",1,1,2025-01-04,2025-01-14,"6.12.2.a"
"C20751",1,1,2025-01-08,2025-01-14,"6.12.2.b"
"C20751",1,1,2025-01-15,2025-01-21,"6.12.2.b"
"C20751",1,1,2025-01-18,2025-01-24,"6.12.2.b"
"C20751",1,1,2025-01-20,2025-01-26,"6.12.2.b"
"C20751",1,1,2025-01-21,2025-01-27,"6.12.2.b"
"C20751",1,1,2025-01-22,2025-01-28,"6.12.2.b"
"C20751",1,1,2025-01-23,2025-01-29,"6.12.2.b"
"C20751",1,1,2025-01-25,2025-01-31,"6.12.2.b"
"C20751",1,1,2025-01-26,2025-02-01,"6.12.2.b"
"C20751",1,1,2025-01-27,2025-02-02,"6.12.2.b"
"C20751",1,1,2025-01-28,2025-02-03,"6.12.2.b"
"C20751",1,1,2025-01-30,2025-02-05,"6.12.2.b"
"C20751",1,1,2025-02-01,2025-02-07,"6.12.2.b"
"C20751",1,1,2025-02-03,2025-02-09,"6.12.2.b"
"C20751",1,1,2025-02-03,2025-10-24,"6.12.2.a"
"C20751",1,1,2025-02-04,2025-02-10,"6.12.2.b"
"C20751",1,1,2025-02-05,2025-02-11,"6.12.2.b"
"C20751",1,1,2025-02-06,2025-02-12,"6.12.2.b"
"C20751",1,1,2025-02-07,2025-02-13,"6.12.2.b"
"C20751",1,1,2026-01-06,2026-01-19,"6.12.2.a"
"C20751",1,1,2026-01-20,2026-01-26,"6.12.2.b"
"C20751",1,1,2026-01-21,2026-01-27,"6.12.2.b"
"C20751",1,1,2026-01-22,2026-01-28,"6.12.2.b"
"C20751",1,1,2026-01-23,2026-01-29,"6.12.2.b"
"C20751",1,1,2026-01-29,2026-02-04,"6.12.2.b"
"C20751",1,1,2026-01-30,2026-02-05,"6.12.2.b"
"C20751",1,1,2026-02-01,2026-02-07,"6.12.2.b"
"C20751",1,1,2026-02-02,2026-02-08,"6.12.2.b"
"C20751",1,1,2026-02-04,2026-02-10,"6.12.2.b"
"C20751",1,1,2026-02-05,2026-02-11,"6.12.2.b"
"C20751",1,1,2026-02-07,2026-02-13,"6.12.2.b"
"C20751",1,1,2026-02-08,2026-02-14,"6.12.2.b"
"C20751",1,1,2026-02-15,2026-02-21,"6.12.2.b"
"C20751",1,1,2026-02-17,2026-02-23,"6.12.2.b"
"C20751",1,1,2026-02-19,2026-02-25,"6.12.2.b"
"C20751",1,1,2026-02-20,2026-09-30,"6.12.2.a"
"C20751",1,1,2026-02-21,2026-02-27,"6.12.2.b"
"C20751",1,1,2026-02-23,2026-03-01,"6.12.2.b"
"C20751",1,1,2026-02-24,2026-03-02,"6.12.2.b"
"C20751",1,1,2026-02-27,2026-03-05,"6.12.2.b"
"C20751",1,1,2026-02-28,2026-03-06,"6.12.2.b"
"C20751",1,1,2026-03-01,2026-03-07,"6.12.2.b"
"C20751",1,1,2026-03-03,2026-03-09,"6.12.2.b"
"C20751",1,1,2026-03-04,2026-03-10,"6.12.2.b"
"C20751",1,1,2026-03-09,2026-03-15,"6.12.2.b"
"C20751",1,1,2026-03-10,2026-03-16,"6.12.2.b"
"C20751",1,1,2026-03-11,2026-03-17,"6.12.2.b"
"C20751",1,1,2026-03-12,2026-03-18,"6.12.2.b"
"C20751",1,1,2026-03-13,2026-03-19,"6.12.2.b"
"C20751",1,1,2026-03-14,2026-03-20,"6.12.2.b"
"C20751",1,1,2026-03-15,2026-03-21,"6.12.2.b"
"C20751",1,1,2026-03-17,2026-03-23,"6.12.2.b"
"C20751",1,1,2026-03-18,2026-03-24,"6.12.2.b"
"C20751",1,1,2026-03-19,2026-03-25,"6.12.2.b"
"C20751",1,1,2026-03-20,2026-03-26,"6.12.2.b"
"C20751",1,1,2026-03-21,2026-03-27,"6.12.2.b"
"C20751",1,1,2026-03-23,2026-03-29,"6.12.2.b"
"C20751",1,1,2026-03-25,2026-03-31,"6.12.2.b"
"C20751",1,1,2026-03-26,2026-04-01,"6.12.2.b"
"C20751",1,1,2026-03-27,2026-04-02,"6.12.2.b"
"C20751",1,1,2026-03-28,2026-04-03,"6.12.2.b"
"C20751",1,1,2026-03-29,2026-04-04,"6.12.2.b"
"C20751",1,1,2026-04-02,2026-04-08,"6.12.2.b"
"C20751",1,1,2026-04-05,2026-04-11,"6.12.2.b"
"C20751",1,1,2026-04-06,2026-04-12,"6.12.2.b"
"C20751",1,1,2026-04-08,2026-04-14,"6.12.2.b"
"C20751",1,1,2026-04-11,2026-04-17,"6.12.2.b"
"C20751",1,1,2026-04-12,2026-04-18,"6.12.2.b"
"C20751",1,1,2026-04-13,2026-04-19,"6.12.2.b"
"C20781",1,1,2023-08-02,2023-08-08,"6.12.2.b"
"C20781",1,1,2023-08-05,2023-10-04,"6.12.2.a"
"C20781",1,1,2023-08-17,2024-03-02,"6.12.2.a"
"C20781",1,1,2024-09-06,2024-09-18,"6.12.2.a"
"C20781",1,1,2024-09-12,2024-12-03,"6.12.2.a"
"C20781",1,1,2024-10-05,2025-03-10,"6.12.2.a"
"C20781",1,1,2024-11-29,2026-09-30,"6.12.2.a"
"C20979",1,1,2023-08-04,2023-12-12,"6.12.2.a"
"C20979",1,1,2025-05-01,2025-10-21,"6.12.2.a"
"C20979",1,1,2025-05-21,2025-07-19,"6.12.2.a"
"C21162",1,1,2024-04-09,2024-06-07,"6.12.2.a"
"C21162",1,1,2025-03-27,2025-05-30,"6.12.2.a"
"C21162",1,1,2025-04-14,2025-12-03,"6.12.2.a"
"C21441",1,1,2023-11-11,2023-12-15,"6.12.2.a"
"C21441",1,1,2025-06-07,2025-06-13,"6.12.2.b"
"C21441",1,1,2025-06-12,2025-10-21,"6.12.2.a"
"C21567",1,1,2023-09-06,2023-09-12,"6.12.2.b"
"C21567",1,1,2023-09-07,2023-09-13,"6.12.2.b"
"C21567",1,1,2023-09-08,2023-09-14,"6.12.2.b"
"C21567",1,1,2023-09-09,2023-09-15,"6.12.2.b"
"C21567",1,1,2023-09-10,2023-09-16,"6.12.2.b"
"C21567",1,1,2023-09-15,2023-09-21,"6.12.2.b"
"C21567",1,1,2023-09-17,2023-09-23,"6.12.2.b"
"C21567",1,1,2023-09-19,2023-09-25,"6.12.2.b"
"C21567",1,1,2023-09-20,2023-09-26,"6.12.2.b"
"C21567",1,1,2023-09-22,2023-09-28,"6.12.2.b"
"C21567",1,1,2023-09-23,2023-09-29,"6.12.2.b"
"C21567",1,1,2023-09-27,2023-10-03,"6.12.2.b"
"C21567",1,1,2023-09-28,2023-10-04,"6.12.2.b"
"C21567",1,1,2023-10-03,2023-10-09,"6.12.2.b"
"C21567",1,1,2023-10-04,2023-10-10,"6.12.2.b"
"C21567",1,1,2023-10-08,2023-10-14,"6.12.2.b"
"C21567",1,1,2024-12-03,2024-12-09,"6.12.2.b"
"C21567",1,1,2024-12-04,2024-12-10,"6.12.2.b"
"C21567",1,1,2024-12-05,2024-12-11,"6.12.2.b"
"C21567",1,1,2024-12-06,2024-12-12,"6.12.2.b"
"C21567",1,1,2024-12-07,2024-12-13,"6.12.2.b"
"C21567",1,1,2024-12-08,2024-12-14,"6.12.2.b"
"C21567",1,1,2024-12-09,2024-12-15,"6.12.2.b"
"C21567",1,1,2024-12-12,2024-12-18,"6.12.2.b"
"C21567",1,1,2024-12-14,2024-12-20,"6.12.2.b"
"C21567",1,1,2024-12-16,2024-12-22,"6.12.2.b"
"C21567",1,1,2024-12-17,2024-12-23,"6.12.2.b"
"C21567",1,1,2024-12-18,2024-12-24,"6.12.2.b"
"C21567",1,1,2024-12-19,2024-12-25,"6.12.2.b"
"C21567",1,1,2024-12-20,2024-12-26,"6.12.2.b"
"C21567",1,1,2024-12-21,2024-12-27,"6.12.2.b"
"C21567",1,1,2024-12-22,2024-12-28,"6.12.2.b"
"C21567",1,1,2024-12-23,2024-12-29,"6.12.2.b"
"C21567",1,1,2024-12-25,2024-12-31,"6.12.2.b"
"C21567",1,1,2024-12-26,2025-01-01,"6.12.2.b"
"C21567",1,1,2024-12-27,2025-01-02,"6.12.2.b"
"C21567",1,1,2024-12-29,2025-01-04,"6.12.2.b"
"C21567",1,1,2024-12-30,2025-11-12,"6.12.2.a"
"C21567",1,1,2024-12-31,2025-01-06,"6.12.2.b"
"C21567",1,1,2025-01-01,2025-01-07,"6.12.2.b"
"C21567",1,1,2025-01-02,2025-01-08,"6.12.2.b"
"C21567",1,1,2025-01-03,2025-01-09,"6.12.2.b"
"C21567",1,1,2025-01-05,2025-01-11,"6.12.2.b"
"C21567",1,1,2025-01-06,2025-01-12,"6.12.2.b"
"C21567",1,1,2025-01-07,2025-01-13,"6.12.2.b"
"C21567",1,1,2025-01-08,2025-01-14,"6.12.2.b"
"C21567",1,1,2025-01-10,2025-01-16,"6.12.2.b"
"C21567",1,1,2025-01-12,2025-01-18,"6.12.2.b"
"C21567",1,1,2025-01-13,2025-01-19,"6.12.2.b"
"C21570",1,1,2023-09-08,2023-09-14,"6.12.2.b"
"C21570",1,1,2023-09-09,2023-09-15,"6.12.2.b"
"C21570",1,1,2023-09-10,2023-09-16,"6.12.2.b"
"C21570",1,1,2023-09-11,2023-09-17,"6.12.2.b"
"C21570",1,1,2023-09-17,2023-09-23,"6.12.2.b"
"C21570",1,1,2023-10-01,2023-10-07,"6.12.2.b"
"C21570",1,1,2023-10-03,2023-10-09,"6.12.2.b"
"C21570",1,1,2023-10-05,2023-10-11,"6.12.2.b"
"C21570",1,1,2023-10-06,2023-10-12,"6.12.2.b"
"C21570",1,1,2023-10-07,2023-10-13,"6.12.2.b"
"C21570",1,1,2023-12-13,2023-12-19,"6.12.2.b"
"C21570",1,1,2023-12-14,2023-12-20,"6.12.2.b"
"C21570",1,1,2023-12-16,2023-12-22,"6.12.2.b"
"C21570",1,1,2024-08-10,2025-01-10,"6.12.2.a"
"C21570",1,1,2025-08-01,2025-09-10,"6.12.2.a"
"C21570",1,1,2025-09-04,2026-02-05,"6.12.2.a"
"C21570",1,1,2025-09-08,2025-09-14,"6.12.2.b"
"C21570",1,1,2025-09-11,2025-09-17,"6.12.2.b"
"C21570",1,1,2025-09-12,2025-09-18,"6.12.2.b"
"C21570",1,1,2025-09-18,2025-09-24,"6.12.2.b"
"C21570",1,1,2025-09-23,2025-09-29,"6.12.2.b"
"C21570",1,1,2025-11-07,2025-11-18,"6.12.2.a"
"C21570",1,1,2025-11-15,2025-11-21,"6.12.2.b"
"C21570",1,1,2025-11-20,2025-11-26,"6.12.2.b"
"C21570",1,1,2025-11-21,2025-11-27,"6.12.2.b"
"C21570",1,1,2025-11-24,2025-12-13,"6.12.2.a"
"C21570",1,1,2025-12-20,2026-01-09,"6.12.2.a"
"C21570",1,1,2026-02-14,2026-02-20,"6.12.2.b"
"C21570",1,1,2026-02-15,2026-02-21,"6.12.2.b"
"C21570",1,1,2026-02-16,2026-02-22,"6.12.2.b"
"C21570",1,1,2026-02-17,2026-02-23,"6.12.2.b"
"C21570",1,1,2026-02-18,2026-02-24,"6.12.2.b"
"C21570",1,1,2026-02-20,2026-02-26,"6.12.2.b"
"C21570",1,1,2026-02-21,2026-02-27,"6.12.2.b"
"C21570",1,1,2026-02-22,2026-02-28,"6.12.2.b"
"C21570",1,1,2026-02-23,2026-03-01,"6.12.2.b"
"C21570",1,1,2026-02-24,2026-03-02,"6.12.2.b"
"C21570",1,1,2026-02-26,2026-03-04,"6.12.2.b"
"C21570",1,1,2026-03-01,2026-03-07,"6.12.2.b"
"C21570",1,1,2026-03-02,2026-03-08,"6.12.2.b"
"C21570",1,1,2026-03-03,2026-03-09,"6.12.2.b"
"C21570",1,1,2026-04-23,2026-09-30,"6.12.2.a"
"C21741",1,1,2023-09-10,2023-10-19,"6.12.2.a"
"C21741",1,1,2023-10-13,2024-01-02,"6.12.2.a"
"C21741",1,1,2023-11-24,2026-09-30,"6.12.2.a"
"C21741",1,1,2024-02-22,2024-05-16,"6.12.2.a"
"C21891",1,1,2023-09-17,2023-10-19,"6.12.2.a"
"C21891",1,1,2024-10-26,2024-11-19,"6.12.2.a"
"C21891",1,1,2025-06-29,2025-07-23,"6.12.2.a"
"C21891",1,1,2025-07-21,2025-09-19,"6.12.2.a"
"C21891",1,1,2025-09-17,2025-12-18,"6.12.2.a"
"C22152",1,1,2023-09-23,2023-10-28,"6.12.2.a"
"C22152",1,1,2023-12-10,2024-01-12,"6.12.2.a"
"C22152",1,1,2024-12-01,2024-12-07,"6.12.2.b"
"C22152",1,1,2024-12-03,2024-12-09,"6.12.2.b"
"C22152",1,1,2024-12-04,2024-12-10,"6.12.2.b"
"C22152",1,1,2024-12-06,2024-12-12,"6.12.2.b"
"C22152",1,1,2024-12-07,2024-12-13,"6.12.2.b"
"C22152",1,1,2024-12-29,2025-01-04,"6.12.2.b"
"C22152",1,1,2025-01-01,2025-01-07,"6.12.2.b"
"C22152",1,1,2025-01-03,2025-01-09,"6.12.2.b"
"C22152",1,1,2025-01-05,2025-01-11,"6.12.2.b"
"C22152",1,1,2025-01-13,2025-06-14,"6.12.2.a"
"C22152",1,1,2025-01-14,2025-01-20,"6.12.2.b"
"C22152",1,1,2025-01-15,2025-01-21,"6.12.2.b"
"C22152",1,1,2025-01-17,2025-01-23,"6.12.2.b"
"C22152",1,1,2025-01-18,2025-01-24,"6.12.2.b"
"C22152",1,1,2025-01-24,2025-01-30,"6.12.2.b"
"C22152",1,1,2025-01-25,2025-02-01,"6.12.2.a"
"C22152",1,1,2025-01-27,2025-02-02,"6.12.2.b"
"C22152",1,1,2025-02-08,2025-02-14,"6.12.2.b"
"C22152",1,1,2025-02-16,2025-02-22,"6.12.2.b"
"C22152",1,1,2025-02-21,2025-02-27,"6.12.2.b"
"C22152",1,1,2025-02-23,2025-03-01,"6.12.2.b"
"C22152",1,1,2025-02-28,2025-03-06,"6.12.2.b"
"C22152",1,1,2025-03-06,2025-03-12,"6.12.2.b"
"C22152",1,1,2025-03-07,2025-03-13,"6.12.2.b"
"C22152",1,1,2025-03-09,2025-03-15,"6.12.2.b"
"C22152",1,1,2025-03-10,2025-03-16,"6.12.2.b"
"C22152",1,1,2025-03-11,2025-03-17,"6.12.2.b"
"C22152",1,1,2025-06-07,2025-10-30,"6.12.2.a"
"C22275",1,1,2023-10-05,2024-05-21,"6.12.2.a"
"C22275",1,1,2023-11-30,2026-09-30,"6.12.2.a"
"C22275",1,1,2024-01-21,2024-03-11,"6.12.2.a"
"C22275",1,1,2024-04-28,2024-05-23,"6.12.2.a"
"C22797",1,1,2023-10-03,2023-11-21,"6.12.2.a"
"C22797",1,1,2025-01-22,2025-03-12,"6.12.2.a"
"C22797",1,1,2025-03-06,2026-01-17,"6.12.2.a"
"C22797",1,1,2026-01-30,2026-03-07,"6.12.2.a"
"C22845",1,1,2025-01-18,2025-02-14,"6.12.2.a"
"C22845",1,1,2025-05-22,2025-06-27,"6.12.2.a"
"C22845",1,1,2025-06-26,2025-12-01,"6.12.2.a"
"C22848",1,1,2023-10-30,2023-11-08,"6.12.2.a"
"C22848",1,1,2023-11-03,2024-02-01,"6.12.2.a"
"C22848",1,1,2024-01-27,2024-04-18,"6.12.2.a"
"C22848",1,1,2024-11-19,2025-02-22,"6.12.2.a"
"C22848",1,1,2025-07-18,2025-09-11,"6.12.2.a"
"C22848",1,1,2025-09-06,2025-09-26,"6.12.2.a"
"C22848",1,1,2025-09-22,2025-10-12,"6.12.2.a"
"C22848",1,1,2025-10-11,2025-11-03,"6.12.2.a"
"C22848",1,1,2025-10-31,2025-11-16,"6.12.2.a"
"C22848",1,1,2025-11-13,2025-12-15,"6.12.2.a"
"C22848",1,1,2025-12-21,2026-02-06,"6.12.2.a"
"C22848",1,1,2026-07-06,2026-09-30,"6.12.2.a"
"C22893",1,1,2024-05-19,2024-05-25,"6.12.2.b"
"C22893",1,1,2024-05-20,2024-05-26,"6.12.2.b"
"C22893",1,1,2024-05-21,2024-05-27,"6.12.2.b"
"C22893",1,1,2024-05-22,2024-05-28,"6.12.2.b"
"C22893",1,1,2024-05-23,2024-05-29,"6.12.2.b"
"C22893",1,1,2024-05-24,2024-05-30,"6.12.2.b"
"C22893",1,1,2024-05-25,2024-05-31,"6.12.2.b"
"C22893",1,1,2024-05-26,2024-06-01,"6.12.2.b"
"C22893",1,1,2024-05-27,2024-06-02,"6.12.2.b"
"C22893",1,1,2024-05-29,2024-06-04,"6.12.2.b"
"C22893",1,1,2024-05-30,2024-06-05,"6.12.2.b"
"C22893",1,1,2024-05-31,2024-06-06,"6.12.2.b"
"C22893",1,1,2024-06-01,2024-06-07,"6.12.2.b"
"C22893",1,1,2024-06-02,2024-06-08,"6.12.2.b"
"C22893",1,1,2024-06-04,2024-06-10,"6.12.2.b"
"C22893",1,1,2024-06-05,2024-06-11,"6.12.2.b"
"C22893",1,1,2024-06-06,2024-06-12,"6.12.2.b"
"C22893",1,1,2024-06-07,2024-06-13,"6.12.2.b"
"C22893",1,1,2024-06-08,2024-06-14,"6.12.2.b"
"C22893",1,1,2024-06-09,2024-06-15,"6.12.2.b"
"C22893",1,1,2024-06-10,2024-06-16,"6.12.2.b"
"C22893",1,1,2024-06-11,2024-06-17,"6.12.2.b"
"C22893",1,1,2024-06-12,2024-06-18,"6.12.2.b"
"C22893",1,1,2024-06-13,2024-06-19,"6.12.2.b"
"C22893",1,1,2024-06-14,2024-06-20,"6.12.2.b"
"C22893",1,1,2024-06-15,2024-06-21,"6.12.2.b"
"C22893",1,1,2024-06-16,2024-06-22,"6.12.2.b"
"C22893",1,1,2024-06-20,2024-06-26,"6.12.2.b"
"C22893",1,1,2024-06-21,2024-06-27,"6.12.2.b"
"C22893",1,1,2024-06-22,2024-06-28,"6.12.2.b"
"C22893",1,1,2024-06-23,2024-06-29,"6.12.2.b"
"C22893",1,1,2024-06-24,2024-06-30,"6.12.2.b"
"C22893",1,1,2024-06-25,2024-07-01,"6.12.2.b"
"C22893",1,1,2024-06-26,2024-07-02,"6.12.2.b"
"C22893",1,1,2024-06-27,2024-07-03,"6.12.2.b"
"C22893",1,1,2024-06-30,2024-07-06,"6.12.2.b"
"C22893",1,1,2024-07-01,2024-07-07,"6.12.2.b"
"C22893",1,1,2024-07-02,2024-07-08,"6.12.2.b"
"C22893",1,1,2024-07-03,2024-07-09,"6.12.2.b"
"C22893",1,1,2024-07-04,2024-07-10,"6.12.2.b"
"C22893",1,1,2024-07-05,2024-07-11,"6.12.2.b"
"C22893",1,1,2024-07-07,2024-07-13,"6.12.2.b"
"C22893",1,1,2024-07-11,2024-07-17,"6.12.2.b"
"C22893",1,1,2024-07-12,2024-07-18,"6.12.2.b"
"C22893",1,1,2024-07-13,2024-07-19,"6.12.2.b"
"C22893",1,1,2024-07-14,2024-07-20,"6.12.2.b"
"C22893",1,1,2024-07-15,2024-07-21,"6.12.2.b"
"C22893",1,1,2024-07-16,2024-07-22,"6.12.2.b"
"C22893",1,1,2024-07-17,2024-07-23,"6.12.2.b"
"C22893",1,1,2024-07-20,2024-07-26,"6.12.2.b"
"C22893",1,1,2024-07-22,2024-07-28,"6.12.2.b"
"C22893",1,1,2024-07-23,2024-07-29,"6.12.2.b"
"C22893",1,1,2024-07-24,2024-07-30,"6.12.2.b"
"C22893",1,1,2024-07-25,2024-07-31,"6.12.2.b"
"C22893",1,1,2024-07-27,2024-08-02,"6.12.2.b"
"C22893",1,1,2024-07-28,2024-08-03,"6.12.2.b"
"C22893",1,1,2024-07-30,2024-08-05,"6.12.2.b"
"C22893",1,1,2024-07-31,2024-08-06,"6.12.2.b"
"C22893",1,1,2024-08-01,2024-08-07,"6.12.2.b"
"C22893",1,1,2024-08-02,2024-08-08,"6.12.2.b"
"C22893",1,1,2024-08-03,2024-08-09,"6.12.2.b"
"C22893",1,1,2024-08-04,2024-08-10,"6.12.2.b"
"C22893",1,1,2024-08-05,2024-08-11,"6.12.2.b"
"C22893",1,1,2024-08-06,2024-08-12,"6.12.2.b"
"C22893",1,1,2024-08-07,2024-08-13,"6.12.2.b"
"C22893",1,1,2024-08-08,2024-08-14,"6.12.2.b"
"C22893",1,1,2024-08-09,2024-08-15,"6.12.2.b"
"C22893",1,1,2024-08-10,2024-08-16,"6.12.2.b"
"C22893",1,1,2024-08-11,2024-08-17,"6.12.2.b"
"C22893",1,1,2024-08-12,2024-08-18,"6.12.2.b"
"C22893",1,1,2024-08-14,2024-08-20,"6.12.2.b"
"C22893",1,1,2024-08-15,2024-08-21,"6.12.2.b"
"C22893",1,1,2024-08-16,2024-08-22,"6.12.2.b"
"C22893",1,1,2024-08-16,2025-10-13,"6.12.2.a"
"C22893",1,1,2024-08-17,2024-08-23,"6.12.2.b"
"C22893",1,1,2024-08-18,2024-08-24,"6.12.2.b"
"C22893",1,1,2024-08-19,2024-08-25,"6.12.2.b"
"C22893",1,1,2026-04-23,2026-04-29,"6.12.2.b"
"C22893",1,1,2026-04-27,2026-05-03,"6.12.2.b"
"C22893",1,1,2026-05-03,2026-05-09,"6.12.2.b"
"C22893",1,1,2026-05-05,2026-05-11,"6.12.2.b"
"C22893",1,1,2026-05-08,2026-05-14,"6.12.2.b"
"C22893",1,1,2026-05-09,2026-05-15,"6.12.2.b"
"C22893",1,1,2026-05-13,2026-05-19,"6.12.2.b"
"C22893",1,1,2026-05-15,2026-05-21,"6.12.2.b"
"C22893",1,1,2026-05-17,2026-05-23,"6.12.2.b"
"C22893",1,1,2026-05-19,2026-05-25,"6.12.2.b"
"C22893",1,1,2026-05-22,2026-05-28,"6.12.2.b"
"C22893",1,1,2026-05-24,2026-05-30,"6.12.2.b"
"C22893",1,1,2026-05-26,2026-06-01,"6.12.2.b"
"C22893",1,1,2026-05-28,2026-06-03,"6.12.2.b"
"C22893",1,1,2026-05-29,2026-06-04,"6.12.2.b"
"C22893",1,1,2026-05-30,2026-06-05,"6.12.2.b"
"C22893",1,1,2026-05-31,2026-06-06,"6.12.2.b"
"C22893",1,1,2026-06-01,2026-06-07,"6.12.2.b"
"C22893",1,1,2026-06-02,2026-06-08,"6.12.2.b"
"C22893",1,1,2026-06-03,2026-06-09,"6.12.2.b"
"C22893",1,1,2026-06-04,2026-06-10,"6.12.2.b"
"C22893",1,1,2026-06-05,2026-06-11,"6.12.2.b"
"C22893",1,1,2026-06-06,2026-06-12,"6.12.2.b"
"C22893",1,1,2026-06-07,2026-06-13,"6.12.2.b"
"C22893",1,1,2026-07-14,2026-07-20,"6.12.2.b"
"C22893",1,1,2026-07-17,2026-07-23,"6.12.2.b"
"C22893",1,1,2026-07-20,2026-07-26,"6.12.2.b"
"C22893",1,1,2026-07-23,2026-07-29,"6.12.2.b"
"C22893",1,1,2026-08-01,2026-08-07,"6.12.2.b"
"C22953",1,1,2023-11-16,2024-02-04,"6.12.2.a"
"C22953",1,1,2024-01-29,2024-03-29,"6.12.2.a"
"C22953",1,1,2024-02-02,2026-09-30,"6.12.2.a"
"C22953",1,1,2024-03-23,2024-07-05,"6.12.2.a"
"C23331",1,1,2024-11-18,2025-01-07,"6.12.2.a"
"C23331",1,1,2024-12-15,2025-10-21,"6.12.2.a"
"C23742",1,1,2023-12-21,2023-12-27,"6.12.2.b"
"C23742",1,1,2023-12-23,2023-12-29,"6.12.2.b"
"C23742",1,1,2023-12-24,2023-12-30,"6.12.2.b"
"C23742",1,1,2023-12-25,2023-12-31,"6.12.2.b"
"C23742",1,1,2023-12-26,2024-01-01,"6.12.2.b"
"C23742",1,1,2023-12-27,2024-01-02,"6.12.2.b"
"C23742",1,1,2023-12-31,2024-01-06,"6.12.2.b"
"C23742",1,1,2024-01-01,2024-01-07,"6.12.2.b"
"C23742",1,1,2024-01-04,2024-01-10,"6.12.2.b"
"C23742",1,1,2024-01-05,2024-01-11,"6.12.2.b"
"C23742",1,1,2024-01-06,2024-01-12,"6.12.2.b"
"C23742",1,1,2024-01-07,2024-01-13,"6.12.2.b"
"C23742",1,1,2024-01-09,2024-01-15,"6.12.2.b"
"C23742",1,1,2024-01-10,2024-01-16,"6.12.2.b"
"C23742",1,1,2024-01-12,2024-01-18,"6.12.2.b"
"C23742",1,1,2024-01-13,2024-01-19,"6.12.2.b"
"C23742",1,1,2024-01-14,2024-01-20,"6.12.2.b"
"C23742",1,1,2024-01-15,2024-01-21,"6.12.2.b"
"C23742",1,1,2024-01-16,2024-01-22,"6.12.2.b"
"C23742",1,1,2024-01-18,2024-01-24,"6.12.2.b"
"C23742",1,1,2024-01-19,2024-01-25,"6.12.2.b"
"C23742",1,1,2024-01-21,2024-01-27,"6.12.2.b"
"C23742",1,1,2024-01-22,2024-01-28,"6.12.2.b"
"C23742",1,1,2024-01-23,2024-01-29,"6.12.2.b"
"C23742",1,1,2024-01-24,2024-01-30,"6.12.2.b"
"C23742",1,1,2024-01-25,2024-01-31,"6.12.2.b"
"C23742",1,1,2024-01-26,2024-02-01,"6.12.2.b"
"C23742",1,1,2024-01-27,2024-02-02,"6.12.2.b"
"C23742",1,1,2024-01-29,2024-02-04,"6.12.2.b"
"C23742",1,1,2024-01-31,2024-02-06,"6.12.2.b"
"C23742",1,1,2024-02-01,2024-02-07,"6.12.2.b"
"C23742",1,1,2024-02-02,2024-02-08,"6.12.2.b"
"C23742",1,1,2024-02-03,2024-02-09,"6.12.2.b"
"C23742",1,1,2024-02-05,2024-02-11,"6.12.2.b"
"C23742",1,1,2024-02-06,2024-02-12,"6.12.2.b"
"C23742",1,1,2024-02-08,2024-02-14,"6.12.2.b"
"C23742",1,1,2024-02-09,2024-02-15,"6.12.2.b"
"C23742",1,1,2024-02-10,2024-02-16,"6.12.2.b"
"C23742",1,1,2024-02-14,2024-02-20,"6.12.2.b"
"C23742",1,1,2024-02-16,2024-02-22,"6.12.2.b"
"C23742",1,1,2024-02-17,2024-02-23,"6.12.2.b"
"C23742",1,1,2024-02-18,2024-02-24,"6.12.2.b"
"C23742",1,1,2024-02-20,2024-02-26,"6.12.2.b"
"C23742",1,1,2024-02-21,2024-02-27,"6.12.2.b"
"C23742",1,1,2024-02-22,2024-02-28,"6.12.2.b"
"C23742",1,1,2024-02-23,2024-02-29,"6.12.2.b"
"C23742",1,1,2024-02-25,2024-03-02,"6.12.2.b"
"C23742",1,1,2024-02-26,2024-03-03,"6.12.2.b"
"C23742",1,1,2024-02-28,2024-03-05,"6.12.2.b"
"C23742",1,1,2024-03-01,2024-03-07,"6.12.2.b"
"C23742",1,1,2024-03-02,2024-03-08,"6.12.2.b"
"C23742",1,1,2025-03-17,2025-03-23,"6.12.2.b"
"C23742",1,1,2025-03-21,2025-03-27,"6.12.2.b"
"C23742",1,1,2025-03-25,2025-03-31,"6.12.2.b"
"C23742",1,1,2025-03-26,2025-04-01,"6.12.2.b"
"C23742",1,1,2025-04-02,2025-04-08,"6.12.2.b"
"C23742",1,1,2025-04-03,2025-04-09,"6.12.2.b"
"C23742",1,1,2025-04-10,2025-04-16,"6.12.2.b"
"C23742",1,1,2025-04-12,2025-04-18,"6.12.2.b"
"C23742",1,1,2025-04-12,2025-11-09,"6.12.2.a"
"C23742",1,1,2025-04-14,2025-04-20,"6.12.2.b"
"C23742",1,1,2025-04-18,2025-04-24,"6.12.2.b"
"C23742",1,1,2025-04-20,2025-04-26,"6.12.2.b"
"C23742",1,1,2025-04-21,2025-04-27,"6.12.2.b"
"C23742",1,1,2025-04-23,2025-04-29,"6.12.2.b"
"C23742",1,1,2025-04-24,2025-04-30,"6.12.2.b"
"C23742",1,1,2025-04-26,2025-05-02,"6.12.2.b"
"C23742",1,1,2025-04-27,2025-05-03,"6.12.2.b"
"C23742",1,1,2025-05-03,2025-05-09,"6.12.2.b"
"C23742",1,1,2025-05-05,2025-05-11,"6.12.2.b"
"C23742",1,1,2025-05-06,2025-05-12,"6.12.2.b"
"C23742",1,1,2025-05-07,2025-05-13,"6.12.2.b"
"C23742",1,1,2025-05-08,2025-05-14,"6.12.2.b"
"C23742",1,1,2025-05-09,2025-05-15,"6.12.2.b"
"C23742",1,1,2025-05-12,2025-05-18,"6.12.2.b"
"C23742",1,1,2025-05-13,2025-05-19,"6.12.2.b"
"C23742",1,1,2025-05-16,2025-05-22,"6.12.2.b"
"C23742",1,1,2025-05-17,2025-05-23,"6.12.2.b"
"C23742",1,1,2025-05-18,2025-05-24,"6.12.2.b"
"C23742",1,1,2025-05-20,2025-05-26,"6.12.2.b"
"C23742",1,1,2026-02-01,2026-02-07,"6.12.2.b"
"C23745",1,1,2023-12-20,2024-01-01,"6.12.2.a"
"C23745",1,1,2024-01-01,2024-01-07,"6.12.2.b"
"C23745",1,1,2024-11-13,2024-11-19,"6.12.2.b"
"C23745",1,1,2024-11-14,2024-11-20,"6.12.2.b"
"C23745",1,1,2024-11-15,2024-11-21,"6.12.2.b"
"C23745",1,1,2024-11-17,2024-11-23,"6.12.2.b"
"C23745",1,1,2024-11-18,2024-11-24,"6.12.2.b"
"C23745",1,1,2024-11-19,2024-11-25,"6.12.2.b"
"C23745",1,1,2024-11-20,2024-11-26,"6.12.2.b"
"C23745",1,1,2024-11-22,2024-11-28,"6.12.2.b"
"C23745",1,1,2024-11-23,2024-11-29,"6.12.2.b"
"C23745",1,1,2024-11-24,2024-11-30,"6.12.2.b"
"C23745",1,1,2024-11-25,2024-12-23,"6.12.2.a"
"C23745",1,1,2024-12-15,2025-10-30,"6.12.2.a"
"C23745",1,1,2024-12-20,2024-12-26,"6.12.2.b"
"C23745",1,1,2024-12-22,2024-12-28,"6.12.2.b"
"C23745",1,1,2024-12-25,2024-12-31,"6.12.2.b"
"C23745",1,1,2024-12-29,2025-01-04,"6.12.2.b"
"C23745",1,1,2024-12-30,2025-01-05,"6.12.2.b"
"C23745",1,1,2024-12-31,2025-01-06,"6.12.2.b"
"C23745",1,1,2025-01-01,2025-01-07,"6.12.2.b"
"C23745",1,1,2025-01-03,2025-01-09,"6.12.2.b"
"C23745",1,1,2025-01-04,2025-01-10,"6.12.2.b"
"C23745",1,1,2025-01-05,2025-01-11,"6.12.2.b"
"C23745",1,1,2025-01-06,2025-01-12,"6.12.2.b"
"C23745",1,1,2025-01-07,2025-01-13,"6.12.2.b"
"C23745",1,1,2025-01-08,2025-01-14,"6.12.2.b"
"C23745",1,1,2025-01-10,2025-01-16,"6.12.2.b"
"C23745",1,1,2025-01-11,2025-01-17,"6.12.2.b"
"C23745",1,1,2025-01-12,2025-01-18,"6.12.2.b"
"C23745",1,1,2025-01-13,2025-01-19,"6.12.2.b"
"C23745",1,1,2025-01-14,2025-01-20,"6.12.2.b"
"C23745",1,1,2025-01-15,2025-01-21,"6.12.2.b"
"C23745",1,1,2025-01-16,2025-01-22,"6.12.2.b"
"C23745",1,1,2025-01-17,2025-01-23,"6.12.2.b"
"C23745",1,1,2025-01-18,2025-01-24,"6.12.2.b"
"C23745",1,1,2025-01-19,2025-01-25,"6.12.2.b"
"C23745",1,1,2025-01-20,2025-01-26,"6.12.2.b"
"C23745",1,1,2025-01-21,2025-01-27,"6.12.2.b"
"C23745",1,1,2025-01-22,2025-01-28,"6.12.2.b"
"C23745",1,1,2025-01-23,2025-01-29,"6.12.2.b"
"C23745",1,1,2025-01-24,2025-01-30,"6.12.2.b"
"C23745",1,1,2025-01-25,2025-01-31,"6.12.2.b"
"C23745",1,1,2025-01-26,2025-02-01,"6.12.2.b"
"C23745",1,1,2025-01-27,2025-02-02,"6.12.2.b"
"C23745",1,1,2025-01-30,2025-02-05,"6.12.2.b"
"C23745",1,1,2025-01-31,2025-02-06,"6.12.2.b"
"C23745",1,1,2025-02-04,2025-02-10,"6.12.2.b"
"C23745",1,1,2025-02-05,2025-02-11,"6.12.2.b"
"C23745",1,1,2025-02-06,2025-02-12,"6.12.2.b"
"C23745",1,1,2025-02-07,2025-02-13,"6.12.2.b"
"C23745",1,1,2025-02-10,2025-02-16,"6.12.2.b"
"C23745",1,1,2025-02-13,2025-02-19,"6.12.2.b"
"C23745",1,1,2025-02-15,2025-02-21,"6.12.2.b"
"C23745",1,1,2025-02-16,2025-02-22,"6.12.2.b"
"C23745",1,1,2025-02-24,2025-03-02,"6.12.2.b"
"C23745",1,1,2025-02-26,2025-03-04,"6.12.2.b"
"C23994",1,1,2024-08-17,2024-09-23,"6.12.2.a"
"C23994",1,1,2024-09-20,2025-10-07,"6.12.2.a"
"C24057",1,1,2024-01-04,2024-01-10,"6.12.2.b"
"C24057",1,1,2024-01-05,2024-01-11,"6.12.2.b"
"C24057",1,1,2024-01-06,2024-01-12,"6.12.2.b"
"C24057",1,1,2024-01-07,2024-01-13,"6.12.2.b"
"C24057",1,1,2024-01-08,2024-01-14,"6.12.2.b"
"C24057",1,1,2024-01-10,2024-01-16,"6.12.2.b"
"C24057",1,1,2024-01-11,2024-01-17,"6.12.2.b"
"C24057",1,1,2024-01-12,2024-01-18,"6.12.2.b"
"C24057",1,1,2024-01-13,2024-01-19,"6.12.2.b"
"C24057",1,1,2024-01-14,2024-01-20,"6.12.2.b"
"C24057",1,1,2024-01-15,2024-01-21,"6.12.2.b"
"C24057",1,1,2024-01-17,2024-01-23,"6.12.2.b"
"C24057",1,1,2024-01-18,2024-01-24,"6.12.2.b"
"C24057",1,1,2024-01-19,2024-01-25,"6.12.2.b"
"C24057",1,1,2024-01-20,2024-01-26,"6.12.2.b"
"C24057",1,1,2024-01-21,2024-01-27,"6.12.2.b"
"C24057",1,1,2024-01-22,2024-01-28,"6.12.2.b"
"C24057",1,1,2024-01-23,2024-01-29,"6.12.2.b"
"C24057",1,1,2024-01-24,2024-01-30,"6.12.2.b"
"C24057",1,1,2024-01-25,2024-01-31,"6.12.2.b"
"C24057",1,1,2024-01-26,2024-02-01,"6.12.2.b"
"C24057",1,1,2024-01-27,2024-02-02,"6.12.2.b"
"C24057",1,1,2024-01-28,2024-02-03,"6.12.2.b"
"C24057",1,1,2024-01-29,2024-02-04,"6.12.2.b"
"C24057",1,1,2024-01-30,2024-02-05,"6.12.2.b"
"C24057",1,1,2024-01-31,2024-02-06,"6.12.2.b"
"C24057",1,1,2024-02-01,2024-02-07,"6.12.2.b"
"C24057",1,1,2024-02-02,2024-02-08,"6.12.2.b"
"C24057",1,1,2024-02-03,2024-02-09,"6.12.2.b"
"C24057",1,1,2024-02-04,2024-02-10,"6.12.2.b"
"C24057",1,1,2024-02-05,2024-02-11,"6.12.2.b"
"C24057",1,1,2024-02-06,2024-02-12,"6.12.2.b"
"C24057",1,1,2024-02-07,2024-02-13,"6.12.2.b"
"C24057",1,1,2024-02-08,2024-02-14,"6.12.2.b"
"C24057",1,1,2024-02-09,2024-02-15,"6.12.2.b"
"C24057",1,1,2024-02-10,2024-02-16,"6.12.2.b"
"C24057",1,1,2024-02-11,2024-02-17,"6.12.2.b"
"C24057",1,1,2024-02-11,2026-02-10,"6.12.2.a"
"C24057",1,1,2024-02-13,2024-02-19,"6.12.2.b"
"C24057",1,1,2024-02-14,2024-02-20,"6.12.2.b"
"C24057",1,1,2024-02-15,2024-02-21,"6.12.2.b"
"C24057",1,1,2024-02-16,2024-02-22,"6.12.2.b"
"C24057",1,1,2024-02-17,2024-02-23,"6.12.2.b"
"C24057",1,1,2024-02-18,2024-02-24,"6.12.2.b"
"C24057",1,1,2024-02-21,2024-02-27,"6.12.2.b"
"C24057",1,1,2024-02-23,2024-02-29,"6.12.2.b"
"C24057",1,1,2024-02-24,2024-03-01,"6.12.2.b"
"C24093",1,1,2024-04-01,2024-04-07,"6.12.2.b"
"C24093",1,1,2024-04-08,2024-04-14,"6.12.2.b"
"C24093",1,1,2024-04-24,2024-04-30,"6.12.2.b"
"C24093",1,1,2024-05-22,2024-05-28,"6.12.2.b"
"C24093",1,1,2024-12-16,2024-12-22,"6.12.2.b"
"C24093",1,1,2024-12-17,2024-12-23,"6.12.2.b"
"C24093",1,1,2024-12-19,2024-12-25,"6.12.2.b"
"C24093",1,1,2024-12-20,2024-12-26,"6.12.2.b"
"C24093",1,1,2024-12-21,2024-12-27,"6.12.2.b"
"C24093",1,1,2024-12-22,2024-12-28,"6.12.2.b"
"C24093",1,1,2024-12-24,2024-12-30,"6.12.2.b"
"C24093",1,1,2024-12-25,2024-12-31,"6.12.2.b"
"C24093",1,1,2024-12-26,2025-01-01,"6.12.2.b"
"C24093",1,1,2024-12-27,2025-01-02,"6.12.2.b"
"C24093",1,1,2024-12-28,2025-01-03,"6.12.2.b"
"C24093",1,1,2024-12-29,2025-01-04,"6.12.2.b"
"C24093",1,1,2024-12-30,2025-01-05,"6.12.2.b"
"C24093",1,1,2024-12-31,2025-01-06,"6.12.2.b"
"C24093",1,1,2025-01-01,2025-01-07,"6.12.2.b"
"C24093",1,1,2025-01-02,2025-01-08,"6.12.2.b"
"C24093",1,1,2025-01-03,2025-01-09,"6.12.2.b"
"C24093",1,1,2025-01-04,2025-01-10,"6.12.2.b"
"C24093",1,1,2025-01-05,2025-01-11,"6.12.2.b"
"C24093",1,1,2025-01-06,2025-01-12,"6.12.2.b"
"C24093",1,1,2025-01-07,2025-01-13,"6.12.2.b"
"C24093",1,1,2025-01-08,2025-01-14,"6.12.2.b"
"C24093",1,1,2025-01-09,2025-01-15,"6.12.2.b"
"C24093",1,1,2025-01-11,2025-01-17,"6.12.2.b"
"C24093",1,1,2025-01-12,2025-01-18,"6.12.2.b"
"C24093",1,1,2025-01-14,2025-01-20,"6.12.2.b"
"C24093",1,1,2025-01-14,2025-06-15,"6.12.2.a"
"C24093",1,1,2025-01-18,2025-01-24,"6.12.2.b"
"C24093",1,1,2025-01-19,2025-01-25,"6.12.2.b"
"C24093",1,1,2025-06-15,2026-09-30,"6.12.2.a"
"C24093",1,1,2025-06-16,2025-06-22,"6.12.2.b"
"C24093",1,1,2025-06-18,2025-06-24,"6.12.2.b"
"C24102",1,1,2024-01-16,2024-01-22,"6.12.2.b"
"C24102",1,1,2024-01-17,2024-01-23,"6.12.2.b"
"C24102",1,1,2024-01-18,2024-01-24,"6.12.2.b"
"C24102",1,1,2024-01-19,2024-01-25,"6.12.2.b"
"C24102",1,1,2024-01-21,2024-01-27,"6.12.2.b"
"C24102",1,1,2024-01-22,2024-01-28,"6.12.2.b"
"C24102",1,1,2024-01-26,2024-02-01,"6.12.2.b"
"C24102",1,1,2024-01-28,2024-02-03,"6.12.2.b"
"C24102",1,1,2024-01-29,2024-02-04,"6.12.2.b"
"C24102",1,1,2024-01-29,2024-06-22,"6.12.2.a"
"C24102",1,1,2024-01-30,2024-02-05,"6.12.2.b"
"C24102",1,1,2024-01-31,2024-02-06,"6.12.2.b"
"C24102",1,1,2024-02-01,2024-02-07,"6.12.2.b"
"C24102",1,1,2024-02-03,2024-02-09,"6.12.2.b"
"C24102",1,1,2024-02-09,2024-02-15,"6.12.2.b"
"C24102",1,1,2024-02-11,2024-02-17,"6.12.2.b"
"C24102",1,1,2024-10-22,2024-11-02,"6.12.2.a"
"C24102",1,1,2024-10-28,2024-11-17,"6.12.2.a"
"C24102",1,1,2024-11-14,2024-12-01,"6.12.2.a"
"C24102",1,1,2024-11-26,2024-12-03,"6.12.2.a"
"C24102",1,1,2024-11-28,2024-12-06,"6.12.2.a"
"C24102",1,1,2024-12-01,2024-12-21,"6.12.2.a"
"C24102",1,1,2024-12-02,2025-10-31,"6.12.2.a"
"C24102",1,1,2024-12-23,2025-02-04,"6.12.2.a"
"C24102",1,1,2025-02-16,2025-02-22,"6.12.2.b"
"C24102",1,1,2026-01-25,2026-02-17,"6.12.2.a"
"C24102",1,1,2026-04-20,2026-09-30,"6.12.2.a"
"C24837",1,1,2024-12-19,2024-12-25,"6.12.2.b"
"C24837",1,1,2024-12-21,2024-12-27,"6.12.2.b"
"C24837",1,1,2024-12-22,2024-12-28,"6.12.2.b"
"C24837",1,1,2024-12-23,2024-12-29,"6.12.2.b"
"C24837",1,1,2024-12-24,2024-12-30,"6.12.2.b"
"C24837",1,1,2024-12-25,2024-12-31,"6.12.2.b"
"C24837",1,1,2024-12-26,2025-01-01,"6.12.2.b"
"C24837",1,1,2024-12-27,2025-01-02,"6.12.2.b"
"C24837",1,1,2024-12-28,2025-01-03,"6.12.2.b"
"C24837",1,1,2024-12-29,2025-01-04,"6.12.2.b"
"C24837",1,1,2024-12-31,2025-01-06,"6.12.2.b"
"C24837",1,1,2025-01-02,2025-01-08,"6.12.2.b"
"C24837",1,1,2025-01-05,2025-01-11,"6.12.2.b"
"C24837",1,1,2025-01-06,2025-01-12,"6.12.2.b"
"C24837",1,1,2025-01-07,2025-01-13,"6.12.2.b"
"C24837",1,1,2025-01-08,2025-01-14,"6.12.2.b"
"C24837",1,1,2025-01-10,2025-01-16,"6.12.2.b"
"C24837",1,1,2025-01-12,2025-01-18,"6.12.2.b"
"C24837",1,1,2025-01-13,2025-01-19,"6.12.2.b"
"C24837",1,1,2025-01-15,2025-01-21,"6.12.2.b"
"C24837",1,1,2025-01-17,2025-01-23,"6.12.2.b"
"C24837",1,1,2025-01-19,2025-01-25,"6.12.2.b"
"C24837",1,1,2025-01-20,2025-01-26,"6.12.2.b"
"C24837",1,1,2025-01-21,2025-01-27,"6.12.2.b"
"C24837",1,1,2025-01-23,2025-01-29,"6.12.2.b"
"C24837",1,1,2025-01-25,2025-01-31,"6.12.2.b"
"C24837",1,1,2025-01-27,2025-02-02,"6.12.2.b"
"C24837",1,1,2025-01-29,2025-02-04,"6.12.2.b"
"C24837",1,1,2025-01-31,2025-02-06,"6.12.2.b"
"C24837",1,1,2025-01-31,2025-11-17,"6.12.2.a"
"C24837",1,1,2025-02-01,2025-02-07,"6.12.2.b"
"C24837",1,1,2025-02-02,2025-02-08,"6.12.2.b"
"C24837",1,1,2025-02-03,2025-02-09,"6.12.2.b"
"C24837",1,1,2025-02-04,2025-02-10,"6.12.2.b"
"C24837",1,1,2025-02-05,2025-02-11,"6.12.2.b"
"C24837",1,1,2025-02-07,2025-02-13,"6.12.2.b"
"C24837",1,1,2025-02-08,2025-02-14,"6.12.2.b"
"C24837",1,1,2025-02-09,2025-02-15,"6.12.2.b"
"C24837",1,1,2025-02-10,2025-02-16,"6.12.2.b"
"C24837",1,1,2025-02-11,2025-02-17,"6.12.2.b"
"C24837",1,1,2025-02-14,2025-02-20,"6.12.2.b"
"C24837",1,1,2025-02-17,2025-02-23,"6.12.2.b"
"C24837",1,1,2025-02-18,2025-02-24,"6.12.2.b"
"C24837",1,1,2025-02-19,2025-02-25,"6.12.2.b"
"C24837",1,1,2025-02-20,2025-02-26,"6.12.2.b"
"C24837",1,1,2025-02-22,2025-02-28,"6.12.2.b"
"C24837",1,1,2025-02-24,2025-03-02,"6.12.2.b"
"C24837",1,1,2025-02-25,2025-03-03,"6.12.2.b"
"C24837",1,1,2025-02-26,2025-03-04,"6.12.2.b"
"C24837",1,1,2025-02-28,2025-03-06,"6.12.2.b"
"C24837",1,1,2025-03-01,2025-03-07,"6.12.2.b"
"C24837",1,1,2025-03-02,2025-03-08,"6.12.2.b"
"C24837",1,1,2025-03-04,2025-03-10,"6.12.2.b"
"C24837",1,1,2025-03-05,2025-03-11,"6.12.2.b"
"C24837",1,1,2025-03-06,2025-03-12,"6.12.2.b"
"C24837",1,1,2025-03-08,2025-03-14,"6.12.2.b"
"C24837",1,1,2025-03-09,2025-03-15,"6.12.2.b"
"C24837",1,1,2025-03-10,2025-03-16,"6.12.2.b"
"C24837",1,1,2025-03-11,2025-03-17,"6.12.2.b"
"C24837",1,1,2025-03-12,2025-03-18,"6.12.2.b"
"C24837",1,1,2025-03-13,2025-03-19,"6.12.2.b"
"C24837",1,1,2025-03-14,2025-03-20,"6.12.2.b"
"C24837",1,1,2025-03-15,2025-03-21,"6.12.2.b"
"C24837",1,1,2025-03-16,2025-03-22,"6.12.2.b"
"C24837",1,1,2025-03-18,2025-03-24,"6.12.2.b"
"C24837",1,1,2025-03-20,2025-03-26,"6.12.2.b"
"C24837",1,1,2025-03-22,2025-03-28,"6.12.2.b"
"C24837",1,1,2025-03-23,2025-03-29,"6.12.2.b"
"C24837",1,1,2025-03-25,2025-03-31,"6.12.2.b"
"C24837",1,1,2025-03-26,2025-04-01,"6.12.2.b"
"C24837",1,1,2025-03-28,2025-04-03,"6.12.2.b"
"C24837",1,1,2025-03-29,2025-04-04,"6.12.2.b"
"C24837",1,1,2025-03-30,2025-04-05,"6.12.2.b"
"C24837",1,1,2025-03-31,2025-04-06,"6.12.2.b"
"C24837",1,1,2025-04-01,2025-04-07,"6.12.2.b"
"C24837",1,1,2025-04-02,2025-04-08,"6.12.2.b"
"C24837",1,1,2025-04-03,2025-04-09,"6.12.2.b"
"C24837",1,1,2025-04-06,2025-04-12,"6.12.2.b"
"C24837",1,1,2025-04-08,2025-04-14,"6.12.2.b"
"C24837",1,1,2025-04-09,2025-04-15,"6.12.2.b"
"C24837",1,1,2025-04-11,2025-04-17,"6.12.2.b"
"C25020",1,1,2024-03-23,2024-03-29,"6.12.2.b"
"C25020",1,1,2024-03-25,2024-03-31,"6.12.2.b"
"C25020",1,1,2024-03-26,2024-04-01,"6.12.2.b"
"C25020",1,1,2024-03-29,2024-04-04,"6.12.2.b"
"C25020",1,1,2024-03-31,2024-04-06,"6.12.2.b"
"C25020",1,1,2024-04-03,2024-04-09,"6.12.2.b"
"C25020",1,1,2024-04-04,2024-04-10,"6.12.2.b"
"C25020",1,1,2024-04-06,2024-04-12,"6.12.2.b"
"C25020",1,1,2024-04-09,2024-04-15,"6.12.2.b"
"C25020",1,1,2024-04-10,2024-04-16,"6.12.2.b"
"C25020",1,1,2024-04-13,2024-04-19,"6.12.2.b"
"C25020",1,1,2024-04-15,2024-04-21,"6.12.2.b"
"C25020",1,1,2024-04-16,2024-04-22,"6.12.2.b"
"C25020",1,1,2024-04-19,2024-04-25,"6.12.2.b"
"C25020",1,1,2024-04-19,2026-02-10,"6.12.2.a"
"C25020",1,1,2024-04-20,2024-04-26,"6.12.2.b"
"C25020",1,1,2024-04-21,2024-04-27,"6.12.2.b"
"C25020",1,1,2024-04-22,2024-04-28,"6.12.2.b"
"C25020",1,1,2024-04-24,2024-04-30,"6.12.2.b"
"C25020",1,1,2024-04-30,2024-05-06,"6.12.2.b"
"C25020",1,1,2024-05-01,2024-05-07,"6.12.2.b"
"C25161",1,1,2024-04-01,2024-04-07,"6.12.2.b"
"C25161",1,1,2024-04-05,2024-04-11,"6.12.2.b"
"C25161",1,1,2024-04-06,2024-04-12,"6.12.2.b"
"C25161",1,1,2024-04-10,2024-04-16,"6.12.2.b"
"C25161",1,1,2024-04-12,2024-04-18,"6.12.2.b"
"C25161",1,1,2024-04-14,2024-04-20,"6.12.2.b"
"C25161",1,1,2024-04-17,2024-04-23,"6.12.2.b"
"C25161",1,1,2024-04-19,2024-04-25,"6.12.2.b"
"C25161",1,1,2024-04-19,2026-02-10,"6.12.2.a"
"C25161",1,1,2024-04-21,2024-04-27,"6.12.2.b"
"C25161",1,1,2024-04-23,2024-04-29,"6.12.2.b"
"C25161",1,1,2024-04-24,2024-04-30,"6.12.2.b"
"C25161",1,1,2024-04-25,2024-05-01,"6.12.2.b"
"C25161",1,1,2024-04-27,2024-05-03,"6.12.2.b"
"C25161",1,1,2024-04-29,2024-05-05,"6.12.2.b"
"C25161",1,1,2024-04-30,2024-05-06,"6.12.2.b"
"C25161",1,1,2024-05-02,2024-05-08,"6.12.2.b"
"C25161",1,1,2024-05-03,2024-05-09,"6.12.2.b"
"C25161",1,1,2024-05-07,2024-05-13,"6.12.2.b"
"C25161",1,1,2024-05-10,2024-05-16,"6.12.2.b"
"C25161",1,1,2024-05-11,2024-05-17,"6.12.2.b"
"C25161",1,1,2024-05-15,2024-05-21,"6.12.2.b"
"C25161",1,1,2024-05-17,2024-05-23,"6.12.2.b"
"C25161",1,1,2024-05-24,2024-05-30,"6.12.2.b"
"C25161",1,1,2024-05-29,2024-06-04,"6.12.2.b"
"C25161",1,1,2024-06-04,2024-06-10,"6.12.2.b"
"C25161",1,1,2024-06-05,2024-06-11,"6.12.2.b"
"C25743",2,1,2025-06-14,2025-06-20,"6.12.2.b"
"C25743",2,1,2025-06-16,2025-06-22,"6.12.2.b"
"C25743",2,1,2025-06-27,2025-07-03,"6.12.2.b"
"C25743",2,1,2025-06-29,2025-07-05,"6.12.2.b"
"C25743",2,1,2025-07-02,2025-07-08,"6.12.2.b"
"C25743",2,1,2025-07-07,2025-07-13,"6.12.2.b"
"C25743",2,1,2025-07-11,2025-07-17,"6.12.2.b"
"C25743",2,1,2025-07-24,2025-07-30,"6.12.2.b"
"C25743",2,1,2025-08-03,2025-08-09,"6.12.2.b"
"C25743",2,1,2025-08-07,2025-08-13,"6.12.2.b"
"C25743",2,1,2025-08-13,2025-08-19,"6.12.2.b"
"C25743",2,1,2025-08-22,2025-08-28,"6.12.2.b"
"C25743",2,1,2025-08-24,2025-08-30,"6.12.2.b"
"C25743",2,1,2025-08-24,2026-02-05,"6.12.2.a"
"C25743",2,1,2025-08-25,2025-08-31,"6.12.2.b"
"C25743",2,1,2025-08-26,2025-09-01,"6.12.2.b"
"C25743",2,1,2025-09-01,2025-09-07,"6.12.2.b"
"C25743",2,1,2025-09-04,2025-09-10,"6.12.2.b"
"C25743",2,1,2025-09-05,2025-09-11,"6.12.2.b"
"C25743",2,1,2025-09-06,2025-09-12,"6.12.2.b"
"C25743",2,1,2025-09-07,2025-09-13,"6.12.2.b"
"C25743",2,1,2025-09-12,2025-09-18,"6.12.2.b"
"C25743",2,1,2025-09-20,2025-09-26,"6.12.2.b"
"C25746",1,1,2024-05-07,2024-05-13,"6.12.2.b"
"C25746",1,1,2024-05-08,2024-05-14,"6.12.2.b"
"C25746",1,1,2024-05-10,2024-05-16,"6.12.2.b"
"C25746",1,1,2024-05-11,2024-05-17,"6.12.2.b"
"C25746",1,1,2024-05-13,2024-05-19,"6.12.2.b"
"C25746",1,1,2024-05-14,2024-05-20,"6.12.2.b"
"C25746",1,1,2024-06-01,2024-06-07,"6.12.2.b"
"C25746",1,1,2024-06-02,2024-06-08,"6.12.2.b"
"C25746",1,1,2024-06-03,2024-06-09,"6.12.2.b"
"C25746",1,1,2024-06-04,2024-06-10,"6.12.2.b"
"C25746",1,1,2024-06-05,2024-06-11,"6.12.2.b"
"C25746",1,1,2024-06-07,2024-06-13,"6.12.2.b"
"C25746",1,1,2024-06-08,2024-06-14,"6.12.2.b"
"C25746",1,1,2024-06-09,2024-06-15,"6.12.2.b"
"C25746",1,1,2024-06-11,2024-06-17,"6.12.2.b"
"C25746",1,1,2024-06-16,2024-06-22,"6.12.2.b"
"C25746",1,1,2024-06-18,2024-06-24,"6.12.2.b"
"C25746",1,1,2024-06-19,2024-06-25,"6.12.2.b"
"C25746",1,1,2024-06-20,2024-06-26,"6.12.2.b"
"C25746",1,1,2024-06-21,2024-06-27,"6.12.2.b"
"C25746",1,1,2024-06-22,2024-06-28,"6.12.2.b"
"C25746",1,1,2024-06-23,2024-06-29,"6.12.2.b"
"C25746",1,1,2024-06-24,2024-06-30,"6.12.2.b"
"C25746",1,1,2024-06-25,2024-07-01,"6.12.2.b"
"C25746",1,1,2024-06-26,2024-07-02,"6.12.2.b"
"C25746",1,1,2024-06-28,2024-07-04,"6.12.2.b"
"C25746",1,1,2024-06-29,2024-07-05,"6.12.2.b"
"C25746",1,1,2024-06-30,2024-07-06,"6.12.2.b"
"C25746",1,1,2024-07-01,2024-07-07,"6.12.2.b"
"C25746",1,1,2025-02-10,2025-02-16,"6.12.2.b"
"C25746",1,1,2025-02-13,2025-02-19,"6.12.2.b"
"C25746",1,1,2025-02-14,2025-02-20,"6.12.2.b"
"C25746",1,1,2025-02-15,2025-02-21,"6.12.2.b"
"C25746",1,1,2025-02-16,2025-02-22,"6.12.2.b"
"C25746",1,1,2025-02-17,2025-02-23,"6.12.2.b"
"C25746",1,1,2025-02-20,2025-02-26,"6.12.2.b"
"C25746",1,1,2025-02-22,2025-02-28,"6.12.2.b"
"C25746",1,1,2025-02-23,2025-03-01,"6.12.2.b"
"C25746",1,1,2025-02-24,2025-03-02,"6.12.2.b"
"C25746",1,1,2025-02-26,2025-03-04,"6.12.2.b"
"C25746",1,1,2025-02-28,2025-03-06,"6.12.2.b"
"C25746",1,1,2025-03-01,2025-03-07,"6.12.2.b"
"C25746",1,1,2025-03-23,2025-03-29,"6.12.2.b"
"C25746",1,1,2025-03-23,2026-02-10,"6.12.2.a"
"C25746",1,1,2025-06-15,2025-06-21,"6.12.2.b"
"C25746",1,1,2025-06-18,2025-06-24,"6.12.2.b"
"C25746",1,1,2025-07-11,2025-07-17,"6.12.2.b"
"C25746",1,1,2025-07-13,2025-07-19,"6.12.2.b"
"C25746",1,1,2025-07-16,2025-07-22,"6.12.2.b"
"C25746",1,1,2025-07-18,2025-07-24,"6.12.2.b"
"C25746",1,1,2025-08-16,2025-08-22,"6.12.2.b"
"C25746",1,1,2025-08-18,2025-08-24,"6.12.2.b"
"C25746",1,1,2025-08-20,2025-08-26,"6.12.2.b"
"C25746",1,1,2025-08-24,2025-08-30,"6.12.2.b"
"C25833",1,1,2024-09-16,2024-09-22,"6.12.2.b"
"C25833",1,1,2024-09-24,2024-09-30,"6.12.2.b"
"C25833",1,1,2024-10-09,2024-10-15,"6.12.2.b"
"C25833",1,1,2025-03-18,2025-03-24,"6.12.2.b"
"C25833",1,1,2025-03-22,2025-03-28,"6.12.2.b"
"C25833",1,1,2025-03-23,2025-03-29,"6.12.2.b"
"C25833",1,1,2025-03-24,2025-03-30,"6.12.2.b"
"C25833",1,1,2025-03-26,2025-04-01,"6.12.2.b"
"C25833",1,1,2025-03-28,2025-04-03,"6.12.2.b"
"C25833",1,1,2025-03-29,2025-04-04,"6.12.2.b"
"C25833",1,1,2025-03-30,2025-04-05,"6.12.2.b"
"C25833",1,1,2025-03-31,2025-04-06,"6.12.2.b"
"C25833",1,1,2025-04-01,2025-04-07,"6.12.2.b"
"C25833",1,1,2025-04-02,2025-04-08,"6.12.2.b"
"C25833",1,1,2025-04-03,2025-04-09,"6.12.2.b"
"C25833",1,1,2025-04-04,2025-04-10,"6.12.2.b"
"C25833",1,1,2025-04-05,2025-04-11,"6.12.2.b"
"C25833",1,1,2025-04-06,2025-04-12,"6.12.2.b"
"C25833",1,1,2025-04-07,2025-04-13,"6.12.2.b"
"C25833",1,1,2025-04-11,2026-04-29,"6.12.2.a"
"C25833",1,1,2025-04-15,2025-04-21,"6.12.2.b"
"C25833",1,1,2025-04-18,2025-04-24,"6.12.2.b"
"C25833",1,1,2025-04-19,2025-04-25,"6.12.2.b"
"C25833",1,1,2025-04-20,2025-04-26,"6.12.2.b"
"C25833",1,1,2025-04-21,2025-04-27,"6.12.2.b"
"C25833",1,1,2025-04-22,2025-04-28,"6.12.2.b"
"C25833",1,1,2025-04-23,2025-04-29,"6.12.2.b"
"C25833",1,1,2025-05-15,2025-05-21,"6.12.2.b"
"C25833",1,1,2025-05-18,2025-05-24,"6.12.2.b"
"C25833",1,1,2025-05-28,2025-06-03,"6.12.2.b"
"C25833",1,1,2025-06-02,2025-06-08,"6.12.2.b"
"C25833",1,1,2026-07-01,2026-07-07,"6.12.2.b"
"C25833",1,1,2026-07-02,2026-07-08,"6.12.2.b"
"C25833",1,1,2026-07-06,2026-07-12,"6.12.2.b"
"C25833",1,1,2026-07-08,2026-07-14,"6.12.2.b"
"C25833",1,1,2026-07-11,2026-07-17,"6.12.2.b"
"C25833",1,1,2026-07-12,2026-07-18,"6.12.2.b"
"C25833",1,1,2026-07-13,2026-07-19,"6.12.2.b"
"C25833",1,1,2026-07-14,2026-07-20,"6.12.2.b"
"C25833",1,1,2026-07-19,2026-07-25,"6.12.2.b"
"C25833",1,1,2026-07-24,2026-07-30,"6.12.2.b"
"C25833",1,1,2026-07-25,2026-07-31,"6.12.2.b"
"C25833",1,1,2026-07-28,2026-09-30,"6.12.2.a"
"C25833",1,1,2026-07-29,2026-08-04,"6.12.2.b"
"C25833",1,1,2026-07-31,2026-08-06,"6.12.2.b"
"C25833",1,1,2026-08-02,2026-08-08,"6.12.2.b"
"C25833",1,1,2026-08-03,2026-08-09,"6.12.2.b"
"C26400",1,1,2024-11-12,2026-09-30,"6.12.2.a"
"C26400",1,1,2024-12-17,2025-02-14,"6.12.2.a"
"C26580",1,1,2024-06-30,2024-07-06,"6.12.2.b"
"C26580",1,1,2024-07-06,2024-07-12,"6.12.2.b"
"C26580",1,1,2024-07-07,2024-07-13,"6.12.2.b"
"C26580",1,1,2025-05-07,2025-05-13,"6.12.2.b"
"C26580",1,1,2025-05-09,2025-05-15,"6.12.2.b"
"C26580",1,1,2025-05-17,2025-05-23,"6.12.2.b"
"C26580",1,1,2025-05-18,2025-05-24,"6.12.2.b"
"C26580",1,1,2025-05-19,2025-05-25,"6.12.2.b"
"C26580",1,1,2025-05-19,2025-06-30,"6.12.2.a"
"C26580",1,1,2025-05-28,2025-06-03,"6.12.2.b"
"C26580",1,1,2025-05-29,2025-06-04,"6.12.2.b"
"C26580",1,1,2025-05-30,2025-06-05,"6.12.2.b"
"C26580",1,1,2025-06-01,2025-06-07,"6.12.2.b"
"C26580",1,1,2025-06-02,2025-06-08,"6.12.2.b"
"C26580",1,1,2025-06-03,2025-06-09,"6.12.2.b"
"C26580",1,1,2025-06-05,2025-06-11,"6.12.2.b"
"C26580",1,1,2025-06-07,2025-06-13,"6.12.2.b"
"C26580",1,1,2025-06-08,2025-06-14,"6.12.2.b"
"C26580",1,1,2025-06-09,2026-09-30,"6.12.2.a"
"C26580",1,1,2025-06-11,2025-06-17,"6.12.2.b"
"C26580",1,1,2025-06-14,2025-06-20,"6.12.2.b"
"C26580",1,1,2025-06-15,2025-06-21,"6.12.2.b"
"C26580",1,1,2025-06-17,2025-06-23,"6.12.2.b"
"C26580",1,1,2025-06-18,2025-06-24,"6.12.2.b"
"C26580",1,1,2025-06-19,2025-06-25,"6.12.2.b"
"C26580",1,1,2025-06-20,2025-06-26,"6.12.2.b"
"C26580",1,1,2025-06-21,2025-06-27,"6.12.2.b"
"C26580",1,1,2025-06-23,2025-06-29,"6.12.2.b"
"C26580",1,1,2025-06-26,2025-07-02,"6.12.2.b"
"C26649",1,1,2024-07-26,2024-09-02,"6.12.2.a"
"C26649",1,1,2024-08-05,2025-10-21,"6.12.2.a"
"C26841",1,1,2024-07-08,2024-07-19,"6.12.2.a"
"C26841",1,1,2024-07-13,2025-04-14,"6.12.2.a"
"C26841",1,1,2024-10-04,2026-09-30,"6.12.2.a"
"C26841",1,1,2025-03-01,2025-04-14,"6.12.2.a"
"C26943",1,1,2025-09-13,2025-09-24,"6.12.2.a"
"C26943",1,1,2025-09-19,2025-10-23,"6.12.2.a"
"C26973",1,1,2024-07-23,2024-07-29,"6.12.2.b"
"C26973",1,1,2024-07-30,2024-08-05,"6.12.2.b"
"C26973",1,1,2025-01-18,2025-07-12,"6.12.2.a"
"C26973",1,1,2025-07-06,2026-09-30,"6.12.2.a"
"C26973",1,1,2026-05-04,2026-05-10,"6.12.2.b"
"C26973",1,1,2026-05-14,2026-05-20,"6.12.2.b"
"C26973",1,1,2026-05-15,2026-05-21,"6.12.2.b"
"C26973",1,1,2026-05-16,2026-05-22,"6.12.2.b"
"C26973",1,1,2026-05-17,2026-05-23,"6.12.2.b"
"C26973",1,1,2026-05-18,2026-05-24,"6.12.2.b"
"C26973",1,1,2026-05-20,2026-05-26,"6.12.2.b"
"C26973",1,1,2026-05-21,2026-05-27,"6.12.2.b"
"C26973",1,1,2026-05-22,2026-05-28,"6.12.2.b"
"C26973",1,1,2026-05-23,2026-05-29,"6.12.2.b"
"C26973",1,1,2026-05-25,2026-05-31,"6.12.2.b"
"C26973",1,1,2026-05-26,2026-06-01,"6.12.2.b"
"C26973",1,1,2026-05-27,2026-06-02,"6.12.2.b"
"C26973",1,1,2026-05-29,2026-06-04,"6.12.2.b"
"C26973",1,1,2026-05-30,2026-06-05,"6.12.2.b"
"C26973",1,1,2026-06-01,2026-06-07,"6.12.2.b"
"C26973",1,1,2026-06-02,2026-06-08,"6.12.2.b"
"C26973",1,1,2026-07-23,2026-09-30,"6.12.2.a"
"C27021",1,1,2024-07-30,2024-08-05,"6.12.2.b"
"C27021",1,1,2024-08-02,2026-07-30,"6.12.2.a"
"C27021",1,1,2024-08-03,2024-08-09,"6.12.2.b"
"C27021",1,1,2024-08-06,2024-08-12,"6.12.2.b"
"C27021",1,1,2024-08-07,2024-08-13,"6.12.2.b"
"C27021",1,1,2024-08-10,2024-08-16,"6.12.2.b"
"C27021",1,1,2024-08-12,2024-08-18,"6.12.2.b"
"C27021",1,1,2024-08-18,2024-08-24,"6.12.2.b"
"C27021",1,1,2024-08-20,2024-08-26,"6.12.2.b"
"C27021",1,1,2024-08-22,2024-08-28,"6.12.2.b"
"C27021",1,1,2024-08-24,2024-08-30,"6.12.2.b"
"C27021",1,1,2024-08-26,2024-09-01,"6.12.2.b"
"C27021",1,1,2024-08-27,2024-09-02,"6.12.2.b"
"C27021",1,1,2024-08-30,2024-09-05,"6.12.2.b"
"C27021",1,1,2024-09-06,2024-09-12,"6.12.2.b"
"C27021",1,1,2024-09-10,2024-09-16,"6.12.2.b"
"C27021",1,1,2024-09-11,2024-09-17,"6.12.2.b"
"C27021",1,1,2024-09-12,2024-09-18,"6.12.2.b"
"C27021",1,1,2024-09-16,2024-09-22,"6.12.2.b"
"C27021",1,1,2024-09-17,2024-09-23,"6.12.2.b"
"C27021",1,1,2024-09-21,2024-09-27,"6.12.2.b"
"C27021",1,1,2024-09-25,2024-10-01,"6.12.2.b"
"C27021",1,1,2024-10-01,2024-10-07,"6.12.2.b"
"C27021",1,1,2024-10-08,2024-10-14,"6.12.2.b"
"C27021",1,1,2024-10-17,2024-10-23,"6.12.2.b"
"C27021",1,1,2024-10-18,2024-10-24,"6.12.2.b"
"C27021",1,1,2024-10-20,2024-10-26,"6.12.2.b"
"C27021",1,1,2024-10-21,2024-10-27,"6.12.2.b"
"C27021",1,1,2024-10-27,2024-11-02,"6.12.2.b"
"C27021",1,1,2024-11-01,2024-11-07,"6.12.2.b"
"C27021",1,1,2024-11-07,2024-11-13,"6.12.2.b"
"C27021",1,1,2024-11-08,2024-11-14,"6.12.2.b"
"C27021",1,1,2024-11-11,2024-11-17,"6.12.2.b"
"C27021",1,1,2024-11-15,2024-11-21,"6.12.2.b"
"C27021",1,1,2024-11-16,2024-11-22,"6.12.2.b"
"C27021",1,1,2024-11-23,2024-11-29,"6.12.2.b"
"C27021",1,1,2024-11-24,2024-11-30,"6.12.2.b"
"C27090",1,1,2024-08-05,2024-11-22,"6.12.2.a"
"C27090",1,1,2024-09-13,2025-03-05,"6.12.2.a"
"C27090",1,1,2024-12-23,2025-03-13,"6.12.2.a"
"C27090",1,1,2025-03-28,2025-04-03,"6.12.2.b"
"C27090",1,1,2025-03-29,2025-04-04,"6.12.2.b"
"C27090",1,1,2025-03-30,2025-04-05,"6.12.2.b"
"C27090",1,1,2025-03-31,2025-04-06,"6.12.2.b"
"C27090",1,1,2025-04-01,2025-04-07,"6.12.2.b"
"C27090",1,1,2025-04-02,2025-04-08,"6.12.2.b"
"C27090",1,1,2025-04-03,2025-04-09,"6.12.2.b"
"C27090",1,1,2025-04-04,2025-04-10,"6.12.2.b"
"C27090",1,1,2025-04-05,2025-04-11,"6.12.2.b"
"C27090",1,1,2025-04-06,2025-04-12,"6.12.2.b"
"C27090",1,1,2025-04-07,2025-04-13,"6.12.2.b"
"C27090",1,1,2025-04-08,2025-04-14,"6.12.2.b"
"C27090",1,1,2025-04-09,2025-04-15,"6.12.2.b"
"C27090",1,1,2025-04-10,2025-04-16,"6.12.2.b"
"C27090",1,1,2025-04-11,2025-04-17,"6.12.2.b"
"C27090",1,1,2025-04-13,2025-04-19,"6.12.2.b"
"C27090",1,1,2025-04-14,2025-04-20,"6.12.2.b"
"C27090",1,1,2025-04-15,2025-04-21,"6.12.2.b"
"C27090",1,1,2025-04-16,2025-04-22,"6.12.2.b"
"C27090",1,1,2025-04-17,2025-04-23,"6.12.2.b"
"C27090",1,1,2025-04-18,2025-04-24,"6.12.2.b"
"C27090",1,1,2025-04-19,2025-04-25,"6.12.2.b"
"C27090",1,1,2025-04-20,2025-04-26,"6.12.2.b"
"C27090",1,1,2025-04-21,2025-04-27,"6.12.2.b"
"C27090",1,1,2025-04-22,2025-04-28,"6.12.2.b"
"C27090",1,1,2025-04-23,2025-04-29,"6.12.2.b"
"C27090",1,1,2025-04-24,2025-04-30,"6.12.2.b"
"C27090",1,1,2025-04-25,2025-05-01,"6.12.2.b"
"C27090",1,1,2025-04-26,2025-05-02,"6.12.2.b"
"C27090",1,1,2025-04-27,2025-05-03,"6.12.2.b"
"C27090",1,1,2025-04-28,2025-05-04,"6.12.2.b"
"C27090",1,1,2025-04-29,2025-05-05,"6.12.2.b"
"C27090",1,1,2025-05-01,2025-05-07,"6.12.2.b"
"C27090",1,1,2025-05-02,2025-05-08,"6.12.2.b"
"C27090",1,1,2025-05-03,2025-05-09,"6.12.2.b"
"C27090",1,1,2025-05-04,2025-05-10,"6.12.2.b"
"C27090",1,1,2025-05-05,2025-05-11,"6.12.2.b"
"C27090",1,1,2025-05-06,2025-05-12,"6.12.2.b"
"C27090",1,1,2025-05-07,2025-05-13,"6.12.2.b"
"C27090",1,1,2025-05-08,2025-05-14,"6.12.2.b"
"C27090",1,1,2025-05-09,2025-05-15,"6.12.2.b"
"C27090",1,1,2025-05-10,2025-05-16,"6.12.2.b"
"C27090",1,1,2025-05-11,2025-05-17,"6.12.2.b"
"C27090",1,1,2025-05-12,2025-05-18,"6.12.2.b"
"C27090",1,1,2025-05-13,2025-05-19,"6.12.2.b"
"C27090",1,1,2025-05-14,2025-05-20,"6.12.2.b"
"C27090",1,1,2025-05-15,2025-05-21,"6.12.2.b"
"C27090",1,1,2025-05-16,2025-05-22,"6.12.2.b"
"C27090",1,1,2025-05-17,2025-05-23,"6.12.2.b"
"C27090",1,1,2025-05-18,2025-05-24,"6.12.2.b"
"C27090",1,1,2025-05-19,2025-05-25,"6.12.2.b"
"C27090",1,1,2025-05-20,2025-05-26,"6.12.2.b"
"C27090",1,1,2025-05-21,2025-05-27,"6.12.2.b"
"C27090",1,1,2025-05-22,2025-05-28,"6.12.2.b"
"C27090",1,1,2025-05-23,2025-05-29,"6.12.2.b"
"C27090",1,1,2025-05-24,2025-05-30,"6.12.2.b"
"C27090",1,1,2025-05-25,2025-05-31,"6.12.2.b"
"C27090",1,1,2025-05-26,2025-06-01,"6.12.2.b"
"C27090",1,1,2025-05-26,2026-02-10,"6.12.2.a"
"C27090",1,1,2025-05-27,2025-06-02,"6.12.2.b"
"C27090",1,1,2025-05-28,2025-06-03,"6.12.2.b"
"C27090",1,1,2025-05-29,2025-06-04,"6.12.2.b"
"C27090",1,1,2025-05-30,2025-06-05,"6.12.2.b"
"C27090",1,1,2025-05-31,2025-06-06,"6.12.2.b"
"C27090",1,1,2025-06-01,2025-06-07,"6.12.2.b"
"C27090",1,1,2025-06-02,2025-06-08,"6.12.2.b"
"C27090",1,1,2025-06-03,2025-06-09,"6.12.2.b"
"C27090",1,1,2025-06-04,2025-06-10,"6.12.2.b"
"C27090",1,1,2025-06-05,2025-06-11,"6.12.2.b"
"C27090",1,1,2025-06-06,2025-06-12,"6.12.2.b"
"C27090",1,1,2025-06-07,2025-06-13,"6.12.2.b"
"C27090",1,1,2025-06-08,2025-06-14,"6.12.2.b"
"C27090",1,1,2025-06-09,2025-06-15,"6.12.2.b"
"C27090",1,1,2025-06-10,2025-06-16,"6.12.2.b"
"C27090",1,1,2025-06-11,2025-06-17,"6.12.2.b"
"C27090",1,1,2025-06-12,2025-06-18,"6.12.2.b"
"C27090",1,1,2025-06-13,2025-06-19,"6.12.2.b"
"C27090",1,1,2025-06-14,2025-06-20,"6.12.2.b"
"C27090",1,1,2025-06-15,2025-06-21,"6.12.2.b"
"C27090",1,1,2025-06-16,2025-06-22,"6.12.2.b"
"C27090",1,1,2025-06-17,2025-06-23,"6.12.2.b"
"C27090",1,1,2025-06-18,2025-06-24,"6.12.2.b"
"C27090",1,1,2025-06-19,2025-06-25,"6.12.2.b"
"C27090",1,1,2025-06-20,2025-06-26,"6.12.2.b"
"C27090",1,1,2025-06-21,2025-06-27,"6.12.2.b"
"C27090",1,1,2025-06-22,2025-06-28,"6.12.2.b"
"C27090",1,1,2025-06-23,2025-06-29,"6.12.2.b"
"C27090",1,1,2025-06-24,2025-06-30,"6.12.2.b"
"C27090",1,1,2025-06-25,2025-07-01,"6.12.2.b"
"C27090",1,1,2025-06-26,2025-07-02,"6.12.2.b"
"C27090",1,1,2025-06-27,2025-07-03,"6.12.2.b"
"C27090",1,1,2025-06-28,2025-07-04,"6.12.2.b"
"C27090",1,1,2025-06-29,2025-07-05,"6.12.2.b"
"C27090",1,1,2025-06-30,2025-07-06,"6.12.2.b"
"C27090",1,1,2025-07-01,2025-07-07,"6.12.2.b"
"C27090",1,1,2025-07-02,2025-07-08,"6.12.2.b"
"C27090",1,1,2025-07-03,2025-07-09,"6.12.2.b"
"C27090",1,1,2025-07-04,2025-07-10,"6.12.2.b"
"C27090",1,1,2025-07-05,2025-07-11,"6.12.2.b"
"C27090",1,1,2025-07-06,2025-07-12,"6.12.2.b"
"C27090",1,1,2025-07-07,2025-07-13,"6.12.2.b"
"C27090",1,1,2025-07-08,2025-07-14,"6.12.2.b"
"C27090",1,1,2025-07-09,2025-07-15,"6.12.2.b"
"C27090",1,1,2025-07-10,2025-07-16,"6.12.2.b"
"C27090",1,1,2025-07-11,2025-07-17,"6.12.2.b"
"C27090",1,1,2025-07-12,2025-07-18,"6.12.2.b"
"C27090",1,1,2025-07-13,2025-07-19,"6.12.2.b"
"C27090",1,1,2025-07-14,2025-07-20,"6.12.2.b"
"C27090",1,1,2025-07-15,2025-07-21,"6.12.2.b"
"C27090",1,1,2025-07-16,2025-07-22,"6.12.2.b"
"C27090",1,1,2025-07-17,2025-07-23,"6.12.2.b"
"C27090",1,1,2025-07-18,2025-07-24,"6.12.2.b"
"C27090",1,1,2025-07-19,2025-07-25,"6.12.2.b"
"C27090",1,1,2026-07-22,2026-07-28,"6.12.2.b"
"C27090",1,1,2026-07-23,2026-07-29,"6.12.2.b"
"C27090",1,1,2026-07-24,2026-07-30,"6.12.2.b"
"C27090",1,1,2026-07-25,2026-07-31,"6.12.2.b"
"C27090",1,1,2026-07-26,2026-08-01,"6.12.2.b"
"C27090",1,1,2026-07-28,2026-08-03,"6.12.2.b"
"C27090",1,1,2026-07-29,2026-08-04,"6.12.2.b"
"C27090",1,1,2026-07-30,2026-08-05,"6.12.2.b"
"C27090",1,1,2026-07-31,2026-08-06,"6.12.2.b"
"C27090",1,1,2026-08-03,2026-08-09,"6.12.2.b"
"C27090",1,1,2026-08-04,2026-08-10,"6.12.2.b"
"C27105",1,1,2024-10-10,2024-10-16,"6.12.2.b"
"C27105",1,1,2024-10-11,2024-10-17,"6.12.2.b"
"C27105",1,1,2024-10-12,2024-10-18,"6.12.2.b"
"C27105",1,1,2024-10-14,2024-10-20,"6.12.2.b"
"C27105",1,1,2024-10-16,2024-10-22,"6.12.2.b"
"C27105",1,1,2024-10-17,2024-10-23,"6.12.2.b"
"C27105",1,1,2024-10-18,2024-10-24,"6.12.2.b"
"C27105",1,1,2024-10-20,2024-10-26,"6.12.2.b"
"C27105",1,1,2024-10-21,2024-10-27,"6.12.2.b"
"C27105",1,1,2024-10-23,2024-10-29,"6.12.2.b"
"C27105",1,1,2024-10-24,2024-10-30,"6.12.2.b"
"C27105",1,1,2024-10-25,2024-10-31,"6.12.2.b"
"C27105",1,1,2024-10-26,2024-11-01,"6.12.2.b"
"C27105",1,1,2024-10-28,2024-11-03,"6.12.2.b"
"C27105",1,1,2024-10-29,2024-11-04,"6.12.2.b"
"C27105",1,1,2024-10-30,2024-11-05,"6.12.2.b"
"C27105",1,1,2024-11-05,2024-11-11,"6.12.2.b"
"C27105",1,1,2024-11-06,2024-11-12,"6.12.2.b"
"C27105",1,1,2024-11-23,2024-11-29,"6.12.2.b"
"C27105",1,1,2024-12-08,2024-12-25,"6.12.2.a"
"C27105",1,1,2024-12-20,2024-12-26,"6.12.2.b"
"C27105",1,1,2024-12-24,2025-11-20,"6.12.2.a"
"C27105",1,1,2024-12-25,2024-12-31,"6.12.2.b"
"C27105",1,1,2024-12-29,2025-01-04,"6.12.2.b"
"C27105",1,1,2024-12-30,2025-01-05,"6.12.2.b"
"C27105",1,1,2025-03-03,2025-03-09,"6.12.2.b"
"C27105",1,1,2025-03-06,2025-03-12,"6.12.2.b"
"C27105",1,1,2025-06-30,2025-07-06,"6.12.2.b"
"C27195",1,1,2024-08-09,2024-08-15,"6.12.2.b"
"C27195",1,1,2024-08-10,2024-08-16,"6.12.2.b"
"C27195",1,1,2024-08-11,2024-08-17,"6.12.2.b"
"C27195",1,1,2024-08-12,2024-08-18,"6.12.2.b"
"C27195",1,1,2024-08-13,2024-08-19,"6.12.2.b"
"C27195",1,1,2024-08-14,2024-08-20,"6.12.2.b"
"C27195",1,1,2024-08-17,2024-08-23,"6.12.2.b"
"C27195",1,1,2024-08-18,2024-08-24,"6.12.2.b"
"C27195",1,1,2024-08-20,2024-08-26,"6.12.2.b"
"C27195",1,1,2024-08-21,2024-08-27,"6.12.2.b"
"C27195",1,1,2024-08-27,2024-09-02,"6.12.2.b"
"C27195",1,1,2024-09-16,2024-09-22,"6.12.2.b"
"C27195",1,1,2024-09-17,2024-09-23,"6.12.2.b"
"C27195",1,1,2024-09-18,2024-09-24,"6.12.2.b"
"C27195",1,1,2024-09-20,2024-09-26,"6.12.2.b"
"C27195",1,1,2024-09-22,2024-09-28,"6.12.2.b"
"C27195",1,1,2024-09-24,2024-09-30,"6.12.2.b"
"C27195",1,1,2024-09-26,2024-10-02,"6.12.2.b"
"C27195",1,1,2024-09-28,2025-11-17,"6.12.2.a"
"C27195",1,1,2024-09-30,2024-10-06,"6.12.2.b"
"C27195",1,1,2024-10-01,2024-10-07,"6.12.2.b"
"C27195",1,1,2024-10-02,2024-10-08,"6.12.2.b"
"C27195",1,1,2024-10-03,2024-10-09,"6.12.2.b"
"C27195",1,1,2024-10-05,2024-10-11,"6.12.2.b"
"C27195",1,1,2024-10-06,2024-10-12,"6.12.2.b"
"C27195",1,1,2024-10-07,2024-10-13,"6.12.2.b"
"C27195",1,1,2024-10-13,2024-10-19,"6.12.2.b"
"C27195",1,1,2024-10-14,2024-10-20,"6.12.2.b"
"C27195",1,1,2024-10-15,2024-10-21,"6.12.2.b"
"C27195",1,1,2024-10-18,2024-10-24,"6.12.2.b"
"C27195",1,1,2024-10-19,2024-10-25,"6.12.2.b"
"C27195",1,1,2024-10-20,2024-10-26,"6.12.2.b"
"C27270",1,1,2024-08-17,2024-12-04,"6.12.2.a"
"C27270",1,1,2024-11-30,2025-03-31,"6.12.2.a"
"C27270",1,1,2025-07-19,2025-09-10,"6.12.2.a"
"C27270",1,1,2025-08-14,2025-11-20,"6.12.2.a"
"C27270",1,1,2025-09-13,2025-11-13,"6.12.2.a"
"C27270",1,1,2026-01-13,2026-05-05,"6.12.2.a"
"C27333",1,1,2024-10-11,2025-08-31,"6.12.2.a"
"C27333",1,1,2025-01-11,2025-01-26,"6.12.2.a"
"C27333",1,1,2025-01-22,2025-02-10,"6.12.2.a"
"C27333",1,1,2025-07-26,2025-08-01,"6.12.2.b"
"C27333",1,1,2025-07-27,2025-08-02,"6.12.2.b"
"C27333",1,1,2025-08-14,2025-08-20,"6.12.2.b"
"C27333",1,1,2025-08-16,2025-08-22,"6.12.2.b"
"C27333",1,1,2025-08-18,2025-08-24,"6.12.2.b"
"C27333",1,1,2025-08-25,2025-09-12,"6.12.2.a"
"C27333",1,1,2025-09-07,2026-09-30,"6.12.2.a"
"C27417",2,1,2024-08-19,2024-08-25,"6.12.2.b"
"C27417",2,1,2024-08-20,2024-08-26,"6.12.2.b"
"C27417",2,1,2024-08-21,2024-08-27,"6.12.2.b"
"C27417",2,1,2024-08-22,2024-08-28,"6.12.2.b"
"C27417",2,1,2024-08-23,2024-08-29,"6.12.2.b"
"C27417",2,1,2024-08-25,2024-08-31,"6.12.2.b"
"C27417",2,1,2024-08-26,2024-09-01,"6.12.2.b"
"C27417",2,1,2024-08-27,2024-09-02,"6.12.2.b"
"C27417",2,1,2024-08-28,2024-09-03,"6.12.2.b"
"C27417",2,1,2024-08-29,2024-09-04,"6.12.2.b"
"C27417",2,1,2024-08-31,2024-09-06,"6.12.2.b"
"C27417",2,1,2024-09-06,2024-09-12,"6.12.2.b"
"C27417",2,1,2024-09-06,2024-09-27,"6.12.2.a"
"C27417",2,1,2024-09-07,2024-09-13,"6.12.2.b"
"C27417",2,1,2024-09-08,2024-09-14,"6.12.2.b"
"C27417",2,1,2024-09-11,2024-09-17,"6.12.2.b"
"C27417",2,1,2024-09-12,2024-09-18,"6.12.2.b"
"C27417",2,1,2024-09-13,2024-09-19,"6.12.2.b"
"C27417",2,1,2024-09-14,2024-09-20,"6.12.2.b"
"C27417",2,1,2024-09-16,2024-09-22,"6.12.2.b"
"C27417",2,1,2024-09-17,2024-09-23,"6.12.2.b"
"C27417",2,1,2024-09-18,2024-09-24,"6.12.2.b"
"C27417",2,1,2024-09-19,2024-09-25,"6.12.2.b"
"C27417",2,1,2024-09-20,2024-09-26,"6.12.2.b"
"C27417",2,1,2024-09-20,2025-10-07,"6.12.2.a"
"C27417",2,1,2024-09-21,2024-09-27,"6.12.2.b"
"C27417",2,1,2024-09-22,2024-09-28,"6.12.2.b"
"C27417",2,1,2024-09-23,2024-09-29,"6.12.2.b"
"C27417",2,1,2024-09-24,2024-09-30,"6.12.2.b"
"C27417",2,1,2024-09-25,2024-10-01,"6.12.2.b"
"C27417",2,1,2024-09-26,2024-10-02,"6.12.2.b"
"C27417",2,1,2024-09-27,2024-10-03,"6.12.2.b"
"C27417",2,1,2024-09-28,2024-10-04,"6.12.2.b"
"C27432",1,1,2024-08-23,2025-02-25,"6.12.2.a"
"C27432",1,1,2025-02-04,2025-11-17,"6.12.2.a"
"C27432",1,1,2026-05-01,2026-09-30,"6.12.2.a"
"C27504",1,1,2024-08-19,2024-09-26,"6.12.2.a"
"C27504",1,1,2024-09-01,2025-10-21,"6.12.2.a"
"C27558",1,1,2024-08-22,2024-08-28,"6.12.2.b"
"C27558",1,1,2024-08-23,2024-08-29,"6.12.2.b"
"C27558",1,1,2024-08-25,2024-08-31,"6.12.2.b"
"C27558",1,1,2024-08-26,2024-09-01,"6.12.2.b"
"C27558",1,1,2024-08-27,2024-09-02,"6.12.2.b"
"C27558",1,1,2024-08-28,2024-09-03,"6.12.2.b"
"C27558",1,1,2024-08-30,2024-09-05,"6.12.2.b"
"C27558",1,1,2024-09-01,2024-09-07,"6.12.2.b"
"C27558",1,1,2024-09-02,2024-09-08,"6.12.2.b"
"C27558",1,1,2024-09-03,2024-09-09,"6.12.2.b"
"C27558",1,1,2024-09-04,2024-09-10,"6.12.2.b"
"C27558",1,1,2024-09-05,2024-09-11,"6.12.2.b"
"C27558",1,1,2024-09-07,2024-09-13,"6.12.2.b"
"C27558",1,1,2024-09-08,2024-09-14,"6.12.2.b"
"C27558",1,1,2024-09-09,2024-09-15,"6.12.2.b"
"C27558",1,1,2024-09-10,2024-09-16,"6.12.2.b"
"C27558",1,1,2024-09-11,2024-09-17,"6.12.2.b"
"C27558",1,1,2024-09-12,2024-09-18,"6.12.2.b"
"C27558",1,1,2024-09-13,2024-09-19,"6.12.2.b"
"C27558",1,1,2024-09-14,2024-09-20,"6.12.2.b"
"C27558",1,1,2024-09-15,2024-09-21,"6.12.2.b"
"C27558",1,1,2024-09-16,2024-09-22,"6.12.2.b"
"C27558",1,1,2024-09-17,2024-09-23,"6.12.2.b"
"C27558",1,1,2024-09-19,2024-09-25,"6.12.2.b"
"C27558",1,1,2024-09-20,2024-09-26,"6.12.2.b"
"C27558",1,1,2024-09-21,2024-09-27,"6.12.2.b"
"C27558",1,1,2024-09-22,2024-09-28,"6.12.2.b"
"C27558",1,1,2024-09-23,2024-09-29,"6.12.2.b"
"C27558",1,1,2024-09-24,2024-09-30,"6.12.2.b"
"C27558",1,1,2024-09-28,2025-03-14,"6.12.2.a"
"C27558",1,1,2025-04-03,2025-04-09,"6.12.2.b"
"C27558",1,1,2025-04-04,2025-04-10,"6.12.2.b"
"C27558",1,1,2025-04-07,2025-04-13,"6.12.2.b"
"C27558",1,1,2025-04-08,2025-04-14,"6.12.2.b"
"C27558",1,1,2025-04-09,2025-04-15,"6.12.2.b"
"C27558",1,1,2025-04-10,2025-04-16,"6.12.2.b"
"C27558",1,1,2025-04-11,2025-04-17,"6.12.2.b"
"C27558",1,1,2025-04-12,2025-04-18,"6.12.2.b"
"C27558",1,1,2025-04-13,2025-04-19,"6.12.2.b"
"C27558",1,1,2025-04-14,2025-04-20,"6.12.2.b"
"C27558",1,1,2025-04-15,2025-04-21,"6.12.2.b"
"C27558",1,1,2025-04-17,2025-04-23,"6.12.2.b"
"C27558",1,1,2025-04-18,2025-04-24,"6.12.2.b"
"C27558",1,1,2025-04-19,2025-04-25,"6.12.2.b"
"C27558",1,1,2025-04-20,2025-04-26,"6.12.2.b"
"C27558",1,1,2025-04-21,2025-04-27,"6.12.2.b"
"C27558",1,1,2025-04-22,2025-04-28,"6.12.2.b"
"C27558",1,1,2025-04-23,2025-04-29,"6.12.2.b"
"C27558",1,1,2025-04-24,2025-04-30,"6.12.2.b"
"C27558",1,1,2025-04-25,2025-05-01,"6.12.2.b"
"C27558",1,1,2025-04-27,2025-05-03,"6.12.2.b"
"C27558",1,1,2025-04-28,2025-05-04,"6.12.2.b"
"C27558",1,1,2025-04-28,2025-11-19,"6.12.2.a"
"C27558",1,1,2025-04-29,2025-05-05,"6.12.2.b"
"C27558",1,1,2025-04-30,2025-05-06,"6.12.2.b"
"C27558",1,1,2025-05-01,2025-05-07,"6.12.2.b"
"C27558",1,1,2025-05-02,2025-05-08,"6.12.2.b"
"C27558",1,1,2025-05-03,2025-05-09,"6.12.2.b"
"C27558",1,1,2025-05-04,2025-05-10,"6.12.2.b"
"C27558",1,1,2025-05-05,2025-05-11,"6.12.2.b"
"C27558",1,1,2025-05-07,2025-05-13,"6.12.2.b"
"C27558",1,1,2025-05-08,2025-05-14,"6.12.2.b"
"C27558",1,1,2025-05-09,2025-05-15,"6.12.2.b"
"C27558",1,1,2025-05-10,2025-05-16,"6.12.2.b"
"C27558",1,1,2025-05-11,2025-05-17,"6.12.2.b"
"C27558",1,1,2025-05-12,2025-05-18,"6.12.2.b"
"C27558",1,1,2025-05-13,2025-05-19,"6.12.2.b"
"C27558",1,1,2025-05-14,2025-05-20,"6.12.2.b"
"C27558",1,1,2025-05-15,2025-05-21,"6.12.2.b"
"C27558",1,1,2025-05-16,2025-05-22,"6.12.2.b"
"C27558",1,1,2025-05-17,2025-05-23,"6.12.2.b"
"C27558",1,1,2025-05-18,2025-05-24,"6.12.2.b"
"C27558",1,1,2025-05-19,2025-05-25,"6.12.2.b"
"C27558",1,1,2025-05-20,2025-05-26,"6.12.2.b"
"C27558",1,1,2025-05-21,2025-05-27,"6.12.2.b"
"C27558",1,1,2025-05-23,2025-05-29,"6.12.2.b"
"C27558",1,1,2025-05-24,2025-05-30,"6.12.2.b"
"C27558",1,1,2025-05-25,2025-05-31,"6.12.2.b"
"C27558",1,1,2025-05-27,2025-06-02,"6.12.2.b"
"C27558",1,1,2025-05-28,2025-06-03,"6.12.2.b"
"C27558",1,1,2025-05-29,2025-06-04,"6.12.2.b"
"C27558",1,1,2025-05-30,2025-06-05,"6.12.2.b"
"C27558",1,1,2025-05-31,2025-06-06,"6.12.2.b"
"C27558",1,1,2025-06-02,2025-06-08,"6.12.2.b"
"C27558",1,1,2025-06-03,2025-06-09,"6.12.2.b"
"C27558",1,1,2025-06-04,2025-06-10,"6.12.2.b"
"C27570",1,1,2024-08-29,2024-10-26,"6.12.2.a"
"C27570",1,1,2024-10-05,2025-03-24,"6.12.2.a"
"C27570",1,1,2024-10-05,2025-10-11,"6.12.2.a"
"C27603",1,1,2024-09-09,2025-06-09,"6.12.2.a"
"C27603",1,1,2024-11-24,2025-08-23,"6.12.2.a"
"C27603",1,1,2025-08-18,2026-03-13,"6.12.2.a"
"C27603",1,1,2026-05-09,2026-06-16,"6.12.2.a"
"C27738",1,1,2024-09-17,2024-09-23,"6.12.2.b"
"C27738",1,1,2024-10-05,2024-10-11,"6.12.2.b"
"C27738",1,1,2024-10-08,2024-10-14,"6.12.2.b"
"C27738",1,1,2024-10-11,2024-11-12,"6.12.2.a"
"C27738",1,1,2024-11-06,2024-11-12,"6.12.2.b"
"C27738",1,1,2024-11-13,2024-11-19,"6.12.2.b"
"C27738",1,1,2024-11-16,2024-11-22,"6.12.2.b"
"C27738",1,1,2024-11-20,2024-11-26,"6.12.2.b"
"C27738",1,1,2024-11-22,2024-11-28,"6.12.2.b"
"C27738",1,1,2024-11-23,2025-10-30,"6.12.2.a"
"C27738",1,1,2024-11-28,2024-12-04,"6.12.2.b"
"C27897",1,1,2024-09-24,2024-11-03,"6.12.2.a"
"C27897",1,1,2024-10-11,2025-10-07,"6.12.2.a"
"C27909",2,1,2024-09-19,2024-09-25,"6.12.2.b"
"C27909",2,1,2024-09-21,2024-09-27,"6.12.2.b"
"C27909",2,1,2024-09-24,2024-09-30,"6.12.2.b"
"C27909",2,1,2024-09-27,2024-10-03,"6.12.2.b"
"C27909",2,1,2024-09-28,2024-10-04,"6.12.2.b"
"C27909",2,1,2024-09-30,2024-10-06,"6.12.2.b"
"C27909",2,1,2024-10-02,2024-10-08,"6.12.2.b"
"C27909",2,1,2024-10-03,2024-10-09,"6.12.2.b"
"C27909",2,1,2024-10-04,2024-10-10,"6.12.2.b"
"C27909",2,1,2024-10-06,2024-10-12,"6.12.2.b"
"C27909",2,1,2024-10-06,2026-02-10,"6.12.2.a"
"C27909",2,1,2024-10-07,2024-10-13,"6.12.2.b"
"C27909",2,1,2024-10-11,2024-10-17,"6.12.2.b"
"C27909",2,1,2024-10-12,2024-10-18,"6.12.2.b"
"C27909",2,1,2024-10-13,2024-10-19,"6.12.2.b"
"C27909",2,1,2024-10-17,2024-10-23,"6.12.2.b"
"C27909",2,1,2024-10-20,2024-10-26,"6.12.2.b"
"C27909",2,1,2024-10-25,2024-10-31,"6.12.2.b"
"C27909",2,1,2024-10-26,2024-11-01,"6.12.2.b"
"C27909",2,1,2024-10-27,2024-11-02,"6.12.2.b"
"C27909",2,1,2024-10-28,2024-11-03,"6.12.2.b"
"C27909",2,1,2024-10-30,2024-11-05,"6.12.2.b"
"C27909",2,1,2024-11-01,2024-11-07,"6.12.2.b"
"C27909",2,1,2024-11-03,2024-11-09,"6.12.2.b"
"C27909",2,1,2024-11-06,2024-11-12,"6.12.2.b"
"C27909",2,1,2024-11-07,2024-11-13,"6.12.2.b"
"C27909",2,1,2024-11-08,2024-11-14,"6.12.2.b"
"C27909",2,1,2024-11-09,2024-11-15,"6.12.2.b"
"C27909",2,1,2024-11-13,2024-11-19,"6.12.2.b"
"C27909",2,1,2024-11-16,2024-11-22,"6.12.2.b"
"C27909",2,1,2024-11-17,2024-11-23,"6.12.2.b"
"C28044",1,1,2025-01-03,2026-03-26,"6.12.2.a"
"C28044",1,1,2025-01-24,2025-04-14,"6.12.2.a"
"C28314",1,1,2024-10-10,2024-10-16,"6.12.2.b"
"C28314",1,1,2024-10-11,2024-10-17,"6.12.2.b"
"C28314",1,1,2024-10-14,2024-10-20,"6.12.2.b"
"C28314",1,1,2024-10-15,2024-10-21,"6.12.2.b"
"C28314",1,1,2024-10-19,2024-10-25,"6.12.2.b"
"C28314",1,1,2024-10-20,2024-10-26,"6.12.2.b"
"C28314",1,1,2024-10-22,2024-10-28,"6.12.2.b"
"C28314",1,1,2024-10-23,2024-10-29,"6.12.2.b"
"C28314",1,1,2024-10-25,2024-10-31,"6.12.2.b"
"C28314",1,1,2024-10-27,2024-11-02,"6.12.2.b"
"C28314",1,1,2024-10-29,2024-11-04,"6.12.2.b"
"C28314",1,1,2024-10-30,2024-11-05,"6.12.2.b"
"C28314",1,1,2024-11-03,2024-11-09,"6.12.2.b"
"C28314",1,1,2024-11-04,2024-11-10,"6.12.2.b"
"C28314",1,1,2024-11-05,2024-11-11,"6.12.2.b"
"C28314",1,1,2024-11-06,2024-11-12,"6.12.2.b"
"C28314",1,1,2024-11-08,2024-11-14,"6.12.2.b"
"C28314",1,1,2024-11-10,2024-11-16,"6.12.2.b"
"C28314",1,1,2024-11-11,2025-10-30,"6.12.2.a"
"C28314",1,1,2024-11-12,2024-11-18,"6.12.2.b"
"C28314",1,1,2024-11-13,2024-11-19,"6.12.2.b"
"C28314",1,1,2024-11-14,2024-11-20,"6.12.2.b"
"C28314",1,1,2024-11-16,2024-11-22,"6.12.2.b"
"C28314",1,1,2024-11-17,2024-11-23,"6.12.2.b"
"C28314",1,1,2025-11-16,2025-11-23,"6.12.2.a"
"C28314",1,1,2025-11-18,2025-11-24,"6.12.2.b"
"C28314",1,1,2025-11-19,2025-11-25,"6.12.2.b"
"C28314",1,1,2025-11-20,2025-11-26,"6.12.2.b"
"C28314",1,1,2025-11-21,2025-11-27,"6.12.2.b"
"C28314",1,1,2025-11-22,2025-11-28,"6.12.2.b"
"C28314",1,1,2025-11-23,2025-11-29,"6.12.2.b"
"C28314",1,1,2025-11-28,2025-12-04,"6.12.2.b"
"C28314",1,1,2025-11-29,2025-12-05,"6.12.2.b"
"C28314",1,1,2025-11-30,2025-12-06,"6.12.2.b"
"C28314",1,1,2025-12-01,2025-12-07,"6.12.2.b"
"C28314",1,1,2025-12-02,2025-12-08,"6.12.2.b"
"C28314",1,1,2025-12-03,2025-12-09,"6.12.2.b"
"C28314",1,1,2025-12-05,2025-12-11,"6.12.2.b"
"C28314",1,1,2025-12-06,2025-12-12,"6.12.2.b"
"C28314",1,1,2025-12-07,2025-12-13,"6.12.2.b"
"C28314",1,1,2025-12-08,2025-12-14,"6.12.2.b"
"C28314",1,1,2025-12-09,2025-12-15,"6.12.2.b"
"C28314",1,1,2025-12-10,2025-12-16,"6.12.2.b"
"C28314",1,1,2025-12-11,2025-12-17,"6.12.2.b"
"C28314",1,1,2025-12-12,2025-12-18,"6.12.2.b"
"C28314",1,1,2025-12-13,2025-12-19,"6.12.2.b"
"C28314",1,1,2025-12-16,2025-12-22,"6.12.2.b"
"C28314",1,1,2025-12-17,2025-12-23,"6.12.2.b"
"C28314",1,1,2025-12-18,2025-12-24,"6.12.2.b"
"C28314",1,1,2025-12-20,2025-12-26,"6.12.2.b"
"C28314",1,1,2025-12-23,2025-12-29,"6.12.2.b"
"C28314",1,1,2025-12-27,2026-01-02,"6.12.2.b"
"C28314",1,1,2025-12-28,2026-01-03,"6.12.2.b"
"C28314",1,1,2025-12-29,2026-01-04,"6.12.2.b"
"C28314",1,1,2026-01-01,2026-01-07,"6.12.2.b"
"C28314",1,1,2026-01-04,2026-01-10,"6.12.2.b"
"C28314",1,1,2026-01-05,2026-01-11,"6.12.2.b"
"C28314",1,1,2026-01-06,2026-01-12,"6.12.2.b"
"C28314",1,1,2026-01-26,2026-02-17,"6.12.2.a"
"C28314",1,1,2026-02-22,2026-02-28,"6.12.2.b"
"C28314",1,1,2026-02-23,2026-03-01,"6.12.2.b"
"C28314",1,1,2026-02-24,2026-03-02,"6.12.2.b"
"C28314",1,1,2026-02-25,2026-03-03,"6.12.2.b"
"C28314",1,1,2026-02-26,2026-03-04,"6.12.2.b"
"C28314",1,1,2026-02-28,2026-03-06,"6.12.2.b"
"C28314",1,1,2026-03-01,2026-03-07,"6.12.2.b"
"C28314",1,1,2026-03-03,2026-03-09,"6.12.2.b"
"C28314",1,1,2026-03-04,2026-03-10,"6.12.2.b"
"C28314",1,1,2026-03-05,2026-03-11,"6.12.2.b"
"C28314",1,1,2026-03-06,2026-03-12,"6.12.2.b"
"C28314",1,1,2026-03-07,2026-03-13,"6.12.2.b"
"C28314",1,1,2026-03-16,2026-03-22,"6.12.2.b"
"C28314",1,1,2026-03-18,2026-03-24,"6.12.2.b"
"C28314",1,1,2026-03-29,2026-04-04,"6.12.2.b"
"C28314",1,1,2026-04-05,2026-04-11,"6.12.2.b"
"C28314",1,1,2026-04-07,2026-04-13,"6.12.2.b"
"C28314",1,1,2026-04-09,2026-04-15,"6.12.2.b"
"C28347",2,1,2024-09-29,2024-12-26,"6.12.2.a"
"C28347",2,1,2024-11-29,2025-10-21,"6.12.2.a"
"C28467",1,1,2024-10-11,2024-10-22,"6.12.2.a"
"C28467",1,1,2024-10-20,2024-11-14,"6.12.2.a"
"C28467",1,1,2025-01-02,2025-01-09,"6.12.2.a"
"C28467",1,1,2025-01-06,2025-01-22,"6.12.2.a"
"C28467",1,1,2025-01-19,2025-02-07,"6.12.2.a"
"C28467",1,1,2025-02-02,2025-05-11,"6.12.2.a"
"C28467",1,1,2025-06-07,2025-07-11,"6.12.2.a"
"C28467",1,1,2025-07-05,2026-09-30,"6.12.2.a"
"C28470",1,1,2024-10-15,2024-10-21,"6.12.2.b"
"C28470",1,1,2024-10-16,2024-10-22,"6.12.2.b"
"C28470",1,1,2024-10-17,2024-10-23,"6.12.2.b"
"C28470",1,1,2024-10-18,2024-10-24,"6.12.2.b"
"C28470",1,1,2024-10-19,2024-10-25,"6.12.2.b"
"C28470",1,1,2024-10-20,2024-10-26,"6.12.2.b"
"C28470",1,1,2024-10-21,2024-10-27,"6.12.2.b"
"C28470",1,1,2024-10-22,2024-10-28,"6.12.2.b"
"C28470",1,1,2024-10-23,2024-10-29,"6.12.2.b"
"C28470",1,1,2024-10-24,2024-10-30,"6.12.2.b"
"C28470",1,1,2024-10-25,2024-10-31,"6.12.2.b"
"C28470",1,1,2024-10-26,2024-11-01,"6.12.2.b"
"C28470",1,1,2024-10-30,2024-11-05,"6.12.2.b"
"C28470",1,1,2024-11-02,2024-11-08,"6.12.2.b"
"C28470",1,1,2024-11-03,2024-11-09,"6.12.2.b"
"C28470",1,1,2024-11-08,2024-11-14,"6.12.2.b"
"C28470",1,1,2024-11-09,2024-11-15,"6.12.2.b"
"C28470",1,1,2024-11-11,2024-11-17,"6.12.2.b"
"C28470",1,1,2024-11-13,2024-11-19,"6.12.2.b"
"C28470",1,1,2024-11-16,2024-11-22,"6.12.2.b"
"C28470",1,1,2024-11-17,2024-11-23,"6.12.2.b"
"C28470",1,1,2024-11-22,2024-11-28,"6.12.2.b"
"C28470",1,1,2024-11-26,2024-12-02,"6.12.2.b"
"C28470",1,1,2024-11-28,2024-12-04,"6.12.2.b"
"C28470",1,1,2024-11-29,2024-12-05,"6.12.2.b"
"C28470",1,1,2024-12-01,2024-12-07,"6.12.2.b"
"C28470",1,1,2024-12-02,2024-12-08,"6.12.2.b"
"C28470",1,1,2024-12-03,2024-12-09,"6.12.2.b"
"C28470",1,1,2024-12-05,2024-12-11,"6.12.2.b"
"C28470",1,1,2024-12-06,2024-12-12,"6.12.2.b"
"C28470",1,1,2024-12-08,2024-12-14,"6.12.2.b"
"C28470",1,1,2024-12-09,2024-12-15,"6.12.2.b"
"C28470",1,1,2024-12-11,2024-12-17,"6.12.2.b"
"C28470",1,1,2024-12-14,2024-12-20,"6.12.2.b"
"C28470",1,1,2024-12-15,2024-12-21,"6.12.2.b"
"C28470",1,1,2024-12-16,2024-12-22,"6.12.2.b"
"C28470",1,1,2024-12-17,2024-12-23,"6.12.2.b"
"C28470",1,1,2024-12-18,2024-12-24,"6.12.2.b"
"C28470",1,1,2024-12-20,2024-12-26,"6.12.2.b"
"C28470",1,1,2024-12-21,2024-12-27,"6.12.2.b"
"C28470",1,1,2024-12-22,2024-12-28,"6.12.2.b"
"C28470",1,1,2024-12-22,2025-07-08,"6.12.2.a"
"C28470",1,1,2024-12-26,2025-01-01,"6.12.2.b"
"C28470",1,1,2024-12-30,2025-01-05,"6.12.2.b"
"C28470",1,1,2025-01-01,2025-01-07,"6.12.2.b"
"C28470",1,1,2025-01-02,2025-01-08,"6.12.2.b"
"C28470",1,1,2025-01-03,2025-01-09,"6.12.2.b"
"C28470",1,1,2025-01-04,2025-01-10,"6.12.2.b"
"C28470",1,1,2025-01-06,2025-01-12,"6.12.2.b"
"C28470",1,1,2025-01-07,2025-01-13,"6.12.2.b"
"C28470",1,1,2025-01-08,2025-01-14,"6.12.2.b"
"C28470",1,1,2025-01-09,2025-01-15,"6.12.2.b"
"C28470",1,1,2025-01-10,2025-01-16,"6.12.2.b"
"C28470",1,1,2025-07-03,2026-03-25,"6.12.2.a"
"C28536",2,1,2024-10-25,2024-10-31,"6.12.2.b"
"C28536",2,1,2024-10-31,2024-11-06,"6.12.2.b"
"C28536",2,1,2024-11-05,2024-11-11,"6.12.2.b"
"C28536",2,1,2024-11-06,2024-11-12,"6.12.2.b"
"C28536",2,1,2024-11-08,2024-11-14,"6.12.2.b"
"C28536",2,1,2024-11-10,2025-11-21,"6.12.2.a"
"C28536",2,1,2024-11-17,2024-11-23,"6.12.2.b"
"C28536",2,1,2024-11-18,2024-11-24,"6.12.2.b"
"C28536",2,1,2024-11-28,2024-12-04,"6.12.2.b"
"C28536",2,1,2024-12-02,2024-12-08,"6.12.2.b"
"C28536",2,1,2024-12-10,2024-12-16,"6.12.2.b"
"C28536",2,1,2024-12-11,2024-12-17,"6.12.2.b"
"C28536",2,1,2024-12-12,2024-12-18,"6.12.2.b"
"C28536",2,1,2024-12-19,2024-12-25,"6.12.2.b"
"C28536",2,1,2024-12-27,2025-01-02,"6.12.2.b"
"C28596",1,1,2024-10-15,2024-12-31,"6.12.2.a"
"C28596",1,1,2025-03-22,2025-07-01,"6.12.2.a"
"C28596",1,1,2025-04-11,2025-05-19,"6.12.2.a"
"C28596",1,1,2025-09-04,2025-09-25,"6.12.2.a"
"C28596",1,1,2025-09-19,2026-03-31,"6.12.2.a"
"C28605",1,1,2024-12-01,2025-02-06,"6.12.2.a"
"C28605",1,1,2025-02-04,2025-02-10,"6.12.2.b"
"C28605",1,1,2025-02-05,2025-02-11,"6.12.2.b"
"C28605",1,1,2025-02-07,2025-02-13,"6.12.2.b"
"C28605",1,1,2025-02-08,2025-02-14,"6.12.2.b"
"C28605",1,1,2025-02-10,2025-02-16,"6.12.2.b"
"C28605",1,1,2025-02-11,2025-02-17,"6.12.2.b"
"C28605",1,1,2025-02-12,2025-02-18,"6.12.2.b"
"C28605",1,1,2025-02-13,2025-02-19,"6.12.2.b"
"C28605",1,1,2025-02-14,2025-02-20,"6.12.2.b"
"C28605",1,1,2025-02-19,2025-02-25,"6.12.2.b"
"C28605",1,1,2025-02-20,2025-02-26,"6.12.2.b"
"C28605",1,1,2025-02-22,2025-02-28,"6.12.2.b"
"C28605",1,1,2025-02-23,2025-03-01,"6.12.2.b"
"C28605",1,1,2025-02-24,2025-03-02,"6.12.2.b"
"C28605",1,1,2025-02-26,2025-03-04,"6.12.2.b"
"C28605",1,1,2025-02-28,2025-03-06,"6.12.2.b"
"C28605",1,1,2025-03-01,2025-03-07,"6.12.2.b"
"C28605",1,1,2025-03-02,2025-03-08,"6.12.2.b"
"C28605",1,1,2025-03-04,2025-03-10,"6.12.2.b"
"C28605",1,1,2025-03-05,2025-03-11,"6.12.2.b"
"C28605",1,1,2025-03-06,2025-03-12,"6.12.2.b"
"C28605",1,1,2025-03-07,2025-03-13,"6.12.2.b"
"C28605",1,1,2025-03-08,2025-03-14,"6.12.2.b"
"C28605",1,1,2025-03-09,2025-03-15,"6.12.2.b"
"C28605",1,1,2025-03-11,2025-03-17,"6.12.2.b"
"C28605",1,1,2025-03-12,2025-03-18,"6.12.2.b"
"C28605",1,1,2025-03-13,2025-03-19,"6.12.2.b"
"C28605",1,1,2025-03-14,2025-03-20,"6.12.2.b"
"C28605",1,1,2025-03-15,2025-03-21,"6.12.2.b"
"C28605",1,1,2025-03-16,2025-03-22,"6.12.2.b"
"C28605",1,1,2025-03-17,2025-03-23,"6.12.2.b"
"C28605",1,1,2025-03-18,2025-03-24,"6.12.2.b"
"C28605",1,1,2025-03-19,2025-03-25,"6.12.2.b"
"C28605",1,1,2025-03-20,2025-03-26,"6.12.2.b"
"C28605",1,1,2025-03-21,2025-03-27,"6.12.2.b"
"C28605",1,1,2025-03-22,2025-03-28,"6.12.2.b"
"C28605",1,1,2025-03-23,2025-03-29,"6.12.2.b"
"C28605",1,1,2025-03-24,2025-03-30,"6.12.2.b"
"C28605",1,1,2025-03-24,2025-12-29,"6.12.2.a"
"C28605",1,1,2025-03-25,2025-03-31,"6.12.2.b"
"C28605",1,1,2025-03-26,2025-04-01,"6.12.2.b"
"C28605",1,1,2025-03-27,2025-04-02,"6.12.2.b"
"C28605",1,1,2026-01-18,2026-02-09,"6.12.2.a"
"C28620",1,1,2024-10-21,2024-10-30,"6.12.2.a"
"C28620",1,1,2024-10-24,2025-11-09,"6.12.2.a"
"C28713",3,1,2024-10-25,2024-12-13,"6.12.2.a"
"C28713",3,1,2025-01-23,2025-03-26,"6.12.2.a"
"C28713",3,1,2025-03-01,2026-01-21,"6.12.2.a"
"C28815",1,1,2024-10-25,2024-11-07,"6.12.2.a"
"C28815",1,1,2024-11-01,2025-01-24,"6.12.2.a"
"C28815",1,1,2025-01-19,2026-02-01,"6.12.2.a"
"C28881",1,1,2024-11-07,2024-11-13,"6.12.2.b"
"C28881",1,1,2024-11-09,2024-11-15,"6.12.2.b"
"C28881",1,1,2024-11-10,2024-11-16,"6.12.2.b"
"C28881",1,1,2024-11-11,2024-11-17,"6.12.2.b"
"C28881",1,1,2024-11-13,2024-11-19,"6.12.2.b"
"C28881",1,1,2024-11-15,2024-11-21,"6.12.2.b"
"C28881",1,1,2024-11-16,2024-11-22,"6.12.2.b"
"C28881",1,1,2024-11-19,2024-11-25,"6.12.2.b"
"C28881",1,1,2024-11-26,2024-12-02,"6.12.2.b"
"C28881",1,1,2024-11-30,2024-12-06,"6.12.2.b"
"C28881",1,1,2024-12-02,2024-12-08,"6.12.2.b"
"C28881",1,1,2024-12-09,2024-12-15,"6.12.2.b"
"C28881",1,1,2024-12-10,2024-12-16,"6.12.2.b"
"C28881",1,1,2024-12-11,2024-12-17,"6.12.2.b"
"C28881",1,1,2024-12-12,2024-12-18,"6.12.2.b"
"C28881",1,1,2024-12-13,2024-12-19,"6.12.2.b"
"C28881",1,1,2024-12-14,2024-12-20,"6.12.2.b"
"C28881",1,1,2024-12-16,2024-12-22,"6.12.2.b"
"C28881",1,1,2024-12-17,2024-12-23,"6.12.2.b"
"C28881",1,1,2024-12-18,2024-12-24,"6.12.2.b"
"C28881",1,1,2024-12-19,2024-12-25,"6.12.2.b"
"C28881",1,1,2024-12-21,2024-12-27,"6.12.2.b"
"C28881",1,1,2024-12-22,2024-12-28,"6.12.2.b"
"C28881",1,1,2024-12-23,2024-12-29,"6.12.2.b"
"C28881",1,1,2024-12-25,2024-12-31,"6.12.2.b"
"C28881",1,1,2024-12-26,2025-01-01,"6.12.2.b"
"C28881",1,1,2024-12-27,2025-01-02,"6.12.2.b"
"C28881",1,1,2024-12-28,2025-01-03,"6.12.2.b"
"C28881",1,1,2024-12-29,2025-01-04,"6.12.2.b"
"C28881",1,1,2024-12-30,2025-01-05,"6.12.2.b"
"C28881",1,1,2024-12-31,2025-01-06,"6.12.2.b"
"C28881",1,1,2025-01-01,2025-01-07,"6.12.2.b"
"C28881",1,1,2025-01-03,2025-01-09,"6.12.2.b"
"C28881",1,1,2025-01-14,2025-10-24,"6.12.2.a"
"C28881",1,1,2025-01-26,2025-02-02,"6.12.2.a"
"C28881",1,1,2025-01-30,2025-02-18,"6.12.2.a"
"C28893",1,1,2024-11-04,2024-12-04,"6.12.2.a"
"C28893",1,1,2025-02-03,2025-02-27,"6.12.2.a"
"C28893",1,1,2025-03-07,2025-04-24,"6.12.2.a"
"C28893",1,1,2025-05-19,2025-06-07,"6.12.2.a"
"C28893",1,1,2025-06-26,2025-07-21,"6.12.2.a"
"C28893",1,1,2025-07-17,2025-08-07,"6.12.2.a"
"C28893",1,1,2025-09-11,2025-09-24,"6.12.2.a"
"C28893",1,1,2025-09-20,2025-10-15,"6.12.2.a"
"C28893",1,1,2025-10-10,2025-11-24,"6.12.2.a"
"C28893",1,1,2025-12-16,2026-02-04,"6.12.2.a"
"C28893",1,1,2026-01-31,2026-03-30,"6.12.2.a"
"C28896",1,1,2024-11-01,2025-02-14,"6.12.2.a"
"C28896",1,1,2025-02-09,2026-02-26,"6.12.2.a"
"C28896",1,1,2026-06-05,2026-06-30,"6.12.2.a"
"C28896",1,1,2026-07-04,2026-08-07,"6.12.2.a"
"C28914",1,1,2024-11-04,2024-11-11,"6.12.2.a"
"C28914",1,1,2024-11-06,2024-11-12,"6.12.2.b"
"C28914",1,1,2024-11-07,2024-11-13,"6.12.2.b"
"C28914",1,1,2024-11-08,2024-11-14,"6.12.2.b"
"C28914",1,1,2024-11-09,2024-11-15,"6.12.2.b"
"C28914",1,1,2024-11-10,2024-11-16,"6.12.2.b"
"C28914",1,1,2024-11-11,2024-11-17,"6.12.2.b"
"C28914",1,1,2024-11-12,2024-11-18,"6.12.2.b"
"C28914",1,1,2024-11-13,2024-11-19,"6.12.2.b"
"C28914",1,1,2024-11-14,2024-11-20,"6.12.2.b"
"C28914",1,1,2024-11-15,2024-11-21,"6.12.2.b"
"C28914",1,1,2024-11-16,2024-11-22,"6.12.2.b"
"C28914",1,1,2024-11-18,2024-11-24,"6.12.2.b"
"C28914",1,1,2024-11-19,2024-11-25,"6.12.2.b"
"C28914",1,1,2024-11-20,2024-11-26,"6.12.2.b"
"C28914",1,1,2024-11-21,2024-11-27,"6.12.2.b"
"C28914",1,1,2024-11-22,2024-11-28,"6.12.2.b"
"C28914",1,1,2024-11-23,2024-11-29,"6.12.2.b"
"C28914",1,1,2024-11-24,2024-11-30,"6.12.2.b"
"C28914",1,1,2024-11-25,2024-12-01,"6.12.2.b"
"C28914",1,1,2024-11-26,2024-12-02,"6.12.2.b"
"C28914",1,1,2024-11-27,2024-12-03,"6.12.2.b"
"C28914",1,1,2024-11-28,2024-12-04,"6.12.2.b"
"C28914",1,1,2024-11-29,2024-12-05,"6.12.2.b"
"C28914",1,1,2024-11-30,2024-12-06,"6.12.2.b"
"C28914",1,1,2024-12-01,2024-12-07,"6.12.2.b"
"C28914",1,1,2024-12-02,2024-12-08,"6.12.2.b"
"C28914",1,1,2024-12-03,2024-12-09,"6.12.2.b"
"C28914",1,1,2024-12-04,2024-12-10,"6.12.2.b"
"C28914",1,1,2024-12-05,2024-12-11,"6.12.2.b"
"C28914",1,1,2024-12-06,2024-12-12,"6.12.2.b"
"C28914",1,1,2024-12-07,2024-12-13,"6.12.2.b"
"C28914",1,1,2024-12-08,2024-12-14,"6.12.2.b"
"C28914",1,1,2024-12-09,2024-12-15,"6.12.2.b"
"C28914",1,1,2024-12-10,2024-12-16,"6.12.2.b"
"C28914",1,1,2024-12-11,2024-12-17,"6.12.2.b"
"C28914",1,1,2024-12-12,2024-12-18,"6.12.2.b"
"C28914",1,1,2024-12-13,2024-12-19,"6.12.2.b"
"C28914",1,1,2024-12-14,2024-12-20,"6.12.2.b"
"C28914",1,1,2024-12-15,2024-12-21,"6.12.2.b"
"C28914",1,1,2024-12-16,2024-12-22,"6.12.2.b"
"C28914",1,1,2024-12-17,2024-12-23,"6.12.2.b"
"C28914",1,1,2025-03-15,2025-03-21,"6.12.2.b"
"C28914",1,1,2025-03-16,2025-03-22,"6.12.2.b"
"C28914",1,1,2025-03-17,2025-03-23,"6.12.2.b"
"C28914",1,1,2025-03-18,2025-03-24,"6.12.2.b"
"C28914",1,1,2025-03-22,2025-03-28,"6.12.2.b"
"C28914",1,1,2025-03-25,2025-03-31,"6.12.2.b"
"C28914",1,1,2025-03-27,2025-07-05,"6.12.2.a"
"C28914",1,1,2025-04-03,2025-04-09,"6.12.2.b"
"C28914",1,1,2025-04-04,2025-04-10,"6.12.2.b"
"C28914",1,1,2025-04-05,2025-04-11,"6.12.2.b"
"C28914",1,1,2025-04-06,2025-04-12,"6.12.2.b"
"C28914",1,1,2025-04-07,2025-04-13,"6.12.2.b"
"C28914",1,1,2025-04-08,2025-04-14,"6.12.2.b"
"C28914",1,1,2025-04-09,2025-04-15,"6.12.2.b"
"C28914",1,1,2025-04-10,2025-04-16,"6.12.2.b"
"C28914",1,1,2025-04-11,2025-04-17,"6.12.2.b"
"C28914",1,1,2025-04-12,2025-04-18,"6.12.2.b"
"C28914",1,1,2025-04-14,2025-04-20,"6.12.2.b"
"C28914",1,1,2025-04-16,2025-04-22,"6.12.2.b"
"C28914",1,1,2025-04-19,2025-04-25,"6.12.2.b"
"C28914",1,1,2025-04-20,2025-04-26,"6.12.2.b"
"C28914",1,1,2025-04-22,2025-04-28,"6.12.2.b"
"C28914",1,1,2025-04-23,2025-04-29,"6.12.2.b"
"C28914",1,1,2025-04-24,2025-04-30,"6.12.2.b"
"C28914",1,1,2025-04-26,2025-05-02,"6.12.2.b"
"C28914",1,1,2025-04-27,2025-05-03,"6.12.2.b"
"C28914",1,1,2025-04-28,2025-05-04,"6.12.2.b"
"C28914",1,1,2025-04-29,2025-05-05,"6.12.2.b"
"C28914",1,1,2025-04-30,2025-05-06,"6.12.2.b"
"C28914",1,1,2025-05-01,2025-05-07,"6.12.2.b"
"C28914",1,1,2025-05-12,2025-05-18,"6.12.2.b"
"C28914",1,1,2025-05-19,2025-05-25,"6.12.2.b"
"C28914",1,1,2025-05-21,2025-05-27,"6.12.2.b"
"C28914",1,1,2025-05-24,2025-05-30,"6.12.2.b"
"C28914",1,1,2025-05-26,2025-06-01,"6.12.2.b"
"C28914",1,1,2025-05-30,2025-06-05,"6.12.2.b"
"C28914",1,1,2025-06-29,2025-10-24,"6.12.2.a"
"C28917",1,1,2024-11-08,2024-11-14,"6.12.2.b"
"C28917",1,1,2024-11-09,2024-11-15,"6.12.2.b"
"C28917",1,1,2024-11-10,2024-11-16,"6.12.2.b"
"C28917",1,1,2024-11-11,2024-11-17,"6.12.2.b"
"C28917",1,1,2024-11-12,2024-11-18,"6.12.2.b"
"C28917",1,1,2024-11-13,2024-11-19,"6.12.2.b"
"C28917",1,1,2024-11-16,2024-11-22,"6.12.2.b"
"C28917",1,1,2024-11-17,2024-11-23,"6.12.2.b"
"C28917",1,1,2024-11-18,2024-11-24,"6.12.2.b"
"C28917",1,1,2024-11-19,2024-11-25,"6.12.2.b"
"C28917",1,1,2024-11-20,2024-11-26,"6.12.2.b"
"C28917",1,1,2024-11-23,2024-11-29,"6.12.2.b"
"C28917",1,1,2024-11-24,2024-11-30,"6.12.2.b"
"C28917",1,1,2024-11-26,2024-12-02,"6.12.2.b"
"C28917",1,1,2024-11-29,2024-12-05,"6.12.2.b"
"C28917",1,1,2024-11-30,2024-12-06,"6.12.2.b"
"C28917",1,1,2024-12-02,2025-11-20,"6.12.2.a"
"C28917",1,1,2024-12-03,2024-12-09,"6.12.2.b"
"C28917",1,1,2024-12-05,2024-12-11,"6.12.2.b"
"C28917",1,1,2024-12-06,2024-12-12,"6.12.2.b"
"C29019",1,1,2024-11-10,2024-12-06,"6.12.2.a"
"C29019",1,1,2025-03-24,2025-05-06,"6.12.2.a"
"C29019",1,1,2025-05-01,2026-09-30,"6.12.2.a"
"C29091",1,1,2024-11-13,2024-11-19,"6.12.2.b"
"C29091",1,1,2024-11-14,2024-11-20,"6.12.2.b"
"C29091",1,1,2024-11-15,2024-11-21,"6.12.2.b"
"C29091",1,1,2024-11-16,2024-11-22,"6.12.2.b"
"C29091",1,1,2024-11-17,2024-11-23,"6.12.2.b"
"C29091",1,1,2024-11-18,2024-11-24,"6.12.2.b"
"C29091",1,1,2024-11-19,2024-11-25,"6.12.2.b"
"C29091",1,1,2024-11-20,2024-11-26,"6.12.2.b"
"C29091",1,1,2024-11-21,2024-11-27,"6.12.2.b"
"C29091",1,1,2024-11-22,2024-11-28,"6.12.2.b"
"C29091",1,1,2024-11-23,2024-11-29,"6.12.2.b"
"C29091",1,1,2024-11-24,2024-11-30,"6.12.2.b"
"C29091",1,1,2024-11-25,2024-12-01,"6.12.2.b"
"C29091",1,1,2024-11-26,2024-12-02,"6.12.2.b"
"C29091",1,1,2024-11-26,2025-07-12,"6.12.2.a"
"C29091",1,1,2024-11-27,2024-12-03,"6.12.2.b"
"C29091",1,1,2024-11-28,2024-12-04,"6.12.2.b"
"C29091",1,1,2024-11-30,2024-12-06,"6.12.2.b"
"C29091",1,1,2024-12-02,2024-12-08,"6.12.2.b"
"C29091",1,1,2024-12-03,2024-12-09,"6.12.2.b"
"C29091",1,1,2024-12-04,2024-12-10,"6.12.2.b"
"C29091",1,1,2024-12-05,2024-12-11,"6.12.2.b"
"C29091",1,1,2024-12-06,2024-12-12,"6.12.2.b"
"C29091",1,1,2024-12-07,2024-12-13,"6.12.2.b"
"C29091",1,1,2024-12-08,2024-12-14,"6.12.2.b"
"C29091",1,1,2024-12-09,2024-12-15,"6.12.2.b"
"C29091",1,1,2024-12-13,2024-12-19,"6.12.2.b"
"C29091",1,1,2024-12-14,2024-12-20,"6.12.2.b"
"C29091",1,1,2024-12-21,2024-12-27,"6.12.2.b"
"C29091",1,1,2024-12-25,2024-12-31,"6.12.2.b"
"C29091",1,1,2024-12-29,2025-01-04,"6.12.2.b"
"C29091",1,1,2025-01-03,2025-01-09,"6.12.2.b"
"C29091",1,1,2025-01-07,2025-01-13,"6.12.2.b"
"C29091",1,1,2025-01-08,2025-01-14,"6.12.2.b"
"C29091",1,1,2025-01-10,2025-01-16,"6.12.2.b"
"C29091",1,1,2025-01-11,2025-01-17,"6.12.2.b"
"C29091",1,1,2025-01-13,2025-01-19,"6.12.2.b"
"C29091",1,1,2025-01-14,2025-01-20,"6.12.2.b"
"C29091",1,1,2025-02-18,2025-02-24,"6.12.2.b"
"C29091",1,1,2025-07-06,2025-11-13,"6.12.2.a"
"C29091",1,1,2025-11-10,2025-11-28,"6.12.2.a"
"C29091",1,1,2025-11-23,2025-11-29,"6.12.2.b"
"C29091",1,1,2025-11-29,2025-12-18,"6.12.2.a"
"C29121",1,1,2024-11-15,2024-12-26,"6.12.2.a"
"C29121",1,1,2024-11-18,2025-10-29,"6.12.2.a"
"C29181",1,1,2024-11-17,2025-02-14,"6.12.2.a"
"C29181",1,1,2024-12-07,2025-11-27,"6.12.2.a"
"C29391",1,1,2024-11-22,2024-12-17,"6.12.2.a"
"C29391",1,1,2024-11-25,2025-12-22,"6.12.2.a"
"C29466",1,1,2024-11-23,2024-12-04,"6.12.2.a"
"C29466",1,1,2024-11-29,2024-12-05,"6.12.2.b"
"C29466",1,1,2024-11-30,2025-02-12,"6.12.2.a"
"C29466",1,1,2025-01-18,2025-11-20,"6.12.2.a"
"C29478",1,1,2025-08-24,2025-09-22,"6.12.2.a"
"C29478",1,1,2025-09-18,2025-12-25,"6.12.2.a"
"C29571",1,1,2024-11-27,2025-07-17,"6.12.2.a"
"C29571",1,1,2024-12-27,2025-10-13,"6.12.2.a"
"C30141",1,1,2024-12-22,2025-05-05,"6.12.2.a"
"C30141",1,1,2025-01-27,2026-02-12,"6.12.2.a"
"C30180",1,1,2024-12-25,2024-12-31,"6.12.2.b"
"C30180",1,1,2024-12-26,2025-01-01,"6.12.2.b"
"C30180",1,1,2024-12-27,2025-01-02,"6.12.2.b"
"C30180",1,1,2025-01-02,2025-01-08,"6.12.2.b"
"C30180",1,1,2025-01-03,2025-01-09,"6.12.2.b"
"C30180",1,1,2025-01-05,2025-01-11,"6.12.2.b"
"C30180",1,1,2025-01-07,2025-01-13,"6.12.2.b"
"C30180",1,1,2025-01-10,2025-01-16,"6.12.2.b"
"C30180",1,1,2025-01-11,2025-01-17,"6.12.2.b"
"C30180",1,1,2025-01-12,2025-01-18,"6.12.2.b"
"C30180",1,1,2025-01-17,2025-01-23,"6.12.2.b"
"C30180",1,1,2025-01-20,2025-01-26,"6.12.2.b"
"C30180",1,1,2025-01-21,2025-01-27,"6.12.2.b"
"C30180",1,1,2025-01-22,2025-01-28,"6.12.2.b"
"C30180",1,1,2025-01-23,2025-01-29,"6.12.2.b"
"C30180",1,1,2025-02-01,2025-02-07,"6.12.2.b"
"C30180",1,1,2025-02-13,2025-02-19,"6.12.2.b"
"C30180",1,1,2025-02-15,2025-02-21,"6.12.2.b"
"C30180",1,1,2025-02-18,2025-02-24,"6.12.2.b"
"C30180",1,1,2025-02-18,2025-07-02,"6.12.2.a"
"C30180",1,1,2025-02-22,2025-02-28,"6.12.2.b"
"C30180",1,1,2025-02-23,2025-03-01,"6.12.2.b"
"C30180",1,1,2025-02-24,2025-03-02,"6.12.2.b"
"C30180",1,1,2025-02-26,2025-03-04,"6.12.2.b"
"C30180",1,1,2025-03-01,2025-03-07,"6.12.2.b"
"C30180",1,1,2025-03-05,2025-03-11,"6.12.2.b"
"C30180",1,1,2025-03-09,2025-03-15,"6.12.2.b"
"C30180",1,1,2025-03-10,2025-03-16,"6.12.2.b"
"C30180",1,1,2025-03-13,2025-03-19,"6.12.2.b"
"C30180",1,1,2025-03-17,2025-03-23,"6.12.2.b"
"C30180",1,1,2025-03-18,2025-03-24,"6.12.2.b"
"C30180",1,1,2025-04-03,2025-04-09,"6.12.2.b"
"C30180",1,1,2025-04-04,2025-04-10,"6.12.2.b"
"C30180",1,1,2025-04-05,2025-04-11,"6.12.2.b"
"C30180",1,1,2025-04-06,2025-04-12,"6.12.2.b"
"C30180",1,1,2025-04-07,2025-04-13,"6.12.2.b"
"C30180",1,1,2025-04-08,2025-04-14,"6.12.2.b"
"C30180",1,1,2025-04-09,2025-04-15,"6.12.2.b"
"C30180",1,1,2025-04-10,2025-04-16,"6.12.2.b"
"C30180",1,1,2025-04-11,2025-04-17,"6.12.2.b"
"C30180",1,1,2025-04-12,2025-04-18,"6.12.2.b"
"C30180",1,1,2025-04-15,2025-04-21,"6.12.2.b"
"C30180",1,1,2025-04-17,2025-04-23,"6.12.2.b"
"C30180",1,1,2025-04-18,2025-04-24,"6.12.2.b"
"C30180",1,1,2025-04-19,2025-04-25,"6.12.2.b"
"C30180",1,1,2025-04-20,2025-04-26,"6.12.2.b"
"C30180",1,1,2025-04-21,2025-04-27,"6.12.2.b"
"C30180",1,1,2025-04-22,2025-04-28,"6.12.2.b"
"C30180",1,1,2025-04-23,2025-04-29,"6.12.2.b"
"C30180",1,1,2025-04-25,2025-05-01,"6.12.2.b"
"C30180",1,1,2025-04-27,2025-05-03,"6.12.2.b"
"C30180",1,1,2025-04-28,2025-05-04,"6.12.2.b"
"C30180",1,1,2025-04-29,2025-05-05,"6.12.2.b"
"C30180",1,1,2025-04-30,2025-05-06,"6.12.2.b"
"C30180",1,1,2025-05-01,2025-05-07,"6.12.2.b"
"C30180",1,1,2025-05-03,2025-05-09,"6.12.2.b"
"C30180",1,1,2025-05-04,2025-05-10,"6.12.2.b"
"C30180",1,1,2025-05-06,2025-05-12,"6.12.2.b"
"C30180",1,1,2025-05-07,2025-05-13,"6.12.2.b"
"C30180",1,1,2025-05-08,2025-05-14,"6.12.2.b"
"C30180",1,1,2025-05-09,2025-05-15,"6.12.2.b"
"C30180",1,1,2025-05-10,2025-05-16,"6.12.2.b"
"C30180",1,1,2025-05-11,2025-05-17,"6.12.2.b"
"C30180",1,1,2025-05-12,2025-05-18,"6.12.2.b"
"C30180",1,1,2025-05-13,2025-05-19,"6.12.2.b"
"C30180",1,1,2025-05-14,2025-05-20,"6.12.2.b"
"C30180",1,1,2025-05-15,2025-05-21,"6.12.2.b"
"C30180",1,1,2025-05-17,2025-05-23,"6.12.2.b"
"C30180",1,1,2025-05-18,2025-05-24,"6.12.2.b"
"C30180",1,1,2025-05-19,2025-05-25,"6.12.2.b"
"C30180",1,1,2025-05-20,2025-05-26,"6.12.2.b"
"C30180",1,1,2025-05-23,2025-05-29,"6.12.2.b"
"C30180",1,1,2025-05-24,2025-05-30,"6.12.2.b"
"C30180",1,1,2025-05-26,2025-06-01,"6.12.2.b"
"C30180",1,1,2025-05-27,2025-06-02,"6.12.2.b"
"C30180",1,1,2025-05-28,2025-06-03,"6.12.2.b"
"C30180",1,1,2025-05-29,2025-06-04,"6.12.2.b"
"C30180",1,1,2025-05-30,2025-06-05,"6.12.2.b"
"C30180",1,1,2025-05-31,2025-06-06,"6.12.2.b"
"C30180",1,1,2025-06-01,2025-06-07,"6.12.2.b"
"C30180",1,1,2025-06-02,2025-06-08,"6.12.2.b"
"C30180",1,1,2025-06-03,2025-06-09,"6.12.2.b"
"C30180",1,1,2025-06-04,2025-06-10,"6.12.2.b"
"C30180",1,1,2025-06-05,2025-06-11,"6.12.2.b"
"C30180",1,1,2025-06-07,2025-06-13,"6.12.2.b"
"C30180",1,1,2025-06-08,2025-06-14,"6.12.2.b"
"C30180",1,1,2025-06-09,2025-06-15,"6.12.2.b"
"C30180",1,1,2025-06-11,2025-06-17,"6.12.2.b"
"C30180",1,1,2025-06-26,2026-09-30,"6.12.2.a"
"C30180",1,1,2026-07-23,2026-07-29,"6.12.2.b"
"C30180",1,1,2026-07-25,2026-07-31,"6.12.2.b"
"C30180",1,1,2026-07-29,2026-08-04,"6.12.2.b"
"C30180",1,1,2026-08-02,2026-08-08,"6.12.2.b"
"C30306",1,1,2024-12-29,2025-01-28,"6.12.2.a"
"C30306",1,1,2025-04-07,2025-05-24,"6.12.2.a"
"C30306",1,1,2025-05-19,2025-06-20,"6.12.2.a"
"C30306",1,1,2025-06-16,2025-07-24,"6.12.2.a"
"C30306",1,1,2025-07-26,2025-08-18,"6.12.2.a"
"C30306",1,1,2025-08-16,2025-09-03,"6.12.2.a"
"C30306",1,1,2025-08-29,2025-09-18,"6.12.2.a"
"C30306",1,1,2025-09-16,2025-10-20,"6.12.2.a"
"C30306",1,1,2025-10-17,2025-11-12,"6.12.2.a"
"C30306",1,1,2025-11-12,2025-12-04,"6.12.2.a"
"C30306",1,1,2025-12-08,2026-01-20,"6.12.2.a"
"C30306",1,1,2026-01-15,2026-01-26,"6.12.2.a"
"C30306",1,1,2026-01-24,2026-04-04,"6.12.2.a"
"C30306",1,1,2026-03-31,2026-04-21,"6.12.2.a"
"C30306",1,1,2026-04-20,2026-05-15,"6.12.2.a"
"C30318",1,1,2024-12-30,2025-01-24,"6.12.2.a"
"C30318",1,1,2025-01-20,2026-09-30,"6.12.2.a"
"C30462",1,1,2025-04-20,2025-06-03,"6.12.2.a"
"C30462",1,1,2025-05-29,2025-12-02,"6.12.2.a"
"C30492",1,1,2025-01-14,2025-07-23,"6.12.2.a"
"C30492",1,1,2025-03-08,2025-12-05,"6.12.2.a"
"C30549",2,1,2025-02-08,2025-09-03,"6.12.2.a"
"C30549",2,1,2025-08-29,2026-01-27,"6.12.2.a"
"C30603",1,1,2025-01-15,2025-03-28,"6.12.2.a"
"C30603",1,1,2025-03-06,2025-12-08,"6.12.2.a"
"C30606",1,1,2025-01-17,2025-02-21,"6.12.2.a"
"C30606",1,1,2025-01-21,2026-02-20,"6.12.2.a"
"C30657",1,1,2025-01-12,2025-03-26,"6.12.2.a"
"C30657",1,1,2025-03-06,2025-12-08,"6.12.2.a"
"C30714",1,1,2025-01-19,2025-01-25,"6.12.2.b"
"C30714",1,1,2025-01-20,2025-01-26,"6.12.2.b"
"C30714",1,1,2025-01-22,2025-01-28,"6.12.2.b"
"C30714",1,1,2025-01-23,2025-01-29,"6.12.2.b"
"C30714",1,1,2025-01-24,2025-01-30,"6.12.2.b"
"C30714",1,1,2025-01-26,2025-02-01,"6.12.2.b"
"C30714",1,1,2025-01-27,2025-02-02,"6.12.2.b"
"C30714",1,1,2025-01-28,2025-02-03,"6.12.2.b"
"C30714",1,1,2025-01-29,2025-02-04,"6.12.2.b"
"C30714",1,1,2025-01-30,2025-02-05,"6.12.2.b"
"C30714",1,1,2025-01-31,2025-02-06,"6.12.2.b"
"C30714",1,1,2025-02-01,2025-02-07,"6.12.2.b"
"C30714",1,1,2025-02-02,2025-02-08,"6.12.2.b"
"C30714",1,1,2025-02-03,2025-02-09,"6.12.2.b"
"C30714",1,1,2025-02-04,2025-02-10,"6.12.2.b"
"C30714",1,1,2025-02-04,2025-11-04,"6.12.2.a"
"C30714",1,1,2025-02-05,2025-02-11,"6.12.2.b"
"C30714",1,1,2025-02-06,2025-02-12,"6.12.2.b"
"C30714",1,1,2025-02-07,2025-02-13,"6.12.2.b"
"C30714",1,1,2025-02-08,2025-02-14,"6.12.2.b"
"C30714",1,1,2025-02-09,2025-02-15,"6.12.2.b"
"C30714",1,1,2025-02-10,2025-02-16,"6.12.2.b"
"C30714",1,1,2025-02-11,2025-02-17,"6.12.2.b"
"C30714",1,1,2025-02-12,2025-02-18,"6.12.2.b"
"C30714",1,1,2025-02-13,2025-02-19,"6.12.2.b"
"C30714",1,1,2025-02-14,2025-02-20,"6.12.2.b"
"C30714",1,1,2025-02-15,2025-02-21,"6.12.2.b"
"C30714",1,1,2025-02-16,2025-02-22,"6.12.2.b"
"C30714",1,1,2025-02-17,2025-02-23,"6.12.2.b"
"C30714",1,1,2025-02-18,2025-02-24,"6.12.2.b"
"C30714",1,1,2025-02-19,2025-02-25,"6.12.2.b"
"C30720",1,1,2025-01-23,2025-01-29,"6.12.2.b"
"C30720",1,1,2025-01-28,2025-06-09,"6.12.2.a"
"C30720",1,1,2025-02-01,2025-02-07,"6.12.2.b"
"C30720",1,1,2025-02-04,2025-02-10,"6.12.2.b"
"C30720",1,1,2025-02-05,2025-02-11,"6.12.2.b"
"C30720",1,1,2025-02-06,2025-02-12,"6.12.2.b"
"C30720",1,1,2025-02-08,2025-02-14,"6.12.2.b"
"C30720",1,1,2025-02-09,2025-02-15,"6.12.2.b"
"C30720",1,1,2025-02-10,2025-02-16,"6.12.2.b"
"C30720",1,1,2025-02-13,2025-02-19,"6.12.2.b"
"C30720",1,1,2025-02-14,2025-02-20,"6.12.2.b"
"C30720",1,1,2025-02-15,2025-02-21,"6.12.2.b"
"C30720",1,1,2025-02-16,2025-02-22,"6.12.2.b"
"C30720",1,1,2025-02-17,2025-02-23,"6.12.2.b"
"C30720",1,1,2025-02-21,2025-02-27,"6.12.2.b"
"C30720",1,1,2025-02-22,2025-02-28,"6.12.2.b"
"C30720",1,1,2025-02-23,2025-03-01,"6.12.2.b"
"C30720",1,1,2025-02-24,2025-03-02,"6.12.2.b"
"C30720",1,1,2025-02-25,2025-03-03,"6.12.2.b"
"C30720",1,1,2025-02-26,2025-03-04,"6.12.2.b"
"C30720",1,1,2025-02-27,2025-03-05,"6.12.2.b"
"C30720",1,1,2025-03-11,2025-03-17,"6.12.2.b"
"C30720",1,1,2025-03-13,2025-03-19,"6.12.2.b"
"C30720",1,1,2025-03-15,2025-03-21,"6.12.2.b"
"C30720",1,1,2025-03-16,2025-03-22,"6.12.2.b"
"C30720",1,1,2025-03-17,2025-03-23,"6.12.2.b"
"C30720",1,1,2025-03-21,2025-03-27,"6.12.2.b"
"C30720",1,1,2025-04-06,2025-04-12,"6.12.2.b"
"C30720",1,1,2025-04-12,2025-04-18,"6.12.2.b"
"C30720",1,1,2025-04-14,2025-04-20,"6.12.2.b"
"C30720",1,1,2025-04-18,2025-04-24,"6.12.2.b"
"C30720",1,1,2025-04-20,2025-04-26,"6.12.2.b"
"C30720",1,1,2025-04-24,2025-04-30,"6.12.2.b"
"C30720",1,1,2025-06-03,2026-09-30,"6.12.2.a"
"C30720",1,1,2026-01-19,2026-02-07,"6.12.2.a"
"C30723",1,1,2025-01-22,2025-01-28,"6.12.2.b"
"C30723",1,1,2025-01-23,2025-01-29,"6.12.2.b"
"C30723",1,1,2025-01-24,2025-01-30,"6.12.2.b"
"C30723",1,1,2025-01-28,2025-02-03,"6.12.2.b"
"C30723",1,1,2025-02-01,2025-02-07,"6.12.2.b"
"C30723",1,1,2025-02-04,2025-02-10,"6.12.2.b"
"C30723",1,1,2025-02-15,2025-02-21,"6.12.2.b"
"C30723",1,1,2025-02-17,2025-08-31,"6.12.2.a"
"C30723",1,1,2025-02-19,2025-02-25,"6.12.2.b"
"C30723",1,1,2025-02-21,2025-02-27,"6.12.2.b"
"C30723",1,1,2025-02-26,2025-03-04,"6.12.2.b"
"C30723",1,1,2025-03-01,2025-03-07,"6.12.2.b"
"C30723",1,1,2025-03-02,2025-03-08,"6.12.2.b"
"C30723",1,1,2025-03-05,2025-03-11,"6.12.2.b"
"C30723",1,1,2025-03-11,2025-03-17,"6.12.2.b"
"C30723",1,1,2025-03-18,2025-03-24,"6.12.2.b"
"C30723",1,1,2025-03-20,2025-03-26,"6.12.2.b"
"C30723",1,1,2025-03-21,2025-03-27,"6.12.2.b"
"C30723",1,1,2025-03-23,2025-03-29,"6.12.2.b"
"C30723",1,1,2025-03-24,2025-03-30,"6.12.2.b"
"C30723",1,1,2025-03-26,2025-04-01,"6.12.2.b"
"C30723",1,1,2025-03-27,2025-04-02,"6.12.2.b"
"C30723",1,1,2025-03-28,2025-04-03,"6.12.2.b"
"C30723",1,1,2025-04-07,2025-04-13,"6.12.2.b"
"C30723",1,1,2025-04-08,2025-04-14,"6.12.2.b"
"C30723",1,1,2025-08-25,2026-03-28,"6.12.2.a"
"C30723",1,1,2026-07-03,2026-07-09,"6.12.2.b"
"C30723",1,1,2026-07-05,2026-07-11,"6.12.2.b"
"C30723",1,1,2026-07-08,2026-07-14,"6.12.2.b"
"C30723",1,1,2026-07-10,2026-07-16,"6.12.2.b"
"C30723",1,1,2026-07-11,2026-07-17,"6.12.2.b"
"C30723",1,1,2026-07-14,2026-07-20,"6.12.2.b"
"C30723",1,1,2026-07-15,2026-07-21,"6.12.2.b"
"C30723",1,1,2026-07-16,2026-07-22,"6.12.2.b"
"C30723",1,1,2026-07-17,2026-07-23,"6.12.2.b"
"C30723",1,1,2026-07-19,2026-07-25,"6.12.2.b"
"C30723",1,1,2026-07-20,2026-07-26,"6.12.2.b"
"C30723",1,1,2026-07-23,2026-07-29,"6.12.2.b"
"C30723",1,1,2026-07-24,2026-07-30,"6.12.2.b"
"C30723",1,1,2026-07-25,2026-07-31,"6.12.2.b"
"C30723",1,1,2026-07-26,2026-08-01,"6.12.2.b"
"C30723",1,1,2026-07-27,2026-08-02,"6.12.2.b"
"C30723",1,1,2026-07-28,2026-08-03,"6.12.2.b"
"C30723",1,1,2026-07-30,2026-08-05,"6.12.2.b"
"C30723",1,1,2026-08-01,2026-08-07,"6.12.2.b"
"C30723",1,1,2026-08-02,2026-08-08,"6.12.2.b"
"C30723",1,1,2026-08-03,2026-08-09,"6.12.2.b"
"C30723",1,1,2026-08-04,2026-08-10,"6.12.2.b"
"C30783",1,1,2025-02-07,2025-10-15,"6.12.2.a"
"C30783",1,1,2025-08-29,2025-09-18,"6.12.2.a"
"C31059",1,1,2025-02-25,2025-03-03,"6.12.2.b"
"C31059",1,1,2025-02-26,2025-03-04,"6.12.2.b"
"C31059",1,1,2025-03-22,2025-03-28,"6.12.2.b"
"C31059",1,1,2025-03-26,2025-04-01,"6.12.2.b"
"C31059",1,1,2025-03-27,2025-04-02,"6.12.2.b"
"C31059",1,1,2025-06-04,2025-06-10,"6.12.2.b"
"C31059",1,1,2025-06-06,2025-06-12,"6.12.2.b"
"C31059",1,1,2025-06-07,2025-06-13,"6.12.2.b"
"C31059",1,1,2025-06-23,2025-06-29,"6.12.2.b"
"C31059",1,1,2025-06-24,2025-06-30,"6.12.2.b"
"C31059",1,1,2025-06-25,2025-07-01,"6.12.2.b"
"C31059",1,1,2025-06-26,2025-07-02,"6.12.2.b"
"C31059",1,1,2025-06-28,2025-07-04,"6.12.2.b"
"C31059",1,1,2025-06-29,2025-07-05,"6.12.2.b"
"C31059",1,1,2025-06-30,2025-07-06,"6.12.2.b"
"C31059",1,1,2025-07-02,2025-07-08,"6.12.2.b"
"C31059",1,1,2025-07-03,2025-07-09,"6.12.2.b"
"C31059",1,1,2025-07-03,2025-11-19,"6.12.2.a"
"C31059",1,1,2025-07-04,2025-07-10,"6.12.2.b"
"C31059",1,1,2025-07-05,2025-07-11,"6.12.2.b"
"C31059",1,1,2025-07-07,2025-07-13,"6.12.2.b"
"C31062",1,1,2025-02-14,2025-02-20,"6.12.2.b"
"C31062",1,1,2025-02-19,2025-02-25,"6.12.2.b"
"C31062",1,1,2025-02-24,2025-03-02,"6.12.2.b"
"C31062",1,1,2025-03-07,2025-03-13,"6.12.2.b"
"C31062",1,1,2025-03-22,2025-03-28,"6.12.2.b"
"C31062",1,1,2025-03-25,2025-03-31,"6.12.2.b"
"C31062",1,1,2025-04-08,2025-04-14,"6.12.2.b"
"C31062",1,1,2025-04-10,2025-04-16,"6.12.2.b"
"C31062",1,1,2025-04-10,2026-03-21,"6.12.2.a"
"C31062",1,1,2025-05-05,2025-05-11,"6.12.2.b"
"C31062",1,1,2025-05-21,2025-05-27,"6.12.2.b"
"C31062",1,1,2025-05-31,2025-06-06,"6.12.2.b"
"C31191",1,1,2025-02-21,2025-03-22,"6.12.2.a"
"C31191",1,1,2025-03-20,2026-09-30,"6.12.2.a"
"C31332",1,1,2025-03-08,2025-03-14,"6.12.2.b"
"C31332",1,1,2025-03-09,2025-03-15,"6.12.2.b"
"C31332",1,1,2025-03-10,2025-03-16,"6.12.2.b"
"C31332",1,1,2025-03-14,2025-03-20,"6.12.2.b"
"C31332",1,1,2025-03-20,2025-03-26,"6.12.2.b"
"C31332",1,1,2025-03-21,2025-06-30,"6.12.2.a"
"C31332",1,1,2025-03-25,2025-03-31,"6.12.2.b"
"C31332",1,1,2025-04-02,2025-04-08,"6.12.2.b"
"C31332",1,1,2025-04-03,2025-04-09,"6.12.2.b"
"C31332",1,1,2025-04-04,2025-04-10,"6.12.2.b"
"C31332",1,1,2025-04-05,2025-04-11,"6.12.2.b"
"C31332",1,1,2025-04-06,2025-04-12,"6.12.2.b"
"C31332",1,1,2025-04-08,2025-04-14,"6.12.2.b"
"C31332",1,1,2025-04-09,2025-04-15,"6.12.2.b"
"C31332",1,1,2025-04-13,2025-04-19,"6.12.2.b"
"C31332",1,1,2025-04-16,2025-04-22,"6.12.2.b"
"C31332",1,1,2025-04-19,2025-04-25,"6.12.2.b"
"C31332",1,1,2025-04-20,2025-04-26,"6.12.2.b"
"C31332",1,1,2025-04-21,2025-04-27,"6.12.2.b"
"C31332",1,1,2025-04-23,2025-04-29,"6.12.2.b"
"C31332",1,1,2025-04-27,2025-05-03,"6.12.2.b"
"C31332",1,1,2025-05-10,2025-06-09,"6.12.2.a"
"C31332",1,1,2025-06-03,2025-10-23,"6.12.2.a"
"C31332",1,1,2025-07-11,2026-04-22,"6.12.2.a"
"C31380",1,1,2025-03-06,2025-04-02,"6.12.2.a"
"C31380",1,1,2025-03-10,2025-12-23,"6.12.2.a"
"C31449",1,1,2025-03-11,2025-03-17,"6.12.2.b"
"C31449",1,1,2025-03-12,2025-03-18,"6.12.2.b"
"C31449",1,1,2025-03-14,2025-03-20,"6.12.2.b"
"C31449",1,1,2025-03-16,2025-03-22,"6.12.2.b"
"C31449",1,1,2025-03-17,2025-03-23,"6.12.2.b"
"C31449",1,1,2025-03-18,2025-03-24,"6.12.2.b"
"C31449",1,1,2025-03-20,2025-03-26,"6.12.2.b"
"C31449",1,1,2025-03-21,2025-03-27,"6.12.2.b"
"C31449",1,1,2025-03-22,2025-03-28,"6.12.2.b"
"C31449",1,1,2025-03-24,2025-03-30,"6.12.2.b"
"C31449",1,1,2025-03-25,2025-03-31,"6.12.2.b"
"C31449",1,1,2025-03-26,2025-04-01,"6.12.2.b"
"C31449",1,1,2025-03-27,2025-04-02,"6.12.2.b"
"C31449",1,1,2025-03-29,2025-04-04,"6.12.2.b"
"C31449",1,1,2025-03-31,2025-04-06,"6.12.2.b"
"C31449",1,1,2025-04-01,2025-04-07,"6.12.2.b"
"C31449",1,1,2025-04-02,2025-04-08,"6.12.2.b"
"C31449",1,1,2025-04-03,2025-04-09,"6.12.2.b"
"C31449",1,1,2025-04-04,2025-04-10,"6.12.2.b"
"C31449",1,1,2025-04-05,2025-04-11,"6.12.2.b"
"C31449",1,1,2025-04-05,2025-09-12,"6.12.2.a"
"C31449",1,1,2025-04-06,2025-04-12,"6.12.2.b"
"C31449",1,1,2025-04-07,2025-04-13,"6.12.2.b"
"C31449",1,1,2025-04-09,2025-04-15,"6.12.2.b"
"C31449",1,1,2025-04-10,2025-04-16,"6.12.2.b"
"C31449",1,1,2025-09-06,2025-12-26,"6.12.2.a"
"C31449",1,1,2026-07-07,2026-09-30,"6.12.2.a"
"C31461",1,1,2025-03-13,2025-05-30,"6.12.2.a"
"C31461",1,1,2025-03-16,2026-01-09,"6.12.2.a"
"C31461",1,1,2025-05-24,2025-12-31,"6.12.2.a"
"C31530",1,1,2025-03-16,2025-06-16,"6.12.2.a"
"C31530",1,1,2025-03-27,2025-12-03,"6.12.2.a"
"C31578",1,1,2025-03-28,2026-01-11,"6.12.2.a"
"C31578",1,1,2025-04-05,2025-05-27,"6.12.2.a"
"C31650",1,1,2025-03-22,2025-03-28,"6.12.2.b"
"C31650",1,1,2025-03-24,2025-03-30,"6.12.2.b"
"C31650",1,1,2025-03-27,2025-04-02,"6.12.2.b"
"C31650",1,1,2025-03-31,2025-04-06,"6.12.2.b"
"C31650",1,1,2025-04-02,2025-04-08,"6.12.2.b"
"C31650",1,1,2025-04-05,2025-04-11,"6.12.2.b"
"C31650",1,1,2025-04-08,2025-04-14,"6.12.2.b"
"C31650",1,1,2025-04-09,2025-04-15,"6.12.2.b"
"C31650",1,1,2025-04-11,2025-04-17,"6.12.2.b"
"C31650",1,1,2025-04-13,2025-04-19,"6.12.2.b"
"C31650",1,1,2025-04-15,2025-04-21,"6.12.2.b"
"C31650",1,1,2025-04-17,2025-04-23,"6.12.2.b"
"C31650",1,1,2025-04-26,2025-05-02,"6.12.2.b"
"C31650",1,1,2025-04-28,2025-05-04,"6.12.2.b"
"C31650",1,1,2025-05-03,2025-05-09,"6.12.2.b"
"C31650",1,1,2025-05-04,2025-05-10,"6.12.2.b"
"C31650",1,1,2025-05-07,2025-05-13,"6.12.2.b"
"C31650",1,1,2025-05-09,2025-05-15,"6.12.2.b"
"C31650",1,1,2025-05-10,2025-05-16,"6.12.2.b"
"C31650",1,1,2025-05-13,2025-05-19,"6.12.2.b"
"C31650",1,1,2025-05-14,2025-05-20,"6.12.2.b"
"C31650",1,1,2025-05-19,2025-05-25,"6.12.2.b"
"C31650",1,1,2025-05-20,2025-05-26,"6.12.2.b"
"C31650",1,1,2025-05-21,2025-05-27,"6.12.2.b"
"C31650",1,1,2025-05-24,2025-05-30,"6.12.2.b"
"C31650",1,1,2025-05-26,2025-06-01,"6.12.2.b"
"C31650",1,1,2025-05-28,2025-06-03,"6.12.2.b"
"C31650",1,1,2025-05-29,2025-06-04,"6.12.2.b"
"C31650",1,1,2025-06-01,2025-06-07,"6.12.2.b"
"C31650",1,1,2025-06-02,2025-06-08,"6.12.2.b"
"C31650",1,1,2025-06-04,2026-08-01,"6.12.2.a"
"C31821",1,1,2025-04-04,2025-06-09,"6.12.2.a"
"C31821",1,1,2025-05-15,2026-03-12,"6.12.2.a"
"C31923",1,1,2025-04-09,2025-04-15,"6.12.2.b"
"C31923",1,1,2025-04-10,2025-04-16,"6.12.2.b"
"C31923",1,1,2025-04-28,2025-05-04,"6.12.2.b"
"C31923",1,1,2025-04-29,2025-05-05,"6.12.2.b"
"C31923",1,1,2025-05-01,2025-05-07,"6.12.2.b"
"C31923",1,1,2025-05-07,2025-05-13,"6.12.2.b"
"C31923",1,1,2025-05-11,2025-05-17,"6.12.2.b"
"C31923",1,1,2025-05-16,2025-05-22,"6.12.2.b"
"C31923",1,1,2025-05-19,2025-05-25,"6.12.2.b"
"C31923",1,1,2025-05-23,2025-05-29,"6.12.2.b"
"C31923",1,1,2025-05-24,2025-05-30,"6.12.2.b"
"C31923",1,1,2025-05-31,2025-06-06,"6.12.2.b"
"C31923",1,1,2025-06-01,2025-11-17,"6.12.2.a"
"C31923",1,1,2025-06-04,2025-06-10,"6.12.2.b"
"C31923",1,1,2025-06-14,2025-06-20,"6.12.2.b"
"C31923",1,1,2025-06-19,2025-06-25,"6.12.2.b"
"C31923",1,1,2025-06-20,2025-06-26,"6.12.2.b"
"C31929",1,1,2025-04-09,2025-04-15,"6.12.2.b"
"C31929",1,1,2025-04-12,2025-04-18,"6.12.2.b"
"C31929",1,1,2025-04-14,2025-04-20,"6.12.2.b"
"C31929",1,1,2025-04-15,2025-04-21,"6.12.2.b"
"C31929",1,1,2025-04-16,2025-04-22,"6.12.2.b"
"C31929",1,1,2025-04-18,2025-04-24,"6.12.2.b"
"C31929",1,1,2025-04-20,2025-04-26,"6.12.2.b"
"C31929",1,1,2025-04-25,2025-05-01,"6.12.2.b"
"C31929",1,1,2025-04-26,2025-05-02,"6.12.2.b"
"C31929",1,1,2025-04-27,2025-05-03,"6.12.2.b"
"C31929",1,1,2025-04-28,2025-05-04,"6.12.2.b"
"C31929",1,1,2025-04-29,2025-05-05,"6.12.2.b"
"C31929",1,1,2025-04-30,2025-05-06,"6.12.2.b"
"C31929",1,1,2025-05-02,2025-05-08,"6.12.2.b"
"C31929",1,1,2025-05-05,2025-05-11,"6.12.2.b"
"C31929",1,1,2025-05-07,2025-05-13,"6.12.2.b"
"C31929",1,1,2025-05-08,2025-05-14,"6.12.2.b"
"C31929",1,1,2025-05-09,2025-05-15,"6.12.2.b"
"C31929",1,1,2025-05-09,2025-07-05,"6.12.2.a"
"C31929",1,1,2025-05-10,2025-05-16,"6.12.2.b"
"C31929",1,1,2025-05-11,2025-05-17,"6.12.2.b"
"C31929",1,1,2025-05-13,2025-05-19,"6.12.2.b"
"C31929",1,1,2025-05-15,2025-05-21,"6.12.2.b"
"C31929",1,1,2025-05-16,2025-05-22,"6.12.2.b"
"C31929",1,1,2025-05-18,2025-05-24,"6.12.2.b"
"C31929",1,1,2025-05-21,2025-05-27,"6.12.2.b"
"C31929",1,1,2025-05-22,2025-05-28,"6.12.2.b"
"C31929",1,1,2025-05-23,2025-05-29,"6.12.2.b"
"C31929",1,1,2025-05-24,2025-05-30,"6.12.2.b"
"C31929",1,1,2025-05-25,2025-05-31,"6.12.2.b"
"C31929",1,1,2025-05-27,2025-06-02,"6.12.2.b"
"C31929",1,1,2025-05-28,2025-06-03,"6.12.2.b"
"C31929",1,1,2025-05-31,2025-06-06,"6.12.2.b"
"C31929",1,1,2025-06-01,2025-06-07,"6.12.2.b"
"C31929",1,1,2025-06-03,2025-06-09,"6.12.2.b"
"C31929",1,1,2025-06-06,2025-06-12,"6.12.2.b"
"C31929",1,1,2025-06-29,2025-11-28,"6.12.2.a"
"C31953",1,1,2025-04-11,2025-04-17,"6.12.2.b"
"C31953",1,1,2025-04-12,2025-04-18,"6.12.2.b"
"C31953",1,1,2025-04-17,2025-04-23,"6.12.2.b"
"C31953",1,1,2025-04-20,2025-04-26,"6.12.2.b"
"C31953",1,1,2025-04-23,2025-04-29,"6.12.2.b"
"C31953",1,1,2025-04-24,2025-04-30,"6.12.2.b"
"C31953",1,1,2025-04-26,2025-05-02,"6.12.2.b"
"C31953",1,1,2025-04-30,2025-05-06,"6.12.2.b"
"C31953",1,1,2025-05-01,2025-05-07,"6.12.2.b"
"C31953",1,1,2025-05-03,2025-05-09,"6.12.2.b"
"C31953",1,1,2025-05-05,2025-05-11,"6.12.2.b"
"C31953",1,1,2025-05-05,2025-11-28,"6.12.2.a"
"C31953",1,1,2025-05-14,2025-05-20,"6.12.2.b"
"C31953",1,1,2025-05-16,2025-05-22,"6.12.2.b"
"C31953",1,1,2025-05-18,2025-05-24,"6.12.2.b"
"C31953",1,1,2025-05-20,2025-05-26,"6.12.2.b"
"C31953",1,1,2025-05-21,2025-05-27,"6.12.2.b"
"C31953",1,1,2025-05-27,2025-06-02,"6.12.2.b"
"C31953",1,1,2025-05-28,2025-06-03,"6.12.2.b"
"C31953",1,1,2025-05-29,2025-06-04,"6.12.2.b"
"C31953",1,1,2025-06-01,2025-06-07,"6.12.2.b"
"C31953",1,1,2025-06-06,2025-06-12,"6.12.2.b"
"C31953",1,1,2025-06-07,2025-06-13,"6.12.2.b"
"C31953",1,1,2025-06-08,2025-06-14,"6.12.2.b"
"C31953",1,1,2025-06-10,2025-06-16,"6.12.2.b"
"C31953",1,1,2025-06-11,2025-06-17,"6.12.2.b"
"C31953",1,1,2025-06-12,2025-06-18,"6.12.2.b"
"C31953",1,1,2025-06-13,2025-06-19,"6.12.2.b"
"C31953",1,1,2025-06-14,2025-06-20,"6.12.2.b"
"C31953",1,1,2025-06-15,2025-06-21,"6.12.2.b"
"C31953",1,1,2025-06-16,2025-06-22,"6.12.2.b"
"C31953",1,1,2025-06-17,2025-06-23,"6.12.2.b"
"C31953",1,1,2025-06-18,2025-06-24,"6.12.2.b"
"C31953",1,1,2025-06-19,2025-06-25,"6.12.2.b"
"C31953",1,1,2025-06-20,2025-06-26,"6.12.2.b"
"C31953",1,1,2025-06-21,2025-06-27,"6.12.2.b"
"C31953",1,1,2025-06-22,2025-06-28,"6.12.2.b"
"C31953",1,1,2025-06-23,2025-06-29,"6.12.2.b"
"C31953",1,1,2025-06-24,2025-06-30,"6.12.2.b"
"C31953",1,1,2025-06-25,2025-07-01,"6.12.2.b"
"C31953",1,1,2025-06-26,2025-07-02,"6.12.2.b"
"C31953",1,1,2025-06-27,2025-07-03,"6.12.2.b"
"C31953",1,1,2025-06-28,2025-07-04,"6.12.2.b"
"C31953",1,1,2025-06-29,2025-07-05,"6.12.2.b"
"C31953",1,1,2025-06-30,2025-07-06,"6.12.2.b"
"C31953",1,1,2025-07-01,2025-07-07,"6.12.2.b"
"C31953",1,1,2025-07-02,2025-07-08,"6.12.2.b"
"C31953",1,1,2025-07-03,2025-07-09,"6.12.2.b"
"C31953",1,1,2025-07-05,2025-07-11,"6.12.2.b"
"C31953",1,1,2025-07-06,2025-07-12,"6.12.2.b"
"C31953",1,1,2025-07-07,2025-07-13,"6.12.2.b"
"C31953",1,1,2025-07-09,2025-07-15,"6.12.2.b"
"C31953",1,1,2025-07-10,2025-07-16,"6.12.2.b"
"C31953",1,1,2025-07-11,2025-07-17,"6.12.2.b"
"C31953",1,1,2025-07-12,2025-07-18,"6.12.2.b"
"C31953",1,1,2025-07-13,2025-07-19,"6.12.2.b"
"C31953",1,1,2025-07-14,2025-07-20,"6.12.2.b"
"C31953",1,1,2025-07-15,2025-07-21,"6.12.2.b"
"C31953",1,1,2025-07-16,2025-07-22,"6.12.2.b"
"C31953",1,1,2025-07-17,2025-07-23,"6.12.2.b"
"C31953",1,1,2025-07-24,2025-07-30,"6.12.2.b"
"C31953",1,1,2025-08-13,2025-08-19,"6.12.2.b"
"C31968",1,1,2025-04-14,2025-07-15,"6.12.2.a"
"C31968",1,1,2025-04-18,2026-09-30,"6.12.2.a"
"C31977",1,1,2025-04-28,2025-06-27,"6.12.2.a"
"C31977",1,1,2025-06-20,2025-11-21,"6.12.2.a"
"C31986",1,1,2025-04-15,2025-04-21,"6.12.2.b"
"C31986",1,1,2025-04-16,2025-04-22,"6.12.2.b"
"C31986",1,1,2025-04-19,2025-04-25,"6.12.2.b"
"C31986",1,1,2025-04-24,2025-04-30,"6.12.2.b"
"C31986",1,1,2025-04-25,2025-05-01,"6.12.2.b"
"C31986",1,1,2025-05-02,2025-05-08,"6.12.2.b"
"C31986",1,1,2025-05-04,2025-05-10,"6.12.2.b"
"C31986",1,1,2025-05-06,2025-05-12,"6.12.2.b"
"C31986",1,1,2025-05-09,2025-11-17,"6.12.2.a"
"C31986",1,1,2025-05-11,2025-05-17,"6.12.2.b"
"C31986",1,1,2025-05-15,2025-05-21,"6.12.2.b"
"C31986",1,1,2025-05-20,2025-05-26,"6.12.2.b"
"C31986",1,1,2025-05-21,2025-05-27,"6.12.2.b"
"C31986",1,1,2025-05-25,2025-05-31,"6.12.2.b"
"C31986",1,1,2025-05-28,2025-06-03,"6.12.2.b"
"C31989",1,1,2025-08-10,2025-12-09,"6.12.2.a"
"C31989",1,1,2025-08-11,2025-09-03,"6.12.2.a"
"C32013",1,1,2025-04-12,2025-04-18,"6.12.2.b"
"C32013",1,1,2025-04-13,2025-04-19,"6.12.2.b"
"C32013",1,1,2025-04-14,2025-04-20,"6.12.2.b"
"C32013",1,1,2025-04-15,2025-04-21,"6.12.2.b"
"C32013",1,1,2025-04-16,2025-04-22,"6.12.2.b"
"C32013",1,1,2025-04-17,2025-04-23,"6.12.2.b"
"C32013",1,1,2025-04-19,2025-04-25,"6.12.2.b"
"C32013",1,1,2025-04-20,2025-04-26,"6.12.2.b"
"C32013",1,1,2025-04-21,2025-04-27,"6.12.2.b"
"C32013",1,1,2025-04-22,2025-04-28,"6.12.2.b"
"C32013",1,1,2025-04-23,2025-04-29,"6.12.2.b"
"C32013",1,1,2025-04-24,2025-04-30,"6.12.2.b"
"C32013",1,1,2025-04-25,2025-05-01,"6.12.2.b"
"C32013",1,1,2025-04-26,2025-05-02,"6.12.2.b"
"C32013",1,1,2025-04-27,2025-05-03,"6.12.2.b"
"C32013",1,1,2025-04-29,2025-05-05,"6.12.2.b"
"C32013",1,1,2025-04-30,2025-05-06,"6.12.2.b"
"C32013",1,1,2025-05-01,2025-05-07,"6.12.2.b"
"C32013",1,1,2025-05-02,2025-05-08,"6.12.2.b"
"C32013",1,1,2025-05-03,2025-05-09,"6.12.2.b"
"C32013",1,1,2025-05-04,2025-05-10,"6.12.2.b"
"C32013",1,1,2025-05-05,2025-05-11,"6.12.2.b"
"C32013",1,1,2025-05-06,2025-05-12,"6.12.2.b"
"C32013",1,1,2025-05-07,2025-05-13,"6.12.2.b"
"C32013",1,1,2025-05-08,2025-05-14,"6.12.2.b"
"C32013",1,1,2025-05-09,2025-05-15,"6.12.2.b"
"C32013",1,1,2025-05-23,2025-05-29,"6.12.2.b"
"C32013",1,1,2025-05-25,2025-05-31,"6.12.2.b"
"C32013",1,1,2025-05-27,2025-06-02,"6.12.2.b"
"C32013",1,1,2025-06-01,2025-11-21,"6.12.2.a"
"C32013",1,1,2025-06-02,2025-06-08,"6.12.2.b"
"C32013",1,1,2025-06-03,2025-06-09,"6.12.2.b"
"C32013",1,1,2025-06-29,2025-07-05,"6.12.2.b"
"C32013",1,1,2025-07-11,2025-07-17,"6.12.2.b"
"C32013",1,1,2025-07-12,2025-07-18,"6.12.2.b"
"C32013",1,1,2025-07-15,2025-07-21,"6.12.2.b"
"C32013",1,1,2025-07-19,2025-07-25,"6.12.2.b"
"C32013",1,1,2025-07-20,2025-07-26,"6.12.2.b"
"C32040",2,1,2025-05-17,2025-05-23,"6.12.2.b"
"C32040",2,1,2025-05-20,2025-05-26,"6.12.2.b"
"C32040",2,1,2025-05-21,2025-05-27,"6.12.2.b"
"C32040",2,1,2025-05-23,2025-05-29,"6.12.2.b"
"C32040",2,1,2025-05-29,2025-06-04,"6.12.2.b"
"C32040",2,1,2025-05-30,2025-11-17,"6.12.2.a"
"C32040",2,1,2025-06-01,2025-06-07,"6.12.2.b"
"C32109",1,1,2025-04-09,2025-05-28,"6.12.2.a"
"C32109",1,1,2025-05-22,2026-09-30,"6.12.2.a"
"C32163",1,1,2025-04-17,2025-05-19,"6.12.2.a"
"C32163",1,1,2025-05-15,2026-04-22,"6.12.2.a"
"C32163",1,1,2025-09-15,2025-10-19,"6.12.2.a"
"C32274",1,1,2025-04-26,2025-05-02,"6.12.2.b"
"C32274",1,1,2025-05-05,2025-05-11,"6.12.2.b"
"C32274",1,1,2025-05-07,2025-05-13,"6.12.2.b"
"C32274",1,1,2025-05-08,2025-05-14,"6.12.2.b"
"C32274",1,1,2025-05-09,2025-05-15,"6.12.2.b"
"C32274",1,1,2025-05-10,2025-05-16,"6.12.2.b"
"C32274",1,1,2025-05-11,2025-05-17,"6.12.2.b"
"C32274",1,1,2025-05-12,2025-05-18,"6.12.2.b"
"C32274",1,1,2025-05-13,2025-05-19,"6.12.2.b"
"C32274",1,1,2025-05-14,2025-05-20,"6.12.2.b"
"C32274",1,1,2025-05-15,2025-05-21,"6.12.2.b"
"C32274",1,1,2025-05-16,2025-05-22,"6.12.2.b"
"C32274",1,1,2025-05-17,2025-05-23,"6.12.2.b"
"C32274",1,1,2025-05-19,2025-05-25,"6.12.2.b"
"C32274",1,1,2025-05-21,2025-05-27,"6.12.2.b"
"C32274",1,1,2025-05-22,2025-05-28,"6.12.2.b"
"C32274",1,1,2025-05-28,2025-06-03,"6.12.2.b"
"C32274",1,1,2025-05-29,2025-06-04,"6.12.2.b"
"C32274",1,1,2025-05-31,2025-06-06,"6.12.2.b"
"C32274",1,1,2025-06-05,2025-06-11,"6.12.2.b"
"C32274",1,1,2025-06-06,2025-06-12,"6.12.2.b"
"C32274",1,1,2025-06-07,2025-06-13,"6.12.2.b"
"C32274",1,1,2025-06-08,2025-06-14,"6.12.2.b"
"C32274",1,1,2025-06-08,2026-03-13,"6.12.2.a"
"C32274",1,1,2025-06-09,2025-06-15,"6.12.2.b"
"C32274",1,1,2025-06-10,2025-06-16,"6.12.2.b"
"C32274",1,1,2025-06-11,2025-06-17,"6.12.2.b"
"C32274",1,1,2025-06-12,2025-06-18,"6.12.2.b"
"C32274",1,1,2025-06-13,2025-06-19,"6.12.2.b"
"C32274",1,1,2025-06-14,2025-06-20,"6.12.2.b"
"C32274",1,1,2025-06-15,2025-06-21,"6.12.2.b"
"C32274",1,1,2025-06-20,2025-06-26,"6.12.2.b"
"C32274",1,1,2025-06-21,2025-06-27,"6.12.2.b"
"C32274",1,1,2025-06-22,2025-06-28,"6.12.2.b"
"C32274",1,1,2025-06-26,2025-07-02,"6.12.2.b"
"C32274",1,1,2025-06-28,2025-07-04,"6.12.2.b"
"C32274",1,1,2025-06-29,2025-07-05,"6.12.2.b"
"C32274",1,1,2025-06-30,2025-07-06,"6.12.2.b"
"C32274",1,1,2025-07-01,2025-07-07,"6.12.2.b"
"C32274",1,1,2025-07-02,2025-07-08,"6.12.2.b"
"C32274",1,1,2025-07-03,2025-07-09,"6.12.2.b"
"C32274",1,1,2025-07-04,2025-07-10,"6.12.2.b"
"C32274",1,1,2025-07-05,2025-07-11,"6.12.2.b"
"C32274",1,1,2025-07-06,2025-07-12,"6.12.2.b"
"C32274",1,1,2025-07-07,2025-07-13,"6.12.2.b"
"C32274",1,1,2025-07-08,2025-07-14,"6.12.2.b"
"C32274",1,1,2025-07-10,2025-07-16,"6.12.2.b"
"C32274",1,1,2025-07-11,2025-07-17,"6.12.2.b"
"C32274",1,1,2025-07-12,2025-07-18,"6.12.2.b"
"C32274",1,1,2025-07-13,2025-07-19,"6.12.2.b"
"C32274",1,1,2025-07-14,2025-07-20,"6.12.2.b"
"C32274",1,1,2025-07-15,2025-07-21,"6.12.2.b"
"C32274",1,1,2025-07-16,2025-07-22,"6.12.2.b"
"C32274",1,1,2025-07-18,2025-07-24,"6.12.2.b"
"C32274",1,1,2025-07-19,2025-07-25,"6.12.2.b"
"C32274",1,1,2025-07-20,2025-07-26,"6.12.2.b"
"C32274",1,1,2025-11-21,2025-11-29,"6.12.2.a"
"C32274",1,1,2025-11-26,2025-12-07,"6.12.2.a"
"C32274",1,1,2025-12-03,2025-12-18,"6.12.2.a"
"C32274",1,1,2025-12-15,2025-12-26,"6.12.2.a"
"C32274",1,1,2025-12-22,2026-01-04,"6.12.2.a"
"C32274",1,1,2025-12-30,2026-01-06,"6.12.2.a"
"C32274",1,1,2026-01-03,2026-01-22,"6.12.2.a"
"C32283",1,1,2025-06-24,2025-07-28,"6.12.2.a"
"C32283",1,1,2025-07-24,2025-10-28,"6.12.2.a"
"C32283",1,1,2025-11-01,2025-12-22,"6.12.2.a"
"C32283",1,1,2025-12-20,2026-01-14,"6.12.2.a"
"C32283",1,1,2026-01-26,2026-02-19,"6.12.2.a"
"C32283",1,1,2026-02-15,2026-03-07,"6.12.2.a"
"C32340",2,1,2025-05-17,2025-05-23,"6.12.2.b"
"C32340",2,1,2025-05-30,2026-02-20,"6.12.2.a"
"C32340",2,1,2025-06-09,2025-06-15,"6.12.2.b"
"C32340",2,1,2025-06-10,2025-06-16,"6.12.2.b"
"C32340",2,1,2025-06-12,2025-06-18,"6.12.2.b"
"C32340",2,1,2025-06-14,2025-06-20,"6.12.2.b"
"C32340",2,1,2025-06-19,2025-06-25,"6.12.2.b"
"C32340",2,1,2025-06-29,2025-07-05,"6.12.2.b"
"C32340",2,1,2025-07-05,2025-07-11,"6.12.2.b"
"C32598",2,1,2025-05-11,2025-05-17,"6.12.2.b"
"C32598",2,1,2025-05-12,2025-05-18,"6.12.2.b"
"C32598",2,1,2025-05-13,2025-05-19,"6.12.2.b"
"C32598",2,1,2025-05-15,2025-05-21,"6.12.2.b"
"C32598",2,1,2025-05-17,2025-05-23,"6.12.2.b"
"C32598",2,1,2025-05-19,2025-05-25,"6.12.2.b"
"C32598",2,1,2025-05-20,2025-05-26,"6.12.2.b"
"C32598",2,1,2025-05-21,2025-05-27,"6.12.2.b"
"C32598",2,1,2025-05-26,2025-06-01,"6.12.2.b"
"C32598",2,1,2025-05-29,2025-06-04,"6.12.2.b"
"C32598",2,1,2025-06-05,2025-06-11,"6.12.2.b"
"C32598",2,1,2025-06-06,2025-06-12,"6.12.2.b"
"C32598",2,1,2025-06-07,2025-06-13,"6.12.2.b"
"C32598",2,1,2025-06-07,2026-03-21,"6.12.2.a"
"C32598",2,1,2025-06-08,2025-06-14,"6.12.2.b"
"C32598",2,1,2025-06-09,2025-06-15,"6.12.2.b"
"C32598",2,1,2025-06-12,2025-06-18,"6.12.2.b"
"C32598",2,1,2025-11-13,2025-11-19,"6.12.2.b"
"C32598",2,1,2025-11-16,2025-11-22,"6.12.2.b"
"C32598",2,1,2026-06-12,2026-06-18,"6.12.2.b"
"C32598",2,1,2026-06-17,2026-06-23,"6.12.2.b"
"C32598",2,1,2026-06-19,2026-06-25,"6.12.2.b"
"C32598",2,1,2026-07-24,2026-09-30,"6.12.2.a"
"C32820",1,1,2025-05-20,2025-07-08,"6.12.2.a"
"C32820",1,1,2025-07-03,2026-09-30,"6.12.2.a"
"C32925",1,1,2025-05-26,2025-06-01,"6.12.2.b"
"C32925",1,1,2025-06-05,2025-06-11,"6.12.2.b"
"C32925",1,1,2025-06-17,2025-06-23,"6.12.2.b"
"C32925",1,1,2025-09-09,2025-09-15,"6.12.2.b"
"C32925",1,1,2025-09-11,2025-11-10,"6.12.2.a"
"C33189",2,1,2025-06-11,2025-06-17,"6.12.2.b"
"C33189",2,1,2025-06-13,2025-06-19,"6.12.2.b"
"C33189",2,1,2025-06-14,2025-06-20,"6.12.2.b"
"C33189",2,1,2025-06-17,2025-06-23,"6.12.2.b"
"C33189",2,1,2025-06-20,2025-06-26,"6.12.2.b"
"C33189",2,1,2025-06-29,2025-07-05,"6.12.2.b"
"C33189",2,1,2025-07-01,2025-07-07,"6.12.2.b"
"C33189",2,1,2025-07-02,2025-07-08,"6.12.2.b"
"C33189",2,1,2025-07-04,2025-07-10,"6.12.2.b"
"C33189",2,1,2025-07-04,2026-06-13,"6.12.2.a"
"C33315",1,1,2025-06-15,2025-06-21,"6.12.2.b"
"C33315",1,1,2025-06-16,2025-06-22,"6.12.2.b"
"C33315",1,1,2025-06-18,2025-06-24,"6.12.2.b"
"C33315",1,1,2025-06-19,2025-06-25,"6.12.2.b"
"C33315",1,1,2025-06-22,2025-06-28,"6.12.2.b"
"C33315",1,1,2025-06-23,2025-06-29,"6.12.2.b"
"C33315",1,1,2025-06-24,2025-06-30,"6.12.2.b"
"C33315",1,1,2025-06-25,2025-07-01,"6.12.2.b"
"C33315",1,1,2025-06-27,2025-07-03,"6.12.2.b"
"C33315",1,1,2025-06-28,2025-07-04,"6.12.2.b"
"C33315",1,1,2025-06-29,2025-07-05,"6.12.2.b"
"C33315",1,1,2025-06-30,2025-07-06,"6.12.2.b"
"C33315",1,1,2025-07-01,2025-07-07,"6.12.2.b"
"C33315",1,1,2025-07-02,2025-07-08,"6.12.2.b"
"C33315",1,1,2025-07-03,2025-07-09,"6.12.2.b"
"C33315",1,1,2025-07-06,2025-07-12,"6.12.2.b"
"C33315",1,1,2025-07-08,2025-07-14,"6.12.2.b"
"C33315",1,1,2025-07-10,2025-07-16,"6.12.2.b"
"C33315",1,1,2025-07-11,2025-07-17,"6.12.2.b"
"C33315",1,1,2025-07-11,2026-09-30,"6.12.2.a"
"C33315",1,1,2025-07-12,2025-07-18,"6.12.2.b"
"C33315",1,1,2025-07-14,2025-07-20,"6.12.2.b"
"C33315",1,1,2025-07-15,2025-07-21,"6.12.2.b"
"C33315",1,1,2025-07-16,2025-07-22,"6.12.2.b"
"C33315",1,1,2025-07-17,2025-07-23,"6.12.2.b"
"C33315",1,1,2025-07-18,2025-07-24,"6.12.2.b"
"C33315",1,1,2025-07-19,2025-07-25,"6.12.2.b"
"C33315",1,1,2025-07-22,2025-07-28,"6.12.2.b"
"C33315",1,1,2025-07-23,2025-07-29,"6.12.2.b"
"C33315",1,1,2025-07-28,2025-08-03,"6.12.2.b"
"C33315",1,1,2025-07-29,2025-08-04,"6.12.2.b"
"C33315",1,1,2025-08-27,2025-09-02,"6.12.2.b"
"C33315",1,1,2025-08-28,2025-09-03,"6.12.2.b"
"C33315",1,1,2025-08-29,2025-09-04,"6.12.2.b"
"C33315",1,1,2025-09-01,2025-09-07,"6.12.2.b"
"C33315",1,1,2025-09-05,2025-09-11,"6.12.2.b"
"C33315",1,1,2025-09-09,2025-09-15,"6.12.2.b"
"C33315",1,1,2025-09-11,2025-09-17,"6.12.2.b"
"C33315",1,1,2025-09-22,2025-09-28,"6.12.2.b"
"C33351",1,1,2025-06-19,2025-07-06,"6.12.2.a"
"C33351",1,1,2025-07-03,2025-11-20,"6.12.2.a"
"C33354",1,1,2025-06-19,2025-06-25,"6.12.2.b"
"C33354",1,1,2025-06-20,2025-06-26,"6.12.2.b"
"C33354",1,1,2025-06-28,2025-07-04,"6.12.2.b"
"C33354",1,1,2025-07-08,2025-07-14,"6.12.2.b"
"C33354",1,1,2025-07-22,2025-07-28,"6.12.2.b"
"C33354",1,1,2025-08-03,2025-08-09,"6.12.2.b"
"C33354",1,1,2025-08-07,2025-08-13,"6.12.2.b"
"C33354",1,1,2025-08-08,2025-08-14,"6.12.2.b"
"C33354",1,1,2025-08-10,2025-08-16,"6.12.2.b"
"C33354",1,1,2025-08-12,2025-08-18,"6.12.2.b"
"C33354",1,1,2025-08-13,2025-08-19,"6.12.2.b"
"C33354",1,1,2025-08-14,2025-08-20,"6.12.2.b"
"C33354",1,1,2025-08-21,2026-09-30,"6.12.2.a"
"C33450",1,1,2025-06-23,2025-06-29,"6.12.2.b"
"C33450",1,1,2025-06-26,2025-07-02,"6.12.2.b"
"C33450",1,1,2025-06-28,2025-07-04,"6.12.2.b"
"C33450",1,1,2025-06-29,2025-07-05,"6.12.2.b"
"C33450",1,1,2025-07-07,2025-07-13,"6.12.2.b"
"C33450",1,1,2025-07-09,2025-07-15,"6.12.2.b"
"C33450",1,1,2025-07-14,2025-07-20,"6.12.2.b"
"C33450",1,1,2025-07-17,2025-07-23,"6.12.2.b"
"C33450",1,1,2025-07-18,2025-07-24,"6.12.2.b"
"C33450",1,1,2025-07-20,2025-07-26,"6.12.2.b"
"C33450",1,1,2025-07-21,2025-07-27,"6.12.2.b"
"C33450",1,1,2025-07-24,2025-07-30,"6.12.2.b"
"C33450",1,1,2025-07-29,2025-08-04,"6.12.2.b"
"C33450",1,1,2025-08-08,2025-08-14,"6.12.2.b"
"C33450",1,1,2025-08-11,2025-08-17,"6.12.2.b"
"C33450",1,1,2025-08-15,2026-09-30,"6.12.2.a"
"C33450",1,1,2025-08-23,2025-08-29,"6.12.2.b"
"C33450",1,1,2025-08-26,2025-09-01,"6.12.2.b"
"C33450",1,1,2025-08-27,2025-09-02,"6.12.2.b"
"C33450",1,1,2025-08-31,2025-09-06,"6.12.2.b"
"C33450",1,1,2025-09-10,2025-09-16,"6.12.2.b"
"C33450",1,1,2025-09-29,2025-10-05,"6.12.2.b"
"C33450",1,1,2025-10-01,2025-10-07,"6.12.2.b"
"C33450",1,1,2025-10-04,2025-10-10,"6.12.2.b"
"C33450",1,1,2025-10-07,2025-10-13,"6.12.2.b"
"C33450",1,1,2025-10-10,2025-10-16,"6.12.2.b"
"C33453",1,1,2025-06-27,2025-07-03,"6.12.2.b"
"C33453",1,1,2025-06-29,2025-07-05,"6.12.2.b"
"C33453",1,1,2025-07-02,2025-07-08,"6.12.2.b"
"C33453",1,1,2025-07-03,2026-02-10,"6.12.2.a"
"C33453",1,1,2025-07-04,2025-07-10,"6.12.2.b"
"C33453",1,1,2025-07-06,2025-07-12,"6.12.2.b"
"C33453",1,1,2025-07-07,2025-07-13,"6.12.2.b"
"C33453",1,1,2025-07-08,2025-07-14,"6.12.2.b"
"C33453",1,1,2025-07-09,2025-07-15,"6.12.2.b"
"C33456",1,1,2025-06-24,2025-06-30,"6.12.2.b"
"C33456",1,1,2025-06-25,2025-07-01,"6.12.2.b"
"C33456",1,1,2025-06-27,2025-07-03,"6.12.2.b"
"C33456",1,1,2025-06-28,2025-07-04,"6.12.2.b"
"C33456",1,1,2025-06-29,2025-07-05,"6.12.2.b"
"C33456",1,1,2025-06-30,2025-07-06,"6.12.2.b"
"C33456",1,1,2025-07-03,2025-07-09,"6.12.2.b"
"C33456",1,1,2025-07-05,2025-07-11,"6.12.2.b"
"C33456",1,1,2025-07-08,2025-07-14,"6.12.2.b"
"C33456",1,1,2025-07-09,2025-07-15,"6.12.2.b"
"C33456",1,1,2025-07-11,2025-07-17,"6.12.2.b"
"C33456",1,1,2025-07-12,2025-07-18,"6.12.2.b"
"C33456",1,1,2025-07-14,2025-07-20,"6.12.2.b"
"C33456",1,1,2025-07-17,2025-07-23,"6.12.2.b"
"C33456",1,1,2025-07-18,2025-07-24,"6.12.2.b"
"C33456",1,1,2025-07-19,2025-07-25,"6.12.2.b"
"C33456",1,1,2025-07-22,2025-07-28,"6.12.2.b"
"C33456",1,1,2025-07-26,2025-11-19,"6.12.2.a"
"C33468",1,1,2025-06-23,2025-09-09,"6.12.2.a"
"C33468",1,1,2025-09-04,2026-09-30,"6.12.2.a"
"C33600",1,1,2025-06-30,2025-07-06,"6.12.2.b"
"C33600",1,1,2025-07-01,2025-07-07,"6.12.2.b"
"C33600",1,1,2025-07-02,2025-07-08,"6.12.2.b"
"C33600",1,1,2025-07-03,2025-07-09,"6.12.2.b"
"C33600",1,1,2025-07-04,2025-07-10,"6.12.2.b"
"C33600",1,1,2025-07-05,2025-07-11,"6.12.2.b"
"C33600",1,1,2025-07-06,2025-07-12,"6.12.2.b"
"C33600",1,1,2025-07-07,2025-07-13,"6.12.2.b"
"C33600",1,1,2025-07-08,2025-07-14,"6.12.2.b"
"C33600",1,1,2025-07-09,2025-07-15,"6.12.2.b"
"C33600",1,1,2025-07-13,2025-07-19,"6.12.2.b"
"C33600",1,1,2025-07-15,2025-07-21,"6.12.2.b"
"C33600",1,1,2025-07-16,2025-07-22,"6.12.2.b"
"C33600",1,1,2025-07-17,2025-07-23,"6.12.2.b"
"C33600",1,1,2025-07-18,2025-07-24,"6.12.2.b"
"C33600",1,1,2025-07-19,2025-07-25,"6.12.2.b"
"C33600",1,1,2025-07-20,2025-07-26,"6.12.2.b"
"C33600",1,1,2025-07-22,2025-07-28,"6.12.2.b"
"C33600",1,1,2025-07-23,2025-07-29,"6.12.2.b"
"C33600",1,1,2025-07-24,2025-07-30,"6.12.2.b"
"C33600",1,1,2025-07-25,2025-07-31,"6.12.2.b"
"C33600",1,1,2025-07-27,2025-08-02,"6.12.2.b"
"C33600",1,1,2025-07-28,2025-08-03,"6.12.2.b"
"C33600",1,1,2025-07-29,2025-08-04,"6.12.2.b"
"C33600",1,1,2025-07-30,2025-08-05,"6.12.2.b"
"C33600",1,1,2025-07-31,2025-08-06,"6.12.2.b"
"C33600",1,1,2025-08-01,2025-08-07,"6.12.2.b"
"C33600",1,1,2025-08-02,2025-08-08,"6.12.2.b"
"C33600",1,1,2025-08-03,2025-08-09,"6.12.2.b"
"C33600",1,1,2025-08-05,2025-08-11,"6.12.2.b"
"C33600",1,1,2025-08-06,2025-08-12,"6.12.2.b"
"C33600",1,1,2025-08-07,2025-08-13,"6.12.2.b"
"C33600",1,1,2025-08-08,2025-08-14,"6.12.2.b"
"C33600",1,1,2025-08-08,2026-02-07,"6.12.2.a"
"C33600",1,1,2025-08-09,2025-08-15,"6.12.2.b"
"C33600",1,1,2025-08-10,2025-08-16,"6.12.2.b"
"C33600",1,1,2025-08-12,2025-08-18,"6.12.2.b"
"C33600",1,1,2025-08-15,2025-08-21,"6.12.2.b"
"C33600",1,1,2025-08-17,2025-08-23,"6.12.2.b"
"C33600",1,1,2025-08-18,2025-08-24,"6.12.2.b"
"C33600",1,1,2025-08-19,2025-08-25,"6.12.2.b"
"C33600",1,1,2025-08-20,2025-08-26,"6.12.2.b"
"C33600",1,1,2025-08-21,2025-08-27,"6.12.2.b"
"C33600",1,1,2025-08-22,2025-08-28,"6.12.2.b"
"C33600",1,1,2025-08-23,2025-08-29,"6.12.2.b"
"C33600",1,1,2025-08-26,2025-09-01,"6.12.2.b"
"C33600",1,1,2025-08-27,2025-09-02,"6.12.2.b"
"C33600",1,1,2025-08-28,2025-09-03,"6.12.2.b"
"C33600",1,1,2025-08-30,2025-09-05,"6.12.2.b"
"C33600",1,1,2025-08-31,2025-09-06,"6.12.2.b"
"C33600",1,1,2025-09-01,2025-09-07,"6.12.2.b"
"C33600",1,1,2025-09-02,2025-09-08,"6.12.2.b"
"C33600",1,1,2025-09-03,2025-09-09,"6.12.2.b"
"C33600",1,1,2025-09-04,2025-09-10,"6.12.2.b"
"C33600",1,1,2025-09-06,2025-09-12,"6.12.2.b"
"C33600",1,1,2025-09-07,2025-09-13,"6.12.2.b"
"C33600",1,1,2025-09-08,2025-09-14,"6.12.2.b"
"C33600",1,1,2025-09-11,2025-09-17,"6.12.2.b"
"C33600",1,1,2025-09-12,2025-09-18,"6.12.2.b"
"C33600",1,1,2025-09-13,2025-09-19,"6.12.2.b"
"C33600",1,1,2025-09-14,2025-09-20,"6.12.2.b"
"C33600",1,1,2025-09-15,2025-09-21,"6.12.2.b"
"C33852",2,1,2025-07-13,2025-07-19,"6.12.2.b"
"C33852",2,1,2025-07-15,2025-07-21,"6.12.2.b"
"C33852",2,1,2025-07-16,2025-07-22,"6.12.2.b"
"C33852",2,1,2025-07-19,2025-07-25,"6.12.2.b"
"C33852",2,1,2025-07-20,2025-07-26,"6.12.2.b"
"C33852",2,1,2025-07-21,2025-07-27,"6.12.2.b"
"C33852",2,1,2025-07-22,2025-07-28,"6.12.2.b"
"C33852",2,1,2025-07-23,2025-07-29,"6.12.2.b"
"C33852",2,1,2025-07-25,2025-07-31,"6.12.2.b"
"C33852",2,1,2025-07-25,2026-09-30,"6.12.2.a"
"C33852",2,1,2025-07-27,2025-08-02,"6.12.2.b"
"C33852",2,1,2025-07-28,2025-08-03,"6.12.2.b"
"C33852",2,1,2025-07-29,2025-08-04,"6.12.2.b"
"C33852",2,1,2025-08-01,2025-08-07,"6.12.2.b"
"C33852",2,1,2025-08-03,2025-08-09,"6.12.2.b"
"C33852",2,1,2025-08-04,2025-08-10,"6.12.2.b"
"C33852",2,1,2025-08-07,2025-08-13,"6.12.2.b"
"C33852",2,1,2025-08-08,2025-08-14,"6.12.2.b"
"C33852",2,1,2025-08-10,2025-08-16,"6.12.2.b"
"C33852",2,1,2025-08-11,2025-08-17,"6.12.2.b"
"C33852",2,1,2025-08-12,2025-08-18,"6.12.2.b"
"C33852",2,1,2025-08-13,2025-08-19,"6.12.2.b"
"C33852",2,1,2025-08-17,2025-08-23,"6.12.2.b"
"C33852",2,1,2025-08-18,2025-08-24,"6.12.2.b"
"C33852",2,1,2025-08-19,2025-08-25,"6.12.2.b"
"C33852",2,1,2025-08-20,2025-08-26,"6.12.2.b"
"C33852",2,1,2025-08-22,2025-08-28,"6.12.2.b"
"C33852",2,1,2025-08-23,2025-08-29,"6.12.2.b"
"C33852",2,1,2025-08-24,2025-08-30,"6.12.2.b"
"C33852",2,1,2025-08-25,2025-08-31,"6.12.2.b"
"C33852",2,1,2025-08-27,2025-09-02,"6.12.2.b"
"C33852",2,1,2025-08-28,2025-09-03,"6.12.2.b"
"C33852",2,1,2025-08-29,2025-09-04,"6.12.2.b"
"C33852",2,1,2025-08-31,2025-09-06,"6.12.2.b"
"C33852",2,1,2025-09-01,2025-09-07,"6.12.2.b"
"C33852",2,1,2025-09-02,2025-09-08,"6.12.2.b"
"C34002",1,1,2025-07-20,2025-08-08,"6.12.2.a"
"C34002",1,1,2025-08-03,2025-11-25,"6.12.2.a"
"C34002",1,1,2026-07-03,2026-09-30,"6.12.2.a"
"C34122",1,1,2025-07-25,2025-09-01,"6.12.2.a"
"C34122",1,1,2025-08-04,2025-11-20,"6.12.2.a"
"C34143",1,1,2025-08-02,2025-08-08,"6.12.2.b"
"C34143",1,1,2025-08-03,2025-08-09,"6.12.2.b"
"C34143",1,1,2025-08-04,2025-08-10,"6.12.2.b"
"C34143",1,1,2025-08-05,2025-08-11,"6.12.2.b"
"C34143",1,1,2025-08-06,2025-08-12,"6.12.2.b"
"C34143",1,1,2025-08-07,2025-08-13,"6.12.2.b"
"C34143",1,1,2025-08-09,2025-08-15,"6.12.2.b"
"C34143",1,1,2025-08-10,2025-08-16,"6.12.2.b"
"C34143",1,1,2025-08-11,2025-08-17,"6.12.2.b"
"C34143",1,1,2025-08-12,2025-08-18,"6.12.2.b"
"C34143",1,1,2025-08-13,2025-08-19,"6.12.2.b"
"C34143",1,1,2025-08-14,2025-08-20,"6.12.2.b"
"C34143",1,1,2025-08-16,2025-08-22,"6.12.2.b"
"C34143",1,1,2025-08-17,2026-01-13,"6.12.2.a"
"C34143",1,1,2025-08-18,2025-08-24,"6.12.2.b"
"C34143",1,1,2025-08-19,2025-08-25,"6.12.2.b"
"C34143",1,1,2025-08-21,2025-08-27,"6.12.2.b"
"C34143",1,1,2025-08-22,2025-08-28,"6.12.2.b"
"C34143",1,1,2025-08-25,2025-08-31,"6.12.2.b"
"C34143",1,1,2025-08-26,2025-09-01,"6.12.2.b"
"C34143",1,1,2025-08-27,2025-09-02,"6.12.2.b"
"C34143",1,1,2025-08-29,2025-09-04,"6.12.2.b"
"C34143",1,1,2025-08-31,2025-09-06,"6.12.2.b"
"C34143",1,1,2025-09-01,2025-09-07,"6.12.2.b"
"C34143",1,1,2025-09-02,2025-09-08,"6.12.2.b"
"C34143",1,1,2025-09-06,2025-09-12,"6.12.2.b"
"C34143",1,1,2025-09-07,2025-09-13,"6.12.2.b"
"C34143",1,1,2025-09-09,2025-09-15,"6.12.2.b"
"C34143",1,1,2025-09-10,2025-09-16,"6.12.2.b"
"C34143",1,1,2025-09-11,2025-09-17,"6.12.2.b"
"C34143",1,1,2025-09-15,2025-09-21,"6.12.2.b"
"C34143",1,1,2025-09-16,2025-09-22,"6.12.2.b"
"C34143",1,1,2025-09-27,2025-10-03,"6.12.2.b"
"C34143",1,1,2025-10-04,2025-10-10,"6.12.2.b"
"C34143",1,1,2025-10-05,2025-10-11,"6.12.2.b"
"C34143",1,1,2025-10-07,2025-10-13,"6.12.2.b"
"C34143",1,1,2025-10-17,2025-10-23,"6.12.2.b"
"C34143",1,1,2025-10-18,2025-10-24,"6.12.2.b"
"C34143",1,1,2025-10-20,2025-10-26,"6.12.2.b"
"C34143",1,1,2025-10-22,2025-10-28,"6.12.2.b"
"C34143",1,1,2025-10-23,2025-10-29,"6.12.2.b"
"C34143",1,1,2025-10-26,2025-11-01,"6.12.2.b"
"C34143",1,1,2025-10-27,2025-11-02,"6.12.2.b"
"C34143",1,1,2025-10-28,2025-11-03,"6.12.2.b"
"C34143",1,1,2025-10-29,2025-11-04,"6.12.2.b"
"C34143",1,1,2026-05-03,2026-05-27,"6.12.2.a"
"C34203",1,1,2025-09-07,2025-09-16,"6.12.2.a"
"C34203",1,1,2025-09-13,2025-10-31,"6.12.2.a"
"C34203",1,1,2026-03-08,2026-03-27,"6.12.2.a"
"C34203",1,1,2026-05-24,2026-06-16,"6.12.2.a"
"C34209",1,1,2025-08-19,2025-08-25,"6.12.2.b"
"C34209",1,1,2025-08-22,2025-08-28,"6.12.2.b"
"C34209",1,1,2025-09-02,2025-09-08,"6.12.2.b"
"C34209",1,1,2025-09-03,2025-09-09,"6.12.2.b"
"C34209",1,1,2025-09-05,2025-09-11,"6.12.2.b"
"C34209",1,1,2025-09-07,2025-09-13,"6.12.2.b"
"C34209",1,1,2025-09-10,2025-09-16,"6.12.2.b"
"C34209",1,1,2025-09-12,2025-09-18,"6.12.2.b"
"C34209",1,1,2025-09-13,2025-11-18,"6.12.2.a"
"C34209",1,1,2025-09-16,2025-09-22,"6.12.2.b"
"C34209",1,1,2025-09-18,2025-09-24,"6.12.2.b"
"C34209",1,1,2025-09-20,2025-09-26,"6.12.2.b"
"C34209",1,1,2025-09-24,2025-09-30,"6.12.2.b"
"C34209",1,1,2025-09-27,2025-10-03,"6.12.2.b"
"C34209",1,1,2025-09-29,2025-10-05,"6.12.2.b"
"C34209",1,1,2025-09-30,2025-10-06,"6.12.2.b"
"C34209",1,1,2025-10-02,2025-10-08,"6.12.2.b"
"C34209",1,1,2025-10-03,2025-10-09,"6.12.2.b"
"C34209",1,1,2025-10-06,2025-10-12,"6.12.2.b"
"C34209",1,1,2025-10-11,2025-10-17,"6.12.2.b"
"C34209",1,1,2025-10-12,2025-10-18,"6.12.2.b"
"C34209",1,1,2025-10-15,2025-10-21,"6.12.2.b"
"C34269",1,1,2025-07-23,2025-08-23,"6.12.2.a"
"C34269",1,1,2025-08-21,2025-11-28,"6.12.2.a"
"C34269",1,1,2025-11-23,2025-12-12,"6.12.2.a"
"C34269",1,1,2025-12-22,2026-01-13,"6.12.2.a"
"C34269",1,1,2026-01-30,2026-02-05,"6.12.2.b"
"C34269",1,1,2026-02-03,2026-02-09,"6.12.2.b"
"C34269",1,1,2026-02-05,2026-02-11,"6.12.2.b"
"C34269",1,1,2026-02-06,2026-02-12,"6.12.2.b"
"C34269",1,1,2026-02-08,2026-02-14,"6.12.2.b"
"C34269",1,1,2026-02-11,2026-02-17,"6.12.2.b"
"C34269",1,1,2026-02-12,2026-02-18,"6.12.2.b"
"C34269",1,1,2026-02-15,2026-02-21,"6.12.2.b"
"C34269",1,1,2026-02-16,2026-02-22,"6.12.2.b"
"C34269",1,1,2026-02-17,2026-02-23,"6.12.2.b"
"C34269",1,1,2026-02-20,2026-02-26,"6.12.2.b"
"C34269",1,1,2026-02-22,2026-02-28,"6.12.2.b"
"C34269",1,1,2026-02-23,2026-03-01,"6.12.2.b"
"C34269",1,1,2026-02-23,2026-09-30,"6.12.2.a"
"C34269",1,1,2026-02-24,2026-03-02,"6.12.2.b"
"C34269",1,1,2026-02-26,2026-03-04,"6.12.2.b"
"C34269",1,1,2026-02-27,2026-03-05,"6.12.2.b"
"C34269",1,1,2026-03-01,2026-03-07,"6.12.2.b"
"C34269",1,1,2026-03-02,2026-03-08,"6.12.2.b"
"C34269",1,1,2026-03-09,2026-03-15,"6.12.2.b"
"C34269",1,1,2026-03-10,2026-03-16,"6.12.2.b"
"C34269",1,1,2026-03-12,2026-03-18,"6.12.2.b"
"C34269",1,1,2026-03-16,2026-03-22,"6.12.2.b"
"C34269",1,1,2026-03-17,2026-03-23,"6.12.2.b"
"C34269",1,1,2026-03-24,2026-03-30,"6.12.2.b"
"C34269",1,1,2026-04-01,2026-04-07,"6.12.2.b"
"C34269",1,1,2026-04-05,2026-04-11,"6.12.2.b"
"C34269",1,1,2026-04-06,2026-04-12,"6.12.2.b"
"C34269",1,1,2026-04-07,2026-04-13,"6.12.2.b"
"C34269",1,1,2026-04-14,2026-04-20,"6.12.2.b"
"C34269",1,1,2026-04-16,2026-04-22,"6.12.2.b"
"C34269",1,1,2026-04-20,2026-04-26,"6.12.2.b"
"C34269",1,1,2026-04-24,2026-04-30,"6.12.2.b"
"C34269",1,1,2026-04-25,2026-05-01,"6.12.2.b"
"C34269",1,1,2026-05-11,2026-05-17,"6.12.2.b"
"C34269",1,1,2026-05-12,2026-05-18,"6.12.2.b"
"C34269",1,1,2026-05-22,2026-05-28,"6.12.2.b"
"C34269",1,1,2026-06-29,2026-07-05,"6.12.2.b"
"C34269",1,1,2026-06-30,2026-07-06,"6.12.2.b"
"C34269",1,1,2026-07-06,2026-07-12,"6.12.2.b"
"C34269",1,1,2026-07-21,2026-07-27,"6.12.2.b"
"C34269",1,1,2026-07-24,2026-07-30,"6.12.2.b"
"C34590",1,1,2025-08-12,2025-09-16,"6.12.2.a"
"C34590",1,1,2025-09-11,2026-02-28,"6.12.2.a"
"C34779",2,1,2025-08-21,2025-08-27,"6.12.2.b"
"C34779",2,1,2025-08-22,2025-08-28,"6.12.2.b"
"C34779",2,1,2025-08-24,2025-08-30,"6.12.2.b"
"C34779",2,1,2025-08-25,2025-08-31,"6.12.2.b"
"C34779",2,1,2025-08-28,2025-09-03,"6.12.2.b"
"C34779",2,1,2025-08-31,2026-02-07,"6.12.2.a"
"C34779",2,1,2025-09-08,2025-09-14,"6.12.2.b"
"C34779",2,1,2025-09-09,2025-09-15,"6.12.2.b"
"C34779",2,1,2025-09-10,2025-09-16,"6.12.2.b"
"C34779",2,1,2025-09-11,2025-09-17,"6.12.2.b"
"C34779",2,1,2025-09-13,2025-09-19,"6.12.2.b"
"C34779",2,1,2025-09-18,2025-09-24,"6.12.2.b"
"C34779",2,1,2025-09-21,2025-09-27,"6.12.2.b"
"C34779",2,1,2025-09-22,2025-09-28,"6.12.2.b"
"C34779",2,1,2025-09-23,2025-09-29,"6.12.2.b"
"C34866",1,1,2025-09-05,2025-09-21,"6.12.2.a"
"C34866",1,1,2025-09-19,2026-08-07,"6.12.2.a"
"C34980",1,1,2025-08-25,2025-09-23,"6.12.2.a"
"C34980",1,1,2025-09-19,2026-07-05,"6.12.2.a"
"C35088",1,1,2025-08-30,2025-09-05,"6.12.2.b"
"C35088",1,1,2025-09-05,2025-10-14,"6.12.2.a"
"C35130",1,1,2025-09-04,2026-09-30,"6.12.2.a"
"C35130",1,1,2025-09-08,2025-09-14,"6.12.2.b"
"C35157",1,1,2025-08-29,2025-10-01,"6.12.2.a"
"C35157",1,1,2025-09-27,2025-10-18,"6.12.2.a"
"C35157",1,1,2025-10-15,2025-11-17,"6.12.2.a"
"C35157",1,1,2026-06-12,2026-07-11,"6.12.2.a"
"C35184",3,1,2025-08-23,2025-09-14,"6.12.2.a"
"C35184",3,1,2025-09-10,2025-10-22,"6.12.2.a"
"C35313",1,1,2025-09-07,2025-09-28,"6.12.2.a"
"C35313",1,1,2025-09-26,2025-11-20,"6.12.2.a"
"C35379",1,1,2025-09-04,2025-09-17,"6.12.2.a"
"C35379",1,1,2025-09-14,2025-09-29,"6.12.2.a"
"C35379",1,1,2025-09-25,2025-10-28,"6.12.2.a"
"C35379",1,1,2025-10-24,2025-12-05,"6.12.2.a"
"C35379",1,1,2025-12-26,2026-01-16,"6.12.2.a"
"C35379",1,1,2026-01-12,2026-02-04,"6.12.2.a"
"C35379",1,1,2026-03-06,2026-04-16,"6.12.2.a"
"C35379",1,1,2026-04-10,2026-06-23,"6.12.2.a"
"C35394",1,1,2025-09-10,2025-09-16,"6.12.2.b"
"C35394",1,1,2025-09-11,2025-09-17,"6.12.2.b"
"C35394",1,1,2025-09-12,2025-09-18,"6.12.2.b"
"C35394",1,1,2025-09-14,2025-11-18,"6.12.2.a"
"C35394",1,1,2025-11-27,2026-09-30,"6.12.2.a"
"C35574",1,1,2025-09-04,2025-09-17,"6.12.2.a"
"C35574",1,1,2025-09-14,2025-09-29,"6.12.2.a"
"C35574",1,1,2025-09-25,2025-10-28,"6.12.2.a"
"C35574",1,1,2025-10-24,2025-12-05,"6.12.2.a"
"C35574",1,1,2025-12-26,2026-01-16,"6.12.2.a"
"C35574",1,1,2026-01-12,2026-02-04,"6.12.2.a"
"C35574",1,1,2026-03-06,2026-04-16,"6.12.2.a"
