HoHID,HHType,QualifyingExitHHID,LastInactive,Cohort,Stat,ExitFrom,ExitTo,ReturnTime,HHVet,HHChronic,HHDisability,HHFleeingDV,HoHRaceEthnicity,HHAdultAge,HHParent,AC3Plus,SystemPath,ReportID,Step
"C10968",1,"NXS11014237HH1",2024-01-10,-2,1,2,431,-1,0,1,1,2,2,25,0,0,1,608011156,"7.12.4"
"C10986",1,"NXS11312508HH1",2023-11-08,-2,1,2,313,-1,0,0,0,0,5,25,0,0,1,608011156,"7.12.4"
"C10989",1,"NXS11115031HH1",2024-03-25,-2,1,2,431,591,0,0,1,0,12,55,0,0,1,608011156,"7.12.4"
"C10998",1,"NXS12712355HH1",2023-11-02,-2,1,2,313,-1,1,1,1,0,5,55,0,0,1,608011156,"7.12.4"
"C11001",1,"RSO15214093HH1",2024-01-05,-2,1,9,410,-1,0,0,0,0,5,25,0,0,12,608011156,"7.12.4"
"C11004",1,"NXS11315324HH1",2024-04-26,-2,1,2,312,-1,0,0,1,2,3,25,0,0,1,608011156,"7.12.4"
"C11010",1,"NXS10611820HH1",2023-10-13,-2,1,2,423,-1,0,0,1,0,5,25,0,0,1,608011156,"7.12.4"
"C11013",1,"NXS12713994HH1",2023-10-28,-2,5,2,313,112,0,1,1,0,5,25,0,0,1,608011156,"7.12.4"
"C11019",1,"NXS10612502HH1",2023-11-08,-2,1,2,410,-1,0,4,0,2,3,55,0,0,1,608011156,"7.12.4"
"C11043",1,"NXS12713328HH1",2023-09-30,-2,5,2,313,36,0,1,1,0,5,55,0,0,1,608011156,"7.12.4"
"C11046",1,"NXS10615438HH1",2024-05-09,-2,1,2,420,452,0,0,1,1,5,25,0,0,1,608011156,"7.12.4"
"C11052",1,"NXS11414167HH1",2024-01-07,-2,1,2,101,-1,1,0,1,0,5,25,0,0,1,608011156,"7.12.4"
"C11055",1,"NXS11112683HH1",2023-11-12,-2,1,2,99,-1,0,0,0,0,3,55,0,0,1,608011156,"7.12.4"
"C11064",2,"RRH13210563HH4",2023-07-13,-2,1,5,410,-1,0,0,0,1,3,25,1,1,4,608011156,"7.12.4"
"C11094",1,"NXS10214501HH1",2024-01-20,-2,1,2,101,-1,0,1,1,0,5,55,0,0,1,608011156,"7.12.4"
"C11097",2,"NXS10210114HH3",2022-09-30,-2,1,2,422,-1,0,4,0,0,3,25,1,0,1,608011156,"7.12.4"
"C11106",1,"NXS11115370HH1",2024-04-30,-2,1,2,313,-1,0,0,1,1,15,25,0,0,1,608011156,"7.12.4"
"C11109",1,"NXS10615313HH1",2024-04-25,-2,1,2,98,-1,0,1,1,0,67,25,0,0,1,608011156,"7.12.4"
"C11115",1,"NXS10613744HH1",2023-12-23,-2,1,2,98,-1,0,0,1,0,3,25,0,0,1,608011156,"7.12.4"
"C11124",2,"NXS10213366HH2",2023-12-08,-2,1,2,422,385,0,0,0,2,5,25,1,0,1,608011156,"7.12.4"
"C11130",1,"TRN10415354HH1",2024-04-29,-2,1,3,302,-1,0,0,1,0,5,25,0,0,2,608011156,"7.12.4"
"C11136",1,"NXS11112446HH2",2023-11-05,-2,1,2,410,304,0,0,1,3,5,25,1,0,1,608011156,"7.12.4"
"C11151",1,"NXS10812058HH1",2023-10-20,-2,1,2,99,-1,0,0,0,1,5,55,0,0,1,608011156,"7.12.4"
"C11157",1,"NXS10613159HH1",2023-12-01,-2,1,2,98,-1,0,0,1,1,15,25,0,0,1,608011156,"7.12.4"
"C11172",1,"NXS12713990HH1",2023-11-28,-2,5,2,116,33,1,1,1,0,5,55,0,0,1,608011156,"7.12.4"
"C11175",1,"RRH13210335HH1",2023-04-28,-2,1,5,410,518,0,9,1,0,13,55,0,0,4,608011156,"7.12.4"
"C11178",1,"NXS10813776HH1",2023-12-24,-2,1,2,423,304,0,9,1,0,5,55,0,0,1,608011156,"7.12.4"
"C11181",1,"NXS11112042HH2",2023-10-20,-2,1,2,420,-1,1,0,1,0,5,25,0,0,1,608011156,"7.12.4"
"C11196",1,"NXS11115645HH2",2024-06-05,-2,1,2,98,201,0,1,1,1,2,25,0,0,1,608011156,"7.12.4"
"C11214",1,"NBN10514715HH1",2024-02-07,-2,1,2,99,648,0,0,1,0,3,25,0,0,1,608011156,"7.12.4"
"C11217",1,"NXS10615156HH1",2024-04-07,-2,1,2,313,-1,0,0,1,0,3,55,0,0,1,608011156,"7.12.4"
"C11256",1,"NXS10614166HH1",2024-01-07,-2,1,2,420,342,0,0,1,0,7,25,0,0,1,608011156,"7.12.4"
"C11265",1,"NXS10211250HH1",2023-09-15,-2,1,2,99,-1,0,1,1,1,5,18,0,0,1,608011156,"7.12.4"
"C11268",1,"NXS10615715HH1",2024-06-17,-2,1,2,99,470,0,0,1,0,3,25,0,0,1,608011156,"7.12.4"
"C11271",1,"NXS11011885HH1",2023-10-15,-2,1,2,422,-1,0,0,1,0,5,55,0,0,1,608011156,"7.12.4"
"C11283",1,"NXS10611913HH1",2023-10-15,-2,1,2,98,-1,0,0,1,2,14,25,0,0,1,608011156,"7.12.4"
"C11286",1,"NXS10615341HH1",2024-04-28,-2,1,2,420,-1,0,1,1,2,5,25,0,0,1,608011156,"7.12.4"
"C11292",1,"NXS11012963HH1",2023-11-23,-2,1,2,423,283,0,0,1,0,5,25,0,0,1,608011156,"7.12.4"
"C11298",1,"NXS12712304HH1",2023-10-30,-2,1,2,207,-1,0,0,0,2,3,25,0,0,1,608011156,"7.12.4"
"C11304",2,"NXS10214895HH2",2024-03-10,-2,1,2,313,-1,0,1,1,0,5,25,1,0,1,608011156,"7.12.4"
"C11316",1,"NXS10615092HH1",2024-04-01,-2,1,2,205,-1,0,0,1,0,5,25,0,0,1,608011156,"7.12.4"
"C11322",1,"NXS10613557HH1",2023-12-15,-2,1,2,101,-1,0,9,1,0,3,25,0,0,1,608011156,"7.12.4"
"C11337",1,"NXS10614149HH1",2024-01-06,-2,1,2,410,-1,0,0,0,0,5,55,0,0,1,608011156,"7.12.4"
"C11340",1,"NBN10512633HH1",2023-11-11,-2,1,2,99,278,0,0,1,2,56,25,0,0,1,608011156,"7.12.4"
"C11355",1,"NXS10615155HH1",2024-04-07,-2,1,2,99,-1,0,0,0,0,3,55,0,0,1,608011156,"7.12.4"
"C11361",1,"NXS10611194HH1",2023-09-11,-2,1,2,98,-1,0,0,1,0,5,55,0,0,1,608011156,"7.12.4"
"C11373",1,"NXS11116136HH1",2024-08-02,-2,1,2,313,-1,0,0,1,2,5,25,0,0,1,608011156,"7.12.4"
"C11376",1,"RRH14311018HH1",2023-09-03,-2,1,5,410,-1,0,9,1,0,3,25,0,0,4,608011156,"7.12.4"
"C11391",1,"NXS11311277HH1",2023-09-17,-2,1,2,410,-1,0,0,1,0,3,55,0,0,1,608011156,"7.12.4"
"C11394",1,"NXS11611417HH1",2023-09-27,-2,1,2,410,-1,0,0,1,0,5,55,0,0,1,608011156,"7.12.4"
"C11397",1,"NXS14711523HH1",2023-10-03,-2,1,2,410,-1,0,0,0,3,3,55,0,0,1,608011156,"7.12.4"
"C11415",2,"NXS10614938HH3",2024-03-14,-2,1,2,98,-1,0,0,0,2,36,25,1,0,1,608011156,"7.12.4"
"C11418",1,"NXS11615556HH2",2024-05-25,-2,1,2,313,255,0,0,1,0,5,25,0,0,1,608011156,"7.12.4"
"C11433",1,"NXS14712621HH1",2023-11-10,-2,1,2,99,655,0,4,0,0,5,55,0,0,1,608011156,"7.12.4"
"C11436",1,"NXS11315250HH1",2024-04-18,-2,1,2,312,-1,0,0,0,0,3,25,0,0,1,608011156,"7.12.4"
"C11439",1,"NXS11314426HH1",2024-01-18,-2,1,2,314,-1,0,4,0,2,5,55,0,0,1,608011156,"7.12.4"
"C11442",1,"NXS10614304HH1",2024-01-12,-2,1,2,419,-1,0,0,1,0,5,25,0,0,1,608011156,"7.12.4"
"C11454",1,"NXS11311314HH1",2023-09-21,-2,1,2,313,-1,1,1,1,0,46,25,0,0,1,608011156,"7.12.4"
"C11478",1,"NXS10615151HH1",2024-04-06,-2,1,2,99,561,0,0,0,0,5,55,0,0,1,608011156,"7.12.4"
"C11481",1,"NXS14711672HH1",2023-10-07,-2,1,2,99,255,0,9,1,0,5,55,0,0,1,608011156,"7.12.4"
"C11487",1,"NXS14711810HH1",2023-10-12,-2,1,2,99,214,0,4,0,0,5,25,0,0,1,608011156,"7.12.4"
"C11526",1,"NXS10612504HH1",2023-11-08,-2,1,2,420,-1,0,0,1,0,3,55,0,0,1,608011156,"7.12.4"
"C11538",1,"NXS10612769HH1",2023-11-16,-2,2,2,101,450,0,0,1,0,5,25,0,0,1,608011156,"7.12.4"
"C11553",1,"NXS11116354HH1",2024-08-26,-2,1,2,98,-1,0,0,0,0,56,25,0,0,1,608011156,"7.12.4"
"C11556",1,"NXS11312758HH1",2023-11-15,-2,1,2,420,-1,0,1,1,2,124,25,0,0,1,608011156,"7.12.4"
"C11559",1,"NXS10613018HH1",2023-11-25,-2,1,2,419,229,0,0,1,0,5,25,0,0,1,608011156,"7.12.4"
"C11580",1,"NXS11315310HH1",2024-04-25,-2,1,2,99,141,0,0,1,1,127,25,0,0,1,608011156,"7.12.4"
"C11583",1,"NXS11314806HH1",2024-01-23,-2,5,2,99,161,0,1,1,0,13,25,0,0,1,608011156,"7.12.4"
"C11592",1,"NXS10614154HH1",2024-01-07,-2,1,2,312,-1,0,0,0,0,3,25,0,0,1,608011156,"7.12.4"
"C11595",2,"NXS10611547HH4",2023-10-04,-2,1,2,410,-1,0,0,0,0,3,25,1,1,1,608011156,"7.12.4"
"C11598",1,"NXS11315268HH1",2024-04-19,-2,1,2,312,-1,0,0,0,0,135,25,0,0,1,608011156,"7.12.4"
"C11616",1,"NXS10612934HH1",2023-11-22,-2,1,2,99,247,0,0,1,2,5,25,0,0,1,608011156,"7.12.4"
"C11643",1,"NXS14713559HH1",2023-12-15,-2,1,2,99,-1,0,1,1,0,5,25,0,0,1,608011156,"7.12.4"
"C11655",1,"NXS10614090HH1",2024-01-04,-2,1,2,314,129,0,0,0,0,5,55,0,0,1,608011156,"7.12.4"
"C11658",1,"NXS10613325HH1",2023-12-07,-2,1,2,421,-1,0,0,1,0,3,25,0,0,1,608011156,"7.12.4"
"C11664",1,"NXS11315320HH1",2024-04-25,-2,1,2,99,592,0,1,1,1,5,25,0,0,1,608011156,"7.12.4"
"C11667",1,"NXS11311233HH1",2023-09-14,-2,1,2,410,-1,0,0,1,0,5,25,0,0,1,608011156,"7.12.4"
"C11670",1,"NXS10616360HH1",2024-08-26,-2,1,2,423,-1,1,0,1,2,156,25,0,0,1,608011156,"7.12.4"
"C11679",1,"NXS10612449HH1",2023-11-05,-2,1,2,420,-1,0,0,0,1,5,25,0,0,1,608011156,"7.12.4"
"C11688",1,"NXS11010741HH1",2023-08-02,-2,1,2,410,-1,0,0,1,0,5,25,0,0,1,608011156,"7.12.4"
"C11718",1,"NXS10613331HH1",2023-12-08,-2,1,2,98,-1,0,1,1,0,5,25,0,0,1,608011156,"7.12.4"
"C11721",2,"NXS11111955HH2",2023-10-17,-2,1,2,99,-1,0,0,1,2,56,25,1,0,1,608011156,"7.12.4"
"C11727",1,"NXS10615474HH1",2024-05-17,-2,1,2,420,-1,0,0,1,0,5,55,0,0,1,608011156,"7.12.4"
"C11733",1,"NXS11116343HH1",2024-08-25,-2,1,2,313,317,0,0,1,0,5,55,0,0,1,608011156,"7.12.4"
"C11742",1,"NXS11314499HH1",2023-07-28,-2,5,2,313,54,0,1,1,0,5,55,0,0,1,608011156,"7.12.4"
"C11745",1,"NXS11310834HH1",2023-08-12,-2,1,2,422,-1,0,1,1,0,3,25,0,0,1,608011156,"7.12.4"
"C11754",1,"NXS11314899HH1",2024-03-10,-2,1,2,99,151,0,4,0,0,3,25,0,0,1,608011156,"7.12.4"
"C11757",1,"NXS11311261HH1",2023-09-15,-2,1,2,101,-1,0,1,1,0,5,55,0,0,1,608011156,"7.12.4"
"C11784",1,"RRH13210698HH1",2023-07-28,-2,1,5,410,-1,0,0,0,0,56,55,0,0,4,608011156,"7.12.4"
"C11787",1,"NXS14712573HH1",2023-11-09,-2,1,2,99,660,0,1,1,0,3,25,0,0,1,608011156,"7.12.4"
"C11796",1,"NXS11311343HH1",2023-08-20,-2,5,2,101,358,0,0,1,0,247,25,0,0,1,608011156,"7.12.4"
"C11802",1,"NXS11011376HH1",2023-09-25,-2,1,2,313,70,0,0,1,0,5,25,0,0,1,608011156,"7.12.4"
"C11808",1,"NXS14712996HH1",2023-11-24,-2,1,2,101,-1,1,4,0,0,256,25,0,0,1,608011156,"7.12.4"
"C11817",1,"NXS11611189HH1",2023-08-20,-2,5,2,312,487,0,1,1,0,5,55,0,0,1,608011156,"7.12.4"
"C11853",1,"NXS14712032HH1",2023-10-19,-2,1,2,313,-1,0,4,0,0,346,25,0,0,1,608011156,"7.12.4"
"C11880",1,"NXS10615494HH1",2024-05-18,-2,1,2,99,94,0,0,1,0,5,25,0,0,1,608011156,"7.12.4"
"C11913",1,"NXS14712628HH1",2023-11-11,-2,1,2,329,-1,0,0,0,0,3,25,0,0,1,608011156,"7.12.4"
"C11919",1,"NXS14711623HH1",2023-10-05,-2,1,2,314,-1,0,1,1,0,5,55,0,0,1,608011156,"7.12.4"
"C11928",1,"NXS11314901HH1",2024-03-10,-2,3,2,422,-1,0,0,0,2,567,25,0,0,1,608011156,"7.12.4"
"C11943",1,"HAV13710092HH1",2022-03-19,-2,1,4,410,-1,1,1,1,0,3,55,0,0,1,608011156,"7.12.4"
"C11967",1,"NXS10913653HH1",2023-12-20,-2,1,2,422,-1,0,0,0,0,3,24,0,0,1,608011156,"7.12.4"
"C11991",1,"NXS14713324HH1",2023-12-07,-2,1,2,313,-1,0,1,1,0,5,25,0,0,1,608011156,"7.12.4"
"C11994",1,"NXS14712995HH1",2023-11-24,-2,1,2,101,-1,0,0,1,0,5,25,0,0,1,608011156,"7.12.4"
"C11997",1,"RRH13210372HH1",2023-05-18,-2,1,5,410,-1,0,4,0,0,5,25,0,0,4,608011156,"7.12.4"
"C12003",2,"NXS10613991HH2",2024-01-02,-2,1,2,410,-1,0,0,0,2,5,25,1,0,1,608011156,"7.12.4"
"C12021",1,"NXS10612006HH1",2023-10-18,-2,1,2,98,-1,0,1,1,2,5,25,0,0,1,608011156,"7.12.4"
"C12036",1,"NXS10615095HH1",2024-04-01,-2,1,2,410,-1,0,0,0,0,5,25,0,0,1,608011156,"7.12.4"
"C12045",1,"NXS10615576HH1",2024-05-26,-2,1,2,98,-1,0,0,1,0,5,55,0,0,1,608011156,"7.12.4"
"C12057",2,"RRH12110138HH4",2022-12-17,-2,1,5,410,-1,0,4,0,2,5,25,1,1,4,608011156,"7.12.4"
"C12063",1,"NXS11214419HH1",2024-01-17,-2,1,2,98,-1,0,0,1,1,15,25,0,0,1,608011156,"7.12.4"
"C12069",1,"NXS11413279HH1",2023-12-06,-2,1,2,312,-1,0,0,1,0,16,25,0,0,1,608011156,"7.12.4"
"C12081",1,"RRH12314867HH1",2024-03-07,-2,4,5,410,-1,1,1,1,0,5,25,0,0,4,608011156,"7.12.4"
"C12084",1,"NXS11416068HH1",2024-07-27,-2,1,2,99,153,0,1,1,0,5,25,0,0,1,608011156,"7.12.4"
"C12102",1,"RRH12115216HH1",2024-04-14,-2,1,5,422,-1,0,4,0,0,5,55,0,0,4,608011156,"7.12.4"
"C12111",2,"RRH12111318HH6",2023-09-21,-2,1,5,410,-1,0,1,1,0,3,25,1,1,4,608011156,"7.12.4"
"C12123",1,"NXS10613122HH1",2023-11-30,-2,1,2,419,-1,1,4,0,0,5,25,0,0,1,608011156,"7.12.4"
"C12126",1,"RRH12110242HH1",2023-03-15,-2,1,5,410,-1,0,0,0,0,5,25,0,0,4,608011156,"7.12.4"
"C12135",2,"NXS10616377HH2",2024-08-29,-2,1,2,313,349,0,1,1,1,35,25,1,0,1,608011156,"7.12.4"
"C12141",1,"NXS10314830HH1",2024-02-22,-2,1,2,99,-1,0,4,0,1,26,25,0,0,1,608011156,"7.12.4"
"C12147",1,"NXS14711562HH1",2023-10-04,-2,1,2,116,315,0,4,0,0,56,55,0,0,1,608011156,"7.12.4"
"C12159",1,"NXS10916059HH1",2024-07-26,-2,1,2,101,568,0,0,0,0,5,25,0,0,1,608011156,"7.12.4"
"C12174",2,"RRH12110576HH3",2023-07-15,-2,1,5,410,-1,0,1,1,2,35,25,1,0,5,608011156,"7.12.4"
"C12183",2,"RRH12110350HH5",2023-05-10,-2,1,5,410,-1,0,0,1,2,5,25,1,1,4,608011156,"7.12.4"
"C12186",1,"NXS11412103HH1",2023-10-22,-2,1,2,101,-1,0,0,1,0,5,25,0,0,1,608011156,"7.12.4"
"C12189",1,"NXS10611341HH1",2023-09-23,-2,1,2,313,-1,0,0,1,1,3,25,0,0,1,608011156,"7.12.4"
"C12198",2,"RRH12112974HH3",2023-11-04,-2,5,5,422,163,0,0,0,2,3,25,1,0,5,608011156,"7.12.4"
"C12210",1,"RRH12111005HH1",2023-08-31,-2,1,5,434,-1,0,6,1,2,15,55,0,0,4,608011156,"7.12.4"
"C12213",1,"NXS11415705HH1",2024-06-14,-2,1,2,99,199,0,4,0,0,13,25,0,0,1,608011156,"7.12.4"
"C12216",1,"RRH13310348HH1",2023-05-10,-2,1,5,419,-1,1,0,1,0,45,55,0,0,-1,608011156,"7.12.1"
"C12234",1,"NBN10515400HH1",2024-05-03,-2,1,2,99,-1,0,0,0,2,5,25,0,0,1,608011156,"7.12.4"
"C12240",2,"NXS11215480HH5",2024-05-17,-2,1,2,312,-1,0,0,0,2,3,25,1,1,1,608011156,"7.12.4"
"C12249",1,"NXS10712395HH1",2023-11-04,-2,1,2,410,158,0,1,1,1,5,25,0,0,1,608011156,"7.12.4"
"C12309",1,"NXS12713680HH1",2023-11-27,-2,5,2,313,21,0,1,1,1,5,25,0,0,1,608011156,"7.12.4"
"C12327",1,"NXS11310944HH1",2023-08-25,-2,1,2,312,-1,0,0,1,1,3,55,0,0,1,608011156,"7.12.4"
"C12330",1,"NXS10611916HH1",2023-10-16,-2,1,2,101,-1,0,1,1,0,124,55,0,0,1,608011156,"7.12.4"
"C12339",1,"NBN10515888HH1",2024-07-12,-2,1,2,99,-1,0,0,0,0,3,25,0,0,1,608011156,"7.12.4"
"C12342",1,"NXS11413684HH1",2023-12-21,-2,1,2,420,-1,0,1,1,2,3,25,0,0,1,608011156,"7.12.4"
"C12345",1,"NXS10616273HH1",2024-08-18,-2,1,2,420,331,0,0,1,0,5,55,0,0,1,608011156,"7.12.4"
"C12354",2,"RRH16015882HH5",2024-07-08,-2,1,5,433,-1,0,0,0,3,5,25,1,1,4,608011156,"7.12.4"
"C12363",1,"NXS10815049HH1",2024-03-29,-2,1,2,410,-1,0,0,0,0,36,25,0,0,1,608011156,"7.12.4"
"C12366",1,"NXS10615274HH1",2024-04-20,-2,1,2,422,302,0,0,0,0,127,25,0,0,1,608011156,"7.12.4"
"C12369",1,"NXS10314674HH1",2024-01-31,-2,4,2,314,18,0,0,1,0,5,55,0,0,1,608011156,"7.12.4"
"C12372",1,"RRH12312646HH1",2023-11-11,-2,1,5,419,-1,1,9,1,0,3,25,0,0,4,608011156,"7.12.4"
"C12378",1,"NBN10512448HH1",2023-11-12,-2,1,2,99,-1,0,0,1,0,134,55,0,0,1,608011156,"7.12.4"
"C12381",1,"RRH13210342HH1",2023-05-05,-2,1,7,207,-1,0,0,0,1,3,25,0,0,4,608011156,"7.12.4"
"C12390",1,"RRH13210317HH1",2023-04-20,-2,1,7,423,44,0,0,1,1,35,25,0,0,5,608011156,"7.12.4"
"C12396",2,"RRH13212007HH2",2023-08-29,-2,5,5,410,-1,0,0,1,2,135,24,1,0,5,608011156,"7.12.4"
"C12420",1,"NBN10515241HH1",2024-04-15,-2,1,2,99,158,0,1,1,0,137,25,0,0,1,608011156,"7.12.4"
"C12447",1,"RRH12313476HH1",2023-12-13,-2,1,5,419,-1,1,0,1,0,5,55,0,0,4,608011156,"7.12.4"
"C12453",1,"RRH12112869HH1",2023-11-19,-2,1,7,116,245,0,4,0,2,5,25,0,0,4,608011156,"7.12.4"
"C12456",1,"NXS11310960HH1",2023-08-25,-2,1,2,312,-1,0,0,0,0,3,25,0,0,1,608011156,"7.12.4"
"C12465",1,"NXS12713283HH1",2023-12-06,-2,1,2,116,-1,0,1,1,0,3,25,0,0,1,608011156,"7.12.4"
"C12471",1,"RRH12110893HH1",2023-08-19,-2,1,7,101,-1,0,4,0,0,5,55,0,0,4,608011156,"7.12.4"
"C12492",1,"RRH12614319HH1",2024-01-13,-2,1,5,423,-1,0,1,1,2,1,25,0,0,4,608011156,"7.12.4"
"C12498",1,"NXS11315099HH1",2024-04-04,-2,1,2,206,-1,0,1,1,2,5,25,0,0,1,608011156,"7.12.4"
"C12504",1,"RRH13110375HH1",2023-05-20,-2,1,5,410,-1,0,9,1,2,5,55,0,0,4,608011156,"7.12.4"
"C12507",1,"NXS10710899HH1",2023-08-20,-2,1,2,410,-1,0,1,1,2,167,25,0,0,1,608011156,"7.12.4"
"C12510",2,"RRH12110256HH2",2023-04-01,-2,1,5,410,-1,0,0,0,1,35,25,1,0,4,608011156,"7.12.4"
"C12534",1,"NXS11412872HH1",2023-11-19,-2,1,2,410,-1,0,0,1,2,1,25,0,0,1,608011156,"7.12.4"
"C12537",1,"RRH12210512HH2",2023-07-02,-2,1,5,419,585,1,0,1,0,235,25,0,0,4,608011156,"7.12.4"
"C12546",2,"NXS10311408HH5",2023-09-27,-2,1,2,422,-1,0,0,0,2,5,25,1,1,1,608011156,"7.12.4"
"C12576",1,"NBN10515302HH1",2024-04-23,-2,1,2,99,689,0,0,0,1,245,25,0,0,1,608011156,"7.12.4"
"C12579",1,"NXS10614717HH1",2024-02-07,-2,4,2,312,462,0,0,1,0,5,25,0,0,1,608011156,"7.12.4"
"C12609",2,"RRH12311978HH4",2023-10-18,-2,1,5,410,-1,1,9,1,0,247,25,1,0,4,608011156,"7.12.4"
"C12630",1,"NXS11414792HH1",2024-02-16,-2,1,2,422,-1,0,1,1,0,5,25,0,0,1,608011156,"7.12.4"
"C12648",1,"NXS11413161HH1",2023-12-01,-2,1,2,332,465,0,0,0,2,5,25,0,0,1,608011156,"7.12.4"
"C12654",1,"NXS10611914HH1",2023-10-15,-2,1,2,98,-1,0,0,0,1,3,25,0,0,1,608011156,"7.12.4"
"C12657",1,"NXS13514625HH1",2024-01-27,-2,1,2,99,237,0,1,1,2,5,25,0,0,1,608011156,"7.12.4"
"C12678",1,"NBN10511354HH1",2023-09-25,-2,1,2,99,-1,0,0,0,0,346,25,0,0,1,608011156,"7.12.4"
"C12690",1,"RRH12115521HH1",2024-05-20,-2,1,7,101,-1,0,1,1,0,5,25,0,0,4,608011156,"7.12.4"
"C12696",1,"NXS10611004HH1",2023-08-31,-2,1,2,312,-1,0,0,1,0,3,25,0,0,1,608011156,"7.12.4"
"C12702",2,"NXS10216282HH5",2024-08-19,-2,1,2,422,410,0,0,0,0,356,25,1,1,1,608011156,"7.12.4"
"C12723",1,"NXS10615516HH1",2024-04-30,-2,5,2,423,249,0,1,1,0,35,25,0,0,1,608011156,"7.12.4"
"C12732",1,"RRH13213515HH1",2023-12-14,-2,1,5,410,-1,0,4,0,0,367,25,0,0,4,608011156,"7.12.4"
"C12744",1,"NXS10612786HH1",2023-11-16,-2,1,2,420,-1,0,0,1,0,3,25,0,0,1,608011156,"7.12.4"
"C12774",2,"RRH13210370HH3",2023-05-17,-2,1,5,422,-1,0,0,1,2,567,25,1,0,4,608011156,"7.12.4"
"C12777",1,"NXS11415272HH1",2024-04-20,-2,3,2,313,146,1,1,1,0,15,55,0,0,1,608011156,"7.12.4"
"C12798",1,"RRH13214253HH1",2023-12-17,-2,5,5,410,563,0,1,1,0,5,25,0,0,5,608011156,"7.12.4"
"C12801",1,"NXS10612587HH1",2023-11-10,-2,1,2,313,-1,0,0,0,0,3,25,0,0,1,608011156,"7.12.4"
"C12825",2,"NXS10711973HH4",2023-10-17,-2,1,2,411,71,0,0,0,0,3,25,1,1,1,608011156,"7.12.4"
"C12837",1,"NXS11412853HH1",2023-11-18,-2,1,2,101,-1,0,4,0,0,5,55,0,0,1,608011156,"7.12.4"
"C12846",1,"NXS11411565HH1",2023-10-04,-2,1,2,101,125,0,0,1,0,35,25,0,0,1,608011156,"7.12.4"
"C12849",1,"NXS10611483HH1",2023-09-30,-2,1,2,423,-1,0,0,0,1,5,25,0,0,1,608011156,"7.12.4"
"C12858",1,"RRH12112226HH2",2023-09-29,-2,5,7,101,457,0,1,1,0,12,25,0,0,5,608011156,"7.12.4"
"C12867",1,"TRN10412574HH1",2023-11-09,-2,1,3,98,690,0,0,1,0,13,25,0,0,2,608011156,"7.12.4"
"C12873",1,"NXS10615470HH1",2024-05-16,-2,1,2,99,-1,0,0,1,0,3,55,0,0,1,608011156,"7.12.4"
"C12876",1,"NXS10611649HH1",2023-10-07,-2,1,2,99,-1,0,9,1,0,5,24,0,0,1,608011156,"7.12.4"
"C12885",1,"NXS10614770HH1",2024-02-11,-2,1,2,420,459,0,0,1,1,5,25,0,0,1,608011156,"7.12.4"
"C12900",1,"NXS13814559HH1",2024-01-23,-2,1,2,423,-1,0,0,1,2,15,25,0,0,1,608011156,"7.12.4"
"C12912",1,"NXS10716083HH1",2024-07-28,-2,1,2,99,-1,0,0,0,2,16,25,0,0,1,608011156,"7.12.4"
"C12930",1,"NXS11316415HH1",2024-09-01,-2,1,2,99,113,0,4,0,0,5,55,0,0,1,608011156,"7.12.4"
"C12936",1,"NXS11413185HH1",2023-12-02,-2,1,2,101,92,0,1,1,2,23,55,0,0,1,608011156,"7.12.4"
"C12963",1,"RRH12612798HH1",2023-11-17,-2,1,5,410,-1,1,0,0,0,5,55,0,0,4,608011156,"7.12.4"
"C12993",1,"NXS11415573HH1",2024-05-26,-2,1,2,422,212,0,0,1,0,5,55,0,0,1,608011156,"7.12.4"
"C13008",1,"RRH12110394HH1",2023-05-31,-2,1,5,420,-1,0,1,1,1,34,24,0,0,4,608011156,"7.12.4"
"C13020",2,"NXS10712578HH3",2023-11-09,-2,1,2,99,-1,0,4,0,0,5,24,1,0,1,608011156,"7.12.4"
"C13032",1,"NXS11415426HH1",2024-05-05,-2,1,2,422,-1,0,1,1,0,3,25,0,0,1,608011156,"7.12.4"
"C13047",1,"RRH12313219HH1",2023-10-09,-2,5,5,419,-1,1,1,1,0,3,55,0,0,5,608011156,"7.12.4"
"C13053",1,"NXS11612447HH1",2023-11-05,-2,1,2,302,278,0,0,1,0,37,24,0,0,1,608011156,"7.12.4"
"C13056",1,"RRH12110491HH1",2023-06-28,-2,1,7,313,-1,0,4,0,1,5,25,0,0,4,608011156,"7.12.4"
"C13059",1,"NBN10516518HH1",2024-09-10,-2,1,2,99,-1,0,0,1,0,5,25,0,0,1,608011156,"7.12.4"
"C13065",1,"NXS10615695HH1",2024-06-11,-2,1,2,98,516,0,0,1,0,3,55,0,0,1,608011156,"7.12.4"
"C13074",1,"NXS12713414HH1",2023-10-13,-2,5,2,101,507,0,1,1,0,5,18,0,0,1,608011156,"7.12.4"
"C13107",1,"NXS11311817HH1",2023-10-12,-2,5,2,101,45,0,4,0,0,3,25,0,0,1,608011156,"7.12.4"
"C13116",1,"NXS11114866HH1",2024-03-05,-2,1,2,420,-1,0,1,1,0,5,55,0,0,1,608011156,"7.12.4"
"C13119",1,"NXS12713326HH1",2023-12-08,-2,1,2,312,-1,0,1,1,0,67,25,0,0,1,608011156,"7.12.4"
"C13134",1,"NXS12714362HH1",2023-12-11,-2,5,2,423,265,0,1,1,0,5,25,0,0,1,608011156,"7.12.4"
"C13140",1,"NXS11611373HH1",2023-09-24,-2,1,2,207,-1,0,1,1,1,56,25,0,0,1,608011156,"7.12.4"
"C13152",1,"NXS14711982HH1",2023-10-18,-2,1,2,99,-1,1,1,1,0,5,55,0,0,1,608011156,"7.12.4"
"C13161",1,"NXS11211671HH1",2023-10-07,-2,1,2,422,-1,0,0,1,1,5,25,0,0,1,608011156,"7.12.4"
"C13164",1,"NXS12712127HH1",2023-10-12,-2,5,2,101,20,0,4,0,0,3,25,0,0,1,608011156,"7.12.4"
"C13167",1,"NXS11415371HH1",2024-04-30,-2,1,2,313,-1,0,0,0,0,5,25,0,0,1,608011156,"7.12.4"
"C13173",1,"NXS10615730HH1",2024-06-20,-2,1,2,420,357,0,0,1,2,3,25,0,0,1,608011156,"7.12.4"
"C13185",1,"NXS11310946HH1",2023-08-25,-2,1,2,312,-1,0,0,1,0,5,55,0,0,1,608011156,"7.12.4"
"C13215",2,"NXS10313894HH2",2023-12-27,-2,1,2,422,-1,0,0,0,2,3,24,1,0,1,608011156,"7.12.4"
"C13230",1,"RRH13210366HH1",2023-05-14,-2,1,5,410,419,0,4,0,0,5,25,0,0,4,608011156,"7.12.4"
"C13233",2,"RRH12110630HH5",2023-07-21,-2,1,5,410,-1,0,9,1,2,5,25,1,1,4,608011156,"7.12.4"
"C13257",1,"RRH13210190HH1",2023-02-12,-2,1,5,410,23,0,1,1,2,3,25,0,0,4,608011156,"7.12.4"
"C13263",1,"NXS11312271HH1",2023-08-30,-2,5,2,101,74,0,1,1,0,56,25,0,0,1,608011156,"7.12.4"
"C13266",1,"TRN11816351HH1",2024-08-26,-2,1,3,313,-1,1,0,0,0,146,25,0,0,2,608011156,"7.12.4"
"C13290",1,"NXS12712442HH1",2023-10-17,-2,5,2,116,342,0,4,0,0,5,55,0,0,1,608011156,"7.12.4"
"C13302",1,"RRH12612597HH1",2023-10-19,-2,5,5,419,-1,1,9,1,0,5,55,0,0,7,608011156,"7.12.4"
"C13305",1,"RRH12115504HH2",2024-05-18,-2,1,7,99,268,0,1,1,0,3,25,0,0,4,608011156,"7.12.4"
"C13308",2,"NBN10515984HH2",2024-07-20,-2,1,2,99,-1,0,0,1,2,3,25,1,0,1,608011156,"7.12.4"
"C13311",1,"NXS10614757HH1",2024-02-10,-2,1,2,206,-1,0,0,1,0,157,25,0,0,1,608011156,"7.12.4"
"C13317",1,"PSH12010026HH1",2019-06-01,-2,1,6,207,-1,1,0,1,0,3,55,0,0,-1,608011156,"7.12.1"
"C13320",1,"NBN10514254HH1",2024-01-11,-2,1,2,99,65,0,0,1,0,5,25,0,0,1,608011156,"7.12.4"
"C13335",1,"NXS10611326HH1",2023-09-22,-2,1,2,99,-1,0,4,0,0,234,55,0,0,1,608011156,"7.12.4"
"C13341",2,"NXS10212802HH3",2023-11-17,-2,1,2,312,661,0,0,1,2,5,25,1,0,1,608011156,"7.12.4"
"C13347",2,"NXS10612500HH2",2023-11-07,-2,1,2,206,-1,0,0,1,2,5,18,1,0,1,608011156,"7.12.4"
"C13356",1,"RRH12315530HH1",2024-04-30,-2,5,7,205,94,1,0,1,0,5,25,0,0,7,608011156,"7.12.4"
"C13359",2,"RRH12315409HH4",2024-05-04,-2,1,7,99,-1,1,6,1,0,5,25,1,0,4,608011156,"7.12.4"
"C13401",1,"NXS10312013HH1",2023-10-19,-2,1,2,423,177,0,4,0,0,5,55,0,0,1,608011156,"7.12.4"
"C13407",1,"NXS10312766HH1",2023-11-16,-2,1,2,101,412,0,0,1,0,5,55,0,0,1,608011156,"7.12.4"
"C13410",1,"NBN10514981HH1",2024-03-20,-2,1,2,99,-1,0,1,1,0,3,25,0,0,1,608011156,"7.12.4"
"C13419",1,"NXS11315237HH1",2024-04-15,-2,1,2,313,-1,0,4,0,0,36,25,0,0,1,608011156,"7.12.4"
"C13425",1,"RRH15415386HH1",2024-05-02,-2,3,7,423,536,0,1,1,0,256,25,0,0,4,608011156,"7.12.4"
"C13452",1,"RRH12313911HH1",2023-12-09,-2,5,5,410,-1,1,9,1,0,5,55,0,0,7,608011156,"7.12.4"
"C13479",1,"NXS11013708HH1",2023-12-21,-2,1,2,314,-1,0,0,1,0,1,25,0,0,1,608011156,"7.12.4"
"C13485",1,"NBN10511896HH1",2023-10-15,-2,1,2,99,-1,0,0,1,2,347,55,0,0,1,608011156,"7.12.4"
"C13494",2,"NXS10315390HH3",2024-05-02,-2,1,2,205,-1,0,0,0,2,5,24,1,0,1,608011156,"7.12.4"
"C13497",1,"NBN10512444HH1",2023-11-07,-2,1,2,313,-1,0,0,0,0,3,25,0,0,1,608011156,"7.12.4"
"C13512",1,"NXS14711648HH1",2023-10-07,-2,1,2,99,-1,0,1,1,0,5,25,0,0,1,608011156,"7.12.4"
"C13521",1,"RRH15413886HH1",2023-12-27,-2,1,5,207,280,0,1,1,2,367,25,0,0,4,608011156,"7.12.4"
"C13530",1,"NXS10715435HH1",2024-05-09,-2,1,2,99,-1,0,0,0,0,3,24,0,0,1,608011156,"7.12.4"
"C13548",1,"NXS11413906HH1",2023-12-28,-2,1,2,205,76,0,0,1,0,457,25,0,0,1,608011156,"7.12.4"
"C13551",1,"NXS10611324HH1",2023-09-22,-2,1,2,99,-1,0,4,0,0,3,25,0,0,1,608011156,"7.12.4"
"C13554",1,"RRH12110119HH1",2022-10-14,-2,1,5,434,348,0,0,0,0,5,25,0,0,4,608011156,"7.12.4"
"C13560",1,"NXS11413627HH1",2023-12-18,-2,1,2,312,-1,0,0,1,0,3,25,0,0,1,608011156,"7.12.4"
"C13569",1,"NXS11411632HH1",2023-10-06,-2,1,2,101,64,0,0,0,2,3,25,0,0,1,608011156,"7.12.4"
"C13578",1,"NXS11315191HH1",2024-04-12,-2,1,2,313,452,0,0,0,0,3,25,0,0,1,608011156,"7.12.4"
"C13581",1,"NXS10314467HH1",2024-01-19,-2,1,2,434,49,0,1,1,1,5,24,0,0,1,608011156,"7.12.4"
"C13602",2,"NXS10310557HH4",2023-07-13,-2,1,2,314,-1,0,0,1,2,5,25,1,0,1,608011156,"7.12.4"
"C13605",1,"TRN10415344HH1",2024-04-28,-2,1,3,302,-1,0,0,1,0,3,25,0,0,2,608011156,"7.12.4"
"C13608",1,"RRH12310617HH2",2023-07-19,-2,1,5,24,-1,1,1,1,0,5,55,0,0,4,608011156,"7.12.4"
"C13611",2,"RRH12610653HH6",2023-07-23,-2,1,5,410,-1,0,0,0,2,5,25,1,1,4,608011156,"7.12.4"
"C13638",2,"NXS10614313HH3",2024-01-13,-2,1,2,206,-1,0,1,1,1,5,25,1,0,1,608011156,"7.12.4"
"C13653",1,"RRH13214145HH1",2024-01-06,-2,1,5,423,199,0,1,1,2,7,55,0,0,4,608011156,"7.12.4"
"C13662",1,"NXS11414423HH1",2024-01-17,-2,1,2,410,-1,0,1,1,0,5,25,0,0,1,608011156,"7.12.4"
"C13683",2,"RRH12110310HH6",2023-04-19,-2,1,5,312,-1,0,0,0,1,15,25,1,1,4,608011156,"7.12.4"
"C13698",1,"RRH12310358HH1",2023-05-12,-2,1,5,410,291,1,0,1,0,5,55,0,0,4,608011156,"7.12.4"
"C13725",1,"NXS12713858HH1",2023-12-15,-2,5,2,431,56,0,1,1,2,56,55,0,0,1,608011156,"7.12.4"
"C13749",1,"RRH12114962HH1",2024-03-16,-2,1,5,410,-1,0,0,0,2,5,25,0,0,4,608011156,"7.12.4"
"C13782",1,"RRH13210592HH1",2023-07-15,-2,1,5,410,165,0,9,1,2,3,25,0,0,4,608011156,"7.12.4"
"C13791",1,"NXS12910252HH1",2023-03-29,-2,1,2,411,-1,0,9,1,0,3,25,0,0,1,608011156,"7.12.4"
"C13797",2,"RRH12110183HH5",2023-02-08,-2,1,5,410,-1,0,4,0,0,3,25,1,1,4,608011156,"7.12.4"
"C13809",2,"NXS11216093HH5",2024-07-29,-2,1,2,99,-1,0,0,0,0,15,25,1,1,1,608011156,"7.12.4"
"C13821",1,"NXS11411776HH1",2023-10-11,-2,1,2,312,-1,0,0,1,0,5,25,0,0,1,608011156,"7.12.4"
"C13836",1,"NXS14711545HH1",2023-10-03,-2,1,2,116,-1,0,1,1,0,13,55,0,0,1,608011156,"7.12.4"
"C13845",1,"NBN10514828HH1",2024-02-23,-2,1,2,99,-1,0,0,0,0,37,25,0,0,1,608011156,"7.12.4"
"C13851",1,"NXS10615950HH1",2024-07-16,-2,1,2,313,-1,0,0,1,0,5,25,0,0,1,608011156,"7.12.4"
"C13857",1,"NXS12714089HH1",2024-01-04,-2,1,2,101,398,1,0,0,0,15,55,0,0,1,608011156,"7.12.4"
"C13863",1,"NXS11414664HH1",2024-01-29,-2,1,2,422,-1,0,0,1,0,5,25,0,0,1,608011156,"7.12.4"
"C13878",1,"NXS11613958HH1",2023-12-30,-2,1,2,312,-1,0,0,1,0,5,25,0,0,1,608011156,"7.12.4"
"C13890",1,"NXS11415368HH1",2024-04-30,-2,1,2,431,-1,0,0,0,2,47,25,0,0,1,608011156,"7.12.4"
"C13899",1,"NBN10514926HH1",2024-03-13,-2,1,2,99,442,0,0,0,0,56,25,0,0,1,608011156,"7.12.4"
"C13911",2,"NXS11413407HH3",2023-12-10,-2,1,2,410,-1,0,0,0,2,5,25,1,0,1,608011156,"7.12.4"
"C13932",1,"NXS14713358HH1",2023-12-08,-2,1,2,99,271,0,1,1,0,3,55,0,0,1,608011156,"7.12.4"
"C13935",1,"NXS11010771HH1",2023-08-04,-2,1,2,422,-1,0,0,1,0,5,55,0,0,1,608011156,"7.12.4"
"C13941",3,"NXS11412873HH1",2023-11-19,-2,1,2,312,-1,0,0,1,0,3,-1,0,0,1,608011156,"7.12.4"
"C13947",2,"NBN10513060HH5",2023-11-28,-2,1,2,99,-1,0,0,1,0,3,25,1,1,1,608011156,"7.12.4"
"C13959",1,"RRH12310356HH1",2023-05-11,-2,1,5,410,-1,1,0,1,0,3,25,0,0,4,608011156,"7.12.4"
"C13962",1,"NXS11411757HH1",2023-10-11,-2,1,2,101,-1,0,1,1,0,5,25,0,0,1,608011156,"7.12.4"
"C13965",1,"RRH13210438HH1",2023-06-14,-2,1,5,410,-1,0,4,0,0,3,25,0,0,4,608011156,"7.12.4"
"C13968",1,"RRH12110815HH1",2023-08-09,-2,1,7,101,-1,0,0,0,0,5,25,0,0,4,608011156,"7.12.4"
"C13971",1,"RRH12310497HH1",2023-06-29,-2,1,5,410,-1,1,1,1,0,123,55,0,0,4,608011156,"7.12.4"
"C13980",1,"NXS11413184HH1",2023-12-02,-2,1,2,101,-1,0,0,1,0,124,55,0,0,1,608011156,"7.12.4"
"C13983",1,"RRH12110522HH1",2023-07-06,-2,1,7,99,-1,0,0,1,0,5,25,0,0,4,608011156,"7.12.4"
"C13986",1,"NBN10515280HH1",2024-04-21,-2,1,2,99,55,0,1,1,0,3,55,0,0,1,608011156,"7.12.4"
"C13992",1,"NXS10710990HH1",2023-08-30,-2,1,2,98,-1,0,0,1,2,5,55,0,0,1,608011156,"7.12.4"
"C13998",1,"TRN10412001HH1",2023-10-18,-2,1,3,98,-1,0,0,1,0,5,55,0,0,2,608011156,"7.12.4"
"C14007",1,"NBN10512631HH1",2023-11-11,-2,3,2,99,633,0,0,1,0,3,25,0,0,1,608011156,"7.12.4"
"C14010",1,"NXS11314890HH1",2024-03-09,-2,1,2,312,-1,0,0,1,1,126,55,0,0,1,608011156,"7.12.4"
"C14022",1,"NXS11411564HH1",2023-10-04,-2,1,2,314,-1,0,0,1,0,5,55,0,0,1,608011156,"7.12.4"
"C14025",1,"NXS11315252HH1",2024-04-18,-2,4,2,116,107,0,1,1,0,5,25,0,0,1,608011156,"7.12.4"
"C14034",2,"RRH13210343HH3",2023-05-06,-2,1,5,410,53,0,0,1,1,134,24,1,0,4,608011156,"7.12.4"
"C14040",1,"NBN10513685HH1",2023-12-21,-2,1,2,99,-1,0,0,0,0,56,25,0,0,1,608011156,"7.12.4"
"C14058",1,"NXS11410849HH1",2023-08-13,-2,1,2,101,-1,0,0,1,0,5,55,0,0,1,608011156,"7.12.4"
"C14070",1,"NXS11415758HH1",2024-06-24,-2,1,2,99,-1,0,0,0,0,3,55,0,0,1,608011156,"7.12.4"
"C14073",1,"NXS10811766HH1",2023-10-11,-2,1,2,99,-1,1,0,1,0,5,25,0,0,1,608011156,"7.12.4"
"C14097",1,"NXS11415122HH1",2024-04-05,-2,1,2,410,601,0,4,0,0,3,25,0,0,1,608011156,"7.12.4"
"C14103",1,"NXS10314478HH1",2024-01-20,-2,1,2,410,-1,0,0,0,0,5,25,0,0,1,608011156,"7.12.4"
"C14109",1,"NXS11411897HH1",2023-10-15,-2,1,2,101,100,0,0,1,0,146,25,0,0,1,608011156,"7.12.4"
"C14130",1,"NXS12914347HH1",2024-01-13,-2,1,2,410,-1,0,1,1,0,5,25,0,0,1,608011156,"7.12.4"
"C14139",1,"RRH12315413HH1",2024-05-04,-2,5,7,99,182,1,1,1,0,157,55,0,0,4,608011156,"7.12.4"
"C14148",2,"RRH12114065HH4",2024-01-04,-2,1,5,420,-1,0,0,1,2,5,25,1,1,4,608011156,"7.12.4"
"C14160",1,"NXS11415456HH1",2024-05-11,-2,1,2,99,90,0,0,1,0,5,25,0,0,1,608011156,"7.12.4"
"C14175",1,"NXS10314471HH1",2024-01-19,-2,1,2,420,-1,0,0,1,1,5,25,0,0,1,608011156,"7.12.4"
"C14187",2,"NXS10315314HH3",2024-04-25,-2,1,2,423,-1,0,0,0,1,236,25,1,0,1,608011156,"7.12.4"
"C14217",1,"NXS12910227HH1",2023-03-06,-2,1,2,98,-1,0,5,1,0,5,55,0,0,1,608011156,"7.12.4"
"C14220",1,"NXS10811329HH1",2023-09-22,-2,1,2,98,-1,0,0,1,0,5,25,0,0,1,608011156,"7.12.4"
"C14226",1,"NXS11414837HH1",2024-02-25,-2,1,2,116,-1,0,0,0,0,5,25,0,0,1,608011156,"7.12.4"
"C14283",1,"RRH14310695HH1",2023-07-28,-2,1,5,410,-1,0,1,1,0,5,25,0,0,4,608011156,"7.12.4"
"C14286",2,"RRH12410682HH7",2023-07-27,-2,1,5,410,-1,1,1,1,2,5,25,1,1,4,608011156,"7.12.4"
"C14295",1,"NXS10611586HH1",2023-10-05,-2,1,2,101,445,0,0,1,0,345,25,0,0,1,608011156,"7.12.4"
"C14346",1,"NXS11416257HH1",2024-08-17,-2,1,2,99,511,0,1,1,0,357,25,0,0,1,608011156,"7.12.4"
"C14352",1,"NXS11612389HH1",2023-11-03,-2,1,2,312,-1,0,1,1,2,5,25,0,0,1,608011156,"7.12.4"
"C14355",1,"NXS14713426HH1",2023-12-10,-2,1,2,99,-1,0,0,0,0,367,25,0,0,1,608011156,"7.12.4"
"C14361",1,"NXS10812865HH1",2023-11-18,-2,1,2,423,-1,0,0,1,0,5,25,0,0,1,608011156,"7.12.4"
"C14382",1,"NXS11411124HH1",2023-09-07,-2,1,2,313,-1,0,0,0,0,3,25,0,0,1,608011156,"7.12.4"
"C14391",1,"RRH13210430HH2",2023-06-09,-2,1,5,422,44,0,1,1,2,5,25,0,0,5,608011156,"7.12.4"
"C14397",1,"NXS11413884HH1",2023-12-27,-2,1,2,313,359,0,0,1,0,467,25,0,0,1,608011156,"7.12.4"
"C14403",1,"RRH13310761HH1",2023-08-03,-2,1,5,410,-1,1,9,1,0,5,25,0,0,4,608011156,"7.12.4"
"C14412",1,"NXS11414348HH1",2024-01-13,-2,1,2,313,-1,0,0,1,2,567,25,0,0,1,608011156,"7.12.4"
"C14430",2,"NXS10315375HH6",2024-04-30,-2,1,2,423,-1,0,0,0,1,3,25,1,1,1,608011156,"7.12.4"
"C14454",1,"NXS11314904HH1",2024-03-11,-2,1,2,410,-1,0,0,0,1,3,25,0,0,1,608011156,"7.12.4"
"C14478",1,"RRH13210169HH1",2023-01-26,-2,1,5,410,36,0,9,1,0,3,25,0,0,4,608011156,"7.12.4"
"C14502",2,"NXS10212451HH4",2023-11-05,-2,1,2,422,-1,0,0,1,1,5,25,1,1,1,608011156,"7.12.4"
"C14508",1,"RRH13214673HH1",2024-01-31,-2,1,5,422,309,0,0,1,1,3,24,0,0,4,608011156,"7.12.4"
"C14535",1,"NXS11315601HH1",2024-05-27,-2,1,2,313,149,0,0,1,2,5,25,0,0,1,608011156,"7.12.4"
"C14541",1,"NXS11415485HH1",2024-05-17,-2,1,2,99,311,0,1,1,2,15,25,0,0,1,608011156,"7.12.4"
"C14544",1,"NXS12711794HH1",2023-10-12,-2,1,2,313,-1,0,0,1,0,3,25,0,0,1,608011156,"7.12.4"
"C14550",1,"NXS12712380HH1",2023-11-02,-2,1,2,313,-1,0,1,1,0,3,55,0,0,1,608011156,"7.12.4"
"C14580",1,"NXS10613558HH1",2023-12-15,-2,1,2,98,566,0,4,0,0,3,25,0,0,1,608011156,"7.12.4"
"C14586",1,"TRN14616138HH1",2024-07-28,-2,5,3,419,-1,1,9,1,0,5,55,0,0,3,608011156,"7.12.4"
"C14589",1,"TRN10415162HH1",2024-04-07,-2,1,3,420,-1,0,0,1,0,1,25,0,0,2,608011156,"7.12.4"
"C14628",1,"NXS11614369HH1",2024-01-15,-2,1,2,312,308,0,0,0,0,3,24,0,0,1,608011156,"7.12.4"
"C14643",1,"NXS10614305HH1",2024-01-12,-2,1,2,410,-1,0,0,0,0,3,25,0,0,1,608011156,"7.12.4"
"C14646",1,"NXS12910831HH1",2023-08-11,-2,1,2,99,639,0,1,1,0,5,55,0,0,1,608011156,"7.12.4"
"C14664",1,"NXS10616177HH1",2024-08-06,-2,1,2,312,-1,0,0,1,1,34,55,0,0,1,608011156,"7.12.4"
"C14676",1,"NBN10515325HH1",2024-04-30,-2,1,2,99,-1,0,0,0,0,3,25,0,0,1,608011156,"7.12.4"
"C14679",1,"NXS10815853HH1",2024-07-05,-2,1,2,314,-1,0,0,1,2,5,25,0,0,1,608011156,"7.12.4"
"C14682",1,"NXS10913885HH1",2023-12-27,-2,1,2,422,-1,0,0,1,0,35,25,0,0,1,608011156,"7.12.4"
"C14688",1,"NXS11312284HH1",2023-08-30,-2,5,2,312,72,0,4,0,0,1,25,0,0,1,608011156,"7.12.4"
"C14712",1,"RRH12113290HH1",2023-12-07,-2,1,7,101,-1,0,1,1,0,5,55,0,0,4,608011156,"7.12.4"
"C14733",1,"RRH12115439HH1",2024-05-09,-2,5,7,116,16,0,1,1,0,5,55,0,0,4,608011156,"7.12.4"
"C14736",1,"TRN10411812HH1",2023-10-12,-2,1,3,312,-1,0,0,1,0,5,25,0,0,2,608011156,"7.12.4"
"C14739",1,"NXS11311275HH1",2023-09-17,-2,1,2,302,-1,1,0,1,0,5,55,0,0,1,608011156,"7.12.4"
"C14742",1,"NBN10514811HH1",2024-02-17,-2,1,2,99,242,0,1,1,0,5,25,0,0,1,608011156,"7.12.4"
"C14754",1,"NXS11114537HH1",2024-01-22,-2,1,2,312,-1,0,0,1,0,15,25,0,0,1,608011156,"7.12.4"
"C14781",1,"NBN10512855HH1",2023-11-18,-2,1,2,99,-1,1,1,1,0,67,25,0,0,1,608011156,"7.12.4"
"C14808",1,"NXS11414838HH1",2024-02-25,-2,1,2,410,-1,0,1,1,0,5,25,0,0,1,608011156,"7.12.4"
"C14820",1,"NXS12913630HH1",2023-12-19,-2,1,2,99,-1,0,4,0,0,5,25,0,0,1,608011156,"7.12.4"
"C14823",1,"NXS14711946HH1",2023-10-17,-2,1,2,312,-1,0,9,1,2,5,24,0,0,1,608011156,"7.12.4"
"C14844",2,"RSO15211256HH2",2023-09-15,-2,1,9,420,-1,0,0,0,0,5,25,1,0,12,608011156,"7.12.4"
"C14847",1,"RRH12313679HH1",2023-12-06,-2,5,5,410,588,1,9,1,2,5,25,0,0,7,608011156,"7.12.4"
"C14862",2,"RRH12612742HH8",2023-11-15,-2,1,5,410,-1,0,1,1,1,3,25,1,1,4,608011156,"7.12.4"
"C14874",1,"NBN10514925HH1",2024-03-16,-2,1,2,99,-1,0,1,1,0,5,25,0,0,1,608011156,"7.12.4"
"C14892",1,"NXS13812967HH1",2023-11-23,-2,1,2,423,-1,1,0,1,2,5,25,0,0,1,608011156,"7.12.4"
"C14901",1,"RRH12110250HH2",2023-03-26,-2,1,5,410,-1,0,1,1,2,134,25,1,0,4,608011156,"7.12.4"
"C14907",1,"NBN10513752HH1",2023-12-23,-2,1,2,99,-1,0,4,0,0,5,55,0,0,1,608011156,"7.12.4"
"C14913",1,"NXS11311848HH1",2023-10-14,-2,1,2,314,393,0,1,1,0,135,55,0,0,1,608011156,"7.12.4"
"C14919",1,"RRH12312266HH2",2023-10-29,-2,4,5,410,610,1,6,1,2,5,25,0,0,4,608011156,"7.12.4"
"C14928",1,"NBN10514682HH1",2024-02-01,-2,1,2,99,-1,0,1,1,0,136,25,0,0,1,608011156,"7.12.4"
"C14949",1,"TRN11811227HH1",2023-08-25,-2,5,3,419,709,1,1,1,0,56,55,0,0,3,608011156,"7.12.4"
"C14952",1,"RRH13214785HH1",2024-01-01,-2,5,5,410,620,0,1,1,0,3,24,0,0,5,608011156,"7.12.4"
"C14955",1,"NXS12712724HH1",2023-11-14,-2,1,2,207,-1,0,0,0,0,3,55,0,0,1,608011156,"7.12.4"
"C14958",1,"NXS10612836HH1",2023-11-18,-2,1,2,410,659,0,0,1,0,5,55,0,0,1,608011156,"7.12.4"
"C14967",1,"NXS11312382HH1",2023-11-02,-2,1,2,313,-1,0,1,1,0,3,55,0,0,1,608011156,"7.12.4"
"C14973",1,"NXS11215396HH1",2024-05-02,-2,1,2,410,331,0,4,0,1,5,25,0,0,1,608011156,"7.12.4"
"C14988",1,"NXS10313893HH1",2023-12-25,-2,5,2,99,-1,0,4,0,1,15,25,0,0,1,608011156,"7.12.4"
"C14991",1,"RRH13212627HH1",2023-10-21,-2,5,5,410,33,0,0,1,0,3,24,0,0,5,608011156,"7.12.4"
"C15003",1,"NXS11014372HH1",2024-01-15,-2,1,2,420,-1,0,0,0,0,156,55,0,0,1,608011156,"7.12.4"
"C15018",1,"NXS14711792HH1",2023-10-12,-2,1,2,313,-1,0,4,0,0,98,25,0,0,1,608011156,"7.12.4"
"C15021",2,"RRH14910143HH2",2022-12-19,-2,1,5,410,-1,0,0,0,0,3,25,1,0,-1,608011156,"7.12.1"
"C15036",3,"TRN11712146HH1",2023-10-25,-2,1,3,215,-1,0,9,1,0,5,-1,0,0,2,608011156,"7.12.4"
"C15039",1,"TRN11815709HH1",2024-06-15,-2,1,3,419,-1,1,0,1,0,5,25,0,0,2,608011156,"7.12.4"
"C15054",2,"RRH12112823HH3",2023-11-17,-2,1,7,99,-1,0,0,0,0,5,18,1,0,4,608011156,"7.12.4"
"C15057",1,"RRH12314460HH1",2024-01-19,-2,1,5,410,-1,1,0,0,0,3,55,0,0,4,608011156,"7.12.4"
"C15078",1,"RRH12110492HH1",2023-06-28,-2,1,5,410,621,0,0,1,1,5,25,0,0,4,608011156,"7.12.4"
"C15099",1,"NXS11314824HH1",2024-02-21,-2,1,2,314,277,0,0,1,1,5,25,0,0,1,608011156,"7.12.4"
"C15114",1,"RRH13210546HH1",2023-07-12,-2,1,5,410,-1,0,0,1,2,3,25,0,0,4,608011156,"7.12.4"
"C15132",1,"RRH13214623HH1",2024-01-26,-2,1,5,410,-1,0,9,1,2,5,55,0,0,4,608011156,"7.12.4"
"C15135",1,"NXS12714248HH1",2024-01-11,-2,1,2,116,255,0,1,1,0,5,25,0,0,1,608011156,"7.12.4"
"C15141",1,"RRH12313593HH1",2023-12-16,-2,1,5,410,-1,1,9,1,2,256,25,0,0,4,608011156,"7.12.4"
"C15150",1,"NBN10514861HH1",2023-11-10,-2,5,2,99,49,0,1,1,0,5,25,0,0,1,608011156,"7.12.4"
"C15156",1,"NBN10511226HH1",2023-09-13,-2,3,2,99,20,1,0,1,0,3,25,0,0,1,608011156,"7.12.4"
"C15171",1,"RRH12110387HH2",2023-05-25,-2,1,7,312,-1,0,0,0,0,267,25,0,0,4,608011156,"7.12.4"
"C15174",1,"RRH13210454HH1",2023-06-21,-2,1,5,410,-1,0,0,0,2,5,18,0,0,4,608011156,"7.12.4"
"C15177",1,"NXS10615869HH1",2024-07-06,-2,1,2,420,359,0,4,0,0,3,25,0,0,1,608011156,"7.12.4"
"C15204",1,"RRH12310618HH1",2023-07-19,-2,1,5,410,614,1,0,1,0,5,25,0,0,4,608011156,"7.12.4"
"C15207",1,"NXS12713534HH1",2023-12-15,-2,1,2,423,-1,0,9,1,0,5,25,0,0,1,608011156,"7.12.4"
"C15210",1,"RRH14010278HH1",2023-04-13,-2,1,5,410,559,0,0,1,0,5,55,0,0,4,608011156,"7.12.4"
"C15213",1,"NXS11315163HH1",2024-04-07,-2,1,2,410,428,0,0,1,1,347,25,0,0,1,608011156,"7.12.4"
"C15219",1,"NXS10711504HH1",2023-10-01,-2,1,2,99,-1,0,0,1,2,5,24,0,0,1,608011156,"7.12.4"
"C15231",1,"NXS11315343HH1",2024-04-28,-2,1,2,313,-1,0,0,1,2,5,25,0,0,1,608011156,"7.12.4"
"C15234",1,"RRH13310244HH1",2023-03-16,-2,1,5,410,-1,0,0,1,0,5,25,0,0,-1,608011156,"7.12.1"
"C15240",1,"NXS12711615HH1",2023-10-05,-2,1,2,410,-1,0,0,1,1,15,25,0,0,1,608011156,"7.12.4"
"C15246",1,"RRH12314819HH1",2024-02-21,-2,1,5,99,251,1,1,1,0,357,55,0,0,6,608011156,"7.12.4"
"C15252",1,"NXS10615738HH1",2024-06-21,-2,1,2,99,-1,1,1,1,0,5,55,0,0,1,608011156,"7.12.4"
"C15255",1,"RRH14010434HH1",2023-06-11,-2,1,5,440,-1,0,0,1,1,3,25,0,0,-1,608011156,"7.12.1"
"C15258",1,"RRH14014783HH1",2024-02-14,-2,1,5,410,-1,0,0,1,0,3,25,0,0,4,608011156,"7.12.4"
"C15261",1,"NXS10611280HH1",2023-09-17,-2,1,2,312,-1,0,0,0,1,367,24,0,0,1,608011156,"7.12.4"
"C15264",1,"NXS11612715HH1",2023-11-14,-2,1,2,314,-1,0,0,0,2,5,55,0,0,1,608011156,"7.12.4"
"C15267",2,"NXS10215203HH4",2024-04-13,-2,1,2,410,-1,0,0,0,2,3,25,1,0,1,608011156,"7.12.4"
"C15276",2,"NXS10716247HH2",2024-08-16,-2,1,2,314,-1,0,0,0,0,5,25,1,0,1,608011156,"7.12.4"
"C15279",1,"NXS10215219HH2",2024-04-14,-2,1,2,313,-1,0,0,0,2,5,25,1,0,1,608011156,"7.12.4"
"C15288",1,"NXS12711779HH1",2023-10-11,-2,1,2,206,-1,0,0,1,2,5,25,0,0,1,608011156,"7.12.4"
"C15297",2,"RRH12412257HH4",2023-10-28,-2,1,5,410,-1,1,0,1,0,35,25,1,0,4,608011156,"7.12.4"
"C15315",1,"NBN10512061HH1",2023-10-22,-2,1,2,207,-1,0,0,1,0,35,18,0,0,1,608011156,"7.12.4"
"C15318",1,"NXS11314508HH1",2024-01-21,-2,1,2,116,218,0,4,0,0,1,55,0,0,1,608011156,"7.12.4"
"C15330",1,"NXS11115755HH1",2024-06-24,-2,1,2,98,-1,0,1,1,0,15,25,0,0,1,608011156,"7.12.4"
"C15333",1,"NXS10816519HH1",2024-09-10,-2,1,2,99,-1,0,0,0,0,2,55,0,0,1,608011156,"7.12.4"
"C15342",1,"NXS11414173HH1",2024-01-08,-2,1,2,312,-1,0,0,0,0,5,25,0,0,1,608011156,"7.12.4"
"C15381",1,"RRH13214615HH2",2024-01-04,-2,5,5,410,437,0,1,1,0,5,25,0,0,5,608011156,"7.12.4"
"C15384",1,"NXS11312961HH1",2023-11-23,-2,1,2,423,633,0,0,0,0,5,55,0,0,1,608011156,"7.12.4"
"C15396",1,"RRH12312036HH1",2023-10-19,-2,1,5,434,147,1,1,1,0,5,55,0,0,4,608011156,"7.12.4"
"C15402",1,"NXS10911315HH1",2023-09-21,-2,1,2,314,-1,0,0,0,0,5,25,0,0,1,608011156,"7.12.4"
"C15420",1,"NXS11414839HH1",2024-02-25,-2,1,2,101,51,0,0,1,0,12,25,0,0,1,608011156,"7.12.4"
"C15435",1,"NXS11115420HH1",2024-05-05,-2,1,2,98,-1,0,0,1,0,5,55,0,0,1,608011156,"7.12.4"
"C15453",1,"RRH12311126HH1",2023-08-30,-2,5,5,410,-1,1,9,1,1,5,55,0,0,7,608011156,"7.12.4"
"C15465",1,"NXS11613226HH1",2023-12-04,-2,1,2,99,552,0,0,1,0,5,25,0,0,1,608011156,"7.12.4"
"C15468",1,"NXS11315665HH1",2024-06-08,-2,1,2,313,-1,0,0,1,0,5,25,0,0,1,608011156,"7.12.4"
"C15471",1,"RRH12412254HH1",2023-10-28,-2,1,5,420,-1,1,0,1,3,3,25,0,0,4,608011156,"7.12.4"
"C15486",1,"NXS11213053HH1",2023-11-27,-2,1,2,410,343,0,0,1,2,3,25,0,0,1,608011156,"7.12.4"
"C15492",1,"NXS10214765HH2",2024-02-10,-2,1,2,312,275,0,0,0,2,17,25,0,0,1,608011156,"7.12.4"
"C15525",1,"NXS10214766HH1",2024-02-10,-2,1,2,312,-1,0,0,0,0,5,25,0,0,1,608011156,"7.12.4"
"C15540",1,"NXS14711816HH1",2023-10-13,-2,1,2,313,367,0,4,0,0,26,25,0,0,1,608011156,"7.12.4"
"C15570",1,"NXS11412677HH1",2023-11-12,-2,1,2,431,-1,0,0,0,2,3,25,0,0,1,608011156,"7.12.4"
"C15579",1,"NXS11314679HH1",2023-06-24,-2,5,2,312,146,0,1,1,0,35,55,0,0,5,608011156,"7.12.4"
"C15582",1,"HAV13711815HH1",2023-10-13,-2,1,4,302,226,1,1,1,0,5,55,0,0,1,608011156,"7.12.4"
"C15585",1,"RRH13214642HH1",2024-01-28,-2,1,5,410,-1,0,0,0,0,5,25,0,0,4,608011156,"7.12.4"
"C15597",1,"RRH13210225HH1",2023-03-05,-2,1,5,431,218,0,1,1,0,5,25,0,0,4,608011156,"7.12.4"
"C15612",1,"NXS14712125HH1",2023-10-23,-2,1,2,313,378,0,1,1,0,37,25,0,0,1,608011156,"7.12.4"
"C15618",1,"NXS14714281HH1",2024-01-12,-2,1,2,99,-1,0,0,1,2,5,55,0,0,1,608011156,"7.12.4"
"C15627",1,"NXS11611633HH1",2023-10-06,-2,1,2,423,-1,0,0,0,1,45,25,0,0,1,608011156,"7.12.4"
"C15633",1,"RRH12313169HH1",2023-12-02,-2,1,5,419,-1,1,9,1,0,3,55,0,0,4,608011156,"7.12.4"
"C15639",1,"RRH14310448HH1",2023-06-17,-2,1,5,410,-1,1,4,0,0,5,25,0,0,4,608011156,"7.12.4"
"C15648",1,"NXS14713562HH1",2023-12-15,-2,1,2,101,-1,0,0,1,0,3,25,0,0,1,608011156,"7.12.4"
"C15660",1,"NXS12711619HH1",2023-10-05,-2,1,2,313,-1,0,1,1,0,5,25,0,0,1,608011156,"7.12.4"
"C15678",1,"RRH14913908HH1",2023-12-28,-2,1,5,99,22,1,1,1,2,5,55,0,0,4,608011156,"7.12.4"
"C15687",1,"NXS10314527HH1",2024-01-21,-2,1,2,101,-1,0,0,1,0,3,55,0,0,1,608011156,"7.12.4"
"C15693",1,"NXS11312593HH1",2023-11-10,-2,1,2,410,-1,0,0,1,0,3,55,0,0,1,608011156,"7.12.4"
"C15762",2,"RRH12110303HH3",2023-04-16,-2,1,5,410,-1,0,4,0,1,5,25,1,0,4,608011156,"7.12.4"
"C15795",1,"NXS11011945HH1",2023-10-17,-2,1,2,302,-1,0,0,0,2,3,18,0,0,1,608011156,"7.12.4"
"C15801",1,"NXS11312582HH1",2023-11-09,-2,2,2,431,-1,0,1,1,0,136,55,0,0,1,608011156,"7.12.4"
"C15804",1,"NXS11313943HH1",2023-12-29,-2,1,2,313,161,0,1,1,0,3,24,0,0,1,608011156,"7.12.4"
"C15807",1,"NXS14712625HH1",2023-11-11,-2,1,2,410,-1,0,0,1,2,5,25,0,0,1,608011156,"7.12.4"
"C15810",1,"NXS11314908HH1",2024-03-11,-2,1,2,116,16,0,1,1,2,5,25,0,0,1,608011156,"7.12.4"
"C15834",1,"RRH13210322HH1",2023-04-21,-2,1,5,410,269,0,0,1,0,145,18,0,0,4,608011156,"7.12.4"
"C15876",2,"RRH13310172HH4",2023-01-28,-2,1,5,410,-1,0,0,0,2,3,25,1,1,-1,608011156,"7.12.1"
"C15888",1,"NXS12714311HH1",2023-11-21,-2,5,2,313,218,0,1,1,0,15,25,0,0,1,608011156,"7.12.4"
"C15897",1,"NXS11315803HH1",2024-06-30,-2,1,2,313,491,0,1,1,0,5,25,0,0,1,608011156,"7.12.4"
"C15936",1,"NXS11310996HH1",2023-08-06,-2,5,2,422,43,0,1,1,0,3,24,0,0,1,608011156,"7.12.4"
"C15945",1,"RRH12313029HH1",2023-11-26,-2,1,5,410,-1,1,0,1,0,5,55,0,0,4,608011156,"7.12.4"
"C15948",1,"NXS10614359HH1",2024-01-14,-2,1,2,205,-1,0,1,1,0,5,25,0,0,1,608011156,"7.12.4"
"C15960",1,"NXS11414732HH1",2024-02-08,-2,2,2,101,57,0,0,0,0,3,55,0,0,1,608011156,"7.12.4"
"C15972",2,"NXS10212541HH5",2023-11-09,-2,1,2,410,-1,0,0,1,2,5,25,1,1,1,608011156,"7.12.4"
"C15996",1,"RRH12414967HH1",2024-03-17,-2,1,5,423,-1,1,1,1,0,5,55,0,0,4,608011156,"7.12.4"
"C15999",2,"RRH12114027HH2",2024-01-03,-2,1,5,423,-1,0,4,0,2,257,18,1,0,4,608011156,"7.12.4"
"C16005",1,"RRH12413083HH1",2023-11-29,-2,1,5,422,-1,1,1,1,0,5,25,0,0,4,608011156,"7.12.4"
"C16011",1,"RRH13213028HH1",2023-11-26,-2,1,5,420,-1,0,9,1,1,5,55,0,0,4,608011156,"7.12.4"
"C16014",2,"NXS10311102HH4",2023-09-06,-2,1,2,431,-1,0,0,0,1,5,25,1,1,1,608011156,"7.12.4"
"C16044",1,"RRH12610582HH1",2023-07-15,-2,1,5,410,-1,0,1,1,0,5,55,0,0,4,608011156,"7.12.4"
"C16053",1,"NXS11411353HH1",2023-09-24,-2,1,2,313,41,0,0,1,0,5,25,0,0,1,608011156,"7.12.4"
"C16074",1,"NXS10813595HH1",2023-12-17,-2,1,2,98,-1,0,0,0,0,3,25,0,0,1,608011156,"7.12.4"
"C16119",1,"NXS11311276HH1",2023-09-17,-2,1,2,313,-1,0,1,1,2,98,25,0,0,1,608011156,"7.12.4"
"C16122",1,"NXS11412980HH1",2023-11-24,-2,1,2,313,90,0,1,1,2,467,25,0,0,1,608011156,"7.12.4"
"C16134",1,"NXS12713291HH1",2023-12-07,-2,1,2,313,324,0,1,1,0,5,25,0,0,1,608011156,"7.12.4"
"C16137",1,"TRN11814929HH1",2024-03-12,-2,1,3,431,170,1,0,1,2,5,55,0,0,2,608011156,"7.12.4"
"C16146",2,"NXS10310457HH5",2023-06-21,-2,1,2,314,-1,1,0,0,2,5,25,1,1,1,608011156,"7.12.4"
"C16161",1,"NXS10612768HH1",2023-11-16,-2,1,2,420,-1,0,1,1,0,5,25,0,0,1,608011156,"7.12.4"
"C16173",1,"NXS11314300HH1",2023-12-17,-2,5,2,410,551,0,4,0,0,3,25,0,0,1,608011156,"7.12.4"
"C16188",1,"NBN10515663HH1",2024-06-10,-2,1,2,99,27,0,0,1,0,5,55,0,0,1,608011156,"7.12.4"
"C16197",2,"RRH12614689HH3",2024-02-01,-2,1,5,410,-1,0,0,1,2,6,25,1,0,4,608011156,"7.12.4"
"C16209",1,"NXS11315135HH1",2024-04-05,-2,1,2,410,331,0,1,1,0,3,25,0,0,1,608011156,"7.12.4"
"C16218",1,"NXS10315136HH1",2024-03-13,-2,5,2,99,343,0,0,0,2,5,18,0,0,1,608011156,"7.12.4"
"C16227",1,"NXS11314874HH1",2024-03-08,-2,1,2,410,-1,0,0,1,2,3,25,0,0,1,608011156,"7.12.4"
"C16233",2,"NXS11115355HH2",2024-04-29,-2,1,2,313,-1,0,0,0,1,5,25,1,0,1,608011156,"7.12.4"
"C16239",1,"NXS11115637HH1",2024-06-03,-2,1,2,420,-1,0,6,1,2,13,25,0,0,1,608011156,"7.12.4"
"C16272",2,"NXS11614325HH3",2024-01-13,-2,1,2,314,-1,0,0,0,1,5,25,1,0,1,608011156,"7.12.4"
"C16275",1,"RRH12613747HH1",2023-12-23,-2,1,5,410,-1,0,0,1,0,5,25,0,0,4,608011156,"7.12.4"
"C16278",1,"RRH13213084HH1",2023-11-29,-2,1,5,410,-1,0,9,1,0,5,25,0,0,4,608011156,"7.12.4"
"C16281",1,"NXS14711893HH1",2023-10-15,-2,1,2,99,-1,0,4,0,0,5,55,0,0,1,608011156,"7.12.4"
"C16284",1,"NXS14712303HH1",2023-10-30,-2,1,2,99,-1,0,4,0,0,15,55,0,0,1,608011156,"7.12.4"
"C16287",1,"NBN10512713HH1",2023-11-13,-2,1,2,99,-1,0,4,0,0,5,25,0,0,1,608011156,"7.12.4"
"C16314",1,"NXS10612322HH1",2023-10-31,-2,1,2,98,-1,0,0,0,0,24,25,0,0,1,608011156,"7.12.4"
"C16326",1,"NXS11415026HH1",2024-03-24,-2,1,2,313,464,0,0,1,0,25,25,0,0,1,608011156,"7.12.4"
"C16341",1,"RRH13311272HH1",2023-09-17,-2,1,5,423,-1,0,1,1,2,5,25,0,0,4,608011156,"7.12.4"
"C16371",1,"RRH14110079HH2",2021-12-30,-2,1,5,410,-1,0,0,1,2,5,25,0,0,-1,608011156,"7.12.1"
"C16377",1,"NXS14711774HH1",2023-10-11,-2,1,2,99,241,0,1,1,1,56,25,0,0,1,608011156,"7.12.4"
"C16386",2,"RRH12110194HH3",2023-02-17,-2,1,7,101,212,0,4,0,0,5,25,1,0,4,608011156,"7.12.4"
"C16389",1,"NXS11415606HH1",2024-05-27,-2,1,2,313,-1,0,1,1,0,36,25,0,0,1,608011156,"7.12.4"
"C16392",1,"NXS11413716HH1",2023-12-22,-2,1,2,302,71,1,1,1,2,5,25,0,0,1,608011156,"7.12.4"
"C16395",1,"NXS10911327HH1",2023-09-22,-2,1,2,423,406,0,1,1,1,3,25,0,0,1,608011156,"7.12.4"
"C16404",2,"RSO15210985HH4",2023-08-30,-2,1,9,410,-1,0,4,0,2,3,25,1,1,12,608011156,"7.12.4"
"C16416",1,"RRH12310531HH1",2023-07-08,-2,1,5,99,-1,1,0,1,0,56,25,0,0,4,608011156,"7.12.4"
"C16428",1,"RRH13210329HH1",2023-04-23,-2,1,5,422,402,0,0,1,0,46,25,0,0,4,608011156,"7.12.4"
"C16431",2,"RRH12614701HH6",2024-02-03,-2,1,5,410,-1,0,4,0,2,3,25,1,1,4,608011156,"7.12.4"
"C16452",1,"NXS10314842HH1",2024-02-26,-2,1,2,440,-1,0,1,1,3,5,25,0,0,1,608011156,"7.12.4"
"C16464",1,"NXS13814747HH2",2024-02-10,-2,1,2,431,724,0,0,1,2,5,55,0,0,1,608011156,"7.12.4"
"C16470",1,"NXS14713384HH1",2023-12-09,-2,1,2,99,-1,0,1,1,0,5,55,0,0,1,608011156,"7.12.4"
"C16476",1,"NXS14711561HH1",2023-10-04,-2,1,2,312,-1,0,0,1,0,3,18,0,0,1,608011156,"7.12.4"
"C16479",1,"NXS12711557HH1",2023-10-04,-2,1,2,101,730,0,4,0,0,3,25,0,0,1,608011156,"7.12.4"
"C16482",1,"NXS11312172HH1",2023-10-25,-2,1,2,312,-1,0,1,1,2,5,25,0,0,1,608011156,"7.12.4"
"C16491",1,"NXS14712764HH1",2023-11-15,-2,1,2,101,-1,0,0,0,1,3,25,0,0,1,608011156,"7.12.4"
"C16494",1,"RRH13213683HH1",2023-12-09,-2,5,5,410,609,0,1,1,0,3,25,0,0,5,608011156,"7.12.4"
"C16500",1,"RRH13210575HH1",2023-07-14,-2,1,5,410,-1,0,1,1,2,5,55,0,0,4,608011156,"7.12.4"
"C16503",1,"NXS11315543HH1",2024-05-24,-2,1,2,313,-1,0,4,0,2,5,25,0,0,1,608011156,"7.12.4"
"C16512",1,"NXS11314428HH1",2024-01-18,-2,1,2,312,372,0,1,1,0,1,25,0,0,1,608011156,"7.12.4"
"C16518",1,"NXS11311613HH1",2023-10-05,-2,1,2,421,-1,0,1,1,0,5,25,0,0,1,608011156,"7.12.4"
"C16521",1,"NXS10811219HH1",2023-09-13,-2,1,2,302,-1,0,1,1,0,124,25,0,0,1,608011156,"7.12.4"
"C16539",1,"NXS11314299HH1",2023-12-22,-2,5,2,312,531,0,6,1,0,3,25,0,0,1,608011156,"7.12.4"
"C16545",1,"RRH13210332HH1",2023-04-27,-2,1,5,410,268,0,1,1,0,126,25,0,0,4,608011156,"7.12.4"
"C16551",1,"NXS10615698HH1",2024-06-12,-2,1,2,419,-1,1,0,0,3,5,25,0,0,1,608011156,"7.12.4"
"C16563",1,"NXS10815926HH1",2024-07-14,-2,1,2,302,308,0,0,1,0,5,55,0,0,1,608011156,"7.12.4"
"C16566",1,"RRH14110118HH1",2022-10-13,-2,1,5,410,-1,0,0,1,0,134,18,0,0,4,608011156,"7.12.4"
"C16584",1,"NXS10611160HH1",2023-09-08,-2,1,2,206,-1,0,1,1,2,135,25,0,0,1,608011156,"7.12.4"
"C16587",1,"NXS11415748HH1",2024-06-22,-2,1,2,422,-1,0,0,1,0,5,55,0,0,1,608011156,"7.12.4"
"C16596",1,"RRH13213797HH1",2023-12-24,-2,3,5,410,661,0,0,1,0,5,25,0,0,4,608011156,"7.12.4"
"C16605",1,"NXS10611465HH1",2023-09-29,-2,1,2,423,-1,0,0,0,2,5,25,0,0,1,608011156,"7.12.4"
"C16608",1,"NXS14713941HH1",2023-12-29,-2,1,2,314,108,0,1,1,2,1,25,0,0,1,608011156,"7.12.4"
"C16629",1,"NXS10613962HH1",2023-12-31,-2,1,2,99,-1,0,0,1,2,5,25,0,0,1,608011156,"7.12.4"
"C16638",1,"NXS12714186HH1",2023-09-14,-2,5,2,101,258,0,1,1,0,146,25,0,0,1,608011156,"7.12.4"
"C16641",1,"RRH14010088HH1",2022-01-28,-2,1,5,410,-1,0,6,1,2,15,25,0,0,4,608011156,"7.12.4"
"C16647",2,"NXS10611305HH6",2023-09-20,-2,1,2,410,215,0,4,0,1,3,25,1,1,1,608011156,"7.12.4"
"C16665",1,"NXS11411220HH1",2023-09-13,-2,1,2,101,289,0,4,0,0,5,25,0,0,1,608011156,"7.12.4"
"C16704",1,"RRH12114092HH1",2023-12-24,-2,5,5,410,697,0,0,1,0,3,25,0,0,5,608011156,"7.12.4"
"C16710",1,"RRH13210325HH1",2023-04-22,-2,1,5,410,-1,0,0,0,0,3,25,0,0,4,608011156,"7.12.4"
"C16716",1,"RRH13310168HH1",2023-01-22,-2,1,5,410,-1,0,0,1,0,5,25,0,0,-1,608011156,"7.12.1"
"C16743",1,"NXS11315167HH1",2024-04-07,-2,1,2,313,-1,0,1,1,0,3,25,0,0,1,608011156,"7.12.4"
"C16749",1,"NXS11414609HH1",2024-01-25,-2,1,2,302,64,1,1,1,0,5,55,0,0,1,608011156,"7.12.4"
"C16752",1,"NXS11412263HH1",2023-10-29,-2,1,2,101,590,0,1,1,2,3,25,0,0,1,608011156,"7.12.4"
"C16782",1,"RRH14910326HH1",2023-04-22,-2,1,5,410,-1,1,1,1,0,5,25,0,0,4,608011156,"7.12.4"
"C16788",2,"NXS10214755HH3",2024-02-10,-2,1,2,313,-1,0,0,0,1,3,24,1,0,1,608011156,"7.12.4"
"C16791",1,"RRH13215348HH1",2024-04-28,-2,1,7,314,-1,0,4,0,0,246,25,0,0,4,608011156,"7.12.4"
"C16794",2,"RRH13210619HH3",2023-07-19,-2,1,5,313,-1,0,9,1,1,3,25,1,0,4,608011156,"7.12.4"
"C16848",1,"NXS10615472HH1",2024-05-16,-2,1,2,99,110,0,1,1,0,267,25,0,0,1,608011156,"7.12.4"
"C16917",1,"NXS11314876HH1",2024-03-08,-2,1,2,116,-1,0,4,0,0,3,25,0,0,1,608011156,"7.12.4"
"C16920",1,"NXS11312968HH1",2023-11-23,-2,1,2,312,179,0,1,1,0,56,25,0,0,1,608011156,"7.12.4"
"C16935",1,"NXS11415404HH1",2024-05-03,-2,1,2,313,-1,0,1,1,0,5,18,0,0,1,608011156,"7.12.4"
"C16941",1,"RRH14910145HH1",2022-12-22,-2,1,7,410,177,1,1,1,0,5,25,0,0,4,608011156,"7.12.4"
"C16947",1,"NXS10613742HH1",2023-12-23,-2,1,2,313,-1,0,0,0,0,3,24,0,0,1,608011156,"7.12.4"
"C16968",1,"NXS11312960HH1",2023-11-23,-2,1,2,116,161,0,1,1,0,3,25,0,0,1,608011156,"7.12.4"
"C16971",1,"RRH12114902HH1",2024-03-10,-2,1,5,434,-1,0,0,1,1,5,25,0,0,4,608011156,"7.12.4"
"C16974",1,"RRH13210828HH1",2023-08-11,-2,1,5,410,-1,0,4,0,0,35,55,0,0,4,608011156,"7.12.4"
"C16992",1,"TRN10414575HH1",2024-01-24,-2,1,3,313,-1,0,0,1,2,15,25,0,0,2,608011156,"7.12.4"
"C17016",1,"NXS14711871HH1",2023-10-14,-2,1,2,99,-1,0,1,1,0,3,25,0,0,1,608011156,"7.12.4"
"C17070",1,"RRH12314249HH1",2024-01-11,-2,1,5,410,-1,1,9,1,0,5,55,0,0,4,608011156,"7.12.4"
"C17073",1,"RRH14110340HH1",2023-05-04,-2,1,5,433,-1,0,1,1,0,5,25,0,0,4,608011156,"7.12.4"
"C17115",1,"NXS10615908HH1",2024-07-12,-2,1,2,207,102,0,0,0,0,3,55,0,0,1,608011156,"7.12.4"
"C17130",1,"NXS11313494HH1",2023-10-21,-2,5,2,410,280,0,0,0,0,5,55,0,0,1,608011156,"7.12.4"
"C17139",1,"NXS10612190HH1",2023-10-25,-2,1,2,98,189,0,4,0,0,17,25,0,0,1,608011156,"7.12.4"
"C17145",1,"NXS11413323HH1",2023-12-07,-2,1,2,410,-1,0,0,0,0,5,25,0,0,1,608011156,"7.12.4"
"C17148",1,"NXS11315960HH1",2024-07-18,-2,1,2,313,384,0,4,0,2,5,25,0,0,1,608011156,"7.12.4"
"C17160",2,"NXS13815648HH3",2024-06-06,-2,1,2,422,665,0,4,0,0,5,25,1,0,1,608011156,"7.12.4"
"C17169",1,"NBN10511756HH1",2023-10-11,-2,1,2,99,-1,0,1,1,0,3,55,0,0,1,608011156,"7.12.4"
"C17175",1,"RRH13210428HH1",2023-06-09,-2,1,5,410,179,0,1,1,0,5,25,0,0,4,608011156,"7.12.4"
"C17199",3,"TRN11716191HH1",2024-08-09,-2,1,3,207,-1,0,0,1,0,5,-1,0,0,2,608011156,"7.12.4"
"C17208",1,"NXS11115946HH1",2024-07-15,-2,4,2,116,100,0,1,1,0,27,25,0,0,1,608011156,"7.12.4"
"C17211",1,"NXS14712733HH1",2023-11-15,-2,1,2,99,297,1,0,1,2,3,55,0,0,1,608011156,"7.12.4"
"C17226",1,"NXS10611234HH1",2023-09-14,-2,1,2,98,-1,0,0,0,2,5,55,0,0,1,608011156,"7.12.4"
"C17229",1,"NXS10615242HH1",2024-04-15,-2,1,2,313,-1,0,0,0,0,5,25,0,0,1,608011156,"7.12.4"
"C17232",1,"NXS10611915HH1",2023-10-16,-2,1,2,99,190,0,0,0,0,5,18,0,0,1,608011156,"7.12.4"
"C17250",1,"NXS11313322HH1",2023-12-07,-2,1,2,313,-1,0,0,0,0,5,25,0,0,1,608011156,"7.12.4"
"C17262",1,"NXS10915488HH1",2024-05-18,-2,1,2,423,18,0,0,1,0,56,25,0,0,1,608011156,"7.12.4"
"C17283",1,"NXS10711553HH1",2023-10-04,-2,1,2,99,-1,0,0,1,0,5,25,0,0,1,608011156,"7.12.4"
"C17286",1,"RRH12115506HH1",2024-05-18,-2,1,7,99,-1,0,1,1,0,5,25,0,0,4,608011156,"7.12.4"
"C17301",1,"NXS14711821HH1",2023-10-13,-2,1,2,99,-1,0,1,1,0,5,55,0,0,1,608011156,"7.12.4"
"C17340",1,"RRH12110341HH1",2023-05-04,-2,1,7,207,-1,0,4,0,2,5,25,0,0,4,608011156,"7.12.4"
"C17349",1,"RRH12114959HH2",2024-01-20,-2,5,7,116,245,0,0,1,2,5,55,0,0,5,608011156,"7.12.4"
"C17388",1,"NXS13811414HH1",2023-09-27,-2,1,2,422,174,0,4,0,1,5,25,0,0,1,608011156,"7.12.4"
"C17394",1,"NXS11313292HH1",2023-12-07,-2,1,2,101,-1,0,0,1,1,3,55,0,0,1,608011156,"7.12.4"
"C17397",1,"NXS11312801HH1",2023-11-17,-2,1,2,313,-1,0,1,1,0,3,25,0,0,1,608011156,"7.12.4"
"C17400",1,"NXS11315311HH1",2024-04-25,-2,3,2,313,155,0,1,1,0,127,25,0,0,1,608011156,"7.12.4"
"C17412",3,"TRN11714978HH1",2024-03-19,-2,1,3,215,-1,0,9,1,0,5,-1,0,0,2,608011156,"7.12.4"
"C17421",1,"NXS11314425HH1",2024-01-18,-2,1,2,313,79,0,4,0,2,135,25,0,0,1,608011156,"7.12.4"
"C17457",1,"RRH12110110HH1",2022-08-27,-2,1,5,410,-1,0,0,0,1,3,55,0,0,-1,608011156,"7.12.1"
"C17463",1,"NXS10911569HH1",2023-10-04,-2,1,2,423,187,0,0,0,0,5,25,0,0,1,608011156,"7.12.4"
"C17469",1,"NXS14711753HH1",2023-10-11,-2,1,2,411,718,0,4,0,2,5,55,0,0,1,608011156,"7.12.4"
"C17478",1,"NBN10513472HH2",2023-12-16,-2,1,2,99,-1,0,4,0,0,2,25,0,0,1,608011156,"7.12.4"
"C17508",1,"RRH12110570HH2",2023-07-14,-2,1,5,410,-1,0,0,1,0,5,25,0,0,4,608011156,"7.12.4"
"C17511",1,"NXS14712506HH1",2023-11-08,-2,1,2,101,329,0,1,1,2,5,55,0,0,1,608011156,"7.12.4"
"C17517",2,"NXS13810885HH4",2023-08-19,-2,1,2,422,583,0,0,0,0,5,25,1,0,1,608011156,"7.12.4"
"C17526",1,"NXS11115624HH1",2024-06-01,-2,1,2,422,-1,0,0,1,1,1,25,0,0,1,608011156,"7.12.4"
"C17529",1,"RRH15415916HH1",2024-07-13,-2,1,7,411,-1,0,1,1,0,234,25,0,0,4,608011156,"7.12.4"
"C17544",1,"NBN10512734HH2",2023-11-22,-2,1,2,99,-1,0,0,1,0,235,24,0,0,1,608011156,"7.12.4"
"C17553",1,"NXS11311218HH1",2023-05-20,-2,5,2,312,20,0,1,1,2,5,25,0,0,5,608011156,"7.12.4"
"C17556",2,"NXS10711333HH3",2023-09-22,-2,1,2,99,-1,0,0,1,1,3,25,1,0,1,608011156,"7.12.4"
"C17568",1,"NXS11013368HH1",2023-12-08,-2,1,2,312,712,0,1,1,0,5,25,0,0,1,608011156,"7.12.4"
"C17583",1,"RRH13210180HH1",2023-02-01,-2,1,5,431,-1,0,6,1,2,5,25,0,0,4,608011156,"7.12.4"
"C17589",1,"NXS11612931HH1",2023-11-21,-2,1,2,98,-1,0,1,1,2,5,25,0,0,1,608011156,"7.12.4"
"C17616",1,"TRN11814307HH1",2024-01-12,-2,1,3,312,299,1,9,1,0,3,55,0,0,2,608011156,"7.12.4"
"C17625",1,"RRH12310534HH2",2023-07-08,-2,1,5,419,-1,1,4,1,2,5,25,0,0,4,608011156,"7.12.4"
"C17640",1,"RRH12314858HH2",2024-03-03,-2,1,5,410,-1,1,1,1,2,5,25,0,0,4,608011156,"7.12.4"
"C17646",1,"RRH12110494HH3",2023-06-29,-2,1,5,422,-1,0,0,0,0,3,25,1,0,4,608011156,"7.12.4"
"C17661",1,"RRH13210478HH1",2023-06-24,-2,1,5,206,-1,0,0,0,0,3,55,0,0,4,608011156,"7.12.4"
"C17667",1,"RRH14910136HH1",2022-12-12,-2,1,5,410,-1,0,0,1,0,346,25,0,0,-1,608011156,"7.12.1"
"C17679",1,"RRH13210247HH1",2023-03-24,-2,1,5,431,-1,0,1,1,0,347,18,0,0,4,608011156,"7.12.4"
"C17682",1,"PSH14810127HH1",2022-12-01,-2,1,8,410,-1,0,1,1,0,5,25,0,0,8,608011156,"7.12.4"
"C17694",2,"RRH13212401HH2",2023-11-04,-2,1,5,431,-1,0,0,0,1,3,24,1,0,4,608011156,"7.12.4"
"C17700",1,"NXS11310738HH1",2023-08-02,-2,1,2,410,-1,0,0,0,0,5,24,0,0,1,608011156,"7.12.4"
"C17709",1,"RRH14310514HH2",2023-07-02,-2,1,5,410,-1,0,9,1,2,357,25,0,0,4,608011156,"7.12.4"
"C17715",2,"RRH13214494HH3",2024-01-20,-2,1,5,410,-1,0,1,1,2,367,25,1,0,4,608011156,"7.12.4"
"C17724",1,"NXS11612041HH1",2023-10-20,-2,1,2,207,-1,0,1,1,0,5,25,0,0,1,608011156,"7.12.4"
"C17730",2,"RRH13212749HH4",2023-11-15,-2,1,5,410,-1,0,0,0,0,5,25,1,0,4,608011156,"7.12.4"
"C17736",1,"NXS12711715HH1",2023-10-09,-2,1,2,410,500,0,1,1,0,5,25,0,0,1,608011156,"7.12.4"
"C17754",1,"NXS11316339HH1",2024-08-25,-2,1,2,419,-1,1,9,1,0,5,55,0,0,1,608011156,"7.12.4"
"C17769",1,"NXS14711711HH1",2023-09-14,-2,5,2,99,612,0,1,1,0,5,25,0,0,1,608011156,"7.12.4"
"C17775",1,"NBN10514708HH1",2023-10-04,-2,5,2,99,237,0,4,0,0,2,25,0,0,1,608011156,"7.12.4"
"C17805",1,"NXS11314999HH1",2024-03-21,-2,1,2,312,102,0,0,1,0,3,25,0,0,1,608011156,"7.12.4"
"C17844",1,"RRH15413798HH1",2023-12-24,-2,1,7,116,377,0,1,1,0,5,25,0,0,4,608011156,"7.12.4"
"C17850",1,"NXS12714312HH1",2024-01-13,-2,1,2,313,-1,1,1,1,0,5,55,0,0,1,608011156,"7.12.4"
"C17856",1,"NXS11115248HH1",2024-04-17,-2,1,2,313,-1,0,4,0,2,5,25,0,0,1,608011156,"7.12.4"
"C17865",1,"NXS10915825HH1",2024-07-01,-2,1,2,205,-1,0,0,0,0,5,25,0,0,1,608011156,"7.12.4"
"C17868",1,"RRH12110121HH1",2022-11-11,-2,1,5,410,-1,0,0,1,1,5,25,0,0,4,608011156,"7.12.4"
"C17874",1,"NXS11314459HH1",2024-01-13,-2,5,2,410,572,0,0,1,2,7,25,0,0,1,608011156,"7.12.4"
"C17883",1,"NXS12711614HH1",2023-10-05,-2,1,2,101,46,0,1,1,1,12,25,0,0,1,608011156,"7.12.4"
"C17889",2,"RSO15215988HH5",2024-07-20,-2,1,9,434,-1,0,0,0,1,15,25,1,1,12,608011156,"7.12.4"
"C17892",1,"NXS11115454HH2",2024-05-11,-2,1,2,410,-1,1,1,1,2,5,25,0,0,1,608011156,"7.12.4"
"C17904",1,"NXS10715577HH1",2024-05-26,-2,1,2,99,-1,0,9,1,2,56,25,0,0,1,608011156,"7.12.4"
"C17925",1,"TRN10414768HH1",2024-02-11,-2,1,3,98,-1,0,0,1,2,15,25,0,0,2,608011156,"7.12.4"
"C17958",1,"NXS11115771HH1",2024-06-27,-2,1,2,116,232,0,1,1,2,5,25,0,0,1,608011156,"7.12.4"
"C17961",1,"NXS11315121HH1",2024-04-05,-2,1,2,206,-1,0,1,1,0,23,55,0,0,1,608011156,"7.12.4"
"C17964",1,"RRH12610652HH1",2023-07-23,-2,1,5,116,-1,0,6,1,2,5,25,0,0,4,608011156,"7.12.4"
"C17967",1,"NXS12711558HH1",2023-10-04,-2,1,2,312,309,0,4,0,2,5,55,0,0,1,608011156,"7.12.4"
"C17979",1,"RRH13210562HH1",2023-07-13,-2,1,5,410,-1,0,0,1,0,56,25,0,0,4,608011156,"7.12.4"
"C17982",1,"NXS10911167HH1",2023-09-09,-2,1,2,422,-1,0,4,0,0,5,25,0,0,1,608011156,"7.12.4"
"C18012",1,"RRH13212841HH1",2023-11-18,-2,1,5,410,218,0,9,1,1,3,25,0,0,4,608011156,"7.12.4"
"C18015",1,"NXS10913591HH1",2023-12-16,-2,1,2,423,275,0,4,0,0,5,55,0,0,1,608011156,"7.12.4"
"C18018",1,"NXS11413976HH1",2024-01-01,-2,1,2,312,-1,0,1,1,2,27,25,0,0,1,608011156,"7.12.4"
"C18024",1,"RRH13210505HH1",2023-07-01,-2,1,5,410,698,1,0,1,0,3,55,0,0,4,608011156,"7.12.4"
"C18030",1,"RRH13210245HH1",2023-03-18,-2,1,5,410,-1,0,0,1,2,5,25,0,0,4,608011156,"7.12.4"
"C18033",1,"RRH13310641HH1",2023-07-22,-2,1,5,420,-1,1,0,1,0,34,25,0,0,4,608011156,"7.12.4"
"C18045",1,"NXS10314469HH1",2024-01-19,-2,1,2,423,-1,0,4,0,1,156,25,0,0,1,608011156,"7.12.4"
"C18048",1,"RRH13213945HH1",2023-12-30,-2,1,5,422,-1,0,1,1,2,35,25,0,0,4,608011156,"7.12.4"
"C18051",1,"NXS11412854HH1",2023-11-18,-2,1,2,410,-1,0,0,0,2,3,25,0,0,1,608011156,"7.12.4"
"C18054",1,"NXS12713532HH1",2023-12-15,-2,1,2,313,-1,0,0,0,0,23,25,0,0,1,608011156,"7.12.4"
"C18057",1,"RRH12310859HH2",2023-08-16,-2,1,5,433,-1,1,2,1,0,5,25,0,0,4,608011156,"7.12.4"
"C18069",2,"NXS10315382HH3",2024-05-01,-2,1,2,422,-1,0,0,0,2,3,18,1,0,1,608011156,"7.12.4"
"C18078",1,"NXS11311437HH1",2023-09-27,-2,1,2,313,-1,0,0,1,1,3,55,0,0,1,608011156,"7.12.4"
"C18105",1,"NXS10912897HH1",2023-11-20,-2,1,2,410,483,0,0,0,0,5,25,0,0,1,608011156,"7.12.4"
"C18108",1,"PSH11910113HH1",2022-09-30,-2,1,6,420,-1,1,0,1,0,5,25,0,0,-1,608011156,"7.12.1"
"C18111",1,"RRH12115247HH1",2024-04-05,-2,5,5,99,390,0,1,1,0,5,25,0,0,5,608011156,"7.12.4"
"C18117",1,"RRH14010182HH1",2023-02-02,-2,1,5,24,-1,0,5,1,0,56,55,0,0,4,608011156,"7.12.4"
"C18120",1,"NXS14713191HH1",2023-12-03,-2,1,2,313,301,0,1,1,0,5,25,0,0,1,608011156,"7.12.4"
"C18141",1,"NXS11613753HH1",2023-12-23,-2,1,2,313,-1,0,4,0,0,36,25,0,0,1,608011156,"7.12.4"
"C18147",1,"RRH12311328HH1",2022-11-27,-2,5,5,419,465,1,1,1,2,5,55,0,0,7,608011156,"7.12.4"
"C18153",1,"NBN10515172HH1",2024-04-10,-2,1,2,99,-1,0,0,1,0,5,25,0,0,1,608011156,"7.12.4"
"C18156",1,"NBN10514466HH1",2024-01-19,-2,1,2,116,-1,0,0,1,0,3,25,0,0,1,608011156,"7.12.4"
"C18171",2,"NXS10214698HH3",2024-02-03,-2,1,2,313,-1,0,4,0,2,36,24,1,0,1,608011156,"7.12.4"
"C18183",1,"NXS13815327HH1",2024-04-26,-2,1,2,422,48,0,0,0,0,5,25,0,0,1,608011156,"7.12.4"
"C18195",1,"RRH12614834HH1",2024-02-23,-2,1,5,410,-1,0,0,1,0,5,25,0,0,4,608011156,"7.12.4"
"C18207",2,"NXS13815334HH4",2024-04-27,-2,1,2,423,578,0,0,1,0,5,25,1,0,1,608011156,"7.12.4"
"C18228",2,"RRH13212432HH6",2023-11-04,-2,1,5,410,-1,0,0,1,2,5,25,1,1,4,608011156,"7.12.4"
"C18261",1,"RRH13213903HH1",2023-12-11,-2,5,5,423,171,0,1,1,0,137,25,0,0,5,608011156,"7.12.4"
"C18264",1,"NXS10611624HH1",2023-10-06,-2,1,2,204,-1,0,1,1,0,5,25,0,0,1,608011156,"7.12.4"
"C18267",1,"NXS14711612HH1",2023-10-05,-2,1,2,314,-1,0,1,1,0,5,55,0,0,1,608011156,"7.12.4"
"C18285",1,"NXS11013597HH1",2023-12-17,-2,1,2,99,-1,0,0,1,2,5,25,0,0,1,608011156,"7.12.4"
"C18294",1,"RRH13210228HH1",2023-03-08,-2,1,5,423,-1,0,1,1,2,5,25,0,0,4,608011156,"7.12.4"
"C18297",1,"NXS12712357HH1",2023-11-02,-2,1,2,313,-1,0,6,1,0,146,25,0,0,1,608011156,"7.12.4"
"C18342",1,"PSH14810133HH1",2022-12-08,-2,1,6,24,-1,0,0,1,0,167,25,0,0,-1,608011156,"7.12.1"
"C18345",2,"RRH13210295HH3",2023-04-15,-2,1,5,410,452,0,0,0,0,3,25,1,0,4,608011156,"7.12.4"
"C18351",1,"RRH12110261HH1",2023-04-06,-2,1,5,410,316,0,0,0,0,3,25,0,0,4,608011156,"7.12.4"
"C18375",2,"NXS10216103HH3",2024-07-29,-2,1,2,313,338,0,0,0,0,3,18,1,0,1,608011156,"7.12.4"
"C18381",2,"RRH12110238HH2",2023-03-10,-2,1,5,410,-1,0,0,1,1,237,25,1,0,4,608011156,"7.12.4"
"C18390",1,"RRH13310146HH1",2022-12-22,-2,1,5,410,-1,0,0,1,2,5,25,0,0,-1,608011156,"7.12.1"
"C18393",1,"NXS11312584HH1",2023-11-10,-2,1,2,419,-1,1,1,1,0,5,55,0,0,1,608011156,"7.12.4"
"C18396",1,"RRH14910148HH1",2022-12-25,-2,1,5,422,-1,0,0,0,1,3,25,0,0,4,608011156,"7.12.4"
"C18399",1,"NXS11311429HH1",2023-09-27,-2,1,2,215,-1,0,9,1,0,5,55,0,0,1,608011156,"7.12.4"
"C18405",1,"NXS11115229HH1",2024-04-14,-2,1,2,431,623,0,1,1,0,5,25,0,0,1,608011156,"7.12.4"
"C18420",1,"NXS11312738HH1",2023-11-15,-2,1,2,313,-1,0,1,1,2,5,25,0,0,1,608011156,"7.12.4"
"C18423",1,"NXS11312647HH1",2023-11-11,-2,1,2,423,-1,0,4,0,0,256,25,0,0,1,608011156,"7.12.4"
"C18426",1,"NXS14713158HH1",2023-12-01,-2,1,2,99,-1,0,0,0,2,3,25,0,0,1,608011156,"7.12.4"
"C18447",1,"NXS12714153HH1",2024-01-07,-2,1,2,313,-1,0,0,0,0,5,55,0,0,1,608011156,"7.12.4"
"C18450",1,"RRH12215297HH1",2024-04-22,-2,1,7,99,58,1,1,1,0,5,25,0,0,4,608011156,"7.12.4"
"C18456",1,"RRH13210150HH1",2022-12-29,-2,1,5,410,-1,0,9,1,0,5,25,0,0,4,608011156,"7.12.4"
"C18477",1,"RRH13310149HH1",2022-12-25,-2,1,5,410,-1,0,0,1,2,5,25,0,0,-1,608011156,"7.12.1"
"C18480",1,"RRH13110218HH1",2023-03-01,-2,1,5,98,-1,0,0,1,0,5,25,0,0,4,608011156,"7.12.4"
"C18486",1,"TRN11811471HH1",2023-09-25,-2,5,3,410,618,1,5,1,1,3,25,0,0,2,608011156,"7.12.4"
"C18492",1,"NXS11315686HH1",2024-05-24,-2,5,2,99,159,0,1,1,0,356,25,0,0,1,608011156,"7.12.4"
"C18495",2,"NXS11012094HH3",2023-10-22,-2,1,2,313,-1,0,0,1,2,5,25,1,0,1,608011156,"7.12.4"
"C18504",1,"NBN10515571HH1",2024-05-29,-2,1,2,99,500,0,0,0,0,35,24,0,0,1,608011156,"7.12.4"
"C18507",1,"NXS12713103HH1",2023-10-05,-2,5,2,313,707,0,4,0,0,357,25,0,0,1,608011156,"7.12.4"
"C18510",1,"RRH13210848HH1",2023-08-13,-2,1,5,423,-1,0,1,1,0,5,55,0,0,4,608011156,"7.12.4"
"C18516",2,"NXS10211269HH2",2023-09-17,-2,1,2,431,-1,0,0,0,2,3,24,1,0,1,608011156,"7.12.4"
"C18522",1,"NXS11011135HH1",2023-09-07,-2,1,2,206,-1,0,0,1,2,5,55,0,0,1,608011156,"7.12.4"
"C18546",1,"NXS11311370HH1",2023-09-24,-2,1,2,302,-1,1,9,1,0,5,25,0,0,1,608011156,"7.12.4"
"C18549",1,"RRH12315742HH1",2024-06-06,-2,5,5,422,243,1,9,1,1,5,25,0,0,5,608011156,"7.12.4"
"C18555",1,"RRH12110171HH1",2023-01-27,-2,1,5,410,-1,0,0,0,0,56,25,0,0,4,608011156,"7.12.4"
"C18567",1,"NXS11315158HH1",2024-04-07,-2,1,2,313,135,0,6,1,0,567,25,0,0,1,608011156,"7.12.4"
"C18570",1,"NXS14712105HH1",2023-08-04,-2,5,2,99,498,1,1,1,0,5,55,0,0,1,608011156,"7.12.4"
"C18585",1,"NXS10214500HH1",2023-10-24,-2,5,2,101,41,0,1,1,0,5,25,0,0,1,608011156,"7.12.4"
"C18600",1,"NXS11415125HH1",2024-04-05,-2,1,2,116,-1,0,1,1,0,2,55,0,0,1,608011156,"7.12.4"
"C18609",1,"NXS12713134HH1",2023-11-13,-2,5,2,312,124,0,1,1,0,3,25,0,0,1,608011156,"7.12.4"
"C18621",1,"RRH13210224HH1",2023-03-05,-2,1,5,205,382,0,1,1,0,3,55,0,0,5,608011156,"7.12.4"
"C18630",1,"NXS12711783HH1",2023-10-12,-2,1,2,313,-1,0,4,0,0,5,25,0,0,1,608011156,"7.12.4"
"C18633",1,"RRH12110167HH1",2023-01-22,-2,1,5,410,-1,0,0,1,0,5,25,0,0,4,608011156,"7.12.4"
"C18642",1,"RRH13210226HH1",2023-03-05,-2,1,5,116,404,0,0,1,0,5,55,0,0,4,608011156,"7.12.4"
"C18645",2,"NXS10214786HH3",2024-02-15,-2,1,2,410,-1,0,0,0,0,5,25,1,0,1,608011156,"7.12.4"
"C18657",1,"NXS10613896HH1",2023-12-27,-2,3,2,313,90,0,4,0,0,5,55,0,0,1,608011156,"7.12.4"
"C18660",1,"NXS11612130HH1",2023-10-24,-2,1,2,99,-1,0,1,1,2,7,25,0,0,1,608011156,"7.12.4"
"C18666",2,"NXS11114909HH3",2024-03-11,-2,1,2,99,-1,0,0,0,2,5,25,1,0,1,608011156,"7.12.4"
"C18675",1,"RRH14010426HH1",2023-06-08,-2,1,5,410,-1,0,0,0,2,12,25,0,0,-1,608011156,"7.12.1"
"C18708",1,"RRH13210179HH1",2023-02-01,-2,1,5,410,-1,0,0,1,1,3,55,0,0,4,608011156,"7.12.4"
"C18711",1,"NXS12910161HH1",2023-01-16,-2,1,2,99,-1,0,5,1,0,5,55,0,0,1,608011156,"7.12.4"
"C18717",2,"RRH13310160HH5",2023-01-15,-2,1,5,410,-1,1,0,1,0,5,25,1,1,-1,608011156,"7.12.1"
"C18732",1,"NXS10811024HH1",2023-09-03,-2,1,2,410,-1,0,0,1,0,1,25,0,0,1,608011156,"7.12.4"
"C18735",1,"RRH12114420HH1",2024-01-17,-2,1,5,423,-1,0,4,0,0,16,25,0,0,4,608011156,"7.12.4"
"C18744",2,"NXS11113585HH4",2023-12-16,-2,1,2,98,-1,0,0,1,2,5,25,1,0,1,608011156,"7.12.4"
"C18762",1,"NBN10514643HH1",2024-01-29,-2,5,2,99,52,0,1,1,0,24,55,0,0,1,608011156,"7.12.4"
"C18771",1,"NXS10615119HH1",2024-04-05,-2,1,2,313,-1,0,1,1,2,5,25,0,0,1,608011156,"7.12.4"
"C18774",1,"NXS10615641HH1",2024-06-04,-2,4,2,99,147,0,0,0,0,5,25,0,0,1,608011156,"7.12.4"
"C18801",2,"RRH14310271HH3",2023-04-12,-2,1,5,410,582,1,0,0,2,5,25,1,0,4,608011156,"7.12.4"
"C18810",2,"RRH13210176HH3",2023-02-01,-2,1,5,410,515,0,4,0,2,3,24,1,0,4,608011156,"7.12.4"
"C18819",1,"RRH13210191HH1",2023-02-15,-2,1,5,410,-1,0,0,1,2,3,25,0,0,4,608011156,"7.12.4"
"C18834",2,"RRH13210277HH5",2023-04-13,-2,1,5,410,-1,0,1,1,0,5,25,1,1,4,608011156,"7.12.4"
"C18846",1,"NXS10611017HH1",2023-09-02,-2,1,2,312,-1,0,0,0,0,37,24,0,0,1,608011156,"7.12.4"
"C18849",1,"NXS12713052HH1",2023-11-27,-2,1,2,116,-1,0,1,1,0,3,25,0,0,1,608011156,"7.12.4"
"C18855",1,"NXS11314244HH1",2024-01-10,-2,1,2,313,47,0,1,1,0,5,55,0,0,1,608011156,"7.12.4"
"C18861",2,"NXS10215213HH2",2024-04-13,-2,1,2,423,597,0,4,0,1,5,25,1,0,1,608011156,"7.12.4"
"C18867",1,"NXS11314888HH1",2024-03-09,-2,1,2,312,-1,0,4,0,0,46,25,0,0,1,608011156,"7.12.4"
"C18873",1,"RRH12312354HH1",2023-11-01,-2,1,5,419,-1,1,0,1,2,5,55,0,0,4,608011156,"7.12.4"
"C18876",1,"RRH12314094HH1",2024-01-05,-2,1,5,410,-1,1,1,1,0,5,55,0,0,4,608011156,"7.12.4"
"C18885",1,"NXS11115037HH1",2024-03-26,-2,1,2,99,-1,0,0,1,1,5,25,0,0,1,608011156,"7.12.4"
"C18894",1,"NBN10514731HH1",2024-02-08,-2,1,2,99,-1,0,0,1,2,56,25,0,0,1,608011156,"7.12.4"
"C18897",1,"RRH14010265HH1",2023-04-12,-2,1,5,410,-1,0,1,1,0,5,24,0,0,4,608011156,"7.12.4"
"C18915",1,"RRH13210214HH1",2023-02-23,-2,1,5,410,-1,0,0,0,0,56,25,0,0,4,608011156,"7.12.4"
"C18921",1,"RRH14010279HH1",2023-04-13,-2,1,5,410,221,0,4,0,0,16,25,0,0,4,608011156,"7.12.4"
"C18927",1,"RRH12114298HH1",2024-01-12,-2,1,5,434,-1,0,4,0,2,5,25,0,0,4,608011156,"7.12.4"
"C18930",1,"RRH12310532HH1",2023-07-08,-2,1,5,410,-1,1,1,1,0,5,55,0,0,4,608011156,"7.12.4"
"C18933",1,"NXS11315184HH1",2024-04-11,-2,1,2,312,236,0,1,1,0,6,55,0,0,1,608011156,"7.12.4"
"C18951",1,"NXS11415962HH1",2024-07-18,-2,1,2,99,-1,0,4,0,0,3,55,0,0,1,608011156,"7.12.4"
"C18954",1,"NXS10315855HH1",2024-07-05,-2,1,2,313,71,0,4,0,0,123,55,0,0,1,608011156,"7.12.4"
"C18978",2,"RRH12110232HH2",2023-03-09,-2,1,5,422,-1,0,0,1,2,3,25,1,0,4,608011156,"7.12.4"
"C18984",1,"NXS11114831HH1",2024-02-22,-2,3,2,410,305,0,1,1,0,5,55,0,0,1,608011156,"7.12.4"
"C18987",1,"NXS11114303HH1",2024-01-12,-2,1,2,98,346,0,0,1,0,3,24,0,0,1,608011156,"7.12.4"
"C18999",1,"NXS11314681HH2",2024-02-01,-2,1,2,410,508,0,1,1,0,3,25,0,0,1,608011156,"7.12.4"
"C19002",1,"NXS14711858HH1",2023-10-14,-2,5,2,99,279,0,1,1,0,5,18,0,0,1,608011156,"7.12.4"
"C19017",1,"NXS14711546HH1",2023-10-04,-2,1,2,101,-1,0,1,1,0,5,55,0,0,1,608011156,"7.12.4"
"C19020",1,"RRH13214474HH1",2023-10-17,-2,5,5,410,117,0,1,1,0,3,25,0,0,5,608011156,"7.12.4"
"C19032",1,"RRH13210334HH1",2023-04-28,-2,1,5,410,-1,0,9,1,2,3,18,0,0,4,608011156,"7.12.4"
"C19044",1,"NXS11310216HH1",2023-02-26,-2,1,2,313,-1,0,0,0,0,145,25,0,0,1,608011156,"7.12.4"
"C19050",2,"RRH13210234HH4",2023-03-10,-2,1,5,410,-1,0,0,0,0,3,25,1,1,4,608011156,"7.12.4"
"C19062",1,"RRH14010472HH1",2023-06-23,-2,1,5,207,31,0,4,0,2,146,25,0,0,5,608011156,"7.12.4"
"C19119",1,"NXS11415914HH1",2024-07-13,-2,1,2,302,706,1,0,0,0,3,55,0,0,1,608011156,"7.12.4"
"C19122",1,"RRH13310230HH1",2023-03-09,-2,1,5,410,-1,1,0,1,0,5,25,0,0,-1,608011156,"7.12.1"
"C19125",1,"NXS10616260HH1",2024-08-18,-2,1,2,422,-1,0,0,1,2,5,25,0,0,1,608011156,"7.12.4"
"C19128",1,"NXS12713167HH1",2023-12-02,-2,1,2,101,-1,0,0,0,0,234,24,0,0,1,608011156,"7.12.4"
"C19131",1,"NXS11311166HH1",2023-09-09,-2,1,2,422,-1,0,0,1,0,3,25,0,0,1,608011156,"7.12.4"
"C19134",1,"RRH12313281HH1",2023-11-14,-2,5,5,410,265,1,6,1,2,56,25,0,0,6,608011156,"7.12.4"
"C19140",1,"NXS11314998HH1",2024-03-21,-2,1,2,313,557,0,1,1,0,14,25,0,0,1,608011156,"7.12.4"
"C19143",1,"NXS11314965HH1",2024-03-16,-2,1,2,422,667,0,0,0,0,235,25,0,0,1,608011156,"7.12.4"
"C19158",1,"NXS15113960HH1",2023-12-30,-2,1,2,410,-1,0,9,1,0,5,25,0,0,1,608011156,"7.12.4"
"C19164",1,"RRH13310249HH1",2023-03-25,-2,1,5,410,727,0,0,1,0,5,25,0,0,-1,608011156,"7.12.1"
"C19170",1,"RRH13110221HH1",2023-03-02,-2,1,5,98,204,0,0,1,0,3,25,0,0,4,608011156,"7.12.4"
"C19179",2,"NXS11315141HH2",2024-04-06,-2,1,2,313,-1,0,4,0,2,5,25,1,0,1,608011156,"7.12.4"
"C19191",1,"RRH14910258HH1",2023-04-02,-2,1,5,99,438,0,4,0,0,3,25,0,0,4,608011156,"7.12.4"
"C19194",1,"NXS11113276HH1",2023-12-06,-2,1,2,313,242,0,1,1,1,247,25,0,0,1,608011156,"7.12.4"
"C19206",1,"RRH12310521HH1",2023-07-06,-2,1,5,410,-1,1,1,1,1,3,25,0,0,4,608011156,"7.12.4"
"C19215",1,"NXS10914886HH1",2024-03-09,-2,1,2,423,-1,0,0,0,0,5,25,0,0,1,608011156,"7.12.4"
"C19218",1,"NXS11313681HH1",2023-12-21,-2,1,2,313,263,0,4,0,0,5,25,0,0,1,608011156,"7.12.4"
"C19224",1,"RRH13210324HH1",2023-04-22,-2,1,5,410,-1,0,0,0,0,3,25,0,0,4,608011156,"7.12.4"
"C19236",1,"HAV13714832HH1",2024-02-23,-2,1,4,207,-1,1,1,1,0,3,55,0,0,1,608011156,"7.12.4"
"C19245",1,"NBN10514047HH1",2024-01-03,-2,1,2,99,-1,0,1,1,0,5,25,0,0,1,608011156,"7.12.4"
"C19260",1,"NXS12711618HH1",2023-10-05,-2,1,2,206,-1,0,0,0,0,5,25,0,0,1,608011156,"7.12.4"
"C19266",1,"RRH12110355HH1",2023-05-11,-2,1,5,410,-1,0,0,0,0,346,18,0,0,4,608011156,"7.12.4"
"C19269",1,"NXS10911163HH1",2023-09-08,-2,1,2,423,-1,0,0,1,2,5,25,0,0,1,608011156,"7.12.4"
"C19278",1,"RRH13210330HH1",2023-04-26,-2,1,5,422,-1,0,0,1,0,5,25,0,0,4,608011156,"7.12.4"
"C19281",1,"NXS11611215HH2",2023-09-13,-2,1,2,313,530,0,0,1,2,15,18,0,0,1,608011156,"7.12.4"
"C19284",1,"NXS10614864HH1",2024-03-04,-2,1,2,420,-1,0,1,1,2,347,25,0,0,1,608011156,"7.12.4"
"C19287",2,"RRH13110259HH2",2023-04-02,-2,1,5,98,-1,0,0,1,2,5,25,1,0,4,608011156,"7.12.4"
"C19293",1,"NXS10612664HH1",2023-11-12,-2,1,2,101,-1,0,0,1,0,5,25,0,0,1,608011156,"7.12.4"
"C19296",1,"RRH13310266HH1",2023-04-12,-2,1,5,410,36,1,0,1,0,15,55,0,0,-1,608011156,"7.12.1"
"C19299",2,"NXS11411290HH2",2023-09-18,-2,1,2,312,-1,0,4,0,0,3,24,1,0,1,608011156,"7.12.4"
"C19302",1,"RRH12310254HH1",2023-04-01,-2,1,5,410,-1,1,9,1,0,5,55,0,0,4,608011156,"7.12.4"
"C19305",1,"RRH13110253HH1",2023-04-01,-2,1,5,98,-1,0,9,1,2,5,25,0,0,4,608011156,"7.12.4"
"C19326",1,"NXS10611021HH1",2023-09-03,-2,1,2,101,-1,0,0,0,0,5,25,0,0,1,608011156,"7.12.4"
"C19359",1,"RRH13210323HH1",2023-04-21,-2,1,5,410,349,0,0,1,0,5,25,0,0,4,608011156,"7.12.4"
"C19395",1,"RRH14910268HH2",2023-04-12,-2,1,5,410,202,1,9,1,2,2,25,0,0,4,608011156,"7.12.4"
"C19398",2,"RRH13210336HH3",2023-04-30,-2,1,5,410,-1,0,0,1,0,3,25,1,0,4,608011156,"7.12.4"
"C19434",2,"RRH12410263HH2",2023-04-08,-2,1,5,410,-1,1,0,1,2,5,25,1,0,4,608011156,"7.12.4"
"C19440",1,"NXS11311224HH1",2023-09-13,-2,1,2,422,339,0,1,1,0,3,25,0,0,1,608011156,"7.12.4"
"C19443",2,"NXS10215124HH6",2024-04-05,-2,1,2,313,-1,0,0,1,1,5,25,1,1,1,608011156,"7.12.4"
"C19458",1,"RRH12310331HH1",2023-04-27,-2,1,5,431,-1,1,0,0,0,3,55,0,0,4,608011156,"7.12.4"
"C19485",1,"NXS10915876HH1",2024-07-07,-2,1,2,422,-1,0,0,1,0,5,25,0,0,1,608011156,"7.12.4"
"C19488",1,"NXS12912421HH1",2023-11-04,-2,1,2,99,16,0,0,0,0,13,25,0,0,1,608011156,"7.12.4"
"C19515",1,"RRH12310349HH1",2023-05-10,-2,1,5,410,-1,1,1,1,2,15,55,0,0,4,608011156,"7.12.4"
"C19524",1,"NXS12711882HH1",2023-10-14,-2,1,2,206,542,1,0,1,2,5,55,0,0,1,608011156,"7.12.4"
"C19527",1,"NBN10516227HH1",2024-08-18,-2,4,2,99,-1,0,6,1,0,5,25,0,0,1,608011156,"7.12.4"
"C19530",1,"RRH14010364HH1",2023-05-13,-2,1,5,423,-1,0,1,1,0,16,25,0,0,4,608011156,"7.12.4"
"C19539",1,"NXS11411898HH1",2023-10-15,-2,1,2,431,-1,0,0,1,2,3,25,0,0,1,608011156,"7.12.4"
"C19551",1,"RRH13210439HH1",2023-06-14,-2,1,5,422,-1,0,1,1,3,5,25,0,0,4,608011156,"7.12.4"
"C19554",2,"RSO15213195HH7",2023-12-03,-2,1,9,434,-1,0,0,0,1,56,25,1,1,12,608011156,"7.12.4"
"C19560",1,"RRH12310327HH1",2023-04-22,-2,1,5,410,-1,1,9,1,0,24,55,0,0,4,608011156,"7.12.4"
"C19563",1,"NXS10915635HH1",2024-06-03,-2,1,2,423,541,0,0,0,0,5,55,0,0,1,608011156,"7.12.4"
"C19566",2,"NXS10713812HH4",2023-12-25,-2,1,2,302,-1,0,0,0,2,3,24,1,1,1,608011156,"7.12.4"
"C19578",1,"RRH12310318HH1",2023-04-20,-2,1,5,419,-1,1,0,1,2,25,25,0,0,4,608011156,"7.12.4"
"C19581",1,"RRH12310320HH2",2023-04-21,-2,1,5,419,-1,1,0,1,0,5,55,0,0,4,608011156,"7.12.4"
"C19593",1,"NXS11115428HH1",2024-05-06,-2,1,2,205,-1,0,1,1,2,5,25,0,0,1,608011156,"7.12.4"
"C19596",2,"NXS10215820HH5",2024-06-30,-2,1,2,410,-1,0,0,0,1,3,25,1,1,1,608011156,"7.12.4"
"C19617",1,"NXS10611917HH1",2023-10-16,-2,3,2,207,-1,0,0,1,0,3,24,0,0,1,608011156,"7.12.4"
"C19620",1,"NBN10515756HH1",2024-06-24,-2,1,2,99,660,0,0,1,2,5,25,0,0,1,608011156,"7.12.4"
"C19623",1,"NXS11314658HH1",2023-10-28,-2,5,2,116,37,0,1,1,0,3,25,0,0,1,608011156,"7.12.4"
"C19626",1,"NXS12712998HH1",2023-11-24,-2,1,2,101,-1,0,0,1,0,34,25,0,0,1,608011156,"7.12.4"
"C19629",1,"NXS11013258HH1",2023-12-06,-2,1,2,312,-1,0,0,0,2,5,25,0,0,1,608011156,"7.12.4"
"C19641",1,"RRH12311304HH1",2023-09-20,-2,1,7,116,454,1,1,1,0,5,55,0,0,4,608011156,"7.12.4"
"C19650",2,"RRH12110420HH2",2023-06-07,-2,1,7,99,724,0,0,0,2,36,25,1,0,4,608011156,"7.12.4"
"C19662",1,"RRH13210346HH1",2023-05-07,-2,1,5,423,-1,0,0,0,2,3,25,0,0,4,608011156,"7.12.4"
"C19665",1,"RRH13110445HH1",2023-06-17,-2,1,5,98,-1,0,0,1,0,5,25,0,0,4,608011156,"7.12.4"
"C19686",2,"RRH13210361HH2",2023-05-13,-2,1,5,410,-1,0,0,0,0,3,25,1,0,4,608011156,"7.12.4"
"C19695",1,"NBN10513599HH1",2023-12-20,-2,1,2,99,-1,0,0,0,0,5,25,0,0,1,608011156,"7.12.4"
"C19698",1,"NXS11315111HH1",2024-04-04,-2,1,2,329,-1,0,1,1,0,3,25,0,0,1,608011156,"7.12.4"
"C19701",1,"RRH13210637HH1",2023-07-22,-2,1,5,410,-1,0,0,1,0,47,25,0,0,4,608011156,"7.12.4"
"C19722",1,"NXS11415852HH1",2024-07-05,-2,1,2,99,439,0,0,0,0,3,55,0,0,1,608011156,"7.12.4"
"C19725",1,"NXS11311253HH1",2023-09-15,-2,1,2,422,-1,0,1,1,0,5,25,0,0,1,608011156,"7.12.4"
"C19737",2,"NXS10214990HH5",2024-03-21,-2,1,2,312,-1,0,0,0,2,3,24,1,1,1,608011156,"7.12.4"
"C19755",1,"RRH14010474HH1",2023-06-24,-2,1,5,410,-1,0,1,1,2,5,25,0,0,4,608011156,"7.12.4"
"C19782",1,"RRH13110367HH1",2023-05-14,-2,1,5,98,-1,0,9,1,0,5,55,0,0,4,608011156,"7.12.4"
"C19797",1,"RRH13110363HH1",2023-05-13,-2,1,5,98,-1,1,0,1,2,5,25,0,0,4,608011156,"7.12.4"
"C19800",1,"RRH13110360HH1",2023-05-13,-2,1,5,98,-1,0,9,1,0,5,25,0,0,4,608011156,"7.12.4"
"C19812",2,"RRH14110377HH11",2023-05-21,-2,1,5,410,-1,0,0,1,0,5,25,1,1,-1,608011156,"7.12.1"
"C19839",2,"NXS11315291HH3",2024-04-22,-2,1,2,410,644,0,0,0,2,136,25,1,0,1,608011156,"7.12.4"
"C19851",1,"NXS11314039HH1",2024-01-03,-2,1,2,410,-1,0,0,0,2,5,25,0,0,1,608011156,"7.12.4"
"C19851",2,"NXS10213501HH5",2023-12-13,-2,1,2,98,-1,0,0,1,2,5,25,1,1,1,608011156,"7.12.4"
"C19866",1,"NXS11315338HH1",2024-01-12,-2,5,2,313,124,0,0,1,0,3,25,0,0,1,608011156,"7.12.4"
"C19869",1,"RRH13210431HH1",2023-06-09,-2,1,5,410,-1,0,9,1,0,5,18,0,0,4,608011156,"7.12.4"
"C19878",1,"NXS12713961HH1",2023-12-31,-2,1,2,116,-1,0,0,0,0,2,25,0,0,1,608011156,"7.12.4"
"C19881",1,"NXS10916027HH1",2024-07-24,-2,1,2,423,212,0,0,1,1,5,25,0,0,1,608011156,"7.12.4"
"C19905",2,"NXS10714064HH3",2024-01-04,-2,1,2,420,-1,0,0,0,0,3,18,1,0,1,608011156,"7.12.4"
"C19920",1,"NXS10615321HH1",2024-04-25,-2,1,2,420,393,0,0,1,2,5,25,0,0,1,608011156,"7.12.4"
"C19926",1,"RRH13210417HH1",2023-06-04,-2,1,5,410,-1,0,0,1,0,157,55,0,0,4,608011156,"7.12.4"
"C19929",1,"RRH13210452HH2",2023-06-17,-2,1,5,410,-1,0,0,1,2,5,25,0,0,4,608011156,"7.12.4"
"C19938",1,"NXS10916487HH1",2024-09-06,-2,1,2,422,-1,0,0,0,0,167,25,0,0,1,608011156,"7.12.4"
"C19944",1,"RRH13210713HH2",2023-07-30,-2,1,5,410,-1,0,0,1,0,3,25,1,0,4,608011156,"7.12.4"
"C19947",1,"NBN10515115HH1",2024-03-13,-2,5,2,313,690,0,1,1,0,5,25,0,0,1,608011156,"7.12.4"
"C19962",1,"NXS11413389HH1",2023-12-09,-2,1,2,431,-1,0,4,0,0,5,25,0,0,1,608011156,"7.12.4"
"C19968",2,"RRH13210403HH6",2023-06-02,-2,1,5,420,-1,0,0,0,1,3,25,1,1,4,608011156,"7.12.4"
"C19992",1,"NBN10511895HH1",2023-10-16,-2,1,2,99,258,0,0,0,0,245,25,0,0,1,608011156,"7.12.4"
"C19998",1,"RSO15211121HH1",2023-09-07,-2,1,9,433,-1,0,0,0,1,246,25,0,0,12,608011156,"7.12.4"
"C20010",1,"RRH12310402HH1",2023-06-01,-2,1,5,419,-1,1,1,1,2,5,55,0,0,4,608011156,"7.12.4"
"C20046",1,"NXS11310823HH1",2023-08-11,-2,1,2,205,-1,1,0,1,0,5,55,0,0,1,608011156,"7.12.4"
"C20049",1,"NXS10911919HH1",2023-10-16,-2,1,2,423,617,0,0,1,0,5,25,0,0,1,608011156,"7.12.4"
"C20052",2,"RRH14910409HH4",2023-06-03,-2,1,5,420,-1,0,0,0,1,56,25,1,0,-1,608011156,"7.12.1"
"C20064",1,"RRH12115503HH1",2024-05-18,-2,1,5,410,-1,0,0,0,0,346,25,0,0,4,608011156,"7.12.4"
"C20067",1,"RRH13210447HH1",2023-06-17,-2,1,5,422,-1,0,0,1,2,35,25,0,0,4,608011156,"7.12.4"
"C20073",2,"NXS10710422HH3",2023-06-07,-2,1,2,410,-1,0,0,0,0,3,25,1,0,1,608011156,"7.12.4"
"C20103",2,"RRH13210467HH4",2023-06-23,-2,1,5,410,192,0,0,0,0,3,25,1,0,4,608011156,"7.12.4"
"C20109",1,"RRH13210489HH1",2023-06-28,-2,1,5,410,-1,0,9,1,1,5,25,0,0,4,608011156,"7.12.4"
"C20115",1,"NXS11310473HH1",2023-06-23,-2,1,2,205,40,0,0,0,0,3,25,0,0,1,608011156,"7.12.4"
"C20118",1,"NXS10615644HH1",2024-06-05,-2,1,2,98,191,0,0,1,0,5,25,0,0,1,608011156,"7.12.4"
"C20136",1,"RRH12410640HH1",2023-07-22,-2,1,7,116,-1,1,1,1,0,5,25,0,0,4,608011156,"7.12.4"
"C20139",1,"RRH13115579HH1",2024-05-27,-2,1,5,410,-1,0,1,1,2,457,25,0,0,4,608011156,"7.12.4"
"C20151",1,"NXS12714361HH1",2023-11-10,-2,5,2,313,255,0,0,1,2,5,25,0,0,1,608011156,"7.12.4"
"C20160",1,"RRH13210486HH1",2023-06-28,-2,1,5,423,-1,0,0,0,1,5,24,0,0,4,608011156,"7.12.4"
"C20184",3,"TRN11716570HH1",2024-09-14,-2,4,3,101,-1,0,1,1,0,5,-1,0,0,2,608011156,"7.12.4"
"C20205",1,"RRH13110493HH1",2023-06-28,-2,1,5,410,-1,0,0,1,2,4,25,0,0,4,608011156,"7.12.4"
"C20208",1,"NXS11612255HH1",2023-10-28,-2,1,2,410,-1,0,0,1,0,5,25,0,0,1,608011156,"7.12.4"
"C20214",1,"NXS10616142HH1",2024-08-03,-2,1,2,420,41,0,1,1,0,5,25,0,0,1,608011156,"7.12.4"
"C20229",1,"NXS11113275HH1",2023-12-06,-2,1,2,423,-1,0,1,1,2,5,25,0,0,1,608011156,"7.12.4"
"C20247",1,"NXS11311238HH1",2023-09-14,-2,1,2,302,-1,0,0,1,2,5,25,0,0,1,608011156,"7.12.4"
"C20250",1,"RRH14010825HH1",2023-08-11,-2,1,5,410,-1,0,1,1,0,3,25,0,0,4,608011156,"7.12.4"
"C20256",1,"RRH12310455HH2",2023-06-21,-2,1,5,410,-1,1,1,1,0,13,55,0,0,4,608011156,"7.12.4"
"C20295",1,"NXS10611251HH1",2023-09-15,-2,1,2,422,-1,0,0,1,2,3,25,0,0,1,608011156,"7.12.4"
"C20307",2,"NXS10315467HH3",2024-05-15,-2,1,2,99,-1,0,0,0,1,5,25,1,0,1,608011156,"7.12.4"
"C20319",2,"RRH12610480HH6",2023-06-28,-2,1,5,410,-1,0,0,0,1,24,25,1,1,4,608011156,"7.12.4"
"C20340",1,"NXS11312838HH1",2023-11-17,-2,5,2,313,725,0,4,0,0,3,25,0,0,1,608011156,"7.12.4"
"C20343",1,"RRH13210824HH1",2023-08-11,-2,1,5,410,-1,0,0,0,0,56,55,0,0,4,608011156,"7.12.4"
"C20346",1,"NXS15112840HH1",2023-11-18,-2,1,2,207,-1,0,0,1,0,15,25,0,0,1,608011156,"7.12.4"
"C20349",1,"NBN10512391HH1",2023-11-04,-2,1,2,99,346,0,1,1,0,2,25,0,0,1,608011156,"7.12.4"
"C20352",1,"TRN10410461HH1",2023-06-22,-2,1,3,410,-1,0,0,1,0,26,25,0,0,2,608011156,"7.12.4"
"C20364",2,"RRH13210580HH2",2023-07-15,-2,1,5,431,-1,0,0,1,2,5,25,1,0,4,608011156,"7.12.4"
"C20370",1,"NXS10910479HH1",2023-06-24,-2,1,2,440,-1,0,0,0,0,5,25,0,0,1,608011156,"7.12.4"
"C20382",1,"NBN10515201HH1",2024-04-14,-2,1,2,99,-1,0,0,1,0,34,25,0,0,1,608011156,"7.12.4"
"C20385",1,"TRN10410488HH1",2023-06-28,-2,1,3,98,-1,0,0,1,0,5,25,0,0,2,608011156,"7.12.4"
"C20409",1,"RRH14010951HH1",2023-08-25,-2,1,5,207,-1,0,4,0,0,3,25,0,0,4,608011156,"7.12.4"
"C20421",1,"RRH12311002HH1",2023-08-31,-2,1,5,419,-1,1,1,1,0,5,55,0,0,4,608011156,"7.12.4"
"C20424",1,"RRH12310533HH1",2023-07-08,-2,1,5,410,-1,1,0,1,1,3,55,0,0,4,608011156,"7.12.4"
"C20439",2,"NXS10310553HH3",2023-07-12,-2,1,2,431,589,0,0,1,2,3,25,1,0,1,608011156,"7.12.4"
"C20460",1,"NXS15110507HH1",2023-07-01,-2,1,2,410,-1,0,0,1,2,47,25,0,0,1,608011156,"7.12.4"
"C20463",1,"NXS10810510HH1",2023-07-02,-2,1,2,302,-1,0,0,1,0,3,25,0,0,1,608011156,"7.12.4"
"C20469",1,"NXS11414365HH1",2024-01-15,-2,1,2,431,-1,0,0,1,2,5,25,0,0,1,608011156,"7.12.4"
"C20472",1,"RRH12315680HH1",2024-06-09,-2,1,7,99,552,1,0,1,0,5,55,0,0,4,608011156,"7.12.4"
"C20481",1,"NXS12910516HH1",2023-07-03,-2,1,2,99,-1,0,0,0,0,6,25,0,0,1,608011156,"7.12.4"
"C20490",1,"RRH14010820HH1",2023-08-10,-2,1,5,420,-1,0,1,1,1,57,25,0,0,4,608011156,"7.12.4"
"C20493",1,"NXS15110518HH1",2023-07-05,-2,1,2,410,-1,0,4,0,2,35,25,0,0,1,608011156,"7.12.4"
"C20499",1,"RRH13215166HH1",2024-03-30,-2,5,5,410,296,0,9,1,0,1,25,0,0,4,608011156,"7.12.4"
"C20508",2,"RRH13210613HH5",2023-07-19,-2,1,5,410,-1,0,0,0,0,56,24,1,1,4,608011156,"7.12.4"
"C20538",1,"RRH12310552HH1",2023-07-12,-2,1,5,420,-1,1,9,1,2,5,55,0,0,4,608011156,"7.12.4"
"C20541",1,"RRH12310881HH1",2023-08-19,-2,1,5,99,-1,1,0,1,0,126,55,0,0,4,608011156,"7.12.4"
"C20547",1,"NBN10510975HH1",2023-08-28,-2,1,2,99,-1,0,0,0,0,3,24,0,0,1,608011156,"7.12.4"
"C20568",2,"RRH12310547HH5",2023-07-12,-2,1,5,410,-1,1,9,1,0,5,25,1,1,4,608011156,"7.12.4"
"C20601",1,"RRH12110638HH1",2023-07-22,-2,1,7,314,-1,0,0,1,0,5,25,0,0,4,608011156,"7.12.4"
"C20604",2,"RSO15210900HH2",2023-08-20,-2,1,9,411,-1,0,0,0,1,56,25,1,0,12,608011156,"7.12.4"
"C20610",1,"RRH13210770HH1",2023-08-04,-2,1,5,410,-1,0,0,0,0,3,25,0,0,4,608011156,"7.12.4"
"C20613",1,"NXS11314430HH1",2024-01-18,-2,1,2,302,181,0,4,0,2,3,25,0,0,1,608011156,"7.12.4"
"C20616",1,"NXS11310543HH1",2023-07-09,-2,1,2,206,-1,0,0,1,0,3,55,0,0,1,608011156,"7.12.4"
"C20619",1,"RRH13310773HH1",2023-08-04,-2,1,5,423,-1,0,0,1,0,5,25,0,0,-1,608011156,"7.12.1"
"C20622",1,"NXS11314114HH1",2024-01-06,-2,1,2,206,252,0,0,1,2,5,25,0,0,1,608011156,"7.12.4"
"C20649",1,"NXS14713600HH1",2023-12-17,-2,1,2,99,-1,0,0,0,0,5,25,0,0,1,608011156,"7.12.4"
"C20658",2,"RRH12410596HH4",2023-07-16,-2,1,5,410,-1,1,0,1,0,5,25,1,0,4,608011156,"7.12.4"
"C20676",1,"NXS11315224HH1",2024-04-14,-2,1,2,99,-1,0,0,1,0,5,25,0,0,1,608011156,"7.12.4"
"C20679",2,"NXS15110600HH8",2023-07-16,-2,1,2,410,-1,0,0,0,0,3,25,1,1,1,608011156,"7.12.4"
"C20700",1,"NXS11010608HH1",2023-07-17,-2,1,2,302,-1,0,0,0,2,5,25,0,0,1,608011156,"7.12.4"
"C20706",1,"RRH13210672HH1",2023-07-26,-2,1,5,410,-1,0,0,0,2,237,24,0,0,4,608011156,"7.12.4"
"C20715",1,"NXS11314905HH1",2024-03-11,-2,1,2,312,196,0,1,1,2,5,55,0,0,1,608011156,"7.12.4"
"C20721",1,"NXS11610910HH1",2023-08-20,-2,1,2,98,-1,0,0,0,2,245,25,0,0,1,608011156,"7.12.4"
"C20730",1,"NXS14712518HH1",2023-11-08,-2,1,2,99,695,0,1,1,0,3,25,0,0,1,608011156,"7.12.4"
"C20736",1,"NBN10513897HH1",2023-12-27,-2,4,2,99,358,0,1,1,0,5,25,0,0,1,608011156,"7.12.4"
"C20739",1,"NXS10710895HH1",2023-08-20,-2,1,2,410,-1,0,0,1,1,5,25,0,0,1,608011156,"7.12.4"
"C20754",1,"RRH15310636HH1",2023-07-21,-2,1,5,410,-1,0,0,1,0,5,18,0,0,-1,608011156,"7.12.1"
"C20760",1,"RRH13213530HH1",2023-12-14,-2,3,5,410,-1,0,0,1,0,5,25,0,0,4,608011156,"7.12.4"
"C20766",1,"NXS13810673HH1",2023-07-26,-2,1,2,423,-1,0,0,1,0,5,24,0,0,1,608011156,"7.12.4"
"C20775",1,"NXS14711585HH1",2023-09-20,-2,5,2,116,89,0,1,1,0,5,24,0,0,1,608011156,"7.12.4"
"C20781",1,"RRH12310860HH1",2023-08-01,-2,5,5,410,194,1,0,1,2,345,55,0,0,7,608011156,"7.12.4"
"C20784",1,"NXS10914349HH1",2024-01-13,-2,1,2,422,604,0,4,0,0,346,25,0,0,1,608011156,"7.12.4"
"C20787",1,"RRH12210659HH1",2023-07-23,-2,1,5,410,-1,1,0,0,0,5,25,0,0,4,608011156,"7.12.4"
"C20790",2,"NXS11210680HH3",2023-07-27,-2,1,2,99,-1,0,4,0,1,3,25,1,0,1,608011156,"7.12.4"
"C20799",2,"RRH12410742HH3",2023-08-02,-2,1,5,410,-1,1,0,1,2,347,25,1,0,4,608011156,"7.12.4"
"C20811",1,"RRH12312353HH1",2023-11-01,-2,3,5,410,-1,1,0,1,0,5,25,0,0,4,608011156,"7.12.4"
"C20835",1,"RRH12310830HH1",2023-07-30,-2,5,5,410,582,1,0,0,0,3,25,0,0,6,608011156,"7.12.4"
"C20838",1,"NXS11310858HH1",2023-07-26,-2,5,2,420,711,0,0,1,0,5,25,0,0,1,608011156,"7.12.4"
"C20841",1,"RRH12310760HH1",2023-08-03,-2,1,5,410,-1,1,9,1,0,367,55,0,0,4,608011156,"7.12.4"
"C20877",1,"RRH12410699HH1",2023-07-29,-2,1,5,410,-1,1,0,1,0,5,55,0,0,4,608011156,"7.12.4"
"C20892",2,"NXS11010690HH4",2023-07-28,-2,1,2,312,92,0,0,1,3,5,25,1,1,1,608011156,"7.12.4"
"C20910",1,"RRH12115630HH1",2024-06-01,-2,1,7,116,61,0,1,1,0,5,25,0,0,4,608011156,"7.12.4"
"C20934",2,"NBN10510752HH4",2023-08-03,-2,1,2,99,-1,0,0,0,0,6,25,1,0,1,608011156,"7.12.4"
"C20943",1,"NXS11610759HH1",2023-08-03,-2,1,2,101,-1,0,0,1,0,5,55,0,0,1,608011156,"7.12.4"
"C20946",1,"RRH12310829HH1",2023-08-11,-2,1,5,410,-1,1,0,1,0,7,55,0,0,4,608011156,"7.12.4"
"C20958",1,"TRN10410722HH1",2023-07-31,-2,1,3,314,-1,0,0,1,0,5,25,0,0,2,608011156,"7.12.4"
"C20967",1,"NXS12711778HH1",2023-10-11,-2,1,2,313,-1,0,0,0,2,5,25,0,0,1,608011156,"7.12.4"
"C20970",1,"RRH12310814HH1",2023-08-09,-2,1,5,422,-1,1,0,1,0,5,25,0,0,4,608011156,"7.12.4"
"C20973",1,"RRH12310787HH1",2023-08-06,-2,1,5,410,-1,1,1,1,0,5,25,0,0,4,608011156,"7.12.4"
"C20979",1,"RRH12110750HH1",2023-08-03,-2,1,5,410,512,0,0,1,2,3,25,0,0,4,608011156,"7.12.4"
"C20982",1,"NXS11610798HH1",2023-08-07,-2,1,2,312,-1,0,0,0,0,56,55,0,0,1,608011156,"7.12.4"
"C20985",1,"NXS11310792HH1",2023-08-06,-2,1,2,410,-1,0,0,1,0,2,25,0,0,1,608011156,"7.12.4"
"C20988",1,"NXS11312856HH1",2023-11-18,-2,1,2,101,-1,0,1,1,0,5,25,0,0,1,608011156,"7.12.4"
"C21006",1,"NXS11314509HH1",2023-10-04,-2,5,2,116,189,0,1,1,0,5,25,0,0,1,608011156,"7.12.4"
"C21015",1,"RRH12311267HH1",2023-09-16,-2,1,5,422,-1,1,1,1,0,3,55,0,0,4,608011156,"7.12.4"
"C21021",1,"NXS11310810HH1",2023-08-09,-2,1,2,410,-1,0,0,1,0,1,25,0,0,1,608011156,"7.12.4"
"C21024",1,"RRH12114663HH1",2024-01-29,-2,1,5,410,149,0,0,0,0,5,25,0,0,5,608011156,"7.12.4"
"C21033",2,"NXS10311645HH3",2023-10-06,-2,1,2,410,-1,0,0,0,0,3,25,1,0,1,608011156,"7.12.4"
"C21042",1,"RRH12310882HH1",2023-08-19,-2,1,5,99,-1,1,9,1,0,5,55,0,0,4,608011156,"7.12.4"
"C21045",2,"NXS11410920HH4",2023-08-23,-2,1,2,101,-1,0,0,1,0,3,25,1,1,1,608011156,"7.12.4"
"C21066",1,"NXS11310808HH1",2023-08-08,-2,1,2,215,-1,0,0,1,0,3,55,0,0,1,608011156,"7.12.4"
"C21072",1,"RRH13314252HH1",2024-01-11,-2,1,5,101,641,1,1,1,0,56,55,0,0,4,608011156,"7.12.4"
"C21084",1,"NXS12712011HH1",2023-10-19,-2,1,2,116,-1,0,1,1,0,5,25,0,0,1,608011156,"7.12.4"
"C21087",1,"RRH12113019HH1",2023-11-25,-2,1,5,434,-1,0,0,1,0,56,55,0,0,4,608011156,"7.12.4"
"C21105",1,"NXS12910838HH1",2023-08-12,-2,1,2,99,-1,0,1,1,2,5,55,0,0,1,608011156,"7.12.4"
"C21108",1,"NXS10313116HH1",2023-11-30,-2,1,2,314,64,0,0,1,1,37,55,0,0,1,608011156,"7.12.4"
"C21123",1,"NBN10510847HH1",2023-08-14,-2,1,2,99,-1,0,1,1,0,56,55,0,0,1,608011156,"7.12.4"
"C21132",3,"NXS10611570HH1",2023-10-04,-2,1,2,313,-1,0,0,1,0,46,-1,0,0,1,608011156,"7.12.4"
"C21144",1,"NXS10615891HH1",2024-07-10,-2,1,2,313,-1,0,0,1,1,3,25,0,0,1,608011156,"7.12.4"
"C21153",1,"NXS10810867HH1",2023-08-17,-2,1,2,312,-1,0,0,1,0,5,25,0,0,1,608011156,"7.12.4"
"C21162",1,"NXS11315169HH1",2024-04-08,-2,1,2,422,299,0,4,0,0,56,25,0,0,1,608011156,"7.12.4"
"C21165",1,"NXS13811413HH1",2023-09-27,-2,1,2,118,-1,0,4,0,2,256,25,0,0,1,608011156,"7.12.4"
"C21171",1,"NXS11610775HH1",2023-08-04,-2,1,2,101,-1,0,0,1,0,98,55,0,0,1,608011156,"7.12.4"
"C21180",1,"NBN10510880HH1",2023-08-19,-2,1,2,99,-1,1,0,1,0,5,55,0,0,1,608011156,"7.12.4"
"C21183",1,"NBN10514100HH1",2024-01-05,-2,1,2,99,-1,0,0,1,0,15,55,0,0,1,608011156,"7.12.4"
"C21198",1,"NXS11610890HH1",2023-08-19,-2,1,2,99,-1,0,0,0,1,5,25,0,0,1,608011156,"7.12.4"
"C21201",1,"RRH14311158HH1",2023-09-08,-2,1,5,410,-1,1,0,0,0,5,55,0,0,4,608011156,"7.12.4"
"C21207",1,"NBN10510911HH1",2023-08-27,-2,1,2,99,-1,1,0,1,0,5,55,0,0,1,608011156,"7.12.4"
"C21210",1,"NXS14712414HH1",2023-11-04,-2,1,2,207,-1,0,4,0,0,5,25,0,0,1,608011156,"7.12.4"
"C21216",1,"NXS11010913HH1",2023-08-21,-2,1,2,410,-1,0,0,1,2,5,25,0,0,1,608011156,"7.12.4"
"C21234",1,"NXS11410967HH1",2023-08-26,-2,1,2,313,302,0,0,0,0,5,25,0,0,1,608011156,"7.12.4"
"C21246",1,"NXS11411878HH2",2023-10-14,-2,1,2,101,-1,0,0,1,0,5,25,1,0,1,608011156,"7.12.4"
"C21255",1,"NXS13514836HH1",2024-02-25,-2,1,2,99,617,0,1,1,0,125,25,0,0,1,608011156,"7.12.4"
"C21276",2,"RRH13211997HH5",2023-10-18,-2,1,5,410,-1,0,0,0,1,35,25,1,1,4,608011156,"7.12.4"
"C21288",1,"NBN10510981HH1",2023-08-29,-2,1,2,99,-1,0,0,0,1,3,25,0,0,1,608011156,"7.12.4"
"C21291",1,"NXS11410968HH1",2023-08-26,-2,1,2,410,-1,0,0,0,2,3,25,0,0,1,608011156,"7.12.4"
"C21309",1,"NXS11610953HH1",2023-08-25,-2,1,2,313,-1,0,0,0,0,5,25,0,0,1,608011156,"7.12.4"
"C21327",1,"TRN10414668HH1",2024-01-31,-2,4,3,302,-1,1,0,1,3,5,55,0,0,2,608011156,"7.12.4"
"C21342",1,"RRH12311162HH1",2023-08-27,-2,5,5,410,418,1,0,0,0,5,25,0,0,7,608011156,"7.12.4"
"C21348",1,"NXS11410980HH1",2023-08-29,-2,1,2,101,-1,0,0,0,0,5,25,0,0,1,608011156,"7.12.4"
"C21393",1,"NXS11310939HH1",2023-08-24,-2,1,2,422,361,0,0,1,0,3,25,0,0,1,608011156,"7.12.4"
"C21393",2,"NXS10214710HH3",2024-02-04,-2,1,2,313,-1,0,0,1,0,3,25,1,0,1,608011156,"7.12.4"
"C21396",1,"NXS11310945HH1",2023-08-25,-2,1,2,420,-1,0,0,1,2,56,55,0,0,1,608011156,"7.12.4"
"C21405",1,"NXS11313475HH1",2023-12-13,-2,1,2,313,-1,0,1,1,2,167,25,0,0,1,608011156,"7.12.4"
"C21408",1,"NXS15110971HH1",2023-08-27,-2,1,2,332,-1,0,0,1,0,5,25,0,0,1,608011156,"7.12.4"
"C21411",1,"NXS11310917HH1",2023-08-22,-2,1,2,420,-1,0,0,0,0,5,55,0,0,1,608011156,"7.12.4"
"C21423",1,"TRN10411003HH1",2023-08-31,-2,1,3,410,548,0,9,1,0,5,25,0,0,2,608011156,"7.12.4"
"C21426",1,"RRH15310941HH1",2023-08-24,-2,1,5,423,-1,0,1,1,0,5,24,0,0,4,608011156,"7.12.4"
"C21429",1,"RRH15311022HH1",2023-09-03,-2,1,5,420,-1,0,9,1,2,5,24,0,0,4,608011156,"7.12.4"
"C21441",1,"NXS11412595HH1",2023-11-10,-2,1,2,101,546,0,0,1,0,5,25,0,0,1,608011156,"7.12.4"
"C21456",1,"NXS12911056HH1",2023-09-03,-2,1,2,99,619,0,0,0,0,5,25,0,0,1,608011156,"7.12.4"
"C21459",1,"NBN10511014HH1",2023-09-04,-2,1,2,99,-1,0,0,0,0,3,24,0,0,1,608011156,"7.12.4"
"C21462",1,"NXS11411117HH1",2023-09-06,-2,1,2,410,-1,1,0,0,0,3,24,0,0,1,608011156,"7.12.4"
"C21537",1,"NXS10911023HH1",2023-09-03,-2,1,2,206,-1,0,0,1,0,46,55,0,0,1,608011156,"7.12.4"
"C21555",1,"NXS11411221HH1",2023-09-13,-2,1,2,313,348,0,0,0,0,5,25,0,0,1,608011156,"7.12.4"
"C21567",1,"NBN10511084HH1",2023-09-05,-2,1,2,99,421,0,0,1,0,3,25,0,0,1,608011156,"7.12.4"
"C21570",1,"NBN10511496HH1",2023-09-30,-2,5,2,99,66,0,4,0,0,3,25,0,0,1,608011156,"7.12.4"
"C21573",1,"RSO15211696HH1",2023-09-06,-2,5,9,410,499,0,0,1,0,5,25,0,0,1,608011156,"7.12.4"
"C21594",1,"RRH12111364HH2",2023-09-24,-2,1,7,99,-1,0,0,1,2,456,25,0,0,4,608011156,"7.12.4"
"C21603",1,"NXS11311099HH1",2023-09-06,-2,1,2,312,-1,0,0,1,0,5,25,0,0,1,608011156,"7.12.4"
"C21612",1,"NBN10511678HH1",2023-09-02,-2,5,2,99,501,0,0,0,0,3,25,0,0,1,608011156,"7.12.4"
"C21624",2,"NXS11011111HH5",2023-09-06,-2,1,2,420,-1,0,0,0,0,3,25,1,1,1,608011156,"7.12.4"
"C21639",1,"TRN14611857HH1",2023-10-14,-2,1,3,314,-1,1,0,1,0,3,55,0,0,2,608011156,"7.12.4"
"C21642",1,"NXS10911125HH1",2023-09-07,-2,1,2,205,-1,0,0,0,0,5,25,0,0,1,608011156,"7.12.4"
"C21651",1,"NXS11311634HH1",2023-09-06,-2,5,2,313,294,0,1,1,2,1,55,0,0,1,608011156,"7.12.4"
"C21663",2,"NXS11111514HH5",2023-10-02,-2,1,2,410,-1,0,0,1,0,56,25,1,0,1,608011156,"7.12.4"
"C21669",1,"NXS12911153HH1",2023-09-08,-2,1,2,99,-1,0,9,1,0,5,25,0,0,1,608011156,"7.12.4"
"C21708",1,"NXS11612886HH1",2023-11-19,-2,1,2,98,-1,0,0,0,0,1,25,0,0,1,608011156,"7.12.4"
"C21747",1,"NXS11411942HH1",2023-10-16,-2,1,2,313,437,0,0,0,2,5,25,0,0,1,608011156,"7.12.4"
"C21768",1,"NXS11011186HH1",2023-09-10,-2,1,2,422,-1,0,0,1,0,5,24,0,0,1,608011156,"7.12.4"
"C21771",1,"RRH12211271HH1",2023-09-17,-2,1,5,410,-1,1,0,1,0,5,55,0,0,4,608011156,"7.12.4"
"C21786",1,"NXS10911187HH1",2023-09-10,-2,1,2,423,-1,0,0,0,0,5,25,0,0,1,608011156,"7.12.4"
"C21789",1,"NXS10911188HH1",2023-09-10,-2,1,2,423,-1,0,1,1,0,5,55,0,0,1,608011156,"7.12.4"
"C21792",1,"NXS10911205HH1",2023-09-12,-2,1,2,440,-1,0,0,0,0,5,25,0,0,1,608011156,"7.12.4"
"C21801",1,"NXS11311165HH1",2023-09-09,-2,1,2,423,-1,0,4,0,0,56,25,0,0,1,608011156,"7.12.4"
"C21810",1,"NXS11611214HH2",2023-09-13,-2,1,2,312,-1,0,0,1,0,5,25,0,0,1,608011156,"7.12.4"
"C21816",1,"NXS12713241HH1",2023-12-04,-2,1,2,313,-1,0,1,1,2,5,25,0,0,1,608011156,"7.12.4"
"C21819",1,"NXS11311235HH1",2023-09-14,-2,1,2,410,-1,0,0,0,2,23,25,0,0,1,608011156,"7.12.4"
"C21822",1,"NXS11311236HH1",2023-09-14,-2,1,2,410,-1,0,6,1,0,5,25,0,0,1,608011156,"7.12.4"
"C21852",1,"TRN10411245HH1",2023-09-14,-2,1,3,98,-1,0,0,1,2,26,25,0,0,2,608011156,"7.12.4"
"C21855",1,"RRH12112685HH2",2023-11-12,-2,1,5,410,-1,0,4,0,1,5,25,0,0,4,608011156,"7.12.4"
"C21861",1,"NXS14711525HH1",2023-10-03,-2,1,2,99,-1,0,0,1,3,3,55,0,0,1,608011156,"7.12.4"
"C21864",1,"RRH12613171HH1",2023-12-02,-2,1,5,420,245,0,0,1,0,5,25,0,0,4,608011156,"7.12.4"
"C21867",1,"NXS11311229HH1",2023-09-14,-2,1,2,207,-1,0,0,0,2,3,25,0,0,1,608011156,"7.12.4"
"C21870",1,"NXS11311230HH1",2023-09-14,-2,1,2,101,-1,0,0,1,2,5,25,0,0,1,608011156,"7.12.4"
"C21873",1,"NXS11211232HH1",2023-09-14,-2,1,2,410,-1,0,0,1,2,35,25,0,0,1,608011156,"7.12.4"
"C21882",1,"NXS11311192HH1",2023-09-11,-2,1,2,422,-1,0,0,0,0,3,25,0,0,1,608011156,"7.12.4"
"C21885",1,"NXS12712059HH1",2023-10-05,-2,5,2,116,380,0,1,1,0,36,55,0,0,1,608011156,"7.12.4"
"C21888",1,"RRH12312065HH1",2023-09-17,-2,5,7,410,236,1,0,1,0,5,25,0,0,7,608011156,"7.12.4"
"C21891",1,"NXS10911264HH1",2023-09-16,-2,1,2,118,379,0,0,0,0,5,25,0,0,1,608011156,"7.12.4"
"C21897",1,"NXS11612772HH1",2023-09-16,-2,5,2,99,459,0,0,1,0,5,25,0,0,1,608011156,"7.12.4"
"C21903",1,"NXS11011890HH1",2023-10-15,-2,1,2,313,-1,0,0,1,2,5,25,0,0,1,608011156,"7.12.4"
"C21906",1,"NXS10611190HH1",2023-09-10,-2,1,2,422,583,0,0,1,1,1,25,0,0,1,608011156,"7.12.4"
"C21912",1,"NXS11314243HH1",2024-01-10,-2,1,2,410,-1,0,0,0,0,5,55,0,0,1,608011156,"7.12.4"
"C21921",1,"NXS11411296HH1",2023-09-20,-2,1,2,101,-1,0,0,0,0,5,25,0,0,1,608011156,"7.12.4"
"C21951",1,"NXS10611268HH1",2023-09-17,-2,1,2,420,301,0,0,1,0,3,55,0,0,1,608011156,"7.12.4"
"C21954",1,"NXS11211223HH1",2023-09-13,-2,1,2,99,52,0,0,1,2,57,25,0,0,1,608011156,"7.12.4"
"C21960",1,"TRN10411297HH1",2023-09-20,-2,1,3,410,627,0,0,1,0,5,24,0,0,2,608011156,"7.12.4"
"C21963",1,"RRH14312658HH1",2023-11-12,-2,1,5,410,-1,0,0,0,0,5,55,0,0,4,608011156,"7.12.4"
"C21966",1,"NXS11311262HH1",2023-09-16,-2,1,2,423,-1,0,0,1,0,5,55,0,0,1,608011156,"7.12.4"
"C21969",2,"NXS15111298HH3",2023-09-20,-2,1,2,312,-1,0,0,0,2,3,25,1,0,1,608011156,"7.12.4"
"C21978",1,"RRH15414482HH1",2024-01-20,-2,3,5,422,-1,0,9,1,0,15,25,0,0,5,608011156,"7.12.4"
"C21981",2,"RRH12113887HH6",2023-12-27,-2,1,5,423,-1,0,0,1,2,5,25,1,1,4,608011156,"7.12.4"
"C22005",1,"NXS12911331HH1",2023-09-22,-2,1,2,99,436,0,0,0,0,3,25,0,0,1,608011156,"7.12.4"
"C22008",1,"NXS11411877HH1",2023-10-14,-2,1,2,101,-1,0,0,1,0,5,25,0,0,1,608011156,"7.12.4"
"C22014",1,"NXS10611312HH1",2023-09-21,-2,1,2,99,477,0,0,0,0,3,25,0,0,1,608011156,"7.12.4"
"C22017",2,"RRH12113506HH6",2023-12-14,-2,1,5,431,-1,0,1,1,0,125,25,1,1,4,608011156,"7.12.4"
"C22047",1,"NBN10511348HH1",2023-09-24,-2,1,2,99,621,0,0,0,0,5,25,0,0,1,608011156,"7.12.4"
"C22068",2,"NXS11111060HH3",2023-09-04,-2,1,2,410,-1,0,0,0,2,5,25,1,0,1,608011156,"7.12.4"
"C22077",1,"RRH13113996HH1",2024-01-02,-2,1,5,410,-1,0,0,1,2,136,25,0,0,4,608011156,"7.12.4"
"C22080",1,"RRH13214782HH1",2024-02-14,-2,1,5,422,-1,0,1,1,0,5,25,0,0,4,608011156,"7.12.4"
"C22083",1,"NXS12712173HH1",2023-10-05,-2,5,2,116,21,0,4,0,0,3,25,0,0,1,608011156,"7.12.4"
"C22095",1,"NXS11315100HH1",2024-04-04,-2,1,2,99,139,0,4,0,2,137,55,0,0,1,608011156,"7.12.4"
"C22116",1,"NXS11611374HH1",2023-09-24,-2,1,2,314,-1,0,0,1,0,5,55,0,0,1,608011156,"7.12.4"
"C22119",1,"NXS11611377HH1",2023-09-25,-2,1,2,410,578,0,0,1,0,146,25,0,0,1,608011156,"7.12.4"
"C22122",1,"NBN10512743HH2",2023-11-26,-2,1,2,99,-1,0,0,0,0,3,18,0,0,1,608011156,"7.12.4"
"C22122",2,"NBN10512400HH2",2023-11-01,-2,5,2,312,432,0,0,0,0,3,18,1,0,1,608011156,"7.12.4"
"C22128",1,"RRH12311773HH1",2023-10-11,-2,1,5,410,-1,1,0,1,0,5,25,0,0,4,608011156,"7.12.4"
"C22140",1,"RRH12311581HH1",2023-10-04,-2,1,5,410,-1,1,0,0,0,3,24,0,0,4,608011156,"7.12.4"
"C22149",1,"NXS10611438HH1",2023-09-28,-2,1,2,205,-1,1,0,1,0,5,25,0,0,1,608011156,"7.12.4"
"C22152",1,"NXS10611337HH1",2023-09-22,-2,1,2,420,49,0,0,1,0,3,25,0,0,1,608011156,"7.12.4"
"C22161",1,"TRN10411407HH1",2023-09-27,-2,1,3,98,-1,0,0,1,0,5,25,0,0,2,608011156,"7.12.4"
"C22167",1,"NXS10911403HH1",2023-09-26,-2,1,2,423,-1,0,0,1,0,5,55,0,0,1,608011156,"7.12.4"
"C22170",1,"RRH13213282HH1",2023-12-06,-2,1,5,410,-1,0,0,0,0,3,25,0,0,4,608011156,"7.12.4"
"C22182",1,"NXS10211338HH2",2023-09-23,-2,1,2,431,-1,0,1,1,2,5,25,0,0,1,608011156,"7.12.4"
"C22194",1,"NBN10513571HH1",2023-12-16,-2,1,2,99,-1,0,0,0,0,3,25,0,0,1,608011156,"7.12.4"
"C22197",1,"NBN10511495HH1",2023-09-30,-2,1,2,99,-1,0,0,0,0,56,25,0,0,1,608011156,"7.12.4"
"C22200",1,"RRH13214613HH1",2024-01-25,-2,1,5,423,-1,0,6,1,2,237,25,0,0,4,608011156,"7.12.4"
"C22203",1,"NXS13811518HH1",2023-10-02,-2,1,2,422,-1,0,4,0,0,5,25,0,0,1,608011156,"7.12.4"
"C22206",1,"NXS10911521HH1",2023-10-03,-2,1,2,440,-1,0,0,1,0,5,25,0,0,1,608011156,"7.12.4"
"C22212",1,"NBN10511918HH1",2023-10-17,-2,1,2,99,-1,0,0,1,0,5,25,0,0,1,608011156,"7.12.4"
"C22224",1,"NXS10611386HH1",2023-09-26,-2,1,2,314,330,0,0,1,0,5,25,0,0,1,608011156,"7.12.4"
"C22227",1,"NXS12712555HH1",2023-11-09,-2,1,2,116,-1,0,1,1,0,5,25,0,0,1,608011156,"7.12.4"
"C22230",1,"NXS11311819HH1",2023-10-13,-2,1,2,410,-1,0,0,1,0,246,25,0,0,1,608011156,"7.12.4"
"C22239",1,"NXS10611467HH1",2023-09-29,-2,1,2,98,-1,0,0,1,0,247,24,0,0,1,608011156,"7.12.4"
"C22251",1,"RRH12112871HH1",2023-11-19,-2,1,5,410,-1,0,1,1,2,5,25,0,0,4,608011156,"7.12.4"
"C22254",1,"RRH12113902HH1",2023-12-28,-2,1,5,422,-1,0,0,1,0,256,25,0,0,4,608011156,"7.12.4"
"C22257",2,"NBN10511567HH3",2023-10-07,-2,1,2,99,-1,0,0,0,0,3,24,1,0,1,608011156,"7.12.4"
"C22266",2,"NXS10211629HH3",2023-10-06,-2,1,2,423,-1,0,0,1,1,257,25,1,0,1,608011156,"7.12.4"
"C22278",1,"NXS11314506HH1",2024-01-21,-2,1,2,313,-1,0,0,1,2,5,55,0,0,1,608011156,"7.12.4"
"C22296",2,"NXS10213363HH3",2023-12-08,-2,1,2,314,206,0,0,1,2,5,25,1,0,1,608011156,"7.12.4"
"C22311",2,"NXS11411605HH7",2023-10-05,-2,1,2,422,-1,0,0,1,2,3,25,1,1,1,608011156,"7.12.4"
"C22332",1,"NXS11011603HH1",2023-10-05,-2,1,2,313,-1,0,0,1,0,5,18,0,0,1,608011156,"7.12.4"
"C22338",1,"NBN10511680HH1",2023-10-08,-2,1,2,99,-1,0,0,0,0,356,25,0,0,1,608011156,"7.12.4"
"C22341",1,"NBN10511635HH1",2023-10-09,-2,1,2,99,-1,0,0,1,0,5,55,0,0,1,608011156,"7.12.4"
"C22344",1,"NXS10613687HH1",2023-12-21,-2,1,2,420,687,0,0,0,0,357,25,0,0,1,608011156,"7.12.4"
"C22347",1,"NXS12711845HH1",2023-10-05,-2,5,2,116,630,0,4,0,0,5,25,0,0,1,608011156,"7.12.4"
"C22350",2,"NXS10211625HH4",2023-10-06,-2,1,2,101,-1,0,0,0,0,3,25,1,0,1,608011156,"7.12.4"
"C22371",1,"NXS12711559HH1",2023-10-04,-2,1,2,116,-1,0,0,0,0,5,55,0,0,1,608011156,"7.12.4"
"C22374",1,"NXS10911652HH1",2023-10-07,-2,1,2,422,30,0,0,0,1,5,25,0,0,1,608011156,"7.12.4"
"C22377",1,"NXS14711662HH1",2023-10-07,-2,1,2,423,-1,0,0,0,0,3,25,0,0,1,608011156,"7.12.4"
"C22380",1,"NXS11412040HH1",2023-10-20,-2,1,2,313,-1,0,0,0,0,5,25,0,0,1,608011156,"7.12.4"
"C22383",1,"NXS14711560HH1",2023-10-04,-2,1,2,410,394,0,4,0,2,457,25,0,0,1,608011156,"7.12.4"
"C22389",2,"NBN10512788HH5",2023-11-16,-2,1,2,99,-1,0,0,0,0,3,25,1,1,1,608011156,"7.12.4"
"C22401",1,"NBN10511139HH1",2023-09-08,-2,1,2,99,-1,0,4,0,0,567,55,0,0,1,608011156,"7.12.4"
"C22404",1,"NXS11611714HH1",2023-10-09,-2,1,2,207,-1,0,0,1,0,3,25,0,0,1,608011156,"7.12.4"
"C22407",1,"NXS10311650HH1",2023-10-07,-2,1,2,423,-1,0,0,1,1,5,55,0,0,1,608011156,"7.12.4"
"C22410",2,"RRH12211770HH3",2023-10-11,-2,1,5,410,-1,1,0,0,0,5,25,1,0,4,608011156,"7.12.4"
"C22419",1,"NXS14711754HH1",2023-10-11,-2,1,2,410,377,0,0,1,0,1,25,0,0,1,608011156,"7.12.4"
"C22422",1,"NXS14711755HH1",2023-10-11,-2,1,2,410,-1,0,0,1,0,15,25,0,0,1,608011156,"7.12.4"
"C22467",1,"RRH12311814HH1",2023-10-12,-2,1,5,410,-1,1,1,1,2,5,55,0,0,4,608011156,"7.12.4"
"C22470",1,"NBN10511941HH1",2023-10-17,-2,1,2,206,-1,0,0,1,0,5,25,0,0,1,608011156,"7.12.4"
"C22473",1,"NXS12713741HH1",2023-12-23,-2,1,2,313,-1,0,1,1,0,5,55,0,0,1,608011156,"7.12.4"
"C22479",1,"NXS10214476HH1",2024-01-20,-2,1,2,101,-1,0,0,0,0,3,25,0,0,1,608011156,"7.12.4"
"C22482",3,"NXS14711765HH1",2023-10-11,-2,1,2,99,-1,0,4,0,0,5,-1,0,0,1,608011156,"7.12.4"
"C22485",1,"NXS11011651HH1",2023-10-07,-2,1,2,422,-1,0,0,0,0,4,25,0,0,1,608011156,"7.12.4"
"C22491",1,"NXS11311818HH1",2023-10-13,-2,1,2,207,-1,0,0,1,2,3,25,0,0,1,608011156,"7.12.4"
"C22494",1,"NXS11311768HH1",2023-10-11,-2,1,2,101,625,0,0,1,0,5,55,0,0,1,608011156,"7.12.4"
"C22497",1,"NXS14711894HH1",2023-10-15,-2,1,2,99,-1,0,0,1,0,3,25,0,0,1,608011156,"7.12.4"
"C22500",1,"NBN10511785HH1",2023-10-14,-2,1,2,99,-1,1,0,0,0,5,55,0,0,1,608011156,"7.12.4"
"C22503",1,"NXS10611769HH1",2023-10-11,-2,1,2,419,-1,0,9,1,0,3,25,0,0,1,608011156,"7.12.4"
"C22506",1,"NXS11612420HH1",2023-11-04,-2,1,2,422,-1,0,0,1,0,5,24,0,0,1,608011156,"7.12.4"
"C22509",1,"NXS11311720HH1",2023-10-10,-2,1,2,312,-1,0,0,1,0,5,25,0,0,1,608011156,"7.12.4"
"C22512",1,"NXS14711841HH1",2023-10-13,-2,1,2,410,-1,0,0,0,0,13,25,0,0,1,608011156,"7.12.4"
"C22515",1,"NXS11013787HH1",2023-12-24,-2,1,2,423,518,0,0,1,2,5,25,0,0,1,608011156,"7.12.4"
"C22518",2,"NXS10211872HH5",2023-10-14,-2,1,2,420,574,0,0,0,0,3,25,1,1,1,608011156,"7.12.4"
"C22521",1,"NXS11312264HH1",2023-10-28,-2,5,2,312,39,0,0,0,1,3,25,0,0,1,608011156,"7.12.4"
"C22533",1,"NXS10611795HH1",2023-10-12,-2,1,2,419,-1,1,9,1,0,5,25,0,0,1,608011156,"7.12.4"
"C22536",1,"NXS11011881HH1",2023-10-14,-2,1,2,423,-1,0,0,0,2,5,25,0,0,1,608011156,"7.12.4"
"C22539",2,"NXS10211886HH4",2023-10-15,-2,1,2,313,243,0,0,0,2,3,25,1,1,1,608011156,"7.12.4"
"C22551",1,"NXS13514016HH1",2024-01-03,-2,1,2,99,-1,0,9,1,0,5,55,0,0,1,608011156,"7.12.4"
"C22557",1,"NXS11611899HH1",2023-10-15,-2,1,2,206,-1,0,0,1,2,5,25,0,0,1,608011156,"7.12.4"
"C22590",1,"NXS12712261HH1",2023-10-16,-2,5,2,313,160,0,4,0,2,5,25,0,0,1,608011156,"7.12.4"
"C22593",1,"NXS12712107HH1",2023-10-22,-2,1,2,312,-1,0,0,0,0,24,25,0,0,1,608011156,"7.12.4"
"C22596",1,"NBN10512324HH1",2023-11-01,-2,1,2,99,-1,1,1,1,0,5,55,0,0,1,608011156,"7.12.4"
"C22599",1,"NXS12711847HH1",2023-10-13,-2,1,2,101,-1,0,4,0,0,3,24,0,0,1,608011156,"7.12.4"
"C22602",2,"NXS15111920HH3",2023-10-16,-2,1,2,312,-1,0,0,0,0,3,24,1,0,1,608011156,"7.12.4"
"C22611",1,"NBN10511971HH1",2023-10-19,-2,1,2,99,-1,0,4,0,0,3,24,0,0,1,608011156,"7.12.4"
"C22614",1,"RRH12312031HH1",2023-10-19,-2,1,5,99,-1,1,0,1,1,56,55,0,0,4,608011156,"7.12.4"
"C22620",1,"NXS11612002HH1",2023-10-18,-2,1,2,99,-1,1,0,1,2,26,25,0,0,1,608011156,"7.12.4"
"C22623",1,"NXS10611777HH1",2023-10-11,-2,1,2,204,-1,0,0,0,2,156,25,0,0,1,608011156,"7.12.4"
"C22626",1,"NXS10611775HH1",2023-10-11,-2,1,2,419,-1,1,0,1,0,5,25,0,0,1,608011156,"7.12.4"
"C22629",1,"NXS11211844HH1",2023-10-13,-2,1,2,98,-1,0,0,1,2,5,55,0,0,1,608011156,"7.12.4"
"C22632",1,"RRH12312039HH1",2023-10-20,-2,1,5,410,-1,1,1,1,0,5,25,0,0,4,608011156,"7.12.4"
"C22641",1,"NXS11612732HH1",2023-11-15,-2,1,2,99,-1,1,0,1,0,37,25,0,0,1,608011156,"7.12.4"
"C22647",1,"NXS10813377HH1",2023-12-09,-2,1,2,98,-1,1,0,1,0,5,55,0,0,1,608011156,"7.12.4"
"C22650",1,"NXS15112064HH1",2023-10-21,-2,1,2,99,-1,0,0,1,0,5,24,0,0,1,608011156,"7.12.4"
"C22653",1,"NXS10912066HH1",2023-10-21,-2,1,2,423,-1,0,0,1,2,46,18,0,0,1,608011156,"7.12.4"
"C22656",1,"HAV13715497HH1",2024-05-18,-2,1,4,116,-1,1,0,1,0,5,25,0,0,1,608011156,"7.12.4"
"C22659",1,"NXS10812060HH1",2023-10-21,-2,1,2,423,311,0,4,0,0,5,55,0,0,1,608011156,"7.12.4"
"C22662",1,"RRH12312265HH1",2023-10-29,-2,1,5,420,-1,1,1,1,0,5,55,0,0,4,608011156,"7.12.4"
"C22665",1,"NXS11314927HH1",2024-03-11,-2,1,2,116,177,0,4,0,0,47,55,0,0,1,608011156,"7.12.4"
"C22671",1,"NXS11312383HH1",2023-11-02,-2,1,2,410,-1,0,0,0,0,3,55,0,0,1,608011156,"7.12.4"
"C22677",2,"NXS13812097HH6",2023-10-22,-2,1,2,420,-1,1,0,0,0,5,25,1,1,1,608011156,"7.12.4"
"C22692",1,"NXS11312102HH1",2023-10-22,-2,1,2,312,-1,0,0,1,0,56,55,0,0,1,608011156,"7.12.4"
"C22695",1,"RRH13214170HH1",2024-01-07,-2,1,5,410,-1,0,0,1,0,3,55,0,0,4,608011156,"7.12.4"
"C22704",1,"NXS10912483HH1",2023-10-12,-2,5,2,101,32,0,1,1,0,5,25,0,0,1,608011156,"7.12.4"
"C22707",1,"RRH13215260HH1",2024-04-18,-2,3,5,410,-1,0,0,1,0,3,25,0,0,4,608011156,"7.12.4"
"C22710",1,"NXS12712648HH1",2023-11-12,-2,1,2,116,329,1,0,0,0,35,25,0,0,1,608011156,"7.12.4"
"C22713",2,"RRH14312833HH2",2023-11-17,-2,1,5,99,569,0,1,1,2,5,25,1,0,4,608011156,"7.12.4"
"C22725",2,"NXS10212178HH11",2023-10-25,-2,1,2,411,-1,0,0,1,0,136,25,1,1,1,608011156,"7.12.4"
"C22758",1,"RRH15312092HH1",2023-10-22,-2,1,5,422,-1,0,1,1,1,3,24,0,0,4,608011156,"7.12.4"
"C22761",1,"NXS10612191HH1",2023-10-26,-2,1,2,98,-1,0,0,0,2,5,25,0,0,1,608011156,"7.12.4"
"C22764",1,"NXS14712253HH1",2023-10-28,-2,1,2,313,-1,0,1,1,0,124,25,0,0,1,608011156,"7.12.4"
"C22767",1,"NXS11612256HH1",2023-10-28,-2,1,2,313,-1,0,0,1,2,3,55,0,0,1,608011156,"7.12.4"
"C22770",1,"NXS11612212HH1",2023-10-27,-2,1,2,101,-1,0,0,1,1,5,25,0,0,1,608011156,"7.12.4"
"C22773",1,"RRH13212800HH1",2023-10-28,-2,5,7,206,635,0,1,1,0,126,55,0,0,5,608011156,"7.12.4"
"C22779",1,"RRH13212787HH1",2023-11-16,-2,1,5,410,-1,0,0,1,0,5,25,0,0,4,608011156,"7.12.4"
"C22785",1,"NBN10512896HH1",2023-11-21,-2,1,2,99,407,0,4,0,0,2,25,0,0,1,608011156,"7.12.4"
"C22788",1,"NBN10512174HH1",2023-10-26,-2,1,2,99,-1,1,0,0,0,5,55,0,0,1,608011156,"7.12.4"
"C22791",1,"NXS14712175HH1",2023-10-25,-2,1,2,99,-1,0,1,1,1,5,55,0,0,1,608011156,"7.12.4"
"C22797",1,"NXS11611516HH1",2023-10-02,-2,1,2,312,434,0,0,1,0,5,55,0,0,1,608011156,"7.12.4"
"C22800",1,"NXS11611780HH1",2023-10-11,-2,1,2,99,-1,0,1,1,2,134,25,0,0,1,608011156,"7.12.4"
"C22809",1,"NBN10512392HH1",2023-11-08,-2,1,2,99,-1,0,0,0,0,3,25,0,0,1,608011156,"7.12.4"
"C22812",1,"NXS11312799HH1",2023-11-17,-2,1,2,410,-1,0,1,1,1,5,25,0,0,1,608011156,"7.12.4"
"C22818",1,"NXS11312232HH1",2023-10-28,-2,1,2,312,-1,0,0,1,0,3,25,0,0,1,608011156,"7.12.4"
"C22836",1,"NXS11612388HH1",2023-11-03,-2,1,2,313,-1,0,1,1,1,5,25,0,0,1,608011156,"7.12.4"
"C22839",1,"NXS12712390HH1",2023-11-03,-2,1,2,116,-1,0,0,1,0,145,25,0,0,1,608011156,"7.12.4"
"C22842",2,"NXS10612386HH2",2023-11-02,-2,1,2,313,-1,0,0,1,2,5,24,1,0,1,608011156,"7.12.4"
"C22848",1,"NXS11314622HH1",2023-10-29,-2,5,2,312,221,0,1,1,0,3,25,0,0,1,608011156,"7.12.4"
"C22869",1,"NXS11012037HH1",2023-10-19,-2,1,2,423,-1,0,0,1,0,5,24,0,0,1,608011156,"7.12.4"
"C22872",1,"RRH12212405HH1",2023-11-04,-2,1,7,99,131,1,1,1,0,5,55,0,0,4,608011156,"7.12.4"
"C22875",1,"RRH13213081HH1",2023-11-29,-2,1,7,207,-1,0,1,1,0,3,25,0,0,4,608011156,"7.12.4"
"C22878",1,"NXS11312419HH1",2023-11-02,-2,5,2,99,664,0,0,1,0,5,25,0,0,1,608011156,"7.12.4"
"C22881",1,"NXS14712422HH1",2023-11-04,-2,1,2,99,-1,0,0,0,2,3,55,0,0,1,608011156,"7.12.4"
"C22887",1,"NXS14712393HH1",2023-11-03,-2,1,2,101,435,0,1,1,0,5,25,0,0,1,608011156,"7.12.4"
"C22890",1,"NXS12712379HH1",2023-11-02,-2,1,2,116,-1,0,0,1,2,1,55,0,0,1,608011156,"7.12.4"
"C22896",1,"NXS12713809HH1",2023-12-25,-2,1,2,410,-1,0,4,0,0,56,55,0,0,1,608011156,"7.12.4"
"C22911",2,"NXS11012480HH3",2023-11-06,-2,1,2,423,-1,0,0,0,0,3,25,1,0,1,608011156,"7.12.4"
"C22944",2,"NXS10212540HH3",2023-11-09,-2,1,2,314,-1,0,0,1,1,3,25,1,0,1,608011156,"7.12.4"
"C22956",1,"NXS14712516HH1",2023-11-08,-2,1,2,314,-1,0,0,1,2,5,25,0,0,1,608011156,"7.12.4"
"C22962",1,"NXS10612387HH1",2023-11-03,-2,1,2,98,-1,0,0,1,2,3,25,0,0,1,608011156,"7.12.4"
"C22965",1,"NXS14712441HH1",2023-11-05,-2,1,2,99,-1,0,0,0,0,5,24,0,0,1,608011156,"7.12.4"
"C22968",1,"NXS14712430HH1",2023-11-04,-2,1,2,99,-1,0,0,0,0,13,55,0,0,1,608011156,"7.12.4"
"C22971",1,"NXS14712439HH1",2023-11-05,-2,1,2,99,318,0,9,0,0,3,25,0,0,1,608011156,"7.12.4"
"C22974",1,"NXS10612431HH1",2023-11-04,-2,1,2,101,-1,0,0,0,2,3,24,0,0,1,608011156,"7.12.4"
"C22980",1,"NXS11612548HH1",2023-11-09,-2,1,2,101,-1,0,4,0,0,5,25,0,0,1,608011156,"7.12.4"
"C22983",1,"NXS11314070HH1",2024-01-04,-2,1,2,205,-1,0,0,0,0,5,25,0,0,1,608011156,"7.12.4"
"C22989",2,"RRH13212588HH5",2023-11-10,-2,1,5,433,-1,0,0,0,1,257,25,1,1,4,608011156,"7.12.4"
"C23004",2,"NXS11012503HH5",2023-11-08,-2,1,2,420,-1,0,0,1,0,267,25,1,1,1,608011156,"7.12.4"
"C23022",1,"NBN10513105HH1",2023-12-04,-2,1,2,99,-1,0,4,0,0,3,25,0,0,1,608011156,"7.12.4"
"C23025",2,"NXS10612575HH3",2023-11-09,-2,1,2,420,-1,0,0,0,0,3,25,1,0,1,608011156,"7.12.4"
"C23034",1,"NXS14712586HH1",2023-11-10,-2,1,2,24,-1,0,0,0,2,346,25,0,0,1,608011156,"7.12.4"
"C23037",1,"NXS11314825HH1",2024-02-21,-2,1,2,314,247,0,0,0,0,3,25,0,0,1,608011156,"7.12.4"
"C23040",1,"NXS14712622HH1",2023-11-10,-2,1,2,101,-1,0,0,1,3,5,55,0,0,1,608011156,"7.12.4"
"C23043",1,"NXS11314322HH1",2024-01-13,-2,4,2,313,80,0,0,1,0,3,25,0,0,1,608011156,"7.12.4"
"C23046",1,"NXS11314404HH1",2024-01-16,-2,1,2,99,-1,0,0,0,0,2,25,0,0,1,608011156,"7.12.4"
"C23052",1,"NXS11612644HH1",2023-11-11,-2,1,2,313,-1,0,1,1,2,15,25,0,0,1,608011156,"7.12.4"
"C23076",1,"NXS12712837HH1",2023-11-18,-2,1,2,314,-1,0,0,1,0,5,25,0,0,1,608011156,"7.12.4"
"C23079",1,"NXS11312864HH1",2023-11-18,-2,1,2,410,-1,0,0,1,0,5,25,0,0,1,608011156,"7.12.4"
"C23082",1,"NXS15112688HH1",2023-11-12,-2,1,2,431,321,0,0,1,2,5,25,0,0,1,608011156,"7.12.4"
"C23100",1,"RRH12313155HH1",2023-12-01,-2,1,5,434,-1,1,9,1,0,457,55,0,0,4,608011156,"7.12.4"
"C23106",1,"RRH13213182HH2",2023-12-02,-2,1,5,410,-1,0,0,0,0,3,55,0,0,4,608011156,"7.12.4"
"C23133",1,"NXS11212660HH1",2023-11-12,-2,1,2,101,-1,0,0,1,2,5,18,0,0,1,608011156,"7.12.4"
"C23136",2,"NXS11212662HH3",2023-11-12,-2,1,2,99,-1,0,0,0,0,5,24,1,0,1,608011156,"7.12.4"
"C23139",99,"NXS11212583HH1",2023-11-10,-2,1,2,410,-1,0,9,0,0,4,-1,0,0,1,608011156,"7.12.4"
"C23151",1,"NXS10812697HH1",2023-11-13,-2,1,2,422,-1,0,0,1,0,5,25,0,0,1,608011156,"7.12.4"
"C23154",1,"NXS11314035HH1",2024-01-03,-2,1,2,312,270,0,1,1,2,56,18,0,0,1,608011156,"7.12.4"
"C23157",1,"NXS14714115HH1",2024-01-06,-2,4,2,99,622,1,4,0,0,5,25,0,0,1,608011156,"7.12.4"
"C23166",1,"RRH13214043HH1",2024-01-03,-2,1,5,410,-1,0,0,1,0,6,25,0,0,4,608011156,"7.12.4"
"C23175",1,"NXS10212521HH1",2023-11-08,-2,1,2,410,-1,0,9,1,2,3,55,0,0,1,608011156,"7.12.4"
"C23178",1,"NXS11314320HH1",2023-11-18,-2,5,2,312,156,0,4,0,0,5,25,0,0,1,608011156,"7.12.4"
"C23181",2,"NXS10212827HH4",2023-11-17,-2,1,2,410,-1,0,0,0,2,5,25,1,1,1,608011156,"7.12.4"
"C23196",1,"NBN10512947HH1",2023-11-22,-2,1,2,99,-1,0,0,1,1,5,18,0,0,1,608011156,"7.12.4"
"C23202",2,"NXS15112666HH2",2023-11-12,-2,1,2,434,-1,0,9,1,2,5,25,1,0,1,608011156,"7.12.4"
"C23208",1,"NXS10912842HH1",2023-11-18,-2,1,2,101,-1,1,0,0,0,56,25,0,0,1,608011156,"7.12.4"
"C23214",1,"NXS11312770HH1",2023-11-16,-2,1,2,313,-1,0,0,1,1,5,25,0,0,1,608011156,"7.12.4"
"C23214",2,"NXS10214797HH4",2024-02-16,-2,1,2,313,-1,0,0,1,1,5,25,1,0,1,608011156,"7.12.4"
"C23217",1,"NXS11613647HH1",2023-12-19,-2,1,2,99,-1,0,0,0,0,14,25,0,0,1,608011156,"7.12.4"
"C23229",2,"NXS11412894HH3",2023-11-20,-2,1,2,312,-1,0,0,0,0,3,25,1,0,1,608011156,"7.12.4"
"C23235",1,"NBN10516029HH1",2024-07-24,-2,1,2,99,-1,0,0,1,0,5,25,0,0,1,608011156,"7.12.4"
"C23238",1,"NXS11612889HH1",2023-11-20,-2,1,2,312,-1,0,0,0,0,35,24,0,0,1,608011156,"7.12.4"
"C23241",1,"NXS12712670HH1",2023-11-12,-2,1,2,116,-1,0,0,1,0,98,25,0,0,1,608011156,"7.12.4"
"C23244",1,"NXS12713051HH1",2023-11-27,-2,1,2,313,-1,0,0,0,0,17,25,0,0,1,608011156,"7.12.4"
"C23247",1,"NXS10914256HH1",2024-01-11,-2,1,2,422,-1,0,0,1,0,5,55,0,0,1,608011156,"7.12.4"
"C23250",1,"NXS15112866HH1",2023-11-18,-2,1,2,410,146,0,0,1,2,5,25,0,0,1,608011156,"7.12.4"
"C23259",1,"NXS11612964HH1",2023-11-23,-2,1,2,99,-1,0,0,0,2,24,25,0,0,1,608011156,"7.12.4"
"C23262",1,"NXS15112965HH1",2023-11-23,-2,1,2,313,-1,0,0,1,2,5,25,0,0,1,608011156,"7.12.4"
"C23265",1,"RSO15214639HH1",2024-01-28,-2,1,9,431,-1,0,0,0,0,5,25,0,0,12,608011156,"7.12.4"
"C23271",1,"NXS10715402HH1",2024-05-03,-2,1,2,98,-1,0,0,1,0,5,25,0,0,1,608011156,"7.12.4"
"C23274",3,"NXS12912962HH1",2023-11-23,-2,1,2,99,-1,0,0,0,0,5,-1,0,0,1,608011156,"7.12.4"
"C23280",1,"NXS11413120HH1",2023-11-30,-2,1,2,101,-1,0,4,0,0,5,25,0,0,1,608011156,"7.12.4"
"C23295",1,"NXS10612796HH1",2023-11-17,-2,1,2,422,-1,0,0,1,2,5,55,0,0,1,608011156,"7.12.4"
"C23298",1,"NBN10512795HH1",2023-11-26,-2,1,2,99,-1,0,0,0,0,3,55,0,0,1,608011156,"7.12.4"
"C23301",1,"NBN10513561HH1",2023-12-15,-2,1,2,313,-1,0,0,1,0,5,25,0,0,1,608011156,"7.12.4"
"C23304",1,"RRH12313321HH1",2023-12-07,-2,1,5,422,-1,1,9,1,0,3,25,0,0,4,608011156,"7.12.4"
"C23307",1,"NXS11613026HH1",2023-11-26,-2,1,2,312,-1,0,0,1,2,5,25,0,0,1,608011156,"7.12.4"
"C23313",1,"TRN10413027HH1",2023-11-26,-2,1,3,98,-1,0,0,1,0,5,25,0,0,2,608011156,"7.12.4"
"C23325",1,"NXS11613072HH1",2023-11-28,-2,1,2,99,670,0,4,0,0,5,25,0,0,1,608011156,"7.12.4"
"C23328",1,"NXS11613030HH1",2023-11-26,-2,1,2,101,-1,0,1,1,2,37,25,0,0,1,608011156,"7.12.4"
"C23337",1,"HAV13713157HH1",2023-12-01,-2,1,4,410,-1,1,0,1,0,5,25,0,0,1,608011156,"7.12.4"
"C23340",1,"NXS11115298HH1",2024-04-22,-2,1,2,101,143,0,1,1,2,5,25,0,0,1,608011156,"7.12.4"
"C23343",1,"NBN10513085HH1",2023-11-29,-2,1,2,99,-1,0,0,0,0,3,24,0,0,1,608011156,"7.12.4"
"C23346",1,"NBN10513086HH1",2023-11-29,-2,1,2,99,-1,0,0,1,0,46,55,0,0,1,608011156,"7.12.4"
"C23349",1,"NBN10512948HH1",2023-11-24,-2,1,2,99,-1,0,0,0,0,3,25,0,0,1,608011156,"7.12.4"
"C23352",1,"NXS11313194HH1",2023-12-03,-2,1,2,410,-1,0,0,1,0,5,55,0,0,1,608011156,"7.12.4"
"C23355",1,"TRN10414297HH1",2024-01-12,-2,1,3,99,-1,0,0,1,0,5,25,0,0,2,608011156,"7.12.4"
"C23358",1,"NXS11413295HH1",2023-12-07,-2,1,2,314,-1,0,0,1,0,3,25,0,0,1,608011156,"7.12.4"
"C23361",2,"NXS10212515HH3",2023-11-08,-2,1,2,410,602,0,0,0,0,47,25,1,0,1,608011156,"7.12.4"
"C23367",1,"NXS14713217HH1",2023-12-03,-2,1,2,99,-1,0,6,1,0,5,25,0,0,1,608011156,"7.12.4"
"C23370",1,"NXS10612972HH1",2023-11-24,-2,1,2,420,-1,0,0,1,1,56,18,0,0,1,608011156,"7.12.4"
"C23373",1,"NXS11413121HH1",2023-11-30,-2,1,2,422,-1,0,0,1,0,5,25,0,0,1,608011156,"7.12.4"
"C23376",3,"TRN11715734HH1",2024-06-20,-2,1,3,99,-1,0,9,1,0,5,-1,0,0,2,608011156,"7.12.4"
"C23379",1,"RRH12313592HH1",2023-12-16,-2,1,5,410,41,1,9,1,2,5,55,0,0,4,608011156,"7.12.4"
"C23382",1,"NXS10613102HH1",2023-11-29,-2,1,2,420,-1,0,0,0,0,5,55,0,0,1,608011156,"7.12.4"
"C23385",2,"NXS10613020HH3",2023-11-25,-2,1,2,420,-1,0,0,0,1,3,25,1,0,1,608011156,"7.12.4"
"C23400",3,"NXS11013160HH1",2023-12-01,-2,1,2,313,-1,0,0,1,0,5,-1,0,0,1,608011156,"7.12.4"
"C23409",1,"NXS11313569HH1",2023-12-16,-2,1,2,206,-1,0,0,1,1,5,25,0,0,1,608011156,"7.12.4"
"C23427",1,"NXS10812794HH1",2023-11-17,-2,1,2,98,-1,0,0,0,0,3,25,0,0,1,608011156,"7.12.4"
"C23430",1,"NXS11213055HH1",2023-11-28,-2,1,2,99,-1,0,9,1,0,3,25,0,0,1,608011156,"7.12.4"
"C23439",1,"RRH12114433HH1",2024-01-18,-2,1,7,99,-1,0,0,0,1,3,25,0,0,4,608011156,"7.12.4"
"C23445",1,"NXS11314882HH1",2024-03-08,-2,4,2,313,255,0,1,1,0,5,25,0,0,1,608011156,"7.12.4"
"C23448",1,"NXS11313218HH1",2023-12-03,-2,1,2,313,-1,0,0,1,0,5,18,0,0,1,608011156,"7.12.4"
"C23451",1,"NXS11315157HH1",2024-04-07,-2,1,2,99,41,0,0,1,0,126,25,0,0,1,608011156,"7.12.4"
"C23460",2,"NXS10613109HH7",2023-11-30,-2,1,2,422,-1,0,0,0,1,3,25,1,1,1,608011156,"7.12.4"
"C23481",1,"NXS12713898HH1",2023-12-28,-2,1,2,422,-1,0,0,1,2,56,25,0,0,1,608011156,"7.12.4"
"C23481",2,"NBN10513172HH3",2023-12-02,-2,1,2,99,-1,0,0,1,2,56,25,1,0,1,608011156,"7.12.4"
"C23490",1,"NXS12714146HH1",2024-01-06,-2,1,2,116,-1,0,0,0,0,3,55,0,0,1,608011156,"7.12.4"
"C23496",1,"NXS11613471HH1",2023-12-13,-2,1,2,99,-1,0,0,1,0,56,18,0,0,1,608011156,"7.12.4"
"C23502",1,"NXS10614355HH1",2024-01-14,-2,1,2,420,-1,0,0,1,0,137,25,0,0,1,608011156,"7.12.4"
"C23505",1,"NXS10613179HH1",2023-12-02,-2,1,2,410,-1,0,0,1,0,5,25,0,0,1,608011156,"7.12.4"
"C23508",1,"NXS10613225HH1",2023-12-04,-2,1,2,98,-1,0,0,0,0,1,25,0,0,1,608011156,"7.12.4"
"C23511",1,"NXS12913974HH1",2023-12-06,-2,5,2,99,627,0,0,0,0,3,25,0,0,1,608011156,"7.12.4"
"C23517",1,"NXS14712932HH1",2023-11-21,-2,1,2,101,-1,0,9,1,0,5,18,0,0,1,608011156,"7.12.4"
"C23520",1,"NXS11613274HH1",2023-12-06,-2,1,2,313,-1,0,0,0,0,3,25,0,0,1,608011156,"7.12.4"
"C23523",1,"NXS11314037HH1",2024-01-03,-2,1,2,410,-1,0,0,0,2,35,25,0,0,1,608011156,"7.12.4"
"C23538",1,"NXS11213294HH1",2023-12-07,-2,1,2,410,-1,0,0,0,0,5,25,0,0,1,608011156,"7.12.4"
"C23541",2,"RRH13113190HH3",2023-12-03,-2,1,7,410,-1,0,0,1,2,3,25,1,0,4,608011156,"7.12.4"
"C23553",2,"NXS10213370HH3",2023-12-09,-2,1,2,423,-1,0,1,1,2,5,25,1,0,1,608011156,"7.12.4"
"C23565",1,"NXS13516170HH1",2024-08-05,-2,2,2,99,-1,0,4,0,0,157,25,0,0,1,608011156,"7.12.4"
"C23571",1,"NXS11113345HH2",2023-12-08,-2,1,2,410,-1,0,4,0,2,5,24,0,0,1,608011156,"7.12.4"
"C23580",1,"RSO15214579HH1",2023-12-09,-2,5,9,423,352,0,4,0,0,5,25,0,0,1,608011156,"7.12.4"
"C23586",1,"NXS14713391HH1",2023-12-09,-2,1,2,99,-1,0,0,0,1,3,18,0,0,1,608011156,"7.12.4"
"C23592",1,"NXS11313408HH1",2023-12-10,-2,1,2,313,387,0,4,0,0,3,25,0,0,1,608011156,"7.12.4"
"C23595",1,"NXS14713385HH1",2023-12-09,-2,1,2,410,374,0,0,1,0,236,25,0,0,1,608011156,"7.12.4"
"C23598",1,"NXS14713386HH1",2023-12-09,-2,1,2,99,-1,0,0,0,2,5,25,0,0,1,608011156,"7.12.4"
"C23604",1,"NXS11213347HH1",2023-12-08,-2,1,2,329,-1,0,0,1,0,5,24,0,0,1,608011156,"7.12.4"
"C23610",1,"RRH13214169HH1",2023-12-14,-2,5,5,410,117,0,9,1,0,3,25,0,0,5,608011156,"7.12.4"
"C23613",2,"NBN10513412HH3",2023-12-11,-2,1,2,99,-1,0,0,0,0,56,25,1,0,1,608011156,"7.12.4"
"C23622",1,"RRH12313771HH1",2023-12-23,-2,1,5,410,690,1,0,0,0,5,55,0,0,4,608011156,"7.12.4"
"C23637",1,"NXS14713425HH1",2023-12-10,-2,1,2,329,-1,0,1,1,2,5,25,0,0,1,608011156,"7.12.4"
"C23643",2,"NXS10213374HH3",2023-12-09,-2,1,2,98,-1,0,0,0,0,5,18,1,0,1,608011156,"7.12.4"
"C23652",2,"NXS10213379HH2",2023-12-09,-2,1,2,431,-1,0,0,0,0,3,25,1,0,1,608011156,"7.12.4"
"C23658",2,"NXS10213360HH3",2023-12-08,-2,1,2,101,285,0,4,0,1,3,25,1,0,1,608011156,"7.12.4"
"C23667",1,"NBN10513474HH1",2023-12-14,-2,1,2,99,-1,0,0,1,0,5,25,0,0,1,608011156,"7.12.4"
"C23679",2,"NXS10213355HH2",2023-12-08,-2,1,2,312,-1,0,0,0,2,5,24,1,0,1,608011156,"7.12.4"
"C23688",2,"NXS10213513HH2",2023-12-14,-2,1,2,312,568,0,9,1,2,3,25,1,0,1,608011156,"7.12.4"
"C23697",2,"NXS11013463HH3",2023-12-13,-2,1,2,313,-1,0,0,1,0,3,25,1,0,1,608011156,"7.12.4"
"C23706",1,"NXS11113496HH1",2023-12-13,-2,1,2,410,-1,0,0,0,0,5,25,0,0,1,608011156,"7.12.4"
"C23712",1,"NBN10513369HH1",2023-12-24,-2,1,2,99,-1,0,0,1,0,3,25,0,0,1,608011156,"7.12.4"
"C23715",1,"NBN10513503HH1",2023-12-15,-2,1,2,99,-1,0,0,0,0,347,25,0,0,1,608011156,"7.12.4"
"C23721",1,"NBN10513460HH1",2023-12-12,-2,1,2,99,-1,0,0,0,0,56,25,0,0,1,608011156,"7.12.4"
"C23724",1,"NXS11015238HH1",2024-04-15,-2,1,2,312,-1,0,0,1,2,3,25,0,0,1,608011156,"7.12.4"
"C23727",1,"NBN10514526HH1",2024-01-23,-2,1,2,99,-1,0,0,0,0,3,25,0,0,1,608011156,"7.12.4"
"C23730",1,"NXS14713563HH1",2023-12-15,-2,1,2,99,-1,0,0,1,0,5,25,0,0,1,608011156,"7.12.4"
"C23739",1,"RRH14114774HH1",2024-02-11,-2,1,5,423,-1,0,0,1,0,5,25,0,0,4,608011156,"7.12.4"
"C23742",1,"NBN10513629HH1",2023-12-20,-2,1,2,99,379,0,4,0,0,3,25,0,0,1,608011156,"7.12.4"
"C23745",1,"NBN10513882HH1",2023-12-19,-2,5,2,99,316,0,1,1,0,5,25,0,0,1,608011156,"7.12.4"
"C23748",1,"NXS10813573HH1",2023-12-16,-2,1,2,422,-1,0,0,1,0,3,25,0,0,1,608011156,"7.12.4"
"C23754",1,"NXS10813284HH1",2023-12-06,-2,1,2,313,-1,0,0,0,0,3,25,0,0,1,608011156,"7.12.4"
"C23757",1,"NXS10813373HH1",2023-12-09,-2,1,2,98,-1,0,1,1,3,456,55,0,0,1,608011156,"7.12.4"
"C23769",1,"NXS10613556HH1",2023-12-15,-2,1,2,99,-1,0,0,1,1,457,25,0,0,1,608011156,"7.12.4"
"C23775",1,"NXS10913589HH1",2023-12-16,-2,1,2,422,583,0,4,0,0,5,25,0,0,1,608011156,"7.12.4"
"C23778",1,"NXS10913590HH1",2023-12-16,-2,1,2,423,694,0,4,0,0,5,25,0,0,1,608011156,"7.12.4"
"C23781",1,"NBN10513661HH1",2023-12-20,-2,1,2,99,-1,0,0,0,0,3,25,0,0,1,608011156,"7.12.4"
"C23784",1,"RRH12614721HH1",2024-02-08,-2,1,5,422,712,0,1,1,1,467,25,0,0,4,608011156,"7.12.4"
"C23787",1,"TRN10413659HH1",2023-12-20,-2,1,3,313,563,0,1,1,2,5,24,0,0,2,608011156,"7.12.4"
"C23790",1,"NXS14713602HH1",2023-12-17,-2,1,2,99,-1,0,0,0,0,3,25,0,0,1,608011156,"7.12.4"
"C23796",1,"NXS10613567HH1",2023-12-15,-2,1,2,98,605,0,1,1,1,567,25,0,0,1,608011156,"7.12.4"
"C23799",1,"NXS11313700HH1",2023-12-21,-2,1,2,420,-1,0,0,1,0,5,25,0,0,1,608011156,"7.12.4"
"C23808",1,"NXS14713588HH1",2023-12-16,-2,1,2,99,-1,0,0,0,0,5,25,0,0,1,608011156,"7.12.4"
"C23811",1,"NXS11314316HH1",2024-01-13,-2,1,2,314,206,0,0,1,0,3,55,0,0,1,608011156,"7.12.4"
"C23814",1,"NXS10613626HH1",2023-12-18,-2,1,2,99,-1,0,0,0,0,5,25,0,0,1,608011156,"7.12.4"
"C23817",2,"NXS15113689HH2",2023-12-21,-2,1,2,410,-1,0,0,0,0,5,25,1,0,1,608011156,"7.12.4"
"C23820",1,"NXS11313740HH1",2023-12-21,-2,5,2,207,670,0,1,1,2,5,25,0,0,1,608011156,"7.12.4"
"C23826",1,"RRH12314019HH2",2024-01-03,-2,1,5,419,-1,1,4,0,2,5,25,0,0,4,608011156,"7.12.4"
"C23832",1,"NXS11313748HH1",2023-12-23,-2,1,2,410,-1,0,0,1,0,3,25,0,0,1,608011156,"7.12.4"
"C23835",1,"NXS14713709HH1",2023-12-21,-2,1,2,99,254,0,0,1,2,3,25,0,0,1,608011156,"7.12.4"
"C23838",1,"NXS14713710HH1",2023-12-21,-2,1,2,99,-1,0,0,1,2,5,25,0,0,1,608011156,"7.12.4"
"C23841",1,"NXS14714427HH1",2024-01-18,-2,1,2,116,-1,0,4,0,2,5,25,0,0,1,608011156,"7.12.4"
"C23844",1,"NXS10613712HH1",2023-12-21,-2,1,2,422,-1,0,0,0,2,5,25,0,0,1,608011156,"7.12.4"
"C23850",1,"NXS11113711HH1",2023-12-21,-2,1,2,101,-1,0,0,1,2,2,25,0,0,1,608011156,"7.12.4"
"C23859",1,"NXS13813754HH1",2023-12-23,-2,1,2,423,235,0,0,0,0,5,25,0,0,1,608011156,"7.12.4"
"C23868",1,"NXS15113755HH1",2023-12-23,-2,1,2,313,-1,0,0,1,2,5,25,0,0,1,608011156,"7.12.4"
"C23871",1,"NXS15113799HH1",2023-12-24,-2,1,2,99,681,0,9,1,0,15,24,0,0,1,608011156,"7.12.4"
"C23874",1,"NXS10913818HH1",2023-12-25,-2,1,2,101,-1,0,0,0,2,56,25,0,0,1,608011156,"7.12.4"
"C23877",2,"NXS13813851HH5",2023-12-26,-2,1,2,420,-1,0,0,0,0,5,25,1,1,1,608011156,"7.12.4"
"C23910",1,"NBN10513883HH1",2023-12-28,-2,1,2,99,-1,0,0,1,0,5,55,0,0,1,608011156,"7.12.4"
"C23913",1,"NXS10613804HH1",2023-12-24,-2,1,2,313,-1,0,0,1,2,5,25,0,0,1,608011156,"7.12.4"
"C23916",2,"NXS10213805HH4",2023-12-24,-2,1,2,312,-1,0,0,1,2,5,25,1,0,1,608011156,"7.12.4"
"C23928",1,"NXS11313905HH1",2023-12-28,-2,1,2,410,-1,1,0,1,0,16,25,0,0,1,608011156,"7.12.4"
"C23934",1,"NXS11614815HH1",2024-02-20,-2,1,2,313,-1,0,0,1,2,5,25,0,0,1,608011156,"7.12.4"
"C23952",1,"NXS10813652HH1",2023-12-20,-2,1,2,98,-1,0,0,0,0,5,55,0,0,1,608011156,"7.12.4"
"C23955",1,"RRH12213930HH1",2023-12-29,-2,1,5,410,-1,1,0,1,0,5,25,0,0,4,608011156,"7.12.4"
"C23958",1,"NXS11313942HH1",2023-12-29,-2,1,2,313,-1,0,0,0,0,36,25,0,0,1,608011156,"7.12.4"
"C23964",1,"NXS10613899HH1",2023-12-28,-2,1,2,423,-1,0,0,0,0,5,25,0,0,1,608011156,"7.12.4"
"C23967",1,"NXS10615254HH1",2024-04-18,-2,3,2,420,191,0,0,0,2,56,18,0,0,1,608011156,"7.12.4"
"C23970",1,"PSH11910028HH1",2019-11-10,-2,1,6,410,-1,1,0,0,0,5,25,0,0,-1,608011156,"7.12.1"
"C23976",1,"NXS11214095HH1",2024-01-05,-2,1,2,422,-1,0,1,1,2,5,25,0,0,1,608011156,"7.12.4"
"C23979",1,"PSH11910019HH1",2018-09-30,-2,1,6,225,-1,1,0,0,0,5,55,0,0,-1,608011156,"7.12.1"
"C23988",1,"PSH11910123HH1",2022-11-17,-2,1,6,423,-1,1,0,1,0,27,55,0,0,-1,608011156,"7.12.1"
"C23991",1,"NXS11314076HH1",2024-01-04,-2,1,2,101,-1,0,0,0,0,3,25,0,0,1,608011156,"7.12.4"
"C23997",1,"NXS11314049HH1",2024-01-03,-2,1,2,313,-1,0,0,0,2,5,25,0,0,1,608011156,"7.12.4"
"C24009",1,"PSH11910117HH1",2022-10-13,-2,1,8,420,-1,1,0,1,0,5,55,0,0,8,608011156,"7.12.4"
"C24012",1,"PSH11910064HH1",2021-07-03,-2,1,6,24,-1,1,0,1,0,5,55,0,0,-1,608011156,"7.12.1"
"C24018",1,"PSH11910091HH1",2022-02-26,-2,1,6,433,-1,1,0,1,0,3,25,0,0,-1,608011156,"7.12.1"
"C24027",1,"PSH11910155HH1",2023-01-12,-2,1,6,410,-1,1,0,1,0,5,25,0,0,-1,608011156,"7.12.1"
"C24039",1,"NXS11414045HH1",2024-01-03,-2,1,2,313,-1,0,1,1,0,56,25,0,0,1,608011156,"7.12.4"
"C24045",1,"NXS10314470HH1",2024-01-19,-2,1,2,410,-1,0,0,0,0,5,55,0,0,1,608011156,"7.12.4"
"C24048",1,"NXS12713992HH1",2024-01-02,-2,1,2,313,-1,0,0,0,0,3,25,0,0,1,608011156,"7.12.4"
"C24051",1,"NXS12714150HH1",2023-12-08,-2,5,2,423,293,0,1,1,0,5,25,0,0,1,608011156,"7.12.4"
"C24054",1,"NXS14714116HH1",2024-01-06,-2,1,2,99,-1,0,1,1,2,5,18,0,0,1,608011156,"7.12.4"
"C24060",1,"RRH12214031HH1",2024-01-03,-2,1,7,99,-1,1,9,1,0,5,55,0,0,4,608011156,"7.12.4"
"C24063",2,"RRH13214058HH2",2024-01-04,-2,1,5,422,-1,0,0,0,2,5,25,1,0,4,608011156,"7.12.4"
"C24066",3,"NBN10514088HH1",2024-01-04,-2,1,2,99,-1,0,0,0,0,56,-1,0,0,1,608011156,"7.12.4"
"C24069",1,"NXS11314063HH1",2024-01-04,-2,1,2,312,-1,0,0,1,0,36,25,0,0,1,608011156,"7.12.4"
"C24075",1,"NXS11415025HH1",2024-03-24,-2,1,2,313,-1,0,6,1,0,57,25,0,0,1,608011156,"7.12.4"
"C24078",1,"NBN10514791HH1",2024-02-18,-2,1,2,99,-1,0,1,1,0,35,25,0,0,1,608011156,"7.12.4"
"C24084",1,"TRN10414097HH1",2024-01-05,-2,1,3,313,-1,0,0,1,0,5,25,0,0,2,608011156,"7.12.4"
"C24087",1,"NXS12914098HH1",2024-01-05,-2,1,2,99,-1,0,4,0,0,3,55,0,0,1,608011156,"7.12.4"
"C24090",1,"NXS11214099HH1",2024-01-05,-2,1,2,422,-1,0,4,0,2,5,55,0,0,1,608011156,"7.12.4"
"C24093",1,"NBN10515120HH1",2024-03-31,-2,5,2,99,15,0,0,1,0,56,18,0,0,1,608011156,"7.12.4"
"C24102",1,"RRH13214647HH1",2024-01-15,-2,5,7,313,128,0,4,0,0,2,25,0,0,5,608011156,"7.12.4"
"C24105",1,"NXS15114055HH1",2024-01-03,-2,1,2,410,329,0,0,1,2,5,25,0,0,1,608011156,"7.12.4"
"C24114",1,"NXS14714012HH1",2024-01-02,-2,1,2,99,-1,0,0,1,0,5,18,0,0,1,608011156,"7.12.4"
"C24117",1,"NXS11314507HH1",2024-01-06,-2,5,2,410,270,0,0,0,2,3,25,0,0,1,608011156,"7.12.4"
"C24120",1,"NXS12914168HH1",2024-01-07,-2,1,2,99,-1,0,1,1,0,123,25,0,0,1,608011156,"7.12.4"
"C24123",1,"NXS14713568HH1",2023-12-16,-2,1,2,99,-1,0,0,0,0,5,25,0,0,1,608011156,"7.12.4"
"C24126",1,"NBN10514662HH1",2024-01-29,-2,1,2,99,-1,0,1,1,0,5,55,0,0,1,608011156,"7.12.4"
"C24129",1,"RRH13214497HH1",2024-01-20,-2,1,5,410,-1,0,0,1,2,5,25,0,0,4,608011156,"7.12.4"
"C24135",1,"NXS11614165HH1",2024-01-07,-2,1,2,101,-1,0,9,1,0,5,55,0,0,1,608011156,"7.12.4"
"C24138",1,"NXS10814238HH1",2024-01-10,-2,1,2,98,479,0,4,0,0,5,24,0,0,1,608011156,"7.12.4"
"C24144",1,"NBN10514239HH1",2024-01-12,-2,1,2,99,-1,0,0,0,0,3,25,0,0,1,608011156,"7.12.4"
"C24147",1,"RSO15214675HH1",2024-01-29,-2,5,9,431,412,0,0,0,1,5,55,0,0,1,608011156,"7.12.4"
"C24150",1,"NXS11314250HH1",2024-01-11,-2,1,2,313,704,0,1,1,0,126,55,0,0,1,608011156,"7.12.4"
"C24153",1,"NXS10614236HH1",2024-01-10,-2,1,2,312,-1,0,0,0,0,5,25,0,0,1,608011156,"7.12.4"
"C24156",1,"NXS10614059HH1",2024-01-04,-2,1,2,99,-1,0,9,1,0,5,55,0,0,1,608011156,"7.12.4"
"C24162",1,"NXS11314242HH1",2024-01-10,-2,1,2,313,157,0,0,0,0,56,25,0,0,1,608011156,"7.12.4"
"C24165",1,"NXS11314302HH1",2024-01-12,-2,1,2,313,-1,0,0,1,0,5,25,0,0,1,608011156,"7.12.4"
"C24177",1,"NXS14714224HH1",2024-01-10,-2,1,2,313,303,0,0,0,0,5,55,0,0,1,608011156,"7.12.4"
"C24186",1,"NXS11314317HH1",2024-01-13,-2,1,2,313,578,0,4,0,0,3,24,0,0,1,608011156,"7.12.4"
"C24189",1,"NXS11314318HH1",2024-01-13,-2,1,2,99,589,0,1,1,0,136,25,0,0,1,608011156,"7.12.4"
"C24192",1,"NXS11314659HH1",2024-01-28,-2,1,2,116,-1,0,0,1,0,5,25,0,0,1,608011156,"7.12.4"
"C24198",1,"NXS11014284HH1",2024-01-12,-2,1,2,422,-1,0,0,1,0,5,25,0,0,1,608011156,"7.12.4"
"C24201",1,"NXS11314321HH1",2024-01-13,-2,1,2,410,-1,1,0,1,0,5,55,0,0,1,608011156,"7.12.4"
"C24213",1,"NXS11114341HH1",2024-01-13,-2,1,2,423,-1,0,0,0,2,5,25,0,0,1,608011156,"7.12.4"
"C24216",1,"NXS12914352HH1",2024-01-14,-2,1,2,99,-1,0,0,0,0,5,25,0,0,1,608011156,"7.12.4"
"C24225",1,"NBN10514644HH1",2024-01-28,-2,1,2,99,-1,0,4,0,1,3,24,0,0,1,608011156,"7.12.4"
"C24228",1,"NXS10915459HH1",2024-05-12,-2,3,2,423,482,0,0,0,1,3,25,0,0,1,608011156,"7.12.4"
"C24231",2,"NXS10214350HH2",2024-01-14,-2,1,2,420,-1,0,4,0,1,147,25,1,0,1,608011156,"7.12.4"
"C24237",1,"NXS11114536HH1",2024-01-15,-2,5,2,312,-1,0,0,0,0,3,24,0,0,1,608011156,"7.12.4"
"C24243",1,"TRN10414409HH1",2024-01-17,-2,1,3,98,-1,0,0,1,0,5,25,0,0,2,608011156,"7.12.4"
"C24252",1,"NXS11014431HH1",2024-01-18,-2,1,2,313,-1,0,0,1,0,5,24,0,0,1,608011156,"7.12.4"
"C24255",1,"NXS10814306HH1",2024-01-12,-2,1,2,99,-1,1,0,0,0,5,55,0,0,1,608011156,"7.12.4"
"C24261",1,"NXS10314473HH1",2024-01-19,-2,1,2,423,-1,0,1,1,1,5,25,0,0,1,608011156,"7.12.4"
"C24264",1,"NXS10214504HH1",2024-01-20,-2,1,2,101,-1,0,0,0,0,167,25,0,0,1,608011156,"7.12.4"
"C24267",1,"NXS11315107HH1",2024-01-20,-2,5,2,99,143,0,9,1,0,56,25,0,0,1,608011156,"7.12.4"
"C24270",1,"NXS15114445HH1",2024-01-18,-2,1,2,312,-1,0,0,1,0,234,24,0,0,1,608011156,"7.12.4"
"C24273",2,"RRH12314576HH3",2024-01-24,-2,1,5,423,-1,1,0,1,2,5,25,1,0,4,608011156,"7.12.4"
"C24285",1,"NXS10314468HH1",2024-01-19,-2,1,2,116,728,0,4,0,0,3,25,0,0,1,608011156,"7.12.4"
"C24288",2,"NXS10214528HH3",2024-01-21,-2,1,2,313,-1,0,0,1,2,5,25,1,0,1,608011156,"7.12.4"
"C24300",1,"NXS11314580HH1",2024-01-20,-2,5,2,410,706,0,0,1,0,5,25,0,0,1,608011156,"7.12.4"
"C24303",1,"RRH12614722HH1",2024-02-08,-2,1,5,410,-1,0,0,1,0,3,25,0,0,4,608011156,"7.12.4"
"C24306",1,"TRN10414581HH1",2024-01-24,-2,1,3,98,-1,0,0,1,0,5,25,0,0,2,608011156,"7.12.4"
"C24309",1,"NXS11315510HH1",2024-05-19,-2,1,2,313,70,0,0,1,0,5,18,0,0,1,608011156,"7.12.4"
"C24312",2,"NXS10214628HH2",2024-01-27,-2,1,2,312,-1,0,4,0,0,2,24,1,0,1,608011156,"7.12.4"
"C24321",1,"NXS10614610HH1",2024-01-25,-2,1,2,101,-1,0,0,0,0,5,24,0,0,1,608011156,"7.12.4"
"C24324",2,"NXS10214633HH3",2024-01-27,-2,1,2,314,-1,0,0,0,0,5,25,1,0,1,608011156,"7.12.4"
"C24327",2,"NXS11315094HH2",2024-04-01,-2,1,2,410,-1,0,0,0,0,5,25,1,0,1,608011156,"7.12.4"
"C24333",1,"NXS10614887HH1",2024-03-09,-2,1,2,420,-1,0,9,1,2,256,25,0,0,1,608011156,"7.12.4"
"C24354",1,"NXS10614621HH1",2024-01-26,-2,1,2,420,-1,0,0,0,2,5,25,0,0,1,608011156,"7.12.4"
"C24366",2,"NXS10214669HH3",2024-01-31,-2,1,2,312,216,0,0,0,2,3,25,1,0,1,608011156,"7.12.4"
"C24375",1,"NXS11414745HH1",2024-02-09,-2,1,2,314,412,0,0,0,0,3,55,0,0,1,608011156,"7.12.4"
"C24378",1,"NXS10315192HH1",2024-04-12,-2,1,2,99,-1,0,1,1,1,3,25,0,0,1,608011156,"7.12.4"
"C24381",1,"NXS11114688HH1",2024-02-01,-2,1,2,410,-1,0,0,0,2,5,55,0,0,1,608011156,"7.12.4"
"C24399",1,"NXS11115415HH1",2024-05-05,-2,1,2,410,-1,0,0,0,0,98,24,0,0,1,608011156,"7.12.4"
"C24402",2,"RRH13214758HH4",2024-02-10,-2,1,5,422,-1,0,0,0,0,347,25,1,0,4,608011156,"7.12.4"
"C24426",2,"NBN10514844HH7",2024-02-27,-2,1,2,99,-1,0,0,0,0,3,25,1,1,1,608011156,"7.12.4"
"C24444",2,"NXS10214683HH3",2024-02-01,-2,1,2,312,-1,0,0,0,0,367,25,1,0,1,608011156,"7.12.4"
"C24453",1,"RRH12614809HH1",2024-02-17,-2,1,5,423,728,0,0,1,2,5,55,0,0,4,608011156,"7.12.4"
"C24471",1,"NXS12713596HH1",2023-12-17,-2,1,2,313,-1,0,0,0,0,5,25,0,0,1,608011156,"7.12.4"
"C24474",1,"NXS12714151HH1",2024-01-06,-2,1,2,313,316,0,0,0,0,5,25,0,0,1,608011156,"7.12.4"
"C24477",1,"NXS12713944HH1",2023-12-30,-2,1,2,313,-1,0,1,1,0,5,25,0,0,1,608011156,"7.12.4"
"C24480",1,"NXS12714360HH1",2024-01-14,-2,1,2,116,-1,0,4,0,0,5,55,0,0,1,608011156,"7.12.4"
"C24483",1,"NXS12713287HH1",2023-12-07,-2,1,2,116,-1,0,0,0,0,5,25,0,0,1,608011156,"7.12.4"
"C24486",1,"NXS12714308HH1",2024-01-12,-2,1,2,313,-1,0,0,0,0,567,24,0,0,1,608011156,"7.12.4"
"C24489",1,"NXS12714403HH1",2024-01-16,-2,1,2,313,-1,0,0,0,0,5,18,0,0,1,608011156,"7.12.4"
"C24492",1,"NXS12714246HH1",2024-01-11,-2,1,2,313,-1,0,0,1,0,3,55,0,0,1,608011156,"7.12.4"
"C24495",1,"NXS11114714HH1",2024-02-06,-2,1,2,313,310,0,1,1,1,5,25,0,0,1,608011156,"7.12.4"
"C24501",1,"NXS11114716HH1",2024-02-07,-2,1,2,312,-1,0,0,0,0,5,25,0,0,1,608011156,"7.12.4"
"C24504",1,"HAV13714723HH1",2024-02-08,-2,1,4,312,-1,1,0,1,0,5,25,0,0,1,608011156,"7.12.4"
"C24513",1,"NXS10614709HH1",2024-02-04,-2,1,2,312,-1,0,0,0,0,3,25,0,0,1,608011156,"7.12.4"
"C24516",1,"NXS11415458HH1",2024-05-11,-2,1,2,101,126,0,1,1,0,3,18,0,0,1,608011156,"7.12.4"
"C24516",3,"NXS11414719HH1",2024-02-08,-2,1,2,101,-1,0,1,1,0,3,-1,0,0,1,608011156,"7.12.4"
"C24519",1,"NXS11014406HH1",2024-01-17,-2,1,2,410,-1,0,0,1,0,5,55,0,0,1,608011156,"7.12.4"
"C24522",2,"NXS10214724HH3",2024-02-08,-2,1,2,313,514,0,0,1,1,5,25,1,0,1,608011156,"7.12.4"
"C24531",2,"NXS10214727HH3",2024-02-08,-2,1,2,312,-1,0,0,0,0,5,25,1,0,1,608011156,"7.12.4"
"C24540",1,"NXS10214763HH1",2024-02-10,-2,1,2,312,324,0,0,0,0,5,25,0,0,1,608011156,"7.12.4"
"C24543",1,"NXS11315149HH1",2024-04-06,-2,1,2,312,-1,0,1,1,0,3,25,0,0,1,608011156,"7.12.4"
"C24546",2,"NXS10214748HH4",2024-02-10,-2,1,2,313,-1,0,0,0,0,356,24,1,0,1,608011156,"7.12.4"
"C24570",1,"NXS10214752HH2",2024-02-10,-2,1,2,313,-1,0,0,1,0,5,25,0,0,1,608011156,"7.12.4"
"C24576",2,"NXS10214737HH4",2024-02-09,-2,1,2,422,-1,0,4,0,0,3,25,1,0,1,608011156,"7.12.4"
"C24588",2,"NXS10214741HH4",2024-02-09,-2,1,2,410,265,0,0,0,0,5,25,1,0,1,608011156,"7.12.4"
"C24603",1,"NXS11414854HH1",2024-03-01,-2,1,2,116,-1,0,0,0,0,16,25,0,0,1,608011156,"7.12.4"
"C24606",1,"RRH12314771HH2",2024-02-11,-2,1,5,410,-1,1,1,1,2,5,25,1,0,4,608011156,"7.12.4"
"C24615",1,"NXS10314775HH1",2024-02-11,-2,1,2,422,-1,0,4,0,1,17,25,0,0,1,608011156,"7.12.4"
"C24618",1,"RRH15414958HH1",2024-03-15,-2,1,7,422,-1,0,0,1,0,5,25,0,0,4,608011156,"7.12.4"
"C24621",2,"NXS15114733HH3",2024-02-09,-2,1,2,410,-1,0,0,1,0,56,25,1,0,1,608011156,"7.12.4"
"C24648",2,"NXS10215599HH3",2024-05-27,-2,1,2,423,-1,0,0,0,2,5,25,1,0,1,608011156,"7.12.4"
"C24654",1,"NXS10214781HH1",2024-02-14,-2,1,2,312,178,0,0,0,2,5,25,0,0,1,608011156,"7.12.4"
"C24666",2,"NXS10214798HH4",2024-02-16,-2,1,2,313,-1,0,0,0,0,25,25,1,0,1,608011156,"7.12.4"
"C24678",1,"TRN10414802HH1",2024-02-16,-2,1,3,312,-1,0,0,1,2,56,25,0,0,2,608011156,"7.12.4"
"C24681",2,"NXS10214803HH3",2024-02-16,-2,1,2,312,512,0,4,0,0,15,25,1,0,1,608011156,"7.12.4"
"C24693",3,"NXS10614776HH1",2024-02-12,-2,1,2,313,-1,0,0,1,1,35,-1,0,0,1,608011156,"7.12.4"
"C24696",1,"NXS11315165HH1",2024-03-08,-2,5,2,410,-1,0,0,0,0,3,25,0,0,1,608011156,"7.12.4"
"C24699",1,"RRH12314818HH1",2024-02-21,-2,1,5,410,313,1,1,1,0,3,55,0,0,4,608011156,"7.12.4"
"C24702",1,"NXS13514624HH1",2024-01-26,-2,1,2,99,-1,0,1,1,1,5,25,0,0,1,608011156,"7.12.4"
"C24705",1,"NXS13514767HH1",2024-02-11,-2,1,2,99,161,0,4,0,1,5,25,0,0,1,608011156,"7.12.4"
"C24711",1,"NXS13514677HH1",2024-02-01,-2,1,2,98,-1,0,0,0,2,46,25,0,0,1,608011156,"7.12.4"
"C24714",1,"NXS11315207HH1",2024-04-13,-2,4,2,312,146,0,1,1,1,5,18,0,0,1,608011156,"7.12.4"
"C24717",1,"RSO15214841HH1",2024-02-26,-2,1,9,431,570,0,9,1,1,47,25,0,0,12,608011156,"7.12.4"
"C24720",1,"NXS13514850HH1",2024-02-29,-2,1,2,99,-1,0,0,0,2,5,25,0,0,1,608011156,"7.12.4"
"C24726",1,"NBN10514820HH1",2024-02-26,-2,1,2,99,-1,0,0,0,0,5,25,0,0,1,608011156,"7.12.4"
"C24729",1,"NXS10614773HH1",2024-02-11,-2,1,2,420,-1,0,9,1,1,5,25,0,0,1,608011156,"7.12.4"
"C24732",1,"NBN10514827HH1",2024-02-22,-2,1,2,99,19,0,0,0,0,3,25,0,0,1,608011156,"7.12.4"
"C24735",1,"NBN10514829HH1",2024-02-22,-2,1,2,99,-1,0,0,0,0,5,25,0,0,1,608011156,"7.12.4"
"C24738",1,"NXS10614812HH1",2024-02-17,-2,1,2,312,-1,0,9,1,0,5,25,0,0,1,608011156,"7.12.4"
"C24741",1,"NXS15115430HH1",2024-05-07,-2,1,2,431,-1,0,0,0,2,56,25,0,0,1,608011156,"7.12.4"
"C24744",1,"NXS11415041HH1",2024-03-28,-2,1,2,101,-1,0,0,1,1,3,25,0,0,1,608011156,"7.12.4"
"C24744",2,"NXS10315060HH5",2024-03-30,-2,1,2,431,191,0,0,0,1,3,25,1,1,1,608011156,"7.12.4"
"C24747",2,"NBN10514933HH4",2024-03-13,-2,1,2,99,-1,0,0,0,0,3,25,1,0,1,608011156,"7.12.4"
"C24756",1,"NBN10514894HH1",2024-03-10,-2,1,2,99,-1,0,0,1,0,3,55,0,0,1,608011156,"7.12.4"
"C24759",1,"NXS11315346HH1",2024-04-28,-2,1,2,410,-1,0,1,1,1,1,25,0,0,1,608011156,"7.12.4"
"C24765",1,"TRN11814826HH1",2024-02-22,-2,1,3,422,88,1,0,0,0,4,25,0,0,2,608011156,"7.12.4"
"C24771",1,"NXS10314973HH1",2024-03-18,-2,1,2,99,386,0,0,0,0,5,55,0,0,1,608011156,"7.12.4"
"C24783",1,"NXS10814822HH1",2024-02-21,-2,1,2,98,-1,0,0,1,0,124,55,0,0,1,608011156,"7.12.4"
"C24789",1,"NXS10814852HH1",2024-02-29,-2,1,2,312,-1,0,0,0,0,5,25,0,0,1,608011156,"7.12.4"
"C24801",1,"NXS10614856HH1",2024-03-02,-2,1,2,420,154,0,4,0,1,5,25,0,0,1,608011156,"7.12.4"
"C24807",2,"NBN10515057HH2",2024-03-31,-2,1,2,99,491,0,0,0,0,126,25,1,0,1,608011156,"7.12.4"
"C24825",1,"NXS11414881HH1",2024-03-08,-2,1,2,431,-1,0,0,0,0,3,25,0,0,1,608011156,"7.12.4"
"C24828",1,"NXS15114862HH1",2024-03-03,-2,1,2,313,-1,0,0,1,2,5,25,0,0,1,608011156,"7.12.4"
"C24831",1,"NBN10514869HH1",2024-03-07,-2,1,2,99,22,0,0,1,0,45,25,0,0,1,608011156,"7.12.4"
"C24840",2,"NXS15114877HH3",2024-03-08,-2,1,2,410,-1,0,0,1,2,5,25,1,0,1,608011156,"7.12.4"
"C24849",1,"RRH15415189HH1",2024-04-11,-2,1,5,422,-1,0,9,1,2,5,25,0,0,4,608011156,"7.12.4"
"C24852",2,"NXS15114871HH3",2024-03-07,-2,1,2,99,472,0,9,1,2,5,25,1,0,1,608011156,"7.12.4"
"C24861",1,"NXS11315351HH1",2024-04-29,-2,1,2,99,-1,0,6,1,2,137,55,0,0,1,608011156,"7.12.4"
"C24879",1,"RRH12414892HH1",2024-03-10,-2,1,5,204,-1,1,9,1,0,145,55,0,0,4,608011156,"7.12.4"
"C24885",1,"NXS11314889HH1",2024-03-09,-2,1,2,116,184,0,0,1,0,5,25,0,0,1,608011156,"7.12.4"
"C24888",1,"NBN10514923HH1",2024-03-11,-2,1,2,99,-1,0,0,0,0,5,55,0,0,1,608011156,"7.12.4"
"C24891",1,"NBN10514924HH1",2024-03-15,-2,1,2,99,-1,0,0,1,0,5,25,0,0,1,608011156,"7.12.4"
"C24894",1,"NXS11016305HH1",2024-08-22,-2,1,2,420,-1,0,0,0,0,5,55,0,0,1,608011156,"7.12.4"
"C24906",1,"NXS11314906HH1",2024-03-11,-2,1,2,410,-1,0,0,0,0,5,25,0,0,1,608011156,"7.12.4"
"C24918",1,"NXS10214898HH2",2024-03-10,-2,1,2,431,-1,0,0,0,0,3,25,0,0,1,608011156,"7.12.4"
"C24921",2,"NXS10214916HH5",2024-03-11,-2,1,2,423,262,0,0,0,2,157,25,1,1,1,608011156,"7.12.4"
"C24942",1,"NXS10616081HH1",2024-07-28,-2,1,2,204,-1,0,0,0,0,5,25,0,0,1,608011156,"7.12.4"
"C24945",2,"NXS10214912HH2",2024-03-11,-2,1,2,313,-1,0,0,0,1,235,25,1,0,1,608011156,"7.12.4"
"C24951",2,"NXS10214914HH2",2024-03-11,-2,1,2,313,507,0,0,0,2,3,25,1,0,1,608011156,"7.12.4"
"C24957",1,"NXS11115340HH1",2024-03-10,-2,5,2,312,449,0,4,0,0,3,25,0,0,1,608011156,"7.12.4"
"C24960",1,"NXS11314944HH1",2024-03-14,-2,1,2,312,-1,0,0,0,0,236,25,0,0,1,608011156,"7.12.4"
"C24963",1,"NXS10814884HH1",2024-03-09,-2,1,2,410,728,0,0,0,0,5,55,0,0,1,608011156,"7.12.4"
"C24966",1,"NXS11314974HH1",2024-03-18,-2,1,2,313,-1,0,0,1,2,5,25,0,0,1,608011156,"7.12.4"
"C24969",1,"NBN10515040HH1",2024-03-28,-2,1,2,99,-1,1,0,1,2,237,25,0,0,1,608011156,"7.12.4"
"C24975",1,"NXS11214309HH1",2024-01-12,-2,1,2,422,-1,0,4,0,2,245,55,0,0,1,608011156,"7.12.4"
"C24987",1,"RRH12314985HH1",2024-03-21,-2,1,7,207,112,1,1,1,0,246,55,0,0,4,608011156,"7.12.4"
"C24993",2,"NXS10214970HH3",2024-03-18,-2,1,2,312,-1,0,0,0,0,56,25,1,0,1,608011156,"7.12.4"
"C25005",2,"NXS10214986HH2",2024-03-21,-2,1,2,434,-1,0,0,1,2,3,25,1,0,1,608011156,"7.12.4"
"C25014",1,"NXS11314945HH1",2024-03-15,-2,1,2,116,176,1,0,0,0,5,55,0,0,1,608011156,"7.12.4"
"C25017",1,"NXS11115023HH1",2024-03-24,-2,1,2,313,-1,0,0,1,2,257,25,0,0,1,608011156,"7.12.4"
"C25026",1,"RRH14015002HH1",2024-03-22,-2,1,5,423,463,0,0,0,0,5,25,0,0,4,608011156,"7.12.4"
"C25029",1,"NXS11314969HH1",2024-03-17,-2,1,2,312,-1,0,0,1,0,5,25,0,0,1,608011156,"7.12.4"
"C25038",2,"NXS10215007HH6",2024-03-22,-2,1,2,411,-1,0,0,1,0,5,25,1,0,1,608011156,"7.12.4"
"C25050",1,"NXS15115020HH1",2024-03-23,-2,1,2,207,-1,0,0,1,0,345,25,0,0,1,608011156,"7.12.4"
"C25059",1,"NBN10515055HH1",2024-03-30,-2,1,2,99,129,0,0,1,2,56,25,0,0,1,608011156,"7.12.4"
"C25062",1,"NXS11415006HH1",2024-03-22,-2,1,2,98,197,0,4,0,0,3,55,0,0,1,608011156,"7.12.4"
"C25071",1,"NXS11314975HH1",2024-03-18,-2,1,2,312,214,0,0,1,2,347,25,0,0,1,608011156,"7.12.4"
"C25074",1,"NXS10915024HH1",2024-03-24,-2,1,2,225,-1,0,0,0,0,5,55,0,0,1,608011156,"7.12.4"
"C25077",1,"NXS11115027HH1",2024-03-24,-2,1,2,313,-1,0,0,1,2,5,25,0,0,1,608011156,"7.12.4"
"C25080",1,"NXS11314996HH1",2024-03-21,-2,1,2,313,-1,0,0,0,0,5,25,0,0,1,608011156,"7.12.4"
"C25083",1,"NXS11315114HH1",2024-04-05,-2,1,2,312,478,0,0,1,2,356,25,0,0,1,608011156,"7.12.4"
"C25089",1,"NXS11115021HH1",2024-03-23,-2,1,2,98,-1,0,0,1,0,5,25,0,0,1,608011156,"7.12.4"
"C25092",1,"RRH12315195HH1",2024-04-12,-2,1,7,204,-1,1,9,1,1,357,25,0,0,4,608011156,"7.12.4"
"C25095",3,"NXS13815035HH2",2024-03-26,-2,1,2,422,-1,0,0,0,2,5,-1,1,0,1,608011156,"7.12.4"
"C25101",1,"NXS11314997HH1",2024-03-21,-2,1,2,313,-1,0,0,0,2,5,25,0,0,1,608011156,"7.12.4"
"C25104",1,"NXS10615034HH1",2024-03-25,-2,1,2,312,-1,0,0,0,0,367,18,0,0,1,608011156,"7.12.4"
"C25110",1,"RRH13115465HH1",2024-05-13,-2,1,5,207,-1,0,0,1,2,156,25,0,0,4,608011156,"7.12.4"
"C25113",1,"NXS11115042HH1",2024-03-28,-2,1,2,99,-1,0,1,1,0,5,18,0,0,1,608011156,"7.12.4"
"C25119",2,"NXS10215032HH2",2024-03-25,-2,1,2,313,317,0,0,1,2,456,25,1,0,1,608011156,"7.12.4"
"C25125",2,"NXS10215050HH3",2024-03-29,-2,1,2,313,-1,0,0,0,0,5,25,1,0,1,608011156,"7.12.4"
"C25131",1,"NXS15115022HH1",2024-03-23,-2,1,2,313,211,0,0,1,2,5,25,0,0,1,608011156,"7.12.4"
"C25167",2,"NBN10515046HH3",2024-03-28,-2,1,2,99,-1,0,0,1,1,5,24,1,0,1,608011156,"7.12.4"
"C25179",2,"RRH12615086HH3",2024-03-31,-2,1,5,410,-1,0,1,1,2,5,25,1,0,4,608011156,"7.12.4"
"C25194",2,"NXS10215079HH4",2024-03-31,-2,1,2,422,-1,0,0,0,1,3,25,1,1,1,608011156,"7.12.4"
"C25206",1,"NXS10615089HH1",2024-03-31,-2,1,2,99,-1,0,0,0,0,2,55,0,0,1,608011156,"7.12.4"
"C25209",2,"NXS10315137HH2",2024-04-06,-2,1,2,434,-1,0,0,1,2,5,25,1,0,1,608011156,"7.12.4"
"C25215",1,"NXS11115091HH1",2024-04-01,-2,1,2,410,-1,0,0,1,0,5,25,0,0,1,608011156,"7.12.4"
"C25224",1,"NXS13815097HH1",2024-04-02,-2,1,2,422,-1,0,0,0,2,3,25,0,0,1,608011156,"7.12.4"
"C25227",2,"NXS10215104HH3",2024-04-04,-2,1,2,423,-1,0,0,0,0,5,25,1,0,1,608011156,"7.12.4"
"C25236",2,"NXS10215109HH2",2024-04-04,-2,1,2,422,-1,0,0,0,0,3,25,1,0,1,608011156,"7.12.4"
"C25245",1,"NXS13815148HH1",2024-04-06,-2,1,2,434,-1,0,0,1,2,5,25,0,0,1,608011156,"7.12.4"
"C25248",1,"NXS11315139HH1",2024-04-06,-2,1,2,312,-1,0,0,1,0,5,25,0,0,1,608011156,"7.12.4"
"C25251",1,"NXS11315143HH1",2024-04-06,-2,1,2,314,556,0,0,1,2,5,25,0,0,1,608011156,"7.12.4"
"C25254",1,"NXS11415145HH1",2024-04-06,-2,1,2,313,-1,0,0,1,0,7,25,0,0,1,608011156,"7.12.4"
"C25257",1,"NBN10515146HH1",2024-04-08,-2,1,2,99,-1,0,0,1,0,3,25,0,0,1,608011156,"7.12.4"
"C25260",1,"NXS11315133HH1",2024-04-05,-2,1,2,313,205,0,4,0,2,5,25,0,0,1,608011156,"7.12.4"
"C25269",1,"NXS15115102HH1",2024-04-04,-2,1,2,410,-1,0,1,1,2,5,55,0,0,1,608011156,"7.12.4"
"C25272",1,"NXS11315132HH1",2024-04-05,-2,1,2,313,-1,0,4,0,0,12,55,0,0,1,608011156,"7.12.4"
"C25275",1,"NXS11315168HH1",2024-04-08,-2,1,2,312,-1,0,0,1,2,5,25,0,0,1,608011156,"7.12.4"
"C25275",2,"NXS10215560HH2",2024-05-25,-2,1,2,313,-1,0,0,1,2,5,25,0,0,1,608011156,"7.12.4"
"C25278",1,"NXS11415295HH2",2024-04-22,-2,1,2,420,-1,0,0,1,0,5,25,1,0,1,608011156,"7.12.4"
"C25284",1,"TRN10415170HH1",2024-04-08,-2,1,3,410,-1,0,0,1,0,5,25,0,0,2,608011156,"7.12.4"
"C25290",1,"TRN10415150HH1",2024-04-06,-2,1,3,98,-1,0,0,1,0,5,25,0,0,2,608011156,"7.12.4"
"C25299",1,"NXS11115116HH1",2024-04-05,-2,1,2,116,-1,0,0,0,0,5,25,0,0,1,608011156,"7.12.4"
"C25302",1,"NXS10615931HH1",2024-07-14,-2,1,2,99,390,0,0,0,0,56,25,0,0,1,608011156,"7.12.4"
"C25305",1,"RRH12115471HH1",2024-04-24,-2,5,7,207,200,0,0,1,0,5,25,0,0,5,608011156,"7.12.4"
"C25311",1,"NXS10915171HH1",2024-04-08,-2,1,2,422,534,0,0,0,0,5,18,0,0,1,608011156,"7.12.4"
"C25314",1,"NXS11315112HH1",2024-04-04,-2,1,2,99,142,0,4,0,0,3,25,0,0,1,608011156,"7.12.4"
"C25320",1,"NXS11315183HH1",2024-04-11,-2,1,2,423,-1,0,1,1,0,16,18,0,0,1,608011156,"7.12.4"
"C25323",2,"NXS10215159HH3",2024-04-07,-2,1,2,313,-1,0,0,0,2,5,24,1,0,1,608011156,"7.12.4"
"C25332",2,"NXS10215173HH3",2024-04-08,-2,1,2,423,-1,0,0,0,1,5,25,1,0,1,608011156,"7.12.4"
"C25344",1,"NXS11115178HH1",2024-04-10,-2,1,2,314,573,0,0,0,0,5,25,0,0,1,608011156,"7.12.4"
"C25350",1,"NXS11315196HH1",2024-04-12,-2,1,2,313,-1,0,0,0,0,3,25,0,0,1,608011156,"7.12.4"
"C25353",2,"NXS11215442HH3",2024-05-10,-2,1,2,411,-1,0,0,1,0,5,25,1,0,1,608011156,"7.12.4"
"C25362",1,"NXS11315198HH1",2024-04-12,-2,1,2,410,-1,0,0,0,0,25,25,0,0,1,608011156,"7.12.4"
"C25365",1,"NXS11015190HH1",2024-04-12,-2,1,2,302,-1,0,0,0,0,5,25,0,0,1,608011156,"7.12.4"
"C25368",1,"NXS11315342HH1",2024-04-28,-2,1,2,99,-1,0,1,1,1,26,25,0,0,1,608011156,"7.12.4"
"C25374",1,"NXS15115177HH1",2024-04-09,-2,1,2,206,-1,0,0,0,2,5,18,0,0,1,608011156,"7.12.4"
"C25377",1,"NXS11315208HH1",2024-04-13,-2,1,2,313,-1,0,0,0,0,3,25,0,0,1,608011156,"7.12.4"
"C25395",1,"NXS11115194HH1",2024-04-12,-2,1,2,313,-1,0,0,1,0,5,25,0,0,1,608011156,"7.12.4"
"C25398",1,"NXS10915228HH1",2024-04-14,-2,1,2,440,238,0,0,0,0,5,25,0,0,1,608011156,"7.12.4"
"C25401",2,"NXS10215230HH2",2024-04-14,-2,1,2,312,540,0,4,0,0,56,18,1,0,1,608011156,"7.12.4"
"C25407",2,"NXS10215232HH3",2024-04-14,-2,1,2,312,-1,0,0,0,1,35,25,1,0,1,608011156,"7.12.4"
"C25416",1,"NXS11315239HH1",2024-04-15,-2,1,2,99,-1,0,1,1,2,5,25,0,0,1,608011156,"7.12.4"
"C25422",1,"RRH14015636HH1",2024-06-03,-2,1,5,434,-1,0,4,0,0,36,25,0,0,4,608011156,"7.12.4"
"C25428",1,"NXS11415243HH1",2024-04-16,-2,1,2,410,-1,0,1,1,0,36,55,0,0,1,608011156,"7.12.4"
"C25431",1,"NXS11315253HH1",2024-04-18,-2,1,2,313,198,0,0,1,1,5,25,0,0,1,608011156,"7.12.4"
"C25434",1,"NXS11315251HH1",2024-04-18,-2,1,2,99,477,0,0,1,2,5,25,0,0,1,608011156,"7.12.4"
"C25437",1,"NXS11415536HH1",2024-05-23,-2,1,2,410,-1,0,0,1,0,5,25,0,0,1,608011156,"7.12.4"
"C25440",1,"NXS11115249HH1",2024-04-17,-2,1,2,410,-1,0,0,1,0,5,55,0,0,1,608011156,"7.12.4"
"C25443",2,"NXS10215217HH2",2024-04-14,-2,1,2,313,-1,0,0,0,1,3,25,1,0,1,608011156,"7.12.4"
"C25449",2,"NXS10215221HH3",2024-04-14,-2,1,2,423,-1,0,0,0,0,5,25,1,0,1,608011156,"7.12.4"
"C25458",1,"NXS11315266HH1",2024-04-19,-2,1,2,410,428,0,1,1,0,5,25,0,0,1,608011156,"7.12.4"
"C25464",1,"NXS10615235HH1",2024-04-14,-2,1,2,98,-1,0,0,1,0,5,25,0,0,1,608011156,"7.12.4"
"C25467",1,"NXS10615153HH1",2024-04-06,-2,1,2,207,-1,0,0,0,0,56,25,0,0,1,608011156,"7.12.4"
"C25470",1,"NXS11315271HH1",2024-04-20,-2,1,2,99,-1,0,0,0,0,5,25,0,0,1,608011156,"7.12.4"
"C25476",1,"NXS10315299HH1",2024-04-22,-2,1,2,423,-1,0,0,1,2,5,25,0,0,1,608011156,"7.12.4"
"C25479",1,"NXS11315215HH1",2024-04-13,-2,1,2,312,-1,0,0,1,1,56,25,0,0,1,608011156,"7.12.4"
"C25482",1,"NXS11115255HH2",2024-04-18,-2,1,2,410,-1,0,0,1,2,5,25,0,0,1,608011156,"7.12.4"
"C25488",1,"NXS11115267HH1",2024-04-19,-2,1,2,313,-1,0,0,0,0,5,25,0,0,1,608011156,"7.12.4"
"C25491",1,"NXS11315281HH1",2024-04-21,-2,1,2,99,-1,0,0,1,1,3,25,0,0,1,608011156,"7.12.4"
"C25497",1,"NXS11115264HH1",2024-04-19,-2,1,2,314,-1,0,0,0,0,5,55,0,0,1,608011156,"7.12.4"
"C25500",1,"NXS11315283HH1",2024-04-22,-2,1,2,313,-1,0,9,1,0,5,25,0,0,1,608011156,"7.12.4"
"C25503",2,"NXS11215276HH2",2024-04-21,-2,1,2,410,254,0,0,0,0,3,25,1,0,1,608011156,"7.12.4"
"C25509",2,"NXS10615278HH2",2024-04-21,-2,1,2,423,-1,0,0,0,1,3,25,1,0,1,608011156,"7.12.4"
"C25515",2,"NXS10615262HH2",2024-04-18,-2,1,2,99,-1,0,0,0,2,5,25,1,0,1,608011156,"7.12.4"
"C25524",1,"NXS11415306HH1",2024-04-24,-2,1,2,313,-1,0,0,0,0,3,25,0,0,1,608011156,"7.12.4"
"C25527",1,"NXS10915290HH1",2024-04-22,-2,1,2,423,-1,0,1,1,1,5,25,0,0,1,608011156,"7.12.4"
"C25539",1,"NXS10815300HH1",2024-04-23,-2,1,2,99,-1,0,0,1,0,15,25,0,0,1,608011156,"7.12.4"
"C25545",1,"NBN10515304HH1",2024-04-25,-2,1,2,99,-1,0,0,0,0,1,18,0,0,1,608011156,"7.12.4"
"C25548",1,"NXS11315261HH1",2024-04-18,-2,1,2,410,443,0,0,1,0,16,55,0,0,1,608011156,"7.12.4"
"C25551",1,"NXS11315309HH1",2024-04-25,-2,1,2,313,-1,0,1,1,1,124,25,0,0,1,608011156,"7.12.4"
"C25560",1,"NBN10515305HH1",2024-04-24,-2,1,2,99,-1,0,0,0,0,5,25,0,0,1,608011156,"7.12.4"
"C25569",1,"NBN10515301HH1",2024-04-25,-2,1,2,99,-1,0,0,0,0,3,25,0,0,1,608011156,"7.12.4"
"C25572",1,"NXS10615294HH1",2024-04-22,-2,1,2,99,156,0,0,1,0,5,25,0,0,1,608011156,"7.12.4"
"C25581",1,"NXS15115275HH1",2024-04-20,-2,1,2,312,-1,0,0,1,2,126,24,0,0,1,608011156,"7.12.4"
"C25584",2,"NXS10215317HH3",2024-04-25,-2,1,2,431,-1,0,9,1,1,5,25,1,0,1,608011156,"7.12.4"
"C25596",1,"NXS11315326HH1",2024-04-26,-2,1,2,206,-1,0,1,1,0,5,18,0,0,1,608011156,"7.12.4"
"C25599",1,"NXS11315330HH1",2024-04-27,-2,1,2,99,157,0,0,0,0,134,25,0,0,1,608011156,"7.12.4"
"C25602",1,"NXS11315331HH1",2024-04-27,-2,1,2,423,326,0,0,1,2,3,25,0,0,1,608011156,"7.12.4"
"C25605",2,"NXS10215674HH2",2024-06-08,-2,1,2,313,-1,0,0,1,2,5,25,1,0,1,608011156,"7.12.4"
"C25611",2,"RRH13115359HH4",2024-04-29,-2,1,5,410,-1,0,0,0,1,5,25,1,1,4,608011156,"7.12.4"
"C25623",1,"NXS11315345HH1",2024-04-28,-2,1,2,312,720,0,9,1,1,136,25,0,0,1,608011156,"7.12.4"
"C25626",1,"NXS11315246HH1",2024-04-16,-2,1,2,410,-1,0,0,1,0,5,25,0,0,1,608011156,"7.12.4"
"C25632",1,"NXS11315352HH1",2024-04-29,-2,1,2,313,166,0,1,1,1,15,25,0,0,1,608011156,"7.12.4"
"C25635",1,"NXS11315358HH1",2024-04-29,-2,1,2,313,-1,0,0,0,0,5,25,0,0,1,608011156,"7.12.4"
"C25644",1,"NBN10515372HH1",2024-05-01,-2,1,2,99,211,0,0,0,0,5,25,0,0,1,608011156,"7.12.4"
"C25650",1,"NXS11115381HH1",2024-05-01,-2,1,2,313,-1,0,0,0,0,5,24,0,0,1,608011156,"7.12.4"
"C25656",1,"HAV13715455HH1",2024-05-11,-2,1,4,313,-1,1,0,1,0,146,25,0,0,1,608011156,"7.12.4"
"C25668",1,"RRH13215607HH1",2024-05-27,-2,1,5,410,-1,0,0,1,2,147,55,0,0,4,608011156,"7.12.4"
"C25674",1,"NXS10215975HH2",2024-07-19,-2,1,2,312,156,0,1,1,2,5,25,0,0,1,608011156,"7.12.4"
"C25680",1,"NXS10615394HH1",2024-05-02,-2,1,2,312,612,0,9,1,2,5,18,0,0,1,608011156,"7.12.4"
"C25683",1,"NXS10615393HH1",2024-05-02,-2,1,2,204,96,0,0,1,2,156,18,0,0,1,608011156,"7.12.4"
"C25686",1,"NBN10515550HH1",2024-04-29,-2,5,2,116,604,0,1,1,0,56,25,0,0,1,608011156,"7.12.4"
"C25689",3,"NXS12914446HH1",2024-01-19,-2,1,2,99,-1,0,9,1,0,5,-1,0,0,1,608011156,"7.12.4"
"C25692",2,"NXS10215581HH5",2024-05-27,-2,1,2,313,-1,0,0,1,2,167,25,1,0,1,608011156,"7.12.4"
"C25695",1,"NXS12914405HH1",2024-01-17,-2,1,2,99,633,0,9,1,0,5,55,0,0,1,608011156,"7.12.4"
"C25698",1,"NXS15115403HH1",2024-05-03,-2,1,2,312,-1,0,0,1,0,5,25,0,0,1,608011156,"7.12.4"
"C25713",1,"NXS10615405HH1",2024-05-03,-2,1,2,312,-1,0,0,0,0,3,25,0,0,1,608011156,"7.12.4"
"C25716",1,"NXS10915406HH1",2024-05-04,-2,1,2,423,-1,0,0,0,0,235,25,0,0,1,608011156,"7.12.4"
"C25722",1,"NXS10615617HH1",2024-05-30,-2,1,2,314,-1,0,0,1,0,5,25,0,0,1,608011156,"7.12.4"
"C25725",1,"NXS11115408HH1",2024-05-04,-2,1,2,410,-1,0,0,1,2,5,25,0,0,1,608011156,"7.12.4"
"C25734",1,"NXS11315398HH1",2024-05-03,-2,1,2,410,20,0,0,1,0,236,25,0,0,1,608011156,"7.12.4"
"C25737",1,"NXS11615526HH1",2024-05-21,-2,1,2,422,621,0,0,1,0,5,55,0,0,1,608011156,"7.12.4"
"C25746",1,"NBN10515427HH1",2024-05-06,-2,1,2,99,17,0,0,1,0,245,25,0,0,1,608011156,"7.12.4"
"C25749",1,"NXS10615416HH1",2024-05-05,-2,1,2,206,-1,0,0,1,0,5,55,0,0,1,608011156,"7.12.4"
"C25752",1,"NXS10615418HH1",2024-05-05,-2,1,2,98,76,0,0,0,0,5,18,0,0,1,608011156,"7.12.4"
"C25755",1,"NXS13815431HH1",2024-05-07,-2,1,2,423,-1,0,0,0,0,56,18,0,0,1,608011156,"7.12.4"
"C25761",1,"NXS11315419HH1",2024-05-05,-2,1,2,313,-1,0,0,1,0,246,25,0,0,1,608011156,"7.12.4"
"C25764",2,"RRH12315446HH3",2024-05-10,-2,1,7,99,-1,1,1,1,1,5,25,1,0,4,608011156,"7.12.4"
"C25773",1,"NXS11315434HH1",2024-05-09,-2,1,2,329,259,0,1,1,0,247,25,0,0,1,608011156,"7.12.4"
"C25776",1,"NXS10615580HH1",2024-05-27,-2,1,2,98,422,0,0,1,0,5,55,0,0,1,608011156,"7.12.4"
"C25782",2,"NXS11115522HH3",2024-05-20,-2,1,2,302,-1,0,0,1,1,256,25,1,0,1,608011156,"7.12.4"
"C25785",1,"NXS11115437HH2",2024-05-09,-2,1,2,410,-1,0,1,1,1,5,25,0,0,1,608011156,"7.12.4"
"C25794",1,"NXS11315450HH1",2024-05-10,-2,1,2,313,-1,0,0,1,0,3,25,0,0,1,608011156,"7.12.4"
"C25812",1,"NXS11415440HH1",2024-05-10,-2,1,2,410,-1,0,0,0,0,267,25,0,0,1,608011156,"7.12.4"
"C25833",1,"NBN10516641HH1",2024-09-23,-2,5,2,99,174,0,0,1,0,3,25,0,0,1,608011156,"7.12.4"
"C25845",1,"NXS11415463HH1",2024-05-13,-2,1,2,410,-1,0,0,1,0,5,55,0,0,1,608011156,"7.12.4"
"C25848",1,"NXS10615451HH1",2024-05-10,-2,1,2,99,124,0,0,1,0,3,25,0,0,1,608011156,"7.12.4"
"C25851",1,"NXS10615460HH1",2024-05-12,-2,1,2,410,-1,0,0,0,0,5,55,0,0,1,608011156,"7.12.4"
"C25860",1,"RRH13115524HH1",2024-05-20,-2,1,5,410,-1,0,0,1,1,5,25,0,0,4,608011156,"7.12.4"
"C25863",2,"NXS11615517HH3",2024-05-20,-2,1,2,302,-1,0,0,1,0,5,25,1,0,1,608011156,"7.12.4"
"C25890",1,"NXS13815486HH1",2024-05-17,-2,1,2,314,-1,0,0,0,0,56,55,0,0,1,608011156,"7.12.4"
"C25893",1,"NXS10616028HH1",2024-07-24,-2,1,2,116,-1,0,0,0,0,5,25,0,0,1,608011156,"7.12.4"
"C25896",1,"NXS10315495HH1",2024-05-18,-2,1,2,99,383,0,4,0,0,56,25,0,0,1,608011156,"7.12.4"
"C25902",1,"NBN10516303HH1",2024-08-25,-2,1,2,99,40,0,1,1,0,35,25,0,0,1,608011156,"7.12.4"
"C25905",1,"NXS11015489HH1",2024-05-18,-2,1,2,422,-1,0,0,1,0,5,25,0,0,1,608011156,"7.12.4"
"C25914",1,"NXS11315542HH1",2024-05-24,-2,1,2,99,424,0,0,1,2,15,25,0,0,1,608011156,"7.12.4"
"C25959",1,"NBN10515528HH1",2024-05-22,-2,1,2,99,-1,0,0,0,0,5,25,0,0,1,608011156,"7.12.4"
"C25968",1,"NXS11315532HH1",2024-05-23,-2,1,2,410,-1,0,0,0,0,3,25,0,0,1,608011156,"7.12.4"
"C25971",1,"NXS10815527HH1",2024-05-22,-2,1,2,312,-1,0,0,1,2,5,18,0,0,1,608011156,"7.12.4"
"C25974",2,"NXS11315534HH2",2024-05-23,-2,1,2,313,-1,0,0,0,2,5,25,1,0,1,608011156,"7.12.4"
"C25983",1,"NXS10615568HH1",2024-05-26,-2,1,2,410,-1,0,0,1,0,5,55,0,0,1,608011156,"7.12.4"
"C25986",1,"NXS11115520HH1",2024-05-20,-2,1,2,410,-1,0,0,0,0,3,25,0,0,1,608011156,"7.12.4"
"C25989",1,"NXS13815541HH1",2024-05-24,-2,1,2,313,-1,0,0,0,2,5,25,0,0,1,608011156,"7.12.4"
"C25998",1,"NBN10515549HH1",2024-05-24,-2,1,2,99,-1,0,4,0,0,3,25,0,0,1,608011156,"7.12.4"
"C26004",1,"NXS11315559HH1",2024-05-25,-2,1,2,312,-1,0,0,1,2,5,55,0,0,1,608011156,"7.12.4"
"C26007",2,"NXS10215545HH4",2024-05-24,-2,1,2,431,-1,0,0,0,1,3,25,1,1,1,608011156,"7.12.4"
"C26022",1,"RRH13116008HH1",2024-07-22,-2,1,7,410,435,0,0,1,2,5,25,0,0,4,608011156,"7.12.4"
"C26025",2,"NXS10215562HH4",2024-05-25,-2,1,2,423,568,0,0,0,1,3,25,1,1,1,608011156,"7.12.4"
"C26052",1,"NXS10615552HH1",2024-05-24,-2,1,2,98,-1,0,0,0,0,5,24,0,0,1,608011156,"7.12.4"
"C26055",2,"NXS10215566HH2",2024-05-25,-2,1,2,313,-1,0,1,1,0,5,25,1,0,1,608011156,"7.12.4"
"C26064",1,"NXS11115558HH1",2024-05-25,-2,1,2,101,-1,0,0,1,1,5,25,0,0,1,608011156,"7.12.4"
"C26076",1,"NXS11115592HH1",2024-05-27,-2,1,2,313,-1,0,1,1,2,5,25,0,0,1,608011156,"7.12.4"
"C26079",1,"NXS11115575HH1",2024-05-26,-2,1,2,312,-1,0,0,1,0,5,25,0,0,1,608011156,"7.12.4"
"C26085",1,"NXS15115574HH1",2024-05-26,-2,1,2,410,-1,0,0,1,0,5,25,0,0,1,608011156,"7.12.4"
"C26088",2,"RRH12215586HH6",2024-05-27,-2,1,7,99,-1,1,9,1,0,5,25,0,1,4,608011156,"7.12.4"
"C26106",2,"NXS10215595HH2",2024-05-27,-2,1,2,313,200,0,0,0,0,3,25,1,0,1,608011156,"7.12.4"
"C26118",1,"NXS10915609HH1",2024-05-30,-2,1,2,423,-1,1,0,0,0,17,25,0,0,1,608011156,"7.12.4"
"C26121",2,"NXS10215610HH3",2024-05-30,-2,1,2,410,-1,0,0,0,2,3,25,1,0,1,608011156,"7.12.4"
"C26142",1,"NBN10515710HH1",2024-06-16,-2,1,2,99,-1,0,1,1,0,24,18,0,0,1,608011156,"7.12.4"
"C26157",1,"NXS13815622HH1",2024-05-31,-2,1,2,423,-1,0,0,1,0,25,55,0,0,1,608011156,"7.12.4"
"C26178",1,"NXS13815763HH1",2024-06-25,-2,1,2,422,-1,0,0,1,2,5,25,0,0,1,608011156,"7.12.4"
"C26181",2,"NXS10215625HH2",2024-06-01,-2,1,2,313,-1,0,0,0,2,56,25,1,0,1,608011156,"7.12.4"
"C26187",1,"NXS11315754HH1",2024-06-23,-2,1,2,410,75,0,0,0,0,35,18,0,0,1,608011156,"7.12.4"
"C26190",2,"NXS10215627HH3",2024-06-01,-2,1,2,313,-1,0,0,0,0,5,25,1,0,1,608011156,"7.12.4"
"C26208",1,"NBN10515948HH1",2024-07-12,-2,5,2,99,88,1,1,1,0,5,25,0,0,1,608011156,"7.12.4"
"C26220",1,"NBN10515639HH1",2024-06-04,-2,1,2,99,-1,0,0,1,2,5,55,0,0,1,608011156,"7.12.4"
"C26223",1,"NXS11315653HH1",2024-06-07,-2,1,2,99,-1,0,0,1,0,3,25,0,0,1,608011156,"7.12.4"
"C26226",1,"NXS11315654HH1",2024-06-07,-2,1,2,312,-1,0,0,0,0,15,25,0,0,1,608011156,"7.12.4"
"C26244",2,"NXS10215658HH6",2024-06-07,-2,1,2,422,-1,0,0,1,1,56,25,1,1,1,608011156,"7.12.4"
"C26262",1,"NXS11315667HH1",2024-06-08,-2,1,2,99,295,0,0,1,0,57,55,0,0,1,608011156,"7.12.4"
"C26280",1,"NXS11115708HH1",2024-06-15,-2,1,2,313,-1,0,0,1,0,67,25,0,0,1,608011156,"7.12.4"
"C26289",1,"NXS10815600HH1",2024-05-27,-2,1,2,410,-1,0,0,1,0,5,25,0,0,1,608011156,"7.12.4"
"C26292",1,"NXS11315681HH1",2024-06-09,-2,1,2,313,-1,0,0,1,2,5,25,0,0,1,608011156,"7.12.4"
"C26295",2,"NXS10215682HH2",2024-06-09,-2,1,2,423,426,0,0,1,1,5,25,1,0,1,608011156,"7.12.4"
"C26301",1,"NXS11315685HH1",2024-06-10,-2,1,2,410,-1,0,0,1,2,123,25,0,0,1,608011156,"7.12.4"
"C26319",2,"NBN10515692HH2",2024-06-10,-2,1,2,99,-1,0,0,0,0,124,24,1,0,1,608011156,"7.12.4"
"C26322",1,"NXS13815694HH1",2024-06-11,-2,1,2,423,-1,0,0,1,0,5,25,0,0,1,608011156,"7.12.4"
"C26328",1,"NXS10915704HH1",2024-06-13,-2,1,2,423,-1,0,0,1,0,5,18,0,0,1,608011156,"7.12.4"
"C26337",1,"NXS11115699HH1",2024-06-12,-2,1,2,98,-1,0,0,0,0,5,55,0,0,1,608011156,"7.12.4"
"C26346",1,"NXS10615696HH1",2024-06-11,-2,1,2,99,209,0,0,0,2,5,25,0,0,1,608011156,"7.12.4"
"C26364",1,"NXS10615706HH1",2024-06-15,-2,1,2,99,-1,0,0,0,2,5,55,0,0,1,608011156,"7.12.4"
"C26370",1,"NXS10815711HH1",2024-06-16,-2,1,2,410,-1,0,0,1,0,135,25,0,0,1,608011156,"7.12.4"
"C26388",1,"NXS10615723HH1",2024-06-19,-2,1,2,98,698,0,0,0,0,4,25,0,0,1,608011156,"7.12.4"
"C26391",1,"NXS11315725HH1",2024-06-20,-2,1,2,313,-1,0,0,0,0,137,25,0,0,1,608011156,"7.12.4"
"C26394",1,"NXS10615929HH1",2024-07-14,-2,1,2,423,-1,0,0,1,0,5,25,0,0,1,608011156,"7.12.4"
"C26403",1,"NBN10515726HH1",2024-06-20,-2,1,2,99,-1,0,1,1,1,3,55,0,0,1,608011156,"7.12.4"
"C26406",1,"NXS11115727HH1",2024-06-20,-2,1,2,313,-1,0,1,1,0,56,25,0,0,1,608011156,"7.12.4"
"C26409",1,"RSO15216193HH1",2024-06-20,-2,5,9,410,160,0,1,1,2,5,25,0,0,1,608011156,"7.12.4"
"C26421",1,"NXS11115718HH1",2024-06-18,-2,1,2,410,-1,0,0,0,1,56,25,0,0,1,608011156,"7.12.4"
"C26424",2,"NXS11115719HH3",2024-06-18,-2,1,2,420,-1,0,9,1,1,5,25,1,0,1,608011156,"7.12.4"
"C26433",1,"NXS11315741HH1",2024-06-22,-2,1,2,99,385,0,4,0,2,5,25,0,0,1,608011156,"7.12.4"
"C26448",1,"NXS10915750HH1",2024-06-23,-2,1,2,422,-1,0,0,1,0,5,25,0,0,1,608011156,"7.12.4"
"C26478",1,"NXS10615737HH1",2024-06-21,-2,1,2,99,378,0,0,1,0,5,18,0,0,1,608011156,"7.12.4"
"C26481",1,"NXS11115717HH1",2024-06-17,-2,1,2,206,-1,0,0,1,2,235,25,0,0,1,608011156,"7.12.4"
"C26499",1,"NBN10515843HH1",2024-07-08,-2,1,2,99,-1,0,0,1,0,3,18,0,0,1,608011156,"7.12.4"
"C26505",1,"NXS11315765HH1",2024-06-27,-2,1,2,207,-1,0,0,1,2,5,24,0,0,1,608011156,"7.12.4"
"C26514",2,"NXS10615736HH2",2024-06-21,-2,1,2,423,-1,0,0,1,1,5,25,1,0,1,608011156,"7.12.4"
"C26517",2,"NXS10615729HH2",2024-06-20,-2,1,2,302,-1,0,0,0,2,3,25,1,0,1,608011156,"7.12.4"
"C26541",1,"RRH13216048HH1",2024-07-26,-2,3,5,422,-1,0,0,1,2,256,25,0,0,4,608011156,"7.12.4"
"C26547",1,"TRN10415732HH1",2024-06-20,-2,1,3,302,-1,0,0,1,2,5,25,0,0,2,608011156,"7.12.4"
"C26556",2,"NXS10615740HH2",2024-06-22,-2,1,2,420,-1,0,0,1,2,5,25,1,0,1,608011156,"7.12.4"
"C26562",1,"NXS10615770HH1",2024-06-27,-2,1,2,410,390,0,0,0,2,3,25,0,0,1,608011156,"7.12.4"
"C26571",1,"NXS11015777HH1",2024-06-28,-2,1,2,313,-1,0,9,1,1,5,55,0,0,1,608011156,"7.12.4"
"C26574",1,"NXS10615774HH1",2024-06-28,-2,1,2,420,-1,0,0,1,2,5,25,0,0,1,608011156,"7.12.4"
"C26580",1,"NBN10515798HH1",2024-06-29,-2,1,2,99,303,0,1,1,0,346,25,0,0,1,608011156,"7.12.4"
"C26589",1,"TRN10415790HH1",2024-06-29,-2,1,3,302,-1,0,0,1,0,5,25,0,0,2,608011156,"7.12.4"
"C26592",2,"NXS10215791HH2",2024-06-29,-2,1,2,431,-1,0,0,1,1,5,25,1,0,1,608011156,"7.12.4"
"C26598",2,"NXS10215793HH4",2024-06-29,-2,1,2,431,-1,0,0,0,2,3,25,1,1,1,608011156,"7.12.4"
"C26610",2,"NXS10215780HH4",2024-06-28,-2,1,2,312,-1,0,0,0,0,3,25,1,1,1,608011156,"7.12.4"
"C26622",1,"NXS10215788HH2",2024-06-29,-2,1,2,312,-1,0,1,1,2,5,25,0,0,1,608011156,"7.12.4"
"C26625",1,"NXS10615784HH1",2024-06-28,-2,1,2,99,710,0,0,0,0,3,25,0,0,1,608011156,"7.12.4"
"C26634",2,"NXS10215834HH5",2024-07-01,-2,1,2,423,-1,0,0,0,0,3,25,1,1,1,608011156,"7.12.4"
"C26646",1,"NBN10515927HH1",2024-07-14,-2,1,2,99,-1,0,0,1,0,3,25,0,0,1,608011156,"7.12.4"
"C26655",1,"NXS10615826HH1",2024-07-01,-2,1,2,99,-1,1,0,0,0,5,25,0,0,1,608011156,"7.12.4"
"C26664",1,"NXS10215828HH1",2024-07-01,-2,1,2,312,-1,0,0,1,1,25,25,0,0,1,608011156,"7.12.4"
"C26667",1,"NXS10215829HH2",2024-07-01,-2,1,2,431,-1,0,0,0,0,3,25,0,0,1,608011156,"7.12.4"
"C26673",2,"NXS10215809HH2",2024-06-30,-2,1,2,422,521,0,0,0,2,3,25,1,0,1,608011156,"7.12.4"
"C26682",2,"NXS10215811HH4",2024-06-30,-2,1,2,313,-1,0,0,0,1,5,25,1,1,1,608011156,"7.12.4"
"C26694",2,"NXS10215815HH5",2024-06-30,-2,1,2,422,-1,0,0,0,0,3,25,1,1,1,608011156,"7.12.4"
"C26721",1,"RRH12415851HH1",2024-07-05,-2,1,7,420,-1,1,0,1,0,156,55,0,0,4,608011156,"7.12.4"
"C26730",2,"NXS10215866HH3",2024-07-06,-2,1,2,410,-1,0,0,0,0,5,25,1,0,1,608011156,"7.12.4"
"C26739",2,"NXS10215873HH2",2024-07-07,-2,1,2,312,-1,0,0,0,2,5,25,1,0,1,608011156,"7.12.4"
"C26748",1,"NXS10615842HH1",2024-07-01,-2,1,2,420,-1,0,0,0,0,3,24,0,0,1,608011156,"7.12.4"
"C26751",1,"NXS10615844HH1",2024-07-04,-2,1,2,204,-1,0,0,1,2,5,55,0,0,1,608011156,"7.12.4"
"C26781",1,"NXS11115889HH1",2024-07-09,-2,1,2,313,76,0,0,1,0,3,25,0,0,1,608011156,"7.12.4"
"C26787",1,"RRH12315983HH1",2024-07-08,-2,5,5,99,376,1,0,0,0,5,25,0,0,5,608011156,"7.12.4"
"C26790",1,"NXS11315898HH1",2024-07-12,-2,1,2,99,-1,0,0,0,2,5,25,0,0,1,608011156,"7.12.4"
"C26793",2,"NXS11115892HH4",2024-07-11,-2,1,2,101,-1,0,0,1,1,3,25,1,0,1,608011156,"7.12.4"
"C26844",2,"NXS10215921HH3",2024-07-13,-2,1,2,312,-1,0,0,0,2,5,25,1,0,1,608011156,"7.12.4"
"C26856",1,"NXS11315928HH1",2024-07-14,-2,1,2,419,108,0,0,1,0,26,25,0,0,1,608011156,"7.12.4"
"C26865",1,"NXS10615937HH1",2024-07-15,-2,1,2,420,-1,0,0,1,0,5,55,0,0,1,608011156,"7.12.4"
"C26877",1,"NXS11115947HH1",2024-07-15,-2,1,2,206,-1,0,0,1,2,34,25,0,0,1,608011156,"7.12.4"
"C26883",1,"RRH12415941HH2",2024-07-15,-2,1,5,410,-1,1,1,1,1,5,25,0,0,4,608011156,"7.12.4"
"C26892",1,"NXS10815953HH1",2024-07-17,-2,1,2,312,-1,0,0,1,0,5,25,0,0,1,608011156,"7.12.4"
"C26895",1,"NXS11315959HH1",2024-07-18,-2,1,2,313,230,0,0,0,2,5,25,0,0,1,608011156,"7.12.4"
"C26898",1,"NXS11115915HH1",2024-07-13,-2,1,2,312,-1,0,0,1,0,6,25,0,0,1,608011156,"7.12.4"
"C26907",2,"NXS13815954HH4",2024-07-18,-2,1,2,410,-1,0,0,0,0,37,25,1,0,1,608011156,"7.12.4"
"C26934",1,"NXS10615897HH1",2024-07-12,-2,1,2,420,425,0,9,1,0,3,25,0,0,1,608011156,"7.12.4"
"C26937",1,"NXS10615913HH1",2024-07-13,-2,1,2,420,91,0,0,0,2,3,25,0,0,1,608011156,"7.12.4"
"C26949",1,"NXS10616032HH1",2024-07-25,-2,1,2,420,-1,0,1,1,0,5,25,0,0,1,608011156,"7.12.4"
"C26961",1,"NXS11015978HH1",2024-07-19,-2,1,2,410,-1,0,0,1,0,5,25,0,0,1,608011156,"7.12.4"
"C26973",1,"NBN10516003HH1",2024-07-22,-2,1,2,99,171,0,0,1,0,3,25,0,0,1,608011156,"7.12.4"
"C26979",1,"TRN11715678HH1",2024-06-08,-2,1,3,205,-1,0,0,1,0,5,18,0,0,2,608011156,"7.12.4"
"C26979",3,"TRN11715200HH1",2024-04-12,-2,1,3,313,-1,0,9,1,0,5,-1,0,0,2,608011156,"7.12.4"
"C26982",1,"TRN11713462HH1",2023-12-13,-2,1,3,215,-1,0,0,1,0,5,18,0,0,2,608011156,"7.12.4"
"C26985",3,"TRN11715461HH1",2024-05-12,-2,1,3,215,-1,0,9,1,0,56,-1,0,0,2,608011156,"7.12.4"
"C26988",3,"TRN11715508HH1",2024-05-18,-2,1,3,215,-1,0,0,1,0,5,-1,0,0,2,608011156,"7.12.4"
"C26994",1,"NXS11316459HH1",2024-09-05,-2,5,2,313,17,0,0,0,2,5,25,0,0,1,608011156,"7.12.4"
"C27000",1,"NXS11316035HH1",2024-07-25,-2,1,2,410,-1,0,0,1,0,5,25,0,0,1,608011156,"7.12.4"
"C27009",3,"TRN11714813HH1",2024-02-18,-2,1,3,215,-1,0,9,1,0,5,-1,0,0,2,608011156,"7.12.4"
"C27012",1,"NXS13816026HH1",2024-07-24,-2,1,2,422,141,0,0,1,0,126,18,0,0,1,608011156,"7.12.4"
"C27015",1,"NXS10616039HH1",2024-07-25,-2,1,2,204,-1,0,0,1,0,16,55,0,0,1,608011156,"7.12.4"
"C27018",1,"NXS10616033HH1",2024-07-25,-2,1,2,420,-1,0,0,1,0,5,25,0,0,1,608011156,"7.12.4"
"C27024",1,"NXS11115993HH1",2024-07-21,-2,1,2,302,295,0,0,1,0,5,25,0,0,1,608011156,"7.12.4"
"C27027",2,"NXS11116051HH5",2024-07-26,-2,1,2,314,-1,0,4,0,2,5,25,1,1,1,608011156,"7.12.4"
"C27063",1,"NXS15116019HH1",2024-07-22,-2,1,2,410,-1,0,0,0,0,5,25,0,0,1,608011156,"7.12.4"
"C27066",1,"NXS10616061HH1",2024-07-27,-2,1,2,420,-1,0,0,1,0,5,55,0,0,1,608011156,"7.12.4"
"C27078",3,"TRN11716020HH1",2024-07-22,-2,1,3,215,-1,0,0,1,0,5,-1,0,0,2,608011156,"7.12.4"
"C27084",1,"NXS11416099HH1",2024-07-29,-2,1,2,314,247,1,0,1,0,5,55,0,0,1,608011156,"7.12.4"
"C27129",1,"NXS15116100HH1",2024-07-29,-2,1,2,313,-1,0,0,0,2,167,25,0,0,1,608011156,"7.12.4"
"C27132",2,"NXS11116115HH3",2024-08-01,-2,1,2,98,-1,0,0,1,0,3,25,1,0,1,608011156,"7.12.4"
"C27150",1,"NXS10916139HH1",2024-08-02,-2,1,2,422,58,0,0,0,0,56,18,0,0,1,608011156,"7.12.4"
"C27174",1,"NXS11116137HH1",2024-08-02,-2,1,2,423,-1,1,0,1,0,5,25,0,0,1,608011156,"7.12.4"
"C27195",1,"NBN10516341HH1",2024-08-08,-2,5,2,99,19,0,0,1,0,5,25,0,0,1,608011156,"7.12.4"
"C27216",2,"NXS10616179HH3",2024-08-07,-2,1,2,411,-1,0,0,0,2,345,25,1,0,1,608011156,"7.12.4"
"C27222",1,"NXS10616149HH1",2024-08-04,-2,1,2,420,-1,0,0,0,2,35,25,0,0,1,608011156,"7.12.4"
"C27225",1,"NXS11216021HH1",2024-07-22,-2,1,2,410,-1,0,0,1,0,5,25,0,0,1,608011156,"7.12.4"
"C27228",3,"NXS11215799HH1",2024-06-29,-2,1,2,99,-1,0,0,1,0,5,-1,0,0,1,608011156,"7.12.4"
"C27231",1,"NXS11215965HH1",2024-07-18,-2,1,2,98,620,0,0,1,2,346,25,0,0,1,608011156,"7.12.4"
"C27243",1,"NXS11316196HH1",2024-08-10,-2,1,2,422,399,0,4,0,0,5,55,0,0,1,608011156,"7.12.4"
"C27249",1,"NXS11116187HH1",2024-08-09,-2,1,2,410,-1,0,0,0,2,56,25,0,0,1,608011156,"7.12.4"
"C27273",2,"NBN10516228HH3",2024-08-14,-2,1,2,99,-1,1,0,1,1,5,25,1,0,1,608011156,"7.12.4"
"C27282",1,"NXS10616226HH1",2024-08-13,-2,1,2,207,-1,0,0,0,0,457,25,0,0,1,608011156,"7.12.4"
"C27285",3,"TRN11716131HH1",2024-08-01,-2,1,3,422,-1,0,0,0,0,5,-1,0,0,2,608011156,"7.12.4"
"C27288",3,"TRN11716132HH1",2024-08-01,-2,1,3,422,-1,0,0,1,0,5,-1,0,0,2,608011156,"7.12.4"
"C27294",3,"TRN11716192HH1",2024-08-09,-2,1,3,207,-1,0,9,1,0,3,-1,0,0,2,608011156,"7.12.4"
"C27300",1,"NXS15116219HH1",2024-08-12,-2,1,2,313,-1,0,0,1,0,5,25,0,0,1,608011156,"7.12.4"
"C27309",3,"TRN11716330HH1",2024-08-23,-2,2,3,422,-1,0,0,0,0,3,-1,0,0,2,608011156,"7.12.4"
"C27315",3,"TRN11710997HH1",2023-08-31,-2,1,3,207,-1,0,9,1,0,3,-1,0,0,2,608011156,"7.12.4"
"C27318",3,"TRN11711181HH1",2023-09-10,-2,1,3,422,-1,0,9,1,0,3,-1,0,0,2,608011156,"7.12.4"
"C27321",1,"NXS10616220HH1",2024-08-12,-2,1,2,423,329,0,0,0,1,3,25,0,0,1,608011156,"7.12.4"
"C27324",1,"NXS11216186HH1",2024-08-08,-2,1,2,422,-1,0,0,0,0,2,25,0,0,1,608011156,"7.12.4"
"C27336",3,"TRN11712394HH1",2023-11-04,-2,1,3,207,-1,0,0,1,0,3,-1,0,0,2,608011156,"7.12.4"
"C27339",3,"TRN11712323HH1",2023-11-01,-2,1,3,215,-1,0,9,1,0,5,-1,0,0,2,608011156,"7.12.4"
"C27342",3,"TRN11712624HH1",2023-11-11,-2,1,3,215,-1,0,0,1,0,5,-1,0,0,2,608011156,"7.12.4"
"C27345",3,"TRN11712793HH1",2023-11-17,-2,1,3,215,524,0,0,1,0,5,-1,0,0,2,608011156,"7.12.4"
"C27348",3,"TRN11712888HH1",2023-11-20,-2,1,3,206,-1,0,0,1,0,4,-1,0,0,2,608011156,"7.12.4"
"C27351",3,"TRN11713327HH1",2023-12-08,-2,1,3,422,-1,0,0,1,0,56,-1,0,0,2,608011156,"7.12.4"
"C27375",3,"TRN11713612HH1",2023-12-18,-2,1,3,422,-1,0,0,1,0,3,-1,0,0,2,608011156,"7.12.4"
"C27378",3,"TRN11713775HH1",2023-12-24,-2,1,3,422,-1,0,9,1,0,5,-1,0,0,2,608011156,"7.12.4"
"C27381",3,"TRN11714091HH1",2024-01-05,-2,1,3,215,-1,0,0,1,0,7,-1,0,0,2,608011156,"7.12.4"
"C27384",3,"TRN11714784HH1",2024-02-15,-2,1,3,99,-1,0,1,1,0,56,-1,0,0,2,608011156,"7.12.4"
"C27387",3,"TRN11714903HH1",2024-03-11,-2,1,3,422,-1,0,0,0,0,13,-1,0,0,2,608011156,"7.12.4"
"C27393",1,"NXS10616274HH1",2024-08-18,-2,1,2,410,-1,0,0,0,0,5,25,0,0,1,608011156,"7.12.4"
"C27420",1,"NXS10916289HH1",2024-08-19,-2,1,2,423,-1,0,0,0,0,14,25,0,0,1,608011156,"7.12.4"
"C27444",1,"NXS11116246HH1",2024-08-16,-2,1,2,314,-1,0,4,0,1,5,25,0,0,1,608011156,"7.12.4"
"C27447",2,"NXS11116275HH3",2024-08-18,-2,1,2,302,323,0,1,1,0,3,24,1,0,1,608011156,"7.12.4"
"C27456",1,"NXS11616399HH1",2024-08-31,-2,1,2,420,-1,0,0,0,0,3,25,0,0,1,608011156,"7.12.4"
"C27459",1,"NXS11316327HH1",2024-08-23,-2,1,2,207,30,0,0,0,0,3,25,0,0,1,608011156,"7.12.4"
"C27462",1,"NBN10516310HH1",2024-08-28,-2,1,2,99,30,0,0,1,0,5,25,0,0,1,608011156,"7.12.4"
"C27480",1,"NBN10516291HH1",2024-08-21,-2,1,2,99,295,0,4,0,0,3,25,0,0,1,608011156,"7.12.4"
"C27486",1,"NXS11416318HH1",2024-08-23,-2,1,2,312,201,0,4,0,0,5,25,0,0,1,608011156,"7.12.4"
"C27519",1,"NXS11016316HH1",2024-08-23,-2,1,2,312,-1,0,0,1,2,5,25,0,0,1,608011156,"7.12.4"
"C27540",1,"NXS13816358HH1",2024-08-26,-2,1,2,422,-1,0,0,0,2,5,25,0,0,1,608011156,"7.12.4"
"C27555",1,"NBN10516373HH1",2024-08-26,-2,5,2,99,57,0,1,1,0,3,55,0,0,1,608011156,"7.12.4"
"C27576",2,"NXS10616389HH2",2024-08-30,-2,1,2,410,338,0,0,0,1,3,18,1,0,1,608011156,"7.12.4"
"C27609",1,"NXS11016403HH1",2024-08-31,-2,1,2,422,627,0,0,0,0,5,25,0,0,1,608011156,"7.12.4"
"C27612",1,"NXS10916412HH1",2024-09-01,-2,1,2,422,-1,0,0,0,0,67,55,0,0,1,608011156,"7.12.4"
"C27648",1,"NBN10516468HH1",2024-09-07,-2,1,2,99,-1,0,0,1,0,5,18,0,0,1,608011156,"7.12.4"
"C27678",1,"NXS11116485HH1",2024-09-06,-2,1,2,313,48,0,1,1,0,126,25,0,0,1,608011156,"7.12.4"
"C27699",3,"TRN11716254HH1",2024-08-17,-2,1,3,422,-1,0,0,1,0,35,-1,0,0,2,608011156,"7.12.4"
"C27702",1,"TRN11716349HH1",2024-08-25,-2,1,3,215,-1,0,0,0,0,2,18,0,0,2,608011156,"7.12.4"
"C27717",1,"NXS10816432HH1",2024-09-02,-2,1,2,422,319,0,0,0,0,5,25,0,0,1,608011156,"7.12.4"
"C27726",3,"TRN11716494HH1",2024-09-07,-2,1,3,422,-1,0,0,1,0,5,-1,0,0,2,608011156,"7.12.4"
"C27732",2,"NXS11016495HH2",2024-09-07,-2,1,2,99,-1,0,0,1,2,3,25,1,0,1,608011156,"7.12.4"
"C27738",1,"NBN10516511HH1",2024-09-16,-2,1,2,99,17,0,1,1,0,5,25,0,0,1,608011156,"7.12.4"
"C27816",1,"NXS12716554HH1",2024-09-13,-2,1,2,99,87,0,0,0,0,5,25,0,0,1,608011156,"7.12.4"
"C27822",2,"NXS10216502HH2",2024-09-08,-2,1,2,313,-1,0,0,0,0,5,25,1,0,1,608011156,"7.12.4"
"C27831",1,"NXS11016555HH1",2024-09-13,-2,1,2,98,320,0,0,1,2,246,24,0,0,1,608011156,"7.12.4"
"C28125",1,"NXS13516433HH1",2024-09-02,-2,1,2,99,-1,0,9,1,1,24,25,0,0,1,608011156,"7.12.4"
"C28134",1,"NXS13516112HH1",2024-07-31,-2,1,2,313,-1,0,0,0,0,5,55,0,0,1,608011156,"7.12.4"
"C28170",1,"NXS13516262HH1",2024-08-18,-2,1,2,98,-1,0,0,1,2,5,55,0,0,1,608011156,"7.12.4"
"C28206",1,"NXS13516234HH1",2024-08-15,-2,1,2,98,-1,0,0,1,0,5,25,0,0,1,608011156,"7.12.4"
"C28221",1,"NXS13515664HH1",2024-06-08,-2,1,2,98,-1,0,0,0,0,5,25,0,0,1,608011156,"7.12.4"
"C28224",1,"NXS13516201HH1",2024-08-11,-2,1,2,98,-1,0,0,0,0,46,25,0,0,1,608011156,"7.12.4"
"C28227",1,"NXS13516240HH1",2024-08-16,-2,1,2,99,-1,0,9,1,0,56,25,0,0,1,608011156,"7.12.4"
"C29661",1,"NXS12913777HH1",2023-12-24,-2,1,2,98,-1,0,4,0,0,5,25,0,0,1,608011156,"7.12.4"
"C29664",1,"NXS12915018HH1",2024-03-23,-2,1,2,207,-1,0,1,1,1,127,18,0,0,1,608011156,"7.12.4"
"C29667",1,"NXS12915940HH1",2024-07-15,-2,1,2,98,-1,0,0,1,0,5,25,0,0,1,608011156,"7.12.4"
"C29670",1,"NXS12916110HH1",2024-07-31,-2,1,2,98,-1,0,6,1,0,5,25,0,0,1,608011156,"7.12.4"
"C29676",1,"NXS12915529HH1",2024-05-23,-2,1,2,207,-1,0,0,1,0,3,25,0,0,1,608011156,"7.12.4"
"C29703",1,"NXS12915697HH1",2024-06-12,-2,1,2,99,672,0,0,0,0,5,25,0,0,1,608011156,"7.12.4"
"C29715",1,"NXS12915385HH1",2024-05-02,-2,1,2,99,-1,0,0,0,0,5,24,0,0,1,608011156,"7.12.4"
"C29721",1,"NXS12916107HH1",2024-07-30,-2,1,2,99,-1,0,0,1,0,5,25,0,0,1,608011156,"7.12.4"
"C29733",1,"NXS12916120HH1",2024-08-01,-2,1,2,99,-1,0,0,0,0,3,18,0,0,1,608011156,"7.12.4"
"C29742",1,"NXS12915924HH1",2024-07-14,-2,1,2,99,-1,0,0,1,0,5,25,0,0,1,608011156,"7.12.4"
"C29754",1,"NXS12916224HH1",2024-08-13,-2,1,2,434,-1,0,0,0,0,157,25,0,0,1,608011156,"7.12.4"
"C29922",1,"NXS13514790HH1",2024-02-16,-2,1,2,99,286,0,9,0,0,5,25,0,0,1,608011156,"7.12.4"
"C32337",1,"NXS11412691HH1",2023-11-13,-2,1,2,204,-1,0,0,0,0,5,25,0,0,1,608011156,"7.12.4"
"C32412",1,"TRN10414966HH1",2024-03-17,-2,1,3,329,-1,0,0,1,0,5,25,0,0,2,608011156,"7.12.4"
"C33441",99,"NXS13514808HH1",2024-02-17,-2,1,2,99,-1,0,9,0,0,98,-1,0,0,1,608011156,"7.12.4"
"C33447",99,"NXS13514697HH1",2024-02-03,-2,1,2,98,-1,0,9,0,0,98,-1,0,0,1,608011156,"7.12.4"
"C10992",1,"NXS11619447HH1",2025-04-30,-1,1,2,98,153,0,4,0,0,5,55,0,0,1,608011156,"7.12.3"
"C11022",1,"RRH13217473HH1",2024-11-22,-1,1,7,207,-1,0,1,1,0,5,25,0,0,4,608011156,"7.12.3"
"C11028",1,"NXS13818547HH1",2025-02-15,-1,1,2,420,212,0,0,1,2,126,55,0,0,1,608011156,"7.12.3"
"C11031",1,"RRH14016411HH1",2024-06-08,-1,5,5,423,31,0,0,1,0,147,55,0,0,5,608011156,"7.12.3"
"C11040",1,"NXS11620789HH1",2025-07-26,-1,3,2,422,-1,0,0,1,0,237,18,0,0,1,608011156,"7.12.3"
"C11043",1,"NBN10518740HH1",2025-03-07,-1,4,2,99,16,0,4,0,0,5,55,0,0,1,608011156,"7.12.3"
"C11049",1,"NXS11119912HH2",2025-06-03,-1,1,2,433,-1,0,0,1,2,3,25,0,0,1,608011156,"7.12.3"
"C11067",1,"RRH14317074HH1",2024-10-21,-1,1,5,410,-1,0,1,1,0,5,55,0,0,4,608011156,"7.12.3"
"C11073",1,"NXS11117164HH1",2024-10-29,-1,3,2,410,-1,0,0,1,0,146,55,0,0,1,608011156,"7.12.3"
"C11079",1,"NXS10820321HH1",2025-06-28,-1,1,2,422,-1,1,0,1,1,5,55,0,0,1,608011156,"7.12.3"
"C11085",1,"NXS10920058HH1",2025-06-14,-1,1,2,98,-1,0,0,0,0,5,25,0,0,1,608011156,"7.12.3"
"C11088",1,"NXS11121487HH1",2025-08-30,-1,1,2,98,-1,0,1,1,0,5,25,0,0,1,608011156,"7.12.3"
"C11112",1,"NXS10619146HH1",2025-04-07,-1,1,2,410,-1,0,0,0,0,5,55,0,0,1,608011156,"7.12.3"
"C11118",1,"NXS10617762HH1",2024-12-14,-1,1,2,312,-1,0,0,0,0,5,24,0,0,1,608011156,"7.12.3"
"C11124",2,"NXS10218446HH2",2025-02-06,-1,2,2,99,-1,0,0,0,2,5,25,1,0,1,608011156,"7.12.3"
"C11136",1,"RRH14316985HH1",2024-10-17,-1,2,7,98,-1,0,0,1,2,5,25,0,0,4,608011156,"7.12.3"
"C11142",1,"NXS10620671HH1",2025-07-20,-1,1,2,101,-1,1,0,1,0,5,25,0,0,1,608011156,"7.12.3"
"C11163",3,"NXS10618441HH1",2025-02-05,-1,1,2,101,239,0,0,0,0,5,-1,0,0,1,608011156,"7.12.3"
"C11172",1,"TRN11818909HH1",2025-03-19,-1,4,3,314,369,1,1,1,0,5,55,0,0,2,608011156,"7.12.3"
"C11175",1,"NBN10520208HH1",2025-06-23,-1,2,2,99,-1,0,0,1,0,13,55,0,0,1,608011156,"7.12.3"
"C11178",1,"NXS10817368HH1",2024-11-15,-1,2,2,302,-1,0,9,1,0,5,55,0,0,1,608011156,"7.12.3"
"C11184",2,"RRH14317284HH5",2024-11-09,-1,1,5,410,-1,0,0,0,0,5,25,1,1,4,608011156,"7.12.3"
"C11187",2,"NXS10220179HH2",2025-06-21,-1,1,2,99,-1,0,1,1,1,3,25,1,0,1,608011156,"7.12.3"
"C11190",1,"NXS10218312HH2",2025-01-25,-1,1,2,313,-1,0,0,1,0,14,25,1,0,1,608011156,"7.12.3"
"C11199",1,"NXS11119296HH1",2025-04-18,-1,1,2,434,-1,0,0,0,0,1,55,0,0,1,608011156,"7.12.3"
"C11205",2,"NXS13819683HH2",2025-05-17,-1,1,2,313,-1,0,0,1,0,5,18,1,0,1,608011156,"7.12.3"
"C11235",1,"NXS10618059HH1",2025-01-07,-1,1,2,420,-1,0,0,0,2,5,55,0,0,1,608011156,"7.12.3"
"C11241",1,"NXS10620344HH1",2025-07-01,-1,1,2,431,-1,0,0,1,2,3,25,0,0,1,608011156,"7.12.3"
"C11253",1,"NXS10617157HH1",2024-10-28,-1,1,2,98,211,0,0,0,0,3,25,0,0,1,608011156,"7.12.3"
"C11256",1,"NXS10617959HH1",2024-12-30,-1,2,2,99,-1,0,0,1,0,7,25,0,0,1,608011156,"7.12.3"
"C11274",1,"NXS11620090HH1",2025-06-16,-1,1,2,329,-1,0,0,1,2,5,25,0,0,1,608011156,"7.12.3"
"C11280",1,"NXS10618250HH1",2025-01-20,-1,1,2,313,-1,0,0,1,0,5,25,0,0,1,608011156,"7.12.3"
"C11292",1,"NXS11017601HH1",2024-12-02,-1,2,2,314,56,0,0,1,0,5,25,0,0,1,608011156,"7.12.3"
"C11301",1,"NXS11619963HH1",2025-06-06,-1,1,2,302,-1,0,0,0,1,3,18,0,0,1,608011156,"7.12.3"
"C11307",2,"NXS11119151HH2",2025-04-08,-1,1,2,98,-1,0,0,0,2,98,25,1,0,1,608011156,"7.12.3"
"C11310",1,"NXS11620820HH1",2025-07-29,-1,1,2,101,-1,0,0,1,0,16,25,0,0,1,608011156,"7.12.3"
"C11313",1,"NXS10617751HH1",2024-12-13,-1,1,2,312,504,0,0,1,2,5,25,0,0,1,608011156,"7.12.3"
"C11325",1,"NXS10619816HH2",2025-05-28,-1,1,2,99,-1,0,0,1,0,17,25,0,0,1,608011156,"7.12.3"
"C11334",1,"NBN10518104HH1",2025-01-10,-1,1,2,99,-1,0,4,0,2,23,55,0,0,1,608011156,"7.12.3"
"C11343",1,"NXS10618201HH1",2025-01-17,-1,1,2,101,-1,0,0,0,0,5,25,0,0,1,608011156,"7.12.3"
"C11346",1,"NXS10819688HH1",2025-05-17,-1,1,2,302,-1,0,0,0,0,5,55,0,0,1,608011156,"7.12.3"
"C11364",1,"TRN11721611HH1",2025-09-05,-1,1,3,422,-1,0,0,1,0,5,18,0,0,2,608011156,"7.12.3"
"C11367",2,"NXS10218687HH6",2025-02-24,-1,1,2,313,-1,0,0,0,2,3,25,1,1,1,608011156,"7.12.3"
"C11382",1,"NXS11621641HH1",2025-09-06,-1,1,2,314,-1,0,0,0,0,3,25,0,0,1,608011156,"7.12.3"
"C11400",1,"NXS14717711HH1",2024-12-11,-1,1,2,313,-1,1,0,1,0,35,25,0,0,1,608011156,"7.12.3"
"C11403",1,"NXS12717043HH1",2024-10-19,-1,1,2,116,72,0,4,0,0,5,25,0,0,1,608011156,"7.12.3"
"C11409",1,"TRN11816404HH1",2024-08-31,-1,1,3,410,-1,1,0,1,0,3,55,0,0,2,608011156,"7.12.3"
"C11418",1,"NXS11119108HH2",2025-04-04,-1,3,2,410,-1,0,0,1,0,5,25,0,0,1,608011156,"7.12.3"
"C11427",1,"NXS11320597HH1",2025-07-17,-1,1,2,313,-1,0,0,1,0,3,25,0,0,1,608011156,"7.12.3"
"C11430",1,"NXS11120293HH2",2025-06-27,-1,2,2,410,-1,0,2,1,2,5,25,0,0,1,608011156,"7.12.3"
"C11475",1,"RRH14110153HH1",2023-01-04,-1,1,5,433,-1,0,0,1,2,5,25,0,0,-1,608011156,"7.12.1"
"C11481",1,"NXS14716885HH1",2024-10-10,-1,4,2,312,-1,0,9,1,0,5,55,0,0,1,608011156,"7.12.3"
"C11487",1,"NXS14717090HH1",2024-09-06,-1,5,2,423,324,0,4,0,0,5,25,0,0,1,608011156,"7.12.3"
"C11490",2,"NXS10218526HH3",2025-02-13,-1,1,2,99,-1,0,0,0,2,5,25,1,0,1,608011156,"7.12.3"
"C11493",1,"NXS11219366HH1",2025-04-24,-1,1,2,312,-1,0,0,1,0,5,55,0,0,1,608011156,"7.12.3"
"C11502",1,"HAV13715827HH1",2024-07-01,-1,1,4,434,-1,1,0,1,0,3,55,0,0,1,608011156,"7.12.3"
"C11511",1,"NXS10618220HH1",2025-01-18,-1,1,2,410,-1,0,0,0,3,3,25,0,0,1,608011156,"7.12.3"
"C11514",1,"NXS11320278HH1",2025-06-27,-1,1,2,312,-1,0,4,0,2,3,25,0,0,1,608011156,"7.12.3"
"C11517",1,"NXS10618940HH1",2025-03-21,-1,1,2,99,97,0,0,0,0,5,25,0,0,1,608011156,"7.12.3"
"C11532",2,"NXS11120951HH5",2025-08-04,-1,1,2,312,183,0,0,1,0,56,25,1,1,1,608011156,"7.12.3"
"C11538",1,"NXS10618843HH1",2025-03-13,-1,3,2,99,186,0,0,1,0,5,25,0,0,1,608011156,"7.12.3"
"C11550",2,"NXS10217642HH3",2024-12-05,-1,1,2,410,-1,0,0,0,2,3,25,1,0,1,608011156,"7.12.3"
"C11559",1,"NXS10620027HH1",2025-06-11,-1,3,2,410,84,0,0,1,0,5,25,0,0,1,608011156,"7.12.3"
"C11565",1,"NXS10616520HH1",2024-09-10,-1,1,2,420,-1,0,0,1,0,3,25,0,0,1,608011156,"7.12.3"
"C11580",1,"NXS11317075HH1",2024-10-21,-1,4,2,116,-1,0,6,1,1,127,25,0,0,1,608011156,"7.12.3"
"C11583",1,"NXS11316335HH1",2024-08-24,-1,4,2,99,399,0,1,1,0,13,25,0,0,1,608011156,"7.12.3"
"C11586",1,"NXS11118857HH1",2025-03-14,-1,1,2,313,-1,0,0,1,2,5,55,0,0,1,608011156,"7.12.3"
"C11601",1,"TRN11716645HH1",2024-09-22,-1,1,3,99,-1,0,0,1,0,5,18,0,0,2,608011156,"7.12.3"
"C11604",2,"NXS10618614HH3",2025-02-17,-1,1,2,420,-1,0,0,1,1,3,25,1,0,1,608011156,"7.12.3"
"C11616",1,"NXS10616517HH1",2024-09-10,-1,4,2,98,-1,0,0,1,2,5,25,0,0,1,608011156,"7.12.3"
"C11640",1,"NXS11317522HH1",2024-11-27,-1,1,2,422,-1,0,0,0,0,5,25,0,0,1,608011156,"7.12.3"
"C11682",1,"NXS10616698HH1",2024-09-28,-1,1,2,420,-1,0,0,0,0,3,25,0,0,1,608011156,"7.12.3"
"C11700",1,"NXS11317585HH1",2024-12-01,-1,1,2,98,-1,0,0,1,0,56,25,0,0,1,608011156,"7.12.3"
"C11715",1,"NBN10520289HH1",2025-06-27,-1,1,2,99,-1,0,0,0,3,3,25,0,0,1,608011156,"7.12.3"
"C11733",1,"NXS11620809HH1",2025-07-27,-1,3,2,99,-1,0,0,1,2,5,55,0,0,1,608011156,"7.12.3"
"C11736",1,"NXS12717603HH1",2024-10-26,-1,5,2,101,15,0,0,1,0,56,25,0,0,1,608011156,"7.12.3"
"C11742",1,"NXS11315800HH1",2024-06-30,-1,3,2,434,-1,0,1,1,0,5,55,0,0,1,608011156,"7.12.3"
"C11748",1,"NXS11318596HH1",2025-02-17,-1,1,2,314,-1,0,0,1,0,3,55,0,0,1,608011156,"7.12.3"
"C11754",1,"NXS14717000HH1",2024-10-18,-1,4,2,313,218,0,4,0,0,3,25,0,0,1,608011156,"7.12.3"
"C11781",1,"NXS10617912HH1",2024-12-27,-1,1,2,99,76,0,1,1,0,3,25,0,0,1,608011156,"7.12.3"
"C11793",1,"NXS11319349HH1",2025-04-23,-1,1,2,313,-1,0,0,0,0,3,25,0,0,1,608011156,"7.12.3"
"C11796",1,"NXS14717686HH1",2024-12-08,-1,3,2,313,271,0,1,1,0,247,25,0,0,1,608011156,"7.12.3"
"C11814",1,"NXS11619615HH1",2025-05-11,-1,1,2,410,361,0,0,0,0,3,55,0,0,1,608011156,"7.12.3"
"C11817",1,"NXS11118412HH1",2025-02-01,-1,3,2,98,204,0,1,1,0,5,55,0,0,1,608011156,"7.12.3"
"C11823",1,"NXS10620761HH1",2025-07-25,-1,1,2,98,-1,0,1,1,2,3,25,0,0,1,608011156,"7.12.3"
"C11832",1,"NXS11318603HH1",2025-02-17,-1,1,2,431,-1,0,6,1,0,3,25,0,0,1,608011156,"7.12.3"
"C11838",1,"NXS11321600HH1",2025-09-05,-1,1,2,422,-1,0,0,1,0,3,25,0,0,1,608011156,"7.12.3"
"C11856",1,"NXS11317524HH1",2024-11-27,-1,1,2,410,-1,0,9,1,0,3,25,0,0,1,608011156,"7.12.3"
"C11871",1,"NXS11319787HH1",2025-05-25,-1,1,2,313,51,0,1,1,0,3,55,0,0,1,608011156,"7.12.3"
"C11880",1,"NXS10616497HH1",2024-09-07,-1,4,2,99,305,0,0,0,2,5,25,0,0,1,608011156,"7.12.3"
"C11883",1,"NXS10617693HH1",2024-12-09,-1,1,2,204,-1,0,0,1,0,3,25,0,0,1,608011156,"7.12.3"
"C11925",1,"NXS11318795HH1",2025-03-07,-1,1,2,423,-1,1,1,1,0,56,25,0,0,1,608011156,"7.12.3"
"C11979",1,"NXS10819298HH1",2025-04-18,-1,1,2,99,-1,0,0,1,0,5,55,0,0,1,608011156,"7.12.3"
"C11985",1,"NXS14717740HH1",2024-12-13,-1,1,2,410,-1,0,0,1,0,5,25,0,0,1,608011156,"7.12.3"
"C11988",1,"NXS10618907HH1",2025-03-19,-1,1,2,99,-1,1,0,0,0,3,55,0,0,1,608011156,"7.12.3"
"C12015",1,"HAV13710109HH1",2022-08-18,-1,1,4,410,-1,1,1,1,0,5,55,0,0,1,608011156,"7.12.3"
"C12018",1,"NXS11320147HH1",2025-06-20,-1,1,2,302,204,1,4,0,0,7,55,0,0,1,608011156,"7.12.3"
"C12039",1,"NXS11219416HH1",2025-04-27,-1,1,2,410,-1,0,0,1,2,13,25,0,0,1,608011156,"7.12.3"
"C12066",1,"RRH16020823HH1",2025-07-30,-1,1,5,440,59,0,1,1,1,46,25,0,0,4,608011156,"7.12.3"
"C12072",1,"NXS10619343HH1",2025-04-22,-1,1,2,204,-1,0,9,1,2,5,25,0,0,1,608011156,"7.12.3"
"C12084",1,"RRH12118493HH1",2025-01-09,-1,5,5,410,-1,0,1,1,0,5,25,0,0,5,608011156,"7.12.3"
"C12093",1,"NBN10521142HH1",2025-08-16,-1,1,2,99,-1,0,0,0,0,5,25,0,0,1,608011156,"7.12.3"
"C12132",1,"TRN10419697HH1",2025-05-18,-1,1,3,99,86,0,1,1,0,5,55,0,0,2,608011156,"7.12.3"
"C12135",2,"NXS10621429HH2",2025-08-27,-1,3,2,99,-1,0,1,1,0,35,25,1,0,1,608011156,"7.12.3"
"C12138",1,"NXS10620552HH1",2025-07-13,-1,4,2,431,132,0,0,1,0,5,25,0,0,1,608011156,"7.12.3"
"C12147",1,"NXS14717688HH1",2024-12-08,-1,4,2,116,257,0,1,1,2,56,55,0,0,1,608011156,"7.12.3"
"C12171",1,"NBN10517682HH1",2024-12-07,-1,1,2,99,-1,0,0,1,2,5,25,0,0,1,608011156,"7.12.3"
"C12192",1,"NXS10619459HH1",2025-05-01,-1,1,2,206,-1,0,0,1,0,36,25,0,0,1,608011156,"7.12.3"
"C12195",1,"RRH13217273HH1",2024-11-08,-1,5,5,433,278,0,9,1,0,5,25,0,0,4,608011156,"7.12.3"
"C12198",2,"RRH16016391HH4",2024-08-30,-1,2,7,99,-1,0,0,0,2,3,25,1,1,4,608011156,"7.12.3"
"C12213",1,"RRH12118494HH1",2025-02-09,-1,4,7,312,-1,0,1,1,0,13,25,0,0,4,608011156,"7.12.3"
"C12228",1,"RRH12119217HH1",2025-04-02,-1,5,7,99,280,0,0,1,2,5,25,0,0,5,608011156,"7.12.3"
"C12231",1,"RRH13316340HH1",2024-08-13,-1,5,5,410,-1,0,2,1,0,5,25,0,0,5,608011156,"7.12.3"
"C12249",1,"NXS11418724HH1",2025-02-28,-1,3,2,423,109,0,1,1,2,5,25,0,0,1,608011156,"7.12.3"
"C12321",1,"RRH15414851HH1",2024-02-08,-1,5,7,101,532,0,1,1,0,5,25,0,0,5,608011156,"7.12.3"
"C12345",1,"NXS10621169HH1",2025-08-15,-1,2,2,204,-1,0,0,1,0,5,55,0,0,1,608011156,"7.12.3"
"C12348",1,"NXS10617889HH1",2024-12-26,-1,1,2,420,288,0,0,0,0,3,25,0,0,1,608011156,"7.12.3"
"C12366",1,"NXS10618733HH1",2025-03-01,-1,2,2,422,-1,0,0,1,0,127,25,0,0,1,608011156,"7.12.3"
"C12384",1,"RRH16016604HH1",2024-09-19,-1,1,7,99,-1,0,1,1,2,5,25,0,0,4,608011156,"7.12.3"
"C12387",1,"NXS10821255HH1",2025-08-20,-1,1,2,101,-1,0,0,1,0,5,55,0,0,1,608011156,"7.12.3"
"C12393",1,"RRH15415105HH1",2024-04-04,-1,3,5,410,-1,0,0,0,0,3,25,0,0,4,608011156,"7.12.3"
"C12414",1,"NXS10719299HH1",2024-10-09,-1,5,2,99,31,0,1,1,2,5,25,0,0,5,608011156,"7.12.3"
"C12420",1,"NBN10516640HH1",2024-09-23,-1,4,2,99,22,0,1,1,0,137,25,0,0,1,608011156,"7.12.3"
"C12438",2,"NXS10317638HH4",2024-12-05,-1,1,2,99,-1,0,0,0,2,3,25,1,0,1,608011156,"7.12.3"
"C12450",1,"RRH13219032HH1",2025-03-28,-1,1,7,207,-1,0,0,1,0,5,25,0,0,4,608011156,"7.12.3"
"C12453",1,"RRH16016917HH1",2024-10-11,-1,3,7,99,364,0,4,0,0,5,25,0,0,4,608011156,"7.12.3"
"C12459",1,"NXS10618993HH1",2025-03-23,-1,1,2,410,145,0,0,0,0,3,25,0,0,1,608011156,"7.12.3"
"C12474",1,"NXS10618557HH1",2025-02-15,-1,1,2,98,92,0,1,1,1,5,25,0,0,1,608011156,"7.12.3"
"C12501",1,"RRH14015712HH1",2024-06-16,-1,1,7,410,-1,0,0,0,0,5,25,0,0,4,608011156,"7.12.3"
"C12516",2,"RRH15717113HH5",2024-10-25,-1,1,5,420,-1,0,0,0,3,3,25,1,1,4,608011156,"7.12.3"
"C12558",2,"NXS10317903HH4",2024-12-27,-1,1,2,422,-1,0,0,0,2,3,25,1,1,1,608011156,"7.12.3"
"C12579",1,"NXS10620299HH1",2025-06-28,-1,3,2,420,-1,0,0,0,0,5,25,0,0,1,608011156,"7.12.3"
"C12582",2,"NXS10319405HH4",2025-04-26,-1,1,2,422,-1,0,0,1,2,3,25,1,1,1,608011156,"7.12.3"
"C12603",1,"NXS10817236HH1",2024-11-04,-1,1,2,422,-1,0,0,0,0,5,25,0,0,1,608011156,"7.12.3"
"C12624",1,"NXS11420036HH1",2025-06-12,-1,1,2,99,182,0,4,0,0,3,18,0,0,1,608011156,"7.12.3"
"C12636",1,"RRH15718101HH1",2025-01-10,-1,1,5,410,-1,0,0,1,0,5,55,0,0,4,608011156,"7.12.3"
"C12639",1,"RRH15716362HH1",2024-08-26,-1,1,5,410,-1,0,6,1,0,257,25,0,0,4,608011156,"7.12.3"
"C12645",1,"RRH13216901HH1",2024-09-14,-1,5,5,410,-1,0,1,1,0,267,55,0,0,5,608011156,"7.12.3"
"C12648",1,"NBN10519314HH1",2025-04-20,-1,3,2,99,-1,0,9,1,0,5,25,0,0,1,608011156,"7.12.3"
"C12651",1,"NBN10519332HH1",2025-03-17,-1,5,2,99,60,0,1,1,0,35,25,0,0,1,608011156,"7.12.3"
"C12657",1,"NXS13517170HH1",2024-10-30,-1,4,2,99,-1,0,1,1,2,5,25,0,0,1,608011156,"7.12.3"
"C12711",1,"RRH16016955HH1",2024-10-14,-1,1,5,423,-1,0,0,0,0,5,25,0,0,4,608011156,"7.12.3"
"C12717",1,"NXS11317130HH1",2024-10-25,-1,1,2,116,-1,1,0,1,0,5,55,0,0,1,608011156,"7.12.3"
"C12720",1,"NXS11319290HH1",2025-04-17,-1,1,2,423,250,0,0,1,1,357,25,0,0,1,608011156,"7.12.3"
"C12723",1,"NXS10618629HH1",2025-02-20,-1,2,2,99,110,0,1,1,1,35,25,0,0,1,608011156,"7.12.3"
"C12726",1,"HAV13715569HH1",2024-05-26,-1,1,4,420,-1,1,1,1,3,5,25,0,0,1,608011156,"7.12.3"
"C12738",1,"NXS12716879HH1",2024-10-10,-1,1,2,431,-1,0,1,1,0,5,25,0,0,1,608011156,"7.12.3"
"C12768",1,"RRH12213119HH2",2023-11-30,-1,1,5,410,-1,1,1,1,0,5,55,0,0,4,608011156,"7.12.3"
"C12777",1,"TRN14616722HH1",2024-09-28,-1,5,3,428,430,1,1,1,0,15,55,0,0,3,608011156,"7.12.3"
"C12789",1,"RRH15414686HH1",2023-11-25,-1,5,5,99,-1,0,0,1,2,3,25,0,0,-1,608011156,"7.12.1"
"C12825",2,"RRH15414947HH4",2024-03-15,-1,2,5,410,-1,0,0,0,0,3,25,1,1,-1,608011156,"7.12.1"
"C12840",1,"RRH12118139HH1",2025-01-13,-1,1,7,225,-1,0,6,1,0,5,55,0,0,5,608011156,"7.12.3"
"C12846",1,"RRH12115073HH1",2024-03-31,-1,3,5,410,-1,0,0,0,0,35,25,0,0,4,608011156,"7.12.3"
"C12858",1,"NXS11419613HH1",2025-05-11,-1,3,2,225,46,0,0,1,0,12,55,0,0,1,608011156,"7.12.3"
"C12861",1,"NXS11017145HH1",2024-10-26,-1,1,2,207,15,0,0,1,2,5,25,0,0,1,608011156,"7.12.3"
"C12885",1,"NXS10620337HH1",2025-06-30,-1,2,2,313,-1,0,0,1,0,5,25,0,0,1,608011156,"7.12.3"
"C12888",1,"NXS10319896HH1",2025-06-01,-1,1,2,314,209,0,0,0,1,5,25,0,0,1,608011156,"7.12.3"
"C12891",2,"NXS10316847HH4",2024-10-08,-1,1,2,422,-1,0,0,0,1,3,25,1,1,1,608011156,"7.12.3"
"C12927",1,"NXS11118545HH1",2025-02-15,-1,1,2,116,-1,0,1,1,3,5,25,0,0,1,608011156,"7.12.3"
"C12930",1,"NXS11318067HH1",2025-01-08,-1,4,2,99,334,0,4,0,0,5,55,0,0,1,608011156,"7.12.3"
"C12936",1,"NXS11419894HH1",2025-06-01,-1,3,2,99,30,0,1,1,0,23,55,0,0,1,608011156,"7.12.3"
"C12942",1,"NXS12718193HH1",2025-01-16,-1,1,2,312,-1,1,0,1,0,5,55,0,0,1,608011156,"7.12.3"
"C12948",1,"RRH12216577HH1",2024-09-15,-1,1,7,99,-1,1,1,1,0,5,55,0,0,4,608011156,"7.12.3"
"C12990",2,"NXS10220627HH2",2025-07-18,-1,1,2,99,-1,0,0,0,2,5,25,1,0,1,608011156,"7.12.3"
"C12993",1,"NXS11118079HH1",2025-01-09,-1,2,2,410,85,0,0,0,0,5,55,0,0,1,608011156,"7.12.3"
"C12996",1,"RRH16016320HH1",2024-08-23,-1,1,5,410,-1,0,0,0,0,3,25,0,0,4,608011156,"7.12.3"
"C12999",1,"RRH12319012HH1",2025-03-26,-1,1,5,410,-1,1,9,1,0,3,55,0,0,4,608011156,"7.12.3"
"C13011",1,"RRH13213505HH1",2023-12-06,-1,5,5,410,402,0,1,1,0,35,25,0,0,5,608011156,"7.12.3"
"C13023",2,"NXS10216670HH5",2024-09-26,-1,1,2,431,-1,0,4,0,1,3,25,1,1,1,608011156,"7.12.3"
"C13053",1,"NXS14718190HH1",2025-01-16,-1,3,2,423,23,0,0,0,0,37,25,0,0,1,608011156,"7.12.3"
"C13062",1,"RRH15717454HH1",2024-11-22,-1,1,7,204,78,0,1,1,1,56,25,0,0,5,608011156,"7.12.3"
"C13074",1,"NXS11419460HH1",2025-05-01,-1,3,2,99,-1,0,1,1,0,5,18,0,0,1,608011156,"7.12.3"
"C13080",1,"RRH15718978HH1",2024-11-18,-1,5,5,410,-1,0,0,0,0,5,55,0,0,5,608011156,"7.12.3"
"C13089",1,"NXS10317155HH1",2024-10-27,-1,1,2,312,282,0,0,0,1,3,25,0,0,1,608011156,"7.12.3"
"C13095",1,"NXS10620214HH1",2025-06-24,-1,1,2,99,-1,0,1,1,0,56,55,0,0,1,608011156,"7.12.3"
"C13098",2,"RRH12114021HH3",2024-01-03,-1,1,5,410,-1,0,0,0,0,3,25,1,0,-1,608011156,"7.12.1"
"C13107",1,"RRH14015713HH1",2024-01-28,-1,5,5,410,345,0,1,1,0,3,25,0,0,5,608011156,"7.12.3"
"C13125",1,"NXS13520857HH1",2025-07-31,-1,1,2,410,-1,0,0,0,2,3,25,0,0,1,608011156,"7.12.3"
"C13131",1,"RRH16017696HH1",2024-12-09,-1,1,5,434,-1,0,6,1,0,5,55,0,0,4,608011156,"7.12.3"
"C13143",1,"RRH12114865HH1",2024-03-04,-1,1,5,101,585,0,0,0,0,5,25,0,0,5,608011156,"7.12.3"
"C13170",1,"NBN10519253HH1",2025-04-18,-1,1,2,99,30,0,0,0,0,3,25,0,0,1,608011156,"7.12.3"
"C13173",1,"NXS10620710HH1",2025-07-23,-1,2,2,98,-1,0,1,1,2,3,25,0,0,1,608011156,"7.12.3"
"C13176",1,"RRH16015887HH1",2024-07-06,-1,5,5,410,283,0,1,1,2,5,55,0,0,5,608011156,"7.12.3"
"C13182",1,"RRH13216660HH1",2024-09-26,-1,1,5,410,-1,0,0,0,0,3,55,0,0,4,608011156,"7.12.3"
"C13188",1,"RRH15715875HH1",2024-07-07,-1,1,7,440,-1,0,0,1,2,3,25,0,0,4,608011156,"7.12.3"
"C13194",2,"RRH13216407HH4",2024-09-01,-1,1,5,410,231,0,0,1,2,35,25,1,0,4,608011156,"7.12.3"
"C13209",1,"RRH15414118HH1",2024-01-06,-1,1,5,410,123,0,0,1,0,5,25,0,0,-1,608011156,"7.12.1"
"C13212",1,"NXS10319412HH1",2025-04-27,-1,1,2,99,-1,0,0,0,0,5,25,0,0,1,608011156,"7.12.3"
"C13221",2,"NXS10317358HH2",2024-11-14,-1,1,2,422,-1,0,0,0,0,5,25,1,0,1,608011156,"7.12.3"
"C13230",1,"NXS12717497HH1",2024-11-24,-1,2,2,207,-1,0,1,1,0,5,25,0,0,1,608011156,"7.12.3"
"C13284",1,"RRH15720797HH2",2025-07-16,-1,5,7,116,-1,0,1,1,0,5,25,0,0,4,608011156,"7.12.3"
"C13287",1,"RRH16121576HH1",2025-08-20,-1,5,7,101,236,0,1,1,2,5,55,0,0,5,608011156,"7.12.3"
"C13290",1,"NBN10517180HH1",2024-10-31,-1,3,2,99,306,0,4,0,0,5,55,0,0,1,608011156,"7.12.3"
"C13296",1,"RRH15616586HH1",2024-08-01,-1,5,5,410,410,0,0,1,0,13,25,0,0,5,608011156,"7.12.3"
"C13299",1,"RRH16015939HH1",2024-07-15,-1,1,7,99,303,0,4,0,0,5,25,0,0,4,608011156,"7.12.3"
"C13305",1,"RRH15719462HH1",2025-05-01,-1,4,7,116,39,0,1,1,0,3,25,0,0,4,608011156,"7.12.3"
"C13320",1,"RRH15414968HH1",2024-03-17,-1,4,5,101,-1,0,0,1,0,5,25,0,0,4,608011156,"7.12.3"
"C13323",1,"RRH15716280HH1",2024-08-19,-1,3,7,423,332,0,1,1,0,15,25,0,0,4,608011156,"7.12.3"
"C13356",1,"NXS12717550HH1",2024-10-18,-1,5,2,116,74,1,0,1,0,5,25,0,0,3,608011156,"7.12.3"
"C13374",1,"RRH12320428HH3",2025-07-05,-1,1,7,99,-1,1,0,1,0,5,25,1,0,4,608011156,"7.12.3"
"C13383",1,"NXS11116687HH1",2024-09-27,-1,1,2,207,248,0,3,0,0,5,25,0,0,1,608011156,"7.12.3"
"C13401",1,"RRH12615633HH1",2024-06-02,-1,2,7,116,-1,0,1,1,0,5,55,0,0,4,608011156,"7.12.3"
"C13407",1,"RRH15718575HH1",2025-02-16,-1,3,7,423,-1,0,6,1,0,5,55,0,0,4,608011156,"7.12.3"
"C13443",1,"NXS11417102HH1",2024-10-24,-1,1,2,101,353,0,0,0,0,3,55,0,0,1,608011156,"7.12.3"
"C13449",2,"RRH12115631HH2",2024-06-02,-1,1,5,410,-1,0,9,1,0,5,25,1,0,4,608011156,"7.12.3"
"C13464",1,"NXS10317239HH1",2024-11-04,-1,4,2,410,-1,0,0,0,2,5,25,0,0,1,608011156,"7.12.3"
"C13470",1,"NXS10621167HH1",2025-08-15,-1,1,2,99,-1,0,0,1,1,5,25,0,0,1,608011156,"7.12.3"
"C13476",1,"NXS11318582HH1",2025-02-17,-1,1,2,313,-1,0,0,1,2,5,55,0,0,1,608011156,"7.12.3"
"C13488",1,"NXS10620788HH1",2025-07-26,-1,1,2,99,-1,0,0,1,0,5,25,0,0,1,608011156,"7.12.3"
"C13491",1,"NXS11219974HH1",2025-06-07,-1,1,2,420,-1,0,0,1,0,356,55,0,0,1,608011156,"7.12.3"
"C13521",1,"RRH12119526HH1",2025-05-08,-1,3,7,116,-1,0,2,1,0,367,25,0,0,4,608011156,"7.12.3"
"C13527",1,"NXS10616992HH1",2024-10-17,-1,1,2,329,-1,0,0,1,0,5,55,0,0,1,608011156,"7.12.3"
"C13533",1,"NXS11320192HH1",2025-06-22,-1,3,2,422,-1,0,0,1,0,13,55,0,0,1,608011156,"7.12.3"
"C13536",1,"NXS11620810HH1",2025-07-27,-1,1,2,422,-1,0,0,0,0,456,55,0,0,1,608011156,"7.12.3"
"C13539",1,"NXS11619748HH1",2025-05-22,-1,1,2,313,-1,0,0,1,2,3,18,0,0,1,608011156,"7.12.3"
"C13554",1,"NXS10719076HH1",2025-04-02,-1,2,2,99,226,0,4,0,0,5,25,0,0,1,608011156,"7.12.3"
"C13563",1,"NXS10921199HH1",2025-08-08,-1,5,2,98,118,0,1,1,0,467,25,0,0,1,608011156,"7.12.3"
"C13569",1,"RRH15414582HH1",2024-01-24,-1,3,5,410,-1,0,0,0,0,3,25,0,0,-1,608011156,"7.12.1"
"C13572",1,"RRH12215963HH1",2024-07-18,-1,1,5,419,-1,1,9,1,0,5,25,0,0,4,608011156,"7.12.3"
"C13584",2,"NXS10316562HH4",2024-09-14,-1,1,2,410,-1,0,0,0,0,3,25,1,0,1,608011156,"7.12.3"
"C13596",1,"RRH12315322HH1",2024-04-02,-1,5,5,420,454,1,0,1,0,3,55,0,0,7,608011156,"7.12.3"
"C13629",1,"RRH12315270HH1",2024-04-20,-1,1,5,410,-1,1,9,1,0,5,25,0,0,4,608011156,"7.12.3"
"C13635",1,"NXS11419218HH1",2025-04-12,-1,1,2,312,-1,0,0,1,2,6,25,0,0,1,608011156,"7.12.3"
"C13659",1,"RRH12315925HH1",2024-07-14,-1,1,5,410,-1,1,0,1,0,5,55,0,0,4,608011156,"7.12.3"
"C13668",1,"NXS11419402HH1",2025-04-26,-1,1,2,99,-1,0,0,1,0,5,55,0,0,1,608011156,"7.12.3"
"C13680",1,"NXS12718323HH1",2025-01-26,-1,1,2,313,-1,0,0,1,1,14,25,0,0,1,608011156,"7.12.3"
"C13698",1,"NXS11417143HH1",2024-10-26,-1,2,2,302,104,1,0,1,0,5,55,0,0,1,608011156,"7.12.3"
"C13707",1,"NXS11319280HH1",2025-04-17,-1,1,2,312,157,0,0,0,0,3,25,0,0,1,608011156,"7.12.3"
"C13725",1,"NXS12717428HH1",2024-10-24,-1,5,2,431,315,0,1,1,2,56,55,0,0,1,608011156,"7.12.3"
"C13728",1,"NXS11620894HH1",2025-08-02,-1,1,2,99,-1,0,0,1,0,5,55,0,0,1,608011156,"7.12.3"
"C13731",1,"RRH15718633HH1",2025-02-20,-1,1,7,410,-1,0,0,1,0,5,25,0,0,4,608011156,"7.12.3"
"C13734",1,"RRH15718622HH2",2025-02-19,-1,1,7,314,-1,0,4,0,0,5,25,0,0,4,608011156,"7.12.3"
"C13782",1,"RRH13216150HH1",2024-08-04,-1,2,5,423,-1,0,2,1,2,3,25,0,0,4,608011156,"7.12.3"
"C13812",1,"RRH15414617HH3",2024-01-26,-1,1,5,410,-1,0,0,0,1,5,25,1,0,-1,608011156,"7.12.1"
"C13824",2,"NXS11220122HH5",2025-06-19,-1,1,2,420,-1,0,0,1,0,5,25,1,1,1,608011156,"7.12.3"
"C13857",1,"TRN11818499HH1",2025-02-10,-1,3,3,423,-1,1,9,1,0,15,55,0,0,2,608011156,"7.12.3"
"C13869",1,"RRH12119404HH1",2025-04-26,-1,1,5,434,-1,0,0,1,2,3,25,0,0,4,608011156,"7.12.3"
"C13884",1,"RRH16020352HH1",2025-04-25,-1,5,5,410,-1,0,1,1,0,5,55,0,0,5,608011156,"7.12.3"
"C13887",1,"NXS11116799HH1",2024-10-05,-1,1,2,24,-1,0,0,0,0,3,25,0,0,1,608011156,"7.12.3"
"C13893",2,"NXS10218812HH3",2025-03-09,-1,1,2,313,-1,0,0,1,1,5,25,1,0,1,608011156,"7.12.3"
"C13899",1,"NBN10519938HH1",2025-06-05,-1,4,2,99,-1,0,0,0,0,56,25,0,0,1,608011156,"7.12.3"
"C13929",1,"RRH16018143HH1",2025-01-13,-1,1,5,410,-1,0,0,1,0,3,55,0,0,4,608011156,"7.12.3"
"C13932",1,"RRH14016691HH1",2024-09-27,-1,4,5,410,-1,0,1,1,0,3,55,0,0,4,608011156,"7.12.3"
"C13977",1,"NXS11619393HH1",2025-04-26,-1,1,2,98,-1,0,0,1,0,3,25,0,0,1,608011156,"7.12.3"
"C13986",1,"RRH13217933HH1",2024-12-28,-1,3,5,423,225,0,1,1,0,3,55,0,0,5,608011156,"7.12.3"
"C13995",1,"NXS10821075HH1",2025-08-10,-1,1,2,313,-1,0,0,1,0,5,25,0,0,1,608011156,"7.12.3"
"C14013",1,"TRN14618810HH1",2025-03-05,-1,5,3,99,405,1,0,0,0,3,25,0,0,3,608011156,"7.12.3"
"C14016",1,"RRH12315961HH1",2024-07-18,-1,1,5,410,-1,1,0,1,0,3,55,0,0,4,608011156,"7.12.3"
"C14031",1,"NXS10617078HH1",2024-10-21,-1,1,2,312,-1,0,1,1,0,3,55,0,0,1,608011156,"7.12.3"
"C14043",1,"RRH13315118HH1",2024-04-05,-1,1,5,410,-1,0,0,1,0,5,25,0,0,-1,608011156,"7.12.1"
"C14055",1,"NXS11418456HH1",2025-02-07,-1,1,2,313,-1,0,4,0,0,5,25,0,0,1,608011156,"7.12.3"
"C14091",1,"NXS10619097HH1",2025-04-03,-1,1,2,99,-1,0,0,1,1,145,25,0,0,1,608011156,"7.12.3"
"C14100",1,"NXS10620847HH1",2025-07-31,-1,1,2,98,90,1,0,1,0,3,55,0,0,1,608011156,"7.12.3"
"C14112",1,"NXS10720401HH1",2025-07-04,-1,1,2,410,-1,0,1,1,2,56,25,0,0,1,608011156,"7.12.3"
"C14115",1,"RRH15716566HH1",2024-09-14,-1,1,5,410,-1,0,0,1,0,5,55,0,0,4,608011156,"7.12.3"
"C14160",1,"RRH15716498HH1",2024-09-07,-1,4,5,410,-1,0,0,0,0,5,25,0,0,4,608011156,"7.12.3"
"C14166",1,"NXS11419330HH1",2025-04-20,-1,1,2,116,317,0,0,0,0,5,25,0,0,1,608011156,"7.12.3"
"C14178",1,"RRH15716023HH1",2024-07-23,-1,1,7,101,507,0,4,0,0,5,25,0,0,4,608011156,"7.12.3"
"C14193",2,"NXS10220455HH11",2025-07-06,-1,1,2,410,-1,0,0,1,2,5,-1,1,1,1,608011156,"7.12.3"
"C14229",1,"NXS10719331HH1",2025-04-20,-1,1,2,410,-1,0,0,1,2,3,55,0,0,1,608011156,"7.12.3"
"C14232",1,"PSH12010043HH1",2020-11-23,-1,1,6,225,-1,1,0,0,0,246,55,0,0,-1,608011156,"7.12.1"
"C14235",1,"NXS10820778HH1",2025-07-25,-1,1,2,312,-1,0,0,1,2,5,25,0,0,1,608011156,"7.12.3"
"C14244",1,"NXS10721586HH1",2025-09-04,-1,1,2,99,-1,0,0,1,0,3,25,0,0,1,608011156,"7.12.3"
"C14247",1,"NXS11416662HH1",2024-09-26,-1,1,2,431,-1,0,4,0,2,247,25,0,0,1,608011156,"7.12.3"
"C14271",1,"NXS11620049HH2",2025-06-13,-1,1,2,314,-1,0,0,1,2,5,25,0,0,1,608011156,"7.12.3"
"C14289",1,"NXS10620586HH1",2025-07-16,-1,4,2,101,-1,0,4,0,0,3,25,0,0,1,608011156,"7.12.3"
"C14295",1,"NXS10618437HH1",2025-02-04,-1,3,2,314,-1,0,0,1,0,345,25,0,0,1,608011156,"7.12.3"
"C14313",1,"NXS10621662HH1",2025-09-06,-1,1,2,99,-1,0,0,0,1,3,25,0,0,1,608011156,"7.12.3"
"C14319",1,"NXS10618964HH1",2025-03-22,-1,1,2,314,-1,0,0,0,1,5,25,0,0,1,608011156,"7.12.3"
"C14322",1,"RRH13316466HH1",2024-09-05,-1,1,5,410,87,0,0,0,2,5,25,0,0,-1,608011156,"7.12.1"
"C14331",1,"NBN10518503HH1",2025-03-03,-1,1,2,99,-1,0,0,0,0,5,25,0,0,1,608011156,"7.12.3"
"C14334",1,"NXS10821079HH1",2025-08-10,-1,1,2,302,-1,1,0,1,0,5,25,0,0,1,608011156,"7.12.3"
"C14343",1,"NXS13821767HH1",2025-09-11,-1,1,2,98,-1,0,0,0,2,5,25,0,0,1,608011156,"7.12.3"
"C14349",1,"NXS10620993HH1",2025-08-06,-1,1,2,420,-1,0,1,1,1,3,25,0,0,1,608011156,"7.12.3"
"C14373",1,"PSH16517697HH2",2024-12-09,-1,4,6,312,-1,0,1,1,2,5,25,0,0,8,608011156,"7.12.3"
"C14388",1,"RRH15418205HH2",2025-01-17,-1,1,7,116,80,0,1,1,2,5,25,0,0,5,608011156,"7.12.3"
"C14397",1,"NXS11418023HH1",2025-01-05,-1,3,2,314,-1,0,0,1,0,467,25,0,0,1,608011156,"7.12.3"
"C14406",1,"RRH12315850HH1",2024-07-05,-1,1,5,419,-1,1,9,1,0,5,55,0,0,4,608011156,"7.12.3"
"C14418",1,"TRN10419545HH1",2025-05-08,-1,1,3,420,-1,0,0,1,2,5,25,0,0,2,608011156,"7.12.3"
"C14427",1,"NXS10718359HH1",2025-01-30,-1,1,2,98,-1,0,1,1,0,5,25,0,0,1,608011156,"7.12.3"
"C14469",1,"NXS11116815HH1",2024-10-06,-1,3,2,313,-1,0,0,0,0,4,25,0,0,1,608011156,"7.12.3"
"C14493",1,"NXS10218174HH2",2025-01-16,-1,1,2,98,-1,0,0,0,0,5,25,0,0,1,608011156,"7.12.3"
"C14508",1,"NXS11419234HH1",2025-04-13,-1,2,2,101,-1,0,0,1,2,3,25,0,0,1,608011156,"7.12.3"
"C14514",1,"NXS11220592HH1",2025-07-16,-1,1,2,99,-1,0,0,0,2,16,55,0,0,1,608011156,"7.12.3"
"C14517",2,"NXS11416012HH7",2024-07-22,-1,1,2,431,-1,0,0,1,0,12,25,1,1,1,608011156,"7.12.3"
"C14520",1,"NXS11417886HH1",2024-12-25,-1,1,2,431,-1,0,0,0,0,3,25,0,0,1,608011156,"7.12.3"
"C14535",1,"RRH15717325HH1",2024-11-11,-1,3,5,410,51,0,9,1,2,5,25,0,0,5,608011156,"7.12.3"
"C14538",1,"NXS11416594HH1",2024-09-18,-1,1,2,312,-1,0,0,0,0,56,18,0,0,1,608011156,"7.12.3"
"C14580",1,"NXS10620636HH1",2025-07-19,-1,4,2,99,-1,0,4,0,0,3,25,0,0,1,608011156,"7.12.3"
"C14583",1,"RRH14316443HH1",2024-09-04,-1,5,5,410,344,0,0,1,0,56,25,0,0,4,608011156,"7.12.3"
"C14592",1,"NXS11419042HH1",2025-03-28,-1,1,2,410,-1,0,0,0,0,5,55,0,0,1,608011156,"7.12.3"
"C14610",1,"RRH13216388HH1",2024-08-30,-1,1,5,423,-1,0,0,1,0,3,55,0,0,4,608011156,"7.12.3"
"C14625",1,"RRH15718362HH1",2025-01-30,-1,1,7,423,-1,0,0,0,0,3,25,0,0,4,608011156,"7.12.3"
"C14628",1,"NXS11117681HH1",2024-12-07,-1,3,2,312,284,0,0,0,0,3,24,0,0,1,608011156,"7.12.3"
"C14631",1,"RRH12215806HH1",2024-06-30,-1,1,7,99,-1,1,1,1,0,25,25,0,0,4,608011156,"7.12.3"
"C14646",1,"NXS12920675HH1",2025-07-20,-1,4,2,99,-1,0,1,1,0,5,55,0,0,1,608011156,"7.12.3"
"C14658",1,"NXS10821001HH1",2025-08-07,-1,1,2,422,-1,0,0,1,1,5,55,0,0,1,608011156,"7.12.3"
"C14667",1,"RRH15415759HH2",2024-06-24,-1,1,7,313,-1,0,1,1,2,5,25,0,0,4,608011156,"7.12.3"
"C14673",1,"NXS10617343HH1",2024-11-14,-1,1,2,410,80,0,6,1,2,5,25,0,0,1,608011156,"7.12.3"
"C14688",1,"RRH14014963HH2",2024-01-28,-1,5,5,410,553,0,1,1,0,1,25,0,0,5,608011156,"7.12.3"
"C14691",1,"RRH12219664HH1",2025-05-15,-1,1,5,99,82,1,1,1,0,15,55,0,0,4,608011156,"7.12.3"
"C14700",1,"NXS10619651HH1",2025-05-15,-1,3,2,99,-1,0,0,0,0,5,25,0,0,1,608011156,"7.12.3"
"C14709",1,"RRH15517536HH1",2024-11-28,-1,1,7,204,-1,0,0,1,0,5,25,0,0,4,608011156,"7.12.3"
"C14715",2,"NXS10218994HH3",2025-03-24,-1,1,2,313,160,0,0,0,0,3,25,1,0,1,608011156,"7.12.3"
"C14733",1,"RRH15716603HH1",2024-09-19,-1,3,5,410,165,0,1,1,0,5,55,0,0,5,608011156,"7.12.3"
"C14742",1,"NXS12717203HH1",2024-11-01,-1,4,2,116,-1,0,1,1,0,5,25,0,0,1,608011156,"7.12.3"
"C14763",1,"NXS10619052HH1",2025-03-29,-1,1,2,312,119,0,0,1,2,5,25,0,0,1,608011156,"7.12.3"
"C14772",1,"RRH12118038HH1",2025-01-06,-1,1,5,434,-1,0,0,0,0,3,25,0,0,4,608011156,"7.12.3"
"C14817",1,"NXS13516183HH1",2024-08-08,-1,1,2,431,581,0,0,0,0,3,55,0,0,1,608011156,"7.12.3"
"C14826",2,"NXS11120567HH8",2025-07-15,-1,1,2,313,-1,0,0,0,1,5,25,1,1,1,608011156,"7.12.3"
"C14856",1,"NXS10916951HH1",2024-10-06,-1,5,2,422,32,0,0,1,0,3,25,0,0,1,608011156,"7.12.3"
"C14880",1,"NXS12915764HH1",2024-06-27,-1,1,2,99,-1,0,4,0,0,5,25,0,0,1,608011156,"7.12.3"
"C14913",1,"NXS14717739HH1",2024-12-13,-1,3,2,99,-1,0,1,1,0,135,55,0,0,1,608011156,"7.12.3"
"C14946",1,"NXS11319380HH1",2025-04-25,-1,3,2,420,-1,0,2,1,0,5,55,0,0,1,608011156,"7.12.3"
"C14973",1,"NXS11219376HH1",2025-04-25,-1,2,2,422,274,0,1,1,2,5,25,0,0,1,608011156,"7.12.3"
"C14976",1,"NXS13518368HH1",2025-01-30,-1,1,2,313,-1,0,0,1,0,146,25,0,0,1,608011156,"7.12.3"
"C14991",1,"NBN10516287HH1",2024-08-19,-1,2,2,99,-1,0,1,1,0,3,24,0,0,1,608011156,"7.12.3"
"C15006",1,"NXS13516297HH1",2024-08-22,-1,1,2,99,313,0,1,1,0,5,55,0,0,1,608011156,"7.12.3"
"C15012",2,"RRH15718742HH5",2025-03-01,-1,1,7,99,-1,0,0,1,1,157,25,1,1,4,608011156,"7.12.3"
"C15015",1,"NXS12717626HH1",2024-12-05,-1,1,2,116,24,0,0,1,0,5,25,0,0,1,608011156,"7.12.3"
"C15027",1,"NBN10520206HH1",2025-06-23,-1,1,2,99,184,0,1,1,0,5,25,0,0,1,608011156,"7.12.3"
"C15033",1,"NXS12717898HH1",2024-12-27,-1,1,2,423,-1,0,0,1,2,5,55,0,0,1,608011156,"7.12.3"
"C15096",1,"NXS11319635HH1",2025-05-14,-1,1,2,313,24,0,1,1,2,3,25,0,0,1,608011156,"7.12.3"
"C15099",1,"NXS14718045HH1",2025-01-06,-1,3,2,410,-1,0,0,1,1,5,25,0,0,1,608011156,"7.12.3"
"C15117",2,"PSH11910075HH3",2021-11-06,-1,1,6,312,-1,1,0,1,2,1,25,1,0,-1,608011156,"7.12.1"
"C15126",1,"NXS10620423HH1",2025-07-04,-1,1,2,99,-1,0,0,0,1,5,25,0,0,1,608011156,"7.12.3"
"C15129",1,"NXS11117107HH1",2024-10-24,-1,1,2,314,-1,0,0,1,1,5,25,0,0,1,608011156,"7.12.3"
"C15135",1,"NXS12716878HH1",2024-10-10,-1,3,2,116,-1,0,1,1,0,5,25,0,0,1,608011156,"7.12.3"
"C15153",1,"NXS10218889HH2",2025-03-16,-1,1,2,313,-1,0,0,0,0,3,25,0,0,1,608011156,"7.12.3"
"C15156",1,"RRH14912552HH1",2023-11-09,-1,4,5,410,591,1,0,1,0,3,25,0,0,4,608011156,"7.12.3"
"C15159",1,"NBN10517990HH1",2024-08-31,-1,5,2,99,55,0,9,1,0,1,55,0,0,5,608011156,"7.12.3"
"C15177",1,"NXS10620877HH1",2025-08-01,-1,2,2,314,85,0,2,1,0,3,25,0,0,1,608011156,"7.12.3"
"C15198",1,"RRH15617998HH1",2025-01-03,-1,1,5,410,-1,0,0,1,0,346,25,0,0,4,608011156,"7.12.3"
"C15210",1,"NXS11320191HH1",2025-06-22,-1,2,2,420,-1,0,0,1,0,5,55,0,0,1,608011156,"7.12.3"
"C15213",1,"NBN10520274HH1",2025-06-27,-1,2,2,99,-1,0,0,1,1,347,25,0,0,1,608011156,"7.12.3"
"C15225",1,"RRH16016513HH1",2024-09-09,-1,1,5,410,-1,0,0,1,2,15,25,0,0,4,608011156,"7.12.3"
"C15228",1,"NXS11318609HH1",2024-12-06,-1,5,2,313,168,0,1,1,2,356,25,0,0,1,608011156,"7.12.3"
"C15243",1,"RRH14016073HH1",2023-10-18,-1,5,5,410,250,0,1,1,0,56,55,0,0,5,608011156,"7.12.3"
"C15246",1,"RRH12318478HH1",2025-02-09,-1,4,7,99,113,1,1,1,0,357,55,0,0,4,608011156,"7.12.3"
"C15291",1,"RRH12118026HH2",2024-10-29,-1,5,5,423,-1,1,0,1,2,5,55,0,0,5,608011156,"7.12.3"
"C15303",1,"RRH15717420HH1",2024-11-17,-1,1,7,313,-1,0,0,0,2,3,25,0,0,4,608011156,"7.12.3"
"C15312",1,"RRH14916505HH1",2024-09-08,-1,1,7,431,-1,0,1,1,0,3,55,0,0,4,608011156,"7.12.3"
"C15318",1,"RRH15618016HH1",2025-01-04,-1,3,5,410,-1,0,4,0,0,1,55,0,0,4,608011156,"7.12.3"
"C15336",1,"NXS10617092HH1",2024-10-23,-1,1,2,116,21,0,1,1,0,5,25,0,0,1,608011156,"7.12.3"
"C15357",1,"NXS11621017HH1",2025-08-07,-1,1,2,420,-1,0,0,1,2,3,25,0,0,1,608011156,"7.12.3"
"C15369",1,"RRH15415017HH1",2024-03-22,-1,1,5,205,-1,0,6,1,0,5,25,0,0,4,608011156,"7.12.3"
"C15372",1,"NXS14717275HH1",2024-11-08,-1,1,2,99,-1,0,1,1,0,36,25,0,0,1,608011156,"7.12.3"
"C15387",1,"NXS11219175HH1",2025-04-10,-1,1,2,431,-1,0,1,1,2,5,25,0,0,1,608011156,"7.12.3"
"C15393",1,"NXS11316298HH1",2024-08-22,-1,1,2,116,-1,0,4,0,0,5,25,0,0,1,608011156,"7.12.3"
"C15399",1,"NXS10621221HH1",2025-08-17,-1,1,2,99,-1,0,0,1,2,5,25,0,0,1,608011156,"7.12.3"
"C15405",1,"NXS11318608HH1",2025-02-17,-1,1,2,410,-1,0,1,1,0,3,55,0,0,1,608011156,"7.12.3"
"C15408",1,"RRH15618200HH1",2024-11-28,-1,5,5,410,420,0,0,1,0,7,55,0,0,5,608011156,"7.12.3"
"C15426",2,"NXS10220451HH4",2025-07-06,-1,1,2,99,329,0,0,0,2,3,25,1,1,1,608011156,"7.12.3"
"C15438",1,"RRH12318188HH1",2025-01-07,-1,5,5,410,-1,1,9,1,2,13,25,0,0,7,608011156,"7.12.3"
"C15450",1,"NXS11419203HH1",2025-04-11,-1,1,2,410,-1,0,0,1,0,5,25,0,0,1,608011156,"7.12.3"
"C15465",1,"NXS11620195HH1",2025-06-22,-1,4,2,99,100,0,0,0,0,5,25,0,0,1,608011156,"7.12.3"
"C15474",2,"RRH12115187HH3",2024-04-11,-1,1,7,99,-1,0,0,0,0,15,25,1,0,4,608011156,"7.12.3"
"C15477",1,"NXS11319279HH1",2025-04-17,-1,1,2,312,92,0,4,0,0,5,55,0,0,1,608011156,"7.12.3"
"C15486",1,"NXS11217425HH1",2024-11-18,-1,2,2,101,458,0,0,1,2,3,25,0,0,1,608011156,"7.12.3"
"C15489",1,"RRH16016457HH2",2024-09-05,-1,1,5,410,-1,0,4,0,0,3,25,0,0,4,608011156,"7.12.3"
"C15492",1,"NXS14717637HH1",2024-12-05,-1,3,2,422,-1,0,0,0,2,17,25,0,0,1,608011156,"7.12.3"
"C15495",1,"NXS11319023HH1",2025-03-27,-1,1,2,302,89,1,1,1,0,5,25,0,0,1,608011156,"7.12.3"
"C15498",1,"TRN10420066HH1",2025-06-14,-1,3,3,423,253,0,0,1,0,5,25,0,0,2,608011156,"7.12.3"
"C15513",1,"NXS11317154HH1",2024-10-06,-1,5,2,312,437,0,0,1,0,13,25,0,0,1,608011156,"7.12.3"
"C15537",1,"NXS11417746HH1",2024-12-13,-1,1,2,423,-1,0,0,0,0,5,55,0,0,1,608011156,"7.12.3"
"C15540",1,"NXS11317558HH1",2024-11-29,-1,3,2,423,-1,0,4,0,0,26,25,0,0,1,608011156,"7.12.3"
"C15546",1,"NXS12717649HH1",2024-12-06,-1,1,2,116,-1,0,1,1,1,3,25,0,0,1,608011156,"7.12.3"
"C15561",2,"RRH12118529HH2",2025-02-13,-1,1,5,420,-1,0,0,1,1,5,25,1,0,4,608011156,"7.12.3"
"C15576",1,"NXS11618957HH2",2025-03-21,-1,1,2,410,-1,0,0,1,0,5,25,0,0,1,608011156,"7.12.3"
"C15579",1,"NXS14716886HH1",2024-10-10,-1,3,2,116,205,0,1,1,0,35,55,0,0,1,608011156,"7.12.3"
"C15582",1,"NXS11316030HH1",2024-07-25,-1,3,2,313,-1,1,1,1,0,5,55,0,0,1,608011156,"7.12.3"
"C15594",1,"NXS12717501HH1",2024-10-10,-1,5,2,431,27,0,1,1,0,36,25,0,0,1,608011156,"7.12.3"
"C15603",1,"NXS11319440HH1",2025-04-30,-1,1,2,313,225,0,1,1,2,5,25,0,0,1,608011156,"7.12.3"
"C15612",1,"NXS14717652HH1",2024-12-06,-1,3,2,99,338,0,1,1,0,37,55,0,0,1,608011156,"7.12.3"
"C15615",1,"NXS11318915HH1",2025-03-19,-1,1,2,225,-1,0,0,1,0,3,55,0,0,1,608011156,"7.12.3"
"C15621",1,"RRH13215496HH1",2024-05-01,-1,5,5,422,-1,0,0,0,3,5,25,0,0,5,608011156,"7.12.3"
"C15657",1,"NXS14718145HH1",2025-01-13,-1,1,2,410,-1,0,0,0,0,56,25,0,0,1,608011156,"7.12.3"
"C15669",2,"RRH14916533HH3",2024-09-12,-1,1,5,420,364,0,0,1,1,5,25,1,0,4,608011156,"7.12.3"
"C15672",1,"NXS11319261HH1",2025-04-16,-1,1,2,313,-1,0,0,0,0,5,25,0,0,1,608011156,"7.12.3"
"C15681",1,"NXS11316334HH1",2024-08-24,-1,1,2,313,-1,0,0,0,0,56,25,0,0,1,608011156,"7.12.3"
"C15690",1,"RRH14315854HH1",2024-07-05,-1,3,5,410,-1,0,4,0,0,67,55,0,0,4,608011156,"7.12.3"
"C15699",1,"RRH12218888HH1",2025-03-16,-1,1,7,99,-1,1,1,1,0,5,55,0,0,4,608011156,"7.12.3"
"C15702",1,"PSH11910049HH2",2021-03-10,-1,1,6,410,-1,1,0,1,0,5,25,1,0,-1,608011156,"7.12.1"
"C15711",1,"RRH15616194HH1",2024-08-10,-1,1,5,410,-1,0,0,1,0,5,55,0,0,4,608011156,"7.12.3"
"C15717",1,"NXS11316302HH1",2024-08-22,-1,1,2,312,157,0,0,0,0,5,55,0,0,1,608011156,"7.12.3"
"C15726",1,"NXS11319336HH1",2025-04-20,-1,1,2,312,421,0,0,1,2,123,25,0,0,1,608011156,"7.12.3"
"C15771",1,"NXS10920808HH1",2025-07-27,-1,1,2,313,22,0,1,1,0,5,25,0,0,1,608011156,"7.12.3"
"C15786",1,"NXS11319049HH1",2025-03-29,-1,1,2,313,176,0,1,1,0,3,25,0,0,1,608011156,"7.12.3"
"C15798",1,"RRH13218671HH1",2025-02-23,-1,1,5,422,-1,0,1,1,1,3,55,0,0,4,608011156,"7.12.3"
"C15804",1,"NXS11316611HH1",2024-09-19,-1,3,2,313,112,0,1,1,0,3,24,0,0,1,608011156,"7.12.3"
"C15810",1,"NXS11315752HH1",2024-06-23,-1,3,2,410,381,0,1,1,0,5,25,0,0,1,608011156,"7.12.3"
"C15873",1,"RRH12216155HH1",2024-08-04,-1,1,7,419,206,1,1,1,0,56,55,0,0,4,608011156,"7.12.3"
"C15879",1,"NXS12717045HH1",2024-10-20,-1,1,2,116,46,0,1,1,0,5,25,0,0,1,608011156,"7.12.3"
"C15882",1,"RRH14010520HH2",2023-07-06,-1,1,5,410,321,0,0,1,1,157,25,0,0,-1,608011156,"7.12.1"
"C15936",1,"RRH15617745HH1",2024-11-14,-1,5,5,410,291,0,4,0,0,3,24,0,0,5,608011156,"7.12.3"
"C15966",1,"NXS11320038HH1",2025-06-12,-1,1,2,313,291,0,1,1,0,3,55,0,0,1,608011156,"7.12.3"
"C15969",1,"NXS13819995HH1",2025-06-08,-1,1,2,98,-1,0,0,1,0,5,25,0,0,1,608011156,"7.12.3"
"C15984",1,"NXS10818790HH1",2025-03-07,-1,1,2,302,-1,0,0,1,0,5,55,0,0,1,608011156,"7.12.3"
"C15987",1,"NXS10721330HH1",2025-08-23,-1,1,2,99,-1,0,0,1,2,5,25,0,0,1,608011156,"7.12.3"
"C16002",1,"NBN10521592HH1",2025-09-09,-1,1,2,99,-1,1,4,0,0,267,25,0,0,1,608011156,"7.12.3"
"C16008",1,"RRH13217506HH1",2024-11-18,-1,5,5,423,99,0,1,1,0,5,55,0,0,5,608011156,"7.12.3"
"C16035",1,"NXS12717156HH1",2024-10-28,-1,1,2,431,-1,0,0,1,0,3,18,0,0,1,608011156,"7.12.3"
"C16041",1,"NXS11318268HH1",2025-01-22,-1,1,2,422,-1,0,0,0,0,3,55,0,0,1,608011156,"7.12.3"
"C16122",1,"NXS10620623HH1",2025-07-18,-1,3,2,99,-1,0,1,1,2,467,25,0,0,1,608011156,"7.12.3"
"C16125",1,"RRH15516775HH1",2024-10-04,-1,1,5,433,-1,0,0,1,0,3,55,0,0,4,608011156,"7.12.3"
"C16128",1,"NXS10618793HH1",2025-03-07,-1,1,2,99,275,0,0,1,1,5,25,0,0,1,608011156,"7.12.3"
"C16131",1,"NXS10618534HH1",2025-02-13,-1,1,2,313,-1,0,0,1,1,3,25,0,0,1,608011156,"7.12.3"
"C16134",1,"NXS12717285HH1",2024-11-09,-1,3,2,116,-1,0,4,0,0,5,25,0,0,1,608011156,"7.12.3"
"C16143",1,"NXS11320237HH1",2025-06-25,-1,1,2,313,74,0,0,1,0,3,25,0,0,1,608011156,"7.12.3"
"C16164",1,"NXS10619062HH1",2025-03-31,-1,1,2,99,24,0,1,1,0,5,25,0,0,1,608011156,"7.12.3"
"C16170",1,"RRH15617494HH1",2024-11-24,-1,1,5,410,-1,0,1,1,2,4,25,0,0,4,608011156,"7.12.3"
"C16179",1,"RRH13117810HH2",2024-12-19,-1,3,5,410,-1,0,0,1,2,5,25,0,0,4,608011156,"7.12.3"
"C16182",1,"RRH12615554HH1",2024-05-25,-1,1,5,410,-1,0,1,1,2,5,25,0,0,4,608011156,"7.12.3"
"C16209",1,"NXS11320253HH1",2025-06-26,-1,2,2,314,114,0,0,0,0,3,25,0,0,1,608011156,"7.12.3"
"C16218",1,"NXS10619147HH1",2025-04-07,-1,4,2,99,346,0,4,0,1,5,24,0,0,1,608011156,"7.12.3"
"C16245",2,"RRH16016075HH4",2024-07-28,-1,1,7,116,-1,0,0,0,0,5,25,1,0,4,608011156,"7.12.3"
"C16254",1,"NXS11321461HH1",2025-08-29,-1,1,2,302,-1,1,0,1,2,5,55,0,0,1,608011156,"7.12.3"
"C16293",1,"RRH15715945HH1",2024-07-15,-1,1,5,431,-1,0,0,1,0,5,55,0,0,4,608011156,"7.12.3"
"C16317",1,"RRH15516927HH1",2024-10-12,-1,1,5,312,-1,0,1,1,1,5,25,0,0,4,608011156,"7.12.3"
"C16323",1,"RRH13218198HH1",2025-01-17,-1,1,5,422,-1,0,0,1,0,3,25,0,0,4,608011156,"7.12.3"
"C16326",1,"NXS11321021HH1",2025-08-07,-1,3,2,422,103,0,0,1,0,25,25,0,0,1,608011156,"7.12.3"
"C16332",1,"NXS11319121HH1",2025-04-05,-1,1,2,312,-1,0,4,0,0,5,25,0,0,1,608011156,"7.12.3"
"C16347",1,"RRH14010879HH1",2023-08-02,-1,5,5,410,324,0,0,0,0,356,25,0,0,5,608011156,"7.12.3"
"C16359",1,"RRH13215433HH1",2024-05-09,-1,1,5,410,-1,0,1,1,0,34,25,0,0,4,608011156,"7.12.3"
"C16365",1,"NXS11116522HH1",2024-09-11,-1,1,2,116,-1,0,0,1,2,5,25,0,0,1,608011156,"7.12.3"
"C16377",1,"NXS11316342HH1",2024-08-25,-1,4,2,440,-1,0,1,1,1,56,25,0,0,1,608011156,"7.12.3"
"C16386",2,"RRH12115615HH2",2024-05-30,-1,3,5,433,-1,0,4,0,1,5,25,1,0,4,608011156,"7.12.3"
"C16392",1,"NXS11418377HH1",2025-01-30,-1,3,2,302,170,1,1,1,1,5,25,0,0,1,608011156,"7.12.3"
"C16395",1,"NXS14717863HH1",2024-12-18,-1,5,2,206,155,0,1,1,0,3,25,0,0,1,608011156,"7.12.3"
"C16422",1,"NXS14718134HH1",2025-01-12,-1,1,2,312,-1,0,0,1,2,56,24,0,0,1,608011156,"7.12.3"
"C16446",2,"NXS10217590HH2",2024-12-01,-1,1,2,99,-1,0,0,1,2,5,25,1,0,1,608011156,"7.12.3"
"C16455",1,"RRH14318863HH1",2025-03-14,-1,1,5,410,-1,0,0,1,0,5,25,0,0,4,608011156,"7.12.3"
"C16488",2,"NXS11118694HH2",2025-02-24,-1,1,2,410,-1,0,0,0,0,1,25,1,0,1,608011156,"7.12.3"
"C16506",1,"RRH16016605HH1",2024-09-19,-1,1,7,99,52,0,1,1,0,123,25,0,0,5,608011156,"7.12.3"
"C16509",1,"RRH13219090HH1",2025-03-04,-1,5,5,410,-1,0,4,0,0,5,25,0,0,5,608011156,"7.12.3"
"C16512",1,"NXS11318706HH1",2025-02-27,-1,3,2,116,-1,0,2,1,0,1,25,0,0,1,608011156,"7.12.3"
"C16515",1,"NBN10521130HH1",2025-08-14,-1,1,2,99,-1,1,0,0,0,3,25,0,0,1,608011156,"7.12.3"
"C16527",1,"NXS10818544HH1",2025-02-14,-1,1,2,431,-1,1,0,0,0,5,25,0,0,1,608011156,"7.12.3"
"C16533",1,"RRH15716272HH1",2024-08-18,-1,1,5,101,201,0,0,0,0,5,25,0,0,4,608011156,"7.12.3"
"C16557",1,"NXS11316688HH1",2024-09-27,-1,1,2,312,-1,0,1,1,2,3,55,0,0,1,608011156,"7.12.3"
"C16563",1,"NXS10820637HH1",2025-07-19,-1,3,2,410,-1,0,0,1,0,5,55,0,0,1,608011156,"7.12.3"
"C16575",1,"RRH12418035HH1",2025-01-06,-1,1,5,410,-1,1,0,1,0,3,55,0,0,4,608011156,"7.12.3"
"C16581",1,"NXS10719073HH1",2025-04-01,-1,1,2,98,226,0,1,1,2,3,25,0,0,1,608011156,"7.12.3"
"C16608",1,"NXS11317166HH1",2024-10-30,-1,3,2,99,506,0,1,1,1,1,25,0,0,1,608011156,"7.12.3"
"C16626",1,"NBN10519025HH1",2025-03-30,-1,1,2,99,327,0,0,1,0,5,25,0,0,1,608011156,"7.12.3"
"C16632",1,"NXS14718189HH1",2025-01-16,-1,1,2,410,-1,0,0,0,0,5,25,0,0,1,608011156,"7.12.3"
"C16638",1,"NXS12716941HH1",2024-10-13,-1,3,2,313,282,0,1,1,0,146,25,0,0,1,608011156,"7.12.3"
"C16647",2,"NXS10620618HH5",2025-07-18,-1,2,2,420,-1,0,2,1,0,3,25,1,1,1,608011156,"7.12.3"
"C16665",1,"NXS11416243HH1",2024-08-16,-1,3,2,313,-1,0,4,0,0,5,55,0,0,1,608011156,"7.12.3"
"C16668",1,"RRH13217173HH1",2024-10-31,-1,1,5,410,343,0,9,1,0,156,25,0,0,4,608011156,"7.12.3"
"C16677",1,"NXS10719957HH1",2025-06-06,-1,1,2,98,303,0,0,0,0,5,25,0,0,1,608011156,"7.12.3"
"C16686",1,"NXS11319442HH1",2025-04-30,-1,1,2,422,-1,0,1,1,0,5,25,0,0,1,608011156,"7.12.3"
"C16707",1,"RRH13315538HH1",2024-05-23,-1,1,5,423,-1,0,0,1,2,5,25,0,0,-1,608011156,"7.12.1"
"C16725",1,"NXS13520794HH1",2025-07-27,-1,1,2,99,-1,0,9,1,0,3,25,0,0,1,608011156,"7.12.3"
"C16728",1,"NXS11118532HH2",2025-02-13,-1,1,2,422,-1,0,0,1,0,5,25,0,0,1,608011156,"7.12.3"
"C16737",1,"TRN10419733HH1",2025-05-22,-1,1,3,98,297,0,1,1,2,5,24,0,0,2,608011156,"7.12.3"
"C16770",2,"NXS10620827HH2",2025-07-30,-1,1,2,420,-1,0,0,0,1,5,25,1,0,1,608011156,"7.12.3"
"C16785",1,"RRH12416576HH1",2024-09-15,-1,1,5,410,-1,1,0,1,0,5,55,0,0,4,608011156,"7.12.3"
"C16848",1,"NXS10816714HH1",2024-09-30,-1,4,2,423,-1,0,1,1,0,267,25,0,0,1,608011156,"7.12.3"
"C16860",1,"NBN10519616HH1",2025-05-13,-1,1,2,99,-1,0,0,1,0,5,55,0,0,1,608011156,"7.12.3"
"C16875",1,"PSH11910504HH1",2023-07-01,-1,1,6,207,-1,1,0,1,0,5,55,0,0,-1,608011156,"7.12.1"
"C16878",2,"RRH13216344HH6",2024-08-04,-1,5,5,420,-1,0,0,0,0,346,25,1,1,5,608011156,"7.12.3"
"C16908",2,"NXS10218141HH2",2025-01-13,-1,1,2,431,-1,0,0,0,2,5,25,1,0,1,608011156,"7.12.3"
"C16926",1,"NXS10917254HH1",2024-11-06,-1,1,2,410,359,0,0,0,0,36,25,0,0,1,608011156,"7.12.3"
"C16932",1,"PSH11915672HH1",2024-06-08,-1,1,6,98,407,1,1,1,0,5,25,0,0,8,608011156,"7.12.3"
"C16941",1,"RRH12316332HH1",2024-08-08,-1,5,5,431,347,1,1,1,0,5,55,0,0,7,608011156,"7.12.3"
"C16944",1,"NXS10616749HH1",2024-10-04,-1,1,2,99,589,0,0,0,0,3,25,0,0,1,608011156,"7.12.3"
"C16950",2,"NXS10620902HH3",2025-08-02,-1,1,2,99,-1,0,0,1,2,457,24,1,0,1,608011156,"7.12.3"
"C16953",2,"RRH14913162HH4",2023-12-01,-1,1,5,410,-1,0,0,0,1,3,25,1,1,-1,608011156,"7.12.1"
"C16968",1,"NXS11316479HH1",2024-09-06,-1,3,2,312,-1,0,1,1,0,3,25,0,0,1,608011156,"7.12.3"
"C17025",1,"RRH15715831HH1",2024-07-01,-1,1,5,420,-1,0,6,1,0,5,55,0,0,4,608011156,"7.12.3"
"C17028",1,"TRN14620217HH1",2025-06-15,-1,5,3,225,-1,1,9,1,0,5,55,0,0,3,608011156,"7.12.3"
"C17034",1,"NXS10820561HH1",2025-07-13,-1,1,2,434,-1,0,0,1,1,5,55,0,0,1,608011156,"7.12.3"
"C17061",1,"NXS11116965HH2",2024-10-15,-1,1,2,116,-1,0,1,1,0,5,25,0,0,1,608011156,"7.12.3"
"C17103",1,"RRH13215388HH2",2024-05-02,-1,1,5,410,-1,0,0,1,2,13,18,0,0,4,608011156,"7.12.3"
"C17115",1,"NXS10617448HH1",2024-11-21,-1,3,2,420,195,0,0,0,0,3,55,0,0,1,608011156,"7.12.3"
"C17121",1,"PSH11910243HH1",2023-03-16,-1,1,6,419,-1,1,0,1,0,5,55,0,0,-1,608011156,"7.12.1"
"C17127",2,"NXS11119530HH4",2025-05-08,-1,1,2,116,-1,0,0,0,0,5,25,1,0,1,608011156,"7.12.3"
"C17130",1,"NXS11317026HH1",2024-10-18,-1,2,2,410,283,0,0,0,0,5,55,0,0,1,608011156,"7.12.3"
"C17133",1,"RRH15816813HH1",2024-10-05,-1,1,5,440,-1,0,6,1,0,35,25,0,0,4,608011156,"7.12.3"
"C17139",1,"NXS10620431HH1",2025-07-05,-1,4,2,99,-1,0,4,0,0,17,25,0,0,1,608011156,"7.12.3"
"C17172",1,"NXS11619808HH1",2025-05-28,-1,1,2,207,-1,0,1,1,2,24,25,0,0,1,608011156,"7.12.3"
"C17202",1,"NBN10520829HH1",2025-08-03,-1,1,2,99,-1,0,0,1,0,3,25,0,0,1,608011156,"7.12.3"
"C17205",1,"RRH13311654HH1",2023-10-07,-1,1,5,410,435,0,6,1,2,5,25,0,0,4,608011156,"7.12.3"
"C17208",1,"RRH14317775HH1",2024-12-15,-1,3,5,410,-1,0,1,1,0,27,25,0,0,4,608011156,"7.12.3"
"C17211",1,"NXS14718305HH1",2025-01-25,-1,3,2,410,132,1,0,0,0,3,55,0,0,1,608011156,"7.12.3"
"C17232",1,"NXS10620566HH1",2025-07-14,-1,4,2,99,80,0,0,0,0,5,18,0,0,1,608011156,"7.12.3"
"C17235",2,"TRN10418676HH2",2025-02-23,-1,1,3,99,-1,0,0,1,1,5,25,1,0,2,608011156,"7.12.3"
"C17262",1,"NXS10918334HH1",2025-01-27,-1,2,2,422,95,0,0,1,0,56,25,0,0,1,608011156,"7.12.3"
"C17268",1,"NXS11319288HH1",2025-04-17,-1,1,2,423,-1,0,0,0,0,3,55,0,0,1,608011156,"7.12.3"
"C17271",2,"RRH13215996HH2",2024-07-21,-1,1,5,410,-1,0,0,1,2,13,25,1,0,4,608011156,"7.12.3"
"C17292",1,"RRH16020103HH1",2025-06-18,-1,1,7,116,-1,0,1,1,0,5,55,0,0,4,608011156,"7.12.3"
"C17298",1,"NXS12718341HH1",2025-01-27,-1,1,2,312,-1,0,0,1,0,3,25,0,0,1,608011156,"7.12.3"
"C17304",1,"NXS14717713HH1",2024-12-12,-1,1,2,314,144,0,0,1,0,56,55,0,0,1,608011156,"7.12.3"
"C17307",1,"RRH15915768HH2",2024-06-27,-1,1,5,410,-1,0,0,1,2,5,25,0,0,4,608011156,"7.12.3"
"C17313",1,"NXS10816719HH1",2024-10-02,-1,1,2,422,279,0,0,0,0,57,25,0,0,1,608011156,"7.12.3"
"C17325",1,"TRN11717149HH1",2024-10-26,-1,1,3,422,-1,0,0,1,0,67,18,0,0,2,608011156,"7.12.3"
"C17337",1,"NXS11418931HH1",2025-03-20,-1,1,2,99,-1,0,0,1,0,5,25,0,0,1,608011156,"7.12.3"
"C17343",1,"RRH16217021HH1",2024-10-18,-1,1,7,410,-1,0,9,1,0,5,25,0,0,4,608011156,"7.12.3"
"C17367",1,"NXS10618642HH1",2025-02-21,-1,1,2,312,-1,0,1,1,1,124,25,0,0,1,608011156,"7.12.3"
"C17370",1,"RRH13216116HH1",2024-08-01,-1,5,5,431,-1,1,9,1,0,5,55,0,0,7,608011156,"7.12.3"
"C17373",1,"NXS12718007HH1",2024-12-30,-1,5,2,116,305,0,1,1,0,5,25,0,0,1,608011156,"7.12.3"
"C17376",1,"NXS10620648HH1",2025-07-19,-1,1,2,99,-1,0,1,1,0,125,55,0,0,1,608011156,"7.12.3"
"C17379",1,"NXS11117727HH1",2024-12-12,-1,1,2,410,-1,0,0,1,0,456,55,0,0,1,608011156,"7.12.3"
"C17385",1,"NXS10721237HH1",2025-08-17,-1,1,2,99,180,0,0,1,1,5,25,0,0,1,608011156,"7.12.3"
"C17391",1,"RRH12118131HH1",2025-01-12,-1,1,5,410,-1,0,6,1,2,126,25,0,0,4,608011156,"7.12.3"
"C17400",1,"NXS11320177HH1",2025-06-21,-1,4,2,313,88,0,1,1,0,127,25,0,0,1,608011156,"7.12.3"
"C17406",1,"RRH13312033HH1",2023-10-19,-1,1,5,410,494,0,0,1,0,5,25,0,0,-1,608011156,"7.12.1"
"C17415",1,"NXS10818723HH1",2025-02-28,-1,1,2,314,-1,0,0,1,0,5,55,0,0,1,608011156,"7.12.3"
"C17418",1,"PSH11910162HH1",2023-01-20,-1,1,6,410,-1,1,0,1,0,5,25,0,0,-1,608011156,"7.12.1"
"C17421",1,"RRH12615537HH1",2024-05-23,-1,3,5,99,492,0,1,1,2,135,25,0,0,4,608011156,"7.12.3"
"C17451",1,"NBN10517222HH1",2024-11-02,-1,1,2,99,-1,1,4,0,0,5,25,0,0,1,608011156,"7.12.3"
"C17454",1,"RRH15319194HH1",2025-04-10,-1,1,5,422,-1,0,1,1,0,36,18,0,0,4,608011156,"7.12.3"
"C17475",1,"NXS10617417HH1",2024-11-17,-1,5,2,99,79,0,1,1,0,146,25,0,0,1,608011156,"7.12.3"
"C17511",1,"NXS14717964HH1",2024-12-30,-1,3,2,313,-1,0,9,1,0,5,55,0,0,1,608011156,"7.12.3"
"C17514",1,"NXS10618263HH1",2025-01-21,-1,1,2,312,-1,0,0,1,2,3,25,0,0,1,608011156,"7.12.3"
"C17541",1,"NBN10518847HH1",2025-03-13,-1,1,2,99,-1,0,0,1,0,3,25,0,0,1,608011156,"7.12.3"
"C17553",1,"NXS14716829HH1",2024-10-07,-1,3,2,410,56,0,1,1,0,5,25,0,0,1,608011156,"7.12.3"
"C17604",2,"NXS10217401HH2",2024-11-16,-1,1,2,98,-1,0,0,1,1,5,25,1,0,1,608011156,"7.12.3"
"C17616",1,"RRH13217480HH2",2024-11-23,-1,3,5,410,-1,1,1,1,0,3,25,0,0,4,608011156,"7.12.3"
"C17622",1,"NXS12717630HH1",2024-12-05,-1,1,2,422,-1,0,0,1,0,5,25,0,0,1,608011156,"7.12.3"
"C17634",1,"NXS14717185HH1",2024-10-31,-1,1,2,434,-1,0,0,0,0,257,55,0,0,1,608011156,"7.12.3"
"C17652",1,"NXS11619750HH1",2025-05-23,-1,2,2,99,184,0,1,1,2,5,25,0,0,1,608011156,"7.12.3"
"C17664",1,"NBN10517977HH1",2025-01-02,-1,1,2,99,-1,0,0,1,0,56,25,0,0,1,608011156,"7.12.3"
"C17670",1,"NXS10719059HH1",2025-03-30,-1,1,2,410,-1,0,0,1,0,56,25,0,0,1,608011156,"7.12.3"
"C17673",2,"RRH16020059HH2",2025-06-14,-1,1,7,116,-1,0,0,0,0,5,25,1,0,4,608011156,"7.12.3"
"C17685",1,"NXS10918887HH1",2025-03-09,-1,5,2,313,33,0,0,0,0,5,25,0,0,1,608011156,"7.12.3"
"C17736",1,"RRH13218765HH1",2025-03-05,-1,2,5,433,-1,0,1,1,0,5,25,0,0,4,608011156,"7.12.3"
"C17742",1,"NXS10818652HH1",2025-02-21,-1,1,2,313,-1,0,0,1,0,5,55,0,0,1,608011156,"7.12.3"
"C17745",1,"NXS11618959HH1",2025-03-21,-1,3,2,98,433,0,0,0,0,5,25,0,0,1,608011156,"7.12.3"
"C17760",1,"NXS11319206HH1",2025-04-11,-1,1,2,422,106,0,0,1,1,3,55,0,0,1,608011156,"7.12.3"
"C17775",1,"NXS12718158HH1",2024-10-10,-1,5,2,116,24,0,4,0,0,2,25,0,0,1,608011156,"7.12.3"
"C17778",1,"NXS11320012HH1",2025-06-10,-1,1,2,314,-1,0,0,1,2,5,25,0,0,1,608011156,"7.12.3"
"C17781",1,"RRH12115152HH1",2024-04-06,-1,1,5,410,-1,0,0,0,0,567,55,0,0,4,608011156,"7.12.3"
"C17784",1,"NXS11319050HH1",2025-03-29,-1,1,2,313,-1,0,1,1,2,5,25,0,0,1,608011156,"7.12.3"
"C17787",1,"NXS10819746HH1",2025-05-22,-1,1,2,313,-1,0,9,1,0,5,25,0,0,1,608011156,"7.12.3"
"C17805",1,"NXS10719579HH1",2025-04-17,-1,5,2,98,142,0,0,1,2,3,25,0,0,1,608011156,"7.12.3"
"C17811",2,"NXS10218989HH4",2025-03-23,-1,1,2,410,59,0,0,1,1,3,25,1,1,1,608011156,"7.12.3"
"C17823",2,"NXS10216202HH4",2024-08-11,-1,1,2,431,499,0,0,0,1,3,25,1,0,1,608011156,"7.12.3"
"C17835",1,"NXS10920504HH1",2025-05-31,-1,5,2,205,-1,0,0,1,0,3,25,0,0,1,608011156,"7.12.3"
"C17844",1,"RRH15419160HH1",2025-04-09,-1,3,7,99,327,0,1,1,0,5,25,0,0,4,608011156,"7.12.3"
"C17871",1,"NXS10621859HH1",2025-09-14,-1,1,2,99,-1,1,0,0,0,3,25,0,0,1,608011156,"7.12.3"
"C17880",1,"NXS10319988HH1",2025-06-08,-1,1,2,422,-1,0,1,1,2,3,18,0,0,1,608011156,"7.12.3"
"C17898",1,"RRH12615849HH1",2024-05-19,-1,5,5,410,50,0,1,1,0,13,55,0,0,5,608011156,"7.12.3"
"C17907",1,"RRH12417607HH1",2024-12-02,-1,1,7,204,-1,1,4,0,0,5,55,0,0,4,608011156,"7.12.3"
"C17916",1,"TRN10419989HH1",2025-06-08,-1,1,3,410,-1,0,0,1,0,5,55,0,0,2,608011156,"7.12.3"
"C17940",1,"RRH14317471HH1",2024-11-22,-1,1,5,410,-1,0,0,1,2,5,25,0,0,4,608011156,"7.12.3"
"C17955",1,"NXS14717158HH1",2024-10-28,-1,1,2,205,119,0,4,0,0,5,25,0,0,1,608011156,"7.12.3"
"C17958",1,"PSH16519255HH1",2025-04-16,-1,3,6,116,79,0,1,1,2,5,25,0,0,8,608011156,"7.12.3"
"C17967",1,"NXS12718339HH1",2024-10-15,-1,5,2,313,271,0,1,1,0,5,55,0,0,1,608011156,"7.12.3"
"C17970",1,"NXS11317541HH1",2024-11-28,-1,1,2,313,415,0,4,0,0,5,25,0,0,1,608011156,"7.12.3"
"C17985",2,"NXS10317791HH2",2024-12-16,-1,1,2,313,-1,0,0,1,0,5,25,1,0,1,608011156,"7.12.3"
"C17994",2,"NXS13817006HH5",2024-10-18,-1,1,2,410,-1,0,0,0,2,5,25,1,1,1,608011156,"7.12.3"
"C18009",1,"RRH15414498HH1",2023-12-14,-1,5,5,410,231,0,0,0,0,3,25,0,0,-1,608011156,"7.12.1"
"C18012",1,"RRH16217148HH1",2024-10-26,-1,2,5,116,453,0,0,1,1,3,25,0,0,4,608011156,"7.12.3"
"C18015",1,"NXS12717326HH1",2024-10-03,-1,5,2,101,157,0,1,1,2,5,55,0,0,1,608011156,"7.12.3"
"C18027",1,"NXS10220939HH1",2025-08-03,-1,1,2,98,-1,0,0,1,0,5,55,0,0,1,608011156,"7.12.3"
"C18039",1,"NXS11319443HH1",2025-04-30,-1,1,2,116,162,0,1,1,2,5,25,0,0,1,608011156,"7.12.3"
"C18042",1,"RRH16216750HH1",2024-10-04,-1,1,7,205,-1,0,0,1,2,5,25,0,0,4,608011156,"7.12.3"
"C18060",1,"NXS10217671HH3",2024-12-07,-1,1,2,410,-1,0,0,1,0,5,25,1,0,1,608011156,"7.12.3"
"C18069",1,"RRH16016151HH1",2024-08-04,-1,1,7,99,-1,0,0,0,1,3,18,0,0,4,608011156,"7.12.3"
"C18090",2,"NXS11116621HH3",2024-09-20,-1,1,2,410,-1,0,0,0,1,3,25,1,0,1,608011156,"7.12.3"
"C18099",1,"NXS11318893HH1",2025-03-16,-1,1,2,116,114,0,0,0,1,3,25,0,0,1,608011156,"7.12.3"
"C18120",1,"NXS14717747HH1",2024-12-13,-1,3,2,313,338,0,1,1,0,5,25,0,0,1,608011156,"7.12.3"
"C18138",2,"NXS10217675HH5",2024-12-07,-1,1,2,410,-1,0,0,1,0,3,25,1,1,1,608011156,"7.12.3"
"C18147",1,"TRN14619937HH1",2025-06-05,-1,2,3,419,145,1,2,1,0,5,55,0,0,2,608011156,"7.12.3"
"C18150",1,"HAV13710124HH1",2022-11-20,-1,1,4,410,135,1,1,1,0,3,25,0,0,1,608011156,"7.12.3"
"C18180",1,"RRH13314051HH1",2024-01-03,-1,1,5,420,-1,1,0,1,0,5,55,0,0,-1,608011156,"7.12.1"
"C18189",1,"NXS11320024HH1",2025-06-11,-1,1,2,313,-1,0,0,1,0,3,55,0,0,1,608011156,"7.12.3"
"C18198",2,"NXS10621213HH2",2025-08-16,-1,1,2,420,-1,0,0,0,1,3,25,1,0,1,608011156,"7.12.3"
"C18213",1,"TRN11821495HH1",2025-08-31,-1,1,3,313,45,1,1,1,1,56,25,0,0,2,608011156,"7.12.3"
"C18261",1,"RRH16017418HH1",2024-11-17,-1,2,5,440,-1,0,1,1,0,137,55,0,0,5,608011156,"7.12.3"
"C18312",1,"RRH15618750HH1",2025-03-02,-1,1,5,423,157,0,1,1,2,34,25,0,0,4,608011156,"7.12.3"
"C18318",1,"NXS13818947HH1",2025-03-21,-1,1,2,423,116,0,1,1,2,5,25,0,0,1,608011156,"7.12.3"
"C18333",1,"RRH15617629HH1",2024-12-05,-1,2,5,410,-1,0,4,0,0,3,25,0,0,4,608011156,"7.12.3"
"C18339",2,"NXS10219656HH4",2025-05-15,-1,1,2,99,-1,0,0,1,0,3,25,1,0,1,608011156,"7.12.3"
"C18345",2,"NBN10519705HH3",2025-05-19,-1,2,2,99,-1,0,0,0,0,3,25,1,0,1,608011156,"7.12.3"
"C18372",1,"NXS13817408HH1",2024-11-17,-1,2,2,423,-1,0,0,1,0,56,25,0,0,1,608011156,"7.12.3"
"C18375",2,"NXS10220812HH3",2025-07-27,-1,3,2,410,-1,0,0,0,0,3,18,1,0,1,608011156,"7.12.3"
"C18414",1,"NXS12917030HH1",2024-10-18,-1,1,2,225,-1,0,9,1,0,247,55,0,0,1,608011156,"7.12.3"
"C18450",1,"NXS10821193HH1",2025-08-16,-1,4,2,314,193,1,1,1,0,5,25,0,0,1,608011156,"7.12.3"
"C18453",2,"NBN10521907HH2",2025-09-21,-1,1,2,99,-1,0,0,0,0,267,25,1,0,1,608011156,"7.12.3"
"C18483",1,"RRH13316510HH1",2024-09-08,-1,1,5,422,-1,0,1,1,0,5,25,0,0,4,608011156,"7.12.3"
"C18489",1,"NXS11417936HH1",2024-12-28,-1,1,2,205,-1,0,0,1,2,5,25,0,0,1,608011156,"7.12.3"
"C18492",1,"NXS14717588HH1",2024-12-01,-1,4,2,313,395,0,1,1,2,356,25,0,0,1,608011156,"7.12.3"
"C18504",2,"RRH13215920HH2",2024-07-13,-1,1,5,410,-1,0,0,0,1,35,24,1,0,-1,608011156,"7.12.1"
"C18543",1,"RRH12417606HH1",2024-11-16,-1,5,7,410,173,1,1,1,0,5,55,0,0,5,608011156,"7.12.3"
"C18549",1,"RRH15819117HH1",2025-04-05,-1,2,7,101,258,1,9,1,1,5,25,0,0,4,608011156,"7.12.3"
"C18552",1,"TRN10418771HH1",2025-03-05,-1,1,3,314,-1,0,1,1,0,5,25,0,0,2,608011156,"7.12.3"
"C18567",1,"NXS11316460HH1",2024-09-05,-1,3,2,434,-1,0,2,1,0,567,25,0,0,1,608011156,"7.12.3"
"C18570",1,"NXS11619060HH1",2025-03-30,-1,4,2,116,196,1,1,1,2,5,55,0,0,1,608011156,"7.12.3"
"C18585",1,"NXS11316868HH1",2024-10-09,-1,3,2,313,307,0,1,1,0,5,25,0,0,1,608011156,"7.12.3"
"C18588",1,"NXS11619687HH1",2025-05-17,-1,1,2,99,146,1,0,1,0,5,55,0,0,1,608011156,"7.12.3"
"C18606",2,"RRH15718309HH3",2025-01-25,-1,1,7,99,222,0,1,1,2,3,25,1,0,4,608011156,"7.12.3"
"C18615",1,"NXS11318679HH1",2025-02-24,-1,3,2,420,-1,0,6,1,0,5,55,0,0,1,608011156,"7.12.3"
"C18621",1,"NBN10518977HH1",2025-03-28,-1,5,2,99,41,0,1,1,0,3,55,0,0,1,608011156,"7.12.3"
"C18627",1,"NXS11318580HH1",2024-10-06,-1,5,2,410,180,0,1,1,2,4,25,0,0,1,608011156,"7.12.3"
"C18636",1,"RRH15618735HH1",2024-12-26,-1,5,5,423,106,0,0,1,0,5,55,0,0,5,608011156,"7.12.3"
"C18642",1,"NBN10517335HH1",2024-11-14,-1,3,2,99,-1,0,0,1,0,5,55,0,0,1,608011156,"7.12.3"
"C18657",1,"NXS10618403HH1",2025-02-01,-1,4,2,116,159,0,4,0,0,5,55,0,0,1,608011156,"7.12.3"
"C18678",1,"RRH14118107HH1",2025-01-10,-1,1,7,314,-1,0,1,1,0,5,55,0,0,4,608011156,"7.12.3"
"C18693",1,"RRH14010487HH1",2023-06-28,-1,1,5,410,-1,0,0,0,0,3,25,0,0,-1,608011156,"7.12.1"
"C18738",1,"NXS11316831HH2",2024-10-07,-1,1,2,314,284,0,0,1,0,56,25,0,0,1,608011156,"7.12.3"
"C18774",1,"NXS10617535HH1",2024-11-21,-1,5,2,205,159,0,0,0,0,5,25,0,0,1,608011156,"7.12.3"
"C18789",1,"NXS11319345HH2",2025-04-23,-1,1,2,422,-1,0,1,1,2,3,25,0,0,1,608011156,"7.12.3"
"C18798",1,"NXS10617381HH1",2024-11-16,-1,1,2,98,507,0,0,0,0,5,55,0,0,1,608011156,"7.12.3"
"C18855",1,"NXS11315982HH1",2024-07-20,-1,3,2,440,-1,0,1,1,0,5,55,0,0,1,608011156,"7.12.3"
"C18870",1,"NXS10619145HH1",2025-04-07,-1,1,2,313,-1,0,1,1,1,5,25,0,0,1,608011156,"7.12.3"
"C18888",1,"NXS11620095HH1",2025-06-16,-1,1,2,313,-1,0,0,0,0,3,25,0,0,1,608011156,"7.12.3"
"C18891",1,"NXS10617160HH1",2024-10-29,-1,1,2,98,-1,0,0,1,2,1,25,0,0,1,608011156,"7.12.3"
"C18909",1,"NXS11118535HH2",2025-02-14,-1,1,2,422,-1,0,0,0,2,67,25,0,0,1,608011156,"7.12.3"
"C18921",1,"NXS14717931HH1",2024-12-28,-1,4,2,423,250,0,1,1,2,16,25,0,0,1,608011156,"7.12.3"
"C18924",1,"RRH13210231HH1",2023-03-09,-1,1,5,433,-1,0,0,1,0,3,25,0,0,-1,608011156,"7.12.1"
"C18933",1,"NXS14717806HH1",2024-12-19,-1,3,2,422,-1,0,1,1,0,6,55,0,0,1,608011156,"7.12.3"
"C18945",99,"RRH15819292HH2",2025-04-17,-1,1,5,410,-1,0,0,1,2,5,-1,0,0,4,608011156,"7.12.3"
"C18975",1,"RRH14017042HH1",2024-10-19,-1,1,5,410,-1,0,0,0,0,125,55,0,0,4,608011156,"7.12.3"
"C18984",1,"NXS11118355HH1",2025-01-29,-1,2,2,98,65,0,1,1,0,5,55,0,0,1,608011156,"7.12.3"
"C18987",1,"NXS11118028HH1",2025-01-05,-1,4,2,98,340,0,0,0,2,3,24,0,0,1,608011156,"7.12.3"
"C18993",2,"RRH13215618HH4",2024-05-30,-1,1,5,410,-1,0,6,1,1,3,25,1,1,4,608011156,"7.12.3"
"C19002",1,"NXS11318060HH1",2025-01-07,-1,4,2,116,392,0,1,1,0,5,18,0,0,1,608011156,"7.12.3"
"C19008",1,"RRH16016361HH1",2024-08-26,-1,1,5,440,-1,0,4,0,0,5,55,0,0,5,608011156,"7.12.3"
"C19020",1,"NBN10516713HH1",2024-10-07,-1,2,2,99,16,0,1,1,0,3,25,0,0,1,608011156,"7.12.3"
"C19041",1,"TRN10418732HH1",2025-03-01,-1,3,3,422,-1,0,0,1,0,5,25,0,0,2,608011156,"7.12.3"
"C19062",1,"NXS11320260HH1",2025-06-26,-1,4,2,313,83,0,4,0,0,146,25,0,0,1,608011156,"7.12.3"
"C19065",1,"RRH16015973HH1",2024-07-19,-1,1,7,302,-1,0,1,1,2,5,25,0,0,4,608011156,"7.12.3"
"C19077",1,"TRN10419011HH1",2025-03-26,-1,1,3,410,-1,0,0,1,2,5,25,0,0,2,608011156,"7.12.3"
"C19080",2,"NXS10217022HH4",2024-10-18,-1,1,2,423,71,0,0,0,2,3,25,1,1,1,608011156,"7.12.3"
"C19095",1,"RRH15419708HH1",2025-05-11,-1,5,5,99,-1,0,0,1,0,5,18,0,0,5,608011156,"7.12.3"
"C19101",1,"NXS10221417HH2",2025-08-27,-1,1,2,116,-1,0,0,1,0,157,25,0,0,1,608011156,"7.12.3"
"C19134",1,"NBN10518703HH1",2025-02-27,-1,5,2,99,73,1,2,1,2,56,25,0,0,1,608011156,"7.12.3"
"C19167",1,"NXS11320279HH1",2025-06-27,-1,2,2,313,-1,0,0,0,0,5,25,0,0,1,608011156,"7.12.3"
"C19170",1,"RRH16216644HH1",2024-09-22,-1,4,5,410,-1,0,0,1,0,3,25,0,0,4,608011156,"7.12.3"
"C19191",1,"RRH13218807HH1",2025-02-25,-1,5,7,24,-1,0,1,1,0,3,25,0,0,5,608011156,"7.12.3"
"C19212",1,"NXS10920526HH1",2025-07-11,-1,1,2,312,19,0,0,0,0,3,25,0,0,1,608011156,"7.12.3"
"C19218",1,"NXS11316818HH1",2024-10-06,-1,3,2,313,-1,0,1,1,0,5,25,0,0,1,608011156,"7.12.3"
"C19227",1,"NXS11318599HH2",2024-12-28,-1,5,2,423,264,0,0,1,0,5,55,0,0,1,608011156,"7.12.3"
"C19236",2,"NXS10217542HH4",2024-11-28,-1,1,2,99,-1,1,0,1,2,3,25,1,0,1,608011156,"7.12.3"
"C19281",1,"NXS11619173HH1",2025-04-09,-1,3,2,312,196,0,0,1,0,15,18,0,0,1,608011156,"7.12.3"
"C19308",2,"RRH13210306HH3",2023-04-18,-1,1,5,433,-1,0,0,1,2,367,25,1,0,-1,608011156,"7.12.1"
"C19341",1,"NXS13817390HH1",2024-11-16,-1,1,2,423,187,0,0,0,0,5,25,0,0,1,608011156,"7.12.3"
"C19344",1,"NXS12916294HH1",2024-08-21,-1,1,2,99,-1,0,0,1,0,5,55,0,0,1,608011156,"7.12.3"
"C19347",1,"NXS11318005HH1",2025-01-03,-1,1,2,423,219,1,0,0,0,467,55,0,0,1,608011156,"7.12.3"
"C19359",1,"RRH15716584HH1",2024-09-16,-1,2,7,207,-1,0,0,0,0,5,25,0,0,4,608011156,"7.12.3"
"C19374",2,"RRH14317608HH7",2024-12-02,-1,1,5,410,-1,0,0,1,2,5,25,1,1,4,608011156,"7.12.3"
"C19395",1,"RRH12417828HH2",2024-12-16,-1,5,5,410,274,1,5,1,3,2,25,0,0,5,608011156,"7.12.3"
"C19410",1,"NXS10617484HH1",2024-11-23,-1,1,2,312,-1,0,0,0,2,5,25,0,0,1,608011156,"7.12.3"
"C19422",1,"NXS11318631HH1",2025-02-20,-1,1,2,313,-1,0,4,0,0,5,25,0,0,1,608011156,"7.12.3"
"C19440",1,"NXS14716783HH1",2024-10-04,-1,2,2,313,-1,0,1,1,0,3,25,0,0,1,608011156,"7.12.3"
"C19461",1,"NXS12717488HH1",2024-11-21,-1,5,2,206,344,0,0,1,2,7,25,0,0,1,608011156,"7.12.3"
"C19464",1,"NXS11319297HH1",2025-04-18,-1,4,2,423,369,0,1,1,0,34,25,0,0,1,608011156,"7.12.3"
"C19473",2,"NXS11118040HH4",2025-01-06,-1,1,2,312,-1,0,0,0,0,5,25,1,0,1,608011156,"7.12.3"
"C19476",1,"NXS11619242HH1",2025-04-15,-1,1,2,410,-1,0,4,0,0,12,55,0,0,1,608011156,"7.12.3"
"C19488",1,"NXS12915936HH1",2024-07-15,-1,4,2,99,484,0,0,0,0,13,25,0,0,1,608011156,"7.12.3"
"C19491",1,"NXS11320016HH1",2025-06-11,-1,2,2,313,187,0,0,1,1,5,25,0,0,1,608011156,"7.12.3"
"C19524",1,"NXS11319365HH1",2025-04-24,-1,3,2,206,-1,1,0,1,0,5,55,0,0,1,608011156,"7.12.3"
"C19533",1,"NXS11314807HH1",2024-02-16,-1,1,2,440,-1,0,4,0,0,5,25,0,0,1,608011156,"7.12.3"
"C19545",1,"NXS10819514HH1",2025-05-08,-1,1,2,302,-1,1,0,0,0,5,25,0,0,1,608011156,"7.12.3"
"C19623",1,"NXS11320490HH1",2025-07-10,-1,3,2,440,-1,0,1,1,0,3,25,0,0,1,608011156,"7.12.3"
"C19641",1,"RRH12318726HH1",2025-02-28,-1,3,5,422,-1,1,1,1,0,5,55,0,0,4,608011156,"7.12.3"
"C19647",1,"RRH14316483HH1",2024-09-06,-1,1,7,440,-1,0,1,1,0,5,25,0,0,4,608011156,"7.12.3"
"C19671",1,"NXS13517646HH1",2024-12-06,-1,1,2,302,-1,0,0,1,0,5,25,0,0,1,608011156,"7.12.3"
"C19674",1,"RRH14010339HH1",2023-05-03,-1,1,5,410,275,1,0,1,0,5,25,0,0,-1,608011156,"7.12.1"
"C19677",1,"NXS14716906HH1",2024-05-24,-1,5,2,410,233,1,1,1,0,45,55,0,0,5,608011156,"7.12.3"
"C19683",1,"NXS12717235HH1",2024-11-04,-1,1,2,206,-1,0,1,1,0,3,25,0,0,1,608011156,"7.12.3"
"C19692",1,"NXS10616501HH1",2024-09-08,-1,1,2,312,345,0,0,0,0,46,18,0,0,1,608011156,"7.12.3"
"C19767",1,"NXS13819417HH1",2025-04-27,-1,1,2,420,-1,0,0,1,2,5,25,0,0,1,608011156,"7.12.3"
"C19785",1,"NXS11319935HH1",2025-06-05,-1,1,2,313,116,0,0,0,0,5,55,0,0,1,608011156,"7.12.3"
"C19866",1,"NXS11317224HH1",2024-11-03,-1,3,2,422,166,0,6,1,0,3,25,0,0,1,608011156,"7.12.3"
"C19881",1,"NXS10918791HH1",2025-03-07,-1,2,2,423,54,0,0,1,0,5,25,0,0,1,608011156,"7.12.3"
"C19893",1,"NXS11019496HH1",2025-05-05,-1,1,2,431,-1,0,0,1,2,5,24,0,0,1,608011156,"7.12.3"
"C19899",1,"NXS11320238HH1",2025-06-25,-1,1,2,313,185,0,0,0,2,3,25,0,0,1,608011156,"7.12.3"
"C19920",1,"NXS10620564HH1",2025-07-14,-1,2,2,98,-1,0,1,1,2,5,25,0,0,1,608011156,"7.12.3"
"C19923",1,"NXS11020011HH1",2025-06-10,-1,1,2,98,222,0,1,1,1,5,25,0,0,1,608011156,"7.12.3"
"C19932",1,"NXS12718265HH1",2025-01-22,-1,1,2,116,317,0,0,0,0,3,25,0,0,1,608011156,"7.12.3"
"C19959",1,"RRH15414631HH2",2024-01-15,-1,5,5,410,-1,0,0,1,2,5,25,0,0,-1,608011156,"7.12.1"
"C19974",2,"RRH14110396HH4",2023-05-31,-1,1,5,431,-1,0,0,1,2,3,25,1,0,-1,608011156,"7.12.1"
"C19992",1,"RRH13215839HH1",2024-07-01,-1,4,5,410,-1,0,0,0,0,245,25,0,0,4,608011156,"7.12.3"
"C20031",2,"RRH13215856HH5",2024-07-06,-1,1,5,410,-1,0,0,0,1,3,25,1,1,4,608011156,"7.12.3"
"C20040",1,"NXS11320277HH1",2025-06-27,-1,1,2,312,298,0,0,1,0,267,25,0,0,1,608011156,"7.12.3"
"C20049",1,"NXS10920968HH1",2025-07-19,-1,5,2,98,-1,0,0,1,0,5,25,0,0,1,608011156,"7.12.3"
"C20103",2,"RRH13215909HH4",2024-07-12,-1,2,5,410,-1,0,0,0,0,3,25,1,0,4,608011156,"7.12.3"
"C20145",2,"NXS11210435HH2",2023-06-11,-1,1,2,410,-1,0,1,1,1,5,25,1,0,1,608011156,"7.12.3"
"C20163",2,"NXS11318207HH4",2025-01-17,-1,1,2,431,-1,0,0,0,2,3,24,1,1,1,608011156,"7.12.3"
"C20178",1,"NXS14717725HH1",2024-12-12,-1,1,2,312,321,0,4,0,0,5,24,0,0,1,608011156,"7.12.3"
"C20190",1,"RRH15618470HH1",2025-02-08,-1,1,5,410,-1,0,0,1,1,5,25,0,0,4,608011156,"7.12.3"
"C20196",1,"NXS10618903HH1",2025-03-18,-1,1,2,313,123,0,0,0,0,3,25,0,0,1,608011156,"7.12.3"
"C20199",1,"NXS10620212HH1",2025-06-24,-1,1,2,204,102,0,0,1,0,5,25,0,0,1,608011156,"7.12.3"
"C20202",1,"NBN10521714HH1",2025-09-08,-1,1,2,99,-1,0,0,1,1,3,25,0,0,1,608011156,"7.12.3"
"C20214",1,"NXS10617124HH1",2024-10-25,-1,2,2,99,279,0,0,1,0,5,25,0,0,1,608011156,"7.12.3"
"C20232",1,"NXS11619490HH1",2025-05-03,-1,1,2,313,-1,0,4,0,0,5,25,0,0,1,608011156,"7.12.3"
"C20304",1,"NXS10816492HH1",2024-09-07,-1,1,2,422,-1,0,4,0,0,23,24,0,0,1,608011156,"7.12.3"
"C20349",1,"RRH14917300HH1",2024-11-09,-1,4,7,99,-1,0,1,1,0,2,55,0,0,4,608011156,"7.12.3"
"C20400",1,"RRH15718921HH1",2025-03-19,-1,1,5,410,-1,0,9,1,0,5,25,0,0,5,608011156,"7.12.3"
"C20433",1,"RRH14117830HH1",2024-12-06,-1,5,5,423,145,0,0,1,1,5,25,0,0,5,608011156,"7.12.3"
"C20478",1,"NBN10521376HH2",2025-08-25,-1,1,2,99,-1,0,4,0,1,3,25,0,0,1,608011156,"7.12.3"
"C20478",2,"RRH13216757HH5",2024-09-13,-1,5,7,101,-1,0,4,0,1,3,25,1,0,5,608011156,"7.12.3"
"C20487",1,"NXS11117842HH1",2024-12-18,-1,5,2,98,235,0,0,0,0,5,25,0,0,1,608011156,"7.12.3"
"C20526",1,"NXS11117162HH1",2024-10-29,-1,2,2,205,-1,0,1,1,2,5,25,0,0,1,608011156,"7.12.3"
"C20529",1,"RRH15617355HH2",2024-10-11,-1,5,5,410,471,0,1,1,2,124,25,0,0,5,608011156,"7.12.3"
"C20565",1,"NXS10920467HH1",2025-07-06,-1,1,2,207,37,0,0,1,0,5,25,0,0,1,608011156,"7.12.3"
"C20613",1,"NXS11317027HH1",2024-10-18,-1,3,2,423,-1,0,1,1,2,3,25,0,0,1,608011156,"7.12.3"
"C20622",1,"NXS14716830HH1",2024-10-07,-1,3,2,410,-1,0,6,1,2,5,25,0,0,1,608011156,"7.12.3"
"C20640",1,"PSH11914977HH1",2024-03-18,-1,1,6,24,-1,1,9,1,0,5,55,0,0,-1,608011156,"7.12.1"
"C20670",1,"NXS10616751HH1",2024-10-04,-1,1,2,422,390,0,1,1,0,234,55,0,0,1,608011156,"7.12.3"
"C20673",1,"RRH13214993HH1",2024-03-21,-1,4,5,420,-1,0,9,1,0,3,25,0,0,4,608011156,"7.12.3"
"C20712",1,"NXS11321328HH2",2025-08-23,-1,1,2,423,79,0,1,1,2,5,25,0,0,1,608011156,"7.12.3"
"C20715",1,"RRH15619722HH1",2025-03-22,-1,5,5,410,-1,0,4,0,0,5,55,0,0,5,608011156,"7.12.3"
"C20718",1,"NXS14717245HH1",2024-11-05,-1,1,2,206,-1,0,4,0,0,5,25,0,0,1,608011156,"7.12.3"
"C20727",2,"NXS10218555HH2",2025-02-15,-1,1,2,99,-1,0,0,0,0,3,25,1,0,1,608011156,"7.12.3"
"C20733",1,"RRH12419984HH1",2025-06-07,-1,1,5,410,280,1,0,1,0,246,25,0,0,4,608011156,"7.12.3"
"C20748",1,"NXS11117523HH1",2024-11-27,-1,3,2,116,19,0,0,0,0,247,25,0,0,1,608011156,"7.12.3"
"C20775",1,"RRH14015656HH1",2024-05-30,-1,5,5,410,224,0,1,1,0,5,25,0,0,5,608011156,"7.12.3"
"C20883",1,"NXS10616299HH1",2024-08-22,-1,1,2,206,-1,0,0,1,0,3,25,0,0,1,608011156,"7.12.3"
"C20892",2,"RRH13315700HH4",2024-03-30,-1,5,5,410,-1,0,6,1,2,5,25,1,1,5,608011156,"7.12.3"
"C20910",1,"RRH14116536HH1",2024-09-12,-1,3,5,99,262,0,1,1,0,5,25,0,0,4,608011156,"7.12.3"
"C20928",1,"NXS10618064HH1",2025-01-08,-1,1,2,314,458,0,1,1,0,5,25,0,0,1,608011156,"7.12.3"
"C21006",1,"NXS11316991HH1",2024-10-17,-1,3,2,423,267,0,1,1,0,5,25,0,0,1,608011156,"7.12.3"
"C21009",1,"RRH14018286HH1",2025-01-13,-1,5,5,423,203,0,0,1,0,3,25,0,0,5,608011156,"7.12.3"
"C21024",1,"NXS10820795HH1",2025-07-27,-1,4,2,207,64,0,2,1,0,5,25,0,0,1,608011156,"7.12.3"
"C21030",1,"NXS11119283HH2",2025-04-17,-1,4,2,98,34,0,1,1,2,5,25,0,0,1,608011156,"7.12.3"
"C21090",2,"RRH15716024HH2",2024-06-28,-1,5,7,313,125,0,4,0,1,3,25,1,0,5,608011156,"7.12.3"
"C21096",2,"NXS11017412HH2",2024-11-17,-1,3,2,410,-1,0,0,0,2,36,25,1,0,1,608011156,"7.12.3"
"C21189",1,"NXS11419560HH1",2025-05-10,-1,1,2,423,-1,0,0,0,0,3,25,0,0,1,608011156,"7.12.3"
"C21234",1,"RRH16016123HH1",2024-08-01,-1,3,5,420,-1,0,0,0,0,5,55,0,0,4,608011156,"7.12.3"
"C21342",1,"TRN14620518HH1",2025-07-02,-1,5,3,428,-1,1,0,0,0,5,25,0,0,3,608011156,"7.12.3"
"C21357",2,"NXS15117945HH2",2024-12-29,-1,2,2,410,-1,0,0,0,2,147,25,1,0,1,608011156,"7.12.3"
"C21393",1,"NXS11316883HH1",2024-10-10,-1,2,2,423,-1,0,0,1,0,3,25,0,0,1,608011156,"7.12.3"
"C21402",1,"NXS13518700HH1",2025-02-27,-1,4,2,206,247,0,0,1,0,56,25,0,0,1,608011156,"7.12.3"
"C21417",1,"NXS11416537HH1",2024-09-12,-1,1,2,99,-1,0,0,1,1,5,25,0,0,1,608011156,"7.12.3"
"C21420",1,"RRH16016041HH2",2024-07-25,-1,1,7,99,-1,0,0,0,0,5,25,0,0,4,608011156,"7.12.3"
"C21447",1,"RRH15715944HH1",2024-07-15,-1,1,5,410,-1,0,0,1,0,5,55,0,0,4,608011156,"7.12.3"
"C21555",1,"NXS14716978HH1",2024-10-16,-1,3,2,99,-1,0,0,0,0,5,25,0,0,1,608011156,"7.12.3"
"C21570",1,"RRH13216190HH1",2024-08-09,-1,4,5,410,209,0,4,0,0,3,25,0,0,4,608011156,"7.12.3"
"C21573",1,"NXS10918886HH1",2025-03-08,-1,5,2,422,103,0,0,0,0,5,25,0,0,1,608011156,"7.12.3"
"C21612",1,"NXS10618780HH1",2025-03-06,-1,4,2,99,119,0,0,0,0,3,25,0,0,1,608011156,"7.12.3"
"C21684",1,"NBN10519065HH1",2025-03-23,-1,5,2,99,99,0,4,0,0,5,25,0,0,1,608011156,"7.12.3"
"C21747",1,"NXS10618445HH1",2025-02-06,-1,3,2,204,-1,0,0,0,0,5,25,0,0,1,608011156,"7.12.3"
"C21774",2,"NXS10219370HH5",2025-04-25,-1,2,2,410,-1,0,5,1,0,5,25,1,1,1,608011156,"7.12.3"
"C21864",1,"NXS10618548HH1",2025-02-15,-1,2,2,204,-1,0,1,1,0,5,25,0,0,1,608011156,"7.12.3"
"C21888",1,"RRH12318051HH1",2024-12-09,-1,5,5,419,378,1,0,1,0,5,25,0,0,7,608011156,"7.12.3"
"C21891",1,"NXS10917128HH1",2024-10-25,-1,3,2,314,228,0,4,0,0,5,25,0,0,1,608011156,"7.12.3"
"C21906",1,"NXS10619677HH1",2025-05-17,-1,2,2,204,-1,0,0,1,0,1,25,0,0,1,608011156,"7.12.3"
"C21951",1,"RRH15516212HH1",2024-08-11,-1,2,5,433,-1,0,0,1,0,3,55,0,0,4,608011156,"7.12.3"
"C21957",1,"NXS11318925HH1",2025-03-20,-1,1,2,423,65,0,0,0,0,5,25,0,0,1,608011156,"7.12.3"
"C22005",1,"NXS12918044HH1",2025-01-06,-1,4,2,99,-1,0,4,0,0,3,25,0,0,1,608011156,"7.12.3"
"C22014",1,"NXS10618343HH1",2025-01-27,-1,4,2,99,407,0,0,0,0,3,25,0,0,1,608011156,"7.12.3"
"C22035",1,"RRH15516213HH1",2024-08-11,-1,1,5,410,-1,0,0,1,0,127,55,0,0,4,608011156,"7.12.3"
"C22047",1,"NBN10521104HH1",2025-08-12,-1,4,2,99,-1,0,0,0,0,5,25,0,0,1,608011156,"7.12.3"
"C22095",1,"NXS14716723HH1",2024-10-03,-1,4,2,116,-1,0,4,0,2,137,55,0,0,1,608011156,"7.12.3"
"C22119",1,"NXS11619910HH1",2025-06-03,-1,2,2,312,-1,0,0,0,2,146,25,0,0,1,608011156,"7.12.3"
"C22122",2,"RRH13218363HH2",2025-01-17,-1,5,5,410,218,0,4,0,0,3,18,1,0,5,608011156,"7.12.3"
"C22152",1,"NBN10517574HH1",2024-11-30,-1,2,2,99,21,0,9,1,0,3,25,0,0,1,608011156,"7.12.3"
"C22164",1,"RRH15311340HH1",2023-09-23,-1,1,5,207,-1,0,0,0,0,167,25,0,0,-1,608011156,"7.12.1"
"C22215",1,"RRH12114421HH1",2024-01-17,-1,1,5,410,-1,0,0,0,0,5,25,0,0,4,608011156,"7.12.3"
"C22224",1,"RRH14316809HH1",2024-10-05,-1,3,5,410,-1,0,1,1,1,5,25,0,0,4,608011156,"7.12.3"
"C22293",1,"RRH13214353HH1",2024-01-14,-1,1,5,433,-1,0,0,0,0,5,25,0,0,-1,608011156,"7.12.1"
"C22296",2,"RRH13116203HH4",2024-08-11,-1,3,5,410,-1,0,6,1,2,5,25,1,0,4,608011156,"7.12.3"
"C22347",1,"NBN10521591HH1",2025-09-08,-1,3,2,99,-1,0,4,0,0,5,25,0,0,1,608011156,"7.12.3"
"C22362",1,"RRH14014676HH2",2023-11-12,-1,5,5,410,322,0,0,1,2,3,25,0,0,5,608011156,"7.12.3"
"C22383",1,"RRH15618021HH1",2025-01-05,-1,2,5,423,136,0,4,0,2,457,25,0,0,4,608011156,"7.12.3"
"C22419",1,"NXS11317561HH1",2024-11-29,-1,2,2,314,-1,0,1,1,2,1,25,0,0,1,608011156,"7.12.3"
"C22452",2,"NXS13518653HH3",2025-02-22,-1,1,2,313,-1,0,9,1,1,5,25,1,0,1,608011156,"7.12.3"
"C22476",1,"RRH15311584HH1",2023-10-04,-1,1,5,410,-1,0,0,0,0,56,24,0,0,-1,608011156,"7.12.1"
"C22515",1,"NXS11019975HH1",2025-06-07,-1,2,2,423,38,0,0,1,1,5,25,0,0,1,608011156,"7.12.3"
"C22521",1,"NXS11319727HH1",2025-05-21,-1,4,2,313,61,0,4,0,0,3,25,0,0,1,608011156,"7.12.3"
"C22590",1,"NBN10518351HH1",2025-01-27,-1,5,2,99,80,0,1,1,2,5,25,0,0,1,608011156,"7.12.3"
"C22644",1,"NXS12912038HH1",2023-10-20,-1,1,2,99,264,1,4,0,0,5,25,0,0,1,608011156,"7.12.3"
"C22659",1,"NXS10817238HH1",2024-11-04,-1,2,2,410,-1,0,4,0,0,5,55,0,0,1,608011156,"7.12.3"
"C22665",1,"NXS14716777HH1",2024-10-04,-1,3,2,423,-1,0,4,0,0,47,55,0,0,1,608011156,"7.12.3"
"C22710",1,"NXS12717069HH1",2024-10-21,-1,3,2,116,-1,1,1,1,0,35,25,0,0,1,608011156,"7.12.3"
"C22785",1,"NXS12717985HH1",2025-01-02,-1,4,2,314,-1,0,4,0,0,2,25,0,0,1,608011156,"7.12.3"
"C22845",1,"NXS14718202HH1",2025-01-17,-1,1,2,99,103,0,1,1,0,5,25,0,0,1,608011156,"7.12.3"
"C22848",1,"NXS14717434HH1",2024-11-18,-1,3,2,312,152,0,0,1,0,3,25,0,0,1,608011156,"7.12.3"
"C22866",1,"NXS11118489HH1",2025-02-09,-1,1,2,313,-1,0,0,1,0,5,25,0,0,1,608011156,"7.12.3"
"C22887",1,"NXS11318287HH1",2025-01-24,-1,3,2,99,-1,0,4,0,0,5,25,0,0,1,608011156,"7.12.3"
"C22899",1,"RRH14018307HH1",2024-12-30,-1,5,5,423,244,0,0,0,0,356,25,0,0,5,608011156,"7.12.3"
"C22917",1,"NXS11315919HH1",2024-07-13,-1,1,2,431,-1,0,1,1,0,56,25,0,0,1,608011156,"7.12.3"
"C22971",1,"NXS14716725HH1",2024-10-03,-1,4,2,422,-1,0,1,1,2,3,25,0,0,1,608011156,"7.12.3"
"C22977",1,"RRH15414630HH1",2024-01-27,-1,1,5,434,-1,0,0,1,0,256,55,0,0,-1,608011156,"7.12.1"
"C23037",1,"NXS14717595HH1",2024-12-02,-1,3,2,313,-1,0,0,0,0,3,25,0,0,1,608011156,"7.12.3"
"C23043",1,"RRH15617793HH1",2024-10-28,-1,5,7,99,142,0,1,1,0,3,25,0,0,5,608011156,"7.12.3"
"C23082",1,"NXS15117949HH1",2024-12-29,-1,2,2,313,-1,0,0,1,2,5,25,0,0,1,608011156,"7.12.3"
"C23154",1,"NXS11317103HH1",2024-10-24,-1,3,2,99,-1,0,1,1,0,56,18,0,0,1,608011156,"7.12.3"
"C23178",1,"NXS14716863HH1",2024-10-09,-1,3,2,410,303,0,4,0,0,5,25,0,0,1,608011156,"7.12.3"
"C23199",2,"RRH13215423HH6",2024-03-30,-1,5,5,410,-1,0,0,0,2,56,25,1,1,-1,608011156,"7.12.1"
"C23283",2,"RRH14913349HH3",2023-12-08,-1,1,5,410,-1,0,0,1,1,5,25,1,0,4,608011156,"7.12.3"
"C23292",1,"RRH15414720HH1",2024-02-08,-1,1,5,410,-1,0,0,0,0,27,25,0,0,-1,608011156,"7.12.1"
"C23340",1,"NXS10817240HH1",2024-11-04,-1,3,2,410,-1,0,1,1,2,5,25,0,0,1,608011156,"7.12.3"
"C23361",2,"NXS10221354HH3",2025-08-24,-1,2,2,314,-1,0,0,1,0,47,25,1,0,1,608011156,"7.12.3"
"C23364",1,"RRH13213536HH1",2023-12-15,-1,1,5,431,-1,0,0,1,0,3,25,0,0,-1,608011156,"7.12.1"
"C23388",1,"RRH14113564HH2",2023-12-15,-1,1,5,410,-1,0,0,1,0,5,55,0,0,-1,608011156,"7.12.1"
"C23415",1,"NXS11316582HH2",2024-09-15,-1,1,2,312,-1,0,0,1,2,5,25,0,0,1,608011156,"7.12.3"
"C23418",2,"RRH12615603HH3",2024-05-27,-1,1,7,434,265,1,0,0,0,5,25,1,0,4,608011156,"7.12.3"
"C23445",1,"NXS14717584HH1",2024-12-01,-1,3,2,313,281,0,1,1,0,5,25,0,0,1,608011156,"7.12.3"
"C23451",1,"RRH14016082HH1",2024-07-01,-1,5,7,423,249,0,0,1,0,126,25,0,0,5,608011156,"7.12.3"
"C23535",1,"RRH14316281HH1",2024-08-19,-1,1,5,410,-1,0,1,1,0,5,55,0,0,4,608011156,"7.12.3"
"C23577",2,"NXS10218932HH3",2025-03-20,-1,1,2,312,-1,0,0,0,1,3,25,1,0,1,608011156,"7.12.3"
"C23592",1,"NXS11320914HH1",2025-08-03,-1,3,2,423,57,0,0,0,0,3,25,0,0,1,608011156,"7.12.3"
"C23595",1,"RRH15617997HH1",2025-01-03,-1,2,5,410,-1,0,0,1,0,236,25,0,0,4,608011156,"7.12.3"
"C23610",1,"RRH13217370HH1",2024-10-31,-1,5,5,410,421,0,9,1,0,3,25,0,0,5,608011156,"7.12.3"
"C23658",2,"NXS10217206HH3",2024-11-01,-1,3,2,410,-1,0,4,0,1,3,25,1,0,1,608011156,"7.12.3"
"C23688",2,"NXS10220849HH2",2025-07-31,-1,3,2,99,-1,0,0,1,2,3,25,1,0,1,608011156,"7.12.3"
"C23763",1,"RRH15313427HH1",2023-12-10,-1,1,5,434,-1,0,0,0,2,3,18,0,0,-1,608011156,"7.12.1"
"C23772",1,"NXS11417291HH1",2024-11-09,-1,5,2,313,51,0,1,1,0,5,55,0,0,1,608011156,"7.12.3"
"C23775",1,"NXS10921031HH1",2025-08-07,-1,2,2,98,-1,0,1,1,0,5,25,0,0,1,608011156,"7.12.3"
"C23787",1,"NXS10720917HH1",2025-08-03,-1,3,2,99,-1,0,1,1,0,5,25,0,0,1,608011156,"7.12.3"
"C23802",1,"RRH14014632HH1",2024-01-27,-1,1,5,410,-1,0,0,1,0,5,55,0,0,4,608011156,"7.12.3"
"C23811",1,"NXS14717277HH1",2024-11-08,-1,3,2,422,-1,0,0,1,0,3,55,0,0,1,608011156,"7.12.3"
"C23823",1,"NXS11020448HH1",2025-07-06,-1,1,2,99,221,0,0,1,0,5,25,0,0,1,608011156,"7.12.3"
"C23829",1,"NXS11318602HH1",2024-08-31,-1,5,2,313,262,0,0,1,0,5,25,0,0,1,608011156,"7.12.3"
"C23835",1,"NXS14716699HH1",2024-09-28,-1,4,2,99,324,0,9,1,1,3,25,0,0,1,608011156,"7.12.3"
"C23880",2,"RSO15214511HH5",2024-01-21,-1,1,9,410,-1,0,0,0,0,3,25,1,1,12,608011156,"7.12.3"
"C23937",2,"RRH12114778HH3",2024-02-14,-1,1,5,422,-1,0,0,0,1,3,25,1,0,4,608011156,"7.12.3"
"C23967",1,"NXS10617583HH1",2024-12-01,-1,2,2,312,415,0,0,1,2,56,18,0,0,1,608011156,"7.12.3"
"C24024",1,"PSH11910010HH1",2018-09-30,-1,1,6,24,-1,1,0,1,0,5,55,0,0,-1,608011156,"7.12.1"
"C24030",1,"PSH11911122HH1",2023-09-07,-1,1,6,207,-1,1,0,1,0,36,25,0,0,-1,608011156,"7.12.1"
"C24105",1,"NXS15117755HH1",2024-12-14,-1,2,2,206,-1,0,0,1,0,5,25,0,0,1,608011156,"7.12.3"
"C24117",1,"NXS14717636HH1",2024-12-05,-1,2,2,410,569,0,0,1,0,3,55,0,0,1,608011156,"7.12.3"
"C24147",1,"NXS13819071HH1",2025-04-01,-1,2,2,423,143,0,0,0,2,5,55,0,0,1,608011156,"7.12.3"
"C24162",1,"NXS14716773HH1",2024-10-04,-1,3,2,313,285,0,0,0,0,56,25,0,0,1,608011156,"7.12.3"
"C24177",1,"RRH15617572HH1",2024-11-30,-1,3,5,410,-1,0,0,0,0,5,55,0,0,4,608011156,"7.12.3"
"C24195",1,"NXS10920819HH1",2025-07-13,-1,5,2,98,78,0,1,1,0,1,55,0,0,1,608011156,"7.12.3"
"C24258",1,"RRH15414883HH1",2024-01-22,-1,5,5,410,-1,0,0,1,0,3,18,0,0,-1,608011156,"7.12.1"
"C24267",1,"NXS11316819HH1",2024-10-06,-1,4,2,410,332,0,5,1,0,56,25,0,0,1,608011156,"7.12.3"
"C24297",1,"RRH14314857HH1",2024-03-02,-1,1,5,410,-1,0,4,0,2,237,55,0,0,4,608011156,"7.12.3"
"C24309",1,"NXS14716798HH1",2024-10-05,-1,3,2,313,-1,0,0,1,0,5,18,0,0,1,608011156,"7.12.3"
"C24318",1,"RRH15516087HH1",2024-07-28,-1,1,5,410,-1,0,6,1,2,246,25,0,0,4,608011156,"7.12.3"
"C24357",1,"NXS11621455HH1",2025-08-28,-1,1,2,99,-1,0,0,1,2,5,25,0,0,1,608011156,"7.12.3"
"C24366",2,"NXS10217395HH4",2024-11-16,-1,3,2,101,-1,0,0,0,0,3,25,1,1,1,608011156,"7.12.3"
"C24375",1,"NXS11420292HH1",2025-06-27,-1,3,2,99,-1,0,0,0,0,3,55,0,0,1,608011156,"7.12.3"
"C24387",2,"RRH13315072HH5",2024-03-31,-1,1,5,410,-1,0,0,0,0,5,25,1,1,-1,608011156,"7.12.1"
"C24474",1,"NBN10517568HH1",2024-11-30,-1,3,2,99,-1,0,0,0,0,5,25,0,0,1,608011156,"7.12.3"
"C24495",1,"NXS14717974HH1",2024-12-31,-1,3,2,422,-1,0,0,1,1,5,25,0,0,1,608011156,"7.12.3"
"C24516",1,"NXS11417774HH1",2024-12-15,-1,5,2,207,-1,0,4,0,0,3,18,0,0,1,608011156,"7.12.3"
"C24522",2,"NBN10521483HH2",2025-08-30,-1,3,2,99,18,0,0,1,1,5,25,1,0,1,608011156,"7.12.3"
"C24540",1,"RRH14018829HH1",2025-02-11,-1,5,5,410,83,0,4,0,1,5,25,0,0,5,608011156,"7.12.3"
"C24555",2,"NXS10219877HH4",2025-05-31,-1,1,2,410,-1,0,0,0,0,13,25,1,1,1,608011156,"7.12.3"
"C24588",2,"NXS10217914HH4",2024-12-27,-1,2,2,314,-1,0,0,0,0,5,25,1,0,1,608011156,"7.12.3"
"C24612",1,"RRH14017419HH1",2024-10-25,-1,5,5,410,156,0,0,0,0,3,55,0,0,5,608011156,"7.12.3"
"C24639",1,"NXS11318130HH1",2025-01-12,-1,1,2,423,-1,0,1,1,0,3,25,0,0,1,608011156,"7.12.3"
"C24681",2,"NXS10221179HH3",2025-08-15,-1,3,2,312,-1,0,1,1,1,15,25,1,0,1,608011156,"7.12.3"
"C24696",2,"NXS10220558HH3",2025-07-13,-1,1,2,99,-1,0,4,0,0,3,25,1,0,1,608011156,"7.12.3"
"C24705",1,"NXS11317017HH1",2024-10-18,-1,4,2,422,29,0,1,1,0,5,25,0,0,1,608011156,"7.12.3"
"C24714",1,"NXS13516685HH2",2024-09-27,-1,3,2,99,355,0,1,1,1,5,25,0,0,1,608011156,"7.12.3"
"C24732",1,"RRH13215445HH1",2024-03-26,-1,5,5,422,203,0,0,0,0,3,25,0,0,5,608011156,"7.12.3"
"C24744",2,"RRH16017132HH5",2024-10-25,-1,2,5,410,-1,0,0,1,2,3,25,1,1,4,608011156,"7.12.3"
"C24765",1,"TRN11816753HH1",2024-09-26,-1,5,3,422,503,1,9,1,0,4,25,0,0,2,608011156,"7.12.3"
"C24768",1,"RRH12315570HH1",2024-02-26,-1,5,5,419,-1,1,0,1,0,5,55,0,0,7,608011156,"7.12.3"
"C24771",1,"NXS11319363HH1",2025-04-24,-1,4,2,313,-1,0,9,1,0,5,55,0,0,1,608011156,"7.12.3"
"C24786",1,"RRH15315787HH1",2024-02-12,-1,5,5,422,416,0,0,0,0,5,18,0,0,5,608011156,"7.12.3"
"C24792",2,"NXS13819752HH4",2025-05-23,-1,1,2,98,-1,0,0,0,2,5,25,1,1,1,608011156,"7.12.3"
"C24801",1,"NXS10617227HH1",2024-09-19,-1,5,2,420,-1,0,1,1,2,5,25,0,0,1,608011156,"7.12.3"
"C24804",1,"NXS10719478HH1",2025-05-02,-1,1,2,99,66,0,0,1,1,13,25,0,0,1,608011156,"7.12.3"
"C24831",2,"NBN10517950HH2",2024-12-29,-1,1,2,99,-1,0,0,1,2,45,25,0,0,1,608011156,"7.12.3"
"C24834",1,"NXS11220802HH1",2025-07-27,-1,1,2,98,-1,0,0,0,0,5,18,0,0,1,608011156,"7.12.3"
"C24834",2,"NXS11221006HH2",2025-08-07,-1,1,2,99,-1,0,0,0,0,5,18,1,0,1,608011156,"7.12.3"
"C24852",2,"NXS10620630HH3",2025-07-18,-1,4,2,99,-1,0,0,0,1,5,25,1,0,1,608011156,"7.12.3"
"C24885",1,"NXS11316919HH1",2024-10-12,-1,3,2,313,164,0,0,1,0,5,25,0,0,1,608011156,"7.12.3"
"C24912",1,"RRH15518744HH1",2025-03-01,-1,1,7,101,-1,0,1,1,0,5,25,0,0,4,608011156,"7.12.3"
"C24921",2,"NXS10218583HH6",2025-02-17,-1,2,2,312,477,0,0,0,1,157,25,1,1,1,608011156,"7.12.3"
"C24933",2,"RRH14315287HH3",2024-03-14,-1,5,5,410,595,0,0,1,0,5,25,1,0,5,608011156,"7.12.3"
"C24957",1,"NXS10820878HH1",2025-08-02,-1,3,2,410,34,0,4,0,0,3,25,0,0,1,608011156,"7.12.3"
"C24972",1,"RRH12115028HH1",2024-03-24,-1,1,5,410,-1,0,1,1,0,3,25,0,0,4,608011156,"7.12.3"
"C24987",1,"NXS11418632HH1",2024-09-15,-1,5,2,302,315,1,1,1,0,246,55,0,0,7,608011156,"7.12.3"
"C25014",1,"RRH12316789HH1",2024-10-04,-1,3,5,410,-1,1,0,0,0,5,55,0,0,4,608011156,"7.12.3"
"C25026",1,"NXS11321500HH1",2025-08-31,-1,2,2,423,-1,0,4,0,0,5,25,0,0,1,608011156,"7.12.3"
"C25035",1,"RRH13217596HH1",2024-12-02,-1,1,5,410,-1,0,9,1,0,267,55,0,0,4,608011156,"7.12.3"
"C25059",1,"RRH14916474HH1",2024-09-05,-1,4,5,99,279,0,1,1,2,56,25,0,0,4,608011156,"7.12.3"
"C25062",1,"NXS10719078HH1",2025-04-02,-1,4,2,99,145,0,4,0,0,3,55,0,0,1,608011156,"7.12.3"
"C25068",1,"NBN10520097HH1",2025-06-05,-1,5,2,313,-1,0,0,1,0,13,25,0,0,1,608011156,"7.12.3"
"C25071",1,"NXS13517304HH1",2024-11-10,-1,3,2,99,-1,0,0,1,2,347,25,0,0,1,608011156,"7.12.3"
"C25107",1,"RRH16216764HH1",2024-08-11,-1,5,5,410,332,0,0,1,0,13,25,0,0,4,608011156,"7.12.3"
"C25119",2,"NXS10218935HH2",2025-03-20,-1,3,2,431,-1,0,0,1,2,456,25,1,0,1,608011156,"7.12.3"
"C25131",1,"NXS15117269HH1",2024-11-07,-1,3,2,313,285,0,0,1,2,5,25,0,0,1,608011156,"7.12.3"
"C25137",2,"RRH13215364HH4",2024-04-29,-1,1,5,410,-1,0,0,0,0,457,25,1,0,4,608011156,"7.12.3"
"C25173",1,"RRH12415065HH2",2024-03-30,-1,1,5,419,-1,1,4,0,0,3,25,0,0,4,608011156,"7.12.3"
"C25191",1,"RRH15315154HH1",2024-04-07,-1,1,5,410,-1,0,0,1,2,5,24,0,0,-1,608011156,"7.12.1"
"C25221",1,"RRH13215525HH1",2024-05-21,-1,1,5,410,-1,0,0,0,0,3,25,0,0,4,608011156,"7.12.3"
"C25260",1,"RRH15618730HH1",2025-02-16,-1,5,5,410,189,0,1,1,0,5,25,0,0,5,608011156,"7.12.3"
"C25263",1,"RRH15516102HH2",2024-07-29,-1,1,5,410,-1,0,1,1,2,56,25,0,0,4,608011156,"7.12.3"
"C25293",2,"NXS10319873HH2",2025-05-31,-1,1,2,207,-1,0,0,1,0,35,25,1,0,1,608011156,"7.12.3"
"C25302",1,"NXS10621711HH1",2025-09-08,-1,4,2,99,174,0,0,0,0,56,25,0,0,1,608011156,"7.12.3"
"C25305",1,"NXS11418906HH1",2025-03-19,-1,3,2,312,417,0,0,1,0,5,25,0,0,1,608011156,"7.12.3"
"C25308",1,"RRH13215640HH1",2024-06-04,-1,1,5,410,-1,0,0,1,0,5,25,0,0,4,608011156,"7.12.3"
"C25314",1,"NXS11317466HH1",2024-11-22,-1,4,2,99,183,0,1,1,0,3,25,0,0,1,608011156,"7.12.3"
"C25371",1,"RRH12117900HH1",2024-12-27,-1,1,7,99,157,0,0,1,1,5,25,0,0,4,608011156,"7.12.3"
"C25386",1,"NXS11120520HH1",2025-07-11,-1,1,2,302,-1,0,0,0,0,27,18,0,0,1,608011156,"7.12.3"
"C25398",1,"NXS10918215HH1",2025-01-17,-1,2,2,423,-1,0,0,0,0,5,25,0,0,1,608011156,"7.12.3"
"C25431",1,"NXS11317371HH1",2024-11-15,-1,3,2,313,372,0,0,1,1,5,25,0,0,1,608011156,"7.12.3"
"C25458",1,"NXS11320653HH1",2025-07-19,-1,2,2,312,251,0,1,1,0,5,25,0,0,1,608011156,"7.12.3"
"C25461",1,"NXS10617730HH1",2024-12-12,-1,1,2,420,-1,0,0,0,0,5,25,0,0,1,608011156,"7.12.3"
"C25503",2,"NXS11219986HH2",2025-06-08,-1,2,2,410,-1,0,0,0,0,3,25,1,0,1,608011156,"7.12.3"
"C25542",1,"RRH13316480HH1",2024-09-06,-1,1,5,422,-1,0,0,1,2,5,55,0,0,4,608011156,"7.12.3"
"C25563",2,"RRH13215477HH3",2024-05-17,-1,1,5,410,-1,0,0,0,0,36,25,1,0,4,608011156,"7.12.3"
"C25572",1,"NXS10616970HH1",2024-10-15,-1,4,2,99,-1,0,0,0,0,5,25,0,0,1,608011156,"7.12.3"
"C25575",1,"RRH16016755HH1",2024-10-04,-1,1,7,99,-1,0,0,0,2,3,25,0,0,4,608011156,"7.12.3"
"C25578",1,"RRH12615841HH1",2024-07-01,-1,1,5,423,-1,0,1,1,2,5,25,0,0,4,608011156,"7.12.3"
"C25581",2,"NXS15119171HH2",2025-04-09,-1,1,2,313,-1,0,0,1,2,126,25,1,0,1,608011156,"7.12.3"
"C25599",1,"NXS14718144HH1",2025-01-13,-1,4,2,207,388,0,0,1,0,134,25,0,0,1,608011156,"7.12.3"
"C25602",1,"NXS10719219HH1",2025-04-12,-1,2,2,99,-1,0,0,1,2,3,25,0,0,1,608011156,"7.12.3"
"C25629",1,"NXS10820199HH1",2025-06-23,-1,4,2,410,42,0,1,1,0,5,25,0,0,1,608011156,"7.12.3"
"C25632",1,"NXS14717229HH1",2024-11-03,-1,3,2,410,-1,0,1,1,1,15,25,0,0,1,608011156,"7.12.3"
"C25644",1,"NXS12717575HH1",2024-11-30,-1,4,2,101,-1,0,0,0,0,5,25,0,0,1,608011156,"7.12.3"
"C25674",1,"RRH15618053HH2",2025-01-06,-1,3,5,410,-1,0,1,1,2,5,25,0,0,4,608011156,"7.12.3"
"C25683",1,"RRH13316317HH1",2024-08-23,-1,3,5,99,173,0,0,1,2,156,18,0,0,5,608011156,"7.12.3"
"C25704",1,"RRH16216762HH1",2024-10-04,-1,1,5,410,-1,0,0,1,0,234,25,0,0,4,608011156,"7.12.3"
"C25707",1,"RRH13215671HH1",2024-06-08,-1,1,5,410,-1,0,0,1,0,5,55,0,0,4,608011156,"7.12.3"
"C25728",1,"NXS13517251HH1",2024-11-06,-1,1,2,99,-1,0,0,1,0,5,25,0,0,1,608011156,"7.12.3"
"C25731",1,"RRH14315634HH1",2024-06-02,-1,1,5,410,-1,0,9,1,3,56,24,0,0,4,608011156,"7.12.3"
"C25734",1,"RRH14016049HH1",2024-07-08,-1,5,5,410,170,0,0,0,0,236,25,0,0,5,608011156,"7.12.3"
"C25746",1,"NBN10518511HH1",2025-02-09,-1,5,2,204,21,0,0,1,0,245,25,0,0,1,608011156,"7.12.3"
"C25752",1,"NXS10616999HH1",2024-10-18,-1,4,2,215,-1,0,0,0,0,5,18,0,0,1,608011156,"7.12.3"
"C25758",1,"NXS14717892HH1",2024-12-26,-1,1,2,410,-1,0,0,1,0,5,25,0,0,1,608011156,"7.12.3"
"C25773",1,"NXS11318612HH1",2025-02-17,-1,3,2,313,-1,0,1,1,0,247,25,0,0,1,608011156,"7.12.3"
"C25788",2,"RRH13115464HH2",2024-05-13,-1,1,5,410,-1,0,4,0,0,4,25,1,0,4,608011156,"7.12.3"
"C25797",2,"RRH14016267HH5",2024-08-18,-1,1,5,410,-1,0,0,0,2,257,25,1,1,4,608011156,"7.12.3"
"C25824",1,"RRH12415441HH1",2024-05-10,-1,1,5,410,632,1,9,1,0,5,55,0,0,4,608011156,"7.12.3"
"C25833",1,"NBN10516836HH1",2024-10-08,-1,5,2,99,159,0,0,1,0,3,25,0,0,1,608011156,"7.12.3"
"C25842",1,"NXS11316164HH1",2024-08-04,-1,1,2,101,-1,0,0,1,1,356,18,0,0,1,608011156,"7.12.3"
"C25848",1,"NXS10616816HH1",2024-10-06,-1,4,2,204,-1,0,0,1,0,3,25,0,0,1,608011156,"7.12.3"
"C25854",1,"NXS11316514HH1",2024-09-09,-1,1,2,116,-1,0,0,1,1,5,25,0,0,1,608011156,"7.12.3"
"C25857",1,"NXS11315476HH1",2024-05-17,-1,1,2,314,-1,0,0,0,0,5,55,0,0,1,608011156,"7.12.3"
"C25881",1,"RRH15315578HH1",2024-05-26,-1,1,5,434,-1,0,9,1,0,56,24,0,0,4,608011156,"7.12.3"
"C25884",1,"HAV13715473HH1",2024-05-17,-1,1,4,419,-1,1,0,1,0,367,55,0,0,1,608011156,"7.12.3"
"C25896",1,"NXS11220262HH1",2025-06-26,-1,4,2,99,-1,0,0,1,0,56,25,0,0,1,608011156,"7.12.3"
"C25902",1,"RRH13216560HH1",2024-09-14,-1,5,7,207,-1,0,1,1,2,35,25,0,0,5,608011156,"7.12.3"
"C25908",1,"RRH15516937HH1",2024-10-13,-1,1,5,410,-1,0,0,1,2,457,25,0,0,4,608011156,"7.12.3"
"C25911",1,"PSH11915845HH1",2024-07-04,-1,1,8,99,-1,1,1,1,0,5,25,0,0,8,608011156,"7.12.3"
"C25911",2,"RRH12415490HH4",2024-05-18,-1,1,5,419,-1,1,1,1,0,5,25,0,0,4,608011156,"7.12.3"
"C25914",1,"NXS11320709HH1",2025-07-23,-1,4,2,313,-1,0,4,0,0,15,25,0,0,1,608011156,"7.12.3"
"C25917",1,"RRH12315531HH1",2024-05-23,-1,1,5,410,-1,1,0,1,0,5,55,0,0,4,608011156,"7.12.3"
"C25944",2,"RRH13215513HH2",2024-05-20,-1,1,5,410,-1,0,0,0,1,1,25,1,0,4,608011156,"7.12.3"
"C25965",1,"NXS11020585HH1",2025-07-16,-1,1,2,312,-1,0,0,0,2,3,25,0,0,1,608011156,"7.12.3"
"C25980",1,"NXS10616547HH1",2024-09-13,-1,1,2,99,-1,0,0,1,0,5,25,0,0,1,608011156,"7.12.3"
"C25992",1,"RRH16216758HH1",2024-10-04,-1,1,5,410,-1,0,9,1,2,5,25,0,0,4,608011156,"7.12.3"
"C25995",1,"RRH16016986HH1",2024-10-17,-1,1,7,99,91,0,4,0,0,5,25,0,0,4,608011156,"7.12.3"
"C26001",1,"RRH15716044HH1",2024-05-24,-1,5,5,419,359,1,0,1,0,3,55,0,0,7,608011156,"7.12.3"
"C26040",2,"RRH13316165HH4",2024-08-04,-1,1,5,410,-1,0,0,0,0,3,25,1,1,4,608011156,"7.12.3"
"C26061",1,"RRH12418408HH1",2025-02-01,-1,1,5,419,-1,1,0,1,0,5,55,0,0,4,608011156,"7.12.3"
"C26067",2,"RRH15517140HH2",2024-10-26,-1,1,5,410,-1,0,0,1,2,14,25,1,0,4,608011156,"7.12.3"
"C26073",1,"RRH16017551HH1",2024-11-29,-1,1,5,410,-1,0,0,1,0,5,25,0,0,4,608011156,"7.12.3"
"C26082",1,"RRH14016071HH1",2024-07-28,-1,1,5,410,-1,0,1,1,1,15,55,0,0,4,608011156,"7.12.3"
"C26106",2,"NXS10218246HH2",2025-01-19,-1,3,2,302,-1,0,0,0,0,3,25,1,0,1,608011156,"7.12.3"
"C26145",1,"NXS10219949HH1",2025-06-05,-1,1,2,98,-1,0,0,0,0,3,25,0,0,1,608011156,"7.12.3"
"C26148",2,"NXS10216679HH6",2024-09-26,-1,1,2,410,-1,0,0,0,1,5,25,1,1,1,608011156,"7.12.3"
"C26169",2,"RRH13215743HH4",2024-06-22,-1,1,5,410,-1,0,9,1,0,5,25,1,0,4,608011156,"7.12.3"
"C26187",1,"NXS11316882HH1",2024-10-10,-1,2,2,422,-1,0,0,0,0,35,18,0,0,1,608011156,"7.12.3"
"C26199",2,"RRH15415904HH3",2024-07-12,-1,1,5,410,-1,0,0,1,1,5,25,1,0,4,608011156,"7.12.3"
"C26208",1,"NXS12717279HH1",2024-10-15,-1,5,2,313,61,1,1,1,0,5,25,0,0,1,608011156,"7.12.3"
"C26211",1,"RRH15717846HH1",2024-12-21,-1,1,7,314,-1,0,6,1,0,3,25,0,0,4,608011156,"7.12.3"
"C26229",1,"RRH14016050HH1",2024-07-26,-1,1,5,410,-1,0,0,1,2,3,25,0,0,4,608011156,"7.12.3"
"C26262",1,"NXS11319214HH1",2025-04-12,-1,4,2,313,-1,0,0,1,0,57,55,0,0,1,608011156,"7.12.3"
"C26265",2,"RRH16216768HH5",2024-10-04,-1,1,5,410,-1,0,0,0,1,5,25,1,1,4,608011156,"7.12.3"
"C26286",1,"RRH16017137HH1",2024-10-25,-1,1,5,410,-1,0,4,0,0,5,25,0,0,4,608011156,"7.12.3"
"C26304",2,"RRH15616127HH4",2024-06-10,-1,5,5,410,496,0,0,0,1,3,24,1,1,5,608011156,"7.12.3"
"C26343",1,"RRH12315797HH1",2024-06-29,-1,1,5,410,-1,1,0,0,0,126,55,0,0,4,608011156,"7.12.3"
"C26346",1,"NXS10618336HH1",2025-01-27,-1,4,2,99,159,0,0,0,0,5,25,0,0,1,608011156,"7.12.3"
"C26349",1,"RRH12217604HH2",2024-12-02,-1,1,5,410,-1,1,9,1,0,56,25,0,0,4,608011156,"7.12.3"
"C26373",2,"NXS10221630HH4",2025-09-06,-1,1,2,410,-1,0,0,1,0,5,25,1,0,1,608011156,"7.12.3"
"C26385",1,"NXS14716900HH1",2024-10-10,-1,1,2,410,-1,0,0,1,0,3,25,0,0,1,608011156,"7.12.3"
"C26409",1,"NXS10918376HH1",2025-01-30,-1,2,2,423,162,0,1,1,2,5,25,0,0,1,608011156,"7.12.3"
"C26415",2,"NXS11018236HH2",2025-01-19,-1,1,2,312,-1,0,0,0,0,5,25,1,0,1,608011156,"7.12.3"
"C26433",1,"NXS11320767HH1",2025-07-25,-1,4,2,313,-1,0,4,0,2,5,25,0,0,1,608011156,"7.12.3"
"C26436",1,"RRH16020316HH1",2025-06-28,-1,4,5,410,268,0,1,1,2,5,25,0,0,4,608011156,"7.12.3"
"C26439",1,"RRH13316484HH1",2024-09-06,-1,1,5,433,-1,0,1,1,0,5,55,0,0,4,608011156,"7.12.3"
"C26445",2,"RRH13316524HH9",2024-09-12,-1,1,5,410,-1,0,0,0,2,157,25,1,1,4,608011156,"7.12.3"
"C26454",2,"NXS10216664HH2",2024-09-26,-1,1,2,431,-1,0,0,0,0,3,18,1,0,1,608011156,"7.12.3"
"C26460",2,"NXS10216676HH2",2024-09-26,-1,1,2,431,-1,0,0,1,2,167,25,1,0,1,608011156,"7.12.3"
"C26466",1,"NXS11316034HH1",2024-06-23,-1,5,2,312,471,0,1,1,2,5,25,0,0,1,608011156,"7.12.3"
"C26475",1,"NXS13517421HH1",2024-11-17,-1,1,2,99,-1,0,2,1,0,5,25,0,0,1,608011156,"7.12.3"
"C26478",1,"NXS10620883HH1",2025-08-02,-1,4,2,99,61,0,0,1,0,5,18,0,0,1,608011156,"7.12.3"
"C26484",2,"NXS10216400HH2",2024-08-31,-1,1,2,423,-1,0,0,0,0,3,18,1,0,1,608011156,"7.12.3"
"C26520",2,"NXS10220664HH7",2025-07-20,-1,1,2,312,-1,0,0,0,0,5,25,1,1,1,608011156,"7.12.3"
"C26568",1,"TRN10417728HH1",2024-12-12,-1,1,3,313,-1,0,0,1,0,345,25,0,0,2,608011156,"7.12.3"
"C26577",1,"RRH15815970HH1",2024-07-19,-1,1,5,440,-1,0,4,0,2,5,25,0,0,4,608011156,"7.12.3"
"C26586",1,"RRH14015979HH1",2024-06-30,-1,5,7,422,120,0,1,1,0,5,55,0,0,5,608011156,"7.12.3"
"C26628",1,"RRH15816043HH1",2024-07-25,-1,1,5,440,-1,0,4,0,1,5,25,0,0,4,608011156,"7.12.3"
"C26631",1,"RRH12215832HH1",2024-07-01,-1,1,5,420,-1,1,0,1,0,456,55,0,0,4,608011156,"7.12.3"
"C26652",1,"RSO15217786HH1",2024-12-16,-1,1,9,420,-1,0,0,1,2,467,25,0,0,12,608011156,"7.12.3"
"C26667",2,"NXS10221176HH2",2025-08-15,-1,1,2,99,-1,0,0,1,2,3,24,1,0,1,608011156,"7.12.3"
"C26679",1,"RRH16216760HH1",2024-10-04,-1,1,5,420,-1,0,0,1,0,5,25,0,0,4,608011156,"7.12.3"
"C26712",2,"NXS13819852HH4",2025-05-30,-1,1,2,312,56,0,0,1,2,5,25,1,1,1,608011156,"7.12.3"
"C26724",1,"RRH15715964HH1",2024-07-18,-1,1,5,410,-1,0,0,0,0,3,25,0,0,4,608011156,"7.12.3"
"C26727",1,"RRH15815899HH1",2024-07-12,-1,1,5,440,-1,0,0,0,0,5,25,0,0,4,608011156,"7.12.3"
"C26745",1,"RRH15617495HH1",2024-11-24,-1,1,5,410,-1,1,4,0,0,12,55,0,0,4,608011156,"7.12.3"
"C26754",2,"RRH15515986HH2",2024-07-20,-1,1,5,410,-1,0,0,1,2,5,25,1,0,4,608011156,"7.12.3"
"C26757",2,"RRH15815932HH3",2024-07-14,-1,1,5,420,-1,0,0,0,0,5,25,1,0,4,608011156,"7.12.3"
"C26769",1,"RRH14017047HH1",2024-10-20,-1,1,5,410,-1,0,0,1,0,5,25,0,0,4,608011156,"7.12.3"
"C26772",2,"RRH16016134HH2",2024-08-02,-1,1,7,314,-1,0,0,0,0,5,18,1,0,4,608011156,"7.12.3"
"C26775",1,"RRH15316188HH1",2024-08-09,-1,1,5,422,-1,0,9,1,0,5,18,0,0,4,608011156,"7.12.3"
"C26781",1,"NXS11321447HH1",2025-08-28,-1,3,2,422,-1,0,0,0,0,3,25,0,0,1,608011156,"7.12.3"
"C26784",1,"RRH13216216HH1",2024-08-12,-1,1,5,423,-1,0,9,1,0,5,25,0,0,4,608011156,"7.12.3"
"C26811",2,"RRH14915998HH5",2024-07-21,-1,1,5,410,365,0,0,1,1,3,25,1,1,4,608011156,"7.12.3"
"C26823",2,"RRH14316572HH3",2024-09-15,-1,1,5,98,-1,0,0,1,0,5,24,1,0,4,608011156,"7.12.3"
"C26829",2,"RRH15816322HH3",2024-08-23,-1,1,5,420,-1,0,0,0,0,5,25,1,0,4,608011156,"7.12.3"
"C26853",1,"RRH12416046HH2",2024-07-26,-1,1,5,410,-1,1,0,1,0,5,25,0,0,4,608011156,"7.12.3"
"C26856",1,"NXS14717773HH1",2024-12-15,-1,2,2,313,477,0,1,1,1,26,25,0,0,1,608011156,"7.12.3"
"C26859",2,"RRH16216754HH2",2024-10-04,-1,1,5,410,-1,0,6,1,0,5,25,1,0,4,608011156,"7.12.3"
"C26880",1,"RRH15716066HH1",2024-07-27,-1,1,7,116,-1,0,0,1,0,5,25,0,0,4,608011156,"7.12.3"
"C26895",1,"NXS11319114HH1",2025-03-22,-1,5,2,312,149,0,0,0,1,5,25,0,0,1,608011156,"7.12.3"
"C26901",1,"RRH15716921HH1",2024-10-12,-1,1,7,116,-1,0,1,1,0,5,25,0,0,4,608011156,"7.12.3"
"C26904",1,"RRH13116624HH1",2024-09-20,-1,1,5,410,-1,0,0,1,2,5,25,0,0,4,608011156,"7.12.3"
"C26928",2,"RRH15816145HH2",2024-08-03,-1,1,5,440,-1,0,0,0,1,5,25,1,0,4,608011156,"7.12.3"
"C26937",1,"NXS10617369HH1",2024-11-15,-1,2,2,99,318,0,0,0,2,3,25,0,0,1,608011156,"7.12.3"
"C26940",1,"TRN10419392HH1",2025-04-26,-1,1,3,99,-1,0,0,1,0,5,25,0,0,2,608011156,"7.12.3"
"C26946",1,"NXS11116038HH1",2024-07-25,-1,1,2,312,-1,0,0,1,1,5,25,0,0,1,608011156,"7.12.3"
"C26952",1,"NXS11319739HH2",2025-05-22,-1,1,2,101,261,0,0,1,1,5,18,0,0,1,608011156,"7.12.3"
"C26955",1,"RRH13316058HH1",2024-07-26,-1,1,5,410,-1,0,0,1,0,5,25,0,0,-1,608011156,"7.12.1"
"C26958",1,"RRH15816199HH1",2024-08-10,-1,1,5,440,152,0,0,1,0,5,55,0,0,4,608011156,"7.12.3"
"C26967",1,"RRH14916506HH1",2024-07-20,-1,5,5,99,-1,0,0,1,1,5,25,0,0,5,608011156,"7.12.3"
"C26994",1,"NXS14718063HH1",2025-01-08,-1,5,2,423,65,0,4,0,2,5,25,0,0,1,608011156,"7.12.3"
"C27003",1,"RRH14016259HH2",2024-07-25,-1,5,5,410,464,0,9,1,0,5,25,0,0,5,608011156,"7.12.3"
"C27006",1,"RRH12316056HH1",2024-07-26,-1,1,5,410,-1,1,0,1,0,5,55,0,0,4,608011156,"7.12.3"
"C27012",1,"NXS13818251HH1",2024-12-27,-1,5,2,423,261,0,0,1,0,126,18,0,0,1,608011156,"7.12.3"
"C27042",1,"NXS11117301HH1",2024-11-09,-1,1,2,313,-1,0,0,1,0,5,25,0,0,1,608011156,"7.12.3"
"C27045",2,"RRH15516088HH5",2024-07-28,-1,1,5,410,-1,0,0,0,1,3,25,1,1,4,608011156,"7.12.3"
"C27069",1,"RRH14916237HH2",2024-08-15,-1,1,5,410,335,0,0,1,1,5,25,0,0,4,608011156,"7.12.3"
"C27075",3,"TRN11715896HH1",2024-07-11,-1,1,3,215,-1,0,0,1,0,146,-1,0,0,2,608011156,"7.12.3"
"C27081",1,"RRH14016072HH1",2024-07-28,-1,1,5,410,-1,0,0,1,1,5,25,0,0,4,608011156,"7.12.3"
"C27090",1,"NXS11417862HH1",2024-08-04,-1,5,2,99,21,0,1,1,0,147,25,0,0,5,608011156,"7.12.3"
"C27093",1,"NBN10518892HH1",2025-03-16,-1,1,2,99,-1,0,0,0,0,3,24,0,0,1,608011156,"7.12.3"
"C27102",1,"NXS11619423HH1",2025-04-27,-1,1,2,434,-1,0,0,1,0,5,25,0,0,1,608011156,"7.12.3"
"C27105",1,"NBN10517214HH1",2024-10-09,-1,5,2,99,16,0,0,1,0,5,25,0,0,1,608011156,"7.12.3"
"C27108",1,"NXS11316121HH1",2024-08-01,-1,1,2,440,368,0,1,1,0,56,25,0,0,1,608011156,"7.12.3"
"C27117",1,"RRH15616405HH1",2024-08-31,-1,1,5,410,-1,0,1,1,1,35,25,0,0,4,608011156,"7.12.3"
"C27120",1,"RRH15816306HH2",2024-08-22,-1,1,7,440,74,0,9,0,0,5,25,0,0,4,608011156,"7.12.3"
"C27123",1,"RRH15716558HH1",2024-09-14,-1,1,5,410,-1,0,0,0,0,5,25,0,0,4,608011156,"7.12.3"
"C27126",1,"TRN10416589HH1",2024-09-16,-1,1,3,302,-1,0,0,1,0,5,25,0,0,2,608011156,"7.12.3"
"C27138",1,"RRH12316222HH2",2024-08-12,-1,1,5,410,-1,1,9,1,0,3,55,0,0,4,608011156,"7.12.3"
"C27141",1,"RSO15217336HH1",2024-11-13,-1,1,9,420,368,0,0,0,1,5,55,0,0,12,608011156,"7.12.3"
"C27144",1,"PSH11915935HH1",2024-07-14,-1,1,8,101,-1,1,1,1,0,5,55,0,0,8,608011156,"7.12.3"
"C27147",1,"RRH15816198HH1",2024-08-10,-1,1,5,440,-1,0,9,0,0,5,25,0,0,4,608011156,"7.12.3"
"C27150",1,"NXS10916934HH1",2024-10-13,-1,2,2,422,162,0,0,0,0,56,24,0,0,1,608011156,"7.12.3"
"C27153",1,"RRH15816197HH1",2024-08-10,-1,1,7,99,-1,1,1,1,0,5,55,0,0,4,608011156,"7.12.3"
"C27156",1,"NXS11316143HH1",2024-08-03,-1,1,2,431,-1,0,0,0,0,5,25,0,0,1,608011156,"7.12.3"
"C27159",1,"RRH15716587HH1",2024-09-16,-1,1,5,431,-1,0,0,1,0,5,55,0,0,4,608011156,"7.12.3"
"C27162",1,"RRH13316507HH1",2024-09-08,-1,1,5,98,-1,0,0,1,2,3,25,0,0,4,608011156,"7.12.3"
"C27165",2,"RRH13316311HH3",2024-08-01,-1,5,5,410,-1,0,0,1,0,3,25,1,0,-1,608011156,"7.12.1"
"C27183",2,"NXS10216161HH3",2024-08-04,-1,1,2,431,-1,0,0,0,0,246,18,1,0,1,608011156,"7.12.3"
"C27192",1,"NXS11116174HH3",2024-08-06,-1,1,2,411,-1,0,0,0,2,5,25,1,0,1,608011156,"7.12.3"
"C27204",1,"RRH16119918HH1",2025-06-03,-1,1,5,420,-1,0,0,1,1,5,25,0,0,4,608011156,"7.12.3"
"C27207",1,"RRH13217036HH1",2024-09-27,-1,5,5,410,125,0,1,1,0,257,25,0,0,5,608011156,"7.12.3"
"C27213",1,"NXS11120034HH2",2025-06-12,-1,1,2,116,-1,0,0,0,2,5,25,0,0,1,608011156,"7.12.3"
"C27222",2,"RRH13316319HH4",2024-08-23,-1,1,5,313,-1,0,0,0,2,35,25,1,1,4,608011156,"7.12.3"
"C27234",1,"NXS11316189HH1",2024-08-09,-1,1,2,434,-1,0,0,0,0,5,25,0,0,1,608011156,"7.12.3"
"C27237",1,"RRH14916329HH1",2024-08-23,-1,1,5,99,-1,1,0,1,2,5,55,0,0,4,608011156,"7.12.3"
"C27246",1,"RRH14016461HH1",2024-09-05,-1,1,5,410,-1,0,0,1,2,3,55,0,0,4,608011156,"7.12.3"
"C27258",1,"RRH13316475HH1",2024-09-05,-1,1,5,312,-1,0,0,1,0,5,55,0,0,4,608011156,"7.12.3"
"C27264",1,"RRH13216928HH1",2024-08-12,-1,5,5,410,311,0,0,1,0,5,25,0,0,5,608011156,"7.12.3"
"C27270",1,"RRH15417567HH1",2024-08-16,-1,5,7,422,116,0,1,1,0,5,25,0,0,5,608011156,"7.12.3"
"C27291",1,"NXS10620821HH1",2025-07-29,-1,1,2,99,-1,0,1,1,1,5,25,0,0,1,608011156,"7.12.3"
"C27321",1,"NXS10620756HH1",2025-07-25,-1,2,2,98,-1,0,0,0,1,3,25,0,0,1,608011156,"7.12.3"
"C27324",2,"NXS11220395HH2",2025-07-03,-1,1,2,431,-1,0,0,0,0,2,25,1,0,1,608011156,"7.12.3"
"C27345",3,"TRN11720105HH1",2025-06-18,-1,3,3,101,-1,0,0,1,0,5,-1,0,0,2,608011156,"7.12.3"
"C27357",2,"NXS10316633HH3",2024-09-21,-1,1,2,99,-1,0,0,0,1,56,24,1,0,1,608011156,"7.12.3"
"C27366",1,"RRH13316508HH1",2024-09-08,-1,1,5,312,-1,0,1,1,0,5,55,0,0,4,608011156,"7.12.3"
"C27369",1,"RRH12117841HH1",2024-11-29,-1,5,5,410,387,0,0,0,0,13,25,0,0,5,608011156,"7.12.3"
"C27372",1,"NXS11318594HH1",2025-02-17,-1,1,2,116,-1,0,0,0,0,6,55,0,0,1,608011156,"7.12.3"
"C27396",1,"RRH12316788HH1",2024-10-04,-1,1,5,431,-1,1,9,1,0,16,55,0,0,4,608011156,"7.12.3"
"C27423",1,"RRH15816372HH1",2024-08-29,-1,1,5,440,-1,0,9,0,0,5,25,0,0,4,608011156,"7.12.3"
"C27426",1,"NXS11418022HH1",2025-01-05,-1,1,2,423,-1,0,1,1,0,5,25,0,0,1,608011156,"7.12.3"
"C27429",1,"NXS11316290HH1",2024-08-20,-1,1,2,313,332,0,0,1,2,5,25,0,0,1,608011156,"7.12.3"
"C27435",1,"NXS11116239HH1",2024-08-15,-1,1,2,410,-1,0,0,0,0,15,18,0,0,1,608011156,"7.12.3"
"C27438",1,"RRH13216545HH1",2024-08-31,-1,5,5,410,-1,0,4,0,2,3,25,0,0,5,608011156,"7.12.3"
"C27459",1,"NXS14717105HH1",2024-10-24,-1,3,2,99,122,0,0,1,0,3,25,0,0,1,608011156,"7.12.3"
"C27465",1,"NXS10816278HH1",2024-08-18,-1,1,2,313,-1,0,0,0,0,56,25,0,0,1,608011156,"7.12.3"
"C27468",1,"NXS10818792HH1",2025-03-07,-1,1,2,98,-1,0,0,1,0,17,25,0,0,1,608011156,"7.12.3"
"C27480",1,"NXS11620198HH1",2025-06-22,-1,4,2,99,-1,0,4,0,0,3,25,0,0,1,608011156,"7.12.3"
"C27486",1,"NXS11419309HH1",2025-04-18,-1,3,2,99,55,0,4,0,0,5,25,0,0,1,608011156,"7.12.3"
"C27492",1,"RRH12316383HH1",2024-08-30,-1,1,5,410,-1,1,9,1,0,5,25,0,0,4,608011156,"7.12.3"
"C27495",2,"NXS10617464HH2",2024-11-22,-1,1,2,420,-1,0,0,0,1,3,25,1,0,1,608011156,"7.12.3"
"C27510",2,"RRH13118868HH3",2025-03-15,-1,1,7,312,163,0,1,1,2,5,25,1,0,4,608011156,"7.12.3"
"C27522",1,"NXS11316355HH1",2024-08-26,-1,1,2,312,-1,0,0,1,0,5,25,0,0,1,608011156,"7.12.3"
"C27525",1,"RRH15316252HH1",2024-08-17,-1,1,5,420,-1,0,0,1,0,5,25,0,0,4,608011156,"7.12.3"
"C27531",1,"NBN10516366HH1",2024-09-01,-1,1,2,99,-1,0,0,1,0,5,55,0,0,1,608011156,"7.12.3"
"C27543",1,"NXS11016359HH1",2024-08-26,-1,1,2,302,-1,0,0,1,2,35,18,0,0,1,608011156,"7.12.3"
"C27546",2,"NXS15116242HH2",2024-08-16,-1,1,2,312,49,0,0,1,0,5,25,1,0,1,608011156,"7.12.3"
"C27552",1,"RRH15918809HH1",2025-03-08,-1,1,5,410,-1,0,0,0,2,5,25,0,0,4,608011156,"7.12.3"
"C27558",1,"RRH13216694HH2",2024-08-21,-1,5,5,410,26,0,4,0,0,3,25,0,0,5,608011156,"7.12.3"
"C27564",2,"RRH16017766HH2",2024-11-01,-1,5,5,422,107,0,6,1,0,3,25,1,0,5,608011156,"7.12.3"
"C27567",1,"RRH15516779HH1",2024-08-29,-1,5,5,410,-1,0,0,0,0,5,25,0,0,5,608011156,"7.12.3"
"C27576",2,"NXS10621211HH2",2025-08-16,-1,2,2,420,-1,0,0,0,1,3,18,1,0,1,608011156,"7.12.3"
"C27582",2,"RRH14916469HH5",2024-09-05,-1,1,5,410,-1,0,0,0,1,56,25,1,1,4,608011156,"7.12.3"
"C27600",1,"RRH12319318HH1",2025-04-19,-1,1,7,99,-1,1,4,0,0,3,55,0,0,4,608011156,"7.12.3"
"C27606",1,"NXS11116402HH1",2024-08-31,-1,1,2,98,370,0,0,0,0,1,25,0,0,1,608011156,"7.12.3"
"C27615",1,"NXS12717737HH1",2024-12-12,-1,1,2,313,-1,0,0,0,0,3,25,0,0,1,608011156,"7.12.3"
"C27618",1,"NXS10616437HH1",2024-09-03,-1,1,2,420,124,0,0,1,0,26,25,0,0,1,608011156,"7.12.3"
"C27621",2,"NXS11016439HH3",2024-09-04,-1,1,2,410,-1,0,0,0,2,3,25,1,0,1,608011156,"7.12.3"
"C27630",2,"RRH16217052HH3",2024-10-20,-1,1,5,410,-1,0,9,1,2,5,25,1,0,4,608011156,"7.12.3"
"C27645",1,"NXS11418801HH1",2025-03-08,-1,1,2,410,353,0,1,1,2,124,25,0,0,1,608011156,"7.12.3"
"C27651",2,"NXS10216426HH5",2024-09-02,-1,1,2,410,-1,0,0,0,0,56,25,1,1,1,608011156,"7.12.3"
"C27681",2,"NXS15116453HH2",2024-09-05,-1,1,2,410,-1,0,0,1,2,5,25,1,0,1,608011156,"7.12.3"
"C27687",2,"RRH16217059HH3",2024-10-20,-1,1,5,410,-1,0,6,1,2,127,25,0,0,4,608011156,"7.12.3"
"C27690",1,"NXS10318335HH1",2025-01-27,-1,3,2,423,442,0,0,0,0,56,25,0,0,1,608011156,"7.12.3"
"C27693",1,"RRH15317628HH1",2024-12-05,-1,1,5,423,-1,0,0,1,0,5,18,0,0,4,608011156,"7.12.3"
"C27705",3,"TRN11716490HH1",2024-09-07,-1,1,3,215,-1,0,0,1,0,135,-1,0,0,2,608011156,"7.12.3"
"C27708",1,"NXS10918424HH1",2025-01-14,-1,5,2,423,121,0,0,0,0,5,18,0,0,1,608011156,"7.12.3"
"C27711",1,"NXS10816486HH1",2024-09-06,-1,1,2,99,-1,0,0,0,0,5,25,0,0,1,608011156,"7.12.3"
"C27714",1,"NXS10816444HH1",2024-09-04,-1,1,2,98,510,0,0,1,0,56,25,0,0,1,608011156,"7.12.3"
"C27717",1,"NXS10821077HH1",2025-08-10,-1,2,2,312,105,0,0,0,0,5,25,0,0,1,608011156,"7.12.3"
"C27720",1,"RRH12316578HH1",2024-09-05,-1,5,5,422,140,1,0,1,0,136,55,0,0,5,608011156,"7.12.3"
"C27729",1,"TRN10419676HH1",2025-05-17,-1,1,3,99,239,0,0,1,0,5,25,0,0,2,608011156,"7.12.3"
"C27741",1,"RRH13217257HH1",2024-11-07,-1,1,5,410,-1,0,4,0,2,56,25,0,0,4,608011156,"7.12.3"
"C27744",1,"NXS10616512HH1",2024-09-09,-1,1,2,420,-1,0,0,0,0,156,25,0,0,1,608011156,"7.12.3"
"C27783",1,"NXS11318029HH1",2025-01-05,-1,1,2,99,-1,0,0,0,0,234,25,0,0,1,608011156,"7.12.3"
"C27786",1,"NXS10616499HH1",2024-09-07,-1,1,2,431,-1,0,0,0,2,56,25,0,0,1,608011156,"7.12.3"
"C27801",2,"RRH15816628HH4",2024-09-20,-1,1,5,440,-1,0,9,0,0,236,25,1,0,4,608011156,"7.12.3"
"C27813",1,"RRH15717456HH1",2024-11-22,-1,1,5,410,-1,0,0,1,0,237,25,0,0,4,608011156,"7.12.3"
"C27816",1,"NXS10918751HH1",2025-03-02,-1,5,2,422,95,0,0,0,0,5,25,0,0,1,608011156,"7.12.3"
"C27819",1,"NXS10616516HH1",2024-09-10,-1,1,2,410,-1,0,0,0,2,245,25,0,0,1,608011156,"7.12.3"
"C27828",1,"NXS11420825HH1",2025-07-30,-1,1,2,99,29,0,0,1,0,5,25,0,0,1,608011156,"7.12.3"
"C27831",1,"TRN10421162HH1",2025-08-14,-1,4,3,312,-1,0,0,1,0,246,24,0,0,2,608011156,"7.12.3"
"C27837",1,"RRH13216610HH1",2024-09-19,-1,1,5,410,-1,0,0,1,0,5,24,0,0,4,608011156,"7.12.3"
"C27840",1,"NXS14716823HH1",2024-10-06,-1,1,2,423,-1,0,0,0,0,247,24,0,0,1,608011156,"7.12.3"
"C27843",1,"RRH12316561HH1",2024-09-14,-1,1,5,431,-1,1,0,1,0,3,55,0,0,4,608011156,"7.12.3"
"C27852",1,"NXS11418233HH1",2025-01-19,-1,1,2,431,-1,0,0,0,0,5,25,0,0,1,608011156,"7.12.3"
"C27864",1,"RRH12316626HH1",2024-09-20,-1,1,5,410,-1,1,0,1,0,5,25,0,0,4,608011156,"7.12.3"
"C27870",2,"NXS10216538HH5",2024-09-12,-1,1,2,422,-1,0,0,1,1,36,25,1,1,1,608011156,"7.12.3"
"C27888",2,"NXS10216666HH2",2024-09-26,-1,1,2,422,-1,0,0,0,2,3,25,1,0,1,608011156,"7.12.3"
"C27894",1,"TRN10416493HH1",2024-09-07,-1,1,3,410,-1,0,0,1,0,5,25,0,0,2,608011156,"7.12.3"
"C27903",1,"TRN10416543HH1",2024-09-12,-1,1,3,101,-1,0,0,1,0,5,25,0,0,2,608011156,"7.12.3"
"C27906",1,"TRN10416602HH1",2024-09-19,-1,1,3,98,-1,0,0,1,1,5,55,0,0,2,608011156,"7.12.3"
"C27924",1,"RRH15816704HH4",2024-09-28,-1,1,5,440,38,0,9,1,0,5,25,1,0,4,608011156,"7.12.3"
"C27939",1,"NXS11316612HH1",2024-09-19,-1,1,2,313,-1,0,4,0,2,5,25,0,0,1,608011156,"7.12.3"
"C27942",1,"RRH14316646HH1",2024-09-23,-1,1,5,410,-1,0,0,0,2,5,25,0,0,4,608011156,"7.12.3"
"C27945",1,"NXS10616548HH1",2024-09-13,-1,1,2,420,-1,0,0,1,2,5,25,0,0,1,608011156,"7.12.3"
"C27948",1,"RRH15816703HH1",2024-09-28,-1,1,5,440,-1,0,0,0,1,5,25,0,0,4,608011156,"7.12.3"
"C27951",1,"RSO15219588HH2",2025-05-10,-1,1,9,410,-1,0,0,0,0,5,25,0,0,12,608011156,"7.12.3"
"C27975",1,"NXS11316692HH1",2024-09-27,-1,1,2,410,-1,0,1,1,1,5,25,0,0,1,608011156,"7.12.3"
"C27978",1,"NXS11116504HH1",2024-09-08,-1,1,2,422,-1,0,1,1,0,5,25,0,0,1,608011156,"7.12.3"
"C27990",1,"NXS11116595HH1",2024-09-18,-1,1,2,207,-1,0,9,1,0,5,25,0,0,1,608011156,"7.12.3"
"C27996",1,"NXS10616606HH1",2024-09-19,-1,1,2,99,-1,0,0,0,1,3,18,0,0,1,608011156,"7.12.3"
"C27999",1,"NXS11316689HH2",2024-09-27,-1,1,2,410,-1,0,0,1,0,1,25,1,0,1,608011156,"7.12.3"
"C28002",1,"RRH15816678HH1",2024-09-26,-1,1,5,420,-1,0,4,0,0,5,25,0,0,4,608011156,"7.12.3"
"C28008",1,"RRH15816695HH1",2024-09-28,-1,1,5,420,-1,0,0,1,0,5,55,0,0,4,608011156,"7.12.3"
"C28011",1,"NBN10516811HH1",2024-10-18,-1,1,2,99,-1,0,0,0,0,3,25,0,0,1,608011156,"7.12.3"
"C28014",1,"NXS11417354HH1",2024-11-14,-1,1,2,99,-1,0,0,0,0,98,25,0,0,1,608011156,"7.12.3"
"C28017",1,"NBN10516654HH1",2024-09-23,-1,1,2,99,499,0,0,0,0,3,55,0,0,1,608011156,"7.12.3"
"C28020",2,"RRH13216898HH2",2024-10-10,-1,1,5,420,-1,0,0,0,0,4,18,1,0,4,608011156,"7.12.3"
"C28029",1,"NXS10617602HH1",2024-12-02,-1,1,2,410,-1,0,0,0,2,5,25,0,0,1,608011156,"7.12.3"
"C28032",1,"NXS10616569HH1",2024-09-14,-1,1,2,206,-1,1,0,0,0,4,55,0,0,1,608011156,"7.12.3"
"C28035",1,"NXS11116585HH1",2024-09-16,-1,1,2,422,-1,0,1,1,0,3,25,0,0,1,608011156,"7.12.3"
"C28047",1,"NBN10516661HH1",2024-09-28,-1,1,2,99,-1,0,0,0,0,3,25,0,0,1,608011156,"7.12.3"
"C28050",1,"RRH12317016HH1",2024-10-18,-1,1,5,428,-1,1,0,1,1,5,55,0,0,4,608011156,"7.12.3"
"C28053",1,"RRH13116643HH1",2024-09-22,-1,1,7,410,-1,0,0,0,0,56,25,0,0,4,608011156,"7.12.3"
"C28056",1,"RRH15816840HH1",2024-10-07,-1,1,7,99,-1,0,4,0,0,5,25,0,0,4,608011156,"7.12.3"
"C28059",3,"NXS11417837HH1",2024-12-20,-1,1,2,302,-1,0,0,0,0,3,-1,0,0,1,608011156,"7.12.3"
"C28062",1,"NXS13516232HH1",2024-08-15,-1,1,2,98,-1,0,9,1,1,5,25,0,0,1,608011156,"7.12.3"
"C28065",1,"RRH16216784HH1",2024-10-04,-1,1,5,410,-1,0,0,0,0,56,25,0,0,4,608011156,"7.12.3"
"C28068",1,"RRH16216752HH1",2024-10-04,-1,1,5,410,-1,0,9,1,0,5,55,0,0,4,608011156,"7.12.3"
"C28071",1,"RRH16216782HH1",2024-10-04,-1,1,5,410,-1,0,0,0,2,5,55,0,0,4,608011156,"7.12.3"
"C28074",1,"NXS13516379HH1",2024-08-29,-1,1,2,410,-1,0,9,1,0,5,25,0,0,1,608011156,"7.12.3"
"C28077",1,"NXS13516382HH1",2024-08-30,-1,1,2,431,-1,0,0,0,0,5,18,0,0,1,608011156,"7.12.3"
"C28080",1,"RRH15816812HH1",2024-10-05,-1,1,5,420,-1,0,0,0,2,5,25,0,0,4,608011156,"7.12.3"
"C28083",2,"RRH16017188HH5",2024-10-31,-1,1,5,433,-1,0,0,0,1,15,25,1,1,4,608011156,"7.12.3"
"C28086",1,"NXS13516173HH1",2024-08-06,-1,1,2,99,-1,0,9,1,2,5,25,0,0,1,608011156,"7.12.3"
"C28089",2,"NXS13516434HH3",2024-09-02,-1,1,2,410,-1,0,0,0,0,5,24,1,0,1,608011156,"7.12.3"
"C28092",2,"RRH15820142HH7",2025-06-20,-1,1,5,410,-1,0,0,1,0,5,25,1,1,4,608011156,"7.12.3"
"C28113",2,"RRH14317071HH3",2024-10-21,-1,1,5,410,-1,0,0,0,0,5,25,1,0,4,608011156,"7.12.3"
"C28122",1,"NBN10517909HH1",2024-12-27,-1,1,2,99,-1,0,0,0,0,5,25,0,0,1,608011156,"7.12.3"
"C28128",2,"NXS15116655HH2",2024-09-23,-1,1,2,99,-1,0,9,0,0,99,25,1,0,1,608011156,"7.12.3"
"C28137",1,"NXS14716724HH1",2024-10-03,-1,1,2,313,-1,0,0,1,0,25,25,0,0,1,608011156,"7.12.3"
"C28140",1,"RRH13218306HH1",2024-10-10,-1,5,5,422,-1,0,9,1,0,5,25,0,0,5,608011156,"7.12.3"
"C28143",2,"NXS13516731HH3",2024-10-03,-1,1,2,99,-1,0,0,1,0,5,25,1,0,1,608011156,"7.12.3"
"C28155",1,"NXS13516726HH1",2024-10-03,-1,1,2,98,-1,0,9,1,0,5,55,0,0,1,608011156,"7.12.3"
"C28158",1,"NXS10816657HH1",2024-09-24,-1,1,2,410,-1,0,0,0,0,27,25,0,0,1,608011156,"7.12.3"
"C28161",1,"NXS13516826HH1",2024-10-07,-1,1,2,99,-1,0,9,0,0,4,25,0,0,1,608011156,"7.12.3"
"C28164",1,"NXS14716781HH1",2024-10-04,-1,1,2,410,311,0,0,1,0,5,25,0,0,1,608011156,"7.12.3"
"C28167",1,"RRH15618539HH1",2025-02-14,-1,1,5,420,-1,0,0,0,0,3,25,0,0,4,608011156,"7.12.3"
"C28173",1,"NXS10816663HH1",2024-09-26,-1,1,2,410,-1,0,0,0,0,34,25,0,0,1,608011156,"7.12.3"
"C28176",1,"NXS11318613HH1",2024-10-06,-1,5,2,313,370,0,0,1,0,5,25,0,0,1,608011156,"7.12.3"
"C28179",1,"NBN10518508HH1",2025-01-03,-1,5,2,99,121,0,0,1,0,5,25,0,0,1,608011156,"7.12.3"
"C28182",1,"NXS14716733HH1",2024-10-03,-1,1,2,312,-1,0,0,1,0,56,25,0,0,1,608011156,"7.12.3"
"C28185",1,"NXS13516371HH1",2024-08-28,-1,1,2,99,-1,1,0,0,0,35,55,0,0,1,608011156,"7.12.3"
"C28197",1,"NXS11117034HH1",2024-10-19,-1,1,2,312,-1,1,0,1,0,36,55,0,0,1,608011156,"7.12.3"
"C28200",1,"NXS11417552HH1",2024-11-29,-1,1,2,422,386,0,0,0,0,5,25,0,0,1,608011156,"7.12.3"
"C28203",1,"NXS13516747HH1",2024-10-04,-1,1,2,98,-1,0,0,1,2,5,25,0,0,1,608011156,"7.12.3"
"C28209",2,"NXS13516367HH4",2024-08-28,-1,1,2,99,-1,0,0,0,0,45,25,1,0,1,608011156,"7.12.3"
"C28230",1,"RRH15821049HH1",2025-08-08,-1,1,5,431,-1,0,9,1,1,5,25,0,0,4,608011156,"7.12.3"
"C28233",1,"HAV13717051HH1",2024-10-20,-1,1,4,410,-1,1,6,1,0,57,55,0,0,1,608011156,"7.12.3"
"C28236",2,"NXS11016801HH2",2024-10-05,-1,1,2,410,424,0,0,0,0,5,25,1,0,1,608011156,"7.12.3"
"C28248",1,"NXS10616715HH1",2024-09-30,-1,1,2,313,-1,0,0,0,1,3,25,0,0,1,608011156,"7.12.3"
"C28251",1,"NXS10616716HH1",2024-09-30,-1,1,2,99,-1,0,0,0,0,3,24,0,0,1,608011156,"7.12.3"
"C28272",1,"TRN10416652HH1",2024-09-23,-1,1,3,98,-1,0,0,1,0,5,25,0,0,2,608011156,"7.12.3"
"C28275",1,"RRH12118564HH2",2025-02-16,-1,1,5,410,-1,0,0,1,0,5,25,0,0,4,608011156,"7.12.3"
"C28278",2,"NXS10216734HH2",2024-10-03,-1,1,2,423,-1,0,0,0,1,124,25,1,0,1,608011156,"7.12.3"
"C28284",3,"NXS15116743HH2",2024-10-04,-1,1,2,312,-1,0,9,0,0,99,-1,1,0,1,608011156,"7.12.3"
"C28290",1,"NXS10616717HH1",2024-09-30,-1,1,2,420,-1,0,0,1,2,125,25,0,0,1,608011156,"7.12.3"
"C28293",1,"NBN10516834HH1",2024-10-07,-1,1,2,99,60,0,4,0,0,3,18,0,0,1,608011156,"7.12.3"
"C28296",1,"NXS11417200HH1",2024-11-01,-1,1,2,99,-1,0,1,1,0,3,25,0,0,1,608011156,"7.12.3"
"C28299",1,"NBN10516905HH1",2024-10-11,-1,1,2,99,452,0,0,0,0,5,25,0,0,1,608011156,"7.12.3"
"C28302",1,"NXS11417708HH1",2024-12-11,-1,1,2,312,-1,0,0,1,2,3,55,0,0,1,608011156,"7.12.3"
"C28302",2,"RRH16017734HH2",2024-12-12,-1,1,7,99,-1,0,0,1,2,3,25,1,0,4,608011156,"7.12.3"
"C28308",1,"NXS11416967HH1",2024-10-15,-1,1,2,101,44,0,1,1,2,3,25,0,0,1,608011156,"7.12.3"
"C28311",1,"RRH15817131HH1",2024-10-25,-1,1,5,410,-1,0,0,0,2,3,25,0,0,4,608011156,"7.12.3"
"C28317",1,"NBN10516866HH1",2024-10-09,-1,1,2,99,-1,0,0,0,0,5,25,0,0,1,608011156,"7.12.3"
"C28320",1,"NXS11316827HH1",2024-10-07,-1,1,2,313,422,0,0,1,0,127,55,0,0,1,608011156,"7.12.3"
"C28323",1,"NXS14716864HH1",2024-10-09,-1,1,2,313,-1,0,0,1,0,5,25,0,0,1,608011156,"7.12.3"
"C28329",1,"NXS10916857HH1",2024-10-08,-1,1,2,422,-1,0,4,0,1,56,25,0,0,1,608011156,"7.12.3"
"C28332",1,"NXS11016858HH1",2024-10-08,-1,1,2,422,-1,0,9,1,2,3,25,0,0,1,608011156,"7.12.3"
"C28335",1,"NXS11116632HH1",2024-09-21,-1,1,2,116,50,0,1,1,0,3,25,0,0,1,608011156,"7.12.3"
"C28338",1,"NXS11116907HH1",2024-10-11,-1,1,2,313,-1,0,0,0,0,135,25,0,0,1,608011156,"7.12.3"
"C28353",1,"RRH15817507HH1",2024-11-25,-1,1,5,410,-1,0,0,0,0,5,55,0,0,4,608011156,"7.12.3"
"C28356",1,"NXS11316890HH1",2024-10-10,-1,1,2,313,-1,0,0,1,0,5,25,0,0,1,608011156,"7.12.3"
"C28371",1,"NXS11317416HH1",2024-11-17,-1,1,2,410,-1,1,1,1,0,5,55,0,0,1,608011156,"7.12.3"
"C28380",2,"NXS10616980HH5",2024-10-17,-1,1,2,410,-1,0,0,1,1,5,25,1,1,1,608011156,"7.12.3"
"C28392",1,"NXS11116841HH1",2024-10-07,-1,1,2,99,-1,0,0,0,0,5,25,0,0,1,608011156,"7.12.3"
"C28398",1,"NXS11116842HH1",2024-10-07,-1,1,2,98,229,0,0,0,0,157,25,0,0,1,608011156,"7.12.3"
"C28401",1,"NXS11316926HH1",2024-10-12,-1,1,2,410,-1,0,0,0,0,5,25,0,0,1,608011156,"7.12.3"
"C28404",2,"NXS10616736HH4",2024-10-03,-1,1,2,420,-1,0,0,0,0,3,25,1,1,1,608011156,"7.12.3"
"C28422",1,"NXS14716933HH1",2024-10-13,-1,1,2,410,163,0,4,0,1,2,25,0,0,1,608011156,"7.12.3"
"C28431",2,"NXS10216922HH2",2024-10-12,-1,1,2,312,-1,0,0,0,1,5,25,1,0,1,608011156,"7.12.3"
"C28437",1,"NXS10616924HH1",2024-10-12,-1,1,2,99,-1,0,0,0,0,5,25,0,0,1,608011156,"7.12.3"
"C28440",1,"NXS10616935HH1",2024-10-13,-1,1,2,98,327,0,0,1,1,5,25,0,0,1,608011156,"7.12.3"
"C28443",1,"NXS14717724HH1",2024-12-12,-1,1,2,206,-1,0,0,1,0,237,55,0,0,1,608011156,"7.12.3"
"C28446",1,"NXS13517111HH1",2024-10-25,-1,1,2,99,-1,0,0,0,2,5,25,0,0,1,608011156,"7.12.3"
"C28449",1,"NXS11316939HH1",2024-10-13,-1,1,2,302,119,1,0,0,0,5,55,0,0,1,608011156,"7.12.3"
"C28455",1,"RRH13217079HH1",2024-10-18,-1,5,5,410,-1,0,9,1,1,3,18,0,0,5,608011156,"7.12.3"
"C28464",1,"NBN10516940HH1",2024-10-15,-1,1,2,99,-1,0,0,1,0,3,55,0,0,1,608011156,"7.12.3"
"C28467",1,"RRH13218400HH1",2025-01-01,-1,5,5,422,33,0,1,1,0,5,55,0,0,5,608011156,"7.12.3"
"C28476",1,"NXS10616950HH1",2024-10-14,-1,1,2,410,-1,0,0,1,2,247,25,0,0,1,608011156,"7.12.3"
"C28479",3,"TRN11716588HH1",2024-09-16,-1,1,3,422,-1,0,0,0,0,56,-1,0,0,2,608011156,"7.12.3"
"C28482",1,"TRN11716590HH1",2024-09-17,-1,1,3,99,-1,0,1,1,0,35,18,0,0,2,608011156,"7.12.3"
"C28485",3,"TRN11716975HH1",2024-10-16,-1,1,3,422,-1,0,0,0,0,3,-1,0,0,2,608011156,"7.12.3"
"C28488",1,"NBN10517910HH1",2024-12-29,-1,1,2,99,-1,0,4,0,0,5,24,0,0,1,608011156,"7.12.3"
"C28500",3,"TRN11716989HH1",2024-10-17,-1,1,3,215,295,0,9,1,0,267,-1,0,0,2,608011156,"7.12.3"
"C28506",1,"NXS13517018HH1",2024-10-18,-1,1,2,410,-1,0,0,0,2,5,24,0,0,1,608011156,"7.12.3"
"C28509",1,"NXS11316912HH1",2024-10-11,-1,1,2,410,-1,0,0,0,2,5,25,0,0,1,608011156,"7.12.3"
"C28512",1,"NXS11317083HH1",2024-10-21,-1,1,2,207,-1,0,4,0,0,5,25,0,0,1,608011156,"7.12.3"
"C28515",1,"RRH15617562HH1",2024-10-14,-1,5,5,410,209,0,4,0,2,345,55,0,0,5,608011156,"7.12.3"
"C28518",1,"NXS14717012HH1",2024-10-18,-1,1,2,410,569,0,0,0,1,3,25,0,0,1,608011156,"7.12.3"
"C28521",1,"NXS14717013HH1",2024-10-18,-1,1,2,312,-1,0,0,0,0,5,25,0,0,1,608011156,"7.12.3"
"C28527",1,"RRH15618126HH1",2025-01-12,-1,1,5,410,-1,0,0,0,0,5,55,0,0,4,608011156,"7.12.3"
"C28530",1,"RRH15618666HH1",2024-10-18,-1,5,5,410,-1,0,0,0,0,3,25,0,0,5,608011156,"7.12.3"
"C28533",1,"NBN10518338HH1",2024-11-03,-1,5,2,99,62,1,1,1,0,346,55,0,0,1,608011156,"7.12.3"
"C28536",1,"NXS12718133HH1",2025-01-12,-1,1,2,206,38,0,4,0,0,3,25,0,0,1,608011156,"7.12.3"
"C28548",1,"NXS11418013HH1",2025-01-04,-1,1,2,410,-1,0,1,1,0,5,55,0,0,1,608011156,"7.12.3"
"C28551",1,"RRH16217066HH2",2024-10-20,-1,1,5,410,-1,0,6,1,0,347,25,0,0,4,608011156,"7.12.3"
"C28554",2,"RRH16217062HH3",2024-10-20,-1,1,5,410,480,0,0,0,0,5,24,1,0,4,608011156,"7.12.3"
"C28563",1,"NXS10320107HH1",2025-06-18,-1,1,2,423,212,0,0,0,0,5,55,0,0,1,608011156,"7.12.3"
"C28566",1,"NXS11116915HH2",2024-10-11,-1,1,2,431,-1,1,0,1,2,5,55,0,0,1,608011156,"7.12.3"
"C28572",1,"RRH13217600HH1",2024-11-03,-1,5,5,423,40,0,1,1,0,5,55,0,0,5,608011156,"7.12.3"
"C28575",1,"NXS13817037HH1",2024-10-19,-1,1,2,423,-1,0,4,0,2,5,25,0,0,1,608011156,"7.12.3"
"C28581",1,"RSO15217597HH1",2024-12-02,-1,1,9,420,-1,0,0,0,2,5,55,0,0,12,608011156,"7.12.3"
"C28584",1,"RRH15617489HH1",2024-10-16,-1,5,5,410,203,0,0,1,0,15,25,0,0,5,608011156,"7.12.3"
"C28587",1,"NXS14716971HH1",2024-10-16,-1,1,2,207,-1,0,0,0,0,3,55,0,0,1,608011156,"7.12.3"
"C28590",1,"NXS14717039HH1",2024-10-19,-1,1,2,422,342,0,1,1,2,5,18,0,0,1,608011156,"7.12.3"
"C28593",1,"NXS14716946HH1",2024-10-14,-1,1,2,312,-1,0,4,0,0,5,25,0,0,1,608011156,"7.12.3"
"C28596",1,"NXS10616948HH1",2024-10-14,-1,1,2,422,87,0,0,0,0,456,25,0,0,1,608011156,"7.12.3"
"C28599",1,"NXS10617040HH1",2024-10-19,-1,1,2,312,-1,0,0,0,1,3,25,0,0,1,608011156,"7.12.3"
"C28602",1,"NXS10617041HH1",2024-10-19,-1,1,2,204,279,0,0,0,0,5,25,0,0,1,608011156,"7.12.3"
"C28608",1,"NXS14717161HH1",2024-10-29,-1,1,2,207,-1,0,0,0,0,457,25,0,0,1,608011156,"7.12.3"
"C28623",2,"NXS11416994HH5",2024-10-17,-1,1,2,312,-1,0,0,1,0,3,25,1,1,1,608011156,"7.12.3"
"C28638",1,"RRH16017376HH1",2024-11-15,-1,1,5,410,-1,0,0,1,0,5,55,0,0,4,608011156,"7.12.3"
"C28644",2,"RRH15817118HH3",2024-10-25,-1,1,5,420,-1,0,0,0,2,5,25,1,0,4,608011156,"7.12.3"
"C28647",1,"NBN10517082HH1",2024-10-23,-1,1,2,99,-1,0,0,1,0,5,25,0,0,1,608011156,"7.12.3"
"C28659",1,"NXS11116914HH2",2024-10-11,-1,1,2,313,-1,0,0,1,2,1,25,0,0,1,608011156,"7.12.3"
"C28662",1,"NXS11116918HH1",2024-10-12,-1,1,2,312,-1,0,0,0,0,5,25,0,0,1,608011156,"7.12.3"
"C28683",2,"RRH13116416HH3",2024-09-01,-1,1,5,410,-1,0,0,1,2,56,25,1,0,4,608011156,"7.12.3"
"C28692",1,"RRH13117231HH1",2024-11-04,-1,1,5,410,-1,0,0,0,0,5,25,0,0,4,608011156,"7.12.3"
"C28695",1,"RRH16216930HH1",2024-10-13,-1,1,5,410,-1,0,9,1,0,5,25,0,0,4,608011156,"7.12.3"
"C28707",1,"RRH13117270HH1",2024-11-08,-1,1,5,410,-1,0,0,0,2,5,25,0,0,4,608011156,"7.12.3"
"C28710",1,"NXS12717094HH1",2024-10-23,-1,1,2,313,-1,1,0,1,1,6,55,0,0,1,608011156,"7.12.3"
"C28713",3,"NXS11017097HH1",2024-10-24,-1,1,2,98,47,0,0,0,0,35,-1,0,0,1,608011156,"7.12.3"
"C28716",1,"NXS10217056HH2",2024-10-20,-1,1,2,410,-1,0,0,0,0,3,25,0,0,1,608011156,"7.12.3"
"C28725",1,"NXS10217076HH2",2024-10-21,-1,1,2,313,-1,0,0,0,0,2,25,0,0,1,608011156,"7.12.3"
"C28731",1,"NXS10317114HH1",2024-10-25,-1,1,2,302,60,0,4,0,0,3,25,0,0,1,608011156,"7.12.3"
"C28737",1,"NXS11317093HH1",2024-10-23,-1,1,2,116,23,0,0,0,0,5,25,0,0,1,608011156,"7.12.3"
"C28740",1,"RRH14019644HH2",2025-05-15,-1,3,5,410,-1,0,1,1,0,3,25,0,0,4,608011156,"7.12.3"
"C28743",1,"NXS14717129HH1",2024-10-25,-1,1,2,313,-1,0,0,1,0,98,25,0,0,1,608011156,"7.12.3"
"C28746",1,"NBN10517126HH1",2024-10-27,-1,1,2,99,182,0,0,1,0,5,55,0,0,1,608011156,"7.12.3"
"C28749",1,"RRH15817138HH1",2024-10-25,-1,1,5,420,-1,0,9,1,0,5,55,0,0,4,608011156,"7.12.3"
"C28752",1,"RRH15814678HH1",2024-02-01,-1,1,7,423,-1,0,9,0,0,16,25,0,0,4,608011156,"7.12.3"
"C28755",1,"NXS13817127HH1",2024-10-25,-1,1,2,314,188,0,0,1,0,56,25,0,0,1,608011156,"7.12.3"
"C28761",1,"NXS11317104HH1",2024-10-24,-1,1,2,313,-1,0,0,0,2,17,18,0,0,1,608011156,"7.12.3"
"C28764",1,"TRN11818496HH1",2025-02-10,-1,3,3,431,140,1,0,1,2,5,25,0,0,3,608011156,"7.12.3"
"C28767",2,"RRH16217049HH2",2024-10-20,-1,1,5,410,-1,1,0,0,2,3,24,1,0,4,608011156,"7.12.3"
"C28770",1,"NBN10517142HH1",2024-10-28,-1,1,2,99,-1,0,0,0,0,5,25,0,0,1,608011156,"7.12.3"
"C28776",2,"RRH15817657HH3",2024-12-06,-1,1,5,440,-1,0,0,1,0,5,25,1,0,4,608011156,"7.12.3"
"C28785",1,"NXS11417276HH1",2024-11-08,-1,1,2,312,-1,0,0,0,0,25,25,0,0,1,608011156,"7.12.3"
"C28788",1,"RSO15217436HH1",2024-11-18,-1,1,9,420,-1,0,9,1,0,5,25,0,0,12,608011156,"7.12.3"
"C28791",2,"RRH12118782HH2",2025-03-06,-1,1,5,434,-1,0,0,0,0,3,25,1,0,4,608011156,"7.12.3"
"C28794",1,"RRH16217116HH1",2024-10-25,-1,1,5,99,-1,0,0,1,2,5,24,0,0,4,608011156,"7.12.3"
"C28797",1,"RRH16216766HH1",2024-10-04,-1,1,5,410,-1,0,0,1,2,5,25,0,0,4,608011156,"7.12.3"
"C28809",1,"NBN10517168HH1",2024-11-01,-1,1,2,99,-1,0,0,1,0,1,55,0,0,1,608011156,"7.12.3"
"C28821",1,"RRH12417181HH1",2024-10-31,-1,1,5,423,-1,1,5,1,0,3,55,0,0,4,608011156,"7.12.3"
"C28824",1,"NXS10617123HH1",2024-10-25,-1,1,2,420,-1,0,0,1,1,5,25,0,0,1,608011156,"7.12.3"
"C28827",1,"NXS14717146HH1",2024-10-26,-1,1,2,313,-1,0,0,1,0,3,55,0,0,1,608011156,"7.12.3"
"C28830",1,"NXS14717147HH1",2024-10-26,-1,1,2,98,419,0,0,1,2,5,25,0,0,1,608011156,"7.12.3"
"C28833",1,"NXS11317070HH1",2024-10-21,-1,1,2,313,75,0,0,1,1,37,55,0,0,1,608011156,"7.12.3"
"C28836",1,"NXS14717167HH1",2024-10-30,-1,1,2,422,-1,0,0,0,0,5,25,0,0,1,608011156,"7.12.3"
"C28842",1,"NXS14717150HH1",2024-10-26,-1,1,2,410,-1,0,0,1,0,3,25,0,0,1,608011156,"7.12.3"
"C28845",2,"RRH13218961HH3",2025-03-21,-1,1,5,207,-1,0,4,0,2,3,18,1,0,4,608011156,"7.12.3"
"C28860",1,"NXS11117058HH1",2024-10-20,-1,1,2,313,-1,0,0,0,0,3,18,0,0,1,608011156,"7.12.3"
"C28863",1,"NBN10517598HH1",2024-12-15,-1,1,2,99,-1,0,0,0,0,3,25,0,0,1,608011156,"7.12.3"
"C28866",1,"NBN10517247HH1",2024-11-06,-1,1,2,99,-1,0,9,1,0,47,55,0,0,1,608011156,"7.12.3"
"C28884",1,"RRH13217822HH1",2024-12-20,-1,1,5,423,-1,0,0,1,2,5,24,0,0,4,608011156,"7.12.3"
"C28890",1,"RRH15617560HH1",2024-11-01,-1,5,5,410,232,0,0,1,1,57,25,0,0,5,608011156,"7.12.3"
"C28893",1,"NXS14717230HH1",2024-11-03,-1,1,2,313,67,0,1,1,1,5,25,0,0,1,608011156,"7.12.3"
"C28899",1,"NXS11318560HH1",2024-11-02,-1,5,2,116,250,1,4,0,0,5,55,0,0,1,608011156,"7.12.3"
"C28902",1,"NXS14717187HH1",2024-10-31,-1,1,2,312,-1,0,6,1,0,5,55,0,0,1,608011156,"7.12.3"
"C28908",1,"NBN10517228HH1",2024-11-06,-1,1,2,99,-1,1,0,1,0,5,25,0,0,1,608011156,"7.12.3"
"C28911",1,"RRH15817438HH1",2024-11-19,-1,1,5,420,-1,0,0,0,2,5,25,0,0,4,608011156,"7.12.3"
"C28914",1,"NBN10517232HH1",2024-11-03,-1,5,2,99,87,0,0,1,0,5,25,0,0,1,608011156,"7.12.3"
"C28920",1,"NBN10517320HH1",2024-11-11,-1,1,2,99,-1,0,1,1,0,5,25,0,0,1,608011156,"7.12.3"
"C28923",1,"NXS12717234HH1",2024-11-04,-1,1,2,313,-1,0,0,1,0,5,25,0,0,1,608011156,"7.12.3"
"C28929",1,"NXS10220590HH1",2025-07-16,-1,1,2,410,-1,0,9,1,2,5,25,0,0,1,608011156,"7.12.3"
"C28932",1,"RRH15517712HH1",2024-12-12,-1,1,5,410,149,0,1,1,2,124,25,0,0,4,608011156,"7.12.3"
"C28935",1,"NXS11017262HH1",2024-11-07,-1,1,2,98,-1,0,0,0,0,3,18,0,0,1,608011156,"7.12.3"
"C28941",2,"RRH15817405HH2",2024-11-17,-1,1,5,420,-1,0,0,0,0,5,25,1,0,4,608011156,"7.12.3"
"C28947",2,"NXS11117263HH4",2024-11-07,-1,1,2,420,-1,0,0,1,0,5,25,1,1,1,608011156,"7.12.3"
"C28959",1,"NXS10320109HH1",2025-06-18,-1,1,2,99,24,0,0,1,1,126,25,0,0,1,608011156,"7.12.3"
"C28962",2,"RRH16216742HH4",2024-10-04,-1,1,5,410,-1,0,0,1,2,5,25,1,0,4,608011156,"7.12.3"
"C28974",1,"RRH13116169HH1",2024-08-05,-1,1,5,410,-1,0,0,1,0,127,25,0,0,4,608011156,"7.12.3"
"C28998",2,"NXS11117241HH4",2024-11-04,-1,1,2,116,-1,0,0,1,2,5,25,1,1,1,608011156,"7.12.3"
"C29010",1,"RRH16216448HH1",2024-09-04,-1,1,5,410,-1,0,9,1,0,136,25,0,0,4,608011156,"7.12.3"
"C29013",1,"RRH16216778HH2",2024-10-04,-1,1,5,410,-1,0,0,1,0,5,25,0,0,4,608011156,"7.12.3"
"C29016",1,"NBN10517883HH1",2024-12-25,-1,1,2,99,-1,0,0,1,2,5,55,0,0,1,608011156,"7.12.3"
"C29019",1,"NXS10917299HH1",2024-11-09,-1,1,2,422,114,0,0,0,0,3,24,0,0,1,608011156,"7.12.3"
"C29022",1,"NXS14717261HH1",2024-11-07,-1,1,2,313,-1,0,0,1,0,5,25,0,0,1,608011156,"7.12.3"
"C29028",1,"HAV13718326HH1",2024-12-12,-1,5,4,116,-1,1,1,1,2,137,25,0,0,5,608011156,"7.12.3"
"C29031",1,"RRH13117197HH1",2024-11-01,-1,1,5,410,-1,0,0,1,2,5,25,0,0,4,608011156,"7.12.3"
"C29034",1,"NXS15117290HH1",2024-11-09,-1,1,2,410,-1,0,9,1,0,3,18,0,0,1,608011156,"7.12.3"
"C29037",1,"NXS14717313HH1",2024-11-10,-1,1,2,422,-1,0,1,1,3,56,25,0,0,1,608011156,"7.12.3"
"C29040",1,"RRH13117577HH2",2024-11-30,-1,1,5,410,-1,0,6,1,0,146,25,0,0,4,608011156,"7.12.3"
"C29046",2,"RRH13117348HH5",2024-11-14,-1,1,5,410,-1,0,9,1,2,5,25,1,1,4,608011156,"7.12.3"
"C29061",1,"NXS14717314HH1",2024-11-10,-1,1,2,312,-1,0,0,1,2,5,25,0,0,1,608011156,"7.12.3"
"C29067",1,"NXS12717255HH1",2024-11-06,-1,1,2,313,54,0,4,0,0,3,25,0,0,1,608011156,"7.12.3"
"C29070",1,"NXS10917312HH1",2024-11-10,-1,1,2,101,263,0,0,0,2,156,25,0,0,1,608011156,"7.12.3"
"C29079",1,"NXS14717292HH1",2024-11-09,-1,1,2,410,-1,1,0,0,0,157,25,0,0,1,608011156,"7.12.3"
"C29082",2,"NXS10217318HH2",2024-11-11,-1,1,2,98,-1,0,0,0,2,5,24,1,0,1,608011156,"7.12.3"
"C29088",1,"NBN10517334HH1",2024-11-13,-1,1,2,99,-1,0,0,0,0,5,25,0,0,1,608011156,"7.12.3"
"C29097",2,"RRH13116708HH3",2024-09-28,-1,1,5,410,-1,0,0,1,1,235,25,1,0,4,608011156,"7.12.3"
"C29106",2,"RRH15817372HH3",2024-11-15,-1,1,7,99,165,0,0,0,0,5,25,1,0,4,608011156,"7.12.3"
"C29115",1,"NXS10820014HH1",2025-06-11,-1,1,2,312,-1,1,0,1,0,236,25,0,0,1,608011156,"7.12.3"
"C29118",1,"NXS13517172HH1",2024-10-31,-1,1,2,207,-1,0,9,1,0,5,25,0,0,1,608011156,"7.12.3"
"C29124",1,"NXS13517221HH1",2024-11-02,-1,1,2,98,-1,0,0,0,0,5,25,0,0,1,608011156,"7.12.3"
"C29127",1,"NXS13517193HH1",2024-10-31,-1,1,2,98,-1,0,0,0,0,5,25,0,0,1,608011156,"7.12.3"
"C29130",1,"NBN10518401HH1",2025-02-04,-1,5,2,99,68,0,0,0,0,245,25,0,0,1,608011156,"7.12.3"
"C29133",1,"NXS11117139HH1",2024-10-26,-1,1,2,207,278,0,0,1,0,15,25,0,0,1,608011156,"7.12.3"
"C29136",2,"NXS13817362HH5",2024-11-14,-1,1,2,422,-1,0,0,1,0,16,25,1,1,1,608011156,"7.12.3"
"C29163",1,"NXS13517035HH1",2024-10-19,-1,1,2,302,-1,0,0,1,2,247,25,0,0,1,608011156,"7.12.3"
"C29166",1,"NXS13516677HH1",2024-09-26,-1,1,2,99,-1,0,9,1,0,3,24,0,0,1,608011156,"7.12.3"
"C29172",1,"NXS13516987HH1",2024-10-17,-1,1,2,98,-1,0,9,1,0,5,18,0,0,1,608011156,"7.12.3"
"C29175",1,"NXS13516988HH1",2024-10-17,-1,1,2,98,-1,0,9,1,0,3,18,0,0,1,608011156,"7.12.3"
"C29178",2,"NXS11117308HH4",2024-11-10,-1,1,2,313,376,0,0,1,2,5,25,1,0,1,608011156,"7.12.3"
"C29187",1,"NXS13517080HH1",2024-10-21,-1,1,2,99,-1,0,9,1,0,1,25,0,0,1,608011156,"7.12.3"
"C29190",1,"NXS11317322HH1",2024-11-11,-1,1,2,423,-1,0,0,0,0,46,25,0,0,1,608011156,"7.12.3"
"C29193",1,"RRH15617932HH1",2024-12-28,-1,1,5,410,-1,0,0,1,0,3,55,0,0,4,608011156,"7.12.3"
"C29196",1,"NXS11318598HH1",2024-11-11,-1,5,2,313,84,0,1,1,2,5,25,0,0,1,608011156,"7.12.3"
"C29202",2,"RRH13118568HH4",2025-02-16,-1,1,5,420,-1,0,0,1,2,5,25,1,1,4,608011156,"7.12.3"
"C29214",1,"NXS11417815HH1",2024-12-19,-1,1,2,423,221,0,1,1,0,5,25,0,0,1,608011156,"7.12.3"
"C29220",1,"NXS12717816HH1",2024-12-19,-1,1,2,207,-1,0,0,0,0,56,25,0,0,1,608011156,"7.12.3"
"C29223",2,"NXS10221010HH3",2025-08-07,-1,1,2,99,22,0,0,0,2,5,25,1,0,1,608011156,"7.12.3"
"C29232",1,"TRN11817388HH1",2024-11-16,-1,1,3,420,-1,1,0,1,0,5,25,0,0,2,608011156,"7.12.3"
"C29238",1,"NXS12717389HH1",2024-11-16,-1,1,2,313,467,0,1,1,2,5,25,0,0,1,608011156,"7.12.3"
"C29241",3,"TRN11717479HH1",2024-11-23,-1,1,3,215,-1,0,9,1,0,356,-1,0,0,2,608011156,"7.12.3"
"C29244",3,"TRN11717274HH1",2024-11-08,-1,1,3,207,-1,0,9,1,0,5,-1,0,0,2,608011156,"7.12.3"
"C29247",1,"NXS13517527HH1",2024-11-28,-1,5,2,99,355,1,1,1,2,5,55,0,0,1,608011156,"7.12.3"
"C29250",1,"NXS13516381HH1",2024-08-29,-1,1,2,98,-1,0,0,1,2,5,25,0,0,1,608011156,"7.12.3"
"C29253",2,"NXS10217392HH3",2024-11-16,-1,1,2,410,297,0,0,0,1,3,25,1,0,1,608011156,"7.12.3"
"C29265",2,"NXS10217399HH2",2024-11-16,-1,1,2,312,-1,0,0,1,2,5,25,1,0,1,608011156,"7.12.3"
"C29274",1,"RRH13218574HH1",2025-02-16,-1,1,5,410,-1,0,1,1,0,5,25,0,0,4,608011156,"7.12.3"
"C29283",1,"NXS11117383HH1",2024-11-16,-1,1,2,116,-1,0,0,1,1,3,25,0,0,1,608011156,"7.12.3"
"C29286",1,"NXS14717347HH1",2024-11-14,-1,1,2,420,-1,1,0,0,0,3,25,0,0,1,608011156,"7.12.3"
"C29289",2,"RRH13217409HH3",2024-11-17,-1,1,5,410,-1,0,0,0,1,3,25,1,0,4,608011156,"7.12.3"
"C29295",2,"NXS11118224HH3",2025-01-18,-1,1,2,99,-1,0,0,1,2,5,25,0,0,1,608011156,"7.12.3"
"C29307",1,"RRH16216740HH1",2024-10-04,-1,1,5,410,-1,0,0,1,0,5,25,0,0,4,608011156,"7.12.3"
"C29310",2,"RRH16216958HH7",2024-10-14,-1,1,5,410,-1,0,0,1,2,1,25,1,1,4,608011156,"7.12.3"
"C29334",1,"NXS11317377HH1",2024-11-15,-1,1,2,207,243,0,4,0,0,5,25,0,0,1,608011156,"7.12.3"
"C29337",1,"NXS10719074HH1",2025-04-01,-1,1,2,98,283,0,9,1,0,2,25,0,0,1,608011156,"7.12.3"
"C29340",2,"RRH13117209HH3",2024-11-01,-1,1,5,410,-1,0,0,1,1,5,25,1,0,4,608011156,"7.12.3"
"C29349",1,"RRH15618046HH1",2025-01-06,-1,1,5,422,-1,0,1,1,0,5,55,0,0,4,608011156,"7.12.3"
"C29352",1,"NXS11317346HH1",2024-11-14,-1,1,2,313,-1,0,0,1,0,3,25,0,0,1,608011156,"7.12.3"
"C29355",1,"NXS14717415HH1",2024-11-17,-1,1,2,410,-1,1,0,0,0,5,55,0,0,1,608011156,"7.12.3"
"C29358",1,"NXS14717378HH1",2024-11-15,-1,1,2,99,229,0,0,0,2,5,25,0,0,1,608011156,"7.12.3"
"C29361",1,"NXS11318595HH1",2025-02-17,-1,1,2,422,-1,0,1,1,0,13,25,0,0,1,608011156,"7.12.3"
"C29364",2,"RRH13118242HH4",2025-01-19,-1,1,5,410,279,0,0,1,2,56,25,1,1,4,608011156,"7.12.3"
"C29376",1,"NXS14717443HH1",2024-11-20,-1,1,2,312,-1,0,0,1,2,5,25,0,0,1,608011156,"7.12.3"
"C29379",1,"NXS14717380HH1",2024-11-16,-1,1,2,312,-1,0,0,1,2,3,25,0,0,1,608011156,"7.12.3"
"C29382",1,"RRH15618275HH1",2024-11-18,-1,5,5,422,201,0,0,1,0,3,25,0,0,5,608011156,"7.12.3"
"C29385",1,"NXS14717690HH1",2024-12-08,-1,1,2,422,-1,0,0,1,0,7,55,0,0,1,608011156,"7.12.3"
"C29388",2,"NXS11117429HH3",2024-11-18,-1,1,2,410,456,0,0,0,2,5,25,1,0,1,608011156,"7.12.3"
"C29403",2,"NXS10217174HH4",2024-10-31,-1,1,2,422,-1,0,0,0,3,3,25,1,1,1,608011156,"7.12.3"
"C29421",1,"NXS14717470HH1",2024-11-22,-1,1,2,422,-1,0,0,1,0,5,25,0,0,1,608011156,"7.12.3"
"C29424",1,"NXS12718324HH1",2025-01-26,-1,1,2,423,-1,0,0,1,1,5,25,0,0,1,608011156,"7.12.3"
"C29427",1,"NXS14717446HH1",2024-11-21,-1,1,2,312,218,0,0,1,0,5,25,0,0,1,608011156,"7.12.3"
"C29430",1,"NXS14717447HH1",2024-11-21,-1,1,2,313,-1,0,0,0,0,5,24,0,0,1,608011156,"7.12.3"
"C29445",2,"NXS10220075HH2",2025-06-14,-1,1,2,410,-1,0,0,0,0,3,18,1,0,1,608011156,"7.12.3"
"C29451",1,"NBN10518213HH1",2025-01-07,-1,5,2,99,203,0,0,0,0,16,25,0,0,1,608011156,"7.12.3"
"C29457",1,"NXS13517110HH1",2024-10-24,-1,1,2,431,-1,0,0,0,0,3,25,0,0,1,608011156,"7.12.3"
"C29460",1,"NXS13517109HH1",2024-10-24,-1,1,2,431,-1,0,0,1,0,5,25,0,0,1,608011156,"7.12.3"
"C29463",1,"NBN10518721HH1",2025-03-01,-1,1,2,99,-1,0,0,0,0,3,24,0,0,1,608011156,"7.12.3"
"C29469",1,"NXS11419295HH1",2025-04-18,-1,1,2,312,390,0,0,1,0,15,55,0,0,1,608011156,"7.12.3"
"C29472",1,"NXS13516711HH1",2024-09-28,-1,1,2,99,-1,0,0,0,0,3,25,0,0,1,608011156,"7.12.3"
"C29475",1,"NXS13517379HH1",2024-11-15,-1,1,2,98,-1,0,0,0,0,24,25,0,0,1,608011156,"7.12.3"
"C29484",1,"NXS11017493HH1",2024-11-24,-1,1,2,422,-1,0,0,1,2,25,25,0,0,1,608011156,"7.12.3"
"C29493",1,"NXS14717982HH1",2025-01-01,-1,1,2,410,-1,0,1,1,2,3,25,0,0,1,608011156,"7.12.3"
"C29496",2,"NXS10217490HH2",2024-11-24,-1,1,2,313,-1,0,0,0,0,3,25,1,0,1,608011156,"7.12.3"
"C29505",1,"NXS10617485HH1",2024-11-23,-1,1,2,420,183,0,0,0,0,5,25,0,0,1,608011156,"7.12.3"
"C29508",1,"NXS10617440HH1",2024-11-19,-1,1,2,98,-1,0,0,0,0,27,18,0,0,1,608011156,"7.12.3"
"C29511",1,"NXS10617441HH1",2024-11-19,-1,1,2,98,-1,0,0,0,0,3,18,0,0,1,608011156,"7.12.3"
"C29514",2,"NXS10217459HH3",2024-11-22,-1,1,2,313,314,0,0,1,0,5,25,1,0,1,608011156,"7.12.3"
"C29523",1,"NXS12718092HH1",2025-01-10,-1,1,2,313,-1,0,0,0,0,56,25,0,0,1,608011156,"7.12.3"
"C29526",1,"NXS10617463HH1",2024-11-22,-1,1,2,312,-1,0,0,0,0,3,25,0,0,1,608011156,"7.12.3"
"C29529",2,"NXS10617327HH2",2024-11-12,-1,1,2,410,-1,0,0,0,2,3,25,1,0,1,608011156,"7.12.3"
"C29535",1,"NXS10617462HH1",2024-11-22,-1,1,2,313,110,0,0,0,1,5,25,0,0,1,608011156,"7.12.3"
"C29538",1,"NXS10619954HH1",2025-06-06,-1,1,2,99,-1,0,0,1,0,3,55,0,0,1,608011156,"7.12.3"
"C29541",1,"NXS11320365HH1",2025-07-02,-1,1,2,313,-1,0,1,1,0,36,25,0,0,1,608011156,"7.12.3"
"C29544",1,"NXS11017509HH1",2024-11-25,-1,1,2,312,-1,0,0,1,0,5,25,0,0,1,608011156,"7.12.3"
"C29547",1,"NXS11317475HH1",2024-11-23,-1,1,2,313,-1,0,1,1,0,3,25,0,0,1,608011156,"7.12.3"
"C29550",1,"NXS11317477HH1",2024-11-23,-1,1,2,99,-1,1,0,1,0,5,55,0,0,1,608011156,"7.12.3"
"C29553",1,"NXS14718000HH1",2025-01-03,-1,1,2,422,-1,0,0,0,0,5,25,0,0,1,608011156,"7.12.3"
"C29559",1,"NXS11318581HH1",2025-02-17,-1,1,2,420,-1,1,0,1,0,46,55,0,0,1,608011156,"7.12.3"
"C29562",1,"RRH16120039HH1",2024-11-28,-1,5,7,433,-1,0,4,0,0,3,55,0,0,4,608011156,"7.12.3"
"C29568",1,"RRH13117838HH1",2024-12-20,-1,1,5,410,-1,0,0,0,0,3,25,0,0,4,608011156,"7.12.3"
"C29583",2,"NXS15117619HH2",2024-12-03,-1,1,2,410,-1,0,0,0,2,15,25,1,0,1,608011156,"7.12.3"
"C29586",1,"NXS10617555HH1",2024-11-29,-1,1,2,99,369,0,0,0,0,3,25,0,0,1,608011156,"7.12.3"
"C29589",1,"NXS13517556HH2",2024-11-29,-1,1,2,422,193,0,0,1,0,5,25,0,0,1,608011156,"7.12.3"
"C29592",1,"NXS11317499HH1",2024-11-24,-1,1,2,101,-1,0,1,1,0,5,25,0,0,1,608011156,"7.12.3"
"C29595",1,"NXS11317521HH1",2024-11-27,-1,1,2,99,-1,0,0,1,0,3,18,0,0,1,608011156,"7.12.3"
"C29598",1,"NXS11317540HH1",2024-11-28,-1,1,2,410,-1,0,0,0,2,3,25,0,0,1,608011156,"7.12.3"
"C29601",1,"NXS11117515HH1",2024-11-26,-1,1,2,312,-1,0,0,0,0,5,25,0,0,1,608011156,"7.12.3"
"C29604",1,"RRH13217756HH1",2024-12-14,-1,1,5,410,-1,0,0,0,2,5,25,0,0,4,608011156,"7.12.3"
"C29607",1,"RRH15817570HH1",2024-11-30,-1,1,7,99,347,1,1,1,0,5,55,0,0,5,608011156,"7.12.3"
"C29610",1,"NBN10517576HH1",2024-12-04,-1,1,2,99,-1,0,0,0,0,3,18,0,0,1,608011156,"7.12.3"
"C29613",1,"RRH15617954HH1",2024-12-29,-1,1,5,329,-1,0,0,1,0,98,25,0,0,4,608011156,"7.12.3"
"C29616",1,"NXS14717498HH1",2024-11-24,-1,1,2,99,266,0,1,1,0,3,55,0,0,1,608011156,"7.12.3"
"C29619",1,"NXS10616929HH1",2024-10-12,-1,1,2,314,495,0,0,1,0,5,25,0,0,1,608011156,"7.12.3"
"C29622",2,"NXS10217563HH3",2024-11-29,-1,1,2,313,-1,0,0,0,1,5,25,1,0,1,608011156,"7.12.3"
"C29631",3,"TRN11717901HH1",2024-12-27,-1,1,3,314,-1,0,0,1,0,125,-1,0,0,2,608011156,"7.12.3"
"C29634",1,"RRH15417721HH1",2024-12-12,-1,1,5,99,-1,0,0,1,1,5,18,0,0,4,608011156,"7.12.3"
"C29637",1,"RRH12317665HH3",2024-12-06,-1,1,5,419,-1,1,0,1,0,5,25,1,0,4,608011156,"7.12.3"
"C29646",1,"NXS10617582HH1",2024-12-01,-1,1,2,99,249,0,0,0,0,3,24,0,0,1,608011156,"7.12.3"
"C29649",1,"NXS10817533HH1",2024-11-28,-1,1,2,410,-1,0,0,1,0,126,25,0,0,1,608011156,"7.12.3"
"C29652",1,"RRH15718321HH1",2025-01-26,-1,1,7,423,-1,0,0,0,0,3,18,0,0,4,608011156,"7.12.3"
"C29655",1,"NXS10220133HH2",2025-06-19,-1,1,2,99,-1,0,0,0,0,3,25,0,0,1,608011156,"7.12.3"
"C29658",1,"NXS12917302HH1",2024-11-09,-1,1,2,98,-1,0,0,1,0,5,55,0,0,1,608011156,"7.12.3"
"C29673",1,"NXS12915722HH1",2024-06-19,-1,1,2,205,-1,0,0,1,0,5,55,0,0,1,608011156,"7.12.3"
"C29682",1,"NXS12916902HH1",2024-10-11,-1,1,2,98,-1,1,0,1,0,134,25,0,0,1,608011156,"7.12.3"
"C29700",1,"NXS13517769HH1",2024-12-15,-1,1,2,423,-1,0,9,0,0,5,25,0,0,1,608011156,"7.12.3"
"C29706",1,"NXS12915938HH1",2024-07-15,-1,1,2,314,-1,0,0,0,0,5,25,0,0,1,608011156,"7.12.3"
"C29709",3,"NXS12917089HH1",2024-10-22,-1,1,2,99,-1,0,0,0,0,3,-1,0,0,1,608011156,"7.12.3"
"C29712",1,"NXS12916718HH1",2024-09-30,-1,1,2,99,-1,0,0,0,0,5,25,0,0,1,608011156,"7.12.3"
"C29718",1,"NXS12915971HH1",2024-07-19,-1,1,2,99,17,0,9,0,0,5,25,0,0,1,608011156,"7.12.3"
"C29724",2,"NXS10217546HH2",2024-11-28,-1,1,2,312,-1,0,0,0,1,146,24,1,0,1,608011156,"7.12.3"
"C29736",1,"NXS12915540HH1",2024-05-24,-1,1,2,99,-1,0,4,0,0,147,25,0,0,1,608011156,"7.12.3"
"C29739",1,"NXS12916148HH1",2024-08-04,-1,1,2,422,375,0,0,0,0,5,25,0,0,1,608011156,"7.12.3"
"C29748",1,"NXS12916133HH1",2024-08-02,-1,1,2,314,-1,0,0,0,0,5,55,0,0,1,608011156,"7.12.3"
"C29751",1,"NXS12917108HH1",2024-10-24,-1,1,2,422,-1,0,1,1,0,5,25,0,0,1,608011156,"7.12.3"
"C29757",1,"NXS12916069HH1",2024-07-28,-1,1,2,99,208,1,4,0,0,5,25,0,0,1,608011156,"7.12.3"
"C29766",1,"RRH15917861HH1",2024-12-22,-1,1,5,410,-1,0,1,1,0,5,25,0,0,4,608011156,"7.12.3"
"C29769",1,"NXS11120085HH1",2025-06-15,-1,4,2,116,-1,0,1,1,0,167,55,0,0,1,608011156,"7.12.3"
"C29778",1,"NXS10617627HH1",2024-12-05,-1,1,2,420,-1,0,0,0,2,5,25,0,0,1,608011156,"7.12.3"
"C29781",1,"NXS10617615HH1",2024-12-03,-1,1,2,98,-1,0,0,0,0,5,25,0,0,1,608011156,"7.12.3"
"C29784",1,"NXS12717878HH1",2024-12-24,-1,1,2,313,-1,0,0,0,0,3,25,0,0,1,608011156,"7.12.3"
"C29787",2,"NXS10217631HH4",2024-12-05,-1,1,2,313,-1,0,0,0,0,3,25,1,1,1,608011156,"7.12.3"
"C29814",1,"RRH14318150HH1",2024-12-02,-1,5,5,410,-1,0,0,1,2,5,25,0,0,5,608011156,"7.12.3"
"C29820",1,"RRH15817784HH1",2024-12-16,-1,1,5,420,-1,0,0,0,1,5,25,0,0,4,608011156,"7.12.3"
"C29823",1,"NXS14717654HH1",2024-12-06,-1,1,2,422,220,0,0,0,0,5,25,0,0,1,608011156,"7.12.3"
"C29826",1,"NXS14717624HH1",2024-12-04,-1,1,2,410,-1,0,0,1,0,245,55,0,0,1,608011156,"7.12.3"
"C29832",2,"NXS10219775HH4",2025-05-24,-1,1,2,99,-1,0,0,0,2,35,25,1,0,1,608011156,"7.12.3"
"C29841",1,"NBN10519166HH1",2024-12-01,-1,5,2,99,136,0,1,1,0,246,25,0,0,1,608011156,"7.12.3"
"C29844",2,"NXS10217699HH3",2024-12-09,-1,1,2,410,-1,0,0,0,0,5,25,1,0,1,608011156,"7.12.3"
"C29850",1,"NXS10920336HH1",2025-06-30,-1,1,2,98,-1,0,0,0,0,5,25,0,0,1,608011156,"7.12.3"
"C29856",1,"NXS10717700HH1",2024-12-09,-1,1,2,99,-1,0,9,0,0,56,25,0,0,1,608011156,"7.12.3"
"C29859",2,"RRH12317741HH3",2024-12-13,-1,1,5,410,-1,1,1,1,1,256,25,1,0,4,608011156,"7.12.3"
"C29868",1,"NXS11319289HH1",2025-04-17,-1,1,2,312,221,0,0,1,0,3,25,0,0,1,608011156,"7.12.3"
"C29877",1,"NXS10617658HH1",2024-12-06,-1,1,2,410,-1,0,0,1,0,257,55,0,0,1,608011156,"7.12.3"
"C29886",2,"NXS10617617HH2",2024-12-03,-1,1,2,98,419,0,0,0,0,56,24,1,0,1,608011156,"7.12.3"
"C29892",1,"NXS11320402HH1",2025-07-04,-1,1,2,312,90,0,0,0,0,267,25,0,0,1,608011156,"7.12.3"
"C29895",1,"NXS13517687HH1",2024-12-08,-1,1,2,99,-1,0,0,0,1,5,55,0,0,1,608011156,"7.12.3"
"C29898",1,"NXS13517689HH1",2024-12-08,-1,1,2,99,-1,0,0,1,1,5,55,0,0,1,608011156,"7.12.3"
"C29910",2,"NXS10217714HH4",2024-12-12,-1,1,2,99,-1,0,0,0,1,56,25,1,1,1,608011156,"7.12.3"
"C29922",1,"NXS13517722HH1",2024-12-12,-1,4,2,314,-1,0,1,1,2,5,25,0,0,1,608011156,"7.12.3"
"C29925",1,"RRH12317996HH1",2025-01-03,-1,1,5,410,-1,1,0,1,0,347,55,0,0,4,608011156,"7.12.3"
"C29928",1,"RRH15618430HH1",2025-02-03,-1,1,5,410,-1,0,0,0,0,3,25,0,0,4,608011156,"7.12.3"
"C29931",1,"NXS12917744HH1",2024-12-13,-1,1,2,99,-1,0,0,1,0,5,25,0,0,1,608011156,"7.12.3"
"C29934",1,"NXS10617729HH1",2024-12-12,-1,1,2,314,203,0,0,0,0,356,25,0,0,1,608011156,"7.12.3"
"C29940",2,"NXS10217715HH3",2024-12-12,-1,1,2,313,-1,0,0,0,0,357,25,1,0,1,608011156,"7.12.3"
"C29949",1,"NXS11117748HH1",2024-12-13,-1,1,2,410,-1,0,0,0,2,5,25,0,0,1,608011156,"7.12.3"
"C29952",1,"NXS11321117HH1",2025-08-12,-1,3,2,422,33,0,0,0,2,56,55,0,0,1,608011156,"7.12.3"
"C29955",2,"NXS10317812HH3",2024-12-19,-1,1,2,422,367,0,0,0,2,367,25,1,0,1,608011156,"7.12.3"
"C29970",1,"NXS10717692HH1",2024-12-09,-1,1,2,98,-1,0,0,0,1,36,25,0,0,1,608011156,"7.12.3"
"C29973",1,"RRH12118086HH1",2025-01-09,-1,1,5,434,-1,0,9,1,2,5,25,0,0,4,608011156,"7.12.3"
"C29991",1,"RRH15818469HH1",2025-02-08,-1,1,5,410,-1,0,9,1,2,5,55,0,0,4,608011156,"7.12.3"
"C29994",1,"NXS12717668HH1",2024-12-07,-1,1,2,313,-1,0,0,0,0,3,25,0,0,1,608011156,"7.12.3"
"C29997",1,"NXS14717759HH1",2024-12-14,-1,1,2,423,-1,0,0,0,0,5,25,0,0,1,608011156,"7.12.3"
"C30000",1,"NXS14717694HH1",2024-12-09,-1,1,2,410,-1,0,0,0,0,567,25,0,0,1,608011156,"7.12.3"
"C30003",1,"NXS14717760HH1",2024-12-14,-1,1,2,313,-1,0,0,0,0,5,25,0,0,1,608011156,"7.12.3"
"C30006",1,"NXS11318579HH1",2025-02-17,-1,1,2,422,-1,0,1,1,1,5,25,0,0,1,608011156,"7.12.3"
"C30021",1,"RRH12318123HH1",2025-01-04,-1,5,5,410,370,1,9,1,0,3,25,0,0,6,608011156,"7.12.3"
"C30024",2,"NXS10217771HH2",2024-12-15,-1,1,2,99,-1,0,0,0,0,3,25,0,0,1,608011156,"7.12.3"
"C30036",2,"NXS10617731HH2",2024-12-12,-1,1,2,423,-1,0,0,1,0,35,24,1,0,1,608011156,"7.12.3"
"C30042",1,"RRH16017987HH1",2025-01-02,-1,1,5,434,-1,0,0,1,2,56,55,0,0,4,608011156,"7.12.3"
"C30048",1,"NBN10517795HH1",2024-12-19,-1,1,2,99,-1,0,0,1,0,1,25,0,0,1,608011156,"7.12.3"
"C30051",1,"NXS13517798HH1",2024-12-18,-1,1,2,98,296,0,1,1,2,5,25,0,0,1,608011156,"7.12.3"
"C30054",1,"NXS11117787HH1",2024-12-16,-1,1,2,116,-1,0,4,0,0,5,25,0,0,1,608011156,"7.12.3"
"C30057",1,"NXS11117940HH1",2024-12-28,-1,1,2,98,-1,0,4,0,2,5,18,0,0,1,608011156,"7.12.3"
"C30060",1,"RRH12318054HH1",2025-01-06,-1,1,5,420,-1,1,0,1,0,6,55,0,0,4,608011156,"7.12.3"
"C30078",1,"NXS11017809HH1",2024-12-19,-1,1,2,98,-1,0,0,1,1,7,25,0,0,1,608011156,"7.12.3"
"C30096",1,"NXS10817736HH1",2024-12-12,-1,1,2,410,-1,0,0,1,0,3,55,0,0,1,608011156,"7.12.3"
"C30108",1,"NXS14717801HH1",2024-12-18,-1,1,2,207,-1,0,4,0,0,5,25,0,0,1,608011156,"7.12.3"
"C30111",2,"NXS10217831HH6",2024-12-20,-1,1,2,99,-1,0,0,1,0,3,25,1,1,1,608011156,"7.12.3"
"C30132",1,"NXS12917827HH1",2024-12-20,-1,1,2,99,-1,0,0,0,0,5,18,0,0,1,608011156,"7.12.3"
"C30135",1,"NXS11317820HH1",2024-12-20,-1,1,2,313,295,0,0,0,0,17,25,0,0,1,608011156,"7.12.3"
"C30138",1,"NXS11317821HH1",2024-12-20,-1,1,2,313,-1,0,0,1,2,5,25,0,0,1,608011156,"7.12.3"
"C30150",1,"NXS10817765HH1",2024-12-15,-1,1,2,419,-1,1,0,1,0,5,55,0,0,1,608011156,"7.12.3"
"C30153",1,"RRH13218308HH1",2025-01-17,-1,5,5,420,-1,0,9,1,0,3,55,0,0,5,608011156,"7.12.3"
"C30159",1,"NXS11117890HH1",2024-12-26,-1,1,2,98,179,0,0,1,2,26,25,0,0,1,608011156,"7.12.3"
"C30162",2,"RRH13217957HH2",2024-12-30,-1,1,5,422,-1,0,0,1,2,5,25,1,0,4,608011156,"7.12.3"
"C30168",1,"NXS10617823HH1",2024-12-20,-1,1,2,98,-1,0,0,0,0,27,55,0,0,1,608011156,"7.12.3"
"C30171",2,"NXS10217843HH2",2024-12-21,-1,1,2,312,-1,0,0,0,1,34,25,1,0,1,608011156,"7.12.3"
"C30192",1,"NXS10617879HH1",2024-12-24,-1,1,2,98,-1,0,0,1,2,5,25,0,0,1,608011156,"7.12.3"
"C30198",1,"NXS12717790HH1",2024-12-16,-1,1,2,313,-1,0,0,0,0,36,25,0,0,1,608011156,"7.12.3"
"C30201",1,"NXS12717845HH1",2024-12-21,-1,1,2,116,242,0,1,1,0,3,25,0,0,1,608011156,"7.12.3"
"C30204",1,"NXS10918285HH1",2024-12-23,-1,5,2,422,16,0,0,0,1,5,25,0,0,1,608011156,"7.12.3"
"C30207",1,"NXS10719077HH1",2025-04-02,-1,1,2,99,-1,0,0,0,1,3,55,0,0,1,608011156,"7.12.3"
"C30210",2,"NXS11017874HH2",2024-12-23,-1,1,2,313,-1,0,0,0,0,15,25,1,0,1,608011156,"7.12.3"
"C30216",1,"RRH12318078HH1",2024-12-30,-1,5,5,410,-1,1,0,0,0,5,25,0,0,7,608011156,"7.12.3"
"C30219",1,"RRH15817962HH1",2024-12-30,-1,1,5,420,-1,0,1,1,0,5,55,0,0,4,608011156,"7.12.3"
"C30222",1,"NBN10517976HH1",2024-12-18,-1,5,2,99,34,0,0,1,0,25,25,0,0,1,608011156,"7.12.3"
"C30225",1,"NXS10617840HH1",2024-12-21,-1,1,2,420,-1,0,0,1,1,5,55,0,0,1,608011156,"7.12.3"
"C30228",2,"NXS10217924HH3",2024-12-27,-1,1,2,410,-1,0,0,0,0,3,25,1,0,1,608011156,"7.12.3"
"C30237",2,"NXS10617804HH2",2024-12-18,-1,1,2,312,-1,0,0,0,1,56,25,1,0,1,608011156,"7.12.3"
"C30243",2,"NXS10217927HH3",2024-12-27,-1,1,2,99,325,0,0,0,2,3,24,1,0,1,608011156,"7.12.3"
"C30252",2,"NXS10217917HH2",2024-12-27,-1,1,2,423,-1,0,0,0,0,3,25,1,0,1,608011156,"7.12.3"
"C30258",2,"NXS10217919HH5",2024-12-27,-1,1,2,410,-1,0,0,0,0,3,25,0,1,1,608011156,"7.12.3"
"C30276",1,"NXS11317866HH1",2024-12-22,-1,1,2,423,-1,0,0,1,0,5,25,0,0,1,608011156,"7.12.3"
"C30279",1,"NXS13517872HH1",2024-12-23,-1,1,2,422,386,0,0,1,0,5,55,0,0,1,608011156,"7.12.3"
"C30282",1,"RRH12318095HH1",2025-01-10,-1,1,5,410,-1,1,0,1,0,67,55,0,0,4,608011156,"7.12.3"
"C30288",1,"NXS10217907HH1",2024-12-27,-1,1,2,423,-1,0,0,1,1,3,25,0,0,1,608011156,"7.12.3"
"C30294",1,"NXS14717880HH1",2024-12-24,-1,1,2,410,-1,0,0,0,0,56,25,0,0,1,608011156,"7.12.3"
"C30297",1,"NXS11318672HH1",2025-02-23,-1,1,2,423,-1,0,0,0,0,5,25,0,0,1,608011156,"7.12.3"
"C30300",1,"NXS14717885HH1",2024-12-25,-1,1,2,313,-1,0,0,1,1,3,18,0,0,1,608011156,"7.12.3"
"C30303",1,"RRH13218276HH1",2025-01-23,-1,1,5,410,-1,0,0,0,0,5,55,0,0,4,608011156,"7.12.3"
"C30306",1,"NXS10917935HH1",2024-12-28,-1,1,2,312,75,0,4,0,0,5,25,0,0,1,608011156,"7.12.3"
"C30309",1,"NXS11318562HH1",2025-02-16,-1,1,2,314,-1,0,0,0,0,124,25,0,0,1,608011156,"7.12.3"
"C30312",1,"RRH12317944HH1",2024-11-09,-1,5,5,428,380,1,1,1,0,5,25,0,0,7,608011156,"7.12.3"
"C30315",1,"NXS11420083HH1",2025-06-15,-1,1,2,207,-1,0,0,0,0,125,55,0,0,1,608011156,"7.12.3"
"C30336",1,"NXS10617960HH1",2024-12-30,-1,1,2,420,-1,0,0,0,0,5,55,0,0,1,608011156,"7.12.3"
"C30339",1,"NXS10617980HH1",2024-12-31,-1,1,2,204,-1,0,0,0,0,1,25,0,0,1,608011156,"7.12.3"
"C30348",1,"TRN10417867HH1",2024-12-22,-1,1,3,410,-1,0,0,1,0,5,25,0,0,2,608011156,"7.12.3"
"C30378",1,"RRH15618212HH1",2025-01-17,-1,1,5,434,-1,0,0,1,0,5,55,0,0,4,608011156,"7.12.3"
"C30381",1,"NXS14717981HH1",2025-01-01,-1,1,2,313,-1,0,0,0,0,3,25,0,0,1,608011156,"7.12.3"
"C30384",1,"RRH15618546HH1",2024-12-31,-1,5,5,423,240,0,0,1,0,5,55,0,0,5,608011156,"7.12.3"
"C30390",1,"NXS14717942HH1",2024-12-29,-1,1,2,410,183,0,0,0,1,3,25,0,0,1,608011156,"7.12.3"
"C30393",1,"NXS14717943HH1",2024-12-29,-1,1,2,312,-1,0,0,1,0,98,24,0,0,1,608011156,"7.12.3"
"C30399",2,"RRH12418108HH2",2025-01-10,-1,1,5,422,-1,1,4,0,0,3,25,1,0,4,608011156,"7.12.3"
"C30402",1,"NXS12918015HH1",2025-01-04,-1,1,2,99,103,0,0,0,0,147,18,0,0,1,608011156,"7.12.3"
"C30408",2,"NXS10219701HH4",2025-05-18,-1,1,2,98,20,0,0,1,2,56,25,1,1,1,608011156,"7.12.3"
"C30423",1,"NXS14717752HH1",2024-12-13,-1,1,2,205,-1,0,0,0,0,5,25,0,0,1,608011156,"7.12.3"
"C30426",1,"NXS14718011HH1",2025-01-04,-1,1,2,312,-1,0,0,1,0,3,25,0,0,1,608011156,"7.12.3"
"C30429",2,"NXS10218017HH2",2025-01-05,-1,1,2,313,-1,0,0,0,0,3,18,1,0,1,608011156,"7.12.3"
"C30435",1,"NXS10918020HH1",2025-01-05,-1,1,2,423,141,0,0,0,0,157,25,0,0,1,608011156,"7.12.3"
"C30441",2,"RRH15818122HH2",2025-01-12,-1,1,7,99,-1,0,0,0,0,5,25,1,0,4,608011156,"7.12.3"
"C30447",1,"NBN10518050HH1",2025-01-06,-1,1,2,99,-1,0,0,1,0,36,55,0,0,1,608011156,"7.12.3"
"C30450",1,"RRH13218701HH1",2025-02-27,-1,1,5,423,-1,0,1,1,1,234,24,0,0,4,608011156,"7.12.3"
"C30456",1,"RRH12318125HH1",2025-01-12,-1,1,7,99,189,1,0,1,0,5,25,0,0,4,608011156,"7.12.3"
"C30459",1,"NXS15118031HH1",2025-01-06,-1,1,2,313,215,0,9,0,0,235,25,0,0,1,608011156,"7.12.3"
"C30465",2,"NXS10218071HH7",2025-01-09,-1,1,2,410,-1,0,0,1,0,3,25,1,1,1,608011156,"7.12.3"
"C30471",3,"NXS10218118HH1",2025-01-11,-1,1,2,99,-1,0,0,0,0,3,-1,0,0,1,608011156,"7.12.3"
"C30489",1,"TRN11818127HH1",2025-01-12,-1,1,3,420,-1,1,4,0,0,5,25,0,0,2,608011156,"7.12.3"
"C30498",2,"NXS10218083HH2",2025-01-09,-1,1,2,314,211,0,0,0,2,5,25,1,0,1,608011156,"7.12.3"
"C30507",2,"NXS10218096HH2",2025-01-10,-1,1,2,423,-1,0,0,0,2,3,24,1,0,1,608011156,"7.12.3"
"C30513",2,"NXS10218098HH3",2025-01-10,-1,1,2,410,-1,0,0,0,1,3,25,1,0,1,608011156,"7.12.3"
"C30522",1,"NXS11318043HH1",2025-01-06,-1,1,2,313,-1,0,0,1,0,247,25,0,0,1,608011156,"7.12.3"
"C30525",1,"NXS11318058HH1",2025-01-07,-1,1,2,313,-1,0,1,1,1,5,25,0,0,1,608011156,"7.12.3"
"C30528",1,"HAV13720655HH1",2025-07-12,-1,5,4,116,144,1,1,1,2,5,25,0,0,1,608011156,"7.12.3"
"C30531",1,"NXS11318025HH1",2025-01-05,-1,1,2,410,-1,0,0,0,0,3,25,0,0,1,608011156,"7.12.3"
"C30534",1,"NXS11318066HH1",2025-01-08,-1,1,2,423,-1,1,0,0,0,3,55,0,0,1,608011156,"7.12.3"
"C30537",1,"NXS10617986HH1",2025-01-02,-1,1,2,313,-1,0,0,1,2,5,55,0,0,1,608011156,"7.12.3"
"C30540",1,"NXS10618065HH1",2025-01-08,-1,1,2,99,-1,0,0,0,0,3,55,0,0,1,608011156,"7.12.3"
"C30546",1,"NXS10619426HH1",2025-04-28,-1,1,2,98,-1,0,0,1,1,3,25,0,0,1,608011156,"7.12.3"
"C30546",2,"NXS10318110HH3",2025-01-10,-1,1,2,101,-1,0,0,1,2,3,25,1,0,1,608011156,"7.12.3"
"C30561",1,"RRH12318187HH1",2025-01-16,-1,1,5,410,-1,1,9,1,2,5,55,0,0,4,608011156,"7.12.3"
"C30564",1,"NXS11118003HH2",2025-01-03,-1,1,2,99,482,0,0,0,0,5,25,0,0,1,608011156,"7.12.3"
"C30576",2,"RRH13118747HH2",2025-03-02,-1,1,5,312,-1,0,0,1,2,5,25,1,0,4,608011156,"7.12.3"
"C30582",1,"TRN10418129HH1",2025-01-12,-1,1,3,99,-1,0,0,1,0,5,25,0,0,2,608011156,"7.12.3"
"C30594",1,"NXS11118292HH2",2025-01-24,-1,1,2,423,-1,1,0,1,0,5,24,0,0,1,608011156,"7.12.3"
"C30597",1,"RRH15817663HH1",2024-12-06,-1,1,7,410,-1,1,0,0,0,5,55,0,0,4,608011156,"7.12.3"
"C30600",1,"NXS10819381HH1",2025-04-25,-1,1,2,99,162,0,4,0,0,5,25,0,0,1,608011156,"7.12.3"
"C30609",1,"NXS13518151HH2",2025-01-13,-1,1,2,99,-1,0,0,0,0,45,25,0,0,1,608011156,"7.12.3"
"C30615",2,"RSO15218176HH8",2025-01-16,-1,1,9,410,-1,0,0,0,0,56,25,1,1,12,608011156,"7.12.3"
"C30639",2,"NXS11118184HH3",2025-01-16,-1,1,2,313,-1,0,0,1,0,5,24,1,0,1,608011156,"7.12.3"
"C30648",1,"NXS13818165HH2",2025-01-16,-1,1,2,423,242,0,0,1,0,5,25,0,0,1,608011156,"7.12.3"
"C30654",1,"TRN10418169HH1",2025-01-16,-1,1,3,422,-1,0,0,1,0,5,25,0,0,2,608011156,"7.12.3"
"C30660",1,"NXS15118170HH1",2025-01-16,-1,1,2,313,-1,0,0,1,2,5,25,0,0,1,608011156,"7.12.3"
"C30663",1,"RRH15818314HH1",2025-01-25,-1,1,5,410,-1,0,9,1,2,1,25,0,0,4,608011156,"7.12.3"
"C30666",1,"RRH14018417HH1",2025-02-02,-1,1,5,420,-1,0,0,0,0,5,25,0,0,4,608011156,"7.12.3"
"C30666",2,"NXS10219556HH2",2025-05-09,-1,1,2,420,-1,0,0,0,0,5,25,1,0,1,608011156,"7.12.3"
"C30669",1,"NXS10918214HH1",2025-01-17,-1,1,2,423,-1,0,0,0,0,5,25,0,0,1,608011156,"7.12.3"
"C30678",1,"NXS11318132HH1",2025-01-12,-1,1,2,422,-1,0,0,1,0,3,18,0,0,1,608011156,"7.12.3"
"C30681",1,"RRH15518418HH1",2025-02-02,-1,1,5,101,-1,0,0,1,0,5,55,0,0,4,608011156,"7.12.3"
"C30684",1,"NXS11018203HH1",2025-01-17,-1,1,2,422,46,0,0,1,2,5,18,0,0,1,608011156,"7.12.3"
"C30687",1,"NXS14718135HH1",2025-01-12,-1,1,2,313,525,0,0,1,0,5,25,0,0,1,608011156,"7.12.3"
"C30690",1,"NXS11318160HH1",2025-01-15,-1,1,2,422,-1,1,9,1,0,5,55,0,0,1,608011156,"7.12.3"
"C30693",3,"TRN11718156HH1",2025-01-14,-1,1,3,99,-1,0,9,1,0,5,-1,0,0,2,608011156,"7.12.3"
"C30696",1,"NXS10618146HH1",2025-01-13,-1,1,2,116,-1,0,0,1,2,5,55,0,0,1,608011156,"7.12.3"
"C30699",1,"NXS11217930HH1",2024-12-27,-1,1,2,313,-1,0,0,1,0,2,55,0,0,1,608011156,"7.12.3"
"C30705",1,"NXS13518234HH1",2025-01-19,-1,1,2,302,-1,0,0,1,1,5,25,0,0,1,608011156,"7.12.3"
"C30708",3,"NXS10318249HH1",2025-01-20,-1,1,2,302,-1,0,0,0,0,3,-1,0,0,1,608011156,"7.12.3"
"C30711",1,"NBN10518347HH1",2025-01-21,-1,5,2,99,376,0,1,1,2,5,25,0,0,1,608011156,"7.12.3"
"C30717",1,"RRH13218344HH1",2025-01-18,-1,5,5,423,-1,0,9,1,0,6,25,0,0,5,608011156,"7.12.3"
"C30729",1,"NBN10518264HH1",2025-01-25,-1,1,2,99,-1,0,9,1,0,5,25,0,0,1,608011156,"7.12.3"
"C30732",1,"NXS10618266HH1",2025-01-22,-1,1,2,204,-1,0,0,0,0,5,25,0,0,1,608011156,"7.12.3"
"C30735",1,"TRN10418232HH1",2025-01-19,-1,1,3,313,-1,0,0,1,0,5,25,0,0,2,608011156,"7.12.3"
"C30753",2,"RRH12318328HH2",2025-01-24,-1,5,5,410,-1,1,9,1,0,5,25,1,0,5,608011156,"7.12.3"
"C30756",1,"NXS12918283HH1",2025-01-24,-1,1,2,99,-1,1,1,1,0,5,55,0,0,1,608011156,"7.12.3"
"C30759",1,"TRN10418254HH1",2025-01-20,-1,1,3,410,-1,0,0,1,0,5,25,0,0,2,608011156,"7.12.3"
"C30762",1,"NXS10618113HH1",2025-01-11,-1,1,2,420,-1,0,0,1,0,15,25,0,0,1,608011156,"7.12.3"
"C30765",1,"RRH15818384HH1",2025-01-31,-1,1,7,207,-1,0,1,1,0,5,25,0,0,4,608011156,"7.12.3"
"C30768",2,"NXS10219567HH2",2025-05-10,-1,1,2,99,-1,0,0,0,1,35,25,1,0,1,608011156,"7.12.3"
"C30780",1,"NXS14718296HH1",2025-01-25,-1,1,2,99,281,0,0,0,0,5,55,0,0,1,608011156,"7.12.3"
"C30795",2,"NXS10218299HH4",2025-01-25,-1,1,2,312,-1,0,0,0,2,23,25,1,1,1,608011156,"7.12.3"
"C30807",1,"NXS11118191HH1",2025-01-16,-1,1,2,410,-1,1,0,1,0,1,25,0,0,1,608011156,"7.12.3"
"C30810",2,"NXS11118288HH3",2025-01-24,-1,1,2,302,-1,0,0,0,1,1,25,1,0,1,608011156,"7.12.3"
"C30819",3,"TRN11718271HH1",2025-01-22,-1,1,3,99,-1,0,0,0,0,156,-1,0,0,2,608011156,"7.12.3"
"C30822",1,"NXS14718303HH1",2025-01-25,-1,1,2,313,284,0,0,1,0,5,25,0,0,1,608011156,"7.12.3"
"C30831",2,"RRH15818385HH5",2025-01-31,-1,1,5,99,-1,0,0,0,0,5,25,1,1,4,608011156,"7.12.3"
"C30846",1,"NXS11018330HH1",2025-01-26,-1,1,2,302,-1,0,0,0,2,98,18,0,0,1,608011156,"7.12.3"
"C30858",2,"RRH15818413HH2",2025-02-02,-1,1,5,431,-1,0,0,1,3,5,25,1,0,4,608011156,"7.12.3"
"C30864",1,"TRN10418333HH1",2025-01-26,-1,1,3,313,-1,0,0,1,0,5,25,0,0,2,608011156,"7.12.3"
"C30867",2,"NXS10218365HH3",2025-01-30,-1,1,2,98,-1,0,0,0,0,35,25,1,0,1,608011156,"7.12.3"
"C30876",2,"NXS10218370HH6",2025-01-30,-1,1,2,312,-1,0,0,0,0,5,25,1,1,1,608011156,"7.12.3"
"C30900",1,"RRH15618485HH1",2025-02-09,-1,1,5,314,-1,0,0,0,0,3,25,0,0,4,608011156,"7.12.3"
"C30912",2,"NXS10218390HH4",2025-01-31,-1,1,2,98,-1,0,0,0,0,37,25,1,0,1,608011156,"7.12.3"
"C30918",1,"RSO15219186HH1",2025-04-10,-1,1,9,410,-1,0,9,1,0,56,25,0,0,12,608011156,"7.12.3"
"C30921",1,"NXS11118277HH1",2025-01-23,-1,1,2,99,-1,0,0,0,2,5,25,0,0,1,608011156,"7.12.3"
"C30927",1,"NXS11118255HH1",2025-01-20,-1,1,2,99,-1,0,0,1,2,46,25,0,0,1,608011156,"7.12.3"
"C30930",1,"NXS13518410HH1",2025-02-01,-1,1,2,313,-1,0,1,1,0,3,25,0,0,1,608011156,"7.12.3"
"C30933",1,"NXS10618345HH1",2025-01-28,-1,1,2,420,-1,0,0,1,0,3,55,0,0,1,608011156,"7.12.3"
"C30936",2,"NXS11118404HH4",2025-02-01,-1,1,2,410,238,0,0,0,0,5,25,1,0,1,608011156,"7.12.3"
"C30948",1,"NXS11118227HH2",2025-01-18,-1,1,2,422,-1,0,0,1,0,5,25,0,0,1,608011156,"7.12.3"
"C30957",1,"RRH16216786HH1",2024-10-04,-1,1,5,99,-1,0,0,1,0,5,25,0,0,4,608011156,"7.12.3"
"C30960",1,"TRN10418396HH1",2025-01-31,-1,1,3,422,-1,0,0,1,1,57,18,0,0,2,608011156,"7.12.3"
"C30966",1,"RRH15818514HH1",2025-02-13,-1,1,7,99,-1,0,4,0,2,5,25,0,0,4,608011156,"7.12.3"
"C30969",1,"NXS10618397HH1",2025-01-31,-1,1,2,99,138,0,0,0,2,3,25,0,0,1,608011156,"7.12.3"
"C30972",1,"NXS10620081HH1",2025-06-15,-1,1,2,312,-1,0,0,0,0,3,24,0,0,1,608011156,"7.12.3"
"C30975",1,"NBN10518976HH1",2025-03-22,-1,1,2,99,-1,0,1,1,0,5,55,0,0,1,608011156,"7.12.3"
"C30981",1,"RRH12318522HH1",2025-02-03,-1,5,5,410,-1,1,9,1,0,5,55,0,0,7,608011156,"7.12.3"
"C30987",2,"RRH12318486HH3",2025-02-09,-1,1,5,419,-1,1,0,1,1,5,25,1,0,4,608011156,"7.12.3"
"C30996",1,"NXS10318433HH1",2025-02-03,-1,1,2,101,-1,1,0,0,2,5,55,0,0,1,608011156,"7.12.3"
"C30999",1,"NXS11018435HH1",2025-02-04,-1,1,2,314,-1,0,0,0,0,5,25,0,0,1,608011156,"7.12.3"
"C31002",2,"RRH14018464HH4",2025-02-07,-1,1,5,410,-1,0,0,0,2,3,18,1,1,4,608011156,"7.12.3"
"C31017",2,"NXS10218459HH3",2025-02-07,-1,1,2,410,-1,0,0,0,0,5,25,1,0,1,608011156,"7.12.3"
"C31032",1,"NXS11318416HH1",2025-02-02,-1,1,2,410,-1,0,0,1,2,5,25,0,0,1,608011156,"7.12.3"
"C31047",1,"RRH15418784HH1",2025-03-06,-1,1,5,434,-1,0,0,1,0,5,25,0,0,4,608011156,"7.12.3"
"C31053",1,"NXS11118490HH1",2025-02-09,-1,1,2,116,459,0,0,0,1,5,25,0,0,1,608011156,"7.12.3"
"C31056",1,"RRH13219294HH1",2025-04-16,-1,5,5,410,-1,0,0,1,2,5,25,0,0,5,608011156,"7.12.3"
"C31059",1,"NBN10518512HH1",2025-02-24,-1,1,2,99,68,0,1,1,0,134,55,0,0,1,608011156,"7.12.3"
"C31065",3,"TRN11718498HH1",2025-02-10,-1,1,3,422,-1,0,1,1,0,5,-1,0,0,2,608011156,"7.12.3"
"C31074",2,"NXS13518516HH2",2025-02-13,-1,1,2,312,-1,0,0,1,1,56,18,1,0,1,608011156,"7.12.3"
"C31077",1,"NXS12718256HH1",2025-01-20,-1,1,2,312,533,0,0,0,0,5,25,0,0,1,608011156,"7.12.3"
"C31080",1,"NXS12718320HH1",2025-01-25,-1,1,2,313,-1,0,0,0,0,5,18,0,0,1,608011156,"7.12.3"
"C31089",1,"NXS11118520HH1",2025-02-13,-1,1,2,98,-1,0,0,1,0,5,55,0,0,1,608011156,"7.12.3"
"C31092",2,"NXS10218517HH2",2025-02-13,-1,1,2,302,-1,0,0,1,2,3,25,1,0,1,608011156,"7.12.3"
"C31095",1,"NBN10521289HH1",2025-08-11,-1,5,2,99,-1,0,0,0,0,5,25,0,0,1,608011156,"7.12.3"
"C31101",1,"NXS10618542HH1",2025-02-14,-1,1,2,302,-1,0,0,0,0,98,25,0,0,1,608011156,"7.12.3"
"C31113",2,"NXS10218524HH2",2025-02-13,-1,1,2,422,-1,0,0,0,1,3,25,1,0,1,608011156,"7.12.3"
"C31119",1,"RRH14118716HH1",2025-02-27,-1,1,5,207,213,0,0,1,0,5,25,0,0,4,608011156,"7.12.3"
"C31122",1,"NBN10520168HH1",2025-06-09,-1,5,2,99,24,0,1,1,1,3,24,0,0,1,608011156,"7.12.3"
"C31125",1,"NXS11018543HH1",2025-02-14,-1,1,2,313,48,0,0,1,0,5,25,0,0,1,608011156,"7.12.3"
"C31128",2,"NXS10218572HH2",2025-02-16,-1,1,2,312,162,0,0,0,1,3,18,1,0,1,608011156,"7.12.3"
"C31134",1,"NXS13518554HH1",2025-02-15,-1,1,2,422,-1,0,0,0,0,56,25,0,0,1,608011156,"7.12.3"
"C31137",1,"NBN10518848HH1",2025-02-15,-1,5,2,99,233,0,0,1,0,3,25,0,0,1,608011156,"7.12.3"
"C31143",1,"NXS11619243HH1",2025-04-15,-1,1,2,313,-1,0,0,0,0,5,25,0,0,1,608011156,"7.12.3"
"C31146",3,"TRN11718731HH1",2025-02-28,-1,1,3,422,-1,0,9,1,0,3,-1,0,0,2,608011156,"7.12.3"
"C31149",3,"TRN11718627HH1",2025-02-20,-1,1,3,422,-1,0,0,1,0,3,-1,0,0,2,608011156,"7.12.3"
"C31152",1,"RRH15618749HH1",2025-03-02,-1,1,5,410,-1,0,0,1,0,5,25,0,0,4,608011156,"7.12.3"
"C31155",1,"RRH15818641HH2",2025-02-21,-1,1,5,314,-1,0,6,1,0,5,25,0,0,4,608011156,"7.12.3"
"C31161",2,"NXS10218636HH5",2025-02-20,-1,1,2,410,-1,0,0,1,2,5,25,1,1,1,608011156,"7.12.3"
"C31185",1,"NXS10618559HH1",2025-02-16,-1,1,2,98,-1,0,0,0,2,56,25,0,0,1,608011156,"7.12.3"
"C31188",1,"NXS11118452HH1",2025-02-07,-1,1,2,312,-1,0,0,1,0,5,25,0,0,1,608011156,"7.12.3"
"C31209",3,"TRN11718648HH1",2025-02-21,-1,1,3,207,-1,0,0,1,0,56,-1,0,0,2,608011156,"7.12.3"
"C31212",3,"TRN11718649HH1",2025-02-21,-1,1,3,207,-1,0,0,1,0,5,-1,0,0,2,608011156,"7.12.3"
"C31218",1,"RRH15618737HH1",2025-03-01,-1,1,5,410,-1,0,0,1,0,5,18,0,0,4,608011156,"7.12.3"
"C31221",1,"RRH14119039HH1",2025-03-28,-1,1,7,99,87,0,0,0,0,5,25,0,0,4,608011156,"7.12.3"
"C31230",1,"NXS10218644HH1",2025-02-21,-1,1,2,312,-1,0,0,0,1,3,24,0,0,1,608011156,"7.12.3"
"C31236",1,"NXS11318667HH1",2025-02-23,-1,1,2,423,-1,0,0,1,0,5,25,0,0,1,608011156,"7.12.3"
"C31239",1,"NXS11318673HH1",2025-02-23,-1,1,2,422,349,0,0,1,0,5,55,0,0,1,608011156,"7.12.3"
"C31245",1,"NBN10518670HH1",2025-02-23,-1,1,2,99,-1,0,0,0,0,5,24,0,0,1,608011156,"7.12.3"
"C31251",1,"NXS11318654HH1",2025-02-22,-1,1,2,423,51,0,0,1,0,5,24,0,0,1,608011156,"7.12.3"
"C31269",2,"NXS10218650HH2",2025-02-21,-1,1,2,313,-1,0,0,1,2,5,25,1,0,1,608011156,"7.12.3"
"C31278",1,"NXS11320364HH1",2025-07-02,-1,1,2,313,102,0,0,0,0,3,25,0,0,1,608011156,"7.12.3"
"C31290",1,"NBN10519168HH1",2025-04-09,-1,1,2,99,-1,1,0,1,0,5,25,0,0,1,608011156,"7.12.3"
"C31296",1,"NXS11318713HH1",2025-02-27,-1,1,2,423,138,0,0,0,2,3,25,0,0,1,608011156,"7.12.3"
"C31299",2,"NXS11218316HH2",2025-01-25,-1,1,2,420,-1,0,0,0,2,56,25,1,0,1,608011156,"7.12.3"
"C31305",1,"NXS10818699HH1",2025-02-26,-1,1,2,204,-1,1,0,1,1,456,24,0,0,1,608011156,"7.12.3"
"C31314",1,"NXS11318745HH1",2025-03-01,-1,1,2,423,294,0,0,0,0,5,25,0,0,1,608011156,"7.12.3"
"C31320",1,"RRH15818806HH2",2025-03-08,-1,1,7,98,-1,0,4,0,0,5,25,0,0,4,608011156,"7.12.3"
"C31323",1,"RRH15818851HH1",2025-03-13,-1,1,5,99,-1,0,4,0,0,35,25,0,0,4,608011156,"7.12.3"
"C31329",1,"NXS11118738HH1",2025-03-01,-1,1,2,99,281,0,1,1,2,5,25,0,0,1,608011156,"7.12.3"
"C31335",1,"NXS11118736HH1",2025-03-01,-1,1,2,312,153,0,1,1,0,5,55,0,0,1,608011156,"7.12.3"
"C31341",2,"RRH15918955HH2",2025-03-21,-1,1,5,410,-1,0,0,0,0,3,25,1,0,4,608011156,"7.12.3"
"C31353",3,"TRN11718693HH1",2025-02-24,-1,1,3,422,-1,0,1,1,0,5,-1,0,0,2,608011156,"7.12.3"
"C31356",1,"NXS10919686HH1",2025-05-17,-1,1,2,312,-1,0,0,1,0,1,25,0,0,1,608011156,"7.12.3"
"C31359",1,"NXS10918752HH1",2025-03-02,-1,1,2,423,309,0,0,0,0,5,25,0,0,1,608011156,"7.12.3"
"C31362",1,"NXS11318764HH1",2025-03-05,-1,1,2,205,-1,0,0,1,0,5,25,0,0,1,608011156,"7.12.3"
"C31365",1,"RRH15618948HH1",2025-03-05,-1,5,5,423,283,0,0,1,0,5,25,0,0,5,608011156,"7.12.3"
"C31371",1,"RRH15618770HH1",2025-03-05,-1,1,5,410,-1,0,1,1,2,5,25,0,0,4,608011156,"7.12.3"
"C31374",1,"NXS15118722HH1",2025-02-28,-1,1,2,99,-1,0,9,0,0,99,55,0,0,1,608011156,"7.12.3"
"C31377",1,"NBN10519009HH1",2025-03-27,-1,1,2,99,-1,0,0,0,0,3,18,0,0,1,608011156,"7.12.3"
"C31383",1,"NXS10618758HH1",2025-03-03,-1,1,2,99,-1,0,0,0,1,98,18,0,0,1,608011156,"7.12.3"
"C31386",1,"NXS10618789HH1",2025-03-07,-1,1,2,99,-1,0,0,1,2,5,25,0,0,1,608011156,"7.12.3"
"C31392",1,"RRH15818879HH1",2025-03-15,-1,1,7,98,-1,0,4,0,0,5,25,0,0,4,608011156,"7.12.3"
"C31398",99,"NXS15118794HH1",2025-03-07,-1,1,2,313,-1,0,9,1,0,6,-1,0,0,1,608011156,"7.12.3"
"C31401",1,"NXS15118777HH1",2025-03-06,-1,1,2,410,-1,0,9,0,0,3,25,0,0,1,608011156,"7.12.3"
"C31407",1,"RRH15818877HH2",2025-03-15,-1,1,5,99,-1,0,0,0,0,7,24,0,0,4,608011156,"7.12.3"
"C31413",1,"TRN10419675HH1",2025-05-17,-1,1,3,99,-1,0,0,1,0,3,25,0,0,2,608011156,"7.12.3"
"C31416",1,"RRH13219048HH1",2025-03-29,-1,1,7,207,-1,0,0,0,0,3,25,0,0,4,608011156,"7.12.3"
"C31425",2,"RRH12119678HH4",2025-05-17,-1,1,7,99,-1,0,0,0,0,5,25,1,1,4,608011156,"7.12.3"
"C31440",1,"NXS13818822HH1",2025-03-09,-1,1,2,99,133,0,0,0,0,5,25,0,0,1,608011156,"7.12.3"
"C31443",1,"NXS10918823HH1",2025-03-09,-1,1,2,423,306,0,0,0,0,5,25,0,0,1,608011156,"7.12.3"
"C31446",1,"NXS10919228HH1",2025-04-13,-1,1,2,204,-1,0,0,1,0,5,18,0,0,1,608011156,"7.12.3"
"C31455",3,"TRN11718827HH1",2025-03-10,-1,1,3,215,-1,0,9,1,0,5,-1,0,0,2,608011156,"7.12.3"
"C31458",3,"TRN11718781HH1",2025-03-06,-1,1,3,215,-1,0,9,1,0,5,-1,0,0,2,608011156,"7.12.3"
"C31464",1,"NXS11318817HH1",2025-03-09,-1,1,2,313,-1,0,0,1,0,3,25,0,0,1,608011156,"7.12.3"
"C31467",1,"RRH15818875HH2",2025-03-15,-1,1,5,410,-1,0,9,1,0,5,25,0,0,4,608011156,"7.12.3"
"C31473",1,"RRH15821032HH1",2025-08-08,-1,1,5,431,-1,0,0,1,0,5,24,0,0,4,608011156,"7.12.3"
"C31479",1,"NXS11419080HH1",2025-04-02,-1,1,2,207,-1,0,0,1,0,1,25,0,0,1,608011156,"7.12.3"
"C31482",1,"RRH15818880HH2",2025-03-15,-1,1,5,410,-1,0,4,0,2,5,25,0,0,4,608011156,"7.12.3"
"C31488",2,"NXS10218840HH3",2025-03-12,-1,1,2,312,179,0,0,0,0,36,24,1,0,1,608011156,"7.12.3"
"C31497",1,"NXS11318844HH1",2025-03-13,-1,1,2,423,-1,0,0,1,0,5,25,0,0,1,608011156,"7.12.3"
"C31500",1,"NXS11118785HH1",2025-03-06,-1,1,2,99,166,0,0,1,0,5,55,0,0,1,608011156,"7.12.3"
"C31515",1,"NXS11118776HH1",2025-03-06,-1,1,2,313,-1,0,0,0,0,5,18,0,0,1,608011156,"7.12.3"
"C31518",1,"NXS11118832HH2",2025-03-12,-1,1,2,313,-1,0,0,0,0,5,25,0,0,1,608011156,"7.12.3"
"C31524",1,"NXS10618845HH1",2025-03-13,-1,1,2,99,114,0,0,0,0,25,25,0,0,1,608011156,"7.12.3"
"C31527",1,"NXS10618846HH1",2025-03-13,-1,1,2,423,-1,0,0,0,0,5,18,0,0,1,608011156,"7.12.3"
"C31533",1,"NXS11319199HH1",2025-04-11,-1,5,2,313,178,0,1,1,0,3,25,0,0,1,608011156,"7.12.3"
"C31539",1,"NXS13819258HH1",2025-04-16,-1,1,2,98,423,0,0,1,0,3,25,0,0,1,608011156,"7.12.3"
"C31542",1,"NXS10919256HH1",2025-04-16,-1,1,2,116,151,0,0,1,0,3,55,0,0,1,608011156,"7.12.3"
"C31545",1,"NXS13518866HH1",2025-03-15,-1,1,2,99,-1,0,1,1,0,5,55,0,0,1,608011156,"7.12.3"
"C31551",1,"NXS10618826HH1",2025-03-10,-1,1,2,116,-1,0,0,0,0,5,25,0,0,1,608011156,"7.12.3"
"C31560",1,"TRN10418882HH1",2025-03-15,-1,1,3,99,171,0,1,1,0,5,25,0,0,2,608011156,"7.12.3"
"C31563",1,"RRH15818926HH1",2025-03-20,-1,1,7,98,-1,0,0,1,2,5,25,0,0,4,608011156,"7.12.3"
"C31566",1,"NBN10518873HH1",2025-03-18,-1,1,2,99,-1,0,0,0,0,35,25,0,0,1,608011156,"7.12.3"
"C31575",1,"NXS11318917HH1",2025-03-19,-1,1,2,313,141,0,0,0,0,5,55,0,0,1,608011156,"7.12.3"
"C31581",1,"RRH15415397HH1",2024-05-03,-1,1,5,410,-1,0,0,0,0,3,25,0,0,4,608011156,"7.12.3"
"C31590",2,"NXS11118852HH4",2025-03-13,-1,1,2,410,-1,0,0,0,0,56,25,1,1,1,608011156,"7.12.3"
"C31602",1,"NXS11318930HH1",2025-03-20,-1,1,2,422,-1,0,0,1,0,5,25,0,0,1,608011156,"7.12.3"
"C31605",1,"NXS11419054HH1",2025-03-30,-1,1,2,440,-1,0,4,0,0,45,24,0,0,1,608011156,"7.12.3"
"C31611",1,"NXS11118884HH1",2025-03-16,-1,1,2,422,-1,0,0,0,0,5,25,0,0,1,608011156,"7.12.3"
"C31614",1,"TRN10418927HH1",2025-03-20,-1,1,3,312,-1,0,0,1,0,5,25,0,0,2,608011156,"7.12.3"
"C31638",2,"NXS10218937HH2",2025-03-20,-1,1,2,423,-1,0,0,1,2,5,18,1,0,1,608011156,"7.12.3"
"C31644",2,"NXS10218949HH2",2025-03-21,-1,1,2,312,-1,0,0,0,0,56,25,1,0,1,608011156,"7.12.3"
"C31653",1,"TRN10418939HH1",2025-03-20,-1,1,3,313,-1,0,0,1,1,5,25,0,0,2,608011156,"7.12.3"
"C31656",1,"NXS11418954HH1",2025-03-21,-1,1,2,302,-1,1,0,0,0,5,25,0,0,1,608011156,"7.12.3"
"C31659",2,"NXS10218972HH4",2025-03-22,-1,1,2,440,-1,0,0,0,0,136,25,1,0,1,608011156,"7.12.3"
"C31665",1,"RRH12418979HH1",2025-03-23,-1,1,7,420,136,1,0,1,0,5,55,0,0,4,608011156,"7.12.3"
"C31668",1,"NXS11118905HH1",2025-03-18,-1,1,2,98,-1,0,0,0,1,5,25,0,0,1,608011156,"7.12.3"
"C31671",2,"NXS10218981HH4",2025-03-23,-1,1,2,312,-1,0,0,0,1,5,25,1,1,1,608011156,"7.12.3"
"C31683",1,"NXS10618971HH1",2025-03-22,-1,1,2,116,122,0,0,0,0,3,25,0,0,1,608011156,"7.12.3"
"C31689",1,"NBN10519005HH1",2025-03-27,-1,1,2,99,-1,0,0,0,0,35,18,0,0,1,608011156,"7.12.3"
"C31695",1,"NXS11118988HH1",2025-03-23,-1,1,2,99,37,0,0,1,2,5,25,0,0,1,608011156,"7.12.3"
"C31707",2,"NXS11018997HH6",2025-03-24,-1,1,2,312,-1,0,0,0,0,3,25,1,1,1,608011156,"7.12.3"
"C31725",1,"NXS10619036HH1",2025-03-22,-1,5,2,99,333,0,0,0,1,5,25,0,0,1,608011156,"7.12.3"
"C31740",1,"NXS11419013HH1",2025-03-26,-1,1,2,423,-1,0,0,1,0,5,18,0,0,1,608011156,"7.12.3"
"C31743",1,"NXS11218856HH1",2025-03-13,-1,1,2,410,-1,0,0,0,0,25,55,0,0,1,608011156,"7.12.3"
"C31746",1,"NBN10519028HH1",2025-04-02,-1,1,2,99,-1,0,0,0,0,5,55,0,0,1,608011156,"7.12.3"
"C31752",1,"RRH12419019HH1",2025-03-27,-1,1,5,423,-1,1,0,1,0,5,55,0,0,4,608011156,"7.12.3"
"C31755",1,"NXS11119037HH1",2025-03-28,-1,1,2,99,111,0,0,0,0,3,18,0,0,1,608011156,"7.12.3"
"C31758",1,"NXS11320029HH1",2025-06-11,-1,1,2,312,-1,0,0,0,1,5,25,0,0,1,608011156,"7.12.3"
"C31767",3,"NXS10620135HH1",2025-06-19,-1,1,2,329,-1,0,0,0,0,5,-1,0,0,1,608011156,"7.12.3"
"C31770",1,"NXS10620687HH1",2025-07-21,-1,4,2,204,-1,0,0,0,1,3,25,0,0,1,608011156,"7.12.3"
"C31773",1,"NXS10619041HH1",2025-03-28,-1,1,2,101,-1,0,0,0,0,5,24,0,0,1,608011156,"7.12.3"
"C31776",1,"RSO15219798HH1",2025-04-19,-1,5,9,433,102,0,0,1,2,56,25,0,0,1,608011156,"7.12.3"
"C31779",1,"NXS15119014HH1",2025-03-26,-1,1,2,313,-1,0,9,1,2,5,25,0,0,1,608011156,"7.12.3"
"C31782",1,"NXS10619033HH1",2025-03-28,-1,1,2,313,105,0,0,1,1,136,18,0,0,1,608011156,"7.12.3"
"C31785",1,"NXS10619022HH1",2025-03-27,-1,1,2,99,-1,0,0,0,2,5,24,0,0,1,608011156,"7.12.3"
"C31803",1,"NXS10619055HH1",2025-03-30,-1,1,2,314,-1,0,0,1,1,3,25,0,0,1,608011156,"7.12.3"
"C31806",1,"NXS10619070HH1",2025-04-01,-1,1,2,422,-1,0,1,1,1,1,25,0,0,1,608011156,"7.12.3"
"C31809",1,"NXS12919188HH1",2025-04-10,-1,1,2,99,-1,0,0,1,0,3,25,0,0,1,608011156,"7.12.3"
"C31812",1,"NXS11319093HH1",2025-04-03,-1,1,2,423,-1,1,0,1,0,5,25,0,0,1,608011156,"7.12.3"
"C31815",1,"NXS12918923HH1",2025-03-19,-1,1,2,99,-1,0,0,1,0,146,18,0,0,1,608011156,"7.12.3"
"C31824",2,"NXS10219056HH3",2025-03-30,-1,1,2,99,-1,0,0,0,0,5,25,1,0,1,608011156,"7.12.3"
"C31830",1,"NXS11119321HH1",2025-04-19,-1,1,2,434,-1,0,0,1,0,5,55,0,0,1,608011156,"7.12.3"
"C31839",1,"NBN10519091HH1",2025-04-03,-1,1,2,99,-1,0,0,1,0,5,25,0,0,1,608011156,"7.12.3"
"C31842",2,"NXS10219273HH4",2025-04-17,-1,1,2,314,-1,0,0,0,1,156,25,1,1,1,608011156,"7.12.3"
"C31854",2,"NXS10219085HH2",2025-04-03,-1,1,2,99,-1,0,0,0,0,3,18,1,0,1,608011156,"7.12.3"
"C31860",1,"NXS11019087HH1",2025-04-03,-1,1,2,422,-1,0,0,0,0,167,18,0,0,1,608011156,"7.12.3"
"C31866",1,"NXS11118894HH1",2025-03-16,-1,1,2,422,-1,0,1,1,0,3,55,0,0,1,608011156,"7.12.3"
"C31872",1,"NXS10619082HH1",2025-04-02,-1,1,2,313,-1,0,0,0,0,5,25,0,0,1,608011156,"7.12.3"
"C31875",1,"NXS11618918HH1",2025-03-19,-1,1,2,313,-1,0,0,0,0,56,18,0,0,1,608011156,"7.12.3"
"C31887",1,"RRH15819177HH2",2025-04-10,-1,1,5,410,-1,0,0,0,1,5,25,1,0,4,608011156,"7.12.3"
"C31893",1,"NXS15119047HH1",2025-03-29,-1,1,2,313,-1,0,9,0,0,5,25,0,0,1,608011156,"7.12.3"
"C31902",1,"NXS11319116HH1",2025-04-05,-1,1,2,423,-1,0,1,1,0,5,55,0,0,1,608011156,"7.12.3"
"C31905",1,"RRH15619162HH1",2025-04-09,-1,1,7,207,-1,0,9,1,0,5,25,0,0,4,608011156,"7.12.3"
"C31911",1,"NBN10519251HH1",2025-04-20,-1,1,2,99,-1,0,0,1,0,5,55,0,0,1,608011156,"7.12.3"
"C31914",1,"NXS11221657HH1",2025-09-06,-1,1,2,313,-1,0,1,1,2,5,25,0,0,1,608011156,"7.12.3"
"C31923",1,"NBN10519138HH1",2025-04-08,-1,1,2,99,17,0,0,0,0,246,25,0,0,1,608011156,"7.12.3"
"C31926",2,"NBN10519303HH6",2025-04-19,-1,1,2,99,-1,0,0,1,0,5,25,1,1,1,608011156,"7.12.3"
"C31932",1,"NBN10519141HH1",2025-04-07,-1,1,2,99,-1,0,0,1,0,5,25,0,0,1,608011156,"7.12.3"
"C31935",2,"NXS11019148HH2",2025-04-08,-1,1,2,422,-1,0,0,0,2,5,18,1,0,1,608011156,"7.12.3"
"C31941",1,"NXS15119125HH1",2025-04-06,-1,1,2,116,96,0,9,0,0,5,55,0,0,1,608011156,"7.12.3"
"C31944",1,"NXS12918709HH1",2025-02-27,-1,1,2,99,-1,0,0,0,0,256,25,0,0,1,608011156,"7.12.3"
"C31947",1,"NXS11319565HH1",2025-05-10,-1,1,2,116,-1,0,1,1,0,5,55,0,0,1,608011156,"7.12.3"
"C31956",1,"NXS11419159HH1",2025-04-09,-1,1,2,101,-1,0,0,0,0,3,25,0,0,1,608011156,"7.12.3"
"C31959",1,"NXS10219126HH2",2025-04-06,-1,1,2,312,101,0,0,1,0,267,24,0,0,1,608011156,"7.12.3"
"C31965",1,"NBN10519387HH1",2025-05-01,-1,1,2,99,-1,0,0,1,0,5,25,0,0,1,608011156,"7.12.3"
"C31974",1,"NXS15119119HH1",2025-04-05,-1,1,2,312,-1,0,0,1,0,5,18,0,0,1,608011156,"7.12.3"
"C31983",1,"NXS15119143HH1",2025-04-07,-1,1,2,312,367,0,0,1,0,5,24,0,0,1,608011156,"7.12.3"
"C31992",1,"NXS10619179HH1",2025-04-10,-1,1,2,423,-1,0,0,1,0,5,25,0,0,1,608011156,"7.12.3"
"C31995",1,"NXS11619144HH1",2025-04-07,-1,1,2,99,-1,0,0,0,0,5,25,0,0,1,608011156,"7.12.3"
"C32010",1,"NBN10519200HH1",2025-04-11,-1,1,2,99,207,0,4,0,0,5,55,0,0,1,608011156,"7.12.3"
"C32016",1,"NXS11319215HH1",2025-04-12,-1,1,2,312,-1,0,0,0,0,5,25,0,0,1,608011156,"7.12.3"
"C32022",1,"RRH12219212HH1",2025-04-12,-1,1,5,433,-1,1,9,1,0,5,55,0,0,4,608011156,"7.12.3"
"C32025",1,"NXS10619240HH1",2025-04-10,-1,5,2,206,54,0,0,0,2,5,25,0,0,1,608011156,"7.12.3"
"C32028",2,"NXS11119192HH2",2025-04-10,-1,1,2,99,-1,0,0,0,0,5,25,1,0,1,608011156,"7.12.3"
"C32034",1,"NXS13519230HH1",2025-04-13,-1,1,2,411,-1,0,0,1,0,367,25,0,0,1,608011156,"7.12.3"
"C32037",1,"NXS11618963HH1",2025-03-22,-1,1,2,98,-1,1,0,1,0,5,25,0,0,1,608011156,"7.12.3"
"C32049",1,"NBN10519521HH1",2025-05-08,-1,1,2,99,-1,0,0,0,0,3,25,0,0,1,608011156,"7.12.3"
"C32052",1,"NXS13516571HH1",2024-09-15,-1,1,2,99,-1,0,4,0,0,3,25,0,0,1,608011156,"7.12.3"
"C32055",1,"NXS10619142HH1",2025-04-07,-1,1,2,410,-1,0,0,0,0,3,25,0,0,1,608011156,"7.12.3"
"C32061",2,"RRH15519637HH3",2025-05-15,-1,1,5,410,-1,0,0,1,0,5,24,1,0,4,608011156,"7.12.3"
"C32070",1,"NXS10619233HH1",2025-04-13,-1,1,2,99,-1,0,0,0,2,5,55,0,0,1,608011156,"7.12.3"
"C32079",1,"NXS13819262HH1",2025-04-16,-1,1,2,312,-1,0,0,1,0,467,25,0,0,1,608011156,"7.12.3"
"C32082",1,"RRH12319310HH1",2025-04-18,-1,1,7,24,-1,1,9,1,0,5,55,0,0,4,608011156,"7.12.3"
"C32085",2,"NXS10219263HH2",2025-04-16,-1,1,2,99,-1,0,0,0,0,5,25,1,0,1,608011156,"7.12.3"
"C32091",2,"NXS10219189HH3",2025-04-10,-1,1,2,98,-1,0,0,1,1,3,25,1,0,1,608011156,"7.12.3"
"C32100",1,"NXS10919129HH1",2025-04-06,-1,1,2,98,219,0,0,0,0,1,25,0,0,1,608011156,"7.12.3"
"C32103",1,"RSO15219453HH1",2025-05-01,-1,1,9,410,-1,0,0,0,0,5,55,0,0,12,608011156,"7.12.3"
"C32106",1,"NXS11118924HH1",2025-03-20,-1,1,2,207,-1,0,0,1,2,5,25,0,0,1,608011156,"7.12.3"
"C32118",1,"NXS11119044HH2",2025-03-28,-1,1,2,410,158,0,0,1,2,5,25,0,0,1,608011156,"7.12.3"
"C32124",1,"NXS11619244HH1",2025-04-15,-1,1,2,98,245,0,0,1,0,5,25,0,0,1,608011156,"7.12.3"
"C32136",1,"NBN10519903HH1",2025-06-03,-1,5,2,99,26,0,0,1,0,3,25,0,0,1,608011156,"7.12.3"
"C32139",1,"NXS10719109HH1",2025-04-04,-1,1,2,98,-1,0,0,1,2,4,25,0,0,1,608011156,"7.12.3"
"C32142",1,"NXS10619277HH1",2025-04-17,-1,1,2,204,-1,0,1,1,2,3,55,0,0,1,608011156,"7.12.3"
"C32145",1,"NBN10519311HH1",2025-04-20,-1,1,2,99,-1,1,0,0,0,3,25,0,0,1,608011156,"7.12.3"
"C32151",1,"NXS11319301HH1",2025-04-18,-1,1,2,313,-1,0,0,1,0,5,25,0,0,1,608011156,"7.12.3"
"C32157",1,"NXS11319302HH1",2025-04-18,-1,1,2,205,110,0,0,1,0,5,25,0,0,1,608011156,"7.12.3"
"C32160",1,"NXS11120856HH1",2025-07-31,-1,4,2,313,-1,0,0,1,2,5,55,0,0,1,608011156,"7.12.3"
"C32166",1,"NXS11019315HH1",2025-04-19,-1,1,2,98,-1,0,0,0,0,6,55,0,0,1,608011156,"7.12.3"
"C32169",1,"RRH15419333HH1",2025-04-20,-1,1,7,99,-1,0,0,1,0,3,18,0,0,4,608011156,"7.12.3"
"C32175",3,"TRN11719223HH1",2025-04-12,-1,1,3,422,96,0,0,1,0,3,-1,0,0,2,608011156,"7.12.3"
"C32178",1,"NXS11019342HH1",2025-04-22,-1,1,2,422,-1,0,0,1,2,7,55,0,0,1,608011156,"7.12.3"
"C32184",1,"NXS11319341HH1",2025-04-22,-1,1,2,423,-1,0,0,1,1,5,55,0,0,1,608011156,"7.12.3"
"C32190",1,"NXS11319313HH1",2025-04-18,-1,1,2,410,-1,0,0,1,0,5,55,0,0,1,608011156,"7.12.3"
"C32196",2,"RRH15819510HH4",2025-05-07,-1,1,5,411,-1,0,0,0,0,13,25,1,1,4,608011156,"7.12.3"
"C32208",1,"NBN10519578HH1",2025-05-11,-1,1,2,99,-1,0,0,0,0,3,25,0,0,1,608011156,"7.12.3"
"C32211",1,"RRH14020579HH2",2025-04-23,-1,5,5,434,-1,1,1,1,0,35,25,0,0,5,608011156,"7.12.3"
"C32214",1,"NXS11319347HH1",2025-04-23,-1,1,2,420,-1,0,1,1,0,56,25,0,0,1,608011156,"7.12.3"
"C32217",1,"RRH15819820HH1",2025-05-28,-1,1,5,410,-1,0,0,1,0,5,25,0,0,4,608011156,"7.12.3"
"C32223",1,"RRH15819449HH1",2025-05-01,-1,1,7,98,-1,0,0,0,0,5,18,0,0,4,608011156,"7.12.3"
"C32226",1,"NXS11119338HH1",2025-04-21,-1,1,2,410,173,0,0,1,2,16,25,0,0,1,608011156,"7.12.3"
"C32229",99,"NXS13516870HH1",2024-10-10,-1,1,2,99,-1,0,0,0,0,98,-1,0,0,1,608011156,"7.12.3"
"C32232",1,"NXS10819351HH1",2025-04-23,-1,1,2,206,-1,0,0,1,0,5,25,0,0,1,608011156,"7.12.3"
"C32238",1,"NXS10819229HH1",2025-04-13,-1,1,2,410,-1,0,0,0,0,5,25,0,0,1,608011156,"7.12.3"
"C32241",2,"RRH15819448HH6",2025-05-01,-1,1,5,431,-1,0,9,1,2,56,25,1,0,4,608011156,"7.12.3"
"C32277",1,"RRH12419493HH1",2025-04-24,-1,5,7,410,-1,1,1,1,0,5,25,0,0,5,608011156,"7.12.3"
"C32286",1,"NXS15119360HH1",2025-04-24,-1,1,2,410,-1,0,0,1,0,25,25,0,0,1,608011156,"7.12.3"
"C32295",1,"TRN10419395HH1",2025-04-26,-1,1,3,422,-1,0,0,1,2,5,25,0,0,2,608011156,"7.12.3"
"C32301",2,"NXS10219396HH4",2025-04-26,-1,1,2,99,338,0,0,0,2,3,25,1,1,1,608011156,"7.12.3"
"C32313",1,"NBN10519421HH1",2025-04-27,-1,1,2,99,-1,0,0,1,0,5,25,0,0,1,608011156,"7.12.3"
"C32331",1,"NXS11319419HH1",2025-04-27,-1,1,2,313,-1,0,0,0,0,35,25,0,0,1,608011156,"7.12.3"
"C32334",1,"NBN10519502HH1",2025-05-09,-1,5,2,99,96,0,0,0,0,3,25,0,0,1,608011156,"7.12.3"
"C32334",2,"NBN10521715HH4",2025-09-02,-1,5,2,99,-1,0,0,1,2,3,25,1,0,1,608011156,"7.12.3"
"C32352",1,"NXS13520502HH1",2025-07-10,-1,1,2,411,-1,0,0,1,0,5,25,0,0,1,608011156,"7.12.3"
"C32355",1,"NBN10520315HH1",2025-06-12,-1,5,2,116,144,0,0,0,0,56,25,0,0,1,608011156,"7.12.3"
"C32358",1,"NXS10619418HH1",2025-04-27,-1,1,2,98,-1,0,4,0,0,5,55,0,0,1,608011156,"7.12.3"
"C32361",1,"NXS11320235HH1",2025-04-30,-1,5,2,313,94,0,1,1,1,5,25,0,0,1,608011156,"7.12.3"
"C32364",1,"NXS11619174HH1",2025-04-09,-1,1,2,411,401,0,0,1,0,37,25,0,0,1,608011156,"7.12.3"
"C32385",1,"NXS11319469HH1",2025-05-01,-1,1,2,410,119,1,0,0,0,3,55,0,0,1,608011156,"7.12.3"
"C32388",1,"NXS11119224HH1",2025-04-12,-1,1,2,99,135,0,1,1,1,5,25,0,0,1,608011156,"7.12.3"
"C32391",2,"NXS10319479HH4",2025-05-02,-1,1,2,423,-1,0,0,0,2,46,25,1,0,1,608011156,"7.12.3"
"C32403",1,"NBN10519498HH1",2025-05-07,-1,1,2,99,205,1,0,0,0,5,55,0,0,1,608011156,"7.12.3"
"C32421",1,"NXS10920956HH1",2025-08-04,-1,4,2,410,164,0,0,0,0,56,25,0,0,1,608011156,"7.12.3"
"C32424",1,"RRH15819515HH1",2025-05-08,-1,1,5,431,-1,0,0,1,2,5,25,0,0,4,608011156,"7.12.3"
"C32427",1,"NXS11319473HH1",2025-05-02,-1,1,2,101,-1,0,0,0,0,98,25,0,0,1,608011156,"7.12.3"
"C32436",1,"NXS11619620HH2",2025-05-14,-1,1,2,302,-1,0,0,0,0,3,25,0,0,1,608011156,"7.12.3"
"C32442",1,"NXS10719503HH1",2025-05-06,-1,1,2,98,-1,0,9,0,0,5,18,0,0,1,608011156,"7.12.3"
"C32448",1,"NXS11319494HH1",2025-05-04,-1,1,2,313,-1,0,0,0,0,3,25,0,0,1,608011156,"7.12.3"
"C32454",1,"NXS11319504HH1",2025-05-06,-1,1,2,312,74,0,0,0,0,3,25,0,0,1,608011156,"7.12.3"
"C32457",1,"RRH15819562HH1",2025-05-10,-1,1,5,410,-1,0,0,0,0,5,25,0,0,4,608011156,"7.12.3"
"C32463",1,"NXS11019509HH1",2025-05-07,-1,1,2,312,-1,0,0,1,0,3,55,0,0,1,608011156,"7.12.3"
"C32469",3,"TRN11719518HH1",2025-05-08,-1,1,3,422,102,0,0,1,0,5,-1,0,0,2,608011156,"7.12.3"
"C32472",1,"NXS13519519HH1",2025-05-08,-1,1,2,302,-1,0,0,1,0,3,25,0,0,1,608011156,"7.12.3"
"C32481",1,"NXS13519771HH1",2025-05-24,-1,1,2,312,163,0,0,0,0,5,25,0,0,1,608011156,"7.12.3"
"C32490",1,"NBN10519786HH1",2025-05-25,-1,1,2,99,-1,0,0,1,0,3,25,0,0,1,608011156,"7.12.3"
"C32493",1,"NXS10619851HH1",2025-05-30,-1,1,2,313,-1,0,4,0,2,3,18,0,0,1,608011156,"7.12.3"
"C32505",1,"RSO15219561HH1",2025-04-20,-1,5,9,422,-1,0,0,0,0,5,25,0,0,1,608011156,"7.12.3"
"C32508",2,"RRH12119865HH3",2025-05-31,-1,1,5,329,-1,0,0,0,2,5,25,1,0,4,608011156,"7.12.3"
"C32529",1,"NBN10519723HH1",2025-05-25,-1,1,2,99,131,0,0,0,0,5,25,0,0,1,608011156,"7.12.3"
"C32544",1,"NXS11319507HH1",2025-05-07,-1,1,2,313,159,0,0,0,0,3,25,0,0,1,608011156,"7.12.3"
"C32547",1,"NXS11319564HH1",2025-05-10,-1,1,2,313,-1,0,1,1,0,5,25,0,0,1,608011156,"7.12.3"
"C32550",3,"NXS11319897HH1",2025-06-01,-1,1,2,101,-1,0,0,0,0,5,-1,0,0,1,608011156,"7.12.3"
"C32556",1,"NXS11319550HH1",2025-05-09,-1,1,2,312,-1,0,0,0,0,3,25,0,0,1,608011156,"7.12.3"
"C32577",2,"NXS11419610HH3",2025-05-11,-1,1,2,423,207,0,0,0,1,137,25,1,0,1,608011156,"7.12.3"
"C32586",1,"NXS11021374HH1",2025-08-25,-1,1,2,98,280,0,0,0,0,3,24,0,0,1,608011156,"7.12.3"
"C32589",2,"NXS10219596HH3",2025-05-11,-1,1,2,313,174,0,0,0,0,5,25,1,0,1,608011156,"7.12.3"
"C32601",2,"NXS15119599HH5",2025-05-11,-1,1,2,410,-1,0,0,0,0,5,25,1,1,1,608011156,"7.12.3"
"C32622",3,"TRN11719634HH1",2025-05-14,-1,1,3,422,-1,0,0,1,0,5,-1,0,0,2,608011156,"7.12.3"
"C32625",2,"NXS10219630HH3",2025-05-14,-1,1,2,98,-1,0,0,0,0,156,18,1,0,1,608011156,"7.12.3"
"C32634",1,"NXS11321064HH1",2025-04-30,-1,5,2,207,-1,0,0,0,0,3,25,0,0,1,608011156,"7.12.3"
"C32637",1,"NXS11119446HH1",2025-04-30,-1,1,2,423,-1,0,0,0,2,35,25,0,0,1,608011156,"7.12.3"
"C32640",1,"RSO15219875HH1",2025-05-14,-1,5,10,98,-1,0,0,0,0,157,25,0,0,1,608011156,"7.12.3"
"C32652",2,"NXS10219604HH4",2025-05-11,-1,1,2,410,-1,0,0,0,1,5,25,1,1,1,608011156,"7.12.3"
"C32694",2,"NXS11019594HH2",2025-05-11,-1,1,2,116,-1,0,0,1,2,5,25,1,0,1,608011156,"7.12.3"
"C32703",1,"NBN10519718HH1",2025-05-18,-1,5,2,99,139,0,0,0,0,237,18,0,0,1,608011156,"7.12.3"
"C32709",1,"NXS11320681HH1",2025-07-20,-1,5,2,313,51,0,0,1,2,36,18,0,0,1,608011156,"7.12.3"
"C32712",1,"TRN10419654HH1",2025-05-15,-1,1,3,422,-1,0,0,1,0,5,25,0,0,2,608011156,"7.12.3"
"C32715",1,"NXS11319673HH1",2025-05-16,-1,1,2,313,-1,0,0,1,0,5,55,0,0,1,608011156,"7.12.3"
"C32718",1,"NXS11019624HH1",2025-05-14,-1,1,2,116,-1,0,0,0,0,5,18,0,0,1,608011156,"7.12.3"
"C32736",1,"NXS10919682HH1",2025-05-17,-1,1,2,313,20,0,1,1,0,246,18,0,0,1,608011156,"7.12.3"
"C32739",1,"RRH12419685HH1",2025-05-17,-1,1,7,434,-1,1,0,1,0,5,55,0,0,4,608011156,"7.12.3"
"C32742",1,"NXS13519369HH1",2025-04-25,-1,1,2,205,254,0,1,1,2,3,25,0,0,1,608011156,"7.12.3"
"C32748",1,"RRH15820779HH2",2025-07-26,-1,1,5,431,-1,0,4,0,1,247,25,0,0,4,608011156,"7.12.3"
"C32754",1,"NXS11119534HH1",2025-05-08,-1,1,2,431,-1,0,0,1,0,5,55,0,0,1,608011156,"7.12.3"
"C32757",2,"NXS11119535HH6",2025-05-08,-1,1,2,312,-1,0,0,1,0,5,25,1,1,1,608011156,"7.12.3"
"C32775",2,"NXS11119541HH3",2025-05-08,-1,1,2,313,173,0,0,0,0,56,25,1,0,1,608011156,"7.12.3"
"C32784",1,"NXS11119544HH1",2025-05-08,-1,1,2,410,-1,0,0,0,1,5,25,0,0,1,608011156,"7.12.3"
"C32787",1,"NXS11620654HH1",2025-07-19,-1,5,2,312,-1,0,0,0,0,5,25,0,0,1,608011156,"7.12.3"
"C32790",1,"NXS11619674HH1",2025-05-16,-1,1,2,410,-1,0,1,1,0,5,55,0,0,1,608011156,"7.12.3"
"C32793",1,"NXS11319698HH1",2025-05-18,-1,1,2,313,-1,0,0,1,0,3,25,0,0,1,608011156,"7.12.3"
"C32796",1,"NXS11319699HH1",2025-05-18,-1,1,2,422,-1,0,0,1,0,267,55,0,0,1,608011156,"7.12.3"
"C32799",1,"NXS11319730HH1",2025-05-21,-1,1,2,422,16,0,0,1,0,5,25,0,0,1,608011156,"7.12.3"
"C32802",1,"RRH15819731HH1",2025-05-21,-1,1,5,410,-1,0,9,1,0,5,25,0,0,4,608011156,"7.12.3"
"C32808",2,"NXS10219692HH3",2025-05-18,-1,1,2,98,-1,0,0,0,2,5,25,1,0,1,608011156,"7.12.3"
"C32823",1,"RRH12419890HH1",2025-06-01,-1,1,7,207,-1,1,0,1,2,5,25,0,0,4,608011156,"7.12.3"
"C32826",1,"RRH15819767HH2",2025-05-24,-1,1,5,410,-1,1,9,1,0,5,55,0,0,4,608011156,"7.12.3"
"C32835",1,"NXS10619626HH1",2025-05-14,-1,1,2,99,112,0,0,0,0,5,55,0,0,1,608011156,"7.12.3"
"C32838",1,"NXS10619586HH1",2025-05-10,-1,1,2,313,-1,0,0,0,0,6,25,0,0,1,608011156,"7.12.3"
"C32841",1,"NXS10619587HH1",2025-05-10,-1,1,2,99,-1,0,0,1,2,5,55,0,0,1,608011156,"7.12.3"
"C32844",1,"NXS12919726HH1",2025-05-21,-1,1,2,99,-1,0,9,1,0,5,25,0,0,1,608011156,"7.12.3"
"C32850",1,"TRN14619835HH1",2025-05-29,-1,1,3,419,-1,1,0,0,0,56,55,0,0,2,608011156,"7.12.3"
"C32853",1,"NXS10619815HH1",2025-05-28,-1,1,2,206,317,0,1,1,0,5,24,0,0,1,608011156,"7.12.3"
"C32856",1,"NXS11319711HH1",2025-05-19,-1,1,2,313,-1,0,0,1,0,357,25,0,0,1,608011156,"7.12.3"
"C32859",1,"NXS13519797HH1",2025-05-25,-1,1,2,313,179,0,0,1,0,13,25,0,0,1,608011156,"7.12.3"
"C32862",1,"NXS11619741HH1",2025-05-22,-1,1,2,99,215,0,0,1,2,3,18,0,0,1,608011156,"7.12.3"
"C32868",1,"TRN10419736HH1",2025-05-22,-1,1,3,313,257,0,0,1,0,5,25,0,0,2,608011156,"7.12.3"
"C32871",1,"NXS11319737HH1",2025-05-22,-1,1,2,313,-1,0,0,0,2,35,25,0,0,1,608011156,"7.12.3"
"C32874",2,"RRH15819923HH3",2025-06-04,-1,1,5,410,-1,0,0,1,0,5,25,1,0,4,608011156,"7.12.3"
"C32883",1,"NXS12919757HH1",2025-05-23,-1,1,2,99,-1,0,0,0,0,3,25,0,0,1,608011156,"7.12.3"
"C32892",1,"NBN10519758HH1",2025-05-23,-1,1,2,99,-1,0,1,1,2,3,25,0,0,1,608011156,"7.12.3"
"C32898",1,"NXS11319761HH1",2025-05-23,-1,1,2,313,58,0,0,1,1,3,25,0,0,1,608011156,"7.12.3"
"C32901",1,"RRH12219745HH1",2025-05-22,-1,1,5,410,320,1,0,0,0,5,55,0,0,4,608011156,"7.12.3"
"C32904",1,"RRH12620113HH1",2025-05-24,-1,5,5,433,-1,0,0,1,2,3,55,0,0,5,608011156,"7.12.3"
"C32916",1,"NXS10621760HH1",2025-09-11,-1,1,2,312,178,0,0,0,2,3,25,0,0,1,608011156,"7.12.3"
"C32925",1,"NBN10519795HH1",2025-05-25,-1,1,2,99,83,1,0,0,0,5,55,0,0,1,608011156,"7.12.3"
"C32928",1,"NXS10620716HH1",2025-05-24,-1,5,2,206,142,1,1,1,0,1,55,0,0,3,608011156,"7.12.3"
"C32931",2,"RRH15819845HH3",2025-05-30,-1,1,7,410,-1,0,0,0,0,5,25,1,0,4,608011156,"7.12.3"
"C32946",1,"NXS11319801HH1",2025-05-27,-1,1,2,422,-1,0,0,1,0,3,25,0,0,1,608011156,"7.12.3"
"C32955",1,"NXS10620234HH1",2025-05-25,-1,5,2,314,-1,0,0,0,0,5,25,0,0,1,608011156,"7.12.3"
"C32958",1,"NXS10620236HH1",2025-06-25,-1,1,2,101,-1,0,0,1,0,4,25,0,0,1,608011156,"7.12.3"
"C32961",1,"NXS13519806HH1",2025-05-28,-1,1,2,313,-1,0,1,1,0,3,25,0,0,1,608011156,"7.12.3"
"C32964",1,"NXS11119747HH1",2025-05-22,-1,1,2,313,-1,0,0,1,1,5,25,0,0,1,608011156,"7.12.3"
"C32970",2,"NXS10219812HH2",2025-05-28,-1,1,2,98,-1,0,0,0,0,3,25,1,0,1,608011156,"7.12.3"
"C32976",1,"NXS11320626HH1",2025-07-18,-1,1,2,313,-1,0,1,1,0,3,25,0,0,1,608011156,"7.12.3"
"C32982",1,"NXS11619451HH1",2025-05-01,-1,1,2,99,152,1,0,0,0,5,55,0,0,1,608011156,"7.12.3"
"C32988",1,"NXS11619827HH1",2025-05-29,-1,1,2,99,-1,0,0,0,0,5,55,0,0,1,608011156,"7.12.3"
"C32991",2,"NXS10220284HH2",2025-06-27,-1,1,2,98,-1,0,0,1,2,12,25,1,0,1,608011156,"7.12.3"
"C33000",1,"NXS11319859HH1",2025-05-30,-1,1,2,206,-1,0,0,1,0,5,25,0,0,1,608011156,"7.12.3"
"C33003",1,"NXS10619850HH1",2025-05-30,-1,1,2,410,-1,0,0,0,1,5,25,0,0,1,608011156,"7.12.3"
"C33015",2,"NXS10219891HH2",2025-06-01,-1,1,2,312,-1,0,0,0,2,3,25,1,0,1,608011156,"7.12.3"
"C33021",1,"NBN10519900HH1",2025-06-11,-1,1,2,99,-1,0,0,1,0,3,18,0,0,1,608011156,"7.12.3"
"C33027",1,"RRH15820160HH2",2025-06-20,-1,1,5,431,-1,0,0,1,1,5,25,0,0,4,608011156,"7.12.3"
"C33045",1,"NBN10519929HH1",2025-06-06,-1,1,2,99,187,0,0,1,0,5,25,0,0,1,608011156,"7.12.3"
"C33048",1,"NBN10519915HH1",2025-06-04,-1,1,2,99,-1,0,0,0,0,17,25,0,0,1,608011156,"7.12.3"
"C33063",1,"NXS12919864HH1",2025-05-31,-1,1,2,207,-1,0,0,0,0,3,25,0,0,1,608011156,"7.12.3"
"C33072",1,"NXS10620047HH1",2025-06-13,-1,1,2,99,183,0,0,1,1,3,25,0,0,1,608011156,"7.12.3"
"C33084",1,"NXS11320998HH1",2025-08-06,-1,1,2,313,-1,0,0,1,0,26,25,0,0,1,608011156,"7.12.3"
"C33087",1,"NXS11319942HH1",2025-06-05,-1,1,2,313,-1,0,0,1,2,5,25,0,0,1,608011156,"7.12.3"
"C33090",1,"NXS11319936HH1",2025-06-05,-1,1,2,207,-1,0,0,1,0,56,18,0,0,1,608011156,"7.12.3"
"C33093",1,"NXS11319930HH1",2025-06-04,-1,1,2,207,118,0,0,0,0,3,25,0,0,1,608011156,"7.12.3"
"C33099",1,"NXS11319962HH1",2025-06-06,-1,1,2,312,158,0,0,1,0,56,25,0,0,1,608011156,"7.12.3"
"C33102",1,"NXS11319951HH1",2025-06-05,-1,1,2,410,-1,0,0,1,0,5,25,0,0,1,608011156,"7.12.3"
"C33105",2,"NXS10219932HH3",2025-06-05,-1,1,2,314,-1,0,0,0,2,3,25,1,0,1,608011156,"7.12.3"
"C33114",2,"NXS10219946HH3",2025-06-05,-1,1,2,410,-1,0,0,1,2,34,25,1,0,1,608011156,"7.12.3"
"C33120",1,"NXS11419943HH1",2025-06-05,-1,1,2,302,149,0,0,0,0,5,18,0,0,1,608011156,"7.12.3"
"C33126",1,"NXS11019972HH1",2025-06-06,-1,1,2,98,-1,0,0,1,0,3,24,0,0,1,608011156,"7.12.3"
"C33129",1,"NBN10519950HH1",2025-06-05,-1,1,2,99,257,0,0,1,2,5,25,0,0,1,608011156,"7.12.3"
"C33132",1,"NBN10520098HH1",2025-06-17,-1,1,2,99,107,0,0,1,0,35,25,0,0,1,608011156,"7.12.3"
"C33135",1,"NXS13819958HH1",2025-06-06,-1,1,2,312,41,0,0,1,2,5,25,0,0,1,608011156,"7.12.3"
"C33138",1,"NXS10819883HH1",2025-05-31,-1,1,2,99,-1,1,0,1,0,5,55,0,0,1,608011156,"7.12.3"
"C33147",3,"TRN11719843HH1",2025-05-30,-1,1,3,99,-1,0,1,1,0,5,-1,0,0,2,608011156,"7.12.3"
"C33150",3,"TRN11719689HH1",2025-05-17,-1,1,3,215,-1,0,0,1,0,5,-1,0,0,2,608011156,"7.12.3"
"C33153",3,"NXS10619955HH1",2025-06-06,-1,1,2,99,253,0,0,1,0,5,-1,0,0,1,608011156,"7.12.3"
"C33156",3,"TRN11719922HH1",2025-06-04,-1,1,3,422,-1,0,0,1,0,5,-1,0,0,2,608011156,"7.12.3"
"C33180",1,"NBN10519998HH1",2025-06-10,-1,1,2,99,100,1,0,1,0,5,55,0,0,1,608011156,"7.12.3"
"C33183",1,"NXS10619981HH1",2025-06-07,-1,1,2,99,-1,0,0,1,0,3,55,0,0,1,608011156,"7.12.3"
"C33186",1,"NBN10520002HH1",2025-06-09,-1,1,2,99,58,0,1,1,0,3,25,0,0,1,608011156,"7.12.3"
"C33198",1,"RRH12320026HH1",2025-06-11,-1,1,7,206,-1,1,9,1,0,3,55,0,0,4,608011156,"7.12.3"
"C33201",2,"NXS10219999HH3",2025-06-08,-1,1,2,410,-1,0,1,1,1,3,25,0,0,1,608011156,"7.12.3"
"C33210",1,"NXS10219967HH1",2025-06-06,-1,1,2,99,-1,0,0,0,0,3,24,0,0,1,608011156,"7.12.3"
"C33213",1,"NXS13519996HH1",2025-06-08,-1,1,2,312,-1,0,0,1,1,5,25,0,0,1,608011156,"7.12.3"
"C33225",1,"NXS10219983HH1",2025-06-07,-1,1,2,99,-1,0,0,0,0,3,25,0,0,1,608011156,"7.12.3"
"C33231",1,"NXS13520513HH1",2025-07-11,-1,1,2,410,104,0,0,1,0,57,25,0,0,1,608011156,"7.12.3"
"C33234",2,"NXS11119226HH3",2025-04-13,-1,1,2,98,-1,0,0,0,2,1,25,1,0,1,608011156,"7.12.3"
"C33249",1,"NXS11420371HH1",2025-07-02,-1,1,2,99,226,0,0,1,0,5,18,0,0,1,608011156,"7.12.3"
"C33255",1,"NXS11119965HH2",2025-06-06,-1,1,2,99,-1,0,0,1,2,5,25,0,0,1,608011156,"7.12.3"
"C33258",1,"NBN10520221HH1",2025-06-24,-1,1,2,99,-1,1,0,1,0,5,25,0,0,1,608011156,"7.12.3"
"C33261",1,"NBN10520171HH1",2025-06-13,-1,5,2,99,285,0,0,1,0,56,25,0,0,1,608011156,"7.12.3"
"C33264",1,"NXS15119982HH1",2025-06-07,-1,1,2,313,-1,0,0,1,2,3,55,0,0,1,608011156,"7.12.3"
"C33270",1,"NXS11320473HH1",2025-06-13,-1,5,2,410,-1,0,0,0,0,124,24,0,0,1,608011156,"7.12.3"
"C33273",1,"NXS11620005HH1",2025-06-09,-1,1,2,98,-1,0,0,0,0,3,25,0,0,1,608011156,"7.12.3"
"C33276",1,"NXS11620028HH1",2025-06-11,-1,1,2,434,-1,0,0,0,0,3,25,0,0,1,608011156,"7.12.3"
"C33279",1,"NXS11619990HH1",2025-06-08,-1,1,2,99,228,0,0,1,0,5,25,0,0,1,608011156,"7.12.3"
"C33282",2,"NXS10220141HH3",2025-06-20,-1,1,2,99,-1,0,0,0,0,3,25,1,0,1,608011156,"7.12.3"
"C33291",1,"TRN10420068HH1",2025-06-14,-1,1,3,99,-1,0,0,1,0,5,25,0,0,2,608011156,"7.12.3"
"C33312",1,"TRN10420084HH1",2025-06-15,-1,1,3,99,-1,0,0,1,0,127,25,0,0,2,608011156,"7.12.3"
"C33318",1,"NBN10520313HH1",2025-06-28,-1,5,2,99,31,0,0,0,0,5,55,0,0,1,608011156,"7.12.3"
"C33321",1,"NBN10520209HH1",2025-06-24,-1,1,2,99,-1,0,0,1,0,3,55,0,0,1,608011156,"7.12.3"
"C33330",2,"NBN10521382HH3",2025-06-17,-1,5,2,99,-1,0,0,0,0,3,25,1,0,1,608011156,"7.12.3"
"C33348",1,"NXS11120108HH1",2025-06-18,-1,1,2,98,-1,1,0,0,2,5,25,0,0,1,608011156,"7.12.3"
"C33357",1,"NXS11619844HH1",2025-05-30,-1,1,2,410,-1,0,0,0,0,5,18,0,0,1,608011156,"7.12.3"
"C33360",1,"NXS11620110HH1",2025-06-18,-1,1,2,98,-1,0,4,0,0,5,25,0,0,1,608011156,"7.12.3"
"C33366",1,"NXS10620291HH1",2025-06-27,-1,1,2,99,-1,0,0,0,0,5,55,0,0,1,608011156,"7.12.3"
"C33375",1,"NXS13820194HH1",2025-06-18,-1,5,2,98,288,0,0,0,2,145,25,0,0,1,608011156,"7.12.3"
"C33378",1,"NXS10920149HH1",2025-06-20,-1,1,2,98,16,0,0,0,0,5,25,0,0,1,608011156,"7.12.3"
"C33381",1,"NXS11320119HH1",2025-06-18,-1,1,2,313,-1,1,0,0,0,3,25,0,0,1,608011156,"7.12.3"
"C33384",1,"NXS11320882HH1",2025-08-02,-1,5,2,423,44,0,0,0,0,5,25,0,0,1,608011156,"7.12.3"
"C33387",1,"NXS15120131HH1",2025-06-19,-1,1,2,313,-1,0,0,1,2,5,55,0,0,1,608011156,"7.12.3"
"C33390",1,"NXS11219884HH1",2025-05-31,-1,1,2,410,-1,0,0,1,0,5,55,0,0,1,608011156,"7.12.3"
"C33393",2,"NXS11219885HH4",2025-05-31,-1,1,2,99,55,0,0,0,2,5,25,1,1,1,608011156,"7.12.3"
"C33405",2,"RRH15820263HH7",2025-06-26,-1,1,5,410,-1,0,9,1,0,5,25,1,1,4,608011156,"7.12.3"
"C33426",1,"NXS11420257HH1",2025-06-26,-1,1,2,410,-1,0,0,1,0,15,55,0,0,1,608011156,"7.12.3"
"C33429",2,"NXS10220182HH2",2025-06-22,-1,1,2,99,-1,0,0,0,0,5,25,1,0,1,608011156,"7.12.3"
"C33435",1,"NXS11319985HH1",2025-06-07,-1,1,2,314,66,0,1,1,0,5,55,0,0,1,608011156,"7.12.3"
"C33438",1,"NXS11321250HH1",2025-08-19,-1,3,2,423,-1,0,6,1,1,5,24,0,0,1,608011156,"7.12.3"
"C33444",1,"NXS11320178HH1",2025-06-21,-1,1,2,313,182,0,0,1,0,3,25,0,0,1,608011156,"7.12.3"
"C33459",1,"NXS12920239HH1",2025-06-25,-1,1,2,99,-1,0,0,1,0,234,25,0,0,1,608011156,"7.12.3"
"C33465",1,"NXS10220136HH1",2025-06-19,-1,1,2,99,-1,0,0,1,0,3,18,0,0,1,608011156,"7.12.3"
"C33474",1,"NXS11620487HH1",2025-06-15,-1,5,2,99,-1,0,0,0,0,235,25,0,0,1,608011156,"7.12.3"
"C33477",1,"NXS11320227HH1",2025-06-25,-1,1,2,313,-1,0,0,0,0,56,55,0,0,1,608011156,"7.12.3"
"C33486",1,"NXS10619987HH1",2025-06-08,-1,1,2,116,-1,1,4,0,0,5,55,0,0,1,608011156,"7.12.3"
"C33492",1,"NXS10819765HH1",2025-05-24,-1,1,2,410,283,0,1,1,0,5,55,0,0,1,608011156,"7.12.3"
"C33498",1,"NXS11220174HH1",2025-06-21,-1,1,2,99,335,0,0,1,2,3,25,0,0,1,608011156,"7.12.3"
"C33501",1,"NXS10820211HH1",2025-06-24,-1,1,2,312,111,0,0,0,0,5,25,0,0,1,608011156,"7.12.3"
"C33504",1,"NXS10819976HH1",2025-06-07,-1,1,2,422,-1,0,0,1,0,5,55,0,0,1,608011156,"7.12.3"
"C33507",1,"NXS10819506HH1",2025-05-07,-1,1,2,302,245,0,0,0,0,2,25,0,0,1,608011156,"7.12.3"
"C33510",1,"NXS10819763HH1",2025-05-24,-1,1,2,302,-1,0,0,1,0,5,55,0,0,1,608011156,"7.12.3"
"C33513",2,"NXS11120188HH2",2025-06-22,-1,1,2,313,-1,0,0,1,0,245,25,1,0,1,608011156,"7.12.3"
"C33537",1,"NXS13520818HH1",2025-07-28,-1,5,2,313,-1,0,0,1,0,3,25,0,0,1,608011156,"7.12.3"
"C33540",1,"RRH12320275HH1",2025-06-27,-1,1,7,225,-1,1,9,1,0,5,55,0,0,4,608011156,"7.12.3"
"C33543",1,"NXS11020258HH1",2025-06-26,-1,1,2,313,106,0,0,1,0,5,24,0,0,1,608011156,"7.12.3"
"C33573",1,"RSO15220305HH2",2025-06-28,-1,1,9,410,-1,0,9,1,0,5,25,0,0,12,608011156,"7.12.3"
"C33579",1,"RRH15820376HH2",2025-07-03,-1,1,5,431,-1,0,0,0,0,257,25,1,0,4,608011156,"7.12.3"
"C33585",1,"NXS11119842HH1",2025-05-30,-1,1,2,98,229,1,0,1,0,3,55,0,0,1,608011156,"7.12.3"
"C33591",2,"NXS10221292HH2",2025-08-21,-1,1,2,431,-1,0,0,0,1,5,25,1,0,1,608011156,"7.12.3"
"C33597",2,"NXS10220330HH2",2025-06-29,-1,1,2,99,-1,0,0,0,0,5,18,0,0,1,608011156,"7.12.3"
"C33609",1,"NXS10720245HH1",2025-06-26,-1,1,2,98,51,0,0,0,2,25,25,0,0,1,608011156,"7.12.3"
"C33618",1,"NXS11320332HH1",2025-06-29,-1,1,2,313,-1,0,0,0,2,1,25,0,0,1,608011156,"7.12.3"
"C33624",1,"NXS11020333HH1",2025-06-29,-1,1,2,410,-1,0,0,1,0,346,25,0,0,1,608011156,"7.12.3"
"C33627",1,"NXS13520350HH1",2025-07-02,-1,1,2,206,-1,0,0,1,0,5,55,0,0,1,608011156,"7.12.3"
"C33630",2,"NXS10220325HH3",2025-06-29,-1,1,2,99,23,0,1,1,2,3,25,1,0,1,608011156,"7.12.3"
"C33642",2,"NXS11620358HH2",2025-07-02,-1,1,2,410,-1,0,0,0,0,5,25,1,0,1,608011156,"7.12.3"
"C33669",2,"NXS10220413HH6",2025-07-04,-1,1,2,410,-1,0,0,0,0,3,25,1,1,1,608011156,"7.12.3"
"C33687",3,"TRN11720156HH1",2025-06-20,-1,1,3,215,-1,0,9,1,0,5,-1,0,0,2,608011156,"7.12.3"
"C33690",3,"TRN11720158HH1",2025-06-20,-1,1,3,422,-1,0,0,1,0,5,-1,0,0,2,608011156,"7.12.3"
"C33696",1,"NXS11320363HH1",2025-07-02,-1,1,2,99,-1,1,0,1,2,456,25,0,0,1,608011156,"7.12.3"
"C33702",1,"NXS11320367HH1",2025-07-02,-1,1,2,423,181,0,1,1,2,5,25,0,0,1,608011156,"7.12.3"
"C33705",1,"NXS11320390HH1",2025-07-03,-1,1,2,422,47,0,0,1,0,3,25,0,0,1,608011156,"7.12.3"
"C33708",1,"NXS11320361HH1",2025-07-02,-1,1,2,423,31,0,0,0,0,5,25,0,0,1,608011156,"7.12.3"
"C33714",1,"TRN10420362HH1",2025-07-02,-1,1,3,410,-1,0,0,1,0,5,25,0,0,2,608011156,"7.12.3"
"C33717",1,"NXS11620317HH1",2025-06-28,-1,1,2,99,-1,0,0,1,0,35,25,0,0,1,608011156,"7.12.3"
"C33723",1,"NXS11020372HH1",2025-07-02,-1,1,2,98,-1,0,0,1,2,5,25,0,0,1,608011156,"7.12.3"
"C33726",1,"NXS10620381HH1",2025-07-03,-1,1,2,420,101,0,0,0,1,567,25,0,0,1,608011156,"7.12.3"
"C33732",2,"NXS13820406HH3",2025-07-04,-1,1,2,410,-1,1,0,0,0,5,25,1,0,1,608011156,"7.12.3"
"C33741",3,"NXS13820384HH3",2025-07-03,-1,1,2,98,-1,0,0,0,2,56,-1,1,0,1,608011156,"7.12.3"
"C33750",1,"NXS11220213HH1",2025-06-24,-1,1,2,99,89,0,4,0,2,5,25,0,0,1,608011156,"7.12.3"
"C33759",2,"NXS10220407HH2",2025-07-04,-1,1,2,312,-1,0,0,1,1,2,25,1,0,1,608011156,"7.12.3"
"C33765",2,"NXS10220409HH4",2025-07-04,-1,1,2,99,-1,0,0,0,0,3,24,1,0,1,608011156,"7.12.3"
"C33768",2,"NXS10220419HH2",2025-07-04,-1,1,2,99,-1,0,0,0,0,3,25,1,0,1,608011156,"7.12.3"
"C33780",1,"NBN10520120HH1",2025-06-21,-1,1,2,99,-1,0,0,1,0,3,25,0,0,1,608011156,"7.12.3"
"C33783",1,"NXS11020683HH1",2025-07-21,-1,1,2,302,-1,0,0,0,2,56,25,0,0,1,608011156,"7.12.3"
"C33786",2,"NXS10620468HH5",2025-07-06,-1,1,2,101,-1,0,0,0,0,4,24,1,1,1,608011156,"7.12.3"
"C33810",3,"NXS11220374HH1",2025-07-02,-1,1,2,422,-1,0,0,1,0,1,-1,0,0,1,608011156,"7.12.3"
"C33813",1,"NXS11320441HH1",2025-07-05,-1,1,2,313,-1,0,0,1,2,5,25,0,0,1,608011156,"7.12.3"
"C33816",1,"NXS11320439HH1",2025-07-05,-1,1,2,431,-1,0,0,1,0,3,55,0,0,1,608011156,"7.12.3"
"C33819",1,"NXS11320442HH1",2025-07-05,-1,1,2,422,121,0,0,0,0,6,55,0,0,1,608011156,"7.12.3"
"C33822",1,"NXS11320488HH1",2025-07-10,-1,1,2,313,26,0,0,1,0,3,25,0,0,1,608011156,"7.12.3"
"C33825",1,"NXS11320489HH1",2025-07-10,-1,1,2,313,71,0,0,1,0,3,25,0,0,1,608011156,"7.12.3"
"C33828",2,"NXS10220443HH2",2025-07-05,-1,1,2,99,-1,0,0,1,0,5,25,1,0,1,608011156,"7.12.3"
"C33837",1,"NXS10920466HH1",2025-07-06,-1,1,2,98,165,0,4,0,0,7,25,0,0,1,608011156,"7.12.3"
"C33840",1,"RRH15821271HH1",2025-08-20,-1,1,5,431,-1,0,0,1,0,5,25,0,0,4,608011156,"7.12.3"
"C33843",1,"NXS11219919HH1",2025-06-04,-1,1,2,98,-1,0,0,0,0,3,25,0,0,1,608011156,"7.12.3"
"C33888",2,"NXS10220521HH5",2025-07-11,-1,1,2,410,-1,0,0,1,0,3,25,1,1,1,608011156,"7.12.3"
"C33903",1,"RSO15220379HH2",2025-07-03,-1,1,9,410,-1,0,0,0,0,5,25,0,0,12,608011156,"7.12.3"
"C33918",1,"NXS10920562HH1",2025-07-14,-1,1,2,410,-1,0,0,0,0,5,24,0,0,1,608011156,"7.12.3"
"C33921",1,"NXS11020563HH1",2025-07-14,-1,1,2,98,164,0,0,0,2,5,25,0,0,1,608011156,"7.12.3"
"C33924",1,"NXS11220449HH1",2025-07-06,-1,1,2,420,-1,0,0,1,1,17,25,0,0,1,608011156,"7.12.3"
"C33927",1,"NXS11620506HH1",2025-07-10,-1,1,2,99,-1,0,0,0,0,3,18,0,0,1,608011156,"7.12.3"
"C33930",3,"NXS11620445HH1",2025-07-05,-1,1,2,313,-1,0,0,0,2,5,-1,0,0,1,608011156,"7.12.3"
"C33942",1,"NXS12920398HH1",2025-07-04,-1,1,2,99,-1,0,9,1,0,3,55,0,0,1,608011156,"7.12.3"
"C33945",99,"NXS11220270HH2",2025-06-27,-1,1,2,312,-1,0,0,0,2,5,-1,1,0,1,608011156,"7.12.3"
"C33954",2,"NXS11120575HH3",2025-07-15,-1,1,2,410,-1,0,0,0,1,24,25,1,0,1,608011156,"7.12.3"
"C33963",1,"NXS15120550HH1",2025-07-13,-1,1,2,332,-1,0,0,1,2,5,55,0,0,1,608011156,"7.12.3"
"C33966",1,"NXS15120551HH1",2025-07-13,-1,1,2,313,34,0,0,1,2,5,25,0,0,1,608011156,"7.12.3"
"C33969",2,"NXS10220583HH2",2025-07-16,-1,1,2,99,-1,0,0,0,0,3,18,1,0,1,608011156,"7.12.3"
"C34005",1,"NXS11320611HH1",2025-07-18,-1,1,2,313,-1,0,0,1,0,5,25,0,0,1,608011156,"7.12.3"
"C34008",1,"NXS11320606HH1",2025-07-18,-1,1,2,313,-1,1,1,1,2,5,55,0,0,1,608011156,"7.12.3"
"C34011",1,"NXS13520595HH1",2025-07-17,-1,1,2,422,-1,0,0,0,0,3,25,0,0,1,608011156,"7.12.3"
"C34020",1,"NXS10920593HH1",2025-07-17,-1,1,2,440,-1,1,1,1,0,5,25,0,0,1,608011156,"7.12.3"
"C34023",1,"NXS10620647HH1",2025-07-19,-1,1,2,313,-1,0,0,1,0,5,25,0,0,1,608011156,"7.12.3"
"C34029",1,"NXS11320659HH1",2025-07-20,-1,1,2,312,-1,0,4,0,2,5,25,0,0,1,608011156,"7.12.3"
"C34035",1,"NXS11020507HH1",2025-05-28,-1,5,2,98,-1,0,9,1,2,5,25,0,0,1,608011156,"7.12.3"
"C34038",1,"NXS11320650HH1",2025-07-19,-1,1,2,410,-1,0,4,0,0,3,18,0,0,1,608011156,"7.12.3"
"C34041",1,"NXS11320651HH1",2025-07-19,-1,1,2,410,-1,0,4,0,0,3,18,0,0,1,608011156,"7.12.3"
"C34044",1,"NXS10620624HH1",2025-07-18,-1,1,2,410,-1,0,0,0,0,3,25,0,0,1,608011156,"7.12.3"
"C34050",3,"NXS11220130HH1",2025-06-19,-1,1,2,411,-1,0,9,1,0,36,-1,0,0,1,608011156,"7.12.3"
"C34056",1,"NBN10520980HH1",2025-08-09,-1,5,2,99,-1,0,1,1,0,5,25,0,0,1,608011156,"7.12.3"
"C34059",1,"NXS11120629HH1",2025-07-18,-1,1,2,422,157,0,0,0,0,5,24,0,0,1,608011156,"7.12.3"
"C34062",1,"NXS11620644HH1",2025-07-19,-1,1,2,410,-1,0,0,0,0,3,25,0,0,1,608011156,"7.12.3"
"C34065",1,"NXS11019636HH1",2025-05-15,-1,1,2,302,139,0,0,1,0,37,55,0,0,1,608011156,"7.12.3"
"C34071",1,"NXS10620663HH1",2025-07-20,-1,1,2,99,182,0,0,1,0,5,25,0,0,1,608011156,"7.12.3"
"C34080",1,"NXS12920641HH1",2025-07-19,-1,1,2,99,-1,0,9,1,0,3,25,0,0,1,608011156,"7.12.3"
"C34089",1,"NXS12920677HH1",2025-07-20,-1,1,2,99,-1,0,9,1,0,5,25,0,0,1,608011156,"7.12.3"
"C34092",1,"NXS10920700HH1",2025-07-23,-1,1,2,422,-1,0,0,1,0,5,25,0,0,1,608011156,"7.12.3"
"C34095",1,"NXS11120684HH1",2025-07-21,-1,1,2,313,-1,0,0,1,1,5,25,0,0,1,608011156,"7.12.3"
"C34098",2,"NXS11120706HH3",2025-07-23,-1,1,2,302,-1,0,0,0,1,5,25,1,0,1,608011156,"7.12.3"
"C34107",1,"NXS11120591HH1",2025-07-16,-1,1,2,99,39,0,0,0,0,5,25,0,0,1,608011156,"7.12.3"
"C34110",2,"RRH15820843HH2",2025-07-31,-1,1,5,431,-1,0,0,1,2,5,25,1,0,4,608011156,"7.12.3"
"C34116",2,"NXS10620711HH5",2025-07-23,-1,1,2,420,-1,0,0,0,1,3,25,1,1,1,608011156,"7.12.3"
"C34134",1,"NXS11320748HH1",2025-07-24,-1,1,2,422,260,0,0,1,1,3,25,0,0,1,608011156,"7.12.3"
"C34137",1,"NXS11320718HH1",2025-07-23,-1,1,2,423,-1,0,0,1,0,5,55,0,0,1,608011156,"7.12.3"
"C34146",2,"NXS11020734HH3",2025-07-24,-1,1,2,410,-1,0,0,0,0,57,25,1,0,1,608011156,"7.12.3"
"C34158",1,"NXS10620720HH1",2025-07-23,-1,1,2,99,-1,1,0,1,0,3,25,0,0,1,608011156,"7.12.3"
"C34167",1,"NXS11320673HH1",2025-07-20,-1,1,2,313,-1,1,0,1,0,3,25,0,0,1,608011156,"7.12.3"
"C34173",1,"NXS11320722HH1",2025-07-23,-1,1,2,313,-1,0,0,1,0,56,25,0,0,1,608011156,"7.12.3"
"C34182",1,"NXS11320772HH1",2025-07-25,-1,1,2,423,-1,0,0,1,0,3,25,0,0,1,608011156,"7.12.3"
"C34185",1,"NXS11320774HH1",2025-07-25,-1,1,2,410,-1,0,0,0,0,5,25,0,0,1,608011156,"7.12.3"
"C34188",1,"RRH15820853HH1",2025-07-31,-1,1,5,410,-1,0,0,1,2,5,55,0,0,4,608011156,"7.12.3"
"C34194",1,"NXS10720752HH1",2025-07-24,-1,1,2,98,-1,0,4,0,2,5,18,0,0,1,608011156,"7.12.3"
"C34197",1,"NBN10520790HH1",2025-07-28,-1,1,2,99,305,0,0,0,0,5,25,0,0,1,608011156,"7.12.3"
"C34200",1,"NXS11620758HH1",2025-07-25,-1,1,2,99,-1,0,9,1,3,124,25,0,0,1,608011156,"7.12.3"
"C34212",1,"NBN10520817HH1",2025-07-31,-1,1,2,99,-1,0,0,1,0,3,25,0,0,1,608011156,"7.12.3"
"C34215",1,"TRN10420801HH1",2025-07-27,-1,1,3,410,-1,0,0,1,0,125,25,0,0,2,608011156,"7.12.3"
"C34224",2,"NXS10220962HH3",2025-08-05,-1,1,2,313,-1,0,0,0,0,3,25,1,0,1,608011156,"7.12.3"
"C34227",1,"NXS11020759HH1",2025-07-25,-1,1,2,98,-1,0,0,0,2,126,25,0,0,1,608011156,"7.12.3"
"C34236",1,"NXS10621025HH1",2025-08-07,-1,1,2,420,-1,0,0,1,0,5,25,0,0,1,608011156,"7.12.3"
"C34239",1,"NXS10920799HH1",2025-07-27,-1,1,2,98,121,0,0,0,0,5,18,0,0,1,608011156,"7.12.3"
"C34257",1,"NXS11221190HH1",2025-07-31,-1,5,2,99,199,0,0,1,1,5,25,0,0,1,608011156,"7.12.3"
"C34260",1,"NXS11320831HH1",2025-07-30,-1,1,2,313,47,0,0,1,0,3,25,0,0,1,608011156,"7.12.3"
"C34266",1,"NBN10520861HH1",2025-08-01,-1,1,2,99,-1,0,0,0,1,5,25,0,0,1,608011156,"7.12.3"
"C34275",1,"TRN10420863HH1",2025-08-01,-1,1,3,312,-1,0,0,1,0,5,25,0,0,2,608011156,"7.12.3"
"C34281",1,"NXS10620848HH1",2025-07-31,-1,1,2,99,-1,0,0,0,0,135,25,0,0,1,608011156,"7.12.3"
"C34284",1,"NXS11321023HH1",2025-08-07,-1,1,2,313,-1,0,0,0,0,5,25,0,0,1,608011156,"7.12.3"
"C34287",1,"NXS11320932HH1",2025-08-03,-1,1,2,422,-1,0,0,1,2,5,25,0,0,1,608011156,"7.12.3"
"C34290",2,"NXS10721587HH2",2025-09-04,-1,1,2,99,-1,0,0,0,0,5,25,1,0,1,608011156,"7.12.3"
"C34299",2,"NBN10520888HH6",2025-08-02,-1,1,2,99,-1,0,0,1,0,136,25,1,1,1,608011156,"7.12.3"
"C34320",1,"NXS10621236HH1",2025-07-31,-1,5,2,313,-1,0,9,1,0,3,25,0,0,1,608011156,"7.12.3"
"C34341",1,"NXS11320997HH1",2025-08-06,-1,1,2,423,221,0,0,1,0,56,25,0,0,1,608011156,"7.12.3"
"C34347",1,"RRH16021276HH1",2025-08-21,-1,1,5,410,21,0,0,1,0,5,25,0,0,4,608011156,"7.12.3"
"C34350",1,"NXS10620905HH1",2025-08-02,-1,1,2,99,-1,0,0,0,0,146,25,0,0,1,608011156,"7.12.3"
"C34359",1,"NXS10620885HH1",2025-08-02,-1,1,2,99,-1,0,0,1,0,5,25,0,0,1,608011156,"7.12.3"
"C34395",3,"NXS10621192HH1",2025-08-15,-1,1,2,204,-1,0,0,1,0,167,-1,0,0,1,608011156,"7.12.3"
"C34404",1,"NXS10820869HH1",2025-08-01,-1,1,2,313,-1,0,0,1,0,5,25,0,0,1,608011156,"7.12.3"
"C34407",1,"NXS11020958HH1",2025-08-04,-1,1,2,313,-1,0,0,1,0,3,55,0,0,1,608011156,"7.12.3"
"C34410",1,"NXS11020957HH1",2025-08-04,-1,1,2,312,-1,0,0,0,0,5,18,0,0,1,608011156,"7.12.3"
"C34416",1,"NXS10721119HH1",2025-07-31,-1,5,2,99,-1,0,1,1,2,56,25,0,0,1,608011156,"7.12.3"
"C34440",99,"RRH15821136HH3",2025-08-14,-1,1,5,431,-1,0,0,1,2,5,-1,1,0,4,608011156,"7.12.3"
"C34461",1,"TRN10420915HH1",2025-08-03,-1,1,3,99,-1,0,0,1,2,237,25,0,0,2,608011156,"7.12.3"
"C34476",1,"NXS11320995HH1",2025-08-06,-1,1,2,206,16,0,0,0,0,5,25,0,0,1,608011156,"7.12.3"
"C34479",1,"NXS11620960HH1",2025-08-05,-1,1,2,313,119,0,0,0,2,245,25,0,0,1,608011156,"7.12.3"
"C34482",1,"NXS10220912HH2",2025-08-02,-1,1,2,99,-1,0,0,0,0,3,25,0,0,1,608011156,"7.12.3"
"C34488",1,"NXS11621045HH1",2025-08-08,-1,1,2,410,-1,0,0,1,0,3,25,0,0,1,608011156,"7.12.3"
"C34494",1,"NXS10620916HH1",2025-08-03,-1,1,2,99,-1,0,4,0,0,246,25,0,0,1,608011156,"7.12.3"
"C34500",1,"NXS10621024HH1",2025-08-07,-1,1,2,410,-1,0,0,0,0,3,25,0,0,1,608011156,"7.12.3"
"C34509",1,"NXS11321183HH1",2025-08-15,-1,1,2,422,-1,0,0,0,1,5,25,0,0,1,608011156,"7.12.3"
"C34548",1,"NXS10921042HH1",2025-08-08,-1,1,2,98,-1,0,0,0,0,257,25,0,0,1,608011156,"7.12.3"
"C34560",1,"NXS11321033HH1",2025-08-08,-1,1,2,423,-1,0,0,0,0,3,25,0,0,1,608011156,"7.12.3"
"C34563",1,"NXS11321034HH1",2025-08-08,-1,1,2,101,190,0,4,0,0,5,25,0,0,1,608011156,"7.12.3"
"C34569",1,"NXS11321065HH1",2025-08-09,-1,1,2,205,-1,0,4,0,1,5,25,0,0,1,608011156,"7.12.3"
"C34587",1,"NBN10521200HH1",2025-08-12,-1,5,2,99,-1,0,4,0,0,3,25,0,0,1,608011156,"7.12.3"
"C34593",1,"NXS10621116HH1",2025-08-12,-1,1,2,313,-1,0,0,0,0,3,25,0,0,1,608011156,"7.12.3"
"C34596",1,"NXS11021044HH1",2025-08-08,-1,1,2,225,-1,0,0,1,2,5,55,0,0,1,608011156,"7.12.3"
"C34599",1,"NXS11021089HH1",2025-08-10,-1,1,2,423,-1,0,1,1,0,346,25,0,0,1,608011156,"7.12.3"
"C34614",1,"NXS15121029HH1",2025-08-07,-1,1,2,225,-1,0,0,1,0,347,55,0,0,1,608011156,"7.12.3"
"C34617",99,"NXS15120938HH1",2025-08-03,-1,1,2,313,-1,0,9,1,0,5,-1,0,0,1,608011156,"7.12.3"
"C34620",99,"NXS15121043HH1",2025-08-08,-1,1,2,313,-1,0,9,1,0,5,-1,0,0,1,608011156,"7.12.3"
"C34623",1,"NXS11121081HH1",2025-08-10,-1,1,2,422,-1,0,0,1,0,5,25,0,0,1,608011156,"7.12.3"
"C34650",2,"NXS10221070HH4",2025-08-09,-1,1,2,410,-1,0,0,0,0,357,25,1,1,1,608011156,"7.12.3"
"C34653",2,"NXS10220948HH4",2025-08-04,-1,1,2,99,-1,0,0,0,0,56,25,1,1,1,608011156,"7.12.3"
"C34668",2,"NXS10620969HH5",2025-08-06,-1,1,2,422,-1,0,0,0,1,3,25,1,1,1,608011156,"7.12.3"
"C34683",1,"NBN10521125HH1",2025-08-13,-1,1,2,99,-1,0,0,1,0,456,25,0,0,1,608011156,"7.12.3"
"C34686",1,"NBN10521243HH1",2025-08-20,-1,1,2,99,-1,0,0,0,0,5,25,0,0,1,608011156,"7.12.3"
"C34689",1,"NXS12921137HH1",2025-08-14,-1,1,2,99,-1,0,0,0,0,5,25,0,0,1,608011156,"7.12.3"
"C34722",2,"NXS10220815HH2",2025-07-27,-1,1,2,423,-1,0,0,1,1,3,24,1,0,1,608011156,"7.12.3"
"C34734",1,"NXS11321154HH1",2025-08-14,-1,1,2,101,-1,0,1,1,3,5,25,0,0,1,608011156,"7.12.3"
"C34740",1,"NXS11321182HH1",2025-08-15,-1,1,2,423,-1,0,1,1,0,3,25,0,0,1,608011156,"7.12.3"
"C34758",2,"NXS10221097HH2",2025-08-10,-1,1,2,422,-1,0,0,0,1,56,25,1,0,1,608011156,"7.12.3"
"C34764",1,"NXS11121204HH1",2025-08-16,-1,1,2,313,-1,0,0,0,1,5,25,0,0,1,608011156,"7.12.3"
"C34788",1,"NXS12921220HH1",2025-08-17,-1,1,2,99,-1,0,9,1,0,5,55,0,0,1,608011156,"7.12.3"
"C34791",2,"NXS10221156HH6",2025-08-14,-1,1,2,99,-1,0,0,0,0,4,25,1,1,1,608011156,"7.12.3"
"C34827",1,"NXS11121000HH1",2025-08-06,-1,1,2,410,60,0,4,0,0,6,25,0,0,1,608011156,"7.12.3"
"C34830",1,"NXS15121229HH1",2025-08-17,-1,1,2,312,-1,0,0,1,2,5,25,0,0,1,608011156,"7.12.3"
"C34836",1,"NXS11121163HH1",2025-08-14,-1,1,2,314,-1,0,0,1,2,56,55,0,0,1,608011156,"7.12.3"
"C34839",3,"TRN11720425HH1",2025-07-05,-1,1,3,422,-1,0,0,1,0,5,-1,0,0,2,608011156,"7.12.3"
"C34842",3,"TRN11720732HH1",2025-07-24,-1,1,3,101,-1,0,0,0,0,5,-1,0,0,2,608011156,"7.12.3"
"C34845",3,"TRN11721175HH1",2025-08-15,-1,1,3,215,15,0,0,1,0,7,-1,0,0,2,608011156,"7.12.3"
"C34848",3,"TRN11721725HH1",2025-08-17,-1,5,3,215,-1,0,9,1,0,3,-1,0,0,2,608011156,"7.12.3"
"C34857",1,"NBN10521386HH1",2025-08-24,-1,5,2,99,76,0,0,0,0,3,18,0,0,1,608011156,"7.12.3"
"C34860",1,"NXS10621252HH1",2025-08-20,-1,1,2,98,-1,0,1,1,0,5,25,0,0,1,608011156,"7.12.3"
"C34872",1,"NXS11621249HH1",2025-08-19,-1,1,2,99,-1,0,1,1,2,5,25,0,0,1,608011156,"7.12.3"
"C34875",1,"NXS11121239HH1",2025-08-17,-1,1,2,313,-1,0,0,1,0,5,55,0,0,1,608011156,"7.12.3"
"C34878",1,"NBN10521299HH1",2025-08-23,-1,1,2,99,27,1,0,1,0,13,55,0,0,1,608011156,"7.12.3"
"C34881",1,"NXS11121285HH1",2025-08-21,-1,1,2,410,-1,1,0,0,0,5,25,0,0,1,608011156,"7.12.3"
"C34884",1,"NXS11121240HH2",2025-08-18,-1,1,2,98,148,1,1,1,2,5,24,0,0,1,608011156,"7.12.3"
"C34890",1,"NXS10621286HH1",2025-08-21,-1,1,2,99,-1,0,0,1,0,5,25,0,0,1,608011156,"7.12.3"
"C34908",2,"NXS10221308HH2",2025-08-22,-1,1,2,313,-1,0,0,0,1,3,25,1,0,1,608011156,"7.12.3"
"C34938",1,"NBN10521375HH1",2025-08-26,-1,1,2,99,-1,0,0,0,0,3,25,0,0,1,608011156,"7.12.3"
"C34944",1,"NXS11021319HH1",2025-08-23,-1,1,2,99,-1,0,0,1,0,5,25,0,0,1,608011156,"7.12.3"
"C34950",1,"NXS10621361HH1",2025-08-24,-1,1,2,99,-1,1,1,1,0,5,25,0,0,1,608011156,"7.12.3"
"C34965",1,"NXS15121387HH1",2025-08-26,-1,1,2,313,-1,0,0,1,0,23,25,0,0,1,608011156,"7.12.3"
"C34977",99,"NXS11321317HH1",2025-08-23,-1,1,2,422,-1,0,0,0,0,5,-1,0,0,1,608011156,"7.12.3"
"C35001",1,"NXS12921423HH1",2025-08-27,-1,1,2,99,106,0,9,1,0,25,55,0,0,1,608011156,"7.12.3"
"C35004",1,"NXS15121353HH1",2025-08-24,-1,1,2,118,-1,0,1,1,1,5,25,0,0,1,608011156,"7.12.3"
"C35031",1,"NXS11321419HH1",2025-08-27,-1,1,2,422,-1,0,0,0,0,3,25,0,0,1,608011156,"7.12.3"
"C35052",2,"NXS10221357HH2",2025-08-24,-1,1,2,312,-1,0,0,1,0,35,18,1,0,1,608011156,"7.12.3"
"C35058",2,"NXS10621275HH5",2025-08-21,-1,1,2,410,-1,0,4,0,0,4,25,1,1,1,608011156,"7.12.3"
"C35091",1,"TRN10421440HH1",2025-08-28,-1,1,3,422,-1,0,0,1,2,5,25,0,0,2,608011156,"7.12.3"
"C35094",1,"NXS10820695HH1",2025-07-23,-1,1,2,312,-1,0,0,0,0,1,25,0,0,1,608011156,"7.12.3"
"C35097",1,"NXS10820793HH1",2025-07-27,-1,1,2,423,49,0,0,1,2,5,25,0,0,1,608011156,"7.12.3"
"C35100",1,"NXS10821134HH1",2025-08-14,-1,1,2,207,-1,0,0,1,0,5,25,0,0,1,608011156,"7.12.3"
"C35124",1,"NXS10821195HH1",2025-08-16,-1,1,2,312,-1,0,0,1,0,5,55,0,0,1,608011156,"7.12.3"
"C35127",1,"NXS10821003HH1",2025-08-07,-1,1,2,313,-1,0,4,0,2,46,25,0,0,1,608011156,"7.12.3"
"C35151",1,"NXS11321372HH1",2025-08-25,-1,1,2,99,-1,1,0,0,0,3,55,0,0,1,608011156,"7.12.3"
"C35154",1,"NXS11321485HH1",2025-08-30,-1,1,2,423,-1,0,0,0,0,5,55,0,0,1,608011156,"7.12.3"
"C35163",1,"NXS10621486HH1",2025-08-30,-1,1,2,99,-1,0,4,0,1,56,25,0,0,1,608011156,"7.12.3"
"C35169",1,"NBN10521524HH1",2025-09-03,-1,1,2,99,-1,0,0,0,0,13,25,0,0,1,608011156,"7.12.3"
"C35175",1,"NXS13821398HH1",2025-08-27,-1,1,2,411,-1,0,0,0,0,3,25,0,0,1,608011156,"7.12.3"
"C35178",1,"NBN10521548HH1",2025-09-03,-1,1,2,99,69,1,0,1,2,57,55,0,0,1,608011156,"7.12.3"
"C35181",1,"NXS11621554HH1",2025-09-03,-1,1,2,99,-1,0,0,0,0,5,25,0,0,1,608011156,"7.12.3"
"C35190",3,"TRN11721501HH1",2025-08-31,-1,1,3,422,-1,0,0,1,0,5,-1,0,0,2,608011156,"7.12.3"
"C35193",1,"NXS12921558HH1",2025-09-03,-1,1,2,99,-1,0,0,1,0,5,25,0,0,1,608011156,"7.12.3"
"C35217",1,"NXS11021561HH1",2025-09-03,-1,1,2,99,107,0,9,1,2,15,25,0,0,1,608011156,"7.12.3"
"C35220",1,"NXS11321563HH1",2025-09-03,-1,1,2,423,-1,0,0,0,3,5,25,0,0,1,608011156,"7.12.3"
"C35235",1,"NXS11321617HH1",2025-09-05,-1,1,2,422,-1,0,0,1,0,3,25,0,0,1,608011156,"7.12.3"
"C35322",1,"RRH15921688HH1",2025-09-07,-1,1,5,410,-1,0,0,0,0,1,25,0,0,4,608011156,"7.12.3"
"C35331",1,"NXS10621676HH1",2025-09-07,-1,1,2,313,-1,0,0,1,1,134,18,0,0,1,608011156,"7.12.3"
"C35334",1,"NBN10521974HH1",2025-09-08,-1,5,2,99,-1,0,0,0,0,3,25,0,0,1,608011156,"7.12.3"
"C35361",1,"NXS13821282HH1",2025-08-21,-1,1,2,422,-1,0,0,0,1,5,55,0,0,1,608011156,"7.12.3"
"C35385",1,"NXS11621637HH1",2025-09-06,-1,1,2,314,-1,0,0,1,0,137,55,0,0,1,608011156,"7.12.3"
"C35391",1,"NBN10521735HH1",2025-09-11,-1,1,2,99,-1,0,0,1,0,5,25,0,0,1,608011156,"7.12.3"
"C35403",1,"NXS11221739HH1",2025-09-10,-1,1,2,422,-1,0,0,0,0,145,55,0,0,1,608011156,"7.12.3"
"C35409",1,"NXS11621416HH1",2025-08-27,-1,1,2,313,-1,0,0,1,2,5,25,0,0,1,608011156,"7.12.3"
"C35418",1,"NXS11621320HH1",2025-08-23,-1,1,2,207,-1,0,6,1,0,5,25,0,0,1,608011156,"7.12.3"
"C35448",1,"NXS13821742HH1",2025-09-10,-1,1,2,431,-1,0,0,0,0,56,55,0,0,1,608011156,"7.12.3"
"C35502",2,"NBN10521824HH2",2025-09-13,-1,1,2,99,-1,0,0,0,1,3,24,1,0,1,608011156,"7.12.3"
"C35529",1,"NXS11321773HH1",2025-09-11,-1,1,2,423,-1,0,1,1,2,5,25,0,0,1,608011156,"7.12.3"
"C35535",1,"NXS11321864HH1",2025-09-14,-1,1,2,423,-1,0,0,1,3,5,25,0,0,1,608011156,"7.12.3"
"C35559",1,"NXS11021872HH1",2025-09-15,-1,1,2,99,-1,0,4,0,3,3,55,0,0,1,608011156,"7.12.3"
"C35568",1,"NXS12921322HH1",2025-08-23,-1,1,2,98,-1,0,0,0,0,245,18,0,0,1,608011156,"7.12.3"
"C35571",1,"NXS12920450HH1",2025-07-06,-1,1,2,99,-1,0,0,0,0,36,25,0,0,1,608011156,"7.12.3"
"C36312",1,"NXS11118710HH1",2025-02-27,-1,1,2,98,359,0,0,0,2,5,25,0,0,1,608011156,"7.12.3"
"C36468",1,"NXS10821755HH1",2025-09-11,-1,1,2,423,-1,0,0,0,0,5,25,0,0,1,608011156,"7.12.3"
"C36861",1,"NXS10821076HH1",2025-08-10,-1,1,2,420,-1,1,0,0,0,5,55,0,0,1,608011156,"7.12.3"
"C43665",1,"PSH18028662HH1",2023-03-01,-1,1,6,423,-1,1,0,1,0,5,25,0,0,-1,608011156,"7.12.1"
"C10980",1,"RSO15222829HH1",2025-08-06,0,5,10,434,-1,0,1,1,0,5,55,0,0,1,608011156,"7.12.2"
"C10992",1,"NXS11622966HH1",2025-11-07,0,4,2,99,-1,0,4,0,0,5,55,0,0,1,608011156,"7.12.2"
"C11013",1,"PSH14821545HH1",2024-05-06,0,5,6,24,-1,0,1,1,0,5,25,0,0,-1,608011156,"7.12.1"
"C11016",1,"NXS13825558HH1",2026-02-22,0,1,2,410,-1,0,0,1,1,5,25,0,0,1,608011156,"7.12.2"
"C11034",1,"NXS10921801HH1",2025-09-12,0,1,2,410,-1,0,0,1,2,167,25,0,0,1,608011156,"7.12.2"
"C11046",1,"NXS10622414HH1",2025-10-09,0,2,2,428,-1,0,0,0,2,5,25,0,0,1,608011156,"7.12.2"
"C11070",2,"NXS10223471HH3",2025-11-26,0,1,2,431,-1,0,0,0,0,5,25,1,0,1,608011156,"7.12.2"
"C11139",1,"NXS11625461HH1",2026-02-16,0,1,2,313,47,0,9,1,0,6,18,0,0,1,608011156,"7.12.2"
"C11145",1,"NXS12921048HH1",2025-08-08,0,1,2,99,-1,0,0,0,0,5,25,0,0,1,608011156,"7.12.2"
"C11148",1,"NXS10622261HH1",2025-10-03,0,1,2,99,-1,0,4,0,2,3,18,0,0,1,608011156,"7.12.2"
"C11163",3,"NXS10623077HH1",2025-11-10,0,3,2,99,-1,0,0,0,2,5,-1,0,0,1,608011156,"7.12.2"
"C11205",1,"NXS13822516HH1",2025-10-13,0,1,2,312,-1,0,0,1,0,5,18,0,0,1,608011156,"7.12.2"
"C11214",1,"NXS12724998HH1",2025-11-20,0,5,2,116,-1,0,4,0,0,3,25,0,0,1,608011156,"7.12.2"
"C11220",2,"NXS10224661HH2",2026-01-11,0,1,2,99,-1,0,0,1,0,4,25,1,0,1,608011156,"7.12.2"
"C11226",2,"NXS11122721HH2",2025-10-23,0,1,2,312,-1,0,9,1,0,5,25,1,0,1,608011156,"7.12.2"
"C11229",1,"NXS10623832HH1",2025-12-10,0,1,2,99,-1,0,0,1,2,3,25,0,0,1,608011156,"7.12.2"
"C11232",2,"NXS10623535HH3",2025-11-28,0,1,2,99,-1,0,0,0,2,3,25,1,0,1,608011156,"7.12.2"
"C11250",1,"NXS10625134HH1",2026-02-01,0,1,2,98,-1,0,0,1,2,3,25,0,0,1,608011156,"7.12.2"
"C11262",1,"NXS10823591HH1",2025-11-30,0,1,2,312,-1,0,1,1,2,56,25,0,0,1,608011156,"7.12.2"
"C11268",1,"NXS10623157HH1",2025-11-13,0,4,2,99,-1,0,0,1,0,3,25,0,0,1,608011156,"7.12.2"
"C11292",1,"NXS11022339HH1",2025-10-06,0,3,2,312,-1,0,1,1,2,5,25,0,0,1,608011156,"7.12.2"
"C11295",1,"NBN10524407HH1",2025-11-14,0,5,2,99,-1,0,0,0,0,56,55,0,0,1,608011156,"7.12.2"
"C11319",1,"NXS11625717HH1",2026-03-03,0,1,2,99,-1,0,0,0,0,5,25,0,0,1,608011156,"7.12.2"
"C11328",1,"NXS10922535HH1",2025-08-06,0,5,2,410,-1,0,0,1,0,5,25,0,0,1,608011156,"7.12.2"
"C11349",2,"NXS10225418HH2",2026-02-15,0,1,2,99,-1,0,0,0,1,5,25,1,0,1,608011156,"7.12.2"
"C11412",1,"NXS11324251HH1",2025-11-28,0,5,2,423,30,0,0,0,0,5,25,0,0,1,608011156,"7.12.2"
"C11424",1,"NXS10625306HH1",2026-02-11,0,1,2,99,-1,0,0,1,0,35,55,0,0,1,608011156,"7.12.2"
"C11433",1,"NXS11323379HH1",2025-11-22,0,4,2,116,-1,0,4,0,0,5,55,0,0,1,608011156,"7.12.2"
"C11472",1,"NXS11323661HH1",2025-12-03,0,1,2,423,-1,0,1,1,0,47,55,0,0,1,608011156,"7.12.2"
"C11478",1,"NXS10622979HH1",2025-11-07,0,4,2,206,-1,0,4,0,0,5,55,0,0,1,608011156,"7.12.2"
"C11484",1,"NXS11622477HH1",2025-10-11,0,1,2,423,-1,0,9,0,0,5,25,0,0,1,608011156,"7.12.2"
"C11496",99,"NXS11624102HH1",2025-12-19,0,1,2,314,-1,0,0,0,0,5,-1,0,0,1,608011156,"7.12.2"
"C11508",1,"NXS10625183HH1",2026-02-04,0,1,2,206,-1,1,0,0,2,5,25,0,0,1,608011156,"7.12.2"
"C11517",1,"NXS10622759HH1",2025-10-25,0,4,2,98,85,0,0,0,0,5,25,0,0,1,608011156,"7.12.2"
"C11538",1,"NXS10622353HH1",2025-10-08,0,4,2,98,-1,0,0,1,0,5,25,0,0,1,608011156,"7.12.2"
"C11547",1,"NXS10623260HH1",2025-11-17,0,1,2,410,134,0,0,0,2,5,25,0,0,1,608011156,"7.12.2"
"C11559",1,"NXS10622575HH1",2025-10-15,0,2,2,101,-1,0,1,1,0,5,25,0,0,1,608011156,"7.12.2"
"C11568",1,"NXS14724429HH1",2026-01-02,0,1,2,422,-1,0,0,1,0,36,25,0,0,1,608011156,"7.12.2"
"C11583",1,"NXS14722905HH1",2025-11-05,0,4,2,423,57,0,1,1,0,13,55,0,0,1,608011156,"7.12.2"
"C11589",1,"NXS11622143HH1",2025-09-28,0,1,2,422,-1,0,0,0,0,5,25,0,0,1,608011156,"7.12.2"
"C11610",1,"NXS11321999HH1",2025-09-11,0,5,2,24,-1,0,4,0,0,6,25,0,0,1,608011156,"7.12.2"
"C11613",1,"NXS10622158HH1",2025-09-30,0,1,2,99,-1,0,0,0,0,3,25,0,0,1,608011156,"7.12.2"
"C11619",1,"NXS11323189HH1",2025-11-14,0,1,2,423,177,0,0,0,0,137,55,0,0,1,608011156,"7.12.2"
"C11622",2,"NXS10217338HH4",2024-11-13,0,1,2,421,-1,0,1,1,2,3,25,1,1,1,608011156,"7.12.2"
"C11661",1,"NXS11325204HH1",2026-02-05,0,3,2,422,-1,0,0,1,0,5,25,0,0,1,608011156,"7.12.2"
"C11664",1,"NXS11324985HH1",2026-01-25,0,4,2,423,-1,0,2,1,0,5,25,0,0,1,608011156,"7.12.2"
"C11673",1,"NXS11322951HH1",2025-11-06,0,1,2,423,-1,0,0,1,0,5,25,0,0,1,608011156,"7.12.2"
"C11685",1,"NXS10622441HH1",2025-10-10,0,1,2,410,-1,0,0,0,2,3,25,0,0,1,608011156,"7.12.2"
"C11697",1,"NXS11022180HH1",2025-10-01,0,1,2,206,-1,0,0,1,0,5,55,0,0,1,608011156,"7.12.2"
"C11730",1,"NXS10823570HH1",2025-11-29,0,1,2,206,-1,0,9,1,0,5,55,0,0,1,608011156,"7.12.2"
"C11751",1,"NXS11221526HH1",2025-09-02,0,1,2,411,-1,0,0,0,0,5,55,0,0,1,608011156,"7.12.2"
"C11760",1,"NXS12723545HH1",2025-11-28,0,1,2,101,-1,0,9,1,0,5,55,0,0,1,608011156,"7.12.2"
"C11763",1,"NXS10821521HH1",2025-09-01,0,1,2,410,289,0,9,1,0,245,25,0,0,1,608011156,"7.12.2"
"C11775",1,"NXS10623678HH1",2025-12-04,0,1,2,99,-1,0,0,0,0,36,25,0,0,1,608011156,"7.12.2"
"C11778",1,"NBN10525094HH1",2026-01-31,0,1,2,99,-1,0,0,1,0,246,25,0,0,1,608011156,"7.12.2"
"C11781",1,"NXS10621666HH1",2025-03-28,0,5,2,206,-1,0,1,1,2,3,25,0,0,5,608011156,"7.12.2"
"C11787",1,"NXS11322303HH2",2025-10-04,0,4,2,410,213,0,1,1,0,3,25,0,0,1,608011156,"7.12.2"
"C11796",1,"NXS11321949HH1",2025-09-18,0,3,2,423,-1,0,1,1,2,247,25,0,0,1,608011156,"7.12.2"
"C11805",1,"NXS14723837HH1",2025-11-09,0,5,2,423,-1,0,0,0,3,3,25,0,0,1,608011156,"7.12.2"
"C11817",1,"NXS11621874HH1",2025-09-15,0,4,2,313,-1,0,1,1,0,5,55,0,0,1,608011156,"7.12.2"
"C11820",1,"NXS11624005HH1",2025-12-16,0,1,2,99,86,0,0,0,0,5,25,0,0,1,608011156,"7.12.2"
"C11826",1,"NXS10621602HH1",2025-09-05,0,1,2,99,-1,0,0,1,2,5,25,0,0,1,608011156,"7.12.2"
"C11835",1,"NXS11322121HH1",2025-09-25,0,1,2,420,-1,1,0,1,0,3,55,0,0,1,608011156,"7.12.2"
"C11844",1,"NXS10922625HH1",2025-10-18,0,1,2,98,-1,0,0,0,0,5,25,0,0,1,608011156,"7.12.2"
"C11847",2,"NXS10623183HH3",2025-11-14,0,1,2,420,-1,0,0,0,2,5,25,1,0,1,608011156,"7.12.2"
"C11877",1,"NXS12723845HH1",2025-11-09,0,5,2,116,-1,0,9,1,2,15,25,0,0,1,608011156,"7.12.2"
"C11880",1,"NXS10622796HH1",2025-10-29,0,4,2,99,215,0,0,1,2,5,25,0,0,1,608011156,"7.12.2"
"C11892",2,"NXS10625358HH6",2026-02-13,0,1,2,99,-1,0,0,0,0,3,25,1,1,1,608011156,"7.12.2"
"C11910",2,"NXS10223135HH2",2025-11-13,0,1,2,99,-1,0,0,0,1,3,18,1,0,1,608011156,"7.12.2"
"C11937",1,"NXS10624220HH1",2025-12-25,0,1,2,99,-1,0,0,0,0,3,25,0,0,1,608011156,"7.12.2"
"C11940",1,"NXS11022834HH1",2025-10-31,0,1,2,206,-1,0,0,1,2,5,55,0,0,1,608011156,"7.12.2"
"C11949",1,"NXS10623767HH1",2025-12-06,0,1,2,99,-1,0,0,1,0,3,55,0,0,1,608011156,"7.12.2"
"C11961",2,"NXS10220906HH2",2025-08-02,0,1,2,410,-1,0,0,1,2,56,25,1,0,1,608011156,"7.12.2"
"C11973",1,"NXS12723762HH1",2025-12-06,0,1,2,423,-1,1,1,1,2,5,25,0,0,1,608011156,"7.12.2"
"C11982",1,"NBN10522682HH1",2025-10-24,0,1,2,99,-1,0,0,0,0,4,25,0,0,1,608011156,"7.12.2"
"C12018",1,"RRH12425267HH1",2026-02-08,0,3,5,434,-1,1,1,1,0,7,55,0,0,4,608011156,"7.12.2"
"C12027",1,"NXS12723976HH1",2025-12-14,0,3,2,423,-1,0,0,1,0,12,25,0,0,1,608011156,"7.12.2"
"C12051",1,"NXS10921445HH1",2025-08-28,0,1,2,205,-1,0,9,1,2,5,25,0,0,1,608011156,"7.12.2"
"C12054",2,"NXS10622991HH5",2025-11-07,0,1,2,312,-1,0,0,1,2,5,25,1,1,1,608011156,"7.12.2"
"C12066",1,"RRH12622736HH1",2025-10-24,0,2,7,24,-1,0,1,1,1,46,25,0,0,4,608011156,"7.12.2"
"C12078",2,"RRH16020070HH2",2025-06-14,0,1,7,99,-1,0,4,0,2,5,24,1,0,4,608011156,"7.12.2"
"C12087",1,"NXS10624106HH1",2025-12-19,0,1,2,204,-1,0,0,1,2,17,25,0,0,1,608011156,"7.12.2"
"C12096",1,"NXS11420541HH1",2025-07-12,0,1,2,313,-1,0,0,1,0,5,25,0,0,1,608011156,"7.12.2"
"C12099",1,"RRH16121120HH1",2025-06-20,0,5,5,420,-1,0,1,1,1,3,25,0,0,5,608011156,"7.12.2"
"C12132",1,"NXS14723892HH1",2025-12-12,0,5,2,423,-1,0,1,1,0,5,55,0,0,1,608011156,"7.12.2"
"C12138",1,"NXS10624526HH1",2026-01-07,0,2,2,431,-1,0,0,1,0,5,25,0,0,1,608011156,"7.12.2"
"C12141",1,"NXS10725954HH1",2026-03-14,0,1,2,422,-1,0,4,0,1,26,25,0,0,1,608011156,"7.12.2"
"C12147",1,"NXS11322173HH1",2025-10-01,0,3,2,313,-1,0,1,1,2,56,55,0,0,1,608011156,"7.12.2"
"C12159",1,"NBN10525976HH1",2026-02-27,0,5,2,99,24,0,0,1,0,5,25,0,0,1,608011156,"7.12.2"
"C12174",2,"NXS10722782HH4",2025-10-28,0,1,2,314,-1,0,9,1,2,35,25,1,1,1,608011156,"7.12.2"
"C12198",1,"NXS10721805HH1",2025-09-12,0,1,2,99,-1,0,0,0,2,3,25,0,0,1,608011156,"7.12.2"
"C12219",2,"NXS10222091HH3",2025-09-25,0,1,2,434,-1,0,4,0,1,5,25,1,0,1,608011156,"7.12.2"
"C12237",1,"NXS10825002HH1",2026-01-25,0,1,2,313,-1,0,4,0,0,5,55,0,0,1,608011156,"7.12.2"
"C12252",1,"NXS11323497HH1",2025-11-27,0,1,2,423,-1,0,9,1,0,56,25,0,0,1,608011156,"7.12.2"
"C12255",1,"NXS10725990HH1",2026-03-16,0,1,2,99,-1,0,0,1,1,5,18,0,0,1,608011156,"7.12.2"
"C12261",1,"NBN10525438HH1",2026-02-20,0,1,2,99,-1,0,0,1,0,57,25,0,0,1,608011156,"7.12.2"
"C12303",1,"NXS11422672HH1",2025-10-20,0,1,2,206,-1,0,0,1,0,5,55,0,0,1,608011156,"7.12.2"
"C12306",1,"RRH16017894HH2",2024-12-26,0,1,7,99,-1,0,1,1,0,5,25,0,0,4,608011156,"7.12.2"
"C12309",1,"RRH13214694HH1",2024-01-25,0,5,5,433,-1,0,0,1,1,5,25,0,0,-1,608011156,"7.12.1"
"C12333",1,"TRN11821935HH1",2025-09-18,0,1,3,116,26,1,0,1,0,5,55,0,0,2,608011156,"7.12.2"
"C12336",1,"NXS10722684HH1",2025-10-22,0,1,2,410,-1,0,0,1,1,5,25,0,0,1,608011156,"7.12.2"
"C12348",1,"NXS10623609HH1",2025-11-30,0,2,2,423,-1,0,0,0,0,3,25,0,0,1,608011156,"7.12.2"
"C12396",1,"NXS11624256HH1",2025-12-01,0,5,2,313,15,0,0,1,2,135,25,0,0,1,608011156,"7.12.2"
"C12411",1,"NXS10724721HH1",2026-01-15,0,1,2,98,-1,0,9,1,3,56,55,0,0,1,608011156,"7.12.2"
"C12414",1,"RRH15423506HH1",2025-11-27,0,4,5,440,-1,0,1,1,2,5,25,0,0,4,608011156,"7.12.2"
"C12417",1,"RRH13214893HH1",2024-02-18,0,5,5,433,-1,0,0,1,0,5,25,0,0,-1,608011156,"7.12.1"
"C12420",1,"NBN10525151HH1",2024-11-30,0,5,2,207,87,0,2,1,0,137,25,0,0,5,608011156,"7.12.2"
"C12429",1,"NXS11420542HH1",2025-07-12,0,1,2,99,-1,0,0,0,0,5,25,0,0,1,608011156,"7.12.2"
"C12459",1,"NXS10621925HH1",2025-09-18,0,2,2,422,-1,0,0,0,0,3,25,0,0,1,608011156,"7.12.2"
"C12462",1,"NXS10925517HH1",2026-02-21,0,1,2,410,-1,1,0,0,0,147,55,0,0,1,608011156,"7.12.2"
"C12474",1,"NXS10625133HH1",2026-02-01,0,4,2,98,-1,0,1,1,1,5,25,0,0,1,608011156,"7.12.2"
"C12495",1,"NXS10623261HH1",2025-11-17,0,1,2,98,-1,0,0,0,2,157,25,0,0,1,608011156,"7.12.2"
"C12513",1,"NXS10724606HH1",2026-01-09,0,1,2,99,-1,0,9,1,3,5,55,0,0,1,608011156,"7.12.2"
"C12537",1,"RRH12220164HH1",2025-06-21,0,2,7,99,-1,1,2,1,0,235,55,0,0,4,608011156,"7.12.2"
"C12564",1,"NXS10625545HH1",2026-02-22,0,1,2,312,-1,0,0,0,2,5,25,0,0,1,608011156,"7.12.2"
"C12651",1,"RRH16120421HH1",2025-07-04,0,4,5,420,-1,0,1,1,0,35,25,0,0,4,608011156,"7.12.2"
"C12672",1,"NXS10622970HH1",2025-11-07,0,1,2,410,-1,0,1,1,2,5,25,0,0,1,608011156,"7.12.2"
"C12693",1,"RRH15621087HH1",2025-08-10,0,1,5,420,-1,0,0,1,0,5,25,0,0,4,608011156,"7.12.2"
"C12699",1,"RRH12220782HH2",2025-07-26,0,1,7,99,-1,1,6,1,2,25,25,0,0,4,608011156,"7.12.2"
"C12723",1,"NXS10623057HH1",2025-11-09,0,4,2,99,-1,0,1,1,0,35,25,0,0,1,608011156,"7.12.2"
"C12735",1,"NXS10722459HH1",2025-10-11,0,1,2,99,-1,0,0,0,2,5,18,0,0,1,608011156,"7.12.2"
"C12747",1,"HAV13724320HH1",2025-12-28,0,1,4,116,-1,1,4,0,0,5,25,0,0,1,608011156,"7.12.2"
"C12783",1,"NXS10623182HH1",2025-11-14,0,1,2,99,-1,0,0,1,2,5,25,0,0,1,608011156,"7.12.2"
"C12795",1,"RRH12621059HH1",2025-08-09,0,1,5,420,-1,0,9,1,2,5,55,0,0,4,608011156,"7.12.2"
"C12798",1,"NXS12723019HH1",2025-11-08,0,2,2,99,-1,0,1,1,0,5,25,0,0,1,608011156,"7.12.2"
"C12807",1,"NXS10724694HH1",2026-01-13,0,1,2,99,-1,0,9,1,1,5,25,0,0,1,608011156,"7.12.2"
"C12813",1,"NXS10320382HH2",2025-07-03,0,1,2,423,-1,0,0,1,0,5,25,1,0,1,608011156,"7.12.2"
"C12819",1,"NXS11419354HH1",2025-04-24,0,1,2,422,50,0,1,1,0,5,25,0,0,1,608011156,"7.12.2"
"C12852",2,"NXS10622549HH3",2025-10-15,0,1,2,410,-1,0,0,1,0,5,25,1,0,1,608011156,"7.12.2"
"C12855",1,"NXS10622604HH1",2025-10-17,0,1,2,99,-1,0,0,1,1,3,25,0,0,1,608011156,"7.12.2"
"C12858",1,"NXS11420540HH1",2025-07-12,0,3,2,99,110,0,6,1,0,12,55,0,0,1,608011156,"7.12.2"
"C12867",1,"NXS11324395HH1",2025-12-31,0,4,2,422,-1,0,0,0,0,13,25,0,0,1,608011156,"7.12.2"
"C12903",2,"RRH16020975HH5",2025-08-06,0,1,5,433,-1,0,0,1,0,3,25,1,1,4,608011156,"7.12.2"
"C12915",1,"RRH15423065HH1",2025-11-09,0,1,7,116,-1,0,1,1,2,5,55,0,0,5,608011156,"7.12.2"
"C12921",1,"RRH16020776HH2",2025-07-25,0,1,7,99,-1,0,6,1,0,5,25,1,0,4,608011156,"7.12.2"
"C12930",1,"NXS11325440HH1",2025-12-21,0,5,2,423,-1,0,4,0,2,5,55,0,0,1,608011156,"7.12.2"
"C12933",1,"RRH12323530HH1",2025-11-15,0,5,7,206,32,1,0,1,2,5,55,0,0,5,608011156,"7.12.2"
"C12945",1,"NXS11223402HH1",2025-11-23,0,1,2,422,-1,0,0,0,0,3,25,0,0,1,608011156,"7.12.2"
"C12969",1,"NXS12724969HH1",2026-01-24,0,1,2,207,-1,0,0,1,0,25,25,0,0,1,608011156,"7.12.2"
"C12981",2,"RRH16120982HH2",2025-07-19,0,5,7,422,210,0,1,1,1,3,25,1,0,5,608011156,"7.12.2"
"C12984",1,"RRH12620703HH1",2025-07-23,0,1,5,410,-1,0,0,1,1,5,25,0,0,4,608011156,"7.12.2"
"C12993",1,"NXS11623368HH1",2025-10-22,0,5,2,314,-1,0,0,0,0,5,55,0,0,1,608011156,"7.12.2"
"C13005",1,"NXS12723080HH1",2025-11-10,0,1,2,313,-1,0,1,1,0,5,55,0,0,1,608011156,"7.12.2"
"C13014",1,"RRH12320602HH3",2025-07-17,0,1,5,410,-1,1,0,1,2,5,25,0,0,4,608011156,"7.12.2"
"C13044",1,"RRH16021069HH1",2025-08-09,0,1,5,434,-1,0,9,1,0,3,55,0,0,4,608011156,"7.12.2"
"C13062",1,"NXS10325125HH1",2026-02-01,0,4,2,422,-1,0,4,0,1,56,25,0,0,1,608011156,"7.12.2"
"C13065",1,"NXS10623924HH1",2025-12-12,0,4,2,423,82,0,0,1,0,3,55,0,0,1,608011156,"7.12.2"
"C13068",2,"RRH16016079HH2",2024-07-28,0,1,5,433,-1,0,0,0,2,2,25,1,0,-1,608011156,"7.12.1"
"C13107",1,"NXS11325372HH1",2025-12-04,0,5,2,423,-1,0,2,1,0,3,25,0,0,1,608011156,"7.12.2"
"C13134",1,"RRH13218327HH1",2024-10-20,0,5,5,410,156,0,1,1,1,5,25,0,0,5,608011156,"7.12.2"
"C13155",1,"NXS11422836HH1",2025-10-31,0,1,2,313,-1,0,0,0,0,3,25,0,0,1,608011156,"7.12.2"
"C13158",1,"RRH16021278HH1",2025-08-21,0,2,7,99,-1,0,0,1,1,5,25,0,0,4,608011156,"7.12.2"
"C13170",1,"NBN10525436HH1",2026-02-20,0,4,2,99,35,0,0,0,0,3,25,0,0,1,608011156,"7.12.2"
"C13179",1,"NXS12724656HH1",2026-01-11,0,1,2,204,-1,0,1,1,0,126,25,0,0,1,608011156,"7.12.2"
"C13206",1,"RRH16122680HH1",2025-10-17,0,5,7,313,15,0,9,1,0,134,25,0,0,5,608011156,"7.12.2"
"C13209",1,"RRH12124609HH1",2026-01-10,0,2,5,440,-1,0,2,1,0,5,25,0,0,4,608011156,"7.12.2"
"C13227",1,"NBN10525354HH1",2026-02-13,0,1,2,99,-1,1,1,1,0,136,55,0,0,1,608011156,"7.12.2"
"C13260",1,"RRH16120096HH1",2024-05-31,0,5,7,420,-1,0,0,1,0,5,55,0,0,5,608011156,"7.12.2"
"C13290",1,"RRH16122497HH1",2025-10-12,0,4,5,410,-1,0,4,0,0,5,55,0,0,4,608011156,"7.12.2"
"C13299",1,"RRH15421228HH1",2025-08-17,0,4,7,207,-1,0,4,0,0,5,25,0,0,4,608011156,"7.12.2"
"C13305",1,"RRH13321983HH1",2025-09-19,0,3,5,99,-1,0,1,1,0,3,25,0,0,4,608011156,"7.12.2"
"C13323",1,"RRH15422418HH2",2025-10-10,0,2,7,116,-1,0,1,1,1,15,25,0,0,4,608011156,"7.12.2"
"C13338",1,"NXS10624168HH1",2025-12-21,0,1,2,312,-1,0,0,1,0,5,55,0,0,1,608011156,"7.12.2"
"C13341",2,"NXS10222499HH3",2025-10-12,0,3,2,411,-1,0,0,0,2,5,25,1,0,1,608011156,"7.12.2"
"C13362",1,"RRH13216467HH1",2024-09-05,0,1,5,423,50,0,0,0,1,5,25,0,0,-1,608011156,"7.12.1"
"C13386",1,"NXS10823659HH1",2025-12-03,0,1,2,423,-1,0,0,0,0,5,25,0,0,1,608011156,"7.12.2"
"C13392",1,"RRH12220929HH1",2025-08-03,0,1,7,99,-1,1,0,0,0,5,55,0,0,4,608011156,"7.12.2"
"C13398",1,"RRH12420256HH1",2025-06-26,0,1,5,410,-1,1,0,1,0,3,55,0,0,4,608011156,"7.12.2"
"C13413",1,"NXS10722560HH1",2025-10-15,0,1,2,99,-1,0,0,1,2,5,25,0,0,1,608011156,"7.12.2"
"C13416",1,"NBN10526015HH1",2026-03-18,0,1,2,99,79,0,4,0,1,5,25,0,0,1,608011156,"7.12.2"
"C13425",1,"NXS11425539HH1",2026-02-22,0,2,2,116,-1,0,1,1,0,256,25,0,0,1,608011156,"7.12.2"
"C13434",1,"RRH16017344HH2",2024-10-18,0,5,5,99,-1,0,6,1,2,5,25,0,0,5,608011156,"7.12.2"
"C13467",1,"NXS11223730HH1",2025-12-05,0,1,2,99,-1,0,0,1,0,5,25,0,0,1,608011156,"7.12.2"
"C13503",1,"NXS10625132HH1",2026-02-01,0,1,2,313,-1,0,0,1,2,357,55,0,0,1,608011156,"7.12.2"
"C13542",1,"NXS10622178HH1",2025-10-01,0,1,2,99,-1,0,0,1,2,3,25,0,0,1,608011156,"7.12.2"
"C13563",1,"NXS10924531HH1",2025-12-30,0,5,2,98,70,0,1,1,0,467,25,0,0,1,608011156,"7.12.2"
"C13578",1,"RRH15720879HH1",2025-08-02,0,3,7,423,107,0,4,0,0,3,25,0,0,4,608011156,"7.12.2"
"C13581",2,"RRH12123987HH3",2025-11-29,0,5,5,420,-1,0,1,1,2,5,24,1,0,5,608011156,"7.12.2"
"C13599",1,"RRH12620500HH1",2025-07-10,0,1,5,410,-1,1,9,1,0,2,55,0,0,4,608011156,"7.12.2"
"C13647",1,"TRN10422810HH1",2025-10-29,0,1,3,302,-1,0,0,1,2,5,25,0,0,2,608011156,"7.12.2"
"C13677",1,"NXS14723159HH1",2025-11-13,0,1,2,314,-1,0,0,1,0,3,55,0,0,1,608011156,"7.12.2"
"C13698",1,"RRH12322230HH1",2025-04-01,0,5,5,422,25,1,0,1,0,5,55,0,0,7,608011156,"7.12.2"
"C13701",1,"RRH12125016HH1",2026-01-26,0,1,5,410,-1,0,0,1,0,5,25,0,0,4,608011156,"7.12.2"
"C13707",1,"NXS11323803HH1",2025-10-09,0,5,2,423,18,0,0,0,0,3,25,0,0,1,608011156,"7.12.2"
"C13713",1,"NXS14723208HH1",2025-11-15,0,1,2,410,-1,0,0,0,0,56,25,0,0,1,608011156,"7.12.2"
"C13716",1,"NXS12724178HH1",2025-12-22,0,1,2,423,-1,0,0,1,3,3,25,0,0,1,608011156,"7.12.2"
"C13725",1,"NXS12724990HH1",2025-11-25,0,5,2,116,81,0,1,1,2,56,55,0,0,1,608011156,"7.12.2"
"C13752",1,"NXS12921924HH1",2025-09-18,0,1,2,98,-1,0,9,1,0,5,25,0,0,1,608011156,"7.12.2"
"C13839",1,"NXS10320446HH2",2025-07-05,0,1,2,434,-1,0,0,0,0,3,25,1,0,1,608011156,"7.12.2"
"C13848",1,"NXS10625783HH1",2026-03-06,0,1,2,99,-1,0,9,1,0,3,25,0,0,1,608011156,"7.12.2"
"C13854",1,"NXS10722683HH1",2025-10-22,0,1,2,302,-1,0,9,1,2,1,25,0,0,1,608011156,"7.12.2"
"C13881",1,"NXS11624245HH1",2025-12-25,0,1,2,207,-1,0,0,1,0,3,25,0,0,1,608011156,"7.12.2"
"C13905",1,"RRH15721453HH1",2025-08-28,0,1,7,24,-1,0,1,1,2,15,25,0,0,4,608011156,"7.12.2"
"C13920",1,"RRH16021953HH1",2025-02-09,0,5,5,410,-1,0,1,1,0,67,55,0,0,4,608011156,"7.12.2"
"C13938",1,"RRH13220106HH1",2025-06-12,0,5,5,410,-1,0,0,1,0,5,25,0,0,4,608011156,"7.12.2"
"C13944",1,"NXS11323664HH1",2025-12-03,0,1,2,99,-1,0,0,1,2,5,55,0,0,1,608011156,"7.12.2"
"C13986",1,"NBN10524066HH1",2025-12-19,0,2,2,99,89,0,1,1,0,3,55,0,0,1,608011156,"7.12.2"
"C14001",1,"RRH16018943HH1",2025-03-21,0,1,7,99,-1,0,1,1,0,5,25,0,0,4,608011156,"7.12.2"
"C14019",1,"NXS10923176HH1",2025-11-14,0,5,2,116,-1,1,4,0,0,5,25,0,0,1,608011156,"7.12.2"
"C14046",1,"NXS11124618HH2",2026-01-10,0,1,2,410,-1,0,0,1,0,5,25,0,0,1,608011156,"7.12.2"
"C14052",2,"NXS11123294HH3",2025-11-19,0,1,2,314,-1,0,0,1,0,135,25,1,0,1,608011156,"7.12.2"
"C14082",1,"NXS10824683HH1",2026-01-12,0,1,2,312,-1,0,0,1,0,5,55,0,0,1,608011156,"7.12.2"
"C14088",1,"NXS12723714HH1",2025-11-30,0,5,2,116,-1,0,0,0,0,3,25,0,0,1,608011156,"7.12.2"
"C14100",1,"NXS10623158HH1",2025-11-13,0,4,2,410,-1,1,0,1,0,3,55,0,0,1,608011156,"7.12.2"
"C14124",1,"NXS11425695HH1",2026-03-02,0,1,2,99,-1,0,0,1,0,5,25,0,0,1,608011156,"7.12.2"
"C14142",1,"NXS11224100HH1",2025-12-19,0,1,2,312,-1,0,0,1,2,5,25,0,0,1,608011156,"7.12.2"
"C14163",1,"NXS11323398HH1",2025-11-22,0,1,2,423,-1,0,0,0,0,3,25,0,0,1,608011156,"7.12.2"
"C14238",1,"NXS10722360HH1",2025-10-08,0,1,2,420,-1,0,0,1,2,5,55,0,0,1,608011156,"7.12.2"
"C14256",1,"TRN11821852HH1",2025-09-14,0,1,3,101,-1,1,0,0,0,5,55,0,0,2,608011156,"7.12.2"
"C14259",1,"RRH16020242HH1",2025-06-25,0,1,7,99,16,0,4,0,0,3,24,0,0,4,608011156,"7.12.2"
"C14262",1,"NXS10723864HH1",2025-12-11,0,1,2,410,-1,0,4,0,2,5,25,0,0,1,608011156,"7.12.2"
"C14268",1,"NXS11622612HH1",2025-10-17,0,1,2,410,-1,0,0,1,0,3,25,0,0,1,608011156,"7.12.2"
"C14280",1,"NXS10623569HH1",2025-11-29,0,1,2,98,-1,0,0,1,2,3,25,0,0,1,608011156,"7.12.2"
"C14328",1,"RRH13218759HH1",2025-03-04,0,5,5,410,-1,0,0,1,2,356,25,0,0,5,608011156,"7.12.2"
"C14346",1,"NXS11425351HH1",2026-02-13,0,4,2,431,-1,0,1,1,0,357,25,0,0,1,608011156,"7.12.2"
"C14358",1,"NXS12724710HH1",2026-01-15,0,1,2,313,-1,0,1,1,0,5,18,0,0,1,608011156,"7.12.2"
"C14367",1,"NXS11425167HH1",2026-02-03,0,1,2,99,-1,0,4,0,0,456,25,0,0,1,608011156,"7.12.2"
"C14451",2,"NXS11021226HH2",2025-08-17,0,1,2,420,-1,0,0,0,1,56,24,1,0,1,608011156,"7.12.2"
"C14475",1,"NXS10622606HH1",2025-10-17,0,1,2,99,106,0,0,1,0,5,25,0,0,1,608011156,"7.12.2"
"C14478",1,"RRH13219409HH1",2025-04-25,0,5,5,420,92,0,0,1,0,3,55,0,0,5,608011156,"7.12.2"
"C14499",1,"NXS11621020HH1",2025-08-07,0,1,2,410,-1,0,0,0,0,5,55,0,0,1,608011156,"7.12.2"
"C14511",1,"TRN10422812HH1",2025-10-30,0,1,3,313,-1,0,0,1,2,5,25,0,0,2,608011156,"7.12.2"
"C14547",1,"NBN10522930HH1",2025-11-05,0,1,2,99,-1,0,1,1,1,5,25,0,0,1,608011156,"7.12.2"
"C14553",1,"NXS12724077HH1",2025-12-18,0,1,2,101,-1,0,0,1,0,3,25,0,0,1,608011156,"7.12.2"
"C14583",1,"NXS11624295HH1",2025-12-27,0,2,2,98,-1,0,0,1,0,56,25,0,0,1,608011156,"7.12.2"
"C14598",1,"PSH16520023HH1",2025-06-02,0,5,8,98,106,0,0,1,0,23,25,0,0,9,608011156,"7.12.2"
"C14607",1,"PSH12010085HH1",2022-01-09,0,1,6,422,-1,1,0,1,2,5,55,0,0,-1,608011156,"7.12.1"
"C14619",1,"NXS10623708HH1",2025-12-04,0,1,2,99,-1,0,1,1,1,3,55,0,0,1,608011156,"7.12.2"
"C14622",1,"NBN10524708HH1",2025-11-23,0,5,2,99,21,0,0,0,0,5,25,0,0,1,608011156,"7.12.2"
"C14628",1,"NXS11623066HH1",2025-11-09,0,3,2,99,-1,0,0,0,0,3,25,0,0,1,608011156,"7.12.2"
"C14634",1,"NXS10924813HH1",2026-01-18,0,1,2,98,25,0,1,1,0,5,25,0,0,1,608011156,"7.12.2"
"C14661",2,"NXS10622404HH4",2025-10-09,0,1,2,314,-1,1,0,1,1,5,25,1,0,1,608011156,"7.12.2"
"C14685",1,"NXS10621757HH1",2025-09-11,0,1,2,118,-1,0,0,1,1,5,25,0,0,1,608011156,"7.12.2"
"C14691",1,"RRH12222356HH1",2025-10-08,0,4,7,207,-1,1,1,1,0,15,55,0,0,4,608011156,"7.12.2"
"C14715",2,"NXS10222083HH3",2025-09-25,0,3,2,99,-1,0,0,0,0,3,25,1,0,1,608011156,"7.12.2"
"C14733",1,"NXS11423363HH1",2025-11-21,0,2,2,312,57,0,1,1,0,5,55,0,0,1,608011156,"7.12.2"
"C14745",1,"NXS14722555HH1",2025-10-15,0,1,2,422,191,0,0,0,0,5,25,0,0,1,608011156,"7.12.2"
"C14751",1,"PSH12010093HH1",2022-03-28,0,1,6,24,-1,1,0,1,0,5,55,0,0,-1,608011156,"7.12.1"
"C14766",1,"NXS11321153HH1",2025-08-14,0,1,2,422,26,0,4,0,0,5,25,0,0,1,608011156,"7.12.2"
"C14769",1,"NXS11124932HH1",2026-01-23,0,1,2,101,52,0,0,1,1,5,25,0,0,1,608011156,"7.12.2"
"C14799",1,"RRH12320025HH2",2025-06-11,0,1,5,410,-1,1,1,1,1,3,25,0,0,4,608011156,"7.12.2"
"C14850",1,"RRH16019700HH1",2025-05-18,0,1,5,410,-1,0,4,0,0,5,55,0,0,4,608011156,"7.12.2"
"C14853",1,"NXS13523026HH1",2025-11-08,0,1,2,313,-1,0,0,1,2,125,25,0,0,1,608011156,"7.12.2"
"C14856",1,"NXS10924775HH1",2025-12-25,0,5,2,98,56,0,1,1,0,3,25,0,0,1,608011156,"7.12.2"
"C14886",2,"NXS11123739HH4",2025-12-06,0,1,2,314,-1,0,0,0,0,5,25,1,1,1,608011156,"7.12.2"
"C14949",1,"NXS12723160HH1",2025-11-13,0,2,2,101,-1,1,5,1,0,56,55,0,0,1,608011156,"7.12.2"
"C14952",1,"NBN10525591HH1",2026-02-25,0,2,2,313,17,0,1,1,0,3,25,0,0,1,608011156,"7.12.2"
"C14958",1,"NXS10625634HH1",2026-02-27,0,3,2,411,-1,0,0,1,0,5,55,0,0,1,608011156,"7.12.2"
"C14964",1,"RRH16015651HH1",2024-06-06,0,1,7,99,-1,0,4,0,0,3,25,0,0,5,608011156,"7.12.2"
"C14970",1,"NXS11321945HH1",2025-09-18,0,1,2,423,269,0,0,0,0,3,25,0,0,1,608011156,"7.12.2"
"C14991",1,"RRH14916462HH4",2024-08-19,0,5,5,410,-1,0,0,1,2,3,25,1,0,-1,608011156,"7.12.1"
"C15006",1,"NBN10522342HH1",2025-08-23,0,5,2,313,23,0,1,1,2,5,55,0,0,1,608011156,"7.12.2"
"C15015",1,"NXS10922296HH1",2025-10-04,0,4,2,205,-1,0,0,0,0,5,25,0,0,1,608011156,"7.12.2"
"C15027",1,"NBN10524064HH1",2025-12-29,0,4,2,99,-1,0,9,1,0,5,25,0,0,1,608011156,"7.12.2"
"C15045",2,"RRH13223151HH3",2025-10-13,0,5,5,422,-1,0,4,0,0,3,18,1,0,5,608011156,"7.12.2"
"C15051",2,"RRH15820479HH4",2025-07-06,0,1,7,99,-1,0,9,1,2,235,25,0,0,4,608011156,"7.12.2"
"C15063",1,"NXS12724999HH1",2025-11-16,0,5,2,205,80,0,0,1,0,3,25,0,0,1,608011156,"7.12.2"
"C15066",2,"NXS11122526HH3",2025-10-13,0,1,2,313,-1,0,1,1,2,5,25,1,0,1,608011156,"7.12.2"
"C15096",1,"NXS11320495HH1",2025-07-10,0,3,2,410,37,0,1,1,2,3,25,0,0,1,608011156,"7.12.2"
"C15102",1,"NXS12723122HH1",2025-11-12,0,1,2,410,-1,0,0,1,0,56,55,0,0,1,608011156,"7.12.2"
"C15144",1,"NXS11624512HH1",2026-01-05,0,1,2,314,-1,0,0,1,0,3,55,0,0,1,608011156,"7.12.2"
"C15159",1,"NXS11319872HH1",2025-05-31,0,4,2,410,263,0,1,1,2,1,55,0,0,1,608011156,"7.12.2"
"C15165",1,"RRH14117435HH1",2024-11-18,0,1,5,410,-1,0,1,1,2,5,55,0,0,4,608011156,"7.12.2"
"C15177",1,"NXS10623644HH1",2025-12-03,0,3,2,98,15,0,1,1,0,3,25,0,0,1,608011156,"7.12.2"
"C15192",1,"NXS13824674HH1",2026-01-12,0,1,2,312,19,0,0,1,2,5,25,0,0,1,608011156,"7.12.2"
"C15195",2,"RRH13220865HH5",2025-08-01,0,2,5,410,-1,0,1,1,2,3,25,1,0,4,608011156,"7.12.2"
"C15204",1,"HAV13721913HH1",2025-09-17,0,2,4,428,-1,1,6,1,0,5,25,0,0,1,608011156,"7.12.2"
"C15222",1,"RRH16023155HH1",2025-11-13,0,1,7,99,-1,0,1,1,0,5,25,0,0,4,608011156,"7.12.2"
"C15228",1,"NXS11322546HH1",2025-10-14,0,3,2,423,74,0,1,1,2,356,25,0,0,1,608011156,"7.12.2"
"C15237",1,"NXS10622179HH1",2025-10-01,0,1,2,422,188,0,1,1,0,5,18,0,0,1,608011156,"7.12.2"
"C15243",1,"NXS11324847HH1",2026-01-19,0,2,2,422,47,0,1,1,0,56,55,0,0,1,608011156,"7.12.2"
"C15246",1,"RRH12621759HH1",2025-09-11,0,4,5,419,-1,1,1,1,0,357,55,0,0,4,608011156,"7.12.2"
"C15267",1,"NXS13525278HH1",2026-02-09,0,1,2,99,-1,0,0,0,2,3,25,0,0,1,608011156,"7.12.2"
"C15306",1,"RRH15422965HH1",2025-11-07,0,1,7,207,-1,0,0,1,0,5,18,0,0,4,608011156,"7.12.2"
"C15321",1,"NXS10624278HH1",2025-12-26,0,1,2,99,-1,0,0,1,0,5,25,0,0,1,608011156,"7.12.2"
"C15327",1,"RRH14019628HH1",2025-04-13,0,5,5,410,-1,0,0,0,0,3,25,0,0,5,608011156,"7.12.2"
"C15336",1,"RRH15517887HH1",2024-12-26,0,3,5,410,-1,0,1,1,0,5,25,0,0,4,608011156,"7.12.2"
"C15354",1,"RRH12119917HH1",2025-06-03,0,1,7,99,-1,0,0,0,2,5,25,0,0,4,608011156,"7.12.2"
"C15360",1,"NXS11622567HH1",2025-10-15,0,1,2,314,187,0,0,1,0,5,25,0,0,1,608011156,"7.12.2"
"C15366",1,"NBN10521884HH1",2025-09-16,0,1,2,99,-1,0,4,0,0,3,25,0,0,1,608011156,"7.12.2"
"C15384",1,"NXS11322503HH1",2025-10-12,0,2,2,101,-1,0,0,0,0,5,55,0,0,1,608011156,"7.12.2"
"C15423",1,"NXS11423563HH1",2025-11-29,0,1,2,422,-1,0,0,1,0,5,25,0,0,1,608011156,"7.12.2"
"C15447",2,"RRH16018718HH3",2025-02-26,0,5,5,410,-1,0,1,1,2,14,25,1,0,5,608011156,"7.12.2"
"C15459",1,"NXS13524176HH1",2025-12-22,0,1,2,207,-1,0,0,0,2,3,25,0,0,1,608011156,"7.12.2"
"C15465",1,"NXS10823344HH1",2025-11-21,0,4,2,423,134,0,0,0,0,5,25,0,0,1,608011156,"7.12.2"
"C15477",1,"NXS11320959HH1",2025-08-05,0,3,2,225,111,0,4,0,0,5,55,0,0,1,608011156,"7.12.2"
"C15480",1,"RRH16119945HH1",2025-06-05,0,1,5,433,-1,0,0,0,0,16,55,0,0,5,608011156,"7.12.2"
"C15483",1,"NXS12921728HH1",2025-09-09,0,1,2,99,-1,0,1,1,0,5,25,0,0,1,608011156,"7.12.2"
"C15501",1,"NXS13825898HH1",2026-03-12,0,1,2,422,-1,0,6,1,1,3,25,0,0,1,608011156,"7.12.2"
"C15516",1,"NXS10624812HH1",2026-01-18,0,1,2,420,-1,0,0,0,2,24,25,0,0,1,608011156,"7.12.2"
"C15519",1,"RRH16021914HH1",2025-09-17,0,1,7,99,-1,0,0,1,2,5,25,0,0,4,608011156,"7.12.2"
"C15531",1,"NXS10823726HH1",2025-12-05,0,1,2,420,-1,0,0,1,0,5,25,0,0,1,608011156,"7.12.2"
"C15579",1,"NXS11321738HH1",2025-09-10,0,3,2,422,-1,0,1,1,0,35,55,0,0,1,608011156,"7.12.2"
"C15588",1,"RRH12118531HH1",2025-02-13,0,1,7,99,198,0,0,0,0,5,25,0,0,5,608011156,"7.12.2"
"C15594",1,"PSH16418069HH1",2025-01-09,0,2,6,207,-1,0,0,1,0,36,25,0,0,-1,608011156,"7.12.1"
"C15600",1,"NXS11323779HH1",2025-12-06,0,1,2,410,-1,0,0,0,0,3,25,0,0,1,608011156,"7.12.2"
"C15603",1,"NXS11324392HH1",2025-12-31,0,3,2,423,121,0,1,1,2,5,25,0,0,1,608011156,"7.12.2"
"C15606",1,"NXS11024450HH1",2026-01-03,0,1,2,98,-1,0,0,1,0,56,55,0,0,1,608011156,"7.12.2"
"C15612",1,"NXS11325328HH1",2025-12-25,0,5,2,423,-1,0,4,0,0,37,55,0,0,1,608011156,"7.12.2"
"C15621",2,"RRH12119742HH3",2025-05-22,0,1,5,410,-1,0,0,0,1,5,25,1,0,4,608011156,"7.12.2"
"C15678",1,"PSH12015877HH1",2024-07-07,0,4,6,312,-1,1,0,1,2,5,55,0,0,-1,608011156,"7.12.1"
"C15717",1,"NXS14722432HH1",2025-10-10,0,3,2,99,-1,0,1,1,2,5,55,0,0,1,608011156,"7.12.2"
"C15729",1,"NXS11325867HH1",2026-03-09,0,1,2,99,-1,0,0,1,1,124,25,0,0,1,608011156,"7.12.2"
"C15729",2,"NXS10222292HH3",2025-10-04,0,1,2,410,-1,0,9,1,3,124,25,1,0,1,608011156,"7.12.2"
"C15732",1,"RRH16120243HH1",2025-06-25,0,1,5,433,-1,0,0,1,0,5,25,0,0,4,608011156,"7.12.2"
"C15750",1,"NXS10621847HH1",2025-09-14,0,1,2,420,-1,0,0,1,1,1,25,0,0,1,608011156,"7.12.2"
"C15762",1,"RRH15719869HH2",2025-05-31,0,1,5,410,-1,0,0,1,2,5,25,1,0,4,608011156,"7.12.2"
"C15771",1,"NXS10921584HH1",2025-09-04,0,3,2,313,40,0,1,1,0,5,25,0,0,1,608011156,"7.12.2"
"C15774",1,"RRH13221269HH1",2025-08-20,0,1,5,410,163,0,0,0,0,3,25,0,0,4,608011156,"7.12.2"
"C15783",1,"NBN10522145HH1",2025-09-30,0,1,2,99,21,0,0,1,0,5,55,0,0,1,608011156,"7.12.2"
"C15786",1,"NXS11323756HH1",2025-10-08,0,5,2,423,-1,0,1,1,0,3,25,0,0,1,608011156,"7.12.2"
"C15792",1,"NXS11323105HH1",2025-11-12,0,1,2,314,-1,0,0,1,0,135,25,0,0,1,608011156,"7.12.2"
"C15804",1,"NXS14725020HH1",2026-01-26,0,3,2,423,-1,0,4,0,0,3,24,0,0,1,608011156,"7.12.2"
"C15810",1,"NXS14724157HH1",2025-12-12,0,5,2,206,-1,0,2,1,0,5,25,0,0,1,608011156,"7.12.2"
"C15813",2,"NXS10223144HH7",2025-11-13,0,1,2,434,-1,0,9,1,0,5,25,1,1,1,608011156,"7.12.2"
"C15816",1,"NXS14723407HH1",2025-11-23,0,1,2,423,-1,0,0,1,0,137,25,0,0,1,608011156,"7.12.2"
"C15834",1,"RRH13216800HH1",2024-07-13,0,5,5,410,-1,0,0,1,0,145,18,0,0,-1,608011156,"7.12.1"
"C15843",1,"NXS10623246HH1",2025-11-16,0,1,2,313,-1,0,0,0,0,5,25,0,0,1,608011156,"7.12.2"
"C15846",2,"RRH16021143HH9",2024-12-30,0,5,5,410,-1,0,0,1,2,1,25,1,1,4,608011156,"7.12.2"
"C15873",1,"NXS14724149HH1",2025-12-20,0,5,2,423,194,1,4,0,0,56,55,0,0,1,608011156,"7.12.2"
"C15882",1,"NXS14723186HH1",2025-11-14,0,2,2,410,-1,0,1,1,2,157,25,0,0,1,608011156,"7.12.2"
"C15888",1,"RRH13216420HH1",2024-09-02,0,3,5,423,-1,0,1,1,0,15,25,0,0,5,608011156,"7.12.2"
"C15891",1,"NXS14723715HH1",2025-12-05,0,1,2,422,-1,0,1,1,0,5,25,0,0,1,608011156,"7.12.2"
"C15897",1,"NXS14723970HH1",2025-11-16,0,5,2,313,-1,0,1,1,0,5,25,0,0,1,608011156,"7.12.2"
"C15900",2,"NXS11122348HH4",2025-10-08,0,1,2,99,-1,0,1,1,1,5,25,1,1,1,608011156,"7.12.2"
"C15918",1,"RSO15223550HH1",2025-09-24,0,5,9,99,-1,0,4,0,0,5,25,0,0,1,608011156,"7.12.2"
"C15933",1,"RRH12321756HH1",2025-09-11,0,1,5,410,-1,1,0,1,0,5,25,0,0,4,608011156,"7.12.2"
"C15936",1,"NXS11324431HH1",2026-01-03,0,2,2,99,-1,0,4,0,0,3,25,0,0,1,608011156,"7.12.2"
"C15939",1,"NXS11316481HH1",2024-09-06,0,1,2,440,-1,0,1,1,0,36,25,0,0,1,608011156,"7.12.2"
"C15960",1,"RRH12115593HH1",2024-05-27,0,3,5,410,-1,0,0,1,2,3,55,0,0,-1,608011156,"7.12.1"
"C15993",1,"NXS14722920HH1",2025-11-05,0,1,2,422,26,0,0,0,2,3,25,0,0,1,608011156,"7.12.2"
"C16008",1,"NBN10524314HH1",2025-12-12,0,5,2,312,-1,0,1,1,0,5,55,0,0,1,608011156,"7.12.2"
"C16023",1,"NXS10624443HH1",2026-01-03,0,1,2,99,18,0,1,1,0,346,25,0,0,1,608011156,"7.12.2"
"C16050",1,"NXS10621987HH1",2025-09-19,0,1,2,99,-1,1,0,1,0,356,25,0,0,1,608011156,"7.12.2"
"C16053",1,"RRH13214640HH1",2023-12-29,0,5,5,433,-1,0,0,1,0,5,25,0,0,-1,608011156,"7.12.1"
"C16089",1,"NXS10624781HH1",2026-01-17,0,1,2,410,-1,0,0,1,0,5,25,0,0,1,608011156,"7.12.2"
"C16140",1,"RRH16020373HH1",2025-07-02,0,1,5,433,-1,0,0,1,2,3,25,0,0,4,608011156,"7.12.2"
"C16143",1,"NXS11322005HH1",2025-09-20,0,3,2,423,-1,0,0,0,0,3,25,0,0,1,608011156,"7.12.2"
"C16155",1,"PSH11910074HH1",2021-09-30,0,1,6,433,-1,1,0,1,0,3,55,0,0,-1,608011156,"7.12.1"
"C16164",1,"RRH15519640HH1",2025-05-15,0,4,5,410,-1,0,1,1,0,5,25,0,0,4,608011156,"7.12.2"
"C16173",1,"NXS11321562HH1",2025-08-06,0,5,2,420,-1,0,4,0,0,3,55,0,0,1,608011156,"7.12.2"
"C16176",1,"NXS11321946HH1",2025-09-18,0,1,2,423,-1,1,4,0,1,3,55,0,0,1,608011156,"7.12.2"
"C16188",1,"RRH16119889HH1",2024-07-17,0,5,7,410,-1,0,1,1,0,5,55,0,0,5,608011156,"7.12.2"
"C16191",2,"RRH15823514HH3",2025-11-27,0,1,5,433,-1,0,0,1,0,56,25,1,0,4,608011156,"7.12.2"
"C16230",1,"RSO15220965HH1",2025-06-07,0,5,9,410,63,0,9,1,0,3,25,0,0,1,608011156,"7.12.2"
"C16299",1,"NXS10722579HH1",2025-10-16,0,1,2,99,-1,0,3,0,2,5,25,0,0,1,608011156,"7.12.2"
"C16326",1,"NXS10824453HH1",2026-01-04,0,2,2,302,-1,0,0,1,0,25,55,0,0,1,608011156,"7.12.2"
"C16329",1,"NXS14723896HH1",2025-12-03,0,5,2,423,-1,0,0,1,0,3,25,0,0,1,608011156,"7.12.2"
"C16347",1,"NXS14722717HH1",2025-10-09,0,5,2,423,106,0,0,0,0,356,25,0,0,1,608011156,"7.12.2"
"C16362",1,"NXS11324717HH1",2025-09-14,0,5,2,423,-1,0,0,0,0,3,25,0,0,1,608011156,"7.12.2"
"C16383",2,"NXS11120046HH4",2025-06-13,0,1,2,314,-1,0,1,1,2,5,25,1,0,1,608011156,"7.12.2"
"C16398",1,"NXS11325147HH1",2026-02-02,0,1,2,422,122,0,0,1,2,5,25,0,0,1,608011156,"7.12.2"
"C16428",1,"RRH13218702HH1",2025-02-09,0,5,5,433,-1,0,9,1,0,46,25,0,0,5,608011156,"7.12.2"
"C16443",1,"NBN10524458HH1",2025-12-19,0,5,2,99,-1,0,0,1,0,5,25,0,0,1,608011156,"7.12.2"
"C16461",1,"PSH14810170HH1",2023-01-26,0,1,6,24,-1,0,0,1,0,57,25,0,0,-1,608011156,"7.12.1"
"C16473",1,"RRH13224059HH1",2025-11-23,0,5,5,423,-1,0,1,1,2,67,25,0,0,5,608011156,"7.12.2"
"C16479",1,"NBN10522743HH1",2025-10-24,0,3,2,99,32,0,0,1,0,3,55,0,0,1,608011156,"7.12.2"
"C16494",1,"NBN10525775HH1",2026-03-07,0,2,2,99,30,0,0,0,0,3,25,0,0,1,608011156,"7.12.2"
"C16506",1,"RRH16019825HH1",2025-05-29,0,4,5,205,-1,0,1,1,0,123,25,0,0,4,608011156,"7.12.2"
"C16539",1,"NXS11322162HH1",2025-10-01,0,3,2,422,-1,0,2,1,0,3,55,0,0,1,608011156,"7.12.2"
"C16542",1,"NBN10523087HH1",2025-11-10,0,1,2,99,84,0,4,0,0,5,55,0,0,1,608011156,"7.12.2"
"C16554",1,"NXS14725381HH1",2026-02-14,0,4,2,423,-1,0,1,1,2,5,25,0,0,1,608011156,"7.12.2"
"C16578",1,"RRH14018458HH1",2025-02-07,0,1,5,410,-1,0,0,1,0,3,55,0,0,4,608011156,"7.12.2"
"C16581",1,"NXS10724513HH1",2026-01-05,0,4,2,98,147,0,1,1,2,3,25,0,0,1,608011156,"7.12.2"
"C16593",1,"TRN11821950HH1",2025-09-18,0,1,3,422,271,1,1,1,0,5,55,0,0,2,608011156,"7.12.2"
"C16605",1,"NXS10623063HH1",2025-11-09,0,1,2,423,-1,0,0,0,1,5,25,0,0,1,608011156,"7.12.2"
"C16626",1,"NBN10525456HH1",2026-02-21,0,4,2,99,-1,0,6,1,0,5,25,0,0,1,608011156,"7.12.2"
"C16635",1,"NXS12724718HH1",2026-01-08,0,5,2,423,-1,0,9,1,1,5,55,0,0,1,608011156,"7.12.2"
"C16638",1,"NXS12723309HH1",2025-11-20,0,3,2,116,83,0,4,0,0,146,25,0,0,1,608011156,"7.12.2"
"C16668",1,"RRH13225689HH1",2026-03-01,0,5,5,423,-1,0,0,1,1,156,25,0,0,4,608011156,"7.12.2"
"C16689",1,"NXS11625624HH1",2026-02-27,0,1,2,98,-1,0,0,1,0,5,25,0,0,1,608011156,"7.12.2"
"C16704",1,"NXS11425166HH1",2026-02-03,0,2,2,207,-1,0,0,1,0,3,55,0,0,1,608011156,"7.12.2"
"C16749",1,"PSH11915466HH1",2024-04-12,0,5,6,24,-1,1,0,1,0,5,55,0,0,-1,608011156,"7.12.1"
"C16752",1,"RRH15721457HH1",2025-07-24,0,5,7,99,-1,0,1,1,2,3,25,0,0,5,608011156,"7.12.2"
"C16758",1,"NXS14722470HH1",2025-10-11,0,1,2,423,-1,0,6,1,0,237,55,0,0,1,608011156,"7.12.2"
"C16761",1,"NXS14724054HH1",2025-12-17,0,1,2,423,-1,0,1,1,0,3,55,0,0,1,608011156,"7.12.2"
"C16767",1,"NBN10525944HH1",2026-03-14,0,1,2,99,-1,0,0,1,0,5,25,0,0,1,608011156,"7.12.2"
"C16824",1,"NXS11323673HH1",2025-12-03,0,1,2,423,-1,0,1,1,0,16,55,0,0,1,608011156,"7.12.2"
"C16830",1,"NXS14722398HH1",2025-10-09,0,1,2,423,-1,0,0,1,2,257,25,0,0,1,608011156,"7.12.2"
"C16833",1,"NXS10623245HH1",2025-11-16,0,1,2,312,-1,0,0,1,2,5,18,0,0,1,608011156,"7.12.2"
"C16869",1,"NXS11325128HH1",2026-02-01,0,1,2,423,-1,0,0,0,0,5,55,0,0,1,608011156,"7.12.2"
"C16914",1,"NXS13524183HH1",2025-12-22,0,1,2,313,-1,0,1,1,0,5,25,0,0,1,608011156,"7.12.2"
"C16923",1,"NXS10823828HH1",2025-12-10,0,1,2,423,178,0,0,1,0,357,25,0,0,1,608011156,"7.12.2"
"C16926",1,"NXS11324514HH1",2025-11-13,0,5,2,99,-1,0,0,1,0,36,25,0,0,1,608011156,"7.12.2"
"C16995",1,"NXS11222502HH1",2025-10-12,0,1,2,410,37,0,0,1,2,5,25,0,0,1,608011156,"7.12.2"
"C16998",1,"NXS11624508HH1",2026-01-05,0,1,2,99,-1,0,0,1,0,5,25,0,0,1,608011156,"7.12.2"
"C17007",1,"NBN10525435HH1",2026-01-23,0,5,2,99,-1,0,1,1,0,3,25,0,0,1,608011156,"7.12.2"
"C17013",1,"RRH16021679HH1",2025-09-07,0,1,5,440,-1,0,1,1,0,5,25,0,0,4,608011156,"7.12.2"
"C17019",1,"NXS11225187HH1",2026-02-05,0,1,2,312,137,0,0,1,1,5,18,0,0,1,608011156,"7.12.2"
"C17040",1,"NXS11622755HH1",2025-10-24,0,1,2,423,-1,1,0,1,2,5,25,0,0,1,608011156,"7.12.2"
"C17058",3,"NXS11625110HH1",2026-01-31,0,1,2,313,-1,0,0,1,2,36,-1,0,0,1,608011156,"7.12.2"
"C17091",2,"NXS11122845HH4",2025-10-31,0,1,2,99,-1,0,0,0,1,5,25,1,1,1,608011156,"7.12.2"
"C17115",1,"NXS10623817HH1",2025-12-09,0,3,2,313,-1,0,9,1,0,3,55,0,0,1,608011156,"7.12.2"
"C17118",1,"RRH15922926HH1",2025-11-05,0,1,5,410,-1,0,0,1,2,15,25,0,0,4,608011156,"7.12.2"
"C17130",1,"NXS11321674HH1",2025-09-07,0,2,2,423,-1,0,0,0,0,5,55,0,0,1,608011156,"7.12.2"
"C17148",1,"NXS11322165HH1",2025-10-01,0,3,2,99,123,0,4,0,2,5,25,0,0,1,608011156,"7.12.2"
"C17151",2,"NXS10224501HH6",2026-01-05,0,1,2,99,-1,0,0,0,0,3,25,1,1,1,608011156,"7.12.2"
"C17157",1,"RRH13316509HH1",2024-09-08,0,1,5,410,-1,0,0,1,0,5,25,0,0,-1,608011156,"7.12.1"
"C17160",1,"NXS13825300HH1",2026-02-10,0,1,2,98,-1,0,0,0,0,5,25,0,0,1,608011156,"7.12.2"
"C17181",2,"NXS10624636HH8",2026-01-11,0,1,2,99,-1,0,0,0,1,3,25,1,1,1,608011156,"7.12.2"
"C17205",1,"NXS10624277HH1",2025-12-26,0,2,2,431,-1,0,6,1,2,5,25,0,0,1,608011156,"7.12.2"
"C17211",1,"RRH12420554HH1",2025-06-20,0,5,5,410,34,1,0,0,0,3,55,0,0,5,608011156,"7.12.2"
"C17214",1,"NXS11318576HH1",2025-02-16,0,1,2,410,-1,0,6,1,0,5,25,0,0,1,608011156,"7.12.2"
"C17232",1,"NXS10622582HH1",2025-10-16,0,4,2,99,132,0,6,1,0,5,24,0,0,1,608011156,"7.12.2"
"C17244",2,"NXS11024317HH2",2025-12-28,0,1,2,302,-1,0,0,1,2,5,25,1,0,1,608011156,"7.12.2"
"C17253",1,"NXS10823811HH1",2025-12-08,0,1,2,206,72,0,0,1,0,3,25,0,0,1,608011156,"7.12.2"
"C17262",1,"NXS10923001HH1",2025-11-07,0,2,2,410,-1,0,0,1,0,56,25,0,0,1,608011156,"7.12.2"
"C17277",1,"NBN10521300HH1",2025-08-22,0,1,2,99,73,0,0,1,2,35,25,0,0,1,608011156,"7.12.2"
"C17295",1,"PSH11910104HH1",2022-07-04,0,1,6,411,-1,1,0,1,0,5,55,0,0,-1,608011156,"7.12.1"
"C17304",1,"NXS14722703HH1",2025-10-22,0,3,2,313,-1,0,1,1,0,56,55,0,0,1,608011156,"7.12.2"
"C17310",1,"RRH12221091HH1",2025-08-10,0,1,5,419,-1,1,0,1,0,5,55,0,0,4,608011156,"7.12.2"
"C17349",1,"RRH15417847HH2",2024-12-21,0,3,5,410,-1,0,6,1,0,5,55,0,0,4,608011156,"7.12.2"
"C17373",1,"NXS12723330HH1",2025-11-20,0,3,2,313,-1,0,1,1,0,5,25,0,0,1,608011156,"7.12.2"
"C17388",1,"NXS13824444HH1",2026-01-03,0,4,2,207,-1,0,4,0,0,5,25,0,0,1,608011156,"7.12.2"
"C17400",1,"NXS11322652HH1",2025-10-12,0,5,2,99,-1,0,1,1,0,127,25,0,0,1,608011156,"7.12.2"
"C17430",1,"NXS10822137HH1",2025-09-26,0,1,2,420,-1,0,0,1,0,136,55,0,0,1,608011156,"7.12.2"
"C17433",1,"NXS13825292HH1",2026-02-09,0,1,2,204,35,0,1,1,0,5,25,0,0,1,608011156,"7.12.2"
"C17466",1,"NXS10724780HH1",2026-01-17,0,1,2,99,-1,0,9,0,0,5,25,0,0,1,608011156,"7.12.2"
"C17475",1,"NXS10622760HH1",2025-10-25,0,4,2,101,188,0,1,1,0,146,25,0,0,1,608011156,"7.12.2"
"C17478",2,"NXS10623916HH2",2025-12-12,0,1,2,422,-1,0,4,0,1,2,25,1,0,1,608011156,"7.12.2"
"C17499",1,"RSO15221625HH1",2025-07-21,0,5,9,207,-1,0,0,1,0,13,25,0,0,1,608011156,"7.12.2"
"C17517",2,"RSO15220163HH4",2025-05-10,0,5,9,410,-1,0,0,0,0,5,25,1,0,1,608011156,"7.12.2"
"C17538",1,"NBN10525536HH1",2026-02-22,0,5,2,99,-1,0,1,1,1,15,25,0,0,1,608011156,"7.12.2"
"C17544",2,"RRH13213353HH3",2023-11-30,0,5,5,433,-1,0,0,1,0,235,25,1,0,-1,608011156,"7.12.1"
"C17553",1,"NBN10522790HH1",2025-01-24,0,5,2,99,-1,0,1,1,2,5,25,0,0,5,608011156,"7.12.2"
"C17559",1,"NBN10522875HH1",2025-11-01,0,1,2,99,46,0,0,1,0,236,25,0,0,1,608011156,"7.12.2"
"C17559",2,"RRH13224284HH4",2025-12-27,0,1,5,423,-1,0,9,1,2,236,25,1,0,4,608011156,"7.12.2"
"C17568",1,"NXS11624043HH1",2025-12-17,0,3,2,422,-1,0,1,1,0,5,25,0,0,1,608011156,"7.12.2"
"C17571",1,"NXS11624044HH1",2025-12-17,0,1,2,422,-1,0,1,1,0,13,25,0,0,1,608011156,"7.12.2"
"C17583",1,"NXS10625693HH1",2026-03-01,0,1,2,422,62,0,0,1,2,5,25,0,0,1,608011156,"7.12.2"
"C17613",1,"NXS10822888HH1",2025-11-03,0,1,2,420,-1,0,1,1,0,5,55,0,0,1,608011156,"7.12.2"
"C17619",1,"NXS14724628HH1",2026-01-10,0,1,2,410,-1,0,0,1,0,3,55,0,0,1,608011156,"7.12.2"
"C17652",1,"NXS11624249HH1",2025-12-25,0,4,2,98,99,0,1,1,0,5,25,0,0,1,608011156,"7.12.2"
"C17691",1,"RRH14022388HH1",2025-10-09,0,1,5,420,-1,0,0,1,0,5,25,0,0,4,608011156,"7.12.2"
"C17712",1,"RRH12118626HH1",2025-02-20,0,1,5,433,-1,0,6,1,0,5,55,0,0,4,608011156,"7.12.2"
"C17721",1,"NBN10524127HH1",2025-12-21,0,1,2,99,-1,0,0,1,0,5,25,0,0,1,608011156,"7.12.2"
"C17760",1,"NXS11321132HH1",2025-08-14,0,2,2,410,-1,0,0,1,2,3,55,0,0,1,608011156,"7.12.2"
"C17769",1,"NXS11321409HH1",2025-08-27,0,4,2,423,32,0,1,1,0,5,55,0,0,1,608011156,"7.12.2"
"C17790",2,"RRH15921780HH2",2025-09-12,0,1,5,431,-1,0,0,1,0,5,25,1,0,4,608011156,"7.12.2"
"C17796",1,"NXS11324605HH1",2025-12-28,0,5,2,423,47,0,1,1,0,5,25,0,0,1,608011156,"7.12.2"
"C17805",1,"NXS14722621HH1",2025-10-17,0,4,2,423,-1,0,0,1,2,3,25,0,0,1,608011156,"7.12.2"
"C17811",2,"RRH14020322HH3",2025-06-29,0,2,5,410,-1,0,6,1,2,3,25,1,0,4,608011156,"7.12.2"
"C17874",1,"NXS11322634HH1",2025-10-03,0,5,2,422,29,0,1,1,2,7,25,0,0,1,608011156,"7.12.2"
"C17898",1,"RRH15421092HH1",2025-08-10,0,4,7,101,-1,0,4,0,0,13,55,0,0,4,608011156,"7.12.2"
"C17910",1,"NXS12924774HH1",2025-12-21,0,5,2,206,-1,0,4,0,0,5,25,0,0,1,608011156,"7.12.2"
"C17919",1,"RRH16023637HH1",2025-12-03,0,1,5,433,-1,0,0,1,0,5,55,0,0,4,608011156,"7.12.2"
"C17922",1,"RRH13222931HH1",2025-11-06,0,1,5,423,-1,0,1,1,2,5,25,0,0,4,608011156,"7.12.2"
"C17931",1,"NXS11221911HH1",2025-09-17,0,1,2,423,-1,0,0,0,1,5,25,0,0,1,608011156,"7.12.2"
"C17955",1,"NXS11322213HH1",2025-10-02,0,5,2,422,-1,0,4,0,0,5,25,0,0,1,608011156,"7.12.2"
"C17958",1,"NXS11622228HH1",2025-10-03,0,3,2,116,-1,0,1,1,1,5,25,0,0,1,608011156,"7.12.2"
"C17967",1,"NXS12725043HH1",2025-11-07,0,5,2,116,68,0,1,1,0,5,55,0,0,1,608011156,"7.12.2"
"C18015",1,"NXS12725040HH1",2025-11-08,0,5,2,423,-1,0,1,1,2,5,55,0,0,1,608011156,"7.12.2"
"C18039",1,"NXS11324756HH1",2025-12-20,0,5,2,423,-1,0,4,0,2,5,25,0,0,1,608011156,"7.12.2"
"C18066",1,"NXS10223504HH1",2025-11-27,0,1,2,423,-1,0,1,1,0,37,24,0,0,1,608011156,"7.12.2"
"C18075",1,"RRH13220661HH1",2025-06-23,0,5,5,433,-1,0,0,1,0,3,55,0,0,5,608011156,"7.12.2"
"C18099",1,"NXS11324306HH1",2025-09-17,0,5,2,423,-1,0,0,0,1,3,25,0,0,1,608011156,"7.12.2"
"C18102",1,"RRH12420394HH1",2024-11-01,0,5,7,116,84,1,1,1,0,5,55,0,0,5,608011156,"7.12.2"
"C18105",1,"NXS10920785HH1",2025-05-09,0,5,2,313,75,0,0,0,0,5,25,0,0,1,608011156,"7.12.2"
"C18111",1,"NXS11322022HH1",2025-09-21,0,4,2,101,207,0,1,1,0,5,25,0,0,1,608011156,"7.12.2"
"C18114",1,"RRH13318952HH1",2025-03-21,0,1,5,225,-1,1,1,1,0,5,55,0,0,4,608011156,"7.12.2"
"C18120",1,"NXS11323578HH1",2025-11-29,0,3,2,116,-1,0,1,1,0,5,25,0,0,1,608011156,"7.12.2"
"C18126",2,"NXS10324440HH2",2026-01-03,0,1,2,99,-1,0,0,0,2,36,24,1,0,1,608011156,"7.12.2"
"C18144",1,"NXS14722471HH1",2025-10-11,0,1,2,410,51,1,1,1,2,16,25,0,0,1,608011156,"7.12.2"
"C18183",1,"RSO15222282HH2",2025-10-04,0,3,9,410,-1,0,9,1,0,5,25,0,0,12,608011156,"7.12.2"
"C18186",1,"NXS11325089HH1",2025-11-27,0,5,2,423,-1,0,1,1,2,3,55,0,0,1,608011156,"7.12.2"
"C18192",2,"NXS10225762HH2",2026-03-05,0,1,2,99,-1,0,0,0,1,126,25,1,0,1,608011156,"7.12.2"
"C18207",2,"NXS13824024HH3",2025-12-17,0,2,2,313,-1,0,0,0,2,5,25,1,0,1,608011156,"7.12.2"
"C18213",1,"NXS12724120HH1",2025-12-01,0,5,2,313,-1,1,1,1,1,56,25,0,0,1,608011156,"7.12.2"
"C18270",2,"NXS10719856HH3",2025-05-30,0,1,2,420,-1,0,9,1,0,3,25,1,0,1,608011156,"7.12.2"
"C18312",1,"NXS14722613HH1",2025-10-17,0,2,2,423,-1,0,1,1,2,34,25,0,0,1,608011156,"7.12.2"
"C18324",1,"NXS12724762HH1",2026-01-16,0,3,2,423,-1,0,4,0,2,5,25,0,0,1,608011156,"7.12.2"
"C18336",1,"NXS11217367HH1",2024-11-15,0,1,2,423,-1,0,1,1,2,5,25,0,0,1,608011156,"7.12.2"
"C18351",1,"RRH14916771HH1",2024-10-02,0,5,5,410,85,0,0,0,0,3,25,0,0,-1,608011156,"7.12.1"
"C18378",3,"TRN11723709HH1",2025-12-05,0,1,3,422,-1,0,1,1,0,5,-1,0,0,2,608011156,"7.12.2"
"C18429",1,"NXS11324979HH1",2026-01-25,0,1,2,423,-1,0,4,0,0,5,25,0,0,1,608011156,"7.12.2"
"C18441",2,"RRH15820753HH3",2025-07-25,0,1,5,431,-1,0,0,1,2,5,25,1,0,4,608011156,"7.12.2"
"C18459",2,"NXS10221618HH6",2025-09-05,0,1,2,410,-1,0,0,0,0,3,25,1,1,1,608011156,"7.12.2"
"C18492",1,"NXS11325323HH1",2026-02-12,0,3,2,423,-1,0,1,1,1,356,25,0,0,1,608011156,"7.12.2"
"C18504",1,"NBN10523963HH1",2025-11-30,0,5,2,99,51,0,0,0,0,35,24,0,0,1,608011156,"7.12.2"
"C18507",1,"NXS12723439HH1",2025-11-22,0,5,2,313,-1,0,4,0,0,357,25,0,0,1,608011156,"7.12.2"
"C18513",1,"PSH11910100HH1",2022-06-23,0,1,6,423,-1,1,0,1,0,5,55,0,0,-1,608011156,"7.12.1"
"C18525",2,"NXS10222486HH5",2025-10-12,0,1,2,422,-1,0,0,1,1,2,25,1,1,1,608011156,"7.12.2"
"C18546",1,"NXS11324255HH1",2025-12-25,0,1,2,423,27,1,0,1,0,5,25,0,0,1,608011156,"7.12.2"
"C18549",1,"NXS10625274HH1",2026-02-09,0,3,2,313,108,1,0,1,2,5,25,0,0,1,608011156,"7.12.2"
"C18570",1,"NXS14723897HH1",2025-10-30,0,5,2,423,96,1,1,1,2,5,55,0,0,1,608011156,"7.12.2"
"C18585",1,"NXS11323034HH1",2025-11-09,0,4,2,422,-1,0,1,1,1,5,25,0,0,1,608011156,"7.12.2"
"C18588",1,"RRH12322922HH1",2025-11-05,0,4,5,419,-1,1,9,1,0,5,55,0,0,4,608011156,"7.12.2"
"C18591",1,"PSH11910529HH1",2023-07-08,0,1,6,24,-1,1,0,1,0,3,55,0,0,-1,608011156,"7.12.1"
"C18618",1,"NXS14722989HH2",2025-11-07,0,1,2,313,-1,0,1,1,2,3,25,0,0,1,608011156,"7.12.2"
"C18627",1,"NXS11322310HH1",2025-10-04,0,2,2,314,-1,0,1,1,2,4,25,0,0,1,608011156,"7.12.2"
"C18636",1,"NXS11321564HH1",2025-09-03,0,2,2,101,19,0,6,1,1,5,55,0,0,1,608011156,"7.12.2"
"C18657",1,"NXS10621533HH1",2025-09-03,0,3,2,410,-1,0,4,0,0,5,55,0,0,1,608011156,"7.12.2"
"C18663",1,"NXS11124463HH2",2026-01-04,0,1,2,99,-1,0,1,1,1,5,25,0,0,1,608011156,"7.12.2"
"C18681",2,"RRH16120114HH3",2024-06-30,0,5,5,422,25,0,0,0,0,5,25,1,0,5,608011156,"7.12.2"
"C18696",1,"NXS11324272HH1",2025-12-26,0,1,2,422,-1,0,0,0,0,3,18,0,0,1,608011156,"7.12.2"
"C18702",1,"NXS10622043HH1",2025-09-22,0,1,2,99,189,0,0,1,0,14,25,0,0,1,608011156,"7.12.2"
"C18705",1,"NXS10622244HH1",2025-10-03,0,1,2,312,-1,1,0,1,0,3,55,0,0,1,608011156,"7.12.2"
"C18738",1,"NXS10221629HH1",2025-09-06,0,3,2,207,-1,0,0,0,1,56,25,0,0,1,608011156,"7.12.2"
"C18756",2,"NXS10624322HH3",2025-12-28,0,1,2,420,-1,0,0,1,2,5,25,1,0,1,608011156,"7.12.2"
"C18759",2,"RRH13219220HH3",2025-04-12,0,5,5,420,-1,0,0,0,0,3,24,1,0,4,608011156,"7.12.2"
"C18774",1,"NXS10621510HH1",2025-09-01,0,4,2,98,77,0,1,1,0,5,25,0,0,1,608011156,"7.12.2"
"C18795",1,"NXS10625061HH1",2026-01-29,0,1,2,205,-1,0,0,0,1,5,25,0,0,1,608011156,"7.12.2"
"C18801",2,"RRH12220310HH3",2025-05-19,0,5,7,99,-1,1,0,0,0,5,25,1,0,5,608011156,"7.12.2"
"C18861",2,"NXS10224680HH2",2026-01-12,0,2,2,207,-1,0,1,1,1,5,25,1,0,1,608011156,"7.12.2"
"C18921",1,"NXS11322952HH1",2025-11-06,0,2,2,423,111,0,1,1,2,16,25,0,0,1,608011156,"7.12.2"
"C18954",1,"RRH16017055HH1",2024-10-20,0,3,5,440,-1,0,1,1,2,123,55,0,0,5,608011156,"7.12.2"
"C18969",1,"RRH13216256HH1",2024-07-16,0,5,5,433,-1,0,0,1,0,3,25,0,0,-1,608011156,"7.12.1"
"C18987",1,"NXS11624524HH1",2026-01-06,0,4,2,312,-1,0,0,0,2,3,24,0,0,1,608011156,"7.12.2"
"C18999",1,"NXS14724055HH1",2025-11-26,0,5,2,422,-1,0,4,0,0,3,25,0,0,1,608011156,"7.12.2"
"C19002",1,"NXS11325439HH1",2026-02-16,0,3,2,423,26,0,1,1,0,5,24,0,0,1,608011156,"7.12.2"
"C19020",1,"NBN10525734HH1",2026-02-26,0,5,2,99,40,0,4,0,0,3,25,0,0,1,608011156,"7.12.2"
"C19023",1,"TRN10418901HH1",2025-03-17,0,4,3,314,-1,0,0,1,0,5,25,0,0,2,608011156,"7.12.2"
"C19038",1,"PSH11915144HH1",2024-04-06,0,1,6,410,-1,1,0,0,2,3,25,0,0,-1,608011156,"7.12.1"
"C19047",1,"NXS11124655HH1",2026-01-11,0,1,2,313,-1,0,0,1,0,5,55,0,0,1,608011156,"7.12.2"
"C19062",1,"NXS14723046HH1",2025-11-09,0,3,2,423,-1,0,4,0,0,146,25,0,0,1,608011156,"7.12.2"
"C19098",1,"NXS15121365HH1",2025-08-24,0,1,2,410,-1,0,1,1,2,5,25,0,0,1,608011156,"7.12.2"
"C19107",1,"NXS11425777HH1",2026-03-06,0,1,2,423,-1,1,0,0,0,98,25,0,0,1,608011156,"7.12.2"
"C19140",1,"NBN10522623HH1",2025-10-20,0,3,2,116,23,0,4,0,0,14,25,0,0,1,608011156,"7.12.2"
"C19161",1,"NXS15122408HH1",2025-10-09,0,1,2,312,-1,0,0,0,0,6,25,0,0,1,608011156,"7.12.2"
"C19185",1,"RRH13219202HH1",2025-03-16,0,5,5,423,-1,0,4,0,0,3,25,0,0,5,608011156,"7.12.2"
"C19212",1,"NXS10924156HH1",2025-12-21,0,4,2,410,-1,0,0,0,0,3,25,0,0,1,608011156,"7.12.2"
"C19227",1,"NXS12723852HH1",2025-12-10,0,2,2,423,-1,0,0,1,0,5,55,0,0,1,608011156,"7.12.2"
"C19281",1,"NXS11622932HH1",2025-11-06,0,3,2,423,-1,0,0,1,0,15,18,0,0,1,608011156,"7.12.2"
"C19296",1,"HAV13715762HH1",2024-06-20,0,5,4,410,-1,1,1,1,0,15,55,0,0,1,608011156,"7.12.2"
"C19350",1,"NXS11624347HH1",2025-12-30,0,1,2,314,-1,0,0,0,0,5,25,0,0,1,608011156,"7.12.2"
"C19356",2,"RRH16119861HH3",2025-04-07,0,5,5,420,-1,0,0,0,0,3,25,1,0,5,608011156,"7.12.2"
"C19395",1,"NXS11324301HH2",2025-12-27,0,2,2,99,150,1,2,1,2,2,25,0,0,1,608011156,"7.12.2"
"C19461",1,"NXS12723710HH1",2025-11-19,0,5,2,206,135,0,1,1,1,7,25,0,0,1,608011156,"7.12.2"
"C19482",1,"NXS10622745HH1",2025-10-24,0,1,2,98,-1,0,0,1,2,3,25,0,0,1,608011156,"7.12.2"
"C19563",1,"NXS10924454HH1",2026-01-04,0,2,2,98,-1,0,0,0,0,5,55,0,0,1,608011156,"7.12.2"
"C19617",1,"NXS10624992HH1",2026-01-25,0,1,2,410,111,0,0,1,0,3,25,0,0,1,608011156,"7.12.2"
"C19635",1,"NXS11622894HH1",2025-09-20,0,5,2,101,-1,0,0,0,2,3,25,0,0,1,608011156,"7.12.2"
"C19644",1,"RSO15219401HH1",2025-04-26,0,1,9,420,-1,0,0,1,1,5,55,0,0,12,608011156,"7.12.2"
"C19650",2,"NXS10222464HH2",2025-10-11,0,4,2,423,-1,0,0,1,1,36,25,1,0,1,608011156,"7.12.2"
"C19677",1,"HAV13721471HH1",2025-08-29,0,2,4,423,-1,1,1,1,0,45,55,0,0,1,608011156,"7.12.2"
"C19692",1,"NXS10621778HH1",2025-09-12,0,3,2,312,-1,0,0,1,0,46,18,0,0,1,608011156,"7.12.2"
"C19704",1,"NXS10624042HH1",2025-12-17,0,1,2,314,-1,0,0,1,2,5,55,0,0,1,608011156,"7.12.2"
"C19722",1,"RRH12622259HH1",2025-10-03,0,4,5,420,-1,0,1,1,0,3,55,0,0,4,608011156,"7.12.2"
"C19743",2,"NXS10224239HH4",2025-12-25,0,1,2,99,-1,0,0,0,0,3,25,1,1,1,608011156,"7.12.2"
"C19776",1,"NXS11322552HH1",2025-10-15,0,1,2,423,-1,0,0,1,0,5,55,0,0,1,608011156,"7.12.2"
"C19785",1,"NXS11322701HH1",2025-10-12,0,5,2,314,-1,0,0,0,0,5,55,0,0,1,608011156,"7.12.2"
"C19794",2,"RRH13121703HH2",2025-09-07,0,1,5,410,-1,0,0,0,2,5,25,1,0,4,608011156,"7.12.2"
"C19860",1,"RRH12318204HH1",2025-01-17,0,1,5,419,147,1,1,1,0,5,55,0,0,4,608011156,"7.12.2"
"C19863",1,"NXS10722194HH1",2025-10-02,0,1,2,99,150,0,1,1,1,5,25,0,0,1,608011156,"7.12.2"
"C19866",1,"NXS11322326HH1",2025-10-05,0,2,2,423,-1,0,1,1,0,3,25,0,0,1,608011156,"7.12.2"
"C19899",1,"NXS14724752HH1",2026-01-16,0,3,2,423,-1,0,0,0,2,3,25,0,0,1,608011156,"7.12.2"
"C19923",1,"NXS11025249HH1",2026-02-07,0,4,2,98,-1,0,1,1,2,5,25,0,0,1,608011156,"7.12.2"
"C19932",1,"NXS12724137HH1",2025-12-20,0,3,2,313,-1,0,0,0,0,3,25,0,0,1,608011156,"7.12.2"
"C19947",1,"NXS11325608HH1",2026-02-26,0,3,2,313,-1,0,1,1,1,5,25,0,0,1,608011156,"7.12.2"
"C19965",1,"NXS13822338HH1",2025-10-06,0,1,2,98,188,0,0,1,2,5,25,0,0,1,608011156,"7.12.2"
"C19983",1,"NXS11325609HH1",2026-02-26,0,1,2,101,-1,0,4,0,2,237,25,0,0,1,608011156,"7.12.2"
"C20007",1,"NXS10623132HH1",2025-11-12,0,1,2,205,195,0,0,1,0,247,25,0,0,1,608011156,"7.12.2"
"C20019",1,"RRH14111676HH2",2023-10-08,0,4,5,410,-1,0,0,1,1,5,25,0,0,-1,608011156,"7.12.1"
"C20022",1,"RRH12220733HH1",2025-07-24,0,1,5,410,-1,1,0,1,0,5,55,0,0,4,608011156,"7.12.2"
"C20028",1,"NBN10525504HH1",2026-02-20,0,1,2,99,51,0,1,1,0,5,25,0,0,1,608011156,"7.12.2"
"C20115",1,"NXS11321184HH1",2025-08-15,0,3,2,423,35,0,2,1,0,3,25,0,0,1,608011156,"7.12.2"
"C20118",1,"RRH15518419HH1",2025-01-05,0,5,5,410,254,0,1,1,2,5,25,0,0,5,608011156,"7.12.2"
"C20121",1,"NXS10922182HH1",2025-10-01,0,1,2,98,-1,0,0,1,0,5,55,0,0,1,608011156,"7.12.2"
"C20178",1,"NXS14723103HH1",2025-11-12,0,3,2,207,-1,0,4,0,0,5,25,0,0,1,608011156,"7.12.2"
"C20181",1,"RRH15720334HH1",2025-06-29,0,1,5,410,-1,0,0,1,0,5,55,0,0,4,608011156,"7.12.2"
"C20196",1,"NXS10624877HH1",2026-01-20,0,4,2,410,-1,0,0,1,0,3,25,0,0,1,608011156,"7.12.2"
"C20199",1,"NXS11222651HH1",2025-10-19,0,3,2,99,35,0,0,1,0,5,25,0,0,1,608011156,"7.12.2"
"C20214",1,"RRH16023686HH1",2025-10-22,0,5,7,101,-1,0,4,0,0,5,25,0,0,7,608011156,"7.12.2"
"C20286",1,"NXS14724621HH1",2026-01-10,0,1,2,423,-1,0,0,1,0,5,25,0,0,1,608011156,"7.12.2"
"C20292",1,"NXS11321580HH1",2025-09-04,0,1,2,422,-1,0,0,1,0,3,25,0,0,1,608011156,"7.12.2"
"C20340",1,"NXS14724056HH1",2025-12-17,0,3,2,423,-1,0,0,0,0,3,25,0,0,1,608011156,"7.12.2"
"C20391",1,"NXS13524166HH1",2025-12-21,0,1,2,314,-1,0,1,1,0,5,25,0,0,1,608011156,"7.12.2"
"C20412",1,"NXS10823949HH1",2025-12-13,0,1,2,314,-1,1,9,1,0,5,55,0,0,1,608011156,"7.12.2"
"C20415",2,"NXS10224970HH3",2026-01-24,0,1,2,99,-1,0,0,1,0,3,25,1,0,1,608011156,"7.12.2"
"C20430",1,"NBN10523270HH1",2025-11-02,0,5,2,99,18,0,0,1,0,45,55,0,0,1,608011156,"7.12.2"
"C20433",1,"NXS11021834HH1",2025-09-13,0,2,2,431,-1,0,1,1,2,5,25,0,0,1,608011156,"7.12.2"
"C20439",1,"NXS10722460HH1",2025-08-28,0,5,2,99,-1,0,2,1,0,3,25,0,0,1,608011156,"7.12.2"
"C20439",2,"RRH16020318HH4",2025-06-28,0,2,7,99,-1,0,2,1,2,3,25,1,0,4,608011156,"7.12.2"
"C20457",1,"NXS10822070HH1",2025-09-24,0,1,2,204,100,0,1,1,0,3,25,0,0,1,608011156,"7.12.2"
"C20475",1,"NBN10521573HH1",2025-09-03,0,5,2,99,-1,0,4,0,0,56,25,0,0,1,608011156,"7.12.2"
"C20484",1,"RRH15720033HH1",2025-06-12,0,1,5,410,-1,0,0,1,0,5,25,0,0,4,608011156,"7.12.2"
"C20487",1,"NXS11622175HH1",2025-10-01,0,4,2,99,164,0,4,0,0,5,25,0,0,1,608011156,"7.12.2"
"C20496",1,"NXS10623131HH1",2025-11-12,0,1,2,99,-1,0,0,0,0,3,25,0,0,1,608011156,"7.12.2"
"C20565",1,"TRN10424570HH1",2026-01-09,0,5,3,302,-1,0,0,1,0,5,25,0,0,2,608011156,"7.12.2"
"C20670",1,"NXS14723113HH1",2025-11-12,0,2,2,423,-1,0,1,1,0,234,55,0,0,1,608011156,"7.12.2"
"C20712",1,"NXS10223658HH2",2025-12-03,0,2,2,101,-1,0,4,1,0,5,25,0,0,1,608011156,"7.12.2"
"C20730",1,"NXS11322937HH1",2025-11-06,0,4,2,423,20,0,1,1,0,3,25,0,0,1,608011156,"7.12.2"
"C20736",1,"RRH13218682HH1",2025-01-29,0,5,5,410,-1,0,2,1,0,5,55,0,0,5,608011156,"7.12.2"
"C20745",1,"RRH15518448HH1",2025-02-06,0,1,5,410,-1,0,0,1,0,16,25,0,0,5,608011156,"7.12.2"
"C20748",1,"NXS11622242HH1",2025-10-03,0,3,2,98,220,0,0,0,0,247,25,0,0,1,608011156,"7.12.2"
"C20751",1,"RRH13218420HH2",2025-01-03,0,5,5,431,80,0,0,0,2,5,25,0,0,5,608011156,"7.12.2"
"C20775",1,"NXS11324862HH1",2025-11-27,0,5,2,423,80,0,1,1,0,5,25,0,0,1,608011156,"7.12.2"
"C20784",1,"NXS10922113HH1",2025-09-25,0,2,2,423,127,0,1,1,0,346,25,0,0,1,608011156,"7.12.2"
"C20814",1,"NXS10625861HH1",2026-03-09,0,1,2,99,-1,0,0,1,0,5,25,0,0,1,608011156,"7.12.2"
"C20835",1,"NXS10622053HH1",2025-09-23,0,2,2,410,-1,1,0,1,0,3,25,0,0,1,608011156,"7.12.2"
"C20838",1,"NXS11323036HH1",2025-10-17,0,5,2,423,23,0,0,1,0,5,25,0,0,1,608011156,"7.12.2"
"C20874",1,"NXS10921881HH1",2025-09-16,0,1,2,207,-1,0,0,0,0,56,25,0,0,1,608011156,"7.12.2"
"C20880",1,"NXS10621312HH1",2025-08-22,0,2,2,410,-1,0,4,0,2,3,55,0,0,1,608011156,"7.12.2"
"C20910",1,"RRH16022239HH1",2025-10-03,0,4,7,99,-1,0,1,1,0,5,25,0,0,4,608011156,"7.12.2"
"C20916",1,"NXS11325321HH1",2025-11-22,0,5,2,423,-1,0,0,0,0,3,25,0,0,1,608011156,"7.12.2"
"C20922",1,"RRH15519030HH1",2025-03-28,0,5,5,410,-1,0,1,1,2,5,25,0,0,5,608011156,"7.12.2"
"C20949",2,"NXS10720060HH2",2025-06-14,0,5,2,410,-1,0,0,0,2,15,24,1,0,1,608011156,"7.12.2"
"C20979",1,"RRH12119441HH1",2025-04-30,0,2,5,422,-1,0,0,0,0,3,25,0,0,5,608011156,"7.12.2"
"C21000",2,"RRH15519196HH2",2025-04-11,0,1,5,101,-1,0,1,1,3,16,25,1,0,4,608011156,"7.12.2"
"C21006",1,"NXS11324716HH1",2025-11-21,0,5,2,313,-1,0,1,1,0,5,25,0,0,1,608011156,"7.12.2"
"C21009",1,"NXS11322159HH1",2025-09-30,0,2,2,116,22,0,0,1,0,3,25,0,0,1,608011156,"7.12.2"
"C21024",1,"NXS10822746HH1",2025-10-24,0,3,2,302,-1,0,1,1,0,5,25,0,0,1,608011156,"7.12.2"
"C21030",1,"RRH14320370HH2",2025-07-02,0,4,5,410,-1,0,1,1,2,5,25,0,0,4,608011156,"7.12.2"
"C21090",2,"RRH15719003HH2",2025-03-24,0,3,7,116,-1,0,4,0,1,3,25,1,0,4,608011156,"7.12.2"
"C21117",1,"NBN10524548HH1",2026-01-05,0,5,2,99,15,0,0,1,0,15,24,0,0,1,608011156,"7.12.2"
"C21162",1,"RRH14019235HH1",2025-03-26,0,5,5,410,-1,0,0,0,0,56,25,0,0,5,608011156,"7.12.2"
"C21231",1,"NXS11325342HH1",2026-01-04,0,5,2,423,36,0,0,1,0,5,55,0,0,1,608011156,"7.12.2"
"C21255",1,"NXS13523717HH1",2025-11-27,0,5,2,99,-1,0,1,1,0,125,25,0,0,1,608011156,"7.12.2"
"C21264",1,"RRH15517908HH1",2024-12-27,0,1,5,422,-1,0,1,1,0,3,55,0,0,4,608011156,"7.12.2"
"C21351",1,"RRH16023417HH1",2025-10-22,0,5,7,99,-1,0,4,0,2,3,25,0,0,5,608011156,"7.12.2"
"C21402",1,"NXS13523636HH1",2025-11-28,0,5,2,225,-1,0,1,1,0,56,25,0,0,1,608011156,"7.12.2"
"C21432",1,"NXS11324525HH1",2026-01-07,0,1,2,423,131,0,1,1,0,237,55,0,0,1,608011156,"7.12.2"
"C21438",1,"NXS10623479HH1",2025-11-26,0,1,2,329,-1,1,0,1,0,2,55,0,0,1,608011156,"7.12.2"
"C21441",1,"RRH12620017HH1",2025-06-06,0,5,5,410,-1,0,9,1,0,5,25,0,0,5,608011156,"7.12.2"
"C21456",1,"NXS12920501HH1",2025-07-10,0,4,2,99,-1,0,9,1,0,5,25,0,0,1,608011156,"7.12.2"
"C21567",1,"RRH13217947HH1",2024-12-02,0,5,5,420,-1,0,0,1,0,3,25,0,0,5,608011156,"7.12.2"
"C21570",1,"RRH16121556HH1",2025-07-31,0,5,7,302,15,0,1,1,0,3,25,0,0,5,608011156,"7.12.2"
"C21579",1,"NXS11121242HH1",2025-08-18,0,1,2,314,-1,0,0,1,2,357,25,0,0,1,608011156,"7.12.2"
"C21603",1,"NXS14724973HH1",2026-01-05,0,5,2,423,158,0,0,1,0,5,55,0,0,1,608011156,"7.12.2"
"C21612",1,"NXS10623564HH1",2025-11-29,0,4,2,98,-1,0,0,1,2,3,25,0,0,1,608011156,"7.12.2"
"C21651",1,"NXS11320822HH1",2025-07-29,0,5,2,410,-1,0,1,1,2,1,55,0,0,1,608011156,"7.12.2"
"C21681",1,"NXS10821664HH1",2025-09-06,0,1,2,410,-1,0,0,0,0,2,25,0,0,1,608011156,"7.12.2"
"C21705",1,"NXS11323839HH1",2025-12-10,0,1,2,423,-1,0,4,0,2,5,55,0,0,1,608011156,"7.12.2"
"C21879",1,"NXS14722714HH1",2025-10-23,0,1,2,422,-1,0,1,1,0,5,25,0,0,1,608011156,"7.12.2"
"C21885",1,"NXS12717403HH1",2024-11-16,0,3,2,313,-1,0,1,1,0,36,55,0,0,1,608011156,"7.12.2"
"C21891",1,"NXS10921880HH1",2025-06-28,0,5,2,431,-1,0,1,1,0,5,25,0,0,1,608011156,"7.12.2"
"C21897",1,"RRH15818967HH2",2025-03-22,0,4,7,422,-1,0,5,1,0,5,25,0,0,5,608011156,"7.12.2"
"C21909",1,"NBN10525848HH1",2026-03-16,0,1,2,99,-1,1,0,1,0,45,25,0,0,1,608011156,"7.12.2"
"C21954",1,"NXS11225940HH1",2026-03-14,0,1,2,116,-1,0,0,1,2,57,25,0,0,1,608011156,"7.12.2"
"C21960",1,"TRN10423289HH1",2025-11-19,0,2,3,410,-1,0,0,1,0,5,25,0,0,2,608011156,"7.12.2"
"C22083",1,"NXS12724910HH1",2026-01-22,0,1,2,423,-1,0,4,0,0,3,25,0,0,1,608011156,"7.12.2"
"C22098",1,"NXS11321899HH1",2025-09-17,0,1,2,422,-1,0,1,1,2,5,25,0,0,1,608011156,"7.12.2"
"C22116",1,"NXS11624159HH1",2025-12-21,0,1,2,314,-1,0,0,1,0,5,55,0,0,1,608011156,"7.12.2"
"C22122",2,"NBN10525393HH4",2026-02-14,0,2,2,99,87,0,4,0,0,3,18,1,1,1,608011156,"7.12.2"
"C22152",1,"RRH16119973HH1",2025-01-12,0,5,5,410,-1,0,1,1,0,3,25,0,0,5,608011156,"7.12.2"
"C22308",1,"NXS11322004HH1",2025-09-20,0,1,2,423,-1,0,0,1,2,3,25,0,0,1,608011156,"7.12.2"
"C22344",1,"NXS10623552HH1",2025-11-28,0,2,2,204,85,0,0,1,0,357,25,0,0,1,608011156,"7.12.2"
"C22362",1,"NXS14723215HH1",2025-11-15,0,2,2,422,-1,0,0,1,2,3,25,0,0,1,608011156,"7.12.2"
"C22374",1,"NXS11322779HH1",2025-10-27,0,2,2,101,-1,0,0,0,2,5,25,0,0,1,608011156,"7.12.2"
"C22383",1,"NXS14724147HH1",2025-12-20,0,3,2,423,-1,0,1,1,0,457,25,0,0,1,608011156,"7.12.2"
"C22491",1,"NXS14723253HH1",2025-11-16,0,1,2,422,23,0,0,1,2,3,25,0,0,1,608011156,"7.12.2"
"C22494",1,"NXS11325449HH1",2025-10-08,0,5,2,24,-1,0,0,1,0,5,55,0,0,1,608011156,"7.12.2"
"C22518",2,"RSO15220347HH5",2025-07-02,0,2,10,410,-1,0,2,1,1,3,25,1,1,12,608011156,"7.12.2"
"C22539",1,"NXS11322866HH1",2025-11-01,0,1,2,423,57,0,4,0,2,3,25,0,0,1,608011156,"7.12.2"
"C22638",1,"RRH15319840HH1",2025-05-29,0,1,5,410,-1,0,0,1,0,36,18,0,0,4,608011156,"7.12.2"
"C22704",1,"NXS12723343HH1",2025-11-21,0,4,2,116,149,0,1,1,0,5,25,0,0,1,608011156,"7.12.2"
"C22713",2,"NXS11123755HH2",2025-12-06,0,4,2,312,-1,0,0,1,1,5,25,1,0,1,608011156,"7.12.2"
"C22719",1,"NXS14724274HH1",2025-11-22,0,5,2,314,89,0,0,1,1,5,25,0,0,1,608011156,"7.12.2"
"C22773",1,"NXS11324283HH1",2025-12-10,0,5,2,423,-1,0,1,1,0,126,55,0,0,1,608011156,"7.12.2"
"C22782",1,"NXS11625727HH1",2026-03-03,0,1,2,99,55,0,0,0,0,5,25,0,0,1,608011156,"7.12.2"
"C22797",1,"NXS11325052HH1",2026-01-29,0,4,2,410,-1,0,0,1,0,5,55,0,0,1,608011156,"7.12.2"
"C22845",1,"RRH15620228HH1",2025-05-21,0,5,5,99,-1,0,4,0,0,5,55,0,0,5,608011156,"7.12.2"
"C22848",1,"NXS14724138HH1",2025-12-20,0,5,2,423,156,0,4,0,0,3,25,0,0,1,608011156,"7.12.2"
"C22872",1,"RRH12216647HH1",2024-09-23,0,4,5,433,-1,1,1,1,0,5,55,0,0,4,608011156,"7.12.2"
"C22878",1,"NXS11422476HH1",2025-10-11,0,4,2,101,240,0,0,0,0,5,25,0,0,1,608011156,"7.12.2"
"C22893",1,"RRH13216233HH1",2024-05-18,0,5,5,433,198,0,0,1,0,3,25,0,0,-1,608011156,"7.12.1"
"C22899",1,"NXS11325377HH1",2026-01-05,0,5,2,423,127,0,0,1,0,356,25,0,0,1,608011156,"7.12.2"
"C22920",1,"NXS11323317HH1",2025-11-20,0,1,2,422,-1,0,0,0,0,36,25,0,0,1,608011156,"7.12.2"
"C23043",1,"NXS14722493HH1",2025-10-12,0,4,2,99,-1,0,1,1,0,3,25,0,0,1,608011156,"7.12.2"
"C23112",1,"NXS11425131HH1",2026-02-01,0,1,2,329,-1,0,0,1,0,5,55,0,0,1,608011156,"7.12.2"
"C23127",1,"NXS11324304HH1",2025-12-28,0,1,2,314,-1,0,0,1,1,1,25,0,0,1,608011156,"7.12.2"
"C23157",1,"NXS14723893HH1",2025-12-12,0,4,2,423,-1,1,4,0,0,5,25,0,0,1,608011156,"7.12.2"
"C23178",1,"NXS11322728HH1",2025-10-23,0,2,2,423,42,0,4,0,0,5,25,0,0,1,608011156,"7.12.2"
"C23325",1,"NXS11324294HH1",2025-12-13,0,5,2,205,-1,0,4,0,0,5,25,0,0,1,608011156,"7.12.2"
"C23331",1,"RRH15517757HH1",2024-11-17,0,5,5,433,-1,0,1,1,1,3,18,0,0,5,608011156,"7.12.2"
"C23403",1,"NBN10522879HH1",2025-11-03,0,1,2,99,-1,0,9,1,0,5,25,0,0,1,608011156,"7.12.2"
"C23418",2,"RRH13320724HH3",2025-07-23,0,2,5,410,-1,1,6,1,0,5,25,0,0,4,608011156,"7.12.2"
"C23442",1,"NXS11325050HH1",2026-01-29,0,1,2,423,-1,0,0,0,0,5,25,0,0,1,608011156,"7.12.2"
"C23445",1,"NXS11324254HH1",2025-12-25,0,3,2,423,-1,0,1,1,0,5,25,0,0,1,608011156,"7.12.2"
"C23451",1,"RRH15620435HH1",2025-07-05,0,2,5,207,-1,0,1,1,0,126,25,0,0,4,608011156,"7.12.2"
"C23511",1,"NXS12922410HH1",2025-10-09,0,4,2,99,-1,0,0,0,0,3,25,0,0,1,608011156,"7.12.2"
"C23580",1,"NXS10922826HH1",2025-08-29,0,5,2,207,21,0,4,0,0,5,25,0,0,1,608011156,"7.12.2"
"C23592",1,"NXS14722545HH1",2025-10-14,0,2,2,423,-1,0,4,0,0,3,25,0,0,1,608011156,"7.12.2"
"C23607",1,"PSH11910013HH1",2018-09-30,0,1,6,419,-1,1,0,0,0,5,55,0,0,-1,608011156,"7.12.1"
"C23742",1,"RRH13219205HH1",2025-03-16,0,5,7,101,90,0,4,0,1,3,25,0,0,5,608011156,"7.12.2"
"C23745",1,"RRH13217754HH1",2024-11-12,0,5,5,410,-1,0,1,1,0,5,25,0,0,5,608011156,"7.12.2"
"C23772",1,"RRH16021480HH1",2025-08-30,0,4,5,434,-1,0,1,1,0,5,55,0,0,4,608011156,"7.12.2"
"C23778",1,"NXS10924814HH1",2025-12-06,0,5,2,313,21,0,1,1,0,5,25,0,0,1,608011156,"7.12.2"
"C23796",1,"RRH16021388HH1",2025-08-27,0,4,7,99,-1,0,1,1,1,567,25,0,0,4,608011156,"7.12.2"
"C23820",1,"NXS14722918HH1",2025-11-05,0,3,2,423,15,0,1,1,2,5,25,0,0,1,608011156,"7.12.2"
"C23829",1,"NXS11325370HH1",2026-01-15,0,5,2,423,-1,0,6,1,0,5,25,0,0,1,608011156,"7.12.2"
"C23835",1,"NXS11322913HH1",2025-11-05,0,4,2,99,-1,0,0,1,1,3,25,0,0,1,608011156,"7.12.2"
"C23871",1,"NXS15123454HH1",2025-11-25,0,4,2,313,-1,0,9,1,0,15,25,0,0,1,608011156,"7.12.2"
"C23967",1,"NXS10625315HH1",2026-02-12,0,3,2,99,-1,0,0,1,0,56,18,0,0,1,608011156,"7.12.2"
"C23994",1,"RRH13316607HH1",2024-08-16,0,5,5,410,-1,0,0,1,0,3,25,0,0,-1,608011156,"7.12.1"
"C24051",1,"RRH13217267HH1",2024-11-07,0,2,5,433,-1,0,1,1,0,5,25,0,0,4,608011156,"7.12.2"
"C24057",1,"RRH13214762HH1",2024-01-03,0,5,5,433,-1,0,0,1,2,47,25,0,0,-1,608011156,"7.12.1"
"C24102",1,"RRH13217581HH1",2024-10-21,0,5,7,207,92,0,4,0,0,2,25,0,0,5,608011156,"7.12.2"
"C24138",1,"RRH15319690HH1",2025-05-18,0,4,5,420,-1,0,1,1,2,5,24,0,0,4,608011156,"7.12.2"
"C24147",1,"NXS13821696HH1",2025-09-07,0,2,2,206,35,0,0,0,2,5,55,0,0,1,608011156,"7.12.2"
"C24150",1,"NXS14724427HH1",2026-01-02,0,3,2,423,44,0,4,0,2,126,55,0,0,1,608011156,"7.12.2"
"C24162",1,"NXS11321686HH1",2025-09-07,0,3,2,422,-1,0,0,0,0,56,25,0,0,1,608011156,"7.12.2"
"C24186",1,"NXS11323488HH1",2025-10-12,0,5,2,423,-1,0,4,0,0,3,24,0,0,1,608011156,"7.12.2"
"C24189",1,"NXS11323357HH1",2025-11-21,0,4,2,423,66,0,4,0,0,136,25,0,0,1,608011156,"7.12.2"
"C24195",1,"NXS11323356HH1",2025-11-21,0,4,2,422,163,0,1,1,0,1,55,0,0,1,608011156,"7.12.2"
"C24228",1,"NXS10922036HH1",2025-09-21,0,2,2,98,-1,0,0,0,1,3,25,0,0,1,608011156,"7.12.2"
"C24267",1,"NXS11322780HH1",2025-10-27,0,2,2,410,157,0,6,1,2,56,25,0,0,1,608011156,"7.12.2"
"C24435",1,"TRN14619721HH1",2025-05-21,0,1,3,206,116,1,0,0,0,5,55,0,0,2,608011156,"7.12.2"
"C24453",1,"NBN10525817HH1",2026-03-07,0,5,2,99,25,0,0,1,0,5,55,0,0,1,608011156,"7.12.2"
"C24507",1,"NXS11020283HH2",2025-06-27,0,1,2,313,-1,0,0,1,2,5,25,0,0,1,608011156,"7.12.2"
"C24510",1,"NXS14722734HH1",2025-10-08,0,5,2,99,-1,0,0,1,2,5,25,0,0,1,608011156,"7.12.2"
"C24540",1,"NXS11322337HH1",2025-10-06,0,2,2,423,47,0,4,0,1,5,25,0,0,1,608011156,"7.12.2"
"C24576",1,"NXS10221937HH1",2025-09-18,0,1,2,207,-1,0,4,0,1,3,25,0,0,1,608011156,"7.12.2"
"C24612",1,"NXS11323788HH1",2025-10-08,0,5,2,410,-1,0,0,0,0,3,55,0,0,1,608011156,"7.12.2"
"C24654",1,"NXS14723102HH1",2025-11-12,0,3,2,422,32,0,0,1,2,5,25,0,0,1,608011156,"7.12.2"
"C24699",1,"RRH12620989HH1",2025-08-06,0,2,5,423,17,1,6,1,0,3,55,0,0,4,608011156,"7.12.2"
"C24705",1,"RRH16122731HH1",2025-10-24,0,4,5,423,140,0,4,0,0,5,55,0,0,5,608011156,"7.12.2"
"C24714",1,"NXS14722391HH1",2025-10-09,0,4,2,423,-1,0,1,1,1,5,24,0,0,1,608011156,"7.12.2"
"C24717",1,"RSO15222229HH1",2025-10-03,0,2,9,420,-1,0,0,1,1,47,55,0,0,12,608011156,"7.12.2"
"C24723",1,"NXS10624633HH1",2026-01-11,0,1,2,101,-1,0,0,1,0,3,25,0,0,1,608011156,"7.12.2"
"C24774",2,"RRH13223490HH3",2025-11-10,0,5,5,422,-1,0,0,0,0,3,25,1,0,5,608011156,"7.12.2"
"C24777",1,"NXS11325019HH1",2026-01-26,0,1,2,314,-1,0,0,1,0,5,25,0,0,1,608011156,"7.12.2"
"C24786",1,"NXS10824477HH1",2026-01-04,0,2,2,312,-1,0,9,1,0,5,18,0,0,1,608011156,"7.12.2"
"C24801",2,"RRH15517510HH3",2024-11-25,0,1,5,410,-1,0,1,1,2,5,25,1,0,4,608011156,"7.12.2"
"C24804",1,"NXS11020824HH1",2025-07-30,0,4,2,206,-1,0,9,1,2,13,25,0,0,1,608011156,"7.12.2"
"C24807",2,"RRH16121314HH3",2025-08-23,0,4,5,302,-1,0,0,0,0,126,25,1,0,4,608011156,"7.12.2"
"C24837",1,"RRH13218369HH1",2024-12-18,0,5,5,410,-1,0,0,1,2,3,55,0,0,5,608011156,"7.12.2"
"C24909",1,"NXS11023842HH1",2025-12-10,0,1,2,98,58,0,9,1,2,15,55,0,0,1,608011156,"7.12.2"
"C24915",1,"NXS14722466HH1",2025-10-11,0,1,2,423,-1,0,1,1,2,5,25,0,0,1,608011156,"7.12.2"
"C24951",2,"NXS10222025HH3",2025-09-21,0,3,2,423,-1,0,0,0,0,3,25,1,0,1,608011156,"7.12.2"
"C24957",1,"NXS10822335HH1",2025-10-05,0,2,2,207,-1,0,4,0,0,3,25,0,0,1,608011156,"7.12.2"
"C25002",1,"NXS10622117HH1",2025-09-25,0,1,2,313,-1,0,0,1,0,3,55,0,0,1,608011156,"7.12.2"
"C25020",1,"RRH13215258HH2",2024-03-22,0,5,5,433,-1,0,0,1,1,5,25,1,0,-1,608011156,"7.12.1"
"C25032",1,"NXS14724577HH1",2026-01-09,0,1,2,423,-1,0,0,0,0,5,25,0,0,1,608011156,"7.12.2"
"C25059",1,"NXS12724945HH1",2026-01-23,0,4,2,101,110,0,0,1,0,56,25,0,0,1,608011156,"7.12.2"
"C25083",1,"NXS11321782HH1",2025-09-12,0,3,2,423,-1,0,0,1,1,356,25,0,0,1,608011156,"7.12.2"
"C25107",1,"NXS14724753HH1",2026-01-16,0,2,2,423,-1,0,0,1,0,13,25,0,0,1,608011156,"7.12.2"
"C25116",1,"NXS11625516HH1",2026-02-20,0,1,2,101,-1,0,9,1,2,5,25,0,0,1,608011156,"7.12.2"
"C25131",2,"NXS15122191HH2",2025-10-02,0,1,2,313,40,0,0,1,2,5,25,1,0,1,608011156,"7.12.2"
"C25161",1,"RRH13215257HH1",2024-03-31,0,5,5,433,-1,0,0,1,1,3,25,0,0,-1,608011156,"7.12.1"
"C25251",1,"NXS14723895HH1",2025-12-12,0,3,2,423,-1,0,0,1,2,5,25,0,0,1,608011156,"7.12.2"
"C25260",1,"NXS11324184HH1",2025-12-23,0,2,2,423,-1,0,1,1,0,5,25,0,0,1,608011156,"7.12.2"
"C25287",1,"NXS14724831HH1",2026-01-18,0,1,2,423,-1,0,0,0,0,1,25,0,0,1,608011156,"7.12.2"
"C25311",1,"NXS10924169HH1",2025-10-10,0,5,2,98,-1,0,0,0,0,5,24,0,0,1,608011156,"7.12.2"
"C25344",1,"NXS11123422HH2",2025-11-23,0,3,2,314,-1,0,0,0,0,5,25,0,0,1,608011156,"7.12.2"
"C25401",2,"NXS10222986HH3",2025-11-07,0,3,2,99,-1,0,0,0,2,56,25,1,0,1,608011156,"7.12.2"
"C25431",1,"NXS11324832HH1",2026-01-18,0,3,2,423,-1,0,0,1,1,5,25,0,0,1,608011156,"7.12.2"
"C25434",1,"NXS14722917HH1",2025-09-14,0,5,2,423,40,0,0,1,1,5,25,0,0,1,608011156,"7.12.2"
"C25593",1,"NXS11621857HH1",2025-09-14,0,1,2,99,-1,0,0,0,2,5,18,0,0,1,608011156,"7.12.2"
"C25629",1,"NXS10624457HH1",2026-01-04,0,4,2,410,23,0,1,1,0,5,25,0,0,1,608011156,"7.12.2"
"C25671",1,"RRH16121339HH1",2025-08-24,0,1,5,410,138,0,0,0,1,5,25,0,0,4,608011156,"7.12.2"
"C25683",1,"NXS10623765HH1",2025-12-06,0,4,2,206,131,0,1,1,1,156,18,0,0,1,608011156,"7.12.2"
"C25686",1,"NXS12725033HH1",2026-01-27,0,3,2,116,82,0,1,1,0,56,25,0,0,1,608011156,"7.12.2"
"C25734",1,"NXS11322718HH1",2025-10-23,0,3,2,207,-1,0,0,0,0,236,25,0,0,1,608011156,"7.12.2"
"C25743",2,"RRH16121333HH2",2025-08-21,0,5,5,420,-1,0,0,0,0,3,25,1,0,4,608011156,"7.12.2"
"C25746",1,"RRH13218969HH1",2025-03-22,0,3,5,433,-1,0,0,1,0,245,25,0,0,5,608011156,"7.12.2"
"C25779",1,"NXS11625822HH1",2026-03-08,0,1,2,313,-1,0,1,1,1,5,25,0,0,1,608011156,"7.12.2"
"C25818",2,"NXS10221896HH3",2025-09-17,0,1,2,422,-1,0,0,0,2,15,25,1,0,1,608011156,"7.12.2"
"C25827",1,"NXS14724844HH1",2026-01-19,0,1,2,423,-1,0,0,1,2,345,55,0,0,1,608011156,"7.12.2"
"C25836",1,"RRH12320844HH1",2025-07-31,0,1,5,410,-1,1,9,1,0,5,25,0,0,4,608011156,"7.12.2"
"C25899",1,"RRH13215657HH1",2024-06-07,0,1,5,433,-1,0,0,0,0,456,25,0,0,-1,608011156,"7.12.1"
"C25920",2,"NXS10224011HH6",2025-12-17,0,1,2,314,-1,0,0,0,0,3,25,1,1,1,608011156,"7.12.2"
"C25938",1,"RRH15721155HH1",2025-08-14,0,1,7,422,39,0,0,0,2,35,25,0,0,4,608011156,"7.12.2"
"C26022",1,"NXS11323587HH1",2025-11-30,0,2,2,410,76,0,0,0,2,5,25,0,0,1,608011156,"7.12.2"
"C26025",2,"NXS10224746HH4",2026-01-16,0,2,2,99,-1,0,0,0,1,3,25,1,1,1,608011156,"7.12.2"
"C26037",1,"NXS12722978HH1",2025-11-07,0,1,2,116,-1,0,0,0,0,12,55,0,0,1,608011156,"7.12.2"
"C26208",1,"NXS12724329HH1",2025-12-10,0,5,2,423,95,1,1,1,0,5,25,0,0,1,608011156,"7.12.2"
"C26295",2,"NXS10221424HH2",2025-08-27,0,2,2,423,-1,0,0,0,1,5,25,1,0,1,608011156,"7.12.2"
"C26331",2,"NXS10222129HH3",2025-09-26,0,1,2,99,-1,0,0,0,0,3,24,1,0,1,608011156,"7.12.2"
"C26367",1,"NXS14722536HH1",2025-10-14,0,1,2,410,-1,0,0,1,0,3,55,0,0,1,608011156,"7.12.2"
"C26397",1,"RRH15821491HH1",2025-08-31,0,1,5,431,-1,0,0,0,0,5,55,0,0,4,608011156,"7.12.2"
"C26409",1,"RSO15220807HH1",2025-07-27,0,2,9,410,-1,0,0,1,2,5,25,0,0,12,608011156,"7.12.2"
"C26412",1,"NXS10624222HH1",2025-12-25,0,1,2,410,159,0,0,1,0,146,24,0,0,1,608011156,"7.12.2"
"C26442",1,"NXS11321862HH1",2025-09-14,0,1,2,410,-1,0,0,0,0,5,25,0,0,1,608011156,"7.12.2"
"C26466",1,"NXS11324866HH1",2026-01-20,0,3,2,423,-1,0,1,1,0,5,25,0,0,1,608011156,"7.12.2"
"C26472",1,"NXS10621585HH1",2025-09-04,0,1,2,420,-1,1,1,1,0,5,55,0,0,1,608011156,"7.12.2"
"C26478",1,"NXS10622576HH1",2025-10-15,0,4,2,313,-1,0,0,1,0,5,18,0,0,1,608011156,"7.12.2"
"C26508",2,"RSO15220509HH2",2025-05-27,0,5,9,420,-1,0,0,0,1,5,25,1,0,1,608011156,"7.12.2"
"C26562",1,"NXS10620954HH1",2025-08-04,0,2,2,99,271,0,0,1,0,3,25,0,0,1,608011156,"7.12.2"
"C26583",1,"RRH16015677HH1",2024-06-08,0,1,5,434,-1,0,1,1,0,5,25,0,0,4,608011156,"7.12.2"
"C26649",1,"RRH13316153HH1",2024-07-25,0,5,5,410,-1,1,0,1,0,1,55,0,0,-1,608011156,"7.12.1"
"C26712",1,"NXS13821768HH1",2025-09-11,0,1,2,431,-1,0,0,1,2,5,25,0,0,1,608011156,"7.12.2"
"C26712",2,"RSO15222271HH4",2025-10-04,0,3,9,433,-1,0,0,1,2,5,25,1,1,12,608011156,"7.12.2"
"C26787",1,"NXS10622317HH1",2025-10-05,0,4,2,99,122,1,0,1,0,5,25,0,0,1,608011156,"7.12.2"
"C26826",1,"NXS10623010HH1",2025-11-08,0,5,2,99,-1,0,0,1,0,5,25,0,0,1,608011156,"7.12.2"
"C26889",1,"NXS11322000HH1",2025-09-20,0,1,2,410,-1,0,4,0,2,5,18,0,0,1,608011156,"7.12.2"
"C26895",1,"NXS11322855HH1",2025-11-01,0,3,2,423,-1,0,0,0,1,5,25,0,0,1,608011156,"7.12.2"
"C26934",1,"NXS10622695HH1",2025-10-22,0,2,2,410,-1,0,0,1,0,3,55,0,0,1,608011156,"7.12.2"
"C26937",1,"NXS10622766HH1",2025-10-26,0,4,2,313,-1,0,0,0,0,3,25,0,0,1,608011156,"7.12.2"
"C26943",1,"NXS11321948HH1",2025-09-12,0,5,2,422,-1,0,0,1,0,56,25,0,0,1,608011156,"7.12.2"
"C26958",1,"NXS11120800HH1",2025-07-27,0,2,2,314,-1,0,6,1,2,5,55,0,0,1,608011156,"7.12.2"
"C26964",1,"NBN10522886HH1",2025-10-07,0,5,2,99,-1,0,0,1,0,5,25,0,0,1,608011156,"7.12.2"
"C27012",1,"NXS13823643HH1",2025-12-03,0,2,2,313,-1,0,0,1,0,126,18,0,0,1,608011156,"7.12.2"
"C27024",1,"NXS11620553HH1",2025-07-13,0,3,2,314,-1,0,0,0,0,5,25,0,0,1,608011156,"7.12.2"
"C27027",1,"NXS11623734HH1",2025-12-06,0,1,2,116,-1,0,0,0,1,5,25,0,0,1,608011156,"7.12.2"
"C27084",1,"RRH12319285HH1",2025-04-17,0,3,5,410,-1,1,6,1,0,5,55,0,0,4,608011156,"7.12.2"
"C27090",1,"RRH13219793HH1",2025-03-27,0,5,5,433,168,0,1,1,0,147,25,0,0,5,608011156,"7.12.2"
"C27105",1,"RRH13217873HH1",2024-12-07,0,5,5,410,-1,0,9,1,1,5,25,0,0,5,608011156,"7.12.2"
"C27108",1,"NXS11325007HH1",2026-01-26,0,2,2,423,-1,0,1,1,0,56,25,0,0,1,608011156,"7.12.2"
"C27111",1,"RRH13316314HH2",2024-08-22,0,1,5,433,-1,0,0,1,0,5,55,0,0,-1,608011156,"7.12.1"
"C27120",1,"RRH15819569HH2",2025-05-10,0,2,5,99,-1,0,4,0,0,5,25,0,0,4,608011156,"7.12.2"
"C27141",1,"RSO15224075HH1",2025-12-09,0,5,9,420,-1,0,0,0,2,5,55,0,0,1,608011156,"7.12.2"
"C27195",1,"RRH13216684HH1",2024-09-15,0,5,5,422,-1,0,0,1,1,5,25,0,0,-1,608011156,"7.12.1"
"C27243",1,"NXS14722713HH1",2025-10-23,0,2,2,423,-1,0,4,0,0,5,55,0,0,1,608011156,"7.12.2"
"C27252",1,"RRH16016255HH1",2024-08-17,0,1,5,433,-1,0,1,1,0,5,25,0,0,4,608011156,"7.12.2"
"C27267",1,"RRH15517662HH2",2024-12-06,0,1,5,207,-1,0,1,1,0,456,25,0,0,4,608011156,"7.12.2"
"C27270",1,"RRH15721122HH1",2025-07-18,0,5,7,99,60,0,4,0,0,5,25,0,0,5,608011156,"7.12.2"
"C27390",1,"TRN11723227HH1",2025-11-15,0,1,3,215,-1,0,0,1,0,12,18,0,0,2,608011156,"7.12.2"
"C27417",2,"RRH14916613HH5",2024-08-18,0,5,5,410,-1,0,0,0,2,5,25,1,1,-1,608011156,"7.12.1"
"C27429",1,"NXS14722715HH1",2025-10-23,0,5,2,314,-1,0,0,1,2,5,25,0,0,1,608011156,"7.12.2"
"C27432",1,"RRH13218431HH1",2024-08-22,0,5,5,410,171,0,1,1,0,5,25,0,0,5,608011156,"7.12.2"
"C27447",2,"NXS11121094HH4",2025-08-10,0,3,2,422,-1,0,1,1,0,3,25,1,0,1,608011156,"7.12.2"
"C27486",1,"RRH15420475HH1",2025-07-06,0,4,7,99,59,0,4,0,0,5,25,0,0,4,608011156,"7.12.2"
"C27504",1,"RRH15316406HH1",2024-08-18,0,5,5,410,-1,0,0,0,0,25,24,0,0,-1,608011156,"7.12.1"
"C27510",2,"NXS10223695HH3",2025-12-04,0,3,2,313,-1,0,4,0,2,5,25,1,0,1,608011156,"7.12.2"
"C27555",1,"NXS12723286HH1",2024-11-14,0,5,2,410,149,0,1,1,0,3,55,0,0,5,608011156,"7.12.2"
"C27558",1,"RRH13219411HH1",2025-04-02,0,5,5,420,-1,0,4,0,0,3,25,0,0,5,608011156,"7.12.2"
"C27570",1,"RRH13316787HH1",2024-08-28,0,5,5,410,-1,1,0,1,0,3,25,0,0,5,608011156,"7.12.2"
"C27603",1,"RRH15721223HH3",2024-09-08,0,5,7,410,63,0,1,1,2,3,25,0,0,5,608011156,"7.12.2"
"C27606",1,"NXS11622676HH1",2025-10-21,0,4,2,98,-1,0,0,0,0,1,25,0,0,1,608011156,"7.12.2"
"C27618",1,"NXS10623771HH1",2025-12-06,0,4,2,410,-1,0,0,1,1,26,25,0,0,1,608011156,"7.12.2"
"C27636",1,"NBN10522283HH1",2025-10-04,0,1,2,99,39,0,0,1,0,5,25,0,0,1,608011156,"7.12.2"
"C27675",1,"NXS10925835HH1",2026-03-08,0,1,2,98,-1,0,0,0,0,5,55,0,0,1,608011156,"7.12.2"
"C27678",1,"RRH14317293HH1",2024-11-09,0,3,5,410,97,0,1,1,0,126,25,0,0,4,608011156,"7.12.2"
"C27696",1,"NXS10622241HH1",2025-10-03,0,1,2,99,-1,0,0,1,0,5,25,0,0,1,608011156,"7.12.2"
"C27717",1,"NXS10823747HH1",2025-12-06,0,3,2,332,28,0,0,0,0,5,25,0,0,1,608011156,"7.12.2"
"C27720",1,"RRH12323698HH1",2025-12-04,0,3,5,419,-1,1,1,1,0,136,55,0,0,4,608011156,"7.12.2"
"C27738",1,"RRH13217457HH1",2024-10-04,0,5,5,410,-1,0,1,1,1,5,25,0,0,5,608011156,"7.12.2"
"C27771",2,"RRH13316791HH4",2024-10-04,0,1,5,410,-1,0,0,0,0,5,25,1,0,-1,608011156,"7.12.1"
"C27789",2,"RRH15822055HH3",2025-09-24,0,1,5,431,-1,0,1,1,0,5,25,1,0,4,608011156,"7.12.2"
"C27816",1,"NXS10924130HH1",2025-12-20,0,4,2,313,93,0,4,0,0,5,25,0,0,1,608011156,"7.12.2"
"C27828",1,"NBN10522719HH1",2025-10-23,0,4,2,99,-1,0,0,1,0,5,25,0,0,1,608011156,"7.12.2"
"C27861",2,"RRH14916617HH4",2024-09-19,0,1,5,99,-1,0,0,1,1,3,25,1,1,-1,608011156,"7.12.1"
"C27897",1,"RRH14316875HH2",2024-09-23,0,5,5,410,-1,0,0,1,2,5,25,0,0,5,608011156,"7.12.2"
"C27909",2,"RRH13216803HH5",2024-09-18,0,5,5,410,-1,0,0,0,2,3,25,1,1,-1,608011156,"7.12.1"
"C27954",2,"RRH16017594HH2",2024-12-02,0,1,5,433,-1,0,0,0,2,5,25,1,0,4,608011156,"7.12.2"
"C27957",1,"NXS11423541HH1",2025-11-28,0,1,2,116,-1,0,1,1,0,456,25,0,0,1,608011156,"7.12.2"
"C27981",1,"RRH13225116HH1",2025-12-25,0,5,5,410,-1,0,0,1,2,5,55,0,0,5,608011156,"7.12.2"
"C28038",1,"NXS11121418HH2",2025-08-27,0,1,2,440,-1,0,0,1,0,5,24,0,0,1,608011156,"7.12.2"
"C28044",1,"RRH15417989HH1",2025-01-02,0,1,5,410,-1,0,0,1,0,5,55,0,0,5,608011156,"7.12.2"
"C28146",1,"RRH14116944HH1",2024-10-13,0,1,5,423,-1,0,0,1,0,5,25,0,0,-1,608011156,"7.12.1"
"C28164",1,"NXS11321868HH1",2025-09-14,0,2,2,423,-1,0,0,0,0,5,25,0,0,1,608011156,"7.12.2"
"C28179",1,"NBN10524664HH1",2025-11-14,0,5,2,99,23,0,0,1,0,5,55,0,0,1,608011156,"7.12.2"
"C28191",2,"NXS10222048HH4",2025-09-23,0,1,2,422,-1,1,0,1,0,5,25,1,0,1,608011156,"7.12.2"
"C28254",1,"NBN10523534HH1",2025-11-29,0,1,2,99,-1,0,0,0,0,34,25,0,0,1,608011156,"7.12.2"
"C28269",1,"NXS10622786HH1",2025-10-28,0,1,2,99,174,0,0,1,1,123,25,0,0,1,608011156,"7.12.2"
"C28293",1,"RRH13217814HH1",2024-12-19,0,4,7,207,-1,0,4,0,0,3,18,0,0,4,608011156,"7.12.2"
"C28308",1,"NXS10722580HH1",2025-10-16,0,3,2,99,-1,0,1,1,2,3,25,0,0,1,608011156,"7.12.2"
"C28314",1,"RRH13217315HH1",2024-10-09,0,5,5,422,23,0,4,0,0,56,25,0,0,5,608011156,"7.12.2"
"C28320",1,"NXS14724963HH1",2026-01-24,0,3,2,99,-1,0,0,1,0,127,55,0,0,1,608011156,"7.12.2"
"C28326",1,"NXS14722394HH1",2025-10-09,0,1,2,423,-1,0,4,0,0,5,18,0,0,1,608011156,"7.12.2"
"C28335",1,"RRH14318836HH1",2025-03-12,0,3,5,410,-1,0,1,1,0,3,25,0,0,4,608011156,"7.12.2"
"C28344",1,"RRH13220693HH1",2025-07-22,0,1,5,423,-1,0,0,0,1,5,25,0,0,4,608011156,"7.12.2"
"C28347",2,"RRH15517537HH3",2024-09-28,0,5,5,410,-1,0,0,0,3,136,25,1,0,5,608011156,"7.12.2"
"C28350",1,"NXS12723952HH1",2025-12-13,0,4,2,206,-1,0,0,1,0,5,25,0,0,1,608011156,"7.12.2"
"C28377",1,"NXS14722473HH1",2025-10-11,0,1,2,423,-1,0,0,1,2,45,25,0,0,1,608011156,"7.12.2"
"C28419",1,"RRH14916943HH1",2024-10-13,0,1,5,410,-1,0,0,1,1,234,55,0,0,-1,608011156,"7.12.1"
"C28425",1,"RRH14916942HH1",2024-10-13,0,1,5,410,-1,0,0,1,1,5,25,0,0,-1,608011156,"7.12.1"
"C28440",1,"NXS10625136HH1",2026-02-02,0,3,2,410,-1,0,1,1,1,5,25,0,0,1,608011156,"7.12.2"
"C28470",1,"RRH16120360HH1",2024-10-14,0,5,7,410,-1,0,4,0,0,3,25,0,0,5,608011156,"7.12.2"
"C28491",1,"NXS10621812HH1",2025-09-12,0,1,2,98,-1,0,0,1,1,3,25,0,0,1,608011156,"7.12.2"
"C28500",3,"TRN11722313HH1",2025-10-05,0,3,3,215,-1,0,0,1,0,267,-1,0,0,2,608011156,"7.12.2"
"C28503",1,"NXS10622038HH1",2025-09-22,0,1,2,101,-1,0,0,0,2,5,55,0,0,1,608011156,"7.12.2"
"C28515",1,"NXS14724846HH1",2026-01-19,0,2,2,116,79,0,1,1,2,345,55,0,0,1,608011156,"7.12.2"
"C28533",1,"NXS12723676HH1",2025-11-09,0,5,2,101,36,1,1,1,0,346,55,0,0,1,608011156,"7.12.2"
"C28536",1,"NBN10522749HH1",2025-10-25,0,4,2,99,103,0,4,0,0,3,25,0,0,1,608011156,"7.12.2"
"C28536",2,"RRH13217294HH4",2024-10-24,0,5,5,422,-1,0,4,0,0,3,25,1,0,5,608011156,"7.12.2"
"C28563",1,"NXS10325126HH1",2026-02-01,0,2,2,422,-1,0,0,0,0,5,55,0,0,1,608011156,"7.12.2"
"C28572",1,"NBN10522262HH1",2025-10-04,0,5,2,99,-1,0,1,1,0,5,55,0,0,1,608011156,"7.12.2"
"C28578",1,"RRH15423990HH1",2025-09-17,0,5,7,116,-1,0,6,1,0,5,25,0,0,4,608011156,"7.12.2"
"C28584",1,"NXS11322371HH1",2025-10-08,0,2,2,99,107,0,0,1,0,15,25,0,0,1,608011156,"7.12.2"
"C28590",1,"NXS11322636HH1",2025-10-18,0,2,2,422,82,0,1,1,1,5,18,0,0,1,608011156,"7.12.2"
"C28596",1,"RRH16021940HH1",2025-09-03,0,5,5,99,-1,0,0,0,0,456,25,0,0,4,608011156,"7.12.2"
"C28602",1,"NXS10621986HH1",2025-09-19,0,3,2,410,-1,0,0,0,0,5,25,0,0,1,608011156,"7.12.2"
"C28605",1,"RRH13218980HH1",2024-11-30,0,5,5,410,26,0,4,0,2,5,25,0,0,5,608011156,"7.12.2"
"C28611",1,"NXS14724154HH1",2025-12-21,0,1,2,422,-1,0,0,0,0,99,25,0,0,1,608011156,"7.12.2"
"C28620",1,"RRH15317095HH1",2024-10-20,0,5,5,410,-1,0,0,0,0,5,18,0,0,-1,608011156,"7.12.1"
"C28641",1,"RRH15316741HH1",2024-10-04,0,1,5,410,-1,0,0,1,1,5,24,0,0,-1,608011156,"7.12.1"
"C28713",3,"RRH14118729HH1",2025-01-22,0,5,5,422,-1,0,0,1,1,35,-1,0,0,5,608011156,"7.12.2"
"C28722",1,"NXS10924882HH1",2026-01-06,0,5,2,410,59,0,4,0,0,7,25,0,0,1,608011156,"7.12.2"
"C28731",1,"NXS11421488HH1",2025-08-30,0,4,2,204,-1,0,1,1,1,3,25,0,0,1,608011156,"7.12.2"
"C28737",1,"NXS14723776HH1",2025-12-06,0,3,2,423,-1,0,0,0,0,5,25,0,0,1,608011156,"7.12.2"
"C28746",1,"RRH16120151HH2",2025-06-20,0,4,5,433,-1,0,0,1,0,5,25,1,0,4,608011156,"7.12.2"
"C28764",1,"TRN11825268HH1",2025-11-24,0,5,3,423,24,1,1,1,0,5,25,0,0,6,608011156,"7.12.2"
"C28815",1,"RRH12318216HH1",2024-10-24,0,5,5,419,-1,1,1,1,0,5,25,0,0,5,608011156,"7.12.2"
"C28830",1,"NXS11324935HH1",2026-01-23,0,4,2,423,-1,0,0,1,2,5,25,0,0,1,608011156,"7.12.2"
"C28833",1,"NXS14722699HH1",2025-10-22,0,3,2,423,-1,0,0,1,1,37,55,0,0,1,608011156,"7.12.2"
"C28839",1,"NBN10523437HH1",2025-11-10,0,5,2,99,-1,0,1,1,0,5,25,0,0,1,608011156,"7.12.2"
"C28881",1,"RRH13218153HH1",2025-01-13,0,5,5,410,-1,0,9,1,0,5,25,0,0,5,608011156,"7.12.2"
"C28890",1,"NXS14722557HH1",2025-10-15,0,2,2,422,-1,0,0,1,1,57,25,0,0,1,608011156,"7.12.2"
"C28893",1,"NXS11322397HH1",2025-09-10,0,5,2,423,28,0,4,0,2,5,25,0,0,1,608011156,"7.12.2"
"C28896",1,"RRH14018477HH1",2024-10-31,0,5,5,410,105,0,1,1,0,5,25,0,0,5,608011156,"7.12.2"
"C28899",1,"NXS11322906HH1",2025-11-05,0,3,2,313,96,1,4,0,0,5,55,0,0,1,608011156,"7.12.2"
"C28914",1,"RRH16120307HH1",2025-03-14,0,5,7,207,-1,0,9,1,1,5,25,0,0,5,608011156,"7.12.2"
"C28917",1,"RRH13217586HH1",2024-11-07,0,5,5,410,-1,0,1,1,0,5,25,0,0,5,608011156,"7.12.2"
"C28932",1,"NXS10624611HH1",2026-01-10,0,2,2,98,-1,0,0,1,0,124,55,0,0,1,608011156,"7.12.2"
"C28959",1,"RRH16021472HH1",2025-08-29,0,4,5,314,-1,0,0,1,1,126,25,0,0,4,608011156,"7.12.2"
"C28992",1,"NXS10820859HH1",2025-08-01,0,1,2,314,-1,0,0,0,0,5,25,0,0,1,608011156,"7.12.2"
"C28995",1,"NXS11621671HH2",2025-09-07,0,1,2,312,-1,0,0,1,0,5,25,0,0,1,608011156,"7.12.2"
"C29067",1,"NXS12724940HH1",2025-11-08,0,5,2,116,86,0,4,0,0,3,25,0,0,1,608011156,"7.12.2"
"C29073",1,"NXS11323319HH1",2025-10-24,0,5,2,434,-1,0,0,1,0,3,25,0,0,1,608011156,"7.12.2"
"C29091",1,"NXS12723546HH1",2024-11-12,0,5,2,312,-1,0,2,1,0,5,55,0,0,5,608011156,"7.12.2"
"C29121",1,"RRH15317423HH1",2024-11-14,0,5,5,410,-1,0,0,1,0,5,24,0,0,5,608011156,"7.12.2"
"C29130",1,"NBN10524975HH1",2026-01-09,0,5,2,99,-1,0,0,0,0,245,25,0,0,1,608011156,"7.12.2"
"C29133",1,"NXS11622314HH1",2025-10-05,0,5,2,207,-1,0,0,1,0,15,25,0,0,1,608011156,"7.12.2"
"C29178",2,"NXS11124854HH2",2026-01-19,0,3,2,99,-1,0,0,0,1,5,25,1,0,1,608011156,"7.12.2"
"C29181",1,"RRH16017645HH2",2024-11-16,0,5,5,410,-1,0,0,0,2,3,25,1,0,5,608011156,"7.12.2"
"C29196",1,"NXS11324083HH1",2025-11-01,0,5,2,423,16,0,1,1,2,5,25,0,0,1,608011156,"7.12.2"
"C29214",1,"RRH15421210HH1",2025-08-16,0,2,7,99,-1,0,1,1,2,5,25,0,0,4,608011156,"7.12.2"
"C29217",1,"RRH13122885HH1",2025-11-02,0,1,7,410,-1,0,0,0,2,346,25,0,0,4,608011156,"7.12.2"
"C29235",1,"RRH15717857HH2",2024-12-22,0,1,5,410,-1,0,0,1,2,5,25,0,0,4,608011156,"7.12.2"
"C29247",1,"NXS13523430HH1",2025-11-24,0,4,2,99,-1,1,1,1,2,5,55,0,0,1,608011156,"7.12.2"
"C29253",2,"NXS10223340HH3",2025-11-21,0,2,2,99,-1,0,0,0,1,3,25,1,0,1,608011156,"7.12.2"
"C29334",1,"NXS14722306HH1",2025-09-20,0,5,2,116,-1,0,1,1,0,5,25,0,0,1,608011156,"7.12.2"
"C29358",1,"NXS10924806HH1",2025-09-14,0,5,2,207,33,0,0,1,0,5,25,0,0,1,608011156,"7.12.2"
"C29382",1,"NXS11324009HH1",2025-12-17,0,2,2,423,-1,0,0,1,0,3,25,0,0,1,608011156,"7.12.2"
"C29391",1,"RRH15317500HH1",2024-11-21,0,5,5,410,-1,0,0,0,0,5,18,0,0,-1,608011156,"7.12.1"
"C29397",1,"RRH15423724HH1",2025-12-05,0,1,7,206,-1,0,0,1,0,12,25,0,0,4,608011156,"7.12.2"
"C29427",1,"NXS11322257HH1",2025-10-03,0,3,2,423,-1,0,0,1,0,5,25,0,0,1,608011156,"7.12.2"
"C29439",2,"NXS10222187HH3",2025-10-02,0,1,2,410,-1,0,0,0,0,3,25,1,0,1,608011156,"7.12.2"
"C29451",1,"NXS12724095HH1",2025-11-22,0,5,2,313,94,0,0,0,0,16,25,0,0,1,608011156,"7.12.2"
"C29454",1,"NXS11323520HH1",2025-11-27,0,1,2,410,-1,1,0,1,0,3,25,0,0,1,608011156,"7.12.2"
"C29466",1,"RRH13218211HH1",2024-11-22,0,5,5,410,-1,0,0,0,0,17,25,0,0,5,608011156,"7.12.2"
"C29478",1,"NXS11321889HH1",2025-08-23,0,5,2,423,-1,0,1,1,0,5,55,0,0,1,608011156,"7.12.2"
"C29481",1,"NBN10525849HH1",2026-03-09,0,1,2,99,-1,0,1,1,2,5,25,0,0,1,608011156,"7.12.2"
"C29514",2,"NXS10223905HH2",2025-12-12,0,3,2,99,-1,0,0,1,0,5,25,1,0,1,608011156,"7.12.2"
"C29535",1,"NXS10622602HH1",2025-10-17,0,4,2,99,103,0,1,1,1,5,25,0,0,1,608011156,"7.12.2"
"C29571",1,"RRH12117893HH1",2024-11-26,0,5,7,312,-1,0,6,1,0,5,25,0,0,5,608011156,"7.12.2"
"C29586",1,"NXS10624047HH1",2025-12-17,0,4,2,99,96,0,0,0,0,3,25,0,0,1,608011156,"7.12.2"
"C29616",1,"NXS11322325HH1",2025-09-03,0,5,2,99,-1,0,1,1,2,3,55,0,0,1,608011156,"7.12.2"
"C29679",1,"NXS12915969HH1",2024-07-19,0,1,2,99,-1,0,1,1,0,5,25,0,0,1,608011156,"7.12.2"
"C29727",1,"NXS12915001HH1",2024-03-22,0,1,2,99,-1,1,4,0,0,5,55,0,0,1,608011156,"7.12.2"
"C29739",1,"NXS12923418HH1",2025-11-23,0,2,2,99,-1,0,0,0,0,5,25,0,0,1,608011156,"7.12.2"
"C29757",1,"NXS12919672HH1",2025-05-16,0,4,2,99,-1,1,1,1,1,5,25,0,0,1,608011156,"7.12.2"
"C29823",1,"NXS11322258HH1",2025-10-03,0,2,2,423,-1,0,4,0,2,5,25,0,0,1,608011156,"7.12.2"
"C29841",1,"NXS11321802HH1",2025-09-12,0,4,2,116,-1,0,1,1,0,246,55,0,0,1,608011156,"7.12.2"
"C29853",1,"NXS11025261HH1",2026-02-08,0,1,2,98,-1,0,0,1,2,5,55,0,0,1,608011156,"7.12.2"
"C29892",1,"NXS11322939HH1",2025-11-06,0,3,2,410,-1,0,0,0,0,267,25,0,0,1,608011156,"7.12.2"
"C29904",1,"NXS11122164HH1",2025-05-15,0,5,2,314,-1,0,1,1,0,5,55,0,0,1,608011156,"7.12.2"
"C29952",1,"NXS11322799HH1",2025-10-05,0,5,2,423,-1,0,0,0,2,56,55,0,0,1,608011156,"7.12.2"
"C29955",1,"NXS10722186HH1",2025-10-02,0,1,2,99,-1,0,0,0,2,367,25,0,0,1,608011156,"7.12.2"
"C29961",1,"RRH13123376HH1",2025-11-22,0,1,5,410,-1,0,0,1,0,5,18,0,0,4,608011156,"7.12.2"
"C29964",1,"RRH12317763HH1",2024-12-14,0,1,5,99,-1,1,0,0,0,456,55,0,0,-1,608011156,"7.12.1"
"C29988",1,"NXS10623801HH1",2025-12-07,0,1,2,99,-1,0,0,1,0,3,25,0,0,1,608011156,"7.12.2"
"C30012",2,"RRH15817781HH3",2024-12-16,0,1,5,99,-1,0,0,0,2,5,25,1,0,4,608011156,"7.12.2"
"C30051",1,"NXS13523038HH1",2025-11-09,0,4,2,116,54,0,1,1,2,5,25,0,0,1,608011156,"7.12.2"
"C30063",2,"RSO15222219HH5",2025-10-02,0,1,9,410,-1,0,0,0,0,5,25,1,0,12,608011156,"7.12.2"
"C30084",1,"RRH16023178HH1",2025-11-14,0,1,7,99,-1,0,1,1,2,3,25,0,0,4,608011156,"7.12.2"
"C30135",1,"NXS14723413HH1",2025-11-23,0,3,2,313,-1,0,0,1,1,17,25,0,0,1,608011156,"7.12.2"
"C30141",1,"RRH14018332HH1",2024-12-21,0,5,5,410,-1,0,0,1,1,5,55,0,0,5,608011156,"7.12.2"
"C30144",1,"NXS11121878HH2",2025-09-16,0,1,2,423,42,0,1,1,0,5,25,0,0,1,608011156,"7.12.2"
"C30156",1,"NBN10525075HH1",2025-12-19,0,5,2,99,-1,0,0,0,0,3,25,0,0,1,608011156,"7.12.2"
"C30159",1,"NXS11121066HH1",2025-08-09,0,4,2,98,183,0,6,1,2,26,25,0,0,1,608011156,"7.12.2"
"C30186",2,"RRH13118871HH2",2025-03-15,0,1,5,410,-1,0,0,1,2,35,25,1,0,4,608011156,"7.12.2"
"C30204",1,"RSO15219187HH1",2025-03-13,0,5,9,422,-1,0,9,1,2,5,25,0,0,1,608011156,"7.12.2"
"C30222",1,"NXS12724260HH1",2025-12-26,0,4,2,423,-1,0,4,0,0,25,25,0,0,1,608011156,"7.12.2"
"C30243",2,"NXS10223606HH3",2025-11-30,0,4,2,410,-1,0,0,0,1,3,24,1,0,1,608011156,"7.12.2"
"C30321",1,"NXS11324079HH1",2025-12-18,0,1,2,422,-1,0,0,0,0,126,25,0,0,1,608011156,"7.12.2"
"C30342",3,"NXS10720474HH1",2025-07-06,0,1,2,410,217,0,0,0,2,36,-1,0,0,1,608011156,"7.12.2"
"C30351",1,"RRH13220886HH1",2025-08-02,0,1,5,410,-1,0,0,1,0,5,55,0,0,4,608011156,"7.12.2"
"C30354",1,"NXS10720519HH1",2025-07-11,0,1,2,99,-1,0,0,0,2,3,24,0,0,1,608011156,"7.12.2"
"C30360",2,"RRH15517991HH5",2025-01-03,0,1,5,410,-1,0,0,0,2,136,25,1,1,4,608011156,"7.12.2"
"C30384",1,"NXS11324706HH1",2026-01-15,0,2,2,434,99,0,0,1,0,5,55,0,0,1,608011156,"7.12.2"
"C30390",1,"NXS11322914HH1",2025-11-05,0,3,2,423,155,0,4,0,0,3,25,0,0,1,608011156,"7.12.2"
"C30396",1,"NXS11321973HH1",2025-09-19,0,1,2,101,150,0,0,1,0,56,25,0,0,1,608011156,"7.12.2"
"C30402",1,"NXS12922172HH1",2025-10-01,0,4,2,99,17,0,0,0,0,147,18,0,0,1,608011156,"7.12.2"
"C30435",1,"NXS10922547HH1",2025-09-25,0,5,2,98,-1,0,6,1,0,157,25,0,0,1,608011156,"7.12.2"
"C30456",1,"RRH12321957HH1",2025-09-04,0,5,7,205,-1,1,1,1,0,5,25,0,0,6,608011156,"7.12.2"
"C30462",1,"RRH12119819HH1",2025-04-19,0,5,5,420,-1,0,0,1,0,5,25,0,0,5,608011156,"7.12.2"
"C30492",1,"RRH12118788HH1",2025-01-13,0,5,5,433,-1,0,4,0,3,35,24,0,0,5,608011156,"7.12.2"
"C30495",1,"NXS10320240HH1",2025-06-25,0,1,2,410,-1,0,0,0,0,5,55,0,0,1,608011156,"7.12.2"
"C30498",2,"NXS10221978HH2",2025-09-19,0,3,2,312,-1,0,0,0,1,5,25,1,0,1,608011156,"7.12.2"
"C30528",1,"NXS14724496HH2",2026-01-05,0,3,2,314,-1,1,1,1,2,5,25,0,0,1,608011156,"7.12.2"
"C30549",2,"RRH16021446HH3",2025-02-07,0,5,5,422,-1,0,9,1,1,5,25,1,0,4,608011156,"7.12.2"
"C30600",1,"NXS10823098HH1",2025-10-17,0,5,2,431,-1,0,0,1,0,5,25,0,0,1,608011156,"7.12.2"
"C30603",1,"RRH14318773HH1",2025-01-14,0,5,7,410,-1,0,1,1,2,367,25,0,0,5,608011156,"7.12.2"
"C30606",1,"RRH15318257HH1",2025-01-16,0,5,5,420,-1,0,0,0,0,5,24,0,0,-1,608011156,"7.12.1"
"C30657",1,"RRH14318774HH1",2025-01-11,0,5,7,410,-1,0,1,1,0,5,25,0,0,5,608011156,"7.12.2"
"C30672",1,"RRH12118114HH2",2025-01-11,0,1,7,99,-1,0,4,0,2,2,25,0,0,4,608011156,"7.12.2"
"C30684",1,"RRH14119128HH1",2025-04-06,0,2,5,423,236,0,0,1,2,5,18,0,0,4,608011156,"7.12.2"
"C30714",1,"RRH13218434HH1",2025-01-18,0,5,5,423,-1,0,9,1,2,5,25,0,0,5,608011156,"7.12.2"
"C30723",1,"RRH16121343HH1",2025-02-14,0,5,7,410,103,0,0,0,0,25,55,0,0,4,608011156,"7.12.2"
"C30780",1,"NXS11323316HH1",2025-11-20,0,4,2,410,-1,0,0,1,0,5,55,0,0,1,608011156,"7.12.2"
"C30783",1,"NXS11418442HH1",2025-02-06,0,1,2,206,-1,0,0,0,0,5,55,0,0,5,608011156,"7.12.2"
"C30822",1,"NXS14723410HH1",2025-11-23,0,3,2,314,-1,0,0,1,0,5,25,0,0,1,608011156,"7.12.2"
"C30825",2,"RRH13118480HH3",2025-02-09,0,1,5,410,-1,0,0,0,2,5,18,1,0,4,608011156,"7.12.2"
"C30849",1,"RRH15818380HH3",2025-01-31,0,1,5,99,-1,0,4,0,0,5,25,1,0,4,608011156,"7.12.2"
"C30924",1,"NXS11123489HH1",2025-11-27,0,1,2,314,-1,0,9,1,0,5,55,0,0,1,608011156,"7.12.2"
"C30954",1,"RRH15519394HH1",2025-04-26,0,1,7,207,168,0,1,1,3,56,25,0,0,5,608011156,"7.12.2"
"C30969",1,"NXS10625457HH1",2026-02-16,0,4,2,98,-1,0,1,1,1,3,25,0,0,1,608011156,"7.12.2"
"C30978",1,"RRH16020787HH1",2025-07-26,0,1,7,99,-1,0,6,1,2,5,25,0,0,4,608011156,"7.12.2"
"C31026",1,"NXS11325316HH1",2026-02-12,0,1,2,434,118,0,0,0,2,124,25,0,0,1,608011156,"7.12.2"
"C31029",1,"RRH15818645HH1",2025-02-21,0,1,5,410,-1,0,1,1,1,125,25,0,0,4,608011156,"7.12.2"
"C31059",1,"RRH16120375HH1",2025-06-22,0,5,7,420,-1,0,1,1,2,134,55,0,0,5,608011156,"7.12.2"
"C31062",1,"RRH13219169HH1",2025-04-07,0,5,5,433,-1,0,1,1,2,35,55,0,0,4,608011156,"7.12.2"
"C31068",1,"NXS13523727HH1",2025-12-05,0,1,2,207,-1,0,1,1,0,135,55,0,0,1,608011156,"7.12.2"
"C31086",1,"NXS10821753HH1",2025-09-10,0,1,2,302,-1,0,0,0,2,136,25,0,0,1,608011156,"7.12.2"
"C31098",1,"NXS11418715HH1",2025-02-27,0,1,2,410,-1,0,0,0,0,5,25,0,0,1,608011156,"7.12.2"
"C31125",1,"NXS11022279HH1",2025-10-04,0,4,2,434,-1,0,9,1,2,5,25,0,0,1,608011156,"7.12.2"
"C31128",2,"RRH14021652HH2",2025-09-06,0,3,5,410,46,0,0,0,1,3,18,1,0,4,608011156,"7.12.2"
"C31137",1,"NBN10524547HH1",2026-01-14,0,5,2,99,20,0,0,1,0,3,25,0,0,1,608011156,"7.12.2"
"C31194",2,"RRH12318660HH5",2025-02-22,0,1,5,410,-1,1,1,1,1,5,25,1,1,4,608011156,"7.12.2"
"C31215",1,"NXS11322778HH1",2025-10-01,0,5,2,101,-1,0,0,0,0,256,18,0,0,1,608011156,"7.12.2"
"C31233",1,"RRH15420898HH1",2025-08-02,0,1,7,423,-1,0,1,1,0,1,25,0,0,4,608011156,"7.12.2"
"C31251",1,"NXS11324394HH1",2025-12-31,0,2,2,423,-1,0,0,1,1,5,24,0,0,1,608011156,"7.12.2"
"C31281",1,"TRN10424568HH1",2026-01-08,0,1,3,206,-1,0,0,1,0,5,25,0,0,2,608011156,"7.12.2"
"C31296",1,"NXS11322226HH1",2025-09-20,0,5,2,207,-1,0,0,1,2,3,25,0,0,1,608011156,"7.12.2"
"C31308",99,"NXS10224499HH2",2026-01-05,0,1,2,99,-1,0,0,0,1,5,-1,1,0,1,608011156,"7.12.2"
"C31314",1,"NXS11325322HH1",2026-02-12,0,2,2,423,-1,0,0,0,0,5,25,0,0,1,608011156,"7.12.2"
"C31317",1,"NXS13823572HH1",2025-11-29,0,1,2,422,-1,0,0,1,2,5,25,0,0,1,608011156,"7.12.2"
"C31329",1,"NXS11124470HH1",2026-01-04,0,4,2,313,-1,0,1,1,2,5,25,0,0,1,608011156,"7.12.2"
"C31335",1,"NXS10621459HH1",2025-08-29,0,3,2,312,-1,0,1,1,0,5,55,0,0,1,608011156,"7.12.2"
"C31347",1,"RRH15318656HH1",2025-02-22,0,1,5,410,-1,0,0,0,0,3,18,0,0,4,608011156,"7.12.2"
"C31350",1,"NXS11420295HH1",2025-06-28,0,1,2,423,-1,0,0,1,0,5,25,0,0,1,608011156,"7.12.2"
"C31380",1,"RRH12318820HH1",2025-03-05,0,5,5,419,-1,1,9,1,1,3,25,0,0,5,608011156,"7.12.2"
"C31404",1,"NXS10621930HH1",2025-09-18,0,1,2,99,-1,0,0,0,2,1,25,0,0,1,608011156,"7.12.2"
"C31440",1,"NXS13823074HH2",2025-11-10,0,4,2,98,-1,0,0,0,0,5,25,0,0,1,608011156,"7.12.2"
"C31449",1,"RRH16121603HH1",2025-03-10,0,5,7,410,199,0,4,0,0,3,55,0,0,5,608011156,"7.12.2"
"C31461",1,"RRH12418883HH1",2025-03-12,0,5,7,434,-1,1,5,1,0,5,55,0,0,5,608011156,"7.12.2"
"C31476",1,"RSO15218230HH1",2025-01-18,0,1,9,410,-1,0,0,0,1,16,25,0,0,12,608011156,"7.12.2"
"C31488",2,"RRH13122629HH3",2025-10-18,0,3,5,410,-1,0,0,1,2,36,24,1,0,4,608011156,"7.12.2"
"C31500",1,"NXS11624067HH1",2025-12-18,0,4,2,312,-1,0,0,1,0,5,25,0,0,1,608011156,"7.12.2"
"C31506",2,"NXS10222382HH4",2025-10-08,0,1,2,423,-1,0,0,0,0,5,25,1,0,1,608011156,"7.12.2"
"C31524",1,"NXS10624442HH1",2026-01-03,0,4,2,422,-1,0,1,1,0,25,25,0,0,1,608011156,"7.12.2"
"C31530",1,"RRH14019016HH1",2025-03-15,0,5,5,410,-1,0,0,0,0,3,55,0,0,5,608011156,"7.12.2"
"C31533",1,"NXS11322940HH1",2025-11-06,0,3,2,423,-1,0,1,1,0,3,25,0,0,1,608011156,"7.12.2"
"C31536",1,"NXS14722735HH1",2025-10-24,0,1,2,422,-1,0,1,1,2,26,25,0,0,1,608011156,"7.12.2"
"C31542",1,"NXS14722523HH1",2025-10-13,0,3,2,314,-1,0,0,1,0,3,55,0,0,1,608011156,"7.12.2"
"C31548",1,"TRN10421004HH1",2025-08-07,0,1,3,312,-1,0,0,1,0,5,25,0,0,2,608011156,"7.12.2"
"C31554",1,"NXS11322941HH1",2025-11-06,0,1,2,422,-1,0,1,1,2,5,25,0,0,1,608011156,"7.12.2"
"C31560",1,"NXS11322692HH1",2025-10-22,0,4,2,423,-1,0,0,1,0,5,25,0,0,1,608011156,"7.12.2"
"C31575",1,"NXS11324575HH1",2025-09-19,0,5,2,423,-1,0,0,0,0,5,55,0,0,1,608011156,"7.12.2"
"C31578",1,"RRH12319027HH1",2025-03-27,0,1,5,410,-1,1,9,1,0,5,25,0,0,6,608011156,"7.12.2"
"C31608",1,"NXS10721411HH1",2025-08-27,0,1,2,99,-1,0,0,0,0,3,18,0,0,1,608011156,"7.12.2"
"C31626",1,"RRH15819007HH1",2025-03-26,0,1,5,431,-1,0,0,0,1,5,25,0,0,4,608011156,"7.12.2"
"C31635",1,"RRH15819008HH1",2025-03-26,0,1,7,99,-1,0,0,0,0,5,25,0,0,4,608011156,"7.12.2"
"C31665",1,"RRH12423083HH1",2025-11-10,0,2,5,410,-1,1,0,1,0,5,55,0,0,4,608011156,"7.12.2"
"C31704",2,"RRH12419122HH3",2025-04-05,0,1,5,410,-1,1,9,1,0,5,25,1,0,4,608011156,"7.12.2"
"C31728",2,"NXS10224982HH3",2026-01-25,0,1,2,99,-1,0,0,0,0,5,18,1,0,1,608011156,"7.12.2"
"C31761",1,"NXS11320030HH1",2025-06-11,0,1,2,116,-1,0,4,0,2,56,55,0,0,1,608011156,"7.12.2"
"C31764",1,"RRH15819084HH1",2025-04-02,0,1,7,99,-1,0,1,1,2,5,25,0,0,4,608011156,"7.12.2"
"C31776",1,"NXS15125743HH1",2026-03-05,0,4,2,313,-1,0,0,1,2,56,25,0,0,1,608011156,"7.12.2"
"C31782",1,"RRH12621624HH1",2025-09-05,0,5,5,410,-1,0,6,1,0,136,18,0,0,4,608011156,"7.12.2"
"C31788",1,"RRH13119400HH1",2025-04-26,0,1,5,116,-1,0,1,1,0,5,55,0,0,4,608011156,"7.12.2"
"C31794",2,"RRH16021050HH3",2025-08-09,0,1,5,422,-1,0,0,0,2,35,18,1,0,4,608011156,"7.12.2"
"C31821",1,"RRH14019629HH1",2025-04-03,0,5,5,410,-1,0,0,0,0,3,25,0,0,5,608011156,"7.12.2"
"C31833",2,"RRH16021835HH3",2025-09-13,0,1,5,410,-1,0,0,1,2,5,25,1,0,4,608011156,"7.12.2"
"C31863",1,"PSH16519591HH1",2025-05-11,0,1,8,205,-1,0,5,1,0,5,25,0,0,8,608011156,"7.12.2"
"C31878",1,"NXS14724566HH1",2026-01-08,0,4,2,410,-1,0,0,1,1,5,25,0,0,1,608011156,"7.12.2"
"C31881",1,"NBN10522071HH1",2025-09-26,0,1,2,99,168,0,0,0,0,235,24,0,0,1,608011156,"7.12.2"
"C31896",2,"NXS15119063HH2",2025-03-31,0,1,2,410,-1,0,0,1,0,3,25,1,0,1,608011156,"7.12.2"
"C31908",1,"RRH15823907HH1",2025-12-12,0,1,5,431,-1,0,0,0,0,237,55,0,0,4,608011156,"7.12.2"
"C31923",1,"RRH13219881HH1",2025-04-27,0,5,5,410,-1,0,0,0,0,246,25,0,0,5,608011156,"7.12.2"
"C31929",1,"RRH16120309HH1",2025-04-08,0,5,7,410,-1,0,5,1,0,3,25,0,0,5,608011156,"7.12.2"
"C31941",1,"NXS15121256HH1",2025-08-20,0,5,2,313,-1,0,5,1,0,5,55,0,0,1,608011156,"7.12.2"
"C31953",1,"RRH13219491HH1",2025-04-10,0,5,5,433,-1,0,0,1,0,257,55,0,0,5,608011156,"7.12.2"
"C31959",1,"NXS10221505HH2",2025-08-31,0,3,2,99,-1,0,6,1,0,267,24,0,0,1,608011156,"7.12.2"
"C31977",1,"RRH16120127HH2",2025-04-27,0,5,5,410,-1,1,0,1,0,345,25,0,0,4,608011156,"7.12.2"
"C31986",1,"RRH13219520HH1",2025-04-14,0,5,5,420,-1,0,0,0,0,3,25,0,0,5,608011156,"7.12.2"
"C31989",1,"RRH16021068HH1",2025-08-09,0,1,5,410,-1,0,1,1,1,346,25,0,0,5,608011156,"7.12.2"
"C31998",2,"RRH15821393HH4",2025-08-27,0,1,5,410,-1,0,0,0,0,5,25,1,0,4,608011156,"7.12.2"
"C32010",1,"NXS12723043HH1",2025-11-09,0,4,2,101,173,0,4,0,0,5,55,0,0,1,608011156,"7.12.2"
"C32013",1,"RRH16119882HH1",2025-05-22,0,5,5,433,-1,0,9,1,0,3,25,0,0,5,608011156,"7.12.2"
"C32040",2,"RRH13219836HH4",2025-05-16,0,5,5,423,-1,0,0,0,0,5,25,1,0,5,608011156,"7.12.2"
"C32073",1,"NXS11224535HH1",2026-01-08,0,1,2,98,-1,0,0,0,1,3,24,0,0,1,608011156,"7.12.2"
"C32100",1,"NXS10924686HH1",2026-01-12,0,5,2,98,-1,0,0,1,0,1,25,0,0,1,608011156,"7.12.2"
"C32118",1,"NXS11622030HH1",2025-09-21,0,2,2,313,109,0,4,0,2,5,24,0,0,1,608011156,"7.12.2"
"C32124",1,"NXS11625109HH1",2026-01-31,0,4,2,101,34,0,0,1,2,5,25,0,0,1,608011156,"7.12.2"
"C32130",1,"RRH13219455HH2",2025-05-01,0,1,5,410,-1,0,0,1,0,5,25,0,0,4,608011156,"7.12.2"
"C32136",1,"RRH16120539HH1",2025-07-12,0,4,5,420,-1,0,0,1,1,3,25,0,0,4,608011156,"7.12.2"
"C32148",1,"NXS12723843HH1",2025-12-06,0,5,2,204,-1,0,0,1,0,3,25,0,0,1,608011156,"7.12.2"
"C32157",1,"NXS14722648HH1",2025-10-19,0,3,2,434,-1,0,0,1,0,5,25,0,0,1,608011156,"7.12.2"
"C32187",1,"RRH15819353HH1",2025-04-24,0,1,5,431,-1,0,0,1,1,5,25,0,0,4,608011156,"7.12.2"
"C32220",1,"NXS11324195HH1",2025-11-01,0,5,2,423,-1,0,0,1,2,3,25,0,0,5,608011156,"7.12.2"
"C32226",1,"NXS11123583HH1",2025-11-29,0,2,2,410,-1,0,0,1,2,16,25,0,0,1,608011156,"7.12.2"
"C32235",1,"RSO15222467HH1",2025-10-11,0,1,9,410,-1,0,9,1,0,5,25,0,0,12,608011156,"7.12.2"
"C32274",1,"RRH16119979HH1",2025-05-04,0,5,5,423,-1,0,0,0,2,5,25,0,0,5,608011156,"7.12.2"
"C32283",1,"NXS11324112HH1",2025-10-31,0,5,2,313,18,0,4,0,2,5,25,0,0,1,608011156,"7.12.2"
"C32289",1,"RRH12319439HH1",2025-04-30,0,1,5,419,-1,1,4,0,0,5,55,0,0,4,608011156,"7.12.2"
"C32292",1,"RRH16119410HH1",2025-04-27,0,1,5,433,-1,0,0,0,0,3,24,0,0,4,608011156,"7.12.2"
"C32298",1,"TRN10419368HH1",2025-04-25,0,1,3,99,-1,0,0,1,2,5,25,0,0,2,608011156,"7.12.2"
"C32319",1,"NXS12724109HH1",2025-12-10,0,5,2,313,123,0,0,1,0,3,25,0,0,1,608011156,"7.12.2"
"C32328",2,"NXS11225749HH2",2026-03-05,0,1,2,312,-1,0,0,0,2,5,18,1,0,1,608011156,"7.12.2"
"C32340",2,"RRH13219824HH5",2025-05-29,0,5,5,420,-1,0,0,0,2,3,25,1,1,4,608011156,"7.12.2"
"C32355",1,"NXS12724670HH1",2025-11-26,0,5,2,423,30,0,0,0,0,56,25,0,0,1,608011156,"7.12.2"
"C32361",1,"NXS14722506HH1",2025-10-12,0,3,2,423,-1,0,1,1,1,5,25,0,0,1,608011156,"7.12.2"
"C32367",2,"RRH15819805HH5",2025-05-28,0,1,5,410,-1,0,0,0,2,5,25,1,1,4,608011156,"7.12.2"
"C32385",1,"NXS11322119HH1",2025-09-25,0,2,2,410,-1,1,0,0,0,3,55,0,0,1,608011156,"7.12.2"
"C32388",1,"NXS11621806HH1",2025-09-12,0,4,2,206,-1,0,1,1,2,5,25,0,0,1,608011156,"7.12.2"
"C32430",1,"RSO15219471HH1",2025-05-02,0,1,9,410,-1,0,0,1,0,3,55,0,0,1,608011156,"7.12.2"
"C32445",1,"NXS14723117HH1",2025-11-12,0,1,2,313,-1,0,0,1,0,5,25,0,0,1,608011156,"7.12.2"
"C32451",1,"NXS11321866HH1",2025-09-14,0,1,2,423,-1,0,0,1,0,5,55,0,0,1,608011156,"7.12.2"
"C32454",1,"NXS11321964HH1",2025-09-19,0,3,2,423,18,0,0,0,0,3,25,0,0,1,608011156,"7.12.2"
"C32460",1,"RRH15519772HH1",2025-05-24,0,1,5,410,-1,0,1,1,0,3,25,0,0,4,608011156,"7.12.2"
"C32481",1,"NXS13523419HH1",2025-11-23,0,3,2,422,164,0,0,0,0,5,25,0,0,1,608011156,"7.12.2"
"C32496",1,"RRH15820749HH1",2025-07-24,0,1,7,433,-1,0,0,1,2,5,25,0,0,4,608011156,"7.12.2"
"C32517",1,"RRH16120505HH1",2025-07-10,0,1,5,433,102,0,0,0,0,2,24,0,0,4,608011156,"7.12.2"
"C32529",1,"NXS12724063HH1",2025-12-18,0,5,2,423,36,0,0,0,0,5,25,0,0,1,608011156,"7.12.2"
"C32544",1,"NXS11323008HH1",2025-11-08,0,3,2,423,-1,0,0,0,0,3,25,0,0,1,608011156,"7.12.2"
"C32553",1,"NXS12724760HH1",2025-12-26,0,5,2,313,-1,0,0,0,0,3,25,0,0,1,608011156,"7.12.2"
"C32559",1,"RRH15819590HH2",2025-05-11,0,1,5,312,-1,0,0,0,0,5,25,0,0,4,608011156,"7.12.2"
"C32565",1,"RRH16120422HH1",2025-07-04,0,5,5,410,57,0,1,1,1,56,25,0,0,4,608011156,"7.12.2"
"C32568",2,"RRH16020166HH3",2025-06-21,0,1,5,433,-1,0,0,1,1,136,25,1,0,4,608011156,"7.12.2"
"C32577",2,"NXS10324086HH3",2025-12-18,0,2,2,422,-1,0,0,0,1,137,25,1,0,1,608011156,"7.12.2"
"C32589",2,"NXS10223901HH3",2025-12-12,0,3,2,99,-1,0,0,0,0,5,25,1,0,1,608011156,"7.12.2"
"C32598",2,"RRH16119970HH2",2025-05-10,0,5,5,433,89,0,0,0,0,3,24,1,0,5,608011156,"7.12.2"
"C32691",1,"NXS11419655HH1",2025-05-15,0,1,2,431,-1,0,1,1,0,5,25,0,0,1,608011156,"7.12.2"
"C32706",1,"NXS12919671HH1",2025-05-16,0,1,2,99,-1,1,1,1,0,5,55,0,0,1,608011156,"7.12.2"
"C32709",1,"NXS11322704HH1",2025-10-22,0,3,2,423,163,0,0,1,2,36,18,0,0,1,608011156,"7.12.2"
"C32733",1,"NXS11322375HH1",2025-10-08,0,1,2,410,-1,0,0,1,0,3,25,0,0,1,608011156,"7.12.2"
"C32736",1,"NXS10922537HH1",2025-10-14,0,3,2,312,-1,0,1,1,0,246,18,0,0,1,608011156,"7.12.2"
"C32742",1,"NXS13524836HH1",2026-01-18,0,3,2,99,-1,0,1,1,2,3,25,0,0,1,608011156,"7.12.2"
"C32775",2,"NXS11123280HH4",2025-11-19,0,3,2,410,-1,0,0,0,0,56,25,1,1,1,608011156,"7.12.2"
"C32805",1,"RRH15424280HH1",2025-12-26,0,1,7,116,-1,0,1,1,2,5,24,0,0,4,608011156,"7.12.2"
"C32835",1,"NXS11122012HH1",2025-09-20,0,4,2,314,-1,0,9,1,2,5,55,0,0,1,608011156,"7.12.2"
"C32859",1,"NXS13523729HH1",2025-12-05,0,3,2,116,-1,0,0,0,0,13,25,0,0,1,608011156,"7.12.2"
"C32862",1,"NXS11624778HH1",2026-01-17,0,4,2,98,-1,0,0,1,0,3,18,0,0,1,608011156,"7.12.2"
"C32886",1,"RRH15319367HH1",2025-04-24,0,1,5,410,-1,0,0,1,0,5,18,0,0,4,608011156,"7.12.2"
"C32895",1,"RRH15520072HH1",2025-06-14,0,1,5,410,79,0,0,1,1,5,25,0,0,4,608011156,"7.12.2"
"C32898",1,"RRH14021345HH2",2025-08-24,0,3,5,314,-1,0,1,1,1,3,25,0,0,5,608011156,"7.12.2"
"C32913",1,"RRH15819841HH1",2025-05-29,0,1,7,99,-1,1,0,0,0,5,24,0,0,4,608011156,"7.12.2"
"C32922",1,"RRH16020786HH1",2025-07-26,0,1,5,410,-1,1,0,1,2,5,25,0,0,4,608011156,"7.12.2"
"C32925",1,"TRN11821740HH1",2025-09-08,0,5,3,411,-1,1,9,1,0,5,55,0,0,3,608011156,"7.12.2"
"C32928",1,"NXS10624288HH1",2025-12-27,0,3,2,99,-1,1,1,1,0,1,55,0,0,1,608011156,"7.12.2"
"C32940",1,"RRH14324311HH1",2025-12-28,0,1,7,99,-1,0,1,1,2,5,25,0,0,4,608011156,"7.12.2"
"C32952",1,"RSO15221335HH1",2025-05-25,0,5,9,420,-1,0,0,1,2,5,55,0,0,1,608011156,"7.12.2"
"C32967",1,"NXS11123124HH1",2025-11-12,0,1,2,410,-1,1,0,1,0,5,55,0,0,1,608011156,"7.12.2"
"C32982",1,"NXS11622792HH1",2025-10-29,0,4,2,116,45,1,0,0,0,5,55,0,0,1,608011156,"7.12.2"
"C33009",1,"NXS10922515HH1",2025-10-13,0,1,2,312,128,0,0,1,0,5,18,0,0,1,608011156,"7.12.2"
"C33024",1,"RRH12319927HH1",2025-06-04,0,1,5,420,-1,1,0,1,0,5,25,0,0,4,608011156,"7.12.2"
"C33033",1,"RRH16121086HH1",2025-08-10,0,1,5,433,-1,0,9,1,0,16,25,0,0,4,608011156,"7.12.2"
"C33036",2,"RRH16020638HH3",2025-07-19,0,1,5,410,-1,0,0,0,1,5,25,1,0,4,608011156,"7.12.2"
"C33045",1,"NBN10525175HH1",2025-12-11,0,5,2,99,-1,0,0,0,0,5,25,0,0,1,608011156,"7.12.2"
"C33051",1,"NXS11319898HH1",2025-06-01,0,1,2,423,-1,1,0,0,0,5,55,0,0,1,608011156,"7.12.2"
"C33054",2,"NXS10225579HH3",2026-02-23,0,1,2,99,-1,0,0,0,0,3,25,1,0,1,608011156,"7.12.2"
"C33066",1,"NXS14722597HH1",2025-10-16,0,1,2,204,-1,0,0,1,1,35,25,0,0,1,608011156,"7.12.2"
"C33066",2,"NXS10221082HH2",2025-08-10,0,1,2,312,-1,0,0,0,1,35,25,0,0,1,608011156,"7.12.2"
"C33072",1,"NXS10624482HH1",2026-01-05,0,4,2,410,-1,0,1,1,1,3,25,0,0,1,608011156,"7.12.2"
"C33075",1,"RRH15819931HH1",2025-06-05,0,1,7,99,-1,0,9,1,0,5,25,0,0,4,608011156,"7.12.2"
"C33078",2,"NXS10225238HH2",2026-02-07,0,1,2,99,-1,0,0,0,0,5,25,1,0,1,608011156,"7.12.2"
"C33120",1,"NXS11623753HH1",2025-12-06,0,3,2,99,-1,0,0,1,0,5,18,0,0,1,608011156,"7.12.2"
"C33129",1,"NXS11025856HH1",2026-03-09,0,4,2,98,-1,0,0,1,2,5,25,0,0,1,608011156,"7.12.2"
"C33132",1,"NBN10522797HH1",2025-10-03,0,5,2,99,21,0,0,1,0,35,25,0,0,1,608011156,"7.12.2"
"C33135",1,"RSO15221697HH1",2025-08-07,0,5,9,410,-1,0,0,1,2,5,25,0,0,1,608011156,"7.12.2"
"C33153",3,"NXS10625768HH1",2026-03-05,0,4,2,98,-1,0,0,0,0,5,-1,0,0,1,608011156,"7.12.2"
"C33171",2,"NXS10222307HH3",2025-10-04,0,1,2,410,-1,0,0,0,0,3,25,1,0,1,608011156,"7.12.2"
"C33180",1,"RRH12321961HH2",2025-09-19,0,4,5,410,-1,1,0,1,0,5,55,0,0,4,608011156,"7.12.2"
"C33219",1,"RRH12320054HH1",2025-06-13,0,1,5,410,-1,1,9,1,0,56,55,0,0,4,608011156,"7.12.2"
"C33222",1,"RRH12420224HH1",2025-06-25,0,1,5,410,-1,1,0,1,0,5,24,0,0,4,608011156,"7.12.2"
"C33228",1,"RRH15821168HH1",2025-08-15,0,1,5,410,-1,0,0,1,2,5,25,0,0,4,608011156,"7.12.2"
"C33231",1,"NXS13523496HH1",2025-11-27,0,2,2,207,-1,0,0,0,0,57,25,0,0,1,608011156,"7.12.2"
"C33267",1,"NXS11421504HH1",2025-08-31,0,1,2,423,-1,0,0,0,2,5,18,0,0,1,608011156,"7.12.2"
"C33294",1,"RRH14020069HH1",2025-06-14,0,1,5,410,-1,0,0,1,1,5,25,0,0,4,608011156,"7.12.2"
"C33318",1,"RRH13220862HH1",2025-08-01,0,4,5,410,-1,0,0,0,0,5,55,0,0,4,608011156,"7.12.2"
"C33339",1,"RRH12620496HH2",2025-07-10,0,1,5,422,-1,0,1,1,2,5,25,0,0,4,608011156,"7.12.2"
"C33351",1,"NXS10820346HH1",2025-06-18,0,5,2,314,-1,1,0,1,0,5,55,0,0,5,608011156,"7.12.2"
"C33363",1,"NBN10525446HH1",2026-02-18,0,1,2,99,-1,0,0,0,0,3,25,0,0,1,608011156,"7.12.2"
"C33369",1,"RRH16119383HH1",2025-04-26,0,1,5,433,-1,0,0,1,2,56,25,0,0,4,608011156,"7.12.2"
"C33378",1,"NXS10922183HH1",2025-08-02,0,5,2,98,-1,0,0,0,0,5,25,0,0,1,608011156,"7.12.2"
"C33384",1,"NXS11322291HH1",2025-10-04,0,2,2,423,21,0,6,1,3,5,25,0,0,1,608011156,"7.12.2"
"C33435",1,"NXS11323006HH1",2025-11-08,0,3,2,225,-1,0,1,1,0,5,55,0,0,1,608011156,"7.12.2"
"C33444",1,"NXS11324714HH1",2026-01-15,0,3,2,423,-1,0,0,1,0,3,25,0,0,1,608011156,"7.12.2"
"C33453",1,"RRH16120368HH1",2025-06-26,0,5,5,410,-1,0,0,1,2,5,25,0,0,5,608011156,"7.12.2"
"C33453",2,"NBN10523773HH4",2025-12-08,0,1,2,99,-1,0,0,1,0,5,25,1,0,1,608011156,"7.12.2"
"C33456",1,"RRH13220768HH1",2025-06-23,0,5,5,422,-1,0,0,0,0,3,25,0,0,5,608011156,"7.12.2"
"C33462",1,"NXS12920241HH1",2025-06-25,0,1,2,99,-1,0,4,0,0,5,25,0,0,1,608011156,"7.12.2"
"C33480",2,"RRH16022483HH2",2025-10-12,0,1,7,99,-1,0,0,0,2,56,25,1,0,4,608011156,"7.12.2"
"C33495",1,"RSO15220646HH1",2025-06-25,0,5,9,410,-1,0,0,0,0,5,25,0,0,1,608011156,"7.12.2"
"C33501",1,"NXS10822873HH1",2025-11-01,0,3,2,423,-1,0,0,0,0,5,25,0,0,1,608011156,"7.12.2"
"C33519",1,"RRH13320925HH1",2025-08-03,0,1,5,423,-1,0,1,1,0,5,25,0,0,4,608011156,"7.12.2"
"C33525",2,"NXS10222094HH3",2025-09-25,0,1,2,99,-1,0,0,0,1,3,25,1,0,1,608011156,"7.12.2"
"C33534",2,"RRH16120280HH3",2025-06-27,0,1,5,433,-1,0,0,0,0,56,25,1,0,4,608011156,"7.12.2"
"C33543",1,"NXS11023349HH1",2025-11-21,0,3,2,101,-1,0,0,1,2,5,24,0,0,1,608011156,"7.12.2"
"C33546",1,"NXS11420296HH1",2025-06-28,0,1,2,206,-1,0,0,0,0,5,25,0,0,1,608011156,"7.12.2"
"C33552",2,"RRH16121038HH3",2025-08-08,0,1,5,433,-1,0,0,1,0,3,25,1,0,4,608011156,"7.12.2"
"C33555",1,"RRH16022357HH2",2025-10-08,0,1,5,434,-1,0,0,1,2,5,25,0,0,4,608011156,"7.12.2"
"C33585",1,"NXS11625668HH1",2026-02-28,0,4,2,313,-1,1,1,1,0,3,55,0,0,1,608011156,"7.12.2"
"C33588",1,"RRH15820424HH1",2025-07-04,0,1,5,410,-1,0,0,1,1,267,25,0,0,4,608011156,"7.12.2"
"C33600",1,"RRH16121005HH1",2025-06-29,0,5,5,420,-1,0,0,0,2,3,25,0,0,5,608011156,"7.12.2"
"C33603",1,"NXS10623130HH1",2025-11-12,0,1,2,313,-1,0,0,1,0,5,25,0,0,1,608011156,"7.12.2"
"C33606",1,"RRH16020846HH1",2025-06-30,0,5,5,410,-1,0,4,0,0,345,25,0,0,5,608011156,"7.12.2"
"C33609",1,"NXS10721473HH1",2025-08-29,0,4,2,99,-1,0,0,0,2,25,25,0,0,1,608011156,"7.12.2"
"C33702",1,"NXS11325819HH1",2026-03-08,0,2,2,423,88,0,1,1,2,5,25,0,0,1,608011156,"7.12.2"
"C33708",1,"NXS11322001HH1",2025-09-20,0,2,2,101,-1,0,0,0,0,5,25,0,0,1,608011156,"7.12.2"
"C33726",1,"NXS10622762HH1",2025-10-25,0,2,2,99,-1,0,0,0,1,567,25,0,0,1,608011156,"7.12.2"
"C33729",1,"RRH14020261HH1",2025-06-26,0,1,5,410,-1,0,0,0,2,5,25,0,0,4,608011156,"7.12.2"
"C33750",1,"NXS11223610HH1",2025-10-14,0,5,2,99,-1,0,4,0,0,5,25,0,0,1,608011156,"7.12.2"
"C33774",1,"RRH15820483HH1",2025-07-06,0,1,5,433,-1,0,0,1,2,3,25,0,0,4,608011156,"7.12.2"
"C33801",2,"RRH12420436HH3",2025-07-05,0,1,5,410,-1,1,9,1,1,5,25,1,0,4,608011156,"7.12.2"
"C33819",1,"NXS14724148HH1",2025-12-20,0,2,2,434,-1,0,0,0,0,6,55,0,0,1,608011156,"7.12.2"
"C33822",1,"NXS11322305HH1",2025-09-17,0,5,2,423,207,0,0,1,1,3,25,0,0,1,608011156,"7.12.2"
"C33825",1,"NXS14722393HH1",2025-10-09,0,3,2,314,-1,0,0,1,0,3,25,0,0,1,608011156,"7.12.2"
"C33864",1,"NXS15120494HH2",2025-07-10,0,1,2,410,-1,0,0,1,2,5,25,0,0,1,608011156,"7.12.2"
"C33870",1,"RSO15220065HH2",2025-06-14,0,1,9,410,-1,0,0,0,2,5,25,0,0,12,608011156,"7.12.2"
"C33879",2,"NXS10220940HH4",2025-08-03,0,1,2,422,-1,0,0,1,0,14,25,1,0,1,608011156,"7.12.2"
"C33885",1,"NXS11122491HH2",2025-10-12,0,1,2,423,-1,0,6,1,3,5,25,0,0,1,608011156,"7.12.2"
"C33921",1,"NXS14724712HH1",2026-01-15,0,4,2,422,-1,0,0,0,2,5,25,0,0,1,608011156,"7.12.2"
"C33936",1,"NXS12723544HH1",2025-11-12,0,5,2,431,-1,0,6,1,0,3,25,0,0,1,608011156,"7.12.2"
"C33951",1,"NXS11322003HH1",2025-09-20,0,1,2,410,-1,0,0,1,0,3,25,0,0,1,608011156,"7.12.2"
"C33996",1,"TRN10420510HH1",2025-07-11,0,1,3,422,-1,0,0,1,0,5,25,0,0,2,608011156,"7.12.2"
"C33999",1,"RRH16121305HH1",2025-08-22,0,1,7,422,-1,0,0,0,0,56,18,0,0,4,608011156,"7.12.2"
"C34002",1,"RRH12420911HH1",2025-07-19,0,5,5,419,226,1,0,0,2,5,55,0,0,4,608011156,"7.12.2"
"C34026",1,"RRH15820635HH1",2025-07-19,0,1,5,410,-1,0,0,1,2,5,55,0,0,4,608011156,"7.12.2"
"C34032",1,"RRH15820754HH1",2025-07-25,0,1,5,312,-1,0,1,1,1,35,55,0,0,4,608011156,"7.12.2"
"C34047",1,"RRH13121359HH1",2025-08-24,0,1,5,410,-1,0,1,1,2,5,25,0,0,4,608011156,"7.12.2"
"C34053",1,"RRH16121331HH1",2025-08-23,0,1,5,410,-1,0,0,0,0,3,55,0,0,4,608011156,"7.12.2"
"C34071",1,"NBN10525320HH1",2026-02-13,0,4,2,99,19,0,0,1,0,5,25,0,0,1,608011156,"7.12.2"
"C34074",1,"RRH15822212HH1",2025-10-02,0,1,5,431,-1,0,0,1,0,5,25,0,0,4,608011156,"7.12.2"
"C34077",1,"RSO15221698HH1",2025-07-22,0,5,9,410,-1,0,0,1,0,56,18,0,0,1,608011156,"7.12.2"
"C34083",1,"NXS11322304HH1",2025-10-04,0,1,2,410,-1,0,0,1,0,45,25,0,0,1,608011156,"7.12.2"
"C34086",1,"NXS12920676HH1",2025-07-20,0,1,2,99,-1,0,9,1,0,5,55,0,0,1,608011156,"7.12.2"
"C34107",1,"NXS11121639HH2",2025-09-06,0,4,2,116,-1,0,0,0,1,5,25,0,0,1,608011156,"7.12.2"
"C34122",1,"RRH12320944HH1",2025-07-24,0,5,7,433,-1,1,0,1,1,5,55,0,0,6,608011156,"7.12.2"
"C34143",1,"RRH16121203HH1",2025-08-01,0,5,7,423,116,0,0,0,0,5,18,0,0,5,608011156,"7.12.2"
"C34155",1,"RRH15820549HH1",2025-07-13,0,1,5,431,-1,0,9,0,0,5,25,0,0,4,608011156,"7.12.2"
"C34164",1,"NXS13823362HH1",2025-10-21,0,5,2,98,67,0,0,1,2,5,25,0,0,1,608011156,"7.12.2"
"C34170",1,"RRH15820781HH1",2025-07-26,0,1,5,433,-1,0,0,1,1,5,25,0,0,4,608011156,"7.12.2"
"C34191",1,"RRH16121527HH1",2025-09-02,0,1,7,423,-1,0,9,1,0,56,25,0,0,4,608011156,"7.12.2"
"C34203",1,"NXS10221810HH1",2025-09-06,0,5,2,410,134,0,0,0,0,3,25,0,0,1,608011156,"7.12.2"
"C34209",1,"RRH16121777HH1",2025-09-01,0,5,7,98,-1,0,0,1,1,5,25,0,0,5,608011156,"7.12.2"
"C34239",1,"NXS14724646HH1",2026-01-11,0,4,2,423,-1,0,0,0,0,5,18,0,0,1,608011156,"7.12.2"
"C34242",2,"NXS11120833HH3",2025-07-30,0,1,2,314,-1,0,0,1,2,5,24,1,0,1,608011156,"7.12.2"
"C34251",1,"TRN10420634HH1",2025-07-18,0,1,3,410,-1,0,0,1,2,5,25,0,0,2,608011156,"7.12.2"
"C34260",1,"NXS11322290HH1",2025-10-04,0,3,2,422,-1,0,0,1,0,3,25,0,0,1,608011156,"7.12.2"
"C34269",1,"NXS11123373HH1",2025-07-22,0,5,2,101,16,0,0,1,2,5,25,0,0,1,608011156,"7.12.2"
"C34272",1,"NXS11320884HH1",2025-08-02,0,1,2,314,-1,0,4,0,0,3,25,0,0,1,608011156,"7.12.2"
"C34326",1,"RSO15220927HH2",2025-08-03,0,1,9,410,-1,0,0,1,0,5,25,0,0,12,608011156,"7.12.2"
"C34332",1,"RRH15620923HH1",2025-08-03,0,1,5,410,-1,0,1,1,0,145,55,0,0,4,608011156,"7.12.2"
"C34338",1,"NXS10923156HH1",2025-11-13,0,1,2,410,-1,0,0,1,0,5,55,0,0,1,608011156,"7.12.2"
"C34344",2,"RRH14021489HH2",2025-08-30,0,1,5,410,-1,0,0,0,0,3,25,1,0,4,608011156,"7.12.2"
"C34347",1,"NXS10622533HH1",2025-10-13,0,2,2,101,55,0,0,1,0,5,25,0,0,1,608011156,"7.12.2"
"C34356",1,"NXS10220870HH1",2025-08-01,0,1,2,410,-1,1,0,0,0,3,18,0,0,1,608011156,"7.12.2"
"C34362",2,"RSO15222962HH5",2025-08-03,0,5,9,420,-1,0,0,1,2,147,25,1,1,1,608011156,"7.12.2"
"C34377",2,"RSO15220984HH4",2025-08-06,0,1,9,410,-1,0,0,0,0,5,25,1,0,12,608011156,"7.12.2"
"C34392",1,"NXS12920981HH1",2025-08-06,0,1,2,99,-1,0,0,0,0,5,24,0,0,1,608011156,"7.12.2"
"C34398",2,"NXS10221013HH3",2025-08-07,0,1,2,312,-1,0,0,1,0,56,25,1,0,1,608011156,"7.12.2"
"C34422",2,"NXS10220921HH5",2025-08-03,0,1,2,99,-1,0,0,0,0,3,25,1,1,1,608011156,"7.12.2"
"C34437",1,"NXS11621018HH1",2025-08-07,0,1,2,24,-1,0,1,1,0,5,55,0,0,1,608011156,"7.12.2"
"C34470",1,"RRH16122115HH1",2025-09-25,0,1,7,422,-1,0,0,0,0,3,18,0,0,4,608011156,"7.12.2"
"C34473",3,"RRH16121456HH1",2025-08-29,0,1,7,423,-1,0,0,0,0,3,-1,0,0,4,608011156,"7.12.2"
"C34476",1,"NXS11321644HH1",2025-09-06,0,3,2,423,121,0,9,1,0,5,25,0,0,1,608011156,"7.12.2"
"C34479",1,"NXS11624352HH1",2025-12-30,0,3,2,98,-1,0,0,0,2,245,25,0,0,1,608011156,"7.12.2"
"C34497",1,"NXS12724907HH1",2025-11-02,0,5,2,116,-1,0,4,0,0,56,25,0,0,1,608011156,"7.12.2"
"C34512",2,"NXS10322195HH7",2025-10-02,0,1,2,433,-1,0,0,0,0,247,25,1,1,1,608011156,"7.12.2"
"C34533",2,"NXS10220728HH4",2025-07-24,0,1,2,118,-1,0,0,0,1,98,25,1,1,1,608011156,"7.12.2"
"C34545",1,"RSO15221247HH1",2025-08-08,0,5,9,434,-1,0,0,1,0,5,55,0,0,1,608011156,"7.12.2"
"C34551",1,"NXS10221035HH2",2025-08-08,0,1,2,99,-1,0,0,0,0,5,25,0,0,1,608011156,"7.12.2"
"C34557",1,"NXS11421030HH1",2025-08-07,0,1,2,116,-1,0,0,0,0,3,25,0,0,1,608011156,"7.12.2"
"C34566",1,"NXS11323016HH1",2025-11-08,0,1,2,423,-1,0,0,0,0,267,25,0,0,1,608011156,"7.12.2"
"C34572",1,"NXS12921057HH1",2025-08-09,0,1,2,99,-1,0,0,0,0,3,25,0,0,1,608011156,"7.12.2"
"C34575",1,"RRH16122396HH1",2025-10-09,0,1,5,420,-1,0,0,0,0,3,18,0,0,4,608011156,"7.12.2"
"C34581",1,"NBN10523977HH1",2025-12-01,0,5,2,99,-1,0,0,0,0,345,25,0,0,1,608011156,"7.12.2"
"C34590",1,"NXS12921731HH1",2025-08-11,0,5,2,99,-1,1,0,0,0,5,25,0,0,1,608011156,"7.12.2"
"C34608",2,"NXS15121101HH3",2025-08-11,0,1,2,312,-1,0,9,0,2,5,25,1,0,1,608011156,"7.12.2"
"C34626",3,"NXS10321274HH1",2025-08-21,0,1,2,204,-1,0,0,0,1,5,-1,0,0,1,608011156,"7.12.2"
"C34629",1,"NXS12723331HH1",2025-11-06,0,5,2,313,-1,0,0,1,0,5,25,0,0,1,608011156,"7.12.2"
"C34632",1,"RRH15822451HH3",2025-10-11,0,1,5,431,-1,0,9,1,2,356,25,1,0,4,608011156,"7.12.2"
"C34641",1,"NXS13821152HH1",2025-08-14,0,1,2,422,130,0,0,1,1,5,55,0,0,1,608011156,"7.12.2"
"C34644",1,"NXS10624218HH1",2025-12-24,0,1,2,101,82,0,0,1,0,5,25,0,0,1,608011156,"7.12.2"
"C34665",1,"NXS11621141HH1",2025-08-14,0,1,2,99,-1,0,0,0,0,367,24,0,0,1,608011156,"7.12.2"
"C34701",2,"RRH15821251HH2",2025-08-20,0,1,5,431,-1,0,0,0,1,457,25,1,0,4,608011156,"7.12.2"
"C34707",1,"RRH16121574HH1",2025-09-03,0,1,7,423,-1,0,0,0,0,15,55,0,0,4,608011156,"7.12.2"
"C34710",2,"NXS10221186HH2",2025-08-15,0,1,2,410,-1,0,0,0,1,3,25,1,0,1,608011156,"7.12.2"
"C34737",1,"TRN10420605HH1",2025-07-18,0,1,3,410,-1,0,0,1,2,567,25,0,0,2,608011156,"7.12.2"
"C34743",1,"RRH15821284HH1",2025-08-21,0,1,5,431,-1,0,0,1,0,5,55,0,0,4,608011156,"7.12.2"
"C34767",1,"NXS11321171HH1",2025-08-15,0,1,2,423,-1,0,0,0,1,5,25,0,0,1,608011156,"7.12.2"
"C34779",2,"RRH16121481HH2",2025-08-20,0,5,5,420,-1,0,0,0,0,3,25,1,0,5,608011156,"7.12.2"
"C34794",2,"NXS10222245HH6",2025-10-03,0,1,2,410,-1,0,0,0,0,5,25,1,1,1,608011156,"7.12.2"
"C34812",2,"NXS10221266HH3",2025-08-20,0,1,2,422,-1,0,0,1,0,5,25,1,0,1,608011156,"7.12.2"
"C34824",1,"NXS11121173HH1",2025-08-15,0,1,2,314,-1,0,0,0,0,5,25,0,0,1,608011156,"7.12.2"
"C34827",1,"NXS11122851HH1",2025-10-31,0,2,2,314,-1,0,1,1,0,6,25,0,0,1,608011156,"7.12.2"
"C34833",1,"NXS15121230HH1",2025-08-17,0,1,2,313,-1,0,0,1,0,5,55,0,0,1,608011156,"7.12.2"
"C34845",3,"TRN11722192HH1",2025-10-02,0,3,3,99,-1,0,9,1,0,7,-1,0,0,2,608011156,"7.12.2"
"C34854",1,"RRH12321568HH1",2025-08-22,0,5,7,99,-1,1,0,1,0,5,55,0,0,6,608011156,"7.12.2"
"C34857",1,"NXS12723406HH1",2025-11-14,0,5,2,313,-1,0,4,0,0,3,18,0,0,1,608011156,"7.12.2"
"C34863",1,"NXS11221272HH1",2025-08-21,0,1,2,314,-1,0,0,0,0,12,55,0,0,1,608011156,"7.12.2"
"C34893",2,"NXS10325523HH2",2026-02-21,0,1,2,410,-1,0,0,0,0,14,18,1,0,1,608011156,"7.12.2"
"C34902",2,"NXS10221306HH2",2025-08-22,0,1,2,410,-1,0,0,1,0,5,25,1,0,1,608011156,"7.12.2"
"C34911",2,"NXS10221310HH2",2025-08-22,0,1,2,410,-1,0,0,0,0,15,25,1,0,1,608011156,"7.12.2"
"C34917",2,"RRH15821431HH2",2025-08-28,0,1,5,431,-1,0,0,1,0,5,25,1,0,4,608011156,"7.12.2"
"C34923",1,"RRH16121840HH1",2025-09-14,0,1,5,423,-1,0,0,0,0,5,25,0,0,4,608011156,"7.12.2"
"C34926",1,"RRH12321677HH1",2025-09-07,0,5,5,24,-1,1,0,1,0,5,25,0,0,4,608011156,"7.12.2"
"C34929",1,"RSO15221350HH2",2025-08-24,0,1,9,410,-1,0,0,1,0,16,25,0,0,12,608011156,"7.12.2"
"C34941",1,"NXS12723760HH1",2025-11-30,0,5,2,206,-1,0,0,0,2,5,25,0,0,1,608011156,"7.12.2"
"C34947",1,"TRN10421360HH1",2025-08-24,0,1,3,312,-1,0,0,1,0,17,25,0,0,2,608011156,"7.12.2"
"C34953",1,"NXS10621362HH1",2025-08-24,0,1,2,410,-1,0,0,1,0,5,55,0,0,1,608011156,"7.12.2"
"C34968",2,"NXS10322573HH2",2025-10-15,0,1,2,410,41,0,0,0,2,5,25,1,0,1,608011156,"7.12.2"
"C34983",1,"NXS10721954HH1",2025-09-18,0,1,2,99,-1,0,0,1,2,24,24,0,0,1,608011156,"7.12.2"
"C34989",1,"RRH15823524HH3",2025-11-28,0,1,7,99,-1,0,9,1,2,5,25,1,0,4,608011156,"7.12.2"
"C35001",1,"NXS12924436HH1",2026-01-03,0,4,2,98,-1,0,9,1,0,25,55,0,0,1,608011156,"7.12.2"
"C35007",2,"NXS10321476HH4",2025-08-30,0,1,2,410,-1,0,0,0,0,3,25,1,0,1,608011156,"7.12.2"
"C35022",2,"RRH15821530HH3",2025-09-03,0,1,5,433,-1,0,0,0,0,5,25,1,0,4,608011156,"7.12.2"
"C35034",2,"NXS10221367HH5",2025-08-24,0,1,2,99,-1,0,0,1,1,3,25,1,1,1,608011156,"7.12.2"
"C35049",1,"TRN10422726HH1",2025-10-23,0,1,3,302,57,0,0,1,0,34,25,0,0,2,608011156,"7.12.2"
"C35073",2,"NXS10621426HH3",2025-08-27,0,1,2,410,-1,0,0,1,0,3,24,1,0,1,608011156,"7.12.2"
"C35082",1,"RRH16121813HH1",2025-09-12,0,1,5,410,-1,0,4,0,1,46,25,0,0,4,608011156,"7.12.2"
"C35085",1,"RRH16121663HH1",2025-08-29,0,5,5,410,-1,0,1,1,1,36,25,0,0,5,608011156,"7.12.2"
"C35088",1,"TRN14621595HH1",2025-08-29,0,5,3,313,-1,1,9,1,0,3,55,0,0,3,608011156,"7.12.2"
"C35097",1,"NXS11622144HH1",2025-09-28,0,2,2,314,-1,0,0,1,1,5,25,0,0,1,608011156,"7.12.2"
"C35103",1,"RRH16121598HH1",2025-09-05,0,1,5,410,-1,0,1,1,2,5,25,0,0,4,608011156,"7.12.2"
"C35106",2,"RRH15822206HH5",2025-10-02,0,1,5,431,-1,0,0,0,0,56,25,1,1,4,608011156,"7.12.2"
"C35133",2,"NXS10221462HH5",2025-08-29,0,1,2,410,-1,0,0,0,1,3,25,1,1,1,608011156,"7.12.2"
"C35157",1,"NXS14722539HH1",2025-08-28,0,5,2,206,213,0,0,1,0,5,55,0,0,1,608011156,"7.12.2"
"C35160",1,"NXS10621972HH1",2025-09-19,0,1,2,312,-1,0,1,1,2,5,25,0,0,1,608011156,"7.12.2"
"C35166",1,"RRH12622368HH1",2025-10-08,0,1,5,410,-1,1,0,1,1,5,25,0,0,4,608011156,"7.12.2"
"C35172",1,"NXS11221990HH1",2025-09-20,0,1,2,410,-1,0,0,1,1,3,25,0,0,1,608011156,"7.12.2"
"C35178",1,"NXS12724071HH1",2025-11-19,0,5,2,206,15,1,0,1,2,57,55,0,0,1,608011156,"7.12.2"
"C35184",3,"TRN11721726HH1",2025-08-22,0,5,3,215,-1,0,1,1,0,5,-1,0,0,2,608011156,"7.12.2"
"C35187",3,"TRN11721443HH1",2025-08-28,0,1,3,207,-1,0,0,0,0,3,-1,0,0,2,608011156,"7.12.2"
"C35205",1,"NXS13821469HH1",2025-08-29,0,1,2,225,-1,0,0,1,0,5,55,0,0,1,608011156,"7.12.2"
"C35208",1,"NXS13821470HH1",2025-08-29,0,1,2,431,-1,0,0,1,0,5,55,0,0,1,608011156,"7.12.2"
"C35217",1,"NXS11024552HH1",2026-01-08,0,4,2,99,-1,0,1,1,2,15,25,0,0,1,608011156,"7.12.2"
"C35223",1,"NBN10521529HH1",2025-09-03,0,1,2,99,-1,0,0,1,0,3,25,0,0,1,608011156,"7.12.2"
"C35226",1,"NXS12725042HH1",2025-12-06,0,5,2,423,-1,0,4,0,0,56,25,0,0,1,608011156,"7.12.2"
"C35229",1,"TRN11822177HH1",2025-09-04,0,5,3,302,-1,1,0,0,0,5,25,0,0,2,608011156,"7.12.2"
"C35232",1,"NXS12921593HH1",2025-09-04,0,1,2,99,-1,0,0,0,0,3,25,0,0,1,608011156,"7.12.2"
"C35238",1,"NXS11623886HH1",2025-12-11,0,1,2,314,-1,0,9,1,0,3,25,0,0,1,608011156,"7.12.2"
"C35241",2,"NXS10221612HH5",2025-09-05,0,1,2,410,-1,0,0,0,0,3,25,1,1,1,608011156,"7.12.2"
"C35256",2,"NXS10221604HH3",2025-09-05,0,1,2,422,-1,0,0,0,0,5,25,1,0,1,608011156,"7.12.2"
"C35271",2,"RRH15821705HH5",2025-09-07,0,1,5,431,-1,1,0,0,0,5,25,1,1,4,608011156,"7.12.2"
"C35286",1,"NXS10722458HH1",2025-10-11,0,1,2,302,-1,0,0,1,1,5,25,0,0,1,608011156,"7.12.2"
"C35289",1,"NXS12921651HH1",2025-09-06,0,1,2,99,-1,1,0,0,0,5,55,0,0,1,608011156,"7.12.2"
"C35292",1,"NXS12921654HH1",2025-09-06,0,1,2,99,44,0,9,1,0,5,25,0,0,1,608011156,"7.12.2"
"C35295",2,"RRH15821816HH5",2025-09-12,0,1,5,433,-1,0,0,0,1,5,25,1,1,4,608011156,"7.12.2"
"C35313",1,"NXS11622110HH1",2025-09-06,0,5,2,207,-1,0,0,1,2,5,25,0,0,1,608011156,"7.12.2"
"C35316",1,"NXS11321661HH1",2025-09-06,0,1,2,206,-1,0,0,0,0,127,55,0,0,1,608011156,"7.12.2"
"C35319",1,"RRH12421798HH1",2025-09-12,0,1,5,410,-1,1,1,1,2,1,25,0,0,4,608011156,"7.12.2"
"C35325",1,"NXS11621668HH1",2025-09-07,0,1,2,423,-1,0,0,0,0,56,24,0,0,1,608011156,"7.12.2"
"C35337",1,"NBN10521722HH1",2025-09-09,0,1,2,99,-1,0,0,0,0,1,55,0,0,1,608011156,"7.12.2"
"C35349",1,"NXS11321685HH1",2025-09-07,0,1,2,423,-1,0,0,1,0,135,25,0,0,1,608011156,"7.12.2"
"C35352",2,"NXS10221634HH3",2025-09-06,0,1,2,423,-1,0,0,0,0,3,24,1,0,1,608011156,"7.12.2"
"C35364",1,"NBN10523302HH1",2025-11-22,0,1,2,99,-1,0,0,1,0,35,25,0,0,1,608011156,"7.12.2"
"C35367",2,"NXS10221681HH4",2025-09-07,0,1,2,410,244,0,0,0,0,136,25,1,1,1,608011156,"7.12.2"
"C35370",1,"NXS10621727HH1",2025-09-09,0,1,2,207,-1,0,0,1,0,5,25,0,0,1,608011156,"7.12.2"
"C35379",1,"NXS10924648HH1",2025-12-25,0,5,2,207,36,0,0,0,0,5,18,0,0,1,608011156,"7.12.2"
"C35382",1,"RRH14022480HH1",2025-10-12,0,1,5,410,-1,0,0,1,0,3,25,0,0,4,608011156,"7.12.2"
"C35394",1,"TRN11821826HH1",2025-09-09,0,5,3,116,15,1,1,1,2,5,25,0,0,3,608011156,"7.12.2"
"C35397",1,"NXS12921736HH1",2025-09-10,0,1,2,99,-1,0,0,0,0,3,25,0,0,1,608011156,"7.12.2"
"C35415",1,"RSO15221762HH2",2025-09-10,0,5,10,312,190,0,0,0,0,56,25,0,0,1,608011156,"7.12.2"
"C35421",2,"NXS11421793HH5",2025-09-12,0,1,2,422,191,0,0,0,1,146,25,1,1,1,608011156,"7.12.2"
"C35436",1,"RRH12221678HH1",2025-09-07,0,1,7,419,-1,1,1,1,0,5,55,0,0,4,608011156,"7.12.2"
"C35439",1,"RRH16122598HH2",2025-10-16,0,1,5,410,-1,0,0,0,0,147,25,0,0,4,608011156,"7.12.2"
"C35451",2,"RSO15221764HH3",2025-09-11,0,1,9,410,-1,0,0,0,1,5,25,1,0,12,608011156,"7.12.2"
"C35463",1,"NXS11021761HH1",2025-09-11,0,1,2,101,30,0,0,1,2,2,25,0,0,1,608011156,"7.12.2"
"C35466",2,"NXS10221743HH5",2025-09-10,0,1,2,99,-1,0,0,0,0,35,25,1,1,1,608011156,"7.12.2"
"C35481",2,"RRH12621827HH3",2025-09-13,0,1,5,420,-1,1,0,1,0,5,25,0,0,4,608011156,"7.12.2"
"C35487",2,"NXS10621926HH4",2025-09-18,0,1,2,410,-1,0,0,1,1,167,25,1,1,1,608011156,"7.12.2"
"C35499",2,"NXS10225114HH2",2026-01-31,0,1,2,99,-1,0,0,0,2,5,25,1,0,1,608011156,"7.12.2"
"C35508",1,"NXS11321861HH1",2025-09-14,0,1,2,422,-1,0,0,0,0,5,55,0,0,1,608011156,"7.12.2"
"C35514",1,"NXS11321783HH1",2025-09-12,0,1,2,422,-1,0,4,0,0,5,25,0,0,1,608011156,"7.12.2"
"C35517",1,"NXS11321784HH1",2025-09-12,0,1,2,434,-1,0,4,0,0,5,55,0,0,1,608011156,"7.12.2"
"C35520",1,"NXS12921833HH1",2025-09-13,0,1,2,98,-1,0,0,0,0,5,55,0,0,1,608011156,"7.12.2"
"C35523",3,"NXS11321772HH1",2025-09-11,0,1,2,410,-1,0,0,0,0,235,-1,0,0,1,608011156,"7.12.2"
"C35526",1,"RRH12321958HH1",2025-09-18,0,1,5,410,-1,1,9,1,2,5,25,0,0,4,608011156,"7.12.2"
"C35532",1,"NXS11321863HH1",2025-09-14,0,1,2,423,-1,0,0,0,0,3,24,0,0,1,608011156,"7.12.2"
"C35538",1,"RRH16121997HH1",2025-09-20,0,1,7,204,-1,0,1,1,2,236,55,0,0,4,608011156,"7.12.2"
"C35541",1,"NXS11422687HH1",2025-10-22,0,1,2,101,-1,0,0,0,0,3,25,0,0,1,608011156,"7.12.2"
"C35544",1,"NXS11621856HH1",2025-09-14,0,1,2,423,-1,0,1,1,1,5,24,0,0,1,608011156,"7.12.2"
"C35550",1,"NXS12921885HH1",2025-09-16,0,1,2,99,-1,0,0,0,0,5,25,0,0,1,608011156,"7.12.2"
"C35553",1,"HAV13721988HH1",2025-09-19,0,1,4,428,-1,1,0,0,0,3,55,0,0,1,608011156,"7.12.2"
"C35556",1,"NXS14723509HH1",2025-09-17,0,5,2,99,-1,0,0,0,0,237,25,0,0,1,608011156,"7.12.2"
"C35562",1,"NXS10621883HH1",2025-09-16,0,1,2,204,-1,0,0,1,0,5,55,0,0,1,608011156,"7.12.2"
"C35565",1,"NXS11324033HH1",2025-09-17,0,5,2,313,-1,0,4,0,0,35,25,0,0,1,608011156,"7.12.2"
"C35574",1,"NXS10924649HH1",2025-12-25,0,5,2,207,36,0,0,0,0,56,18,0,0,1,608011156,"7.12.2"
"C35577",1,"RRH13222895HH1",2025-09-16,0,5,5,410,-1,0,0,0,0,5,25,0,0,5,608011156,"7.12.2"
"C35583",1,"RRH12323288HH1",2025-09-17,0,5,7,99,-1,1,0,1,0,5,55,0,0,5,608011156,"7.12.2"
"C35586",1,"RSO15222054HH1",2025-09-10,0,5,10,207,-1,0,1,1,0,246,25,0,0,1,608011156,"7.12.2"
"C35589",1,"NXS10921695HH1",2025-09-07,0,1,2,423,-1,0,0,1,0,5,25,0,0,1,608011156,"7.12.2"
"C35607",1,"RRH13122927HH1",2025-11-05,0,1,5,410,-1,0,0,1,0,5,25,0,0,4,608011156,"7.12.2"
"C35610",1,"NXS11321571HH1",2025-09-03,0,1,2,431,-1,0,0,1,0,3,55,0,0,1,608011156,"7.12.2"
"C35613",1,"NXS11321944HH1",2025-09-18,0,1,2,423,-1,0,4,0,0,5,25,0,0,1,608011156,"7.12.2"
"C35616",1,"NXS11321952HH1",2025-09-18,0,1,2,423,-1,0,0,1,0,3,25,0,0,1,608011156,"7.12.2"
"C35622",2,"NXS10221843HH2",2025-09-14,0,1,2,99,-1,0,0,1,0,256,25,1,0,1,608011156,"7.12.2"
"C35628",2,"RSO15222168HH3",2025-10-01,0,1,9,410,-1,0,0,0,0,5,25,1,0,12,608011156,"7.12.2"
"C35637",2,"NXS10221845HH2",2025-09-14,0,1,2,410,-1,0,9,1,0,3,25,1,0,1,608011156,"7.12.2"
"C35652",2,"NXS11021894HH2",2025-09-17,0,1,2,302,-1,0,4,0,0,5,25,1,0,1,608011156,"7.12.2"
"C35661",2,"RRH15822101HH6",2025-09-25,0,1,5,431,-1,0,0,0,0,5,25,1,1,4,608011156,"7.12.2"
"C35679",1,"NXS11621955HH1",2025-09-18,0,1,2,313,-1,0,0,0,0,5,18,0,0,1,608011156,"7.12.2"
"C35682",1,"NXS11321965HH1",2025-09-19,0,1,2,423,-1,0,0,0,0,5,25,0,0,1,608011156,"7.12.2"
"C35685",2,"NXS11121342HH3",2025-08-24,0,1,2,410,-1,0,0,0,0,346,25,1,0,1,608011156,"7.12.2"
"C35694",1,"HAV13722286HH1",2025-10-04,0,1,4,312,-1,1,1,1,0,5,25,0,0,1,608011156,"7.12.2"
"C35697",1,"RRH14021626HH1",2025-09-05,0,1,5,410,-1,0,4,0,0,5,25,0,0,4,608011156,"7.12.2"
"C35700",1,"NXS11022413HH1",2025-09-19,0,5,2,98,72,0,0,0,2,3,25,0,0,1,608011156,"7.12.2"
"C35703",1,"NXS10621934HH1",2025-09-18,0,1,2,99,-1,0,0,0,0,347,55,0,0,1,608011156,"7.12.2"
"C35706",2,"NXS10221975HH4",2025-09-19,0,1,2,431,-1,0,0,0,1,5,25,1,0,1,608011156,"7.12.2"
"C35715",2,"NXS11121217HH3",2025-08-17,0,1,2,302,-1,0,0,0,1,3,25,1,0,1,608011156,"7.12.2"
"C35724",1,"NXS10621923HH1",2025-09-18,0,1,2,410,-1,0,0,1,0,3,24,0,0,1,608011156,"7.12.2"
"C35730",1,"NXS11322002HH1",2025-09-20,0,1,2,423,15,0,0,0,0,3,25,0,0,1,608011156,"7.12.2"
"C35742",2,"NXS10222008HH3",2025-09-20,0,1,2,410,-1,0,0,0,1,5,25,1,0,1,608011156,"7.12.2"
"C35751",1,"NBN10522909HH1",2025-11-05,0,5,2,99,-1,0,0,1,0,367,25,0,0,1,608011156,"7.12.2"
"C35757",1,"NXS11621729HH1",2025-09-09,0,1,2,410,-1,0,0,0,2,5,25,0,0,1,608011156,"7.12.2"
"C35760",1,"NXS11121730HH1",2025-09-09,0,1,2,313,-1,0,6,1,1,5,25,0,0,1,608011156,"7.12.2"
"C35766",1,"NXS11221939HH1",2025-09-18,0,1,2,99,-1,0,0,0,0,5,25,0,0,1,608011156,"7.12.2"
"C35769",1,"NXS11221839HH1",2025-09-13,0,1,2,99,-1,0,0,0,1,456,25,0,0,1,608011156,"7.12.2"
"C35781",1,"RRH15822122HH1",2025-09-26,0,1,5,431,-1,0,0,0,0,5,25,0,0,4,608011156,"7.12.2"
"C35784",1,"NBN10522138HH1",2025-09-27,0,1,2,206,76,0,0,0,0,5,24,0,0,1,608011156,"7.12.2"
"C35796",1,"NXS12723306HH1",2025-11-07,0,5,2,431,-1,0,0,1,1,56,24,0,0,1,608011156,"7.12.2"
"C35802",1,"NXS11324111HH1",2025-11-06,0,5,2,423,78,0,0,0,0,3,25,0,0,1,608011156,"7.12.2"
"C35808",1,"NXS14723216HH1",2025-11-15,0,3,2,422,-1,1,0,1,0,15,25,0,0,1,608011156,"7.12.2"
"C35811",1,"NXS11322065HH1",2025-09-24,0,1,2,422,-1,0,0,1,0,5,25,0,0,1,608011156,"7.12.2"
"C35814",1,"NXS11322066HH1",2025-09-24,0,1,2,204,-1,0,0,1,2,5,25,0,0,1,608011156,"7.12.2"
"C35817",1,"NXS15122006HH1",2025-09-20,0,1,2,313,-1,0,0,1,0,5,25,0,0,1,608011156,"7.12.2"
"C35820",1,"NXS11222052HH1",2025-09-23,0,1,2,410,110,0,0,0,2,56,25,0,0,1,608011156,"7.12.2"
"C35823",1,"NXS10622028HH1",2025-09-21,0,1,2,99,-1,0,4,0,0,567,25,0,0,1,608011156,"7.12.2"
"C35826",1,"RRH15922061HH1",2025-09-24,0,1,7,410,-1,0,1,1,1,5,55,0,0,4,608011156,"7.12.2"
"C35832",1,"NXS11622029HH1",2025-09-21,0,1,2,410,-1,0,0,1,2,15,18,0,0,1,608011156,"7.12.2"
"C35853",2,"RRH15822204HH2",2025-10-02,0,1,5,431,-1,0,0,0,0,5,25,1,0,4,608011156,"7.12.2"
"C35859",2,"NXS10221814HH2",2025-09-12,0,1,2,312,-1,0,0,0,0,2,25,1,0,1,608011156,"7.12.2"
"C35865",1,"NBN10522897HH1",2025-11-09,0,1,2,99,-1,0,0,0,0,3,25,0,0,1,608011156,"7.12.2"
"C35865",2,"NBN10522108HH2",2025-09-25,0,1,2,99,24,0,0,0,0,3,25,1,0,1,608011156,"7.12.2"
"C35874",1,"NXS10622116HH1",2025-09-25,0,1,2,99,-1,0,0,1,0,5,25,0,0,1,608011156,"7.12.2"
"C35877",1,"NXS11022072HH1",2025-09-24,0,1,2,98,-1,0,0,0,0,3,25,0,0,1,608011156,"7.12.2"
"C35880",2,"RSO15222654HH3",2025-10-19,0,1,9,420,-1,0,0,0,1,3,25,1,0,12,608011156,"7.12.2"
"C35892",2,"NXS10222031HH3",2025-09-21,0,1,2,410,156,0,0,1,2,3,25,1,0,1,608011156,"7.12.2"
"C35904",1,"NXS10622135HH1",2025-09-26,0,1,2,313,199,0,0,0,0,5,55,0,0,1,608011156,"7.12.2"
"C35907",1,"NXS10622136HH1",2025-09-26,0,1,2,312,82,0,0,0,0,3,25,0,0,1,608011156,"7.12.2"
"C35910",1,"NBN10522139HH1",2025-10-01,0,1,2,99,94,0,4,0,0,5,25,0,0,1,608011156,"7.12.2"
"C35913",1,"NXS12922140HH1",2025-09-27,0,1,2,99,-1,0,9,1,0,3,25,0,0,1,608011156,"7.12.2"
"C35916",2,"NXS11222086HH3",2025-09-25,0,1,2,411,-1,0,0,0,0,56,25,1,0,1,608011156,"7.12.2"
"C35925",1,"NXS10622146HH1",2025-09-28,0,1,2,411,-1,1,0,0,0,6,55,0,0,1,608011156,"7.12.2"
"C35931",1,"RRH14022378HH1",2025-10-08,0,1,5,410,-1,0,0,0,0,3,18,0,0,4,608011156,"7.12.2"
"C35934",2,"NXS10222125HH3",2025-09-26,0,1,2,99,-1,0,0,0,0,1,25,1,0,1,608011156,"7.12.2"
"C35961",1,"RRH15822218HH1",2025-10-02,0,1,7,312,-1,0,0,0,0,5,25,0,0,4,608011156,"7.12.2"
"C35964",1,"NXS11322152HH1",2025-09-30,0,1,2,422,-1,0,0,0,0,5,25,0,0,1,608011156,"7.12.2"
"C35970",1,"NXS12922171HH1",2025-10-01,0,1,2,99,-1,0,0,0,0,3,25,0,0,1,608011156,"7.12.2"
"C35976",1,"NXS11322227HH1",2025-10-02,0,1,2,423,-1,0,0,1,1,13,18,0,0,1,608011156,"7.12.2"
"C35982",2,"NXS10622154HH3",2025-09-30,0,1,2,99,-1,0,0,1,0,3,25,1,0,1,608011156,"7.12.2"
"C35991",1,"NBN10522667HH1",2025-10-19,0,1,2,99,-1,0,0,1,1,5,25,0,0,1,608011156,"7.12.2"
"C35994",1,"NBN10522225HH1",2025-10-02,0,1,2,99,16,0,0,1,2,15,55,0,0,1,608011156,"7.12.2"
"C35997",3,"TRN11721871HH1",2025-09-15,0,1,3,99,-1,0,0,1,0,5,-1,0,0,2,608011156,"7.12.2"
"C36000",3,"TRN11721995HH1",2025-09-20,0,1,3,206,-1,0,0,1,0,5,-1,0,0,2,608011156,"7.12.2"
"C36003",1,"NXS11424119HH1",2025-12-19,0,1,2,99,29,0,0,1,0,3,55,0,0,1,608011156,"7.12.2"
"C36006",2,"NXS10222202HH2",2025-10-02,0,1,2,410,-1,0,0,0,1,15,25,1,0,1,608011156,"7.12.2"
"C36012",1,"NXS10622193HH1",2025-10-02,0,1,2,98,-1,0,0,0,0,5,25,0,0,1,608011156,"7.12.2"
"C36015",1,"NXS11322238HH1",2025-10-03,0,1,2,423,-1,0,0,0,0,3,25,0,0,1,608011156,"7.12.2"
"C36024",1,"NXS11324569HH1",2025-10-03,0,5,2,423,55,0,4,0,2,16,55,0,0,1,608011156,"7.12.2"
"C36036",1,"NXS14722554HH1",2025-10-03,0,5,2,423,-1,0,4,0,2,5,25,0,0,1,608011156,"7.12.2"
"C36042",1,"NXS11322653HH1",2025-10-04,0,5,2,313,-1,0,0,1,0,17,25,0,0,1,608011156,"7.12.2"
"C36051",1,"RRH15922035HH2",2025-09-21,0,1,5,410,-1,0,1,1,2,5,25,0,0,4,608011156,"7.12.2"
"C36060",2,"RRH15821719HH3",2025-09-08,0,1,5,431,-1,0,9,0,0,23,25,1,0,4,608011156,"7.12.2"
"C36072",1,"RRH15822332HH1",2025-10-05,0,1,5,433,-1,0,0,1,0,5,25,0,0,4,608011156,"7.12.2"
"C36075",1,"NBN10522893HH1",2025-10-04,0,5,2,99,-1,0,0,0,0,5,55,0,0,1,608011156,"7.12.2"
"C36078",1,"NXS10622581HH1",2025-10-16,0,1,2,99,-1,0,0,1,0,24,25,0,0,1,608011156,"7.12.2"
"C36084",1,"NXS14724355HH1",2025-12-19,0,5,2,422,-1,1,1,1,0,3,55,0,0,1,608011156,"7.12.2"
"C36096",1,"NXS11322331HH1",2025-10-05,0,1,2,423,-1,0,0,1,0,25,25,0,0,1,608011156,"7.12.2"
"C36099",1,"NXS12723846HH1",2025-12-10,0,5,2,313,54,0,4,0,0,5,25,0,0,1,608011156,"7.12.2"
"C36102",1,"NBN10522328HH1",2025-10-05,0,1,2,99,200,0,0,0,2,5,25,0,0,1,608011156,"7.12.2"
"C36108",1,"NXS12724864HH1",2025-12-02,0,5,2,423,143,0,0,0,0,5,25,0,0,1,608011156,"7.12.2"
"C36111",2,"NBN10522265HH3",2025-10-07,0,1,2,99,-1,0,0,1,0,26,25,1,0,1,608011156,"7.12.2"
"C36114",1,"NXS11325330HH1",2025-10-08,0,5,2,422,-1,0,0,1,0,3,25,0,0,1,608011156,"7.12.2"
"C36117",1,"NXS11322854HH1",2025-10-08,0,5,2,410,-1,0,4,0,0,3,55,0,0,1,608011156,"7.12.2"
"C36120",1,"NXS11322367HH1",2025-10-08,0,1,2,423,-1,0,0,0,0,5,25,0,0,1,608011156,"7.12.2"
"C36126",1,"NXS11322341HH1",2025-10-07,0,1,2,423,-1,0,0,1,0,5,25,0,0,1,608011156,"7.12.2"
"C36129",1,"RRH12423079HH1",2025-11-10,0,1,7,314,107,1,0,1,0,27,55,0,0,4,608011156,"7.12.2"
"C36132",1,"NXS14722376HH1",2025-10-08,0,1,2,314,-1,0,0,1,2,5,25,0,0,1,608011156,"7.12.2"
"C36135",2,"NXS11022318HH6",2025-10-05,0,1,2,302,-1,0,0,1,2,5,25,1,1,1,608011156,"7.12.2"
"C36153",1,"RRH15822429HH1",2025-10-10,0,1,7,99,-1,0,0,0,2,5,25,0,0,4,608011156,"7.12.2"
"C36156",1,"NXS11622243HH1",2025-10-03,0,1,2,313,-1,0,1,1,2,3,25,0,0,1,608011156,"7.12.2"
"C36159",1,"NXS11622316HH1",2025-10-05,0,1,2,410,-1,0,0,0,1,3,25,0,0,1,608011156,"7.12.2"
"C36162",1,"NXS14722379HH1",2025-10-08,0,1,2,101,-1,0,0,0,0,5,25,0,0,1,608011156,"7.12.2"
"C36165",1,"NXS14722390HH1",2025-10-09,0,1,2,423,142,0,0,0,2,35,25,0,0,1,608011156,"7.12.2"
"C36168",1,"NXS14723411HH1",2025-10-09,0,5,2,423,-1,0,0,0,0,5,25,0,0,1,608011156,"7.12.2"
"C36171",1,"RRH15822395HH1",2025-10-09,0,1,5,431,-1,0,0,0,0,5,25,0,0,4,608011156,"7.12.2"
"C36177",1,"NXS15121993HH2",2025-09-20,0,1,2,313,-1,0,0,1,2,5,25,0,0,1,608011156,"7.12.2"
"C36183",2,"NXS10222380HH2",2025-10-08,0,1,2,422,-1,0,0,0,1,36,25,1,0,1,608011156,"7.12.2"
"C36189",1,"NXS15121917HH1",2025-09-17,0,1,2,312,-1,0,0,0,2,5,25,0,0,1,608011156,"7.12.2"
"C36192",1,"NXS11322387HH1",2025-10-09,0,1,2,410,-1,0,0,0,2,56,18,0,0,1,608011156,"7.12.2"
"C36195",2,"NXS15122298HH3",2025-10-04,0,1,2,313,-1,0,0,1,2,5,25,1,0,1,608011156,"7.12.2"
"C36204",1,"NXS11325288HH1",2026-01-22,0,5,2,423,-1,0,1,1,0,13,55,0,0,1,608011156,"7.12.2"
"C36210",1,"NXS11323667HH1",2025-12-03,0,1,2,423,122,0,0,1,0,5,25,0,0,1,608011156,"7.12.2"
"C36213",1,"NXS11622967HH1",2025-11-07,0,1,2,410,-1,0,0,1,0,5,25,0,0,1,608011156,"7.12.2"
"C36216",1,"RRH15822482HH1",2025-10-12,0,1,5,431,-1,0,0,0,0,5,25,0,0,4,608011156,"7.12.2"
"C36219",1,"NXS12724096HH1",2025-11-23,0,5,2,312,-1,0,0,0,0,3,55,0,0,1,608011156,"7.12.2"
"C36225",1,"NXS11322440HH1",2025-10-10,0,1,2,422,-1,0,4,0,0,5,25,0,0,1,608011156,"7.12.2"
"C36228",1,"NXS14722359HH1",2025-10-08,0,1,2,423,-1,0,0,1,2,5,25,0,0,1,608011156,"7.12.2"
"C36231",2,"RRH13122637HH3",2025-10-18,0,1,5,410,-1,0,0,0,1,5,25,1,0,4,608011156,"7.12.2"
"C36240",1,"NXS14722438HH1",2025-10-10,0,1,2,423,-1,0,0,0,2,3,25,0,0,1,608011156,"7.12.2"
"C36243",1,"RRH12222436HH1",2025-10-10,0,1,7,101,-1,1,9,1,0,3,55,0,0,4,608011156,"7.12.2"
"C36246",1,"NXS10622355HH1",2025-10-08,0,1,2,99,-1,0,0,1,0,5,25,0,0,1,608011156,"7.12.2"
"C36249",2,"NXS10222433HH2",2025-10-10,0,1,2,99,-1,0,0,0,0,36,18,1,0,1,608011156,"7.12.2"
"C36255",1,"NXS10722347HH1",2025-10-08,0,1,2,99,-1,0,0,0,1,3,18,0,0,1,608011156,"7.12.2"
"C36258",2,"RRH15922351HH2",2025-10-08,0,1,5,410,-1,0,1,1,1,5,25,1,0,4,608011156,"7.12.2"
"C36264",1,"NXS10622412HH1",2025-10-09,0,1,2,312,-1,0,1,1,1,56,25,0,0,1,608011156,"7.12.2"
"C36267",1,"NXS10622415HH1",2025-10-09,0,1,2,116,-1,0,1,1,2,56,55,0,0,1,608011156,"7.12.2"
"C36270",1,"NXS10622416HH1",2025-10-09,0,1,2,99,-1,0,0,1,0,5,25,0,0,1,608011156,"7.12.2"
"C36273",2,"NBN10522424HH5",2025-10-10,0,1,2,99,-1,0,0,0,1,3,25,1,1,1,608011156,"7.12.2"
"C36276",2,"NBN10522910HH2",2025-11-05,0,1,2,99,-1,0,0,0,0,3,18,1,0,1,608011156,"7.12.2"
"C36294",1,"NXS10722422HH1",2025-10-10,0,1,2,99,-1,0,0,1,0,5,25,0,0,1,608011156,"7.12.2"
"C36300",1,"RRH12322624HH1",2025-10-18,0,1,5,419,-1,1,1,1,0,67,55,0,0,4,608011156,"7.12.2"
"C36303",1,"NXS10223391HH1",2025-11-22,0,1,2,99,-1,0,4,0,1,35,24,0,0,1,608011156,"7.12.2"
"C36306",1,"RSO15222443HH1",2025-10-10,0,1,9,420,-1,0,9,1,0,5,55,0,0,12,608011156,"7.12.2"
"C36309",1,"RRH14022403HH1",2025-10-09,0,1,5,410,-1,1,0,0,0,3,25,0,0,4,608011156,"7.12.2"
"C36315",1,"NBN10522475HH1",2025-10-13,0,1,2,99,-1,0,1,1,0,5,25,0,0,1,608011156,"7.12.2"
"C36318",2,"NXS10222461HH3",2025-10-11,0,1,2,411,-1,0,0,0,0,5,25,1,0,1,608011156,"7.12.2"
"C36327",1,"NBN10522558HH1",2025-10-21,0,1,2,99,41,0,0,1,0,15,55,0,0,1,608011156,"7.12.2"
"C36339",1,"NXS11020201HH1",2025-06-23,0,1,2,302,-1,0,0,1,2,3,25,0,0,1,608011156,"7.12.2"
"C36345",1,"NXS14724140HH1",2025-10-12,0,5,2,99,52,0,1,1,2,5,25,0,0,1,608011156,"7.12.2"
"C36348",1,"NXS11322496HH1",2025-10-12,0,1,2,410,-1,0,0,1,2,3,55,0,0,1,608011156,"7.12.2"
"C36351",1,"NXS14722508HH1",2025-10-12,0,1,2,423,-1,0,1,1,0,123,25,0,0,1,608011156,"7.12.2"
"C36354",1,"NXS11322507HH1",2025-10-12,0,1,2,206,205,0,0,1,0,5,55,0,0,1,608011156,"7.12.2"
"C36360",1,"NBN10523009HH1",2025-10-14,0,5,2,99,-1,0,0,0,0,3,25,0,0,1,608011156,"7.12.2"
"C36363",1,"NBN10522610HH1",2025-10-13,0,5,2,99,-1,0,0,0,0,16,24,0,0,1,608011156,"7.12.2"
"C36366",1,"NXS12922511HH1",2025-10-12,0,1,2,99,-1,0,9,1,0,5,25,0,0,1,608011156,"7.12.2"
"C36369",1,"NXS14722564HH1",2025-10-15,0,1,2,423,-1,0,0,0,0,124,25,0,0,1,608011156,"7.12.2"
"C36372",1,"NXS14722565HH1",2025-10-15,0,1,2,423,-1,0,0,1,2,5,25,0,0,1,608011156,"7.12.2"
"C36375",1,"NXS14722566HH1",2025-10-15,0,1,2,423,139,0,0,1,0,3,55,0,0,1,608011156,"7.12.2"
"C36393",1,"NXS10622485HH1",2025-10-12,0,1,2,99,-1,0,1,1,0,5,25,0,0,1,608011156,"7.12.2"
"C36396",1,"NXS10622517HH1",2025-10-13,0,1,2,99,-1,0,0,0,0,35,25,0,0,1,608011156,"7.12.2"
"C36399",2,"NBN10522519HH3",2025-10-13,0,1,2,99,162,0,0,0,0,35,25,1,0,1,608011156,"7.12.2"
"C36408",1,"NBN10522548HH1",2025-10-15,0,1,2,99,-1,0,0,1,0,36,25,0,0,1,608011156,"7.12.2"
"C36411",1,"NBN10522880HH1",2025-11-06,0,1,2,99,-1,0,0,1,0,5,55,0,0,1,608011156,"7.12.2"
"C36414",1,"NBN10522550HH1",2025-10-16,0,1,2,99,-1,0,0,0,0,3,24,0,0,1,608011156,"7.12.2"
"C36417",1,"NXS11122524HH1",2025-10-13,0,1,2,313,-1,0,0,0,0,5,18,0,0,1,608011156,"7.12.2"
"C36420",1,"NXS14724144HH1",2025-10-14,0,5,2,423,-1,0,0,1,0,127,24,0,0,1,608011156,"7.12.2"
"C36423",1,"NXS11322561HH1",2025-10-15,0,1,2,423,-1,0,0,0,0,5,25,0,0,1,608011156,"7.12.2"
"C36426",1,"NXS14722590HH1",2025-10-16,0,1,2,410,-1,1,0,1,0,5,55,0,0,1,608011156,"7.12.2"
"C36429",1,"NXS11322591HH1",2025-10-16,0,1,2,423,155,0,0,0,0,25,25,0,0,1,608011156,"7.12.2"
"C36432",1,"NXS10822269HH1",2025-10-03,0,1,2,206,-1,1,0,1,2,5,55,0,0,1,608011156,"7.12.2"
"C36438",1,"NXS10222568HH3",2025-10-15,0,1,2,101,-1,0,0,1,0,134,25,1,0,1,608011156,"7.12.2"
"C36447",2,"NXS10222592HH3",2025-10-16,0,1,2,423,-1,0,0,0,1,1,25,1,0,1,608011156,"7.12.2"
"C36456",1,"NXS11222534HH1",2025-10-13,0,1,2,206,-1,0,0,1,0,5,25,0,0,1,608011156,"7.12.2"
"C36459",3,"NXS10821869HH1",2025-09-14,0,1,2,314,-1,0,0,0,0,5,-1,0,0,1,608011156,"7.12.2"
"C36462",1,"NXS10821822HH1",2025-09-13,0,1,2,302,-1,0,0,1,0,5,25,0,0,1,608011156,"7.12.2"
"C36465",1,"NXS10822589HH1",2025-10-16,0,1,2,422,-1,0,0,0,1,5,24,0,0,1,608011156,"7.12.2"
"C36471",2,"NXS10622571HH2",2025-10-15,0,1,2,99,-1,0,0,0,1,136,25,1,0,1,608011156,"7.12.2"
"C36474",1,"NBN10522401HH1",2025-10-10,0,1,2,99,-1,0,0,1,0,5,25,0,0,1,608011156,"7.12.2"
"C36477",1,"NBN10522741HH1",2025-10-24,0,1,2,99,52,0,1,1,0,5,55,0,0,1,608011156,"7.12.2"
"C36480",1,"NXS11322578HH1",2025-10-16,0,1,2,422,-1,0,0,1,0,3,25,0,0,1,608011156,"7.12.2"
"C36483",1,"NXS11324234HH1",2025-12-25,0,1,2,423,-1,1,0,0,0,3,25,0,0,1,608011156,"7.12.2"
"C36498",1,"NXS11022607HH1",2025-10-17,0,1,2,302,-1,0,0,1,1,5,55,0,0,1,608011156,"7.12.2"
"C36501",1,"NXS11325329HH1",2025-10-18,0,5,2,314,-1,0,0,1,0,3,55,0,0,1,608011156,"7.12.2"
"C36504",2,"NXS11222616HH2",2025-10-17,0,1,2,422,-1,0,0,0,0,145,25,1,0,1,608011156,"7.12.2"
"C36507",1,"NXS10822400HH1",2025-10-09,0,1,2,302,-1,1,0,1,2,3,55,0,0,1,608011156,"7.12.2"
"C36510",1,"TRN11824037HH1",2025-10-21,0,5,3,423,-1,1,4,0,0,5,55,0,0,3,608011156,"7.12.2"
"C36522",2,"RRH15822663HH5",2025-10-19,0,1,5,431,-1,0,1,1,0,146,25,1,1,4,608011156,"7.12.2"
"C36537",1,"RRH15822767HH1",2025-10-26,0,1,5,434,-1,1,0,0,0,5,25,0,0,4,608011156,"7.12.2"
"C36546",1,"NXS12922674HH1",2025-10-21,0,1,2,99,-1,0,4,0,2,3,25,0,0,1,608011156,"7.12.2"
"C36552",1,"NXS10622673HH1",2025-10-20,0,1,2,312,-1,0,0,1,0,5,25,0,0,1,608011156,"7.12.2"
"C36561",1,"NXS14722690HH1",2025-10-22,0,1,2,423,-1,0,0,1,0,5,55,0,0,1,608011156,"7.12.2"
"C36564",1,"NXS14724645HH1",2025-10-22,0,5,2,423,-1,0,0,1,2,16,25,0,0,1,608011156,"7.12.2"
"C36573",1,"RRH16024209HH2",2025-12-24,0,1,7,99,-1,0,0,0,2,5,25,0,0,4,608011156,"7.12.2"
"C36579",1,"NXS10322694HH1",2025-10-22,0,1,2,431,-1,0,0,0,1,3,18,0,0,1,608011156,"7.12.2"
"C36594",2,"RSO15222709HH4",2025-10-23,0,1,9,420,-1,0,0,0,0,5,25,1,1,12,608011156,"7.12.2"
"C36609",1,"NXS14722727HH1",2025-10-23,0,1,2,423,-1,0,0,0,0,56,25,0,0,1,608011156,"7.12.2"
"C36618",1,"NXS11622688HH1",2025-10-22,0,1,2,410,-1,0,0,1,0,6,25,0,0,1,608011156,"7.12.2"
"C36624",1,"NBN10523268HH1",2025-11-20,0,1,2,206,34,0,0,1,0,3,25,0,0,1,608011156,"7.12.2"
"C36627",1,"RRH15822800HH1",2025-10-29,0,1,5,431,-1,0,0,0,0,5,25,0,0,4,608011156,"7.12.2"
"C36630",1,"RRH12324080HH2",2025-12-18,0,1,5,434,-1,1,0,1,0,5,25,1,0,4,608011156,"7.12.2"
"C36633",1,"RRH14022641HH1",2025-10-18,0,1,5,410,-1,0,0,0,0,3,25,0,0,4,608011156,"7.12.2"
"C36636",1,"NXS14722733HH1",2025-10-24,0,1,2,422,-1,0,0,1,0,5,55,0,0,1,608011156,"7.12.2"
"C36639",3,"NXS11022681HH1",2025-10-22,0,1,2,313,-1,0,0,1,0,236,-1,0,0,1,608011156,"7.12.2"
"C36642",1,"NXS10821627HH1",2025-09-06,0,1,2,99,-1,1,0,0,0,5,25,0,0,1,608011156,"7.12.2"
"C36654",1,"NXS13822627HH1",2025-10-18,0,1,2,98,-1,0,0,1,0,5,25,0,0,1,608011156,"7.12.2"
"C36660",1,"NXS12723481HH1",2025-10-30,0,5,2,313,-1,0,0,0,0,3,25,0,0,1,608011156,"7.12.2"
"C36663",1,"NBN10522744HH1",2025-10-28,0,1,2,99,35,0,0,1,0,5,25,0,0,1,608011156,"7.12.2"
"C36666",1,"NXS12723256HH1",2025-11-17,0,1,2,423,-1,0,4,0,0,5,25,0,0,1,608011156,"7.12.2"
"C36669",1,"NXS12922706HH1",2025-10-23,0,1,2,410,-1,0,9,1,0,245,25,0,0,1,608011156,"7.12.2"
"C36681",1,"TRN11722635HH1",2025-10-18,0,1,3,215,-1,0,9,1,0,56,18,0,0,2,608011156,"7.12.2"
"C36684",3,"TRN11722427HH1",2025-10-10,0,1,3,225,-1,0,0,0,0,5,-1,0,0,2,608011156,"7.12.2"
"C36687",1,"RRH15822831HH1",2025-10-31,0,1,5,431,-1,0,0,0,1,246,25,0,0,4,608011156,"7.12.2"
"C36690",1,"NXS10822747HH1",2025-10-24,0,1,2,423,-1,0,0,0,0,5,55,0,0,1,608011156,"7.12.2"
"C36696",3,"TRN11722354HH1",2025-10-08,0,1,3,215,-1,0,9,1,0,35,-1,0,0,2,608011156,"7.12.2"
"C36699",1,"NXS11122758HH1",2025-10-25,0,1,2,313,-1,0,0,0,0,5,25,0,0,1,608011156,"7.12.2"
"C36702",1,"NXS10622761HH1",2025-10-25,0,1,2,313,120,0,0,1,0,5,25,0,0,1,608011156,"7.12.2"
"C36705",1,"NBN10522789HH1",2025-10-29,0,1,2,99,-1,0,0,0,0,3,25,0,0,1,608011156,"7.12.2"
"C36708",1,"RRH15822809HH1",2025-10-29,0,1,7,99,-1,0,0,1,0,3,25,0,0,4,608011156,"7.12.2"
"C36714",1,"NXS10725953HH1",2026-03-14,0,1,2,99,-1,0,0,1,1,35,24,0,0,1,608011156,"7.12.2"
"C36720",1,"NXS11324576HH1",2026-01-09,0,5,2,423,-1,0,0,1,0,256,55,0,0,1,608011156,"7.12.2"
"C36723",1,"NXS10722707HH1",2025-10-23,0,1,2,99,-1,0,0,0,0,5,25,0,0,1,608011156,"7.12.2"
"C36726",1,"NXS11323101HH1",2025-10-31,0,5,2,422,-1,0,0,1,0,3,25,0,0,1,608011156,"7.12.2"
"C36732",1,"RRH12422750HH1",2025-10-24,0,1,5,419,-1,1,6,1,0,5,55,0,0,4,608011156,"7.12.2"
"C36735",1,"NXS11325376HH1",2025-10-29,0,5,2,422,-1,0,0,0,2,3,25,0,0,1,608011156,"7.12.2"
"C36738",1,"NXS11323392HH1",2025-10-13,0,5,2,423,16,0,0,0,0,56,25,0,0,1,608011156,"7.12.2"
"C36744",1,"NXS10822798HH1",2025-10-29,0,1,2,99,-1,0,0,0,0,5,25,0,0,1,608011156,"7.12.2"
"C36747",1,"NXS11324027HH1",2025-10-21,0,5,2,423,-1,0,0,0,0,5,25,0,0,1,608011156,"7.12.2"
"C36750",2,"NXS10222770HH7",2025-10-26,0,1,2,410,-1,0,0,1,0,5,25,1,0,1,608011156,"7.12.2"
"C36774",1,"NXS11622777HH1",2025-10-26,0,1,2,314,-1,0,0,0,0,5,25,0,0,1,608011156,"7.12.2"
"C36777",1,"NXS11622850HH1",2025-10-31,0,1,2,99,-1,0,0,0,1,3,25,0,0,1,608011156,"7.12.2"
"C36780",1,"NXS10622794HH1",2025-10-29,0,1,2,422,-1,0,4,0,0,3,18,0,0,1,608011156,"7.12.2"
"C36786",1,"NXS11323665HH1",2025-10-30,0,5,2,434,30,0,0,1,0,5,25,0,0,1,608011156,"7.12.2"
"C36789",1,"NXS11322823HH1",2025-10-30,0,1,2,423,106,0,0,1,2,346,25,0,0,1,608011156,"7.12.2"
"C36798",2,"NXS10222840HH3",2025-10-31,0,1,2,313,-1,0,0,0,1,3,25,1,0,1,608011156,"7.12.2"
"C36807",1,"NXS15122822HH1",2025-10-30,0,1,2,313,-1,0,0,0,0,347,25,0,0,1,608011156,"7.12.2"
"C36810",2,"NXS10222837HH3",2025-10-31,0,1,2,99,-1,0,0,0,0,5,25,1,0,1,608011156,"7.12.2"
"C36819",2,"NXS10622421HH3",2025-10-10,0,1,2,422,-1,0,0,0,2,5,25,1,0,1,608011156,"7.12.2"
"C36828",1,"NXS14722856HH1",2025-11-01,0,1,2,101,-1,0,0,0,0,3,18,0,0,1,608011156,"7.12.2"
"C36831",1,"NXS14722857HH1",2025-11-01,0,1,2,423,-1,1,0,0,0,3,25,0,0,1,608011156,"7.12.2"
"C36834",1,"RRH12222679HH1",2025-10-22,0,1,5,410,-1,1,9,1,0,5,25,0,0,4,608011156,"7.12.2"
"C36837",1,"NXS12922661HH1",2025-10-19,0,1,2,99,-1,0,9,1,0,5,25,0,0,1,608011156,"7.12.2"
"C36840",1,"NXS10822825HH1",2025-10-30,0,1,2,312,-1,0,0,1,0,5,25,0,0,1,608011156,"7.12.2"
"C36849",2,"NXS11122868HH3",2025-11-01,0,1,2,410,-1,0,0,0,1,3,25,1,0,1,608011156,"7.12.2"
"C36858",1,"NXS12922832HH1",2025-10-31,0,1,2,99,-1,0,9,1,0,367,25,0,0,1,608011156,"7.12.2"
"C36864",2,"NXS10225701HH4",2026-03-02,0,1,2,99,-1,0,0,1,2,5,25,1,0,1,608011156,"7.12.2"
"C36873",1,"NXS14722919HH1",2025-11-05,0,1,2,313,-1,0,0,1,0,5,25,0,0,1,608011156,"7.12.2"
"C36876",1,"NXS11322921HH1",2025-11-05,0,1,2,423,-1,0,0,1,0,35,25,0,0,1,608011156,"7.12.2"
"C36882",2,"RRH15823002HH4",2025-11-07,0,1,5,431,188,0,0,0,2,5,25,1,1,4,608011156,"7.12.2"
"C36894",1,"NBN10522896HH1",2025-11-04,0,1,2,99,-1,0,4,0,0,98,25,0,0,1,608011156,"7.12.2"
"C36897",1,"NXS11322938HH1",2025-11-06,0,1,2,423,-1,0,0,0,0,5,25,0,0,1,608011156,"7.12.2"
"C36900",1,"NXS11322942HH1",2025-11-06,0,1,2,423,-1,0,0,0,0,13,25,0,0,1,608011156,"7.12.2"
"C36903",1,"NXS11322943HH1",2025-11-06,0,1,2,423,-1,0,0,0,0,467,24,0,0,1,608011156,"7.12.2"
"C36906",1,"NXS15122417HH2",2025-10-10,0,1,2,313,-1,0,0,1,0,35,18,0,0,1,608011156,"7.12.2"
"C36909",1,"RRH15923111HH2",2025-11-12,0,1,5,410,-1,0,0,1,2,5,18,0,0,4,608011156,"7.12.2"
"C36912",1,"NXS11322933HH1",2025-11-06,0,1,2,423,-1,0,0,0,1,5,25,0,0,1,608011156,"7.12.2"
"C36921",1,"NXS12723435HH1",2025-11-06,0,5,2,313,-1,0,1,1,0,567,25,0,0,1,608011156,"7.12.2"
"C36924",1,"NXS12723433HH1",2025-11-06,0,5,2,423,-1,0,1,1,1,56,18,0,0,1,608011156,"7.12.2"
"C36927",1,"NBN10522929HH1",2025-11-05,0,1,2,99,-1,0,0,0,0,3,25,0,0,1,608011156,"7.12.2"
"C36930",1,"NXS12922386HH1",2025-10-09,0,1,2,99,-1,0,0,0,0,3,25,0,0,1,608011156,"7.12.2"
"C36936",1,"NBN10523822HH1",2025-12-12,0,5,2,99,-1,0,0,0,0,3,25,0,0,1,608011156,"7.12.2"
"C36939",1,"NXS11322984HH1",2025-11-07,0,1,2,422,-1,0,4,0,0,1,25,0,0,1,608011156,"7.12.2"
"C36942",1,"NXS11323393HH1",2025-11-03,0,5,2,410,-1,0,0,0,0,5,25,0,0,1,608011156,"7.12.2"
"C36945",1,"NXS14722985HH1",2025-11-07,0,1,2,422,-1,0,0,0,3,3,18,0,0,1,608011156,"7.12.2"
"C36948",1,"NXS10922924HH1",2025-11-05,0,1,2,423,-1,0,0,1,0,5,24,0,0,1,608011156,"7.12.2"
"C36951",1,"NXS12722981HH1",2025-11-07,0,1,2,431,-1,0,0,1,0,5,25,0,0,1,608011156,"7.12.2"
"C36954",1,"NXS12724758HH1",2025-11-07,0,5,2,423,102,1,0,1,0,5,25,0,0,1,608011156,"7.12.2"
"C36957",1,"NXS14723014HH1",2025-11-08,0,1,2,410,-1,0,0,1,0,2,25,0,0,1,608011156,"7.12.2"
"C36960",1,"RRH15823110HH1",2025-11-12,0,1,5,431,-1,0,0,0,0,5,25,0,0,4,608011156,"7.12.2"
"C36963",1,"NXS10223143HH1",2025-11-13,0,1,2,207,-1,0,0,0,0,5,25,0,0,1,608011156,"7.12.2"
"C36981",1,"RRH15823047HH1",2025-11-09,0,1,7,99,-1,0,0,1,1,5,25,0,0,4,608011156,"7.12.2"
"C36984",1,"NXS12724532HH1",2025-11-09,0,5,2,206,-1,0,0,1,0,5,25,0,0,1,608011156,"7.12.2"
"C36993",1,"NXS11122968HH2",2025-11-07,0,1,2,314,-1,0,0,1,2,4,25,1,0,1,608011156,"7.12.2"
"C36999",1,"NXS13523525HH1",2025-11-08,0,5,2,99,-1,0,0,1,0,5,25,0,0,1,608011156,"7.12.2"
"C37002",1,"NXS10622925HH1",2025-11-05,0,1,2,99,-1,0,0,1,2,5,55,0,0,1,608011156,"7.12.2"
"C37005",1,"NXS14723836HH1",2025-12-10,0,5,2,423,-1,0,0,0,0,3,25,0,0,1,608011156,"7.12.2"
"C37008",1,"NXS13523427HH1",2025-11-24,0,1,2,422,116,0,0,1,0,5,25,0,0,1,608011156,"7.12.2"
"C37011",1,"RRH12322315HH1",2025-10-05,0,1,5,419,-1,1,1,1,0,5,25,0,0,4,608011156,"7.12.2"
"C37014",2,"NXS15123027HH2",2025-11-08,0,1,2,313,-1,0,0,0,2,5,18,0,0,1,608011156,"7.12.2"
"C37023",2,"RRH13123386HH2",2025-11-22,0,1,5,410,-1,0,0,0,0,35,25,1,0,4,608011156,"7.12.2"
"C37026",1,"NBN10523051HH1",2025-11-14,0,1,2,99,-1,0,0,0,0,5,24,0,0,1,608011156,"7.12.2"
"C37029",2,"NXS10623021HH3",2025-11-08,0,1,2,99,-1,0,4,0,2,6,24,1,0,1,608011156,"7.12.2"
"C37038",1,"NXS11123941HH1",2025-12-13,0,1,2,314,-1,0,0,1,0,5,55,0,0,1,608011156,"7.12.2"
"C37041",1,"NBN10524949HH1",2025-11-09,0,5,2,99,-1,0,6,1,0,3,25,0,0,1,608011156,"7.12.2"
"C37044",1,"NXS11324401HH1",2026-01-02,0,1,2,423,-1,0,0,0,1,3,24,0,0,1,608011156,"7.12.2"
"C37047",1,"NXS11624676HH1",2026-01-12,0,4,2,314,-1,0,0,1,2,7,25,0,0,1,608011156,"7.12.2"
"C37050",1,"NBN10523013HH1",2025-11-08,0,1,2,99,-1,0,0,0,0,5,55,0,0,1,608011156,"7.12.2"
"C37053",1,"NXS12723089HH1",2025-11-11,0,1,2,116,-1,0,0,0,2,5,25,0,0,1,608011156,"7.12.2"
"C37056",1,"NXS14723099HH1",2025-11-12,0,1,2,312,-1,0,0,1,0,5,55,0,0,1,608011156,"7.12.2"
"C37059",1,"NXS11323096HH1",2025-11-12,0,1,2,423,-1,0,0,0,0,5,25,0,0,1,608011156,"7.12.2"
"C37062",1,"NXS14723100HH1",2025-11-12,0,1,2,422,-1,0,1,1,0,98,25,0,0,1,608011156,"7.12.2"
"C37068",1,"NXS11323104HH1",2025-11-12,0,1,2,423,94,0,0,0,0,3,25,0,0,1,608011156,"7.12.2"
"C37071",1,"NXS14723109HH1",2025-11-12,0,1,2,422,-1,0,0,1,0,13,55,0,0,1,608011156,"7.12.2"
"C37077",1,"NXS11323590HH1",2025-11-12,0,5,2,423,-1,0,0,1,2,3,25,0,0,1,608011156,"7.12.2"
"C37086",1,"NXS11222936HH1",2025-11-06,0,1,2,312,-1,0,9,1,0,3,55,0,0,1,608011156,"7.12.2"
"C37089",1,"NXS10823483HH1",2025-11-08,0,5,2,99,-1,0,0,1,0,3,18,0,0,1,608011156,"7.12.2"
"C37092",1,"TRN10423058HH1",2025-11-09,0,1,3,302,-1,0,1,1,1,5,24,0,0,2,608011156,"7.12.2"
"C37098",1,"NXS12723247HH1",2025-11-16,0,1,2,423,-1,0,0,0,0,3,25,0,0,1,608011156,"7.12.2"
"C37101",1,"NXS10623067HH1",2025-11-09,0,1,2,313,-1,0,0,1,0,14,25,0,0,1,608011156,"7.12.2"
"C37104",2,"NXS11222997HH3",2025-11-07,0,1,2,410,-1,0,0,0,0,3,18,1,0,1,608011156,"7.12.2"
"C37107",2,"NXS10223128HH2",2025-11-12,0,1,2,99,178,0,0,0,2,56,25,1,0,1,608011156,"7.12.2"
"C37116",1,"NXS12724036HH1",2025-12-17,0,5,2,313,-1,0,1,1,0,5,55,0,0,1,608011156,"7.12.2"
"C37119",1,"NXS12723308HH1",2025-11-13,0,5,2,116,-1,0,0,0,0,15,25,0,0,1,608011156,"7.12.2"
"C37125",1,"NXS14723187HH1",2025-11-14,0,1,2,410,-1,0,0,1,0,13,24,0,0,1,608011156,"7.12.2"
"C37128",1,"NXS14723188HH1",2025-11-14,0,1,2,423,-1,0,0,0,0,5,25,0,0,1,608011156,"7.12.2"
"C37131",1,"TRN10423127HH1",2025-11-12,0,1,3,302,-1,0,0,1,0,5,25,0,0,2,608011156,"7.12.2"
"C37134",1,"TRN10422124HH1",2025-09-26,0,1,3,302,-1,0,0,1,0,5,25,0,0,2,608011156,"7.12.2"
"C37140",1,"NXS14723198HH1",2025-11-14,0,1,2,422,-1,0,0,0,0,3,24,0,0,1,608011156,"7.12.2"
"C37143",1,"NXS11325076HH1",2025-11-14,0,5,2,423,-1,0,0,0,0,98,25,0,0,1,608011156,"7.12.2"
"C37146",2,"NXS10223190HH2",2025-11-14,0,1,2,99,-1,0,0,0,0,3,25,1,0,1,608011156,"7.12.2"
"C37152",1,"NXS11023455HH1",2025-11-25,0,1,2,98,-1,0,0,1,1,5,25,0,0,1,608011156,"7.12.2"
"C37155",2,"NXS11123201HH4",2025-11-14,0,1,2,99,-1,0,9,1,0,17,25,1,1,1,608011156,"7.12.2"
"C37167",1,"NXS14723209HH1",2025-11-15,0,1,2,422,-1,0,0,1,0,5,55,0,0,1,608011156,"7.12.2"
"C37173",1,"RRH12324669HH1",2026-01-12,0,1,7,99,-1,1,0,1,0,23,25,0,0,4,608011156,"7.12.2"
"C37182",1,"RRH15923180HH1",2025-11-14,0,1,5,410,-1,0,0,1,2,5,25,0,0,4,608011156,"7.12.2"
"C37185",1,"NXS10823181HH1",2025-11-14,0,1,2,423,-1,0,9,1,0,3,25,0,0,1,608011156,"7.12.2"
"C37188",1,"NXS11024416HH1",2026-01-02,0,1,2,98,-1,0,0,1,2,5,25,0,0,1,608011156,"7.12.2"
"C37194",1,"NXS11323230HH1",2025-11-16,0,1,2,422,-1,0,0,0,0,5,25,0,0,1,608011156,"7.12.2"
"C37197",1,"NXS11323228HH1",2025-11-16,0,1,2,207,-1,1,0,1,0,5,55,0,0,1,608011156,"7.12.2"
"C37206",2,"NXS10223235HH2",2025-11-16,0,1,2,99,-1,0,0,0,1,356,24,1,0,1,608011156,"7.12.2"
"C37212",1,"NXS11023249HH1",2025-11-16,0,1,2,423,-1,0,0,1,2,5,55,0,0,1,608011156,"7.12.2"
"C37215",1,"NXS12723252HH1",2025-11-16,0,1,2,423,-1,0,0,0,0,3,24,0,0,1,608011156,"7.12.2"
"C37218",1,"NBN10523254HH1",2025-11-18,0,1,2,99,-1,0,4,0,0,5,25,0,0,1,608011156,"7.12.2"
"C37224",2,"NXS13523041HH2",2025-11-09,0,1,2,314,-1,0,9,0,0,5,25,0,0,1,608011156,"7.12.2"
"C37227",1,"NXS13523808HH1",2025-11-28,0,5,2,99,-1,0,0,0,0,26,25,0,0,1,608011156,"7.12.2"
"C37233",1,"NXS12723272HH1",2025-11-18,0,1,2,116,-1,0,0,0,0,2,25,0,0,1,608011156,"7.12.2"
"C37236",1,"NXS11223262HH1",2025-11-17,0,1,2,410,-1,0,0,0,0,5,25,0,0,1,608011156,"7.12.2"
"C37242",1,"NXS10623222HH1",2025-11-15,0,1,2,312,-1,1,0,1,0,3,55,0,0,1,608011156,"7.12.2"
"C37245",1,"NXS11023271HH1",2025-11-18,0,1,2,98,-1,0,0,1,2,27,24,0,0,1,608011156,"7.12.2"
"C37248",1,"NXS11123243HH1",2025-11-16,0,1,2,99,-1,0,0,1,1,5,25,0,0,1,608011156,"7.12.2"
"C37251",1,"NXS11123244HH1",2025-11-16,0,1,2,314,-1,0,0,1,1,5,55,0,0,1,608011156,"7.12.2"
"C37254",1,"NXS11123220HH2",2025-11-15,0,1,2,431,-1,0,0,0,1,5,25,0,0,1,608011156,"7.12.2"
"C37260",1,"NXS10623242HH1",2025-11-16,0,1,2,420,-1,0,0,1,2,5,25,0,0,1,608011156,"7.12.2"
"C37269",1,"NXS11323321HH1",2025-11-20,0,1,2,411,-1,0,0,1,1,3,55,0,0,1,608011156,"7.12.2"
"C37272",1,"NXS11323320HH1",2025-11-20,0,1,2,314,-1,0,4,0,0,3,25,0,0,1,608011156,"7.12.2"
"C37275",1,"NXS11323318HH1",2025-11-20,0,1,2,423,-1,0,4,0,0,5,25,0,0,1,608011156,"7.12.2"
"C37278",1,"NXS11323314HH1",2025-11-20,0,1,2,422,-1,0,0,0,0,3,25,0,0,1,608011156,"7.12.2"
"C37281",1,"NXS12924135HH1",2025-12-20,0,5,2,98,-1,0,9,1,0,35,25,0,0,1,608011156,"7.12.2"
"C37284",1,"NXS12923092HH1",2025-11-11,0,1,2,99,-1,1,9,1,1,5,25,0,0,1,608011156,"7.12.2"
"C37287",1,"NXS14724273HH1",2025-11-27,0,5,2,422,-1,0,0,0,0,3,25,0,0,1,608011156,"7.12.2"
"C37290",2,"RSO15223290HH2",2025-11-19,0,1,9,410,-1,0,0,0,1,56,25,1,0,12,608011156,"7.12.2"
"C37296",2,"NXS10223171HH5",2025-11-14,0,1,2,99,-1,0,0,0,0,13,25,1,1,1,608011156,"7.12.2"
"C37311",2,"NXS10223237HH2",2025-11-16,0,1,2,422,-1,0,0,0,3,5,25,1,0,1,608011156,"7.12.2"
"C37317",1,"NBN10523269HH1",2025-11-14,0,5,2,99,-1,0,0,0,0,37,25,0,0,1,608011156,"7.12.2"
"C37320",1,"NBN10523166HH1",2025-11-15,0,1,2,99,-1,0,0,0,0,5,25,0,0,1,608011156,"7.12.2"
"C37332",1,"NBN10523292HH1",2025-11-21,0,1,2,99,15,0,0,1,0,5,25,0,0,1,608011156,"7.12.2"
"C37335",2,"NBN10523069HH4",2025-11-10,0,1,2,99,-1,0,0,0,0,45,25,1,1,1,608011156,"7.12.2"
"C37347",1,"NBN10523267HH1",2025-11-19,0,1,2,99,-1,0,0,1,0,3,25,0,0,1,608011156,"7.12.2"
"C37350",1,"NXS11323359HH1",2025-11-21,0,1,2,101,-1,0,0,1,2,46,55,0,0,1,608011156,"7.12.2"
"C37365",1,"NXS11423293HH1",2025-11-19,0,1,2,313,-1,0,0,1,0,5,25,0,0,1,608011156,"7.12.2"
"C37368",2,"NXS10223352HH4",2025-11-21,0,1,2,98,-1,0,0,0,0,47,25,1,1,1,608011156,"7.12.2"
"C37380",2,"NXS10223336HH3",2025-11-21,0,1,2,312,-1,0,0,0,1,5,18,1,0,1,608011156,"7.12.2"
"C37389",1,"NXS10623328HH1",2025-11-20,0,1,2,313,-1,0,0,0,2,5,25,0,0,1,608011156,"7.12.2"
"C37392",1,"NXS12723962HH1",2025-11-21,0,5,2,101,-1,0,4,0,2,35,25,0,0,1,608011156,"7.12.2"
"C37395",1,"NXS11323720HH1",2025-11-22,0,5,2,423,90,0,0,0,0,5,25,0,0,1,608011156,"7.12.2"
"C37398",1,"NXS11323397HH1",2025-11-22,0,1,2,422,-1,1,0,0,0,5,25,0,0,1,608011156,"7.12.2"
"C37401",1,"NXS10223389HH2",2025-11-22,0,1,2,422,-1,0,0,0,0,3,25,0,0,1,608011156,"7.12.2"
"C37407",1,"NXS11023348HH1",2025-11-21,0,1,2,313,-1,0,0,1,0,5,18,0,0,1,608011156,"7.12.2"
"C37410",1,"NXS11022705HH1",2025-10-23,0,1,2,314,94,0,0,1,1,5,25,0,0,1,608011156,"7.12.2"
"C37413",1,"NXS12723813HH1",2025-11-22,0,5,2,313,-1,0,0,1,0,35,25,0,0,1,608011156,"7.12.2"
"C37416",1,"NXS14723409HH1",2025-11-23,0,1,2,422,-1,0,0,1,0,5,25,0,0,1,608011156,"7.12.2"
"C37419",1,"NXS14723412HH1",2025-11-23,0,1,2,422,-1,0,0,0,2,3,25,0,0,1,608011156,"7.12.2"
"C37422",3,"NXS11223224HH1",2025-11-15,0,1,2,313,-1,0,0,1,2,5,-1,0,0,1,608011156,"7.12.2"
"C37428",1,"NXS14724257HH1",2025-12-25,0,1,2,423,-1,0,0,0,0,3,18,0,0,1,608011156,"7.12.2"
"C37431",1,"NBN10523377HH1",2025-11-22,0,1,2,99,-1,0,0,1,0,3,55,0,0,1,608011156,"7.12.2"
"C37434",1,"RRH15823929HH1",2025-12-12,0,1,7,99,-1,0,0,1,1,5,25,0,0,4,608011156,"7.12.2"
"C37437",1,"NXS12723403HH1",2025-11-23,0,1,2,313,-1,0,0,1,0,5,25,0,0,1,608011156,"7.12.2"
"C37446",1,"NBN10523448HH1",2025-11-26,0,1,2,99,31,1,0,0,0,5,25,0,0,1,608011156,"7.12.2"
"C37452",1,"NXS14723466HH1",2025-11-26,0,1,2,423,-1,0,0,1,2,5,25,0,0,1,608011156,"7.12.2"
"C37461",2,"NXS10623423HH3",2025-11-23,0,1,2,420,-1,0,0,1,1,5,25,1,0,1,608011156,"7.12.2"
"C37464",1,"RSO15223329HH1",2025-11-20,0,1,9,422,-1,0,0,0,0,5,25,0,0,12,608011156,"7.12.2"
"C37470",1,"NXS14723463HH1",2025-11-26,0,1,2,314,-1,0,0,0,0,5,55,0,0,1,608011156,"7.12.2"
"C37473",2,"NXS10324824HH7",2026-01-18,0,1,2,410,-1,0,0,0,2,3,25,1,1,1,608011156,"7.12.2"
"C37476",2,"NXS13823299HH2",2025-11-20,0,1,2,312,-1,0,0,1,0,5,25,1,0,1,608011156,"7.12.2"
"C37482",1,"NXS11323456HH1",2025-11-26,0,1,2,420,-1,0,0,1,0,5,55,0,0,1,608011156,"7.12.2"
"C37488",1,"NXS10923420HH1",2025-11-23,0,1,2,206,-1,0,0,1,0,5,25,0,0,1,608011156,"7.12.2"
"C37512",1,"NXS13523429HH1",2025-11-22,0,5,2,313,-1,0,0,1,2,3,25,0,0,1,608011156,"7.12.2"
"C37515",1,"NXS12723458HH1",2025-11-26,0,1,2,423,-1,0,0,1,0,3,55,0,0,1,608011156,"7.12.2"
"C37518",2,"NXS13523991HH4",2025-11-22,0,5,2,423,-1,0,0,1,2,5,25,1,1,1,608011156,"7.12.2"
"C37530",1,"NXS11623366HH1",2025-11-21,0,1,2,423,-1,0,0,0,2,5,25,0,0,1,608011156,"7.12.2"
"C37533",1,"NXS11623370HH1",2025-11-22,0,1,2,422,-1,0,9,0,0,5,55,0,0,1,608011156,"7.12.2"
"C37536",1,"NXS11623266HH1",2025-11-17,0,1,2,99,-1,0,0,1,2,5,25,0,0,1,608011156,"7.12.2"
"C37539",1,"NXS14723511HH1",2025-11-27,0,1,2,423,-1,0,0,1,0,127,25,0,0,1,608011156,"7.12.2"
"C37542",1,"NXS14724057HH1",2025-11-27,0,5,2,422,-1,0,0,0,0,5,25,0,0,1,608011156,"7.12.2"
"C37545",1,"NXS10223505HH1",2025-11-27,0,1,2,99,-1,0,9,1,1,5,25,0,0,1,608011156,"7.12.2"
"C37548",1,"NXS11324231HH1",2025-12-25,0,5,2,423,-1,0,1,1,0,5,25,0,0,1,608011156,"7.12.2"
"C37551",1,"NXS10823478HH1",2025-11-26,0,1,2,207,-1,0,0,0,0,5,18,0,0,1,608011156,"7.12.2"
"C37554",1,"NXS11023499HH1",2025-11-27,0,1,2,313,-1,0,0,1,3,5,25,0,0,1,608011156,"7.12.2"
"C37557",1,"NXS11325219HH1",2026-02-06,0,5,2,422,-1,0,0,1,0,134,25,0,0,1,608011156,"7.12.2"
"C37560",1,"NXS10623480HH1",2025-11-26,0,1,2,423,84,0,1,1,0,5,25,0,0,1,608011156,"7.12.2"
"C37563",1,"NXS11323531HH1",2025-11-28,0,1,2,116,-1,0,0,0,1,3,25,0,0,1,608011156,"7.12.2"
"C37569",1,"NXS11323529HH1",2025-11-28,0,1,2,422,-1,0,0,0,0,3,25,0,0,1,608011156,"7.12.2"
"C37572",1,"NXS15123304HH1",2025-11-20,0,1,2,207,-1,0,0,1,2,5,25,0,0,1,608011156,"7.12.2"
"C37575",1,"NXS10823507HH1",2025-11-27,0,1,2,312,-1,0,9,0,0,135,25,0,0,1,608011156,"7.12.2"
"C37578",1,"NXS10823508HH1",2025-11-27,0,1,2,423,-1,0,9,0,0,5,25,0,0,1,608011156,"7.12.2"
"C37581",1,"NXS10823482HH1",2025-11-26,0,1,2,410,-1,0,0,0,0,5,25,0,0,1,608011156,"7.12.2"
"C37584",1,"NXS11323538HH1",2025-11-28,0,1,2,422,16,0,4,0,1,5,25,0,0,1,608011156,"7.12.2"
"C37587",1,"NXS11323539HH1",2025-11-28,0,1,2,422,-1,0,0,0,0,5,24,0,0,1,608011156,"7.12.2"
"C37590",1,"NXS11323540HH1",2025-11-28,0,1,2,99,38,0,4,0,0,5,25,0,0,1,608011156,"7.12.2"
"C37596",1,"NXS11325080HH1",2025-11-27,0,5,2,423,-1,0,0,0,0,3,25,0,0,1,608011156,"7.12.2"
"C37602",1,"NXS11323588HH1",2025-11-30,0,1,2,410,-1,0,0,1,2,3,25,0,0,1,608011156,"7.12.2"
"C37611",1,"RRH12123986HH1",2025-12-14,0,1,5,410,-1,0,0,0,2,137,25,0,0,4,608011156,"7.12.2"
"C37614",1,"RRH15823806HH1",2025-12-07,0,1,5,431,-1,0,4,0,0,5,55,0,0,4,608011156,"7.12.2"
"C37617",1,"NXS11223592HH1",2025-11-30,0,1,2,314,-1,0,0,0,2,5,25,0,0,1,608011156,"7.12.2"
"C37620",3,"TRN11723485HH1",2025-11-26,0,1,3,101,-1,0,0,0,0,5,-1,0,0,2,608011156,"7.12.2"
"C37623",2,"NXS10223600HH2",2025-11-30,0,1,2,410,-1,0,0,0,0,3,25,1,0,1,608011156,"7.12.2"
"C37632",1,"NXS11323666HH1",2025-12-03,0,1,2,422,-1,0,0,0,2,5,24,0,0,1,608011156,"7.12.2"
"C37644",2,"NXS10223674HH2",2025-12-03,0,1,2,99,-1,0,0,0,0,3,18,1,0,1,608011156,"7.12.2"
"C37650",1,"NXS10623613HH1",2025-12-01,0,1,2,205,-1,0,0,1,0,5,25,0,0,1,608011156,"7.12.2"
"C37653",1,"NXS10623614HH1",2025-12-01,0,1,2,423,-1,0,0,1,0,5,25,0,0,1,608011156,"7.12.2"
"C37656",1,"NXS11323668HH1",2025-12-03,0,1,2,423,-1,0,1,1,2,5,24,0,0,1,608011156,"7.12.2"
"C37659",1,"NXS12723553HH1",2025-11-28,0,1,2,313,-1,0,0,0,0,5,25,0,0,1,608011156,"7.12.2"
"C37662",1,"NXS13524058HH1",2025-12-17,0,1,2,116,-1,0,0,0,0,5,25,0,0,1,608011156,"7.12.2"
"C37665",1,"NXS13523632HH1",2025-12-02,0,1,2,99,-1,0,0,0,0,147,25,0,0,1,608011156,"7.12.2"
"C37668",1,"NXS11323701HH1",2025-12-04,0,1,2,423,-1,0,0,1,2,56,25,0,0,1,608011156,"7.12.2"
"C37671",1,"NXS11325333HH1",2025-12-04,0,5,2,423,-1,0,0,1,0,3,24,0,0,1,608011156,"7.12.2"
"C37677",1,"NXS11323699HH1",2025-12-04,0,1,2,423,-1,0,0,0,0,3,25,0,0,1,608011156,"7.12.2"
"C37692",1,"NXS11323700HH1",2025-12-04,0,1,2,423,-1,0,0,1,0,5,55,0,0,1,608011156,"7.12.2"
"C37710",1,"RRH15923749HH2",2025-12-06,0,1,5,410,-1,0,1,1,2,5,25,0,0,4,608011156,"7.12.2"
"C37716",2,"NXS10624549HH2",2026-01-08,0,1,2,98,-1,0,0,1,2,5,24,1,0,1,608011156,"7.12.2"
"C37722",1,"NXS11623653HH1",2025-12-03,0,1,2,206,61,0,0,1,0,5,25,0,0,1,608011156,"7.12.2"
"C37725",2,"NXS10223654HH3",2025-12-03,0,1,2,99,-1,0,0,1,1,5,25,1,0,1,608011156,"7.12.2"
"C37740",1,"NXS11324305HH1",2025-12-05,0,5,2,101,77,0,0,1,0,3,25,0,0,1,608011156,"7.12.2"
"C37743",1,"NXS11323722HH1",2025-12-05,0,1,2,422,-1,0,0,1,1,5,25,0,0,1,608011156,"7.12.2"
"C37746",3,"NXS11323723HH1",2025-12-05,0,1,2,423,-1,0,0,1,2,5,-1,0,0,1,608011156,"7.12.2"
"C37752",1,"NXS13523559HH1",2025-11-29,0,1,2,116,-1,0,0,0,0,235,25,0,0,1,608011156,"7.12.2"
"C37758",1,"NXS13523707HH1",2025-12-04,0,1,2,410,-1,0,4,0,0,5,25,0,0,1,608011156,"7.12.2"
"C37764",1,"NXS11323774HH1",2025-12-06,0,1,2,423,-1,0,0,1,0,5,25,0,0,1,608011156,"7.12.2"
"C37773",1,"NXS14723775HH1",2025-12-06,0,1,2,423,-1,0,0,0,0,3,25,0,0,1,608011156,"7.12.2"
"C37788",2,"NXS10223780HH4",2025-12-06,0,1,2,99,-1,0,0,0,0,237,25,1,1,1,608011156,"7.12.2"
"C37800",1,"NXS11624002HH1",2025-12-04,0,5,2,314,59,0,0,1,0,5,25,0,0,1,608011156,"7.12.2"
"C37806",1,"NXS11623687HH1",2025-12-04,0,1,2,440,-1,1,0,1,0,245,55,0,0,1,608011156,"7.12.2"
"C37809",2,"NXS10223744HH4",2025-12-06,0,1,2,313,-1,0,0,0,0,5,25,1,0,1,608011156,"7.12.2"
"C37821",1,"NXS13523728HH1",2025-12-05,0,1,2,207,-1,0,4,0,0,5,25,0,0,1,608011156,"7.12.2"
"C37824",2,"RRH15823794HH2",2025-12-07,0,1,5,431,-1,0,0,0,0,246,18,0,0,4,608011156,"7.12.2"
"C37830",1,"NXS13523738HH1",2025-12-06,0,1,2,116,-1,0,0,1,2,5,55,0,0,1,608011156,"7.12.2"
"C37836",3,"NXS12923768HH1",2025-12-06,0,1,2,99,156,0,0,0,0,5,-1,0,0,1,608011156,"7.12.2"
"C37839",1,"NXS11223679HH1",2025-12-04,0,1,2,423,-1,0,0,0,2,247,25,0,0,1,608011156,"7.12.2"
"C37842",1,"NXS11424537HH1",2026-01-08,0,1,2,422,-1,0,0,0,0,5,55,0,0,1,608011156,"7.12.2"
"C37851",1,"NXS14724430HH1",2025-12-07,0,5,2,410,-1,0,0,1,0,256,25,0,0,1,608011156,"7.12.2"
"C37854",1,"NXS15123736HH1",2025-12-06,0,1,2,313,-1,0,0,1,2,5,55,0,0,1,608011156,"7.12.2"
"C37857",1,"NXS10823554HH1",2025-11-29,0,1,2,410,-1,0,0,1,0,5,25,0,0,1,608011156,"7.12.2"
"C37860",3,"NXS11323802HH1",2025-12-07,0,1,2,423,-1,0,0,0,0,5,-1,0,0,1,608011156,"7.12.2"
"C37866",1,"NXS11323838HH1",2025-12-10,0,1,2,423,-1,0,0,0,0,5,25,0,0,1,608011156,"7.12.2"
"C37869",2,"NXS10223789HH5",2025-12-07,0,1,2,410,-1,0,0,0,0,5,25,1,1,1,608011156,"7.12.2"
"C37884",1,"NXS10623769HH1",2025-12-06,0,1,2,99,-1,0,1,1,0,3,25,0,0,1,608011156,"7.12.2"
"C37887",1,"NXS11323834HH1",2025-12-10,0,1,2,423,-1,0,0,0,0,35,24,0,0,1,608011156,"7.12.2"
"C37890",1,"NXS11323850HH1",2025-12-10,0,1,2,423,-1,0,0,0,1,56,18,0,0,1,608011156,"7.12.2"
"C37896",1,"NXS12723853HH1",2025-12-10,0,1,2,423,-1,0,0,1,2,5,55,0,0,1,608011156,"7.12.2"
"C37899",1,"NXS12723812HH1",2025-12-08,0,1,2,423,-1,0,0,1,0,5,25,0,0,1,608011156,"7.12.2"
"C37902",1,"NXS11323865HH1",2025-12-11,0,1,2,410,-1,0,0,0,0,5,25,0,0,1,608011156,"7.12.2"
"C37905",1,"NXS11323867HH1",2025-12-11,0,1,2,423,-1,0,0,0,0,3,25,0,0,1,608011156,"7.12.2"
"C37908",1,"NXS13523787HH1",2025-12-07,0,1,2,99,-1,0,0,0,0,5,24,0,0,1,608011156,"7.12.2"
"C37911",1,"NXS10625639HH1",2025-12-10,0,5,2,206,-1,0,0,1,0,346,25,0,0,1,608011156,"7.12.2"
"C37914",1,"NXS11223820HH1",2025-12-10,0,1,2,99,-1,0,0,0,0,3,25,0,0,1,608011156,"7.12.2"
"C37920",1,"NXS11323871HH1",2025-12-11,0,1,2,422,-1,0,0,1,2,1,18,0,0,1,608011156,"7.12.2"
"C37923",1,"NXS11323874HH1",2025-12-11,0,1,2,410,-1,0,0,0,0,5,25,0,0,1,608011156,"7.12.2"
"C37926",2,"NXS10223841HH2",2025-12-10,0,1,2,314,-1,0,4,0,1,5,25,1,0,1,608011156,"7.12.2"
"C37950",3,"NXS13523400HH1",2025-11-23,0,1,2,99,-1,0,0,0,0,5,-1,0,0,1,608011156,"7.12.2"
"C37953",1,"NXS10823818HH1",2025-12-10,0,1,2,312,-1,0,0,1,0,56,55,0,0,1,608011156,"7.12.2"
"C37956",1,"NXS13523737HH1",2025-12-06,0,1,2,312,-1,0,0,1,0,5,25,0,0,1,608011156,"7.12.2"
"C37965",1,"NBN10523944HH1",2025-12-10,0,5,2,99,-1,0,0,1,0,56,25,0,0,1,608011156,"7.12.2"
"C37968",2,"NBN10523634HH2",2025-12-07,0,1,2,99,-1,0,0,1,0,15,25,1,0,1,608011156,"7.12.2"
"C37971",1,"NBN10523804HH1",2025-12-08,0,1,2,99,-1,1,0,1,0,3,25,0,0,1,608011156,"7.12.2"
"C37983",1,"NXS14723899HH1",2025-12-12,0,1,2,422,-1,0,0,1,0,5,18,0,0,1,608011156,"7.12.2"
"C37986",1,"NXS10323923HH1",2025-12-12,0,1,2,410,-1,0,0,0,1,5,25,0,0,1,608011156,"7.12.2"
"C37989",1,"NXS14723904HH1",2025-12-12,0,1,2,422,-1,0,0,1,2,5,25,0,0,1,608011156,"7.12.2"
"C37992",1,"RRH15823918HH1",2025-12-12,0,1,5,431,-1,0,0,0,0,5,25,0,0,4,608011156,"7.12.2"
"C37995",1,"NXS11023880HH1",2025-12-11,0,1,2,302,-1,0,0,1,0,5,25,0,0,1,608011156,"7.12.2"
"C37998",1,"RRH15824226HH1",2025-12-25,0,1,5,433,-1,0,0,1,0,456,25,0,0,4,608011156,"7.12.2"
"C38001",2,"NXS11123881HH3",2025-12-11,0,1,2,410,-1,0,0,1,0,5,25,1,0,1,608011156,"7.12.2"
"C38010",1,"NXS10823829HH1",2025-12-10,0,1,2,98,-1,0,4,0,0,4,25,0,0,1,608011156,"7.12.2"
"C38013",1,"NXS10623884HH1",2025-12-11,0,1,2,420,-1,0,0,1,2,5,25,0,0,1,608011156,"7.12.2"
"C38016",1,"NXS11323964HH1",2025-12-13,0,1,2,423,-1,0,0,1,2,457,25,0,0,1,608011156,"7.12.2"
"C38022",99,"NXS11323965HH1",2025-12-13,0,1,2,422,-1,0,0,0,0,1,-1,0,0,1,608011156,"7.12.2"
"C38025",1,"NXS11324202HH1",2025-12-13,0,5,2,420,-1,1,1,1,0,56,55,0,0,1,608011156,"7.12.2"
"C38031",2,"NXS10224465HH2",2026-01-04,0,1,2,434,-1,0,0,1,0,5,25,1,0,1,608011156,"7.12.2"
"C38037",1,"NXS10623914HH1",2025-12-12,0,1,2,98,-1,0,0,1,1,5,25,0,0,1,608011156,"7.12.2"
"C38040",1,"NXS10623915HH1",2025-12-12,0,1,2,98,-1,0,0,1,2,3,25,0,0,1,608011156,"7.12.2"
"C38049",1,"NXS11123912HH1",2025-12-12,0,1,2,99,-1,0,0,1,0,56,25,0,0,1,608011156,"7.12.2"
"C38052",1,"NXS12724337HH1",2025-12-12,0,5,2,423,-1,0,1,1,1,567,25,0,0,1,608011156,"7.12.2"
"C38055",1,"NXS14723971HH1",2025-12-14,0,1,2,422,-1,0,0,1,1,5,25,0,0,1,608011156,"7.12.2"
"C38058",1,"NXS11123956HH1",2025-12-13,0,1,2,313,-1,0,0,1,0,5,18,0,0,1,608011156,"7.12.2"
"C38061",1,"NXS11123957HH1",2025-12-13,0,1,2,314,-1,0,1,1,0,5,25,0,0,1,608011156,"7.12.2"
"C38064",1,"NXS11623958HH1",2025-12-13,0,1,2,422,-1,1,0,1,2,5,55,0,0,1,608011156,"7.12.2"
"C38076",1,"NXS11623948HH1",2025-12-13,0,1,2,312,-1,0,1,1,2,5,25,0,0,1,608011156,"7.12.2"
"C38085",1,"NXS10823947HH1",2025-12-13,0,1,2,423,-1,0,0,0,0,5,25,0,0,1,608011156,"7.12.2"
"C38091",1,"NXS10623925HH2",2025-12-12,0,1,2,98,-1,0,0,1,0,5,25,0,0,1,608011156,"7.12.2"
"C38094",1,"NXS10623945HH1",2025-12-13,0,1,2,312,-1,0,0,1,0,5,25,0,0,1,608011156,"7.12.2"
"C38097",1,"NBN10523946HH1",2025-12-13,0,1,2,99,-1,0,1,1,2,5,25,0,0,1,608011156,"7.12.2"
"C38100",1,"NBN10524101HH1",2025-12-19,0,5,2,99,-1,0,0,0,0,3,55,0,0,1,608011156,"7.12.2"
"C38106",1,"NXS13524021HH1",2025-12-17,0,1,2,313,-1,0,0,0,1,3,25,0,0,1,608011156,"7.12.2"
"C38109",1,"NXS13523933HH1",2025-12-13,0,1,2,314,-1,0,0,0,0,5,25,0,0,1,608011156,"7.12.2"
"C38112",2,"NXS10223980HH4",2025-12-14,0,1,2,422,-1,0,0,0,0,3,25,1,1,1,608011156,"7.12.2"
"C38124",1,"NXS11223997HH1",2025-12-15,0,1,2,423,-1,0,0,0,0,4,25,0,0,1,608011156,"7.12.2"
"C38127",1,"NXS11324034HH1",2025-12-17,0,1,2,423,-1,0,0,0,0,3,24,0,0,1,608011156,"7.12.2"
"C38130",1,"NXS11625091HH2",2026-01-30,0,1,2,313,-1,0,0,0,1,5,25,1,0,1,608011156,"7.12.2"
"C38136",1,"NXS10624004HH1",2025-12-16,0,1,2,98,-1,0,0,1,1,5,25,0,0,1,608011156,"7.12.2"
"C38139",1,"NXS11124665HH1",2026-01-12,0,1,2,410,-1,0,0,1,2,5,25,0,0,1,608011156,"7.12.2"
"C38142",1,"NXS11324023HH1",2025-12-17,0,1,2,422,-1,0,0,1,1,5,18,0,0,1,608011156,"7.12.2"
"C38145",1,"NBN10524028HH1",2025-12-17,0,1,2,99,53,0,0,0,2,3,25,0,0,1,608011156,"7.12.2"
"C38157",1,"NXS11324082HH1",2025-12-18,0,1,2,422,-1,0,0,1,0,98,55,0,0,1,608011156,"7.12.2"
"C38160",1,"NXS11324074HH1",2025-12-18,0,1,2,423,-1,1,0,1,0,6,55,0,0,1,608011156,"7.12.2"
"C38163",1,"NXS12724468HH1",2026-01-04,0,1,2,116,51,0,1,1,0,5,25,0,0,1,608011156,"7.12.2"
"C38166",1,"NXS12924040HH1",2025-12-17,0,1,2,99,-1,0,0,0,0,5,18,0,0,1,608011156,"7.12.2"
"C38169",1,"NXS12924041HH1",2025-12-17,0,1,2,99,-1,0,0,0,0,3,25,0,0,1,608011156,"7.12.2"
"C38175",1,"NXS11323940HH1",2025-12-13,0,1,2,422,-1,0,0,1,0,5,55,0,0,1,608011156,"7.12.2"
"C38181",1,"RRH15824233HH1",2025-12-25,0,1,5,99,-1,0,0,1,1,5,55,0,0,4,608011156,"7.12.2"
"C38184",1,"NXS11324114HH1",2025-12-19,0,1,2,422,106,0,0,0,0,5,25,0,0,1,608011156,"7.12.2"
"C38187",1,"NXS11624069HH1",2025-12-18,0,1,2,314,-1,0,0,1,0,3,55,0,0,1,608011156,"7.12.2"
"C38193",2,"NXS10323934HH3",2025-12-13,0,1,2,411,-1,0,0,1,1,15,25,1,0,1,608011156,"7.12.2"
"C38208",1,"NBN10524460HH1",2026-01-06,0,5,2,99,-1,0,0,1,0,3,25,0,0,1,608011156,"7.12.2"
"C38211",1,"NBN10524445HH1",2025-12-19,0,5,2,99,-1,0,0,1,0,1,25,0,0,1,608011156,"7.12.2"
"C38214",1,"NXS14724142HH1",2025-12-20,0,1,2,423,-1,0,0,0,0,13,25,0,0,1,608011156,"7.12.2"
"C38223",1,"NXS13524018HH1",2025-12-17,0,1,2,431,-1,0,0,1,1,5,55,0,0,1,608011156,"7.12.2"
"C38226",1,"RRH15324084HH1",2025-12-18,0,1,7,313,-1,0,1,1,0,5,24,0,0,4,608011156,"7.12.2"
"C38241",1,"NXS11624160HH1",2025-12-21,0,1,2,422,-1,0,0,0,0,3,55,0,0,1,608011156,"7.12.2"
"C38244",3,"NXS10624128HH1",2025-12-20,0,1,2,302,119,0,0,1,1,5,-1,0,0,1,608011156,"7.12.2"
"C38247",1,"NXS11624129HH1",2025-12-20,0,1,2,313,-1,0,0,0,0,15,25,0,0,1,608011156,"7.12.2"
"C38250",1,"NXS10824403HH1",2025-12-22,0,5,2,313,-1,0,0,1,0,5,25,0,0,1,608011156,"7.12.2"
"C38259",2,"NXS10624052HH6",2025-12-17,0,1,2,99,-1,0,0,1,1,5,25,1,1,1,608011156,"7.12.2"
"C38274",1,"NBN10524186HH1",2025-12-26,0,1,2,99,114,1,0,0,0,5,25,0,0,1,608011156,"7.12.2"
"C38280",1,"NXS12724196HH1",2025-12-24,0,1,2,423,-1,0,0,0,0,5,55,0,0,1,608011156,"7.12.2"
"C38283",1,"NXS10624192HH1",2025-12-23,0,1,2,99,-1,0,0,1,2,17,55,0,0,1,608011156,"7.12.2"
"C38286",1,"NXS11624203HH1",2025-12-24,0,1,2,313,-1,0,0,1,2,5,25,0,0,1,608011156,"7.12.2"
"C38289",1,"NXS11624205HH1",2025-12-24,0,1,2,313,-1,0,9,0,0,5,25,0,0,1,608011156,"7.12.2"
"C38298",1,"NXS11325334HH1",2026-02-02,0,5,2,423,-1,0,4,0,0,3,25,0,0,1,608011156,"7.12.2"
"C38316",1,"NXS11324250HH1",2025-12-25,0,1,2,422,-1,0,0,1,0,3,25,0,0,1,608011156,"7.12.2"
"C38319",1,"NXS13524177HH1",2025-12-22,0,1,2,116,-1,0,0,1,0,24,25,0,0,1,608011156,"7.12.2"
"C38322",1,"NXS14724232HH1",2025-12-25,0,1,2,423,-1,0,0,0,0,56,25,0,0,1,608011156,"7.12.2"
"C38325",1,"NXS11124228HH2",2025-12-25,0,1,2,116,-1,0,0,1,2,56,25,0,0,1,608011156,"7.12.2"
"C38331",1,"NXS11324227HH1",2025-12-25,0,1,2,422,-1,0,0,1,0,56,25,0,0,1,608011156,"7.12.2"
"C38334",1,"NXS11324230HH1",2025-12-25,0,1,2,99,-1,0,0,0,0,5,25,0,0,1,608011156,"7.12.2"
"C38337",1,"NXS12724315HH1",2025-12-25,0,5,2,423,-1,0,0,0,0,25,25,0,0,1,608011156,"7.12.2"
"C38340",2,"NXS10624214HH2",2025-12-24,0,1,2,99,-1,0,0,0,1,3,25,1,0,1,608011156,"7.12.2"
"C38349",1,"NXS11624678HH1",2025-12-25,0,5,2,423,-1,0,0,1,0,3,25,0,0,1,608011156,"7.12.2"
"C38352",1,"NXS11324498HH1",2026-01-05,0,1,2,423,-1,0,0,1,0,5,55,0,0,1,608011156,"7.12.2"
"C38358",1,"NXS13524212HH1",2025-12-24,0,1,2,98,-1,0,0,0,0,3,25,0,0,1,608011156,"7.12.2"
"C38361",1,"NXS13824213HH1",2025-12-24,0,1,2,313,-1,0,0,0,2,1,25,0,0,1,608011156,"7.12.2"
"C38364",1,"NXS10924118HH1",2025-12-19,0,1,2,423,177,0,0,0,0,5,18,0,0,1,608011156,"7.12.2"
"C38367",1,"RRH13225098HH1",2025-12-26,0,5,5,423,64,0,1,1,3,27,25,0,0,5,608011156,"7.12.2"
"C38373",1,"NXS11624248HH1",2025-12-25,0,1,2,98,-1,0,0,1,1,5,24,0,0,1,608011156,"7.12.2"
"C38379",1,"NXS11324261HH2",2025-12-26,0,1,2,423,136,0,0,1,2,5,25,1,0,1,608011156,"7.12.2"
"C38385",1,"NXS11324296HH1",2025-12-27,0,1,2,422,-1,0,0,0,0,34,25,0,0,1,608011156,"7.12.2"
"C38397",1,"NXS12723035HH1",2025-11-09,0,1,2,206,20,0,9,1,0,5,25,0,0,1,608011156,"7.12.2"
"C38400",1,"NBN10524912HH1",2026-01-23,0,1,2,99,-1,0,0,1,0,56,55,0,0,1,608011156,"7.12.2"
"C38409",1,"NXS11324310HH1",2025-12-28,0,1,2,423,-1,0,0,0,0,3,25,0,0,1,608011156,"7.12.2"
"C38412",1,"TRN10423968HH1",2025-12-13,0,1,3,410,-1,0,0,1,0,5,25,0,0,2,608011156,"7.12.2"
"C38415",2,"NXS10325170HH5",2026-02-03,0,1,2,422,-1,0,0,0,0,5,25,1,1,1,608011156,"7.12.2"
"C38436",1,"NBN10524319HH1",2025-12-30,0,1,2,99,-1,1,0,1,0,3,25,0,0,1,608011156,"7.12.2"
"C38439",1,"NBN10524338HH1",2026-01-28,0,1,2,99,-1,0,0,0,0,37,55,0,0,1,608011156,"7.12.2"
"C38442",1,"NXS13525589HH1",2026-02-25,0,1,2,312,-1,0,0,1,0,5,55,0,0,1,608011156,"7.12.2"
"C38445",1,"NXS11324393HH1",2025-12-31,0,1,2,422,-1,0,4,0,0,98,25,0,0,1,608011156,"7.12.2"
"C38448",2,"NXS10224446HH4",2026-01-03,0,1,2,410,-1,0,0,1,1,5,25,1,1,1,608011156,"7.12.2"
"C38451",1,"NXS10624333HH1",2025-12-29,0,1,2,204,-1,0,1,1,0,5,55,0,0,1,608011156,"7.12.2"
"C38460",1,"TRN10424390HH1",2025-12-31,0,1,3,410,-1,0,0,1,0,5,25,0,0,2,608011156,"7.12.2"
"C38463",1,"NXS11624334HH1",2025-12-29,0,1,2,99,-1,0,0,0,0,36,18,0,0,1,608011156,"7.12.2"
"C38466",1,"NXS14724343HH1",2025-12-30,0,1,2,423,-1,0,0,1,2,5,25,0,0,1,608011156,"7.12.2"
"C38469",1,"NXS11624349HH1",2025-12-30,0,1,2,314,-1,0,0,1,2,56,18,0,0,1,608011156,"7.12.2"
"C38472",1,"NXS10624276HH1",2025-12-26,0,1,2,312,-1,0,0,1,0,5,25,0,0,1,608011156,"7.12.2"
"C38484",1,"NXS10824891HH1",2026-01-22,0,5,2,422,-1,0,9,1,0,5,25,0,0,1,608011156,"7.12.2"
"C38490",3,"TRN11723711HH1",2025-12-05,0,1,3,215,-1,0,0,0,0,2,-1,0,0,2,608011156,"7.12.2"
"C38493",3,"TRN11723861HH1",2025-12-10,0,1,3,99,-1,0,1,1,0,47,-1,0,0,2,608011156,"7.12.2"
"C38496",3,"TRN11724221HH1",2025-12-25,0,1,3,99,-1,0,9,1,0,56,-1,0,0,2,608011156,"7.12.2"
"C38499",1,"NXS12924279HH1",2025-12-26,0,1,2,99,-1,0,0,0,0,5,25,0,0,1,608011156,"7.12.2"
"C38502",1,"NXS12924356HH1",2025-12-30,0,1,2,99,-1,0,0,0,0,5,25,0,0,1,608011156,"7.12.2"
"C38505",1,"NXS14724358HH1",2025-12-31,0,1,2,423,-1,0,0,1,0,4,25,0,0,1,608011156,"7.12.2"
"C38508",1,"NXS14724428HH1",2026-01-02,0,1,2,423,-1,0,0,0,0,3,55,0,0,1,608011156,"7.12.2"
"C38517",2,"NXS10224325HH2",2025-12-28,0,1,2,410,-1,0,0,0,0,3,25,1,0,1,608011156,"7.12.2"
"C38523",1,"NXS11624173HH1",2025-12-21,0,1,2,312,-1,0,0,0,0,5,25,0,0,1,608011156,"7.12.2"
"C38526",1,"NXS10624219HH1",2025-12-25,0,1,2,410,163,0,0,0,0,57,25,0,0,1,608011156,"7.12.2"
"C38529",2,"NXS10224375HH3",2025-12-31,0,1,2,99,-1,0,0,0,2,3,24,1,0,1,608011156,"7.12.2"
"C38538",2,"NXS10224367HH6",2025-12-31,0,1,2,410,-1,0,0,0,2,3,25,1,1,1,608011156,"7.12.2"
"C38541",1,"RRH13224738HH1",2026-01-13,0,5,5,423,39,0,1,1,0,67,25,0,0,5,608011156,"7.12.2"
"C38559",2,"NXS10224424HH3",2026-01-02,0,1,2,410,-1,0,0,0,0,5,25,1,0,1,608011156,"7.12.2"
"C38568",1,"NXS10824413HH1",2026-01-02,0,1,2,410,-1,1,0,0,2,1,18,0,0,1,608011156,"7.12.2"
"C38571",1,"NXS12724693HH1",2026-01-13,0,1,2,204,-1,0,4,0,0,23,25,0,0,1,608011156,"7.12.2"
"C38574",1,"NXS10624374HH1",2025-12-31,0,1,2,313,-1,0,0,1,2,15,25,0,0,1,608011156,"7.12.2"
"C38580",1,"NXS12724421HH1",2026-01-02,0,1,2,423,-1,0,0,1,0,5,25,0,0,1,608011156,"7.12.2"
"C38583",1,"NXS11424741HH1",2026-01-16,0,1,2,422,91,0,0,1,0,5,25,0,0,1,608011156,"7.12.2"
"C38589",1,"NXS13524811HH1",2025-12-26,0,5,2,99,-1,0,0,0,1,5,25,0,0,1,608011156,"7.12.2"
"C38592",1,"NXS11124175HH1",2025-12-22,0,1,2,312,-1,0,1,1,0,5,25,0,0,1,608011156,"7.12.2"
"C38598",1,"NXS10824414HH1",2026-01-02,0,1,2,313,-1,0,0,1,0,5,25,0,0,1,608011156,"7.12.2"
"C38607",2,"NXS11024437HH3",2026-01-03,0,1,2,302,-1,0,0,1,0,5,25,1,0,1,608011156,"7.12.2"
"C38610",1,"NXS11624400HH1",2025-12-31,0,1,2,99,-1,0,0,0,1,124,25,0,0,1,608011156,"7.12.2"
"C38613",2,"NXS11124402HH2",2026-01-02,0,1,2,312,-1,0,9,0,0,3,25,1,0,1,608011156,"7.12.2"
"C38631",1,"NBN10524533HH1",2026-01-08,0,1,2,99,-1,0,0,0,0,3,25,0,0,1,608011156,"7.12.2"
"C38646",1,"NXS11324494HH1",2026-01-05,0,1,2,423,-1,0,1,1,2,126,25,0,0,1,608011156,"7.12.2"
"C38649",1,"NBN10524567HH1",2026-01-09,0,1,2,99,-1,0,0,1,0,3,25,0,0,1,608011156,"7.12.2"
"C38652",1,"NXS10924408HH1",2026-01-02,0,1,2,422,-1,0,0,0,0,56,25,0,0,1,608011156,"7.12.2"
"C38655",1,"NXS10924409HH1",2026-01-02,0,1,2,98,-1,0,0,0,0,56,25,0,0,1,608011156,"7.12.2"
"C38658",1,"NBN10524488HH1",2026-01-06,0,1,2,99,-1,0,1,1,0,3,55,0,0,1,608011156,"7.12.2"
"C38661",1,"NXS11624507HH1",2026-01-05,0,1,2,99,-1,0,0,0,0,56,55,0,0,1,608011156,"7.12.2"
"C38664",1,"NXS11124461HH2",2026-01-04,0,1,2,410,-1,0,1,1,1,3,25,0,0,1,608011156,"7.12.2"
"C38670",1,"NXS11624451HH1",2026-01-03,0,1,2,101,-1,0,1,1,0,3,25,0,0,1,608011156,"7.12.2"
"C38673",1,"NXS10624509HH1",2026-01-05,0,1,2,410,-1,0,0,1,0,5,25,0,0,1,608011156,"7.12.2"
"C38676",1,"NXS10624521HH1",2026-01-06,0,1,2,206,-1,0,0,1,0,134,25,0,0,1,608011156,"7.12.2"
"C38679",1,"NXS14724565HH1",2026-01-08,0,1,2,423,-1,0,0,0,0,5,25,0,0,1,608011156,"7.12.2"
"C38700",1,"NXS10623039HH1",2025-11-09,0,1,2,99,-1,0,0,0,0,5,24,0,0,1,608011156,"7.12.2"
"C38703",1,"NXS10624483HH1",2026-01-05,0,1,2,116,-1,0,0,1,0,5,25,0,0,1,608011156,"7.12.2"
"C38706",1,"NXS14724556HH1",2026-01-08,0,1,2,423,-1,0,1,1,0,1,25,0,0,1,608011156,"7.12.2"
"C38709",1,"NXS14724557HH1",2026-01-08,0,1,2,423,-1,0,0,1,0,5,25,0,0,1,608011156,"7.12.2"
"C38715",1,"NXS14724579HH1",2026-01-09,0,1,2,422,-1,0,0,1,2,5,25,0,0,1,608011156,"7.12.2"
"C38718",1,"NXS11624559HH1",2026-01-08,0,1,2,225,-1,0,0,1,0,5,25,0,0,1,608011156,"7.12.2"
"C38721",1,"NXS11024560HH1",2026-01-08,0,1,2,98,-1,0,0,1,2,3,25,0,0,1,608011156,"7.12.2"
"C38733",2,"NXS10224561HH2",2026-01-08,0,1,2,99,-1,0,0,0,0,5,25,1,0,1,608011156,"7.12.2"
"C38739",1,"NXS13524573HH1",2026-01-09,0,1,2,101,-1,0,1,1,0,5,55,0,0,1,608011156,"7.12.2"
"C38742",1,"NXS10824545HH1",2026-01-08,0,1,2,312,-1,0,0,0,0,5,25,0,0,1,608011156,"7.12.2"
"C38745",2,"NXS10224581HH2",2026-01-09,0,1,2,99,-1,0,0,0,0,5,25,1,0,1,608011156,"7.12.2"
"C38751",1,"NBN10524546HH1",2026-01-12,0,1,2,99,-1,0,0,0,0,5,25,0,0,1,608011156,"7.12.2"
"C38754",2,"NXS11124603HH2",2026-01-09,0,1,2,314,-1,0,0,0,0,98,25,1,0,1,608011156,"7.12.2"
"C38763",1,"NXS12724479HH1",2026-01-04,0,1,2,116,-1,0,9,1,0,5,25,0,0,1,608011156,"7.12.2"
"C38766",1,"NXS12724869HH1",2026-01-08,0,5,2,423,-1,0,0,1,0,146,25,0,0,1,608011156,"7.12.2"
"C38769",1,"NXS14724627HH1",2026-01-10,0,1,2,423,-1,0,0,0,0,3,25,0,0,1,608011156,"7.12.2"
"C38772",1,"NXS10624595HH1",2026-01-09,0,1,2,99,-1,0,1,1,0,3,25,0,0,1,608011156,"7.12.2"
"C38775",1,"NXS10924452HH1",2026-01-03,0,1,2,422,158,0,0,1,0,5,25,0,0,1,608011156,"7.12.2"
"C38781",1,"NXS10624615HH1",2026-01-10,0,1,2,313,-1,0,0,1,1,147,25,0,0,1,608011156,"7.12.2"
"C38784",1,"NXS10924510HH1",2026-01-05,0,1,2,207,90,0,4,0,0,5,25,0,0,1,608011156,"7.12.2"
"C38787",1,"NXS10624610HH1",2026-01-10,0,1,2,313,-1,1,0,1,2,3,25,0,0,1,608011156,"7.12.2"
"C38793",1,"NXS12724943HH1",2026-01-11,0,5,2,423,78,0,4,0,0,23,25,0,0,1,608011156,"7.12.2"
"C38796",1,"NBN10524667HH1",2026-01-11,0,5,2,99,-1,0,0,1,0,23,25,0,0,1,608011156,"7.12.2"
"C38799",1,"NBN10524666HH1",2026-01-12,0,1,2,99,-1,0,0,0,0,156,25,0,0,1,608011156,"7.12.2"
"C38802",1,"NXS13524651HH1",2026-01-11,0,1,2,313,-1,0,0,0,0,5,25,0,0,1,608011156,"7.12.2"
"C38808",2,"NXS11024653HH2",2026-01-11,0,1,2,434,-1,0,0,0,0,3,25,1,0,1,608011156,"7.12.2"
"C38817",1,"NXS10924647HH1",2026-01-11,0,1,2,313,40,0,0,1,0,157,25,0,0,1,608011156,"7.12.2"
"C38823",1,"NXS13524995HH1",2026-01-25,0,1,2,410,-1,0,0,0,0,5,25,0,0,1,608011156,"7.12.2"
"C38826",1,"NXS11324711HH1",2026-01-15,0,1,2,423,-1,0,0,0,0,5,25,0,0,1,608011156,"7.12.2"
"C38829",1,"NXS14724713HH1",2026-01-15,0,1,2,422,-1,0,0,0,0,5,25,0,0,1,608011156,"7.12.2"
"C38832",1,"NXS13524679HH1",2026-01-12,0,1,2,116,-1,0,0,1,2,5,25,0,0,1,608011156,"7.12.2"
"C38835",1,"NXS11024700HH1",2026-01-14,0,1,2,98,-1,0,0,1,2,167,25,0,0,1,608011156,"7.12.2"
"C38838",1,"NXS11324707HH1",2026-01-15,0,1,2,423,-1,0,0,1,0,3,25,0,0,1,608011156,"7.12.2"
"C38841",1,"RRH15325263HH1",2026-02-08,0,1,5,410,-1,0,1,1,2,5,18,0,0,4,608011156,"7.12.2"
"C38844",1,"NXS14724703HH1",2026-01-15,0,1,2,423,-1,0,0,1,0,5,55,0,0,1,608011156,"7.12.2"
"C38859",1,"NBN10524689HH1",2026-01-13,0,1,2,99,-1,0,0,1,0,3,25,0,0,1,608011156,"7.12.2"
"C38862",1,"NXS10624644HH1",2026-01-11,0,1,2,410,-1,0,0,1,0,3,55,0,0,1,608011156,"7.12.2"
"C38868",1,"NXS10624691HH1",2026-01-13,0,1,2,312,-1,0,1,1,0,5,25,0,0,1,608011156,"7.12.2"
"C38874",1,"NXS11325158HH1",2026-01-16,0,5,2,423,-1,0,0,1,0,5,55,0,0,1,608011156,"7.12.2"
"C38877",1,"NXS10624634HH1",2026-01-11,0,1,2,410,-1,0,0,0,0,5,25,0,0,1,608011156,"7.12.2"
"C38880",1,"NXS12724763HH1",2026-01-16,0,1,2,423,-1,0,0,0,0,5,25,0,0,1,608011156,"7.12.2"
"C38892",1,"NXS14724770HH1",2026-01-17,0,1,2,423,-1,0,0,0,0,56,24,0,0,1,608011156,"7.12.2"
"C38898",1,"NXS11224723HH1",2026-01-15,0,1,2,422,-1,0,1,1,2,1,18,0,0,1,608011156,"7.12.2"
"C38904",1,"NXS10624722HH1",2026-01-15,0,1,2,410,-1,0,0,1,2,5,25,0,0,1,608011156,"7.12.2"
"C38907",1,"NXS10624766HH1",2026-01-16,0,1,2,101,-1,0,0,0,0,2,18,0,0,1,608011156,"7.12.2"
"C38913",1,"NXS11624743HH1",2026-01-16,0,1,2,313,-1,0,0,1,3,3,25,0,0,1,608011156,"7.12.2"
"C38916",1,"NXS11124744HH2",2026-01-16,0,1,2,313,-1,0,0,1,0,56,25,0,0,1,608011156,"7.12.2"
"C38931",2,"NXS10224785HH6",2026-01-17,0,1,2,420,-1,0,0,0,0,3,25,1,1,1,608011156,"7.12.2"
"C38949",1,"NBN10524852HH1",2026-01-17,0,5,2,99,-1,0,0,0,0,3,25,0,0,1,608011156,"7.12.2"
"C38952",1,"NXS12724881HH1",2026-01-16,0,5,2,206,-1,0,1,1,0,5,24,0,0,1,608011156,"7.12.2"
"C38955",1,"NXS12724791HH1",2026-01-17,0,1,2,422,-1,0,9,1,0,247,25,0,0,1,608011156,"7.12.2"
"C38958",3,"TRN11724663HH1",2026-01-11,0,1,3,422,-1,0,0,1,0,5,-1,0,0,2,608011156,"7.12.2"
"C38964",1,"NBN10524779HH1",2026-01-23,0,1,2,99,-1,0,0,1,0,5,25,0,0,1,608011156,"7.12.2"
"C38967",2,"NXS13524776HH2",2026-01-17,0,1,2,434,-1,0,0,0,0,34,25,1,0,1,608011156,"7.12.2"
"C38994",1,"NXS11324840HH1",2026-01-19,0,1,2,422,-1,0,0,0,0,3,25,0,0,1,608011156,"7.12.2"
"C39015",1,"NXS14724851HH1",2026-01-19,0,1,2,423,-1,0,0,1,0,35,25,0,0,1,608011156,"7.12.2"
"C39018",1,"TRN10424887HH1",2026-01-22,0,1,3,312,-1,0,0,1,2,5,24,0,0,2,608011156,"7.12.2"
"C39021",1,"NXS11124820HH2",2026-01-18,0,1,2,99,-1,0,0,1,2,5,25,0,0,1,608011156,"7.12.2"
"C39030",1,"NXS11324921HH1",2026-01-22,0,1,2,423,-1,0,4,0,2,5,25,0,0,1,608011156,"7.12.2"
"C39033",1,"NXS14724922HH1",2026-01-22,0,1,2,118,-1,0,0,1,0,5,25,0,0,1,608011156,"7.12.2"
"C39036",1,"NXS14724923HH1",2026-01-22,0,1,2,423,-1,1,0,1,0,5,25,0,0,1,608011156,"7.12.2"
"C39039",1,"NBN10525201HH1",2026-02-07,0,5,2,99,-1,0,0,1,0,5,55,0,0,1,608011156,"7.12.2"
"C39042",1,"NXS11324888HH1",2026-01-22,0,1,2,434,-1,0,0,1,0,346,55,0,0,1,608011156,"7.12.2"
"C39045",1,"NXS11324886HH1",2026-01-22,0,1,2,101,-1,0,0,1,0,5,25,0,0,1,608011156,"7.12.2"
"C39048",1,"NXS13524925HH1",2026-01-18,0,5,2,99,61,0,0,0,0,3,25,0,0,1,608011156,"7.12.2"
"C39054",1,"NXS11324892HH1",2026-01-22,0,1,2,423,152,0,0,1,0,5,55,0,0,1,608011156,"7.12.2"
"C39057",3,"TRN11724293HH1",2025-12-27,0,1,3,98,-1,0,9,1,0,347,-1,0,0,2,608011156,"7.12.2"
"C39060",3,"TRN11724292HH1",2025-12-27,0,1,3,98,-1,0,0,1,0,3,-1,0,0,2,608011156,"7.12.2"
"C39066",1,"NXS11324890HH1",2026-01-22,0,1,2,423,-1,1,0,0,0,3,55,0,0,1,608011156,"7.12.2"
"C39072",1,"NXS14724878HH1",2026-01-20,0,1,2,423,-1,1,0,0,0,356,55,0,0,1,608011156,"7.12.2"
"C39078",2,"NXS10224913HH5",2026-01-22,0,1,2,101,-1,0,0,0,1,3,25,1,1,1,608011156,"7.12.2"
"C39093",3,"NXS10624870HH1",2026-01-20,0,1,2,329,-1,0,0,1,0,5,-1,0,0,1,608011156,"7.12.2"
"C39099",1,"NXS12724944HH1",2026-01-13,0,5,2,116,-1,0,1,1,0,1,25,0,0,1,608011156,"7.12.2"
"C39102",1,"NXS11324934HH1",2026-01-23,0,1,2,99,-1,0,0,0,0,3,25,0,0,1,608011156,"7.12.2"
"C39123",1,"NXS10624883HH1",2026-01-21,0,1,2,422,-1,0,0,0,0,3,25,0,0,1,608011156,"7.12.2"
"C39162",1,"NXS14724962HH1",2026-01-24,0,1,2,423,-1,0,0,1,0,3,55,0,0,1,608011156,"7.12.2"
"C39186",1,"NXS13825101HH1",2026-01-31,0,1,2,422,-1,0,0,1,0,5,55,0,0,1,608011156,"7.12.2"
"C39189",1,"NXS10624929HH1",2026-01-23,0,1,2,312,-1,0,0,1,2,5,25,0,0,1,608011156,"7.12.2"
"C39195",1,"NBN10525275HH1",2026-01-24,0,5,2,99,-1,0,0,1,2,5,25,0,0,1,608011156,"7.12.2"
"C39204",1,"NXS11325327HH1",2026-01-25,0,5,2,423,-1,0,1,1,0,5,55,0,0,1,608011156,"7.12.2"
"C39210",1,"NXS13524986HH2",2026-01-25,0,1,2,434,-1,0,0,1,0,3,25,0,0,1,608011156,"7.12.2"
"C39216",1,"NXS15124948HH1",2026-01-23,0,1,2,313,-1,0,9,1,0,5,25,0,0,1,608011156,"7.12.2"
"C39219",1,"NXS12725000HH1",2026-01-25,0,1,2,101,-1,0,0,0,0,36,24,0,0,1,608011156,"7.12.2"
"C39222",1,"NXS14725373HH1",2026-01-26,0,5,2,423,139,0,0,0,0,3,25,0,0,1,608011156,"7.12.2"
"C39228",1,"TRN10424950HH1",2026-01-23,0,1,3,302,-1,1,0,1,0,5,25,0,0,2,608011156,"7.12.2"
"C39231",1,"NBN10525104HH1",2026-01-26,0,5,2,99,19,0,1,1,0,3,25,0,0,1,608011156,"7.12.2"
"C39234",1,"NXS12725022HH1",2026-01-26,0,1,2,423,-1,0,4,0,0,4,25,0,0,1,608011156,"7.12.2"
"C39240",2,"NXS10225025HH2",2026-01-26,0,1,2,99,-1,0,0,0,1,3,25,1,0,1,608011156,"7.12.2"
"C39246",1,"NXS11025034HH1",2026-01-27,0,1,2,98,-1,0,0,1,2,5,55,0,0,1,608011156,"7.12.2"
"C39249",1,"NXS11025047HH1",2026-01-28,0,1,2,423,-1,0,0,1,0,3,25,0,0,1,608011156,"7.12.2"
"C39252",1,"NXS10625045HH1",2026-01-28,0,1,2,410,-1,0,0,1,0,5,55,0,0,1,608011156,"7.12.2"
"C39258",1,"NXS11025067HH1",2026-01-29,0,1,2,98,80,0,0,1,2,5,55,0,0,1,608011156,"7.12.2"
"C39267",1,"NXS10625046HH1",2026-01-28,0,1,2,98,-1,0,0,1,0,5,25,0,0,1,608011156,"7.12.2"
"C39270",1,"NXS10825017HH1",2026-01-26,0,1,2,312,-1,0,9,0,0,6,18,0,0,1,608011156,"7.12.2"
"C39276",1,"NXS13525060HH1",2026-01-29,0,1,2,312,-1,0,4,0,0,5,25,0,0,1,608011156,"7.12.2"
"C39282",1,"NXS13525015HH1",2026-01-26,0,1,2,314,-1,0,0,0,0,5,55,0,0,1,608011156,"7.12.2"
"C39297",1,"NXS11625073HH1",2026-01-29,0,1,2,410,-1,0,0,0,0,5,55,0,0,1,608011156,"7.12.2"
"C39309",1,"TRN10424572HH1",2026-01-09,0,1,3,422,-1,0,0,1,0,56,25,0,0,2,608011156,"7.12.2"
"C39312",1,"TRN10424728HH1",2026-01-15,0,1,3,411,-1,0,0,1,0,5,25,0,0,2,608011156,"7.12.2"
"C39315",1,"NXS13525199HH1",2026-01-27,0,5,2,99,-1,0,0,0,0,5,25,0,0,1,608011156,"7.12.2"
"C39318",1,"TRN10424730HH1",2026-01-16,0,1,3,410,-1,0,0,1,0,5,25,0,0,2,608011156,"7.12.2"
"C39321",1,"NXS15125071HH1",2026-01-29,0,1,2,313,-1,0,0,0,0,5,25,0,0,1,608011156,"7.12.2"
"C39324",1,"NXS12924808HH1",2026-01-17,0,1,2,99,-1,0,0,0,0,13,25,0,0,1,608011156,"7.12.2"
"C39336",1,"NXS11225072HH1",2026-01-29,0,1,2,422,-1,0,0,1,0,6,25,0,0,1,608011156,"7.12.2"
"C39345",1,"NBN10525106HH1",2026-02-03,0,1,2,99,24,0,0,1,0,5,24,0,0,1,608011156,"7.12.2"
"C39348",1,"NXS11325129HH1",2026-02-01,0,1,2,313,-1,1,4,0,0,3,25,0,0,1,608011156,"7.12.2"
"C39354",2,"NXS10225117HH3",2026-02-01,0,1,2,99,-1,0,0,0,0,1,25,1,0,1,608011156,"7.12.2"
"C39366",1,"NXS11325153HH1",2026-02-02,0,1,2,423,-1,0,0,0,0,5,25,0,0,1,608011156,"7.12.2"
"C39369",1,"NXS14725143HH1",2026-02-02,0,1,2,423,-1,0,4,0,2,5,25,0,0,1,608011156,"7.12.2"
"C39372",1,"NXS13525141HH1",2026-02-02,0,1,2,312,-1,0,0,0,0,16,25,0,0,1,608011156,"7.12.2"
"C39375",1,"NXS11225039HH1",2026-01-28,0,1,2,423,-1,0,9,1,1,2,55,0,0,1,608011156,"7.12.2"
"C39378",1,"NXS11224769HH1",2026-01-17,0,1,2,434,-1,0,9,1,0,5,55,0,0,1,608011156,"7.12.2"
"C39381",1,"NXS10625135HH1",2026-02-01,0,1,2,410,-1,0,0,0,2,5,55,0,0,1,608011156,"7.12.2"
"C39384",1,"NBN10525096HH1",2026-02-03,0,1,2,99,-1,0,0,0,0,3,25,0,0,1,608011156,"7.12.2"
"C39393",1,"NBN10525180HH1",2026-02-04,0,1,2,99,-1,0,4,0,0,1,25,0,0,1,608011156,"7.12.2"
"C39396",1,"NXS12925182HH1",2026-02-04,0,1,2,99,-1,0,9,1,0,5,25,0,0,1,608011156,"7.12.2"
"C39402",1,"TRN10425090HH1",2026-01-30,0,1,3,206,-1,0,1,1,2,5,25,0,0,2,608011156,"7.12.2"
"C39405",1,"NXS10625148HH1",2026-02-02,0,1,2,410,-1,0,0,1,0,35,25,0,0,1,608011156,"7.12.2"
"C39408",1,"NXS11325203HH1",2026-02-05,0,1,2,422,-1,0,0,0,0,23,25,0,0,1,608011156,"7.12.2"
"C39411",1,"NXS12925205HH1",2026-02-05,0,1,2,99,-1,0,0,0,0,5,25,0,0,1,608011156,"7.12.2"
"C39420",1,"NXS10825150HH1",2026-02-02,0,1,2,312,-1,0,9,1,1,6,25,0,0,1,608011156,"7.12.2"
"C39423",1,"NXS10825184HH1",2026-02-04,0,1,2,313,-1,0,9,0,0,5,25,0,0,1,608011156,"7.12.2"
"C39426",1,"NXS10625103HH2",2026-01-31,0,1,2,312,-1,0,0,0,1,24,25,1,0,1,608011156,"7.12.2"
"C39432",1,"NXS13825095HH1",2026-01-30,0,1,2,422,-1,0,0,0,0,5,55,0,0,1,608011156,"7.12.2"
"C39438",1,"TRN10425225HH1",2026-02-06,0,1,3,312,-1,0,1,1,0,3,55,0,0,2,608011156,"7.12.2"
"C39447",2,"NXS10225188HH3",2026-02-05,0,1,2,99,-1,0,0,0,0,5,24,1,0,1,608011156,"7.12.2"
"C39459",1,"NXS11225186HH1",2026-02-04,0,1,2,422,-1,0,9,1,2,26,55,0,0,1,608011156,"7.12.2"
"C39462",1,"NXS11225191HH1",2026-02-05,0,1,2,422,-1,0,0,1,0,5,25,0,0,1,608011156,"7.12.2"
"C39465",1,"NXS11625217HH1",2026-02-06,0,1,2,99,-1,0,0,0,0,5,25,0,0,1,608011156,"7.12.2"
"C39471",1,"NBN10525447HH1",2026-02-17,0,1,2,99,35,0,0,1,0,5,55,0,0,1,608011156,"7.12.2"
"C39489",1,"NXS11225113HH1",2026-01-31,0,1,2,434,-1,0,1,1,1,5,25,0,0,1,608011156,"7.12.2"
"C39492",1,"NBN10525213HH1",2026-02-06,0,1,2,99,28,0,0,1,0,34,55,0,0,1,608011156,"7.12.2"
"C39495",1,"NXS10625192HH1",2026-02-05,0,1,2,98,-1,0,0,0,0,5,25,0,0,1,608011156,"7.12.2"
"C39498",2,"NXS10625241HH3",2026-02-07,0,1,2,312,-1,0,0,0,2,5,25,1,0,1,608011156,"7.12.2"
"C39507",1,"NXS11625245HH1",2026-02-07,0,1,2,99,-1,0,0,1,0,5,25,0,0,1,608011156,"7.12.2"
"C39510",1,"NXS12925246HH1",2026-02-07,0,1,2,99,76,0,9,1,0,35,25,0,0,1,608011156,"7.12.2"
"C39513",1,"NXS12923784HH1",2025-12-07,0,1,2,99,-1,0,9,1,0,5,25,0,0,1,608011156,"7.12.2"
"C39516",1,"NXS10625210HH1",2026-02-06,0,1,2,313,-1,0,0,1,0,3,55,0,0,1,608011156,"7.12.2"
"C39519",1,"NXS10625197HH1",2026-02-05,0,1,2,313,-1,0,1,1,2,56,25,0,0,1,608011156,"7.12.2"
"C39522",1,"NXS10625423HH1",2026-02-15,0,1,2,423,-1,0,4,0,2,5,18,0,0,1,608011156,"7.12.2"
"C39525",1,"NXS13525195HH1",2026-02-05,0,1,2,313,-1,0,0,0,0,5,18,0,0,1,608011156,"7.12.2"
"C39528",1,"NXS13525196HH1",2026-02-05,0,1,2,116,-1,0,4,0,0,36,55,0,0,1,608011156,"7.12.2"
"C39531",2,"NXS10225265HH2",2026-02-08,0,1,2,99,-1,0,0,1,0,56,25,1,0,1,608011156,"7.12.2"
"C39540",1,"TRN10425279HH1",2026-02-09,0,1,3,312,-1,0,0,1,0,5,25,0,0,2,608011156,"7.12.2"
"C39543",1,"NXS11325262HH1",2026-02-08,0,1,2,422,-1,0,0,0,2,37,24,0,0,1,608011156,"7.12.2"
"C39546",1,"TRN10425303HH1",2026-02-11,0,1,3,101,-1,0,0,1,0,5,55,0,0,2,608011156,"7.12.2"
"C39552",1,"NXS11325282HH1",2026-02-09,0,1,2,423,-1,0,0,1,0,5,55,0,0,1,608011156,"7.12.2"
"C39558",1,"NXS11325281HH1",2026-02-09,0,1,2,423,-1,1,1,1,0,45,55,0,0,1,608011156,"7.12.2"
"C39576",1,"NXS11225211HH1",2026-02-06,0,1,2,312,-1,0,0,0,2,46,25,0,0,1,608011156,"7.12.2"
"C39579",1,"NXS11225294HH1",2026-02-09,0,1,2,423,-1,0,9,1,2,16,25,0,0,1,608011156,"7.12.2"
"C39588",1,"NXS15125305HH1",2026-02-11,0,1,2,312,-1,0,0,1,0,5,25,0,0,1,608011156,"7.12.2"
"C39591",1,"NXS15125299HH1",2026-02-10,0,1,2,312,-1,0,0,0,0,3,25,0,0,1,608011156,"7.12.2"
"C39594",1,"NXS10825304HH1",2026-02-11,0,1,2,410,-1,0,0,0,2,47,25,0,0,1,608011156,"7.12.2"
"C39600",1,"NXS10625307HH1",2026-02-11,0,1,2,206,-1,0,0,1,2,5,25,0,0,1,608011156,"7.12.2"
"C39606",1,"NXS10625296HH1",2026-02-10,0,1,2,98,-1,0,0,1,2,3,55,0,0,1,608011156,"7.12.2"
"C39609",1,"NXS10625297HH1",2026-02-10,0,1,2,98,-1,0,0,0,0,3,18,0,0,1,608011156,"7.12.2"
"C39624",1,"NXS11325259HH1",2026-02-08,0,1,2,423,-1,0,1,1,0,15,25,0,0,1,608011156,"7.12.2"
"C39627",2,"NBN10525364HH2",2026-02-13,0,1,2,99,-1,0,0,0,0,3,25,1,0,1,608011156,"7.12.2"
"C39633",1,"NXS10625295HH1",2026-02-10,0,1,2,423,-1,0,4,0,0,56,25,0,0,1,608011156,"7.12.2"
"C39642",1,"NXS10625352HH1",2026-02-13,0,1,2,422,99,0,0,1,0,5,25,0,0,1,608011156,"7.12.2"
"C39684",2,"NXS10625389HH4",2026-02-14,0,1,2,313,-1,0,0,1,1,3,25,1,1,1,608011156,"7.12.2"
"C39696",3,"NXS10625432HH2",2026-02-15,0,1,2,314,-1,0,0,0,2,35,-1,1,0,1,608011156,"7.12.2"
"C39708",1,"NXS11025428HH1",2026-02-15,0,1,2,101,-1,0,0,1,2,124,25,0,0,1,608011156,"7.12.2"
"C39714",1,"NXS11625344HH1",2026-02-13,0,1,2,99,-1,0,0,1,2,5,25,0,0,1,608011156,"7.12.2"
"C39720",1,"NXS10925403HH1",2026-02-14,0,1,2,98,-1,0,0,0,0,56,25,0,0,1,608011156,"7.12.2"
"C39726",1,"NXS12925349HH1",2026-02-13,0,1,2,99,-1,0,4,0,1,125,25,0,0,1,608011156,"7.12.2"
"C39738",1,"TRN10425498HH1",2026-02-19,0,1,3,410,-1,0,0,1,0,3,25,0,0,2,608011156,"7.12.2"
"C39741",1,"NBN10526123HH1",2026-03-25,0,1,2,99,124,0,0,1,0,5,55,0,0,1,608011156,"7.12.2"
"C39771",1,"NBN10525207HH1",2026-02-12,0,1,2,99,-1,0,0,0,0,5,25,0,0,1,608011156,"7.12.2"
"C39798",1,"NXS10625405HH1",2026-02-14,0,1,2,116,-1,0,0,0,0,135,55,0,0,1,608011156,"7.12.2"
"C39801",1,"NXS10625471HH1",2026-02-18,0,1,2,314,80,0,0,1,0,3,55,0,0,1,608011156,"7.12.2"
"C39822",1,"NXS10825478HH1",2026-02-19,0,1,2,422,-1,0,9,1,0,5,25,0,0,1,608011156,"7.12.2"
"C39840",1,"NXS10625481HH1",2026-02-19,0,1,2,410,86,0,0,0,0,3,25,0,0,1,608011156,"7.12.2"
"C39843",1,"NXS10625482HH2",2026-02-19,0,1,2,314,-1,0,0,1,2,5,25,1,0,1,608011156,"7.12.2"
"C39852",2,"NXS10225676HH5",2026-03-01,0,1,2,99,-1,0,0,0,0,145,25,1,1,1,608011156,"7.12.2"
"C39867",2,"NBN10525413HH5",2026-02-15,0,1,2,99,51,0,0,0,0,3,25,1,0,1,608011156,"7.12.2"
"C39870",2,"NXS10225529HH4",2026-02-21,0,1,2,99,-1,0,0,0,0,146,25,1,1,1,608011156,"7.12.2"
"C39885",1,"NXS11225511HH1",2026-02-20,0,1,2,422,-1,0,9,0,0,16,24,0,0,1,608011156,"7.12.2"
"C39894",1,"NXS11325648HH1",2026-02-28,0,1,2,423,-1,0,0,1,0,5,25,0,0,1,608011156,"7.12.2"
"C39897",1,"NXS11025520HH1",2026-02-21,0,1,2,313,-1,0,0,1,0,98,18,0,0,1,608011156,"7.12.2"
"C39900",1,"NXS11625474HH1",2026-02-18,0,1,2,98,-1,0,0,1,2,5,25,0,0,1,608011156,"7.12.2"
"C39909",2,"NXS10325521HH2",2026-02-21,0,1,2,422,-1,0,0,0,2,3,24,1,0,1,608011156,"7.12.2"
"C39942",1,"NXS10625543HH1",2026-02-22,0,1,2,314,-1,1,0,0,0,3,25,0,0,1,608011156,"7.12.2"
"C39951",1,"NXS10625544HH1",2026-02-22,0,1,2,312,-1,0,0,1,2,5,25,0,0,1,608011156,"7.12.2"
"C39954",1,"NXS10625566HH1",2026-02-23,0,1,2,313,-1,0,0,1,2,234,25,0,0,1,608011156,"7.12.2"
"C39957",1,"NXS11325799HH1",2026-03-07,0,1,2,422,-1,0,0,0,0,5,18,0,0,1,608011156,"7.12.2"
"C39969",2,"NXS11025570HH3",2026-02-23,0,1,2,410,-1,0,0,1,2,5,25,1,0,1,608011156,"7.12.2"
"C39981",2,"NXS10225576HH3",2026-02-23,0,1,2,99,-1,0,0,0,0,3,18,1,0,1,608011156,"7.12.2"
"C39993",2,"NXS10225601HH2",2026-02-26,0,1,2,99,-1,0,0,1,2,3,25,1,0,1,608011156,"7.12.2"
"C39999",1,"NBN10525690HH1",2026-03-01,0,1,2,313,-1,0,0,0,2,5,25,0,0,1,608011156,"7.12.2"
"C40005",1,"NXS10825568HH1",2026-02-23,0,1,2,313,-1,0,1,1,0,5,25,0,0,1,608011156,"7.12.2"
"C40008",2,"NXS11625208HH2",2026-02-06,0,1,2,420,-1,0,0,1,0,237,24,1,0,1,608011156,"7.12.2"
"C40014",1,"NXS10825541HH1",2026-02-22,0,1,2,313,-1,0,0,1,0,5,25,0,0,1,608011156,"7.12.2"
"C40020",1,"NBN10525592HH1",2026-03-01,0,1,2,99,-1,0,0,1,0,34,55,0,0,1,608011156,"7.12.2"
"C40023",1,"NXS11125258HH1",2026-02-08,0,1,2,314,-1,0,0,0,0,245,25,0,0,1,608011156,"7.12.2"
"C40035",1,"NXS11625484HH1",2026-02-19,0,1,2,314,-1,0,0,0,0,36,25,0,0,1,608011156,"7.12.2"
"C40062",1,"NXS10625613HH1",2026-02-26,0,1,2,98,-1,1,0,1,0,5,55,0,0,1,608011156,"7.12.2"
"C40077",1,"NXS11625616HH1",2026-02-26,0,1,2,98,-1,0,1,1,0,5,25,0,0,1,608011156,"7.12.2"
"C40083",1,"NXS11625464HH1",2026-02-16,0,1,2,312,-1,0,0,1,0,5,25,0,0,1,608011156,"7.12.2"
"C40098",1,"NXS10825626HH1",2026-02-27,0,1,2,313,-1,0,0,0,0,5,55,0,0,1,608011156,"7.12.2"
"C40110",1,"NXS11225612HH1",2026-02-26,0,1,2,312,-1,0,9,1,0,5,25,0,0,1,608011156,"7.12.2"
"C40131",1,"NBN10525876HH1",2026-03-22,0,5,2,99,-1,0,0,0,0,3,25,0,0,1,608011156,"7.12.2"
"C40134",1,"NXS13525630HH1",2026-02-27,0,1,2,99,-1,0,0,0,0,56,25,0,0,1,608011156,"7.12.2"
"C40140",1,"NXS13525692HH1",2026-03-01,0,1,2,99,-1,0,0,1,0,346,25,0,0,1,608011156,"7.12.2"
"C40143",1,"NXS13525346HH1",2026-02-13,0,1,2,101,-1,0,0,0,0,5,25,0,0,1,608011156,"7.12.2"
"C40146",1,"NBN10525721HH1",2026-03-03,0,1,2,99,-1,0,0,0,0,5,55,0,0,1,608011156,"7.12.2"
"C40191",1,"NXS13825705HH1",2026-03-02,0,1,2,422,-1,0,0,1,2,5,25,0,0,1,608011156,"7.12.2"
"C40203",1,"NXS12923862HH1",2025-12-11,0,1,2,99,-1,1,9,1,0,5,25,0,0,1,608011156,"7.12.2"
"C40215",1,"NBN10525722HH1",2026-03-03,0,1,2,99,141,0,0,1,1,5,25,0,0,1,608011156,"7.12.2"
"C40218",1,"NXS13525731HH1",2026-03-04,0,1,2,99,62,0,0,1,0,5,25,0,0,1,608011156,"7.12.2"
"C40221",1,"NXS13525407HH1",2026-02-14,0,1,2,313,-1,0,0,0,0,3,24,0,0,1,608011156,"7.12.2"
"C40227",1,"NXS10625694HH1",2026-03-01,0,1,2,99,-1,0,1,1,0,5,25,0,0,1,608011156,"7.12.2"
"C40233",1,"NXS11625559HH1",2026-02-22,0,1,2,313,-1,0,0,0,2,5,25,0,0,1,608011156,"7.12.2"
"C40236",2,"NXS10225760HH2",2026-03-05,0,1,2,99,-1,0,0,0,2,356,25,1,0,1,608011156,"7.12.2"
"C40269",2,"NXS10225766HH2",2026-03-05,0,1,2,99,-1,0,0,1,2,1,18,1,0,1,608011156,"7.12.2"
"C40287",1,"NXS11625748HH1",2026-03-05,0,1,2,422,-1,0,1,1,0,5,25,0,0,1,608011156,"7.12.2"
"C40320",3,"NXS10725469HH1",2026-02-17,0,1,2,99,-1,0,0,1,0,5,-1,0,0,1,608011156,"7.12.2"
"C40356",1,"NXS15125854HH1",2026-03-09,0,1,2,101,50,0,0,1,0,5,25,0,0,1,608011156,"7.12.2"
"C40362",1,"NBN10526009HH1",2026-03-09,0,5,2,99,-1,0,4,0,0,3,25,0,0,1,608011156,"7.12.2"
"C40365",1,"NBN10525878HH1",2026-03-11,0,1,2,99,63,0,9,1,1,5,25,0,0,1,608011156,"7.12.2"
"C40395",1,"NXS13525855HH1",2026-03-09,0,1,2,99,-1,0,0,0,0,5,25,0,0,1,608011156,"7.12.2"
"C40410",1,"NBN10525865HH1",2026-03-09,0,1,2,99,-1,0,0,1,1,5,25,0,0,1,608011156,"7.12.2"
"C40413",1,"TRN10425791HH1",2026-03-07,0,1,3,422,-1,0,0,1,0,5,18,0,0,2,608011156,"7.12.2"
"C40473",1,"TRN10425899HH1",2026-03-12,0,1,3,422,-1,0,0,1,0,15,18,0,0,2,608011156,"7.12.2"
"C40506",1,"NXS10825928HH1",2026-03-13,0,1,2,99,-1,0,0,1,0,5,55,0,0,1,608011156,"7.12.2"
"C40557",2,"NXS11125882HH5",2026-03-11,0,1,2,312,-1,0,0,0,0,25,25,1,1,1,608011156,"7.12.2"
"C40575",1,"NBN10525988HH1",2026-03-16,0,1,2,99,-1,0,4,0,2,26,25,0,0,1,608011156,"7.12.2"
"C40587",1,"NBN10526007HH1",2026-03-19,0,1,2,99,-1,0,0,0,0,3,18,0,0,1,608011156,"7.12.2"
"C40710",1,"NBN10526125HH1",2026-03-25,0,1,2,99,48,0,1,1,0,5,25,0,0,1,608011156,"7.12.2"
"C43655",1,"PSH18028652HH1",2022-08-23,0,1,6,422,-1,1,0,1,0,5,25,0,0,-1,608011156,"7.12.1"
"C43656",1,"PSH18028653HH1",2022-09-11,0,1,6,423,-1,1,0,1,0,3,25,0,0,-1,608011156,"7.12.1"
"C43657",1,"PSH18028654HH1",2022-09-30,0,1,6,410,-1,1,0,1,0,5,25,0,0,-1,608011156,"7.12.1"
"C43658",1,"PSH18028655HH1",2022-10-19,0,1,6,24,-1,1,0,1,0,3,25,0,0,-1,608011156,"7.12.1"
"C43659",1,"PSH18028656HH1",2022-11-07,0,1,6,422,-1,1,0,1,0,5,25,0,0,-1,608011156,"7.12.1"
"C43662",1,"PSH18028659HH1",2023-01-03,0,1,6,24,-1,1,0,1,0,1,25,0,0,-1,608011156,"7.12.1"
"C43667",1,"PSH18028664HH1",2023-04-08,0,1,6,422,-1,1,0,1,0,5,25,0,0,-1,608011156,"7.12.1"
"C43669",1,"PSH18028666HH1",2023-05-16,0,1,6,434,-1,1,0,1,0,5,25,0,0,-1,608011156,"7.12.1"
"C43681",1,"PSH18028678HH1",2023-12-30,0,1,6,440,-1,1,0,1,0,5,25,0,0,-1,608011156,"7.12.1"
