HoHID,HHType,FirstEntry,LastInactive,Stat,StatEnrollmentID,ReturnTime,HHChronic,HHVet,HHDisability,HHFleeingDV,HoHRaceEthnicity,HHAdult,HHChild,HHNoDOB,HHAdultAge,HHParent,ESTStatus,ESTGeography,ESTLivingSit,ESTDestination,ESTChronic,ESTVet,ESTDisability,ESTFleeingDV,ESTAC3Plus,ESTAdultAge,ESTParent,RRHStatus,RRHMoveIn,RRHGeography,RRHLivingSit,RRHDestination,RRHPreMoveInDays,RRHChronic,RRHVet,RRHDisability,RRHFleeingDV,RRHAC3Plus,RRHAdultAge,RRHParent,PSHStatus,PSHMoveIn,PSHGeography,PSHLivingSit,PSHDestination,PSHHousedDays,PSHChronic,PSHVet,PSHDisability,PSHFleeingDV,PSHAC3Plus,PSHAdultAge,PSHParent,ESDays,THDays,ESTDays,RRHPSHPreMoveInDays,RRHHousedDays,SystemDaysNotPSHHoused,SystemHomelessDays,Other3917Days,TotalHomelessDays,SystemPath,ESTAIR,RRHAIR,PSHAIR,RRHSOStatus,RRHSOMoveIn,ReportID,Step
"C10974",1,2026-07-03,2026-07-02,1,,-1,0,1,0,0,5,1,0,0,55,0,22,1,116,206,0,1,0,0,0,55,0,0,-1,-1,-1,-1,0,0,0,0,0,0,-1,0,0,-1,-1,-1,-1,0,0,0,0,0,0,-1,0,0,14,14,0,0,14,14,56,70,2,1,0,0,0,-1,607271242,"6.18"
"C10977",1,2026-06-28,2026-06-27,1,,-1,0,0,1,0,3,1,0,0,55,0,21,1,99,-1,0,0,1,0,0,55,0,21,0,1,101,-1,73,0,0,1,0,0,55,0,0,-1,-1,-1,-1,0,0,0,0,0,0,-1,0,20,0,20,59,0,79,79,26,105,5,1,0,0,0,-1,607271242,"6.18"
"C10980",1,2025-08-07,2025-08-06,5,,-1,1,0,1,0,5,1,0,0,55,0,12,3,116,433,1,0,1,0,0,55,0,0,-1,-1,-1,-1,0,0,0,0,0,0,-1,0,0,-1,-1,-1,-1,0,0,0,0,0,0,-1,0,86,0,86,0,0,86,86,365,451,1,1,0,0,22,0,607271242,"6.18"
"C10983",1,2026-07-11,2026-07-10,1,,-1,0,0,0,0,47,1,0,0,55,0,22,3,410,410,0,0,0,0,0,55,0,0,-1,-1,-1,-1,0,0,0,0,0,0,-1,0,0,-1,-1,-1,-1,0,0,0,0,0,0,-1,0,13,0,13,0,0,13,13,0,13,1,1,0,0,0,-1,607271242,"6.18"
"C10989",1,2026-02-28,2026-02-27,2,"NXS11115031",591,6,0,1,0,12,1,0,0,55,0,22,1,116,225,0,0,1,0,0,55,0,0,-1,-1,-1,-1,0,0,0,0,0,0,-1,0,0,-1,-1,-1,-1,0,0,0,0,0,0,-1,0,74,0,74,0,0,74,74,3,77,1,1,0,0,0,-1,607271242,"6.18"
"C10992",1,2025-11-08,2025-11-07,4,"NXS11619447",153,4,0,0,0,5,1,0,0,55,0,22,1,116,99,0,0,0,0,0,55,0,0,-1,-1,-1,-1,0,0,0,0,0,0,-1,0,0,-1,-1,-1,-1,0,0,0,0,0,0,-1,0,38,0,38,0,0,38,38,1100,1138,1,1,0,0,0,-1,607271242,"6.18"
"C10995",1,2022-12-09,2022-12-08,5,,-1,0,0,1,0,5,1,0,0,55,0,0,-1,-1,-1,0,0,0,0,0,-1,0,0,-1,-1,-1,-1,0,0,0,0,0,0,-1,0,11,2,2,101,-1,1392,0,0,1,0,0,55,0,0,0,0,0,0,0,0,406,406,-1,0,0,1,0,-1,607271242,"6.18"
"C11013",1,2025-09-04,2024-05-06,5,"NXS12716911",-1,1,0,1,0,5,1,0,0,25,0,2,-1,-1,-1,0,0,0,0,0,-1,0,2,-1,-1,-1,-1,0,0,0,0,0,0,-1,0,12,2,2,116,24,195,1,0,1,0,0,25,0,123,0,123,363,0,486,486,2297,2783,-1,0,0,1,0,-1,607271242,"6.18"
"C11016",1,2026-02-23,2026-02-22,1,,-1,0,0,1,1,5,1,0,0,25,0,22,3,335,410,0,0,1,1,0,25,0,0,-1,-1,-1,-1,0,0,0,0,0,0,-1,0,0,-1,-1,-1,-1,0,0,0,0,0,0,-1,0,26,0,26,0,0,26,26,0,26,1,1,0,0,0,-1,607271242,"6.18"
"C11025",1,2022-12-02,2022-12-01,5,,-1,0,0,1,0,5,1,0,0,55,0,0,-1,-1,-1,0,0,0,0,0,-1,0,0,-1,-1,-1,-1,0,0,0,0,0,0,-1,0,11,2,2,116,-1,1398,0,0,1,0,0,55,0,0,0,0,1,0,1,1,1489,1490,-1,0,0,1,0,-1,607271242,"6.18"
"C11028",1,2025-10-06,2025-10-05,2,"RSO15218675",212,9,0,1,2,126,1,0,0,55,0,22,3,434,312,0,0,1,2,0,55,0,0,-1,-1,-1,-1,0,0,0,0,0,0,-1,0,0,-1,-1,-1,-1,0,0,0,0,0,0,-1,0,237,0,237,0,0,237,237,0,237,1,1,0,0,0,-1,607271242,"6.18"
"C11031",1,2026-01-05,2026-01-04,2,"RRH15618813",230,1,0,1,0,147,1,0,0,55,0,21,1,101,-1,1,0,1,0,0,55,0,0,-1,-1,-1,-1,0,0,0,0,0,0,-1,0,0,-1,-1,-1,-1,0,0,0,0,0,0,-1,0,260,0,260,0,0,260,260,9,269,1,1,0,0,0,-1,607271242,"6.18"
"C11034",1,2025-09-13,2025-09-12,5,,-1,0,0,1,2,167,1,0,0,25,0,12,3,116,410,0,0,1,2,0,25,0,0,-1,-1,-1,-1,0,0,0,0,0,0,-1,0,0,-1,-1,-1,-1,0,0,0,0,0,0,-1,0,38,0,38,0,0,38,38,3,41,1,1,0,0,0,-1,607271242,"6.18"
"C11043",1,2025-07-24,2025-03-30,5,"RRH13219115",-1,9,0,1,0,5,1,0,0,55,0,2,-1,-1,-1,0,0,0,0,0,-1,0,2,-1,-1,-1,-1,0,0,0,0,0,0,-1,0,11,2,2,116,-1,433,0,0,1,0,0,55,0,30,0,30,14,0,44,44,115,159,-1,0,0,1,0,-1,607271242,"6.18"
"C11046",1,2025-10-10,2025-10-09,2,"NXS10615438",452,0,0,0,2,5,1,0,0,25,0,22,1,206,428,0,0,0,2,0,25,0,0,-1,-1,-1,-1,0,0,0,0,0,0,-1,0,0,-1,-1,-1,-1,0,0,0,0,0,0,-1,0,41,0,41,0,0,41,41,0,41,1,1,0,0,0,-1,607271242,"6.18"
"C11058",1,2026-04-29,2026-04-28,1,,-1,0,0,0,0,5,1,0,0,25,0,22,3,336,99,0,0,0,0,0,25,0,0,-1,-1,-1,-1,0,0,0,0,0,0,-1,0,0,-1,-1,-1,-1,0,0,0,0,0,0,-1,0,15,0,15,0,0,15,15,2014,2029,1,1,0,0,0,-1,607271242,"6.18"
"C11061",1,2026-04-06,2026-04-05,1,,-1,0,0,0,0,5,1,0,0,55,0,21,3,335,-1,0,0,0,0,0,55,0,0,-1,-1,-1,-1,0,0,0,0,0,0,-1,0,0,-1,-1,-1,-1,0,0,0,0,0,0,-1,0,85,0,85,0,0,85,85,93,178,1,1,0,0,0,-1,607271242,"6.18"
"C11070",2,2025-11-27,2025-11-26,1,,-1,0,0,0,0,5,1,2,0,25,1,22,1,434,431,0,0,0,0,0,25,1,0,-1,-1,-1,-1,0,0,0,0,0,0,-1,0,0,-1,-1,-1,-1,0,0,0,0,0,0,-1,0,58,0,58,0,0,58,58,0,58,1,1,0,0,0,-1,607271242,"6.18"
"C11082",1,2026-06-24,2026-06-23,1,,-1,0,0,1,0,5,1,0,0,55,0,21,3,336,-1,0,0,1,0,0,55,0,0,-1,-1,-1,-1,0,0,0,0,0,0,-1,0,0,-1,-1,-1,-1,0,0,0,0,0,0,-1,0,99,0,99,0,0,99,99,11,110,1,1,0,0,0,-1,607271242,"6.18"
"C11133",2,2026-04-10,2026-04-09,1,,-1,4,0,0,2,35,1,1,0,18,1,22,1,335,420,0,0,0,2,0,18,1,0,-1,-1,-1,-1,0,0,0,0,0,0,-1,0,0,-1,-1,-1,-1,0,0,0,0,0,0,-1,0,22,0,22,0,0,22,22,5,27,1,1,0,0,0,-1,607271242,"6.18"
"C11139",1,2026-02-17,2026-02-16,1,,-1,1,0,1,2,6,1,0,0,18,0,22,1,336,99,1,0,1,2,0,18,0,0,-1,-1,-1,-1,0,0,0,0,0,0,-1,0,0,-1,-1,-1,-1,0,0,0,0,0,0,-1,0,59,0,59,0,0,59,59,62,121,1,1,0,0,0,-1,607271242,"6.18"
"C11145",1,2025-08-09,2025-08-08,5,,-1,0,0,0,0,5,1,0,0,25,0,12,3,101,99,0,0,0,0,0,25,0,0,-1,-1,-1,-1,0,0,0,0,0,0,-1,0,0,-1,-1,-1,-1,0,0,0,0,0,0,-1,0,73,0,73,0,0,73,73,0,73,1,1,0,0,0,-1,607271242,"6.18"
"C11148",1,2025-10-04,2025-10-03,1,,-1,4,0,0,2,3,1,0,0,18,0,22,1,335,99,0,0,0,2,0,18,0,0,-1,-1,-1,-1,0,0,0,0,0,0,-1,0,0,-1,-1,-1,-1,0,0,0,0,0,0,-1,0,17,0,17,0,0,17,17,15,32,1,1,0,0,0,-1,607271242,"6.18"
"C11154",1,2023-12-23,2023-12-22,5,,-1,1,0,1,0,5,1,0,0,55,0,11,3,101,-1,1,0,1,0,0,55,0,0,-1,-1,-1,-1,0,0,0,0,0,0,-1,0,0,-1,-1,-1,-1,0,0,0,0,0,0,-1,0,1013,0,1013,0,0,1013,1013,0,1013,1,1,0,0,0,-1,607271242,"6.18"
"C11163",3,2025-11-11,2025-11-10,3,"NXS10618441",239,0,0,0,2,5,0,1,0,-1,0,22,1,336,99,0,0,0,2,0,-1,0,0,-1,-1,-1,-1,0,0,0,0,0,0,-1,0,0,-1,-1,-1,-1,0,0,0,0,0,0,-1,0,14,0,14,0,0,14,14,280,294,1,1,0,0,0,-1,607271242,"6.18"
"C11166",1,2026-06-29,2026-06-28,1,,-1,0,0,0,0,3,1,0,0,25,0,21,1,116,-1,0,0,0,0,0,25,0,0,-1,-1,-1,-1,0,0,0,0,0,0,-1,0,0,-1,-1,-1,-1,0,0,0,0,0,0,-1,0,15,0,15,0,0,15,15,8,23,1,1,0,0,0,-1,607271242,"6.18"
"C11172",1,2026-04-19,2026-04-18,3,"TRN11818909",369,1,1,1,0,5,1,0,0,55,0,22,1,99,99,1,1,1,0,0,55,0,0,-1,-1,-1,-1,0,0,0,0,0,0,-1,0,0,-1,-1,-1,-1,0,0,0,0,0,0,-1,0,1,0,1,0,0,1,1,4,5,1,1,0,0,0,-1,607271242,"6.18"
"C11196",1,2025-01-07,2025-01-06,5,"NXS11115645",-1,2,0,1,2,2,2,0,0,25,0,0,-1,-1,-1,0,0,0,0,0,-1,0,0,-1,-1,-1,-1,0,0,0,0,0,0,-1,0,11,2,1,116,-1,631,0,0,1,2,0,25,0,0,0,0,1,0,1,1,584,585,-1,0,0,1,0,-1,607271242,"6.18"
"C11202",1,2026-03-12,2026-03-11,1,,-1,0,0,1,0,5,1,0,0,25,0,21,1,99,-1,0,0,1,0,0,25,0,0,-1,-1,-1,-1,0,0,0,0,0,0,-1,0,0,-1,-1,-1,-1,0,0,0,0,0,0,-1,0,29,0,29,0,0,29,29,3,32,1,1,0,0,0,-1,607271242,"6.18"
"C11205",1,2025-10-14,2025-10-13,1,,-1,0,0,1,0,5,1,0,0,18,0,22,3,335,312,0,0,1,0,0,18,0,0,-1,-1,-1,-1,0,0,0,0,0,0,-1,0,0,-1,-1,-1,-1,0,0,0,0,0,0,-1,0,17,0,17,0,0,17,17,150,167,1,1,0,0,0,-1,607271242,"6.18"
"C11208",1,2025-06-02,2025-06-01,1,,-1,9,0,1,0,5,1,0,0,25,0,0,-1,-1,-1,0,0,0,0,0,-1,0,0,-1,-1,-1,-1,0,0,0,0,0,0,-1,0,0,-1,-1,-1,-1,0,0,0,0,0,0,-1,0,0,0,0,0,0,0,0,0,0,12,0,0,0,12,2,607271242,"6.18"
"C11211",2,2026-06-14,2026-06-13,1,,-1,0,0,0,1,3,1,3,0,25,1,21,1,335,-1,0,0,0,1,1,25,1,0,-1,-1,-1,-1,0,0,0,0,0,0,-1,0,0,-1,-1,-1,-1,0,0,0,0,0,0,-1,0,109,0,109,0,0,109,109,36,145,1,1,0,0,0,-1,607271242,"6.18"
"C11214",1,2025-11-21,2025-11-20,4,"NBN10514715",648,1,0,1,0,3,1,0,0,25,0,22,1,101,116,1,0,1,0,0,25,0,0,-1,-1,-1,-1,0,0,0,0,0,0,-1,0,0,-1,-1,-1,-1,0,0,0,0,0,0,-1,0,59,0,59,0,0,59,59,48,107,1,1,0,0,0,-1,607271242,"6.18"
"C11220",2,2026-01-12,2026-01-11,1,,-1,0,0,1,0,4,1,1,0,25,1,22,1,116,99,0,0,1,0,0,25,1,0,-1,-1,-1,-1,0,0,0,0,0,0,-1,0,0,-1,-1,-1,-1,0,0,0,0,0,0,-1,0,61,0,61,0,0,61,61,3,64,1,1,0,0,0,-1,607271242,"6.18"
"C11223",1,2026-06-09,2026-06-08,1,,-1,0,1,1,0,5,1,0,0,25,0,21,1,99,-1,0,1,1,0,0,25,0,0,-1,-1,-1,-1,0,0,0,0,0,0,-1,0,0,-1,-1,-1,-1,0,0,0,0,0,0,-1,0,24,0,24,0,0,24,24,7,31,1,1,0,0,0,-1,607271242,"6.18"
"C11226",2,2025-10-24,2025-10-23,1,,-1,9,0,1,0,5,1,1,0,25,1,22,1,314,312,0,0,1,0,0,25,1,0,-1,-1,-1,-1,0,0,0,0,0,0,-1,0,0,-1,-1,-1,-1,0,0,0,0,0,0,-1,0,64,0,64,0,0,64,64,0,64,1,1,0,0,0,-1,607271242,"6.18"
"C11229",1,2025-12-11,2025-12-10,1,,-1,0,0,1,2,3,1,0,0,25,0,22,1,116,99,0,0,1,2,0,25,0,0,-1,-1,-1,-1,0,0,0,0,0,0,-1,0,0,-1,-1,-1,-1,0,0,0,0,0,0,-1,0,14,0,14,0,0,14,14,35,49,1,1,0,0,0,-1,607271242,"6.18"
"C11232",2,2025-11-29,2025-11-28,1,,-1,0,0,0,2,3,1,2,0,25,1,22,1,336,99,0,0,0,2,0,25,1,0,-1,-1,-1,-1,0,0,0,0,0,0,-1,0,0,-1,-1,-1,-1,0,0,0,0,0,0,-1,0,32,0,32,0,0,32,32,2,34,1,1,0,0,0,-1,607271242,"6.18"
"C11238",99,2026-05-18,2026-05-17,1,,-1,0,0,0,0,5,0,0,1,-1,0,22,1,314,314,0,0,0,0,0,-1,0,0,-1,-1,-1,-1,0,0,0,0,0,0,-1,0,0,-1,-1,-1,-1,0,0,0,0,0,0,-1,0,32,0,32,0,0,32,32,165,197,1,1,0,0,0,-1,607271242,"6.18"
"C11247",1,2026-01-13,2026-01-12,1,,-1,0,0,1,0,6,1,0,0,25,0,22,3,336,420,0,0,1,0,0,25,0,0,-1,-1,-1,-1,0,0,0,0,0,0,-1,0,0,-1,-1,-1,-1,0,0,0,0,0,0,-1,0,116,0,116,0,0,116,116,2,118,1,1,0,0,22,0,607271242,"6.18"
"C11250",1,2026-02-02,2026-02-01,1,,-1,0,0,1,2,3,1,0,0,25,0,22,1,336,98,0,0,1,2,0,25,0,0,-1,-1,-1,-1,0,0,0,0,0,0,-1,0,0,-1,-1,-1,-1,0,0,0,0,0,0,-1,0,20,0,20,0,0,20,20,2,22,1,1,0,0,0,-1,607271242,"6.18"
"C11253",1,2025-07-19,2025-07-18,5,"NXS10617157",-1,4,0,0,0,3,1,0,0,25,0,12,1,118,422,0,0,0,0,0,25,0,0,-1,-1,-1,-1,0,0,0,0,0,0,-1,0,0,-1,-1,-1,-1,0,0,0,0,0,0,-1,0,264,0,264,0,0,264,264,54,318,1,1,0,0,0,-1,607271242,"6.18"
"C11259",1,2026-03-21,2026-03-20,1,,-1,0,1,1,0,5,1,0,0,55,0,22,3,101,98,0,1,1,0,0,55,0,0,-1,-1,-1,-1,0,0,0,0,0,0,-1,0,0,-1,-1,-1,-1,0,0,0,0,0,0,-1,0,20,0,20,0,0,20,20,155,175,1,1,0,0,0,-1,607271242,"6.18"
"C11262",1,2025-12-01,2025-11-30,1,,-1,1,0,1,2,56,1,0,0,25,0,22,3,207,312,1,0,1,2,0,25,0,0,-1,-1,-1,-1,0,0,0,0,0,0,-1,0,0,-1,-1,-1,-1,0,0,0,0,0,0,-1,0,14,0,14,0,0,14,14,10,24,1,1,0,0,0,-1,607271242,"6.18"
"C11268",1,2025-11-14,2025-11-13,4,"NXS10615715",470,0,0,1,0,3,1,0,0,25,0,22,1,116,99,0,0,1,0,0,25,0,0,-1,-1,-1,-1,0,0,0,0,0,0,-1,0,0,-1,-1,-1,-1,0,0,0,0,0,0,-1,0,14,0,14,0,0,14,14,7,21,1,1,0,0,0,-1,607271242,"6.18"
"C11289",1,2026-07-26,2026-07-25,1,,-1,1,0,1,2,5,1,0,0,25,0,21,1,116,-1,1,0,1,2,0,25,0,0,-1,-1,-1,-1,0,0,0,0,0,0,-1,0,0,-1,-1,-1,-1,0,0,0,0,0,0,-1,0,67,0,67,0,0,67,67,387,454,1,1,0,0,0,-1,607271242,"6.18"
"C11292",1,2025-10-07,2025-10-06,3,"NXS11019257",141,1,0,1,2,5,1,0,0,25,0,22,1,314,312,1,0,1,2,0,25,0,0,-1,-1,-1,-1,0,0,0,0,0,0,-1,0,0,-1,-1,-1,-1,0,0,0,0,0,0,-1,0,23,0,23,0,0,23,23,0,23,1,1,0,0,0,-1,607271242,"6.18"
"C11295",1,2025-11-15,2025-11-14,1,,-1,0,0,0,2,56,1,0,0,55,0,22,1,336,99,0,0,0,2,0,55,0,0,-1,-1,-1,-1,0,0,0,0,0,0,-1,0,0,-1,-1,-1,-1,0,0,0,0,0,0,-1,0,37,0,37,0,0,37,37,15,52,1,1,0,0,0,-1,607271242,"6.18"
"C11313",1,2026-05-23,2026-05-22,3,"NXS10617751",504,0,0,1,0,5,1,0,0,25,0,22,1,116,410,0,0,1,0,0,25,0,0,-1,-1,-1,-1,0,0,0,0,0,0,-1,0,0,-1,-1,-1,-1,0,0,0,0,0,0,-1,0,33,0,33,0,0,33,33,6,39,1,1,0,0,0,-1,607271242,"6.18"
"C11319",1,2026-03-04,2026-03-03,1,,-1,0,0,0,0,5,1,0,0,25,0,22,1,335,99,0,0,0,0,0,25,0,0,-1,-1,-1,-1,0,0,0,0,0,0,-1,0,0,-1,-1,-1,-1,0,0,0,0,0,0,-1,0,17,0,17,0,0,17,17,0,17,1,1,0,0,0,-1,607271242,"6.18"
"C11328",1,2025-08-07,2025-08-06,5,,-1,0,0,1,0,5,1,0,0,25,0,12,3,116,410,0,0,1,0,0,25,0,0,-1,-1,-1,-1,0,0,0,0,0,0,-1,0,0,-1,-1,-1,-1,0,0,0,0,0,0,-1,0,165,0,165,0,0,165,165,4,169,1,1,0,0,0,-1,607271242,"6.18"
"C11331",2,2026-06-21,2026-06-20,1,,-1,0,0,0,2,3,1,3,0,25,1,21,1,116,-1,0,0,0,2,1,25,1,0,-1,-1,-1,-1,0,0,0,0,0,0,-1,0,0,-1,-1,-1,-1,0,0,0,0,0,0,-1,0,102,0,102,0,0,102,102,32,134,1,1,0,0,0,-1,607271242,"6.18"
"C11349",2,2026-02-16,2026-02-15,1,,-1,0,0,0,1,5,1,1,0,25,1,22,1,101,99,0,0,0,1,0,25,1,0,-1,-1,-1,-1,0,0,0,0,0,0,-1,0,0,-1,-1,-1,-1,0,0,0,0,0,0,-1,0,27,0,27,0,0,27,27,8,35,1,1,0,0,0,-1,607271242,"6.18"
"C11370",1,2026-07-11,2026-07-10,1,,-1,0,1,1,0,26,1,0,0,55,0,21,1,410,-1,0,1,1,0,0,55,0,0,-1,-1,-1,-1,0,0,0,0,0,0,-1,0,0,-1,-1,-1,-1,0,0,0,0,0,0,-1,0,82,0,82,0,0,82,82,6,88,1,1,0,0,0,-1,607271242,"6.18"
"C11379",99,2026-04-17,2026-04-16,1,,-1,0,0,0,0,36,0,2,1,-1,1,22,1,335,313,0,0,0,0,0,-1,1,0,-1,-1,-1,-1,0,0,0,0,0,0,-1,0,0,-1,-1,-1,-1,0,0,0,0,0,0,-1,0,71,0,71,0,0,71,71,263,334,1,1,0,0,0,-1,607271242,"6.18"
"C11385",1,2026-07-19,2026-07-18,1,,-1,0,0,0,0,3,1,0,0,25,0,21,1,101,-1,0,0,0,0,0,25,0,0,-1,-1,-1,-1,0,0,0,0,0,0,-1,0,0,-1,-1,-1,-1,0,0,0,0,0,0,-1,0,74,0,74,0,0,74,74,45,119,1,1,0,0,0,-1,607271242,"6.18"
"C11403",1,2025-06-29,2025-04-24,5,"NXS12717043",-1,4,0,0,0,5,1,0,0,25,0,0,-1,-1,-1,0,0,0,0,0,-1,0,11,0,1,101,-1,459,0,0,0,0,0,25,0,0,-1,-1,-1,-1,0,0,0,0,0,0,-1,0,0,0,0,499,0,499,499,219,718,4,0,0,0,0,-1,607271242,"6.18"
"C11406",1,2026-04-10,2026-04-09,1,,-1,0,0,0,0,3,1,0,0,55,0,22,1,116,422,0,0,0,0,0,55,0,0,-1,-1,-1,-1,0,0,0,0,0,0,-1,0,0,-1,-1,-1,-1,0,0,0,0,0,0,-1,0,26,0,26,0,0,26,26,0,26,1,1,0,0,0,-1,607271242,"6.18"
"C11412",1,2025-11-29,2025-11-28,1,,-1,0,0,0,0,5,1,0,0,25,0,22,1,101,423,0,0,0,0,0,25,0,0,-1,-1,-1,-1,0,0,0,0,0,0,-1,0,0,-1,-1,-1,-1,0,0,0,0,0,0,-1,0,54,0,54,0,0,54,54,0,54,1,1,0,0,0,-1,607271242,"6.18"
"C11424",1,2026-02-12,2026-02-11,1,,-1,0,0,1,0,35,1,0,0,55,0,22,1,206,99,0,0,1,0,0,55,0,0,-1,-1,-1,-1,0,0,0,0,0,0,-1,0,0,-1,-1,-1,-1,0,0,0,0,0,0,-1,0,38,0,38,0,0,38,38,6,44,1,1,0,0,0,-1,607271242,"6.18"
"C11433",1,2025-11-23,2025-11-22,4,"NXS14712621",655,4,0,0,0,5,1,0,0,55,0,22,1,116,116,0,0,0,0,0,55,0,0,-1,-1,-1,-1,0,0,0,0,0,0,-1,0,0,-1,-1,-1,-1,0,0,0,0,0,0,-1,0,43,0,43,0,0,43,43,1421,1464,1,1,0,0,0,-1,607271242,"6.18"
"C11451",1,2026-03-20,2026-03-19,1,,-1,0,1,0,0,5,1,0,0,25,0,22,1,336,204,0,1,0,0,0,25,0,0,-1,-1,-1,-1,0,0,0,0,0,0,-1,0,0,-1,-1,-1,-1,0,0,0,0,0,0,-1,0,21,0,21,0,0,21,21,0,21,1,1,0,0,0,-1,607271242,"6.18"
"C11457",1,2026-07-04,2026-07-03,1,,-1,0,0,0,1,5,1,0,0,24,0,21,1,335,-1,0,0,0,1,0,24,0,0,-1,-1,-1,-1,0,0,0,0,0,0,-1,0,0,-1,-1,-1,-1,0,0,0,0,0,0,-1,0,89,0,89,0,0,89,89,396,485,1,1,0,0,0,-1,607271242,"6.18"
"C11460",2,2026-05-21,2026-05-20,1,,-1,0,0,0,0,5,2,3,0,25,1,22,1,314,410,0,0,0,0,1,25,1,0,-1,-1,-1,-1,0,0,0,0,0,0,-1,0,0,-1,-1,-1,-1,0,0,0,0,0,0,-1,0,25,0,25,0,0,25,25,0,25,1,1,0,0,0,-1,607271242,"6.18"
"C11472",1,2025-12-04,2025-12-03,1,,-1,1,0,1,0,47,1,0,0,55,0,22,1,116,423,1,0,1,0,0,55,0,0,-1,-1,-1,-1,0,0,0,0,0,0,-1,0,0,-1,-1,-1,-1,0,0,0,0,0,0,-1,0,35,0,35,0,0,35,35,2195,2230,1,1,0,0,0,-1,607271242,"6.18"
"C11478",1,2025-11-08,2025-11-07,4,"NXS10615151",561,4,0,0,0,5,1,0,0,55,0,22,1,204,206,0,0,0,0,0,55,0,0,-1,-1,-1,-1,0,0,0,0,0,0,-1,0,0,-1,-1,-1,-1,0,0,0,0,0,0,-1,0,25,0,25,0,0,25,25,15,40,1,1,0,0,0,-1,607271242,"6.18"
"C11484",1,2025-10-12,2025-10-11,1,,-1,9,0,0,0,5,1,0,0,25,0,22,1,99,423,0,0,0,0,0,25,0,0,-1,-1,-1,-1,0,0,0,0,0,0,-1,0,0,-1,-1,-1,-1,0,0,0,0,0,0,-1,0,14,0,14,0,0,14,14,0,14,1,1,0,0,0,-1,607271242,"6.18"
"C11487",1,2026-01-19,2026-01-18,2,"NXS14717090",324,4,0,0,0,5,1,0,0,25,0,22,1,116,116,0,0,0,0,0,25,0,0,-1,-1,-1,-1,0,0,0,0,0,0,-1,0,0,-1,-1,-1,-1,0,0,0,0,0,0,-1,0,114,0,114,0,0,114,114,5159,5273,1,1,0,0,0,-1,607271242,"6.18"
"C11496",99,2025-12-20,2025-12-19,1,,-1,0,0,0,0,5,0,0,1,-1,0,22,1,207,314,0,0,0,0,0,-1,0,0,-1,-1,-1,-1,0,0,0,0,0,0,-1,0,0,-1,-1,-1,-1,0,0,0,0,0,0,-1,0,36,0,36,0,0,36,36,0,36,1,1,0,0,0,-1,607271242,"6.18"
"C11499",1,2026-06-14,2026-06-13,1,,-1,0,1,1,0,5,1,0,0,55,0,21,1,116,-1,0,1,1,0,0,55,0,0,-1,-1,-1,-1,0,0,0,0,0,0,-1,0,0,-1,-1,-1,-1,0,0,0,0,0,0,-1,0,109,0,109,0,0,109,109,6,115,1,1,0,0,0,-1,607271242,"6.18"
"C11505",99,2026-06-26,2026-06-25,1,,-1,1,0,1,0,67,0,0,1,-1,0,22,1,335,99,1,0,1,0,0,-1,0,0,-1,-1,-1,-1,0,0,0,0,0,0,-1,0,0,-1,-1,-1,-1,0,0,0,0,0,0,-1,0,15,0,15,0,0,15,15,2,17,1,1,0,0,0,-1,607271242,"6.18"
"C11508",1,2026-02-05,2026-02-04,1,,-1,0,1,0,2,5,1,0,0,25,0,22,1,336,206,0,1,0,2,0,25,0,0,-1,-1,-1,-1,0,0,0,0,0,0,-1,0,0,-1,-1,-1,-1,0,0,0,0,0,0,-1,0,13,0,13,0,0,13,13,91,104,1,1,0,0,0,-1,607271242,"6.18"
"C11517",1,2025-10-26,2025-10-25,4,"NXS10620517",80,4,0,0,0,5,1,0,0,25,0,22,1,101,99,0,0,0,0,0,25,0,0,-1,-1,-1,-1,0,0,0,0,0,0,-1,0,0,-1,-1,-1,-1,0,0,0,0,0,0,-1,0,60,0,60,0,0,60,60,29,89,1,1,0,0,0,-1,607271242,"6.18"
"C11520",1,2026-07-25,2026-07-24,1,,-1,0,0,1,0,5,1,0,0,25,0,21,1,335,-1,0,0,1,0,0,25,0,0,-1,-1,-1,-1,0,0,0,0,0,0,-1,0,0,-1,-1,-1,-1,0,0,0,0,0,0,-1,0,68,0,68,0,0,68,68,2,70,1,1,0,0,0,-1,607271242,"6.18"
"C11523",1,2026-07-20,2026-07-19,1,,-1,0,0,0,0,35,1,0,0,24,0,21,1,336,-1,0,0,0,0,0,24,0,0,-1,-1,-1,-1,0,0,0,0,0,0,-1,0,0,-1,-1,-1,-1,0,0,0,0,0,0,-1,0,73,0,73,0,0,73,73,3,76,1,1,0,0,0,-1,607271242,"6.18"
"C11532",2,2026-03-01,2026-02-28,3,"NXS11120951",183,4,0,0,0,56,2,3,0,25,1,22,1,116,98,0,0,0,0,0,25,1,22,0,1,116,99,140,0,0,0,0,1,25,1,0,-1,-1,-1,-1,0,0,0,0,0,0,-1,0,19,0,19,120,0,139,139,344,483,5,1,0,0,0,-1,607271242,"6.18"
"C11535",1,2026-07-17,2026-07-16,1,,-1,1,0,1,0,3,1,0,0,25,0,21,1,101,-1,1,0,1,0,0,25,0,0,-1,-1,-1,-1,0,0,0,0,0,0,-1,0,0,-1,-1,-1,-1,0,0,0,0,0,0,-1,0,76,0,76,0,0,76,76,0,76,1,1,0,0,0,-1,607271242,"6.18"
"C11538",1,2025-10-09,2025-10-08,4,"NXS10618843",186,0,0,1,0,5,1,0,0,25,0,22,1,336,98,0,0,1,0,0,25,0,0,-1,-1,-1,-1,0,0,0,0,0,0,-1,0,0,-1,-1,-1,-1,0,0,0,0,0,0,-1,0,49,0,49,0,0,49,49,123,172,1,1,0,0,0,-1,607271242,"6.18"
"C11544",99,2026-06-28,2026-06-27,1,,-1,0,0,0,0,123,0,0,1,-1,0,22,1,116,99,0,0,0,0,0,-1,0,0,-1,-1,-1,-1,0,0,0,0,0,0,-1,0,0,-1,-1,-1,-1,0,0,0,0,0,0,-1,0,17,0,17,0,0,17,17,3,20,1,1,0,0,0,-1,607271242,"6.18"
"C11547",1,2025-11-18,2025-11-17,1,,-1,0,0,1,2,5,1,0,0,25,0,22,1,335,423,0,0,1,2,0,25,0,0,-1,-1,-1,-1,0,0,0,0,0,0,-1,0,0,-1,-1,-1,-1,0,0,0,0,0,0,-1,0,61,0,61,0,0,61,61,1,62,1,1,0,0,0,-1,607271242,"6.18"
"C11559",1,2025-10-16,2025-10-15,2,"NXS10620027",84,1,0,1,0,5,1,0,0,25,0,22,1,336,101,1,0,1,0,0,25,0,0,-1,-1,-1,-1,0,0,0,0,0,0,-1,0,0,-1,-1,-1,-1,0,0,0,0,0,0,-1,0,68,0,68,0,0,68,68,22,90,1,1,0,0,0,-1,607271242,"6.18"
"C11562",1,2026-07-10,2026-07-09,1,,-1,0,0,0,0,5,1,0,0,25,0,21,1,336,-1,0,0,0,0,0,25,0,0,-1,-1,-1,-1,0,0,0,0,0,0,-1,0,0,-1,-1,-1,-1,0,0,0,0,0,0,-1,0,83,0,83,0,0,83,83,3,86,1,1,0,0,0,-1,607271242,"6.18"
"C11568",1,2026-01-03,2026-01-02,1,,-1,0,0,1,0,36,1,0,0,25,0,22,1,336,422,0,0,1,0,0,25,0,0,-1,-1,-1,-1,0,0,0,0,0,0,-1,0,0,-1,-1,-1,-1,0,0,0,0,0,0,-1,0,18,0,18,0,0,18,18,0,18,1,1,0,0,0,-1,607271242,"6.18"
"C11571",1,2026-06-01,2026-05-31,1,,-1,0,0,1,0,5,1,0,0,25,0,21,1,336,-1,0,0,1,0,0,25,0,0,-1,-1,-1,-1,0,0,0,0,0,0,-1,0,0,-1,-1,-1,-1,0,0,0,0,0,0,-1,0,122,0,122,0,0,122,122,11,133,1,1,0,0,0,-1,607271242,"6.18"
"C11574",1,2026-04-11,2026-04-10,1,,-1,0,0,1,0,3,1,0,0,55,0,22,1,116,99,0,0,1,0,0,55,0,0,-1,-1,-1,-1,0,0,0,0,0,0,-1,0,0,-1,-1,-1,-1,0,0,0,0,0,0,-1,0,6,0,6,0,0,6,6,49,55,1,1,0,0,0,-1,607271242,"6.18"
"C11577",1,2026-05-24,2026-05-23,1,,-1,1,0,1,1,3,1,0,0,25,0,0,-1,-1,-1,0,0,0,0,0,-1,0,21,1,1,116,-1,12,1,0,1,1,0,25,0,0,-1,-1,-1,-1,0,0,0,0,0,0,-1,0,0,0,0,11,118,129,11,70,81,4,0,1,0,0,-1,607271242,"6.18"
"C11583",1,2025-11-06,2025-11-05,4,"NXS11316335",399,1,0,1,0,13,1,0,0,55,0,22,1,116,410,1,0,1,0,0,55,0,0,-1,-1,-1,-1,0,0,0,0,0,0,-1,0,0,-1,-1,-1,-1,0,0,0,0,0,0,-1,0,97,0,97,0,0,97,97,520,617,1,1,0,0,0,-1,607271242,"6.18"
"C11589",1,2025-09-29,2025-09-28,5,,-1,0,0,0,0,5,1,0,0,25,0,12,1,116,422,0,0,0,0,0,25,0,0,-1,-1,-1,-1,0,0,0,0,0,0,-1,0,0,-1,-1,-1,-1,0,0,0,0,0,0,-1,0,18,0,18,0,0,18,18,5,23,1,1,0,0,0,-1,607271242,"6.18"
"C11607",1,2026-06-22,2026-06-21,1,,-1,1,0,1,0,136,1,0,0,55,0,21,1,204,-1,1,0,1,0,0,55,0,0,-1,-1,-1,-1,0,0,0,0,0,0,-1,0,0,-1,-1,-1,-1,0,0,0,0,0,0,-1,0,101,0,101,0,0,101,101,5,106,1,1,0,0,0,-1,607271242,"6.18"
"C11610",1,2025-09-21,2025-09-11,5,"NXS11321771",-1,4,0,0,0,6,1,0,0,25,0,12,1,206,24,0,0,0,0,0,25,0,0,-1,-1,-1,-1,0,0,0,0,0,0,-1,0,0,-1,-1,-1,-1,0,0,0,0,0,0,-1,0,23,0,23,0,0,23,23,1198,1221,1,1,0,0,0,-1,607271242,"6.18"
"C11613",1,2025-10-01,2025-09-30,1,,-1,0,0,0,0,3,1,0,0,25,0,22,1,116,99,0,0,0,0,0,25,0,0,-1,-1,-1,-1,0,0,0,0,0,0,-1,0,0,-1,-1,-1,-1,0,0,0,0,0,0,-1,0,18,0,18,0,0,18,18,2,20,1,1,0,0,0,-1,607271242,"6.18"
"C11619",1,2025-11-15,2025-11-14,1,,-1,0,0,0,0,137,1,0,0,55,0,21,1,336,-1,0,0,0,0,0,55,0,0,-1,-1,-1,-1,0,0,0,0,0,0,-1,0,0,-1,-1,-1,-1,0,0,0,0,0,0,-1,0,141,0,141,0,0,141,141,14,155,1,1,0,0,0,-1,607271242,"6.18"
"C11622",2,2024-11-14,2024-11-13,5,,-1,1,0,1,2,3,1,3,0,25,1,12,1,101,421,1,0,1,2,1,25,1,0,-1,-1,-1,-1,0,0,0,0,0,0,-1,0,0,-1,-1,-1,-1,0,0,0,0,0,0,-1,0,423,0,423,0,0,423,423,622,1045,1,1,0,0,0,-1,607271242,"6.18"
"C11637",1,2026-07-17,2026-07-16,1,,-1,0,0,0,0,5,1,0,0,25,0,21,1,336,-1,0,0,0,0,0,25,0,0,-1,-1,-1,-1,0,0,0,0,0,0,-1,0,0,-1,-1,-1,-1,0,0,0,0,0,0,-1,0,76,0,76,0,0,76,76,0,76,1,1,0,0,0,-1,607271242,"6.18"
"C11646",1,2025-12-21,2025-12-20,1,,-1,1,0,1,0,5,1,0,0,25,0,22,3,207,207,1,0,1,0,0,25,0,0,-1,-1,-1,-1,0,0,0,0,0,0,-1,0,0,-1,-1,-1,-1,0,0,0,0,0,0,-1,0,129,0,129,0,0,129,129,0,129,1,1,0,0,0,-1,607271242,"6.18"
"C11655",1,2026-07-25,2026-07-24,1,,-1,0,0,0,0,5,1,0,0,55,0,21,1,314,-1,0,0,0,0,0,55,0,0,-1,-1,-1,-1,0,0,0,0,0,0,-1,0,0,-1,-1,-1,-1,0,0,0,0,0,0,-1,0,68,0,68,0,0,68,68,9,77,1,1,0,0,0,-1,607271242,"6.18"
"C11661",1,2025-12-18,2025-12-17,1,,-1,0,0,1,0,5,1,0,0,25,0,22,1,101,422,0,0,1,0,0,25,0,0,-1,-1,-1,-1,0,0,0,0,0,0,-1,0,0,-1,-1,-1,-1,0,0,0,0,0,0,-1,0,58,0,58,0,0,58,58,17,75,1,1,0,0,0,-1,607271242,"6.18"
"C11664",1,2026-01-26,2026-01-25,4,"NXS11315320",592,2,0,1,0,5,1,0,0,25,0,22,1,336,423,0,0,1,0,0,25,0,0,-1,-1,-1,-1,0,0,0,0,0,0,-1,0,0,-1,-1,-1,-1,0,0,0,0,0,0,-1,0,19,0,19,0,0,19,19,0,19,1,1,0,0,0,-1,607271242,"6.18"
"C11673",1,2025-11-07,2025-11-06,1,,-1,0,0,1,0,5,1,0,0,25,0,22,1,101,423,0,0,1,0,0,25,0,0,-1,-1,-1,-1,0,0,0,0,0,0,-1,0,0,-1,-1,-1,-1,0,0,0,0,0,0,-1,0,64,0,64,0,0,64,64,0,64,1,1,0,0,0,-1,607271242,"6.18"
"C11676",1,2026-06-22,2026-06-21,1,,-1,0,0,0,0,3,1,0,0,55,0,22,1,116,99,0,0,0,0,0,55,0,0,-1,-1,-1,-1,0,0,0,0,0,0,-1,0,0,-1,-1,-1,-1,0,0,0,0,0,0,-1,0,25,0,25,0,0,25,25,2,27,1,1,0,0,0,-1,607271242,"6.18"
"C11685",1,2025-10-11,2025-10-10,1,,-1,0,0,0,2,3,1,0,0,25,0,22,1,336,410,0,0,0,2,0,25,0,0,-1,-1,-1,-1,0,0,0,0,0,0,-1,0,0,-1,-1,-1,-1,0,0,0,0,0,0,-1,0,38,0,38,0,0,38,38,0,38,1,1,0,0,0,-1,607271242,"6.18"
"C11691",1,2025-10-17,2025-10-16,1,,-1,0,0,1,0,5,1,0,0,55,0,0,-1,-1,-1,0,0,0,0,0,-1,0,22,1,1,116,410,1,0,0,1,0,0,55,0,0,-1,-1,-1,-1,0,0,0,0,0,0,-1,0,0,0,0,1,238,239,1,75,76,4,0,1,0,0,-1,607271242,"6.18"
"C11697",1,2025-10-02,2025-10-01,1,,-1,0,0,1,0,5,1,0,0,55,0,22,1,314,206,0,0,1,0,0,55,0,0,-1,-1,-1,-1,0,0,0,0,0,0,-1,0,0,-1,-1,-1,-1,0,0,0,0,0,0,-1,0,41,0,41,0,0,41,41,0,41,1,1,0,0,0,-1,607271242,"6.18"
"C11703",1,2023-10-05,2023-10-04,5,,-1,0,0,1,0,5,1,0,0,25,0,0,-1,-1,-1,0,0,0,0,0,-1,0,0,-1,-1,-1,-1,0,0,0,0,0,0,-1,0,11,2,2,116,-1,1092,0,0,1,0,0,25,0,0,0,0,0,0,0,0,246,246,-1,0,0,1,0,-1,607271242,"6.18"
"C11712",1,2025-10-10,2025-10-09,1,,-1,0,0,1,0,5,1,0,0,55,0,22,3,335,434,0,0,1,0,0,55,0,0,-1,-1,-1,-1,0,0,0,0,0,0,-1,0,0,-1,-1,-1,-1,0,0,0,0,0,0,-1,0,192,0,192,0,0,192,192,0,192,1,1,0,0,0,-1,607271242,"6.18"
"C11724",1,2026-04-05,2026-04-04,1,,-1,0,0,0,0,235,1,0,0,18,0,22,1,335,314,0,0,0,0,0,18,0,0,-1,-1,-1,-1,0,0,0,0,0,0,-1,0,0,-1,-1,-1,-1,0,0,0,0,0,0,-1,0,13,0,13,0,0,13,13,27,40,1,1,0,0,0,-1,607271242,"6.18"
"C11730",1,2025-11-30,2025-11-29,1,,-1,9,0,1,0,5,1,0,0,55,0,22,3,101,206,0,0,1,0,0,55,0,0,-1,-1,-1,-1,0,0,0,0,0,0,-1,0,0,-1,-1,-1,-1,0,0,0,0,0,0,-1,0,27,0,27,0,0,27,27,0,27,1,1,0,0,0,-1,607271242,"6.18"
"C11736",1,2025-08-16,2024-12-28,5,"NBN10519176",-1,5,0,1,0,56,1,0,0,25,0,2,-1,-1,-1,0,0,0,0,0,-1,0,2,-1,-1,-1,-1,0,0,0,0,0,0,-1,0,11,2,2,116,-1,410,0,0,1,0,0,25,0,33,0,33,198,0,231,231,65,296,-1,0,0,1,0,-1,607271242,"6.18"
"C11751",1,2025-09-03,2025-09-02,5,,-1,0,0,0,0,5,1,0,0,55,0,12,3,336,411,0,0,0,0,0,55,0,0,-1,-1,-1,-1,0,0,0,0,0,0,-1,0,0,-1,-1,-1,-1,0,0,0,0,0,0,-1,0,50,0,50,0,0,50,50,0,50,1,1,0,0,0,-1,607271242,"6.18"
"C11754",1,2025-09-08,2025-09-07,5,"NXS14717000",-1,4,0,0,0,3,1,0,0,25,0,0,-1,-1,-1,0,0,0,0,0,-1,0,12,2,1,116,410,7,0,0,0,0,0,25,0,0,-1,-1,-1,-1,0,0,0,0,0,0,-1,0,0,0,0,7,319,326,7,1710,1717,4,0,1,0,0,-1,607271242,"6.18"
"C11760",1,2025-11-29,2025-11-28,1,,-1,9,0,1,0,5,1,0,0,55,0,22,1,314,101,0,0,1,0,0,55,0,0,-1,-1,-1,-1,0,0,0,0,0,0,-1,0,0,-1,-1,-1,-1,0,0,0,0,0,0,-1,0,15,0,15,0,0,15,15,2,17,1,1,0,0,0,-1,607271242,"6.18"
"C11763",1,2025-09-02,2025-09-01,5,,-1,9,0,1,0,245,1,0,0,25,0,11,3,204,-1,0,0,1,0,0,25,0,0,-1,-1,-1,-1,0,0,0,0,0,0,-1,0,0,-1,-1,-1,-1,0,0,0,0,0,0,-1,0,105,0,105,0,0,105,105,400,505,1,1,0,0,0,-1,607271242,"6.18"
"C11766",1,2026-03-23,2026-03-22,1,,-1,0,0,1,2,5,1,0,0,25,0,22,1,336,410,0,0,1,2,0,25,0,0,-1,-1,-1,-1,0,0,0,0,0,0,-1,0,0,-1,-1,-1,-1,0,0,0,0,0,0,-1,0,41,0,41,0,0,41,41,0,41,1,1,0,0,0,-1,607271242,"6.18"
"C11769",2,2026-07-20,2026-07-19,1,,-1,0,0,0,0,3,1,3,0,25,1,21,1,335,-1,0,0,0,0,1,25,1,0,-1,-1,-1,-1,0,0,0,0,0,0,-1,0,0,-1,-1,-1,-1,0,0,0,0,0,0,-1,0,73,0,73,0,0,73,73,0,73,1,1,0,0,0,-1,607271242,"6.18"
"C11775",1,2025-12-05,2025-12-04,1,,-1,0,0,0,0,36,1,0,0,25,0,22,1,336,99,0,0,0,0,0,25,0,0,-1,-1,-1,-1,0,0,0,0,0,0,-1,0,0,-1,-1,-1,-1,0,0,0,0,0,0,-1,0,30,0,30,0,0,30,30,2,32,1,1,0,0,0,-1,607271242,"6.18"
"C11778",1,2026-02-01,2026-01-31,1,,-1,1,0,1,0,246,1,0,0,25,0,22,1,99,99,1,0,1,0,0,25,0,0,-1,-1,-1,-1,0,0,0,0,0,0,-1,0,0,-1,-1,-1,-1,0,0,0,0,0,0,-1,0,2,0,2,0,0,2,2,82,84,1,1,0,0,0,-1,607271242,"6.18"
"C11781",1,2025-09-08,2025-03-28,5,"RRH15519031",-1,1,0,1,2,3,1,0,0,25,0,12,1,335,206,1,0,1,2,0,25,0,2,-1,-1,-1,-1,0,0,0,0,0,0,-1,0,0,-1,-1,-1,-1,0,0,0,0,0,0,-1,0,29,0,29,6,0,35,35,1607,1642,5,1,0,0,0,-1,607271242,"6.18"
"C11787",1,2025-10-05,2025-10-04,4,"NXS14712573",660,1,0,1,0,3,2,0,0,25,0,22,1,116,99,1,0,1,0,0,25,0,0,-1,-1,-1,-1,0,0,0,0,0,0,-1,0,0,-1,-1,-1,-1,0,0,0,0,0,0,-1,0,60,0,60,0,0,60,60,587,647,1,1,0,0,0,-1,607271242,"6.18"
"C11790",1,2026-07-13,2026-07-12,1,,-1,0,1,0,0,5,1,0,0,55,0,21,1,335,-1,0,1,0,0,0,55,0,0,-1,-1,-1,-1,0,0,0,0,0,0,-1,0,0,-1,-1,-1,-1,0,0,0,0,0,0,-1,0,10,0,10,0,0,10,10,242,252,1,1,0,0,0,-1,607271242,"6.18"
"C11796",1,2025-09-19,2025-09-18,5,"NXS14717686",-1,1,0,1,2,247,1,0,0,25,0,12,1,116,423,1,0,1,2,0,25,0,0,-1,-1,-1,-1,0,0,0,0,0,0,-1,0,0,-1,-1,-1,-1,0,0,0,0,0,0,-1,0,41,0,41,0,0,41,41,118,159,1,1,0,0,0,-1,607271242,"6.18"
"C11802",1,2026-05-15,2026-05-14,1,,-1,0,0,1,2,5,1,0,0,25,0,22,1,335,98,0,0,1,2,0,25,0,0,-1,-1,-1,-1,0,0,0,0,0,0,-1,0,0,-1,-1,-1,-1,0,0,0,0,0,0,-1,0,19,0,19,0,0,19,19,0,19,1,1,0,0,0,-1,607271242,"6.18"
"C11805",1,2025-11-10,2025-11-09,1,,-1,0,0,0,2,3,1,0,0,25,0,22,1,207,423,0,0,0,2,0,25,0,0,-1,-1,-1,-1,0,0,0,0,0,0,-1,0,0,-1,-1,-1,-1,0,0,0,0,0,0,-1,0,50,0,50,0,0,50,50,5,55,1,1,0,0,0,-1,607271242,"6.18"
"C11811",1,2026-04-08,2026-04-07,1,,-1,0,0,0,0,56,1,0,0,55,0,22,3,116,410,0,0,0,0,0,55,0,0,-1,-1,-1,-1,0,0,0,0,0,0,-1,0,0,-1,-1,-1,-1,0,0,0,0,0,0,-1,0,69,0,69,0,0,69,69,0,69,1,1,0,0,0,-1,607271242,"6.18"
"C11814",1,2026-07-22,2026-07-21,2,"NXS11619615",361,0,0,0,0,3,1,0,0,55,0,21,1,116,-1,0,0,0,0,0,55,0,0,-1,-1,-1,-1,0,0,0,0,0,0,-1,0,0,-1,-1,-1,-1,0,0,0,0,0,0,-1,0,71,0,71,0,0,71,71,3,74,1,1,0,0,0,-1,607271242,"6.18"
"C11817",1,2025-09-16,2025-09-15,5,"NXS11118412",-1,1,0,1,0,5,1,0,0,55,0,12,1,116,313,1,0,1,0,0,55,0,0,-1,-1,-1,-1,0,0,0,0,0,0,-1,0,0,-1,-1,-1,-1,0,0,0,0,0,0,-1,0,100,0,100,0,0,100,100,2144,2244,1,1,0,0,0,-1,607271242,"6.18"
"C11820",1,2025-12-17,2025-12-16,1,,-1,0,0,1,0,5,1,0,0,25,0,22,1,116,314,0,0,1,0,0,25,0,0,-1,-1,-1,-1,0,0,0,0,0,0,-1,0,0,-1,-1,-1,-1,0,0,0,0,0,0,-1,0,63,0,63,0,0,63,63,53,116,1,1,0,0,0,-1,607271242,"6.18"
"C11826",1,2025-09-06,2025-09-05,5,,-1,0,0,1,2,5,1,0,0,25,0,12,1,101,99,0,0,1,2,0,25,0,0,-1,-1,-1,-1,0,0,0,0,0,0,-1,0,0,-1,-1,-1,-1,0,0,0,0,0,0,-1,0,49,0,49,0,0,49,49,4,53,1,1,0,0,0,-1,607271242,"6.18"
"C11835",1,2025-09-26,2025-09-25,5,,-1,0,1,1,0,3,1,0,0,55,0,12,1,410,420,0,1,1,0,0,55,0,0,-1,-1,-1,-1,0,0,0,0,0,0,-1,0,0,-1,-1,-1,-1,0,0,0,0,0,0,-1,0,81,0,81,0,0,81,81,656,737,1,1,0,0,0,-1,607271242,"6.18"
"C11841",1,2026-06-20,2026-06-19,1,,-1,0,0,1,0,56,1,0,0,25,0,21,1,99,-1,0,0,1,0,0,25,0,0,-1,-1,-1,-1,0,0,0,0,0,0,-1,0,0,-1,-1,-1,-1,0,0,0,0,0,0,-1,0,26,0,26,0,0,26,26,56,82,1,1,0,0,0,-1,607271242,"6.18"
"C11844",1,2025-10-19,2025-10-18,1,,-1,0,0,0,0,5,1,0,0,25,0,22,3,336,98,0,0,0,0,0,25,0,0,-1,-1,-1,-1,0,0,0,0,0,0,-1,0,0,-1,-1,-1,-1,0,0,0,0,0,0,-1,0,44,0,44,0,0,44,44,0,44,1,1,0,0,0,-1,607271242,"6.18"
"C11847",2,2025-11-15,2025-11-14,1,,-1,0,0,0,2,5,1,1,0,25,1,22,1,335,420,0,0,0,2,0,25,1,0,-1,-1,-1,-1,0,0,0,0,0,0,-1,0,0,-1,-1,-1,-1,0,0,0,0,0,0,-1,0,46,0,46,0,0,46,46,0,46,1,1,0,0,0,-1,607271242,"6.18"
"C11859",1,2026-04-18,2026-04-17,1,,-1,0,0,1,1,3,1,0,0,25,0,22,3,206,206,0,0,1,1,0,25,0,0,-1,-1,-1,-1,0,0,0,0,0,0,-1,0,0,-1,-1,-1,-1,0,0,0,0,0,0,-1,0,21,0,21,0,0,21,21,21,42,1,1,0,0,0,-1,607271242,"6.18"
"C11865",1,2026-02-20,2026-02-19,1,,-1,9,0,1,2,347,1,0,0,25,0,22,3,205,313,0,0,1,2,0,25,0,0,-1,-1,-1,-1,0,0,0,0,0,0,-1,0,0,-1,-1,-1,-1,0,0,0,0,0,0,-1,0,47,0,47,0,0,47,47,0,47,1,1,0,0,0,-1,607271242,"6.18"
"C11868",1,2026-04-25,2026-04-24,1,,-1,0,0,1,0,356,1,0,0,25,0,22,1,116,99,0,0,1,0,0,25,0,0,-1,-1,-1,-1,0,0,0,0,0,0,-1,0,0,-1,-1,-1,-1,0,0,0,0,0,0,-1,0,27,0,27,0,0,27,27,169,196,1,1,0,0,0,-1,607271242,"6.18"
"C11871",1,2025-09-13,2025-09-12,5,"NXS11319787",-1,1,0,1,2,3,1,0,0,55,0,22,1,335,99,1,0,1,2,0,55,0,12,2,1,116,422,8,1,0,1,2,0,55,0,0,-1,-1,-1,-1,0,0,0,0,0,0,-1,0,17,0,17,8,196,221,25,985,1010,5,1,1,0,0,-1,607271242,"6.18"
"C11874",1,2026-06-14,2026-06-13,1,,-1,0,1,1,2,357,1,0,0,25,0,21,1,335,-1,0,1,1,2,0,25,0,0,-1,-1,-1,-1,0,0,0,0,0,0,-1,0,0,-1,-1,-1,-1,0,0,0,0,0,0,-1,0,109,0,109,0,0,109,109,0,109,1,1,0,0,0,-1,607271242,"6.18"
"C11877",1,2025-11-10,2025-11-09,1,,-1,9,0,1,2,15,1,0,0,25,0,22,1,410,116,0,0,1,2,0,25,0,0,-1,-1,-1,-1,0,0,0,0,0,0,-1,0,0,-1,-1,-1,-1,0,0,0,0,0,0,-1,0,87,0,87,0,0,87,87,6,93,1,1,0,0,0,-1,607271242,"6.18"
"C11880",1,2025-10-30,2025-10-29,4,"NXS10620881",69,6,0,1,2,5,1,0,0,25,0,21,1,116,-1,0,0,1,2,0,25,0,0,-1,-1,-1,-1,0,0,0,0,0,0,-1,0,0,-1,-1,-1,-1,0,0,0,0,0,0,-1,0,121,0,121,0,0,121,121,109,230,1,1,0,0,0,-1,607271242,"6.18"
"C11886",1,2026-07-12,2026-07-11,1,,-1,0,0,1,0,3,1,0,0,55,0,22,1,420,99,0,0,1,0,0,55,0,0,-1,-1,-1,-1,0,0,0,0,0,0,-1,0,0,-1,-1,-1,-1,0,0,0,0,0,0,-1,0,4,0,4,0,0,4,4,8,12,1,1,0,0,0,-1,607271242,"6.18"
"C11892",2,2026-02-14,2026-02-13,1,,-1,0,0,0,0,3,1,3,0,25,1,22,1,314,99,0,0,0,0,1,25,1,0,-1,-1,-1,-1,0,0,0,0,0,0,-1,0,0,-1,-1,-1,-1,0,0,0,0,0,0,-1,0,22,0,22,0,0,22,22,14,36,1,1,0,0,0,-1,607271242,"6.18"
"C11901",2,2026-04-19,2026-04-18,1,,-1,0,0,0,2,3,2,3,0,25,1,22,1,116,434,0,0,0,2,1,25,1,0,-1,-1,-1,-1,0,0,0,0,0,0,-1,0,0,-1,-1,-1,-1,0,0,0,0,0,0,-1,0,60,0,60,0,0,60,60,10,70,1,1,0,0,0,-1,607271242,"6.18"
"C11910",2,2025-11-14,2025-11-13,1,,-1,0,0,0,1,3,1,1,0,18,1,22,1,314,99,0,0,0,1,0,18,1,0,-1,-1,-1,-1,0,0,0,0,0,0,-1,0,0,-1,-1,-1,-1,0,0,0,0,0,0,-1,0,70,0,70,0,0,70,70,20,90,1,1,0,0,0,-1,607271242,"6.18"
"C11937",1,2025-12-26,2025-12-25,1,,-1,0,0,0,0,3,1,0,0,25,0,22,1,116,99,0,0,0,0,0,25,0,0,-1,-1,-1,-1,0,0,0,0,0,0,-1,0,0,-1,-1,-1,-1,0,0,0,0,0,0,-1,0,37,0,37,0,0,37,37,15,52,1,1,0,0,0,-1,607271242,"6.18"
"C11940",1,2025-11-01,2025-10-31,1,,-1,0,0,1,2,5,1,0,0,55,0,22,1,101,206,0,0,1,2,0,55,0,0,-1,-1,-1,-1,0,0,0,0,0,0,-1,0,0,-1,-1,-1,-1,0,0,0,0,0,0,-1,0,15,0,15,0,0,15,15,0,15,1,1,0,0,0,-1,607271242,"6.18"
"C11946",1,2024-11-30,2024-11-29,5,,-1,1,0,1,1,5,1,0,0,25,0,11,3,101,-1,1,0,1,1,0,25,0,0,-1,-1,-1,-1,0,0,0,0,0,0,-1,0,0,-1,-1,-1,-1,0,0,0,0,0,0,-1,0,670,0,670,0,0,670,670,118,788,1,1,0,0,0,-1,607271242,"6.18"
"C11949",1,2025-12-07,2025-12-06,1,,-1,0,0,1,0,3,1,0,0,55,0,22,1,204,99,0,0,1,0,0,55,0,0,-1,-1,-1,-1,0,0,0,0,0,0,-1,0,0,-1,-1,-1,-1,0,0,0,0,0,0,-1,0,18,0,18,0,0,18,18,5,23,1,1,0,0,0,-1,607271242,"6.18"
"C11952",1,2026-05-03,2026-05-02,1,,-1,0,0,0,0,2,1,0,0,25,0,22,1,116,99,0,0,0,0,0,25,0,0,-1,-1,-1,-1,0,0,0,0,0,0,-1,0,0,-1,-1,-1,-1,0,0,0,0,0,0,-1,0,34,0,34,0,0,34,34,90,124,1,1,0,0,0,-1,607271242,"6.18"
"C11961",2,2025-08-03,2025-08-02,5,,-1,0,0,1,2,56,1,1,0,25,1,12,1,116,410,0,0,1,2,0,25,1,0,-1,-1,-1,-1,0,0,0,0,0,0,-1,0,0,-1,-1,-1,-1,0,0,0,0,0,0,-1,0,84,0,84,0,0,84,84,30,114,1,1,0,0,0,-1,607271242,"6.18"
"C11973",1,2025-12-07,2025-12-06,1,,-1,1,1,1,2,5,1,0,0,25,0,22,1,116,423,1,1,1,2,0,25,0,0,-1,-1,-1,-1,0,0,0,0,0,0,-1,0,0,-1,-1,-1,-1,0,0,0,0,0,0,-1,0,14,0,14,0,0,14,14,3687,3701,1,1,0,0,0,-1,607271242,"6.18"
"C11976",1,2026-03-24,2026-03-23,1,,-1,9,0,1,2,5,1,0,0,25,0,22,3,206,312,0,0,1,2,0,25,0,0,-1,-1,-1,-1,0,0,0,0,0,0,-1,0,0,-1,-1,-1,-1,0,0,0,0,0,0,-1,0,19,0,19,0,0,19,19,0,19,1,1,0,0,0,-1,607271242,"6.18"
"C11982",1,2025-10-25,2025-10-24,1,,-1,0,0,0,0,4,1,0,0,25,0,22,1,99,99,0,0,0,0,0,25,0,0,-1,-1,-1,-1,0,0,0,0,0,0,-1,0,0,-1,-1,-1,-1,0,0,0,0,0,0,-1,0,3,0,3,0,0,3,3,3,6,1,1,0,0,0,-1,607271242,"6.18"
"C11994",1,2026-03-07,2026-03-06,1,,-1,0,0,1,0,5,1,0,0,25,0,22,1,335,99,0,0,1,0,0,25,0,0,-1,-1,-1,-1,0,0,0,0,0,0,-1,0,0,-1,-1,-1,-1,0,0,0,0,0,0,-1,0,104,0,104,0,0,104,104,0,104,1,1,0,0,0,-1,607271242,"6.18"
"C12000",1,2026-03-30,2026-03-29,1,,-1,9,0,1,2,5,1,0,0,25,0,22,3,335,312,0,0,1,2,0,25,0,0,-1,-1,-1,-1,0,0,0,0,0,0,-1,0,0,-1,-1,-1,-1,0,0,0,0,0,0,-1,0,18,0,18,0,0,18,18,0,18,1,1,0,0,0,-1,607271242,"6.18"
"C12009",1,2026-05-24,2026-05-23,1,,-1,0,0,0,0,6,1,0,0,25,0,22,1,116,312,0,0,0,0,0,25,0,0,-1,-1,-1,-1,0,0,0,0,0,0,-1,0,0,-1,-1,-1,-1,0,0,0,0,0,0,-1,0,13,0,13,0,0,13,13,3,16,1,1,0,0,0,-1,607271242,"6.18"
"C12012",1,2026-01-09,2026-01-08,1,,-1,0,0,1,1,5,1,0,0,55,0,21,3,101,-1,0,0,1,1,0,55,0,0,-1,-1,-1,-1,0,0,0,0,0,0,-1,0,0,-1,-1,-1,-1,0,0,0,0,0,0,-1,0,265,0,265,0,0,265,265,3,268,1,1,0,0,0,-1,607271242,"6.18"
"C12018",1,2026-02-09,2026-02-08,3,"NXS11320147",204,1,1,1,0,7,1,0,0,55,0,0,-1,-1,-1,0,0,0,0,0,-1,0,22,1,1,101,434,6,1,1,1,0,0,55,0,0,-1,-1,-1,-1,0,0,0,0,0,0,-1,0,0,0,0,6,12,18,6,569,575,4,0,1,0,0,-1,607271242,"6.18"
"C12024",1,2026-04-10,2026-04-09,1,,-1,0,0,1,2,98,1,0,0,25,0,22,1,116,410,0,0,1,2,0,25,0,0,-1,-1,-1,-1,0,0,0,0,0,0,-1,0,0,-1,-1,-1,-1,0,0,0,0,0,0,-1,0,54,0,54,0,0,54,54,57,111,1,1,0,0,0,-1,607271242,"6.18"
"C12027",1,2025-11-09,2025-11-08,1,,-1,0,0,1,0,12,1,0,0,25,0,22,1,336,423,0,0,1,0,0,25,0,0,-1,-1,-1,-1,0,0,0,0,0,0,-1,0,0,-1,-1,-1,-1,0,0,0,0,0,0,-1,0,29,0,29,0,0,29,29,21,50,1,1,0,0,0,-1,607271242,"6.18"
"C12042",1,2026-06-01,2026-05-31,1,,-1,0,0,0,0,3,1,0,0,55,0,22,1,101,410,0,0,0,0,0,55,0,0,-1,-1,-1,-1,0,0,0,0,0,0,-1,0,0,-1,-1,-1,-1,0,0,0,0,0,0,-1,0,37,0,37,0,0,37,37,6,43,1,1,0,0,0,-1,607271242,"6.18"
"C12048",1,2025-12-08,2025-12-07,1,,-1,0,0,0,0,5,1,0,0,25,0,21,3,314,-1,0,0,0,0,0,25,0,0,-1,-1,-1,-1,0,0,0,0,0,0,-1,0,0,-1,-1,-1,-1,0,0,0,0,0,0,-1,0,297,0,297,0,0,297,297,0,297,1,1,0,0,0,-1,607271242,"6.18"
"C12051",1,2025-08-29,2025-08-28,5,,-1,9,0,1,2,5,1,0,0,25,0,12,3,116,205,0,0,1,2,0,25,0,0,-1,-1,-1,-1,0,0,0,0,0,0,-1,0,0,-1,-1,-1,-1,0,0,0,0,0,0,-1,0,142,0,142,0,0,142,142,5,147,1,1,0,0,0,-1,607271242,"6.18"
"C12054",2,2025-11-08,2025-11-07,1,,-1,0,0,1,2,5,1,3,0,25,1,22,1,101,312,0,0,1,2,1,25,1,0,-1,-1,-1,-1,0,0,0,0,0,0,-1,0,0,-1,-1,-1,-1,0,0,0,0,0,0,-1,0,16,0,16,0,0,16,16,6,22,1,1,0,0,0,-1,607271242,"6.18"
"C12066",1,2025-10-25,2025-10-24,2,"RRH16020823",59,1,0,1,1,46,1,0,0,25,0,0,-1,-1,-1,0,0,0,0,0,-1,0,22,0,2,206,24,56,1,0,1,1,0,25,0,0,-1,-1,-1,-1,0,0,0,0,0,0,-1,0,0,0,0,55,0,55,55,45,100,4,0,0,0,0,-1,607271242,"6.18"
"C12069",1,2026-03-13,2026-03-12,1,,-1,0,0,0,0,16,1,0,0,25,0,22,1,314,410,0,0,0,0,0,25,0,0,-1,-1,-1,-1,0,0,0,0,0,0,-1,0,0,-1,-1,-1,-1,0,0,0,0,0,0,-1,0,19,0,19,0,0,19,19,4,23,1,1,0,0,0,-1,607271242,"6.18"
"C12078",2,2025-06-15,2025-06-14,5,,-1,4,0,0,2,5,1,1,0,24,1,0,-1,-1,-1,0,0,0,0,0,-1,0,12,0,1,116,99,242,0,0,0,2,0,24,1,0,-1,-1,-1,-1,0,0,0,0,0,0,-1,0,0,0,0,241,0,241,241,223,464,4,0,0,0,0,-1,607271242,"6.18"
"C12087",1,2025-12-20,2025-12-19,1,,-1,0,0,1,2,17,1,0,0,25,0,22,1,336,204,0,0,1,2,0,25,0,0,-1,-1,-1,-1,0,0,0,0,0,0,-1,0,0,-1,-1,-1,-1,0,0,0,0,0,0,-1,0,35,0,35,0,0,35,35,15,50,1,1,0,0,0,-1,607271242,"6.18"
"C12090",1,2026-04-27,2026-04-26,1,,-1,0,0,0,0,35,1,0,0,25,0,21,1,335,-1,0,0,0,0,0,25,0,0,-1,-1,-1,-1,0,0,0,0,0,0,-1,0,0,-1,-1,-1,-1,0,0,0,0,0,0,-1,0,157,0,157,0,0,157,157,22,179,1,1,0,0,0,-1,607271242,"6.18"
"C12096",1,2025-07-13,2025-07-12,5,,-1,0,0,1,0,5,1,0,0,25,0,12,1,314,313,0,0,1,0,0,25,0,0,-1,-1,-1,-1,0,0,0,0,0,0,-1,0,0,-1,-1,-1,-1,0,0,0,0,0,0,-1,0,147,0,147,0,0,147,147,82,229,1,1,0,0,0,-1,607271242,"6.18"
"C12099",1,2025-08-14,2025-06-20,5,"NBN10520019",-1,1,0,1,1,3,1,0,0,25,0,2,-1,-1,-1,0,0,0,0,0,-1,0,12,1,1,101,420,98,1,0,1,1,0,25,0,0,-1,-1,-1,-1,0,0,0,0,0,0,-1,0,28,0,28,89,108,225,117,2337,2454,5,0,1,0,0,-1,607271242,"6.18"
"C12114",1,2025-06-07,2025-06-06,5,,-1,0,1,1,0,5,1,0,0,55,0,0,-1,-1,-1,0,0,0,0,0,-1,0,0,-1,-1,-1,-1,0,0,0,0,0,0,-1,0,11,2,1,420,-1,481,0,1,1,0,0,55,0,0,0,0,0,0,0,0,0,0,-1,0,0,1,0,-1,607271242,"6.18"
"C12132",1,2025-11-08,2025-11-07,4,"TRN10419697",86,1,0,1,0,5,1,0,0,55,0,22,1,204,423,1,0,1,0,0,55,0,0,-1,-1,-1,-1,0,0,0,0,0,0,-1,0,0,-1,-1,-1,-1,0,0,0,0,0,0,-1,0,62,0,62,0,0,62,62,0,62,1,1,0,0,0,-1,607271242,"6.18"
"C12138",1,2026-01-08,2026-01-07,2,"NXS10620552",132,0,0,1,0,5,1,0,0,25,0,22,1,431,431,0,0,1,0,0,25,0,0,-1,-1,-1,-1,0,0,0,0,0,0,-1,0,0,-1,-1,-1,-1,0,0,0,0,0,0,-1,0,13,0,13,0,0,13,13,2,15,1,1,0,0,0,-1,607271242,"6.18"
"C12141",1,2026-03-15,2026-03-14,1,,-1,4,0,0,1,26,1,0,0,25,0,22,1,336,422,0,0,0,1,0,25,0,0,-1,-1,-1,-1,0,0,0,0,0,0,-1,0,0,-1,-1,-1,-1,0,0,0,0,0,0,-1,0,15,0,15,0,0,15,15,2,17,1,1,0,0,0,-1,607271242,"6.18"
"C12144",1,2026-05-21,2026-05-20,1,,-1,0,1,0,0,3,1,0,0,55,0,21,1,410,-1,0,1,0,0,0,55,0,21,1,2,101,-1,52,0,1,0,0,0,55,0,0,-1,-1,-1,-1,0,0,0,0,0,0,-1,0,34,0,34,25,73,132,59,4,63,5,1,1,0,0,-1,607271242,"6.18"
"C12147",1,2025-10-02,2025-10-01,3,"NXS14717688",257,1,0,1,2,56,1,0,0,55,0,22,1,116,313,1,0,1,2,0,55,0,0,-1,-1,-1,-1,0,0,0,0,0,0,-1,0,0,-1,-1,-1,-1,0,0,0,0,0,0,-1,0,71,0,71,0,0,71,71,8004,8075,1,1,0,0,0,-1,607271242,"6.18"
"C12150",2,2026-06-08,2026-06-07,1,,-1,0,0,0,1,3,1,2,0,25,1,22,1,101,312,0,0,0,1,0,25,1,0,-1,-1,-1,-1,0,0,0,0,0,0,-1,0,0,-1,-1,-1,-1,0,0,0,0,0,0,-1,0,24,0,24,0,0,24,24,7,31,1,1,0,0,0,-1,607271242,"6.18"
"C12156",2,2026-03-27,2026-03-26,1,,-1,0,0,0,1,3,1,3,0,25,1,21,1,101,-1,0,0,0,1,1,25,1,0,-1,-1,-1,-1,0,0,0,0,0,0,-1,0,0,-1,-1,-1,-1,0,0,0,0,0,0,-1,0,188,0,188,0,0,188,188,8,196,1,1,0,0,0,-1,607271242,"6.18"
"C12159",1,2026-02-28,2026-02-27,3,"NXS10916059",568,1,0,1,0,5,1,0,0,25,0,22,1,99,99,1,0,1,0,0,25,0,0,-1,-1,-1,-1,0,0,0,0,0,0,-1,0,0,-1,-1,-1,-1,0,0,0,0,0,0,-1,0,12,0,12,0,0,12,12,41,53,1,1,0,0,0,-1,607271242,"6.18"
"C12162",1,2026-02-28,2026-02-27,1,,-1,1,0,1,1,5,1,0,0,25,0,22,1,116,99,1,0,1,1,0,25,0,21,1,1,101,-1,13,1,0,1,1,0,25,0,0,-1,-1,-1,-1,0,0,0,0,0,0,-1,0,48,0,48,12,117,177,60,459,519,5,1,1,0,0,-1,607271242,"6.18"
"C12165",1,2025-11-30,2025-11-29,1,,-1,0,0,1,1,5,2,0,0,25,1,0,-1,-1,-1,0,0,0,0,0,-1,0,21,1,1,101,-1,218,0,0,1,1,0,25,1,0,-1,-1,-1,-1,0,0,0,0,0,0,-1,0,0,0,0,218,87,305,218,10,228,4,0,1,0,0,-1,607271242,"6.18"
"C12174",2,2025-10-29,2025-10-28,1,,-1,9,0,1,2,35,1,3,0,25,1,22,1,410,314,0,0,1,2,1,25,1,0,-1,-1,-1,-1,0,0,0,0,0,0,-1,0,0,-1,-1,-1,-1,0,0,0,0,0,0,-1,0,22,0,22,0,0,22,22,0,22,1,1,0,0,0,-1,607271242,"6.18"
"C12195",1,2026-06-15,2026-06-14,2,"RRH13217273",278,9,0,1,0,5,1,0,0,25,0,21,1,101,-1,0,0,1,0,0,25,0,0,-1,-1,-1,-1,0,0,0,0,0,0,-1,0,0,-1,-1,-1,-1,0,0,0,0,0,0,-1,0,24,0,24,0,0,24,24,21,45,1,1,0,0,0,-1,607271242,"6.18"
"C12198",1,2025-09-13,2025-09-12,5,,-1,0,0,0,2,3,1,0,0,25,0,12,1,336,99,0,0,0,2,0,25,0,0,-1,-1,-1,-1,0,0,0,0,0,0,-1,0,0,-1,-1,-1,-1,0,0,0,0,0,0,-1,0,48,0,48,0,0,48,48,455,503,1,1,0,0,0,-1,607271242,"6.18"
"C12219",2,2025-09-26,2025-09-25,5,,-1,4,0,0,1,5,1,2,0,25,1,12,1,336,434,0,0,0,1,0,25,1,0,-1,-1,-1,-1,0,0,0,0,0,0,-1,0,0,-1,-1,-1,-1,0,0,0,0,0,0,-1,0,20,0,20,0,0,20,20,8,28,1,1,0,0,0,-1,607271242,"6.18"
"C12228",1,2026-04-18,2026-04-17,4,"RRH12119217",280,1,0,1,2,5,1,0,0,55,0,22,1,116,116,1,0,1,2,0,55,0,0,-1,-1,-1,-1,0,0,0,0,0,0,-1,0,0,-1,-1,-1,-1,0,0,0,0,0,0,-1,0,83,0,83,0,0,83,83,400,483,1,1,0,0,0,-1,607271242,"6.18"
"C12237",1,2026-01-26,2026-01-25,1,,-1,4,0,0,0,5,1,0,0,55,0,22,3,207,313,0,0,0,0,0,55,0,0,-1,-1,-1,-1,0,0,0,0,0,0,-1,0,0,-1,-1,-1,-1,0,0,0,0,0,0,-1,0,49,0,49,0,0,49,49,7,56,1,1,0,0,0,-1,607271242,"6.18"
"C12252",1,2025-11-28,2025-11-27,1,,-1,9,0,1,0,56,1,0,0,25,0,22,1,314,423,0,0,1,0,0,25,0,0,-1,-1,-1,-1,0,0,0,0,0,0,-1,0,0,-1,-1,-1,-1,0,0,0,0,0,0,-1,0,18,0,18,0,0,18,18,0,18,1,1,0,0,0,-1,607271242,"6.18"
"C12255",1,2026-03-17,2026-03-16,1,,-1,0,0,1,1,5,1,0,0,18,0,22,1,206,99,0,0,1,1,0,18,0,0,-1,-1,-1,-1,0,0,0,0,0,0,-1,0,0,-1,-1,-1,-1,0,0,0,0,0,0,-1,0,13,0,13,0,0,13,13,5,18,1,1,0,0,0,-1,607271242,"6.18"
"C12261",1,2026-02-21,2026-02-20,1,,-1,0,0,1,1,57,1,0,0,25,0,22,1,99,99,0,0,1,1,0,25,0,0,-1,-1,-1,-1,0,0,0,0,0,0,-1,0,0,-1,-1,-1,-1,0,0,0,0,0,0,-1,0,2,0,2,0,0,2,2,6,8,1,1,0,0,0,-1,607271242,"6.18"
"C12261",2,2026-03-07,2026-03-06,1,,-1,0,0,1,1,57,1,1,0,25,1,0,-1,-1,-1,0,0,0,0,0,-1,0,21,1,1,101,-1,2,0,0,1,1,0,25,1,0,-1,-1,-1,-1,0,0,0,0,0,0,-1,0,0,0,0,2,206,208,2,20,22,4,0,1,0,0,-1,607271242,"6.18"
"C12273",2,2026-07-19,2026-07-18,1,,-1,0,0,0,1,3,1,3,0,25,1,21,1,116,-1,0,0,0,1,1,25,1,0,-1,-1,-1,-1,0,0,0,0,0,0,-1,0,0,-1,-1,-1,-1,0,0,0,0,0,0,-1,0,74,0,74,0,0,74,74,113,187,1,1,0,0,0,-1,607271242,"6.18"
"C12276",1,2026-06-15,2026-06-14,1,,-1,0,0,1,2,5,1,0,0,25,0,0,-1,-1,-1,0,0,0,0,0,-1,0,21,0,1,116,-1,108,0,0,1,2,0,25,0,0,-1,-1,-1,-1,0,0,0,0,0,0,-1,0,0,0,0,108,0,108,108,137,245,4,0,0,0,0,-1,607271242,"6.18"
"C12291",1,2025-07-24,2025-07-23,5,,-1,1,0,1,2,5,2,0,0,25,0,0,-1,-1,-1,0,0,0,0,0,-1,0,11,0,1,116,-1,434,1,0,1,2,0,25,0,0,-1,-1,-1,-1,0,0,0,0,0,0,-1,0,0,0,0,434,0,434,434,25,459,4,0,0,0,0,-1,607271242,"6.18"
"C12294",2,2025-08-10,2025-08-09,5,,-1,4,0,0,0,56,1,2,0,25,1,0,-1,-1,-1,0,0,0,0,0,-1,0,11,1,1,116,-1,97,0,0,0,0,0,25,1,0,-1,-1,-1,-1,0,0,0,0,0,0,-1,0,0,0,0,97,320,417,97,799,896,4,0,1,0,0,-1,607271242,"6.18"
"C12303",1,2025-10-21,2025-10-20,1,,-1,0,0,1,0,5,1,0,0,55,0,22,1,206,206,0,0,1,0,0,55,0,0,-1,-1,-1,-1,0,0,0,0,0,0,-1,0,0,-1,-1,-1,-1,0,0,0,0,0,0,-1,0,35,0,35,0,0,35,35,35,70,1,1,0,0,0,-1,607271242,"6.18"
"C12306",1,2024-12-27,2024-12-26,5,,-1,1,0,1,0,5,2,0,0,25,0,0,-1,-1,-1,0,0,0,0,0,-1,0,12,0,1,101,99,359,1,0,1,0,0,25,0,0,-1,-1,-1,-1,0,0,0,0,0,0,-1,0,0,0,0,358,0,358,358,0,358,4,0,0,0,0,-1,607271242,"6.18"
"C12309",1,2024-02-03,2024-01-25,5,"NXS12713680",-1,2,0,1,1,5,1,0,0,25,0,2,-1,-1,-1,0,0,0,0,0,-1,0,12,2,1,101,433,28,0,0,1,1,0,25,0,0,-1,-1,-1,-1,0,0,0,0,0,0,-1,0,4,0,4,26,715,745,30,791,821,5,0,1,0,0,-1,607271242,"6.18"
"C12312",2,2025-08-03,2025-08-02,5,,-1,0,0,1,0,5,1,2,0,25,1,0,-1,-1,-1,0,0,0,0,0,-1,0,11,2,1,116,-1,32,0,0,1,0,0,25,1,0,-1,-1,-1,-1,0,0,0,0,0,0,-1,0,0,0,0,32,392,424,32,199,231,4,0,1,0,0,-1,607271242,"6.18"
"C12321",1,2026-07-03,2026-07-02,3,"RRH15414851",532,1,0,1,2,5,1,0,0,25,0,0,-1,-1,-1,0,0,0,0,0,-1,0,21,1,1,116,-1,3,1,0,1,2,0,25,0,0,-1,-1,-1,-1,0,0,0,0,0,0,-1,0,0,0,0,3,87,90,3,412,415,4,0,1,0,0,-1,607271242,"6.18"
"C12324",1,2026-05-15,2026-05-14,1,,-1,1,1,1,1,5,1,0,0,25,0,0,-1,-1,-1,0,0,0,0,0,-1,0,21,0,2,116,-1,139,1,1,1,1,0,25,0,0,-1,-1,-1,-1,0,0,0,0,0,0,-1,0,0,0,0,139,0,139,139,43,182,4,0,0,0,0,-1,607271242,"6.18"
"C12333",1,2025-09-19,2025-09-18,5,,-1,9,1,1,0,5,1,0,0,55,0,12,1,116,419,0,1,1,0,0,55,0,0,-1,-1,-1,-1,0,0,0,0,0,0,-1,0,0,-1,-1,-1,-1,0,0,0,0,0,0,-1,0,0,228,228,0,0,228,228,47,275,2,1,0,0,0,-1,607271242,"6.18"
"C12336",1,2025-10-23,2025-10-22,1,,-1,0,0,1,1,5,1,0,0,25,0,22,1,116,410,0,0,1,1,0,25,0,0,-1,-1,-1,-1,0,0,0,0,0,0,-1,0,0,-1,-1,-1,-1,0,0,0,0,0,0,-1,0,53,0,53,0,0,53,53,81,134,1,1,0,0,0,-1,607271242,"6.18"
"C12348",1,2025-12-01,2025-11-30,2,"NXS10617889",288,0,0,0,0,3,1,0,0,25,0,22,1,336,423,0,0,0,0,0,25,0,0,-1,-1,-1,-1,0,0,0,0,0,0,-1,0,0,-1,-1,-1,-1,0,0,0,0,0,0,-1,0,15,0,15,0,0,15,15,185,200,1,1,0,0,0,-1,607271242,"6.18"
"C12351",2,2026-06-16,2026-06-15,1,,-1,0,0,0,1,126,1,1,1,-1,1,0,-1,-1,-1,0,0,0,0,0,-1,0,21,1,1,116,-1,26,0,0,0,1,0,-1,1,0,-1,-1,-1,-1,0,0,0,0,0,0,-1,0,0,0,0,26,81,107,26,19,45,4,0,1,0,0,-1,607271242,"6.18"
"C12369",1,2026-06-01,2026-05-31,1,,-1,0,0,1,1,5,1,0,0,55,0,21,1,116,-1,0,0,1,1,0,55,0,21,0,1,101,-1,101,0,0,1,1,0,55,0,0,-1,-1,-1,-1,0,0,0,0,0,0,-1,0,122,0,122,0,0,122,122,28,150,5,1,0,0,0,-1,607271242,"6.18"
"C12375",1,2026-06-30,2026-06-29,1,,-1,0,0,1,0,5,1,0,0,55,0,21,3,205,-1,0,0,1,0,0,55,0,0,-1,-1,-1,-1,0,0,0,0,0,0,-1,0,0,-1,-1,-1,-1,0,0,0,0,0,0,-1,0,93,0,93,0,0,93,93,30,123,1,1,0,0,0,-1,607271242,"6.18"
"C12390",1,2025-06-20,2023-11-17,5,"RRH13214461",-1,9,0,1,1,35,1,0,0,25,0,2,-1,-1,-1,0,0,0,0,0,-1,0,2,-1,-1,-1,-1,0,0,0,0,0,0,-1,0,11,2,2,116,-1,467,0,0,1,1,0,25,0,57,0,57,2,0,59,59,792,851,-1,0,0,1,0,-1,607271242,"6.18"
"C12396",1,2025-12-02,2025-12-01,1,,-1,0,0,1,2,135,1,0,0,25,0,22,1,99,302,0,0,1,2,0,25,0,0,-1,-1,-1,-1,0,0,0,0,0,0,-1,0,0,-1,-1,-1,-1,0,0,0,0,0,0,-1,0,57,0,57,0,0,57,57,25,82,1,1,0,0,0,-1,607271242,"6.18"
"C12402",1,2025-05-24,2025-05-23,5,,-1,2,0,1,0,5,1,0,0,25,0,0,-1,-1,-1,0,0,0,0,0,-1,0,11,2,1,101,-1,20,0,0,1,0,0,25,0,0,-1,-1,-1,-1,0,0,0,0,0,0,-1,0,0,0,0,20,475,495,20,446,466,4,0,1,0,0,-1,607271242,"6.18"
"C12405",1,2026-07-14,2026-07-13,1,,-1,0,0,0,0,136,1,0,0,25,0,21,1,410,-1,0,0,0,0,0,25,0,0,-1,-1,-1,-1,0,0,0,0,0,0,-1,0,0,-1,-1,-1,-1,0,0,0,0,0,0,-1,0,79,0,79,0,0,79,79,0,79,1,1,0,0,0,-1,607271242,"6.18"
"C12408",1,2026-06-14,2026-06-13,1,,-1,0,0,0,0,3,1,0,0,18,0,21,1,99,-1,0,0,0,0,0,18,0,0,-1,-1,-1,-1,0,0,0,0,0,0,-1,0,0,-1,-1,-1,-1,0,0,0,0,0,0,-1,0,109,0,109,0,0,109,109,0,109,1,1,0,0,0,-1,607271242,"6.18"
"C12411",1,2026-01-16,2026-01-15,1,,-1,9,0,1,2,56,1,0,0,55,0,22,1,410,98,0,0,1,2,0,55,0,0,-1,-1,-1,-1,0,0,0,0,0,0,-1,0,0,-1,-1,-1,-1,0,0,0,0,0,0,-1,0,23,0,23,0,0,23,23,0,23,1,1,0,0,0,-1,607271242,"6.18"
"C12414",1,2025-11-28,2025-11-27,4,"NXS11419893",155,1,0,1,2,5,1,0,0,25,0,0,-1,-1,-1,0,0,0,0,0,-1,0,22,1,1,101,440,102,1,0,1,2,0,25,0,0,-1,-1,-1,-1,0,0,0,0,0,0,-1,0,0,0,0,102,12,114,102,151,253,4,0,1,0,0,-1,607271242,"6.18"
"C12417",1,2024-03-11,2024-02-18,5,,-1,0,0,1,0,5,1,0,0,25,0,2,-1,-1,-1,0,0,0,0,0,-1,0,12,2,1,101,433,22,0,0,1,0,0,25,0,0,-1,-1,-1,-1,0,0,0,0,0,0,-1,0,28,0,28,7,642,677,35,18,53,5,0,1,0,0,-1,607271242,"6.18"
"C12420",1,2024-12-01,2024-11-30,5,"NBN10517096",-1,1,0,1,0,137,1,0,0,25,0,12,1,434,207,1,0,1,0,0,25,0,12,2,1,101,423,57,1,0,1,0,0,25,0,21,1,2,116,-1,130,1,0,1,0,0,25,0,79,0,79,56,281,416,135,1978,2113,10,1,1,1,0,-1,607271242,"6.18"
"C12423",2,2026-06-22,2026-06-21,1,,-1,0,0,1,0,5,1,1,0,25,1,21,1,410,-1,0,0,1,0,0,25,1,0,-1,-1,-1,-1,0,0,0,0,0,0,-1,0,0,-1,-1,-1,-1,0,0,0,0,0,0,-1,0,101,0,101,0,0,101,101,0,101,1,1,0,0,0,-1,607271242,"6.18"
"C12429",1,2025-07-13,2025-07-12,5,,-1,0,0,0,0,5,1,0,0,25,0,12,1,335,99,0,0,0,0,0,25,0,0,-1,-1,-1,-1,0,0,0,0,0,0,-1,0,0,-1,-1,-1,-1,0,0,0,0,0,0,-1,0,88,0,88,0,0,88,88,57,145,1,1,0,0,0,-1,607271242,"6.18"
"C12432",1,2025-10-18,2025-10-17,1,,-1,0,0,0,0,3,1,0,0,25,0,22,1,336,99,0,0,0,0,0,25,0,22,1,1,101,410,27,0,0,0,0,0,25,0,0,-1,-1,-1,-1,0,0,0,0,0,0,-1,0,20,0,20,19,160,199,39,15,54,5,1,1,0,0,-1,607271242,"6.18"
"C12435",1,2026-04-06,2026-04-05,1,,-1,0,0,1,0,5,1,0,0,55,0,21,1,116,-1,0,0,1,0,0,55,0,0,-1,-1,-1,-1,0,0,0,0,0,0,-1,0,0,-1,-1,-1,-1,0,0,0,0,0,0,-1,0,178,0,178,0,0,178,178,33,211,1,1,0,0,0,-1,607271242,"6.18"
"C12453",1,2026-03-03,2026-03-02,4,"RRH16016917",364,1,0,1,2,5,1,0,0,25,0,0,-1,-1,-1,0,0,0,0,0,-1,0,22,0,1,116,116,111,1,0,1,2,0,25,0,0,-1,-1,-1,-1,0,0,0,0,0,0,-1,0,0,0,0,110,0,110,110,891,1001,4,0,0,0,0,-1,607271242,"6.18"
"C12459",1,2025-09-19,2025-09-18,5,"NXS10618993",-1,0,0,0,0,3,1,0,0,25,0,12,1,336,422,0,0,0,0,0,25,0,0,-1,-1,-1,-1,0,0,0,0,0,0,-1,0,0,-1,-1,-1,-1,0,0,0,0,0,0,-1,0,21,0,21,0,0,21,21,62,83,1,1,0,0,0,-1,607271242,"6.18"
"C12462",1,2026-02-22,2026-02-21,1,,-1,0,1,0,0,147,1,0,0,55,0,22,3,336,410,0,1,0,0,0,55,0,0,-1,-1,-1,-1,0,0,0,0,0,0,-1,0,0,-1,-1,-1,-1,0,0,0,0,0,0,-1,0,21,0,21,0,0,21,21,0,21,1,1,0,0,0,-1,607271242,"6.18"
"C12465",1,2026-01-11,2026-01-10,1,,-1,1,0,1,0,3,1,0,0,25,0,0,-1,-1,-1,0,0,0,0,0,-1,0,21,1,1,101,-1,27,1,0,1,0,0,25,0,0,-1,-1,-1,-1,0,0,0,0,0,0,-1,0,0,0,0,27,236,263,27,555,582,4,0,1,0,0,-1,607271242,"6.18"
"C12468",2,2026-05-12,2026-05-11,1,,-1,4,0,0,2,1,1,1,0,25,1,22,1,336,313,0,0,0,2,0,25,1,21,0,2,101,-1,123,0,0,0,2,0,25,1,0,-1,-1,-1,-1,0,0,0,0,0,0,-1,0,38,0,38,104,0,142,142,4,146,5,1,0,0,0,-1,607271242,"6.18"
"C12474",1,2026-02-02,2026-02-01,4,"NXS10620032",214,1,0,1,1,5,1,0,0,25,0,22,1,116,98,1,0,1,1,0,25,0,0,-1,-1,-1,-1,0,0,0,0,0,0,-1,0,0,-1,-1,-1,-1,0,0,0,0,0,0,-1,0,20,0,20,0,0,20,20,354,374,1,1,0,0,0,-1,607271242,"6.18"
"C12477",1,2024-02-22,2023-10-04,5,"NBN10514465",-1,1,0,1,0,156,1,0,0,25,0,2,-1,-1,-1,0,0,0,0,0,-1,0,12,2,1,101,420,19,1,0,1,0,0,25,0,21,0,2,101,-1,0,1,0,1,0,0,25,0,121,0,121,304,639,1064,425,4808,5233,10,0,1,0,0,-1,607271242,"6.18"
"C12480",2,2026-04-12,2026-04-11,1,,-1,1,1,1,0,3,1,2,0,25,1,0,-1,-1,-1,0,0,0,0,0,-1,0,21,1,2,116,-1,33,1,1,1,0,0,25,1,0,-1,-1,-1,-1,0,0,0,0,0,0,-1,0,0,0,0,33,139,172,33,86,119,4,0,1,0,0,-1,607271242,"6.18"
"C12489",1,2026-06-18,2026-06-17,1,,-1,0,0,1,2,3,1,0,0,25,0,21,1,314,-1,0,0,1,2,0,25,0,0,-1,-1,-1,-1,0,0,0,0,0,0,-1,0,0,-1,-1,-1,-1,0,0,0,0,0,0,-1,0,32,0,32,0,0,32,32,21,53,1,1,0,0,0,-1,607271242,"6.18"
"C12495",1,2025-11-18,2025-11-17,1,,-1,0,0,0,2,157,1,0,0,25,0,22,1,206,98,0,0,0,2,0,25,0,0,-1,-1,-1,-1,0,0,0,0,0,0,-1,0,0,-1,-1,-1,-1,0,0,0,0,0,0,-1,0,58,0,58,0,0,58,58,0,58,1,1,0,0,0,-1,607271242,"6.18"
"C12513",1,2026-01-10,2026-01-09,1,,-1,9,0,1,2,5,1,0,0,55,0,22,1,336,99,0,0,1,2,0,55,0,0,-1,-1,-1,-1,0,0,0,0,0,0,-1,0,0,-1,-1,-1,-1,0,0,0,0,0,0,-1,0,21,0,21,0,0,21,21,0,21,1,1,0,0,0,-1,607271242,"6.18"
"C12528",1,2025-07-31,2025-07-30,5,,-1,6,0,1,0,3,1,0,0,25,0,0,-1,-1,-1,0,0,0,0,0,-1,0,11,1,1,101,-1,127,0,0,1,0,0,25,0,0,-1,-1,-1,-1,0,0,0,0,0,0,-1,0,0,0,0,127,300,427,127,210,337,4,0,1,0,0,-1,607271242,"6.18"
"C12531",1,2022-12-18,2022-12-17,5,,-1,0,0,1,0,3,1,0,0,55,0,0,-1,-1,-1,0,0,0,0,0,-1,0,0,-1,-1,-1,-1,0,0,0,0,0,0,-1,0,11,2,2,101,-1,1382,0,0,1,0,0,55,0,0,0,0,1,0,1,1,314,315,-1,0,0,1,0,-1,607271242,"6.18"
"C12537",1,2025-06-22,2025-06-21,5,"RRH12210512",-1,2,1,1,0,235,1,0,0,55,0,0,-1,-1,-1,0,0,0,0,0,-1,0,12,0,3,101,99,103,0,1,1,0,0,55,0,0,-1,-1,-1,-1,0,0,0,0,0,0,-1,0,0,0,0,102,0,102,102,171,273,4,0,0,0,0,-1,607271242,"6.18"
"C12543",1,2026-06-26,2026-06-25,1,,-1,0,0,0,2,16,1,0,0,25,0,22,1,205,99,0,0,0,2,0,25,0,0,-1,-1,-1,-1,0,0,0,0,0,0,-1,0,0,-1,-1,-1,-1,0,0,0,0,0,0,-1,0,16,0,16,0,0,16,16,0,16,1,1,0,0,0,-1,607271242,"6.18"
"C12555",2,2026-02-21,2026-02-20,1,,-1,0,0,0,1,3,1,2,0,25,1,0,-1,-1,-1,0,0,0,0,0,-1,0,21,1,1,101,-1,27,0,0,0,1,0,25,1,0,-1,-1,-1,-1,0,0,0,0,0,0,-1,0,0,0,0,27,195,222,27,177,204,4,0,1,0,0,-1,607271242,"6.18"
"C12564",1,2026-02-23,2026-02-22,1,,-1,0,0,0,2,5,1,0,0,25,0,22,1,335,312,0,0,0,2,0,25,0,0,-1,-1,-1,-1,0,0,0,0,0,0,-1,0,0,-1,-1,-1,-1,0,0,0,0,0,0,-1,0,34,0,34,0,0,34,34,0,34,1,1,0,0,0,-1,607271242,"6.18"
"C12567",2,2025-06-26,2025-06-25,5,,-1,0,0,1,1,3,1,2,0,25,1,0,-1,-1,-1,0,0,0,0,0,-1,0,12,2,1,116,410,1,0,0,1,1,0,25,1,0,-1,-1,-1,-1,0,0,0,0,0,0,-1,0,0,0,0,1,365,366,1,40,41,4,0,1,0,0,-1,607271242,"6.18"
"C12576",1,2026-04-07,2026-04-06,4,"NBN10515302",689,0,0,0,0,245,1,0,0,25,0,22,1,99,99,0,0,0,0,0,25,0,0,-1,-1,-1,-1,0,0,0,0,0,0,-1,0,0,-1,-1,-1,-1,0,0,0,0,0,0,-1,0,12,0,12,0,0,12,12,35,47,1,1,0,0,0,-1,607271242,"6.18"
"C12594",2,2025-11-10,2025-11-09,1,,-1,0,0,1,0,246,1,3,0,24,1,0,-1,-1,-1,0,0,0,0,0,-1,0,21,1,1,101,-1,15,0,0,1,0,1,24,1,0,-1,-1,-1,-1,0,0,0,0,0,0,-1,0,0,0,0,15,310,325,15,78,93,4,0,1,0,0,-1,607271242,"6.18"
"C12600",1,2026-02-23,2026-02-22,1,,-1,0,1,1,0,3,1,0,0,55,0,22,1,99,423,0,1,1,0,0,55,0,0,-1,-1,-1,-1,0,0,0,0,0,0,-1,0,0,-1,-1,-1,-1,0,0,0,0,0,0,-1,0,4,63,67,0,0,67,67,23,90,3,1,0,0,0,-1,607271242,"6.18"
"C12606",1,2026-01-18,2026-01-17,1,,-1,1,0,1,1,25,1,0,0,25,0,22,1,101,99,1,0,1,1,0,25,0,22,0,1,101,101,110,1,0,1,1,0,25,0,0,-1,-1,-1,-1,0,0,0,0,0,0,-1,0,13,0,13,96,0,109,109,929,1038,5,1,0,0,0,-1,607271242,"6.18"
"C12621",1,2026-03-27,2026-03-26,1,,-1,0,0,1,2,3,1,0,0,55,0,22,1,314,225,0,0,1,2,0,55,0,0,-1,-1,-1,-1,0,0,0,0,0,0,-1,0,0,-1,-1,-1,-1,0,0,0,0,0,0,-1,0,13,0,13,0,0,13,13,0,13,1,1,0,0,0,-1,607271242,"6.18"
"C12624",1,2026-01-10,2026-01-09,4,"NXS11420036",182,1,0,1,0,3,1,0,0,24,0,0,-1,-1,-1,0,0,0,0,0,-1,0,21,0,1,116,-1,264,1,0,1,0,0,24,0,0,-1,-1,-1,-1,0,0,0,0,0,0,-1,0,0,0,0,264,0,264,264,416,680,4,0,0,0,0,-1,607271242,"6.18"
"C12642",1,2026-04-17,2026-04-16,1,,-1,9,0,1,0,5,1,0,0,25,0,22,3,206,313,0,0,1,0,0,25,0,0,-1,-1,-1,-1,0,0,0,0,0,0,-1,0,0,-1,-1,-1,-1,0,0,0,0,0,0,-1,0,25,0,25,0,0,25,25,55,80,1,1,0,0,0,-1,607271242,"6.18"
"C12651",1,2025-07-05,2025-07-04,5,"NBN10519332",-1,1,0,1,0,35,1,0,0,25,0,0,-1,-1,-1,0,0,0,0,0,-1,0,12,2,1,101,420,1,1,0,1,0,0,25,0,0,-1,-1,-1,-1,0,0,0,0,0,0,-1,0,0,0,0,1,130,131,1,691,692,4,0,1,0,0,-1,607271242,"6.18"
"C12669",1,2025-11-13,2025-11-12,1,,-1,6,0,1,2,13,2,0,0,25,0,22,1,335,207,0,0,1,2,0,25,0,21,0,1,101,-1,308,0,0,1,2,0,25,0,0,-1,-1,-1,-1,0,0,0,0,0,0,-1,0,47,0,47,275,0,322,322,0,322,5,1,0,0,0,-1,607271242,"6.18"
"C12672",1,2025-11-08,2025-11-07,1,,-1,1,0,1,2,5,1,0,0,25,0,22,1,336,410,1,0,1,2,0,25,0,0,-1,-1,-1,-1,0,0,0,0,0,0,-1,0,0,-1,-1,-1,-1,0,0,0,0,0,0,-1,0,31,0,31,0,0,31,31,0,31,1,1,0,0,0,-1,607271242,"6.18"
"C12675",1,2026-06-12,2026-06-11,1,,-1,1,0,1,0,5,1,0,0,25,0,22,1,116,99,1,0,1,0,0,25,0,0,-1,-1,-1,-1,0,0,0,0,0,0,-1,0,0,-1,-1,-1,-1,0,0,0,0,0,0,-1,0,23,0,23,0,0,23,23,2,25,1,1,0,0,0,-1,607271242,"6.18"
"C12687",2,2025-09-13,2025-09-12,5,,-1,0,0,0,1,56,1,2,0,25,1,0,-1,-1,-1,0,0,0,0,0,-1,0,12,1,1,101,410,20,0,0,0,1,0,25,1,0,-1,-1,-1,-1,0,0,0,0,0,0,-1,0,0,0,0,20,230,250,20,149,169,4,0,1,0,0,-1,607271242,"6.18"
"C12693",1,2025-08-11,2025-08-10,5,,-1,0,0,1,0,5,1,0,0,25,0,0,-1,-1,-1,0,0,0,0,0,-1,0,12,2,1,101,420,1,0,0,1,0,0,25,0,0,-1,-1,-1,-1,0,0,0,0,0,0,-1,0,0,0,0,1,63,64,1,69,70,4,0,1,0,0,-1,607271242,"6.18"
"C12699",1,2025-07-27,2025-07-26,5,,-1,6,1,1,2,25,2,0,0,25,0,0,-1,-1,-1,0,0,0,0,0,-1,0,12,0,3,116,99,130,0,1,1,2,0,25,0,0,-1,-1,-1,-1,0,0,0,0,0,0,-1,0,0,0,0,129,0,129,129,206,335,4,0,0,0,0,-1,607271242,"6.18"
"C12702",2,2025-10-19,2025-10-18,2,"NXS10216282",410,0,0,0,1,356,1,3,0,25,1,0,-1,-1,-1,0,0,0,0,0,-1,0,22,1,1,116,410,1,0,0,0,1,1,25,1,0,-1,-1,-1,-1,0,0,0,0,0,0,-1,0,0,0,0,1,249,250,1,169,170,4,0,1,0,0,-1,607271242,"6.18"
"C12708",1,2025-12-04,2025-12-03,1,,-1,0,0,1,0,3,1,0,0,55,0,0,-1,-1,-1,0,0,0,0,0,-1,0,22,1,1,101,434,92,0,0,1,0,0,55,0,0,-1,-1,-1,-1,0,0,0,0,0,0,-1,0,0,0,0,92,26,118,92,35,127,4,0,1,0,0,-1,607271242,"6.18"
"C12720",1,2026-01-11,2026-01-10,2,"NXS11319290",250,1,0,1,1,357,1,0,0,25,0,22,1,116,410,1,0,1,1,0,25,0,0,-1,-1,-1,-1,0,0,0,0,0,0,-1,0,0,-1,-1,-1,-1,0,0,0,0,0,0,-1,0,96,0,96,0,0,96,96,300,396,1,1,0,0,0,-1,607271242,"6.18"
"C12723",1,2025-11-10,2025-11-09,4,"NXS10620216",117,1,0,1,0,35,1,0,0,25,0,22,1,336,99,1,0,1,0,0,25,0,0,-1,-1,-1,-1,0,0,0,0,0,0,-1,0,0,-1,-1,-1,-1,0,0,0,0,0,0,-1,0,38,0,38,0,0,38,38,5,43,1,1,0,0,0,-1,607271242,"6.18"
"C12729",3,2026-03-31,2026-03-30,1,,-1,0,0,1,0,5,0,1,0,-1,0,22,1,118,99,0,0,1,0,0,-1,0,0,-1,-1,-1,-1,0,0,0,0,0,0,-1,0,0,-1,-1,-1,-1,0,0,0,0,0,0,-1,0,15,0,15,0,0,15,15,0,15,1,1,0,0,0,-1,607271242,"6.18"
"C12735",1,2025-10-12,2025-10-11,1,,-1,0,0,1,2,5,1,0,0,18,0,22,1,410,99,0,0,1,2,0,18,0,0,-1,-1,-1,-1,0,0,0,0,0,0,-1,0,0,-1,-1,-1,-1,0,0,0,0,0,0,-1,0,13,0,13,0,0,13,13,4,17,1,1,0,0,0,-1,607271242,"6.18"
"C12747",1,2025-12-29,2025-12-28,1,,-1,1,1,1,0,5,1,0,0,25,0,22,1,116,116,1,1,1,0,0,25,0,0,-1,-1,-1,-1,0,0,0,0,0,0,-1,0,0,-1,-1,-1,-1,0,0,0,0,0,0,-1,0,69,0,69,0,0,69,69,787,856,1,1,0,0,0,-1,607271242,"6.18"
"C12750",1,2026-04-11,2026-04-10,1,,-1,0,0,1,2,3,1,0,0,25,0,22,1,206,410,0,0,1,2,0,25,0,0,-1,-1,-1,-1,0,0,0,0,0,0,-1,0,0,-1,-1,-1,-1,0,0,0,0,0,0,-1,0,41,0,41,0,0,41,41,0,41,1,1,0,0,0,-1,607271242,"6.18"
"C12753",2,2024-09-03,2024-08-30,5,,-1,0,0,0,1,457,1,3,0,25,1,2,-1,-1,-1,0,0,0,0,0,-1,0,12,2,1,101,433,17,0,0,0,1,1,25,1,0,-1,-1,-1,-1,0,0,0,0,0,0,-1,0,2,0,2,16,674,692,18,59,77,5,0,1,0,0,-1,607271242,"6.18"
"C12762",2,2026-05-10,2026-05-09,1,,-1,0,0,0,1,3,1,3,0,25,1,22,1,101,99,0,0,0,1,1,25,1,0,-1,-1,-1,-1,0,0,0,0,0,0,-1,0,0,-1,-1,-1,-1,0,0,0,0,0,0,-1,0,21,0,21,0,0,21,21,5,26,1,1,0,0,0,-1,607271242,"6.18"
"C12765",1,2026-07-03,2026-07-02,1,,-1,0,1,1,0,5,1,0,0,55,0,0,-1,-1,-1,0,0,0,0,0,-1,0,21,0,3,116,-1,90,0,1,1,0,0,55,0,0,-1,-1,-1,-1,0,0,0,0,0,0,-1,0,0,0,0,90,0,90,90,151,241,4,0,0,0,0,-1,607271242,"6.18"
"C12777",1,2026-04-04,2026-04-03,2,"TRN14616722",430,1,1,1,0,15,1,0,0,55,0,22,1,206,99,1,1,1,0,0,55,0,0,-1,-1,-1,-1,0,0,0,0,0,0,-1,0,21,1,2,116,-1,95,1,1,1,0,0,55,0,2,0,2,0,0,2,2,1452,1454,9,1,0,1,0,-1,607271242,"6.18"
"C12783",1,2025-11-15,2025-11-14,1,,-1,0,0,1,2,5,1,0,0,25,0,22,1,205,99,0,0,1,2,0,25,0,0,-1,-1,-1,-1,0,0,0,0,0,0,-1,0,0,-1,-1,-1,-1,0,0,0,0,0,0,-1,0,14,0,14,0,0,14,14,0,14,1,1,0,0,0,-1,607271242,"6.18"
"C12786",1,2026-02-28,2026-02-27,1,,-1,1,0,1,2,5,1,0,0,55,0,22,1,118,207,1,0,1,2,0,55,0,21,1,1,101,-1,45,1,0,1,2,0,55,0,0,-1,-1,-1,-1,0,0,0,0,0,0,-1,0,53,0,53,20,142,215,73,1154,1227,5,1,1,0,0,-1,607271242,"6.18"
"C12792",2,2025-02-14,2025-02-13,5,,-1,0,0,1,2,5,1,2,0,25,1,0,-1,-1,-1,0,0,0,0,0,-1,0,12,1,1,116,410,56,0,0,1,2,0,25,1,0,-1,-1,-1,-1,0,0,0,0,0,0,-1,0,0,0,0,56,461,517,56,135,191,4,0,1,0,0,-1,607271242,"6.18"
"C12795",1,2025-08-10,2025-08-09,5,,-1,9,0,1,2,5,1,0,0,55,0,0,-1,-1,-1,0,0,0,0,0,-1,0,12,1,2,116,420,183,0,0,1,2,0,55,0,0,-1,-1,-1,-1,0,0,0,0,0,0,-1,0,0,0,0,183,35,218,183,0,183,4,0,1,0,0,-1,607271242,"6.18"
"C12798",1,2025-11-09,2025-11-08,2,"RRH13214253",563,1,0,1,0,5,1,0,0,25,0,22,1,116,99,1,0,1,0,0,25,0,0,-1,-1,-1,-1,0,0,0,0,0,0,-1,0,0,-1,-1,-1,-1,0,0,0,0,0,0,-1,0,14,0,14,0,0,14,14,251,265,1,1,0,0,0,-1,607271242,"6.18"
"C12804",1,2026-05-22,2026-05-21,1,,-1,0,0,1,0,3,1,0,0,25,0,22,1,410,99,0,0,1,0,0,25,0,0,-1,-1,-1,-1,0,0,0,0,0,0,-1,0,0,-1,-1,-1,-1,0,0,0,0,0,0,-1,0,15,0,15,0,0,15,15,2,17,1,1,0,0,0,-1,607271242,"6.18"
"C12807",1,2026-01-14,2026-01-13,1,,-1,9,0,1,1,5,1,0,0,25,0,22,1,336,99,0,0,1,1,0,25,0,0,-1,-1,-1,-1,0,0,0,0,0,0,-1,0,0,-1,-1,-1,-1,0,0,0,0,0,0,-1,0,20,0,20,0,0,20,20,0,20,1,1,0,0,0,-1,607271242,"6.18"
"C12813",1,2025-07-04,2025-07-03,5,,-1,0,0,1,0,5,2,0,0,25,1,12,1,314,423,0,0,1,0,0,25,1,0,-1,-1,-1,-1,0,0,0,0,0,0,-1,0,0,-1,-1,-1,-1,0,0,0,0,0,0,-1,0,126,0,126,0,0,126,126,0,126,1,1,0,0,0,-1,607271242,"6.18"
"C12819",1,2025-04-25,2025-04-24,5,,-1,1,0,1,0,5,1,0,0,25,0,12,1,116,422,1,0,1,0,0,25,0,22,0,1,101,116,105,1,0,1,0,0,25,0,0,-1,-1,-1,-1,0,0,0,0,0,0,-1,0,196,0,196,104,0,300,300,253,553,5,1,0,0,0,-1,607271242,"6.18"
"C12843",1,2026-05-31,2026-05-30,1,,-1,0,0,0,2,3,1,0,0,25,0,22,1,116,314,0,0,0,2,0,25,0,0,-1,-1,-1,-1,0,0,0,0,0,0,-1,0,0,-1,-1,-1,-1,0,0,0,0,0,0,-1,0,54,0,54,0,0,54,54,4,58,1,1,0,0,0,-1,607271242,"6.18"
"C12852",1,2026-07-09,2026-07-08,1,,-1,0,0,0,0,5,1,0,0,25,0,21,1,420,-1,0,0,0,0,0,25,0,0,-1,-1,-1,-1,0,0,0,0,0,0,-1,0,0,-1,-1,-1,-1,0,0,0,0,0,0,-1,0,84,0,84,0,0,84,84,268,352,1,1,0,0,0,-1,607271242,"6.18"
"C12852",2,2025-10-16,2025-10-15,1,,-1,0,0,1,0,5,2,1,0,25,1,22,1,420,410,0,0,1,0,0,25,1,0,-1,-1,-1,-1,0,0,0,0,0,0,-1,0,0,-1,-1,-1,-1,0,0,0,0,0,0,-1,0,65,0,65,0,0,65,65,2,67,1,1,0,0,0,-1,607271242,"6.18"
"C12855",1,2025-10-18,2025-10-17,1,,-1,0,0,1,1,3,1,0,0,25,0,22,1,116,99,0,0,1,1,0,25,0,0,-1,-1,-1,-1,0,0,0,0,0,0,-1,0,0,-1,-1,-1,-1,0,0,0,0,0,0,-1,0,37,0,37,0,0,37,37,3,40,1,1,0,0,0,-1,607271242,"6.18"
"C12858",1,2025-07-13,2025-07-12,5,"NXS11419613",-1,2,0,1,0,12,1,0,0,55,0,12,1,116,313,0,0,1,0,0,55,0,0,-1,-1,-1,-1,0,0,0,0,0,0,-1,0,0,-1,-1,-1,-1,0,0,0,0,0,0,-1,0,203,0,203,0,0,203,203,142,345,1,1,0,0,0,-1,607271242,"6.18"
"C12861",1,2024-12-16,2024-12-15,5,"NXS11017145",-1,0,0,1,2,5,1,0,0,25,0,0,-1,-1,-1,0,0,0,0,0,-1,0,11,2,1,101,-1,19,0,0,1,2,0,25,0,0,-1,-1,-1,-1,0,0,0,0,0,0,-1,0,0,0,0,19,635,654,19,23,42,4,0,1,0,0,-1,607271242,"6.18"
"C12867",1,2026-01-01,2025-12-31,4,"TRN10412574",690,0,0,0,0,13,1,0,0,25,0,22,1,206,422,0,0,0,0,0,25,0,0,-1,-1,-1,-1,0,0,0,0,0,0,-1,0,0,-1,-1,-1,-1,0,0,0,0,0,0,-1,0,14,0,14,0,0,14,14,0,14,1,1,0,0,0,-1,607271242,"6.18"
"C12879",1,2026-06-27,2026-06-26,1,,-1,0,0,0,0,3,1,0,0,55,0,21,1,335,-1,0,0,0,0,0,55,0,0,-1,-1,-1,-1,0,0,0,0,0,0,-1,0,0,-1,-1,-1,-1,0,0,0,0,0,0,-1,0,96,0,96,0,0,96,96,5,101,1,1,0,0,0,-1,607271242,"6.18"
"C12882",1,2026-02-28,2026-02-27,1,,-1,1,0,1,0,14,1,0,0,55,0,0,-1,-1,-1,0,0,0,0,0,-1,0,21,0,1,116,-1,215,1,0,1,0,0,55,0,0,-1,-1,-1,-1,0,0,0,0,0,0,-1,0,0,0,0,215,0,215,215,467,682,4,0,0,0,0,-1,607271242,"6.18"
"C12888",1,2026-03-10,2026-03-09,3,"NXS10319896",209,1,0,1,1,5,1,0,0,25,0,22,1,101,313,1,0,1,1,0,25,0,0,-1,-1,-1,-1,0,0,0,0,0,0,-1,0,0,-1,-1,-1,-1,0,0,0,0,0,0,-1,0,56,0,56,0,0,56,56,328,384,1,1,0,0,0,-1,607271242,"6.18"
"C12903",2,2025-08-07,2025-08-06,5,,-1,0,0,1,0,3,2,3,0,25,1,0,-1,-1,-1,0,0,0,0,0,-1,0,12,1,1,101,433,58,0,0,1,0,1,25,1,0,-1,-1,-1,-1,0,0,0,0,0,0,-1,0,0,0,0,58,26,84,58,14,72,4,0,1,0,0,-1,607271242,"6.18"
"C12915",1,2025-11-10,2025-11-09,1,,-1,1,0,1,1,5,1,0,0,55,0,22,1,101,207,1,0,1,1,0,55,0,22,0,1,101,116,140,1,0,1,1,0,55,0,0,-1,-1,-1,-1,0,0,0,0,0,0,-1,0,37,0,37,102,0,139,139,281,420,5,1,0,0,0,-1,607271242,"6.18"
"C12921",1,2025-07-26,2025-07-25,5,,-1,6,0,1,0,5,2,0,0,25,1,0,-1,-1,-1,0,0,0,0,0,-1,0,12,0,1,116,99,174,0,0,1,0,0,25,1,0,-1,-1,-1,-1,0,0,0,0,0,0,-1,0,0,0,0,173,0,173,173,115,288,4,0,0,0,0,-1,607271242,"6.18"
"C12930",1,2025-12-22,2025-12-21,4,"NXS11318067",334,4,0,0,2,5,1,0,0,55,0,22,1,101,423,0,0,0,2,0,55,0,0,-1,-1,-1,-1,0,0,0,0,0,0,-1,0,0,-1,-1,-1,-1,0,0,0,0,0,0,-1,0,72,0,72,0,0,72,72,352,424,1,1,0,0,0,-1,607271242,"6.18"
"C12933",1,2025-11-16,2025-11-15,1,,-1,0,1,1,2,5,1,0,0,55,0,22,1,206,423,0,1,1,2,0,55,0,22,0,2,101,206,68,0,1,1,2,0,55,0,0,-1,-1,-1,-1,0,0,0,0,0,0,-1,0,63,82,145,17,0,162,162,187,349,7,1,0,0,0,-1,607271242,"6.18"
"C12936",1,2025-07-26,2025-07-25,5,"NXS11419894",-1,1,0,1,0,23,1,0,0,55,0,0,-1,-1,-1,0,0,0,0,0,-1,0,12,0,1,206,99,275,1,0,1,0,0,55,0,0,-1,-1,-1,-1,0,0,0,0,0,0,-1,0,0,0,0,274,0,274,274,1017,1291,4,0,0,0,0,-1,607271242,"6.18"
"C12945",1,2025-11-24,2025-11-23,1,,-1,0,0,0,0,3,1,0,0,25,0,22,3,410,422,0,0,0,0,0,25,0,0,-1,-1,-1,-1,0,0,0,0,0,0,-1,0,0,-1,-1,-1,-1,0,0,0,0,0,0,-1,0,40,0,40,0,0,40,40,0,40,1,1,0,0,0,-1,607271242,"6.18"
"C12951",2,2026-02-07,2026-02-06,1,,-1,0,0,0,1,24,1,3,0,25,1,22,1,335,410,0,0,0,1,1,25,1,0,-1,-1,-1,-1,0,0,0,0,0,0,-1,0,0,-1,-1,-1,-1,0,0,0,0,0,0,-1,0,83,0,83,0,0,83,83,28,111,1,1,0,0,0,-1,607271242,"6.18"
"C12969",1,2026-01-25,2026-01-24,1,,-1,0,0,1,0,25,1,0,0,25,0,22,1,207,207,0,0,1,0,0,25,0,0,-1,-1,-1,-1,0,0,0,0,0,0,-1,0,0,-1,-1,-1,-1,0,0,0,0,0,0,-1,0,14,0,14,0,0,14,14,0,14,1,1,0,0,0,-1,607271242,"6.18"
"C12978",1,2026-02-17,2026-02-16,1,,-1,0,0,0,0,15,1,0,0,25,0,0,-1,-1,-1,0,0,0,0,0,-1,0,22,0,1,116,99,94,0,0,0,0,0,25,0,0,-1,-1,-1,-1,0,0,0,0,0,0,-1,0,0,0,0,93,0,93,93,184,277,4,0,0,0,0,-1,607271242,"6.18"
"C12981",2,2025-08-07,2025-07-19,5,"NBN10520338",-1,1,0,1,1,3,1,1,0,25,1,21,1,99,-1,1,0,1,1,0,25,1,11,0,1,336,-1,202,1,0,1,1,0,25,1,0,-1,-1,-1,-1,0,0,0,0,0,0,-1,0,28,0,28,183,0,211,211,255,466,5,1,0,0,0,-1,607271242,"6.18"
"C12984",1,2025-07-24,2025-07-23,5,,-1,0,0,1,1,5,1,0,0,25,0,0,-1,-1,-1,0,0,0,0,0,-1,0,12,2,2,116,410,11,0,0,1,1,0,25,0,0,-1,-1,-1,-1,0,0,0,0,0,0,-1,0,0,0,0,11,103,114,11,14,25,4,0,1,0,0,-1,607271242,"6.18"
"C12993",1,2025-10-23,2025-10-22,2,"NXS11419495",147,0,0,1,0,5,1,0,0,55,0,22,1,101,314,0,0,1,0,0,55,0,0,-1,-1,-1,-1,0,0,0,0,0,0,-1,0,0,-1,-1,-1,-1,0,0,0,0,0,0,-1,0,52,0,52,0,0,52,52,22,74,1,1,0,0,0,-1,607271242,"6.18"
"C13002",1,2025-07-26,2025-07-25,5,,-1,0,0,0,2,3,1,0,0,55,0,0,-1,-1,-1,0,0,0,0,0,-1,0,11,1,1,101,-1,150,0,0,0,2,0,55,0,0,-1,-1,-1,-1,0,0,0,0,0,0,-1,0,0,0,0,149,280,429,149,208,357,4,0,1,0,0,-1,607271242,"6.18"
"C13005",1,2025-11-11,2025-11-10,1,,-1,1,0,1,0,5,1,0,0,55,0,22,1,116,313,1,0,1,0,0,55,0,0,-1,-1,-1,-1,0,0,0,0,0,0,-1,0,0,-1,-1,-1,-1,0,0,0,0,0,0,-1,0,39,0,39,0,0,39,39,1031,1070,1,1,0,0,0,-1,607271242,"6.18"
"C13008",1,2026-06-30,2026-06-29,1,,-1,1,0,1,1,34,1,0,0,25,0,0,-1,-1,-1,0,0,0,0,0,-1,0,21,0,1,116,-1,93,1,0,1,1,0,25,0,0,-1,-1,-1,-1,0,0,0,0,0,0,-1,0,0,0,0,93,0,93,93,26,119,4,0,0,0,0,-1,607271242,"6.18"
"C13011",1,2026-02-03,2026-02-02,2,"RRH13213505",402,2,0,1,0,35,1,0,0,25,0,22,1,205,410,0,0,1,0,0,25,0,21,0,1,101,-1,223,0,0,1,0,0,25,0,0,-1,-1,-1,-1,0,0,0,0,0,0,-1,0,15,0,15,223,0,238,238,96,334,5,1,0,0,0,-1,607271242,"6.18"
"C13014",1,2025-07-18,2025-07-17,5,,-1,0,1,1,2,5,3,0,0,25,0,0,-1,-1,-1,0,0,0,0,0,-1,0,12,2,2,116,410,1,0,1,1,2,0,25,0,0,-1,-1,-1,-1,0,0,0,0,0,0,-1,0,0,0,0,1,189,190,1,15,16,4,0,1,0,0,-1,607271242,"6.18"
"C13035",1,2025-10-23,2025-10-22,1,,-1,0,0,1,1,5,1,0,0,55,0,0,-1,-1,-1,0,0,0,0,0,-1,0,21,1,1,116,-1,80,0,0,1,1,0,55,0,0,-1,-1,-1,-1,0,0,0,0,0,0,-1,0,0,0,0,80,263,343,80,142,222,4,0,1,0,0,-1,607271242,"6.18"
"C13038",1,2026-02-04,2026-02-03,1,,-1,1,0,1,0,36,1,0,0,25,0,22,1,314,99,1,0,1,0,0,25,0,0,-1,-1,-1,-1,0,0,0,0,0,0,-1,0,0,-1,-1,-1,-1,0,0,0,0,0,0,-1,0,135,0,135,0,0,135,135,231,366,1,1,0,0,0,-1,607271242,"6.18"
"C13044",1,2025-08-10,2025-08-09,5,,-1,9,0,1,0,3,1,0,0,55,0,0,-1,-1,-1,0,0,0,0,0,-1,0,12,2,1,101,434,32,0,0,1,0,0,55,0,0,-1,-1,-1,-1,0,0,0,0,0,0,-1,0,0,0,0,32,27,59,32,23,55,4,0,1,0,0,-1,607271242,"6.18"
"C13050",1,2026-07-07,2026-07-06,1,,-1,0,0,1,0,15,3,0,0,25,1,0,-1,-1,-1,0,0,0,0,0,-1,0,21,0,3,116,-1,86,0,0,1,0,0,25,1,0,-1,-1,-1,-1,0,0,0,0,0,0,-1,0,0,0,0,86,0,86,86,53,139,4,0,0,0,0,-1,607271242,"6.18"
"C13062",1,2026-02-02,2026-02-01,4,"NXS11421474",137,4,0,0,1,56,1,0,0,25,0,22,1,101,422,0,0,0,1,0,25,0,0,-1,-1,-1,-1,0,0,0,0,0,0,-1,0,0,-1,-1,-1,-1,0,0,0,0,0,0,-1,0,18,0,18,0,0,18,18,138,156,1,1,0,0,0,-1,607271242,"6.18"
"C13065",1,2025-12-13,2025-12-12,4,"NXS10615695",516,0,0,1,0,3,1,0,0,55,0,22,1,336,99,0,0,1,0,0,55,0,0,-1,-1,-1,-1,0,0,0,0,0,0,-1,0,0,-1,-1,-1,-1,0,0,0,0,0,0,-1,0,42,0,42,0,0,42,42,557,599,1,1,0,0,0,-1,607271242,"6.18"
"C13068",2,2024-07-29,2024-07-28,5,,-1,0,0,0,2,2,1,1,0,25,1,0,-1,-1,-1,0,0,0,0,0,-1,0,12,2,1,101,433,39,0,0,0,2,0,25,1,0,-1,-1,-1,-1,0,0,0,0,0,0,-1,0,0,0,0,39,453,492,39,46,85,4,0,1,0,0,-1,607271242,"6.18"
"C13083",1,2026-01-23,2026-01-22,1,,-1,9,1,1,0,3,1,0,0,55,0,0,-1,-1,-1,0,0,0,0,0,-1,0,21,1,2,116,-1,32,0,1,1,0,0,55,0,0,-1,-1,-1,-1,0,0,0,0,0,0,-1,0,0,0,0,32,219,251,32,98,130,4,0,1,0,0,-1,607271242,"6.18"
"C13086",1,2025-07-24,2025-06-25,5,,-1,1,0,1,2,5,1,0,0,25,0,12,1,207,422,1,0,1,2,0,25,0,12,0,1,101,101,274,1,0,1,2,0,25,0,0,-1,-1,-1,-1,0,0,0,0,0,0,-1,0,237,0,237,64,0,301,301,115,416,5,1,0,0,0,-1,607271242,"6.18"
"C13107",1,2025-12-05,2025-12-04,2,"RRH14015713",345,2,0,1,0,3,1,0,0,25,0,22,1,101,423,0,0,1,0,0,25,0,0,-1,-1,-1,-1,0,0,0,0,0,0,-1,0,0,-1,-1,-1,-1,0,0,0,0,0,0,-1,0,81,0,81,0,0,81,81,1,82,1,1,0,0,0,-1,607271242,"6.18"
"C13122",1,2026-06-26,2026-06-25,1,,-1,0,0,0,0,5,1,0,0,55,0,21,1,116,-1,0,0,0,0,0,55,0,0,-1,-1,-1,-1,0,0,0,0,0,0,-1,0,0,-1,-1,-1,-1,0,0,0,0,0,0,-1,0,97,0,97,0,0,97,97,5,102,1,1,0,0,0,-1,607271242,"6.18"
"C13128",1,2022-12-09,2022-12-08,5,,-1,9,0,1,0,15,1,0,0,55,0,0,-1,-1,-1,0,0,0,0,0,-1,0,0,-1,-1,-1,-1,0,0,0,0,0,0,-1,0,11,2,2,101,-1,1392,0,0,1,0,0,55,0,0,0,0,0,0,0,0,9001,9001,-1,0,0,1,0,-1,607271242,"6.18"
"C13134",1,2025-01-27,2024-10-20,5,"NXS12718260",-1,1,0,1,1,5,1,0,0,25,0,2,-1,-1,-1,0,0,0,0,0,-1,0,12,2,1,116,410,5,1,0,1,1,0,25,0,21,1,2,116,-1,163,1,0,1,1,0,25,0,78,0,78,6,287,371,84,254,338,10,0,1,1,0,-1,607271242,"6.18"
"C13137",1,2026-04-23,2026-04-22,1,,-1,1,0,1,0,5,1,0,0,25,0,22,1,207,99,1,0,1,0,0,25,0,0,-1,-1,-1,-1,0,0,0,0,0,0,-1,0,0,-1,-1,-1,-1,0,0,0,0,0,0,-1,0,14,0,14,0,0,14,14,0,14,1,1,0,0,0,-1,607271242,"6.18"
"C13143",1,2026-05-10,2026-05-09,3,"RRH12114865",585,1,0,1,0,5,1,0,0,25,0,0,-1,-1,-1,0,0,0,0,0,-1,0,21,1,2,101,-1,65,1,0,1,0,0,25,0,0,-1,-1,-1,-1,0,0,0,0,0,0,-1,0,0,0,0,65,79,144,65,705,770,4,0,1,0,0,-1,607271242,"6.18"
"C13146",1,2026-06-01,2026-05-31,1,,-1,0,0,0,1,3,1,0,0,25,0,21,3,314,-1,0,0,0,1,0,25,0,0,-1,-1,-1,-1,0,0,0,0,0,0,-1,0,0,-1,-1,-1,-1,0,0,0,0,0,0,-1,0,99,0,99,0,0,99,99,65,164,1,1,0,0,0,-1,607271242,"6.18"
"C13149",1,2026-06-29,2026-06-28,1,,-1,0,0,0,0,3,1,0,0,25,0,22,1,116,422,0,0,0,0,0,25,0,0,-1,-1,-1,-1,0,0,0,0,0,0,-1,0,0,-1,-1,-1,-1,0,0,0,0,0,0,-1,0,24,0,24,0,0,24,24,15,39,1,1,0,0,0,-1,607271242,"6.18"
"C13155",1,2025-11-01,2025-10-31,1,,-1,0,0,0,0,3,1,0,0,25,0,22,1,336,313,0,0,0,0,0,25,0,0,-1,-1,-1,-1,0,0,0,0,0,0,-1,0,0,-1,-1,-1,-1,0,0,0,0,0,0,-1,0,19,0,19,0,0,19,19,85,104,1,1,0,0,0,-1,607271242,"6.18"
"C13158",1,2025-08-22,2025-08-21,5,"TRN10410737",-1,0,0,1,1,5,1,0,0,25,0,0,-1,-1,-1,0,0,0,0,0,-1,0,12,0,1,116,99,127,0,0,1,1,0,25,0,0,-1,-1,-1,-1,0,0,0,0,0,0,-1,0,0,0,0,126,0,126,126,97,223,4,0,0,0,0,-1,607271242,"6.18"
"C13164",1,2023-12-03,2023-11-17,5,"NXS12712970",-1,1,0,1,0,3,1,0,0,25,0,2,-1,-1,-1,0,0,0,0,0,-1,0,12,0,1,101,433,701,1,0,1,0,0,25,0,21,1,2,116,-1,332,1,0,1,0,0,25,0,15,0,15,698,0,713,713,100,813,10,0,0,1,0,-1,607271242,"6.18"
"C13170",1,2026-02-21,2026-02-20,4,"NBN10520043",239,4,0,0,0,3,1,0,0,25,0,22,1,99,99,0,0,0,0,0,25,0,0,-1,-1,-1,-1,0,0,0,0,0,0,-1,0,0,-1,-1,-1,-1,0,0,0,0,0,0,-1,0,20,0,20,0,0,20,20,401,421,1,1,0,0,0,-1,607271242,"6.18"
"C13176",1,2025-12-06,2025-12-05,2,"RRH16015887",283,1,0,1,2,5,1,0,0,55,0,22,1,204,99,1,0,1,2,0,55,0,22,1,1,101,433,87,1,0,1,2,0,55,0,21,1,2,116,-1,157,1,0,1,2,0,55,0,56,0,56,68,0,124,124,1114,1238,10,1,1,1,0,-1,607271242,"6.18"
"C13179",1,2026-01-12,2026-01-11,1,,-1,1,0,1,0,126,1,0,0,25,0,22,1,335,204,1,0,1,0,0,25,0,0,-1,-1,-1,-1,0,0,0,0,0,0,-1,0,0,-1,-1,-1,-1,0,0,0,0,0,0,-1,0,13,0,13,0,0,13,13,1850,1863,1,1,0,0,0,-1,607271242,"6.18"
"C13191",1,2026-05-30,2026-05-29,1,,-1,0,0,1,1,13,1,0,0,25,0,22,1,101,420,0,0,1,1,0,25,0,0,-1,-1,-1,-1,0,0,0,0,0,0,-1,0,0,-1,-1,-1,-1,0,0,0,0,0,0,-1,0,50,0,50,0,0,50,50,6,56,1,1,0,0,0,-1,607271242,"6.18"
"C13194",1,2026-04-19,2026-04-18,1,,-1,0,0,1,2,35,1,0,0,25,0,0,-1,-1,-1,0,0,0,0,0,-1,0,22,0,1,116,116,4,0,0,1,2,0,25,0,0,-1,-1,-1,-1,0,0,0,0,0,0,-1,0,0,0,0,3,0,3,3,208,211,4,0,0,0,0,-1,607271242,"6.18"
"C13194",2,2026-04-23,2026-04-22,2,"RRH13216407",231,0,0,1,2,35,2,2,0,25,1,0,-1,-1,-1,0,0,0,0,0,-1,0,21,1,1,116,-1,1,0,0,1,2,0,25,1,0,-1,-1,-1,-1,0,0,0,0,0,0,-1,0,0,0,0,1,160,161,1,212,213,4,0,1,0,0,-1,607271242,"6.18"
"C13206",1,2025-10-04,2025-10-03,1,,-1,9,0,1,0,134,2,0,0,25,0,22,1,118,204,0,0,1,0,0,25,0,22,0,1,101,313,23,0,0,1,0,0,25,0,0,-1,-1,-1,-1,0,0,0,0,0,0,-1,0,37,0,37,20,0,57,57,129,186,5,1,0,0,0,-1,607271242,"6.18"
"C13209",1,2026-01-11,2026-01-10,2,"RRH15414118",123,1,0,1,0,5,1,0,0,25,0,0,-1,-1,-1,0,0,0,0,0,-1,0,22,1,1,101,440,34,1,0,1,0,0,25,0,0,-1,-1,-1,-1,0,0,0,0,0,0,-1,0,0,0,0,34,21,55,34,177,211,4,0,1,0,0,-1,607271242,"6.18"
"C13224",1,2026-04-14,2026-04-13,1,,-1,1,0,1,1,3,1,0,0,25,0,0,-1,-1,-1,0,0,0,0,0,-1,0,21,0,1,116,-1,170,1,0,1,1,0,25,0,0,-1,-1,-1,-1,0,0,0,0,0,0,-1,0,0,0,0,170,0,170,170,293,463,4,0,0,0,0,-1,607271242,"6.18"
"C13227",1,2026-02-14,2026-02-13,1,,-1,1,1,1,0,136,1,0,0,55,0,22,1,336,99,1,1,1,0,0,55,0,0,-1,-1,-1,-1,0,0,0,0,0,0,-1,0,0,-1,-1,-1,-1,0,0,0,0,0,0,-1,0,8,0,8,0,0,8,8,287,295,1,1,0,0,0,-1,607271242,"6.18"
"C13245",1,2026-05-30,2026-05-29,1,,-1,0,0,1,0,3,1,0,0,25,0,22,1,116,99,0,0,1,0,0,25,0,0,-1,-1,-1,-1,0,0,0,0,0,0,-1,0,0,-1,-1,-1,-1,0,0,0,0,0,0,-1,0,20,0,20,0,0,20,20,12,32,1,1,0,0,0,-1,607271242,"6.18"
"C13251",2,2026-04-21,2026-04-20,1,,-1,0,0,1,0,145,2,3,0,25,1,22,1,99,99,0,0,1,0,1,25,1,0,-1,-1,-1,-1,0,0,0,0,0,0,-1,0,0,-1,-1,-1,-1,0,0,0,0,0,0,-1,0,6,0,6,0,0,6,6,44,50,1,1,0,0,0,-1,607271242,"6.18"
"C13257",1,2025-03-09,2024-01-20,5,"RRH13214611",-1,9,0,1,0,3,1,0,0,25,0,2,-1,-1,-1,0,0,0,0,0,-1,0,2,-1,-1,-1,-1,0,0,0,0,0,0,-1,0,11,2,2,101,-1,570,0,0,1,0,0,25,0,2,0,2,9,0,11,11,488,499,-1,0,0,1,0,-1,607271242,"6.18"
"C13260",1,2025-06-18,2024-05-31,5,"RRH13215751",-1,0,0,1,0,5,1,0,0,55,0,2,-1,-1,-1,0,0,0,0,0,-1,0,12,0,1,410,420,149,0,0,1,0,0,55,0,0,-1,-1,-1,-1,0,0,0,0,0,0,-1,0,83,0,83,149,0,232,232,33,265,5,0,0,0,0,-1,607271242,"6.18"
"C13263",1,2026-07-05,2026-07-04,1,,-1,1,0,1,0,56,1,0,0,25,0,21,1,336,-1,1,0,1,0,0,25,0,0,-1,-1,-1,-1,0,0,0,0,0,0,-1,0,0,-1,-1,-1,-1,0,0,0,0,0,0,-1,0,88,0,88,0,0,88,88,2,90,1,1,0,0,0,-1,607271242,"6.18"
"C13269",2,2026-06-14,2026-06-13,1,,-1,4,0,0,1,5,2,2,0,25,1,0,-1,-1,-1,0,0,0,0,0,-1,0,21,0,3,410,-1,109,0,0,0,1,0,25,1,0,-1,-1,-1,-1,0,0,0,0,0,0,-1,0,0,0,0,109,0,109,109,0,109,4,0,0,0,0,-1,607271242,"6.18"
"C13278",1,2026-06-06,2026-06-05,1,,-1,0,0,0,2,5,2,0,0,25,1,0,-1,-1,-1,0,0,0,0,0,-1,0,21,0,1,116,-1,117,0,0,0,2,0,25,1,0,-1,-1,-1,-1,0,0,0,0,0,0,-1,0,0,0,0,117,0,117,117,63,180,4,0,0,0,0,-1,607271242,"6.18"
"C13287",1,2026-05-24,2026-05-23,3,"RRH16121576",236,1,0,1,2,5,1,0,0,55,0,22,1,101,98,1,0,1,2,0,55,0,0,-1,-1,-1,-1,0,0,0,0,0,0,-1,0,0,-1,-1,-1,-1,0,0,0,0,0,0,-1,0,14,0,14,0,0,14,14,0,14,1,1,0,0,0,-1,607271242,"6.18"
"C13290",1,2025-10-13,2025-10-12,4,"NBN10517180",306,4,0,0,0,5,1,0,0,55,0,0,-1,-1,-1,0,0,0,0,0,-1,0,22,1,1,116,410,4,0,0,0,0,0,55,0,0,-1,-1,-1,-1,0,0,0,0,0,0,-1,0,0,0,0,4,114,118,4,2657,2661,4,0,1,0,0,-1,607271242,"6.18"
"C13293",1,2026-05-25,2026-05-24,1,,-1,1,1,1,0,156,1,0,0,55,0,22,1,116,419,1,1,1,0,0,55,0,21,1,1,116,-1,35,1,1,1,0,0,55,0,0,-1,-1,-1,-1,0,0,0,0,0,0,-1,0,3,0,3,35,90,128,38,4587,4625,5,1,1,0,0,-1,607271242,"6.18"
"C13296",1,2026-04-14,2026-04-13,2,"RRH15616586",410,0,0,1,0,13,1,0,0,25,0,22,1,336,410,0,0,1,0,0,25,0,0,-1,-1,-1,-1,0,0,0,0,0,0,-1,0,0,-1,-1,-1,-1,0,0,0,0,0,0,-1,0,81,0,81,0,0,81,81,0,81,1,1,0,0,0,-1,607271242,"6.18"
"C13299",1,2025-08-18,2025-08-17,5,"RRH16015939",-1,4,0,0,0,5,1,0,0,25,0,0,-1,-1,-1,0,0,0,0,0,-1,0,12,0,1,116,207,199,0,0,0,0,0,25,0,0,-1,-1,-1,-1,0,0,0,0,0,0,-1,0,0,0,0,198,0,198,198,685,883,4,0,0,0,0,-1,607271242,"6.18"
"C13305",1,2025-09-20,2025-09-19,5,"RRH15719462",-1,1,0,1,0,3,1,0,0,25,0,0,-1,-1,-1,0,0,0,0,0,-1,0,12,1,1,116,99,34,1,0,1,0,0,25,0,0,-1,-1,-1,-1,0,0,0,0,0,0,-1,0,0,0,0,34,103,137,34,1509,1543,4,0,1,0,0,-1,607271242,"6.18"
"C13323",1,2025-10-11,2025-10-10,2,"RRH15716280",332,1,0,1,1,15,2,0,0,25,0,0,-1,-1,-1,0,0,0,0,0,-1,0,22,0,1,101,116,98,1,0,1,1,0,25,0,0,-1,-1,-1,-1,0,0,0,0,0,0,-1,0,0,0,0,97,0,97,97,1256,1353,4,0,0,0,0,-1,607271242,"6.18"
"C13338",1,2025-12-22,2025-12-21,1,,-1,0,0,1,0,5,1,0,0,55,0,22,1,336,312,0,0,1,0,0,55,0,0,-1,-1,-1,-1,0,0,0,0,0,0,-1,0,0,-1,-1,-1,-1,0,0,0,0,0,0,-1,0,41,0,41,0,0,41,41,0,41,1,1,0,0,0,-1,607271242,"6.18"
"C13341",2,2025-10-13,2025-10-12,3,"NXS10212802",661,0,0,0,2,5,2,1,0,25,1,22,1,101,411,0,0,0,2,0,25,1,0,-1,-1,-1,-1,0,0,0,0,0,0,-1,0,0,-1,-1,-1,-1,0,0,0,0,0,0,-1,0,42,0,42,0,0,42,42,2,44,1,1,0,0,0,-1,607271242,"6.18"
"C13353",1,2026-03-25,2026-03-24,1,,-1,0,0,1,0,5,1,0,0,55,0,21,3,335,-1,0,0,1,0,0,55,0,0,-1,-1,-1,-1,0,0,0,0,0,0,-1,0,0,-1,-1,-1,-1,0,0,0,0,0,0,-1,0,190,0,190,0,0,190,190,1661,1851,1,1,0,0,0,-1,607271242,"6.18"
"C13362",1,2024-09-06,2024-09-05,5,,-1,9,0,1,1,5,1,0,0,25,0,22,1,99,431,0,0,1,1,0,25,0,11,1,1,116,-1,11,0,0,1,1,0,25,0,0,-1,-1,-1,-1,0,0,0,0,0,0,-1,0,17,0,17,11,592,620,28,183,211,5,1,1,0,0,-1,607271242,"6.18"
"C13383",1,2025-09-07,2025-09-06,5,"NXS11620685",-1,1,0,1,0,5,1,0,0,25,0,0,-1,-1,-1,0,0,0,0,0,-1,0,0,-1,-1,-1,-1,0,0,0,0,0,0,-1,0,12,2,1,116,98,242,1,0,1,0,0,25,0,0,0,0,1,0,1,1,1991,1992,-1,0,0,1,0,-1,607271242,"6.18"
"C13386",1,2025-12-04,2025-12-03,1,,-1,0,0,0,0,5,1,0,0,25,0,22,3,207,423,0,0,0,0,0,25,0,0,-1,-1,-1,-1,0,0,0,0,0,0,-1,0,0,-1,-1,-1,-1,0,0,0,0,0,0,-1,0,16,0,16,0,0,16,16,0,16,1,1,0,0,0,-1,607271242,"6.18"
"C13389",1,2026-07-04,2026-07-03,1,,-1,1,1,1,0,245,1,0,0,25,0,0,-1,-1,-1,0,0,0,0,0,-1,0,21,0,3,101,-1,89,1,1,1,0,0,25,0,0,-1,-1,-1,-1,0,0,0,0,0,0,-1,0,0,0,0,89,0,89,89,2691,2780,4,0,0,0,0,-1,607271242,"6.18"
"C13392",1,2025-08-04,2025-08-03,5,,-1,1,1,1,0,5,1,0,0,55,0,0,-1,-1,-1,0,0,0,0,0,-1,0,12,0,3,116,99,206,1,1,1,0,0,55,0,0,-1,-1,-1,-1,0,0,0,0,0,0,-1,0,0,0,0,205,0,205,205,74,279,4,0,0,0,0,-1,607271242,"6.18"
"C13392",2,2026-07-04,2026-07-03,1,,-1,1,1,1,0,5,2,2,0,25,1,0,-1,-1,-1,0,0,0,0,0,-1,0,21,0,3,116,-1,89,1,1,1,0,0,25,1,0,-1,-1,-1,-1,0,0,0,0,0,0,-1,0,0,0,0,89,0,89,89,408,497,4,0,0,0,0,-1,607271242,"6.18"
"C13395",1,2026-06-15,2026-06-14,1,,-1,4,0,0,2,3,1,0,0,25,0,21,1,116,-1,0,0,0,2,0,25,0,0,-1,-1,-1,-1,0,0,0,0,0,0,-1,0,0,-1,-1,-1,-1,0,0,0,0,0,0,-1,0,108,0,108,0,0,108,108,3042,3150,1,1,0,0,0,-1,607271242,"6.18"
"C13398",1,2025-06-27,2025-06-26,5,,-1,0,1,1,0,3,1,0,0,55,0,0,-1,-1,-1,0,0,0,0,0,-1,0,12,2,1,116,410,62,0,1,1,0,0,55,0,0,-1,-1,-1,-1,0,0,0,0,0,0,-1,0,0,0,0,62,40,102,62,55,117,4,0,1,0,0,-1,607271242,"6.18"
"C13404",1,2026-04-10,2026-04-09,1,,-1,4,0,0,0,246,1,0,0,25,0,22,1,206,422,0,0,0,0,0,25,0,0,-1,-1,-1,-1,0,0,0,0,0,0,-1,0,0,-1,-1,-1,-1,0,0,0,0,0,0,-1,0,54,0,54,0,0,54,54,156,210,1,1,0,0,0,-1,607271242,"6.18"
"C13413",1,2025-10-16,2025-10-15,1,,-1,0,0,1,2,5,1,0,0,25,0,22,1,336,99,0,0,1,2,0,25,0,0,-1,-1,-1,-1,0,0,0,0,0,0,-1,0,0,-1,-1,-1,-1,0,0,0,0,0,0,-1,0,18,0,18,0,0,18,18,179,197,1,1,0,0,0,-1,607271242,"6.18"
"C13416",1,2026-03-19,2026-03-18,1,,-1,4,0,0,1,5,1,0,0,25,0,22,3,116,410,0,0,0,1,0,25,0,0,-1,-1,-1,-1,0,0,0,0,0,0,-1,0,0,-1,-1,-1,-1,0,0,0,0,0,0,-1,0,55,0,55,0,0,55,55,448,503,1,1,0,0,0,-1,607271242,"6.18"
"C13422",2,2026-02-21,2026-02-20,1,,-1,1,0,1,2,3,1,2,0,25,1,22,1,99,99,1,0,1,2,0,25,1,21,1,1,101,-1,79,1,0,1,2,0,25,1,0,-1,-1,-1,-1,0,0,0,0,0,0,-1,0,14,0,14,73,118,205,87,2590,2677,5,1,1,0,0,-1,607271242,"6.18"
"C13425",1,2026-02-23,2026-02-22,2,"RRH15415386",536,1,0,1,0,256,1,0,0,25,0,22,1,206,116,1,0,1,0,0,25,0,0,-1,-1,-1,-1,0,0,0,0,0,0,-1,0,0,-1,-1,-1,-1,0,0,0,0,0,0,-1,0,26,0,26,0,0,26,26,1118,1144,1,1,0,0,0,-1,607271242,"6.18"
"C13431",1,2026-07-07,2026-07-06,1,,-1,0,0,0,0,3,1,0,0,25,0,21,1,116,-1,0,0,0,0,0,25,0,0,-1,-1,-1,-1,0,0,0,0,0,0,-1,0,0,-1,-1,-1,-1,0,0,0,0,0,0,-1,0,86,0,86,0,0,86,86,64,150,1,1,0,0,0,-1,607271242,"6.18"
"C13434",1,2024-11-15,2024-10-18,5,,-1,6,0,1,2,5,1,0,0,25,0,2,-1,-1,-1,0,0,0,0,0,-1,0,12,2,1,101,99,203,0,0,1,2,0,25,0,0,-1,-1,-1,-1,0,0,0,0,0,0,-1,0,196,0,196,34,117,347,230,57,287,5,0,0,0,0,-1,607271242,"6.18"
"C13437",2,2026-06-22,2026-06-21,1,,-1,0,0,1,0,3,1,1,0,25,1,21,1,314,-1,0,0,1,0,0,25,1,0,-1,-1,-1,-1,0,0,0,0,0,0,-1,0,0,-1,-1,-1,-1,0,0,0,0,0,0,-1,0,101,0,101,0,0,101,101,0,101,1,1,0,0,0,-1,607271242,"6.18"
"C13443",1,2026-01-25,2026-01-24,3,"NXS11417102",353,0,0,1,0,3,1,0,0,55,0,0,-1,-1,-1,0,0,0,0,0,-1,0,21,1,1,101,-1,1,0,0,1,0,0,55,0,0,-1,-1,-1,-1,0,0,0,0,0,0,-1,0,0,0,0,1,248,249,1,83,84,4,0,1,0,0,-1,607271242,"6.18"
"C13455",2,2025-11-21,2025-11-20,1,,-1,0,0,1,2,5,1,2,0,25,1,0,-1,-1,-1,0,0,0,0,0,-1,0,21,1,1,116,-1,1,0,0,1,2,0,25,1,0,-1,-1,-1,-1,0,0,0,0,0,0,-1,0,0,0,0,1,313,314,1,202,203,4,0,1,0,0,-1,607271242,"6.18"
"C13467",1,2025-12-06,2025-12-05,1,,-1,0,0,1,0,5,1,0,0,25,0,22,3,205,99,0,0,1,0,0,25,0,0,-1,-1,-1,-1,0,0,0,0,0,0,-1,0,0,-1,-1,-1,-1,0,0,0,0,0,0,-1,0,23,0,23,0,0,23,23,2,25,1,1,0,0,0,-1,607271242,"6.18"
"C13482",1,2026-07-05,2026-07-04,1,,-1,0,0,1,2,3,1,0,0,18,0,22,1,101,313,0,0,1,2,0,18,0,0,-1,-1,-1,-1,0,0,0,0,0,0,-1,0,0,-1,-1,-1,-1,0,0,0,0,0,0,-1,0,14,0,14,0,0,14,14,2,16,1,1,0,0,0,-1,607271242,"6.18"
"C13503",1,2026-02-02,2026-02-01,1,,-1,0,0,1,2,357,1,0,0,55,0,22,1,336,313,0,0,1,2,0,55,0,0,-1,-1,-1,-1,0,0,0,0,0,0,-1,0,0,-1,-1,-1,-1,0,0,0,0,0,0,-1,0,41,0,41,0,0,41,41,3,44,1,1,0,0,0,-1,607271242,"6.18"
"C13506",2,2026-04-14,2026-04-13,1,,-1,4,0,0,2,35,1,3,0,25,1,0,-1,-1,-1,0,0,0,0,0,-1,0,21,0,1,101,-1,170,0,0,0,2,1,25,1,0,-1,-1,-1,-1,0,0,0,0,0,0,-1,0,0,0,0,170,0,170,170,315,485,4,0,0,0,0,-1,607271242,"6.18"
"C13542",1,2025-10-02,2025-10-01,1,,-1,0,0,1,2,3,1,0,0,25,0,22,1,410,99,0,0,1,2,0,25,0,0,-1,-1,-1,-1,0,0,0,0,0,0,-1,0,0,-1,-1,-1,-1,0,0,0,0,0,0,-1,0,18,0,18,0,0,18,18,124,142,1,1,0,0,0,-1,607271242,"6.18"
"C13545",1,2025-04-04,2025-04-03,5,,-1,1,1,1,2,5,1,0,0,25,0,0,-1,-1,-1,0,0,0,0,0,-1,0,0,-1,-1,-1,-1,0,0,0,0,0,0,-1,0,11,0,1,101,-1,0,1,1,1,2,0,25,0,0,0,0,545,0,545,545,874,1419,8,0,0,0,0,-1,607271242,"6.18"
"C13554",1,2025-12-05,2025-12-04,4,"NXS10719076",226,1,0,1,0,5,1,0,0,25,0,0,-1,-1,-1,0,0,0,0,0,-1,0,21,1,1,101,-1,53,1,0,1,0,0,25,0,0,-1,-1,-1,-1,0,0,0,0,0,0,-1,0,0,0,0,53,247,300,53,306,359,4,0,1,0,0,-1,607271242,"6.18"
"C13557",1,2025-12-22,2025-12-21,1,,-1,6,0,1,0,5,1,0,0,25,0,21,1,101,-1,0,0,1,0,0,25,0,21,0,1,101,-1,149,0,0,1,0,0,25,0,0,-1,-1,-1,-1,0,0,0,0,0,0,-1,0,283,0,283,0,0,283,283,23,306,5,1,0,0,0,-1,607271242,"6.18"
"C13563",1,2025-12-31,2025-12-30,4,"NXS10921199",118,1,0,1,0,467,1,0,0,25,0,22,3,116,98,1,0,1,0,0,25,0,0,-1,-1,-1,-1,0,0,0,0,0,0,-1,0,0,-1,-1,-1,-1,0,0,0,0,0,0,-1,0,58,0,58,0,0,58,58,486,544,1,1,0,0,0,-1,607271242,"6.18"
"C13566",2,2025-09-11,2025-09-10,5,,-1,0,0,0,1,56,1,3,0,24,1,0,-1,-1,-1,0,0,0,0,0,-1,0,11,2,1,101,-1,11,0,0,0,1,1,24,1,0,-1,-1,-1,-1,0,0,0,0,0,0,-1,0,0,0,0,11,374,385,11,34,45,4,0,1,0,0,-1,607271242,"6.18"
"C13578",1,2025-08-03,2025-08-02,5,"NXS11315191",-1,4,0,0,1,3,1,0,0,25,0,22,3,336,410,0,0,0,1,0,25,0,12,0,1,116,423,182,0,0,0,1,0,25,0,0,-1,-1,-1,-1,0,0,0,0,0,0,-1,0,24,0,24,180,0,204,204,289,493,5,1,0,0,22,1,607271242,"6.18"
"C13581",2,2025-11-30,2025-11-29,1,,-1,1,0,1,2,5,1,2,0,24,1,22,1,101,420,1,0,1,2,0,24,1,22,1,1,101,420,41,1,0,1,2,0,24,1,0,-1,-1,-1,-1,0,0,0,0,0,0,-1,0,45,0,45,11,54,110,56,367,423,5,1,1,0,0,-1,607271242,"6.18"
"C13596",1,2026-04-11,2026-04-10,2,"RRH12315322",454,9,1,1,0,3,1,0,0,55,0,21,1,116,-1,0,1,1,0,0,55,0,0,-1,-1,-1,-1,0,0,0,0,0,0,-1,0,0,-1,-1,-1,-1,0,0,0,0,0,0,-1,0,10,40,50,0,0,50,50,3,53,3,1,0,0,0,-1,607271242,"6.18"
"C13599",1,2025-07-11,2025-07-10,5,,-1,9,1,1,0,2,1,0,0,55,0,0,-1,-1,-1,0,0,0,0,0,-1,0,12,2,2,116,410,10,0,1,1,0,0,55,0,0,-1,-1,-1,-1,0,0,0,0,0,0,-1,0,0,0,0,10,183,193,10,16,26,4,0,1,0,0,-1,607271242,"6.18"
"C13626",1,2025-07-12,2025-07-11,5,"NXS11419546",-1,1,0,1,0,3,1,0,0,55,0,11,1,206,-1,1,0,1,0,0,55,0,21,0,1,101,-1,273,1,0,1,0,0,55,0,0,-1,-1,-1,-1,0,0,0,0,0,0,-1,0,446,0,446,0,0,446,446,2256,2702,5,1,0,0,0,-1,607271242,"6.18"
"C13632",1,2026-03-04,2026-03-03,1,,-1,9,0,1,2,5,1,0,0,25,0,22,1,207,99,0,0,1,2,0,25,0,0,-1,-1,-1,-1,0,0,0,0,0,0,-1,0,0,-1,-1,-1,-1,0,0,0,0,0,0,-1,0,88,0,88,0,0,88,88,0,88,1,1,0,0,0,-1,607271242,"6.18"
"C13647",1,2025-10-30,2025-10-29,1,,-1,0,0,1,2,5,1,0,0,25,0,22,1,434,302,0,0,1,2,0,25,0,0,-1,-1,-1,-1,0,0,0,0,0,0,-1,0,0,-1,-1,-1,-1,0,0,0,0,0,0,-1,0,0,100,100,0,0,100,100,0,100,2,1,0,0,0,-1,607271242,"6.18"
"C13653",1,2024-11-23,2024-11-22,5,"RRH13214145",-1,1,0,1,2,7,1,0,0,55,0,22,1,99,99,1,0,1,2,0,55,0,12,0,1,101,101,538,1,0,1,2,0,55,0,0,-1,-1,-1,-1,0,0,0,0,0,0,-1,0,7,0,7,530,0,537,537,381,918,5,1,0,0,0,-1,607271242,"6.18"
"C13656",1,2026-04-27,2026-04-26,1,,-1,1,0,1,1,5,1,0,0,25,0,22,1,101,205,1,0,1,1,0,25,0,0,-1,-1,-1,-1,0,0,0,0,0,0,-1,0,0,-1,-1,-1,-1,0,0,0,0,0,0,-1,0,13,0,13,0,0,13,13,732,745,1,1,0,0,0,-1,607271242,"6.18"
"C13665",1,2026-05-27,2026-05-26,1,,-1,0,0,1,2,5,1,0,0,55,0,22,3,116,206,0,0,1,2,0,55,0,0,-1,-1,-1,-1,0,0,0,0,0,0,-1,0,0,-1,-1,-1,-1,0,0,0,0,0,0,-1,0,17,0,17,0,0,17,17,62,79,1,1,0,0,0,-1,607271242,"6.18"
"C13677",1,2025-11-14,2025-11-13,1,,-1,0,0,1,0,3,1,0,0,55,0,22,1,116,314,0,0,1,0,0,55,0,0,-1,-1,-1,-1,0,0,0,0,0,0,-1,0,0,-1,-1,-1,-1,0,0,0,0,0,0,-1,0,75,0,75,0,0,75,75,0,75,1,1,0,0,0,-1,607271242,"6.18"
"C13698",1,2025-05-03,2025-04-01,5,"TRN14619096",-1,1,1,1,0,5,1,0,0,55,0,12,1,101,312,1,1,1,0,0,55,0,22,1,2,101,422,60,1,1,1,0,0,55,0,0,-1,-1,-1,-1,0,0,0,0,0,0,-1,0,9,241,250,8,13,271,258,41,299,7,1,1,0,0,-1,607271242,"6.18"
"C13701",1,2026-01-27,2026-01-26,1,,-1,0,0,1,0,5,1,0,0,25,0,0,-1,-1,-1,0,0,0,0,0,-1,0,22,1,1,101,410,3,0,0,1,0,0,25,0,0,-1,-1,-1,-1,0,0,0,0,0,0,-1,0,0,0,0,3,50,53,3,36,39,4,0,1,0,0,-1,607271242,"6.18"
"C13704",1,2026-07-26,2026-07-25,1,,-1,0,0,1,0,16,1,0,0,55,0,21,1,99,-1,0,0,1,0,0,55,0,0,-1,-1,-1,-1,0,0,0,0,0,0,-1,0,0,-1,-1,-1,-1,0,0,0,0,0,0,-1,0,5,0,5,0,0,5,5,51,56,1,1,0,0,0,-1,607271242,"6.18"
"C13707",1,2025-10-10,2025-10-09,3,"NXS11319280",157,0,0,0,0,3,1,0,0,25,0,21,1,116,-1,0,0,0,0,0,25,0,0,-1,-1,-1,-1,0,0,0,0,0,0,-1,0,0,-1,-1,-1,-1,0,0,0,0,0,0,-1,0,229,0,229,0,0,229,229,39,268,1,1,0,0,0,-1,607271242,"6.18"
"C13713",1,2025-11-16,2025-11-15,1,,-1,0,0,0,0,56,1,0,0,25,0,22,1,116,410,0,0,0,0,0,25,0,0,-1,-1,-1,-1,0,0,0,0,0,0,-1,0,0,-1,-1,-1,-1,0,0,0,0,0,0,-1,0,48,0,48,0,0,48,48,152,200,1,1,0,0,0,-1,607271242,"6.18"
"C13716",1,2025-12-23,2025-12-22,1,,-1,0,0,1,2,3,1,0,0,25,0,22,1,336,423,0,0,1,2,0,25,0,0,-1,-1,-1,-1,0,0,0,0,0,0,-1,0,0,-1,-1,-1,-1,0,0,0,0,0,0,-1,0,42,0,42,0,0,42,42,19,61,1,1,0,0,0,-1,607271242,"6.18"
"C13719",1,2026-04-04,2026-04-03,1,,-1,0,0,1,2,5,1,0,0,25,0,22,1,206,99,0,0,1,2,0,25,0,0,-1,-1,-1,-1,0,0,0,0,0,0,-1,0,0,-1,-1,-1,-1,0,0,0,0,0,0,-1,0,38,0,38,0,0,38,38,106,144,1,1,0,0,0,-1,607271242,"6.18"
"C13722",1,2026-05-15,2026-05-14,1,,-1,9,1,1,0,5,1,0,0,55,0,22,1,206,205,0,1,1,0,0,55,0,0,-1,-1,-1,-1,0,0,0,0,0,0,-1,0,0,-1,-1,-1,-1,0,0,0,0,0,0,-1,0,0,61,61,0,0,61,61,0,61,2,1,0,0,0,-1,607271242,"6.18"
"C13725",1,2025-11-26,2025-11-25,2,"NXS12717428",315,1,0,1,2,56,1,0,0,55,0,22,1,336,116,1,0,1,2,0,55,0,0,-1,-1,-1,-1,0,0,0,0,0,0,-1,0,21,1,2,116,-1,135,1,0,1,2,0,55,0,73,0,73,16,0,89,89,748,837,9,1,0,1,0,-1,607271242,"6.18"
"C13737",2,2026-01-20,2026-01-19,1,,-1,9,0,1,0,5,1,2,0,25,1,22,1,314,302,0,0,1,0,0,25,1,0,-1,-1,-1,-1,0,0,0,0,0,0,-1,0,0,-1,-1,-1,-1,0,0,0,0,0,0,-1,0,117,0,117,0,0,117,117,0,117,1,1,0,0,0,-1,607271242,"6.18"
"C13746",1,2025-04-04,2025-04-03,5,,-1,1,1,1,0,24,1,0,0,25,0,0,-1,-1,-1,0,0,0,0,0,-1,0,0,-1,-1,-1,-1,0,0,0,0,0,0,-1,0,11,0,1,116,-1,0,1,1,1,0,0,25,0,0,0,0,545,0,545,545,1157,1702,8,0,0,0,0,-1,607271242,"6.18"
"C13752",1,2025-09-19,2025-09-18,5,,-1,9,0,1,0,5,1,0,0,25,0,12,3,99,98,0,0,1,0,0,25,0,0,-1,-1,-1,-1,0,0,0,0,0,0,-1,0,0,-1,-1,-1,-1,0,0,0,0,0,0,-1,0,132,0,132,0,0,132,132,0,132,1,1,0,0,0,-1,607271242,"6.18"
"C13755",2,2026-04-27,2026-04-26,1,,-1,0,0,1,2,3,2,3,0,25,1,0,-1,-1,-1,0,0,0,0,0,-1,0,21,1,1,116,-1,8,0,0,1,2,1,25,1,0,-1,-1,-1,-1,0,0,0,0,0,0,-1,0,0,0,0,8,149,157,8,21,29,4,0,1,0,0,-1,607271242,"6.18"
"C13776",1,2026-06-16,2026-06-15,1,,-1,1,0,1,2,5,1,0,0,25,0,22,1,116,99,1,0,1,2,0,25,0,0,-1,-1,-1,-1,0,0,0,0,0,0,-1,0,0,-1,-1,-1,-1,0,0,0,0,0,0,-1,0,8,0,8,0,0,8,8,3427,3435,1,1,0,0,0,-1,607271242,"6.18"
"C13779",1,2026-04-04,2026-04-03,1,,-1,0,0,1,2,5,1,0,0,25,0,22,1,336,312,0,0,1,2,0,25,0,0,-1,-1,-1,-1,0,0,0,0,0,0,-1,0,0,-1,-1,-1,-1,0,0,0,0,0,0,-1,0,44,0,44,0,0,44,44,0,44,1,1,0,0,0,-1,607271242,"6.18"
"C13785",1,2026-07-03,2026-07-02,1,,-1,1,0,1,0,27,1,0,0,25,0,21,1,207,-1,1,0,1,0,0,25,0,0,-1,-1,-1,-1,0,0,0,0,0,0,-1,0,0,-1,-1,-1,-1,0,0,0,0,0,0,-1,0,90,0,90,0,0,90,90,151,241,1,1,0,0,0,-1,607271242,"6.18"
"C13788",1,2026-06-20,2026-06-19,1,,-1,0,0,0,0,3,1,0,0,55,0,0,-1,-1,-1,0,0,0,0,0,-1,0,21,0,1,116,-1,103,0,0,0,0,0,55,0,0,-1,-1,-1,-1,0,0,0,0,0,0,-1,0,0,0,0,103,0,103,103,37,140,4,0,0,0,0,-1,607271242,"6.18"
"C13794",1,2025-04-04,2025-04-03,5,,-1,0,1,1,0,5,1,0,0,55,0,0,-1,-1,-1,0,0,0,0,0,-1,0,0,-1,-1,-1,-1,0,0,0,0,0,0,-1,0,11,2,1,419,-1,545,0,1,1,0,0,55,0,0,0,0,0,0,0,0,0,0,-1,0,0,1,0,-1,607271242,"6.18"
"C13839",1,2025-07-06,2025-07-05,5,,-1,0,0,0,0,3,2,0,0,25,1,12,1,336,434,0,0,0,0,0,25,1,0,-1,-1,-1,-1,0,0,0,0,0,0,-1,0,0,-1,-1,-1,-1,0,0,0,0,0,0,-1,0,158,0,158,0,0,158,158,0,158,1,1,0,0,0,-1,607271242,"6.18"
"C13848",1,2026-03-07,2026-03-06,1,,-1,9,0,1,0,3,1,0,0,25,0,22,1,314,99,0,0,1,0,0,25,0,0,-1,-1,-1,-1,0,0,0,0,0,0,-1,0,0,-1,-1,-1,-1,0,0,0,0,0,0,-1,0,14,0,14,0,0,14,14,0,14,1,1,0,0,0,-1,607271242,"6.18"
"C13854",1,2025-10-23,2025-10-22,1,,-1,9,0,1,2,1,1,0,0,25,0,22,1,335,302,0,0,1,2,0,25,0,0,-1,-1,-1,-1,0,0,0,0,0,0,-1,0,0,-1,-1,-1,-1,0,0,0,0,0,0,-1,0,21,0,21,0,0,21,21,0,21,1,1,0,0,0,-1,607271242,"6.18"
"C13860",2,2026-05-12,2026-05-11,1,,-1,0,1,0,0,45,2,2,0,25,1,0,-1,-1,-1,0,0,0,0,0,-1,0,21,0,2,116,-1,142,0,1,0,0,0,25,1,0,-1,-1,-1,-1,0,0,0,0,0,0,-1,0,0,0,0,142,0,142,142,40,182,4,0,0,0,0,-1,607271242,"6.18"
"C13881",1,2025-12-26,2025-12-25,1,,-1,0,0,1,0,3,1,0,0,25,0,22,1,336,207,0,0,1,0,0,25,0,0,-1,-1,-1,-1,0,0,0,0,0,0,-1,0,0,-1,-1,-1,-1,0,0,0,0,0,0,-1,0,37,0,37,0,0,37,37,0,37,1,1,0,0,0,-1,607271242,"6.18"
"C13905",1,2025-08-29,2025-08-28,5,,-1,1,0,1,2,15,1,0,0,25,0,0,-1,-1,-1,0,0,0,0,0,-1,0,12,0,1,116,24,78,1,0,1,2,0,25,0,0,-1,-1,-1,-1,0,0,0,0,0,0,-1,0,0,0,0,77,0,77,77,3787,3864,4,0,0,0,0,-1,607271242,"6.18"
"C13920",1,2025-09-19,2025-02-09,5,"RRH12118492",-1,1,0,1,0,67,1,0,0,55,0,0,-1,-1,-1,0,0,0,0,0,-1,0,12,2,1,431,410,1,1,0,1,0,0,55,0,0,-1,-1,-1,-1,0,0,0,0,0,0,-1,0,0,0,0,216,68,284,216,1156,1372,4,0,1,0,0,-1,607271242,"6.18"
"C13923",1,2026-08-01,2026-07-31,1,,-1,0,0,1,0,36,1,0,0,25,0,21,1,99,-1,0,0,1,0,0,25,0,0,-1,-1,-1,-1,0,0,0,0,0,0,-1,0,0,-1,-1,-1,-1,0,0,0,0,0,0,-1,0,1,0,1,0,0,1,1,49,50,1,1,0,0,0,-1,607271242,"6.18"
"C13926",1,2026-03-14,2026-03-13,1,,-1,1,0,1,1,5,1,0,0,25,0,21,1,410,-1,1,0,1,1,0,25,0,21,0,1,101,-1,180,1,0,1,1,0,25,0,0,-1,-1,-1,-1,0,0,0,0,0,0,-1,0,197,0,197,4,0,201,201,8,209,5,1,0,0,0,-1,607271242,"6.18"
"C13938",1,2025-06-19,2025-06-12,5,"NBN10519436",-1,0,0,1,0,5,1,0,0,25,0,2,-1,-1,-1,0,0,0,0,0,-1,0,12,2,1,101,410,1,0,0,1,0,0,25,0,0,-1,-1,-1,-1,0,0,0,0,0,0,-1,0,3,0,3,1,239,243,4,51,55,5,0,1,0,0,-1,607271242,"6.18"
"C13944",1,2025-12-04,2025-12-03,1,,-1,0,0,1,2,5,1,0,0,55,0,22,1,101,99,0,0,1,2,0,55,0,0,-1,-1,-1,-1,0,0,0,0,0,0,-1,0,0,-1,-1,-1,-1,0,0,0,0,0,0,-1,0,21,0,21,0,0,21,21,0,21,1,1,0,0,0,-1,607271242,"6.18"
"C13974",1,2025-09-21,2024-01-19,5,"NXS10717316",-1,4,0,0,0,5,1,0,0,55,0,11,1,101,-1,0,0,0,0,0,55,0,21,0,1,101,-1,285,0,0,0,0,0,55,0,0,-1,-1,-1,-1,0,0,0,0,0,0,-1,0,980,0,980,0,0,980,980,1740,2720,5,1,0,0,0,-1,607271242,"6.18"
"C13986",1,2025-12-20,2025-12-19,2,"RRH13217933",225,1,0,1,0,3,1,0,0,55,0,22,1,99,99,1,0,1,0,0,55,0,21,1,1,116,-1,16,1,0,1,0,0,55,0,0,-1,-1,-1,-1,0,0,0,0,0,0,-1,0,1,0,1,16,179,196,17,858,875,5,1,1,0,0,-1,607271242,"6.18"
"C14001",1,2025-03-22,2025-03-21,5,,-1,1,0,1,0,5,1,0,0,25,0,0,-1,-1,-1,0,0,0,0,0,-1,0,12,0,1,116,99,348,1,0,1,0,0,25,0,0,-1,-1,-1,-1,0,0,0,0,0,0,-1,0,0,0,0,347,0,347,347,138,485,4,0,0,0,0,-1,607271242,"6.18"
"C14007",1,2025-08-09,2025-08-08,5,"NBN10512631",-1,9,0,1,1,3,1,0,0,25,0,12,1,99,99,0,0,1,1,0,25,0,12,1,1,336,410,83,0,0,1,1,0,25,0,0,-1,-1,-1,-1,0,0,0,0,0,0,-1,0,22,0,22,66,156,244,88,220,308,5,1,1,0,0,-1,607271242,"6.18"
"C14013",1,2026-06-06,2026-06-05,4,"TRN14618810",405,9,1,1,2,3,1,0,0,25,0,22,3,207,207,0,1,1,2,0,25,0,0,-1,-1,-1,-1,0,0,0,0,0,0,-1,0,0,-1,-1,-1,-1,0,0,0,0,0,0,-1,0,33,0,33,0,0,33,33,62,95,1,1,0,0,0,-1,607271242,"6.18"
"C14019",1,2025-10-13,2025-10-12,1,,-1,4,1,0,0,5,1,0,0,25,0,22,3,116,116,0,1,0,0,0,25,0,0,-1,-1,-1,-1,0,0,0,0,0,0,-1,0,0,-1,-1,-1,-1,0,0,0,0,0,0,-1,0,45,0,45,0,0,45,45,1164,1209,1,1,0,0,0,-1,607271242,"6.18"
"C14025",1,2025-10-02,2025-10-01,5,"RRH13216521",-1,1,0,1,2,5,1,0,0,25,0,22,1,99,99,1,0,1,2,0,25,0,22,0,1,101,433,62,1,0,1,2,0,25,0,21,1,2,101,-1,149,1,0,1,2,0,25,0,11,0,11,202,0,213,213,40,253,10,1,0,1,0,-1,607271242,"6.18"
"C14034",2,2025-08-21,2025-08-20,5,"RRH13214636",-1,0,0,1,2,134,1,3,0,25,1,0,-1,-1,-1,0,0,0,0,0,-1,0,11,2,1,101,-1,24,0,0,1,2,1,25,1,0,-1,-1,-1,-1,0,0,0,0,0,0,-1,0,0,0,0,24,382,406,24,77,101,4,0,1,0,0,-1,607271242,"6.18"
"C14046",1,2026-01-11,2026-01-10,1,,-1,0,0,1,0,5,2,0,0,25,0,22,1,314,410,0,0,1,0,0,25,0,0,-1,-1,-1,-1,0,0,0,0,0,0,-1,0,0,-1,-1,-1,-1,0,0,0,0,0,0,-1,0,33,0,33,0,0,33,33,4,37,1,1,0,0,0,-1,607271242,"6.18"
"C14052",2,2025-11-20,2025-11-19,1,,-1,0,0,1,0,135,2,1,0,25,1,22,1,116,314,0,0,1,0,0,25,1,0,-1,-1,-1,-1,0,0,0,0,0,0,-1,0,0,-1,-1,-1,-1,0,0,0,0,0,0,-1,0,62,0,62,0,0,62,62,29,91,1,1,0,0,0,-1,607271242,"6.18"
"C14061",2,2026-07-11,2026-07-10,1,,-1,0,0,0,0,3,1,2,0,25,1,22,1,99,99,0,0,0,0,0,25,1,0,-1,-1,-1,-1,0,0,0,0,0,0,-1,0,0,-1,-1,-1,-1,0,0,0,0,0,0,-1,0,1,0,1,0,0,1,1,69,70,1,1,0,0,0,-1,607271242,"6.18"
"C14079",2,2026-07-21,2026-07-20,1,,-1,0,0,0,0,3,1,3,0,24,1,21,1,336,-1,0,0,0,0,1,24,1,0,-1,-1,-1,-1,0,0,0,0,0,0,-1,0,0,-1,-1,-1,-1,0,0,0,0,0,0,-1,0,72,0,72,0,0,72,72,0,72,1,1,0,0,0,-1,607271242,"6.18"
"C14082",1,2026-01-13,2026-01-12,1,,-1,0,0,1,0,5,1,0,0,55,0,22,3,410,312,0,0,1,0,0,55,0,0,-1,-1,-1,-1,0,0,0,0,0,0,-1,0,0,-1,-1,-1,-1,0,0,0,0,0,0,-1,0,42,0,42,0,0,42,42,2257,2299,1,1,0,0,0,-1,607271242,"6.18"
"C14088",1,2025-12-01,2025-11-30,1,,-1,0,0,0,0,3,1,0,0,25,0,22,1,336,116,0,0,0,0,0,25,0,0,-1,-1,-1,-1,0,0,0,0,0,0,-1,0,0,-1,-1,-1,-1,0,0,0,0,0,0,-1,0,14,0,14,0,0,14,14,7,21,1,1,0,0,0,-1,607271242,"6.18"
"C14094",1,2026-02-20,2026-02-19,1,,-1,1,0,1,2,5,2,0,0,25,1,0,-1,-1,-1,0,0,0,0,0,-1,0,21,1,1,101,-1,112,1,0,1,2,0,25,1,0,-1,-1,-1,-1,0,0,0,0,0,0,-1,0,0,0,0,112,111,223,112,840,952,4,0,1,0,0,-1,607271242,"6.18"
"C14097",1,2026-01-24,2026-01-23,2,"NXS11415122",601,2,0,1,0,3,1,0,0,25,0,21,1,101,-1,0,0,1,0,0,25,0,0,-1,-1,-1,-1,0,0,0,0,0,0,-1,0,0,-1,-1,-1,-1,0,0,0,0,0,0,-1,0,250,0,250,0,0,250,250,78,328,1,1,0,0,0,-1,607271242,"6.18"
"C14100",1,2025-11-14,2025-11-13,4,"NXS10620847",90,0,1,1,0,3,1,0,0,55,0,22,1,336,410,0,1,1,0,0,55,0,0,-1,-1,-1,-1,0,0,0,0,0,0,-1,0,0,-1,-1,-1,-1,0,0,0,0,0,0,-1,0,50,0,50,0,0,50,50,2,52,1,1,0,0,0,-1,607271242,"6.18"
"C14109",1,2026-06-02,2026-06-01,1,,-1,1,0,1,0,146,1,0,0,25,0,21,1,101,-1,1,0,1,0,0,25,0,21,0,1,101,-1,86,1,0,1,0,0,25,0,0,-1,-1,-1,-1,0,0,0,0,0,0,-1,0,121,0,121,0,0,121,121,575,696,5,1,0,0,0,-1,607271242,"6.18"
"C14118",1,2026-02-08,2026-02-07,1,,-1,0,0,0,2,35,1,0,0,25,0,0,-1,-1,-1,0,0,0,0,0,-1,0,22,1,1,116,410,51,0,0,0,2,0,25,0,0,-1,-1,-1,-1,0,0,0,0,0,0,-1,0,0,0,0,51,79,130,51,39,90,4,0,1,0,0,-1,607271242,"6.18"
"C14124",1,2026-03-03,2026-03-02,1,,-1,0,0,1,0,5,1,0,0,25,0,22,1,101,99,0,0,1,0,0,25,0,0,-1,-1,-1,-1,0,0,0,0,0,0,-1,0,0,-1,-1,-1,-1,0,0,0,0,0,0,-1,0,14,0,14,0,0,14,14,114,128,1,1,0,0,0,-1,607271242,"6.18"
"C14127",1,2026-05-03,2026-05-02,1,,-1,0,0,1,0,156,1,0,0,25,0,22,3,207,312,0,0,1,0,0,25,0,0,-1,-1,-1,-1,0,0,0,0,0,0,-1,0,0,-1,-1,-1,-1,0,0,0,0,0,0,-1,0,18,0,18,0,0,18,18,0,18,1,1,0,0,0,-1,607271242,"6.18"
"C14136",1,2026-07-07,2026-07-06,1,,-1,1,0,1,0,56,1,0,0,25,0,22,1,99,99,1,0,1,0,0,25,0,0,-1,-1,-1,-1,0,0,0,0,0,0,-1,0,0,-1,-1,-1,-1,0,0,0,0,0,0,-1,0,3,0,3,0,0,3,3,10,13,1,1,0,0,0,-1,607271242,"6.18"
"C14139",1,2025-04-20,2025-01-11,5,"RRH12318117",-1,1,1,1,0,157,1,0,0,55,0,22,1,99,99,1,1,1,0,0,55,0,12,1,2,116,419,215,1,1,1,0,0,55,0,12,1,1,116,419,144,1,1,1,0,0,55,0,14,0,14,312,0,326,326,141,467,10,1,1,1,0,-1,607271242,"6.18"
"C14142",1,2025-12-20,2025-12-19,1,,-1,0,0,1,2,5,1,0,0,25,0,22,3,207,312,0,0,1,2,0,25,0,0,-1,-1,-1,-1,0,0,0,0,0,0,-1,0,0,-1,-1,-1,-1,0,0,0,0,0,0,-1,0,46,0,46,0,0,46,46,1044,1090,1,1,0,0,0,-1,607271242,"6.18"
"C14145",1,2026-05-23,2026-05-22,1,,-1,0,0,1,0,3,1,0,0,25,0,22,1,410,312,0,0,1,0,0,25,0,0,-1,-1,-1,-1,0,0,0,0,0,0,-1,0,0,-1,-1,-1,-1,0,0,0,0,0,0,-1,0,0,43,43,0,0,43,43,0,43,2,1,0,0,0,-1,607271242,"6.18"
"C14163",1,2025-11-23,2025-11-22,1,,-1,0,0,0,0,3,1,0,0,25,0,22,1,116,423,0,0,0,0,0,25,0,0,-1,-1,-1,-1,0,0,0,0,0,0,-1,0,0,-1,-1,-1,-1,0,0,0,0,0,0,-1,0,46,0,46,0,0,46,46,0,46,1,1,0,0,0,-1,607271242,"6.18"
"C14166",1,2026-05-04,2026-05-03,3,"NXS11419330",317,4,0,0,0,5,1,0,0,25,0,21,1,116,-1,0,0,0,0,0,25,0,0,-1,-1,-1,-1,0,0,0,0,0,0,-1,0,0,-1,-1,-1,-1,0,0,0,0,0,0,-1,0,150,0,150,0,0,150,150,495,645,1,1,0,0,0,-1,607271242,"6.18"
"C14169",1,2026-04-18,2026-04-17,1,,-1,9,1,1,0,5,1,0,0,55,0,0,-1,-1,-1,0,0,0,0,0,-1,0,21,0,2,101,-1,166,0,1,1,0,0,55,0,0,-1,-1,-1,-1,0,0,0,0,0,0,-1,0,0,0,0,166,0,166,166,21,187,4,0,0,0,0,-1,607271242,"6.18"
"C14172",1,2025-09-02,2025-09-01,5,,-1,1,0,1,0,3,1,0,0,55,0,11,1,116,-1,1,0,1,0,0,55,0,22,0,1,101,101,106,1,0,1,0,0,55,0,0,-1,-1,-1,-1,0,0,0,0,0,0,-1,0,394,0,394,0,0,394,394,547,941,5,1,0,0,0,-1,607271242,"6.18"
"C14178",1,2026-04-07,2026-04-06,3,"RRH15716023",507,4,0,0,0,5,1,0,0,25,0,21,1,116,-1,0,0,0,0,0,25,0,0,-1,-1,-1,-1,0,0,0,0,0,0,-1,0,0,-1,-1,-1,-1,0,0,0,0,0,0,-1,0,177,0,177,0,0,177,177,1250,1427,1,1,0,0,0,-1,607271242,"6.18"
"C14181",1,2025-12-18,2025-12-17,1,,-1,0,0,1,0,56,1,0,0,25,0,0,-1,-1,-1,0,0,0,0,0,-1,0,21,1,1,101,-1,68,0,0,1,0,0,25,0,0,-1,-1,-1,-1,0,0,0,0,0,0,-1,0,0,0,0,68,219,287,68,30,98,4,0,1,0,0,-1,607271242,"6.18"
"C14184",1,2025-07-26,2025-07-25,5,,-1,0,0,1,2,5,1,0,0,25,0,0,-1,-1,-1,0,0,0,0,0,-1,0,11,2,1,116,-1,47,0,0,1,2,0,25,0,0,-1,-1,-1,-1,0,0,0,0,0,0,-1,0,0,0,0,47,385,432,47,19,66,4,0,1,0,0,-1,607271242,"6.18"
"C14238",1,2025-10-09,2025-10-08,1,,-1,0,0,1,2,5,1,0,0,55,0,22,1,206,420,0,0,1,2,0,55,0,0,-1,-1,-1,-1,0,0,0,0,0,0,-1,0,0,-1,-1,-1,-1,0,0,0,0,0,0,-1,0,39,0,39,0,0,39,39,97,136,1,1,0,0,0,-1,607271242,"6.18"
"C14241",1,2026-05-31,2026-05-30,1,,-1,1,0,1,0,5,1,0,0,25,0,0,-1,-1,-1,0,0,0,0,0,-1,0,21,1,1,116,-1,5,1,0,1,0,0,25,0,0,-1,-1,-1,-1,0,0,0,0,0,0,-1,0,0,0,0,5,118,123,5,3495,3500,4,0,1,0,0,-1,607271242,"6.18"
"C14250",1,2026-01-19,2026-01-18,1,,-1,6,1,1,0,5,1,0,0,25,0,0,-1,-1,-1,0,0,0,0,0,-1,0,21,0,1,101,-1,255,0,1,1,0,0,25,0,0,-1,-1,-1,-1,0,0,0,0,0,0,-1,0,0,0,0,255,0,255,255,73,328,4,0,0,0,0,-1,607271242,"6.18"
"C14256",1,2025-09-15,2025-09-14,5,,-1,0,1,0,0,5,1,0,0,55,0,12,1,116,101,0,1,0,0,0,55,0,0,-1,-1,-1,-1,0,0,0,0,0,0,-1,0,0,-1,-1,-1,-1,0,0,0,0,0,0,-1,0,0,86,86,0,0,86,86,4,90,2,1,0,0,0,-1,607271242,"6.18"
"C14259",1,2025-06-26,2025-06-25,5,,-1,1,0,1,0,3,1,0,0,24,0,0,-1,-1,-1,0,0,0,0,0,-1,0,11,1,1,116,-1,182,1,0,1,0,0,24,0,0,-1,-1,-1,-1,0,0,0,0,0,0,-1,0,0,0,0,181,265,446,181,1343,1524,4,0,1,0,0,-1,607271242,"6.18"
"C14262",1,2025-12-12,2025-12-11,1,,-1,4,0,0,2,5,1,0,0,25,0,22,1,101,410,0,0,0,2,0,25,0,0,-1,-1,-1,-1,0,0,0,0,0,0,-1,0,0,-1,-1,-1,-1,0,0,0,0,0,0,-1,0,38,0,38,0,0,38,38,1118,1156,1,1,0,0,0,-1,607271242,"6.18"
"C14265",1,2022-12-02,2022-12-01,5,,-1,0,0,1,0,5,1,0,0,55,0,0,-1,-1,-1,0,0,0,0,0,-1,0,0,-1,-1,-1,-1,0,0,0,0,0,0,-1,0,11,2,2,101,-1,1398,0,0,1,0,0,55,0,0,0,0,1,0,1,1,10524,10525,-1,0,0,1,0,-1,607271242,"6.18"
"C14268",1,2025-10-18,2025-10-17,1,,-1,0,0,1,0,3,1,0,0,25,0,22,1,335,410,0,0,1,0,0,25,0,0,-1,-1,-1,-1,0,0,0,0,0,0,-1,0,0,-1,-1,-1,-1,0,0,0,0,0,0,-1,0,16,0,16,0,0,16,16,4,20,1,1,0,0,0,-1,607271242,"6.18"
"C14280",1,2025-11-30,2025-11-29,1,,-1,0,0,1,2,3,1,0,0,25,0,22,1,335,98,0,0,1,2,0,25,0,0,-1,-1,-1,-1,0,0,0,0,0,0,-1,0,0,-1,-1,-1,-1,0,0,0,0,0,0,-1,0,16,0,16,0,0,16,16,3,19,1,1,0,0,0,-1,607271242,"6.18"
"C14292",2,2026-01-17,2026-01-16,1,,-1,0,0,0,2,56,1,3,0,25,1,0,-1,-1,-1,0,0,0,0,0,-1,0,21,1,1,101,-1,42,0,0,0,2,1,25,1,0,-1,-1,-1,-1,0,0,0,0,0,0,-1,0,0,0,0,42,215,257,42,31,73,4,0,1,0,0,-1,607271242,"6.18"
"C14301",2,2026-01-10,2026-01-09,1,,-1,0,0,0,2,3,1,3,0,25,1,0,-1,-1,-1,0,0,0,0,0,-1,0,22,0,1,116,99,118,0,0,0,2,1,25,1,0,-1,-1,-1,-1,0,0,0,0,0,0,-1,0,0,0,0,117,0,117,117,13,130,4,0,0,0,0,-1,607271242,"6.18"
"C14316",1,2026-05-09,2026-05-08,1,,-1,0,0,1,2,347,1,0,0,25,0,22,1,336,313,0,0,1,2,0,25,0,0,-1,-1,-1,-1,0,0,0,0,0,0,-1,0,0,-1,-1,-1,-1,0,0,0,0,0,0,-1,0,13,0,13,0,0,13,13,0,13,1,1,0,0,0,-1,607271242,"6.18"
"C14322",1,2025-12-11,2025-12-10,2,"RRH13316466",87,4,0,0,2,5,1,0,0,25,0,0,-1,-1,-1,0,0,0,0,0,-1,0,22,0,1,101,99,164,0,0,0,2,0,25,0,0,-1,-1,-1,-1,0,0,0,0,0,0,-1,0,0,0,0,163,0,163,163,38,201,4,0,0,0,0,-1,607271242,"6.18"
"C14325",2,2025-07-25,2025-07-24,5,,-1,2,0,1,0,35,1,1,0,25,1,0,-1,-1,-1,0,0,0,0,0,-1,0,11,2,1,101,-1,38,0,0,1,0,0,25,1,0,-1,-1,-1,-1,0,0,0,0,0,0,-1,0,0,0,0,38,395,433,38,1877,1915,4,0,1,0,0,-1,607271242,"6.18"
"C14328",1,2025-03-05,2025-03-04,5,"NBN10518399",-1,0,0,1,2,356,1,0,0,25,0,2,-1,-1,-1,0,0,0,0,0,-1,0,12,2,1,101,410,31,0,0,1,2,0,25,0,0,-1,-1,-1,-1,0,0,0,0,0,0,-1,0,8,0,8,23,220,251,31,33,64,5,0,1,0,0,-1,607271242,"6.18"
"C14337",1,2026-07-21,2026-07-20,1,,-1,4,0,0,0,3,1,0,0,25,0,21,1,335,-1,0,0,0,0,0,25,0,0,-1,-1,-1,-1,0,0,0,0,0,0,-1,0,0,-1,-1,-1,-1,0,0,0,0,0,0,-1,0,72,0,72,0,0,72,72,3,75,1,1,0,0,0,-1,607271242,"6.18"
"C14346",1,2026-02-14,2026-02-13,4,"NXS11416257",511,1,0,1,0,357,1,0,0,25,0,22,1,116,431,1,0,1,0,0,25,0,0,-1,-1,-1,-1,0,0,0,0,0,0,-1,0,0,-1,-1,-1,-1,0,0,0,0,0,0,-1,0,29,0,29,0,0,29,29,287,316,1,1,0,0,0,-1,607271242,"6.18"
"C14358",1,2026-01-16,2026-01-15,1,,-1,1,0,1,0,5,1,0,0,18,0,22,1,116,313,1,0,1,0,0,18,0,0,-1,-1,-1,-1,0,0,0,0,0,0,-1,0,0,-1,-1,-1,-1,0,0,0,0,0,0,-1,0,13,0,13,0,0,13,13,1603,1616,1,1,0,0,0,-1,607271242,"6.18"
"C14367",1,2026-02-04,2026-02-03,1,,-1,4,0,0,0,456,1,0,0,25,0,22,1,118,99,0,0,0,0,0,25,0,0,-1,-1,-1,-1,0,0,0,0,0,0,-1,0,0,-1,-1,-1,-1,0,0,0,0,0,0,-1,0,24,0,24,0,0,24,24,1139,1163,1,1,0,0,0,-1,607271242,"6.18"
"C14388",1,2025-10-12,2025-10-11,3,"RRH15418205",80,1,0,1,2,5,2,0,0,55,0,22,1,116,116,1,0,1,2,0,55,0,21,0,1,101,-1,354,1,0,1,2,0,55,0,0,-1,-1,-1,-1,0,0,0,0,0,0,-1,0,32,0,32,322,0,354,354,25,379,5,1,0,0,0,-1,607271242,"6.18"
"C14391",1,2026-06-05,2026-06-04,2,"NXS13815766",694,1,0,1,2,5,1,0,0,25,0,22,1,314,99,1,0,1,2,0,25,0,0,-1,-1,-1,-1,0,0,0,0,0,0,-1,0,0,-1,-1,-1,-1,0,0,0,0,0,0,-1,0,14,0,14,0,0,14,14,759,773,1,1,0,0,0,-1,607271242,"6.18"
"C14394",1,2026-06-27,2026-06-26,1,,-1,0,0,1,0,5,1,0,0,55,0,22,3,206,206,0,0,1,0,0,55,0,0,-1,-1,-1,-1,0,0,0,0,0,0,-1,0,0,-1,-1,-1,-1,0,0,0,0,0,0,-1,0,17,0,17,0,0,17,17,75,92,1,1,0,0,0,-1,607271242,"6.18"
"C14400",1,2026-06-13,2026-06-12,1,,-1,1,0,1,2,3,1,0,0,55,0,22,1,116,116,1,0,1,2,0,55,0,0,-1,-1,-1,-1,0,0,0,0,0,0,-1,0,0,-1,-1,-1,-1,0,0,0,0,0,0,-1,0,31,0,31,0,0,31,31,1045,1076,1,1,0,0,0,-1,607271242,"6.18"
"C14409",1,2026-03-31,2026-03-30,1,,-1,1,0,1,2,3,1,0,0,25,0,21,1,101,-1,1,0,1,2,0,25,0,0,-1,-1,-1,-1,0,0,0,0,0,0,-1,0,0,-1,-1,-1,-1,0,0,0,0,0,0,-1,0,184,0,184,0,0,184,184,301,485,1,1,0,0,0,-1,607271242,"6.18"
"C14421",1,2026-07-26,2026-07-25,1,,-1,0,0,1,2,5,2,0,0,25,1,21,1,116,-1,0,0,1,2,0,25,1,0,-1,-1,-1,-1,0,0,0,0,0,0,-1,0,0,-1,-1,-1,-1,0,0,0,0,0,0,-1,0,67,0,67,0,0,67,67,21,88,1,1,0,0,0,-1,607271242,"6.18"
"C14445",1,2026-05-27,2026-05-26,1,,-1,0,0,0,0,5,1,0,0,25,0,22,3,335,410,0,0,0,0,0,25,0,0,-1,-1,-1,-1,0,0,0,0,0,0,-1,0,0,-1,-1,-1,-1,0,0,0,0,0,0,-1,0,26,0,26,0,0,26,26,1,27,1,1,0,0,22,1,607271242,"6.18"
"C14451",2,2025-08-18,2025-08-17,5,,-1,0,0,0,1,56,1,1,0,24,1,12,1,336,420,0,0,0,1,0,24,1,0,-1,-1,-1,-1,0,0,0,0,0,0,-1,0,0,-1,-1,-1,-1,0,0,0,0,0,0,-1,0,181,0,181,0,0,181,181,0,181,1,1,0,0,0,-1,607271242,"6.18"
"C14454",2,2026-03-20,2026-03-19,1,,-1,4,0,0,0,3,2,3,0,25,1,22,1,116,99,0,0,0,0,1,25,1,0,-1,-1,-1,-1,0,0,0,0,0,0,-1,0,0,-1,-1,-1,-1,0,0,0,0,0,0,-1,0,123,0,123,0,0,123,123,79,202,1,1,0,0,0,-1,607271242,"6.18"
"C14475",1,2025-10-18,2025-10-17,1,,-1,0,0,1,1,5,1,0,0,25,0,22,1,336,99,0,0,1,1,0,25,0,0,-1,-1,-1,-1,0,0,0,0,0,0,-1,0,0,-1,-1,-1,-1,0,0,0,0,0,0,-1,0,70,0,70,0,0,70,70,4,74,1,1,0,0,0,-1,607271242,"6.18"
"C14478",1,2025-04-27,2025-04-25,5,"NBN10519259",-1,5,0,1,1,3,1,0,0,55,0,21,1,99,-1,0,0,1,1,0,55,0,11,2,1,101,-1,144,0,0,1,1,0,55,0,0,-1,-1,-1,-1,0,0,0,0,0,0,-1,0,62,0,62,102,247,411,164,55,219,5,1,1,0,0,-1,607271242,"6.18"
"C14496",1,2024-08-04,2024-08-03,5,,-1,0,1,1,0,3,1,0,0,55,0,0,-1,-1,-1,0,0,0,0,0,-1,0,0,-1,-1,-1,-1,0,0,0,0,0,0,-1,0,11,2,1,410,-1,788,0,1,1,0,0,55,0,0,0,0,0,0,0,0,0,0,-1,0,0,1,0,-1,607271242,"6.18"
"C14499",1,2025-08-08,2025-08-07,5,,-1,0,0,0,0,5,1,0,0,55,0,12,1,116,410,0,0,0,0,0,55,0,0,-1,-1,-1,-1,0,0,0,0,0,0,-1,0,0,-1,-1,-1,-1,0,0,0,0,0,0,-1,0,101,0,101,0,0,101,101,12,113,1,1,0,0,0,-1,607271242,"6.18"
"C14505",1,2025-06-16,2025-06-15,5,,-1,0,0,0,0,7,1,0,0,25,0,12,1,116,116,0,0,0,0,0,25,0,0,-1,-1,-1,-1,0,0,0,0,0,0,-1,0,0,-1,-1,-1,-1,0,0,0,0,0,0,-1,0,311,0,311,0,0,311,311,13,324,1,1,0,0,0,-1,607271242,"6.18"
"C14511",1,2025-10-31,2025-10-30,1,,-1,0,0,1,2,5,1,0,0,25,0,22,1,336,313,0,0,1,2,0,25,0,0,-1,-1,-1,-1,0,0,0,0,0,0,-1,0,0,-1,-1,-1,-1,0,0,0,0,0,0,-1,0,0,118,118,0,0,118,118,0,118,2,1,0,0,0,-1,607271242,"6.18"
"C14523",2,2026-06-27,2026-06-26,1,,-1,2,0,1,0,3,1,2,0,18,1,0,-1,-1,-1,0,0,0,0,0,-1,0,21,1,1,101,-1,9,0,0,1,0,0,18,1,0,-1,-1,-1,-1,0,0,0,0,0,0,-1,0,0,0,0,9,87,96,9,205,214,4,0,1,0,0,-1,607271242,"6.18"
"C14541",1,2025-08-16,2025-04-16,5,"NXS11419268",-1,2,0,1,2,15,1,0,0,25,0,2,-1,-1,-1,0,0,0,0,0,-1,0,11,2,1,205,-1,29,0,0,1,2,0,25,0,0,-1,-1,-1,-1,0,0,0,0,0,0,-1,0,117,0,117,29,382,528,146,1645,1791,5,0,1,0,0,-1,607271242,"6.18"
"C14547",1,2025-11-06,2025-11-05,1,,-1,1,0,1,1,5,1,0,0,25,0,22,1,116,99,1,0,1,1,0,25,0,0,-1,-1,-1,-1,0,0,0,0,0,0,-1,0,0,-1,-1,-1,-1,0,0,0,0,0,0,-1,0,2,0,2,0,0,2,2,517,519,1,1,0,0,0,-1,607271242,"6.18"
"C14553",1,2025-12-19,2025-12-18,1,,-1,0,0,1,0,3,1,0,0,25,0,22,1,205,101,0,0,1,0,0,25,0,0,-1,-1,-1,-1,0,0,0,0,0,0,-1,0,0,-1,-1,-1,-1,0,0,0,0,0,0,-1,0,1,0,1,0,0,1,1,0,1,1,1,0,0,0,-1,607271242,"6.18"
"C14556",2,2026-04-10,2026-04-09,1,,-1,9,0,1,0,15,2,3,0,25,1,22,3,335,431,0,0,1,0,1,25,1,0,-1,-1,-1,-1,0,0,0,0,0,0,-1,0,0,-1,-1,-1,-1,0,0,0,0,0,0,-1,0,107,0,107,0,0,107,107,175,282,1,1,0,0,22,1,607271242,"6.18"
"C14568",1,2026-07-12,2026-07-11,1,,-1,0,0,1,2,16,2,0,0,25,0,22,1,116,101,0,0,1,2,0,25,0,0,-1,-1,-1,-1,0,0,0,0,0,0,-1,0,0,-1,-1,-1,-1,0,0,0,0,0,0,-1,0,21,0,21,0,0,21,21,27,48,1,1,0,0,0,-1,607271242,"6.18"
"C14571",1,2026-04-08,2026-04-07,1,,-1,1,0,1,0,5,1,0,0,25,0,22,1,116,410,1,0,1,0,0,25,0,0,-1,-1,-1,-1,0,0,0,0,0,0,-1,0,0,-1,-1,-1,-1,0,0,0,0,0,0,-1,0,67,0,67,0,0,67,67,737,804,1,1,0,0,0,-1,607271242,"6.18"
"C14583",1,2025-12-28,2025-12-27,2,"RRH14316443",344,0,0,1,0,56,1,0,0,25,0,22,1,410,98,0,0,1,0,0,25,0,0,-1,-1,-1,-1,0,0,0,0,0,0,-1,0,0,-1,-1,-1,-1,0,0,0,0,0,0,-1,0,60,0,60,0,0,60,60,0,60,1,1,0,0,0,-1,607271242,"6.18"
"C14598",1,2025-06-12,2025-06-02,5,,-1,0,0,1,0,23,1,0,0,25,0,22,1,336,116,0,0,1,0,0,25,0,22,0,1,101,410,107,0,0,1,0,0,25,0,12,0,1,336,98,0,0,0,1,0,0,25,0,54,0,54,202,0,256,256,1778,2034,10,1,0,0,0,-1,607271242,"6.18"
"C14601",1,2026-03-12,2026-03-11,1,,-1,0,0,1,0,56,1,0,0,25,0,22,1,207,410,0,0,1,0,0,25,0,0,-1,-1,-1,-1,0,0,0,0,0,0,-1,0,0,-1,-1,-1,-1,0,0,0,0,0,0,-1,0,49,0,49,0,0,49,49,0,49,1,1,0,0,0,-1,607271242,"6.18"
"C14604",1,2025-05-10,2024-07-30,5,"NXS12717616",-1,6,0,1,0,3,1,0,0,25,0,2,-1,-1,-1,0,0,0,0,0,-1,0,2,-1,-1,-1,-1,0,0,0,0,0,0,-1,0,11,2,2,116,-1,508,0,0,1,0,0,25,0,63,0,63,220,0,283,283,37,320,-1,0,0,1,0,-1,607271242,"6.18"
"C14607",1,2022-01-10,2022-01-09,5,,-1,9,1,1,2,5,1,0,0,55,0,0,-1,-1,-1,0,0,0,0,0,-1,0,0,-1,-1,-1,-1,0,0,0,0,0,0,-1,0,12,2,1,101,422,1382,0,1,1,2,0,55,0,0,0,0,54,0,54,54,36,90,-1,0,0,1,0,-1,607271242,"6.18"
"C14613",2,2026-04-28,2026-04-27,1,,-1,0,0,0,2,3,1,2,0,25,1,22,1,336,410,0,0,0,2,0,25,1,0,-1,-1,-1,-1,0,0,0,0,0,0,-1,0,0,-1,-1,-1,-1,0,0,0,0,0,0,-1,0,59,0,59,0,0,59,59,33,92,1,1,0,0,0,-1,607271242,"6.18"
"C14616",1,2025-05-10,2024-07-06,5,,-1,2,0,1,2,24,1,0,0,25,0,0,-1,-1,-1,0,0,0,0,0,-1,0,2,-1,-1,-1,-1,0,0,0,0,0,0,-1,0,11,2,2,116,-1,508,0,0,1,2,0,25,0,0,0,0,308,0,308,308,701,1009,-1,0,0,1,0,-1,607271242,"6.18"
"C14619",1,2025-12-05,2025-12-04,1,,-1,1,0,1,1,3,1,0,0,55,0,22,1,335,99,1,0,1,1,0,55,0,0,-1,-1,-1,-1,0,0,0,0,0,0,-1,0,0,-1,-1,-1,-1,0,0,0,0,0,0,-1,0,25,0,25,0,0,25,25,2,27,1,1,0,0,0,-1,607271242,"6.18"
"C14622",1,2025-11-24,2025-11-23,1,,-1,0,0,0,0,5,1,0,0,25,0,22,1,410,99,0,0,0,0,0,25,0,21,1,1,101,-1,1,0,0,0,0,0,25,0,0,-1,-1,-1,-1,0,0,0,0,0,0,-1,0,71,0,71,1,173,245,72,66,138,5,1,1,0,0,-1,607271242,"6.18"
"C14628",1,2025-11-10,2025-11-09,3,"NXS11117681",284,0,0,0,0,3,1,0,0,25,0,22,1,116,99,0,0,0,0,0,25,0,0,-1,-1,-1,-1,0,0,0,0,0,0,-1,0,0,-1,-1,-1,-1,0,0,0,0,0,0,-1,0,45,0,45,0,0,45,45,7,52,1,1,0,0,0,-1,607271242,"6.18"
"C14634",1,2026-01-19,2026-01-18,1,,-1,1,0,1,0,5,1,0,0,25,0,22,3,116,205,1,0,1,0,0,25,0,0,-1,-1,-1,-1,0,0,0,0,0,0,-1,0,0,-1,-1,-1,-1,0,0,0,0,0,0,-1,0,81,0,81,0,0,81,81,3771,3852,1,1,0,0,0,-1,607271242,"6.18"
"C14652",1,2025-06-29,2025-06-27,5,,-1,9,0,1,2,27,1,0,0,18,0,2,-1,-1,-1,0,0,0,0,0,-1,0,11,2,1,101,-1,6,0,0,1,2,0,18,0,0,-1,-1,-1,-1,0,0,0,0,0,0,-1,0,4,0,4,3,453,460,7,25,32,5,0,1,0,0,-1,607271242,"6.18"
"C14655",1,2020-08-11,2020-08-10,5,,-1,0,1,1,0,5,1,0,0,55,0,0,-1,-1,-1,0,0,0,0,0,-1,0,0,-1,-1,-1,-1,0,0,0,0,0,0,-1,0,11,2,1,329,-1,2176,0,1,1,0,0,55,0,0,0,0,66,0,66,66,0,66,-1,0,0,1,0,-1,607271242,"6.18"
"C14661",2,2025-10-10,2025-10-09,1,,-1,0,1,1,1,5,2,2,0,25,1,22,1,101,314,0,1,1,1,0,25,1,0,-1,-1,-1,-1,0,0,0,0,0,0,-1,0,0,-1,-1,-1,-1,0,0,0,0,0,0,-1,0,16,0,16,0,0,16,16,3,19,1,1,0,0,0,-1,607271242,"6.18"
"C14670",1,2026-06-12,2026-06-11,1,,-1,9,0,1,1,3,1,0,0,24,0,21,1,336,-1,0,0,1,1,0,24,0,0,-1,-1,-1,-1,0,0,0,0,0,0,-1,0,0,-1,-1,-1,-1,0,0,0,0,0,0,-1,0,111,0,111,0,0,111,111,0,111,1,1,0,0,0,-1,607271242,"6.18"
"C14673",1,2025-04-12,2025-04-11,5,"NXS10618757",-1,2,0,1,0,5,1,0,0,25,0,0,-1,-1,-1,0,0,0,0,0,-1,0,12,2,1,116,410,5,0,0,1,0,0,25,0,0,-1,-1,-1,-1,0,0,0,0,0,0,-1,0,0,0,0,5,425,430,5,466,471,4,0,1,0,0,-1,607271242,"6.18"
"C14685",1,2025-09-12,2025-09-11,5,,-1,0,0,1,1,5,1,0,0,25,0,12,1,336,118,0,0,1,1,0,25,0,0,-1,-1,-1,-1,0,0,0,0,0,0,-1,0,0,-1,-1,-1,-1,0,0,0,0,0,0,-1,0,28,0,28,0,0,28,28,0,28,1,1,0,0,0,-1,607271242,"6.18"
"C14688",1,2026-07-05,2026-07-04,2,"RRH14014963",553,1,0,1,0,1,1,0,0,25,0,21,1,336,-1,1,0,1,0,0,25,0,0,-1,-1,-1,-1,0,0,0,0,0,0,-1,0,0,-1,-1,-1,-1,0,0,0,0,0,0,-1,0,88,0,88,0,0,88,88,2,90,1,1,0,0,0,-1,607271242,"6.18"
"C14691",1,2025-10-09,2025-10-08,4,"RRH12219664",82,1,1,1,0,15,1,0,0,55,0,0,-1,-1,-1,0,0,0,0,0,-1,0,22,0,3,116,207,70,1,1,1,0,0,55,0,0,-1,-1,-1,-1,0,0,0,0,0,0,-1,0,0,0,0,69,0,69,69,0,69,4,0,0,0,0,-1,607271242,"6.18"
"C14715",2,2025-09-26,2025-09-25,5,"NXS10218994",-1,0,0,0,0,3,2,1,0,25,1,12,1,336,99,0,0,0,0,0,25,1,0,-1,-1,-1,-1,0,0,0,0,0,0,-1,0,0,-1,-1,-1,-1,0,0,0,0,0,0,-1,0,20,0,20,0,0,20,20,115,135,1,1,0,0,0,-1,607271242,"6.18"
"C14724",1,2026-06-07,2026-06-06,1,,-1,0,0,1,0,3,1,0,0,25,0,21,1,99,-1,0,0,1,0,0,25,0,21,0,1,101,-1,66,0,0,1,0,0,25,0,0,-1,-1,-1,-1,0,0,0,0,0,0,-1,0,29,0,29,59,0,88,88,36,124,5,1,0,0,0,-1,607271242,"6.18"
"C14727",1,2026-06-10,2026-06-09,1,,-1,0,0,1,1,5,1,0,0,25,0,22,1,116,99,0,0,1,1,0,25,0,0,-1,-1,-1,-1,0,0,0,0,0,0,-1,0,0,-1,-1,-1,-1,0,0,0,0,0,0,-1,0,18,0,18,0,0,18,18,219,237,1,1,0,0,0,-1,607271242,"6.18"
"C14730",1,2026-04-06,2026-04-05,1,,-1,0,0,0,2,46,1,0,0,25,0,22,1,116,99,0,0,0,2,0,25,0,0,-1,-1,-1,-1,0,0,0,0,0,0,-1,0,0,-1,-1,-1,-1,0,0,0,0,0,0,-1,0,31,0,31,0,0,31,31,6,37,1,1,0,0,0,-1,607271242,"6.18"
"C14733",1,2025-11-22,2025-11-21,2,"RRH15716603",165,1,0,1,0,5,1,0,0,55,0,22,1,101,312,1,0,1,0,0,55,0,22,0,1,116,313,83,1,0,1,0,0,55,0,0,-1,-1,-1,-1,0,0,0,0,0,0,-1,0,34,0,34,82,0,116,116,353,469,5,1,0,0,0,-1,607271242,"6.18"
"C14745",1,2025-10-16,2025-10-15,1,,-1,0,0,0,0,5,1,0,0,25,0,22,1,336,99,0,0,0,0,0,25,0,0,-1,-1,-1,-1,0,0,0,0,0,0,-1,0,0,-1,-1,-1,-1,0,0,0,0,0,0,-1,0,81,0,81,0,0,81,81,6,87,1,1,0,0,0,-1,607271242,"6.18"
"C14751",1,2022-03-29,2022-03-28,5,,-1,9,1,1,0,5,1,0,0,55,0,0,-1,-1,-1,0,0,0,0,0,-1,0,0,-1,-1,-1,-1,0,0,0,0,0,0,-1,0,12,2,1,101,24,1381,0,1,1,0,0,55,0,0,0,0,0,0,0,0,58,58,-1,0,0,1,0,-1,607271242,"6.18"
"C14757",1,2026-06-15,2026-06-14,1,,-1,0,0,1,2,5,1,0,0,25,0,0,-1,-1,-1,0,0,0,0,0,-1,0,21,1,1,116,-1,1,0,0,1,2,0,25,0,0,-1,-1,-1,-1,0,0,0,0,0,0,-1,0,0,0,0,1,107,108,1,21,22,4,0,1,0,0,-1,607271242,"6.18"
"C14766",1,2025-08-15,2025-08-14,5,,-1,4,0,0,0,5,1,0,0,25,0,12,1,116,99,0,0,0,0,0,25,0,0,-1,-1,-1,-1,0,0,0,0,0,0,-1,0,0,-1,-1,-1,-1,0,0,0,0,0,0,-1,0,188,0,188,0,0,188,188,830,1018,1,1,0,0,0,-1,607271242,"6.18"
"C14769",1,2026-01-24,2026-01-23,1,,-1,0,0,1,1,5,1,0,0,25,0,22,3,434,313,0,0,1,1,0,25,0,0,-1,-1,-1,-1,0,0,0,0,0,0,-1,0,0,-1,-1,-1,-1,0,0,0,0,0,0,-1,0,41,0,41,0,0,41,41,52,93,1,1,0,0,0,-1,607271242,"6.18"
"C14775",1,2026-01-25,2026-01-24,1,,-1,1,0,1,0,5,1,0,0,25,0,21,1,101,-1,1,0,1,0,0,25,0,0,-1,-1,-1,-1,0,0,0,0,0,0,-1,0,0,-1,-1,-1,-1,0,0,0,0,0,0,-1,0,249,0,249,0,0,249,249,1719,1968,1,1,0,0,0,-1,607271242,"6.18"
"C14784",2,2026-05-15,2026-05-14,1,,-1,0,0,0,2,3,1,3,0,25,1,22,1,101,207,0,0,0,2,1,25,1,0,-1,-1,-1,-1,0,0,0,0,0,0,-1,0,0,-1,-1,-1,-1,0,0,0,0,0,0,-1,0,19,0,19,0,0,19,19,7,26,1,1,0,0,0,-1,607271242,"6.18"
"C14796",1,2026-03-23,2026-03-22,1,,-1,1,1,1,0,5,1,0,0,55,0,22,1,101,116,1,1,1,0,0,55,0,22,1,2,101,420,56,1,1,1,0,0,55,0,0,-1,-1,-1,-1,0,0,0,0,0,0,-1,0,44,0,44,16,13,73,60,831,891,5,1,1,0,0,-1,607271242,"6.18"
"C14799",1,2025-06-12,2025-06-11,5,,-1,1,1,1,1,3,2,0,0,25,0,0,-1,-1,-1,0,0,0,0,0,-1,0,12,2,2,116,410,38,1,1,1,1,0,25,0,0,-1,-1,-1,-1,0,0,0,0,0,0,-1,0,0,0,0,38,154,192,38,648,686,4,0,1,0,0,-1,607271242,"6.18"
"C14805",1,2026-07-19,2026-07-18,1,,-1,4,1,0,0,5,1,0,0,55,0,0,-1,-1,-1,0,0,0,0,0,-1,0,21,0,2,116,-1,74,0,1,0,0,0,55,0,0,-1,-1,-1,-1,0,0,0,0,0,0,-1,0,0,0,0,74,0,74,74,4459,4533,4,0,0,0,0,-1,607271242,"6.18"
"C14811",1,2025-08-22,2025-08-21,5,,-1,0,0,1,0,3,1,0,0,25,0,0,-1,-1,-1,0,0,0,0,0,-1,0,12,1,1,116,410,119,0,0,1,0,0,25,0,0,-1,-1,-1,-1,0,0,0,0,0,0,-1,0,0,0,0,119,184,303,119,111,230,4,0,1,0,0,-1,607271242,"6.18"
"C14817",1,2026-06-08,2026-06-07,2,"NXS13516183",581,0,0,0,1,3,1,0,0,55,0,22,1,336,99,0,0,0,1,0,55,0,0,-1,-1,-1,-1,0,0,0,0,0,0,-1,0,0,-1,-1,-1,-1,0,0,0,0,0,0,-1,0,20,0,20,0,0,20,20,32,52,1,1,0,0,0,-1,607271242,"6.18"
"C14841",1,2024-01-01,2023-12-31,5,"HAV13710500",-1,5,1,1,0,5,1,0,0,55,0,21,1,206,-1,0,1,1,0,0,55,0,0,-1,-1,-1,-1,0,0,0,0,0,0,-1,0,11,2,1,101,-1,825,0,1,1,0,0,55,0,0,0,0,179,0,179,179,415,594,12,1,0,1,0,-1,607271242,"6.18"
"C14847",1,2026-02-10,2026-02-09,2,"RRH12313679",588,9,1,1,0,5,1,0,0,25,0,0,-1,-1,-1,0,0,0,0,0,-1,0,21,1,2,116,-1,31,0,1,1,0,0,25,0,0,-1,-1,-1,-1,0,0,0,0,0,0,-1,0,0,0,0,31,202,233,31,4,35,4,0,1,0,0,-1,607271242,"6.18"
"C14850",1,2025-05-19,2025-05-18,5,,-1,4,0,0,0,5,1,0,0,55,0,0,-1,-1,-1,0,0,0,0,0,-1,0,12,2,1,116,410,63,0,0,0,0,0,55,0,0,-1,-1,-1,-1,0,0,0,0,0,0,-1,0,0,0,0,63,227,290,63,1749,1812,4,0,1,0,0,-1,607271242,"6.18"
"C14853",1,2025-11-09,2025-11-08,1,,-1,0,0,1,2,125,1,0,0,25,0,22,3,116,313,0,0,1,2,0,25,0,0,-1,-1,-1,-1,0,0,0,0,0,0,-1,0,0,-1,-1,-1,-1,0,0,0,0,0,0,-1,0,13,0,13,0,0,13,13,246,259,1,1,0,0,0,-1,607271242,"6.18"
"C14856",1,2025-12-26,2025-12-25,4,"NXS10920087",174,1,0,1,0,3,1,0,0,25,0,22,3,335,205,1,0,1,0,0,25,0,0,-1,-1,-1,-1,0,0,0,0,0,0,-1,0,0,-1,-1,-1,-1,0,0,0,0,0,0,-1,0,75,0,75,0,0,75,75,4,79,1,1,0,0,0,-1,607271242,"6.18"
"C14883",1,2023-07-13,2023-07-12,5,,-1,1,0,1,0,127,1,0,0,25,0,22,1,99,99,1,0,1,0,0,25,0,12,2,1,101,420,130,1,0,1,0,0,25,0,21,0,2,101,-1,0,1,0,1,0,0,25,0,28,0,28,385,762,1175,413,37,450,10,1,1,0,0,-1,607271242,"6.18"
"C14886",2,2025-12-07,2025-12-06,1,,-1,0,0,0,0,5,1,3,0,25,1,22,1,336,314,0,0,0,0,1,25,1,0,-1,-1,-1,-1,0,0,0,0,0,0,-1,0,0,-1,-1,-1,-1,0,0,0,0,0,0,-1,0,67,0,67,0,0,67,67,1902,1969,1,1,0,0,0,-1,607271242,"6.18"
"C14895",1,2026-04-25,2026-04-24,1,,-1,0,0,0,0,3,1,0,0,25,0,0,-1,-1,-1,0,0,0,0,0,-1,0,21,1,1,101,-1,42,0,0,0,0,0,25,0,0,-1,-1,-1,-1,0,0,0,0,0,0,-1,0,0,0,0,42,117,159,42,168,210,4,0,1,0,0,-1,607271242,"6.18"
"C14910",1,2026-02-23,2026-02-22,1,,-1,0,1,1,0,5,1,0,0,25,0,22,1,116,205,0,1,1,0,0,25,0,0,-1,-1,-1,-1,0,0,0,0,0,0,-1,0,0,-1,-1,-1,-1,0,0,0,0,0,0,-1,0,44,0,44,0,0,44,44,4,48,1,1,0,0,0,-1,607271242,"6.18"
"C14916",1,2026-04-12,2026-04-11,1,,-1,9,0,1,2,5,1,0,0,25,0,22,1,99,99,0,0,1,2,0,25,0,21,0,1,101,-1,140,0,0,1,2,0,25,0,0,-1,-1,-1,-1,0,0,0,0,0,0,-1,0,16,0,16,137,0,153,153,30,183,5,1,0,0,0,-1,607271242,"6.18"
"C14919",1,2026-01-31,2026-01-30,2,"RRH12312266",610,0,1,1,0,5,1,0,0,25,0,0,-1,-1,-1,0,0,0,0,0,-1,0,22,1,1,101,419,3,0,1,1,0,0,25,0,0,-1,-1,-1,-1,0,0,0,0,0,0,-1,0,0,0,0,3,94,97,3,89,92,4,0,1,0,0,-1,607271242,"6.18"
"C14922",2,2026-02-21,2026-02-20,1,,-1,0,0,0,1,3,1,1,0,25,1,22,1,335,99,0,0,0,1,0,25,1,0,-1,-1,-1,-1,0,0,0,0,0,0,-1,0,0,-1,-1,-1,-1,0,0,0,0,0,0,-1,0,100,0,100,0,0,100,100,4,104,1,1,0,0,0,-1,607271242,"6.18"
"C14934",1,2026-05-26,2026-05-25,1,,-1,0,0,1,0,5,1,0,0,25,0,22,1,207,314,0,0,1,0,0,25,0,0,-1,-1,-1,-1,0,0,0,0,0,0,-1,0,0,-1,-1,-1,-1,0,0,0,0,0,0,-1,0,53,0,53,0,0,53,53,4,57,1,1,0,0,0,-1,607271242,"6.18"
"C14937",2,2026-04-26,2026-04-25,1,,-1,4,0,0,2,5,1,2,0,25,1,22,1,116,313,0,0,0,2,0,25,1,0,-1,-1,-1,-1,0,0,0,0,0,0,-1,0,0,-1,-1,-1,-1,0,0,0,0,0,0,-1,0,34,0,34,0,0,34,34,714,748,1,1,0,0,0,-1,607271242,"6.18"
"C14949",1,2025-11-14,2025-11-13,2,"TRN11811227",709,5,1,1,0,56,1,0,0,55,0,22,1,336,101,0,1,1,0,0,55,0,0,-1,-1,-1,-1,0,0,0,0,0,0,-1,0,0,-1,-1,-1,-1,0,0,0,0,0,0,-1,0,84,0,84,0,0,84,84,0,84,1,1,0,0,0,-1,607271242,"6.18"
"C14952",1,2026-02-26,2026-02-25,2,"RRH13214785",620,1,0,1,0,3,1,0,0,25,0,22,1,101,313,1,0,1,0,0,25,0,21,1,1,101,-1,63,1,0,1,0,0,25,0,0,-1,-1,-1,-1,0,0,0,0,0,0,-1,0,5,0,5,63,129,197,68,2475,2543,5,1,1,0,0,-1,607271242,"6.18"
"C14958",1,2025-10-08,2025-10-07,2,"NXS10612836",659,0,0,1,0,5,1,0,0,55,0,22,1,421,411,0,0,1,0,0,55,0,0,-1,-1,-1,-1,0,0,0,0,0,0,-1,0,0,-1,-1,-1,-1,0,0,0,0,0,0,-1,0,61,0,61,0,0,61,61,1138,1199,1,1,0,0,0,-1,607271242,"6.18"
"C14961",1,2026-01-01,2025-12-31,1,,-1,0,0,1,0,5,1,0,0,55,0,22,3,336,431,0,0,1,0,0,55,0,0,-1,-1,-1,-1,0,0,0,0,0,0,-1,0,0,-1,-1,-1,-1,0,0,0,0,0,0,-1,0,9,0,9,0,0,9,9,0,9,1,1,0,0,22,1,607271242,"6.18"
"C14964",1,2024-06-07,2024-06-06,5,,-1,4,0,0,0,3,1,0,0,25,0,2,-1,-1,-1,0,0,0,0,0,-1,0,12,0,1,116,99,551,0,0,0,0,0,25,0,0,-1,-1,-1,-1,0,0,0,0,0,0,-1,0,215,0,215,335,0,550,550,83,633,5,0,0,0,0,-1,607271242,"6.18"
"C14970",1,2025-09-19,2025-09-18,5,,-1,9,0,1,0,3,1,0,0,25,0,12,1,335,99,0,0,1,0,0,25,0,0,-1,-1,-1,-1,0,0,0,0,0,0,-1,0,0,-1,-1,-1,-1,0,0,0,0,0,0,-1,0,23,0,23,0,0,23,23,986,1009,1,1,0,0,0,-1,607271242,"6.18"
"C14973",1,2026-05-30,2026-05-29,2,"NXS11219376",274,1,0,1,1,5,1,0,0,25,0,22,3,206,313,1,0,1,1,0,25,0,0,-1,-1,-1,-1,0,0,0,0,0,0,-1,0,0,-1,-1,-1,-1,0,0,0,0,0,0,-1,0,24,0,24,0,0,24,24,765,789,1,1,0,0,0,-1,607271242,"6.18"
"C14982",1,2026-03-16,2026-03-15,1,,-1,0,0,0,0,5,1,0,0,55,0,22,1,116,99,0,0,0,0,0,55,0,0,-1,-1,-1,-1,0,0,0,0,0,0,-1,0,0,-1,-1,-1,-1,0,0,0,0,0,0,-1,0,34,0,34,0,0,34,34,18,52,1,1,0,0,0,-1,607271242,"6.18"
"C14988",1,2026-05-12,2026-05-11,1,,-1,1,0,1,1,15,2,0,0,25,1,21,1,116,-1,1,0,1,1,0,25,0,21,0,1,101,-1,110,1,0,1,1,0,25,1,0,-1,-1,-1,-1,0,0,0,0,0,0,-1,0,142,0,142,0,0,142,142,22,164,5,1,0,0,0,-1,607271242,"6.18"
"C14991",1,2024-09-06,2024-08-19,5,"RRH13212627",-1,0,0,1,2,3,1,0,0,25,0,2,-1,-1,-1,0,0,0,0,0,-1,0,12,2,1,101,410,47,0,0,1,2,0,25,0,0,-1,-1,-1,-1,0,0,0,0,0,0,-1,0,28,0,28,26,388,442,54,72,126,5,0,1,0,0,-1,607271242,"6.18"
"C15006",1,2025-08-24,2025-08-23,5,"NXS13516297",-1,1,0,1,1,5,1,0,0,55,0,12,1,116,204,1,0,1,1,0,55,0,21,1,1,101,-1,60,1,0,1,1,0,55,0,0,-1,-1,-1,-1,0,0,0,0,0,0,-1,0,122,0,122,60,170,352,182,60,242,5,1,1,0,0,-1,607271242,"6.18"
"C15009",2,2026-06-21,2026-06-20,1,,-1,0,0,1,2,3,1,1,0,25,1,22,1,335,410,0,0,1,2,0,25,1,0,-1,-1,-1,-1,0,0,0,0,0,0,-1,0,0,-1,-1,-1,-1,0,0,0,0,0,0,-1,0,13,0,13,0,0,13,13,71,84,1,1,0,0,0,-1,607271242,"6.18"
"C15015",1,2025-10-05,2025-10-04,4,"NBN10518082",265,4,0,0,0,5,1,0,0,25,0,22,3,314,205,0,0,0,0,0,25,0,0,-1,-1,-1,-1,0,0,0,0,0,0,-1,0,0,-1,-1,-1,-1,0,0,0,0,0,0,-1,0,29,0,29,0,0,29,29,0,29,1,1,0,0,0,-1,607271242,"6.18"
"C15027",1,2025-12-30,2025-12-29,4,"NBN10520206",184,1,0,1,0,5,1,0,0,25,0,22,1,99,99,1,0,1,0,0,25,0,0,-1,-1,-1,-1,0,0,0,0,0,0,-1,0,0,-1,-1,-1,-1,0,0,0,0,0,0,-1,0,2,0,2,0,0,2,2,26,28,1,1,0,0,0,-1,607271242,"6.18"
"C15030",1,2022-12-03,2022-12-02,5,,-1,0,0,1,1,167,1,0,0,25,0,0,-1,-1,-1,0,0,0,0,0,-1,0,0,-1,-1,-1,-1,0,0,0,0,0,0,-1,0,11,2,2,101,-1,1398,0,0,1,1,0,25,0,0,0,0,0,0,0,0,882,882,-1,0,0,1,0,-1,607271242,"6.18"
"C15045",2,2025-10-14,2025-10-13,1,,-1,4,0,0,0,3,2,2,0,18,1,22,1,314,99,0,0,0,0,0,25,1,22,1,1,101,422,99,0,0,0,0,0,18,1,0,-1,-1,-1,-1,0,0,0,0,0,0,-1,0,23,0,23,96,12,131,119,648,767,5,1,1,0,0,-1,607271242,"6.18"
"C15051",2,2025-07-07,2025-07-06,5,,-1,9,0,1,2,235,3,1,0,25,0,0,-1,-1,-1,0,0,0,0,0,-1,0,12,0,3,116,99,107,0,0,1,2,0,25,0,0,-1,-1,-1,-1,0,0,0,0,0,0,-1,0,0,0,0,106,0,106,106,65,171,4,0,0,0,0,-1,607271242,"6.18"
"C15060",1,2026-04-17,2026-04-16,1,,-1,0,0,0,0,236,1,0,0,25,0,22,1,101,99,0,0,0,0,0,25,0,0,-1,-1,-1,-1,0,0,0,0,0,0,-1,0,0,-1,-1,-1,-1,0,0,0,0,0,0,-1,0,19,0,19,0,0,19,19,0,19,1,1,0,0,0,-1,607271242,"6.18"
"C15063",1,2025-11-17,2025-11-16,1,,-1,0,0,1,0,3,1,0,0,25,0,22,1,205,205,0,0,1,0,0,25,0,21,1,1,116,-1,2,0,0,1,0,0,25,0,0,-1,-1,-1,-1,0,0,0,0,0,0,-1,0,79,0,79,2,151,232,81,139,220,5,1,1,0,0,-1,607271242,"6.18"
"C15066",2,2025-10-14,2025-10-13,1,,-1,1,0,1,2,5,1,2,0,25,1,22,1,101,313,1,0,1,2,0,25,1,0,-1,-1,-1,-1,0,0,0,0,0,0,-1,0,0,-1,-1,-1,-1,0,0,0,0,0,0,-1,0,70,0,70,0,0,70,70,1178,1248,1,1,0,0,0,-1,607271242,"6.18"
"C15078",1,2026-01-12,2026-01-11,2,"RRH12110492",621,1,0,1,1,5,1,0,0,25,0,0,-1,-1,-1,0,0,0,0,0,-1,0,21,1,1,101,-1,25,1,0,1,1,0,25,0,0,-1,-1,-1,-1,0,0,0,0,0,0,-1,0,0,0,0,25,237,262,25,618,643,4,0,1,0,0,-1,607271242,"6.18"
"C15081",2,2025-09-21,2025-09-20,5,,-1,0,0,0,0,3,1,3,0,25,1,12,1,314,99,0,0,0,0,1,25,1,22,1,1,314,410,5,0,0,0,0,1,25,1,0,-1,-1,-1,-1,0,0,0,0,0,0,-1,0,5,0,5,4,211,220,9,80,89,5,1,1,0,0,-1,607271242,"6.18"
"C15096",1,2025-07-11,2025-07-10,5,"NXS11319635",-1,1,0,1,2,3,1,0,0,25,0,12,1,116,99,1,0,1,2,0,25,0,0,-1,-1,-1,-1,0,0,0,0,0,0,-1,0,0,-1,-1,-1,-1,0,0,0,0,0,0,-1,0,238,0,238,0,0,238,238,67,305,1,1,0,0,0,-1,607271242,"6.18"
"C15102",1,2025-11-13,2025-11-12,1,,-1,0,0,1,0,56,1,0,0,55,0,22,1,431,410,0,0,1,0,0,55,0,0,-1,-1,-1,-1,0,0,0,0,0,0,-1,0,0,-1,-1,-1,-1,0,0,0,0,0,0,-1,0,16,0,16,0,0,16,16,0,16,1,1,0,0,0,-1,607271242,"6.18"
"C15105",1,2026-06-30,2026-06-29,1,,-1,1,0,1,0,35,1,0,0,25,0,21,1,101,-1,1,0,1,0,0,25,0,0,-1,-1,-1,-1,0,0,0,0,0,0,-1,0,0,-1,-1,-1,-1,0,0,0,0,0,0,-1,0,93,0,93,0,0,93,93,88,181,1,1,0,0,0,-1,607271242,"6.18"
"C15117",1,2025-07-24,2025-07-23,5,,-1,0,1,1,0,1,1,0,0,25,0,0,-1,-1,-1,0,0,0,0,0,-1,0,11,1,1,116,-1,166,0,1,1,0,0,25,0,0,-1,-1,-1,-1,0,0,0,0,0,0,-1,0,0,0,0,166,268,434,166,93,259,4,0,1,0,0,-1,607271242,"6.18"
"C15144",1,2026-01-06,2026-01-05,1,,-1,0,0,1,0,3,1,0,0,55,0,22,1,410,314,0,0,1,0,0,55,0,0,-1,-1,-1,-1,0,0,0,0,0,0,-1,0,0,-1,-1,-1,-1,0,0,0,0,0,0,-1,0,25,0,25,0,0,25,25,6,31,1,1,0,0,0,-1,607271242,"6.18"
"C15150",1,2025-01-28,2024-04-23,5,"RRH13215511",-1,0,0,1,0,5,1,0,0,25,0,2,-1,-1,-1,0,0,0,0,0,-1,0,2,-1,-1,-1,-1,0,0,0,0,0,0,-1,0,11,2,2,101,-1,607,0,0,1,0,0,25,0,8,0,8,18,0,26,26,749,775,-1,0,0,1,0,-1,607271242,"6.18"
"C15156",1,2026-07-06,2026-07-05,2,"RRH14912552",591,1,1,1,0,3,1,0,0,25,0,21,1,116,-1,1,1,1,0,0,25,0,0,-1,-1,-1,-1,0,0,0,0,0,0,-1,0,0,-1,-1,-1,-1,0,0,0,0,0,0,-1,0,22,0,22,0,0,22,22,403,425,1,1,0,0,0,-1,607271242,"6.18"
"C15159",1,2025-06-01,2025-05-31,5,"NBN10517990",-1,1,0,1,2,1,1,0,0,55,0,11,1,116,-1,1,0,1,2,0,55,0,0,-1,-1,-1,-1,0,0,0,0,0,0,-1,0,0,-1,-1,-1,-1,0,0,0,0,0,0,-1,0,224,0,224,0,0,224,224,91,315,1,1,0,0,0,-1,607271242,"6.18"
"C15165",1,2024-11-19,2024-11-18,5,,-1,1,0,1,2,5,1,0,0,55,0,0,-1,-1,-1,0,0,0,0,0,-1,0,12,2,1,101,410,17,1,0,1,2,0,55,0,0,-1,-1,-1,-1,0,0,0,0,0,0,-1,0,0,0,0,17,363,380,17,1982,1999,4,0,1,0,0,-1,607271242,"6.18"
"C15168",1,2026-07-13,2026-07-12,1,,-1,0,0,0,0,3,1,0,0,25,0,21,1,116,-1,0,0,0,0,0,25,0,0,-1,-1,-1,-1,0,0,0,0,0,0,-1,0,0,-1,-1,-1,-1,0,0,0,0,0,0,-1,0,80,0,80,0,0,80,80,8,88,1,1,0,0,0,-1,607271242,"6.18"
"C15177",1,2025-12-04,2025-12-03,3,"NXS10620877",85,1,0,1,0,3,1,0,0,25,0,22,1,101,98,1,0,1,0,0,25,0,0,-1,-1,-1,-1,0,0,0,0,0,0,-1,0,0,-1,-1,-1,-1,0,0,0,0,0,0,-1,0,69,0,69,0,0,69,69,21,90,1,1,0,0,0,-1,607271242,"6.18"
"C15192",1,2026-01-13,2026-01-12,1,,-1,0,0,1,2,5,1,0,0,25,0,22,3,116,101,0,0,1,2,0,25,0,0,-1,-1,-1,-1,0,0,0,0,0,0,-1,0,0,-1,-1,-1,-1,0,0,0,0,0,0,-1,0,73,0,73,0,0,73,73,64,137,1,1,0,0,0,-1,607271242,"6.18"
"C15195",1,2026-06-05,2026-06-04,1,,-1,0,0,0,0,3,1,0,0,25,0,21,1,116,-1,0,0,0,0,0,25,0,0,-1,-1,-1,-1,0,0,0,0,0,0,-1,0,0,-1,-1,-1,-1,0,0,0,0,0,0,-1,0,18,0,18,0,0,18,18,73,91,1,1,0,0,0,-1,607271242,"6.18"
"C15195",2,2025-08-02,2025-08-01,5,"RRH13210300",-1,1,0,1,2,3,3,2,0,25,1,0,-1,-1,-1,0,0,0,0,0,-1,0,12,2,1,101,410,2,1,0,1,2,0,25,1,0,-1,-1,-1,-1,0,0,0,0,0,0,-1,0,0,0,0,2,99,101,2,68,70,4,0,1,0,0,-1,607271242,"6.18"
"C15201",1,2025-10-02,2025-10-01,5,"NXS11419871",-1,1,0,1,1,5,2,0,0,25,0,0,-1,-1,-1,0,0,0,0,0,-1,0,21,1,1,116,-1,198,1,0,1,1,0,25,0,0,-1,-1,-1,-1,0,0,0,0,0,0,-1,0,0,0,0,198,166,364,198,349,547,4,0,1,0,0,-1,607271242,"6.18"
"C15204",1,2025-09-18,2025-09-17,5,"RRH12310618",-1,6,1,1,0,5,1,0,0,25,0,12,1,101,428,0,1,1,0,0,25,0,0,-1,-1,-1,-1,0,0,0,0,0,0,-1,0,0,-1,-1,-1,-1,0,0,0,0,0,0,-1,0,146,0,146,0,0,146,146,138,284,1,1,0,0,0,-1,607271242,"6.18"
"C15216",1,2026-01-31,2026-01-30,1,,-1,0,0,1,0,5,1,0,0,25,0,22,1,207,313,0,0,1,0,0,25,0,21,1,1,336,-1,23,0,0,1,0,0,25,0,0,-1,-1,-1,-1,0,0,0,0,0,0,-1,0,23,0,23,6,212,241,29,2,31,5,1,1,0,0,-1,607271242,"6.18"
"C15222",1,2025-11-14,2025-11-13,1,,-1,1,0,1,0,5,1,0,0,25,0,0,-1,-1,-1,0,0,0,0,0,-1,0,22,0,1,101,99,83,1,0,1,0,0,25,0,0,-1,-1,-1,-1,0,0,0,0,0,0,-1,0,0,0,0,82,0,82,82,1048,1130,4,0,0,0,0,-1,607271242,"6.18"
"C15228",1,2025-10-15,2025-10-14,3,"NXS11318609",168,1,0,1,1,356,1,0,0,25,0,22,1,336,99,1,0,1,1,0,25,0,0,-1,-1,-1,-1,0,0,0,0,0,0,-1,0,0,-1,-1,-1,-1,0,0,0,0,0,0,-1,0,69,0,69,0,0,69,69,31,100,1,1,0,0,0,-1,607271242,"6.18"
"C15237",1,2025-10-02,2025-10-01,1,,-1,1,0,1,0,5,2,0,0,18,0,22,1,336,313,1,0,1,0,0,18,0,0,-1,-1,-1,-1,0,0,0,0,0,0,-1,0,0,-1,-1,-1,-1,0,0,0,0,0,0,-1,0,39,0,39,0,0,39,39,2,41,1,1,0,0,0,-1,607271242,"6.18"
"C15243",1,2026-01-20,2026-01-19,2,"NXS11321582",119,1,0,1,0,56,1,0,0,55,0,22,1,116,422,1,0,1,0,0,55,0,0,-1,-1,-1,-1,0,0,0,0,0,0,-1,0,0,-1,-1,-1,-1,0,0,0,0,0,0,-1,0,146,0,146,0,0,146,146,2152,2298,1,1,0,0,0,-1,607271242,"6.18"
"C15246",1,2025-09-12,2025-09-11,5,"RRH12318478",-1,1,1,1,0,357,1,0,0,55,0,0,-1,-1,-1,0,0,0,0,0,-1,0,12,1,2,116,419,97,1,1,1,0,0,55,0,0,-1,-1,-1,-1,0,0,0,0,0,0,-1,0,0,0,0,1,123,124,1,233,234,4,0,1,0,0,-1,607271242,"6.18"
"C15249",1,2026-07-27,2026-07-26,1,,-1,9,1,1,0,5,1,0,0,55,0,0,-1,-1,-1,0,0,0,0,0,-1,0,21,0,2,101,-1,66,0,1,1,0,0,55,0,0,-1,-1,-1,-1,0,0,0,0,0,0,-1,0,0,0,0,66,0,66,66,17,83,4,0,0,0,0,-1,607271242,"6.18"
"C15267",1,2026-02-10,2026-02-09,1,,-1,0,0,0,2,3,1,0,0,25,0,22,3,336,99,0,0,0,2,0,25,0,0,-1,-1,-1,-1,0,0,0,0,0,0,-1,0,0,-1,-1,-1,-1,0,0,0,0,0,0,-1,0,38,0,38,0,0,38,38,0,38,1,1,0,0,0,-1,607271242,"6.18"
"C15294",1,2026-03-27,2026-03-26,1,,-1,0,0,1,1,5,1,0,0,24,0,22,1,336,99,0,0,1,1,0,24,0,0,-1,-1,-1,-1,0,0,0,0,0,0,-1,0,0,-1,-1,-1,-1,0,0,0,0,0,0,-1,0,14,0,14,0,0,14,14,1828,1842,1,1,0,0,0,-1,607271242,"6.18"
"C15306",1,2025-11-08,2025-11-07,1,,-1,0,0,1,2,5,1,0,0,18,0,22,1,116,312,0,0,1,2,0,18,0,22,0,1,116,207,70,0,0,1,2,0,18,0,0,-1,-1,-1,-1,0,0,0,0,0,0,-1,0,0,22,22,69,0,91,91,141,232,6,1,0,0,0,-1,607271242,"6.18"
"C15309",1,2025-07-21,2025-07-20,5,,-1,0,0,1,0,5,1,0,0,55,0,0,-1,-1,-1,0,0,0,0,0,-1,0,12,1,1,101,433,175,0,0,1,0,0,55,0,0,-1,-1,-1,-1,0,0,0,0,0,0,-1,0,0,0,0,175,82,257,175,10,185,4,0,1,0,0,-1,607271242,"6.18"
"C15321",1,2025-12-27,2025-12-26,1,,-1,0,0,1,0,5,1,0,0,25,0,22,1,116,99,0,0,1,0,0,25,0,0,-1,-1,-1,-1,0,0,0,0,0,0,-1,0,0,-1,-1,-1,-1,0,0,0,0,0,0,-1,0,18,0,18,0,0,18,18,124,142,1,1,0,0,0,-1,607271242,"6.18"
"C15327",1,2025-05-15,2025-04-13,5,,-1,0,0,0,0,3,1,0,0,25,0,2,-1,-1,-1,0,0,0,0,0,-1,0,12,2,1,101,410,4,0,0,0,0,0,25,0,0,-1,-1,-1,-1,0,0,0,0,0,0,-1,0,31,0,31,4,293,328,35,0,35,5,0,1,0,0,-1,607271242,"6.18"
"C15336",1,2024-12-27,2024-12-26,5,"NXS10617092",-1,1,0,1,0,5,1,0,0,25,0,0,-1,-1,-1,0,0,0,0,0,-1,0,12,2,1,101,410,14,1,0,1,0,0,25,0,0,-1,-1,-1,-1,0,0,0,0,0,0,-1,0,0,0,0,14,309,323,14,2214,2228,4,0,1,0,0,-1,607271242,"6.18"
"C15339",2,2025-04-16,2023-04-15,5,"RRH13210288",-1,1,0,1,2,3,1,3,0,24,1,2,-1,-1,-1,0,0,0,0,0,-1,0,2,-1,-1,-1,-1,0,0,0,0,0,0,-1,0,11,0,2,101,-1,0,1,0,1,2,1,24,1,127,0,127,538,0,665,665,619,1284,10,0,0,0,0,-1,607271242,"6.18"
"C15354",1,2025-06-04,2025-06-03,5,,-1,0,0,0,2,5,1,0,0,25,0,0,-1,-1,-1,0,0,0,0,0,-1,0,12,0,1,116,99,169,0,0,0,2,0,25,0,0,-1,-1,-1,-1,0,0,0,0,0,0,-1,0,0,0,0,168,0,168,168,31,199,4,0,0,0,0,-1,607271242,"6.18"
"C15360",1,2025-10-16,2025-10-15,1,,-1,9,0,1,0,5,1,0,0,25,0,22,1,314,312,0,0,1,0,0,25,0,0,-1,-1,-1,-1,0,0,0,0,0,0,-1,0,0,-1,-1,-1,-1,0,0,0,0,0,0,-1,0,52,0,52,0,0,52,52,1753,1805,1,1,0,0,0,-1,607271242,"6.18"
"C15366",1,2025-09-17,2025-09-16,5,,-1,4,0,0,0,3,1,0,0,25,0,12,1,116,99,0,0,0,0,0,25,0,0,-1,-1,-1,-1,0,0,0,0,0,0,-1,0,0,-1,-1,-1,-1,0,0,0,0,0,0,-1,0,14,0,14,0,0,14,14,365,379,1,1,0,0,0,-1,607271242,"6.18"
"C15378",1,2021-02-07,2021-02-06,5,,-1,9,1,1,0,98,1,0,0,55,0,0,-1,-1,-1,0,0,0,0,0,-1,0,0,-1,-1,-1,-1,0,0,0,0,0,0,-1,0,11,0,1,116,-1,0,0,1,1,0,0,55,0,0,0,0,2062,0,2062,2062,8,2070,8,0,0,0,0,-1,607271242,"6.18"
"C15381",1,2025-09-21,2025-09-20,2,"RRH13214615",437,1,0,1,0,5,2,0,0,25,0,0,-1,-1,-1,0,0,0,0,0,-1,0,0,-1,-1,-1,-1,0,0,0,0,0,0,-1,0,0,-1,-1,-1,-1,0,0,0,0,0,0,-1,0,0,0,0,0,0,0,0,290,290,12,0,0,0,12,2,607271242,"6.18"
"C15384",1,2025-10-13,2025-10-12,2,"NXS11312961",633,0,0,0,0,5,1,0,0,55,0,22,1,314,101,0,0,0,0,0,55,0,0,-1,-1,-1,-1,0,0,0,0,0,0,-1,0,0,-1,-1,-1,-1,0,0,0,0,0,0,-1,0,31,0,31,0,0,31,31,0,31,1,1,0,0,0,-1,607271242,"6.18"
"C15390",1,2026-06-26,2026-06-25,1,,-1,0,0,1,1,6,1,0,0,18,0,22,1,336,302,0,0,1,1,0,18,0,0,-1,-1,-1,-1,0,0,0,0,0,0,-1,0,0,-1,-1,-1,-1,0,0,0,0,0,0,-1,0,30,0,30,0,0,30,30,30,60,1,1,0,0,0,-1,607271242,"6.18"
"C15408",1,2026-06-12,2026-06-11,2,"RRH15618200",420,0,0,0,0,7,1,0,0,55,0,22,1,116,423,0,0,0,0,0,55,0,0,-1,-1,-1,-1,0,0,0,0,0,0,-1,0,0,-1,-1,-1,-1,0,0,0,0,0,0,-1,0,48,0,48,0,0,48,48,4,52,1,1,0,0,0,-1,607271242,"6.18"
"C15420",1,2025-12-13,2025-12-12,4,"NXS11416040",486,0,0,1,0,12,1,0,0,25,0,0,-1,-1,-1,0,0,0,0,0,-1,0,21,1,1,118,-1,35,0,0,1,0,0,25,0,0,-1,-1,-1,-1,0,0,0,0,0,0,-1,0,0,0,0,35,257,292,35,87,122,4,0,1,0,0,-1,607271242,"6.18"
"C15423",1,2025-11-30,2025-11-29,1,,-1,0,0,1,0,5,1,0,0,25,0,22,1,101,422,0,0,1,0,0,25,0,0,-1,-1,-1,-1,0,0,0,0,0,0,-1,0,0,-1,-1,-1,-1,0,0,0,0,0,0,-1,0,58,0,58,0,0,58,58,105,163,1,1,0,0,0,-1,607271242,"6.18"
"C15426",2,2026-07-13,2026-07-12,4,"NXS10220451",329,4,0,0,2,3,1,3,0,25,1,21,1,116,-1,0,0,0,2,1,25,1,0,-1,-1,-1,-1,0,0,0,0,0,0,-1,0,0,-1,-1,-1,-1,0,0,0,0,0,0,-1,0,80,0,80,0,0,80,80,374,454,1,1,0,0,0,-1,607271242,"6.18"
"C15441",1,2023-01-02,2023-01-01,5,,-1,0,0,1,0,5,1,0,0,25,0,0,-1,-1,-1,0,0,0,0,0,-1,0,0,-1,-1,-1,-1,0,0,0,0,0,0,-1,0,11,2,2,116,-1,1368,0,0,1,0,0,25,0,0,0,0,0,0,0,0,1488,1488,-1,0,0,1,0,-1,607271242,"6.18"
"C15444",1,2025-07-27,2025-02-10,5,"RRH15718501",-1,1,0,1,0,5,2,0,0,25,0,2,-1,-1,-1,0,0,0,0,0,-1,0,11,1,1,101,-1,133,1,0,1,0,0,25,0,0,-1,-1,-1,-1,0,0,0,0,0,0,-1,0,24,0,24,272,298,594,296,180,476,5,0,1,0,0,-1,607271242,"6.18"
"C15447",2,2025-02-28,2025-02-26,5,,-1,1,0,1,2,14,2,1,0,25,1,2,-1,-1,-1,0,0,0,0,0,-1,0,12,2,1,101,410,114,1,0,1,2,0,25,1,0,-1,-1,-1,-1,0,0,0,0,0,0,-1,0,115,0,115,0,249,364,115,39,154,5,0,1,0,0,-1,607271242,"6.18"
"C15459",1,2025-12-23,2025-12-22,1,,-1,0,0,0,2,3,1,0,0,25,0,22,3,116,207,0,0,0,2,0,25,0,0,-1,-1,-1,-1,0,0,0,0,0,0,-1,0,0,-1,-1,-1,-1,0,0,0,0,0,0,-1,0,21,0,21,0,0,21,21,3,24,1,1,0,0,0,-1,607271242,"6.18"
"C15462",1,2026-05-10,2026-05-09,1,,-1,0,0,1,0,15,1,0,0,25,0,22,1,205,313,0,0,1,0,0,25,0,0,-1,-1,-1,-1,0,0,0,0,0,0,-1,0,0,-1,-1,-1,-1,0,0,0,0,0,0,-1,0,66,0,66,0,0,66,66,0,66,1,1,0,0,0,-1,607271242,"6.18"
"C15465",1,2025-11-22,2025-11-21,4,"NXS11620195",100,0,0,1,0,5,1,0,0,25,0,22,1,314,423,0,0,1,0,0,25,0,0,-1,-1,-1,-1,0,0,0,0,0,0,-1,0,0,-1,-1,-1,-1,0,0,0,0,0,0,-1,0,47,0,47,0,0,47,47,0,47,1,1,0,0,0,-1,607271242,"6.18"
"C15477",1,2025-08-06,2025-08-05,5,"NXS11319279",-1,1,0,1,0,5,1,0,0,55,0,11,1,116,-1,1,0,1,0,0,55,0,0,-1,-1,-1,-1,0,0,0,0,0,0,-1,0,0,-1,-1,-1,-1,0,0,0,0,0,0,-1,0,258,0,258,0,0,258,258,164,422,1,1,0,0,0,-1,607271242,"6.18"
"C15480",1,2025-06-06,2025-06-05,5,,-1,0,0,0,0,16,1,0,0,55,0,2,-1,-1,-1,0,0,0,0,0,-1,0,12,2,1,410,433,29,0,0,0,0,0,55,0,0,-1,-1,-1,-1,0,0,0,0,0,0,-1,0,6,0,6,23,131,160,29,0,29,5,0,1,0,0,-1,607271242,"6.18"
"C15483",1,2025-09-10,2025-09-09,5,,-1,1,0,1,0,5,1,0,0,25,0,12,3,116,99,1,0,1,0,0,25,0,0,-1,-1,-1,-1,0,0,0,0,0,0,-1,0,0,-1,-1,-1,-1,0,0,0,0,0,0,-1,0,51,0,51,0,0,51,51,1681,1732,1,1,0,0,0,-1,607271242,"6.18"
"C15486",1,2026-04-12,2026-04-11,3,"NXS11217425",458,0,0,1,2,3,1,0,0,25,0,22,1,205,98,0,0,1,2,0,25,0,0,-1,-1,-1,-1,0,0,0,0,0,0,-1,0,0,-1,-1,-1,-1,0,0,0,0,0,0,-1,0,18,0,18,0,0,18,18,983,1001,1,1,0,0,0,-1,607271242,"6.18"
"C15495",1,2025-07-04,2025-07-03,5,"NXS11319023",-1,1,1,1,0,5,1,0,0,25,0,0,-1,-1,-1,0,0,0,0,0,-1,0,0,-1,-1,-1,-1,0,0,0,0,0,0,-1,0,11,1,1,101,-1,362,1,1,1,0,0,25,0,0,0,0,92,0,92,92,97,189,8,0,0,1,0,-1,607271242,"6.18"
"C15498",1,2026-03-22,2026-03-21,2,"TRN10420066",253,1,0,1,0,5,1,0,0,25,0,22,1,116,205,1,0,1,0,0,25,0,0,-1,-1,-1,-1,0,0,0,0,0,0,-1,0,0,-1,-1,-1,-1,0,0,0,0,0,0,-1,0,78,0,78,0,0,78,78,179,257,1,1,0,0,0,-1,607271242,"6.18"
"C15501",1,2026-03-13,2026-03-12,1,,-1,6,0,1,1,3,1,0,0,25,0,22,3,116,422,0,0,1,1,0,25,0,0,-1,-1,-1,-1,0,0,0,0,0,0,-1,0,0,-1,-1,-1,-1,0,0,0,0,0,0,-1,0,13,0,13,0,0,13,13,317,330,1,1,0,0,0,-1,607271242,"6.18"
"C15507",1,2023-01-05,2023-01-04,5,,-1,1,0,1,0,5,1,0,0,25,0,11,3,98,-1,1,0,1,0,0,25,0,0,-1,-1,-1,-1,0,0,0,0,0,0,-1,0,0,-1,-1,-1,-1,0,0,0,0,0,0,-1,0,1365,0,1365,0,0,1365,1365,702,2067,1,1,0,0,0,-1,607271242,"6.18"
"C15510",1,2026-02-04,2026-02-03,1,,-1,4,0,0,0,5,1,0,0,25,0,22,1,101,99,0,0,0,0,0,25,0,0,-1,-1,-1,-1,0,0,0,0,0,0,-1,0,0,-1,-1,-1,-1,0,0,0,0,0,0,-1,0,125,0,125,0,0,125,125,273,398,1,1,0,0,0,-1,607271242,"6.18"
"C15513",1,2026-03-21,2026-03-20,3,"NXS11317154",437,0,0,1,2,13,1,0,0,25,0,22,1,116,99,0,0,1,2,0,25,0,0,-1,-1,-1,-1,0,0,0,0,0,0,-1,0,0,-1,-1,-1,-1,0,0,0,0,0,0,-1,0,14,0,14,0,0,14,14,56,70,1,1,0,0,0,-1,607271242,"6.18"
"C15516",1,2026-01-19,2026-01-18,1,,-1,0,0,0,2,24,1,0,0,25,0,22,1,336,420,0,0,0,2,0,25,0,0,-1,-1,-1,-1,0,0,0,0,0,0,-1,0,0,-1,-1,-1,-1,0,0,0,0,0,0,-1,0,44,0,44,0,0,44,44,0,44,1,1,0,0,0,-1,607271242,"6.18"
"C15519",1,2025-09-18,2025-09-17,5,,-1,0,0,1,2,5,1,0,0,25,0,0,-1,-1,-1,0,0,0,0,0,-1,0,12,0,1,116,99,127,0,0,1,2,0,25,0,0,-1,-1,-1,-1,0,0,0,0,0,0,-1,0,0,0,0,126,0,126,126,93,219,4,0,0,0,0,-1,607271242,"6.18"
"C15522",1,2026-03-29,2026-03-28,1,,-1,1,0,1,2,3,1,0,0,25,0,22,1,336,99,1,0,1,2,0,25,0,0,-1,-1,-1,-1,0,0,0,0,0,0,-1,0,0,-1,-1,-1,-1,0,0,0,0,0,0,-1,0,18,0,18,0,0,18,18,0,18,1,1,0,0,0,-1,607271242,"6.18"
"C15528",1,2026-03-04,2026-03-03,1,,-1,4,0,0,2,25,1,0,0,25,0,22,1,116,99,0,0,0,2,0,25,0,0,-1,-1,-1,-1,0,0,0,0,0,0,-1,0,0,-1,-1,-1,-1,0,0,0,0,0,0,-1,0,133,0,133,0,0,133,133,185,318,1,1,0,0,0,-1,607271242,"6.18"
"C15531",1,2025-12-06,2025-12-05,1,,-1,0,0,1,0,5,1,0,0,25,0,22,3,336,420,0,0,1,0,0,25,0,0,-1,-1,-1,-1,0,0,0,0,0,0,-1,0,0,-1,-1,-1,-1,0,0,0,0,0,0,-1,0,40,0,40,0,0,40,40,61,101,1,1,0,0,0,-1,607271242,"6.18"
"C15543",1,2026-05-10,2026-05-09,1,,-1,0,0,0,0,5,1,0,0,25,0,22,1,116,99,0,0,0,0,0,25,0,0,-1,-1,-1,-1,0,0,0,0,0,0,-1,0,0,-1,-1,-1,-1,0,0,0,0,0,0,-1,0,18,0,18,0,0,18,18,6,24,1,1,0,0,0,-1,607271242,"6.18"
"C15549",2,2026-06-09,2026-06-08,1,,-1,4,0,0,0,27,1,3,0,25,1,0,-1,-1,-1,0,0,0,0,0,-1,0,21,0,1,101,-1,114,0,0,0,0,1,25,1,0,-1,-1,-1,-1,0,0,0,0,0,0,-1,0,0,0,0,114,0,114,114,1892,2006,4,0,0,0,0,-1,607271242,"6.18"
"C15567",1,2025-08-11,2025-08-10,5,,-1,0,0,0,0,34,1,0,0,24,0,12,1,99,99,0,0,0,0,0,24,0,11,1,1,205,-1,42,0,0,0,0,0,24,0,0,-1,-1,-1,-1,0,0,0,0,0,0,-1,0,23,0,23,26,361,410,49,130,179,5,0,1,0,0,-1,607271242,"6.18"
"C15579",1,2025-09-11,2025-09-10,5,"NXS14716886",-1,1,0,1,0,35,1,0,0,55,0,12,1,206,422,1,0,1,0,0,55,0,0,-1,-1,-1,-1,0,0,0,0,0,0,-1,0,0,-1,-1,-1,-1,0,0,0,0,0,0,-1,0,171,0,171,0,0,171,171,680,851,1,1,0,0,0,-1,607271242,"6.18"
"C15588",1,2025-02-14,2025-02-13,5,,-1,1,0,1,0,5,1,0,0,25,0,21,1,116,-1,1,0,1,0,0,25,0,12,0,1,101,99,231,1,0,1,0,0,25,0,0,-1,-1,-1,-1,0,0,0,0,0,0,-1,0,209,0,209,187,0,396,396,223,619,5,1,0,0,0,-1,607271242,"6.18"
"C15591",2,2026-03-24,2026-03-23,1,,-1,0,0,1,1,16,1,3,0,25,1,0,-1,-1,-1,0,0,0,0,0,-1,0,21,1,1,116,-1,61,0,0,1,1,1,25,1,0,-1,-1,-1,-1,0,0,0,0,0,0,-1,0,0,0,0,61,130,191,61,110,171,4,0,1,0,0,-1,607271242,"6.18"
"C15594",1,2025-01-10,2025-01-09,5,"NXS12717501",-1,2,0,1,0,36,1,0,0,25,0,0,-1,-1,-1,0,0,0,0,0,-1,0,0,-1,-1,-1,-1,0,0,0,0,0,0,-1,0,12,2,2,101,207,391,0,0,1,0,0,25,0,0,0,0,1,0,1,1,1378,1379,-1,0,0,1,0,-1,607271242,"6.18"
"C15597",1,2026-06-24,2026-06-23,4,"NBN10516218",679,0,0,1,0,5,1,0,0,25,0,21,3,335,-1,0,0,1,0,0,25,0,0,-1,-1,-1,-1,0,0,0,0,0,0,-1,0,0,-1,-1,-1,-1,0,0,0,0,0,0,-1,0,99,0,99,0,0,99,99,0,99,1,1,0,0,0,-1,607271242,"6.18"
"C15600",1,2025-12-07,2025-12-06,1,,-1,0,0,0,0,3,1,0,0,25,0,22,1,116,410,0,0,0,0,0,25,0,0,-1,-1,-1,-1,0,0,0,0,0,0,-1,0,0,-1,-1,-1,-1,0,0,0,0,0,0,-1,0,80,0,80,0,0,80,80,0,80,1,1,0,0,0,-1,607271242,"6.18"
"C15603",1,2026-01-01,2025-12-31,3,"NXS11319440",225,1,0,1,1,5,1,0,0,25,0,22,1,116,116,1,0,1,1,0,25,0,0,-1,-1,-1,-1,0,0,0,0,0,0,-1,0,0,-1,-1,-1,-1,0,0,0,0,0,0,-1,0,91,0,91,0,0,91,91,31,122,1,1,0,0,0,-1,607271242,"6.18"
"C15606",1,2026-01-04,2026-01-03,1,,-1,0,0,1,0,56,1,0,0,55,0,22,1,314,98,0,0,1,0,0,55,0,0,-1,-1,-1,-1,0,0,0,0,0,0,-1,0,0,-1,-1,-1,-1,0,0,0,0,0,0,-1,0,17,0,17,0,0,17,17,0,17,1,1,0,0,0,-1,607271242,"6.18"
"C15609",1,2026-03-12,2026-03-11,1,,-1,0,0,1,0,3,1,0,0,55,0,22,1,314,98,0,0,1,0,0,55,0,0,-1,-1,-1,-1,0,0,0,0,0,0,-1,0,0,-1,-1,-1,-1,0,0,0,0,0,0,-1,0,37,0,37,0,0,37,37,0,37,1,1,0,0,0,-1,607271242,"6.18"
"C15612",1,2025-12-26,2025-12-25,4,"NXS14717652",338,4,0,0,0,37,1,0,0,55,0,22,1,101,423,0,0,0,0,0,55,0,0,-1,-1,-1,-1,0,0,0,0,0,0,-1,0,0,-1,-1,-1,-1,0,0,0,0,0,0,-1,0,62,0,62,0,0,62,62,0,62,1,1,0,0,0,-1,607271242,"6.18"
"C15621",2,2025-05-23,2025-05-22,5,,-1,0,0,0,1,5,1,2,0,25,1,0,-1,-1,-1,0,0,0,0,0,-1,0,12,2,1,101,410,17,0,0,0,1,0,25,1,0,-1,-1,-1,-1,0,0,0,0,0,0,-1,0,0,0,0,17,115,132,17,169,186,4,0,1,0,0,-1,607271242,"6.18"
"C15645",1,2026-03-29,2026-03-28,1,,-1,0,0,1,0,46,1,0,0,25,0,22,1,336,410,0,0,1,0,0,25,0,0,-1,-1,-1,-1,0,0,0,0,0,0,-1,0,0,-1,-1,-1,-1,0,0,0,0,0,0,-1,0,88,0,88,0,0,88,88,1171,1259,1,1,0,0,0,-1,607271242,"6.18"
"C15666",1,2026-07-27,2026-07-26,1,,-1,1,0,1,0,5,1,0,0,25,0,21,1,101,-1,1,0,1,0,0,25,0,0,-1,-1,-1,-1,0,0,0,0,0,0,-1,0,0,-1,-1,-1,-1,0,0,0,0,0,0,-1,0,66,0,66,0,0,66,66,1408,1474,1,1,0,0,0,-1,607271242,"6.18"
"C15669",2,2026-05-14,2026-05-13,2,"RRH14916533",364,1,0,1,0,5,2,1,0,25,1,22,1,99,99,1,0,1,0,0,25,1,0,-1,-1,-1,-1,0,0,0,0,0,0,-1,0,0,-1,-1,-1,-1,0,0,0,0,0,0,-1,0,23,0,23,0,0,23,23,697,720,1,1,0,0,0,-1,607271242,"6.18"
"C15675",1,2026-05-29,2026-05-28,1,,-1,0,1,1,0,57,1,0,0,25,0,21,1,116,-1,0,1,1,0,0,25,0,0,-1,-1,-1,-1,0,0,0,0,0,0,-1,0,0,-1,-1,-1,-1,0,0,0,0,0,0,-1,0,0,125,125,0,0,125,125,55,180,2,1,0,0,0,-1,607271242,"6.18"
"C15678",1,2024-07-08,2024-07-07,5,"RRH14913908",-1,2,1,1,2,5,1,0,0,55,0,2,-1,-1,-1,0,0,0,0,0,-1,0,0,-1,-1,-1,-1,0,0,0,0,0,0,-1,0,12,2,1,431,312,367,0,1,1,2,0,55,0,0,21,21,139,0,160,160,0,160,-1,0,0,1,0,-1,607271242,"6.18"
"C15684",1,2026-07-04,2026-07-03,1,,-1,1,0,1,1,5,1,0,0,25,0,22,1,116,423,1,0,1,1,0,25,0,0,-1,-1,-1,-1,0,0,0,0,0,0,-1,0,0,-1,-1,-1,-1,0,0,0,0,0,0,-1,0,25,0,25,0,0,25,25,47,72,1,1,0,0,0,-1,607271242,"6.18"
"C15696",1,2026-05-30,2026-05-29,1,,-1,0,0,1,1,5,1,0,0,25,0,0,-1,-1,-1,0,0,0,0,0,-1,0,21,1,3,410,-1,1,0,0,1,1,0,25,0,0,-1,-1,-1,-1,0,0,0,0,0,0,-1,0,0,0,0,1,123,124,1,0,1,4,0,1,0,0,-1,607271242,"6.18"
"C15717",1,2025-10-11,2025-10-10,3,"NXS11319760",88,1,0,1,2,5,1,0,0,55,0,22,1,116,99,1,0,1,2,0,55,0,0,-1,-1,-1,-1,0,0,0,0,0,0,-1,0,0,-1,-1,-1,-1,0,0,0,0,0,0,-1,0,24,0,24,0,0,24,24,251,275,1,1,0,0,0,-1,607271242,"6.18"
"C15720",1,2021-07-01,2021-06-30,5,,-1,0,1,1,0,5,1,0,0,55,0,0,-1,-1,-1,0,0,0,0,0,-1,0,0,-1,-1,-1,-1,0,0,0,0,0,0,-1,0,11,2,1,101,-1,1918,0,1,1,0,0,55,0,0,0,0,0,0,0,0,55,55,-1,0,0,1,0,-1,607271242,"6.18"
"C15726",1,2026-07-05,2026-07-04,3,"NXS11319336",421,1,0,1,1,123,1,0,0,25,0,21,1,336,-1,1,0,1,1,0,25,0,0,-1,-1,-1,-1,0,0,0,0,0,0,-1,0,0,-1,-1,-1,-1,0,0,0,0,0,0,-1,0,88,0,88,0,0,88,88,2,90,1,1,0,0,0,-1,607271242,"6.18"
"C15729",1,2026-03-10,2026-03-09,1,,-1,9,0,1,1,124,1,0,0,25,0,22,1,101,99,0,0,1,1,0,25,0,0,-1,-1,-1,-1,0,0,0,0,0,0,-1,0,0,-1,-1,-1,-1,0,0,0,0,0,0,-1,0,13,0,13,0,0,13,13,2,15,1,1,0,0,0,-1,607271242,"6.18"
"C15729",2,2025-10-05,2025-10-04,1,,-1,9,0,1,1,124,1,2,0,25,1,22,1,116,410,0,0,1,1,0,25,1,0,-1,-1,-1,-1,0,0,0,0,0,0,-1,0,0,-1,-1,-1,-1,0,0,0,0,0,0,-1,0,23,0,23,0,0,23,23,25,48,1,1,0,0,0,-1,607271242,"6.18"
"C15732",1,2025-06-26,2025-06-25,5,,-1,0,0,1,0,5,1,0,0,25,0,0,-1,-1,-1,0,0,0,0,0,-1,0,12,2,1,410,433,8,0,0,1,0,0,25,0,0,-1,-1,-1,-1,0,0,0,0,0,0,-1,0,0,0,0,8,96,104,8,0,8,4,0,1,0,0,-1,607271242,"6.18"
"C15741",1,2026-06-12,2026-06-11,1,,-1,0,0,1,0,5,1,0,0,55,0,21,1,335,-1,0,0,1,0,0,55,0,0,-1,-1,-1,-1,0,0,0,0,0,0,-1,0,0,-1,-1,-1,-1,0,0,0,0,0,0,-1,0,111,0,111,0,0,111,111,4,115,1,1,0,0,0,-1,607271242,"6.18"
"C15744",1,2026-06-12,2026-06-11,1,,-1,0,0,1,0,125,1,0,0,25,0,21,1,335,-1,0,0,1,0,0,25,0,0,-1,-1,-1,-1,0,0,0,0,0,0,-1,0,0,-1,-1,-1,-1,0,0,0,0,0,0,-1,0,111,0,111,0,0,111,111,4,115,1,1,0,0,0,-1,607271242,"6.18"
"C15747",1,2026-04-08,2026-04-07,1,,-1,0,0,0,0,3,1,0,0,55,0,22,1,118,312,0,0,0,0,0,55,0,0,-1,-1,-1,-1,0,0,0,0,0,0,-1,0,0,-1,-1,-1,-1,0,0,0,0,0,0,-1,0,36,0,36,0,0,36,36,5,41,1,1,0,0,0,-1,607271242,"6.18"
"C15750",1,2025-09-15,2025-09-14,5,,-1,0,0,1,1,1,1,0,0,25,0,12,1,101,420,0,0,1,1,0,25,0,0,-1,-1,-1,-1,0,0,0,0,0,0,-1,0,0,-1,-1,-1,-1,0,0,0,0,0,0,-1,0,52,0,52,0,0,52,52,2,54,1,1,0,0,0,-1,607271242,"6.18"
"C15753",1,2026-06-13,2026-06-12,1,,-1,1,0,1,0,126,1,0,0,25,0,22,1,116,99,1,0,1,0,0,25,0,0,-1,-1,-1,-1,0,0,0,0,0,0,-1,0,0,-1,-1,-1,-1,0,0,0,0,0,0,-1,0,1,0,1,0,0,1,1,1286,1287,1,1,0,0,0,-1,607271242,"6.18"
"C15756",1,2025-07-20,2025-07-19,5,,-1,0,0,1,0,5,1,0,0,25,0,0,-1,-1,-1,0,0,0,0,0,-1,0,12,0,3,336,99,272,0,0,1,0,0,25,0,0,-1,-1,-1,-1,0,0,0,0,0,0,-1,0,0,0,0,271,0,271,271,0,271,4,0,0,0,0,-1,607271242,"6.18"
"C15759",1,2022-02-11,2022-02-10,5,,-1,0,1,1,0,5,1,0,0,55,0,0,-1,-1,-1,0,0,0,0,0,-1,0,0,-1,-1,-1,-1,0,0,0,0,0,0,-1,0,11,2,1,101,-1,1605,0,1,1,0,0,55,0,0,0,0,88,0,88,88,282,370,-1,0,0,1,0,-1,607271242,"6.18"
"C15762",1,2025-06-01,2025-05-31,5,,-1,0,0,1,2,5,2,0,0,25,1,0,-1,-1,-1,0,0,0,0,0,-1,0,12,2,1,116,410,33,0,0,1,2,0,25,1,0,-1,-1,-1,-1,0,0,0,0,0,0,-1,0,0,0,0,33,198,231,33,59,92,4,0,1,0,0,-1,607271242,"6.18"
"C15771",1,2025-09-05,2025-09-04,5,"NXS10920808",-1,1,0,1,0,5,1,0,0,25,0,12,3,336,431,1,0,1,0,0,25,0,0,-1,-1,-1,-1,0,0,0,0,0,0,-1,0,0,-1,-1,-1,-1,0,0,0,0,0,0,-1,0,74,0,74,0,0,74,74,40,114,1,1,0,0,22,0,607271242,"6.18"
"C15774",1,2025-08-21,2025-08-20,5,,-1,0,0,0,0,3,1,0,0,25,0,21,1,116,-1,0,0,0,0,0,25,0,12,2,1,116,410,1,0,0,0,0,0,25,0,0,-1,-1,-1,-1,0,0,0,0,0,0,-1,0,60,0,60,1,123,184,61,51,112,5,1,1,0,0,-1,607271242,"6.18"
"C15780",99,2025-12-30,2025-12-29,1,,-1,4,0,0,2,5,0,0,1,-1,0,22,1,101,313,0,0,0,2,0,-1,0,0,-1,-1,-1,-1,0,0,0,0,0,0,-1,0,0,-1,-1,-1,-1,0,0,0,0,0,0,-1,0,185,0,185,0,0,185,185,757,942,1,1,0,0,0,-1,607271242,"6.18"
"C15783",1,2025-10-01,2025-09-30,1,,-1,0,0,1,2,5,1,0,0,55,0,22,1,99,99,0,0,1,2,0,55,0,22,1,1,101,410,6,0,0,1,2,0,55,0,0,-1,-1,-1,-1,0,0,0,0,0,0,-1,0,4,0,4,6,235,245,10,71,81,5,1,1,0,0,-1,607271242,"6.18"
"C15786",1,2025-10-09,2025-10-08,3,"NXS11319049",176,1,0,1,0,3,1,0,0,25,0,22,1,336,423,1,0,1,0,0,25,0,0,-1,-1,-1,-1,0,0,0,0,0,0,-1,0,0,-1,-1,-1,-1,0,0,0,0,0,0,-1,0,79,0,79,0,0,79,79,3,82,1,1,0,0,0,-1,607271242,"6.18"
"C15792",1,2025-11-13,2025-11-12,1,,-1,0,0,1,0,135,1,0,0,25,0,22,1,206,314,0,0,1,0,0,25,0,0,-1,-1,-1,-1,0,0,0,0,0,0,-1,0,0,-1,-1,-1,-1,0,0,0,0,0,0,-1,0,22,0,22,0,0,22,22,0,22,1,1,0,0,0,-1,607271242,"6.18"
"C15801",1,2026-02-13,2026-02-12,1,,-1,1,0,1,0,136,1,0,0,55,0,22,1,207,440,1,0,1,0,0,55,0,0,-1,-1,-1,-1,0,0,0,0,0,0,-1,0,0,-1,-1,-1,-1,0,0,0,0,0,0,-1,0,130,0,130,0,0,130,130,12,142,1,1,0,0,0,-1,607271242,"6.18"
"C15804",1,2026-01-27,2026-01-26,3,"NXS11318273",347,4,0,0,0,3,1,0,0,24,0,22,1,336,423,0,0,0,0,0,24,0,0,-1,-1,-1,-1,0,0,0,0,0,0,-1,0,0,-1,-1,-1,-1,0,0,0,0,0,0,-1,0,18,0,18,0,0,18,18,0,18,1,1,0,0,0,-1,607271242,"6.18"
"C15810",1,2025-12-13,2025-12-12,2,"NXS11315752",381,2,0,1,0,5,1,0,0,25,0,22,1,336,206,0,0,1,0,0,25,0,0,-1,-1,-1,-1,0,0,0,0,0,0,-1,0,0,-1,-1,-1,-1,0,0,0,0,0,0,-1,0,29,0,29,0,0,29,29,3,32,1,1,0,0,0,-1,607271242,"6.18"
"C15813",2,2025-11-14,2025-11-13,1,,-1,9,0,1,0,5,2,3,0,25,1,22,1,434,434,0,0,1,0,1,25,1,0,-1,-1,-1,-1,0,0,0,0,0,0,-1,0,0,-1,-1,-1,-1,0,0,0,0,0,0,-1,0,104,0,104,0,0,104,104,0,104,1,1,0,0,0,-1,607271242,"6.18"
"C15816",1,2025-11-24,2025-11-23,1,,-1,9,0,1,0,137,1,0,0,25,0,22,1,116,423,0,0,1,0,0,25,0,0,-1,-1,-1,-1,0,0,0,0,0,0,-1,0,0,-1,-1,-1,-1,0,0,0,0,0,0,-1,0,19,0,19,0,0,19,19,0,19,1,1,0,0,0,-1,607271242,"6.18"
"C15834",1,2024-10-06,2024-07-13,5,"RRH13210322",-1,9,0,1,0,145,1,0,0,18,0,2,-1,-1,-1,0,0,0,0,0,-1,0,12,2,1,101,410,2,0,0,1,0,0,18,0,0,-1,-1,-1,-1,0,0,0,0,0,0,-1,0,84,0,84,0,402,486,84,49,133,5,0,1,0,0,-1,607271242,"6.18"
"C15843",1,2025-11-17,2025-11-16,1,,-1,0,0,0,0,5,1,0,0,25,0,22,1,336,313,0,0,0,0,0,25,0,0,-1,-1,-1,-1,0,0,0,0,0,0,-1,0,0,-1,-1,-1,-1,0,0,0,0,0,0,-1,0,53,0,53,0,0,53,53,15,68,1,1,0,0,0,-1,607271242,"6.18"
"C15846",2,2025-08-15,2024-12-30,5,"RRH12117965",-1,0,0,1,2,1,3,3,0,25,1,0,-1,-1,-1,0,0,0,0,0,-1,0,12,2,1,431,410,1,0,0,1,2,1,25,1,0,-1,-1,-1,-1,0,0,0,0,0,0,-1,0,0,0,0,90,153,243,90,26,116,4,0,1,0,0,-1,607271242,"6.18"
"C15873",1,2025-10-11,2025-10-10,5,"RRH12220581",-1,1,1,1,0,56,1,0,0,55,0,21,1,101,-1,1,1,1,0,0,55,0,0,-1,-1,-1,-1,0,0,0,0,0,0,-1,0,0,-1,-1,-1,-1,0,0,0,0,0,0,-1,0,67,0,67,0,0,67,67,7245,7312,1,1,0,0,0,-1,607271242,"6.18"
"C15879",1,2025-08-28,2025-08-27,5,"NXS12717819",-1,1,0,1,0,5,1,0,0,25,0,0,-1,-1,-1,0,0,0,0,0,-1,0,12,2,1,116,433,10,1,0,1,0,0,25,0,21,1,2,116,-1,151,1,0,1,0,0,25,0,0,0,0,11,236,247,11,314,325,11,0,1,1,0,-1,607271242,"6.18"
"C15882",1,2025-11-15,2025-11-14,2,"RRH14010520",321,1,0,1,2,157,1,0,0,25,0,22,1,116,410,1,0,1,2,0,25,0,0,-1,-1,-1,-1,0,0,0,0,0,0,-1,0,0,-1,-1,-1,-1,0,0,0,0,0,0,-1,0,56,0,56,0,0,56,56,243,299,1,1,0,0,0,-1,607271242,"6.18"
"C15885",1,2026-04-12,2026-04-11,1,,-1,1,0,1,2,5,1,0,0,25,0,22,1,116,312,1,0,1,2,0,25,0,0,-1,-1,-1,-1,0,0,0,0,0,0,-1,0,0,-1,-1,-1,-1,0,0,0,0,0,0,-1,0,37,0,37,0,0,37,37,139,176,1,1,0,0,0,-1,607271242,"6.18"
"C15888",1,2024-09-03,2024-09-02,5,"NXS12714311",-1,1,0,1,0,15,1,0,0,25,0,2,-1,-1,-1,0,0,0,0,0,-1,0,12,1,1,116,423,394,1,0,1,0,0,25,0,0,-1,-1,-1,-1,0,0,0,0,0,0,-1,0,109,0,109,285,12,406,394,727,1121,5,0,1,0,0,-1,607271242,"6.18"
"C15891",1,2025-12-06,2025-12-05,1,,-1,1,0,1,0,5,1,0,0,25,0,22,1,336,422,1,0,1,0,0,25,0,0,-1,-1,-1,-1,0,0,0,0,0,0,-1,0,0,-1,-1,-1,-1,0,0,0,0,0,0,-1,0,33,0,33,0,0,33,33,0,33,1,1,0,0,0,-1,607271242,"6.18"
"C15897",1,2025-11-17,2025-11-16,3,"NXS11315803",491,1,0,1,0,5,1,0,0,25,0,22,1,207,313,1,0,1,0,0,25,0,0,-1,-1,-1,-1,0,0,0,0,0,0,-1,0,0,-1,-1,-1,-1,0,0,0,0,0,0,-1,0,46,0,46,0,0,46,46,0,46,1,1,0,0,0,-1,607271242,"6.18"
"C15900",2,2025-10-09,2025-10-08,1,,-1,1,0,1,1,5,1,3,0,25,1,22,1,101,99,1,0,1,1,1,25,1,0,-1,-1,-1,-1,0,0,0,0,0,0,-1,0,0,-1,-1,-1,-1,0,0,0,0,0,0,-1,0,45,0,45,0,0,45,45,896,941,1,1,0,0,0,-1,607271242,"6.18"
"C15909",2,2026-01-16,2026-01-15,1,,-1,0,0,1,2,235,1,2,0,25,1,22,1,410,433,0,0,1,2,0,25,1,22,0,1,101,420,83,0,0,1,2,0,25,1,0,-1,-1,-1,-1,0,0,0,0,0,0,-1,0,105,0,105,50,0,155,155,0,155,5,1,0,0,0,-1,607271242,"6.18"
"C15918",1,2025-09-25,2025-09-24,5,,-1,4,0,0,0,5,1,0,0,25,0,12,3,116,431,0,0,0,0,0,25,0,0,-1,-1,-1,-1,0,0,0,0,0,0,-1,0,0,-1,-1,-1,-1,0,0,0,0,0,0,-1,0,65,0,65,0,0,65,65,837,902,1,1,0,0,22,1,607271242,"6.18"
"C15921",2,2021-05-05,2021-05-04,5,,-1,0,1,0,0,5,1,3,0,25,1,0,-1,-1,-1,0,0,0,0,0,-1,0,0,-1,-1,-1,-1,0,0,0,0,0,0,-1,0,11,2,1,419,-1,1939,0,1,0,0,1,25,1,0,0,0,36,0,36,36,0,36,-1,0,0,1,0,-1,607271242,"6.18"
"C15933",1,2025-09-12,2025-09-11,5,,-1,0,1,1,0,5,1,0,0,25,0,0,-1,-1,-1,0,0,0,0,0,-1,0,12,2,2,101,410,11,0,1,1,0,0,25,0,0,-1,-1,-1,-1,0,0,0,0,0,0,-1,0,0,0,0,11,182,193,11,40,51,4,0,1,0,0,-1,607271242,"6.18"
"C15936",1,2026-01-04,2026-01-03,2,"RRH15617745",291,4,0,0,0,3,1,0,0,25,0,22,1,410,99,0,0,0,0,0,25,0,0,-1,-1,-1,-1,0,0,0,0,0,0,-1,0,0,-1,-1,-1,-1,0,0,0,0,0,0,-1,0,38,0,38,0,0,38,38,0,38,1,1,0,0,0,-1,607271242,"6.18"
"C15939",1,2024-09-07,2024-09-06,5,,-1,1,0,1,0,36,1,0,0,25,0,12,1,101,440,1,0,1,0,0,25,0,0,-1,-1,-1,-1,0,0,0,0,0,0,-1,0,0,-1,-1,-1,-1,0,0,0,0,0,0,-1,0,433,0,433,0,0,433,433,650,1083,1,1,0,0,0,-1,607271242,"6.18"
"C15942",1,2021-07-11,2021-07-10,5,,-1,0,1,1,2,1,1,0,0,25,0,0,-1,-1,-1,0,0,0,0,0,-1,0,0,-1,-1,-1,-1,0,0,0,0,0,0,-1,0,11,2,1,101,-1,1908,0,1,1,2,0,25,0,0,0,0,0,0,0,0,242,242,-1,0,0,1,0,-1,607271242,"6.18"
"C15954",1,2025-10-30,2025-10-29,1,,-1,0,0,1,1,5,1,0,0,25,0,0,-1,-1,-1,0,0,0,0,0,-1,0,0,-1,-1,-1,-1,0,0,0,0,0,0,-1,0,0,-1,-1,-1,-1,0,0,0,0,0,0,-1,0,0,0,0,0,0,0,0,27,27,12,0,0,0,22,1,607271242,"6.18"
"C15957",1,2021-07-09,2021-07-08,5,,-1,9,1,1,0,246,1,0,0,25,0,0,-1,-1,-1,0,0,0,0,0,-1,0,0,-1,-1,-1,-1,0,0,0,0,0,0,-1,0,11,2,1,101,-1,1910,0,1,1,0,0,25,0,0,0,0,0,0,0,0,95,95,-1,0,0,1,0,-1,607271242,"6.18"
"C15960",1,2024-05-28,2024-05-27,5,"NXS11414732",-1,0,0,1,2,3,1,0,0,55,0,2,-1,-1,-1,0,0,0,0,0,-1,0,12,2,1,116,410,25,0,0,1,2,0,55,0,0,-1,-1,-1,-1,0,0,0,0,0,0,-1,0,25,0,25,0,497,522,25,2,27,5,0,1,0,0,-1,607271242,"6.18"
"C15966",1,2026-04-18,2026-04-17,3,"NXS11320038",291,1,0,1,0,3,1,0,0,55,0,22,1,410,423,1,0,1,0,0,55,0,0,-1,-1,-1,-1,0,0,0,0,0,0,-1,0,0,-1,-1,-1,-1,0,0,0,0,0,0,-1,0,18,0,18,0,0,18,18,0,18,1,1,0,0,0,-1,607271242,"6.18"
"C15993",1,2025-11-06,2025-11-05,1,,-1,0,0,0,2,3,1,0,0,25,0,22,1,410,423,0,0,0,2,0,25,0,0,-1,-1,-1,-1,0,0,0,0,0,0,-1,0,0,-1,-1,-1,-1,0,0,0,0,0,0,-1,0,32,0,32,0,0,32,32,0,32,1,1,0,0,0,-1,607271242,"6.18"
"C16008",1,2025-11-16,2025-11-15,2,"RRH13219350",135,1,0,1,0,5,1,0,0,55,0,22,1,116,312,1,0,1,0,0,55,0,0,-1,-1,-1,-1,0,0,0,0,0,0,-1,0,0,-1,-1,-1,-1,0,0,0,0,0,0,-1,0,18,0,18,0,0,18,18,1506,1524,1,1,0,0,0,-1,607271242,"6.18"
"C16023",1,2026-01-04,2026-01-03,1,,-1,1,0,1,0,346,1,0,0,25,0,22,1,101,99,1,0,1,0,0,25,0,21,1,2,116,-1,40,1,0,1,0,0,25,0,0,-1,-1,-1,-1,0,0,0,0,0,0,-1,0,18,0,18,40,194,252,58,202,260,5,1,1,0,0,-1,607271242,"6.18"
"C16026",1,2026-06-07,2026-06-06,1,,-1,0,0,0,2,3,1,0,0,55,0,22,1,336,329,0,0,0,2,0,55,0,0,-1,-1,-1,-1,0,0,0,0,0,0,-1,0,0,-1,-1,-1,-1,0,0,0,0,0,0,-1,0,47,0,47,0,0,47,47,6,53,1,1,0,0,0,-1,607271242,"6.18"
"C16032",1,2025-08-10,2025-08-09,5,,-1,0,0,1,0,3,1,0,0,25,0,0,-1,-1,-1,0,0,0,0,0,-1,0,11,2,1,116,-1,22,0,0,1,0,0,25,0,0,-1,-1,-1,-1,0,0,0,0,0,0,-1,0,0,0,0,22,395,417,22,37,59,4,0,1,0,0,-1,607271242,"6.18"
"C16050",1,2025-09-20,2025-09-19,5,,-1,0,1,1,0,356,1,0,0,25,0,12,1,204,99,0,1,1,0,0,25,0,0,-1,-1,-1,-1,0,0,0,0,0,0,-1,0,0,-1,-1,-1,-1,0,0,0,0,0,0,-1,0,28,0,28,0,0,28,28,10,38,1,1,0,0,0,-1,607271242,"6.18"
"C16053",1,2024-01-29,2023-12-29,5,"NBN10514171",-1,0,0,1,0,5,1,0,0,25,0,2,-1,-1,-1,0,0,0,0,0,-1,0,12,2,1,101,433,20,0,0,1,0,0,25,0,0,-1,-1,-1,-1,0,0,0,0,0,0,-1,0,29,0,29,7,717,753,36,224,260,5,0,1,0,0,-1,607271242,"6.18"
"C16056",1,2026-07-29,2026-07-28,1,,-1,0,0,0,0,3,1,0,0,25,0,21,1,116,-1,0,0,0,0,0,25,0,0,-1,-1,-1,-1,0,0,0,0,0,0,-1,0,0,-1,-1,-1,-1,0,0,0,0,0,0,-1,0,5,0,5,0,0,5,5,125,130,1,1,0,0,0,-1,607271242,"6.18"
"C16062",2,2026-06-22,2026-06-21,1,,-1,0,0,1,0,36,2,2,0,25,1,21,1,118,-1,0,0,1,0,0,25,1,0,-1,-1,-1,-1,0,0,0,0,0,0,-1,0,0,-1,-1,-1,-1,0,0,0,0,0,0,-1,0,101,0,101,0,0,101,101,18,119,1,1,0,0,0,-1,607271242,"6.18"
"C16077",2,2026-05-26,2026-05-25,1,,-1,0,0,0,1,5,2,2,0,25,1,0,-1,-1,-1,0,0,0,0,0,-1,0,21,1,1,116,-1,41,0,0,0,1,0,25,1,0,-1,-1,-1,-1,0,0,0,0,0,0,-1,0,0,0,0,41,87,128,41,173,214,4,0,1,0,0,-1,607271242,"6.18"
"C16089",1,2026-01-18,2026-01-17,1,,-1,0,0,1,0,5,1,0,0,25,0,22,1,116,410,0,0,1,0,0,25,0,0,-1,-1,-1,-1,0,0,0,0,0,0,-1,0,0,-1,-1,-1,-1,0,0,0,0,0,0,-1,0,40,0,40,0,0,40,40,15,55,1,1,0,0,0,-1,607271242,"6.18"
"C16116",1,2022-04-25,2022-04-24,5,,-1,9,1,1,0,5,1,0,0,55,0,0,-1,-1,-1,0,0,0,0,0,-1,0,0,-1,-1,-1,-1,0,0,0,0,0,0,-1,0,11,0,1,101,-1,0,0,1,1,0,0,55,0,0,0,0,1620,0,1620,1620,326,1946,8,0,0,0,0,-1,607271242,"6.18"
"C16128",1,2025-12-25,2025-12-24,4,"NXS10618793",275,0,0,1,2,5,1,0,0,25,0,0,-1,-1,-1,0,0,0,0,0,-1,0,21,1,1,101,-1,22,0,0,1,2,0,25,0,0,-1,-1,-1,-1,0,0,0,0,0,0,-1,0,0,0,0,22,258,280,22,88,110,4,0,1,0,0,-1,607271242,"6.18"
"C16137",1,2025-02-04,2025-02-03,5,"TRN11814929",-1,9,1,1,2,5,1,0,0,55,0,0,-1,-1,-1,0,0,0,0,0,-1,0,0,-1,-1,-1,-1,0,0,0,0,0,0,-1,0,11,2,2,101,-1,603,0,1,1,2,0,55,0,0,0,0,1,0,1,1,329,330,-1,0,0,1,0,-1,607271242,"6.18"
"C16140",1,2025-07-03,2025-07-02,5,,-1,0,0,1,2,3,1,0,0,25,0,0,-1,-1,-1,0,0,0,0,0,-1,0,12,1,1,116,433,150,0,0,1,2,0,25,0,0,-1,-1,-1,-1,0,0,0,0,0,0,-1,0,0,0,0,150,52,202,150,35,185,4,0,1,0,0,-1,607271242,"6.18"
"C16143",1,2025-09-21,2025-09-20,5,"NXS11320237",-1,0,0,0,0,3,1,0,0,25,0,12,1,116,423,0,0,0,0,0,25,0,0,-1,-1,-1,-1,0,0,0,0,0,0,-1,0,0,-1,-1,-1,-1,0,0,0,0,0,0,-1,0,26,0,26,0,0,26,26,91,117,1,1,0,0,0,-1,607271242,"6.18"
"C16155",1,2021-10-01,2021-09-30,5,,-1,0,1,1,0,3,1,0,0,55,0,0,-1,-1,-1,0,0,0,0,0,-1,0,0,-1,-1,-1,-1,0,0,0,0,0,0,-1,0,12,2,1,302,433,1569,0,1,1,0,0,55,0,0,0,0,58,0,58,58,0,58,-1,0,0,1,0,-1,607271242,"6.18"
"C16158",1,2026-02-10,2026-02-09,1,,-1,0,0,0,2,5,1,0,0,25,0,22,1,336,410,0,0,0,2,0,25,0,0,-1,-1,-1,-1,0,0,0,0,0,0,-1,0,0,-1,-1,-1,-1,0,0,0,0,0,0,-1,0,145,0,145,0,0,145,145,10,155,1,1,0,0,0,-1,607271242,"6.18"
"C16164",1,2025-05-16,2025-05-15,5,"NXS10619062",-1,1,0,1,0,5,1,0,0,25,0,0,-1,-1,-1,0,0,0,0,0,-1,0,12,2,1,101,410,76,1,0,1,0,0,25,0,0,-1,-1,-1,-1,0,0,0,0,0,0,-1,0,0,0,0,76,198,274,76,103,179,4,0,1,0,0,-1,607271242,"6.18"
"C16167",1,2026-03-14,2026-03-13,1,,-1,9,1,1,0,3,1,0,0,55,0,22,1,336,423,0,1,1,0,0,55,0,21,1,2,101,-1,19,0,1,1,0,0,55,0,0,-1,-1,-1,-1,0,0,0,0,0,0,-1,0,0,9,9,19,172,200,28,1,29,6,1,1,0,0,-1,607271242,"6.18"
"C16173",1,2025-09-04,2025-08-06,5,"NXS11320996",-1,4,0,0,0,3,1,0,0,55,0,12,1,116,420,0,0,0,0,0,55,0,0,-1,-1,-1,-1,0,0,0,0,0,0,-1,0,0,-1,-1,-1,-1,0,0,0,0,0,0,-1,0,75,0,75,0,0,75,75,331,406,1,1,0,0,0,-1,607271242,"6.18"
"C16176",1,2025-09-19,2025-09-18,5,,-1,4,1,0,1,3,1,0,0,55,0,12,1,101,423,0,1,0,1,0,55,0,0,-1,-1,-1,-1,0,0,0,0,0,0,-1,0,0,-1,-1,-1,-1,0,0,0,0,0,0,-1,0,47,0,47,0,0,47,47,1550,1597,1,1,0,0,0,-1,607271242,"6.18"
"C16185",1,2023-02-18,2023-02-17,5,,-1,0,0,1,0,5,1,0,0,55,0,0,-1,-1,-1,0,0,0,0,0,-1,0,0,-1,-1,-1,-1,0,0,0,0,0,0,-1,0,11,2,2,101,-1,1316,0,0,1,0,0,55,0,0,0,0,5,0,5,5,222,227,-1,0,0,1,0,-1,607271242,"6.18"
"C16188",1,2025-06-02,2024-07-17,5,"NBN10516301",-1,1,0,1,0,5,1,0,0,55,0,2,-1,-1,-1,0,0,0,0,0,-1,0,12,0,1,101,410,297,1,0,1,0,0,55,0,0,-1,-1,-1,-1,0,0,0,0,0,0,-1,0,13,0,13,331,0,344,344,376,720,5,0,0,0,0,-1,607271242,"6.18"
"C16191",2,2025-11-28,2025-11-27,1,,-1,0,0,1,0,56,2,1,0,25,1,0,-1,-1,-1,0,0,0,0,0,-1,0,22,1,3,116,433,49,0,0,1,0,0,25,1,0,-1,-1,-1,-1,0,0,0,0,0,0,-1,0,0,0,0,49,12,61,49,86,135,4,0,1,0,0,-1,607271242,"6.18"
"C16209",1,2026-01-01,2025-12-31,3,"NXS11320253",114,4,0,0,0,3,1,0,0,25,0,22,1,336,313,0,0,0,0,0,25,0,0,-1,-1,-1,-1,0,0,0,0,0,0,-1,0,0,-1,-1,-1,-1,0,0,0,0,0,0,-1,0,121,0,121,0,0,121,121,0,121,1,1,0,0,0,-1,607271242,"6.18"
"C16212",1,2022-01-17,2022-01-16,5,,-1,9,1,1,0,5,1,0,0,25,0,0,-1,-1,-1,0,0,0,0,0,-1,0,0,-1,-1,-1,-1,0,0,0,0,0,0,-1,0,11,2,1,116,-1,1718,0,1,1,0,0,25,0,0,0,0,0,0,0,0,152,152,-1,0,0,1,0,-1,607271242,"6.18"
"C16215",1,2023-09-30,2023-09-29,5,,-1,0,0,1,0,7,1,0,0,55,0,0,-1,-1,-1,0,0,0,0,0,-1,0,0,-1,-1,-1,-1,0,0,0,0,0,0,-1,0,11,2,2,116,-1,1092,0,0,1,0,0,55,0,0,0,0,5,0,5,5,150,155,-1,0,0,1,0,-1,607271242,"6.18"
"C16218",1,2026-04-09,2026-04-08,4,"NXS10619147",346,0,0,1,2,5,1,0,0,24,0,22,1,314,313,0,0,1,2,0,24,0,21,1,1,101,-1,83,0,0,1,2,0,24,0,0,-1,-1,-1,-1,0,0,0,0,0,0,-1,0,22,0,22,83,70,175,105,5,110,5,1,1,0,0,-1,607271242,"6.18"
"C16221",1,2026-05-16,2026-05-15,1,,-1,0,0,1,2,5,1,0,0,25,0,22,1,116,98,0,0,1,2,0,25,0,0,-1,-1,-1,-1,0,0,0,0,0,0,-1,0,0,-1,-1,-1,-1,0,0,0,0,0,0,-1,0,14,0,14,0,0,14,14,0,14,1,1,0,0,0,-1,607271242,"6.18"
"C16230",1,2025-08-07,2025-06-07,5,"NXS10919980",-1,9,0,1,0,3,1,0,0,25,0,22,3,207,99,0,0,1,0,0,25,0,0,-1,-1,-1,-1,0,0,0,0,0,0,-1,0,0,-1,-1,-1,-1,0,0,0,0,0,0,-1,0,114,0,114,0,0,114,114,1,115,1,1,0,0,12,2,607271242,"6.18"
"C16263",1,2026-05-21,2026-05-20,1,,-1,0,0,1,2,5,1,0,0,25,0,0,-1,-1,-1,0,0,0,0,0,-1,0,21,1,3,116,-1,1,0,0,1,2,0,25,0,0,-1,-1,-1,-1,0,0,0,0,0,0,-1,0,0,0,0,1,132,133,1,13,14,4,0,1,0,0,-1,607271242,"6.18"
"C16266",1,2026-05-30,2026-05-29,1,,-1,0,0,0,0,15,1,0,0,18,0,0,-1,-1,-1,0,0,0,0,0,-1,0,21,1,3,116,-1,2,0,0,0,0,0,18,0,0,-1,-1,-1,-1,0,0,0,0,0,0,-1,0,0,0,0,2,122,124,2,22,24,4,0,1,0,0,-1,607271242,"6.18"
"C16299",1,2025-10-17,2025-10-16,1,,-1,3,0,0,2,5,1,0,0,25,0,22,1,101,99,0,0,0,2,0,25,0,0,-1,-1,-1,-1,0,0,0,0,0,0,-1,0,0,-1,-1,-1,-1,0,0,0,0,0,0,-1,0,17,0,17,0,0,17,17,858,875,1,1,0,0,0,-1,607271242,"6.18"
"C16302",2,2021-07-03,2021-07-02,5,,-1,0,1,1,0,5,1,3,0,25,1,0,-1,-1,-1,0,0,0,0,0,-1,0,0,-1,-1,-1,-1,0,0,0,0,0,0,-1,0,11,2,1,410,-1,1886,0,1,1,0,1,25,1,0,0,0,30,0,30,30,0,30,-1,0,0,1,0,-1,607271242,"6.18"
"C16326",1,2026-01-05,2026-01-04,2,"NXS11321021",103,0,0,1,0,25,1,0,0,55,0,22,3,116,302,0,0,1,0,0,55,0,0,-1,-1,-1,-1,0,0,0,0,0,0,-1,0,0,-1,-1,-1,-1,0,0,0,0,0,0,-1,0,38,0,38,0,0,38,38,162,200,1,1,0,0,0,-1,607271242,"6.18"
"C16329",1,2025-12-04,2025-12-03,1,,-1,0,0,1,0,3,1,0,0,25,0,22,1,101,423,0,0,1,0,0,25,0,0,-1,-1,-1,-1,0,0,0,0,0,0,-1,0,0,-1,-1,-1,-1,0,0,0,0,0,0,-1,0,47,0,47,0,0,47,47,32,79,1,1,0,0,0,-1,607271242,"6.18"
"C16347",1,2025-10-10,2025-10-09,2,"RRH14010879",324,4,0,0,0,356,1,0,0,25,0,22,1,336,207,0,0,0,0,0,25,0,0,-1,-1,-1,-1,0,0,0,0,0,0,-1,0,0,-1,-1,-1,-1,0,0,0,0,0,0,-1,0,85,0,85,0,0,85,85,106,191,1,1,0,0,0,-1,607271242,"6.18"
"C16362",1,2025-09-15,2025-09-14,5,,-1,0,0,0,0,3,1,0,0,25,0,12,1,335,423,0,0,0,0,0,25,0,0,-1,-1,-1,-1,0,0,0,0,0,0,-1,0,0,-1,-1,-1,-1,0,0,0,0,0,0,-1,0,131,0,131,0,0,131,131,2,133,1,1,0,0,0,-1,607271242,"6.18"
"C16368",1,2026-04-20,2026-04-19,1,,-1,0,0,1,0,5,1,0,0,55,0,22,1,336,313,0,0,1,0,0,55,0,0,-1,-1,-1,-1,0,0,0,0,0,0,-1,0,0,-1,-1,-1,-1,0,0,0,0,0,0,-1,0,23,0,23,0,0,23,23,0,23,1,1,0,0,0,-1,607271242,"6.18"
"C16383",2,2025-06-14,2025-06-13,5,,-1,1,0,1,1,5,2,2,0,25,1,12,1,335,314,1,0,1,1,0,25,1,0,-1,-1,-1,-1,0,0,0,0,0,0,-1,0,0,-1,-1,-1,-1,0,0,0,0,0,0,-1,0,133,0,133,0,0,133,133,0,133,1,1,0,0,0,-1,607271242,"6.18"
"C16398",1,2026-02-03,2026-02-02,1,,-1,0,0,1,2,5,1,0,0,25,0,21,1,206,-1,0,0,1,2,0,25,0,0,-1,-1,-1,-1,0,0,0,0,0,0,-1,0,0,-1,-1,-1,-1,0,0,0,0,0,0,-1,0,118,0,118,0,0,118,118,2,120,1,1,0,0,0,-1,607271242,"6.18"
"C16428",1,2025-02-28,2025-02-09,5,"RRH13210329",-1,9,0,1,0,46,1,0,0,25,0,2,-1,-1,-1,0,0,0,0,0,-1,0,12,2,1,101,433,20,0,0,1,0,0,25,0,0,-1,-1,-1,-1,0,0,0,0,0,0,-1,0,8,0,8,15,236,259,23,18,41,5,0,1,0,0,-1,607271242,"6.18"
"C16443",1,2025-12-20,2025-12-19,1,,-1,0,0,1,0,5,1,0,0,25,0,22,1,99,99,0,0,1,0,0,25,0,0,-1,-1,-1,-1,0,0,0,0,0,0,-1,0,0,-1,-1,-1,-1,0,0,0,0,0,0,-1,0,12,0,12,0,0,12,12,176,188,1,1,0,0,0,-1,607271242,"6.18"
"C16458",1,2026-07-18,2026-07-17,1,,-1,0,0,0,2,3,1,0,0,25,0,21,1,206,-1,0,0,0,2,0,25,0,0,-1,-1,-1,-1,0,0,0,0,0,0,-1,0,0,-1,-1,-1,-1,0,0,0,0,0,0,-1,0,75,0,75,0,0,75,75,410,485,1,1,0,0,0,-1,607271242,"6.18"
"C16461",1,2023-01-27,2023-01-26,5,,-1,9,0,1,0,57,1,0,0,25,0,0,-1,-1,-1,0,0,0,0,0,-1,0,0,-1,-1,-1,-1,0,0,0,0,0,0,-1,0,12,2,2,116,24,1155,0,0,1,0,0,25,0,0,0,0,2,0,2,2,482,484,-1,0,0,1,0,-1,607271242,"6.18"
"C16464",1,2026-02-17,2026-02-16,2,"NXS13814747",724,4,0,1,2,5,3,0,0,55,0,22,3,335,431,0,0,1,2,0,55,0,0,-1,-1,-1,-1,0,0,0,0,0,0,-1,0,0,-1,-1,-1,-1,0,0,0,0,0,0,-1,0,117,0,117,0,0,117,117,15,132,1,1,0,0,22,1,607271242,"6.18"
"C16473",1,2025-11-07,2025-11-06,1,,-1,1,0,1,2,67,1,0,0,25,0,22,1,99,99,1,0,1,2,0,25,0,22,1,1,101,423,33,1,0,1,2,0,25,0,0,-1,-1,-1,-1,0,0,0,0,0,0,-1,0,37,0,37,21,45,103,58,598,656,5,1,1,0,0,-1,607271242,"6.18"
"C16479",1,2025-10-25,2025-10-24,3,"NXS12711557",730,0,0,1,0,3,1,0,0,55,0,22,1,116,99,0,0,1,0,0,55,0,21,1,1,101,-1,2,0,0,1,0,0,55,0,0,-1,-1,-1,-1,0,0,0,0,0,0,-1,0,49,0,49,2,254,305,51,44,95,5,1,1,0,0,-1,607271242,"6.18"
"C16485",1,2026-05-03,2026-05-02,1,,-1,9,0,1,2,5,1,0,0,25,0,0,-1,-1,-1,0,0,0,0,0,-1,0,21,1,1,101,-1,2,0,0,1,2,0,25,0,0,-1,-1,-1,-1,0,0,0,0,0,0,-1,0,0,0,0,2,149,151,2,28,30,4,0,1,0,0,-1,607271242,"6.18"
"C16494",1,2026-03-08,2026-03-07,2,"RRH13213683",609,0,0,0,0,3,1,0,0,25,0,22,1,99,99,0,0,0,0,0,25,0,21,1,1,116,-1,1,0,0,0,0,0,25,0,0,-1,-1,-1,-1,0,0,0,0,0,0,-1,0,3,0,3,1,173,177,4,95,99,5,1,1,0,0,-1,607271242,"6.18"
"C16497",1,2022-02-18,2022-02-17,5,,-1,0,1,0,0,3,1,0,0,55,0,0,-1,-1,-1,0,0,0,0,0,-1,0,0,-1,-1,-1,-1,0,0,0,0,0,0,-1,0,11,2,1,101,-1,1668,0,1,0,0,0,55,0,0,0,0,18,0,18,18,334,352,-1,0,0,1,0,-1,607271242,"6.18"
"C16506",1,2025-05-30,2025-05-29,5,"RRH16016605",-1,1,0,1,0,123,1,0,0,25,0,0,-1,-1,-1,0,0,0,0,0,-1,0,12,2,1,116,205,71,1,0,1,0,0,25,0,0,-1,-1,-1,-1,0,0,0,0,0,0,-1,0,0,0,0,71,122,193,71,346,417,4,0,1,0,0,-1,607271242,"6.18"
"C16533",1,2026-01-11,2026-01-10,4,"NXS10721363",121,1,0,1,1,5,1,0,0,25,0,0,-1,-1,-1,0,0,0,0,0,-1,0,22,0,1,116,99,109,1,0,1,1,0,25,0,0,-1,-1,-1,-1,0,0,0,0,0,0,-1,0,0,0,0,108,0,108,108,730,838,4,0,0,0,0,-1,607271242,"6.18"
"C16536",1,2024-04-16,2024-04-15,5,,-1,0,1,1,2,25,1,0,0,25,0,0,-1,-1,-1,0,0,0,0,0,-1,0,0,-1,-1,-1,-1,0,0,0,0,0,0,-1,0,11,2,1,431,-1,848,0,1,1,2,0,25,0,0,0,0,50,0,50,50,0,50,-1,0,0,1,0,-1,607271242,"6.18"
"C16539",1,2025-10-02,2025-10-01,3,"NXS11314299",531,2,0,1,0,3,1,0,0,55,0,22,1,101,422,0,0,1,0,0,55,0,0,-1,-1,-1,-1,0,0,0,0,0,0,-1,0,0,-1,-1,-1,-1,0,0,0,0,0,0,-1,0,55,0,55,0,0,55,55,0,55,1,1,0,0,0,-1,607271242,"6.18"
"C16542",1,2025-11-11,2025-11-10,1,,-1,4,0,0,0,5,1,0,0,55,0,22,1,116,99,0,0,0,0,0,55,0,0,-1,-1,-1,-1,0,0,0,0,0,0,-1,0,0,-1,-1,-1,-1,0,0,0,0,0,0,-1,0,3,0,3,0,0,3,3,890,893,1,1,0,0,0,-1,607271242,"6.18"
"C16545",1,2025-04-04,2024-07-12,5,"RRH13215902",-1,2,0,1,0,126,1,0,0,25,0,2,-1,-1,-1,0,0,0,0,0,-1,0,2,-1,-1,-1,-1,0,0,0,0,0,0,-1,0,11,2,2,116,-1,544,0,0,1,0,0,25,0,35,0,35,78,0,113,113,1842,1955,-1,0,0,1,0,-1,607271242,"6.18"
"C16554",1,2025-12-04,2025-12-03,1,,-1,1,0,1,2,5,1,0,0,25,0,22,1,116,423,1,0,1,2,0,25,0,0,-1,-1,-1,-1,0,0,0,0,0,0,-1,0,0,-1,-1,-1,-1,0,0,0,0,0,0,-1,0,45,0,45,0,0,45,45,7,52,1,1,0,0,0,-1,607271242,"6.18"
"C16578",1,2025-02-08,2025-02-07,5,,-1,0,0,1,0,3,1,0,0,55,0,0,-1,-1,-1,0,0,0,0,0,-1,0,12,2,1,101,410,118,0,0,1,0,0,55,0,0,-1,-1,-1,-1,0,0,0,0,0,0,-1,0,0,0,0,118,259,377,118,91,209,4,0,1,0,0,-1,607271242,"6.18"
"C16581",1,2026-01-06,2026-01-05,4,"NXS10719073",226,1,0,1,2,3,1,0,0,25,0,21,1,101,-1,1,0,1,2,0,25,0,0,-1,-1,-1,-1,0,0,0,0,0,0,-1,0,0,-1,-1,-1,-1,0,0,0,0,0,0,-1,0,121,0,121,0,0,121,121,534,655,1,1,0,0,0,-1,607271242,"6.18"
"C16593",1,2025-09-19,2025-09-18,5,,-1,2,1,1,0,5,1,0,0,55,0,11,1,116,-1,0,1,1,0,0,55,0,21,0,2,101,-1,69,0,1,1,0,0,55,0,0,-1,-1,-1,-1,0,0,0,0,0,0,-1,0,0,106,106,0,0,106,106,1460,1566,6,1,0,0,0,-1,607271242,"6.18"
"C16596",1,2026-04-28,2026-04-27,2,"RRH13213797",661,1,0,1,0,5,1,0,0,55,0,21,1,410,-1,1,0,1,0,0,55,0,21,0,1,101,-1,107,1,0,1,0,0,55,0,0,-1,-1,-1,-1,0,0,0,0,0,0,-1,0,87,0,87,64,0,151,151,1056,1207,5,1,0,0,0,-1,607271242,"6.18"
"C16605",1,2025-11-10,2025-11-09,1,,-1,0,0,0,1,5,1,0,0,25,0,22,1,410,423,0,0,0,1,0,25,0,0,-1,-1,-1,-1,0,0,0,0,0,0,-1,0,0,-1,-1,-1,-1,0,0,0,0,0,0,-1,0,16,0,16,0,0,16,16,2,18,1,1,0,0,0,-1,607271242,"6.18"
"C16608",1,2026-06-12,2026-06-11,4,"NXS11317166",506,1,0,1,1,1,1,0,0,25,0,21,1,116,-1,1,0,1,1,0,25,0,0,-1,-1,-1,-1,0,0,0,0,0,0,-1,0,0,-1,-1,-1,-1,0,0,0,0,0,0,-1,0,111,0,111,0,0,111,111,9,120,1,1,0,0,0,-1,607271242,"6.18"
"C16626",1,2026-02-22,2026-02-21,4,"NBN10519025",327,6,0,1,0,5,1,0,0,25,0,22,1,99,99,0,0,1,0,0,25,0,0,-1,-1,-1,-1,0,0,0,0,0,0,-1,0,0,-1,-1,-1,-1,0,0,0,0,0,0,-1,0,2,0,2,0,0,2,2,333,335,1,1,0,0,0,-1,607271242,"6.18"
"C16635",1,2026-01-09,2026-01-08,1,,-1,9,0,1,1,5,1,0,0,55,0,22,1,336,423,0,0,1,1,0,55,0,0,-1,-1,-1,-1,0,0,0,0,0,0,-1,0,0,-1,-1,-1,-1,0,0,0,0,0,0,-1,0,17,0,17,0,0,17,17,0,17,1,1,0,0,0,-1,607271242,"6.18"
"C16638",1,2025-11-21,2025-11-20,3,"NXS12716941",282,4,0,0,0,146,1,0,0,25,0,22,1,336,116,0,0,0,0,0,25,0,0,-1,-1,-1,-1,0,0,0,0,0,0,-1,0,21,1,2,116,-1,108,0,0,0,0,0,25,0,80,0,80,43,0,123,123,2276,2399,9,1,0,1,0,-1,607271242,"6.18"
"C16644",1,2025-09-24,2025-09-23,5,,-1,9,0,1,0,5,1,0,0,24,0,11,3,207,-1,0,0,1,0,0,24,0,22,1,3,101,420,11,0,0,1,0,0,24,0,0,-1,-1,-1,-1,0,0,0,0,0,0,-1,0,102,0,102,0,270,372,102,13,115,5,1,1,0,0,-1,607271242,"6.18"
"C16668",1,2026-02-12,2026-02-11,2,"RRH13217173",343,9,0,1,1,156,1,0,0,25,0,22,1,99,99,0,0,1,1,0,25,0,22,1,1,101,423,11,0,0,1,1,0,25,0,0,-1,-1,-1,-1,0,0,0,0,0,0,-1,0,6,0,6,8,12,26,14,101,115,5,1,1,0,0,-1,607271242,"6.18"
"C16674",1,2026-06-02,2026-06-01,1,,-1,0,1,1,2,46,1,0,0,55,0,22,1,225,99,0,1,1,2,0,55,0,0,-1,-1,-1,-1,0,0,0,0,0,0,-1,0,0,-1,-1,-1,-1,0,0,0,0,0,0,-1,0,3,0,3,0,0,3,3,1614,1617,1,1,0,0,0,-1,607271242,"6.18"
"C16677",1,2026-04-21,2026-04-20,4,"NXS10719957",303,0,0,1,0,5,1,0,0,25,0,22,1,99,99,0,0,1,0,0,25,0,0,-1,-1,-1,-1,0,0,0,0,0,0,-1,0,0,-1,-1,-1,-1,0,0,0,0,0,0,-1,0,1,0,1,0,0,1,1,4,5,1,1,0,0,0,-1,607271242,"6.18"
"C16689",1,2026-02-28,2026-02-27,1,,-1,0,0,1,0,5,1,0,0,25,0,22,1,206,98,0,0,1,0,0,25,0,0,-1,-1,-1,-1,0,0,0,0,0,0,-1,0,0,-1,-1,-1,-1,0,0,0,0,0,0,-1,0,26,0,26,0,0,26,26,26,52,1,1,0,0,0,-1,607271242,"6.18"
"C16704",1,2026-02-04,2026-02-03,2,"RRH12114092",697,0,0,1,0,3,1,0,0,55,0,22,1,116,207,0,0,1,0,0,55,0,0,-1,-1,-1,-1,0,0,0,0,0,0,-1,0,0,-1,-1,-1,-1,0,0,0,0,0,0,-1,0,20,0,20,0,0,20,20,3,23,1,1,0,0,0,-1,607271242,"6.18"
"C16713",1,2026-05-10,2026-05-09,1,,-1,0,0,1,0,5,1,0,0,25,0,21,1,101,-1,0,0,1,0,0,25,0,0,-1,-1,-1,-1,0,0,0,0,0,0,-1,0,0,-1,-1,-1,-1,0,0,0,0,0,0,-1,0,144,0,144,0,0,144,144,101,245,1,1,0,0,0,-1,607271242,"6.18"
"C16719",2,2025-10-04,2025-10-03,1,,-1,0,1,1,0,3,2,1,0,25,0,0,-1,-1,-1,0,0,0,0,0,-1,0,21,1,1,101,-1,34,0,1,1,0,0,25,0,0,-1,-1,-1,-1,0,0,0,0,0,0,-1,0,0,0,0,34,328,362,34,15,49,4,0,1,0,0,-1,607271242,"6.18"
"C16737",1,2026-07-06,2026-07-05,4,"TRN10419733",297,4,0,0,2,5,1,0,0,25,0,22,1,116,313,0,0,0,2,0,25,0,0,-1,-1,-1,-1,0,0,0,0,0,0,-1,0,0,-1,-1,-1,-1,0,0,0,0,0,0,-1,0,18,0,18,0,0,18,18,854,872,1,1,0,0,0,-1,607271242,"6.18"
"C16749",1,2024-05-14,2024-04-12,5,"NXS11315193",-1,2,1,1,0,5,1,0,0,55,0,2,-1,-1,-1,0,0,0,0,0,-1,0,0,-1,-1,-1,-1,0,0,0,0,0,0,-1,0,12,2,1,101,24,557,0,1,1,0,0,55,0,84,0,84,0,0,84,84,984,1068,-1,0,0,1,0,-1,607271242,"6.18"
"C16752",1,2025-07-25,2025-07-24,5,"NXS11412263",-1,1,0,1,2,3,1,0,0,25,0,12,1,116,207,1,0,1,2,0,25,0,12,0,1,101,99,190,1,0,1,2,0,25,0,0,-1,-1,-1,-1,0,0,0,0,0,0,-1,0,205,0,205,20,0,225,225,3632,3857,5,1,0,0,0,-1,607271242,"6.18"
"C16758",1,2025-10-12,2025-10-11,1,,-1,6,0,1,0,237,1,0,0,55,0,22,1,101,423,0,0,1,0,0,55,0,0,-1,-1,-1,-1,0,0,0,0,0,0,-1,0,0,-1,-1,-1,-1,0,0,0,0,0,0,-1,0,30,0,30,0,0,30,30,270,300,1,1,0,0,0,-1,607271242,"6.18"
"C16761",1,2025-12-18,2025-12-17,1,,-1,1,0,1,0,3,1,0,0,55,0,22,1,116,423,1,0,1,0,0,55,0,0,-1,-1,-1,-1,0,0,0,0,0,0,-1,0,0,-1,-1,-1,-1,0,0,0,0,0,0,-1,0,51,0,51,0,0,51,51,0,51,1,1,0,0,0,-1,607271242,"6.18"
"C16767",1,2026-03-15,2026-03-14,1,,-1,0,0,1,0,5,1,0,0,25,0,22,1,314,99,0,0,1,0,0,25,0,0,-1,-1,-1,-1,0,0,0,0,0,0,-1,0,0,-1,-1,-1,-1,0,0,0,0,0,0,-1,0,6,0,6,0,0,6,6,72,78,1,1,0,0,0,-1,607271242,"6.18"
"C16806",2,2026-04-19,2026-04-18,1,,-1,4,0,1,1,3,2,3,0,25,1,22,1,101,313,0,0,1,1,1,25,1,21,1,1,336,-1,22,0,0,1,1,1,25,1,0,-1,-1,-1,-1,0,0,0,0,0,0,-1,0,66,0,66,22,75,163,88,52,140,5,1,1,0,0,-1,607271242,"6.18"
"C16824",1,2025-12-04,2025-12-03,1,,-1,1,0,1,0,16,1,0,0,55,0,22,1,314,423,1,0,1,0,0,55,0,0,-1,-1,-1,-1,0,0,0,0,0,0,-1,0,0,-1,-1,-1,-1,0,0,0,0,0,0,-1,0,35,0,35,0,0,35,35,0,35,1,1,0,0,0,-1,607271242,"6.18"
"C16830",1,2025-10-10,2025-10-09,1,,-1,0,0,1,2,257,1,0,0,25,0,22,1,206,423,0,0,1,2,0,25,0,0,-1,-1,-1,-1,0,0,0,0,0,0,-1,0,0,-1,-1,-1,-1,0,0,0,0,0,0,-1,0,18,0,18,0,0,18,18,0,18,1,1,0,0,0,-1,607271242,"6.18"
"C16833",1,2025-11-17,2025-11-16,1,,-1,0,0,1,2,5,1,0,0,18,0,22,1,336,312,0,0,1,2,0,18,0,0,-1,-1,-1,-1,0,0,0,0,0,0,-1,0,0,-1,-1,-1,-1,0,0,0,0,0,0,-1,0,53,0,53,0,0,53,53,15,68,1,1,0,0,0,-1,607271242,"6.18"
"C16839",1,2026-07-28,2026-07-27,1,,-1,0,0,1,2,5,1,0,0,25,0,0,-1,-1,-1,0,0,0,0,0,-1,0,21,0,1,116,-1,65,0,0,1,2,0,25,0,0,-1,-1,-1,-1,0,0,0,0,0,0,-1,0,0,0,0,65,0,65,65,47,112,4,0,0,0,0,-1,607271242,"6.18"
"C16854",1,2026-06-20,2026-06-19,1,,-1,0,0,0,0,3,1,0,0,25,0,0,-1,-1,-1,0,0,0,0,0,-1,0,21,1,1,116,-1,3,0,0,0,0,0,25,0,0,-1,-1,-1,-1,0,0,0,0,0,0,-1,0,0,0,0,3,100,103,3,20,23,4,0,1,0,0,-1,607271242,"6.18"
"C16869",1,2026-02-02,2026-02-01,1,,-1,0,0,1,0,5,1,0,0,55,0,22,1,336,423,0,0,1,0,0,55,0,0,-1,-1,-1,-1,0,0,0,0,0,0,-1,0,0,-1,-1,-1,-1,0,0,0,0,0,0,-1,0,23,0,23,0,0,23,23,0,23,1,1,0,0,0,-1,607271242,"6.18"
"C16914",1,2025-12-23,2025-12-22,1,,-1,1,0,1,0,5,1,0,0,25,0,22,3,101,313,1,0,1,0,0,25,0,0,-1,-1,-1,-1,0,0,0,0,0,0,-1,0,0,-1,-1,-1,-1,0,0,0,0,0,0,-1,0,31,0,31,0,0,31,31,1451,1482,1,1,0,0,0,-1,607271242,"6.18"
"C16923",1,2025-12-11,2025-12-10,1,,-1,0,0,1,0,357,1,0,0,25,0,21,3,206,-1,0,0,1,0,0,25,0,0,-1,-1,-1,-1,0,0,0,0,0,0,-1,0,0,-1,-1,-1,-1,0,0,0,0,0,0,-1,0,116,0,116,0,0,116,116,8,124,1,1,0,0,0,-1,607271242,"6.18"
"C16926",1,2025-11-14,2025-11-13,2,"NXS10917254",359,0,0,1,0,36,1,0,0,25,0,22,1,116,99,0,0,1,0,0,25,0,0,-1,-1,-1,-1,0,0,0,0,0,0,-1,0,0,-1,-1,-1,-1,0,0,0,0,0,0,-1,0,87,0,87,0,0,87,87,2,89,1,1,0,0,0,-1,607271242,"6.18"
"C16932",1,2026-03-28,2026-03-27,4,"PSH11915672",407,1,1,1,2,5,1,0,0,25,0,22,1,101,423,1,1,1,2,0,25,0,0,-1,-1,-1,-1,0,0,0,0,0,0,-1,0,0,-1,-1,-1,-1,0,0,0,0,0,0,-1,0,21,0,21,0,0,21,21,58,79,1,1,0,0,0,-1,607271242,"6.18"
"C16941",1,2025-11-17,2025-11-16,2,"RRH12316332",347,1,1,1,0,5,1,0,0,55,0,22,1,336,419,1,1,1,0,0,55,0,21,1,2,101,-1,175,1,1,1,0,0,55,0,0,-1,-1,-1,-1,0,0,0,0,0,0,-1,0,7,180,187,6,118,311,193,71,264,7,1,1,0,0,-1,607271242,"6.18"
"C16944",1,2026-06-05,2026-06-04,4,"NXS10616749",589,0,0,1,2,3,1,0,0,25,0,22,1,336,99,0,0,1,2,0,25,0,0,-1,-1,-1,-1,0,0,0,0,0,0,-1,0,0,-1,-1,-1,-1,0,0,0,0,0,0,-1,0,21,0,21,0,0,21,21,154,175,1,1,0,0,0,-1,607271242,"6.18"
"C16983",1,2025-09-20,2025-09-19,5,,-1,4,0,0,2,1,1,0,0,24,0,0,-1,-1,-1,0,0,0,0,0,-1,0,11,1,3,101,-1,14,0,0,0,2,0,24,0,0,-1,-1,-1,-1,0,0,0,0,0,0,-1,0,0,0,0,14,362,376,14,365,379,4,0,1,0,0,-1,607271242,"6.18"
"C16995",1,2025-10-13,2025-10-12,1,,-1,0,0,1,2,5,1,0,0,25,0,22,1,206,98,0,0,1,2,0,25,0,0,-1,-1,-1,-1,0,0,0,0,0,0,-1,0,0,-1,-1,-1,-1,0,0,0,0,0,0,-1,0,58,0,58,0,0,58,58,0,58,1,1,0,0,0,-1,607271242,"6.18"
"C16998",1,2026-01-06,2026-01-05,1,,-1,0,0,1,0,5,1,0,0,25,0,22,1,206,99,0,0,1,0,0,25,0,0,-1,-1,-1,-1,0,0,0,0,0,0,-1,0,0,-1,-1,-1,-1,0,0,0,0,0,0,-1,0,24,0,24,0,0,24,24,0,24,1,1,0,0,0,-1,607271242,"6.18"
"C17001",1,2022-08-05,2022-08-04,5,,-1,0,1,0,0,5,1,0,0,55,0,0,-1,-1,-1,0,0,0,0,0,-1,0,0,-1,-1,-1,-1,0,0,0,0,0,0,-1,0,12,2,1,410,434,1396,0,1,0,0,0,55,0,0,0,0,3,0,3,3,0,3,-1,0,0,1,0,-1,607271242,"6.18"
"C17004",1,2026-04-27,2026-04-26,1,,-1,0,0,1,0,3,1,0,0,25,0,0,-1,-1,-1,0,0,0,0,0,-1,0,21,1,1,116,-1,18,0,0,1,0,0,25,0,0,-1,-1,-1,-1,0,0,0,0,0,0,-1,0,0,0,0,18,139,157,18,84,102,4,0,1,0,0,-1,607271242,"6.18"
"C17007",1,2026-01-24,2026-01-23,1,,-1,1,0,1,2,3,1,0,0,25,0,22,1,101,99,1,0,1,2,0,25,0,0,-1,-1,-1,-1,0,0,0,0,0,0,-1,0,0,-1,-1,-1,-1,0,0,0,0,0,0,-1,0,13,0,13,0,0,13,13,4845,4858,1,1,0,0,0,-1,607271242,"6.18"
"C17013",1,2025-09-08,2025-09-07,5,,-1,1,0,1,0,5,1,0,0,25,0,0,-1,-1,-1,0,0,0,0,0,-1,0,12,1,1,116,440,80,1,0,1,0,0,25,0,0,-1,-1,-1,-1,0,0,0,0,0,0,-1,0,0,0,0,80,38,118,80,29,109,4,0,1,0,0,-1,607271242,"6.18"
"C17019",1,2026-02-06,2026-02-05,1,,-1,0,0,1,1,5,1,0,0,18,0,22,3,118,313,0,0,1,1,0,18,0,0,-1,-1,-1,-1,0,0,0,0,0,0,-1,0,0,-1,-1,-1,-1,0,0,0,0,0,0,-1,0,26,0,26,0,0,26,26,0,26,1,1,0,0,0,-1,607271242,"6.18"
"C17022",1,2026-07-21,2026-07-20,1,,-1,0,0,0,0,3,1,0,0,25,0,21,1,335,-1,0,0,0,0,0,25,0,0,-1,-1,-1,-1,0,0,0,0,0,0,-1,0,0,-1,-1,-1,-1,0,0,0,0,0,0,-1,0,72,0,72,0,0,72,72,0,72,1,1,0,0,0,-1,607271242,"6.18"
"C17031",1,2026-04-04,2026-04-03,1,,-1,0,0,1,0,5,1,0,0,18,0,22,1,335,313,0,0,1,0,0,18,0,0,-1,-1,-1,-1,0,0,0,0,0,0,-1,0,0,-1,-1,-1,-1,0,0,0,0,0,0,-1,0,49,0,49,0,0,49,49,2,51,1,1,0,0,0,-1,607271242,"6.18"
"C17040",1,2025-10-25,2025-10-24,1,,-1,0,1,1,2,5,1,0,0,25,0,22,1,206,423,0,1,1,2,0,25,0,0,-1,-1,-1,-1,0,0,0,0,0,0,-1,0,0,-1,-1,-1,-1,0,0,0,0,0,0,-1,0,52,0,52,0,0,52,52,0,52,1,1,0,0,0,-1,607271242,"6.18"
"C17043",2,2025-08-28,2025-08-27,1,,-1,9,0,1,0,3,2,3,0,25,1,0,-1,-1,-1,0,0,0,0,0,-1,0,0,-1,-1,-1,-1,0,0,0,0,0,0,-1,0,0,-1,-1,-1,-1,0,0,0,0,0,0,-1,0,0,0,0,0,0,0,0,0,0,12,0,0,0,12,2,607271242,"6.18"
"C17046",1,2026-05-08,2026-05-07,1,,-1,9,0,1,0,5,1,0,0,25,0,22,3,116,205,0,0,1,0,0,25,0,0,-1,-1,-1,-1,0,0,0,0,0,0,-1,0,0,-1,-1,-1,-1,0,0,0,0,0,0,-1,0,24,0,24,0,0,24,24,2,26,1,1,0,0,0,-1,607271242,"6.18"
"C17058",3,2026-02-01,2026-01-31,1,,-1,0,0,1,2,36,0,1,0,-1,0,22,1,336,313,0,0,1,2,0,-1,0,0,-1,-1,-1,-1,0,0,0,0,0,0,-1,0,0,-1,-1,-1,-1,0,0,0,0,0,0,-1,0,13,0,13,0,0,13,13,0,13,1,1,0,0,0,-1,607271242,"6.18"
"C17064",1,2026-07-14,2026-07-13,1,,-1,1,0,1,2,7,1,0,0,25,0,0,-1,-1,-1,0,0,0,0,0,-1,0,21,0,3,116,-1,79,1,0,1,2,0,25,0,0,-1,-1,-1,-1,0,0,0,0,0,0,-1,0,0,0,0,79,0,79,79,60,139,4,0,0,0,0,-1,607271242,"6.18"
"C17073",1,2026-03-22,2026-03-21,1,,-1,9,0,1,0,5,1,0,0,25,0,0,-1,-1,-1,0,0,0,0,0,-1,0,22,0,1,101,207,127,0,0,1,0,0,25,0,0,-1,-1,-1,-1,0,0,0,0,0,0,-1,0,0,0,0,126,0,126,126,65,191,4,0,0,0,0,-1,607271242,"6.18"
"C17088",1,2025-12-16,2025-12-15,1,,-1,1,0,1,0,5,1,0,0,55,0,21,1,101,-1,1,0,1,0,0,55,0,21,0,1,101,-1,245,1,0,1,0,0,55,0,0,-1,-1,-1,-1,0,0,0,0,0,0,-1,0,289,0,289,0,0,289,289,334,623,5,1,0,0,0,-1,607271242,"6.18"
"C17091",2,2025-11-01,2025-10-31,1,,-1,0,0,0,1,5,1,3,0,25,1,22,1,101,99,0,0,0,1,1,25,1,0,-1,-1,-1,-1,0,0,0,0,0,0,-1,0,0,-1,-1,-1,-1,0,0,0,0,0,0,-1,0,53,0,53,0,0,53,53,22,75,1,1,0,0,0,-1,607271242,"6.18"
"C17115",1,2025-12-10,2025-12-09,3,"NXS10620991",84,9,0,1,0,3,1,0,0,55,0,22,1,336,313,0,0,1,0,0,55,0,0,-1,-1,-1,-1,0,0,0,0,0,0,-1,0,0,-1,-1,-1,-1,0,0,0,0,0,0,-1,0,35,0,35,0,0,35,35,0,35,1,1,0,0,0,-1,607271242,"6.18"
"C17118",1,2025-11-06,2025-11-05,1,,-1,0,0,1,2,15,1,0,0,25,0,0,-1,-1,-1,0,0,0,0,0,-1,0,22,1,3,101,410,4,0,0,1,2,0,25,0,0,-1,-1,-1,-1,0,0,0,0,0,0,-1,0,0,0,0,4,46,50,4,74,78,4,0,1,0,0,-1,607271242,"6.18"
"C17130",1,2025-09-08,2025-09-07,5,"NXS11317026",-1,0,0,0,0,5,1,0,0,55,0,12,1,116,423,0,0,0,0,0,55,0,0,-1,-1,-1,-1,0,0,0,0,0,0,-1,0,0,-1,-1,-1,-1,0,0,0,0,0,0,-1,0,47,0,47,0,0,47,47,2,49,1,1,0,0,0,-1,607271242,"6.18"
"C17136",1,2026-04-27,2026-04-26,1,,-1,1,0,1,1,3,1,0,0,25,0,22,1,116,99,1,0,1,1,0,25,0,0,-1,-1,-1,-1,0,0,0,0,0,0,-1,0,0,-1,-1,-1,-1,0,0,0,0,0,0,-1,0,20,0,20,0,0,20,20,2153,2173,1,1,0,0,0,-1,607271242,"6.18"
"C17142",1,2025-04-18,2025-04-17,5,,-1,4,0,0,0,5,1,0,0,25,0,0,-1,-1,-1,0,0,0,0,0,-1,0,12,0,1,116,314,395,0,0,0,0,0,25,0,0,-1,-1,-1,-1,0,0,0,0,0,0,-1,0,0,0,0,394,0,394,394,236,630,4,0,0,0,0,-1,607271242,"6.18"
"C17148",1,2025-10-02,2025-10-01,3,"NXS11315960",384,1,0,1,1,5,1,0,0,25,0,21,1,335,-1,1,0,1,1,0,25,0,0,-1,-1,-1,-1,0,0,0,0,0,0,-1,0,0,-1,-1,-1,-1,0,0,0,0,0,0,-1,0,174,0,174,0,0,174,174,3444,3618,1,1,0,0,0,-1,607271242,"6.18"
"C17151",2,2026-01-06,2026-01-05,1,,-1,0,0,0,0,3,2,3,0,25,1,22,1,434,99,0,0,0,0,1,25,1,0,-1,-1,-1,-1,0,0,0,0,0,0,-1,0,0,-1,-1,-1,-1,0,0,0,0,0,0,-1,0,19,0,19,0,0,19,19,0,19,1,1,0,0,0,-1,607271242,"6.18"
"C17157",1,2024-09-09,2024-09-08,5,,-1,0,0,1,0,5,1,0,0,25,0,0,-1,-1,-1,0,0,0,0,0,-1,0,12,2,1,204,410,57,0,0,1,0,0,25,0,0,-1,-1,-1,-1,0,0,0,0,0,0,-1,0,0,0,0,57,374,431,57,128,185,4,0,1,0,0,-1,607271242,"6.18"
"C17160",1,2026-02-11,2026-02-10,1,,-1,0,0,0,0,5,1,0,0,25,0,22,3,336,98,0,0,0,0,0,25,0,0,-1,-1,-1,-1,0,0,0,0,0,0,-1,0,0,-1,-1,-1,-1,0,0,0,0,0,0,-1,0,26,0,26,0,0,26,26,0,26,1,1,0,0,0,-1,607271242,"6.18"
"C17160",2,2026-05-10,2026-05-09,2,"NXS13815648",665,4,0,0,0,5,2,1,0,25,1,22,3,336,207,0,0,0,0,0,25,1,0,-1,-1,-1,-1,0,0,0,0,0,0,-1,0,0,-1,-1,-1,-1,0,0,0,0,0,0,-1,0,68,0,68,0,0,68,68,89,157,1,1,0,0,21,0,607271242,"6.18"
"C17163",1,2022-05-10,2022-05-09,5,,-1,0,1,1,0,5,1,0,0,55,0,0,-1,-1,-1,0,0,0,0,0,-1,0,0,-1,-1,-1,-1,0,0,0,0,0,0,-1,0,11,0,1,116,-1,0,0,1,1,0,0,55,0,0,0,0,1605,0,1605,1605,380,1985,8,0,0,0,0,-1,607271242,"6.18"
"C17175",1,2026-01-01,2025-12-31,2,"RRH12115071",474,1,0,1,0,5,1,0,0,25,0,22,1,204,205,1,0,1,0,0,25,0,21,1,1,101,-1,86,1,0,1,0,0,25,0,0,-1,-1,-1,-1,0,0,0,0,0,0,-1,0,53,0,53,33,187,273,86,790,876,5,1,1,0,0,-1,607271242,"6.18"
"C17181",2,2026-01-12,2026-01-11,1,,-1,0,0,0,1,3,1,3,0,25,1,22,1,336,99,0,0,0,1,1,25,1,0,-1,-1,-1,-1,0,0,0,0,0,0,-1,0,0,-1,-1,-1,-1,0,0,0,0,0,0,-1,0,23,0,23,0,0,23,23,0,23,1,1,0,0,0,-1,607271242,"6.18"
"C17205",1,2025-12-27,2025-12-26,2,"RRH13311654",435,6,0,1,2,5,1,0,0,25,0,22,1,336,431,0,0,1,2,0,25,0,0,-1,-1,-1,-1,0,0,0,0,0,0,-1,0,0,-1,-1,-1,-1,0,0,0,0,0,0,-1,0,44,0,44,0,0,44,44,124,168,1,1,0,0,0,-1,607271242,"6.18"
"C17211",1,2025-07-14,2025-06-20,5,"NXS14718305",-1,4,1,0,0,3,1,0,0,55,0,22,1,116,423,0,1,0,0,0,55,0,12,2,1,116,410,52,0,1,0,0,0,55,0,21,1,1,116,-1,135,0,1,0,0,0,55,0,86,0,86,126,45,257,212,78,290,10,1,1,1,0,-1,607271242,"6.18"
"C17214",1,2025-02-17,2025-02-16,5,,-1,6,0,1,0,5,1,0,0,25,0,12,1,116,410,0,0,1,0,0,25,0,0,-1,-1,-1,-1,0,0,0,0,0,0,-1,0,0,-1,-1,-1,-1,0,0,0,0,0,0,-1,0,276,0,276,0,0,276,276,0,276,1,1,0,0,0,-1,607271242,"6.18"
"C17223",1,2026-03-22,2026-03-21,1,,-1,0,0,1,0,34,1,0,0,25,0,21,1,206,-1,0,0,1,0,0,25,0,0,-1,-1,-1,-1,0,0,0,0,0,0,-1,0,0,-1,-1,-1,-1,0,0,0,0,0,0,-1,0,193,0,193,0,0,193,193,0,193,1,1,0,0,0,-1,607271242,"6.18"
"C17232",1,2025-10-17,2025-10-16,4,"NXS10620566",80,1,0,1,0,5,1,0,0,24,0,22,1,335,410,1,0,1,0,0,24,0,0,-1,-1,-1,-1,0,0,0,0,0,0,-1,0,0,-1,-1,-1,-1,0,0,0,0,0,0,-1,0,41,0,41,0,0,41,41,16,57,1,1,0,0,0,-1,607271242,"6.18"
"C17241",1,2018-12-08,2018-12-07,5,,-1,0,1,1,0,35,1,0,0,25,0,0,-1,-1,-1,0,0,0,0,0,-1,0,0,-1,-1,-1,-1,0,0,0,0,0,0,-1,0,11,2,1,116,-1,2818,0,1,1,0,0,25,0,0,0,0,36,0,36,36,31,67,-1,0,0,1,0,-1,607271242,"6.18"
"C17244",2,2025-12-29,2025-12-28,1,,-1,0,0,1,2,5,1,1,0,25,1,22,1,335,302,0,0,1,2,0,25,1,0,-1,-1,-1,-1,0,0,0,0,0,0,-1,0,0,-1,-1,-1,-1,0,0,0,0,0,0,-1,0,86,0,86,0,0,86,86,0,86,1,1,0,0,0,-1,607271242,"6.18"
"C17253",1,2025-12-09,2025-12-08,1,,-1,0,0,1,0,3,1,0,0,25,0,22,3,206,312,0,0,1,0,0,25,0,0,-1,-1,-1,-1,0,0,0,0,0,0,-1,0,0,-1,-1,-1,-1,0,0,0,0,0,0,-1,0,40,0,40,0,0,40,40,9,49,1,1,0,0,0,-1,607271242,"6.18"
"C17262",1,2025-11-08,2025-11-07,2,"RSO15220190",70,0,0,1,0,56,1,0,0,25,0,22,3,410,410,0,0,1,0,0,25,0,0,-1,-1,-1,-1,0,0,0,0,0,0,-1,0,0,-1,-1,-1,-1,0,0,0,0,0,0,-1,0,85,0,85,0,0,85,85,285,370,1,1,0,0,0,-1,607271242,"6.18"
"C17277",1,2025-08-23,2025-08-22,5,,-1,1,0,1,2,35,1,0,0,25,0,12,1,116,99,1,0,1,2,0,25,0,0,-1,-1,-1,-1,0,0,0,0,0,0,-1,0,0,-1,-1,-1,-1,0,0,0,0,0,0,-1,0,41,0,41,0,0,41,41,61,102,1,1,0,0,0,-1,607271242,"6.18"
"C17280",1,2026-04-13,2026-04-12,1,,-1,0,0,0,1,5,1,0,0,25,0,0,-1,-1,-1,0,0,0,0,0,-1,0,21,1,3,116,-1,1,0,0,0,1,0,25,0,0,-1,-1,-1,-1,0,0,0,0,0,0,-1,0,0,0,0,1,170,171,1,192,193,4,0,1,0,0,-1,607271242,"6.18"
"C17289",3,2025-12-27,2025-12-26,1,,-1,1,0,1,0,1,0,2,0,-1,0,0,-1,-1,-1,0,0,0,0,0,-1,0,21,1,3,116,-1,1,1,0,1,0,0,-1,0,0,-1,-1,-1,-1,0,0,0,0,0,0,-1,0,0,0,0,1,277,278,1,115,116,4,0,1,0,0,-1,607271242,"6.18"
"C17295",1,2022-07-05,2022-07-04,5,,-1,0,1,1,0,5,1,0,0,55,0,0,-1,-1,-1,0,0,0,0,0,-1,0,0,-1,-1,-1,-1,0,0,0,0,0,0,-1,0,12,2,1,116,411,1320,0,1,1,0,0,55,0,0,0,0,0,0,0,0,119,119,-1,0,0,1,0,-1,607271242,"6.18"
"C17304",1,2025-10-23,2025-10-22,3,"NXS11319740",139,1,0,1,0,56,1,0,0,55,0,22,1,116,313,1,0,1,0,0,55,0,0,-1,-1,-1,-1,0,0,0,0,0,0,-1,0,0,-1,-1,-1,-1,0,0,0,0,0,0,-1,0,54,0,54,0,0,54,54,155,209,1,1,0,0,0,-1,607271242,"6.18"
"C17310",1,2025-08-11,2025-08-10,5,,-1,0,1,1,0,5,1,0,0,55,0,0,-1,-1,-1,0,0,0,0,0,-1,0,12,2,3,116,419,24,0,1,1,0,0,55,0,0,-1,-1,-1,-1,0,0,0,0,0,0,-1,0,0,0,0,24,43,67,24,221,245,4,0,1,0,0,-1,607271242,"6.18"
"C17316",1,2025-03-29,2024-05-05,5,"RRH13215421",-1,0,0,1,2,5,1,0,0,25,0,2,-1,-1,-1,0,0,0,0,0,-1,0,2,-1,-1,-1,-1,0,0,0,0,0,0,-1,0,11,2,2,101,-1,550,0,0,1,2,0,25,0,2,0,2,4,0,6,6,357,363,-1,0,0,1,0,-1,607271242,"6.18"
"C17319",1,2026-03-30,2026-03-29,1,,-1,0,0,0,2,5,1,0,0,25,0,0,-1,-1,-1,0,0,0,0,0,-1,0,21,0,1,116,-1,185,0,0,0,2,0,25,0,0,-1,-1,-1,-1,0,0,0,0,0,0,-1,0,0,0,0,185,0,185,185,64,249,4,0,0,0,0,-1,607271242,"6.18"
"C17322",1,2026-02-16,2026-02-15,1,,-1,0,0,1,0,5,1,0,0,25,0,22,3,204,312,0,0,1,0,0,25,0,0,-1,-1,-1,-1,0,0,0,0,0,0,-1,0,0,-1,-1,-1,-1,0,0,0,0,0,0,-1,0,51,0,51,0,0,51,51,57,108,1,1,0,0,0,-1,607271242,"6.18"
"C17346",1,2026-04-26,2026-04-25,1,,-1,1,0,1,0,5,1,0,0,25,0,22,1,116,116,1,0,1,0,0,25,0,0,-1,-1,-1,-1,0,0,0,0,0,0,-1,0,0,-1,-1,-1,-1,0,0,0,0,0,0,-1,0,28,0,28,0,0,28,28,905,933,1,1,0,0,0,-1,607271242,"6.18"
"C17349",1,2024-12-22,2024-12-21,5,"RRH12114959",-1,6,0,1,0,5,2,0,0,55,0,0,-1,-1,-1,0,0,0,0,0,-1,0,12,2,1,101,410,70,0,0,1,0,0,55,0,0,-1,-1,-1,-1,0,0,0,0,0,0,-1,0,0,0,0,70,285,355,70,100,170,4,0,1,0,0,-1,607271242,"6.18"
"C17358",1,2025-01-10,2023-06-01,5,,-1,2,0,1,0,5,1,0,0,25,0,0,-1,-1,-1,0,0,0,0,0,-1,0,2,-1,-1,-1,-1,0,0,0,0,0,0,-1,0,11,2,2,116,-1,597,0,0,1,0,0,25,0,0,0,0,620,0,620,620,1307,1927,-1,0,0,1,0,-1,607271242,"6.18"
"C17361",1,2026-03-27,2026-03-26,1,,-1,0,0,0,0,5,1,0,0,25,0,22,3,336,440,0,0,0,0,0,25,0,0,-1,-1,-1,-1,0,0,0,0,0,0,-1,0,0,-1,-1,-1,-1,0,0,0,0,0,0,-1,0,21,0,21,0,0,21,21,0,21,1,1,0,0,0,-1,607271242,"6.18"
"C17364",1,2025-02-10,2025-01-09,5,,-1,9,1,1,0,5,1,0,0,25,0,0,-1,-1,-1,0,0,0,0,0,-1,0,2,-1,-1,-1,-1,0,0,0,0,0,0,-1,0,11,2,1,101,-1,515,0,1,1,0,0,25,0,0,0,0,114,0,114,114,9,123,-1,0,0,1,0,-1,607271242,"6.18"
"C17373",1,2025-11-21,2025-11-20,3,"NXS12718007",305,1,0,1,0,5,1,0,0,25,0,22,1,336,313,1,0,1,0,0,25,0,0,-1,-1,-1,-1,0,0,0,0,0,0,-1,0,0,-1,-1,-1,-1,0,0,0,0,0,0,-1,0,13,0,13,0,0,13,13,1629,1642,1,1,0,0,0,-1,607271242,"6.18"
"C17382",1,2026-06-12,2026-06-11,1,,-1,0,0,0,0,3,1,0,0,25,0,21,1,101,-1,0,0,0,0,0,25,0,0,-1,-1,-1,-1,0,0,0,0,0,0,-1,0,0,-1,-1,-1,-1,0,0,0,0,0,0,-1,0,111,0,111,0,0,111,111,8,119,1,1,0,0,0,-1,607271242,"6.18"
"C17385",1,2026-02-27,2026-02-26,4,"NXS10721237",180,1,0,1,1,5,1,0,0,25,0,21,1,116,-1,1,0,1,1,0,25,0,21,0,1,101,-1,165,1,0,1,1,0,25,0,0,-1,-1,-1,-1,0,0,0,0,0,0,-1,0,216,0,216,0,0,216,216,236,452,5,1,0,0,0,-1,607271242,"6.18"
"C17388",1,2025-10-31,2025-10-30,2,"NXS13815807",474,4,0,0,0,5,1,0,0,25,0,22,3,116,207,0,0,0,0,0,25,0,0,-1,-1,-1,-1,0,0,0,0,0,0,-1,0,0,-1,-1,-1,-1,0,0,0,0,0,0,-1,0,51,0,51,0,0,51,51,533,584,1,1,0,0,0,-1,607271242,"6.18"
"C17397",1,2026-06-19,2026-06-18,1,,-1,1,0,1,0,3,1,0,0,25,0,22,1,116,99,1,0,1,0,0,25,0,0,-1,-1,-1,-1,0,0,0,0,0,0,-1,0,0,-1,-1,-1,-1,0,0,0,0,0,0,-1,0,16,0,16,0,0,16,16,8,24,1,1,0,0,0,-1,607271242,"6.18"
"C17400",1,2025-10-13,2025-10-12,3,"NXS11320177",88,1,0,1,0,127,1,0,0,25,0,22,1,116,99,1,0,1,0,0,25,0,0,-1,-1,-1,-1,0,0,0,0,0,0,-1,0,0,-1,-1,-1,-1,0,0,0,0,0,0,-1,0,71,0,71,0,0,71,71,1176,1247,1,1,0,0,0,-1,607271242,"6.18"
"C17403",1,2026-06-21,2026-06-20,1,,-1,0,0,0,0,3,1,0,0,25,0,21,3,336,-1,0,0,0,0,0,25,0,0,-1,-1,-1,-1,0,0,0,0,0,0,-1,0,0,-1,-1,-1,-1,0,0,0,0,0,0,-1,0,102,0,102,0,0,102,102,0,102,1,1,0,0,0,-1,607271242,"6.18"
"C17406",1,2026-03-10,2026-03-09,2,"RRH13312033",494,0,0,1,0,5,1,0,0,25,0,22,1,410,116,0,0,1,0,0,25,0,0,-1,-1,-1,-1,0,0,0,0,0,0,-1,0,0,-1,-1,-1,-1,0,0,0,0,0,0,-1,0,40,0,40,0,0,40,40,2,42,1,1,0,0,0,-1,607271242,"6.18"
"C17421",1,2026-04-11,2026-04-10,4,"RRH12615537",492,4,0,0,0,135,1,0,0,25,0,22,1,116,423,0,0,0,0,0,25,0,0,-1,-1,-1,-1,0,0,0,0,0,0,-1,0,0,-1,-1,-1,-1,0,0,0,0,0,0,-1,0,20,0,20,0,0,20,20,68,88,1,1,0,0,0,-1,607271242,"6.18"
"C17430",1,2025-09-27,2025-09-26,5,,-1,0,0,1,0,136,1,0,0,55,0,12,3,101,420,0,0,1,0,0,55,0,0,-1,-1,-1,-1,0,0,0,0,0,0,-1,0,0,-1,-1,-1,-1,0,0,0,0,0,0,-1,0,49,0,49,0,0,49,49,15,64,1,1,0,0,0,-1,607271242,"6.18"
"C17433",1,2026-02-10,2026-02-09,1,,-1,1,0,1,0,5,1,0,0,25,0,22,3,116,313,1,0,1,0,0,25,0,0,-1,-1,-1,-1,0,0,0,0,0,0,-1,0,0,-1,-1,-1,-1,0,0,0,0,0,0,-1,0,53,0,53,0,0,53,53,2266,2319,1,1,0,0,0,-1,607271242,"6.18"
"C17436",1,2026-04-10,2026-04-09,1,,-1,0,0,0,2,5,1,0,0,25,0,22,1,116,98,0,0,0,2,0,25,0,0,-1,-1,-1,-1,0,0,0,0,0,0,-1,0,0,-1,-1,-1,-1,0,0,0,0,0,0,-1,0,42,0,42,0,0,42,42,84,126,1,1,0,0,0,-1,607271242,"6.18"
"C17445",1,2026-06-21,2026-06-20,1,,-1,0,0,0,0,3,1,0,0,25,0,21,1,116,-1,0,0,0,0,0,25,0,0,-1,-1,-1,-1,0,0,0,0,0,0,-1,0,0,-1,-1,-1,-1,0,0,0,0,0,0,-1,0,102,0,102,0,0,102,102,0,102,1,1,0,0,0,-1,607271242,"6.18"
"C17448",1,2026-04-04,2026-04-03,1,,-1,1,0,1,2,137,1,0,0,55,0,0,-1,-1,-1,0,0,0,0,0,-1,0,21,1,3,116,-1,1,1,0,1,2,0,55,0,0,-1,-1,-1,-1,0,0,0,0,0,0,-1,0,0,0,0,1,179,180,1,308,309,4,0,1,0,0,-1,607271242,"6.18"
"C17460",1,2023-10-06,2023-08-25,5,,-1,0,1,1,0,5,1,0,0,55,0,2,-1,-1,-1,0,0,0,0,0,-1,0,0,-1,-1,-1,-1,0,0,0,0,0,0,-1,0,11,2,1,101,-1,1018,0,1,1,0,0,55,0,114,0,114,0,0,114,114,53,167,-1,0,0,1,0,-1,607271242,"6.18"
"C17463",1,2026-03-27,2026-03-26,3,"NXS10915407",674,0,0,0,0,5,1,0,0,25,0,22,3,116,312,0,0,0,0,0,25,0,0,-1,-1,-1,-1,0,0,0,0,0,0,-1,0,0,-1,-1,-1,-1,0,0,0,0,0,0,-1,0,33,0,33,0,0,33,33,23,56,1,1,0,0,0,-1,607271242,"6.18"
"C17466",1,2026-01-18,2026-01-17,1,,-1,9,0,0,0,5,1,0,0,25,0,22,1,101,99,0,0,0,0,0,25,0,0,-1,-1,-1,-1,0,0,0,0,0,0,-1,0,0,-1,-1,-1,-1,0,0,0,0,0,0,-1,0,13,0,13,0,0,13,13,0,13,1,1,0,0,0,-1,607271242,"6.18"
"C17469",1,2025-12-24,2025-12-23,2,"NXS14711753",718,4,0,0,2,5,1,0,0,55,0,22,1,101,423,0,0,0,2,0,55,0,0,-1,-1,-1,-1,0,0,0,0,0,0,-1,0,0,-1,-1,-1,-1,0,0,0,0,0,0,-1,0,126,0,126,0,0,126,126,3704,3830,1,1,0,0,0,-1,607271242,"6.18"
"C17475",1,2025-10-26,2025-10-25,4,"NXS10620803",73,1,0,1,0,146,1,0,0,25,0,21,1,116,-1,1,0,1,0,0,25,0,0,-1,-1,-1,-1,0,0,0,0,0,0,-1,0,0,-1,-1,-1,-1,0,0,0,0,0,0,-1,0,152,0,152,0,0,152,152,9,161,1,1,0,0,0,-1,607271242,"6.18"
"C17478",2,2025-12-13,2025-12-12,1,,-1,0,0,0,1,2,1,1,0,25,1,22,1,101,422,0,0,0,1,0,25,1,0,-1,-1,-1,-1,0,0,0,0,0,0,-1,0,0,-1,-1,-1,-1,0,0,0,0,0,0,-1,0,37,0,37,0,0,37,37,7,44,1,1,0,0,0,-1,607271242,"6.18"
"C17493",1,2026-05-05,2026-05-04,1,,-1,0,0,1,0,3,1,0,0,25,0,22,1,116,314,0,0,1,0,0,25,0,0,-1,-1,-1,-1,0,0,0,0,0,0,-1,0,0,-1,-1,-1,-1,0,0,0,0,0,0,-1,0,42,0,42,0,0,42,42,2,44,1,1,0,0,0,-1,607271242,"6.18"
"C17499",1,2025-09-06,2025-09-05,1,,-1,0,0,1,0,13,1,0,0,25,0,0,-1,-1,-1,0,0,0,0,0,-1,0,0,-1,-1,-1,-1,0,0,0,0,0,0,-1,0,0,-1,-1,-1,-1,0,0,0,0,0,0,-1,0,0,0,0,0,0,0,0,47,47,12,0,0,0,12,2,607271242,"6.18"
"C17505",1,2025-10-19,2025-10-18,1,,-1,1,0,1,0,157,1,0,0,25,0,22,1,101,207,1,0,1,0,0,25,0,21,0,1,101,-1,284,1,0,1,0,0,25,0,0,-1,-1,-1,-1,0,0,0,0,0,0,-1,0,215,0,215,132,0,347,347,365,712,5,1,0,0,0,-1,607271242,"6.18"
"C17517",2,2025-06-22,2025-06-21,2,"NXS13810885",625,0,0,0,0,5,2,2,0,25,1,2,-1,-1,-1,0,0,0,0,0,-1,0,0,-1,-1,-1,-1,0,0,0,0,0,0,-1,0,0,-1,-1,-1,-1,0,0,0,0,0,0,-1,0,13,0,13,0,0,13,13,0,13,1,0,0,0,12,2,607271242,"6.18"
"C17535",2,2026-06-25,2026-06-24,1,,-1,0,0,0,1,5,1,1,0,25,1,22,1,314,410,0,0,0,1,0,25,1,0,-1,-1,-1,-1,0,0,0,0,0,0,-1,0,0,-1,-1,-1,-1,0,0,0,0,0,0,-1,0,24,0,24,0,0,24,24,4,28,1,1,0,0,0,-1,607271242,"6.18"
"C17538",1,2026-01-17,2026-01-16,1,,-1,1,0,1,1,15,1,0,0,25,0,22,1,99,99,1,0,1,1,0,25,0,0,-1,-1,-1,-1,0,0,0,0,0,0,-1,0,0,-1,-1,-1,-1,0,0,0,0,0,0,-1,0,22,0,22,0,0,22,22,94,116,1,1,0,0,0,-1,607271242,"6.18"
"C17544",2,2023-12-09,2023-11-30,5,,-1,0,0,1,0,235,2,1,0,25,1,2,-1,-1,-1,0,0,0,0,0,-1,0,12,2,1,101,433,41,0,0,1,0,0,25,1,0,-1,-1,-1,-1,0,0,0,0,0,0,-1,0,37,0,37,12,655,704,49,29,78,5,0,1,0,0,-1,607271242,"6.18"
"C17553",1,2025-02-21,2025-01-24,5,"NXS12718279",-1,1,0,1,2,5,1,0,0,25,0,22,1,116,99,1,0,1,2,0,25,0,12,2,1,101,423,24,1,0,1,2,0,25,0,0,-1,-1,-1,-1,0,0,0,0,0,0,-1,0,45,0,45,4,221,270,49,117,166,5,1,1,0,0,-1,607271242,"6.18"
"C17559",1,2025-11-02,2025-11-01,1,,-1,9,0,1,0,236,1,0,0,25,0,22,1,206,99,0,0,1,0,0,25,0,0,-1,-1,-1,-1,0,0,0,0,0,0,-1,0,0,-1,-1,-1,-1,0,0,0,0,0,0,-1,0,43,0,43,0,0,43,43,160,203,1,1,0,0,0,-1,607271242,"6.18"
"C17559",2,2025-12-28,2025-12-27,1,,-1,9,0,1,2,236,2,2,0,25,1,0,-1,-1,-1,0,0,0,0,0,-1,0,22,1,1,101,423,65,0,0,1,2,0,25,1,0,-1,-1,-1,-1,0,0,0,0,0,0,-1,0,0,0,0,65,12,77,65,180,245,4,0,1,0,0,-1,607271242,"6.18"
"C17568",1,2025-12-18,2025-12-17,3,"NXS11013368",712,1,0,1,0,5,1,0,0,25,0,22,1,101,422,1,0,1,0,0,25,0,0,-1,-1,-1,-1,0,0,0,0,0,0,-1,0,0,-1,-1,-1,-1,0,0,0,0,0,0,-1,0,23,0,23,0,0,23,23,505,528,1,1,0,0,0,-1,607271242,"6.18"
"C17571",1,2025-12-18,2025-12-17,1,,-1,1,0,1,0,13,1,0,0,25,0,22,1,116,422,1,0,1,0,0,25,0,0,-1,-1,-1,-1,0,0,0,0,0,0,-1,0,0,-1,-1,-1,-1,0,0,0,0,0,0,-1,0,23,0,23,0,0,23,23,929,952,1,1,0,0,0,-1,607271242,"6.18"
"C17574",1,2026-06-06,2026-06-05,1,,-1,0,0,0,0,5,1,0,0,55,0,0,-1,-1,-1,0,0,0,0,0,-1,0,21,0,1,116,-1,117,0,0,0,0,0,55,0,0,-1,-1,-1,-1,0,0,0,0,0,0,-1,0,0,0,0,117,0,117,117,67,184,4,0,0,0,0,-1,607271242,"6.18"
"C17580",1,2026-06-22,2026-06-21,1,,-1,0,0,1,2,5,1,0,0,25,0,22,1,335,98,0,0,1,2,0,25,0,0,-1,-1,-1,-1,0,0,0,0,0,0,-1,0,0,-1,-1,-1,-1,0,0,0,0,0,0,-1,0,13,0,13,0,0,13,13,0,13,1,1,0,0,0,-1,607271242,"6.18"
"C17583",1,2026-03-02,2026-03-01,1,,-1,0,0,1,2,5,1,0,0,25,0,22,1,204,99,0,0,1,2,0,25,0,0,-1,-1,-1,-1,0,0,0,0,0,0,-1,0,0,-1,-1,-1,-1,0,0,0,0,0,0,-1,0,24,0,24,0,0,24,24,34,58,1,1,0,0,0,-1,607271242,"6.18"
"C17586",1,2026-05-12,2026-05-11,1,,-1,0,0,1,0,3,1,0,0,25,0,22,1,101,99,0,0,1,0,0,25,0,0,-1,-1,-1,-1,0,0,0,0,0,0,-1,0,0,-1,-1,-1,-1,0,0,0,0,0,0,-1,0,40,0,40,0,0,40,40,9,49,1,1,0,0,0,-1,607271242,"6.18"
"C17592",1,2025-03-29,2024-04-01,5,"RRH13215452",-1,0,0,1,0,5,1,0,0,55,0,2,-1,-1,-1,0,0,0,0,0,-1,0,2,-1,-1,-1,-1,0,0,0,0,0,0,-1,0,11,2,2,101,-1,550,0,0,1,0,0,55,0,46,0,46,6,0,52,52,1079,1131,-1,0,0,1,0,-1,607271242,"6.18"
"C17595",1,2026-01-10,2026-01-09,1,,-1,0,0,1,0,245,1,0,0,25,0,22,1,101,99,0,0,1,0,0,25,0,21,1,1,101,-1,41,0,0,1,0,0,25,0,0,-1,-1,-1,-1,0,0,0,0,0,0,-1,0,30,0,30,36,179,245,66,42,108,5,1,1,0,0,-1,607271242,"6.18"
"C17601",1,2026-01-18,2026-01-17,1,,-1,6,0,1,2,5,1,0,0,55,0,21,1,101,-1,0,0,1,2,0,55,0,21,0,1,101,-1,212,0,0,1,2,0,55,0,0,-1,-1,-1,-1,0,0,0,0,0,0,-1,0,256,0,256,0,0,256,256,28,284,5,1,0,0,0,-1,607271242,"6.18"
"C17613",1,2025-11-04,2025-11-03,1,,-1,1,0,1,0,5,1,0,0,55,0,22,3,116,420,1,0,1,0,0,55,0,0,-1,-1,-1,-1,0,0,0,0,0,0,-1,0,0,-1,-1,-1,-1,0,0,0,0,0,0,-1,0,43,0,43,0,0,43,43,1244,1287,1,1,0,0,0,-1,607271242,"6.18"
"C17619",1,2026-01-11,2026-01-10,1,,-1,0,0,1,0,3,1,0,0,55,0,22,1,314,410,0,0,1,0,0,55,0,0,-1,-1,-1,-1,0,0,0,0,0,0,-1,0,0,-1,-1,-1,-1,0,0,0,0,0,0,-1,0,28,0,28,0,0,28,28,0,28,1,1,0,0,0,-1,607271242,"6.18"
"C17631",1,2026-06-13,2026-06-12,1,,-1,0,0,1,0,5,1,0,0,25,0,21,3,204,-1,0,0,1,0,0,25,0,0,-1,-1,-1,-1,0,0,0,0,0,0,-1,0,0,-1,-1,-1,-1,0,0,0,0,0,0,-1,0,110,0,110,0,0,110,110,123,233,1,1,0,0,0,-1,607271242,"6.18"
"C17637",1,2023-04-09,2023-04-08,5,,-1,0,1,1,0,5,1,0,0,55,0,0,-1,-1,-1,0,0,0,0,0,-1,0,0,-1,-1,-1,-1,0,0,0,0,0,0,-1,0,11,2,2,116,-1,1271,0,1,1,0,0,55,0,0,0,0,0,0,0,0,3169,3169,-1,0,0,1,0,-1,607271242,"6.18"
"C17652",1,2025-12-26,2025-12-25,4,"NXS11619750",184,1,0,1,0,5,1,0,0,25,0,22,1,335,98,1,0,1,0,0,25,0,0,-1,-1,-1,-1,0,0,0,0,0,0,-1,0,21,0,1,101,-1,0,1,0,1,0,0,25,0,31,0,31,149,0,180,180,105,285,9,1,0,0,0,-1,607271242,"6.18"
"C17655",1,2025-12-08,2025-12-07,1,,-1,1,0,1,0,345,1,0,0,25,0,0,-1,-1,-1,0,0,0,0,0,-1,0,22,1,1,116,433,136,1,0,1,0,0,25,0,21,1,2,116,-1,159,1,0,1,0,0,25,0,0,0,0,137,1,138,137,1390,1527,11,0,1,1,0,-1,607271242,"6.18"
"C17658",1,2023-09-30,2023-09-29,5,,-1,0,0,1,0,5,1,0,0,25,0,2,-1,-1,-1,0,0,0,0,0,-1,0,0,-1,-1,-1,-1,0,0,0,0,0,0,-1,0,11,2,2,116,-1,1090,0,0,1,0,0,25,0,2,0,2,5,0,7,7,687,694,-1,0,0,1,0,-1,607271242,"6.18"
"C17685",1,2025-09-11,2025-09-10,3,"NXS10920181",65,0,0,0,0,5,1,0,0,25,0,0,-1,-1,-1,0,0,0,0,0,-1,0,0,-1,-1,-1,-1,0,0,0,0,0,0,-1,0,0,-1,-1,-1,-1,0,0,0,0,0,0,-1,0,0,0,0,0,0,0,0,0,0,12,0,0,0,11,2,607271242,"6.18"
"C17691",1,2025-10-10,2025-10-09,1,,-1,0,0,1,0,5,1,0,0,25,0,0,-1,-1,-1,0,0,0,0,0,-1,0,22,1,1,101,420,8,0,0,1,0,0,25,0,0,-1,-1,-1,-1,0,0,0,0,0,0,-1,0,0,0,0,8,40,48,8,203,211,4,0,1,0,0,-1,607271242,"6.18"
"C17712",1,2025-02-21,2025-02-20,5,,-1,6,0,1,0,5,1,0,0,55,0,0,-1,-1,-1,0,0,0,0,0,-1,0,12,1,1,116,433,240,0,0,1,0,0,55,0,0,-1,-1,-1,-1,0,0,0,0,0,0,-1,0,0,0,0,240,19,259,240,88,328,4,0,1,0,0,-1,607271242,"6.18"
"C17721",1,2025-12-22,2025-12-21,1,,-1,6,0,1,2,5,1,0,0,25,0,22,1,99,99,0,0,1,2,0,25,0,0,-1,-1,-1,-1,0,0,0,0,0,0,-1,0,0,-1,-1,-1,-1,0,0,0,0,0,0,-1,0,41,0,41,0,0,41,41,40,81,1,1,0,0,0,-1,607271242,"6.18"
"C17724",1,2026-05-23,2026-05-22,1,,-1,1,0,1,0,5,1,0,0,25,0,22,3,206,313,1,0,1,0,0,25,0,0,-1,-1,-1,-1,0,0,0,0,0,0,-1,0,0,-1,-1,-1,-1,0,0,0,0,0,0,-1,0,36,0,36,0,0,36,36,1664,1700,1,1,0,0,0,-1,607271242,"6.18"
"C17739",1,2026-07-18,2026-07-17,1,,-1,1,1,1,2,5,1,0,0,55,0,0,-1,-1,-1,0,0,0,0,0,-1,0,21,0,2,116,-1,75,1,1,1,2,0,55,0,0,-1,-1,-1,-1,0,0,0,0,0,0,-1,0,0,0,0,75,0,75,75,835,910,4,0,0,0,0,-1,607271242,"6.18"
"C17745",1,2026-07-01,2026-06-30,4,"NXS11618959",433,4,0,0,0,5,1,0,0,55,0,21,1,116,-1,0,0,0,0,0,55,0,0,-1,-1,-1,-1,0,0,0,0,0,0,-1,0,0,-1,-1,-1,-1,0,0,0,0,0,0,-1,0,92,0,92,0,0,92,92,182,274,1,1,0,0,0,-1,607271242,"6.18"
"C17760",1,2025-08-15,2025-08-14,5,"NXS11319206",-1,0,0,1,2,3,1,0,0,55,0,12,1,116,410,0,0,1,2,0,55,0,0,-1,-1,-1,-1,0,0,0,0,0,0,-1,0,0,-1,-1,-1,-1,0,0,0,0,0,0,-1,0,53,0,53,0,0,53,53,126,179,1,1,0,0,0,-1,607271242,"6.18"
"C17769",1,2025-08-28,2025-08-27,5,"NXS14711711",-1,1,0,1,0,5,1,0,0,55,0,12,1,98,313,1,0,1,0,0,55,0,0,-1,-1,-1,-1,0,0,0,0,0,0,-1,0,0,-1,-1,-1,-1,0,0,0,0,0,0,-1,0,66,0,66,0,0,66,66,32,98,1,1,0,0,0,-1,607271242,"6.18"
"C17772",1,2026-04-12,2026-04-11,1,,-1,1,0,1,1,5,1,0,0,25,0,22,1,116,99,1,0,1,1,0,25,0,0,-1,-1,-1,-1,0,0,0,0,0,0,-1,0,0,-1,-1,-1,-1,0,0,0,0,0,0,-1,0,14,0,14,0,0,14,14,173,187,1,1,0,0,0,-1,607271242,"6.18"
"C17775",1,2025-03-07,2025-03-06,5,"NXS12718158",-1,1,0,1,0,2,1,0,0,25,0,0,-1,-1,-1,0,0,0,0,0,-1,0,0,-1,-1,-1,-1,0,0,0,0,0,0,-1,0,11,0,2,116,-1,0,1,0,1,0,0,25,0,0,0,0,573,0,573,573,521,1094,8,0,0,0,0,-1,607271242,"6.18"
"C17790",2,2025-09-13,2025-09-12,5,,-1,0,0,1,0,5,1,1,0,25,1,0,-1,-1,-1,0,0,0,0,0,-1,0,12,2,3,101,431,4,0,0,1,0,0,25,1,0,-1,-1,-1,-1,0,0,0,0,0,0,-1,0,0,0,0,4,30,34,4,24,28,4,0,1,0,0,-1,607271242,"6.18"
"C17796",1,2025-12-29,2025-12-28,1,,-1,1,0,1,0,5,1,0,0,25,0,22,1,116,99,1,0,1,0,0,25,0,0,-1,-1,-1,-1,0,0,0,0,0,0,-1,0,0,-1,-1,-1,-1,0,0,0,0,0,0,-1,0,83,0,83,0,0,83,83,1208,1291,1,1,0,0,0,-1,607271242,"6.18"
"C17802",1,2022-12-03,2022-12-02,5,,-1,0,0,1,0,5,1,0,0,25,0,0,-1,-1,-1,0,0,0,0,0,-1,0,0,-1,-1,-1,-1,0,0,0,0,0,0,-1,0,11,2,2,116,-1,1398,0,0,1,0,0,25,0,0,0,0,0,0,0,0,127,127,-1,0,0,1,0,-1,607271242,"6.18"
"C17805",1,2025-10-18,2025-10-17,4,"NXS10719579",142,0,0,1,2,3,1,0,0,25,0,22,1,116,423,0,0,1,2,0,25,0,0,-1,-1,-1,-1,0,0,0,0,0,0,-1,0,0,-1,-1,-1,-1,0,0,0,0,0,0,-1,0,26,0,26,0,0,26,26,0,26,1,1,0,0,0,-1,607271242,"6.18"
"C17811",2,2025-06-30,2025-06-29,5,"NXS10218989",-1,6,0,1,2,3,1,2,0,25,1,0,-1,-1,-1,0,0,0,0,0,-1,0,12,2,1,116,410,14,0,0,1,2,0,25,1,0,-1,-1,-1,-1,0,0,0,0,0,0,-1,0,0,0,0,14,237,251,14,269,283,4,0,1,0,0,-1,607271242,"6.18"
"C17823",2,2026-03-06,2026-03-05,2,"NXS10216202",499,0,0,1,1,3,1,2,0,25,1,22,1,116,312,0,0,1,1,0,25,1,0,-1,-1,-1,-1,0,0,0,0,0,0,-1,0,0,-1,-1,-1,-1,0,0,0,0,0,0,-1,0,92,0,92,0,0,92,92,18,110,1,1,0,0,0,-1,607271242,"6.18"
"C17844",1,2026-06-22,2026-06-21,4,"RRH15419160",327,4,0,0,1,5,1,0,0,25,0,0,-1,-1,-1,0,0,0,0,0,-1,0,21,0,1,116,-1,101,0,0,0,1,0,25,0,0,-1,-1,-1,-1,0,0,0,0,0,0,-1,0,0,0,0,101,0,101,101,231,332,4,0,0,0,0,-1,607271242,"6.18"
"C17847",1,2025-04-27,2025-01-09,5,"NXS11418081",-1,0,1,0,0,5,1,0,0,25,0,2,-1,-1,-1,0,0,0,0,0,-1,0,2,-1,-1,-1,-1,0,0,0,0,0,0,-1,0,12,2,1,101,419,313,0,1,0,0,0,25,0,8,0,8,136,0,144,144,8,152,-1,0,0,1,0,-1,607271242,"6.18"
"C17874",1,2025-10-04,2025-10-03,2,"NXS11314459",572,1,0,1,2,7,1,0,0,25,0,22,1,206,423,1,0,1,2,0,25,0,0,-1,-1,-1,-1,0,0,0,0,0,0,-1,0,0,-1,-1,-1,-1,0,0,0,0,0,0,-1,0,58,0,58,0,0,58,58,668,726,1,1,0,0,0,-1,607271242,"6.18"
"C17877",1,2026-07-26,2026-07-25,1,,-1,1,1,1,0,5,1,0,0,55,0,0,-1,-1,-1,0,0,0,0,0,-1,0,21,0,2,116,-1,67,1,1,1,0,0,55,0,0,-1,-1,-1,-1,0,0,0,0,0,0,-1,0,0,0,0,67,0,67,67,205,272,4,0,0,0,0,-1,607271242,"6.18"
"C17883",1,2024-07-23,2024-07-22,5,"NBN10515123",-1,6,0,1,2,12,1,0,0,25,0,0,-1,-1,-1,0,0,0,0,0,-1,0,0,-1,-1,-1,-1,0,0,0,0,0,0,-1,0,11,2,2,101,-1,800,0,0,1,2,0,25,0,0,0,0,0,0,0,0,1357,1357,-1,0,0,1,0,-1,607271242,"6.18"
"C17886",1,2025-12-14,2025-12-13,1,,-1,0,1,1,0,5,2,0,0,25,1,0,-1,-1,-1,0,0,0,0,0,-1,0,0,-1,-1,-1,-1,0,0,0,0,0,0,-1,0,21,0,1,411,-1,0,0,1,1,0,0,25,1,0,0,0,291,0,291,291,0,291,8,0,0,0,0,-1,607271242,"6.18"
"C17898",1,2025-08-11,2025-08-10,5,"NXS11419403",-1,4,0,0,0,13,1,0,0,55,0,0,-1,-1,-1,0,0,0,0,0,-1,0,12,0,1,116,101,100,0,0,0,0,0,55,0,0,-1,-1,-1,-1,0,0,0,0,0,0,-1,0,0,0,0,99,0,99,99,3052,3151,4,0,0,0,0,-1,607271242,"6.18"
"C17901",1,2026-01-31,2026-01-30,1,,-1,6,0,1,2,5,1,0,0,25,0,0,-1,-1,-1,0,0,0,0,0,-1,0,21,0,1,116,-1,243,0,0,1,2,0,25,0,0,-1,-1,-1,-1,0,0,0,0,0,0,-1,0,0,0,0,243,0,243,243,63,306,4,0,0,0,0,-1,607271242,"6.18"
"C17910",1,2025-12-22,2025-12-21,1,,-1,4,0,0,0,5,1,0,0,25,0,22,3,116,206,0,0,0,0,0,25,0,0,-1,-1,-1,-1,0,0,0,0,0,0,-1,0,0,-1,-1,-1,-1,0,0,0,0,0,0,-1,0,65,0,65,0,0,65,65,1359,1424,1,1,0,0,0,-1,607271242,"6.18"
"C17919",1,2025-12-04,2025-12-03,1,,-1,0,0,1,0,5,1,0,0,55,0,0,-1,-1,-1,0,0,0,0,0,-1,0,22,1,1,116,433,61,0,0,1,0,0,55,0,0,-1,-1,-1,-1,0,0,0,0,0,0,-1,0,0,0,0,61,17,78,61,127,188,4,0,1,0,0,-1,607271242,"6.18"
"C17922",1,2025-11-07,2025-11-06,1,,-1,1,0,1,2,5,1,0,0,25,0,0,-1,-1,-1,0,0,0,0,0,-1,0,22,1,1,116,423,35,1,0,1,2,0,25,0,0,-1,-1,-1,-1,0,0,0,0,0,0,-1,0,0,0,0,35,19,54,35,1921,1956,4,0,1,0,0,-1,607271242,"6.18"
"C17928",1,2026-05-30,2026-05-29,1,,-1,0,0,1,2,5,1,0,0,25,0,22,1,335,312,0,0,1,2,0,25,0,0,-1,-1,-1,-1,0,0,0,0,0,0,-1,0,0,-1,-1,-1,-1,0,0,0,0,0,0,-1,0,41,0,41,0,0,41,41,7,48,1,1,0,0,0,-1,607271242,"6.18"
"C17931",1,2025-09-18,2025-09-17,5,,-1,0,0,0,1,5,1,0,0,25,0,12,3,336,423,0,0,0,1,0,25,0,0,-1,-1,-1,-1,0,0,0,0,0,0,-1,0,0,-1,-1,-1,-1,0,0,0,0,0,0,-1,0,35,0,35,0,0,35,35,14,49,1,1,0,0,0,-1,607271242,"6.18"
"C17955",1,2025-10-03,2025-10-02,5,"NXS11321421",-1,4,0,0,0,5,1,0,0,25,0,22,1,116,422,0,0,0,0,0,25,0,0,-1,-1,-1,-1,0,0,0,0,0,0,-1,0,0,-1,-1,-1,-1,0,0,0,0,0,0,-1,0,21,0,21,0,0,21,21,870,891,1,1,0,0,0,-1,607271242,"6.18"
"C17958",1,2025-10-04,2025-10-03,3,"PSH16519255",79,1,0,1,1,5,1,0,0,25,0,22,1,116,116,1,0,1,1,0,25,0,0,-1,-1,-1,-1,0,0,0,0,0,0,-1,0,0,-1,-1,-1,-1,0,0,0,0,0,0,-1,0,84,0,84,0,0,84,84,99,183,1,1,0,0,0,-1,607271242,"6.18"
"C17967",1,2025-11-08,2025-11-07,3,"NXS12718339",271,1,0,1,0,5,1,0,0,55,0,22,1,335,116,1,0,1,0,0,55,0,0,-1,-1,-1,-1,0,0,0,0,0,0,-1,0,21,1,2,116,-1,163,1,0,1,0,0,55,0,89,0,89,1,0,90,90,1536,1626,9,1,0,1,0,-1,607271242,"6.18"
"C17970",1,2026-04-05,2026-04-04,3,"NXS11317541",415,1,0,1,2,5,1,0,0,25,0,22,1,116,313,1,0,1,2,0,25,0,0,-1,-1,-1,-1,0,0,0,0,0,0,-1,0,0,-1,-1,-1,-1,0,0,0,0,0,0,-1,0,53,0,53,0,0,53,53,95,148,1,1,0,0,0,-1,607271242,"6.18"
"C17976",1,2024-12-21,2022-12-22,5,"NBN10516436",-1,1,0,1,0,24,1,0,0,24,0,2,-1,-1,-1,0,0,0,0,0,-1,0,2,-1,-1,-1,-1,0,0,0,0,0,0,-1,0,11,0,2,101,-1,0,1,0,1,0,0,24,0,44,0,44,1334,0,1378,1378,91,1469,10,0,0,0,0,-1,607271242,"6.18"
"C17991",1,2026-05-16,2026-05-15,1,,-1,0,1,1,0,25,1,0,0,55,0,22,3,335,423,0,1,1,0,0,55,0,0,-1,-1,-1,-1,0,0,0,0,0,0,-1,0,0,-1,-1,-1,-1,0,0,0,0,0,0,-1,0,17,0,17,0,0,17,17,1325,1342,1,1,0,0,0,-1,607271242,"6.18"
"C18009",1,2025-12-20,2025-12-19,2,"RRH15414498",231,9,0,1,0,3,1,0,0,55,0,22,1,410,420,0,0,1,0,0,55,0,0,-1,-1,-1,-1,0,0,0,0,0,0,-1,0,0,-1,-1,-1,-1,0,0,0,0,0,0,-1,0,0,126,126,0,0,126,126,0,126,2,1,0,0,0,-1,607271242,"6.18"
"C18012",1,2026-06-11,2026-06-10,3,"RRH16217148",453,9,0,1,2,3,1,0,0,25,0,0,-1,-1,-1,0,0,0,0,0,-1,0,21,1,1,116,-1,5,0,0,1,2,0,25,0,0,-1,-1,-1,-1,0,0,0,0,0,0,-1,0,0,0,0,5,107,112,5,68,73,4,0,1,0,0,-1,607271242,"6.18"
"C18015",1,2025-11-09,2025-11-08,4,"NBN10521323",46,1,0,1,2,5,1,0,0,55,0,22,1,101,423,1,0,1,2,0,55,0,0,-1,-1,-1,-1,0,0,0,0,0,0,-1,0,0,-1,-1,-1,-1,0,0,0,0,0,0,-1,0,63,0,63,0,0,63,63,573,636,1,1,0,0,0,-1,607271242,"6.18"
"C18024",1,2026-05-16,2026-05-15,2,"RRH13210505",698,1,1,1,0,3,1,0,0,55,0,21,1,410,-1,1,1,1,0,0,55,0,0,-1,-1,-1,-1,0,0,0,0,0,0,-1,0,0,-1,-1,-1,-1,0,0,0,0,0,0,-1,0,0,138,138,0,0,138,138,0,138,2,1,0,0,0,-1,607271242,"6.18"
"C18039",1,2025-12-21,2025-12-20,3,"NXS11319443",162,4,0,0,2,5,1,0,0,25,0,22,1,101,423,0,0,0,2,0,25,0,0,-1,-1,-1,-1,0,0,0,0,0,0,-1,0,0,-1,-1,-1,-1,0,0,0,0,0,0,-1,0,53,0,53,0,0,53,53,0,53,1,1,0,0,0,-1,607271242,"6.18"
"C18066",1,2025-11-28,2025-11-27,1,,-1,1,0,1,0,37,1,0,0,24,0,22,1,116,423,1,0,1,0,0,24,0,0,-1,-1,-1,-1,0,0,0,0,0,0,-1,0,0,-1,-1,-1,-1,0,0,0,0,0,0,-1,0,43,0,43,0,0,43,43,817,860,1,1,0,0,0,-1,607271242,"6.18"
"C18075",1,2025-07-21,2025-06-23,5,,-1,0,0,1,0,3,1,0,0,55,0,2,-1,-1,-1,0,0,0,0,0,-1,0,12,2,1,116,433,14,0,0,1,0,0,55,0,0,-1,-1,-1,-1,0,0,0,0,0,0,-1,0,28,0,28,5,184,217,33,30,63,5,0,1,0,0,-1,607271242,"6.18"
"C18099",1,2025-09-18,2025-09-17,5,"NXS11318893",-1,0,0,0,1,3,1,0,0,25,0,12,1,336,423,0,0,0,1,0,25,0,0,-1,-1,-1,-1,0,0,0,0,0,0,-1,0,0,-1,-1,-1,-1,0,0,0,0,0,0,-1,0,122,0,122,0,0,122,122,0,122,1,1,0,0,0,-1,607271242,"6.18"
"C18102",1,2025-07-04,2024-11-01,5,"HAV13717414",-1,1,1,1,0,5,1,0,0,55,0,22,1,116,99,1,1,1,0,0,55,0,12,0,1,116,99,179,1,1,1,0,0,55,0,0,-1,-1,-1,-1,0,0,0,0,0,0,-1,0,260,0,260,177,0,437,437,1085,1522,5,1,0,0,0,-1,607271242,"6.18"
"C18105",1,2025-07-27,2025-05-09,5,"NXS10919559",-1,4,0,0,0,5,1,0,0,25,0,12,3,336,313,0,0,0,0,0,25,0,0,-1,-1,-1,-1,0,0,0,0,0,0,-1,0,0,-1,-1,-1,-1,0,0,0,0,0,0,-1,0,340,0,340,0,0,340,340,0,340,1,1,0,0,0,-1,607271242,"6.18"
"C18111",1,2025-09-22,2025-09-21,5,"RRH12115247",-1,1,0,1,0,5,1,0,0,25,0,12,1,101,99,1,0,1,0,0,25,0,0,-1,-1,-1,-1,0,0,0,0,0,0,-1,0,0,-1,-1,-1,-1,0,0,0,0,0,0,-1,0,42,0,42,0,0,42,42,567,609,1,1,0,0,0,-1,607271242,"6.18"
"C18114",1,2025-03-22,2025-03-21,5,,-1,1,1,1,0,5,1,0,0,55,0,0,-1,-1,-1,0,0,0,0,0,-1,0,12,2,1,206,225,31,1,1,1,0,0,55,0,0,-1,-1,-1,-1,0,0,0,0,0,0,-1,0,0,0,0,31,242,273,31,18,49,4,0,1,0,0,-1,607271242,"6.18"
"C18120",1,2025-11-30,2025-11-29,3,"NXS14717747",338,1,0,1,0,5,1,0,0,25,0,22,1,101,116,1,0,1,0,0,25,0,0,-1,-1,-1,-1,0,0,0,0,0,0,-1,0,0,-1,-1,-1,-1,0,0,0,0,0,0,-1,0,20,0,20,0,0,20,20,1545,1565,1,1,0,0,0,-1,607271242,"6.18"
"C18126",2,2026-01-04,2026-01-03,1,,-1,0,0,0,2,36,1,1,0,24,1,22,1,335,99,0,0,0,2,0,24,1,0,-1,-1,-1,-1,0,0,0,0,0,0,-1,0,0,-1,-1,-1,-1,0,0,0,0,0,0,-1,0,59,0,59,0,0,59,59,0,59,1,1,0,0,0,-1,607271242,"6.18"
"C18132",1,2026-04-06,2026-04-05,1,,-1,0,0,1,0,5,2,0,0,25,0,0,-1,-1,-1,0,0,0,0,0,-1,0,22,1,1,206,434,35,0,0,1,0,0,25,0,0,-1,-1,-1,-1,0,0,0,0,0,0,-1,0,0,0,0,35,25,60,35,59,94,4,0,1,0,0,-1,607271242,"6.18"
"C18144",1,2025-10-12,2025-10-11,1,,-1,1,1,1,2,16,1,0,0,25,0,22,1,314,410,1,1,1,2,0,25,0,21,1,1,314,-1,21,1,1,1,2,0,25,0,0,-1,-1,-1,-1,0,0,0,0,0,0,-1,0,19,0,19,21,263,303,40,0,40,5,1,1,0,0,-1,607271242,"6.18"
"C18147",1,2025-12-06,2025-12-05,2,"TRN14619937",145,9,1,1,0,5,1,0,0,55,0,21,1,336,-1,0,1,1,0,0,55,0,0,-1,-1,-1,-1,0,0,0,0,0,0,-1,0,0,-1,-1,-1,-1,0,0,0,0,0,0,-1,0,52,242,294,0,0,294,294,27,321,3,1,0,0,0,-1,607271242,"6.18"
"C18150",1,2025-10-18,2025-10-17,2,"HAV13710124",135,2,1,1,0,3,1,0,0,55,0,22,1,101,419,0,1,1,0,0,55,0,22,1,1,101,419,0,0,1,1,0,0,55,0,21,1,1,101,-1,80,0,1,1,0,0,55,0,267,0,267,1,0,268,268,2,270,10,1,1,1,0,-1,607271242,"6.18"
"C18183",1,2025-10-05,2025-10-04,3,"NXS13815840",436,9,0,1,0,5,2,0,0,25,0,0,-1,-1,-1,0,0,0,0,0,-1,0,0,-1,-1,-1,-1,0,0,0,0,0,0,-1,0,0,-1,-1,-1,-1,0,0,0,0,0,0,-1,0,0,0,0,0,0,0,0,2,2,12,0,0,0,22,1,607271242,"6.18"
"C18186",1,2025-11-28,2025-11-27,1,,-1,1,0,1,2,3,1,0,0,55,0,22,1,116,423,1,0,1,2,0,55,0,0,-1,-1,-1,-1,0,0,0,0,0,0,-1,0,0,-1,-1,-1,-1,0,0,0,0,0,0,-1,0,88,0,88,0,0,88,88,733,821,1,1,0,0,0,-1,607271242,"6.18"
"C18192",2,2026-03-06,2026-03-05,1,,-1,0,0,0,1,126,1,1,0,25,1,22,1,336,99,0,0,0,1,0,25,1,0,-1,-1,-1,-1,0,0,0,0,0,0,-1,0,0,-1,-1,-1,-1,0,0,0,0,0,0,-1,0,19,0,19,0,0,19,19,14,33,1,1,0,0,0,-1,607271242,"6.18"
"C18207",2,2025-12-18,2025-12-17,2,"NXS13815334",578,0,0,0,2,5,1,2,0,25,1,22,3,335,313,0,0,0,2,0,25,1,0,-1,-1,-1,-1,0,0,0,0,0,0,-1,0,0,-1,-1,-1,-1,0,0,0,0,0,0,-1,0,73,0,73,0,0,73,73,0,73,1,1,0,0,0,-1,607271242,"6.18"
"C18213",1,2025-11-09,2025-11-08,3,"TRN11821495",45,1,1,1,1,56,1,0,0,25,0,22,1,99,313,1,1,1,1,0,25,0,0,-1,-1,-1,-1,0,0,0,0,0,0,-1,0,0,-1,-1,-1,-1,0,0,0,0,0,0,-1,0,34,0,34,0,0,34,34,1153,1187,1,1,0,0,0,-1,607271242,"6.18"
"C18219",1,2026-05-03,2026-05-02,1,,-1,1,0,1,0,5,1,0,0,25,0,0,-1,-1,-1,0,0,0,0,0,-1,0,0,-1,-1,-1,-1,0,0,0,0,0,0,-1,0,21,1,2,116,-1,144,1,0,1,0,0,25,0,0,0,0,7,0,7,7,823,830,8,0,0,1,0,-1,607271242,"6.18"
"C18222",1,2025-12-19,2025-12-18,1,,-1,0,0,1,0,5,1,0,0,25,0,0,-1,-1,-1,0,0,0,0,0,-1,0,22,1,1,101,410,53,0,0,1,0,0,25,0,0,-1,-1,-1,-1,0,0,0,0,0,0,-1,0,0,0,0,53,110,163,53,16,69,4,0,1,0,0,-1,607271242,"6.18"
"C18243",1,2023-02-25,2023-02-24,5,,-1,0,0,1,0,15,1,0,0,25,0,0,-1,-1,-1,0,0,0,0,0,-1,0,0,-1,-1,-1,-1,0,0,0,0,0,0,-1,0,11,2,2,101,-1,1314,0,0,1,0,0,25,0,0,0,0,0,0,0,0,3765,3765,-1,0,0,1,0,-1,607271242,"6.18"
"C18246",1,2026-04-05,2026-04-04,1,,-1,1,0,1,2,3,1,0,0,55,0,0,-1,-1,-1,0,0,0,0,0,-1,0,21,1,1,116,-1,78,1,0,1,2,0,55,0,0,-1,-1,-1,-1,0,0,0,0,0,0,-1,0,0,0,0,78,101,179,78,398,476,4,0,1,0,0,-1,607271242,"6.18"
"C18249",2,2025-04-17,2025-04-16,5,,-1,4,0,0,0,3,1,3,0,18,1,11,1,99,-1,0,0,0,0,1,18,1,0,-1,-1,-1,-1,0,0,0,0,0,0,-1,0,0,-1,-1,-1,-1,0,0,0,0,0,0,-1,0,532,0,532,0,0,532,532,0,532,1,1,0,0,0,-1,607271242,"6.18"
"C18270",2,2025-05-31,2025-05-30,5,,-1,9,0,1,0,3,2,1,0,25,1,12,1,116,420,0,0,1,0,0,25,1,0,-1,-1,-1,-1,0,0,0,0,0,0,-1,0,0,-1,-1,-1,-1,0,0,0,0,0,0,-1,0,141,0,141,0,0,141,141,6,147,1,1,0,0,0,-1,607271242,"6.18"
"C18288",1,2025-11-28,2025-11-27,1,,-1,1,0,1,0,5,1,0,0,55,0,22,1,204,99,1,0,1,0,0,55,0,22,1,2,206,225,60,1,0,1,0,0,55,0,0,-1,-1,-1,-1,0,0,0,0,0,0,-1,0,19,0,19,60,155,234,79,493,572,5,1,1,0,0,-1,607271242,"6.18"
"C18312",1,2025-10-18,2025-10-17,2,"RRH15618750",157,1,0,1,2,34,1,0,0,25,0,22,1,116,423,1,0,1,2,0,25,0,0,-1,-1,-1,-1,0,0,0,0,0,0,-1,0,0,-1,-1,-1,-1,0,0,0,0,0,0,-1,0,74,0,74,0,0,74,74,1174,1248,1,1,0,0,0,-1,607271242,"6.18"
"C18318",1,2026-01-03,2026-01-02,4,"NXS13820901",129,1,0,1,2,5,1,0,0,25,0,22,3,116,431,1,0,1,2,0,25,0,0,-1,-1,-1,-1,0,0,0,0,0,0,-1,0,0,-1,-1,-1,-1,0,0,0,0,0,0,-1,0,28,0,28,0,0,28,28,309,337,1,1,0,0,21,1,607271242,"6.18"
"C18321",1,2022-12-02,2022-12-01,5,,-1,0,1,1,0,156,1,0,0,55,0,0,-1,-1,-1,0,0,0,0,0,-1,0,0,-1,-1,-1,-1,0,0,0,0,0,0,-1,0,12,2,2,101,24,1215,0,1,1,0,0,55,0,0,0,0,1,0,1,1,758,759,-1,0,0,1,0,-1,607271242,"6.18"
"C18324",1,2025-11-15,2025-11-14,1,,-1,4,0,0,2,5,1,0,0,25,0,22,1,205,423,0,0,0,2,0,25,0,0,-1,-1,-1,-1,0,0,0,0,0,0,-1,0,0,-1,-1,-1,-1,0,0,0,0,0,0,-1,0,25,0,25,0,0,25,25,1579,1604,1,1,0,0,0,-1,607271242,"6.18"
"C18336",1,2024-11-16,2024-11-15,5,,-1,1,0,1,2,5,1,0,0,25,0,12,3,204,423,1,0,1,2,0,25,0,0,-1,-1,-1,-1,0,0,0,0,0,0,-1,0,0,-1,-1,-1,-1,0,0,0,0,0,0,-1,0,401,0,401,0,0,401,401,720,1121,1,1,0,0,0,-1,607271242,"6.18"
"C18351",1,2024-10-05,2024-10-02,5,"RRH12110261",-1,9,0,1,1,3,2,0,0,25,0,22,1,99,99,0,0,0,0,0,25,0,12,2,1,101,313,53,0,0,1,1,0,25,0,0,-1,-1,-1,-1,0,0,0,0,0,0,-1,0,18,0,18,39,365,422,57,189,246,5,1,1,0,0,-1,607271242,"6.18"
"C18378",3,2025-12-06,2025-12-05,1,,-1,1,0,1,0,5,0,1,0,-1,0,22,1,335,422,1,0,1,0,0,-1,0,0,-1,-1,-1,-1,0,0,0,0,0,0,-1,0,0,-1,-1,-1,-1,0,0,0,0,0,0,-1,0,0,13,13,0,0,13,13,0,13,2,1,0,0,0,-1,607271242,"6.18"
"C18405",1,2026-03-16,2026-03-15,2,"NXS11115229",623,4,0,0,0,5,1,0,0,25,0,0,-1,-1,-1,0,0,0,0,0,-1,0,21,0,1,116,-1,199,0,0,0,0,0,25,0,0,-1,-1,-1,-1,0,0,0,0,0,0,-1,0,0,0,0,199,0,199,199,1190,1389,4,0,0,0,0,-1,607271242,"6.18"
"C18408",1,2025-07-27,2025-02-14,5,"NXS10919356",-1,1,0,1,0,5,1,0,0,25,0,12,3,336,431,1,0,1,0,0,25,0,0,-1,-1,-1,-1,0,0,0,0,0,0,-1,0,0,-1,-1,-1,-1,0,0,0,0,0,0,-1,0,315,0,315,0,0,315,315,9,324,1,1,0,0,22,1,607271242,"6.18"
"C18411",1,2024-01-18,2024-01-17,5,,-1,1,0,1,0,5,1,0,0,55,0,11,3,98,-1,1,0,1,0,0,55,0,0,-1,-1,-1,-1,0,0,0,0,0,0,-1,0,0,-1,-1,-1,-1,0,0,0,0,0,0,-1,0,987,0,987,0,0,987,987,0,987,1,1,0,0,0,-1,607271242,"6.18"
"C18417",1,2022-12-19,2022-12-18,5,,-1,0,0,1,0,5,1,0,0,55,0,0,-1,-1,-1,0,0,0,0,0,-1,0,0,-1,-1,-1,-1,0,0,0,0,0,0,-1,0,11,2,2,101,-1,1382,0,0,1,0,0,55,0,0,0,0,0,0,0,0,2998,2998,-1,0,0,1,0,-1,607271242,"6.18"
"C18429",1,2026-01-26,2026-01-25,1,,-1,4,0,0,0,5,1,0,0,25,0,22,1,116,423,0,0,0,0,0,25,0,0,-1,-1,-1,-1,0,0,0,0,0,0,-1,0,0,-1,-1,-1,-1,0,0,0,0,0,0,-1,0,44,0,44,0,0,44,44,0,44,1,1,0,0,0,-1,607271242,"6.18"
"C18441",2,2025-07-26,2025-07-25,5,,-1,0,0,1,2,5,1,2,0,25,1,0,-1,-1,-1,0,0,0,0,0,-1,0,12,2,3,116,431,55,0,0,1,2,0,25,1,0,-1,-1,-1,-1,0,0,0,0,0,0,-1,0,0,0,0,55,12,67,55,96,151,4,0,0,0,0,-1,607271242,"6.18"
"C18450",1,2026-03-20,2026-03-19,3,"NXS10821193",193,1,1,1,2,5,1,0,0,25,0,22,3,116,99,1,1,1,2,0,25,0,0,-1,-1,-1,-1,0,0,0,0,0,0,-1,0,0,-1,-1,-1,-1,0,0,0,0,0,0,-1,0,16,0,16,0,0,16,16,4786,4802,1,1,0,0,0,-1,607271242,"6.18"
"C18459",2,2025-09-06,2025-09-05,5,,-1,0,0,0,0,3,1,3,0,25,1,12,1,314,410,0,0,0,0,1,25,1,0,-1,-1,-1,-1,0,0,0,0,0,0,-1,0,0,-1,-1,-1,-1,0,0,0,0,0,0,-1,0,40,0,40,0,0,40,40,6,46,1,1,0,0,0,-1,607271242,"6.18"
"C18486",1,2025-09-05,2025-08-28,5,"NBN10521352",-1,1,1,1,2,3,1,0,0,55,0,11,1,336,-1,1,1,1,2,0,55,0,12,1,2,101,420,196,1,1,1,2,0,25,0,0,-1,-1,-1,-1,0,0,0,0,0,0,-1,0,8,58,66,144,46,256,210,79,289,7,1,1,0,0,-1,607271242,"6.18"
"C18492",1,2026-02-13,2026-02-12,3,"NXS14717588",395,1,0,1,1,356,1,0,0,25,0,22,1,101,423,1,0,1,1,0,25,0,0,-1,-1,-1,-1,0,0,0,0,0,0,-1,0,0,-1,-1,-1,-1,0,0,0,0,0,0,-1,0,35,0,35,0,0,35,35,100,135,1,1,0,0,0,-1,607271242,"6.18"
"C18504",1,2025-12-01,2025-11-30,4,"NBN10515571",500,0,0,0,1,35,1,0,0,24,0,22,1,336,99,0,0,0,1,0,24,0,0,-1,-1,-1,-1,0,0,0,0,0,0,-1,0,0,-1,-1,-1,-1,0,0,0,0,0,0,-1,0,14,0,14,0,0,14,14,58,72,1,1,0,0,0,-1,607271242,"6.18"
"C18507",1,2025-11-23,2025-11-22,3,"NXS12713103",707,4,0,0,0,357,1,0,0,25,0,22,1,336,313,0,0,0,0,0,25,0,0,-1,-1,-1,-1,0,0,0,0,0,0,-1,0,0,-1,-1,-1,-1,0,0,0,0,0,0,-1,0,15,0,15,0,0,15,15,1078,1093,1,1,0,0,0,-1,607271242,"6.18"
"C18513",1,2022-06-24,2022-06-23,5,,-1,9,1,1,0,5,1,0,0,55,0,0,-1,-1,-1,0,0,0,0,0,-1,0,0,-1,-1,-1,-1,0,0,0,0,0,0,-1,0,12,2,1,101,423,1124,0,1,1,0,0,55,0,0,0,0,102,0,102,102,16,118,-1,0,0,1,0,-1,607271242,"6.18"
"C18525",2,2025-10-13,2025-10-12,1,,-1,0,0,1,1,2,1,3,0,25,1,22,1,101,422,0,0,1,1,1,25,1,0,-1,-1,-1,-1,0,0,0,0,0,0,-1,0,0,-1,-1,-1,-1,0,0,0,0,0,0,-1,0,102,0,102,0,0,102,102,2,104,1,1,0,0,0,-1,607271242,"6.18"
"C18543",1,2025-08-24,2025-08-23,5,"RRH12417606",-1,2,1,1,0,5,1,0,0,55,0,0,-1,-1,-1,0,0,0,0,0,-1,0,12,1,1,116,410,83,0,1,1,0,0,55,0,0,-1,-1,-1,-1,0,0,0,0,0,0,-1,0,0,0,0,83,197,280,83,21,104,4,0,1,0,0,-1,607271242,"6.18"
"C18546",1,2025-12-26,2025-12-25,1,,-1,9,1,1,0,5,1,0,0,25,0,22,1,116,410,0,1,1,0,0,25,0,0,-1,-1,-1,-1,0,0,0,0,0,0,-1,0,0,-1,-1,-1,-1,0,0,0,0,0,0,-1,0,149,0,149,0,0,149,149,27,176,1,1,0,0,0,-1,607271242,"6.18"
"C18549",1,2026-02-10,2026-02-09,3,"RRH15819117",258,9,1,1,2,5,1,0,0,25,0,22,1,116,313,0,1,1,2,0,25,0,0,-1,-1,-1,-1,0,0,0,0,0,0,-1,0,0,-1,-1,-1,-1,0,0,0,0,0,0,-1,0,15,46,61,0,0,61,61,116,177,3,1,0,0,0,-1,607271242,"6.18"
"C18564",1,2026-03-30,2026-03-29,1,,-1,0,0,1,0,56,1,0,0,25,0,22,1,99,99,0,0,1,0,0,25,0,0,-1,-1,-1,-1,0,0,0,0,0,0,-1,0,0,-1,-1,-1,-1,0,0,0,0,0,0,-1,0,6,0,6,0,0,6,6,29,35,1,1,0,0,0,-1,607271242,"6.18"
"C18570",1,2025-10-31,2025-10-30,3,"NXS11619060",196,1,1,1,2,5,1,0,0,55,0,22,1,101,99,1,1,1,2,0,55,0,0,-1,-1,-1,-1,0,0,0,0,0,0,-1,0,0,-1,-1,-1,-1,0,0,0,0,0,0,-1,0,105,0,105,0,0,105,105,96,201,1,1,0,0,0,-1,607271242,"6.18"
"C18576",2,2026-01-25,2026-01-24,1,,-1,0,0,0,1,5,1,2,0,25,1,0,-1,-1,-1,0,0,0,0,0,-1,0,22,1,1,302,434,100,0,0,0,1,0,25,1,0,-1,-1,-1,-1,0,0,0,0,0,0,-1,0,0,0,0,100,24,124,100,0,100,4,0,1,0,0,-1,607271242,"6.18"
"C18585",1,2025-09-26,2025-09-18,5,"NXS11321951",-1,1,0,1,1,5,1,0,0,25,0,12,1,116,422,1,0,1,1,0,25,0,0,-1,-1,-1,-1,0,0,0,0,0,0,-1,0,0,-1,-1,-1,-1,0,0,0,0,0,0,-1,0,167,0,167,0,0,167,167,82,249,1,1,0,0,0,-1,607271242,"6.18"
"C18588",1,2025-11-06,2025-11-05,4,"NXS11619687",146,9,1,1,0,5,1,0,0,55,0,0,-1,-1,-1,0,0,0,0,0,-1,0,22,1,2,116,419,14,0,1,1,0,0,55,0,0,-1,-1,-1,-1,0,0,0,0,0,0,-1,0,0,0,0,14,13,27,14,191,205,4,0,1,0,0,-1,607271242,"6.18"
"C18591",1,2023-07-09,2023-07-08,5,,-1,9,1,1,0,3,1,0,0,55,0,0,-1,-1,-1,0,0,0,0,0,-1,0,0,-1,-1,-1,-1,0,0,0,0,0,0,-1,0,12,2,1,206,24,921,0,1,1,0,0,55,0,0,0,0,0,0,0,0,0,0,-1,0,0,1,0,-1,607271242,"6.18"
"C18606",2,2026-03-03,2026-03-02,4,"RRH15718309",222,5,0,1,2,3,1,1,0,24,1,0,-1,-1,-1,0,0,0,0,0,-1,0,22,0,1,302,99,111,0,0,1,2,0,24,1,0,-1,-1,-1,-1,0,0,0,0,0,0,-1,0,0,0,0,110,0,110,110,0,110,4,0,0,0,0,-1,607271242,"6.18"
"C18609",1,2024-10-20,2024-10-10,5,"NXS12716871",-1,5,0,1,0,3,1,0,0,55,0,2,-1,-1,-1,0,0,0,0,0,-1,0,0,-1,-1,-1,-1,0,0,0,0,0,0,-1,0,11,2,2,101,-1,711,0,0,1,0,0,55,0,5,0,5,0,0,5,5,58,63,-1,0,0,1,0,-1,607271242,"6.18"
"C18612",1,2023-01-07,2023-01-06,5,,-1,0,0,1,0,5,1,0,0,55,0,0,-1,-1,-1,0,0,0,0,0,-1,0,0,-1,-1,-1,-1,0,0,0,0,0,0,-1,0,11,2,2,207,-1,1340,0,0,1,0,0,55,0,0,0,0,23,0,23,23,1866,1889,-1,0,0,1,0,-1,607271242,"6.18"
"C18618",1,2025-11-08,2025-11-07,1,,-1,4,0,1,2,3,2,0,0,25,0,22,1,206,313,0,0,1,2,0,25,0,0,-1,-1,-1,-1,0,0,0,0,0,0,-1,0,0,-1,-1,-1,-1,0,0,0,0,0,0,-1,0,25,0,25,0,0,25,25,0,25,1,1,0,0,0,-1,607271242,"6.18"
"C18621",1,2025-06-01,2025-05-26,5,"NBN10519551",-1,1,0,1,0,3,1,0,0,55,0,2,-1,-1,-1,0,0,0,0,0,-1,0,12,0,1,101,433,330,1,0,1,0,0,55,0,21,1,2,101,-1,157,1,0,1,0,0,55,0,8,0,8,325,0,333,333,695,1028,10,0,0,1,0,-1,607271242,"6.18"
"C18624",1,2025-09-13,2025-09-12,5,,-1,0,0,1,0,3,1,0,0,55,0,0,-1,-1,-1,0,0,0,0,0,-1,0,12,2,1,101,410,2,0,0,1,0,0,55,0,0,-1,-1,-1,-1,0,0,0,0,0,0,-1,0,0,0,0,2,317,319,2,57,59,4,0,1,0,0,-1,607271242,"6.18"
"C18627",1,2025-10-05,2025-10-04,2,"NXS11318580",180,1,0,1,2,4,1,0,0,25,0,22,1,314,314,1,0,1,2,0,25,0,0,-1,-1,-1,-1,0,0,0,0,0,0,-1,0,0,-1,-1,-1,-1,0,0,0,0,0,0,-1,0,147,0,147,0,0,147,147,313,460,1,1,0,0,0,-1,607271242,"6.18"
"C18636",1,2025-09-04,2025-09-03,5,"RRH15618735",-1,2,0,1,1,5,1,0,0,55,0,12,1,101,101,0,0,1,1,0,55,0,0,-1,-1,-1,-1,0,0,0,0,0,0,-1,0,0,-1,-1,-1,-1,0,0,0,0,0,0,-1,0,120,0,120,0,0,120,120,62,182,1,1,0,0,0,-1,607271242,"6.18"
"C18654",1,2024-08-02,2024-08-01,5,"HAV13710891",-1,0,1,1,2,6,1,0,0,25,0,0,-1,-1,-1,0,0,0,0,0,-1,0,0,-1,-1,-1,-1,0,0,0,0,0,0,-1,0,11,2,1,431,-1,790,0,1,1,2,0,25,0,0,0,0,0,0,0,0,0,0,-1,0,0,1,0,-1,607271242,"6.18"
"C18657",1,2025-09-04,2025-09-03,5,"NXS10618403",-1,4,0,0,0,5,1,0,0,55,0,12,1,336,410,0,0,0,0,0,55,0,0,-1,-1,-1,-1,0,0,0,0,0,0,-1,0,0,-1,-1,-1,-1,0,0,0,0,0,0,-1,0,29,0,29,0,0,29,29,2,31,1,1,0,0,0,-1,607271242,"6.18"
"C18663",1,2026-01-05,2026-01-04,1,,-1,1,0,1,1,5,2,0,0,25,0,22,1,314,99,1,0,1,1,0,25,0,0,-1,-1,-1,-1,0,0,0,0,0,0,-1,0,0,-1,-1,-1,-1,0,0,0,0,0,0,-1,0,41,0,41,0,0,41,41,124,165,1,1,0,0,0,-1,607271242,"6.18"
"C18681",2,2025-06-19,2024-06-30,5,"NBN10515772",-1,4,0,0,0,5,2,2,0,25,1,2,-1,-1,-1,0,0,0,0,0,-1,0,11,1,1,101,-1,274,0,0,0,0,0,25,1,0,-1,-1,-1,-1,0,0,0,0,0,0,-1,0,26,0,26,291,170,487,317,366,683,5,0,1,0,0,-1,607271242,"6.18"
"C18696",1,2025-12-27,2025-12-26,1,,-1,0,0,0,0,3,1,0,0,18,0,22,1,336,422,0,0,0,0,0,18,0,0,-1,-1,-1,-1,0,0,0,0,0,0,-1,0,0,-1,-1,-1,-1,0,0,0,0,0,0,-1,0,18,0,18,0,0,18,18,0,18,1,1,0,0,0,-1,607271242,"6.18"
"C18702",1,2025-09-23,2025-09-22,5,,-1,0,0,1,0,14,1,0,0,25,0,12,1,116,312,0,0,1,0,0,25,0,0,-1,-1,-1,-1,0,0,0,0,0,0,-1,0,0,-1,-1,-1,-1,0,0,0,0,0,0,-1,0,67,0,67,0,0,67,67,3,70,1,1,0,0,0,-1,607271242,"6.18"
"C18705",1,2025-10-04,2025-10-03,1,,-1,0,1,1,0,3,1,0,0,55,0,22,1,336,312,0,1,1,0,0,55,0,0,-1,-1,-1,-1,0,0,0,0,0,0,-1,0,0,-1,-1,-1,-1,0,0,0,0,0,0,-1,0,37,0,37,0,0,37,37,2,39,1,1,0,0,0,-1,607271242,"6.18"
"C18729",1,2026-07-07,2026-07-06,1,,-1,0,0,0,0,56,1,0,0,55,0,22,1,336,99,0,0,0,0,0,55,0,0,-1,-1,-1,-1,0,0,0,0,0,0,-1,0,0,-1,-1,-1,-1,0,0,0,0,0,0,-1,0,20,0,20,0,0,20,20,6,26,1,1,0,0,0,-1,607271242,"6.18"
"C18738",1,2025-09-07,2025-09-06,5,"NXS11316831",-1,0,0,0,1,56,1,0,0,25,0,12,1,101,207,0,0,0,1,0,25,0,0,-1,-1,-1,-1,0,0,0,0,0,0,-1,0,0,-1,-1,-1,-1,0,0,0,0,0,0,-1,0,55,0,55,0,0,55,55,31,86,1,1,0,0,0,-1,607271242,"6.18"
"C18753",1,2026-02-16,2026-02-15,1,,-1,0,0,1,0,5,1,0,0,25,0,22,3,116,422,0,0,1,0,0,25,0,0,-1,-1,-1,-1,0,0,0,0,0,0,-1,0,0,-1,-1,-1,-1,0,0,0,0,0,0,-1,0,45,0,45,0,0,45,45,0,45,1,1,0,0,0,-1,607271242,"6.18"
"C18756",2,2025-12-29,2025-12-28,1,,-1,0,0,1,2,5,1,2,0,25,1,22,1,101,420,0,0,1,2,0,25,1,0,-1,-1,-1,-1,0,0,0,0,0,0,-1,0,0,-1,-1,-1,-1,0,0,0,0,0,0,-1,0,34,0,34,0,0,34,34,5,39,1,1,0,0,0,-1,607271242,"6.18"
"C18759",2,2025-04-13,2025-04-12,5,,-1,0,0,0,0,3,2,1,0,24,1,2,-1,-1,-1,0,0,0,0,0,-1,0,12,2,1,101,420,52,0,0,0,0,0,24,1,0,-1,-1,-1,-1,0,0,0,0,0,0,-1,0,14,0,14,38,161,213,52,32,84,5,0,1,0,0,-1,607271242,"6.18"
"C18762",1,2025-08-09,2024-10-07,5,"RRH13216979",-1,2,0,1,0,24,1,0,0,55,0,2,-1,-1,-1,0,0,0,0,0,-1,0,2,-1,-1,-1,-1,0,0,0,0,0,0,-1,0,11,2,2,116,-1,417,0,0,1,0,0,55,0,82,0,82,70,0,152,152,358,510,-1,0,0,1,0,-1,607271242,"6.18"
"C18765",1,2025-08-03,2025-08-02,5,,-1,2,0,1,2,5,1,0,0,55,0,0,-1,-1,-1,0,0,0,0,0,-1,0,0,-1,-1,-1,-1,0,0,0,0,0,0,-1,0,11,2,2,101,-1,423,0,0,1,2,0,55,0,0,0,0,1,0,1,1,1003,1004,-1,0,0,1,0,-1,607271242,"6.18"
"C18774",1,2025-09-02,2025-09-01,5,"NXS10619720",-1,1,0,1,0,5,1,0,0,25,0,12,1,336,99,1,0,1,0,0,25,0,0,-1,-1,-1,-1,0,0,0,0,0,0,-1,0,0,-1,-1,-1,-1,0,0,0,0,0,0,-1,0,71,0,71,0,0,71,71,120,191,1,1,0,0,0,-1,607271242,"6.18"
"C18777",1,2025-06-15,2025-05-25,5,,-1,4,0,0,0,3,1,0,0,55,0,2,-1,-1,-1,0,0,0,0,0,-1,0,11,1,1,101,-1,186,0,0,0,0,0,55,0,0,-1,-1,-1,-1,0,0,0,0,0,0,-1,0,101,0,101,105,287,493,206,525,731,5,0,1,0,0,-1,607271242,"6.18"
"C18786",1,2026-06-07,2026-06-06,1,,-1,1,0,1,0,3,1,0,0,25,0,21,1,116,-1,1,0,1,0,0,25,0,0,-1,-1,-1,-1,0,0,0,0,0,0,-1,0,0,-1,-1,-1,-1,0,0,0,0,0,0,-1,0,116,0,116,0,0,116,116,30,146,1,1,0,0,0,-1,607271242,"6.18"
"C18792",1,2026-07-17,2026-07-16,1,,-1,1,0,1,1,5,1,0,0,25,0,0,-1,-1,-1,0,0,0,0,0,-1,0,21,0,2,116,-1,76,1,0,1,1,0,25,0,0,-1,-1,-1,-1,0,0,0,0,0,0,-1,0,0,0,0,76,0,76,76,2812,2888,4,0,0,0,0,-1,607271242,"6.18"
"C18795",1,2026-01-30,2026-01-29,1,,-1,0,0,0,1,5,1,0,0,25,0,22,1,206,205,0,0,0,1,0,25,0,0,-1,-1,-1,-1,0,0,0,0,0,0,-1,0,0,-1,-1,-1,-1,0,0,0,0,0,0,-1,0,14,0,14,0,0,14,14,198,212,1,1,0,0,0,-1,607271242,"6.18"
"C18798",1,2026-05-26,2026-05-25,4,"NXS10617381",507,0,0,1,1,5,1,0,0,55,0,22,1,116,431,0,0,1,1,0,55,0,0,-1,-1,-1,-1,0,0,0,0,0,0,-1,0,0,-1,-1,-1,-1,0,0,0,0,0,0,-1,0,40,0,40,0,0,40,40,8,48,1,1,0,0,0,-1,607271242,"6.18"
"C18801",2,2025-06-29,2025-05-19,5,"RRH14310271",-1,0,1,0,0,5,1,2,0,25,1,2,-1,-1,-1,0,0,0,0,0,-1,0,12,0,3,336,99,244,0,1,0,0,0,25,1,0,-1,-1,-1,-1,0,0,0,0,0,0,-1,0,66,0,66,217,0,283,283,10,293,5,0,0,0,0,-1,607271242,"6.18"
"C18810",2,2025-05-11,2025-04-12,5,"NBN10519207",-1,0,0,0,0,3,1,3,0,25,1,2,-1,-1,-1,0,0,0,0,0,-1,0,12,2,1,116,433,72,0,0,0,0,1,25,1,0,-1,-1,-1,-1,0,0,0,0,0,0,-1,0,25,0,25,61,256,342,86,22,108,5,0,1,0,0,-1,607271242,"6.18"
"C18852",1,2026-05-12,2026-05-11,1,,-1,1,0,1,0,56,1,0,0,25,0,22,1,101,410,1,0,1,0,0,25,0,0,-1,-1,-1,-1,0,0,0,0,0,0,-1,0,0,-1,-1,-1,-1,0,0,0,0,0,0,-1,0,59,0,59,0,0,59,59,77,136,1,1,0,0,0,-1,607271242,"6.18"
"C18861",2,2026-01-13,2026-01-12,2,"NXS10215213",597,1,0,1,1,5,1,1,0,25,1,22,1,116,207,1,0,1,1,0,25,1,0,-1,-1,-1,-1,0,0,0,0,0,0,-1,0,0,-1,-1,-1,-1,0,0,0,0,0,0,-1,0,42,0,42,0,0,42,42,4054,4096,1,1,0,0,0,-1,607271242,"6.18"
"C18882",1,2023-02-23,2023-02-22,5,,-1,0,1,1,0,5,1,0,0,55,0,0,-1,-1,-1,0,0,0,0,0,-1,0,0,-1,-1,-1,-1,0,0,0,0,0,0,-1,0,11,0,2,116,-1,0,0,1,1,0,0,55,0,0,0,0,1316,0,1316,1316,9150,10466,8,0,0,0,0,-1,607271242,"6.18"
"C18918",1,2023-02-20,2023-02-19,5,,-1,0,0,1,0,5,1,0,0,25,0,0,-1,-1,-1,0,0,0,0,0,-1,0,0,-1,-1,-1,-1,0,0,0,0,0,0,-1,0,11,2,2,116,-1,1314,0,0,1,0,0,25,0,0,0,0,5,0,5,5,1935,1940,-1,0,0,1,0,-1,607271242,"6.18"
"C18921",1,2025-11-07,2025-11-06,2,"NXS14717931",250,1,0,1,2,16,1,0,0,25,0,21,1,116,-1,1,0,1,2,0,25,0,0,-1,-1,-1,-1,0,0,0,0,0,0,-1,0,0,-1,-1,-1,-1,0,0,0,0,0,0,-1,0,217,0,217,0,0,217,217,17,234,1,1,0,0,0,-1,607271242,"6.18"
"C18942",1,2026-03-13,2026-03-12,1,,-1,1,0,1,0,3,1,0,0,55,0,22,1,99,99,1,0,1,0,0,55,0,21,1,1,101,-1,9,1,0,1,0,0,55,0,0,-1,-1,-1,-1,0,0,0,0,0,0,-1,0,2,0,2,8,192,202,10,375,385,5,1,1,0,0,-1,607271242,"6.18"
"C18954",1,2024-10-21,2024-10-20,5,"NXS10315855",-1,1,0,1,2,123,1,0,0,55,0,2,-1,-1,-1,0,0,0,0,0,-1,0,12,2,1,116,440,327,1,0,1,2,0,55,0,0,-1,-1,-1,-1,0,0,0,0,0,0,-1,0,219,0,219,108,25,352,327,414,741,5,0,1,0,0,-1,607271242,"6.18"
"C18960",1,2026-05-31,2026-05-30,1,,-1,0,0,1,2,5,1,0,0,55,0,21,1,410,-1,0,0,1,2,0,55,0,0,-1,-1,-1,-1,0,0,0,0,0,0,-1,0,0,-1,-1,-1,-1,0,0,0,0,0,0,-1,0,123,0,123,0,0,123,123,0,123,1,1,0,0,0,-1,607271242,"6.18"
"C18963",2,2025-12-07,2025-12-06,1,,-1,0,0,1,2,3,1,1,0,25,1,0,-1,-1,-1,0,0,0,0,0,-1,0,22,0,1,101,410,232,0,0,1,2,0,25,1,0,-1,-1,-1,-1,0,0,0,0,0,0,-1,0,0,0,0,231,0,231,231,21,252,4,0,0,0,0,-1,607271242,"6.18"
"C18966",1,2026-06-02,2026-06-01,1,,-1,0,1,0,0,1,1,0,0,55,0,22,1,410,313,0,1,0,0,0,55,0,0,-1,-1,-1,-1,0,0,0,0,0,0,-1,0,0,-1,-1,-1,-1,0,0,0,0,0,0,-1,0,50,0,50,0,0,50,50,0,50,1,1,0,0,0,-1,607271242,"6.18"
"C18969",1,2024-08-18,2024-07-16,5,,-1,0,0,1,0,3,1,0,0,25,0,2,-1,-1,-1,0,0,0,0,0,-1,0,12,2,1,101,433,13,0,0,1,0,0,25,0,0,-1,-1,-1,-1,0,0,0,0,0,0,-1,0,39,0,39,4,522,565,43,13,56,5,0,1,0,0,-1,607271242,"6.18"
"C18984",1,2025-04-25,2025-04-24,5,"NXS11118355",-1,2,0,1,0,5,1,0,0,55,0,0,-1,-1,-1,0,0,0,0,0,-1,0,0,-1,-1,-1,-1,0,0,0,0,0,0,-1,0,11,2,1,101,-1,523,0,0,1,0,0,55,0,0,0,0,1,0,1,1,356,357,-1,0,0,1,0,-1,607271242,"6.18"
"C18987",1,2026-01-07,2026-01-06,4,"NXS11118028",340,0,0,0,2,3,1,0,0,24,0,22,1,336,312,0,0,0,2,0,24,0,0,-1,-1,-1,-1,0,0,0,0,0,0,-1,0,0,-1,-1,-1,-1,0,0,0,0,0,0,-1,0,18,0,18,0,0,18,18,3351,3369,1,1,0,0,0,-1,607271242,"6.18"
"C18999",1,2025-10-02,2025-10-01,2,"NXS11314681",508,4,0,0,0,3,1,0,0,25,0,22,1,116,422,0,0,0,0,0,25,0,0,-1,-1,-1,-1,0,0,0,0,0,0,-1,0,0,-1,-1,-1,-1,0,0,0,0,0,0,-1,0,78,0,78,0,0,78,78,47,125,1,1,0,0,0,-1,607271242,"6.18"
"C19002",1,2026-02-17,2026-02-16,3,"NXS11318060",392,1,0,1,0,5,1,0,0,24,0,22,1,440,423,1,0,1,0,0,24,0,0,-1,-1,-1,-1,0,0,0,0,0,0,-1,0,0,-1,-1,-1,-1,0,0,0,0,0,0,-1,0,61,0,61,0,0,61,61,30,91,1,1,0,0,0,-1,607271242,"6.18"
"C19011",1,2026-07-14,2026-07-13,1,,-1,1,0,1,0,5,1,0,0,55,0,21,1,116,-1,1,0,1,0,0,55,0,0,-1,-1,-1,-1,0,0,0,0,0,0,-1,0,0,-1,-1,-1,-1,0,0,0,0,0,0,-1,0,79,0,79,0,0,79,79,16,95,1,1,0,0,0,-1,607271242,"6.18"
"C19020",1,2025-10-31,2025-10-30,4,"NBN10518618",248,1,0,1,0,3,1,0,0,25,0,22,1,99,99,1,0,1,0,0,25,0,0,-1,-1,-1,-1,0,0,0,0,0,0,-1,0,21,1,2,116,-1,163,1,0,1,0,0,25,0,97,0,97,1,0,98,98,1733,1831,9,1,0,1,0,-1,607271242,"6.18"
"C19023",1,2025-03-18,2025-03-17,5,"NBN10511136",-1,0,0,1,0,5,1,0,0,25,0,12,1,335,314,0,0,1,0,0,25,0,0,-1,-1,-1,-1,0,0,0,0,0,0,-1,0,0,-1,-1,-1,-1,0,0,0,0,0,0,-1,0,0,197,197,0,0,197,197,0,197,2,0,0,0,0,-1,607271242,"6.18"
"C19035",1,2026-03-18,2026-03-17,1,,-1,0,0,1,2,5,1,0,0,25,0,22,1,335,313,0,0,1,2,0,25,0,0,-1,-1,-1,-1,0,0,0,0,0,0,-1,0,0,-1,-1,-1,-1,0,0,0,0,0,0,-1,0,16,0,16,0,0,16,16,0,16,1,1,0,0,0,-1,607271242,"6.18"
"C19038",1,2024-04-07,2024-04-06,5,,-1,0,1,0,2,3,1,0,0,25,0,0,-1,-1,-1,0,0,0,0,0,-1,0,0,-1,-1,-1,-1,0,0,0,0,0,0,-1,0,12,2,1,302,410,529,0,1,0,2,0,25,0,0,0,0,61,0,61,61,0,61,-1,0,0,1,0,-1,607271242,"6.18"
"C19047",1,2026-01-12,2026-01-11,1,,-1,0,0,1,0,5,1,0,0,55,0,22,1,336,313,0,0,1,0,0,55,0,0,-1,-1,-1,-1,0,0,0,0,0,0,-1,0,0,-1,-1,-1,-1,0,0,0,0,0,0,-1,0,26,0,26,0,0,26,26,1049,1075,1,1,0,0,0,-1,607271242,"6.18"
"C19062",1,2025-10-02,2025-10-01,3,"NXS11320260",83,4,0,0,0,146,1,0,0,25,0,22,1,116,423,0,0,0,0,0,25,0,0,-1,-1,-1,-1,0,0,0,0,0,0,-1,0,0,-1,-1,-1,-1,0,0,0,0,0,0,-1,0,51,0,51,0,0,51,51,0,51,1,1,0,0,0,-1,607271242,"6.18"
"C19071",1,2025-04-04,2023-04-23,5,"RRH13210328",-1,1,0,1,0,3,1,0,0,25,0,2,-1,-1,-1,0,0,0,0,0,-1,0,2,-1,-1,-1,-1,0,0,0,0,0,0,-1,0,11,1,2,101,-1,152,1,0,1,0,0,25,0,22,0,22,398,0,420,420,736,1156,10,0,0,1,0,-1,607271242,"6.18"
"C19080",2,2025-07-31,2025-07-30,5,"NXS10218473",-1,0,0,0,2,3,1,3,0,25,1,0,-1,-1,-1,0,0,0,0,0,-1,0,12,2,1,116,410,4,0,0,0,2,1,25,1,0,-1,-1,-1,-1,0,0,0,0,0,0,-1,0,0,0,0,4,359,363,4,211,215,4,0,1,0,0,-1,607271242,"6.18"
"C19098",1,2025-08-25,2025-08-24,5,,-1,1,0,1,2,5,1,0,0,25,0,12,3,116,410,1,0,1,2,0,25,0,0,-1,-1,-1,-1,0,0,0,0,0,0,-1,0,0,-1,-1,-1,-1,0,0,0,0,0,0,-1,0,95,0,95,0,0,95,95,778,873,1,1,0,0,0,-1,607271242,"6.18"
"C19107",1,2026-03-07,2026-03-06,1,,-1,0,1,0,0,98,1,0,0,25,0,22,1,332,423,0,1,0,0,0,25,0,0,-1,-1,-1,-1,0,0,0,0,0,0,-1,0,0,-1,-1,-1,-1,0,0,0,0,0,0,-1,0,21,0,21,0,0,21,21,39,60,1,1,0,0,0,-1,607271242,"6.18"
"C19110",2,2026-07-18,2026-07-17,1,,-1,0,0,0,0,5,1,2,0,24,1,21,3,335,-1,0,0,0,0,0,24,1,0,-1,-1,-1,-1,0,0,0,0,0,0,-1,0,0,-1,-1,-1,-1,0,0,0,0,0,0,-1,0,75,0,75,0,0,75,75,63,138,1,1,0,0,0,-1,607271242,"6.18"
"C19119",1,2026-07-03,2026-07-02,3,"NXS11415914",706,1,1,1,0,3,1,0,0,55,0,21,1,336,-1,1,1,1,0,0,55,0,21,0,2,101,-1,74,1,1,1,0,0,55,0,0,-1,-1,-1,-1,0,0,0,0,0,0,-1,0,0,90,90,0,0,90,90,31,121,6,1,0,0,0,-1,607271242,"6.18"
"C19134",1,2025-05-15,2025-05-14,5,"NBN10518703",-1,5,1,1,2,56,1,0,0,25,0,0,-1,-1,-1,0,0,0,0,0,-1,0,0,-1,-1,-1,-1,0,0,0,0,0,0,-1,0,11,2,1,206,-1,453,0,1,1,2,0,25,0,0,0,0,51,0,51,51,0,51,-1,0,0,1,0,-1,607271242,"6.18"
"C19137",1,2026-04-20,2026-04-19,1,,-1,1,0,1,0,3,1,0,0,25,0,0,-1,-1,-1,0,0,0,0,0,-1,0,0,-1,-1,-1,-1,0,0,0,0,0,0,-1,0,21,1,2,116,-1,163,1,0,1,0,0,25,0,0,0,0,1,0,1,1,13317,13318,8,0,0,1,0,-1,607271242,"6.18"
"C19140",1,2025-10-21,2025-10-20,3,"NXS11314998",557,1,0,1,0,14,1,0,0,25,0,22,1,99,207,1,0,1,0,0,25,0,0,-1,-1,-1,-1,0,0,0,0,0,0,-1,0,0,-1,-1,-1,-1,0,0,0,0,0,0,-1,0,37,0,37,0,0,37,37,626,663,1,1,0,0,0,-1,607271242,"6.18"
"C19143",1,2026-03-15,2026-03-14,2,"NXS11314965",667,4,0,0,0,235,1,0,0,25,0,22,1,205,99,0,0,0,0,0,25,0,0,-1,-1,-1,-1,0,0,0,0,0,0,-1,0,0,-1,-1,-1,-1,0,0,0,0,0,0,-1,0,24,0,24,0,0,24,24,1155,1179,1,1,0,0,0,-1,607271242,"6.18"
"C19146",1,2025-08-09,2025-08-08,5,,-1,2,0,1,0,5,1,0,0,55,0,0,-1,-1,-1,0,0,0,0,0,-1,0,0,-1,-1,-1,-1,0,0,0,0,0,0,-1,0,11,2,2,116,-1,417,0,0,1,0,0,55,0,0,0,0,1,0,1,1,645,646,-1,0,0,1,0,-1,607271242,"6.18"
"C19161",1,2025-10-10,2025-10-09,1,,-1,0,0,0,0,6,1,0,0,25,0,22,3,335,312,0,0,0,0,0,25,0,0,-1,-1,-1,-1,0,0,0,0,0,0,-1,0,0,-1,-1,-1,-1,0,0,0,0,0,0,-1,0,17,0,17,0,0,17,17,0,17,1,1,0,0,0,-1,607271242,"6.18"
"C19164",1,2026-04-13,2026-04-12,2,"RRH13310249",727,0,0,1,2,5,1,0,0,25,0,22,1,205,410,0,0,1,2,0,25,0,0,-1,-1,-1,-1,0,0,0,0,0,0,-1,0,0,-1,-1,-1,-1,0,0,0,0,0,0,-1,0,86,0,86,0,0,86,86,2,88,1,1,0,0,0,-1,607271242,"6.18"
"C19185",1,2025-04-12,2025-03-16,5,"NBN10518885",-1,4,0,0,0,3,1,0,0,25,0,2,-1,-1,-1,0,0,0,0,0,-1,0,12,2,1,101,423,55,0,0,0,0,0,25,0,0,-1,-1,-1,-1,0,0,0,0,0,0,-1,0,47,0,47,19,162,228,66,1064,1130,5,0,1,0,0,-1,607271242,"6.18"
"C19197",2,2026-07-11,2026-07-10,1,,-1,0,0,0,1,3,2,1,0,25,1,21,1,101,-1,0,0,0,1,0,25,1,0,-1,-1,-1,-1,0,0,0,0,0,0,-1,0,0,-1,-1,-1,-1,0,0,0,0,0,0,-1,0,82,0,82,0,0,82,82,17,99,1,1,0,0,0,-1,607271242,"6.18"
"C19209",1,2026-04-23,2026-04-22,1,,-1,0,0,1,0,5,1,0,0,55,0,22,3,116,434,0,0,1,0,0,55,0,0,-1,-1,-1,-1,0,0,0,0,0,0,-1,0,0,-1,-1,-1,-1,0,0,0,0,0,0,-1,0,52,0,52,0,0,52,52,8,60,1,1,0,0,22,1,607271242,"6.18"
"C19212",1,2025-10-05,2025-10-04,3,"NXS10920526",19,0,0,0,0,3,1,0,0,25,0,22,3,314,410,0,0,0,0,0,25,0,0,-1,-1,-1,-1,0,0,0,0,0,0,-1,0,0,-1,-1,-1,-1,0,0,0,0,0,0,-1,0,83,0,83,0,0,83,83,86,169,1,1,0,0,0,-1,607271242,"6.18"
"C19227",1,2025-12-11,2025-12-10,2,"NXS11318599",264,0,0,1,0,5,1,0,0,55,0,22,1,410,423,0,0,1,0,0,55,0,0,-1,-1,-1,-1,0,0,0,0,0,0,-1,0,0,-1,-1,-1,-1,0,0,0,0,0,0,-1,0,14,0,14,0,0,14,14,348,362,1,1,0,0,0,-1,607271242,"6.18"
"C19242",1,2026-04-24,2026-04-23,1,,-1,0,0,1,2,3,1,0,0,25,0,22,1,410,410,0,0,1,2,0,25,0,0,-1,-1,-1,-1,0,0,0,0,0,0,-1,0,0,-1,-1,-1,-1,0,0,0,0,0,0,-1,0,47,0,47,0,0,47,47,2,49,1,1,0,0,0,-1,607271242,"6.18"
"C19260",1,2026-02-10,2026-02-09,1,,-1,0,0,0,0,5,1,0,0,55,0,22,1,207,99,0,0,0,0,0,25,0,21,0,1,207,-1,103,0,0,0,0,0,55,0,0,-1,-1,-1,-1,0,0,0,0,0,0,-1,0,55,0,55,103,0,158,158,0,158,5,1,0,0,0,-1,607271242,"6.18"
"C19272",1,2026-06-13,2026-06-12,1,,-1,0,1,1,0,36,1,0,0,25,0,22,1,116,99,0,1,1,0,0,25,0,0,-1,-1,-1,-1,0,0,0,0,0,0,-1,0,0,-1,-1,-1,-1,0,0,0,0,0,0,-1,0,29,0,29,0,0,29,29,0,29,1,1,0,0,0,-1,607271242,"6.18"
"C19275",1,2026-01-04,2026-01-03,1,,-1,9,1,1,0,3,1,0,0,25,0,22,1,101,116,0,1,1,0,0,25,0,22,1,1,101,423,20,0,1,1,0,0,25,0,0,-1,-1,-1,-1,0,0,0,0,0,0,-1,0,6,0,6,14,83,103,20,0,20,5,1,1,0,0,-1,607271242,"6.18"
"C19281",1,2025-11-07,2025-11-06,3,"NXS11619173",196,0,0,1,0,15,1,0,0,18,0,22,1,336,410,0,0,1,0,0,18,0,0,-1,-1,-1,-1,0,0,0,0,0,0,-1,0,0,-1,-1,-1,-1,0,0,0,0,0,0,-1,0,43,0,43,0,0,43,43,226,269,1,1,0,0,0,-1,607271242,"6.18"
"C19296",1,2024-06-25,2024-06-20,5,"RRH13310266",-1,1,1,1,0,15,1,0,0,55,0,12,1,101,410,1,1,1,0,0,55,0,0,-1,-1,-1,-1,0,0,0,0,0,0,-1,0,0,-1,-1,-1,-1,0,0,0,0,0,0,-1,0,575,0,575,0,0,575,575,2505,3080,1,1,0,0,0,-1,607271242,"6.18"
"C19311",2,2026-03-27,2026-03-26,1,,-1,0,0,0,0,5,2,3,0,25,1,21,1,314,-1,0,0,0,0,1,25,1,0,-1,-1,-1,-1,0,0,0,0,0,0,-1,0,0,-1,-1,-1,-1,0,0,0,0,0,0,-1,0,188,0,188,0,0,188,188,3,191,1,1,0,0,0,-1,607271242,"6.18"
"C19341",1,2025-11-02,2025-11-01,4,"NXS13820189",66,6,0,1,0,5,1,0,0,25,0,21,3,336,-1,0,0,1,0,0,25,0,0,-1,-1,-1,-1,0,0,0,0,0,0,-1,0,0,-1,-1,-1,-1,0,0,0,0,0,0,-1,0,250,0,250,0,0,250,250,434,684,1,1,0,0,0,-1,607271242,"6.18"
"C19347",1,2025-09-18,2025-09-17,5,"NXS11318005",-1,1,1,1,0,467,1,0,0,55,0,11,1,101,-1,1,1,1,0,0,55,0,0,-1,-1,-1,-1,0,0,0,0,0,0,-1,0,0,-1,-1,-1,-1,0,0,0,0,0,0,-1,0,374,0,374,0,0,374,374,22,396,1,1,0,0,0,-1,607271242,"6.18"
"C19350",1,2025-12-31,2025-12-30,1,,-1,0,0,0,0,5,1,0,0,25,0,22,1,335,314,0,0,0,0,0,25,0,0,-1,-1,-1,-1,0,0,0,0,0,0,-1,0,0,-1,-1,-1,-1,0,0,0,0,0,0,-1,0,17,0,17,0,0,17,17,780,797,1,1,0,0,0,-1,607271242,"6.18"
"C19353",1,2026-01-18,2026-01-17,1,,-1,1,0,1,2,5,1,0,0,25,0,21,1,116,-1,1,0,1,2,0,25,0,0,-1,-1,-1,-1,0,0,0,0,0,0,-1,0,0,-1,-1,-1,-1,0,0,0,0,0,0,-1,0,256,0,256,0,0,256,256,1643,1899,1,1,0,0,0,-1,607271242,"6.18"
"C19356",2,2025-05-31,2025-04-07,5,,-1,0,0,0,0,3,2,1,0,25,1,2,-1,-1,-1,0,0,0,0,0,-1,0,12,2,1,101,420,4,0,0,0,0,0,25,1,0,-1,-1,-1,-1,0,0,0,0,0,0,-1,0,45,0,45,5,162,212,50,43,93,5,0,1,0,0,-1,607271242,"6.18"
"C19395",1,2025-12-28,2025-12-27,2,"RRH12417828",274,5,1,1,2,2,2,0,0,55,0,21,1,314,-1,0,1,1,2,0,55,0,0,-1,-1,-1,-1,0,0,0,0,0,0,-1,0,0,-1,-1,-1,-1,0,0,0,0,0,0,-1,0,24,103,127,0,0,127,127,0,127,3,1,0,0,0,-1,607271242,"6.18"
"C19407",1,2026-05-24,2026-05-23,1,,-1,9,1,1,2,5,1,0,0,25,0,21,1,116,-1,0,1,1,2,0,25,0,0,-1,-1,-1,-1,0,0,0,0,0,0,-1,0,0,-1,-1,-1,-1,0,0,0,0,0,0,-1,0,8,104,112,0,0,112,112,8,120,3,1,0,0,0,-1,607271242,"6.18"
"C19461",1,2025-11-20,2025-11-19,3,"NXS12717488",344,1,0,1,1,7,1,0,0,25,0,22,1,336,206,1,0,1,1,0,25,0,0,-1,-1,-1,-1,0,0,0,0,0,0,-1,0,21,1,2,116,-1,144,1,0,1,1,0,25,0,25,0,25,7,0,32,32,154,186,9,1,0,1,0,-1,607271242,"6.18"
"C19464",1,2026-05-10,2026-05-09,2,"NXS11319297",369,1,0,1,0,34,1,0,0,25,0,22,1,116,205,1,0,1,0,0,25,0,0,-1,-1,-1,-1,0,0,0,0,0,0,-1,0,21,1,2,116,-1,69,1,0,1,0,0,25,0,24,0,24,0,0,24,24,423,447,9,1,0,1,0,-1,607271242,"6.18"
"C19467",1,2026-05-22,2026-05-21,1,,-1,4,0,0,1,5,1,0,0,25,0,22,1,116,99,0,0,0,1,0,25,0,0,-1,-1,-1,-1,0,0,0,0,0,0,-1,0,0,-1,-1,-1,-1,0,0,0,0,0,0,-1,0,15,0,15,0,0,15,15,5,20,1,1,0,0,0,-1,607271242,"6.18"
"C19482",1,2025-10-25,2025-10-24,1,,-1,0,0,1,2,3,1,0,0,25,0,22,1,314,98,0,0,1,2,0,25,0,0,-1,-1,-1,-1,0,0,0,0,0,0,-1,0,0,-1,-1,-1,-1,0,0,0,0,0,0,-1,0,54,0,54,0,0,54,54,35,89,1,1,0,0,0,-1,607271242,"6.18"
"C19488",1,2026-04-09,2026-04-08,4,"NXS12915936",484,0,0,0,0,13,1,0,0,25,0,21,3,335,-1,0,0,0,0,0,25,0,0,-1,-1,-1,-1,0,0,0,0,0,0,-1,0,0,-1,-1,-1,-1,0,0,0,0,0,0,-1,0,152,0,152,0,0,152,152,0,152,1,1,0,0,0,-1,607271242,"6.18"
"C19491",1,2026-03-01,2026-02-28,3,"NXS11320016",187,0,0,1,1,5,1,0,0,25,0,22,1,336,423,0,0,1,1,0,25,0,0,-1,-1,-1,-1,0,0,0,0,0,0,-1,0,0,-1,-1,-1,-1,0,0,0,0,0,0,-1,0,59,0,59,0,0,59,59,31,90,1,1,0,0,0,-1,607271242,"6.18"
"C19497",1,2026-03-01,2026-02-28,1,,-1,6,1,1,2,14,1,0,0,25,0,21,1,335,-1,0,1,1,2,0,25,0,0,-1,-1,-1,-1,0,0,0,0,0,0,-1,0,0,-1,-1,-1,-1,0,0,0,0,0,0,-1,0,145,0,145,0,0,145,145,156,301,1,1,0,0,0,-1,607271242,"6.18"
"C19557",2,2025-11-06,2025-11-05,1,,-1,0,0,0,2,3,2,1,0,25,0,22,1,99,99,0,0,0,2,0,25,0,21,1,1,116,-1,25,0,0,0,2,0,25,0,0,-1,-1,-1,-1,0,0,0,0,0,0,-1,0,9,0,9,16,304,329,25,125,150,5,1,1,0,0,-1,607271242,"6.18"
"C19563",1,2026-01-05,2026-01-04,2,"NXS10915635",541,0,0,0,0,5,1,0,0,55,0,22,3,314,98,0,0,0,0,0,55,0,0,-1,-1,-1,-1,0,0,0,0,0,0,-1,0,0,-1,-1,-1,-1,0,0,0,0,0,0,-1,0,16,0,16,0,0,16,16,581,597,1,1,0,0,0,-1,607271242,"6.18"
"C19572",2,2026-06-15,2026-06-14,1,,-1,0,0,0,0,3,1,1,0,25,1,22,1,116,410,0,0,0,0,0,25,1,0,-1,-1,-1,-1,0,0,0,0,0,0,-1,0,0,-1,-1,-1,-1,0,0,0,0,0,0,-1,0,41,0,41,0,0,41,41,193,234,1,1,0,0,0,-1,607271242,"6.18"
"C19590",1,2026-03-08,2026-03-07,1,,-1,9,1,1,0,5,2,0,0,25,0,0,-1,-1,-1,0,0,0,0,0,-1,0,21,1,2,101,-1,28,0,1,1,0,0,25,0,0,-1,-1,-1,-1,0,0,0,0,0,0,-1,0,0,0,0,28,179,207,28,24,52,4,0,1,0,0,-1,607271242,"6.18"
"C19617",1,2026-01-26,2026-01-25,1,,-1,1,0,1,0,3,1,0,0,25,0,22,1,101,313,1,0,1,0,0,25,0,0,-1,-1,-1,-1,0,0,0,0,0,0,-1,0,0,-1,-1,-1,-1,0,0,0,0,0,0,-1,0,60,0,60,0,0,60,60,77,137,1,1,0,0,0,-1,607271242,"6.18"
"C19620",1,2026-04-25,2026-04-24,4,"NBN10515756",660,1,0,1,0,5,1,0,0,25,0,0,-1,-1,-1,0,0,0,0,0,-1,0,21,0,1,116,-1,159,1,0,1,0,0,25,0,0,-1,-1,-1,-1,0,0,0,0,0,0,-1,0,0,0,0,159,0,159,159,751,910,4,0,0,0,0,-1,607271242,"6.18"
"C19635",1,2025-09-21,2025-09-20,5,,-1,0,0,0,2,3,1,0,0,25,0,12,1,116,101,0,0,0,2,0,25,0,0,-1,-1,-1,-1,0,0,0,0,0,0,-1,0,0,-1,-1,-1,-1,0,0,0,0,0,0,-1,0,86,0,86,0,0,86,86,83,169,1,1,0,0,0,-1,607271242,"6.18"
"C19644",1,2025-04-27,2025-04-26,1,,-1,0,0,1,1,5,1,0,0,55,0,0,-1,-1,-1,0,0,0,0,0,-1,0,0,-1,-1,-1,-1,0,0,0,0,0,0,-1,0,0,-1,-1,-1,-1,0,0,0,0,0,0,-1,0,0,0,0,0,0,0,0,49,49,12,0,0,0,12,2,607271242,"6.18"
"C19650",2,2025-10-12,2025-10-11,4,"RRH12110420",724,0,0,1,1,36,1,1,0,25,1,22,1,101,423,0,0,1,1,0,25,1,0,-1,-1,-1,-1,0,0,0,0,0,0,-1,0,0,-1,-1,-1,-1,0,0,0,0,0,0,-1,0,81,0,81,0,0,81,81,5,86,1,1,0,0,0,-1,607271242,"6.18"
"C19653",2,2026-05-16,2026-05-15,1,,-1,1,0,1,0,3,1,3,0,25,1,22,1,116,431,1,0,1,0,1,25,1,0,-1,-1,-1,-1,0,0,0,0,0,0,-1,0,0,-1,-1,-1,-1,0,0,0,0,0,0,-1,0,41,0,41,0,0,41,41,558,599,1,1,0,0,0,-1,607271242,"6.18"
"C19674",1,2025-08-23,2025-08-22,5,"RRH14010339",-1,1,1,1,0,5,1,0,0,25,0,12,1,101,419,1,1,1,0,0,25,0,21,0,1,101,-1,226,1,1,1,0,0,25,0,21,0,1,101,-1,0,1,1,1,0,0,25,0,197,0,197,207,0,404,404,142,546,10,1,0,0,0,-1,607271242,"6.18"
"C19677",1,2025-08-30,2025-08-29,5,"NXS14716906",-1,1,1,1,0,45,1,0,0,55,0,12,1,116,423,1,1,1,0,0,55,0,0,-1,-1,-1,-1,0,0,0,0,0,0,-1,0,0,-1,-1,-1,-1,0,0,0,0,0,0,-1,0,84,0,84,0,0,84,84,48,132,1,1,0,0,0,-1,607271242,"6.18"
"C19686",2,2026-05-01,2026-04-30,1,,-1,4,0,0,0,3,1,2,0,25,1,21,1,336,-1,0,0,0,0,0,25,1,21,0,1,336,-1,75,0,0,0,0,0,25,1,0,-1,-1,-1,-1,0,0,0,0,0,0,-1,0,43,0,43,61,0,104,104,1260,1364,5,1,0,0,0,-1,607271242,"6.18"
"C19692",1,2025-09-13,2025-09-12,5,"NXS10616501",-1,0,0,1,0,46,1,0,0,18,0,12,1,336,312,0,0,1,0,0,18,0,0,-1,-1,-1,-1,0,0,0,0,0,0,-1,0,0,-1,-1,-1,-1,0,0,0,0,0,0,-1,0,34,0,34,0,0,34,34,62,96,1,1,0,0,0,-1,607271242,"6.18"
"C19704",1,2025-12-18,2025-12-17,1,,-1,0,0,1,2,5,1,0,0,55,0,22,1,206,314,0,0,1,2,0,55,0,0,-1,-1,-1,-1,0,0,0,0,0,0,-1,0,0,-1,-1,-1,-1,0,0,0,0,0,0,-1,0,30,0,30,0,0,30,30,0,30,1,1,0,0,0,-1,607271242,"6.18"
"C19710",1,2023-11-05,2023-06-22,5,,-1,0,1,1,0,5,1,0,0,55,0,0,-1,-1,-1,0,0,0,0,0,-1,0,2,-1,-1,-1,-1,0,0,0,0,0,0,-1,0,11,2,1,116,-1,1061,0,1,1,0,0,55,0,0,0,0,135,0,135,135,79,214,-1,0,0,1,0,-1,607271242,"6.18"
"C19716",1,2023-05-29,2023-05-28,5,,-1,4,0,0,0,5,1,0,0,55,0,11,3,410,-1,0,0,0,0,0,55,0,0,-1,-1,-1,-1,0,0,0,0,0,0,-1,0,0,-1,-1,-1,-1,0,0,0,0,0,0,-1,0,1221,0,1221,0,0,1221,1221,0,1221,1,1,0,0,0,-1,607271242,"6.18"
"C19722",1,2025-10-04,2025-10-03,4,"NXS11415852",439,1,0,1,0,3,1,0,0,55,0,0,-1,-1,-1,0,0,0,0,0,-1,0,22,1,2,116,420,58,1,0,1,0,0,55,0,0,-1,-1,-1,-1,0,0,0,0,0,0,-1,0,0,0,0,58,44,102,58,10,68,4,0,1,0,0,-1,607271242,"6.18"
"C19743",2,2025-12-26,2025-12-25,1,,-1,0,0,0,0,3,1,3,0,25,1,22,1,410,99,0,0,0,0,1,25,1,0,-1,-1,-1,-1,0,0,0,0,0,0,-1,0,0,-1,-1,-1,-1,0,0,0,0,0,0,-1,0,30,0,30,0,0,30,30,0,30,1,1,0,0,0,-1,607271242,"6.18"
"C19776",1,2025-10-16,2025-10-15,1,,-1,0,0,1,0,5,1,0,0,55,0,22,1,336,423,0,0,1,0,0,55,0,0,-1,-1,-1,-1,0,0,0,0,0,0,-1,0,0,-1,-1,-1,-1,0,0,0,0,0,0,-1,0,21,0,21,0,0,21,21,0,21,1,1,0,0,0,-1,607271242,"6.18"
"C19785",1,2025-10-13,2025-10-12,3,"NXS11319935",116,0,0,0,0,5,1,0,0,55,0,22,1,116,314,0,0,0,0,0,55,0,0,-1,-1,-1,-1,0,0,0,0,0,0,-1,0,0,-1,-1,-1,-1,0,0,0,0,0,0,-1,0,34,0,34,0,0,34,34,133,167,1,1,0,0,0,-1,607271242,"6.18"
"C19788",1,2023-06-08,2023-06-07,5,,-1,0,1,1,0,5,1,0,0,55,0,0,-1,-1,-1,0,0,0,0,0,-1,0,0,-1,-1,-1,-1,0,0,0,0,0,0,-1,0,11,0,1,101,-1,0,0,1,1,0,0,55,0,0,0,0,1211,0,1211,1211,34,1245,8,0,0,0,0,-1,607271242,"6.18"
"C19791",1,2025-10-25,2025-10-24,1,,-1,9,1,1,0,127,1,0,0,55,0,22,1,101,313,0,1,1,0,0,55,0,22,1,2,101,419,199,0,1,1,0,0,55,0,0,-1,-1,-1,-1,0,0,0,0,0,0,-1,0,0,115,115,96,66,277,211,52,263,6,1,1,0,0,-1,607271242,"6.18"
"C19794",2,2025-09-08,2025-09-07,5,,-1,0,0,0,2,5,1,1,0,25,1,0,-1,-1,-1,0,0,0,0,0,-1,0,12,2,3,116,410,6,0,0,0,2,0,25,1,0,-1,-1,-1,-1,0,0,0,0,0,0,-1,0,0,0,0,6,168,174,6,22,28,4,0,1,0,0,-1,607271242,"6.18"
"C19815",1,2026-05-18,2026-05-17,1,,-1,0,0,1,0,5,2,0,0,25,0,0,-1,-1,-1,0,0,0,0,0,-1,0,21,1,1,116,-1,26,0,0,1,0,0,25,0,0,-1,-1,-1,-1,0,0,0,0,0,0,-1,0,0,0,0,26,110,136,26,81,107,4,0,1,0,0,-1,607271242,"6.18"
"C19839",2,2026-04-10,2026-04-09,2,"NXS11315291",644,0,0,0,2,136,1,2,0,25,1,22,1,116,312,0,0,0,2,0,25,1,0,-1,-1,-1,-1,0,0,0,0,0,0,-1,0,0,-1,-1,-1,-1,0,0,0,0,0,0,-1,0,99,0,99,0,0,99,99,6,105,1,1,0,0,0,-1,607271242,"6.18"
"C19860",1,2025-01-18,2025-01-17,5,,-1,1,1,1,0,5,1,0,0,55,0,0,-1,-1,-1,0,0,0,0,0,-1,0,12,1,2,116,419,290,1,1,1,0,0,55,0,21,0,1,116,-1,0,1,1,1,0,0,55,0,0,0,0,460,14,474,460,2234,2694,11,0,1,0,0,-1,607271242,"6.18"
"C19863",1,2025-10-03,2025-10-02,1,,-1,1,0,1,1,5,1,0,0,25,0,22,1,116,99,1,0,1,1,0,25,0,21,0,1,116,-1,199,1,0,1,1,0,25,0,0,-1,-1,-1,-1,0,0,0,0,0,0,-1,0,14,0,14,199,0,213,213,467,680,5,1,0,0,0,-1,607271242,"6.18"
"C19866",1,2025-10-06,2025-10-05,2,"NXS11321124",20,1,0,1,0,3,1,0,0,25,0,22,1,336,423,1,0,1,0,0,25,0,0,-1,-1,-1,-1,0,0,0,0,0,0,-1,0,0,-1,-1,-1,-1,0,0,0,0,0,0,-1,0,26,0,26,0,0,26,26,0,26,1,1,0,0,0,-1,607271242,"6.18"
"C19872",1,2026-06-08,2026-06-07,1,,-1,0,0,1,0,145,1,0,0,55,0,22,1,336,434,0,0,1,0,0,55,0,0,-1,-1,-1,-1,0,0,0,0,0,0,-1,0,0,-1,-1,-1,-1,0,0,0,0,0,0,-1,0,13,0,13,0,0,13,13,18,31,1,1,0,0,0,-1,607271242,"6.18"
"C19875",1,2025-09-18,2025-06-01,5,"NBN10519899",-1,9,0,1,0,3,1,0,0,25,0,2,-1,-1,-1,0,0,0,0,0,-1,0,11,2,1,116,-1,7,0,0,1,0,0,25,0,0,-1,-1,-1,-1,0,0,0,0,0,0,-1,0,41,0,41,61,371,473,102,13,115,5,0,1,0,0,-1,607271242,"6.18"
"C19881",1,2026-01-12,2026-01-11,2,"RSO15219717",204,0,0,1,0,5,1,0,0,25,0,0,-1,-1,-1,0,0,0,0,0,-1,0,0,-1,-1,-1,-1,0,0,0,0,0,0,-1,0,0,-1,-1,-1,-1,0,0,0,0,0,0,-1,0,0,0,0,0,0,0,0,45,45,12,0,0,0,22,1,607271242,"6.18"
"C19899",1,2026-01-17,2026-01-16,3,"NXS11320238",185,0,0,0,2,3,1,0,0,25,0,22,1,101,423,0,0,0,2,0,25,0,0,-1,-1,-1,-1,0,0,0,0,0,0,-1,0,0,-1,-1,-1,-1,0,0,0,0,0,0,-1,0,19,0,19,0,0,19,19,3,22,1,1,0,0,0,-1,607271242,"6.18"
"C19914",1,2026-08-02,2026-08-01,1,,-1,0,0,1,0,156,1,0,0,25,0,21,1,99,-1,0,0,1,0,0,25,0,0,-1,-1,-1,-1,0,0,0,0,0,0,-1,0,0,-1,-1,-1,-1,0,0,0,0,0,0,-1,0,1,0,1,0,0,1,1,22,23,1,1,0,0,0,-1,607271242,"6.18"
"C19923",1,2026-02-08,2026-02-07,4,"NXS11020011",222,1,0,1,2,5,1,0,0,25,0,22,1,207,98,1,0,1,2,0,25,0,0,-1,-1,-1,-1,0,0,0,0,0,0,-1,0,0,-1,-1,-1,-1,0,0,0,0,0,0,-1,0,32,0,32,0,0,32,32,243,275,1,1,0,0,0,-1,607271242,"6.18"
"C19932",1,2025-12-21,2025-12-20,3,"NXS12718265",317,0,0,0,0,3,1,0,0,25,0,22,1,335,313,0,0,0,0,0,25,0,0,-1,-1,-1,-1,0,0,0,0,0,0,-1,0,0,-1,-1,-1,-1,0,0,0,0,0,0,-1,0,28,0,28,0,0,28,28,398,426,1,1,0,0,0,-1,607271242,"6.18"
"C19941",1,2026-06-25,2026-06-24,1,,-1,0,1,1,0,5,1,0,0,55,0,22,3,116,313,0,1,1,0,0,55,0,0,-1,-1,-1,-1,0,0,0,0,0,0,-1,0,0,-1,-1,-1,-1,0,0,0,0,0,0,-1,0,28,0,28,0,0,28,28,2,30,1,1,0,0,0,-1,607271242,"6.18"
"C19947",1,2026-02-27,2026-02-26,3,"NBN10515115",690,1,0,1,1,5,1,0,0,25,0,22,1,101,313,1,0,1,1,0,25,0,0,-1,-1,-1,-1,0,0,0,0,0,0,-1,0,0,-1,-1,-1,-1,0,0,0,0,0,0,-1,0,16,0,16,0,0,16,16,908,924,1,1,0,0,0,-1,607271242,"6.18"
"C19950",1,2026-02-17,2026-02-16,1,,-1,0,0,1,0,56,1,0,0,25,0,0,-1,-1,-1,0,0,0,0,0,-1,0,21,1,1,302,-1,59,0,0,1,0,0,25,0,0,-1,-1,-1,-1,0,0,0,0,0,0,-1,0,0,0,0,59,167,226,59,0,59,4,0,1,0,0,-1,607271242,"6.18"
"C19965",1,2025-10-07,2025-10-06,1,,-1,0,0,1,2,5,2,0,0,25,0,22,3,336,98,0,0,1,2,0,25,0,0,-1,-1,-1,-1,0,0,0,0,0,0,-1,0,0,-1,-1,-1,-1,0,0,0,0,0,0,-1,0,20,0,20,0,0,20,20,149,169,1,1,0,0,22,1,607271242,"6.18"
"C19983",1,2026-02-27,2026-02-26,1,,-1,4,0,0,2,237,1,0,0,25,0,22,1,116,101,0,0,0,2,0,25,0,0,-1,-1,-1,-1,0,0,0,0,0,0,-1,0,0,-1,-1,-1,-1,0,0,0,0,0,0,-1,0,27,0,27,0,0,27,27,694,721,1,1,0,0,0,-1,607271242,"6.18"
"C19989",1,2026-05-10,2026-05-09,1,,-1,0,0,1,0,5,1,0,0,25,0,21,1,336,-1,0,0,1,0,0,25,0,0,-1,-1,-1,-1,0,0,0,0,0,0,-1,0,0,-1,-1,-1,-1,0,0,0,0,0,0,-1,0,0,144,144,0,0,144,144,0,144,2,1,0,0,0,-1,607271242,"6.18"
"C20001",1,2025-10-20,2025-10-19,1,,-1,0,0,1,2,98,1,0,0,55,0,22,3,410,410,0,0,1,2,0,55,0,0,-1,-1,-1,-1,0,0,0,0,0,0,-1,0,0,-1,-1,-1,-1,0,0,0,0,0,0,-1,0,199,0,199,0,0,199,199,0,199,1,1,0,0,0,-1,607271242,"6.18"
"C20004",1,2026-05-17,2026-05-16,1,,-1,4,0,0,0,5,1,0,0,55,0,0,-1,-1,-1,0,0,0,0,0,-1,0,21,0,1,116,-1,137,0,0,0,0,0,55,0,0,-1,-1,-1,-1,0,0,0,0,0,0,-1,0,0,0,0,137,0,137,137,1110,1247,4,0,0,0,0,-1,607271242,"6.18"
"C20007",1,2025-11-13,2025-11-12,1,,-1,1,0,1,0,247,1,0,0,25,0,21,1,116,-1,1,0,1,0,0,25,0,0,-1,-1,-1,-1,0,0,0,0,0,0,-1,0,0,-1,-1,-1,-1,0,0,0,0,0,0,-1,0,127,0,127,0,0,127,127,257,384,1,1,0,0,0,-1,607271242,"6.18"
"C20019",1,2023-10-09,2023-10-08,5,"RRH14110490",-1,9,0,1,1,5,2,0,0,25,0,0,-1,-1,-1,0,0,0,0,0,-1,0,12,2,1,116,410,35,0,0,1,1,0,25,0,0,-1,-1,-1,-1,0,0,0,0,0,0,-1,0,0,0,0,35,733,768,35,190,225,4,0,1,0,0,-1,607271242,"6.18"
"C20022",1,2025-07-25,2025-07-24,5,,-1,0,1,1,0,5,1,0,0,55,0,0,-1,-1,-1,0,0,0,0,0,-1,0,12,2,3,116,410,31,0,1,1,0,0,55,0,0,-1,-1,-1,-1,0,0,0,0,0,0,-1,0,0,0,0,31,71,102,31,24,55,4,0,1,0,0,-1,607271242,"6.18"
"C20025",2,2025-05-24,2025-05-23,5,"NXS10710588",-1,2,0,1,0,256,1,1,0,25,1,12,1,335,302,0,0,1,0,0,25,1,0,-1,-1,-1,-1,0,0,0,0,0,0,-1,0,0,-1,-1,-1,-1,0,0,0,0,0,0,-1,0,312,0,312,0,0,312,312,0,312,1,1,0,0,0,-1,607271242,"6.18"
"C20028",1,2026-02-21,2026-02-20,1,,-1,1,0,1,0,5,1,0,0,25,0,22,1,116,99,1,0,1,0,0,25,0,0,-1,-1,-1,-1,0,0,0,0,0,0,-1,0,21,1,2,116,-1,163,1,0,1,0,0,25,0,6,0,6,1,0,7,7,893,900,9,1,0,1,0,-1,607271242,"6.18"
"C20037",1,2026-03-06,2026-03-05,1,,-1,0,0,1,2,3,1,0,0,55,0,22,1,336,313,0,0,1,2,0,55,0,0,-1,-1,-1,-1,0,0,0,0,0,0,-1,0,0,-1,-1,-1,-1,0,0,0,0,0,0,-1,0,112,0,112,0,0,112,112,0,112,1,1,0,0,0,-1,607271242,"6.18"
"C20040",1,2026-05-09,2026-05-08,3,"NXS11320277",298,0,0,1,0,267,1,0,0,25,0,22,1,116,99,0,0,1,0,0,25,0,0,-1,-1,-1,-1,0,0,0,0,0,0,-1,0,0,-1,-1,-1,-1,0,0,0,0,0,0,-1,0,15,0,15,0,0,15,15,5,20,1,1,0,0,0,-1,607271242,"6.18"
"C20070",1,2026-03-17,2026-03-16,1,,-1,0,0,0,0,5,1,0,0,55,0,22,3,205,410,0,0,0,0,0,55,0,0,-1,-1,-1,-1,0,0,0,0,0,0,-1,0,0,-1,-1,-1,-1,0,0,0,0,0,0,-1,0,61,0,61,0,0,61,61,1024,1085,1,1,0,0,0,-1,607271242,"6.18"
"C20115",1,2025-08-16,2025-08-15,5,"NXS11314696",-1,1,0,1,0,3,1,0,0,25,0,11,1,205,-1,1,0,1,0,0,25,0,0,-1,-1,-1,-1,0,0,0,0,0,0,-1,0,0,-1,-1,-1,-1,0,0,0,0,0,0,-1,0,255,0,255,0,0,255,255,2,257,1,1,0,0,0,-1,607271242,"6.18"
"C20118",1,2025-02-03,2025-01-05,5,"NXS10615644",-1,1,0,1,1,5,1,0,0,25,0,21,1,204,-1,1,0,1,1,0,25,0,12,2,1,101,410,11,1,0,1,1,0,25,0,0,-1,-1,-1,-1,0,0,0,0,0,0,-1,0,136,0,136,0,243,379,136,220,356,5,1,1,0,0,-1,607271242,"6.18"
"C20121",1,2025-10-02,2025-10-01,1,,-1,0,0,1,0,5,1,0,0,55,0,22,3,116,98,0,0,1,0,0,55,0,0,-1,-1,-1,-1,0,0,0,0,0,0,-1,0,0,-1,-1,-1,-1,0,0,0,0,0,0,-1,0,19,0,19,0,0,19,19,0,19,1,1,0,0,0,-1,607271242,"6.18"
"C20151",1,2024-12-10,2024-10-10,5,"NXS12714361",-1,1,0,1,2,5,2,0,0,25,0,2,-1,-1,-1,0,0,0,0,0,-1,0,12,2,1,116,433,7,1,0,1,2,0,25,0,21,1,2,116,-1,347,1,0,1,2,0,25,0,67,0,67,1,304,372,68,375,443,10,0,1,1,0,-1,607271242,"6.18"
"C20178",1,2025-11-13,2025-11-12,3,"NXS14717725",321,4,0,0,0,5,1,0,0,25,0,22,1,314,207,0,0,0,0,0,25,0,0,-1,-1,-1,-1,0,0,0,0,0,0,-1,0,0,-1,-1,-1,-1,0,0,0,0,0,0,-1,0,20,0,20,0,0,20,20,0,20,1,1,0,0,0,-1,607271242,"6.18"
"C20181",1,2025-06-30,2025-06-29,5,,-1,0,0,1,0,5,1,0,0,55,0,0,-1,-1,-1,0,0,0,0,0,-1,0,12,2,1,101,410,35,0,0,1,0,0,55,0,0,-1,-1,-1,-1,0,0,0,0,0,0,-1,0,0,0,0,35,194,229,35,58,93,4,0,1,0,0,-1,607271242,"6.18"
"C20187",1,2024-03-12,2024-01-25,5,,-1,0,1,1,0,3,1,0,0,55,0,0,-1,-1,-1,0,0,0,0,0,-1,0,2,-1,-1,-1,-1,0,0,0,0,0,0,-1,0,11,2,1,116,-1,905,0,1,1,0,0,55,0,0,0,0,74,0,74,74,229,303,-1,0,0,1,0,-1,607271242,"6.18"
"C20196",1,2025-08-28,2025-08-27,5,"NXS10618903",-1,0,0,1,0,3,1,0,0,25,0,12,1,116,410,0,0,1,0,0,25,0,0,-1,-1,-1,-1,0,0,0,0,0,0,-1,0,0,-1,-1,-1,-1,0,0,0,0,0,0,-1,0,89,0,89,0,0,89,89,3,92,1,1,0,0,0,-1,607271242,"6.18"
"C20199",1,2025-10-20,2025-10-19,3,"NXS10620212",102,0,0,1,0,5,1,0,0,25,0,22,1,206,98,0,0,1,0,0,25,0,0,-1,-1,-1,-1,0,0,0,0,0,0,-1,0,0,-1,-1,-1,-1,0,0,0,0,0,0,-1,0,43,0,43,0,0,43,43,119,162,1,1,0,0,0,-1,607271242,"6.18"
"C20211",1,2026-05-29,2026-05-28,1,,-1,0,0,1,2,5,1,0,0,25,0,22,1,204,116,0,0,1,2,0,25,0,0,-1,-1,-1,-1,0,0,0,0,0,0,-1,0,0,-1,-1,-1,-1,0,0,0,0,0,0,-1,0,19,0,19,0,0,19,19,1087,1106,1,1,0,0,0,-1,607271242,"6.18"
"C20214",1,2025-10-23,2025-10-22,4,"NBN10521373",52,1,0,1,0,5,1,0,0,25,0,22,1,204,204,1,0,1,0,0,25,0,22,0,1,205,101,90,1,0,1,0,0,25,0,0,-1,-1,-1,-1,0,0,0,0,0,0,-1,0,20,60,80,52,0,132,132,414,546,7,1,0,0,0,-1,607271242,"6.18"
"C20217",2,2025-09-18,2025-09-17,5,,-1,0,0,0,1,5,1,3,0,25,1,0,-1,-1,-1,0,0,0,0,0,-1,0,11,1,1,336,-1,16,0,0,0,1,1,25,1,0,-1,-1,-1,-1,0,0,0,0,0,0,-1,0,0,0,0,16,362,378,16,0,16,4,0,1,0,0,-1,607271242,"6.18"
"C20223",1,2026-05-26,2026-05-25,1,,-1,0,0,0,0,5,1,0,0,18,0,0,-1,-1,-1,0,0,0,0,0,-1,0,21,1,3,116,-1,3,0,0,0,0,0,18,0,0,-1,-1,-1,-1,0,0,0,0,0,0,-1,0,0,0,0,3,125,128,3,18,21,4,0,1,0,0,-1,607271242,"6.18"
"C20226",1,2026-05-26,2026-05-25,1,,-1,0,0,0,0,5,1,0,0,18,0,0,-1,-1,-1,0,0,0,0,0,-1,0,21,1,3,116,-1,3,0,0,0,0,0,18,0,0,-1,-1,-1,-1,0,0,0,0,0,0,-1,0,0,0,0,3,125,128,3,18,21,4,0,1,0,0,-1,607271242,"6.18"
"C20244",1,2026-05-23,2026-05-22,1,,-1,1,0,1,0,3,1,0,0,55,0,22,1,336,313,1,0,1,0,0,55,0,21,1,2,116,-1,16,1,0,1,0,0,55,0,0,-1,-1,-1,-1,0,0,0,0,0,0,-1,0,13,0,13,16,86,115,29,493,522,5,1,1,0,0,-1,607271242,"6.18"
"C20253",1,2026-03-13,2026-03-12,1,,-1,0,0,1,1,5,1,0,0,25,0,22,1,335,99,0,0,1,1,0,25,0,0,-1,-1,-1,-1,0,0,0,0,0,0,-1,0,0,-1,-1,-1,-1,0,0,0,0,0,0,-1,0,38,0,38,0,0,38,38,15,53,1,1,0,0,0,-1,607271242,"6.18"
"C20265",1,2025-03-03,2025-03-02,5,,-1,0,1,1,0,5,1,0,0,55,0,0,-1,-1,-1,0,0,0,0,0,-1,0,0,-1,-1,-1,-1,0,0,0,0,0,0,-1,0,11,2,1,431,-1,570,0,1,1,0,0,55,0,0,0,0,7,0,7,7,0,7,-1,0,0,1,0,-1,607271242,"6.18"
"C20286",1,2026-01-11,2026-01-10,1,,-1,0,0,1,0,5,1,0,0,25,0,22,1,116,423,0,0,1,0,0,25,0,0,-1,-1,-1,-1,0,0,0,0,0,0,-1,0,0,-1,-1,-1,-1,0,0,0,0,0,0,-1,0,13,0,13,0,0,13,13,61,74,1,1,0,0,0,-1,607271242,"6.18"
"C20292",1,2025-09-05,2025-09-04,5,,-1,0,0,1,0,3,1,0,0,25,0,12,1,207,422,0,0,1,0,0,25,0,0,-1,-1,-1,-1,0,0,0,0,0,0,-1,0,0,-1,-1,-1,-1,0,0,0,0,0,0,-1,0,26,0,26,0,0,26,26,0,26,1,0,0,0,0,-1,607271242,"6.18"
"C20301",1,2026-05-23,2026-05-22,1,,-1,0,1,0,0,26,1,0,0,25,0,22,3,335,312,0,1,0,0,0,25,0,0,-1,-1,-1,-1,0,0,0,0,0,0,-1,0,0,-1,-1,-1,-1,0,0,0,0,0,0,-1,0,23,0,23,0,0,23,23,15,38,1,1,0,0,0,-1,607271242,"6.18"
"C20340",1,2025-12-18,2025-12-17,3,"NXS11312838",725,0,0,0,0,3,1,0,0,25,0,22,1,101,423,0,0,0,0,0,25,0,0,-1,-1,-1,-1,0,0,0,0,0,0,-1,0,0,-1,-1,-1,-1,0,0,0,0,0,0,-1,0,27,0,27,0,0,27,27,0,27,1,1,0,0,0,-1,607271242,"6.18"
"C20382",1,2026-05-26,2026-05-25,1,,-1,0,0,1,0,34,1,0,0,25,0,22,1,99,99,0,0,1,0,0,25,0,0,-1,-1,-1,-1,0,0,0,0,0,0,-1,0,0,-1,-1,-1,-1,0,0,0,0,0,0,-1,0,27,0,27,0,0,27,27,88,115,1,1,0,0,0,-1,607271242,"6.18"
"C20391",1,2025-12-22,2025-12-21,1,,-1,1,0,1,0,5,1,0,0,25,0,22,3,116,314,1,0,1,0,0,25,0,0,-1,-1,-1,-1,0,0,0,0,0,0,-1,0,0,-1,-1,-1,-1,0,0,0,0,0,0,-1,0,75,0,75,0,0,75,75,994,1069,1,1,0,0,0,-1,607271242,"6.18"
"C20394",1,2026-04-04,2026-04-03,1,,-1,1,0,1,0,5,1,0,0,55,0,0,-1,-1,-1,0,0,0,0,0,-1,0,21,1,1,116,-1,36,1,0,1,0,0,55,0,0,-1,-1,-1,-1,0,0,0,0,0,0,-1,0,0,0,0,36,144,180,36,1308,1344,4,0,1,0,0,-1,607271242,"6.18"
"C20412",1,2025-12-14,2025-12-13,1,,-1,9,1,1,0,5,1,0,0,55,0,22,3,314,314,0,1,1,0,0,55,0,0,-1,-1,-1,-1,0,0,0,0,0,0,-1,0,0,-1,-1,-1,-1,0,0,0,0,0,0,-1,0,38,0,38,0,0,38,38,0,38,1,1,0,0,0,-1,607271242,"6.18"
"C20415",2,2026-01-25,2026-01-24,1,,-1,0,0,1,0,3,2,1,0,25,1,22,1,314,99,0,0,1,0,0,25,1,0,-1,-1,-1,-1,0,0,0,0,0,0,-1,0,0,-1,-1,-1,-1,0,0,0,0,0,0,-1,0,20,0,20,0,0,20,20,30,50,1,1,0,0,0,-1,607271242,"6.18"
"C20430",1,2025-11-03,2025-11-02,1,,-1,6,0,1,2,45,1,0,0,55,0,22,1,206,99,0,0,1,2,0,55,0,21,1,1,101,-1,29,0,0,1,2,0,55,0,0,-1,-1,-1,-1,0,0,0,0,0,0,-1,0,26,0,26,24,205,255,50,291,341,5,1,1,0,0,-1,607271242,"6.18"
"C20433",1,2025-09-14,2025-09-13,5,"NXS11020117",-1,1,0,1,2,5,1,0,0,25,0,12,1,335,431,1,0,1,2,0,25,0,0,-1,-1,-1,-1,0,0,0,0,0,0,-1,0,0,-1,-1,-1,-1,0,0,0,0,0,0,-1,0,93,0,93,0,0,93,93,0,93,1,1,0,0,0,-1,607271242,"6.18"
"C20439",1,2025-08-29,2025-08-28,5,,-1,2,0,1,2,3,1,0,0,25,0,12,1,116,99,0,0,1,2,0,25,0,0,-1,-1,-1,-1,0,0,0,0,0,0,-1,0,0,-1,-1,-1,-1,0,0,0,0,0,0,-1,0,54,0,54,0,0,54,54,163,217,1,1,0,0,0,-1,607271242,"6.18"
"C20439",2,2025-06-29,2025-06-28,5,"NXS10310553",-1,2,0,1,2,3,2,2,0,25,1,0,-1,-1,-1,0,0,0,0,0,-1,0,12,0,1,116,99,214,0,0,1,2,0,25,1,0,-1,-1,-1,-1,0,0,0,0,0,0,-1,0,0,0,0,213,0,213,213,80,293,4,0,0,0,0,-1,607271242,"6.18"
"C20457",1,2025-09-25,2025-09-24,5,,-1,1,0,1,0,3,1,0,0,25,0,12,1,116,99,1,0,1,0,0,25,0,0,-1,-1,-1,-1,0,0,0,0,0,0,-1,0,0,-1,-1,-1,-1,0,0,0,0,0,0,-1,0,55,0,55,0,0,55,55,916,971,1,1,0,0,0,-1,607271242,"6.18"
"C20472",1,2026-03-21,2026-03-20,4,"RRH12315680",552,1,1,1,0,5,1,0,0,55,0,22,3,116,99,1,1,1,0,0,55,0,0,-1,-1,-1,-1,0,0,0,0,0,0,-1,0,0,-1,-1,-1,-1,0,0,0,0,0,0,-1,0,13,0,13,0,0,13,13,753,766,1,1,0,0,0,-1,607271242,"6.18"
"C20475",1,2025-09-04,2025-09-03,5,"NBN10521106",-1,4,0,0,0,56,1,0,0,25,0,12,1,336,99,0,0,0,0,0,25,0,0,-1,-1,-1,-1,0,0,0,0,0,0,-1,0,0,-1,-1,-1,-1,0,0,0,0,0,0,-1,0,8,0,8,0,0,8,8,63,71,1,0,0,0,0,-1,607271242,"6.18"
"C20484",1,2025-06-13,2025-06-12,5,,-1,0,0,1,0,5,1,0,0,25,0,0,-1,-1,-1,0,0,0,0,0,-1,0,12,2,1,116,410,44,0,0,1,0,0,25,0,0,-1,-1,-1,-1,0,0,0,0,0,0,-1,0,0,0,0,44,135,179,44,67,111,4,0,1,0,0,-1,607271242,"6.18"
"C20487",1,2025-10-02,2025-10-01,4,"NXS11117842",235,1,0,1,0,5,1,0,0,25,0,22,1,116,101,1,0,1,0,0,25,0,0,-1,-1,-1,-1,0,0,0,0,0,0,-1,0,0,-1,-1,-1,-1,0,0,0,0,0,0,-1,0,43,0,43,0,0,43,43,137,180,1,1,0,0,0,-1,607271242,"6.18"
"C20496",1,2025-11-13,2025-11-12,1,,-1,0,0,0,0,3,1,0,0,25,0,22,1,116,99,0,0,0,0,0,25,0,0,-1,-1,-1,-1,0,0,0,0,0,0,-1,0,0,-1,-1,-1,-1,0,0,0,0,0,0,-1,0,35,0,35,0,0,35,35,5,40,1,1,0,0,0,-1,607271242,"6.18"
"C20499",1,2025-07-06,2025-07-05,5,"RRH13215166",-1,9,0,1,0,1,1,0,0,25,0,0,-1,-1,-1,0,0,0,0,0,-1,0,11,2,1,116,-1,5,0,0,1,0,0,25,0,0,-1,-1,-1,-1,0,0,0,0,0,0,-1,0,0,0,0,5,447,452,5,23,28,4,0,1,0,0,-1,607271242,"6.18"
"C20529",1,2026-05-31,2026-05-30,2,"RRH15617355",471,1,0,1,2,124,1,0,0,25,0,22,1,116,99,1,0,1,2,0,25,0,0,-1,-1,-1,-1,0,0,0,0,0,0,-1,0,0,-1,-1,-1,-1,0,0,0,0,0,0,-1,0,18,0,18,0,0,18,18,301,319,1,1,0,0,0,-1,607271242,"6.18"
"C20532",1,2026-05-17,2026-05-16,1,,-1,0,0,1,0,125,1,0,0,25,0,0,-1,-1,-1,0,0,0,0,0,-1,0,22,1,1,116,422,25,0,0,1,0,0,25,0,0,-1,-1,-1,-1,0,0,0,0,0,0,-1,0,0,0,0,25,13,38,25,189,214,4,0,1,0,0,-1,607271242,"6.18"
"C20565",1,2025-09-13,2025-09-12,3,"NXS10920467",44,9,0,1,0,5,1,0,0,25,0,22,1,420,302,0,0,1,0,0,25,0,0,-1,-1,-1,-1,0,0,0,0,0,0,-1,0,0,-1,-1,-1,-1,0,0,0,0,0,0,-1,0,0,34,34,0,0,34,34,0,34,2,1,0,0,12,2,607271242,"6.18"
"C20670",1,2025-11-13,2025-11-12,2,"NXS10616751",390,1,0,1,0,234,1,0,0,55,0,22,1,116,423,1,0,1,0,0,55,0,0,-1,-1,-1,-1,0,0,0,0,0,0,-1,0,0,-1,-1,-1,-1,0,0,0,0,0,0,-1,0,56,0,56,0,0,56,56,365,421,1,1,0,0,0,-1,607271242,"6.18"
"C20712",1,2025-12-04,2025-12-03,2,"NXS11321328",79,1,0,1,0,5,2,0,0,25,0,22,1,101,101,1,0,1,0,0,25,0,0,-1,-1,-1,-1,0,0,0,0,0,0,-1,0,0,-1,-1,-1,-1,0,0,0,0,0,0,-1,0,37,0,37,0,0,37,37,215,252,1,1,0,0,0,-1,607271242,"6.18"
"C20730",1,2025-11-07,2025-11-06,4,"NXS14712518",695,1,0,1,0,3,1,0,0,25,0,22,1,116,423,1,0,1,0,0,25,0,0,-1,-1,-1,-1,0,0,0,0,0,0,-1,0,0,-1,-1,-1,-1,0,0,0,0,0,0,-1,0,55,0,55,0,0,55,55,0,55,1,1,0,0,0,-1,607271242,"6.18"
"C20733",1,2026-06-13,2026-06-12,2,"RRH12419984",280,0,1,0,0,246,1,0,0,55,0,21,1,410,-1,0,1,0,0,0,55,0,0,-1,-1,-1,-1,0,0,0,0,0,0,-1,0,0,-1,-1,-1,-1,0,0,0,0,0,0,-1,0,110,0,110,0,0,110,110,2,112,1,1,0,0,0,-1,607271242,"6.18"
"C20736",1,2025-02-25,2025-01-29,5,"NBN10518567",-1,2,0,1,0,5,1,0,0,55,0,2,-1,-1,-1,0,0,0,0,0,-1,0,12,2,1,101,410,3,0,0,1,0,0,55,0,0,-1,-1,-1,-1,0,0,0,0,0,0,-1,0,10,0,10,3,259,272,13,18,31,5,0,1,0,0,-1,607271242,"6.18"
"C20745",1,2025-02-07,2025-02-06,5,,-1,1,0,1,0,16,1,0,0,25,0,2,-1,-1,-1,0,0,0,0,0,-1,0,12,2,1,101,410,79,1,0,1,0,0,25,0,0,-1,-1,-1,-1,0,0,0,0,0,0,-1,0,34,0,34,45,202,281,79,36,115,5,0,1,0,0,-1,607271242,"6.18"
"C20748",1,2025-10-04,2025-10-03,3,"RRH14318819",114,9,0,1,0,247,1,0,0,25,0,22,1,336,99,0,0,1,0,0,25,0,0,-1,-1,-1,-1,0,0,0,0,0,0,-1,0,0,-1,-1,-1,-1,0,0,0,0,0,0,-1,0,64,0,64,0,0,64,64,6,70,1,1,0,0,0,-1,607271242,"6.18"
"C20751",1,2025-02-03,2025-01-03,5,"NBN10518057",-1,1,0,1,2,5,2,0,0,25,0,22,1,410,99,1,0,1,2,0,25,0,11,1,1,101,-1,63,1,0,1,2,0,25,0,0,-1,-1,-1,-1,0,0,0,0,0,0,-1,0,76,0,76,26,417,519,102,102,204,5,1,1,0,0,-1,607271242,"6.18"
"C20760",1,2026-05-03,2026-05-02,1,,-1,1,0,1,0,5,1,0,0,55,0,0,-1,-1,-1,0,0,0,0,0,-1,0,21,1,1,101,-1,2,1,0,1,0,0,55,0,0,-1,-1,-1,-1,0,0,0,0,0,0,-1,0,0,0,0,2,149,151,2,1018,1020,4,0,1,0,0,-1,607271242,"6.18"
"C20775",1,2025-11-28,2025-11-27,2,"NXS11321055",59,1,0,1,2,5,1,0,0,25,0,22,1,116,116,1,0,1,2,0,25,0,22,0,1,116,116,28,1,0,1,2,0,25,0,0,-1,-1,-1,-1,0,0,0,0,0,0,-1,0,78,0,78,27,0,105,105,283,388,5,1,0,0,0,-1,607271242,"6.18"
"C20781",1,2024-11-29,2024-09-05,5,"TRN14616523",-1,0,1,0,0,345,1,0,0,55,0,2,-1,-1,-1,0,0,0,0,0,-1,0,2,-1,-1,-1,-1,0,0,0,0,0,0,-1,0,11,2,1,101,-1,671,0,1,0,0,0,55,0,6,76,82,2,0,84,84,155,239,-1,0,0,1,0,-1,607271242,"6.18"
"C20784",1,2025-09-26,2025-09-25,5,"NXS10914349",-1,1,0,1,2,346,1,0,0,25,0,12,3,116,116,1,0,1,2,0,25,0,0,-1,-1,-1,-1,0,0,0,0,0,0,-1,0,0,-1,-1,-1,-1,0,0,0,0,0,0,-1,0,141,0,141,0,0,141,141,687,828,1,1,0,0,21,0,607271242,"6.18"
"C20808",1,2023-07-27,2023-07-26,5,,-1,4,0,0,0,5,1,0,0,25,0,12,3,116,434,0,0,0,0,0,25,0,0,-1,-1,-1,-1,0,0,0,0,0,0,-1,0,0,-1,-1,-1,-1,0,0,0,0,0,0,-1,0,1057,0,1057,0,0,1057,1057,0,1057,1,1,0,0,0,-1,607271242,"6.18"
"C20814",1,2026-03-10,2026-03-09,1,,-1,0,0,1,0,5,1,0,0,25,0,22,1,205,99,0,0,1,0,0,25,0,0,-1,-1,-1,-1,0,0,0,0,0,0,-1,0,0,-1,-1,-1,-1,0,0,0,0,0,0,-1,0,18,0,18,0,0,18,18,22,40,1,1,0,0,0,-1,607271242,"6.18"
"C20835",1,2025-09-24,2025-09-23,5,"RRH12310830",-1,9,1,1,0,3,1,0,0,25,0,12,1,314,410,0,1,1,0,0,25,0,0,-1,-1,-1,-1,0,0,0,0,0,0,-1,0,0,-1,-1,-1,-1,0,0,0,0,0,0,-1,0,41,0,41,0,0,41,41,245,286,1,1,0,0,0,-1,607271242,"6.18"
"C20838",1,2025-10-18,2025-10-17,2,"NXS11310858",711,0,0,1,0,5,1,0,0,25,0,22,1,336,423,0,0,1,0,0,25,0,0,-1,-1,-1,-1,0,0,0,0,0,0,-1,0,0,-1,-1,-1,-1,0,0,0,0,0,0,-1,0,69,0,69,0,0,69,69,3,72,1,1,0,0,0,-1,607271242,"6.18"
"C20874",1,2025-09-17,2025-09-16,5,,-1,0,0,0,0,56,1,0,0,25,0,12,3,336,207,0,0,0,0,0,25,0,0,-1,-1,-1,-1,0,0,0,0,0,0,-1,0,0,-1,-1,-1,-1,0,0,0,0,0,0,-1,0,20,0,20,0,0,20,20,0,20,1,1,0,0,0,-1,607271242,"6.18"
"C20877",1,2026-06-02,2026-06-01,1,,-1,0,1,1,0,5,1,0,0,55,0,0,-1,-1,-1,0,0,0,0,0,-1,0,21,0,2,116,-1,121,0,1,1,0,0,55,0,0,-1,-1,-1,-1,0,0,0,0,0,0,-1,0,0,0,0,121,0,121,121,120,241,4,0,0,0,0,-1,607271242,"6.18"
"C20880",1,2025-08-23,2025-08-22,5,"NXS11310668",-1,4,0,0,2,3,1,0,0,55,0,12,1,335,410,0,0,0,2,0,55,0,0,-1,-1,-1,-1,0,0,0,0,0,0,-1,0,0,-1,-1,-1,-1,0,0,0,0,0,0,-1,0,40,0,40,0,0,40,40,3,43,1,1,0,0,0,-1,607271242,"6.18"
"C20910",1,2025-10-04,2025-10-03,4,"RRH14116536",262,1,0,1,0,5,1,0,0,25,0,0,-1,-1,-1,0,0,0,0,0,-1,0,22,0,1,101,99,125,1,0,1,0,0,25,0,0,-1,-1,-1,-1,0,0,0,0,0,0,-1,0,0,0,0,124,0,124,124,16,140,4,0,0,0,0,-1,607271242,"6.18"
"C20916",1,2025-11-23,2025-11-22,1,,-1,0,0,0,0,3,1,0,0,25,0,22,1,116,423,0,0,0,0,0,25,0,0,-1,-1,-1,-1,0,0,0,0,0,0,-1,0,0,-1,-1,-1,-1,0,0,0,0,0,0,-1,0,99,0,99,0,0,99,99,2,101,1,1,0,0,0,-1,607271242,"6.18"
"C20922",1,2025-03-29,2025-03-28,5,"NXS10618411",-1,1,0,1,2,5,1,0,0,25,0,12,1,207,420,1,0,1,2,0,25,0,12,2,1,101,410,21,1,0,1,2,0,25,0,0,-1,-1,-1,-1,0,0,0,0,0,0,-1,0,0,0,0,21,210,231,21,3067,3088,12,1,1,0,0,-1,607271242,"6.18"
"C20925",1,2025-12-12,2025-12-11,1,,-1,9,0,1,2,15,1,0,0,55,0,22,1,207,101,0,0,1,2,0,55,0,22,1,1,101,433,5,0,0,1,2,0,55,0,0,-1,-1,-1,-1,0,0,0,0,0,0,-1,0,24,0,24,5,170,199,29,203,232,5,1,1,0,0,-1,607271242,"6.18"
"C20928",1,2026-05-01,2026-04-30,3,"NXS10618064",458,1,0,1,1,5,1,0,0,25,0,22,1,336,423,1,0,1,1,0,25,0,0,-1,-1,-1,-1,0,0,0,0,0,0,-1,0,0,-1,-1,-1,-1,0,0,0,0,0,0,-1,0,19,0,19,0,0,19,19,0,19,1,1,0,0,0,-1,607271242,"6.18"
"C20949",2,2025-06-15,2025-06-14,5,"NXS10719466",-1,0,0,0,2,15,1,1,0,24,1,12,1,335,410,0,0,0,2,0,24,1,0,-1,-1,-1,-1,0,0,0,0,0,0,-1,0,0,-1,-1,-1,-1,0,0,0,0,0,0,-1,0,124,0,124,0,0,124,124,1320,1444,1,1,0,0,0,-1,607271242,"6.18"
"C20979",1,2025-05-01,2025-04-30,5,"RRH12110750",-1,0,0,0,0,3,1,0,0,25,0,2,-1,-1,-1,0,0,0,0,0,-1,0,12,2,1,101,422,61,0,0,0,0,0,25,0,0,-1,-1,-1,-1,0,0,0,0,0,0,-1,0,41,0,41,20,106,167,61,53,114,5,0,1,0,0,-1,607271242,"6.18"
"C21000",2,2025-04-12,2025-04-11,5,,-1,1,0,1,2,16,1,1,0,25,1,0,-1,-1,-1,0,0,0,0,0,-1,0,12,2,1,116,101,33,1,0,1,2,0,25,1,0,-1,-1,-1,-1,0,0,0,0,0,0,-1,0,0,0,0,33,269,302,33,961,994,4,0,1,0,0,-1,607271242,"6.18"
"C21006",1,2025-11-22,2025-11-21,2,"NXS11316991",267,1,0,1,0,5,1,0,0,25,0,22,1,116,313,1,0,1,0,0,25,0,0,-1,-1,-1,-1,0,0,0,0,0,0,-1,0,0,-1,-1,-1,-1,0,0,0,0,0,0,-1,0,76,0,76,0,0,76,76,991,1067,1,1,0,0,0,-1,607271242,"6.18"
"C21009",1,2025-10-01,2025-09-30,2,"RRH14018286",203,0,0,1,0,3,1,0,0,25,0,22,1,101,116,0,0,1,0,0,25,0,22,1,1,101,410,5,0,0,1,0,0,25,0,0,-1,-1,-1,-1,0,0,0,0,0,0,-1,0,9,0,9,5,219,233,14,22,36,5,1,1,0,0,-1,607271242,"6.18"
"C21024",1,2025-10-25,2025-10-24,3,"NXS10820795",64,1,0,1,0,5,1,0,0,25,0,22,3,302,302,1,0,1,0,0,25,0,0,-1,-1,-1,-1,0,0,0,0,0,0,-1,0,0,-1,-1,-1,-1,0,0,0,0,0,0,-1,0,71,0,71,0,0,71,71,90,161,1,1,0,0,0,-1,607271242,"6.18"
"C21030",1,2025-07-03,2025-07-02,5,"NXS11119283",-1,1,0,1,2,5,2,0,0,25,0,0,-1,-1,-1,0,0,0,0,0,-1,0,12,2,1,116,410,1,1,0,1,2,0,25,0,0,-1,-1,-1,-1,0,0,0,0,0,0,-1,0,0,0,0,1,209,210,1,181,182,4,0,1,0,0,-1,607271242,"6.18"
"C21072",1,2025-12-21,2025-12-20,3,"RRH13314252",641,6,1,1,0,56,1,0,0,55,0,22,1,204,420,0,1,1,0,0,55,0,0,-1,-1,-1,-1,0,0,0,0,0,0,-1,0,0,-1,-1,-1,-1,0,0,0,0,0,0,-1,0,178,0,178,0,0,178,178,792,970,1,1,0,0,0,-1,607271242,"6.18"
"C21090",2,2025-03-25,2025-03-24,5,"RRH15716024",-1,4,0,0,1,3,1,1,0,25,1,0,-1,-1,-1,0,0,0,0,0,-1,0,12,0,1,116,116,204,0,0,0,1,0,25,1,0,-1,-1,-1,-1,0,0,0,0,0,0,-1,0,0,0,0,203,0,203,203,318,521,4,0,0,0,0,-1,607271242,"6.18"
"C21108",1,2026-05-23,2026-05-22,1,,-1,1,0,1,2,37,1,0,0,55,0,22,3,410,410,1,0,1,2,0,55,0,0,-1,-1,-1,-1,0,0,0,0,0,0,-1,0,0,-1,-1,-1,-1,0,0,0,0,0,0,-1,0,13,0,13,0,0,13,13,0,13,1,1,0,0,0,-1,607271242,"6.18"
"C21117",1,2026-01-06,2026-01-05,1,,-1,9,0,1,2,15,1,0,0,24,0,22,1,99,99,0,0,1,2,0,24,0,21,1,1,101,-1,41,0,0,1,2,0,24,0,0,-1,-1,-1,-1,0,0,0,0,0,0,-1,0,9,0,9,41,167,217,50,115,165,5,1,1,0,0,-1,607271242,"6.18"
"C21162",1,2025-04-14,2025-03-26,5,"NXS11315169",-1,0,0,0,0,56,1,0,0,25,0,2,-1,-1,-1,0,0,0,0,0,-1,0,12,2,1,101,410,10,0,0,0,0,0,25,0,0,-1,-1,-1,-1,0,0,0,0,0,0,-1,0,28,0,28,0,217,245,28,384,412,5,0,1,0,0,-1,607271242,"6.18"
"C21231",1,2026-01-05,2026-01-04,1,,-1,0,0,1,0,5,1,0,0,55,0,22,1,101,99,0,0,1,0,0,55,0,0,-1,-1,-1,-1,0,0,0,0,0,0,-1,0,0,-1,-1,-1,-1,0,0,0,0,0,0,-1,0,71,0,71,0,0,71,71,36,107,1,1,0,0,0,-1,607271242,"6.18"
"C21255",1,2025-11-28,2025-11-27,4,"NXS13514836",617,1,0,1,0,125,1,0,0,25,0,22,3,101,99,1,0,1,0,0,25,0,0,-1,-1,-1,-1,0,0,0,0,0,0,-1,0,0,-1,-1,-1,-1,0,0,0,0,0,0,-1,0,22,0,22,0,0,22,22,3289,3311,1,1,0,0,0,-1,607271242,"6.18"
"C21264",1,2024-12-28,2024-12-27,5,,-1,1,0,1,0,3,1,0,0,55,0,0,-1,-1,-1,0,0,0,0,0,-1,0,12,2,1,116,422,26,1,0,1,0,0,55,0,0,-1,-1,-1,-1,0,0,0,0,0,0,-1,0,0,0,0,26,350,376,26,452,478,4,0,1,0,0,-1,607271242,"6.18"
"C21270",1,2019-12-15,2019-12-14,5,,-1,0,1,0,0,1,1,0,0,55,0,0,-1,-1,-1,0,0,0,0,0,-1,0,0,-1,-1,-1,-1,0,0,0,0,0,0,-1,0,11,2,1,410,-1,2446,0,1,0,0,0,55,0,0,0,0,36,0,36,36,0,36,-1,0,0,1,0,-1,607271242,"6.18"
"C21273",1,2025-05-16,2025-05-15,5,,-1,1,1,1,0,5,1,0,0,55,0,12,1,116,99,1,1,1,0,0,55,0,12,2,2,116,420,100,1,1,1,0,0,55,0,0,-1,-1,-1,-1,0,0,0,0,0,0,-1,0,0,0,0,100,323,423,100,744,844,12,1,1,0,0,-1,607271242,"6.18"
"C21327",1,2026-04-05,2026-04-04,1,,-1,0,1,1,2,5,1,0,0,55,0,22,1,329,329,0,1,1,2,0,55,0,0,-1,-1,-1,-1,0,0,0,0,0,0,-1,0,0,-1,-1,-1,-1,0,0,0,0,0,0,-1,0,0,59,59,0,0,59,59,0,59,2,1,0,0,0,-1,607271242,"6.18"
"C21351",1,2025-10-23,2025-10-22,1,,-1,4,0,0,2,3,1,0,0,25,0,22,1,116,99,0,0,0,2,0,25,0,22,0,1,101,99,76,0,0,0,2,0,25,0,0,-1,-1,-1,-1,0,0,0,0,0,0,-1,0,63,0,63,44,0,107,107,329,436,5,1,0,0,0,-1,607271242,"6.18"
"C21402",1,2025-11-29,2025-11-28,3,"NXS13518700",247,1,0,1,0,56,1,0,0,25,0,22,3,116,225,1,0,1,0,0,25,0,0,-1,-1,-1,-1,0,0,0,0,0,0,-1,0,0,-1,-1,-1,-1,0,0,0,0,0,0,-1,0,15,0,15,0,0,15,15,278,293,1,1,0,0,0,-1,607271242,"6.18"
"C21423",1,2025-06-21,2025-06-20,5,"TRN10411003",-1,1,0,1,2,5,1,0,0,25,0,11,1,101,-1,1,0,1,2,0,25,0,21,0,1,101,-1,178,1,0,1,2,0,25,0,0,-1,-1,-1,-1,0,0,0,0,0,0,-1,0,467,0,467,0,0,467,467,3,470,5,1,0,0,0,-1,607271242,"6.18"
"C21432",1,2026-01-08,2026-01-07,1,,-1,1,0,1,0,237,1,0,0,55,0,22,1,116,99,1,0,1,0,0,55,0,0,-1,-1,-1,-1,0,0,0,0,0,0,-1,0,0,-1,-1,-1,-1,0,0,0,0,0,0,-1,0,43,0,43,0,0,43,43,1598,1641,1,1,0,0,0,-1,607271242,"6.18"
"C21438",1,2025-11-27,2025-11-26,1,,-1,0,1,1,0,2,1,0,0,55,0,22,1,204,329,0,1,1,0,0,55,0,0,-1,-1,-1,-1,0,0,0,0,0,0,-1,0,0,-1,-1,-1,-1,0,0,0,0,0,0,-1,0,19,0,19,0,0,19,19,4,23,1,1,0,0,0,-1,607271242,"6.18"
"C21441",1,2025-06-12,2025-06-06,5,"NBN10519956",-1,9,0,1,0,5,1,0,0,25,0,2,-1,-1,-1,0,0,0,0,0,-1,0,12,2,2,101,410,11,0,0,1,0,0,25,0,0,-1,-1,-1,-1,0,0,0,0,0,0,-1,0,1,0,1,11,114,126,12,12,24,5,0,1,0,0,-1,607271242,"6.18"
"C21456",1,2025-07-11,2025-07-10,5,"NXS12911056",-1,9,0,1,0,5,1,0,0,25,0,12,3,205,99,0,0,1,0,0,25,0,0,-1,-1,-1,-1,0,0,0,0,0,0,-1,0,0,-1,-1,-1,-1,0,0,0,0,0,0,-1,0,102,0,102,0,0,102,102,0,102,1,1,0,0,0,-1,607271242,"6.18"
"C21567",1,2024-12-30,2024-12-02,5,"NBN10511084",-1,0,0,1,0,3,1,0,0,25,0,2,-1,-1,-1,0,0,0,0,0,-1,0,12,2,1,101,420,14,0,0,1,0,0,25,0,0,-1,-1,-1,-1,0,0,0,0,0,0,-1,0,31,0,31,4,297,332,35,71,106,5,0,1,0,0,-1,607271242,"6.18"
"C21570",1,2025-09-04,2025-07-31,5,"RRH13216190",-1,1,0,1,0,3,1,0,0,25,0,22,1,116,99,1,0,1,0,0,25,0,12,0,1,116,302,149,1,0,1,0,0,25,0,21,1,2,116,-1,159,1,0,1,0,0,25,0,54,0,54,144,0,198,198,858,1056,10,1,0,1,0,-1,607271242,"6.18"
"C21576",2,2025-04-21,2025-04-20,1,,-1,0,0,0,0,5,1,3,0,25,1,0,-1,-1,-1,0,0,0,0,0,-1,0,0,-1,-1,-1,-1,0,0,0,0,0,0,-1,0,0,-1,-1,-1,-1,0,0,0,0,0,0,-1,0,0,0,0,0,0,0,0,0,0,12,0,0,0,12,2,607271242,"6.18"
"C21579",1,2025-08-19,2025-08-18,5,,-1,0,0,1,2,357,1,0,0,25,0,12,1,116,314,0,0,1,2,0,25,0,0,-1,-1,-1,-1,0,0,0,0,0,0,-1,0,0,-1,-1,-1,-1,0,0,0,0,0,0,-1,0,62,0,62,0,0,62,62,50,112,1,1,0,0,0,-1,607271242,"6.18"
"C21600",1,2026-07-25,2026-07-24,1,,-1,0,0,1,0,5,1,0,0,25,0,0,-1,-1,-1,0,0,0,0,0,-1,0,21,0,3,116,-1,68,0,0,1,0,0,25,0,0,-1,-1,-1,-1,0,0,0,0,0,0,-1,0,0,0,0,68,0,68,68,143,211,4,0,0,0,0,-1,607271242,"6.18"
"C21603",1,2025-11-13,2025-11-12,1,,-1,0,0,1,0,5,1,0,0,55,0,21,1,336,-1,0,0,1,0,0,55,0,0,-1,-1,-1,-1,0,0,0,0,0,0,-1,0,0,-1,-1,-1,-1,0,0,0,0,0,0,-1,0,127,0,127,0,0,127,127,26,153,1,1,0,0,0,-1,607271242,"6.18"
"C21606",2,2026-05-16,2026-05-15,1,,-1,0,0,0,0,56,1,2,0,24,1,22,3,335,312,0,0,0,0,0,24,1,0,-1,-1,-1,-1,0,0,0,0,0,0,-1,0,0,-1,-1,-1,-1,0,0,0,0,0,0,-1,0,13,0,13,0,0,13,13,9,22,1,1,0,0,0,-1,607271242,"6.18"
"C21612",1,2025-11-30,2025-11-29,4,"NXS10620643",116,0,0,1,2,3,1,0,0,25,0,22,1,336,98,0,0,1,2,0,25,0,0,-1,-1,-1,-1,0,0,0,0,0,0,-1,0,0,-1,-1,-1,-1,0,0,0,0,0,0,-1,0,43,0,43,0,0,43,43,15,58,1,1,0,0,0,-1,607271242,"6.18"
"C21651",1,2025-07-30,2025-07-29,5,"NXS11319465",-1,1,0,1,2,1,1,0,0,55,0,12,1,116,410,1,0,1,2,0,55,0,0,-1,-1,-1,-1,0,0,0,0,0,0,-1,0,0,-1,-1,-1,-1,0,0,0,0,0,0,-1,0,115,0,115,0,0,115,115,90,205,1,1,0,0,0,-1,607271242,"6.18"
"C21681",1,2025-09-07,2025-09-06,5,,-1,0,0,0,0,2,1,0,0,25,0,12,3,207,410,0,0,0,0,0,25,0,0,-1,-1,-1,-1,0,0,0,0,0,0,-1,0,0,-1,-1,-1,-1,0,0,0,0,0,0,-1,0,53,0,53,0,0,53,53,0,53,1,1,0,0,0,-1,607271242,"6.18"
"C21684",1,2025-09-03,2025-09-02,5,"NBN10520994",-1,1,0,1,0,5,1,0,0,25,0,22,1,336,313,1,0,1,0,0,25,0,11,0,1,101,-1,393,1,0,1,0,0,25,0,0,-1,-1,-1,-1,0,0,0,0,0,0,-1,0,27,0,27,366,0,393,393,56,449,5,1,0,0,0,-1,607271242,"6.18"
"C21705",1,2025-12-11,2025-12-10,1,,-1,4,0,0,2,5,1,0,0,55,0,22,1,101,423,0,0,0,2,0,55,0,0,-1,-1,-1,-1,0,0,0,0,0,0,-1,0,0,-1,-1,-1,-1,0,0,0,0,0,0,-1,0,76,0,76,0,0,76,76,3,79,1,1,0,0,0,-1,607271242,"6.18"
"C21741",1,2023-11-24,2023-09-09,5,"NXS11311176",-1,9,1,1,0,3,1,0,0,55,0,2,-1,-1,-1,0,0,0,0,0,-1,0,0,-1,-1,-1,-1,0,0,0,0,0,0,-1,0,11,2,1,101,-1,891,0,1,1,0,0,55,0,108,0,108,118,0,226,226,2868,3094,-1,0,0,1,0,-1,607271242,"6.18"
"C21789",1,2026-01-26,2026-01-25,1,,-1,1,0,1,0,5,1,0,0,55,0,0,-1,-1,-1,0,0,0,0,0,-1,0,0,-1,-1,-1,-1,0,0,0,0,0,0,-1,0,0,-1,-1,-1,-1,0,0,0,0,0,0,-1,0,0,0,0,0,0,0,0,2640,2640,12,0,0,0,22,1,607271242,"6.18"
"C21795",1,2026-03-16,2026-03-15,1,,-1,1,0,1,2,5,1,0,0,55,0,22,1,101,99,1,0,1,2,0,55,0,21,1,1,101,-1,33,1,0,1,2,0,55,0,0,-1,-1,-1,-1,0,0,0,0,0,0,-1,0,22,0,22,25,121,168,47,37,84,5,1,1,0,0,-1,607271242,"6.18"
"C21852",1,2026-04-05,2026-04-04,1,,-1,0,0,1,2,26,1,0,0,25,0,22,1,205,99,0,0,1,2,0,25,0,0,-1,-1,-1,-1,0,0,0,0,0,0,-1,0,0,-1,-1,-1,-1,0,0,0,0,0,0,-1,0,62,0,62,0,0,62,62,0,62,1,1,0,0,0,-1,607271242,"6.18"
"C21879",1,2025-10-24,2025-10-23,1,,-1,1,0,1,0,5,1,0,0,25,0,22,1,116,422,1,0,1,0,0,25,0,0,-1,-1,-1,-1,0,0,0,0,0,0,-1,0,0,-1,-1,-1,-1,0,0,0,0,0,0,-1,0,26,0,26,0,0,26,26,5590,5616,1,1,0,0,0,-1,607271242,"6.18"
"C21885",1,2024-11-17,2024-11-16,5,"NXS12712059",-1,1,0,1,0,36,1,0,0,55,0,12,1,116,313,1,0,1,0,0,55,0,0,-1,-1,-1,-1,0,0,0,0,0,0,-1,0,0,-1,-1,-1,-1,0,0,0,0,0,0,-1,0,398,0,398,0,0,398,398,533,931,1,1,0,0,0,-1,607271242,"6.18"
"C21888",1,2026-05-01,2026-04-30,2,"RRH12318051",378,5,1,1,0,5,1,0,0,25,0,22,1,99,99,0,1,1,0,0,25,0,0,-1,-1,-1,-1,0,0,0,0,0,0,-1,0,0,-1,-1,-1,-1,0,0,0,0,0,0,-1,0,9,0,9,0,0,9,9,114,123,1,1,0,0,0,-1,607271242,"6.18"
"C21891",1,2025-09-17,2025-06-28,5,"NXS10920680",-1,1,0,1,0,5,1,0,0,25,0,12,3,410,431,1,0,1,0,0,25,0,0,-1,-1,-1,-1,0,0,0,0,0,0,-1,0,0,-1,-1,-1,-1,0,0,0,0,0,0,-1,0,158,0,158,0,0,158,158,8,166,1,1,0,0,0,-1,607271242,"6.18"
"C21897",1,2025-03-23,2025-03-22,5,"NXS11612772",-1,5,0,1,2,5,2,0,0,25,0,12,1,116,314,0,0,1,2,0,25,0,12,0,3,336,422,329,0,0,1,2,0,25,0,0,-1,-1,-1,-1,0,0,0,0,0,0,-1,0,96,0,96,232,0,328,328,0,328,5,1,0,0,0,-1,607271242,"6.18"
"C21909",1,2026-03-17,2026-03-16,1,,-1,0,1,1,0,45,1,0,0,25,0,22,1,99,99,0,1,1,0,0,25,0,0,-1,-1,-1,-1,0,0,0,0,0,0,-1,0,0,-1,-1,-1,-1,0,0,0,0,0,0,-1,0,1,0,1,0,0,1,1,1067,1068,1,1,0,0,0,-1,607271242,"6.18"
"C21915",2,2026-04-19,2026-04-18,1,,-1,4,0,0,2,5,1,1,0,25,1,22,1,335,99,0,0,0,2,0,25,1,0,-1,-1,-1,-1,0,0,0,0,0,0,-1,0,0,-1,-1,-1,-1,0,0,0,0,0,0,-1,0,28,0,28,0,0,28,28,0,28,1,1,0,0,0,-1,607271242,"6.18"
"C21954",1,2026-03-15,2026-03-14,1,,-1,0,0,1,2,57,1,0,0,25,0,22,3,116,116,0,0,1,2,0,25,0,0,-1,-1,-1,-1,0,0,0,0,0,0,-1,0,0,-1,-1,-1,-1,0,0,0,0,0,0,-1,0,14,0,14,0,0,14,14,6,20,1,1,0,0,0,-1,607271242,"6.18"
"C21957",1,2026-07-11,2026-07-10,4,"NXS13819960",386,0,0,1,0,5,1,0,0,25,0,21,3,335,-1,0,0,1,0,0,25,0,0,-1,-1,-1,-1,0,0,0,0,0,0,-1,0,0,-1,-1,-1,-1,0,0,0,0,0,0,-1,0,82,0,82,0,0,82,82,2442,2524,1,1,0,0,0,-1,607271242,"6.18"
"C21960",1,2025-11-20,2025-11-19,2,"TRN10411297",627,0,0,1,0,5,1,0,0,25,0,22,1,205,410,0,0,1,0,0,25,0,0,-1,-1,-1,-1,0,0,0,0,0,0,-1,0,0,-1,-1,-1,-1,0,0,0,0,0,0,-1,0,0,76,76,0,0,76,76,0,76,2,1,0,0,0,-1,607271242,"6.18"
"C22014",1,2026-04-19,2026-04-18,4,"NXS10618343",407,4,0,0,0,3,1,0,0,25,0,22,1,116,332,0,0,0,0,0,25,0,0,-1,-1,-1,-1,0,0,0,0,0,0,-1,0,0,-1,-1,-1,-1,0,0,0,0,0,0,-1,0,16,0,16,0,0,16,16,167,183,1,1,0,0,0,-1,607271242,"6.18"
"C22083",1,2026-01-23,2026-01-22,1,,-1,4,0,0,0,3,1,0,0,25,0,22,1,116,423,0,0,0,0,0,25,0,0,-1,-1,-1,-1,0,0,0,0,0,0,-1,0,0,-1,-1,-1,-1,0,0,0,0,0,0,-1,0,13,0,13,0,0,13,13,812,825,1,1,0,0,0,-1,607271242,"6.18"
"C22098",1,2025-09-18,2025-09-17,5,,-1,1,0,1,2,5,1,0,0,25,0,12,1,116,422,1,0,1,2,0,25,0,0,-1,-1,-1,-1,0,0,0,0,0,0,-1,0,0,-1,-1,-1,-1,0,0,0,0,0,0,-1,0,21,0,21,0,0,21,21,368,389,1,1,0,0,0,-1,607271242,"6.18"
"C22116",1,2025-12-22,2025-12-21,1,,-1,0,0,1,0,5,1,0,0,55,0,22,1,314,314,0,0,1,0,0,55,0,0,-1,-1,-1,-1,0,0,0,0,0,0,-1,0,0,-1,-1,-1,-1,0,0,0,0,0,0,-1,0,55,0,55,0,0,55,55,0,55,1,1,0,0,0,-1,607271242,"6.18"
"C22122",2,2026-02-15,2026-02-14,2,"RRH13218363",218,4,0,0,2,3,1,3,0,18,1,21,1,336,-1,0,0,0,2,1,18,1,0,-1,-1,-1,-1,0,0,0,0,0,0,-1,0,0,-1,-1,-1,-1,0,0,0,0,0,0,-1,0,63,0,63,0,0,63,63,494,557,1,1,0,0,0,-1,607271242,"6.18"
"C22131",1,2026-04-06,2026-04-05,1,,-1,9,1,1,0,5,1,0,0,25,0,21,3,336,-1,0,1,1,0,0,25,0,21,0,3,101,-1,82,0,1,1,0,0,25,0,0,-1,-1,-1,-1,0,0,0,0,0,0,-1,0,70,30,100,15,0,115,115,17,132,7,1,0,0,0,-1,607271242,"6.18"
"C22152",1,2025-06-07,2025-01-12,5,"NBN10518551",-1,1,0,1,0,3,1,0,0,25,0,2,-1,-1,-1,0,0,0,0,0,-1,0,12,2,1,206,410,0,1,0,1,0,0,25,0,0,-1,-1,-1,-1,0,0,0,0,0,0,-1,0,17,0,17,128,139,284,145,70,215,5,0,1,0,0,-1,607271242,"6.18"
"C22155",2,2024-03-16,2024-03-15,5,,-1,0,0,1,0,5,1,1,0,25,1,0,-1,-1,-1,0,0,0,0,0,-1,0,12,2,1,207,410,7,0,0,1,0,0,25,1,0,-1,-1,-1,-1,0,0,0,0,0,0,-1,0,0,0,0,7,742,749,7,177,184,4,0,1,0,0,-1,607271242,"6.18"
"C22203",1,2026-01-03,2026-01-02,1,,-1,4,0,0,0,5,1,0,0,25,0,22,3,116,98,0,0,0,0,0,25,0,0,-1,-1,-1,-1,0,0,0,0,0,0,-1,0,0,-1,-1,-1,-1,0,0,0,0,0,0,-1,0,165,0,165,0,0,165,165,366,531,1,1,0,0,0,-1,607271242,"6.18"
"C22275",1,2023-11-30,2023-10-04,5,,-1,0,1,0,0,5,1,0,0,55,0,2,-1,-1,-1,0,0,0,0,0,-1,0,0,-1,-1,-1,-1,0,0,0,0,0,0,-1,0,11,2,1,101,-1,884,0,1,0,0,0,55,0,208,0,208,0,0,208,208,18,226,-1,0,0,1,0,-1,607271242,"6.18"
"C22308",1,2025-09-21,2025-09-20,5,,-1,0,0,1,2,3,1,0,0,25,0,12,1,335,423,0,0,1,2,0,25,0,0,-1,-1,-1,-1,0,0,0,0,0,0,-1,0,0,-1,-1,-1,-1,0,0,0,0,0,0,-1,0,17,0,17,0,0,17,17,0,17,1,1,0,0,0,-1,607271242,"6.18"
"C22344",1,2025-11-29,2025-11-28,2,"NXS10613687",687,0,0,1,2,357,1,0,0,25,0,22,1,207,99,0,0,1,2,0,25,0,0,-1,-1,-1,-1,0,0,0,0,0,0,-1,0,0,-1,-1,-1,-1,0,0,0,0,0,0,-1,0,38,0,38,0,0,38,38,124,162,1,1,0,0,0,-1,607271242,"6.18"
"C22362",1,2025-11-16,2025-11-15,2,"RRH14014676",322,0,0,1,2,3,1,0,0,25,0,22,1,206,422,0,0,1,2,0,25,0,0,-1,-1,-1,-1,0,0,0,0,0,0,-1,0,0,-1,-1,-1,-1,0,0,0,0,0,0,-1,0,18,0,18,0,0,18,18,0,18,1,1,0,0,0,-1,607271242,"6.18"
"C22374",1,2025-10-28,2025-10-27,2,"NXS10912935",689,0,0,0,2,5,1,0,0,25,0,22,1,101,101,0,0,0,2,0,25,0,0,-1,-1,-1,-1,0,0,0,0,0,0,-1,0,0,-1,-1,-1,-1,0,0,0,0,0,0,-1,0,17,0,17,0,0,17,17,0,17,1,1,0,0,0,-1,607271242,"6.18"
"C22383",1,2025-12-21,2025-12-20,3,"NXS11320747",122,1,0,1,0,457,1,0,0,25,0,22,1,336,423,1,0,1,0,0,25,0,0,-1,-1,-1,-1,0,0,0,0,0,0,-1,0,0,-1,-1,-1,-1,0,0,0,0,0,0,-1,0,31,0,31,0,0,31,31,6,37,1,1,0,0,0,-1,607271242,"6.18"
"C22386",1,2026-06-27,2026-06-26,1,,-1,0,0,0,0,5,1,0,0,25,0,21,3,116,-1,0,0,0,0,0,25,0,0,-1,-1,-1,-1,0,0,0,0,0,0,-1,0,0,-1,-1,-1,-1,0,0,0,0,0,0,-1,0,96,0,96,0,0,96,96,0,96,1,1,0,0,0,-1,607271242,"6.18"
"C22461",1,2026-03-24,2026-03-23,1,,-1,9,0,1,2,5,1,0,0,18,0,22,3,335,410,0,0,1,2,0,18,0,0,-1,-1,-1,-1,0,0,0,0,0,0,-1,0,0,-1,-1,-1,-1,0,0,0,0,0,0,-1,0,59,0,59,0,0,59,59,1,60,1,1,0,0,22,1,607271242,"6.18"
"C22491",1,2025-11-17,2025-11-16,1,,-1,0,0,1,2,3,1,0,0,25,0,22,1,336,422,0,0,1,2,0,25,0,0,-1,-1,-1,-1,0,0,0,0,0,0,-1,0,0,-1,-1,-1,-1,0,0,0,0,0,0,-1,0,57,0,57,0,0,57,57,0,57,1,1,0,0,0,-1,607271242,"6.18"
"C22494",1,2025-10-09,2025-10-08,3,"NXS11311768",625,0,0,1,0,5,1,0,0,55,0,22,1,314,24,0,0,1,0,0,55,0,0,-1,-1,-1,-1,0,0,0,0,0,0,-1,0,0,-1,-1,-1,-1,0,0,0,0,0,0,-1,0,157,0,157,0,0,157,157,3,160,1,1,0,0,0,-1,607271242,"6.18"
"C22515",1,2025-08-07,2025-08-06,5,"NXS11019975",-1,1,0,1,2,5,1,0,0,25,0,12,1,207,312,1,0,1,2,0,25,0,11,0,1,207,-1,391,1,0,1,2,0,25,0,0,-1,-1,-1,-1,0,0,0,0,0,0,-1,0,65,0,65,355,0,420,420,0,420,5,1,0,0,0,-1,607271242,"6.18"
"C22518",2,2025-07-03,2025-07-02,2,"NXS10211872",574,2,0,1,1,3,1,3,0,25,1,0,-1,-1,-1,0,0,0,0,0,-1,0,0,-1,-1,-1,-1,0,0,0,0,0,0,-1,0,0,-1,-1,-1,-1,0,0,0,0,0,0,-1,0,0,0,0,0,0,0,0,77,77,12,0,0,0,12,0,607271242,"6.18"
"C22539",1,2025-11-02,2025-11-01,1,,-1,4,0,0,2,3,1,0,0,25,0,22,1,335,423,0,0,0,2,0,25,0,0,-1,-1,-1,-1,0,0,0,0,0,0,-1,0,0,-1,-1,-1,-1,0,0,0,0,0,0,-1,0,101,0,101,0,0,101,101,57,158,1,1,0,0,0,-1,607271242,"6.18"
"C22638",1,2025-05-30,2025-05-29,5,,-1,0,0,1,0,36,1,0,0,18,0,0,-1,-1,-1,0,0,0,0,0,-1,0,12,2,3,302,410,9,0,0,1,0,0,18,0,0,-1,-1,-1,-1,0,0,0,0,0,0,-1,0,0,0,0,9,281,290,9,0,9,4,0,1,0,0,-1,607271242,"6.18"
"C22644",1,2026-02-05,2026-02-04,4,"NXS12912038",264,2,1,1,0,5,1,0,0,55,0,22,3,99,118,0,1,1,0,0,55,0,0,-1,-1,-1,-1,0,0,0,0,0,0,-1,0,0,-1,-1,-1,-1,0,0,0,0,0,0,-1,0,133,0,133,0,0,133,133,0,133,1,1,0,0,0,-1,607271242,"6.18"
"C22704",1,2025-11-22,2025-11-21,4,"NBN10515308",574,1,0,1,0,5,1,0,0,25,0,22,1,116,116,1,0,1,0,0,25,0,0,-1,-1,-1,-1,0,0,0,0,0,0,-1,0,21,1,2,116,-1,130,1,0,1,0,0,25,0,13,0,13,21,0,34,34,851,885,9,1,0,1,0,-1,607271242,"6.18"
"C22713",2,2025-12-07,2025-12-06,4,"RRH14312833",569,9,0,1,1,5,1,1,0,25,1,22,1,336,312,0,0,1,1,0,25,1,0,-1,-1,-1,-1,0,0,0,0,0,0,-1,0,0,-1,-1,-1,-1,0,0,0,0,0,0,-1,0,48,0,48,0,0,48,48,0,48,1,1,0,0,0,-1,607271242,"6.18"
"C22719",1,2025-11-23,2025-11-22,1,,-1,0,0,1,1,5,2,0,0,25,0,22,1,116,99,0,0,1,1,0,25,0,0,-1,-1,-1,-1,0,0,0,0,0,0,-1,0,0,-1,-1,-1,-1,0,0,0,0,0,0,-1,0,120,0,120,0,0,120,120,11,131,1,1,0,0,0,-1,607271242,"6.18"
"C22722",1,2026-07-03,2026-07-02,1,,-1,0,0,1,2,3,1,0,0,25,0,22,1,410,99,0,0,1,2,0,25,0,0,-1,-1,-1,-1,0,0,0,0,0,0,-1,0,0,-1,-1,-1,-1,0,0,0,0,0,0,-1,0,17,0,17,0,0,17,17,2,19,1,1,0,0,0,-1,607271242,"6.18"
"C22773",1,2025-12-11,2025-12-10,3,"RRH13212800",635,1,0,1,0,126,1,0,0,55,0,22,1,410,423,1,0,1,0,0,55,0,0,-1,-1,-1,-1,0,0,0,0,0,0,-1,0,0,-1,-1,-1,-1,0,0,0,0,0,0,-1,0,75,0,75,0,0,75,75,0,75,1,1,0,0,0,-1,607271242,"6.18"
"C22782",1,2026-03-04,2026-03-03,1,,-1,0,0,0,0,5,1,0,0,25,0,22,1,335,99,0,0,0,0,0,25,0,0,-1,-1,-1,-1,0,0,0,0,0,0,-1,0,0,-1,-1,-1,-1,0,0,0,0,0,0,-1,0,39,0,39,0,0,39,39,3,42,1,1,0,0,0,-1,607271242,"6.18"
"C22791",1,2026-07-03,2026-07-02,1,,-1,1,0,1,0,5,1,0,0,55,0,22,1,206,99,1,0,1,0,0,55,0,0,-1,-1,-1,-1,0,0,0,0,0,0,-1,0,0,-1,-1,-1,-1,0,0,0,0,0,0,-1,0,28,0,28,0,0,28,28,4,32,1,1,0,0,0,-1,607271242,"6.18"
"C22797",1,2025-03-06,2025-01-21,5,"NXS11611516",-1,0,0,1,0,5,1,0,0,55,0,22,1,116,410,0,0,1,0,0,55,0,0,-1,-1,-1,-1,0,0,0,0,0,0,-1,0,12,2,1,101,98,310,0,0,1,0,0,55,0,73,0,73,1,0,74,74,48,122,9,1,0,1,0,-1,607271242,"6.18"
"C22845",1,2025-06-26,2025-05-21,5,"NXS11319728",-1,4,0,0,0,5,1,0,0,55,0,2,-1,-1,-1,0,0,0,0,0,-1,0,12,2,1,116,99,0,0,0,0,0,0,55,0,0,-1,-1,-1,-1,0,0,0,0,0,0,-1,0,30,0,30,0,152,182,30,1226,1256,5,0,1,0,0,-1,607271242,"6.18"
"C22848",1,2025-09-22,2025-07-17,5,"NXS11321601",-1,1,0,1,0,3,1,0,0,55,0,11,1,116,-1,1,0,1,0,0,55,0,0,-1,-1,-1,-1,0,0,0,0,0,0,-1,0,0,-1,-1,-1,-1,0,0,0,0,0,0,-1,0,258,0,258,0,0,258,258,182,440,1,1,0,0,0,-1,607271242,"6.18"
"C22872",1,2024-09-24,2024-09-23,5,"RRH12212405",-1,1,1,1,0,5,1,0,0,55,0,0,-1,-1,-1,0,0,0,0,0,-1,0,12,2,3,116,433,130,1,1,1,0,0,55,0,0,-1,-1,-1,-1,0,0,0,0,0,0,-1,0,0,0,0,130,262,392,130,235,365,4,0,1,0,0,-1,607271242,"6.18"
"C22878",1,2025-10-12,2025-10-11,4,"NXS11312419",664,0,0,0,0,5,1,0,0,25,0,21,1,101,-1,0,0,0,0,0,25,0,0,-1,-1,-1,-1,0,0,0,0,0,0,-1,0,0,-1,-1,-1,-1,0,0,0,0,0,0,-1,0,114,0,114,0,0,114,114,180,294,1,1,0,0,0,-1,607271242,"6.18"
"C22893",1,2024-08-16,2024-05-18,5,"NBN10515507",-1,1,0,1,0,3,1,0,0,25,0,21,1,99,-1,1,0,1,0,0,25,0,12,2,1,101,433,52,1,0,1,0,0,25,0,0,-1,-1,-1,-1,0,0,0,0,0,0,-1,0,105,0,105,48,365,518,153,327,480,5,1,1,0,0,-1,607271242,"6.18"
"C22899",1,2026-01-06,2026-01-05,2,"RRH14018307",244,0,0,1,0,356,1,0,0,25,0,21,1,101,-1,0,0,1,0,0,25,0,0,-1,-1,-1,-1,0,0,0,0,0,0,-1,0,0,-1,-1,-1,-1,0,0,0,0,0,0,-1,0,139,0,139,0,0,139,139,6,145,1,1,0,0,0,-1,607271242,"6.18"
"C22920",1,2025-11-21,2025-11-20,1,,-1,0,0,0,0,36,1,0,0,25,0,22,1,116,422,0,0,0,0,0,25,0,0,-1,-1,-1,-1,0,0,0,0,0,0,-1,0,0,-1,-1,-1,-1,0,0,0,0,0,0,-1,0,22,0,22,0,0,22,22,0,22,1,1,0,0,0,-1,607271242,"6.18"
"C22953",1,2024-02-02,2023-11-15,5,"NXS14712740",-1,0,1,0,0,5,1,0,0,55,0,2,-1,-1,-1,0,0,0,0,0,-1,0,0,-1,-1,-1,-1,0,0,0,0,0,0,-1,0,11,2,1,116,-1,839,0,1,0,0,0,55,0,128,0,128,83,0,211,211,1991,2202,-1,0,0,1,0,-1,607271242,"6.18"
"C22959",1,2026-07-24,2026-07-23,1,,-1,0,0,1,0,247,1,0,0,25,0,21,1,336,-1,0,0,1,0,0,25,0,0,-1,-1,-1,-1,0,0,0,0,0,0,-1,0,0,-1,-1,-1,-1,0,0,0,0,0,0,-1,0,69,0,69,0,0,69,69,0,69,1,1,0,0,0,-1,607271242,"6.18"
"C23043",1,2025-10-13,2025-10-12,4,"RRH15617793",142,1,0,1,0,3,1,0,0,25,0,22,1,116,99,1,0,1,0,0,25,0,0,-1,-1,-1,-1,0,0,0,0,0,0,-1,0,0,-1,-1,-1,-1,0,0,0,0,0,0,-1,0,15,0,15,0,0,15,15,0,15,1,1,0,0,0,-1,607271242,"6.18"
"C23088",1,2026-05-29,2026-05-28,1,,-1,1,0,1,0,5,1,0,0,24,0,22,3,116,116,1,0,1,0,0,24,0,0,-1,-1,-1,-1,0,0,0,0,0,0,-1,0,0,-1,-1,-1,-1,0,0,0,0,0,0,-1,0,20,0,20,0,0,20,20,1290,1310,1,1,0,0,0,-1,607271242,"6.18"
"C23112",1,2026-02-02,2026-02-01,1,,-1,0,0,1,0,5,1,0,0,55,0,22,1,101,329,0,0,1,0,0,55,0,0,-1,-1,-1,-1,0,0,0,0,0,0,-1,0,0,-1,-1,-1,-1,0,0,0,0,0,0,-1,0,24,0,24,0,0,24,24,244,268,1,1,0,0,0,-1,607271242,"6.18"
"C23127",1,2025-12-29,2025-12-28,1,,-1,0,0,1,1,1,1,0,0,25,0,22,1,101,314,0,0,1,1,0,25,0,0,-1,-1,-1,-1,0,0,0,0,0,0,-1,0,0,-1,-1,-1,-1,0,0,0,0,0,0,-1,0,23,0,23,0,0,23,23,0,23,1,1,0,0,0,-1,607271242,"6.18"
"C23157",1,2025-10-09,2025-10-08,4,"NXS14714115",622,4,1,0,0,5,1,0,0,25,0,22,1,99,423,0,1,0,0,0,25,0,0,-1,-1,-1,-1,0,0,0,0,0,0,-1,0,0,-1,-1,-1,-1,0,0,0,0,0,0,-1,0,37,0,37,0,0,37,37,159,196,1,1,0,0,0,-1,607271242,"6.18"
"C23169",1,2026-06-18,2026-06-17,1,,-1,0,0,0,0,56,2,0,0,25,0,22,3,314,98,0,0,0,0,0,25,0,0,-1,-1,-1,-1,0,0,0,0,0,0,-1,0,0,-1,-1,-1,-1,0,0,0,0,0,0,-1,0,13,0,13,0,0,13,13,14,27,1,1,0,0,0,-1,607271242,"6.18"
"C23178",1,2025-10-24,2025-10-23,2,"NXS14716863",303,4,0,0,2,5,1,0,0,25,0,22,1,335,99,0,0,0,2,0,25,0,0,-1,-1,-1,-1,0,0,0,0,0,0,-1,0,0,-1,-1,-1,-1,0,0,0,0,0,0,-1,0,117,0,117,0,0,117,117,17,134,1,1,0,0,0,-1,607271242,"6.18"
"C23247",1,2026-02-15,2026-02-14,1,,-1,0,0,1,0,5,1,0,0,55,0,22,3,410,410,0,0,1,0,0,55,0,0,-1,-1,-1,-1,0,0,0,0,0,0,-1,0,0,-1,-1,-1,-1,0,0,0,0,0,0,-1,0,55,0,55,0,0,55,55,0,55,1,1,0,0,0,-1,607271242,"6.18"
"C23268",1,2023-11-02,2023-11-01,5,,-1,0,1,1,0,56,1,0,0,25,0,0,-1,-1,-1,0,0,0,0,0,-1,0,0,-1,-1,-1,-1,0,0,0,0,0,0,-1,0,11,2,1,431,-1,1031,0,1,1,0,0,25,0,0,0,0,33,0,33,33,0,33,-1,0,0,1,0,-1,607271242,"6.18"
"C23310",1,2026-05-31,2026-05-30,1,,-1,0,0,0,0,5,1,0,0,25,0,22,1,116,422,0,0,0,0,0,25,0,0,-1,-1,-1,-1,0,0,0,0,0,0,-1,0,0,-1,-1,-1,-1,0,0,0,0,0,0,-1,0,13,0,13,0,0,13,13,2,15,1,1,0,0,0,-1,607271242,"6.18"
"C23325",1,2025-11-06,2025-11-05,4,"NXS11613072",670,4,0,0,0,5,1,0,0,25,0,22,1,314,205,0,0,0,0,0,25,0,0,-1,-1,-1,-1,0,0,0,0,0,0,-1,0,0,-1,-1,-1,-1,0,0,0,0,0,0,-1,0,103,0,103,0,0,103,103,0,103,1,1,0,0,0,-1,607271242,"6.18"
"C23331",1,2024-12-15,2024-11-17,5,,-1,1,0,1,1,3,1,0,0,18,0,2,-1,-1,-1,0,0,0,0,0,-1,0,12,2,1,101,433,9,1,0,1,1,0,18,0,0,-1,-1,-1,-1,0,0,0,0,0,0,-1,0,36,0,36,0,295,331,36,381,417,5,0,1,0,0,-1,607271242,"6.18"
"C23370",1,2026-07-24,2026-07-23,1,,-1,0,0,1,0,56,1,0,0,24,0,21,1,336,-1,0,0,1,0,0,24,0,0,-1,-1,-1,-1,0,0,0,0,0,0,-1,0,0,-1,-1,-1,-1,0,0,0,0,0,0,-1,0,69,0,69,0,0,69,69,0,69,1,1,0,0,0,-1,607271242,"6.18"
"C23403",1,2025-11-04,2025-11-03,1,,-1,9,0,1,0,5,1,0,0,25,0,22,1,99,99,0,0,1,0,0,25,0,0,-1,-1,-1,-1,0,0,0,0,0,0,-1,0,0,-1,-1,-1,-1,0,0,0,0,0,0,-1,0,2,0,2,0,0,2,2,2,4,1,1,0,0,0,-1,607271242,"6.18"
"C23418",2,2025-07-24,2025-07-23,5,"RRH12615603",-1,5,1,1,0,5,2,1,0,25,0,0,-1,-1,-1,0,0,0,0,0,-1,0,12,2,1,116,410,31,0,1,1,0,0,25,0,0,-1,-1,-1,-1,0,0,0,0,0,0,-1,0,0,0,0,31,195,226,31,116,147,4,0,1,0,0,-1,607271242,"6.18"
"C23442",1,2026-01-30,2026-01-29,1,,-1,0,0,0,0,5,1,0,0,25,0,22,1,116,423,0,0,0,0,0,25,0,0,-1,-1,-1,-1,0,0,0,0,0,0,-1,0,0,-1,-1,-1,-1,0,0,0,0,0,0,-1,0,16,0,16,0,0,16,16,3,19,1,1,0,0,0,-1,607271242,"6.18"
"C23445",1,2025-09-22,2025-09-21,5,"NXS14717584",-1,1,0,1,0,5,1,0,0,25,0,12,1,336,423,1,0,1,0,0,25,0,0,-1,-1,-1,-1,0,0,0,0,0,0,-1,0,0,-1,-1,-1,-1,0,0,0,0,0,0,-1,0,110,0,110,0,0,110,110,29,139,1,1,0,0,0,-1,607271242,"6.18"
"C23451",1,2025-07-06,2025-07-05,5,"RRH14016082",-1,1,0,1,0,126,1,0,0,25,0,0,-1,-1,-1,0,0,0,0,0,-1,0,12,2,1,116,207,1,1,0,1,0,0,25,0,0,-1,-1,-1,-1,0,0,0,0,0,0,-1,0,0,0,0,1,138,139,1,94,95,4,0,1,0,0,-1,607271242,"6.18"
"C23511",1,2025-10-10,2025-10-09,4,"NXS12913974",627,0,0,0,0,3,1,0,0,25,0,22,3,99,99,0,0,0,0,0,25,0,0,-1,-1,-1,-1,0,0,0,0,0,0,-1,0,0,-1,-1,-1,-1,0,0,0,0,0,0,-1,0,61,0,61,0,0,61,61,0,61,1,1,0,0,0,-1,607271242,"6.18"
"C23514",1,2026-03-31,2026-03-30,1,,-1,0,0,1,1,56,1,0,0,25,0,22,1,116,314,0,0,1,1,0,25,0,0,-1,-1,-1,-1,0,0,0,0,0,0,-1,0,0,-1,-1,-1,-1,0,0,0,0,0,0,-1,0,40,0,40,0,0,40,40,11,51,1,1,0,0,0,-1,607271242,"6.18"
"C23526",2,2024-03-16,2024-03-15,5,,-1,9,0,1,2,5,1,2,0,25,1,0,-1,-1,-1,0,0,0,0,0,-1,0,12,2,1,116,410,50,0,0,1,2,0,25,1,0,-1,-1,-1,-1,0,0,0,0,0,0,-1,0,0,0,0,50,782,832,50,103,153,4,0,1,0,0,-1,607271242,"6.18"
"C23580",1,2025-08-30,2025-08-29,5,"RSO15214579",-1,4,0,0,0,5,1,0,0,25,0,12,3,116,98,0,0,0,0,0,25,0,0,-1,-1,-1,-1,0,0,0,0,0,0,-1,0,0,-1,-1,-1,-1,0,0,0,0,0,0,-1,0,266,0,266,0,0,266,266,538,804,1,1,0,0,0,-1,607271242,"6.18"
"C23592",1,2025-10-15,2025-10-14,2,"NXS11320914",57,4,0,0,0,3,1,0,0,25,0,22,1,336,423,0,0,0,0,0,25,0,0,-1,-1,-1,-1,0,0,0,0,0,0,-1,0,0,-1,-1,-1,-1,0,0,0,0,0,0,-1,0,137,0,137,0,0,137,137,0,137,1,1,0,0,0,-1,607271242,"6.18"
"C23607",1,2017-09-08,2018-09-30,5,,-1,0,1,0,0,5,1,0,0,55,0,0,-1,-1,-1,0,0,0,0,0,-1,0,0,-1,-1,-1,-1,0,0,0,0,0,0,-1,0,12,2,1,101,419,2694,0,1,0,0,0,55,0,0,0,0,0,0,0,0,0,0,-1,0,0,1,0,-1,607271242,"6.18"
"C23610",1,2026-05-03,2026-05-02,2,"RRH13217370",421,1,0,1,0,3,1,0,0,25,0,22,1,116,99,1,0,1,0,0,25,0,0,-1,-1,-1,-1,0,0,0,0,0,0,-1,0,0,-1,-1,-1,-1,0,0,0,0,0,0,-1,0,38,0,38,0,0,38,38,895,933,1,1,0,0,0,-1,607271242,"6.18"
"C23622",1,2026-05-25,2026-05-24,2,"RRH12313771",690,1,1,1,0,5,1,0,0,55,0,0,-1,-1,-1,0,0,0,0,0,-1,0,21,0,2,101,-1,129,1,1,1,0,0,55,0,0,-1,-1,-1,-1,0,0,0,0,0,0,-1,0,0,0,0,129,0,129,129,1512,1641,4,0,0,0,0,-1,607271242,"6.18"
"C23685",1,2026-02-24,2026-02-23,1,,-1,0,0,1,0,267,2,0,0,25,0,22,1,410,99,0,0,1,0,0,25,0,0,-1,-1,-1,-1,0,0,0,0,0,0,-1,0,0,-1,-1,-1,-1,0,0,0,0,0,0,-1,0,52,0,52,0,0,52,52,0,52,1,1,0,0,0,-1,607271242,"6.18"
"C23742",1,2025-04-12,2025-03-16,5,"NBN10513629",-1,4,0,0,1,3,1,0,0,25,0,22,1,99,99,0,0,0,1,0,25,0,12,0,1,101,101,206,0,0,0,1,0,25,0,0,-1,-1,-1,-1,0,0,0,0,0,0,-1,0,29,0,29,184,0,213,213,2315,2528,5,1,0,0,0,-1,607271242,"6.18"
"C23745",1,2024-12-15,2024-11-12,5,"NBN10517330",-1,1,0,1,0,5,1,0,0,25,0,2,-1,-1,-1,0,0,0,0,0,-1,0,12,2,1,101,410,75,1,0,1,0,0,25,0,0,-1,-1,-1,-1,0,0,0,0,0,0,-1,0,75,0,75,30,238,343,105,699,804,5,0,1,0,0,-1,607271242,"6.18"
"C23772",1,2025-08-31,2025-08-30,5,"NXS11418172",-1,1,0,1,0,5,1,0,0,55,0,0,-1,-1,-1,0,0,0,0,0,-1,0,12,1,1,116,434,69,1,0,1,0,0,55,0,0,-1,-1,-1,-1,0,0,0,0,0,0,-1,0,0,0,0,69,20,89,69,181,250,4,0,1,0,0,-1,607271242,"6.18"
"C23778",1,2025-12-07,2025-12-06,2,"NXS10913590",694,1,0,1,0,5,1,0,0,25,0,22,3,116,116,1,0,1,0,0,25,0,0,-1,-1,-1,-1,0,0,0,0,0,0,-1,0,0,-1,-1,-1,-1,0,0,0,0,0,0,-1,0,92,0,92,0,0,92,92,882,974,1,1,0,0,0,-1,607271242,"6.18"
"C23784",1,2026-06-29,2026-06-28,2,"RRH12614721",712,1,0,1,2,467,1,0,0,25,0,22,1,116,422,1,0,1,2,0,25,0,0,-1,-1,-1,-1,0,0,0,0,0,0,-1,0,0,-1,-1,-1,-1,0,0,0,0,0,0,-1,0,34,0,34,0,0,34,34,0,34,1,1,0,0,0,-1,607271242,"6.18"
"C23793",1,2026-03-30,2026-03-29,1,,-1,0,0,1,1,5,1,0,0,25,0,22,3,206,98,0,0,1,1,0,25,0,0,-1,-1,-1,-1,0,0,0,0,0,0,-1,0,0,-1,-1,-1,-1,0,0,0,0,0,0,-1,0,33,0,33,0,0,33,33,2,35,1,1,0,0,0,-1,607271242,"6.18"
"C23796",1,2025-08-28,2025-08-27,5,"NXS10613567",-1,1,0,1,1,567,1,0,0,25,0,0,-1,-1,-1,0,0,0,0,0,-1,0,12,0,1,116,99,111,1,0,1,1,0,25,0,0,-1,-1,-1,-1,0,0,0,0,0,0,-1,0,0,0,0,110,0,110,110,299,409,4,0,0,0,0,-1,607271242,"6.18"
"C23820",1,2025-11-06,2025-11-05,3,"NXS11313740",670,1,0,1,1,5,1,0,0,25,0,21,1,336,-1,1,0,1,1,0,25,0,0,-1,-1,-1,-1,0,0,0,0,0,0,-1,0,0,-1,-1,-1,-1,0,0,0,0,0,0,-1,0,111,0,111,0,0,111,111,585,696,1,1,0,0,0,-1,607271242,"6.18"
"C23823",1,2026-04-19,2026-04-18,4,"NXS11020448",221,0,0,1,2,5,1,0,0,25,0,21,1,207,-1,0,0,1,2,0,25,0,0,-1,-1,-1,-1,0,0,0,0,0,0,-1,0,0,-1,-1,-1,-1,0,0,0,0,0,0,-1,0,165,0,165,0,0,165,165,0,165,1,1,0,0,0,-1,607271242,"6.18"
"C23829",1,2026-01-16,2026-01-15,3,"NXS11318602",262,6,0,1,0,5,1,0,0,25,0,22,1,336,423,0,0,1,0,0,25,0,0,-1,-1,-1,-1,0,0,0,0,0,0,-1,0,0,-1,-1,-1,-1,0,0,0,0,0,0,-1,0,41,0,41,0,0,41,41,0,41,1,1,0,0,0,-1,607271242,"6.18"
"C23832",1,2026-06-21,2026-06-20,1,,-1,0,0,0,0,3,1,0,0,25,0,22,1,335,99,0,0,0,0,0,25,0,0,-1,-1,-1,-1,0,0,0,0,0,0,-1,0,0,-1,-1,-1,-1,0,0,0,0,0,0,-1,0,18,0,18,0,0,18,18,8,26,1,1,0,0,0,-1,607271242,"6.18"
"C23835",1,2025-11-06,2025-11-05,4,"NXS14716699",324,9,0,1,1,3,1,0,0,25,0,22,1,101,99,0,0,1,1,0,25,0,0,-1,-1,-1,-1,0,0,0,0,0,0,-1,0,0,-1,-1,-1,-1,0,0,0,0,0,0,-1,0,29,0,29,0,0,29,29,0,29,1,1,0,0,0,-1,607271242,"6.18"
"C23847",1,2026-04-05,2026-04-04,1,,-1,0,0,1,2,5,1,0,0,25,0,22,1,410,302,0,0,1,2,0,25,0,0,-1,-1,-1,-1,0,0,0,0,0,0,-1,0,0,-1,-1,-1,-1,0,0,0,0,0,0,-1,0,42,0,42,0,0,42,42,5,47,1,1,0,0,0,-1,607271242,"6.18"
"C23847",2,2026-05-03,2026-05-02,1,,-1,0,0,1,2,5,1,1,0,25,1,0,-1,-1,-1,0,0,0,0,0,-1,0,21,0,1,101,-1,151,0,0,1,2,0,25,1,0,-1,-1,-1,-1,0,0,0,0,0,0,-1,0,0,0,0,151,0,151,151,29,180,4,0,0,0,0,-1,607271242,"6.18"
"C23856",1,2026-06-29,2026-06-28,1,,-1,0,0,1,0,5,1,0,0,25,0,22,1,205,99,0,0,1,0,0,25,0,0,-1,-1,-1,-1,0,0,0,0,0,0,-1,0,0,-1,-1,-1,-1,0,0,0,0,0,0,-1,0,1,0,1,0,0,1,1,6,7,1,1,0,0,0,-1,607271242,"6.18"
"C23859",2,2025-05-26,2025-05-25,1,,-1,4,0,0,0,5,1,1,0,25,1,22,3,410,433,0,0,0,0,0,25,1,0,-1,-1,-1,-1,0,0,0,0,0,0,-1,0,0,-1,-1,-1,-1,0,0,0,0,0,0,-1,0,34,0,34,0,0,34,34,731,765,1,1,0,0,12,2,607271242,"6.18"
"C23871",1,2025-11-26,2025-11-25,4,"NXS15113799",681,9,0,1,0,15,1,0,0,25,0,22,3,336,313,0,0,1,0,0,25,0,0,-1,-1,-1,-1,0,0,0,0,0,0,-1,0,0,-1,-1,-1,-1,0,0,0,0,0,0,-1,0,14,0,14,0,0,14,14,703,717,1,1,0,0,0,-1,607271242,"6.18"
"C23907",1,2020-07-05,2020-07-04,5,,-1,0,1,1,0,56,1,0,0,25,0,0,-1,-1,-1,0,0,0,0,0,-1,0,0,-1,-1,-1,-1,0,0,0,0,0,0,-1,0,11,2,1,335,-1,2175,0,1,1,0,0,25,0,0,0,0,104,0,104,104,0,104,-1,0,0,1,0,-1,607271242,"6.18"
"C23931",1,2026-06-19,2026-06-18,1,,-1,0,0,1,2,5,1,0,0,24,0,22,1,116,312,0,0,1,2,0,24,0,0,-1,-1,-1,-1,0,0,0,0,0,0,-1,0,0,-1,-1,-1,-1,0,0,0,0,0,0,-1,0,15,0,15,0,0,15,15,57,72,1,1,0,0,0,-1,607271242,"6.18"
"C23946",1,2022-08-06,2022-08-05,5,,-1,0,1,0,0,5,1,0,0,25,0,0,-1,-1,-1,0,0,0,0,0,-1,0,0,-1,-1,-1,-1,0,0,0,0,0,0,-1,0,11,2,1,336,-1,1361,0,1,0,0,0,25,0,0,0,0,156,0,156,156,0,156,-1,0,0,1,0,-1,607271242,"6.18"
"C23949",1,2018-01-16,2018-09-30,5,,-1,0,1,0,0,3,1,0,0,25,0,0,-1,-1,-1,0,0,0,0,0,-1,0,0,-1,-1,-1,-1,0,0,0,0,0,0,-1,0,11,2,1,101,-1,2922,0,1,0,0,0,25,0,0,0,0,0,0,0,0,0,0,-1,0,0,1,0,-1,607271242,"6.18"
"C23967",1,2026-02-13,2026-02-12,3,"NXS10617583",415,0,0,1,0,56,1,0,0,18,0,22,1,336,99,0,0,1,0,0,18,0,0,-1,-1,-1,-1,0,0,0,0,0,0,-1,0,0,-1,-1,-1,-1,0,0,0,0,0,0,-1,0,14,0,14,0,0,14,14,61,75,1,1,0,0,0,-1,607271242,"6.18"
"C23973",1,2020-08-25,2020-08-24,5,,-1,0,1,1,0,26,1,0,0,25,0,0,-1,-1,-1,0,0,0,0,0,-1,0,0,-1,-1,-1,-1,0,0,0,0,0,0,-1,0,11,2,1,410,-1,2174,0,1,1,0,0,25,0,0,0,0,54,0,54,54,0,54,-1,0,0,1,0,-1,607271242,"6.18"
"C23982",1,2017-07-27,2018-09-30,5,,-1,0,1,0,0,5,1,0,0,55,0,0,-1,-1,-1,0,0,0,0,0,-1,0,0,-1,-1,-1,-1,0,0,0,0,0,0,-1,0,11,2,1,101,-1,2922,0,1,0,0,0,55,0,0,0,0,0,0,0,0,0,0,-1,0,0,1,0,-1,607271242,"6.18"
"C23985",1,2022-01-03,2022-01-02,5,,-1,0,1,0,0,3,1,0,0,55,0,0,-1,-1,-1,0,0,0,0,0,-1,0,0,-1,-1,-1,-1,0,0,0,0,0,0,-1,0,11,2,1,101,-1,1665,0,1,0,0,0,55,0,0,0,0,67,0,67,67,777,844,-1,0,0,1,0,-1,607271242,"6.18"
"C23994",1,2024-09-20,2024-08-16,5,"NXS10616245",-1,0,0,1,0,3,1,0,0,25,0,2,-1,-1,-1,0,0,0,0,0,-1,0,12,2,1,101,410,2,0,0,1,0,0,25,0,0,-1,-1,-1,-1,0,0,0,0,0,0,-1,0,31,0,31,2,374,407,33,46,79,5,0,0,0,0,-1,607271242,"6.18"
"C24015",1,2021-04-03,2021-04-02,5,,-1,0,1,1,0,35,1,0,0,55,0,0,-1,-1,-1,0,0,0,0,0,-1,0,0,-1,-1,-1,-1,0,0,0,0,0,0,-1,0,11,2,1,411,-1,1903,0,1,1,0,0,55,0,0,0,0,104,0,104,104,0,104,-1,0,0,1,0,-1,607271242,"6.18"
"C24021",1,2019-07-22,2019-07-21,5,,-1,0,1,0,0,5,1,0,0,55,0,0,-1,-1,-1,0,0,0,0,0,-1,0,0,-1,-1,-1,-1,0,0,0,0,0,0,-1,0,11,2,1,101,-1,2538,0,1,0,0,0,55,0,0,0,0,90,0,90,90,7,97,-1,0,0,1,0,-1,607271242,"6.18"
"C24033",1,2022-07-01,2022-06-30,5,,-1,0,1,1,0,5,1,0,0,55,0,0,-1,-1,-1,0,0,0,0,0,-1,0,0,-1,-1,-1,-1,0,0,0,0,0,0,-1,0,11,2,1,335,-1,1509,0,1,1,0,0,55,0,0,0,0,44,0,44,44,0,44,-1,0,0,1,0,-1,607271242,"6.18"
"C24036",1,2016-12-03,2018-09-30,5,,-1,0,1,1,0,5,1,0,0,55,0,0,-1,-1,-1,0,0,0,0,0,-1,0,0,-1,-1,-1,-1,0,0,0,0,0,0,-1,0,11,2,1,101,-1,2922,0,1,1,0,0,55,0,0,0,0,0,0,0,0,0,0,-1,0,0,1,0,-1,607271242,"6.18"
"C24051",1,2024-11-08,2024-11-07,5,"NXS12714150",-1,1,0,1,0,5,1,0,0,25,0,0,-1,-1,-1,0,0,0,0,0,-1,0,12,2,1,116,433,300,1,0,1,0,0,25,0,0,-1,-1,-1,-1,0,0,0,0,0,0,-1,0,0,0,0,300,153,453,300,1070,1370,4,0,1,0,0,-1,607271242,"6.18"
"C24057",1,2024-02-11,2024-01-03,5,"NBN10514017",-1,0,0,1,2,47,1,0,0,25,0,2,-1,-1,-1,0,0,0,0,0,-1,0,12,2,1,101,433,13,0,0,1,2,0,25,0,0,-1,-1,-1,-1,0,0,0,0,0,0,-1,0,45,0,45,4,711,760,49,2,51,5,0,1,0,0,-1,607271242,"6.18"
"C24093",1,2025-06-15,2024-12-15,5,"RRH13218149",-1,9,0,1,2,56,1,0,0,18,0,2,-1,-1,-1,0,0,0,0,0,-1,0,11,2,1,116,-1,20,0,0,1,2,0,18,0,0,-1,-1,-1,-1,0,0,0,0,0,0,-1,0,30,0,30,21,453,504,51,9,60,5,0,1,0,0,-1,607271242,"6.18"
"C24102",1,2024-12-02,2024-10-21,5,"NXS12717518",-1,1,0,1,0,2,1,0,0,25,0,22,1,207,116,1,0,1,0,0,25,0,12,0,1,116,207,328,1,0,1,0,0,25,0,21,1,2,116,-1,163,1,0,1,0,0,25,0,102,0,102,277,0,379,379,1525,1904,10,1,0,1,0,-1,607271242,"6.18"
"C24117",1,2026-07-24,2026-07-23,2,"NXS14717636",569,0,0,1,0,3,1,0,0,55,0,21,1,116,-1,0,0,1,0,0,55,0,0,-1,-1,-1,-1,0,0,0,0,0,0,-1,0,0,-1,-1,-1,-1,0,0,0,0,0,0,-1,0,69,0,69,0,0,69,69,4,73,1,1,0,0,0,-1,607271242,"6.18"
"C24135",1,2026-03-16,2026-03-15,1,,-1,1,0,1,0,5,1,0,0,55,0,0,-1,-1,-1,0,0,0,0,0,-1,0,21,1,1,116,-1,19,1,0,1,0,0,55,0,0,-1,-1,-1,-1,0,0,0,0,0,0,-1,0,0,0,0,19,180,199,19,434,453,4,0,1,0,0,-1,607271242,"6.18"
"C24138",1,2025-05-19,2025-05-18,5,"NXS10814238",-1,1,0,1,2,5,1,0,0,24,0,0,-1,-1,-1,0,0,0,0,0,-1,0,12,2,3,101,420,1,1,0,1,2,0,24,0,0,-1,-1,-1,-1,0,0,0,0,0,0,-1,0,0,0,0,1,239,240,1,544,545,4,0,1,0,0,-1,607271242,"6.18"
"C24141",1,2026-06-28,2026-06-27,1,,-1,1,0,1,0,5,1,0,0,25,0,21,1,336,-1,1,0,1,0,0,25,0,0,-1,-1,-1,-1,0,0,0,0,0,0,-1,0,0,-1,-1,-1,-1,0,0,0,0,0,0,-1,0,95,0,95,0,0,95,95,2,97,1,1,0,0,0,-1,607271242,"6.18"
"C24147",1,2025-09-08,2025-09-07,5,"NXS13819071",-1,0,0,0,2,5,1,0,0,55,0,12,3,101,101,0,0,0,2,0,55,0,0,-1,-1,-1,-1,0,0,0,0,0,0,-1,0,0,-1,-1,-1,-1,0,0,0,0,0,0,-1,0,132,0,132,0,0,132,132,195,327,1,1,0,0,0,-1,607271242,"6.18"
"C24150",1,2026-01-03,2026-01-02,3,"NXS11314250",704,1,0,1,1,126,1,0,0,55,0,22,1,336,410,1,0,1,1,0,55,0,0,-1,-1,-1,-1,0,0,0,0,0,0,-1,0,0,-1,-1,-1,-1,0,0,0,0,0,0,-1,0,142,0,142,0,0,142,142,53,195,1,1,0,0,0,-1,607271242,"6.18"
"C24162",1,2025-09-08,2025-09-07,5,"NXS14716773",-1,0,0,0,0,56,1,0,0,25,0,12,1,335,422,0,0,0,0,0,25,0,0,-1,-1,-1,-1,0,0,0,0,0,0,-1,0,0,-1,-1,-1,-1,0,0,0,0,0,0,-1,0,160,0,160,0,0,160,160,0,160,1,1,0,0,0,-1,607271242,"6.18"
"C24183",1,2026-04-24,2026-04-23,1,,-1,0,0,1,0,5,1,0,0,55,0,22,1,116,116,0,0,1,0,0,55,0,0,-1,-1,-1,-1,0,0,0,0,0,0,-1,0,0,-1,-1,-1,-1,0,0,0,0,0,0,-1,0,16,0,16,0,0,16,16,122,138,1,1,0,0,0,-1,607271242,"6.18"
"C24186",1,2025-10-13,2025-10-12,3,"NXS11314317",578,4,0,0,0,3,1,0,0,24,0,22,1,101,423,0,0,0,0,0,24,0,0,-1,-1,-1,-1,0,0,0,0,0,0,-1,0,0,-1,-1,-1,-1,0,0,0,0,0,0,-1,0,135,0,135,0,0,135,135,864,999,1,1,0,0,0,-1,607271242,"6.18"
"C24189",1,2025-11-22,2025-11-21,4,"NXS11314318",589,4,0,0,0,136,1,0,0,25,0,22,1,336,422,0,0,0,0,0,25,0,0,-1,-1,-1,-1,0,0,0,0,0,0,-1,0,0,-1,-1,-1,-1,0,0,0,0,0,0,-1,0,33,0,33,0,0,33,33,66,99,1,1,0,0,0,-1,607271242,"6.18"
"C24195",1,2025-11-22,2025-11-21,4,"NXS10920819",78,1,0,1,1,1,1,0,0,55,0,21,1,116,-1,1,0,1,1,0,55,0,0,-1,-1,-1,-1,0,0,0,0,0,0,-1,0,0,-1,-1,-1,-1,0,0,0,0,0,0,-1,0,146,0,146,0,0,146,146,917,1063,1,1,0,0,0,-1,607271242,"6.18"
"C24219",1,2026-05-23,2026-05-22,1,,-1,0,0,0,0,5,1,0,0,25,0,21,3,335,-1,0,0,0,0,0,25,0,0,-1,-1,-1,-1,0,0,0,0,0,0,-1,0,0,-1,-1,-1,-1,0,0,0,0,0,0,-1,0,131,0,131,0,0,131,131,3,134,1,1,0,0,0,-1,607271242,"6.18"
"C24228",1,2025-09-22,2025-09-21,5,"NXS10915459",-1,0,0,0,1,3,1,0,0,25,0,12,3,336,98,0,0,0,1,0,25,0,0,-1,-1,-1,-1,0,0,0,0,0,0,-1,0,0,-1,-1,-1,-1,0,0,0,0,0,0,-1,0,13,0,13,0,0,13,13,498,511,1,1,0,0,0,-1,607271242,"6.18"
"C24237",1,2026-05-11,2026-05-10,1,,-1,0,0,0,0,3,1,0,0,25,0,22,1,116,422,0,0,0,0,0,25,0,0,-1,-1,-1,-1,0,0,0,0,0,0,-1,0,0,-1,-1,-1,-1,0,0,0,0,0,0,-1,0,44,0,44,0,0,44,44,98,142,1,1,0,0,0,-1,607271242,"6.18"
"C24267",1,2025-10-28,2025-10-27,2,"NXS11316819",332,1,0,1,1,56,1,0,0,25,0,22,1,101,99,1,0,1,1,0,25,0,0,-1,-1,-1,-1,0,0,0,0,0,0,-1,0,0,-1,-1,-1,-1,0,0,0,0,0,0,-1,0,52,0,52,0,0,52,52,17,69,1,1,0,0,0,-1,607271242,"6.18"
"C24285",1,2026-03-28,2026-03-27,3,"NXS10314468",728,4,0,0,0,3,1,0,0,55,0,0,-1,-1,-1,0,0,0,0,0,-1,0,21,0,1,101,-1,187,0,0,0,0,0,55,0,0,-1,-1,-1,-1,0,0,0,0,0,0,-1,0,0,0,0,187,0,187,187,1515,1702,4,0,0,0,0,-1,607271242,"6.18"
"C24300",1,2026-03-13,2026-03-12,2,"NXS11314580",706,0,0,1,0,5,1,0,0,55,0,22,1,314,422,0,0,1,0,0,55,0,0,-1,-1,-1,-1,0,0,0,0,0,0,-1,0,0,-1,-1,-1,-1,0,0,0,0,0,0,-1,0,104,0,104,0,0,104,104,2,106,1,1,0,0,0,-1,607271242,"6.18"
"C24333",1,2026-06-29,2026-06-28,1,,-1,9,0,1,1,256,1,0,0,25,0,22,1,206,205,0,0,1,1,0,25,0,0,-1,-1,-1,-1,0,0,0,0,0,0,-1,0,0,-1,-1,-1,-1,0,0,0,0,0,0,-1,0,32,0,32,0,0,32,32,3,35,1,1,0,0,0,-1,607271242,"6.18"
"C24336",1,2026-03-02,2026-03-01,1,,-1,0,0,1,2,5,2,0,0,25,1,0,-1,-1,-1,0,0,0,0,0,-1,0,22,1,3,410,410,4,0,0,1,2,0,25,1,0,-1,-1,-1,-1,0,0,0,0,0,0,-1,0,0,0,0,4,103,107,4,0,4,4,0,1,0,0,-1,607271242,"6.18"
"C24384",1,2019-05-18,2019-05-17,5,,-1,0,1,0,0,3,1,0,0,55,0,0,-1,-1,-1,0,0,0,0,0,-1,0,0,-1,-1,-1,-1,0,0,0,0,0,0,-1,0,11,2,1,410,-1,2105,0,1,0,0,0,55,0,0,0,0,588,0,588,588,0,588,-1,0,0,1,0,-1,607271242,"6.18"
"C24435",1,2025-05-22,2025-05-21,5,,-1,0,1,0,0,5,1,0,0,55,0,12,1,419,206,0,1,0,0,0,55,0,0,-1,-1,-1,-1,0,0,0,0,0,0,-1,0,21,0,1,419,-1,0,0,1,0,0,0,55,0,0,211,211,170,0,381,381,0,381,12,1,0,0,0,-1,607271242,"6.18"
"C24453",1,2026-03-08,2026-03-07,2,"RRH12614809",728,0,0,1,0,5,1,0,0,55,0,22,1,99,99,0,0,1,0,0,55,0,0,-1,-1,-1,-1,0,0,0,0,0,0,-1,0,0,-1,-1,-1,-1,0,0,0,0,0,0,-1,0,4,0,4,0,0,4,4,30,34,1,1,0,0,0,-1,607271242,"6.18"
"C24507",1,2025-06-28,2025-06-27,5,,-1,0,0,1,2,5,1,0,0,25,0,12,1,335,313,0,0,1,2,0,25,0,0,-1,-1,-1,-1,0,0,0,0,0,0,-1,0,0,-1,-1,-1,-1,0,0,0,0,0,0,-1,0,109,0,109,0,0,109,109,0,109,1,1,0,0,0,-1,607271242,"6.18"
"C24510",1,2025-10-09,2025-10-08,1,,-1,0,0,1,2,5,1,0,0,25,0,22,1,116,99,0,0,1,2,0,25,0,0,-1,-1,-1,-1,0,0,0,0,0,0,-1,0,0,-1,-1,-1,-1,0,0,0,0,0,0,-1,0,105,0,105,0,0,105,105,22,127,1,1,0,0,0,-1,607271242,"6.18"
"C24540",1,2025-10-07,2025-10-06,2,"RRH14018829",83,4,0,0,1,5,1,0,0,25,0,22,1,336,314,0,0,0,1,0,25,0,0,-1,-1,-1,-1,0,0,0,0,0,0,-1,0,0,-1,-1,-1,-1,0,0,0,0,0,0,-1,0,119,0,119,0,0,119,119,0,119,1,1,0,0,0,-1,607271242,"6.18"
"C24576",1,2025-09-19,2025-09-18,5,,-1,4,0,0,1,3,1,0,0,25,0,12,1,116,207,0,0,0,1,0,25,0,0,-1,-1,-1,-1,0,0,0,0,0,0,-1,0,0,-1,-1,-1,-1,0,0,0,0,0,0,-1,0,63,0,63,0,0,63,63,808,871,1,1,0,0,0,-1,607271242,"6.18"
"C24612",1,2025-10-09,2025-10-08,2,"RRH14017419",156,0,0,0,0,3,1,0,0,55,0,22,1,335,410,0,0,0,0,0,55,0,0,-1,-1,-1,-1,0,0,0,0,0,0,-1,0,0,-1,-1,-1,-1,0,0,0,0,0,0,-1,0,67,0,67,0,0,67,67,3,70,1,1,0,0,0,-1,607271242,"6.18"
"C24633",1,2026-05-04,2026-05-03,1,,-1,9,0,1,0,5,1,0,0,25,0,0,-1,-1,-1,0,0,0,0,0,-1,0,21,1,1,99,-1,0,0,0,1,0,0,25,0,0,-1,-1,-1,-1,0,0,0,0,0,0,-1,0,0,0,0,0,150,150,0,213,213,4,0,1,0,0,-1,607271242,"6.18"
"C24654",1,2025-11-13,2025-11-12,3,"NXS10216414",413,1,0,1,1,5,1,0,0,25,0,22,1,314,410,1,0,1,1,0,25,0,0,-1,-1,-1,-1,0,0,0,0,0,0,-1,0,0,-1,-1,-1,-1,0,0,0,0,0,0,-1,0,72,0,72,0,0,72,72,32,104,1,1,0,0,0,-1,607271242,"6.18"
"C24699",1,2025-08-07,2025-08-06,5,"RRH12314818",-1,1,1,1,0,3,1,0,0,55,0,22,1,335,419,1,1,1,0,0,55,0,12,1,2,116,423,89,1,1,1,0,0,55,0,0,-1,-1,-1,-1,0,0,0,0,0,0,-1,0,28,22,50,89,13,152,139,145,284,7,1,1,0,0,-1,607271242,"6.18"
"C24705",1,2025-09-02,2025-09-01,5,"NXS11320389",-1,4,0,0,0,5,1,0,0,55,0,12,1,116,313,0,0,0,0,0,55,0,21,1,1,116,-1,189,0,0,0,0,0,55,0,0,-1,-1,-1,-1,0,0,0,0,0,0,-1,0,34,0,34,160,12,206,194,613,807,5,1,1,0,0,-1,607271242,"6.18"
"C24714",1,2025-10-10,2025-10-09,4,"NXS13516685",355,1,0,1,1,5,1,0,0,24,0,22,1,116,423,1,0,1,1,0,24,0,0,-1,-1,-1,-1,0,0,0,0,0,0,-1,0,0,-1,-1,-1,-1,0,0,0,0,0,0,-1,0,18,0,18,0,0,18,18,31,49,1,1,0,0,0,-1,607271242,"6.18"
"C24717",1,2025-10-04,2025-10-03,2,"RSO15214841",570,9,0,1,1,47,1,0,0,55,0,0,-1,-1,-1,0,0,0,0,0,-1,0,0,-1,-1,-1,-1,0,0,0,0,0,0,-1,0,0,-1,-1,-1,-1,0,0,0,0,0,0,-1,0,0,0,0,0,0,0,0,23,23,12,0,0,0,22,1,607271242,"6.18"
"C24723",1,2026-01-12,2026-01-11,1,,-1,0,0,1,0,3,1,0,0,25,0,22,1,410,101,0,0,1,0,0,25,0,0,-1,-1,-1,-1,0,0,0,0,0,0,-1,0,0,-1,-1,-1,-1,0,0,0,0,0,0,-1,0,44,0,44,0,0,44,44,6576,6620,1,1,0,0,0,-1,607271242,"6.18"
"C24732",1,2025-11-29,2025-11-28,2,"RRH13215445",203,0,0,0,0,3,1,0,0,25,0,22,1,314,99,0,0,0,0,0,25,0,21,1,1,101,-1,177,0,0,0,0,0,25,0,0,-1,-1,-1,-1,0,0,0,0,0,0,-1,0,9,0,9,176,110,295,185,17,202,5,1,1,0,0,-1,607271242,"6.18"
"C24762",1,2026-05-03,2026-05-02,1,,-1,6,0,1,2,5,1,0,0,25,0,21,1,116,-1,0,0,1,2,0,25,0,21,0,2,101,-1,102,0,0,1,2,0,25,0,0,-1,-1,-1,-1,0,0,0,0,0,0,-1,0,151,0,151,0,0,151,151,211,362,5,1,0,0,0,-1,607271242,"6.18"
"C24765",1,2026-03-30,2026-03-29,2,"TRN11816753",503,1,1,1,0,4,1,0,0,25,0,22,1,204,410,1,1,1,0,0,25,0,0,-1,-1,-1,-1,0,0,0,0,0,0,-1,0,0,-1,-1,-1,-1,0,0,0,0,0,0,-1,0,0,60,60,0,0,60,60,0,60,2,1,0,0,0,-1,607271242,"6.18"
"C24774",2,2025-11-11,2025-11-10,1,,-1,0,0,0,0,3,1,3,0,25,1,22,1,314,99,0,0,0,0,1,25,1,22,1,1,101,422,71,0,0,0,0,0,25,1,0,-1,-1,-1,-1,0,0,0,0,0,0,-1,0,50,0,50,31,12,93,81,31,112,5,1,1,0,0,-1,607271242,"6.18"
"C24777",1,2026-01-27,2026-01-26,1,,-1,0,0,1,0,5,1,0,0,25,0,22,1,336,314,0,0,1,0,0,25,0,0,-1,-1,-1,-1,0,0,0,0,0,0,-1,0,0,-1,-1,-1,-1,0,0,0,0,0,0,-1,0,54,0,54,0,0,54,54,0,54,1,1,0,0,0,-1,607271242,"6.18"
"C24786",1,2026-01-05,2026-01-04,2,"RRH15315787",416,9,0,1,0,5,1,0,0,18,0,22,3,335,312,0,0,1,0,0,18,0,0,-1,-1,-1,-1,0,0,0,0,0,0,-1,0,0,-1,-1,-1,-1,0,0,0,0,0,0,-1,0,43,0,43,0,0,43,43,0,43,1,1,0,0,0,-1,607271242,"6.18"
"C24801",2,2024-11-26,2024-11-25,5,,-1,1,0,1,2,5,1,2,0,25,1,0,-1,-1,-1,0,0,0,0,0,-1,0,12,2,1,101,410,14,1,0,1,2,0,25,1,0,-1,-1,-1,-1,0,0,0,0,0,0,-1,0,0,0,0,14,340,354,14,358,372,4,0,1,0,0,-1,607271242,"6.18"
"C24804",1,2025-07-31,2025-07-30,5,"NXS10719478",-1,9,0,1,2,13,1,0,0,25,0,12,1,329,206,0,0,1,2,0,25,0,0,-1,-1,-1,-1,0,0,0,0,0,0,-1,0,0,-1,-1,-1,-1,0,0,0,0,0,0,-1,0,72,0,72,0,0,72,72,2,74,1,1,0,0,0,-1,607271242,"6.18"
"C24807",2,2025-08-24,2025-08-23,5,"NBN10515057",-1,0,0,0,0,126,1,2,0,25,1,0,-1,-1,-1,0,0,0,0,0,-1,0,12,2,1,116,302,11,0,0,0,0,0,25,1,0,-1,-1,-1,-1,0,0,0,0,0,0,-1,0,0,0,0,11,104,115,11,14,25,4,0,1,0,0,-1,607271242,"6.18"
"C24816",2,2026-06-15,2026-06-14,1,,-1,0,0,0,1,3,2,2,0,25,1,22,1,116,313,0,0,0,1,0,25,1,0,-1,-1,-1,-1,0,0,0,0,0,0,-1,0,0,-1,-1,-1,-1,0,0,0,0,0,0,-1,0,39,0,39,0,0,39,39,16,55,1,1,0,0,0,-1,607271242,"6.18"
"C24831",1,2025-11-27,2025-11-26,4,"NBN10515333",575,6,0,1,1,45,1,0,0,25,0,0,-1,-1,-1,0,0,0,0,0,-1,0,21,1,1,116,-1,9,0,0,1,1,0,25,0,0,-1,-1,-1,-1,0,0,0,0,0,0,-1,0,0,0,0,9,299,308,9,102,111,4,0,1,0,0,-1,607271242,"6.18"
"C24837",1,2025-01-31,2024-12-18,5,,-1,0,0,1,2,3,1,0,0,55,0,2,-1,-1,-1,0,0,0,0,0,-1,0,12,2,1,101,410,70,0,0,1,2,0,55,0,0,-1,-1,-1,-1,0,0,0,0,0,0,-1,0,79,0,79,19,214,312,98,18,116,5,0,1,0,0,-1,607271242,"6.18"
"C24864",1,2020-08-11,2020-08-10,5,,-1,9,1,1,0,5,1,0,0,55,0,0,-1,-1,-1,0,0,0,0,0,-1,0,0,-1,-1,-1,-1,0,0,0,0,0,0,-1,0,11,2,1,101,-1,2190,0,1,1,0,0,55,0,0,0,0,52,0,52,52,74,126,-1,0,0,1,0,-1,607271242,"6.18"
"C24867",1,2023-11-17,2023-11-16,5,,-1,0,1,0,0,3,1,0,0,25,0,0,-1,-1,-1,0,0,0,0,0,-1,0,0,-1,-1,-1,-1,0,0,0,0,0,0,-1,0,11,2,1,101,-1,866,0,1,0,0,0,25,0,0,0,0,183,0,183,183,226,409,-1,0,0,1,0,-1,607271242,"6.18"
"C24870",1,2023-09-16,2023-09-15,5,,-1,0,1,0,0,5,1,0,0,25,0,0,-1,-1,-1,0,0,0,0,0,-1,0,0,-1,-1,-1,-1,0,0,0,0,0,0,-1,0,11,2,1,101,-1,1043,0,1,0,0,0,25,0,0,0,0,68,0,68,68,24,92,-1,0,0,1,0,-1,607271242,"6.18"
"C24873",1,2022-10-30,2022-10-29,5,,-1,0,1,1,0,3,1,0,0,55,0,0,-1,-1,-1,0,0,0,0,0,-1,0,0,-1,-1,-1,-1,0,0,0,0,0,0,-1,0,11,2,1,101,-1,1273,0,1,1,0,0,55,0,0,0,0,159,0,159,159,470,629,-1,0,0,1,0,-1,607271242,"6.18"
"C24876",1,2026-03-11,2026-03-10,1,,-1,0,0,0,0,5,1,0,0,25,0,22,3,207,313,0,0,0,0,0,25,0,0,-1,-1,-1,-1,0,0,0,0,0,0,-1,0,0,-1,-1,-1,-1,0,0,0,0,0,0,-1,0,22,0,22,0,0,22,22,367,389,1,1,0,0,0,-1,607271242,"6.18"
"C24882",1,2015-08-09,2018-09-30,5,,-1,0,1,0,0,3,1,0,0,25,0,0,-1,-1,-1,0,0,0,0,0,-1,0,0,-1,-1,-1,-1,0,0,0,0,0,0,-1,0,12,2,1,335,410,2785,0,1,0,0,0,25,0,0,0,0,0,0,0,0,0,0,-1,0,0,1,0,-1,607271242,"6.18"
"C24885",1,2025-08-11,2025-08-10,5,"NXS11316919",-1,4,0,0,0,5,1,0,0,25,0,12,1,116,440,0,0,0,0,0,25,0,0,-1,-1,-1,-1,0,0,0,0,0,0,-1,0,0,-1,-1,-1,-1,0,0,0,0,0,0,-1,0,309,0,309,0,0,309,309,170,479,1,1,0,0,0,-1,607271242,"6.18"
"C24903",1,2025-07-17,2025-07-16,5,,-1,1,0,1,0,5,1,0,0,25,0,12,1,116,101,1,0,1,0,0,25,0,12,0,1,101,99,365,1,0,1,0,0,25,0,0,-1,-1,-1,-1,0,0,0,0,0,0,-1,0,162,0,162,209,0,371,371,732,1103,5,1,0,0,0,-1,607271242,"6.18"
"C24909",1,2025-12-11,2025-12-10,1,,-1,9,0,1,2,15,1,0,0,55,0,22,1,101,98,0,0,1,2,0,55,0,0,-1,-1,-1,-1,0,0,0,0,0,0,-1,0,0,-1,-1,-1,-1,0,0,0,0,0,0,-1,0,73,0,73,0,0,73,73,0,73,1,1,0,0,0,-1,607271242,"6.18"
"C24915",1,2025-10-12,2025-10-11,1,,-1,1,0,1,2,5,1,0,0,25,0,22,1,116,423,1,0,1,2,0,25,0,0,-1,-1,-1,-1,0,0,0,0,0,0,-1,0,0,-1,-1,-1,-1,0,0,0,0,0,0,-1,0,16,0,16,0,0,16,16,62,78,1,1,0,0,0,-1,607271242,"6.18"
"C24921",2,2026-07-11,2026-07-10,3,"NXS10218583",477,0,0,0,1,157,2,3,0,25,1,0,-1,-1,-1,0,0,0,0,0,-1,0,21,1,1,336,-1,3,0,0,0,1,1,25,1,0,-1,-1,-1,-1,0,0,0,0,0,0,-1,0,0,0,0,3,79,82,3,0,3,4,0,1,0,0,-1,607271242,"6.18"
"C24933",2,2026-06-07,2026-06-06,2,"RRH14315287",595,0,0,1,0,5,2,1,0,25,1,21,1,314,-1,0,0,1,0,0,25,1,0,-1,-1,-1,-1,0,0,0,0,0,0,-1,0,0,-1,-1,-1,-1,0,0,0,0,0,0,-1,0,116,0,116,0,0,116,116,27,143,1,1,0,0,0,-1,607271242,"6.18"
"C24939",1,2024-09-08,2024-09-07,5,,-1,0,0,0,0,234,1,0,0,25,0,0,-1,-1,-1,0,0,0,0,0,-1,0,12,2,1,116,433,16,0,0,0,0,0,25,0,0,-1,-1,-1,-1,0,0,0,0,0,0,-1,0,0,0,0,16,670,686,16,188,204,4,0,1,0,0,-1,607271242,"6.18"
"C24951",2,2025-09-22,2025-09-21,5,"NXS10214914",-1,0,0,0,0,3,2,1,0,25,1,12,1,314,423,0,0,0,0,0,25,1,0,-1,-1,-1,-1,0,0,0,0,0,0,-1,0,0,-1,-1,-1,-1,0,0,0,0,0,0,-1,0,111,0,111,0,0,111,111,6,117,1,1,0,0,0,-1,607271242,"6.18"
"C24957",1,2025-10-06,2025-10-05,2,"NXS10820878",34,4,0,0,0,3,1,0,0,25,0,22,3,101,207,0,0,0,0,0,25,0,0,-1,-1,-1,-1,0,0,0,0,0,0,-1,0,0,-1,-1,-1,-1,0,0,0,0,0,0,-1,0,55,0,55,0,0,55,55,581,636,1,1,0,0,0,-1,607271242,"6.18"
"C24963",1,2026-04-12,2026-04-11,2,"NXS10814884",728,0,0,0,0,5,1,0,0,55,0,22,3,434,302,0,0,0,0,0,55,0,0,-1,-1,-1,-1,0,0,0,0,0,0,-1,0,0,-1,-1,-1,-1,0,0,0,0,0,0,-1,0,14,0,14,0,0,14,14,764,778,1,1,0,0,0,-1,607271242,"6.18"
"C24987",1,2026-01-16,2026-01-15,3,"NXS11418632",315,1,1,1,2,246,1,0,0,55,0,0,-1,-1,-1,0,0,0,0,0,-1,0,22,1,1,101,419,1,1,1,1,2,0,55,0,21,1,1,101,-1,185,1,1,1,2,0,55,0,0,0,0,73,0,73,73,1596,1669,11,0,1,1,0,-1,607271242,"6.18"
"C25002",1,2025-09-26,2025-09-25,5,,-1,0,0,1,0,3,1,0,0,55,0,12,1,101,313,0,0,1,0,0,55,0,0,-1,-1,-1,-1,0,0,0,0,0,0,-1,0,0,-1,-1,-1,-1,0,0,0,0,0,0,-1,0,41,0,41,0,0,41,41,10,51,1,1,0,0,0,-1,607271242,"6.18"
"C25020",1,2024-04-19,2024-03-22,5,,-1,9,0,1,1,5,2,0,0,25,1,2,-1,-1,-1,0,0,0,0,0,-1,0,12,2,1,101,433,14,0,0,1,1,0,25,1,0,-1,-1,-1,-1,0,0,0,0,0,0,-1,0,20,0,20,7,642,669,27,57,84,5,0,1,0,0,-1,607271242,"6.18"
"C25032",1,2026-01-10,2026-01-09,1,,-1,0,0,0,0,5,1,0,0,25,0,22,1,116,423,0,0,0,0,0,25,0,0,-1,-1,-1,-1,0,0,0,0,0,0,-1,0,0,-1,-1,-1,-1,0,0,0,0,0,0,-1,0,13,0,13,0,0,13,13,0,13,1,1,0,0,0,-1,607271242,"6.18"
"C25059",1,2025-11-12,2025-11-11,4,"RRH14916474",279,5,0,1,2,56,1,0,0,25,0,22,1,336,99,0,0,1,2,0,25,0,21,1,1,101,-1,1,0,0,1,2,0,25,0,0,-1,-1,-1,-1,0,0,0,0,0,0,-1,0,56,0,56,1,121,178,57,185,242,5,1,1,0,0,-1,607271242,"6.18"
"C25062",1,2026-02-15,2026-02-14,4,"NXS10719078",145,4,0,0,0,3,1,0,0,55,0,21,1,116,-1,0,0,0,0,0,55,0,0,-1,-1,-1,-1,0,0,0,0,0,0,-1,0,0,-1,-1,-1,-1,0,0,0,0,0,0,-1,0,228,0,228,0,0,228,228,1474,1702,1,1,0,0,0,-1,607271242,"6.18"
"C25068",2,2025-06-21,2025-06-20,5,,-1,9,0,1,2,13,2,1,0,25,1,0,-1,-1,-1,0,0,0,0,0,-1,0,11,2,1,336,-1,55,0,0,1,2,0,25,1,0,-1,-1,-1,-1,0,0,0,0,0,0,-1,0,0,0,0,55,412,467,55,0,55,4,0,1,0,0,-1,607271242,"6.18"
"C25083",1,2025-09-13,2025-09-12,5,"NXS11315114",-1,0,0,1,1,356,1,0,0,25,0,12,1,116,423,0,0,1,1,0,25,0,0,-1,-1,-1,-1,0,0,0,0,0,0,-1,0,0,-1,-1,-1,-1,0,0,0,0,0,0,-1,0,26,0,26,0,0,26,26,41,67,1,1,0,0,0,-1,607271242,"6.18"
"C25086",1,2026-03-23,2026-03-22,1,,-1,0,0,1,2,5,1,0,0,25,0,22,1,335,101,0,0,1,2,0,25,0,0,-1,-1,-1,-1,0,0,0,0,0,0,-1,0,0,-1,-1,-1,-1,0,0,0,0,0,0,-1,0,21,0,21,0,0,21,21,3,24,1,1,0,0,0,-1,607271242,"6.18"
"C25107",1,2026-01-17,2026-01-16,2,"RRH16216764",332,0,0,1,0,13,1,0,0,25,0,22,1,101,423,0,0,1,0,0,25,0,0,-1,-1,-1,-1,0,0,0,0,0,0,-1,0,0,-1,-1,-1,-1,0,0,0,0,0,0,-1,0,39,0,39,0,0,39,39,0,39,1,1,0,0,0,-1,607271242,"6.18"
"C25116",1,2026-02-21,2026-02-20,1,,-1,9,0,1,2,5,1,0,0,25,0,22,1,116,101,0,0,1,2,0,25,0,0,-1,-1,-1,-1,0,0,0,0,0,0,-1,0,0,-1,-1,-1,-1,0,0,0,0,0,0,-1,0,29,0,29,0,0,29,29,12,41,1,1,0,0,0,-1,607271242,"6.18"
"C25131",2,2025-10-03,2025-10-02,1,,-1,0,0,1,2,5,1,1,0,25,1,22,3,335,312,0,0,1,2,0,25,1,0,-1,-1,-1,-1,0,0,0,0,0,0,-1,0,0,-1,-1,-1,-1,0,0,0,0,0,0,-1,0,86,0,86,0,0,86,86,40,126,1,1,0,0,0,-1,607271242,"6.18"
"C25161",1,2024-04-19,2024-03-31,5,,-1,2,0,1,1,3,1,0,0,25,0,2,-1,-1,-1,0,0,0,0,0,-1,0,12,2,1,101,433,47,0,0,1,1,0,25,0,0,-1,-1,-1,-1,0,0,0,0,0,0,-1,0,25,0,25,29,609,663,54,3302,3356,5,0,1,0,0,-1,607271242,"6.18"
"C25251",1,2025-12-13,2025-12-12,3,"NXS11315143",556,0,0,1,2,5,1,0,0,25,0,22,1,335,423,0,0,1,2,0,25,0,0,-1,-1,-1,-1,0,0,0,0,0,0,-1,0,0,-1,-1,-1,-1,0,0,0,0,0,0,-1,0,26,0,26,0,0,26,26,0,26,1,1,0,0,0,-1,607271242,"6.18"
"C25257",2,2025-09-01,2025-08-31,5,,-1,9,0,1,0,3,1,2,0,25,1,0,-1,-1,-1,0,0,0,0,0,-1,0,12,2,1,336,410,3,0,0,1,0,0,25,1,0,-1,-1,-1,-1,0,0,0,0,0,0,-1,0,0,0,0,3,276,279,3,0,3,4,0,1,0,0,-1,607271242,"6.18"
"C25260",1,2025-12-24,2025-12-23,2,"RRH15618730",189,1,0,1,0,5,1,0,0,25,0,22,1,336,423,1,0,1,0,0,25,0,0,-1,-1,-1,-1,0,0,0,0,0,0,-1,0,0,-1,-1,-1,-1,0,0,0,0,0,0,-1,0,49,0,49,0,0,49,49,0,49,1,1,0,0,0,-1,607271242,"6.18"
"C25287",1,2026-01-19,2026-01-18,1,,-1,0,0,0,0,1,1,0,0,25,0,22,1,207,423,0,0,0,0,0,25,0,0,-1,-1,-1,-1,0,0,0,0,0,0,-1,0,0,-1,-1,-1,-1,0,0,0,0,0,0,-1,0,17,0,17,0,0,17,17,0,17,1,1,0,0,0,-1,607271242,"6.18"
"C25302",1,2026-03-17,2026-03-16,4,"NXS10621711",174,1,0,1,1,56,1,0,0,25,0,22,1,116,99,1,0,1,1,0,25,0,0,-1,-1,-1,-1,0,0,0,0,0,0,-1,0,0,-1,-1,-1,-1,0,0,0,0,0,0,-1,0,18,0,18,0,0,18,18,2,20,1,1,0,0,0,-1,607271242,"6.18"
"C25305",1,2026-07-21,2026-07-20,3,"NXS11418906",417,6,0,1,0,5,1,0,0,25,0,21,1,207,-1,0,0,1,0,0,25,0,0,-1,-1,-1,-1,0,0,0,0,0,0,-1,0,0,-1,-1,-1,-1,0,0,0,0,0,0,-1,0,72,0,72,0,0,72,72,125,197,1,1,0,0,0,-1,607271242,"6.18"
"C25311",1,2025-10-11,2025-10-10,2,"NXS10915171",534,0,0,0,0,5,1,0,0,24,0,22,3,207,98,0,0,0,0,0,24,0,0,-1,-1,-1,-1,0,0,0,0,0,0,-1,0,0,-1,-1,-1,-1,0,0,0,0,0,0,-1,0,77,0,77,0,0,77,77,16,93,1,1,0,0,0,-1,607271242,"6.18"
"C25314",1,2025-08-25,2025-08-24,5,"NXS11317466",-1,1,0,1,0,3,1,0,0,25,0,0,-1,-1,-1,0,0,0,0,0,-1,0,12,2,1,116,410,1,1,0,1,0,0,25,0,0,-1,-1,-1,-1,0,0,0,0,0,0,-1,0,0,0,0,1,306,307,1,1636,1637,4,0,1,0,0,-1,607271242,"6.18"
"C25317",1,2026-05-04,2026-05-03,1,,-1,0,0,1,0,5,1,0,0,55,0,22,1,225,314,0,0,1,0,0,55,0,0,-1,-1,-1,-1,0,0,0,0,0,0,-1,0,0,-1,-1,-1,-1,0,0,0,0,0,0,-1,0,40,0,40,0,0,40,40,2,42,1,1,0,0,0,-1,607271242,"6.18"
"C25341",1,2026-07-04,2026-07-03,1,,-1,1,0,1,2,56,1,0,0,25,0,0,-1,-1,-1,0,0,0,0,0,-1,0,21,1,1,116,-1,21,1,0,1,2,0,25,0,0,-1,-1,-1,-1,0,0,0,0,0,0,-1,0,0,0,0,21,68,89,21,921,942,4,0,1,0,0,-1,607271242,"6.18"
"C25344",1,2025-11-24,2025-11-23,3,"NXS11115178",573,0,0,0,0,5,2,0,0,25,0,22,1,336,314,0,0,0,0,0,25,0,0,-1,-1,-1,-1,0,0,0,0,0,0,-1,0,0,-1,-1,-1,-1,0,0,0,0,0,0,-1,0,55,0,55,0,0,55,55,25,80,1,1,0,0,0,-1,607271242,"6.18"
"C25371",1,2025-10-26,2025-10-25,4,"RRH12117900",157,1,0,1,1,5,1,0,0,25,0,0,-1,-1,-1,0,0,0,0,0,-1,0,22,0,1,116,99,214,1,0,1,1,0,25,0,0,-1,-1,-1,-1,0,0,0,0,0,0,-1,0,0,0,0,213,0,213,213,266,479,4,0,0,0,0,-1,607271242,"6.18"
"C25389",2,2026-03-04,2026-03-03,1,,-1,0,0,0,2,15,1,1,0,24,1,22,1,335,410,0,0,0,2,0,24,1,0,-1,-1,-1,-1,0,0,0,0,0,0,-1,0,0,-1,-1,-1,-1,0,0,0,0,0,0,-1,0,51,0,51,0,0,51,51,0,51,1,1,0,0,0,-1,607271242,"6.18"
"C25401",2,2025-11-08,2025-11-07,3,"NXS10215230",540,0,0,0,2,56,2,1,0,25,1,22,1,116,99,0,0,0,2,0,25,1,0,-1,-1,-1,-1,0,0,0,0,0,0,-1,0,0,-1,-1,-1,-1,0,0,0,0,0,0,-1,0,26,0,26,0,0,26,26,5,31,1,1,0,0,0,-1,607271242,"6.18"
"C25419",1,2025-07-26,2025-07-25,5,,-1,1,0,1,1,5,1,0,0,25,0,0,-1,-1,-1,0,0,0,0,0,-1,0,12,2,2,101,410,61,1,0,1,1,0,25,0,0,-1,-1,-1,-1,0,0,0,0,0,0,-1,0,0,0,0,61,233,294,61,845,906,4,0,1,0,0,-1,607271242,"6.18"
"C25431",1,2026-01-19,2026-01-18,3,"NXS11317371",372,0,0,1,1,5,1,0,0,25,0,22,1,336,423,0,0,1,1,0,25,0,0,-1,-1,-1,-1,0,0,0,0,0,0,-1,0,0,-1,-1,-1,-1,0,0,0,0,0,0,-1,0,23,0,23,0,0,23,23,0,23,1,1,0,0,0,-1,607271242,"6.18"
"C25434",1,2025-09-15,2025-09-14,5,"NXS11315251",-1,0,0,1,1,5,1,0,0,25,0,12,1,116,99,0,0,1,1,0,25,0,0,-1,-1,-1,-1,0,0,0,0,0,0,-1,0,0,-1,-1,-1,-1,0,0,0,0,0,0,-1,0,124,0,124,0,0,124,124,181,305,1,1,0,0,0,-1,607271242,"6.18"
"C25458",1,2026-04-20,2026-04-19,3,"NXS11320653",251,1,0,1,2,5,1,0,0,25,0,22,1,116,423,1,0,1,2,0,25,0,0,-1,-1,-1,-1,0,0,0,0,0,0,-1,0,0,-1,-1,-1,-1,0,0,0,0,0,0,-1,0,20,0,20,0,0,20,20,22,42,1,1,0,0,0,-1,607271242,"6.18"
"C25548",1,2025-10-12,2025-10-11,2,"NXS11315261",443,9,0,1,0,16,2,0,0,25,0,0,-1,-1,-1,0,0,0,0,0,-1,0,22,1,1,336,410,4,0,0,1,0,0,25,0,0,-1,-1,-1,-1,0,0,0,0,0,0,-1,0,0,0,0,4,255,259,4,0,4,4,0,1,0,0,-1,607271242,"6.18"
"C25557",1,2026-05-31,2026-05-30,1,,-1,4,0,0,0,5,1,0,0,25,0,22,1,116,99,0,0,0,0,0,25,0,0,-1,-1,-1,-1,0,0,0,0,0,0,-1,0,0,-1,-1,-1,-1,0,0,0,0,0,0,-1,0,17,0,17,0,0,17,17,31,48,1,1,0,0,0,-1,607271242,"6.18"
"C25593",1,2025-09-15,2025-09-14,5,,-1,0,0,0,2,5,1,0,0,18,0,12,1,335,99,0,0,0,2,0,18,0,0,-1,-1,-1,-1,0,0,0,0,0,0,-1,0,0,-1,-1,-1,-1,0,0,0,0,0,0,-1,0,47,0,47,0,0,47,47,0,47,1,1,0,0,0,-1,607271242,"6.18"
"C25599",1,2026-03-01,2026-02-28,3,"NXS14718144",388,0,0,1,2,134,1,0,0,25,0,22,1,410,410,0,0,1,2,0,25,0,0,-1,-1,-1,-1,0,0,0,0,0,0,-1,0,0,-1,-1,-1,-1,0,0,0,0,0,0,-1,0,49,0,49,0,0,49,49,16,65,1,1,0,0,0,-1,607271242,"6.18"
"C25623",1,2026-07-17,2026-07-16,3,"NXS11315345",720,1,0,1,1,136,1,0,0,55,0,22,1,101,101,1,0,1,1,0,55,0,0,-1,-1,-1,-1,0,0,0,0,0,0,-1,0,0,-1,-1,-1,-1,0,0,0,0,0,0,-1,0,14,0,14,0,0,14,14,3,17,1,1,0,0,0,-1,607271242,"6.18"
"C25629",1,2025-09-22,2025-09-21,5,"NXS10820199",-1,1,0,1,0,5,1,0,0,25,0,12,1,116,312,1,0,1,0,0,25,0,0,-1,-1,-1,-1,0,0,0,0,0,0,-1,0,0,-1,-1,-1,-1,0,0,0,0,0,0,-1,0,116,0,116,0,0,116,116,516,632,1,1,0,0,0,-1,607271242,"6.18"
"C25638",1,2025-12-14,2025-12-13,1,,-1,1,0,1,2,5,1,0,0,55,0,0,-1,-1,-1,0,0,0,0,0,-1,0,21,0,3,116,-1,291,1,0,1,2,0,55,0,0,-1,-1,-1,-1,0,0,0,0,0,0,-1,0,0,0,0,291,0,291,291,667,958,4,0,0,0,0,-1,607271242,"6.18"
"C25662",2,2026-01-31,2026-01-30,1,,-1,0,0,0,1,5,1,1,0,25,1,22,1,336,410,0,0,0,1,0,25,1,0,-1,-1,-1,-1,0,0,0,0,0,0,-1,0,0,-1,-1,-1,-1,0,0,0,0,0,0,-1,0,63,0,63,0,0,63,63,0,63,1,1,0,0,0,-1,607271242,"6.18"
"C25671",1,2025-08-25,2025-08-24,5,,-1,0,0,0,1,5,1,0,0,25,0,0,-1,-1,-1,0,0,0,0,0,-1,0,11,1,1,116,-1,252,0,0,0,1,0,25,0,0,-1,-1,-1,-1,0,0,0,0,0,0,-1,0,0,0,0,252,12,264,252,91,343,4,0,1,0,0,-1,607271242,"6.18"
"C25680",1,2026-01-26,2026-01-25,3,"NXS10615394",612,9,0,1,0,5,1,0,0,18,0,0,-1,-1,-1,0,0,0,0,0,-1,0,22,1,3,116,207,2,0,0,1,0,0,18,0,0,-1,-1,-1,-1,0,0,0,0,0,0,-1,0,0,0,0,2,163,165,2,11,13,4,0,1,0,0,-1,607271242,"6.18"
"C25683",1,2025-12-07,2025-12-06,4,"RRH13316317",173,1,0,1,1,156,1,0,0,18,0,22,1,101,312,1,0,1,1,0,18,0,0,-1,-1,-1,-1,0,0,0,0,0,0,-1,0,0,-1,-1,-1,-1,0,0,0,0,0,0,-1,0,47,0,47,0,0,47,47,4,51,1,1,0,0,0,-1,607271242,"6.18"
"C25686",1,2026-01-28,2026-01-27,3,"NBN10515550",604,1,0,1,0,56,1,0,0,25,0,22,1,116,116,1,0,1,0,0,25,0,0,-1,-1,-1,-1,0,0,0,0,0,0,-1,0,21,1,2,116,-1,150,1,0,1,0,0,25,0,13,0,13,1,0,14,14,489,503,9,1,0,1,0,-1,607271242,"6.18"
"C25695",1,2026-03-12,2026-03-11,4,"NXS12914405",633,9,0,1,0,5,1,0,0,55,0,22,3,116,99,0,0,1,0,0,55,0,0,-1,-1,-1,-1,0,0,0,0,0,0,-1,0,0,-1,-1,-1,-1,0,0,0,0,0,0,-1,0,85,0,85,0,0,85,85,0,85,1,1,0,0,0,-1,607271242,"6.18"
"C25701",1,2026-03-17,2026-03-16,1,,-1,0,0,1,0,35,1,0,0,25,0,22,1,336,99,0,0,1,0,0,25,0,0,-1,-1,-1,-1,0,0,0,0,0,0,-1,0,0,-1,-1,-1,-1,0,0,0,0,0,0,-1,0,29,0,29,0,0,29,29,2,31,1,1,0,0,0,-1,607271242,"6.18"
"C25719",1,2026-03-04,2026-03-03,1,,-1,9,0,1,0,5,1,0,0,24,0,22,3,98,312,0,0,1,0,0,24,0,0,-1,-1,-1,-1,0,0,0,0,0,0,-1,0,0,-1,-1,-1,-1,0,0,0,0,0,0,-1,0,52,0,52,0,0,52,52,5,57,1,1,0,0,0,-1,607271242,"6.18"
"C25734",1,2025-10-24,2025-10-23,3,"NXS11320403",31,0,0,0,0,236,1,0,0,25,0,22,1,314,207,0,0,0,0,0,25,0,0,-1,-1,-1,-1,0,0,0,0,0,0,-1,0,0,-1,-1,-1,-1,0,0,0,0,0,0,-1,0,25,0,25,0,0,25,25,0,25,1,1,0,0,0,-1,607271242,"6.18"
"C25737",1,2026-05-20,2026-05-19,2,"NXS11615526",621,0,0,1,0,5,1,0,0,55,0,22,1,204,314,0,0,1,0,0,55,0,0,-1,-1,-1,-1,0,0,0,0,0,0,-1,0,0,-1,-1,-1,-1,0,0,0,0,0,0,-1,0,15,0,15,0,0,15,15,0,15,1,1,0,0,0,-1,607271242,"6.18"
"C25740",1,2025-10-10,2025-10-09,1,,-1,1,0,1,1,5,1,0,0,55,0,0,-1,-1,-1,0,0,0,0,0,-1,0,21,1,1,101,-1,176,1,0,1,1,0,55,0,0,-1,-1,-1,-1,0,0,0,0,0,0,-1,0,0,0,0,176,180,356,176,221,397,4,0,1,0,0,-1,607271242,"6.18"
"C25743",2,2025-08-24,2025-08-21,5,,-1,0,0,0,0,3,1,1,0,25,1,2,-1,-1,-1,0,0,0,0,0,-1,0,12,2,1,410,420,32,0,0,0,0,0,25,1,0,-1,-1,-1,-1,0,0,0,0,0,0,-1,0,11,0,11,22,127,160,33,0,33,5,0,1,0,0,-1,607271242,"6.18"
"C25746",1,2025-03-23,2025-03-22,5,"NBN10518511",-1,9,0,1,0,245,1,0,0,25,0,2,-1,-1,-1,0,0,0,0,0,-1,0,12,2,1,101,433,1,0,0,1,0,0,25,0,0,-1,-1,-1,-1,0,0,0,0,0,0,-1,0,1,0,1,0,317,318,1,52,53,5,0,1,0,0,-1,607271242,"6.18"
"C25776",1,2025-09-12,2025-09-11,5,"NXS10615580",-1,1,0,1,0,5,2,0,0,55,0,0,-1,-1,-1,0,0,0,0,0,-1,0,11,1,1,101,-1,123,1,0,1,0,0,55,0,0,-1,-1,-1,-1,0,0,0,0,0,0,-1,0,0,0,0,123,261,384,123,425,548,4,0,1,0,0,-1,607271242,"6.18"
"C25779",1,2026-03-09,2026-03-08,1,,-1,1,0,1,1,5,1,0,0,25,0,22,1,116,313,1,0,1,1,0,25,0,0,-1,-1,-1,-1,0,0,0,0,0,0,-1,0,0,-1,-1,-1,-1,0,0,0,0,0,0,-1,0,16,0,16,0,0,16,16,1632,1648,1,1,0,0,0,-1,607271242,"6.18"
"C25818",2,2025-09-18,2025-09-17,5,,-1,0,0,0,2,15,2,1,0,25,1,12,1,434,422,0,0,0,2,0,25,1,0,-1,-1,-1,-1,0,0,0,0,0,0,-1,0,0,-1,-1,-1,-1,0,0,0,0,0,0,-1,0,72,0,72,0,0,72,72,0,72,1,1,0,0,0,-1,607271242,"6.18"
"C25824",1,2026-07-20,2026-07-19,2,"RRH12415441",632,1,1,1,0,5,1,0,0,55,0,0,-1,-1,-1,0,0,0,0,0,-1,0,21,0,1,101,-1,73,1,1,1,0,0,55,0,0,-1,-1,-1,-1,0,0,0,0,0,0,-1,0,0,0,0,73,0,73,73,805,878,4,0,0,0,0,-1,607271242,"6.18"
"C25827",1,2026-01-20,2026-01-19,1,,-1,0,0,1,2,345,1,0,0,55,0,22,1,336,423,0,0,1,2,0,55,0,0,-1,-1,-1,-1,0,0,0,0,0,0,-1,0,0,-1,-1,-1,-1,0,0,0,0,0,0,-1,0,17,0,17,0,0,17,17,0,17,1,1,0,0,0,-1,607271242,"6.18"
"C25833",1,2025-04-11,2025-03-17,5,"NBN10518953",-1,6,0,1,1,3,1,0,0,25,0,21,1,99,-1,0,0,1,1,0,25,0,11,2,1,101,-1,165,0,0,1,1,0,25,0,0,-1,-1,-1,-1,0,0,0,0,0,0,-1,0,42,0,42,150,277,469,192,116,308,5,1,1,0,0,-1,607271242,"6.18"
"C25836",1,2025-08-01,2025-07-31,5,,-1,9,1,1,0,5,1,0,0,25,0,0,-1,-1,-1,0,0,0,0,0,-1,0,12,2,2,116,410,10,0,1,1,0,0,25,0,0,-1,-1,-1,-1,0,0,0,0,0,0,-1,0,0,0,0,10,174,184,10,15,25,4,0,1,0,0,-1,607271242,"6.18"
"C25839",1,2026-05-18,2026-05-17,1,,-1,0,0,1,2,346,1,0,0,25,0,22,1,101,205,0,0,1,2,0,25,0,22,0,1,101,205,35,0,0,1,2,0,25,0,0,-1,-1,-1,-1,0,0,0,0,0,0,-1,0,37,0,37,8,0,45,45,117,162,5,1,0,0,0,-1,607271242,"6.18"
"C25899",1,2024-06-08,2024-06-07,5,,-1,0,0,0,0,456,1,0,0,25,0,0,-1,-1,-1,0,0,0,0,0,-1,0,12,2,1,116,433,58,0,0,0,0,0,25,0,0,-1,-1,-1,-1,0,0,0,0,0,0,-1,0,0,0,0,58,548,606,58,35,93,4,0,1,0,0,-1,607271242,"6.18"
"C25920",2,2025-12-18,2025-12-17,1,,-1,0,0,0,0,3,2,3,0,25,1,22,1,410,314,0,0,0,0,1,25,1,0,-1,-1,-1,-1,0,0,0,0,0,0,-1,0,0,-1,-1,-1,-1,0,0,0,0,0,0,-1,0,87,0,87,0,0,87,87,0,87,1,1,0,0,0,-1,607271242,"6.18"
"C25938",1,2025-08-15,2025-08-14,5,,-1,0,0,1,2,35,1,0,0,25,0,22,1,116,410,0,0,1,2,0,25,0,12,0,1,116,422,61,0,0,1,2,0,25,0,0,-1,-1,-1,-1,0,0,0,0,0,0,-1,0,19,0,19,60,0,79,79,108,187,5,1,0,0,0,-1,607271242,"6.18"
"C25941",1,2022-06-28,2022-06-27,5,,-1,0,1,1,0,5,1,0,0,55,0,0,-1,-1,-1,0,0,0,0,0,-1,0,0,-1,-1,-1,-1,0,0,0,0,0,0,-1,0,11,2,1,410,-1,1490,0,1,1,0,0,55,0,0,0,0,66,0,66,66,0,66,-1,0,0,1,0,-1,607271242,"6.18"
"C25956",1,2026-02-21,2026-02-20,1,,-1,1,0,1,1,56,1,0,0,25,0,22,1,116,312,1,0,1,1,0,25,0,21,0,1,116,-1,222,1,0,1,1,0,25,0,0,-1,-1,-1,-1,0,0,0,0,0,0,-1,0,0,51,51,171,0,222,222,750,972,6,1,0,0,0,-1,607271242,"6.18"
"C25962",1,2026-07-20,2026-07-19,1,,-1,4,1,0,0,5,1,0,0,55,0,0,-1,-1,-1,0,0,0,0,0,-1,0,21,0,1,101,-1,73,0,1,0,0,0,55,0,0,-1,-1,-1,-1,0,0,0,0,0,0,-1,0,0,0,0,73,0,73,73,21725,21798,4,0,0,0,0,-1,607271242,"6.18"
"C25995",1,2025-09-01,2025-08-31,5,"NXS11420200",-1,4,0,0,0,5,1,0,0,25,0,12,1,116,98,0,0,0,0,0,25,0,12,1,1,101,433,184,0,0,0,0,0,25,0,0,-1,-1,-1,-1,0,0,0,0,0,0,-1,0,52,0,52,144,46,242,196,16,212,5,1,1,0,0,-1,607271242,"6.18"
"C26001",1,2025-09-27,2025-09-26,5,"RRH15716044",-1,5,1,1,0,3,1,0,0,55,0,0,-1,-1,-1,0,0,0,0,0,-1,0,0,-1,-1,-1,-1,0,0,0,0,0,0,-1,0,11,2,1,101,-1,369,0,1,1,0,0,55,0,0,0,0,0,0,0,0,491,491,-1,0,0,1,0,-1,607271242,"6.18"
"C26022",1,2025-12-01,2025-11-30,2,"RRH13116008",435,0,0,1,2,5,1,0,0,25,0,22,1,205,101,0,0,1,2,0,25,0,0,-1,-1,-1,-1,0,0,0,0,0,0,-1,0,0,-1,-1,-1,-1,0,0,0,0,0,0,-1,0,13,17,30,0,0,30,30,0,30,3,1,0,0,0,-1,607271242,"6.18"
"C26025",2,2026-01-17,2026-01-16,2,"NXS10215562",568,0,0,0,1,3,1,3,0,25,1,22,1,335,99,0,0,0,1,1,25,1,0,-1,-1,-1,-1,0,0,0,0,0,0,-1,0,0,-1,-1,-1,-1,0,0,0,0,0,0,-1,0,28,0,28,0,0,28,28,8,36,1,1,0,0,0,-1,607271242,"6.18"
"C26037",1,2025-11-08,2025-11-07,1,,-1,0,0,0,0,12,1,0,0,55,0,22,1,336,116,0,0,0,0,0,55,0,0,-1,-1,-1,-1,0,0,0,0,0,0,-1,0,0,-1,-1,-1,-1,0,0,0,0,0,0,-1,0,95,0,95,0,0,95,95,60,155,1,1,0,0,0,-1,607271242,"6.18"
"C26208",1,2025-12-11,2025-12-10,3,"NXS12718357",302,1,1,1,0,5,1,0,0,25,0,22,1,336,423,1,1,1,0,0,25,0,0,-1,-1,-1,-1,0,0,0,0,0,0,-1,0,21,1,2,116,-1,163,1,1,1,0,0,25,0,32,0,32,1,0,33,33,520,553,9,1,0,1,0,-1,607271242,"6.18"
"C26214",1,2026-04-11,2026-04-10,1,,-1,1,0,1,2,37,2,0,0,55,0,0,-1,-1,-1,0,0,0,0,0,-1,0,21,0,1,116,-1,173,1,0,1,2,0,55,0,0,-1,-1,-1,-1,0,0,0,0,0,0,-1,0,0,0,0,173,0,173,173,318,491,4,0,0,0,0,-1,607271242,"6.18"
"C26235",2,2026-06-22,2026-06-21,1,,-1,0,0,0,0,46,1,2,0,25,1,21,1,335,-1,0,0,0,0,0,25,1,0,-1,-1,-1,-1,0,0,0,0,0,0,-1,0,0,-1,-1,-1,-1,0,0,0,0,0,0,-1,0,101,0,101,0,0,101,101,0,101,1,1,0,0,0,-1,607271242,"6.18"
"C26295",2,2025-08-28,2025-08-27,5,"NXS10215682",-1,0,0,0,1,5,1,1,0,25,1,12,1,335,423,0,0,0,1,0,25,1,0,-1,-1,-1,-1,0,0,0,0,0,0,-1,0,0,-1,-1,-1,-1,0,0,0,0,0,0,-1,0,42,0,42,0,0,42,42,93,135,1,1,0,0,0,-1,607271242,"6.18"
"C26304",2,2026-05-26,2026-05-25,2,"RRH15616127",496,0,0,0,2,3,1,3,0,25,1,21,1,335,-1,0,0,0,2,1,25,1,0,-1,-1,-1,-1,0,0,0,0,0,0,-1,0,0,-1,-1,-1,-1,0,0,0,0,0,0,-1,0,128,0,128,0,0,128,128,388,516,1,1,0,0,0,-1,607271242,"6.18"
"C26331",2,2025-09-27,2025-09-26,5,,-1,0,0,0,0,3,1,2,0,24,1,12,1,336,99,0,0,0,0,0,24,1,0,-1,-1,-1,-1,0,0,0,0,0,0,-1,0,0,-1,-1,-1,-1,0,0,0,0,0,0,-1,0,67,0,67,0,0,67,67,7,74,1,1,0,0,0,-1,607271242,"6.18"
"C26355",2,2025-11-24,2025-11-23,1,,-1,0,0,0,1,3,1,1,0,18,1,22,1,99,99,0,0,0,1,0,18,1,21,1,1,101,-1,29,0,0,0,1,0,18,1,0,-1,-1,-1,-1,0,0,0,0,0,0,-1,0,28,0,28,19,242,289,47,150,197,5,1,1,0,0,-1,607271242,"6.18"
"C26367",1,2025-10-15,2025-10-14,1,,-1,0,0,1,0,3,1,0,0,55,0,22,1,410,410,0,0,1,0,0,55,0,0,-1,-1,-1,-1,0,0,0,0,0,0,-1,0,0,-1,-1,-1,-1,0,0,0,0,0,0,-1,0,91,0,91,0,0,91,91,0,91,1,1,0,0,0,-1,607271242,"6.18"
"C26388",1,2026-07-08,2026-07-07,4,"NXS10615723",698,0,0,0,0,4,1,0,0,25,0,21,1,204,-1,0,0,0,0,0,25,0,0,-1,-1,-1,-1,0,0,0,0,0,0,-1,0,0,-1,-1,-1,-1,0,0,0,0,0,0,-1,0,85,0,85,0,0,85,85,750,835,1,1,0,0,0,-1,607271242,"6.18"
"C26397",1,2025-09-01,2025-08-31,5,,-1,0,0,0,0,5,1,0,0,55,0,0,-1,-1,-1,0,0,0,0,0,-1,0,12,1,3,410,431,33,0,0,0,0,0,55,0,0,-1,-1,-1,-1,0,0,0,0,0,0,-1,0,0,0,0,33,12,45,33,0,33,4,0,1,0,0,-1,607271242,"6.18"
"C26400",1,2024-11-12,2024-11-11,5,,-1,0,1,1,0,3,1,0,0,55,0,0,-1,-1,-1,0,0,0,0,0,-1,0,0,-1,-1,-1,-1,0,0,0,0,0,0,-1,0,11,2,1,101,-1,620,0,1,1,0,0,55,0,0,0,0,68,0,68,68,146,214,-1,0,0,1,0,-1,607271242,"6.18"
"C26409",1,2025-07-28,2025-07-27,2,"NXS10918376",162,1,0,1,2,5,1,0,0,25,0,0,-1,-1,-1,0,0,0,0,0,-1,0,0,-1,-1,-1,-1,0,0,0,0,0,0,-1,0,0,-1,-1,-1,-1,0,0,0,0,0,0,-1,0,0,0,0,0,0,0,0,5,5,12,0,0,0,12,2,607271242,"6.18"
"C26412",1,2025-12-26,2025-12-25,1,,-1,0,0,1,0,146,1,0,0,24,0,21,1,336,-1,0,0,1,0,0,24,0,0,-1,-1,-1,-1,0,0,0,0,0,0,-1,0,0,-1,-1,-1,-1,0,0,0,0,0,0,-1,0,120,0,120,0,0,120,120,17,137,1,1,0,0,0,-1,607271242,"6.18"
"C26436",1,2026-05-22,2026-05-21,2,"RRH16020316",268,1,0,1,0,5,1,0,0,25,0,0,-1,-1,-1,0,0,0,0,0,-1,0,21,1,1,116,-1,51,1,0,1,0,0,25,0,0,-1,-1,-1,-1,0,0,0,0,0,0,-1,0,0,0,0,51,81,132,51,67,118,4,0,1,0,0,-1,607271242,"6.18"
"C26442",1,2025-09-15,2025-09-14,5,,-1,0,0,0,0,5,1,0,0,25,0,12,1,118,410,0,0,0,0,0,25,0,0,-1,-1,-1,-1,0,0,0,0,0,0,-1,0,0,-1,-1,-1,-1,0,0,0,0,0,0,-1,0,92,0,92,0,0,92,92,9,101,1,1,0,0,0,-1,607271242,"6.18"
"C26451",1,2026-05-04,2026-05-03,1,,-1,0,0,1,1,56,1,0,0,25,0,0,-1,-1,-1,0,0,0,0,0,-1,0,21,1,1,116,-1,50,0,0,1,1,0,25,0,0,-1,-1,-1,-1,0,0,0,0,0,0,-1,0,0,0,0,50,100,150,50,116,166,4,0,1,0,0,-1,607271242,"6.18"
"C26466",1,2026-01-21,2026-01-20,3,"NXS11316034",471,1,0,1,0,5,1,0,0,25,0,22,1,207,423,1,0,1,0,0,25,0,0,-1,-1,-1,-1,0,0,0,0,0,0,-1,0,0,-1,-1,-1,-1,0,0,0,0,0,0,-1,0,25,0,25,0,0,25,25,0,25,1,1,0,0,0,-1,607271242,"6.18"
"C26469",1,2026-04-23,2026-04-22,1,,-1,0,0,1,0,234,1,0,0,25,0,22,1,116,116,0,0,1,0,0,25,0,0,-1,-1,-1,-1,0,0,0,0,0,0,-1,0,0,-1,-1,-1,-1,0,0,0,0,0,0,-1,0,43,0,43,0,0,43,43,2,45,1,1,0,0,0,-1,607271242,"6.18"
"C26472",1,2025-09-05,2025-09-04,5,,-1,1,1,1,0,5,1,0,0,55,0,12,1,116,420,1,1,1,0,0,55,0,0,-1,-1,-1,-1,0,0,0,0,0,0,-1,0,0,-1,-1,-1,-1,0,0,0,0,0,0,-1,0,62,0,62,0,0,62,62,1036,1098,1,1,0,0,0,-1,607271242,"6.18"
"C26478",1,2025-10-16,2025-10-15,4,"NXS10620883",61,0,0,1,0,5,1,0,0,18,0,22,1,116,313,0,0,1,0,0,18,0,0,-1,-1,-1,-1,0,0,0,0,0,0,-1,0,0,-1,-1,-1,-1,0,0,0,0,0,0,-1,0,13,0,13,0,0,13,13,2,15,1,1,0,0,0,-1,607271242,"6.18"
"C26508",2,2025-07-12,2025-07-11,1,,-1,0,0,0,1,5,1,1,0,25,1,0,-1,-1,-1,0,0,0,0,0,-1,0,0,-1,-1,-1,-1,0,0,0,0,0,0,-1,0,0,-1,-1,-1,-1,0,0,0,0,0,0,-1,0,0,0,0,0,0,0,0,0,0,12,0,0,0,12,2,607271242,"6.18"
"C26562",1,2025-08-05,2025-08-04,5,"NXS10615770",-1,1,0,1,0,3,1,0,0,25,0,11,1,116,-1,1,0,1,0,0,25,0,0,-1,-1,-1,-1,0,0,0,0,0,0,-1,0,0,-1,-1,-1,-1,0,0,0,0,0,0,-1,0,151,0,151,0,0,151,151,3,154,1,1,0,0,0,-1,607271242,"6.18"
"C26565",1,2026-02-16,2026-02-15,1,,-1,4,0,0,0,5,1,0,0,25,0,0,-1,-1,-1,0,0,0,0,0,-1,0,22,1,1,116,410,1,0,0,0,0,0,25,0,0,-1,-1,-1,-1,0,0,0,0,0,0,-1,0,0,0,0,1,110,111,1,369,370,4,0,1,0,0,-1,607271242,"6.18"
"C26580",1,2025-06-09,2025-05-16,5,"NBN10519340",-1,6,0,1,0,346,1,0,0,25,0,2,-1,-1,-1,0,0,0,0,0,-1,0,11,2,1,101,-1,7,0,0,1,0,0,25,0,0,-1,-1,-1,-1,0,0,0,0,0,0,-1,0,15,0,15,15,472,502,30,316,346,5,0,1,0,0,-1,607271242,"6.18"
"C26583",1,2024-06-09,2024-06-08,5,,-1,1,0,1,0,5,1,0,0,25,0,0,-1,-1,-1,0,0,0,0,0,-1,0,12,1,1,116,434,531,1,0,1,0,0,25,0,0,-1,-1,-1,-1,0,0,0,0,0,0,-1,0,0,0,0,531,31,562,531,145,676,4,0,1,0,0,-1,607271242,"6.18"
"C26586",1,2026-01-09,2026-01-08,2,"NXS11320652",128,1,0,1,2,5,1,0,0,55,0,22,1,206,99,1,0,1,2,0,55,0,21,1,1,116,-1,16,1,0,1,2,0,55,0,0,-1,-1,-1,-1,0,0,0,0,0,0,-1,0,35,0,35,16,179,230,51,1016,1067,5,1,1,0,0,-1,607271242,"6.18"
"C26625",1,2026-07-07,2026-07-06,4,"NXS10615784",710,0,0,1,0,3,1,0,0,25,0,22,1,206,99,0,0,1,0,0,25,0,0,-1,-1,-1,-1,0,0,0,0,0,0,-1,0,0,-1,-1,-1,-1,0,0,0,0,0,0,-1,0,17,0,17,0,0,17,17,5,22,1,1,0,0,0,-1,607271242,"6.18"
"C26649",1,2024-08-05,2024-07-25,5,,-1,5,1,1,0,1,1,0,0,55,0,2,-1,-1,-1,0,0,0,0,0,-1,0,12,2,1,101,410,53,0,1,1,0,0,55,0,0,-1,-1,-1,-1,0,0,0,0,0,0,-1,0,32,0,32,31,383,446,63,263,326,5,0,1,0,0,-1,607271242,"6.18"
"C26658",1,2025-06-15,2025-06-14,5,,-1,0,1,1,0,3,1,0,0,55,0,0,-1,-1,-1,0,0,0,0,0,-1,0,11,2,1,116,-1,103,0,1,1,0,0,55,0,0,-1,-1,-1,-1,0,0,0,0,0,0,-1,0,0,0,0,103,370,473,103,15,118,4,0,1,0,0,-1,607271242,"6.18"
"C26661",1,2026-02-06,2026-02-05,1,,-1,1,0,1,0,567,1,0,0,25,0,22,1,118,423,1,0,1,0,0,25,0,0,-1,-1,-1,-1,0,0,0,0,0,0,-1,0,0,-1,-1,-1,-1,0,0,0,0,0,0,-1,0,83,0,83,0,0,83,83,0,83,1,1,0,0,0,-1,607271242,"6.18"
"C26673",2,2026-02-14,2026-02-13,2,"NXS10215809",521,4,0,0,1,3,1,1,0,25,1,22,1,314,313,0,0,0,1,0,25,1,21,1,1,101,-1,2,0,0,0,1,0,25,1,0,-1,-1,-1,-1,0,0,0,0,0,0,-1,0,71,0,71,2,87,160,73,77,150,5,1,1,0,0,-1,607271242,"6.18"
"C26709",1,2026-04-17,2026-04-16,1,,-1,0,0,0,2,3,1,0,0,24,0,22,1,335,99,0,0,0,2,0,24,0,0,-1,-1,-1,-1,0,0,0,0,0,0,-1,0,0,-1,-1,-1,-1,0,0,0,0,0,0,-1,0,19,0,19,0,0,19,19,0,19,1,1,0,0,0,-1,607271242,"6.18"
"C26712",1,2025-09-12,2025-09-11,5,,-1,0,0,1,2,5,1,0,0,25,0,12,3,335,431,0,0,1,2,0,25,0,0,-1,-1,-1,-1,0,0,0,0,0,0,-1,0,0,-1,-1,-1,-1,0,0,0,0,0,0,-1,0,23,0,23,0,0,23,23,105,128,1,1,0,0,0,-1,607271242,"6.18"
"C26712",2,2025-10-05,2025-10-04,3,"NXS13819852",56,0,0,1,2,5,1,3,0,25,1,0,-1,-1,-1,0,0,0,0,0,-1,0,0,-1,-1,-1,-1,0,0,0,0,0,0,-1,0,0,-1,-1,-1,-1,0,0,0,0,0,0,-1,0,0,0,0,0,0,0,0,0,0,12,0,0,0,22,1,607271242,"6.18"
"C26787",1,2025-10-06,2025-10-05,4,"RRH12315983",376,1,1,1,0,5,1,0,0,25,0,22,1,116,313,1,1,1,0,0,25,0,0,-1,-1,-1,-1,0,0,0,0,0,0,-1,0,0,-1,-1,-1,-1,0,0,0,0,0,0,-1,0,56,0,56,0,0,56,56,16,72,1,1,0,0,0,-1,607271242,"6.18"
"C26811",2,2026-08-01,2026-07-31,2,"RRH14915998",365,6,0,1,0,3,1,1,0,25,1,21,1,99,-1,0,0,1,0,0,25,1,0,-1,-1,-1,-1,0,0,0,0,0,0,-1,0,0,-1,-1,-1,-1,0,0,0,0,0,0,-1,0,2,0,2,0,0,2,2,240,242,1,1,0,0,0,-1,607271242,"6.18"
"C26826",1,2025-10-14,2025-10-13,1,,-1,0,0,1,0,5,1,0,0,25,0,22,1,116,99,0,0,1,0,0,25,0,0,-1,-1,-1,-1,0,0,0,0,0,0,-1,0,0,-1,-1,-1,-1,0,0,0,0,0,0,-1,0,34,0,34,0,0,34,34,9,43,1,1,0,0,0,-1,607271242,"6.18"
"C26841",1,2024-10-04,2024-07-07,5,"NXS11315870",-1,9,1,1,0,5,1,0,0,25,0,2,-1,-1,-1,0,0,0,0,0,-1,0,0,-1,-1,-1,-1,0,0,0,0,0,0,-1,0,11,2,1,335,-1,553,0,1,1,0,0,25,0,262,0,262,0,0,262,262,248,510,-1,0,0,1,0,-1,607271242,"6.18"
"C26856",1,2026-05-10,2026-05-09,3,"NXS14717773",477,1,0,1,0,26,1,0,0,25,0,22,1,204,99,1,0,1,0,0,25,0,0,-1,-1,-1,-1,0,0,0,0,0,0,-1,0,0,-1,-1,-1,-1,0,0,0,0,0,0,-1,0,52,0,52,0,0,52,52,24,76,1,1,0,0,0,-1,607271242,"6.18"
"C26868",1,2026-05-05,2026-05-04,1,,-1,6,1,1,0,56,1,0,0,55,0,0,-1,-1,-1,0,0,0,0,0,-1,0,21,0,1,116,-1,149,0,1,1,0,0,55,0,21,0,1,116,-1,0,0,1,1,0,0,55,0,0,0,0,149,0,149,149,183,332,11,0,0,0,0,-1,607271242,"6.18"
"C26889",1,2025-09-21,2025-09-20,5,,-1,4,0,0,2,5,1,0,0,18,0,12,1,336,410,0,0,0,2,0,18,0,0,-1,-1,-1,-1,0,0,0,0,0,0,-1,0,0,-1,-1,-1,-1,0,0,0,0,0,0,-1,0,76,0,76,0,0,76,76,0,76,1,1,0,0,0,-1,607271242,"6.18"
"C26895",1,2025-09-19,2025-09-18,5,"NXS11319114",-1,0,0,0,1,5,1,0,0,25,0,12,1,314,423,0,0,0,1,0,25,0,0,-1,-1,-1,-1,0,0,0,0,0,0,-1,0,0,-1,-1,-1,-1,0,0,0,0,0,0,-1,0,42,0,42,0,0,42,42,42,84,1,1,0,0,0,-1,607271242,"6.18"
"C26922",1,2026-02-14,2026-02-13,1,,-1,0,0,1,0,5,1,0,0,25,0,0,-1,-1,-1,0,0,0,0,0,-1,0,22,1,1,116,410,4,0,0,1,0,0,25,0,0,-1,-1,-1,-1,0,0,0,0,0,0,-1,0,0,0,0,4,162,166,4,63,67,4,0,1,0,0,-1,607271242,"6.18"
"C26934",1,2025-10-23,2025-10-22,2,"NXS10615897",425,9,0,1,0,3,1,0,0,55,0,22,1,335,410,0,0,1,0,0,55,0,0,-1,-1,-1,-1,0,0,0,0,0,0,-1,0,0,-1,-1,-1,-1,0,0,0,0,0,0,-1,0,55,0,55,0,0,55,55,15,70,1,1,0,0,0,-1,607271242,"6.18"
"C26937",1,2025-10-27,2025-10-26,4,"NXS10617369",318,0,0,0,0,3,1,0,0,25,0,22,1,336,313,0,0,0,0,0,25,0,0,-1,-1,-1,-1,0,0,0,0,0,0,-1,0,0,-1,-1,-1,-1,0,0,0,0,0,0,-1,0,33,0,33,0,0,33,33,4,37,1,1,0,0,0,-1,607271242,"6.18"
"C26943",1,2025-09-19,2025-09-12,5,"NXS11321785",-1,0,0,1,0,56,1,0,0,25,0,12,1,116,422,0,0,1,0,0,25,0,0,-1,-1,-1,-1,0,0,0,0,0,0,-1,0,0,-1,-1,-1,-1,0,0,0,0,0,0,-1,0,33,0,33,0,0,33,33,40,73,1,1,0,0,0,-1,607271242,"6.18"
"C26952",1,2026-03-27,2026-03-26,3,"NXS11319739",261,1,0,1,1,5,2,0,0,24,0,22,1,116,116,1,0,1,1,0,24,0,0,-1,-1,-1,-1,0,0,0,0,0,0,-1,0,0,-1,-1,-1,-1,0,0,0,0,0,0,-1,0,31,0,31,0,0,31,31,2,33,1,1,0,0,0,-1,607271242,"6.18"
"C26958",1,2025-07-28,2025-07-27,5,"RRH15816199",-1,6,0,1,2,5,1,0,0,55,0,12,1,336,314,0,0,1,2,0,55,0,0,-1,-1,-1,-1,0,0,0,0,0,0,-1,0,0,-1,-1,-1,-1,0,0,0,0,0,0,-1,0,109,0,109,0,0,109,109,18,127,1,1,0,0,0,-1,607271242,"6.18"
"C26964",1,2025-10-08,2025-10-07,1,,-1,0,0,1,0,5,1,0,0,25,0,22,1,204,99,0,0,1,0,0,25,0,0,-1,-1,-1,-1,0,0,0,0,0,0,-1,0,0,-1,-1,-1,-1,0,0,0,0,0,0,-1,0,19,0,19,0,0,19,19,137,156,1,1,0,0,0,-1,607271242,"6.18"
"C26970",2,2026-06-29,2026-06-28,1,,-1,0,0,1,0,3,1,1,0,25,1,0,-1,-1,-1,0,0,0,0,0,-1,0,21,0,1,116,-1,94,0,0,1,0,0,25,1,0,-1,-1,-1,-1,0,0,0,0,0,0,-1,0,0,0,0,94,0,94,94,57,151,4,0,0,0,0,-1,607271242,"6.18"
"C26973",1,2025-07-06,2025-01-17,5,"NBN10516003",-1,1,0,1,0,3,1,0,0,25,0,22,1,99,99,1,0,1,0,0,25,0,11,0,1,116,-1,452,1,0,1,0,0,25,0,0,-1,-1,-1,-1,0,0,0,0,0,0,-1,0,17,0,17,462,0,479,479,221,700,5,1,0,0,0,-1,607271242,"6.18"
"C26991",2,2025-11-04,2025-11-03,1,,-1,0,1,1,2,5,1,1,0,25,1,0,-1,-1,-1,0,0,0,0,0,-1,0,21,1,1,116,-1,6,0,1,1,2,0,25,1,0,-1,-1,-1,-1,0,0,0,0,0,0,-1,0,0,0,0,6,325,331,6,62,68,4,0,1,0,0,-1,607271242,"6.18"
"C26994",1,2025-09-20,2025-09-19,5,"NXS11320503",-1,4,0,0,2,5,1,0,0,25,0,12,1,336,440,0,0,0,2,0,25,0,0,-1,-1,-1,-1,0,0,0,0,0,0,-1,0,0,-1,-1,-1,-1,0,0,0,0,0,0,-1,0,198,0,198,0,0,198,198,0,198,1,1,0,0,0,-1,607271242,"6.18"
"C27003",1,2026-03-28,2026-03-27,2,"RRH14016259",464,9,0,1,0,5,2,0,0,25,0,21,1,314,-1,0,0,1,0,0,25,0,0,-1,-1,-1,-1,0,0,0,0,0,0,-1,0,0,-1,-1,-1,-1,0,0,0,0,0,0,-1,0,187,0,187,0,0,187,187,15,202,1,1,0,0,0,-1,607271242,"6.18"
"C27012",1,2025-12-04,2025-12-03,2,"NXS13818251",261,0,0,1,0,126,1,0,0,18,0,22,3,336,313,0,0,1,0,0,18,0,0,-1,-1,-1,-1,0,0,0,0,0,0,-1,0,0,-1,-1,-1,-1,0,0,0,0,0,0,-1,0,59,0,59,0,0,59,59,0,59,1,1,0,0,0,-1,607271242,"6.18"
"C27021",1,2024-08-02,2024-07-29,5,,-1,6,0,1,0,5,1,0,0,55,0,2,-1,-1,-1,0,0,0,0,0,-1,0,12,2,1,116,433,114,0,0,1,0,0,55,0,0,-1,-1,-1,-1,0,0,0,0,0,0,-1,0,35,0,35,80,607,722,115,203,318,5,0,1,0,0,-1,607271242,"6.18"
"C27024",1,2025-07-14,2025-07-13,5,"NXS11115993",-1,0,0,0,0,5,1,0,0,25,0,12,1,116,314,0,0,0,0,0,25,0,0,-1,-1,-1,-1,0,0,0,0,0,0,-1,0,0,-1,-1,-1,-1,0,0,0,0,0,0,-1,0,94,0,94,0,0,94,94,0,94,1,1,0,0,0,-1,607271242,"6.18"
"C27027",1,2025-12-07,2025-12-06,1,,-1,0,0,0,1,5,1,0,0,25,0,22,1,116,116,0,0,0,1,0,25,0,0,-1,-1,-1,-1,0,0,0,0,0,0,-1,0,0,-1,-1,-1,-1,0,0,0,0,0,0,-1,0,22,0,22,0,0,22,22,8,30,1,1,0,0,0,-1,607271242,"6.18"
"C27069",1,2026-07-24,2026-07-23,2,"RRH14916237",335,9,0,1,1,5,2,0,0,25,0,0,-1,-1,-1,0,0,0,0,0,-1,0,21,0,1,410,-1,69,0,0,1,1,0,25,0,0,-1,-1,-1,-1,0,0,0,0,0,0,-1,0,0,0,0,69,0,69,69,0,69,4,0,0,0,0,-1,607271242,"6.18"
"C27084",1,2025-04-18,2025-04-17,5,"NXS11416099",-1,6,1,1,0,5,1,0,0,55,0,0,-1,-1,-1,0,0,0,0,0,-1,0,12,2,2,101,410,14,0,1,1,0,0,55,0,0,-1,-1,-1,-1,0,0,0,0,0,0,-1,0,0,0,0,14,178,192,14,263,277,4,0,1,0,0,-1,607271242,"6.18"
"C27090",1,2025-05-26,2025-03-27,5,"NXS11417862",-1,2,0,1,0,147,1,0,0,25,0,21,1,116,-1,0,0,1,0,0,25,0,12,2,1,101,433,54,0,0,1,0,0,25,0,0,-1,-1,-1,-1,0,0,0,0,0,0,-1,0,122,0,122,0,200,322,122,58,180,5,1,1,0,0,-1,607271242,"6.18"
"C27105",1,2024-12-24,2024-12-07,5,"NXS12717683",-1,1,0,1,1,5,1,0,0,25,0,2,-1,-1,-1,0,0,0,0,0,-1,0,12,2,1,101,410,82,1,0,1,1,0,25,0,0,-1,-1,-1,-1,0,0,0,0,0,0,-1,0,17,0,17,77,243,337,94,162,256,5,0,1,0,0,-1,607271242,"6.18"
"C27108",1,2026-01-27,2026-01-26,2,"NXS11316121",368,1,0,1,0,56,1,0,0,25,0,22,1,420,423,1,0,1,0,0,25,0,0,-1,-1,-1,-1,0,0,0,0,0,0,-1,0,0,-1,-1,-1,-1,0,0,0,0,0,0,-1,0,19,0,19,0,0,19,19,0,19,1,1,0,0,0,-1,607271242,"6.18"
"C27111",1,2024-08-23,2024-08-22,5,,-1,0,0,1,0,5,2,0,0,55,0,0,-1,-1,-1,0,0,0,0,0,-1,0,12,2,1,101,433,36,0,0,1,0,0,55,0,0,-1,-1,-1,-1,0,0,0,0,0,0,-1,0,0,0,0,36,382,418,36,12,48,4,0,1,0,0,-1,607271242,"6.18"
"C27120",1,2025-05-11,2025-05-10,5,"RRH15816306",-1,4,0,0,0,5,2,0,0,25,0,0,-1,-1,-1,0,0,0,0,0,-1,0,12,1,3,101,99,145,0,0,0,0,0,25,0,0,-1,-1,-1,-1,0,0,0,0,0,0,-1,0,0,0,0,145,12,157,145,7,152,4,0,1,0,0,-1,607271242,"6.18"
"C27141",1,2025-12-10,2025-12-09,2,"RSO15217336",368,0,0,0,2,5,1,0,0,55,0,22,3,431,433,0,0,0,2,0,55,0,0,-1,-1,-1,-1,0,0,0,0,0,0,-1,0,0,-1,-1,-1,-1,0,0,0,0,0,0,-1,0,9,0,9,0,0,9,9,3,12,1,1,0,0,22,1,607271242,"6.18"
"C27150",1,2026-04-13,2026-04-12,4,"NXS10919131",353,0,0,0,0,56,1,0,0,24,0,22,3,336,98,0,0,0,0,0,24,0,0,-1,-1,-1,-1,0,0,0,0,0,0,-1,0,0,-1,-1,-1,-1,0,0,0,0,0,0,-1,0,16,0,16,0,0,16,16,0,16,1,1,0,0,0,-1,607271242,"6.18"
"C27195",1,2024-09-28,2024-09-15,5,"NBN10516341",-1,0,0,1,1,5,1,0,0,25,0,2,-1,-1,-1,0,0,0,0,0,-1,0,12,2,1,101,422,29,0,0,1,1,0,25,0,0,-1,-1,-1,-1,0,0,0,0,0,0,-1,0,20,0,20,16,380,416,36,75,111,5,0,1,0,0,-1,607271242,"6.18"
"C27201",1,2024-11-12,2024-11-11,5,,-1,2,1,1,0,5,1,0,0,55,0,0,-1,-1,-1,0,0,0,0,0,-1,0,0,-1,-1,-1,-1,0,0,0,0,0,0,-1,0,11,2,1,101,-1,636,0,1,1,0,0,55,0,0,0,0,52,0,52,52,315,367,-1,0,0,1,0,-1,607271242,"6.18"
"C27207",1,2025-12-03,2025-12-02,2,"RRH13217036",125,0,0,0,0,257,1,0,0,25,0,22,1,336,99,0,0,0,0,0,25,0,21,1,1,101,-1,49,0,0,0,0,0,25,0,0,-1,-1,-1,-1,0,0,0,0,0,0,-1,0,62,0,62,43,174,279,105,118,223,5,1,1,0,0,-1,607271242,"6.18"
"C27231",1,2026-04-17,2026-04-16,4,"NXS11215965",620,0,0,1,2,346,1,0,0,25,0,22,3,118,313,0,0,1,2,0,25,0,0,-1,-1,-1,-1,0,0,0,0,0,0,-1,0,0,-1,-1,-1,-1,0,0,0,0,0,0,-1,0,30,0,30,0,0,30,30,0,30,1,1,0,0,0,-1,607271242,"6.18"
"C27243",1,2025-10-24,2025-10-23,2,"NXS11316196",399,4,0,0,0,5,1,0,0,55,0,22,1,101,423,0,0,0,0,0,55,0,0,-1,-1,-1,-1,0,0,0,0,0,0,-1,0,0,-1,-1,-1,-1,0,0,0,0,0,0,-1,0,29,0,29,0,0,29,29,0,29,1,1,0,0,0,-1,607271242,"6.18"
"C27252",1,2024-08-18,2024-08-17,5,,-1,1,0,1,0,5,1,0,0,25,0,0,-1,-1,-1,0,0,0,0,0,-1,0,12,1,1,116,433,459,1,0,1,0,0,25,0,0,-1,-1,-1,-1,0,0,0,0,0,0,-1,0,0,0,0,459,70,529,459,928,1387,4,0,1,0,0,-1,607271242,"6.18"
"C27264",1,2025-11-17,2025-11-16,2,"RRH13216928",311,0,0,0,0,5,1,0,0,25,0,0,-1,-1,-1,0,0,0,0,0,-1,0,22,1,1,116,410,6,0,0,0,0,0,25,0,0,-1,-1,-1,-1,0,0,0,0,0,0,-1,0,0,0,0,6,235,241,6,21,27,4,0,1,0,0,-1,607271242,"6.18"
"C27267",1,2024-12-07,2024-12-06,5,,-1,1,0,1,0,456,2,0,0,25,0,0,-1,-1,-1,0,0,0,0,0,-1,0,12,2,1,116,207,73,1,0,1,0,0,25,0,0,-1,-1,-1,-1,0,0,0,0,0,0,-1,0,0,0,0,73,239,312,73,733,806,4,0,1,0,0,-1,607271242,"6.18"
"C27270",1,2025-08-14,2025-07-18,5,"RRH15417567",-1,1,0,1,0,5,1,0,0,25,0,12,1,116,101,1,0,1,0,0,25,0,12,0,1,101,116,200,1,0,1,0,0,25,0,0,-1,-1,-1,-1,0,0,0,0,0,0,-1,0,102,0,102,122,0,224,224,316,540,5,1,0,0,0,-1,607271242,"6.18"
"C27297",2,2025-12-11,2025-12-10,1,,-1,1,0,1,0,567,1,2,0,25,1,0,-1,-1,-1,0,0,0,0,0,-1,0,21,1,1,101,-1,73,1,0,1,0,0,25,1,0,-1,-1,-1,-1,0,0,0,0,0,0,-1,0,0,0,0,73,221,294,73,57,130,4,0,1,0,0,-1,607271242,"6.18"
"C27303",1,2026-05-01,2026-04-30,1,,-1,0,0,0,2,5,1,0,0,55,0,0,-1,-1,-1,0,0,0,0,0,-1,0,21,0,3,314,-1,153,0,0,0,2,0,55,0,0,-1,-1,-1,-1,0,0,0,0,0,0,-1,0,0,0,0,153,0,153,153,0,153,4,0,0,0,0,-1,607271242,"6.18"
"C27327",2,2025-07-05,2025-07-04,1,,-1,0,0,0,1,5,1,1,0,25,1,0,-1,-1,-1,0,0,0,0,0,-1,0,0,-1,-1,-1,-1,0,0,0,0,0,0,-1,0,0,-1,-1,-1,-1,0,0,0,0,0,0,-1,0,0,0,0,0,0,0,0,0,0,12,0,0,0,12,0,607271242,"6.18"
"C27333",1,2025-09-07,2024-10-10,5,"RRH16121341",-1,2,0,1,2,5,1,0,0,25,0,2,-1,-1,-1,0,0,0,0,0,-1,0,2,-1,-1,-1,-1,0,0,0,0,0,0,-1,0,11,2,2,101,-1,388,0,0,1,2,0,25,0,27,0,27,6,0,33,33,1262,1295,-1,0,0,1,0,-1,607271242,"6.18"
"C27369",1,2026-05-01,2026-04-30,2,"RRH12117841",387,1,0,1,0,13,1,0,0,25,0,22,1,335,99,1,0,1,0,0,25,0,0,-1,-1,-1,-1,0,0,0,0,0,0,-1,0,0,-1,-1,-1,-1,0,0,0,0,0,0,-1,0,6,0,6,0,0,6,6,518,524,1,1,0,0,0,-1,607271242,"6.18"
"C27390",1,2025-11-16,2025-11-15,1,,-1,0,0,1,0,12,1,0,0,18,0,22,1,116,215,0,0,1,0,0,18,0,0,-1,-1,-1,-1,0,0,0,0,0,0,-1,0,0,-1,-1,-1,-1,0,0,0,0,0,0,-1,0,0,13,13,0,0,13,13,0,13,2,1,0,0,0,-1,607271242,"6.18"
"C27417",2,2024-09-20,2024-08-18,5,,-1,0,0,0,2,5,1,3,0,25,1,2,-1,-1,-1,0,0,0,0,0,-1,0,12,2,1,101,410,8,0,0,0,2,1,25,1,0,-1,-1,-1,-1,0,0,0,0,0,0,-1,0,30,0,30,3,368,401,33,45,78,5,0,0,0,0,-1,607271242,"6.18"
"C27429",1,2025-10-02,2025-10-01,3,"NXS11316290",332,0,0,1,2,5,1,0,0,25,0,22,1,206,314,0,0,1,2,0,25,0,0,-1,-1,-1,-1,0,0,0,0,0,0,-1,0,0,-1,-1,-1,-1,0,0,0,0,0,0,-1,0,41,0,41,0,0,41,41,0,41,1,1,0,0,0,-1,607271242,"6.18"
"C27432",1,2025-02-04,2024-08-22,5,,-1,1,0,1,0,5,1,0,0,25,0,2,-1,-1,-1,0,0,0,0,0,-1,0,11,1,1,101,-1,7,1,0,1,0,0,25,0,0,-1,-1,-1,-1,0,0,0,0,0,0,-1,0,168,0,168,4,426,598,172,465,637,5,0,1,0,0,-1,607271242,"6.18"
"C27441",1,2025-09-01,2025-08-31,5,,-1,1,0,1,0,5,1,0,0,25,0,0,-1,-1,-1,0,0,0,0,0,-1,0,12,2,1,116,410,4,1,0,1,0,0,25,0,0,-1,-1,-1,-1,0,0,0,0,0,0,-1,0,0,0,0,4,327,331,4,375,379,4,0,1,0,0,-1,607271242,"6.18"
"C27447",2,2025-08-11,2025-08-10,5,"NXS11116275",-1,1,0,1,0,3,2,2,0,25,1,12,1,314,422,1,0,1,0,0,25,1,0,-1,-1,-1,-1,0,0,0,0,0,0,-1,0,0,-1,-1,-1,-1,0,0,0,0,0,0,-1,0,80,0,80,0,0,80,80,5,85,1,1,0,0,0,-1,607271242,"6.18"
"C27459",1,2026-04-25,2026-04-24,4,"TRN10418799",390,1,0,1,0,3,1,0,0,25,0,0,-1,-1,-1,0,0,0,0,0,-1,0,22,0,1,116,207,33,1,0,1,0,0,25,0,0,-1,-1,-1,-1,0,0,0,0,0,0,-1,0,0,0,0,32,0,32,32,21,53,4,0,0,0,0,-1,607271242,"6.18"
"C27462",1,2024-10-14,2024-10-13,5,"NBN10516310",-1,9,0,1,0,5,1,0,0,25,0,0,-1,-1,-1,0,0,0,0,0,-1,0,12,2,1,101,433,36,0,0,1,0,0,25,0,0,-1,-1,-1,-1,0,0,0,0,0,0,-1,0,0,0,0,36,614,650,36,120,156,4,0,1,0,0,-1,607271242,"6.18"
"C27483",1,2026-05-24,2026-05-23,1,,-1,0,0,0,0,3,1,0,0,25,0,21,1,116,-1,0,0,0,0,0,25,0,0,-1,-1,-1,-1,0,0,0,0,0,0,-1,0,0,-1,-1,-1,-1,0,0,0,0,0,0,-1,0,130,0,130,0,0,130,130,111,241,1,1,0,0,0,-1,607271242,"6.18"
"C27486",1,2025-07-07,2025-07-06,5,"NXS11419309",-1,1,0,1,0,5,1,0,0,25,0,22,1,116,431,1,0,1,0,0,25,0,12,1,2,116,420,296,1,0,1,0,0,25,0,0,-1,-1,-1,-1,0,0,0,0,0,0,-1,0,31,0,31,271,14,316,302,985,1287,5,1,1,0,0,-1,607271242,"6.18"
"C27489",2,2026-03-22,2026-03-21,1,,-1,1,0,1,2,3,1,2,0,25,1,22,1,336,312,1,0,1,2,0,25,1,0,-1,-1,-1,-1,0,0,0,0,0,0,-1,0,0,-1,-1,-1,-1,0,0,0,0,0,0,-1,0,41,0,41,0,0,41,41,0,41,1,1,0,0,0,-1,607271242,"6.18"
"C27501",1,2026-05-05,2026-05-04,1,,-1,0,0,1,0,3,1,0,0,55,0,22,1,410,99,0,0,1,0,0,55,0,21,0,1,101,-1,122,0,0,1,0,0,55,0,0,-1,-1,-1,-1,0,0,0,0,0,0,-1,0,31,0,31,117,0,148,148,1,149,5,1,0,0,0,-1,607271242,"6.18"
"C27504",1,2024-09-01,2024-08-18,5,,-1,0,0,0,0,25,1,0,0,24,0,2,-1,-1,-1,0,0,0,0,0,-1,0,12,2,3,336,410,8,0,0,0,0,0,24,0,0,-1,-1,-1,-1,0,0,0,0,0,0,-1,0,21,0,21,0,401,422,21,31,52,5,0,1,0,0,-1,607271242,"6.18"
"C27510",2,2025-12-05,2025-12-04,3,"RRH13118868",163,4,0,0,2,5,1,2,0,25,1,22,1,101,313,0,0,0,2,0,25,1,0,-1,-1,-1,-1,0,0,0,0,0,0,-1,0,0,-1,-1,-1,-1,0,0,0,0,0,0,-1,0,33,0,33,0,0,33,33,23,56,1,1,0,0,0,-1,607271242,"6.18"
"C27537",2,2026-04-06,2026-04-05,1,,-1,0,0,1,2,34,2,3,0,25,1,0,-1,-1,-1,0,0,0,0,0,-1,0,21,1,3,314,-1,0,0,0,1,2,1,25,1,0,-1,-1,-1,-1,0,0,0,0,0,0,-1,0,0,0,0,0,178,178,0,0,0,4,0,1,0,0,-1,607271242,"6.18"
"C27546",2,2026-05-24,2026-05-23,4,"NXS15118919",415,6,0,1,0,5,1,1,0,25,1,21,3,411,-1,0,0,1,0,0,25,1,0,-1,-1,-1,-1,0,0,0,0,0,0,-1,0,0,-1,-1,-1,-1,0,0,0,0,0,0,-1,0,130,0,130,0,0,130,130,646,776,1,1,0,0,0,-1,607271242,"6.18"
"C27555",1,2024-11-15,2024-11-14,5,"NBN10516373",-1,1,0,1,0,3,1,0,0,55,0,22,1,101,410,1,0,1,0,0,55,0,12,2,1,101,410,8,1,0,1,0,0,55,0,21,1,2,101,-1,152,1,0,1,0,0,55,0,13,0,13,9,357,379,22,1110,1132,10,1,1,1,0,-1,607271242,"6.18"
"C27558",1,2025-04-28,2025-04-02,5,"RRH13216694",-1,4,0,0,0,3,1,0,0,25,0,2,-1,-1,-1,0,0,0,0,0,-1,0,12,2,1,101,420,37,0,0,0,0,0,25,0,0,-1,-1,-1,-1,0,0,0,0,0,0,-1,0,54,0,54,4,162,220,58,460,518,5,0,1,0,0,-1,607271242,"6.18"
"C27570",1,2024-10-05,2024-08-28,5,,-1,0,1,1,0,3,1,0,0,25,0,2,-1,-1,-1,0,0,0,0,0,-1,0,12,2,1,101,410,1,0,1,1,0,0,25,0,0,-1,-1,-1,-1,0,0,0,0,0,0,-1,0,38,0,38,0,364,402,38,2,40,5,0,1,0,0,-1,607271242,"6.18"
"C27573",1,2025-01-24,2025-01-23,5,,-1,6,1,1,0,5,1,0,0,55,0,0,-1,-1,-1,0,0,0,0,0,-1,0,0,-1,-1,-1,-1,0,0,0,0,0,0,-1,0,11,2,1,336,-1,484,0,1,1,0,0,55,0,0,0,0,131,0,131,131,152,283,-1,0,0,1,0,-1,607271242,"6.18"
"C27603",1,2025-08-18,2024-09-08,5,"RRH15717482",-1,1,0,1,2,3,3,0,0,25,0,22,1,336,433,1,0,1,0,0,25,0,12,0,1,101,410,202,1,0,1,2,0,25,0,0,-1,-1,-1,-1,0,0,0,0,0,0,-1,0,299,0,299,276,0,575,575,85,660,5,1,0,0,0,-1,607271242,"6.18"
"C27606",1,2025-10-22,2025-10-21,4,"NXS11116402",370,0,0,0,0,1,1,0,0,25,0,22,1,336,98,0,0,0,0,0,25,0,0,-1,-1,-1,-1,0,0,0,0,0,0,-1,0,0,-1,-1,-1,-1,0,0,0,0,0,0,-1,0,71,0,71,0,0,71,71,321,392,1,1,0,0,0,-1,607271242,"6.18"
"C27609",1,2026-06-05,2026-06-04,2,"NXS11016403",627,9,0,1,1,5,1,0,0,25,0,0,-1,-1,-1,0,0,0,0,0,-1,0,21,1,3,207,-1,18,0,0,1,1,0,25,0,0,-1,-1,-1,-1,0,0,0,0,0,0,-1,0,0,0,0,18,100,118,18,0,18,4,0,1,0,0,-1,607271242,"6.18"
"C27618",1,2025-12-07,2025-12-06,4,"NXS10618444",284,1,0,1,1,26,1,0,0,25,0,22,1,204,410,1,0,1,1,0,25,0,0,-1,-1,-1,-1,0,0,0,0,0,0,-1,0,0,-1,-1,-1,-1,0,0,0,0,0,0,-1,0,39,0,39,0,0,39,39,5,44,1,1,0,0,0,-1,607271242,"6.18"
"C27636",1,2025-10-05,2025-10-04,1,,-1,0,0,1,0,5,1,0,0,25,0,22,1,207,99,0,0,1,0,0,25,0,0,-1,-1,-1,-1,0,0,0,0,0,0,-1,0,0,-1,-1,-1,-1,0,0,0,0,0,0,-1,0,31,0,31,0,0,31,31,338,369,1,1,0,0,0,-1,607271242,"6.18"
"C27645",1,2026-05-22,2026-05-21,2,"NXS11418801",353,1,0,1,2,124,1,0,0,25,0,22,1,335,433,1,0,1,2,0,25,0,0,-1,-1,-1,-1,0,0,0,0,0,0,-1,0,0,-1,-1,-1,-1,0,0,0,0,0,0,-1,0,19,0,19,0,0,19,19,2,21,1,1,0,0,0,-1,607271242,"6.18"
"C27675",1,2026-03-09,2026-03-08,1,,-1,0,0,0,0,5,1,0,0,55,0,22,3,116,98,0,0,0,0,0,55,0,0,-1,-1,-1,-1,0,0,0,0,0,0,-1,0,0,-1,-1,-1,-1,0,0,0,0,0,0,-1,0,19,0,19,0,0,19,19,2,21,1,1,0,0,0,-1,607271242,"6.18"
"C27678",1,2024-11-10,2024-11-09,5,"NXS11116485",-1,1,0,1,0,126,1,0,0,25,0,22,1,116,313,1,0,1,0,0,25,0,12,2,1,116,410,2,1,0,1,0,0,25,0,0,-1,-1,-1,-1,0,0,0,0,0,0,-1,0,42,0,42,2,354,398,44,1674,1718,5,1,1,0,0,-1,607271242,"6.18"
"C27690",1,2026-05-10,2026-05-09,2,"NXS10318335",442,0,0,0,0,56,1,0,0,25,0,22,3,207,313,0,0,0,0,0,25,0,0,-1,-1,-1,-1,0,0,0,0,0,0,-1,0,0,-1,-1,-1,-1,0,0,0,0,0,0,-1,0,15,0,15,0,0,15,15,0,15,1,1,0,0,0,-1,607271242,"6.18"
"C27696",1,2025-10-04,2025-10-03,1,,-1,0,0,1,0,5,1,0,0,25,0,22,1,206,99,0,0,1,0,0,25,0,0,-1,-1,-1,-1,0,0,0,0,0,0,-1,0,0,-1,-1,-1,-1,0,0,0,0,0,0,-1,0,43,0,43,0,0,43,43,62,105,1,1,0,0,0,-1,607271242,"6.18"
"C27714",1,2026-03-07,2026-03-06,4,"NXS10816444",510,0,0,1,0,56,1,0,0,25,0,22,1,335,312,0,0,1,0,0,25,0,0,-1,-1,-1,-1,0,0,0,0,0,0,-1,0,0,-1,-1,-1,-1,0,0,0,0,0,0,-1,0,0,49,49,0,0,49,49,0,49,2,1,0,0,0,-1,607271242,"6.18"
"C27717",1,2025-12-07,2025-12-06,3,"NXS10821077",105,9,0,1,0,5,1,0,0,25,0,22,3,335,98,0,0,1,0,0,25,0,0,-1,-1,-1,-1,0,0,0,0,0,0,-1,0,0,-1,-1,-1,-1,0,0,0,0,0,0,-1,0,26,0,26,0,0,26,26,0,26,1,1,0,0,0,-1,607271242,"6.18"
"C27720",1,2025-12-05,2025-12-04,3,"NXS11421325",89,1,1,1,0,136,1,0,0,55,0,0,-1,-1,-1,0,0,0,0,0,-1,0,22,1,2,101,419,3,1,1,1,0,0,55,0,0,-1,-1,-1,-1,0,0,0,0,0,0,-1,0,0,0,0,3,12,15,3,246,249,4,0,1,0,0,-1,607271242,"6.18"
"C27723",1,2026-02-08,2026-02-07,1,,-1,0,0,0,1,5,1,0,0,25,0,0,-1,-1,-1,0,0,0,0,0,-1,0,21,0,1,116,-1,235,0,0,0,1,0,25,0,0,-1,-1,-1,-1,0,0,0,0,0,0,-1,0,0,0,0,235,0,235,235,39,274,4,0,0,0,0,-1,607271242,"6.18"
"C27729",1,2026-02-08,2026-02-07,4,"TRN10419676",239,0,0,1,0,5,1,0,0,25,0,22,1,204,302,0,0,1,0,0,25,0,22,0,1,302,99,144,0,0,1,0,0,25,0,0,-1,-1,-1,-1,0,0,0,0,0,0,-1,0,0,47,47,111,0,158,158,0,158,6,1,0,0,0,-1,607271242,"6.18"
"C27738",1,2024-11-23,2024-10-04,5,"NXS12716889",-1,1,0,1,1,5,1,0,0,25,0,2,-1,-1,-1,0,0,0,0,0,-1,0,12,2,1,101,410,14,1,0,1,1,0,25,0,0,-1,-1,-1,-1,0,0,0,0,0,0,-1,0,34,0,34,13,321,368,47,1312,1359,5,0,1,0,0,-1,607271242,"6.18"
"C27771",2,2024-10-05,2024-10-04,5,,-1,0,0,0,0,5,2,2,0,25,1,0,-1,-1,-1,0,0,0,0,0,-1,0,12,2,1,116,410,6,0,0,0,0,0,25,1,0,-1,-1,-1,-1,0,0,0,0,0,0,-1,0,0,0,0,6,369,375,6,51,57,4,0,1,0,0,-1,607271242,"6.18"
"C27789",2,2025-09-25,2025-09-24,5,,-1,1,0,1,0,5,2,1,0,25,1,0,-1,-1,-1,0,0,0,0,0,-1,0,12,1,3,101,431,25,1,0,1,0,0,25,1,0,-1,-1,-1,-1,0,0,0,0,0,0,-1,0,0,0,0,25,12,37,25,381,406,4,0,1,0,0,-1,607271242,"6.18"
"C27816",1,2025-10-31,2025-10-30,4,"NXS10920543",85,4,0,0,0,5,1,0,0,25,0,22,3,335,98,0,0,0,0,0,25,0,0,-1,-1,-1,-1,0,0,0,0,0,0,-1,0,0,-1,-1,-1,-1,0,0,0,0,0,0,-1,0,91,0,91,0,0,91,91,119,210,1,1,0,0,0,-1,607271242,"6.18"
"C27828",1,2025-10-24,2025-10-23,4,"NXS11420825",29,0,0,1,0,5,1,0,0,25,0,22,1,206,99,0,0,1,0,0,25,0,0,-1,-1,-1,-1,0,0,0,0,0,0,-1,0,0,-1,-1,-1,-1,0,0,0,0,0,0,-1,0,2,0,2,0,0,2,2,57,59,1,1,0,0,0,-1,607271242,"6.18"
"C27834",1,2026-04-22,2026-04-21,1,,-1,1,0,1,2,5,1,0,0,25,0,22,1,336,101,1,0,1,2,0,25,0,0,-1,-1,-1,-1,0,0,0,0,0,0,-1,0,0,-1,-1,-1,-1,0,0,0,0,0,0,-1,0,41,0,41,0,0,41,41,2,43,1,1,0,0,0,-1,607271242,"6.18"
"C27846",2,2026-03-28,2026-03-27,1,,-1,0,0,0,1,5,1,3,0,25,1,0,-1,-1,-1,0,0,0,0,0,-1,0,22,1,3,101,410,2,0,0,0,1,1,25,1,0,-1,-1,-1,-1,0,0,0,0,0,0,-1,0,0,0,0,2,74,76,2,82,84,4,0,1,0,0,-1,607271242,"6.18"
"C27861",2,2024-09-20,2024-09-19,5,,-1,0,0,1,1,3,1,3,0,25,1,0,-1,-1,-1,0,0,0,0,0,-1,0,12,2,1,101,99,65,0,0,1,1,1,25,1,0,-1,-1,-1,-1,0,0,0,0,0,0,-1,0,0,0,0,65,387,452,65,58,123,4,0,1,0,0,-1,607271242,"6.18"
"C27897",1,2024-10-11,2024-09-23,5,,-1,0,0,1,2,5,2,0,0,25,0,2,-1,-1,-1,0,0,0,0,0,-1,0,12,2,1,101,410,6,0,0,1,2,0,25,0,0,-1,-1,-1,-1,0,0,0,0,0,0,-1,0,23,0,23,0,349,372,23,81,104,5,0,0,0,0,-1,607271242,"6.18"
"C27909",2,2024-10-06,2024-09-18,5,,-1,4,0,0,2,3,1,3,0,25,1,2,-1,-1,-1,0,0,0,0,0,-1,0,12,2,1,101,410,44,0,0,0,2,1,25,1,0,-1,-1,-1,-1,0,0,0,0,0,0,-1,0,30,0,30,23,442,495,53,1912,1965,5,0,1,0,0,-1,607271242,"6.18"
"C27936",1,2026-03-30,2026-03-29,1,,-1,0,1,0,0,357,1,0,0,25,0,0,-1,-1,-1,0,0,0,0,0,-1,0,22,1,2,336,419,1,0,1,0,0,0,25,0,0,-1,-1,-1,-1,0,0,0,0,0,0,-1,0,0,0,0,1,23,24,1,0,1,4,0,1,0,0,-1,607271242,"6.18"
"C27954",2,2024-12-03,2024-12-02,5,,-1,0,0,0,2,5,1,1,0,25,1,0,-1,-1,-1,0,0,0,0,0,-1,0,12,2,1,302,433,26,0,0,0,2,0,25,1,0,-1,-1,-1,-1,0,0,0,0,0,0,-1,0,0,0,0,26,306,332,26,0,26,4,0,1,0,0,-1,607271242,"6.18"
"C27957",1,2025-11-29,2025-11-28,1,,-1,1,0,1,0,456,1,0,0,25,0,22,1,101,116,1,0,1,0,0,25,0,0,-1,-1,-1,-1,0,0,0,0,0,0,-1,0,0,-1,-1,-1,-1,0,0,0,0,0,0,-1,0,86,0,86,0,0,86,86,2054,2140,1,1,0,0,0,-1,607271242,"6.18"
"C27960",2,2026-05-04,2026-05-03,1,,-1,0,0,1,1,5,1,3,0,25,1,21,1,116,-1,0,0,1,1,1,25,1,0,-1,-1,-1,-1,0,0,0,0,0,0,-1,0,0,-1,-1,-1,-1,0,0,0,0,0,0,-1,0,150,0,150,0,0,150,150,15,165,1,1,0,0,0,-1,607271242,"6.18"
"C27981",1,2025-12-26,2025-12-25,1,,-1,0,0,1,2,5,1,0,0,55,0,22,1,99,99,0,0,1,2,0,55,0,22,1,1,101,410,5,0,0,1,2,0,55,0,0,-1,-1,-1,-1,0,0,0,0,0,0,-1,0,22,0,22,4,12,38,26,23,49,5,1,1,0,0,-1,607271242,"6.18"
"C27993",1,2026-06-20,2026-06-19,1,,-1,0,0,1,2,567,1,0,0,25,0,21,3,116,-1,0,0,1,2,0,25,0,0,-1,-1,-1,-1,0,0,0,0,0,0,-1,0,0,-1,-1,-1,-1,0,0,0,0,0,0,-1,0,103,0,103,0,0,103,103,72,175,1,1,0,0,0,-1,607271242,"6.18"
"C28017",1,2026-05-02,2026-05-01,4,"NBN10516654",499,2,0,1,0,3,1,0,0,55,0,21,1,420,-1,0,0,1,0,0,55,0,21,1,1,101,-1,7,0,0,1,0,0,55,0,0,-1,-1,-1,-1,0,0,0,0,0,0,-1,0,30,0,30,1,114,145,31,7,38,5,1,1,0,0,-1,607271242,"6.18"
"C28026",1,2026-04-04,2026-04-03,1,,-1,0,0,0,0,56,1,0,0,25,0,22,1,116,116,0,0,0,0,0,25,0,0,-1,-1,-1,-1,0,0,0,0,0,0,-1,0,0,-1,-1,-1,-1,0,0,0,0,0,0,-1,0,25,0,25,0,0,25,25,22,47,1,1,0,0,0,-1,607271242,"6.18"
"C28038",1,2025-08-28,2025-08-27,5,,-1,0,0,1,0,5,2,0,0,24,0,12,1,336,440,0,0,1,0,0,24,0,0,-1,-1,-1,-1,0,0,0,0,0,0,-1,0,0,-1,-1,-1,-1,0,0,0,0,0,0,-1,0,84,0,84,0,0,84,84,0,84,1,1,0,0,0,-1,607271242,"6.18"
"C28038",2,2025-11-20,2025-11-19,1,,-1,0,0,1,0,5,2,2,0,24,1,0,-1,-1,-1,0,0,0,0,0,-1,0,0,-1,-1,-1,-1,0,0,0,0,0,0,-1,0,21,1,1,101,-1,314,0,0,1,0,0,24,1,0,0,0,1,0,1,1,85,86,8,0,0,1,0,-1,607271242,"6.18"
"C28044",1,2025-01-03,2025-01-02,5,,-1,0,0,1,0,5,1,0,0,55,0,2,-1,-1,-1,0,0,0,0,0,-1,0,12,2,1,101,410,83,0,0,1,0,0,55,0,0,-1,-1,-1,-1,0,0,0,0,0,0,-1,0,62,0,62,21,358,441,83,102,185,5,0,1,0,0,-1,607271242,"6.18"
"C28146",1,2024-10-14,2024-10-13,5,,-1,2,0,1,0,5,1,0,0,25,0,0,-1,-1,-1,0,0,0,0,0,-1,0,12,2,1,116,423,1,0,0,1,0,0,25,0,0,-1,-1,-1,-1,0,0,0,0,0,0,-1,0,0,0,0,1,428,429,1,1471,1472,4,0,1,0,0,-1,607271242,"6.18"
"C28164",1,2025-09-15,2025-09-14,5,"NXS14716781",-1,0,0,0,0,5,1,0,0,25,0,12,1,116,423,0,0,0,0,0,25,0,0,-1,-1,-1,-1,0,0,0,0,0,0,-1,0,0,-1,-1,-1,-1,0,0,0,0,0,0,-1,0,18,0,18,0,0,18,18,0,18,1,1,0,0,0,-1,607271242,"6.18"
"C28176",1,2026-05-04,2026-05-03,3,"NXS11318613",370,2,0,1,0,5,1,0,0,25,0,0,-1,-1,-1,0,0,0,0,0,-1,0,21,1,1,101,-1,29,0,0,1,0,0,25,0,0,-1,-1,-1,-1,0,0,0,0,0,0,-1,0,0,0,0,29,121,150,29,155,184,4,0,1,0,0,-1,607271242,"6.18"
"C28179",1,2025-11-15,2025-11-14,4,"NBN10520298",138,0,0,1,0,5,1,0,0,55,0,22,1,336,99,0,0,1,0,0,55,0,21,1,1,101,-1,60,0,0,1,0,0,55,0,0,-1,-1,-1,-1,0,0,0,0,0,0,-1,0,52,0,52,60,173,285,112,44,156,5,1,1,0,0,-1,607271242,"6.18"
"C28191",2,2025-09-24,2025-09-23,5,,-1,0,1,1,0,5,2,2,0,25,1,12,1,410,422,0,1,1,0,0,25,1,0,-1,-1,-1,-1,0,0,0,0,0,0,-1,0,0,-1,-1,-1,-1,0,0,0,0,0,0,-1,0,44,0,44,0,0,44,44,0,44,1,1,0,0,0,-1,607271242,"6.18"
"C28200",1,2026-02-15,2026-02-14,2,"NXS11417552",386,0,0,0,0,5,1,0,0,25,0,22,1,116,422,0,0,0,0,0,25,0,0,-1,-1,-1,-1,0,0,0,0,0,0,-1,0,0,-1,-1,-1,-1,0,0,0,0,0,0,-1,0,138,0,138,0,0,138,138,14,152,1,1,0,0,0,-1,607271242,"6.18"
"C28236",2,2026-05-28,2026-05-27,2,"NXS11016801",424,6,0,1,0,5,1,1,0,25,1,21,1,336,-1,0,0,1,0,0,25,1,0,-1,-1,-1,-1,0,0,0,0,0,0,-1,0,0,-1,-1,-1,-1,0,0,0,0,0,0,-1,0,126,0,126,0,0,126,126,0,126,1,1,0,0,0,-1,607271242,"6.18"
"C28254",1,2025-11-30,2025-11-29,1,,-1,0,0,0,0,34,1,0,0,25,0,22,1,99,99,0,0,0,0,0,25,0,0,-1,-1,-1,-1,0,0,0,0,0,0,-1,0,0,-1,-1,-1,-1,0,0,0,0,0,0,-1,0,5,0,5,0,0,5,5,58,63,1,1,0,0,0,-1,607271242,"6.18"
"C28269",1,2025-10-29,2025-10-28,1,,-1,0,0,1,1,123,1,0,0,25,0,22,1,206,98,0,0,1,1,0,25,0,0,-1,-1,-1,-1,0,0,0,0,0,0,-1,0,0,-1,-1,-1,-1,0,0,0,0,0,0,-1,0,33,0,33,0,0,33,33,176,209,1,1,0,0,0,-1,607271242,"6.18"
"C28293",1,2024-12-20,2024-12-19,5,"NBN10516834",-1,4,0,0,0,3,1,0,0,18,0,0,-1,-1,-1,0,0,0,0,0,-1,0,12,0,1,116,207,320,0,0,0,0,0,18,0,0,-1,-1,-1,-1,0,0,0,0,0,0,-1,0,0,0,0,319,0,319,319,75,394,4,0,0,0,0,-1,607271242,"6.18"
"C28299",1,2026-01-24,2026-01-23,4,"NBN10516905",452,0,0,0,0,5,1,0,0,25,0,0,-1,-1,-1,0,0,0,0,0,-1,0,21,1,1,116,-1,2,0,0,0,0,0,25,0,0,-1,-1,-1,-1,0,0,0,0,0,0,-1,0,0,0,0,2,248,250,2,105,107,4,0,1,0,0,-1,607271242,"6.18"
"C28305",1,2026-04-30,2026-04-29,1,,-1,0,0,1,0,126,1,0,0,25,0,0,-1,-1,-1,0,0,0,0,0,-1,0,21,1,1,101,-1,10,0,0,1,0,0,25,0,0,-1,-1,-1,-1,0,0,0,0,0,0,-1,0,0,0,0,10,144,154,10,58,68,4,0,1,0,0,-1,607271242,"6.18"
"C28308",1,2025-10-17,2025-10-16,3,"NXS10318012",220,1,0,1,2,3,1,0,0,25,0,22,1,101,99,1,0,1,2,0,25,0,0,-1,-1,-1,-1,0,0,0,0,0,0,-1,0,0,-1,-1,-1,-1,0,0,0,0,0,0,-1,0,31,0,31,0,0,31,31,377,408,1,1,0,0,0,-1,607271242,"6.18"
"C28314",1,2024-11-11,2024-10-09,5,,-1,1,0,1,2,56,1,0,0,25,0,22,1,431,99,1,0,1,2,0,25,0,12,2,1,101,422,8,1,0,1,2,0,25,0,0,-1,-1,-1,-1,0,0,0,0,0,0,-1,0,91,0,91,3,339,433,94,99,193,5,1,1,0,0,-1,607271242,"6.18"
"C28320",1,2026-01-25,2026-01-24,3,"NXS11316827",422,0,0,1,0,127,1,0,0,55,0,22,1,410,99,0,0,1,0,0,55,0,0,-1,-1,-1,-1,0,0,0,0,0,0,-1,0,0,-1,-1,-1,-1,0,0,0,0,0,0,-1,0,17,0,17,0,0,17,17,0,17,1,1,0,0,0,-1,607271242,"6.18"
"C28326",1,2025-10-10,2025-10-09,1,,-1,4,0,0,0,5,1,0,0,18,0,22,1,336,423,0,0,0,0,0,18,0,0,-1,-1,-1,-1,0,0,0,0,0,0,-1,0,0,-1,-1,-1,-1,0,0,0,0,0,0,-1,0,54,0,54,0,0,54,54,0,54,1,1,0,0,0,-1,607271242,"6.18"
"C28335",1,2025-03-13,2025-03-12,5,"NXS11116632",-1,1,0,1,0,3,1,0,0,25,0,0,-1,-1,-1,0,0,0,0,0,-1,0,12,2,1,116,410,1,1,0,1,0,0,25,0,0,-1,-1,-1,-1,0,0,0,0,0,0,-1,0,0,0,0,1,235,236,1,527,528,4,0,1,0,0,-1,607271242,"6.18"
"C28344",1,2025-07-23,2025-07-22,5,,-1,0,0,0,1,5,1,0,0,25,0,0,-1,-1,-1,0,0,0,0,0,-1,0,12,2,1,116,423,19,0,0,0,1,0,25,0,0,-1,-1,-1,-1,0,0,0,0,0,0,-1,0,0,0,0,19,94,113,19,23,42,4,0,1,0,0,-1,607271242,"6.18"
"C28347",2,2024-11-29,2024-09-28,5,,-1,0,0,0,2,136,1,2,0,25,1,2,-1,-1,-1,0,0,0,0,0,-1,0,12,2,1,101,410,9,0,0,0,2,0,25,1,0,-1,-1,-1,-1,0,0,0,0,0,0,-1,0,70,0,70,0,311,381,70,2,72,5,0,1,0,0,-1,607271242,"6.18"
"C28350",1,2025-11-10,2025-11-09,1,,-1,0,0,1,0,5,1,0,0,25,0,22,1,116,206,0,0,1,0,0,25,0,0,-1,-1,-1,-1,0,0,0,0,0,0,-1,0,0,-1,-1,-1,-1,0,0,0,0,0,0,-1,0,38,0,38,0,0,38,38,25,63,1,1,0,0,0,-1,607271242,"6.18"
"C28359",1,2025-04-21,2025-04-20,5,,-1,0,0,1,0,5,3,0,0,25,0,0,-1,-1,-1,0,0,0,0,0,-1,0,11,0,3,410,-1,528,0,0,1,0,0,25,0,0,-1,-1,-1,-1,0,0,0,0,0,0,-1,0,0,0,0,528,0,528,528,0,528,4,0,0,0,0,-1,607271242,"6.18"
"C28368",1,2026-03-28,2026-03-27,1,,-1,0,0,1,0,3,1,0,0,25,0,22,1,335,99,0,0,1,0,0,25,0,0,-1,-1,-1,-1,0,0,0,0,0,0,-1,0,0,-1,-1,-1,-1,0,0,0,0,0,0,-1,0,19,0,19,0,0,19,19,0,19,1,1,0,0,0,-1,607271242,"6.18"
"C28374",1,2026-05-12,2026-05-11,1,,-1,0,0,1,0,5,1,0,0,55,0,0,-1,-1,-1,0,0,0,0,0,-1,0,21,0,3,116,-1,142,0,0,1,0,0,55,0,0,-1,-1,-1,-1,0,0,0,0,0,0,-1,0,0,0,0,142,0,142,142,44,186,4,0,0,0,0,-1,607271242,"6.18"
"C28377",1,2025-10-12,2025-10-11,1,,-1,0,0,1,2,45,1,0,0,25,0,22,1,336,423,0,0,1,2,0,25,0,0,-1,-1,-1,-1,0,0,0,0,0,0,-1,0,0,-1,-1,-1,-1,0,0,0,0,0,0,-1,0,16,0,16,0,0,16,16,0,16,1,1,0,0,0,-1,607271242,"6.18"
"C28419",1,2024-10-14,2024-10-13,5,,-1,2,0,1,1,234,1,0,0,55,0,0,-1,-1,-1,0,0,0,0,0,-1,0,12,2,1,116,410,21,0,0,1,1,0,55,0,0,-1,-1,-1,-1,0,0,0,0,0,0,-1,0,0,0,0,21,376,397,21,468,489,4,0,1,0,0,-1,607271242,"6.18"
"C28422",1,2026-05-16,2026-05-15,3,"NXS11319464",355,4,0,0,0,2,1,0,0,25,0,22,1,116,101,0,0,0,0,0,25,0,0,-1,-1,-1,-1,0,0,0,0,0,0,-1,0,0,-1,-1,-1,-1,0,0,0,0,0,0,-1,0,13,0,13,0,0,13,13,8,21,1,1,0,0,0,-1,607271242,"6.18"
"C28425",1,2024-10-14,2024-10-13,5,,-1,0,0,1,1,5,1,0,0,25,0,0,-1,-1,-1,0,0,0,0,0,-1,0,12,2,1,116,410,81,0,0,1,1,0,25,0,0,-1,-1,-1,-1,0,0,0,0,0,0,-1,0,0,0,0,81,376,457,81,90,171,4,0,1,0,0,-1,607271242,"6.18"
"C28428",1,2026-03-20,2026-03-19,1,,-1,0,0,1,2,235,1,0,0,25,0,22,1,410,207,0,0,1,2,0,25,0,0,-1,-1,-1,-1,0,0,0,0,0,0,-1,0,0,-1,-1,-1,-1,0,0,0,0,0,0,-1,0,0,14,14,0,0,14,14,0,14,2,1,0,0,0,-1,607271242,"6.18"
"C28440",1,2025-09-29,2025-09-28,5,"NXS10616935",-1,1,0,1,1,5,1,0,0,25,0,12,1,101,410,1,0,1,1,0,25,0,0,-1,-1,-1,-1,0,0,0,0,0,0,-1,0,0,-1,-1,-1,-1,0,0,0,0,0,0,-1,0,57,0,57,0,0,57,57,15,72,1,1,0,0,0,-1,607271242,"6.18"
"C28449",1,2025-02-18,2025-02-17,5,"NXS11316939",-1,2,1,1,0,5,1,0,0,55,0,0,-1,-1,-1,0,0,0,0,0,-1,0,11,2,1,101,-1,188,0,1,1,0,0,55,0,0,-1,-1,-1,-1,0,0,0,0,0,0,-1,0,0,0,0,188,402,590,188,67,255,4,0,1,0,0,-1,607271242,"6.18"
"C28467",1,2025-07-05,2025-06-06,5,"RRH13218400",-1,2,0,1,0,5,1,0,0,55,0,0,-1,-1,-1,0,0,0,0,0,-1,0,2,-1,-1,-1,-1,0,0,0,0,0,0,-1,0,11,1,2,116,-1,157,0,0,1,0,0,55,0,0,0,0,324,0,324,324,613,937,11,0,0,1,0,-1,607271242,"6.18"
"C28470",1,2025-07-03,2024-10-14,5,"RRH13217855",-1,4,0,0,0,3,1,0,0,25,0,2,-1,-1,-1,0,0,0,0,0,-1,0,12,0,1,101,410,260,0,0,0,0,0,25,0,0,-1,-1,-1,-1,0,0,0,0,0,0,-1,0,52,0,52,267,0,319,319,242,561,5,0,0,0,0,-1,607271242,"6.18"
"C28491",1,2025-09-13,2025-09-12,5,,-1,0,0,1,1,3,1,0,0,25,0,12,1,335,98,0,0,1,1,0,25,0,0,-1,-1,-1,-1,0,0,0,0,0,0,-1,0,0,-1,-1,-1,-1,0,0,0,0,0,0,-1,0,53,0,53,0,0,53,53,6,59,1,1,0,0,0,-1,607271242,"6.18"
"C28500",3,2025-10-06,2025-10-05,3,"TRN11716989",295,9,0,1,0,267,0,1,0,-1,0,22,1,215,215,0,0,1,0,0,-1,0,0,-1,-1,-1,-1,0,0,0,0,0,0,-1,0,0,-1,-1,-1,-1,0,0,0,0,0,0,-1,0,0,50,50,0,0,50,50,0,50,2,1,0,0,0,-1,607271242,"6.18"
"C28503",1,2025-09-23,2025-09-22,5,,-1,0,0,1,2,5,1,0,0,55,0,12,1,204,101,0,0,1,2,0,55,0,0,-1,-1,-1,-1,0,0,0,0,0,0,-1,0,0,-1,-1,-1,-1,0,0,0,0,0,0,-1,0,21,0,21,0,0,21,21,0,21,1,1,0,0,0,-1,607271242,"6.18"
"C28515",1,2026-01-20,2026-01-19,2,"RRH15617562",209,1,0,1,2,345,1,0,0,55,0,21,1,410,-1,1,0,1,2,0,55,0,0,-1,-1,-1,-1,0,0,0,0,0,0,-1,0,0,-1,-1,-1,-1,0,0,0,0,0,0,-1,0,175,0,175,0,0,175,175,79,254,1,1,0,0,0,-1,607271242,"6.18"
"C28518",1,2026-06-15,2026-06-14,2,"NXS14717012",569,0,0,0,1,3,1,0,0,25,0,22,1,116,99,0,0,0,1,0,25,0,0,-1,-1,-1,-1,0,0,0,0,0,0,-1,0,0,-1,-1,-1,-1,0,0,0,0,0,0,-1,0,16,0,16,0,0,16,16,14,30,1,1,0,0,0,-1,607271242,"6.18"
"C28533",1,2025-11-10,2025-11-09,4,"NBN10519725",155,1,1,1,0,346,1,0,0,55,0,22,1,101,99,1,1,1,0,0,55,0,0,-1,-1,-1,-1,0,0,0,0,0,0,-1,0,21,1,2,101,-1,157,1,1,1,0,0,55,0,58,0,58,1,0,59,59,908,967,9,1,0,1,0,-1,607271242,"6.18"
"C28536",1,2025-10-26,2025-10-25,4,"NBN10518944",141,4,0,0,0,3,1,0,0,25,0,22,1,99,99,0,0,0,0,0,25,0,0,-1,-1,-1,-1,0,0,0,0,0,0,-1,0,0,-1,-1,-1,-1,0,0,0,0,0,0,-1,0,90,0,90,0,0,90,90,341,431,1,1,0,0,0,-1,607271242,"6.18"
"C28536",2,2024-11-10,2024-10-24,5,,-1,4,0,0,0,3,2,1,0,25,1,2,-1,-1,-1,0,0,0,0,0,-1,0,12,1,1,101,422,358,0,0,0,0,0,25,1,0,-1,-1,-1,-1,0,0,0,0,0,0,-1,0,14,0,14,349,12,375,363,19,382,5,0,1,0,0,-1,607271242,"6.18"
"C28539",1,2025-07-06,2025-07-05,5,,-1,4,0,0,0,3,1,0,0,18,0,0,-1,-1,-1,0,0,0,0,0,-1,0,12,0,1,101,410,284,0,0,0,0,0,18,0,0,-1,-1,-1,-1,0,0,0,0,0,0,-1,0,0,0,0,283,0,283,283,262,545,4,0,0,0,0,-1,607271242,"6.18"
"C28554",2,2026-05-11,2026-05-10,2,"RRH16217062",480,0,0,0,0,5,2,2,0,24,1,22,1,336,423,0,0,0,0,0,24,1,0,-1,-1,-1,-1,0,0,0,0,0,0,-1,0,0,-1,-1,-1,-1,0,0,0,0,0,0,-1,0,23,0,23,0,0,23,23,31,54,1,1,0,0,0,-1,607271242,"6.18"
"C28563",1,2026-02-02,2026-02-01,2,"NXS10320107",212,0,0,0,0,5,1,0,0,55,0,22,1,101,422,0,0,0,0,0,55,0,0,-1,-1,-1,-1,0,0,0,0,0,0,-1,0,0,-1,-1,-1,-1,0,0,0,0,0,0,-1,0,41,0,41,0,0,41,41,61,102,1,1,0,0,0,-1,607271242,"6.18"
"C28572",1,2025-10-05,2025-10-04,5,"NBN10521838",-1,1,0,1,0,5,1,0,0,55,0,22,1,99,99,1,0,1,0,0,55,0,0,-1,-1,-1,-1,0,0,0,0,0,0,-1,0,0,-1,-1,-1,-1,0,0,0,0,0,0,-1,0,8,0,8,0,0,8,8,52,60,1,1,0,0,0,-1,607271242,"6.18"
"C28578",1,2025-09-18,2025-09-17,5,,-1,6,0,1,0,5,1,0,0,25,0,0,-1,-1,-1,0,0,0,0,0,-1,0,12,0,1,116,116,184,0,0,1,0,0,25,0,0,-1,-1,-1,-1,0,0,0,0,0,0,-1,0,0,0,0,183,0,183,183,107,290,4,0,0,0,0,-1,607271242,"6.18"
"C28584",1,2025-10-09,2025-10-08,2,"RRH15617489",203,0,0,1,0,15,1,0,0,25,0,22,1,116,314,0,0,1,0,0,25,0,0,-1,-1,-1,-1,0,0,0,0,0,0,-1,0,0,-1,-1,-1,-1,0,0,0,0,0,0,-1,0,76,0,76,0,0,76,76,81,157,1,1,0,0,0,-1,607271242,"6.18"
"C28590",1,2025-10-19,2025-10-18,2,"NXS14717039",342,1,0,1,1,5,1,0,0,18,0,22,1,116,422,1,0,1,1,0,18,0,0,-1,-1,-1,-1,0,0,0,0,0,0,-1,0,0,-1,-1,-1,-1,0,0,0,0,0,0,-1,0,51,0,51,0,0,51,51,370,421,1,1,0,0,0,-1,607271242,"6.18"
"C28596",1,2025-09-19,2025-09-03,5,"RRH12118942",-1,0,0,0,0,456,1,0,0,25,0,0,-1,-1,-1,0,0,0,0,0,-1,0,12,2,1,116,99,8,0,0,0,0,0,25,0,0,-1,-1,-1,-1,0,0,0,0,0,0,-1,0,0,0,0,23,179,202,23,245,268,4,0,1,0,0,-1,607271242,"6.18"
"C28602",1,2025-09-20,2025-09-19,5,"NXS10617041",-1,0,0,0,0,5,1,0,0,25,0,12,1,314,410,0,0,0,0,0,25,0,0,-1,-1,-1,-1,0,0,0,0,0,0,-1,0,0,-1,-1,-1,-1,0,0,0,0,0,0,-1,0,62,0,62,0,0,62,62,6,68,1,1,0,0,0,-1,607271242,"6.18"
"C28605",1,2025-03-24,2024-11-30,5,"NBN10518426",-1,4,0,0,2,5,1,0,0,25,0,22,1,336,423,0,0,0,2,0,25,0,12,2,1,101,410,3,0,0,0,2,0,25,0,0,-1,-1,-1,-1,0,0,0,0,0,0,-1,0,117,0,117,0,271,388,117,436,553,5,1,1,0,0,-1,607271242,"6.18"
"C28611",1,2025-12-22,2025-12-21,1,,-1,0,0,0,0,99,1,0,0,25,0,22,1,101,422,0,0,0,0,0,25,0,0,-1,-1,-1,-1,0,0,0,0,0,0,-1,0,0,-1,-1,-1,-1,0,0,0,0,0,0,-1,0,14,0,14,0,0,14,14,68,82,1,1,0,0,0,-1,607271242,"6.18"
"C28614",2,2026-06-14,2026-06-13,1,,-1,0,0,0,2,3,1,3,0,25,1,22,1,336,99,0,0,0,2,1,25,1,21,1,1,101,-1,12,0,0,0,2,1,25,1,0,-1,-1,-1,-1,0,0,0,0,0,0,-1,0,14,0,14,12,75,101,26,18,44,5,1,1,0,0,-1,607271242,"6.18"
"C28617",1,2025-08-12,2025-08-11,5,,-1,0,0,1,1,3,1,0,0,18,0,12,1,116,101,0,0,1,1,0,18,0,11,1,1,101,-1,96,0,0,1,1,0,18,0,0,-1,-1,-1,-1,0,0,0,0,0,0,-1,0,84,0,84,53,278,415,137,70,207,5,1,1,0,0,-1,607271242,"6.18"
"C28620",1,2024-10-24,2024-10-20,5,,-1,0,0,0,0,5,1,0,0,18,0,2,-1,-1,-1,0,0,0,0,0,-1,0,12,2,3,101,410,1,0,0,0,0,0,18,0,0,-1,-1,-1,-1,0,0,0,0,0,0,-1,0,3,0,3,1,374,378,4,0,4,5,0,1,0,0,-1,607271242,"6.18"
"C28641",1,2024-10-05,2024-10-04,5,,-1,0,0,1,1,5,1,0,0,24,0,0,-1,-1,-1,0,0,0,0,0,-1,0,12,2,3,116,410,2,0,0,1,1,0,24,0,0,-1,-1,-1,-1,0,0,0,0,0,0,-1,0,0,0,0,2,404,406,2,128,130,4,0,1,0,0,-1,607271242,"6.18"
"C28698",2,2025-04-25,2025-04-24,1,,-1,4,0,0,1,3,1,2,0,25,1,21,3,116,-1,0,0,0,1,0,25,1,0,-1,-1,-1,-1,0,0,0,0,0,0,-1,0,0,-1,-1,-1,-1,0,0,0,0,0,0,-1,0,101,0,101,0,0,101,101,87,188,1,1,0,0,12,2,607271242,"6.18"
"C28713",3,2025-03-01,2025-01-22,5,"NXS11017097",-1,0,0,1,1,35,0,1,0,-1,0,2,-1,-1,-1,0,0,0,0,0,-1,0,12,2,1,336,422,7,0,0,1,1,0,-1,0,0,-1,-1,-1,-1,0,0,0,0,0,0,-1,0,44,0,44,0,313,357,44,0,44,5,0,1,0,0,-1,607271242,"6.18"
"C28722",1,2025-06-27,2025-06-26,5,,-1,4,0,0,0,7,1,0,0,25,0,12,3,336,431,0,0,0,0,0,25,0,0,-1,-1,-1,-1,0,0,0,0,0,0,-1,0,0,-1,-1,-1,-1,0,0,0,0,0,0,-1,0,223,0,223,0,0,223,223,0,223,1,1,0,0,21,0,607271242,"6.18"
"C28731",1,2025-08-31,2025-08-30,5,"NXS10719075",-1,1,0,1,1,3,1,0,0,25,0,12,1,116,204,1,0,1,1,0,25,0,0,-1,-1,-1,-1,0,0,0,0,0,0,-1,0,0,-1,-1,-1,-1,0,0,0,0,0,0,-1,0,67,0,67,0,0,67,67,331,398,1,1,0,0,0,-1,607271242,"6.18"
"C28737",1,2025-12-07,2025-12-06,3,"NXS11318597",254,0,0,0,0,5,1,0,0,25,0,22,1,335,423,0,0,0,0,0,25,0,0,-1,-1,-1,-1,0,0,0,0,0,0,-1,0,0,-1,-1,-1,-1,0,0,0,0,0,0,-1,0,14,0,14,0,0,14,14,0,14,1,1,0,0,0,-1,607271242,"6.18"
"C28746",1,2025-06-21,2025-06-20,5,"NBN10519424",-1,0,0,1,0,5,2,0,0,25,1,0,-1,-1,-1,0,0,0,0,0,-1,0,12,2,1,335,433,69,0,0,1,0,0,25,1,0,-1,-1,-1,-1,0,0,0,0,0,0,-1,0,0,0,0,69,152,221,69,0,69,4,0,1,0,0,-1,607271242,"6.18"
"C28755",1,2025-11-07,2025-11-06,3,"NXS13820672",46,1,0,1,1,56,2,0,0,25,0,22,3,116,312,1,0,1,1,0,25,0,0,-1,-1,-1,-1,0,0,0,0,0,0,-1,0,0,-1,-1,-1,-1,0,0,0,0,0,0,-1,0,105,0,105,0,0,105,105,73,178,1,1,0,0,22,0,607271242,"6.18"
"C28758",1,2026-05-29,2026-05-28,1,,-1,1,0,1,0,5,1,0,0,25,0,22,1,116,99,1,0,1,0,0,25,0,0,-1,-1,-1,-1,0,0,0,0,0,0,-1,0,0,-1,-1,-1,-1,0,0,0,0,0,0,-1,0,20,0,20,0,0,20,20,82,102,1,1,0,0,0,-1,607271242,"6.18"
"C28764",1,2025-11-25,2025-11-24,2,"TRN11818496",140,1,1,1,0,5,1,0,0,25,0,22,1,336,99,1,1,1,0,0,25,0,22,0,2,116,99,104,1,1,1,0,0,25,0,0,-1,-1,-1,-1,0,0,0,0,0,0,-1,0,17,30,47,76,0,123,123,158,281,7,1,0,0,0,-1,607271242,"6.18"
"C28806",1,2026-07-03,2026-07-02,1,,-1,0,1,1,2,5,1,0,0,55,0,0,-1,-1,-1,0,0,0,0,0,-1,0,21,0,1,314,-1,90,0,1,1,2,0,55,0,0,-1,-1,-1,-1,0,0,0,0,0,0,-1,0,0,0,0,90,0,90,90,0,90,4,0,0,0,0,-1,607271242,"6.18"
"C28812",1,2026-01-30,2026-01-29,1,,-1,9,1,1,0,5,1,0,0,25,0,0,-1,-1,-1,0,0,0,0,0,-1,0,21,1,1,101,-1,19,0,1,1,0,0,25,0,0,-1,-1,-1,-1,0,0,0,0,0,0,-1,0,0,0,0,19,225,244,19,71,90,4,0,1,0,0,-1,607271242,"6.18"
"C28815",1,2025-01-19,2024-10-24,5,"HAV13717182",-1,1,1,1,0,5,1,0,0,25,0,2,-1,-1,-1,0,0,0,0,0,-1,0,12,2,2,101,419,50,1,1,1,0,0,25,0,0,-1,-1,-1,-1,0,0,0,0,0,0,-1,0,85,0,85,50,322,457,135,1210,1345,5,0,1,0,0,-1,607271242,"6.18"
"C28830",1,2026-01-24,2026-01-23,4,"NXS14717147",419,0,0,1,2,5,1,0,0,25,0,22,1,335,423,0,0,1,2,0,25,0,0,-1,-1,-1,-1,0,0,0,0,0,0,-1,0,0,-1,-1,-1,-1,0,0,0,0,0,0,-1,0,18,0,18,0,0,18,18,0,18,1,1,0,0,0,-1,607271242,"6.18"
"C28833",1,2025-10-23,2025-10-22,3,"NXS11319213",180,0,0,1,1,37,1,0,0,55,0,22,1,116,423,0,0,1,1,0,55,0,0,-1,-1,-1,-1,0,0,0,0,0,0,-1,0,0,-1,-1,-1,-1,0,0,0,0,0,0,-1,0,22,0,22,0,0,22,22,0,22,1,1,0,0,0,-1,607271242,"6.18"
"C28839",1,2025-10-14,2025-10-13,1,,-1,1,0,1,2,5,1,0,0,25,0,22,1,99,99,1,0,1,2,0,25,0,0,-1,-1,-1,-1,0,0,0,0,0,0,-1,0,0,-1,-1,-1,-1,0,0,0,0,0,0,-1,0,19,0,19,0,0,19,19,921,940,1,1,0,0,0,-1,607271242,"6.18"
"C28851",1,2026-07-20,2026-07-19,1,,-1,4,1,0,0,5,1,0,0,25,0,21,1,116,-1,0,1,0,0,0,25,0,0,-1,-1,-1,-1,0,0,0,0,0,0,-1,0,0,-1,-1,-1,-1,0,0,0,0,0,0,-1,0,0,73,73,0,0,73,73,991,1064,2,1,0,0,0,-1,607271242,"6.18"
"C28854",2,2026-06-23,2026-06-22,1,,-1,0,0,0,2,46,1,1,0,24,1,0,-1,-1,-1,0,0,0,0,0,-1,0,21,1,1,101,-1,21,0,0,0,2,0,24,1,0,-1,-1,-1,-1,0,0,0,0,0,0,-1,0,0,0,0,21,79,100,21,293,314,4,0,1,0,0,-1,607271242,"6.18"
"C28881",1,2025-01-14,2025-01-13,5,"NBN10517691",-1,9,0,1,0,5,1,0,0,25,0,2,-1,-1,-1,0,0,0,0,0,-1,0,12,2,1,116,410,17,0,0,1,0,0,25,0,0,-1,-1,-1,-1,0,0,0,0,0,0,-1,0,2,0,2,15,260,277,17,70,87,5,0,1,0,0,-1,607271242,"6.18"
"C28887",1,2024-11-11,2024-11-10,5,,-1,4,0,0,0,5,1,0,0,25,0,0,-1,-1,-1,0,0,0,0,0,-1,0,11,2,3,116,-1,11,0,0,0,0,0,25,0,0,-1,-1,-1,-1,0,0,0,0,0,0,-1,0,0,0,0,11,678,689,11,698,709,4,0,1,0,0,-1,607271242,"6.18"
"C28890",1,2025-10-16,2025-10-15,2,"RRH15617560",232,0,0,1,1,57,1,0,0,25,0,22,1,116,422,0,0,1,1,0,25,0,0,-1,-1,-1,-1,0,0,0,0,0,0,-1,0,0,-1,-1,-1,-1,0,0,0,0,0,0,-1,0,20,0,20,0,0,20,20,32,52,1,1,0,0,0,-1,607271242,"6.18"
"C28893",1,2025-09-20,2025-09-10,5,"NXS11321737",-1,4,0,0,2,5,1,0,0,25,0,12,1,116,116,0,0,0,2,0,25,0,0,-1,-1,-1,-1,0,0,0,0,0,0,-1,0,0,-1,-1,-1,-1,0,0,0,0,0,0,-1,0,161,0,161,0,0,161,161,71,232,1,1,0,0,0,-1,607271242,"6.18"
"C28896",1,2025-02-09,2024-10-31,5,"NXS14717186",-1,1,0,1,1,5,1,0,0,55,0,22,1,116,116,1,0,1,1,0,55,0,12,2,1,116,410,84,1,0,1,1,0,25,0,0,-1,-1,-1,-1,0,0,0,0,0,0,-1,0,146,0,146,84,292,522,230,256,486,5,1,1,0,0,-1,607271242,"6.18"
"C28899",1,2025-11-06,2025-11-05,3,"NXS11318560",250,4,1,0,0,5,1,0,0,55,0,22,1,314,313,0,1,0,0,0,55,0,22,1,1,101,419,1,0,1,0,0,0,55,0,21,1,1,101,-1,80,0,1,0,0,0,55,0,35,0,35,118,0,153,153,541,694,10,1,1,1,0,-1,607271242,"6.18"
"C28914",1,2025-06-29,2025-03-14,5,"NBN10519476",-1,9,0,1,1,5,1,0,0,25,0,2,-1,-1,-1,0,0,0,0,0,-1,0,12,0,1,101,207,112,0,0,1,1,0,25,0,0,-1,-1,-1,-1,0,0,0,0,0,0,-1,0,35,0,35,151,0,186,186,41,227,5,0,0,0,0,-1,607271242,"6.18"
"C28917",1,2024-12-02,2024-11-07,5,,-1,1,0,1,0,5,1,0,0,25,0,2,-1,-1,-1,0,0,0,0,0,-1,0,12,2,1,101,410,4,1,0,1,0,0,25,0,0,-1,-1,-1,-1,0,0,0,0,0,0,-1,0,18,0,18,2,343,363,20,257,277,5,0,1,0,0,-1,607271242,"6.18"
"C28932",1,2026-01-11,2026-01-10,2,"RRH15517712",149,0,0,1,0,124,1,0,0,55,0,22,1,336,98,0,0,1,0,0,55,0,0,-1,-1,-1,-1,0,0,0,0,0,0,-1,0,0,-1,-1,-1,-1,0,0,0,0,0,0,-1,0,41,0,41,0,0,41,41,2,43,1,1,0,0,0,-1,607271242,"6.18"
"C28938",2,2026-03-02,2026-03-01,1,,-1,0,0,1,1,5,1,3,0,25,1,0,-1,-1,-1,0,0,0,0,0,-1,0,22,1,1,101,410,3,0,0,1,1,1,25,1,0,-1,-1,-1,-1,0,0,0,0,0,0,-1,0,0,0,0,3,43,46,3,50,53,4,0,1,0,0,-1,607271242,"6.18"
"C28959",1,2025-08-30,2025-08-29,5,"NXS10320109",-1,0,0,1,1,126,1,0,0,25,0,0,-1,-1,-1,0,0,0,0,0,-1,0,12,2,1,116,314,8,0,0,1,1,0,25,0,0,-1,-1,-1,-1,0,0,0,0,0,0,-1,0,0,0,0,8,137,145,8,73,81,4,0,1,0,0,-1,607271242,"6.18"
"C28992",1,2025-08-02,2025-08-01,5,,-1,0,0,1,0,5,1,0,0,25,0,12,3,207,314,0,0,1,0,0,25,0,0,-1,-1,-1,-1,0,0,0,0,0,0,-1,0,0,-1,-1,-1,-1,0,0,0,0,0,0,-1,0,106,0,106,0,0,106,106,0,106,1,1,0,0,0,-1,607271242,"6.18"
"C28995",1,2025-09-08,2025-09-07,5,,-1,0,0,1,0,5,2,0,0,25,0,12,1,335,312,0,0,1,0,0,25,0,0,-1,-1,-1,-1,0,0,0,0,0,0,-1,0,0,-1,-1,-1,-1,0,0,0,0,0,0,-1,0,76,0,76,0,0,76,76,18,94,1,1,0,0,0,-1,607271242,"6.18"
"C29019",1,2025-05-01,2025-03-23,5,"NXS10918987",-1,4,0,0,0,3,1,0,0,24,0,2,-1,-1,-1,0,0,0,0,0,-1,0,0,-1,-1,-1,-1,0,0,0,0,0,0,-1,0,0,-1,-1,-1,-1,0,0,0,0,0,0,-1,0,37,0,37,0,0,37,37,167,204,1,0,0,0,11,0,607271242,"6.18"
"C29064",1,2024-09-19,2024-09-18,5,,-1,0,0,1,0,5,1,0,0,25,0,0,-1,-1,-1,0,0,0,0,0,-1,0,11,2,3,116,-1,29,0,0,1,0,0,25,0,0,-1,-1,-1,-1,0,0,0,0,0,0,-1,0,0,0,0,29,713,742,29,185,214,4,0,1,0,0,-1,607271242,"6.18"
"C29067",1,2025-11-09,2025-11-08,4,"NBN10518755",217,1,0,1,0,3,1,0,0,25,0,22,1,336,116,1,0,1,0,0,25,0,0,-1,-1,-1,-1,0,0,0,0,0,0,-1,0,21,1,2,116,-1,159,1,0,1,0,0,25,0,69,0,69,1,0,70,70,498,568,9,1,0,1,0,-1,607271242,"6.18"
"C29070",1,2026-06-12,2026-06-11,4,"NXS10921201",276,4,0,0,0,156,1,0,0,55,0,22,3,116,99,0,0,0,0,0,55,0,0,-1,-1,-1,-1,0,0,0,0,0,0,-1,0,0,-1,-1,-1,-1,0,0,0,0,0,0,-1,0,47,0,47,0,0,47,47,585,632,1,1,0,0,0,-1,607271242,"6.18"
"C29073",1,2025-10-25,2025-10-24,1,,-1,0,0,1,0,3,1,0,0,25,0,22,1,336,434,0,0,1,0,0,25,0,0,-1,-1,-1,-1,0,0,0,0,0,0,-1,0,0,-1,-1,-1,-1,0,0,0,0,0,0,-1,0,137,0,137,0,0,137,137,0,137,1,1,0,0,0,-1,607271242,"6.18"
"C29091",1,2025-07-06,2024-11-12,5,"NBN10518590",-1,2,0,1,0,5,1,0,0,55,0,22,1,101,312,0,0,1,0,0,55,0,12,0,1,101,207,125,0,0,1,0,0,55,0,0,-1,-1,-1,-1,0,0,0,0,0,0,-1,0,64,0,64,150,0,214,214,400,614,5,1,0,0,0,-1,607271242,"6.18"
"C29106",2,2025-08-17,2025-08-16,5,"RRH15817372",-1,4,0,0,0,5,2,1,0,25,1,0,-1,-1,-1,0,0,0,0,0,-1,0,12,0,3,101,410,230,0,0,0,0,0,25,1,0,-1,-1,-1,-1,0,0,0,0,0,0,-1,0,0,0,0,229,0,229,229,280,509,4,0,0,0,0,-1,607271242,"6.18"
"C29121",1,2024-11-18,2024-11-14,5,,-1,0,0,1,0,5,1,0,0,24,0,2,-1,-1,-1,0,0,0,0,0,-1,0,12,2,3,101,410,1,0,0,1,0,0,24,0,0,-1,-1,-1,-1,0,0,0,0,0,0,-1,0,4,0,4,0,338,342,4,52,56,5,0,1,0,0,-1,607271242,"6.18"
"C29130",1,2026-01-10,2026-01-09,4,"NBN10519260",267,0,0,0,2,245,1,0,0,25,0,22,1,99,99,0,0,0,2,0,25,0,0,-1,-1,-1,-1,0,0,0,0,0,0,-1,0,0,-1,-1,-1,-1,0,0,0,0,0,0,-1,0,14,0,14,0,0,14,14,16,30,1,1,0,0,0,-1,607271242,"6.18"
"C29133",1,2025-10-06,2025-10-05,5,"NXS11621381",-1,0,0,1,0,15,1,0,0,25,0,22,1,207,207,0,0,1,0,0,25,0,0,-1,-1,-1,-1,0,0,0,0,0,0,-1,0,0,-1,-1,-1,-1,0,0,0,0,0,0,-1,0,26,0,26,0,0,26,26,345,371,1,1,0,0,0,-1,607271242,"6.18"
"C29151",2,2026-07-11,2026-07-10,1,,-1,0,0,0,2,5,1,3,0,25,1,22,1,336,313,0,0,0,2,1,25,1,0,-1,-1,-1,-1,0,0,0,0,0,0,-1,0,0,-1,-1,-1,-1,0,0,0,0,0,0,-1,0,13,0,13,0,0,13,13,731,744,1,1,0,0,0,-1,607271242,"6.18"
"C29178",2,2026-01-20,2026-01-19,3,"NXS11117308",376,0,0,0,1,5,1,1,0,25,1,22,1,207,99,0,0,0,1,0,25,1,0,-1,-1,-1,-1,0,0,0,0,0,0,-1,0,0,-1,-1,-1,-1,0,0,0,0,0,0,-1,0,44,0,44,0,0,44,44,0,44,1,1,0,0,0,-1,607271242,"6.18"
"C29181",1,2024-12-07,2024-11-16,5,,-1,0,0,0,2,3,2,0,0,25,1,2,-1,-1,-1,0,0,0,0,0,-1,0,12,2,1,101,410,51,0,0,0,2,0,25,1,0,-1,-1,-1,-1,0,0,0,0,0,0,-1,0,71,0,71,0,298,369,71,2,73,5,0,1,0,0,-1,607271242,"6.18"
"C29196",1,2025-08-21,2025-08-20,5,"NXS11318598",-1,1,0,1,2,5,1,0,0,25,0,12,1,116,314,1,0,1,2,0,25,0,0,-1,-1,-1,-1,0,0,0,0,0,0,-1,0,0,-1,-1,-1,-1,0,0,0,0,0,0,-1,0,146,0,146,0,0,146,146,599,745,1,1,0,0,0,-1,607271242,"6.18"
"C29199",1,2026-07-24,2026-07-23,1,,-1,0,0,0,0,3,1,0,0,25,0,21,1,116,-1,0,0,0,0,0,25,0,0,-1,-1,-1,-1,0,0,0,0,0,0,-1,0,0,-1,-1,-1,-1,0,0,0,0,0,0,-1,0,69,0,69,0,0,69,69,8,77,1,1,0,0,0,-1,607271242,"6.18"
"C29214",1,2025-08-17,2025-08-16,5,"NXS11417815",-1,1,0,1,2,5,1,0,0,25,0,0,-1,-1,-1,0,0,0,0,0,-1,0,12,0,1,116,99,98,1,0,1,2,0,25,0,0,-1,-1,-1,-1,0,0,0,0,0,0,-1,0,0,0,0,97,0,97,97,378,475,4,0,0,0,0,-1,607271242,"6.18"
"C29217",1,2025-11-03,2025-11-02,1,,-1,0,0,0,2,346,1,0,0,25,0,0,-1,-1,-1,0,0,0,0,0,-1,0,22,0,3,335,410,119,0,0,0,2,0,25,0,0,-1,-1,-1,-1,0,0,0,0,0,0,-1,0,0,0,0,118,0,118,118,0,118,4,0,0,0,0,-1,607271242,"6.18"
"C29223",2,2025-09-26,2025-09-25,5,"NXS10221010",-1,0,0,0,2,5,2,2,0,25,1,0,-1,-1,-1,0,0,0,0,0,-1,0,12,2,1,101,410,1,0,0,0,2,0,25,1,0,-1,-1,-1,-1,0,0,0,0,0,0,-1,0,0,0,0,1,306,307,1,142,143,4,0,1,0,0,-1,607271242,"6.18"
"C29235",1,2024-12-23,2024-12-22,5,,-1,0,0,1,0,5,1,0,0,25,0,0,-1,-1,-1,0,0,0,0,0,-1,0,12,2,1,116,410,137,0,0,1,0,0,25,0,0,-1,-1,-1,-1,0,0,0,0,0,0,-1,0,0,0,0,137,148,285,137,80,217,4,0,1,0,0,-1,607271242,"6.18"
"C29238",1,2026-03-15,2026-03-14,3,"NXS12717389",467,2,0,1,0,5,1,0,0,25,0,22,1,116,98,0,0,1,0,0,25,0,0,-1,-1,-1,-1,0,0,0,0,0,0,-1,0,0,-1,-1,-1,-1,0,0,0,0,0,0,-1,0,18,0,18,0,0,18,18,3,21,1,1,0,0,0,-1,607271242,"6.18"
"C29247",1,2025-11-25,2025-11-24,4,"NXS13517527",355,1,1,1,2,5,1,0,0,55,0,22,3,335,99,1,1,1,2,0,55,0,0,-1,-1,-1,-1,0,0,0,0,0,0,-1,0,0,-1,-1,-1,-1,0,0,0,0,0,0,-1,0,54,0,54,0,0,54,54,13,67,1,1,0,0,0,-1,607271242,"6.18"
"C29253",2,2025-11-22,2025-11-21,2,"NXS10217392",297,0,0,0,1,3,1,2,0,25,1,22,1,116,99,0,0,0,1,0,25,1,0,-1,-1,-1,-1,0,0,0,0,0,0,-1,0,0,-1,-1,-1,-1,0,0,0,0,0,0,-1,0,33,0,33,0,0,33,33,4,37,1,1,0,0,0,-1,607271242,"6.18"
"C29280",1,2026-03-17,2026-03-16,1,,-1,0,1,0,0,3,1,0,0,55,0,22,1,101,99,0,1,0,0,0,55,0,21,1,2,101,-1,61,0,1,0,0,0,55,0,0,-1,-1,-1,-1,0,0,0,0,0,0,-1,0,0,66,66,8,124,198,74,5,79,6,1,1,0,0,-1,607271242,"6.18"
"C29286",2,2025-10-25,2025-10-24,1,,-1,9,1,1,0,3,2,2,0,25,1,0,-1,-1,-1,0,0,0,0,0,-1,0,21,1,1,101,-1,34,0,1,1,0,0,25,1,0,-1,-1,-1,-1,0,0,0,0,0,0,-1,0,0,0,0,34,307,341,34,8,42,4,0,1,0,0,-1,607271242,"6.18"
"C29295",1,2026-05-23,2026-05-22,1,,-1,4,0,0,0,5,1,0,0,25,0,22,1,116,410,0,0,0,0,0,25,0,0,-1,-1,-1,-1,0,0,0,0,0,0,-1,0,0,-1,-1,-1,-1,0,0,0,0,0,0,-1,0,64,0,64,0,0,64,64,565,629,1,1,0,0,0,-1,607271242,"6.18"
"C29331",1,2025-10-19,2025-10-18,1,,-1,0,1,0,0,5,1,0,0,55,0,22,1,410,99,0,1,0,0,0,55,0,0,-1,-1,-1,-1,0,0,0,0,0,0,-1,0,0,-1,-1,-1,-1,0,0,0,0,0,0,-1,0,274,0,274,0,0,274,274,17,291,1,1,0,0,0,-1,607271242,"6.18"
"C29334",1,2025-09-21,2025-09-20,5,"NXS11317377",-1,1,0,1,0,5,1,0,0,25,0,12,1,116,116,1,0,1,0,0,25,0,0,-1,-1,-1,-1,0,0,0,0,0,0,-1,0,0,-1,-1,-1,-1,0,0,0,0,0,0,-1,0,31,0,31,0,0,31,31,2164,2195,1,1,0,0,0,-1,607271242,"6.18"
"C29337",1,2026-01-25,2026-01-24,4,"NXS10719074",283,1,0,1,2,2,1,0,0,25,0,22,1,101,313,1,0,1,2,0,25,0,0,-1,-1,-1,-1,0,0,0,0,0,0,-1,0,0,-1,-1,-1,-1,0,0,0,0,0,0,-1,0,67,0,67,0,0,67,67,357,424,1,1,0,0,0,-1,607271242,"6.18"
"C29358",1,2025-09-15,2025-09-14,5,"NXS14717378",-1,1,0,1,0,5,1,0,0,25,0,12,3,101,410,1,0,1,0,0,25,0,0,-1,-1,-1,-1,0,0,0,0,0,0,-1,0,0,-1,-1,-1,-1,0,0,0,0,0,0,-1,0,226,0,226,0,0,226,226,49,275,1,1,0,0,22,1,607271242,"6.18"
"C29364",2,2026-03-31,2026-03-30,2,"RRH13118242",279,0,0,1,2,56,1,2,0,25,1,0,-1,-1,-1,0,0,0,0,0,-1,0,21,1,3,336,-1,66,0,0,1,2,0,25,1,0,-1,-1,-1,-1,0,0,0,0,0,0,-1,0,0,0,0,66,118,184,66,0,66,4,0,1,0,0,-1,607271242,"6.18"
"C29382",1,2025-12-18,2025-12-17,2,"RRH15618275",201,0,0,1,0,3,1,0,0,25,0,22,1,101,423,0,0,1,0,0,25,0,0,-1,-1,-1,-1,0,0,0,0,0,0,-1,0,0,-1,-1,-1,-1,0,0,0,0,0,0,-1,0,73,0,73,0,0,73,73,0,73,1,1,0,0,0,-1,607271242,"6.18"
"C29388",2,2026-04-04,2026-04-03,2,"NXS11117429",456,0,0,1,2,5,1,2,0,25,1,22,1,101,98,0,0,1,2,0,25,1,0,-1,-1,-1,-1,0,0,0,0,0,0,-1,0,0,-1,-1,-1,-1,0,0,0,0,0,0,-1,0,33,0,33,0,0,33,33,31,64,1,1,0,0,0,-1,607271242,"6.18"
"C29391",1,2024-11-25,2024-11-21,5,,-1,0,0,0,0,5,1,0,0,18,0,2,-1,-1,-1,0,0,0,0,0,-1,0,12,2,3,101,410,4,0,0,0,0,0,18,0,0,-1,-1,-1,-1,0,0,0,0,0,0,-1,0,7,0,7,0,382,389,7,12,19,5,0,1,0,0,-1,607271242,"6.18"
"C29394",1,2026-06-08,2026-06-07,1,,-1,1,0,1,0,5,1,0,0,25,0,22,1,99,99,1,0,1,0,0,25,0,0,-1,-1,-1,-1,0,0,0,0,0,0,-1,0,0,-1,-1,-1,-1,0,0,0,0,0,0,-1,0,2,0,2,0,0,2,2,309,311,1,1,0,0,0,-1,607271242,"6.18"
"C29397",1,2025-12-06,2025-12-05,1,,-1,0,0,1,0,12,1,0,0,25,0,0,-1,-1,-1,0,0,0,0,0,-1,0,22,0,1,101,206,92,0,0,1,0,0,25,0,0,-1,-1,-1,-1,0,0,0,0,0,0,-1,0,0,0,0,91,0,91,91,94,185,4,0,0,0,0,-1,607271242,"6.18"
"C29400",1,2025-10-03,2025-10-02,1,,-1,0,0,0,0,5,1,0,0,25,0,0,-1,-1,-1,0,0,0,0,0,-1,0,21,0,3,335,-1,363,0,0,0,0,0,25,0,0,-1,-1,-1,-1,0,0,0,0,0,0,-1,0,0,0,0,363,0,363,363,0,363,4,0,0,0,0,-1,607271242,"6.18"
"C29418",1,2026-06-09,2026-06-08,1,,-1,0,0,0,0,3,1,0,0,55,0,21,1,116,-1,0,0,0,0,0,55,0,0,-1,-1,-1,-1,0,0,0,0,0,0,-1,0,0,-1,-1,-1,-1,0,0,0,0,0,0,-1,0,114,0,114,0,0,114,114,7,121,1,1,0,0,0,-1,607271242,"6.18"
"C29427",1,2025-10-04,2025-10-03,3,"NXS14717446",218,0,0,1,0,5,1,0,0,25,0,22,1,116,423,0,0,1,0,0,25,0,0,-1,-1,-1,-1,0,0,0,0,0,0,-1,0,0,-1,-1,-1,-1,0,0,0,0,0,0,-1,0,61,0,61,0,0,61,61,31,92,1,1,0,0,0,-1,607271242,"6.18"
"C29433",2,2026-06-21,2026-06-20,1,,-1,0,0,1,2,5,1,1,0,25,1,21,1,116,-1,0,0,1,2,0,25,1,0,-1,-1,-1,-1,0,0,0,0,0,0,-1,0,0,-1,-1,-1,-1,0,0,0,0,0,0,-1,0,102,0,102,0,0,102,102,3,105,1,1,0,0,0,-1,607271242,"6.18"
"C29439",2,2025-10-03,2025-10-02,1,,-1,0,0,0,0,3,1,2,0,25,1,22,1,116,410,0,0,0,0,0,25,1,0,-1,-1,-1,-1,0,0,0,0,0,0,-1,0,0,-1,-1,-1,-1,0,0,0,0,0,0,-1,0,42,0,42,0,0,42,42,2,44,1,1,0,0,0,-1,607271242,"6.18"
"C29442",1,2026-04-10,2026-04-09,1,,-1,6,0,1,0,3,1,0,0,25,0,22,1,116,410,0,0,1,0,0,25,0,0,-1,-1,-1,-1,0,0,0,0,0,0,-1,0,0,-1,-1,-1,-1,0,0,0,0,0,0,-1,0,75,0,75,0,0,75,75,207,282,1,1,0,0,0,-1,607271242,"6.18"
"C29451",1,2025-10-04,2025-10-03,4,"NBN10521235",43,0,0,1,0,16,1,0,0,25,0,22,1,116,205,0,0,1,0,0,25,0,0,-1,-1,-1,-1,0,0,0,0,0,0,-1,0,0,-1,-1,-1,-1,0,0,0,0,0,0,-1,0,75,0,75,0,0,75,75,172,247,1,1,0,0,0,-1,607271242,"6.18"
"C29454",1,2025-11-28,2025-11-27,1,,-1,0,1,1,0,3,1,0,0,25,0,22,1,336,410,0,1,1,0,0,25,0,0,-1,-1,-1,-1,0,0,0,0,0,0,-1,0,0,-1,-1,-1,-1,0,0,0,0,0,0,-1,0,14,0,14,0,0,14,14,0,14,1,1,0,0,0,-1,607271242,"6.18"
"C29466",1,2025-01-18,2024-11-22,5,"NBN10517525",-1,0,0,0,0,17,1,0,0,25,0,2,-1,-1,-1,0,0,0,0,0,-1,0,12,2,1,101,410,7,0,0,0,0,0,25,0,0,-1,-1,-1,-1,0,0,0,0,0,0,-1,0,62,0,62,0,293,355,62,3,65,5,0,1,0,0,-1,607271242,"6.18"
"C29469",1,2026-07-15,2026-07-14,3,"NXS11419295",390,1,0,1,0,15,1,0,0,55,0,21,1,116,-1,1,0,1,0,0,55,0,0,-1,-1,-1,-1,0,0,0,0,0,0,-1,0,0,-1,-1,-1,-1,0,0,0,0,0,0,-1,0,78,0,78,0,0,78,78,72,150,1,1,0,0,0,-1,607271242,"6.18"
"C29478",1,2025-09-18,2025-08-23,5,"NXS11321315",-1,1,0,1,0,5,1,0,0,55,0,12,1,116,423,1,0,1,0,0,55,0,0,-1,-1,-1,-1,0,0,0,0,0,0,-1,0,0,-1,-1,-1,-1,0,0,0,0,0,0,-1,0,115,0,115,0,0,115,115,64,179,1,1,0,0,0,-1,607271242,"6.18"
"C29481",1,2026-03-10,2026-03-09,1,,-1,1,0,1,2,5,1,0,0,25,0,22,1,116,99,1,0,1,2,0,25,0,0,-1,-1,-1,-1,0,0,0,0,0,0,-1,0,0,-1,-1,-1,-1,0,0,0,0,0,0,-1,0,1,0,1,0,0,1,1,460,461,1,1,0,0,0,-1,607271242,"6.18"
"C29514",2,2025-12-13,2025-12-12,3,"NXS10217459",314,0,0,1,0,5,1,1,0,25,1,22,1,336,99,0,0,1,0,0,25,1,0,-1,-1,-1,-1,0,0,0,0,0,0,-1,0,0,-1,-1,-1,-1,0,0,0,0,0,0,-1,0,27,0,27,0,0,27,27,44,71,1,1,0,0,0,-1,607271242,"6.18"
"C29535",1,2025-10-18,2025-10-17,4,"NXS11121329",21,1,0,1,1,5,1,0,0,25,0,22,1,206,99,1,0,1,1,0,25,0,0,-1,-1,-1,-1,0,0,0,0,0,0,-1,0,0,-1,-1,-1,-1,0,0,0,0,0,0,-1,0,34,0,34,0,0,34,34,7,41,1,1,0,0,0,-1,607271242,"6.18"
"C29565",1,2026-04-17,2026-04-16,1,,-1,0,0,1,0,5,1,0,0,25,0,22,3,410,420,0,0,1,0,0,25,0,0,-1,-1,-1,-1,0,0,0,0,0,0,-1,0,0,-1,-1,-1,-1,0,0,0,0,0,0,-1,0,72,0,72,0,0,72,72,97,169,1,1,0,0,22,1,607271242,"6.18"
"C29571",1,2024-12-27,2024-11-26,5,,-1,6,0,1,0,5,1,0,0,25,0,2,-1,-1,-1,0,0,0,0,0,-1,0,12,0,1,101,312,285,0,0,1,0,0,25,0,0,-1,-1,-1,-1,0,0,0,0,0,0,-1,0,226,0,226,88,0,314,314,13,327,5,0,0,0,0,-1,607271242,"6.18"
"C29574",2,2026-05-11,2026-05-10,1,,-1,0,0,0,0,5,1,1,0,25,1,22,1,336,99,0,0,0,0,0,25,1,0,-1,-1,-1,-1,0,0,0,0,0,0,-1,0,0,-1,-1,-1,-1,0,0,0,0,0,0,-1,0,25,0,25,0,0,25,25,8,33,1,1,0,0,0,-1,607271242,"6.18"
"C29586",1,2025-12-18,2025-12-17,4,"NXS10617555",369,0,0,0,0,3,1,0,0,25,0,22,1,101,99,0,0,0,0,0,25,0,0,-1,-1,-1,-1,0,0,0,0,0,0,-1,0,0,-1,-1,-1,-1,0,0,0,0,0,0,-1,0,33,0,33,0,0,33,33,10,43,1,1,0,0,0,-1,607271242,"6.18"
"C29607",1,2026-05-02,2026-05-01,4,"RRH15817570",347,1,1,1,2,5,2,0,0,55,0,22,1,99,99,1,1,1,0,0,55,0,21,1,2,101,-1,12,1,1,1,2,0,55,0,0,-1,-1,-1,-1,0,0,0,0,0,0,-1,0,13,0,13,12,75,100,25,1361,1386,5,1,1,0,0,-1,607271242,"6.18"
"C29616",1,2025-09-04,2025-09-03,5,"NXS14717498",-1,1,0,1,2,3,1,0,0,55,0,12,1,116,99,1,0,1,2,0,55,0,0,-1,-1,-1,-1,0,0,0,0,0,0,-1,0,0,-1,-1,-1,-1,0,0,0,0,0,0,-1,0,49,0,49,0,0,49,49,581,630,1,1,0,0,0,-1,607271242,"6.18"
"C29619",1,2026-04-27,2026-04-26,3,"NXS10616929",495,0,0,1,1,5,1,0,0,25,0,22,1,116,204,0,0,1,1,0,25,0,0,-1,-1,-1,-1,0,0,0,0,0,0,-1,0,0,-1,-1,-1,-1,0,0,0,0,0,0,-1,0,19,0,19,0,0,19,19,2,21,1,1,0,0,0,-1,607271242,"6.18"
"C29679",1,2024-07-20,2024-07-19,5,,-1,1,0,1,0,5,1,0,0,25,0,12,3,205,99,1,0,1,0,0,25,0,0,-1,-1,-1,-1,0,0,0,0,0,0,-1,0,0,-1,-1,-1,-1,0,0,0,0,0,0,-1,0,464,0,464,0,0,464,464,15,479,1,1,0,0,0,-1,607271242,"6.18"
"C29688",1,2024-10-06,2024-10-05,5,,-1,4,0,0,0,3,1,0,0,55,0,11,3,98,-1,0,0,0,0,0,55,0,0,-1,-1,-1,-1,0,0,0,0,0,0,-1,0,0,-1,-1,-1,-1,0,0,0,0,0,0,-1,0,725,0,725,0,0,725,725,0,725,1,1,0,0,0,-1,607271242,"6.18"
"C29691",2,2026-07-24,2026-07-23,1,,-1,0,0,0,1,3,1,1,0,18,1,0,-1,-1,-1,0,0,0,0,0,-1,0,21,1,1,336,-1,3,0,0,0,1,0,18,1,0,-1,-1,-1,-1,0,0,0,0,0,0,-1,0,0,0,0,3,66,69,3,0,3,4,0,1,0,0,-1,607271242,"6.18"
"C29694",1,2026-05-24,2026-05-23,1,,-1,1,0,1,0,3,2,0,0,25,0,21,1,335,-1,1,0,1,0,0,25,0,0,-1,-1,-1,-1,0,0,0,0,0,0,-1,0,0,-1,-1,-1,-1,0,0,0,0,0,0,-1,0,130,0,130,0,0,130,130,13,143,1,1,0,0,0,-1,607271242,"6.18"
"C29697",1,2024-07-06,2024-07-05,5,,-1,1,0,1,1,5,1,0,0,25,0,11,3,206,-1,1,0,1,1,0,25,0,0,-1,-1,-1,-1,0,0,0,0,0,0,-1,0,0,-1,-1,-1,-1,0,0,0,0,0,0,-1,0,817,0,817,0,0,817,817,17,834,1,1,0,0,0,-1,607271242,"6.18"
"C29703",1,2026-05-03,2026-05-02,4,"NXS12915697",672,0,0,1,0,5,1,0,0,25,0,22,3,336,98,0,0,1,0,0,25,0,0,-1,-1,-1,-1,0,0,0,0,0,0,-1,0,0,-1,-1,-1,-1,0,0,0,0,0,0,-1,0,15,0,15,0,0,15,15,1126,1141,1,1,0,0,0,-1,607271242,"6.18"
"C29718",1,2024-12-05,2024-12-04,5,"NXS12915971",-1,3,0,0,0,5,1,0,0,25,0,11,3,99,-1,0,0,0,0,0,25,0,0,-1,-1,-1,-1,0,0,0,0,0,0,-1,0,0,-1,-1,-1,-1,0,0,0,0,0,0,-1,0,665,0,665,0,0,665,665,0,665,1,1,0,0,0,-1,607271242,"6.18"
"C29727",1,2024-03-23,2024-03-22,5,,-1,4,1,0,0,5,1,0,0,55,0,12,3,302,99,0,1,0,0,0,55,0,0,-1,-1,-1,-1,0,0,0,0,0,0,-1,0,0,-1,-1,-1,-1,0,0,0,0,0,0,-1,0,561,0,561,0,0,561,561,0,561,1,1,0,0,0,-1,607271242,"6.18"
"C29739",1,2025-11-24,2025-11-23,2,"NXS12916148",375,0,0,0,0,5,1,0,0,25,0,22,3,434,99,0,0,0,0,0,25,0,0,-1,-1,-1,-1,0,0,0,0,0,0,-1,0,0,-1,-1,-1,-1,0,0,0,0,0,0,-1,0,28,0,28,0,0,28,28,477,505,1,1,0,0,0,-1,607271242,"6.18"
"C29745",1,2024-09-22,2024-09-21,5,,-1,4,0,0,0,156,1,0,0,25,0,11,3,421,-1,0,0,0,0,0,25,0,0,-1,-1,-1,-1,0,0,0,0,0,0,-1,0,0,-1,-1,-1,-1,0,0,0,0,0,0,-1,0,739,0,739,0,0,739,739,18,757,1,1,0,0,0,-1,607271242,"6.18"
"C29757",1,2025-05-17,2025-05-16,5,"NXS12916069",-1,1,1,1,1,5,1,0,0,25,0,12,3,101,99,1,1,1,1,0,25,0,0,-1,-1,-1,-1,0,0,0,0,0,0,-1,0,0,-1,-1,-1,-1,0,0,0,0,0,0,-1,0,194,0,194,0,0,194,194,297,491,1,1,0,0,0,-1,607271242,"6.18"
"C29772",1,2025-06-19,2025-06-18,5,,-1,9,0,1,0,5,1,0,0,25,0,0,-1,-1,-1,0,0,0,0,0,-1,0,12,2,1,101,313,45,0,0,1,0,0,25,0,0,-1,-1,-1,-1,0,0,0,0,0,0,-1,0,0,0,0,45,357,402,45,209,254,4,0,1,0,0,-1,607271242,"6.18"
"C29799",2,2026-06-19,2026-06-18,1,,-1,0,0,1,0,35,1,2,0,25,1,22,1,336,116,0,0,1,0,0,25,1,0,-1,-1,-1,-1,0,0,0,0,0,0,-1,0,0,-1,-1,-1,-1,0,0,0,0,0,0,-1,0,28,0,28,0,0,28,28,18,46,1,1,0,0,0,-1,607271242,"6.18"
"C29811",1,2026-01-10,2026-01-09,1,,-1,0,0,1,0,5,1,0,0,25,0,0,-1,-1,-1,0,0,0,0,0,-1,0,22,0,1,116,312,132,0,0,1,0,0,25,0,0,-1,-1,-1,-1,0,0,0,0,0,0,-1,0,0,0,0,131,0,131,131,80,211,4,0,0,0,0,-1,607271242,"6.18"
"C29823",1,2025-10-04,2025-10-03,2,"NXS14717654",220,4,0,0,2,5,1,0,0,25,0,22,1,336,423,0,0,0,2,0,25,0,0,-1,-1,-1,-1,0,0,0,0,0,0,-1,0,0,-1,-1,-1,-1,0,0,0,0,0,0,-1,0,19,0,19,0,0,19,19,0,19,1,1,0,0,0,-1,607271242,"6.18"
"C29841",1,2025-09-13,2025-09-12,5,"NBN10519166",-1,1,0,1,0,246,1,0,0,55,0,12,1,116,116,1,0,1,0,0,55,0,0,-1,-1,-1,-1,0,0,0,0,0,0,-1,0,0,-1,-1,-1,-1,0,0,0,0,0,0,-1,0,104,0,104,0,0,104,104,6497,6601,1,1,0,0,0,-1,607271242,"6.18"
"C29853",1,2026-02-09,2026-02-08,1,,-1,0,0,1,2,5,1,0,0,55,0,22,1,314,98,0,0,1,2,0,55,0,0,-1,-1,-1,-1,0,0,0,0,0,0,-1,0,0,-1,-1,-1,-1,0,0,0,0,0,0,-1,0,35,0,35,0,0,35,35,0,35,1,1,0,0,0,-1,607271242,"6.18"
"C29868",1,2025-12-13,2025-12-12,3,"NXS11319289",221,0,0,1,0,3,1,0,0,25,0,22,1,101,410,0,0,1,0,0,25,0,0,-1,-1,-1,-1,0,0,0,0,0,0,-1,0,0,-1,-1,-1,-1,0,0,0,0,0,0,-1,0,113,0,113,0,0,113,113,12,125,1,1,0,0,0,-1,607271242,"6.18"
"C29871",99,2026-01-05,2026-01-04,1,,-1,9,0,0,0,35,1,0,1,-1,1,21,1,99,-1,0,0,0,0,0,-1,1,0,-1,-1,-1,-1,0,0,0,0,0,0,-1,0,0,-1,-1,-1,-1,0,0,0,0,0,0,-1,0,269,0,269,0,0,269,269,0,269,1,1,0,0,0,-1,607271242,"6.18"
"C29880",2,2026-06-15,2026-06-14,1,,-1,0,0,0,1,5,1,1,0,18,1,22,1,116,312,0,0,0,1,0,18,1,0,-1,-1,-1,-1,0,0,0,0,0,0,-1,0,0,-1,-1,-1,-1,0,0,0,0,0,0,-1,0,32,0,32,0,0,32,32,11,43,1,1,0,0,0,-1,607271242,"6.18"
"C29886",2,2026-03-08,2026-03-07,4,"NXS10617617",419,0,0,0,0,56,1,1,0,24,1,22,1,420,422,0,0,0,0,0,24,1,0,-1,-1,-1,-1,0,0,0,0,0,0,-1,0,0,-1,-1,-1,-1,0,0,0,0,0,0,-1,0,38,0,38,0,0,38,38,2,40,1,1,0,0,0,-1,607271242,"6.18"
"C29892",1,2025-11-07,2025-11-06,3,"NXS11320402",90,0,0,0,0,267,1,0,0,25,0,22,1,336,410,0,0,0,0,0,25,0,0,-1,-1,-1,-1,0,0,0,0,0,0,-1,0,0,-1,-1,-1,-1,0,0,0,0,0,0,-1,0,35,0,35,0,0,35,35,0,35,1,1,0,0,0,-1,607271242,"6.18"
"C29901",1,2026-07-25,2026-07-24,1,,-1,0,0,1,2,3,1,0,0,25,0,0,-1,-1,-1,0,0,0,0,0,-1,0,21,1,1,116,-1,2,0,0,1,2,0,25,0,0,-1,-1,-1,-1,0,0,0,0,0,0,-1,0,0,0,0,2,66,68,2,99,101,4,0,1,0,0,-1,607271242,"6.18"
"C29904",1,2025-10-02,2025-10-01,5,"NXS11119653",-1,1,0,1,0,5,1,0,0,55,0,22,1,101,314,1,0,1,0,0,55,0,0,-1,-1,-1,-1,0,0,0,0,0,0,-1,0,0,-1,-1,-1,-1,0,0,0,0,0,0,-1,0,19,0,19,0,0,19,19,5235,5254,1,1,0,0,0,-1,607271242,"6.18"
"C29952",1,2025-10-06,2025-10-05,2,"NXS11321117",33,0,0,0,2,56,1,0,0,55,0,22,1,335,423,0,0,0,2,0,55,0,0,-1,-1,-1,-1,0,0,0,0,0,0,-1,0,0,-1,-1,-1,-1,0,0,0,0,0,0,-1,0,79,0,79,0,0,79,79,2,81,1,1,0,0,0,-1,607271242,"6.18"
"C29955",1,2025-10-03,2025-10-02,1,,-1,0,0,0,2,367,1,0,0,25,0,22,1,335,99,0,0,0,2,0,25,0,0,-1,-1,-1,-1,0,0,0,0,0,0,-1,0,0,-1,-1,-1,-1,0,0,0,0,0,0,-1,0,14,0,14,0,0,14,14,61,75,1,1,0,0,0,-1,607271242,"6.18"
"C29955",2,2026-01-17,2026-01-16,2,"NXS10317812",367,0,0,0,2,367,1,1,0,25,1,22,1,314,313,0,0,0,2,0,25,1,0,-1,-1,-1,-1,0,0,0,0,0,0,-1,0,0,-1,-1,-1,-1,0,0,0,0,0,0,-1,0,145,0,145,0,0,145,145,0,145,1,1,0,0,0,-1,607271242,"6.18"
"C29961",1,2025-11-23,2025-11-22,1,,-1,0,0,1,0,5,1,0,0,18,0,0,-1,-1,-1,0,0,0,0,0,-1,0,22,1,3,116,410,4,0,0,1,0,0,18,0,0,-1,-1,-1,-1,0,0,0,0,0,0,-1,0,0,0,0,4,94,98,4,40,44,4,0,1,0,0,-1,607271242,"6.18"
"C29964",1,2024-12-15,2024-12-14,5,,-1,4,1,0,0,456,1,0,0,55,0,0,-1,-1,-1,0,0,0,0,0,-1,0,12,2,2,116,99,50,0,1,0,0,0,55,0,0,-1,-1,-1,-1,0,0,0,0,0,0,-1,0,0,0,0,50,366,416,50,408,458,4,0,1,0,0,-1,607271242,"6.18"
"C29982",1,2026-03-14,2026-03-13,1,,-1,1,0,1,2,5,1,0,0,25,0,22,1,101,423,1,0,1,2,0,25,0,0,-1,-1,-1,-1,0,0,0,0,0,0,-1,0,0,-1,-1,-1,-1,0,0,0,0,0,0,-1,0,18,0,18,0,0,18,18,367,385,1,1,0,0,0,-1,607271242,"6.18"
"C29985",1,2026-05-18,2026-05-17,1,,-1,1,0,1,0,3,1,0,0,25,0,0,-1,-1,-1,0,0,0,0,0,-1,0,21,0,1,116,-1,136,1,0,1,0,0,25,0,0,-1,-1,-1,-1,0,0,0,0,0,0,-1,0,0,0,0,136,0,136,136,136,272,4,0,0,0,0,-1,607271242,"6.18"
"C29988",1,2025-12-08,2025-12-07,1,,-1,0,0,1,0,3,1,0,0,25,0,22,1,335,99,0,0,1,0,0,25,0,0,-1,-1,-1,-1,0,0,0,0,0,0,-1,0,0,-1,-1,-1,-1,0,0,0,0,0,0,-1,0,34,0,34,0,0,34,34,5,39,1,1,0,0,0,-1,607271242,"6.18"
"C30012",2,2024-12-17,2024-12-16,5,,-1,0,0,0,2,5,1,2,0,25,1,0,-1,-1,-1,0,0,0,0,0,-1,0,12,2,3,101,99,3,0,0,0,2,0,25,1,0,-1,-1,-1,-1,0,0,0,0,0,0,-1,0,0,0,0,3,362,365,3,350,353,4,0,1,0,0,-1,607271242,"6.18"
"C30021",1,2026-07-20,2026-07-19,2,"RRH12318123",370,0,1,0,0,3,1,0,0,25,0,21,1,336,-1,0,1,0,0,0,25,0,0,-1,-1,-1,-1,0,0,0,0,0,0,-1,0,0,-1,-1,-1,-1,0,0,0,0,0,0,-1,0,0,73,73,0,0,73,73,0,73,2,1,0,0,0,-1,607271242,"6.18"
"C30051",1,2025-11-10,2025-11-09,4,"NXS13517798",296,1,0,1,2,5,1,0,0,25,0,22,3,116,313,1,0,1,2,0,25,0,0,-1,-1,-1,-1,0,0,0,0,0,0,-1,0,0,-1,-1,-1,-1,0,0,0,0,0,0,-1,0,62,0,62,0,0,62,62,2,64,1,1,0,0,0,-1,607271242,"6.18"
"C30063",2,2025-10-03,2025-10-02,1,,-1,0,0,0,0,5,3,2,0,25,1,0,-1,-1,-1,0,0,0,0,0,-1,0,0,-1,-1,-1,-1,0,0,0,0,0,0,-1,0,0,-1,-1,-1,-1,0,0,0,0,0,0,-1,0,0,0,0,0,0,0,0,61,61,12,0,0,0,22,1,607271242,"6.18"
"C30084",1,2025-11-15,2025-11-14,1,,-1,1,0,1,2,3,1,0,0,25,0,0,-1,-1,-1,0,0,0,0,0,-1,0,22,0,1,116,99,97,1,0,1,2,0,25,0,0,-1,-1,-1,-1,0,0,0,0,0,0,-1,0,0,0,0,96,0,96,96,65,161,4,0,0,0,0,-1,607271242,"6.18"
"C30087",2,2024-12-21,2024-12-20,5,,-1,4,0,0,0,5,2,1,0,25,1,11,1,101,-1,0,0,0,0,0,25,1,0,-1,-1,-1,-1,0,0,0,0,0,0,-1,0,0,-1,-1,-1,-1,0,0,0,0,0,0,-1,0,649,0,649,0,0,649,649,38,687,1,1,0,0,0,-1,607271242,"6.18"
"C30135",1,2025-11-24,2025-11-23,3,"NXS11317820",295,0,0,1,1,17,1,0,0,25,0,22,1,116,313,0,0,1,1,0,25,0,0,-1,-1,-1,-1,0,0,0,0,0,0,-1,0,0,-1,-1,-1,-1,0,0,0,0,0,0,-1,0,29,0,29,0,0,29,29,0,29,1,1,0,0,0,-1,607271242,"6.18"
"C30141",1,2025-01-27,2024-12-21,5,,-1,0,0,1,1,5,1,0,0,55,0,2,-1,-1,-1,0,0,0,0,0,-1,0,12,2,1,101,410,105,0,0,1,1,0,55,0,0,-1,-1,-1,-1,0,0,0,0,0,0,-1,0,128,0,128,13,270,411,141,17,158,5,0,1,0,0,-1,607271242,"6.18"
"C30144",1,2025-09-17,2025-09-16,5,,-1,1,0,1,0,5,2,0,0,25,0,12,1,116,423,1,0,1,0,0,25,0,22,1,1,335,99,10,1,0,1,0,0,25,0,0,-1,-1,-1,-1,0,0,0,0,0,0,-1,0,64,0,64,10,188,262,74,63,137,5,1,1,0,0,-1,607271242,"6.18"
"C30156",1,2025-11-23,2025-11-22,1,,-1,0,0,0,0,3,1,0,0,25,0,22,1,101,99,0,0,0,0,0,25,0,0,-1,-1,-1,-1,0,0,0,0,0,0,-1,0,0,-1,-1,-1,-1,0,0,0,0,0,0,-1,0,49,0,49,0,0,49,49,102,151,1,1,0,0,0,-1,607271242,"6.18"
"C30159",1,2025-08-10,2025-08-09,5,"NXS11117890",-1,1,0,1,2,26,1,0,0,55,0,12,1,116,98,1,0,1,2,0,25,0,21,1,1,116,-1,1,1,0,1,2,0,55,0,0,-1,-1,-1,-1,0,0,0,0,0,0,-1,0,54,0,54,1,179,234,55,449,504,5,1,1,0,0,-1,607271242,"6.18"
"C30177",1,2025-06-07,2025-06-06,5,,-1,0,1,1,0,5,1,0,0,55,0,0,-1,-1,-1,0,0,0,0,0,-1,0,0,-1,-1,-1,-1,0,0,0,0,0,0,-1,0,11,0,1,336,-1,0,0,1,1,0,0,55,0,0,0,0,481,0,481,481,0,481,8,0,0,0,0,-1,607271242,"6.18"
"C30180",1,2025-06-26,2025-02-12,5,"NBN10519066",-1,4,0,0,0,5,1,0,0,18,0,21,1,99,-1,0,0,0,0,0,18,0,11,0,1,101,-1,462,0,0,0,0,0,18,0,0,-1,-1,-1,-1,0,0,0,0,0,0,-1,0,75,0,75,504,0,579,579,70,649,5,1,0,0,0,-1,607271242,"6.18"
"C30186",2,2025-03-16,2025-03-15,5,,-1,0,0,1,2,35,1,1,0,25,1,0,-1,-1,-1,0,0,0,0,0,-1,0,12,2,3,335,410,4,0,0,1,2,0,25,1,0,-1,-1,-1,-1,0,0,0,0,0,0,-1,0,0,0,0,4,215,219,4,0,4,4,0,1,0,0,-1,607271242,"6.18"
"C30201",1,2025-09-03,2025-09-02,5,"NXS12717845",-1,1,0,1,0,3,1,0,0,25,0,22,1,335,313,1,0,1,0,0,25,0,11,1,1,116,-1,103,1,0,1,0,0,25,0,0,-1,-1,-1,-1,0,0,0,0,0,0,-1,0,52,0,52,51,290,393,103,1584,1687,5,1,1,0,0,-1,607271242,"6.18"
"C30204",1,2025-04-11,2025-04-10,2,"NXS10918285",44,9,0,1,2,5,1,0,0,25,0,2,-1,-1,-1,0,0,0,0,0,-1,0,0,-1,-1,-1,-1,0,0,0,0,0,0,-1,0,0,-1,-1,-1,-1,0,0,0,0,0,0,-1,0,14,0,14,0,0,14,14,0,14,1,0,0,0,12,2,607271242,"6.18"
"C30222",1,2025-12-27,2025-12-26,4,"NBN10519239",236,4,0,0,0,25,1,0,0,25,0,22,1,335,423,0,0,0,0,0,25,0,0,-1,-1,-1,-1,0,0,0,0,0,0,-1,0,0,-1,-1,-1,-1,0,0,0,0,0,0,-1,0,14,0,14,0,0,14,14,0,14,1,1,0,0,0,-1,607271242,"6.18"
"C30243",2,2025-12-01,2025-11-30,4,"NXS10217927",325,0,0,0,1,3,1,2,0,24,1,22,1,336,410,0,0,0,1,0,24,1,0,-1,-1,-1,-1,0,0,0,0,0,0,-1,0,0,-1,-1,-1,-1,0,0,0,0,0,0,-1,0,43,0,43,0,0,43,43,52,95,1,1,0,0,0,-1,607271242,"6.18"
"C30273",1,2026-06-09,2026-06-08,1,,-1,0,0,1,0,5,1,0,0,25,0,0,-1,-1,-1,0,0,0,0,0,-1,0,21,1,3,410,-1,3,0,0,1,0,0,25,0,0,-1,-1,-1,-1,0,0,0,0,0,0,-1,0,0,0,0,3,111,114,3,0,3,4,0,1,0,0,-1,607271242,"6.18"
"C30279",1,2026-01-27,2026-01-26,2,"NXS13517872",386,1,0,1,0,5,1,0,0,55,0,22,3,116,206,1,0,1,0,0,55,0,0,-1,-1,-1,-1,0,0,0,0,0,0,-1,0,0,-1,-1,-1,-1,0,0,0,0,0,0,-1,0,68,0,68,0,0,68,68,400,468,1,1,0,0,0,-1,607271242,"6.18"
"C30306",1,2025-09-16,2025-07-25,5,"NXS10921441",-1,1,0,1,0,5,1,0,0,25,0,12,3,335,98,1,0,1,0,0,25,0,0,-1,-1,-1,-1,0,0,0,0,0,0,-1,0,0,-1,-1,-1,-1,0,0,0,0,0,0,-1,0,247,0,247,0,0,247,247,250,497,1,1,0,0,0,-1,607271242,"6.18"
"C30312",1,2026-03-01,2026-02-28,2,"RRH12317944",380,1,1,1,0,5,1,0,0,55,0,21,1,101,-1,1,1,1,0,0,55,0,0,-1,-1,-1,-1,0,0,0,0,0,0,-1,0,0,-1,-1,-1,-1,0,0,0,0,0,0,-1,0,214,0,214,0,0,214,214,2,216,1,1,0,0,0,-1,607271242,"6.18"
"C30318",1,2025-01-20,2024-12-29,5,"NXS11017948",-1,0,0,1,2,5,1,0,0,25,0,2,-1,-1,-1,0,0,0,0,0,-1,0,11,2,1,101,-1,18,0,0,1,2,0,25,0,0,-1,-1,-1,-1,0,0,0,0,0,0,-1,0,19,0,19,18,601,638,37,242,279,5,0,1,0,0,-1,607271242,"6.18"
"C30321",1,2025-12-19,2025-12-18,1,,-1,0,0,0,0,126,1,0,0,25,0,22,1,314,422,0,0,0,0,0,25,0,0,-1,-1,-1,-1,0,0,0,0,0,0,-1,0,0,-1,-1,-1,-1,0,0,0,0,0,0,-1,0,20,0,20,0,0,20,20,0,20,1,1,0,0,0,-1,607271242,"6.18"
"C30342",3,2025-07-07,2025-07-06,5,,-1,0,0,0,2,36,0,1,0,-1,0,11,1,410,-1,0,0,0,2,0,-1,0,0,-1,-1,-1,-1,0,0,0,0,0,0,-1,0,0,-1,-1,-1,-1,0,0,0,0,0,0,-1,0,234,0,234,0,0,234,234,231,465,1,1,0,0,0,-1,607271242,"6.18"
"C30351",1,2025-08-03,2025-08-02,5,,-1,0,0,1,0,5,1,0,0,55,0,0,-1,-1,-1,0,0,0,0,0,-1,0,12,2,1,101,410,1,0,0,1,0,0,55,0,0,-1,-1,-1,-1,0,0,0,0,0,0,-1,0,0,0,0,1,102,103,1,246,247,4,0,1,0,0,-1,607271242,"6.18"
"C30354",1,2025-07-12,2025-07-11,5,,-1,0,0,0,2,3,1,0,0,24,0,12,1,116,99,0,0,0,2,0,24,0,0,-1,-1,-1,-1,0,0,0,0,0,0,-1,0,0,-1,-1,-1,-1,0,0,0,0,0,0,-1,0,92,0,92,0,0,92,92,5,97,1,1,0,0,0,-1,607271242,"6.18"
"C30360",2,2025-01-04,2025-01-03,5,,-1,0,0,0,2,136,1,3,0,25,1,0,-1,-1,-1,0,0,0,0,0,-1,0,12,2,1,101,410,1,0,0,0,2,1,25,1,0,-1,-1,-1,-1,0,0,0,0,0,0,-1,0,0,0,0,1,283,284,1,30,31,4,0,1,0,0,-1,607271242,"6.18"
"C30375",1,2026-07-02,2026-07-01,1,,-1,0,0,1,0,3,1,0,0,25,0,21,1,116,-1,0,0,1,0,0,25,0,0,-1,-1,-1,-1,0,0,0,0,0,0,-1,0,0,-1,-1,-1,-1,0,0,0,0,0,0,-1,0,91,0,91,0,0,91,91,7,98,1,1,0,0,0,-1,607271242,"6.18"
"C30384",1,2026-01-16,2026-01-15,2,"RRH15618546",240,6,0,1,0,5,1,0,0,55,0,21,1,101,-1,0,0,1,0,0,55,0,0,-1,-1,-1,-1,0,0,0,0,0,0,-1,0,0,-1,-1,-1,-1,0,0,0,0,0,0,-1,0,156,0,156,0,0,156,156,50,206,1,1,0,0,0,-1,607271242,"6.18"
"C30387",1,2026-04-05,2026-04-04,1,,-1,6,0,1,0,5,1,0,0,55,0,22,1,116,410,0,0,1,0,0,55,0,0,-1,-1,-1,-1,0,0,0,0,0,0,-1,0,0,-1,-1,-1,-1,0,0,0,0,0,0,-1,0,75,0,75,0,0,75,75,245,320,1,1,0,0,0,-1,607271242,"6.18"
"C30390",1,2025-11-06,2025-11-05,3,"NXS11320771",85,4,0,0,1,3,1,0,0,25,0,22,1,336,410,0,0,0,1,0,25,0,0,-1,-1,-1,-1,0,0,0,0,0,0,-1,0,0,-1,-1,-1,-1,0,0,0,0,0,0,-1,0,43,0,43,0,0,43,43,14,57,1,1,0,0,0,-1,607271242,"6.18"
"C30396",1,2025-09-20,2025-09-19,5,,-1,1,0,1,1,56,1,0,0,25,0,12,1,116,410,1,0,1,1,0,25,0,0,-1,-1,-1,-1,0,0,0,0,0,0,-1,0,0,-1,-1,-1,-1,0,0,0,0,0,0,-1,0,119,0,119,0,0,119,119,97,216,1,1,0,0,0,-1,607271242,"6.18"
"C30402",1,2025-10-02,2025-10-01,4,"NXS12918015",103,0,0,0,0,147,1,0,0,18,0,22,3,206,99,0,0,0,0,0,18,0,0,-1,-1,-1,-1,0,0,0,0,0,0,-1,0,0,-1,-1,-1,-1,0,0,0,0,0,0,-1,0,104,0,104,0,0,104,104,291,395,1,1,0,0,0,-1,607271242,"6.18"
"C30408",2,2025-07-19,2025-07-18,5,"NXS10219701",-1,0,0,1,2,56,1,2,0,25,1,0,-1,-1,-1,0,0,0,0,0,-1,0,12,2,1,116,410,1,0,0,1,2,0,25,1,0,-1,-1,-1,-1,0,0,0,0,0,0,-1,0,0,0,0,1,328,329,1,107,108,4,0,1,0,0,-1,607271242,"6.18"
"C30435",1,2025-09-26,2025-09-25,5,"NXS10920015",-1,6,0,1,0,157,1,0,0,25,0,12,3,205,98,0,0,1,0,0,25,0,0,-1,-1,-1,-1,0,0,0,0,0,0,-1,0,0,-1,-1,-1,-1,0,0,0,0,0,0,-1,0,82,0,82,0,0,82,82,6,88,1,1,0,0,0,-1,607271242,"6.18"
"C30453",1,2026-06-06,2026-06-05,1,,-1,1,0,1,1,5,1,0,0,25,0,0,-1,-1,-1,0,0,0,0,0,-1,0,21,0,2,116,-1,117,1,0,1,1,0,25,0,0,-1,-1,-1,-1,0,0,0,0,0,0,-1,0,0,0,0,117,0,117,117,415,532,4,0,0,0,0,-1,607271242,"6.18"
"C30456",1,2025-09-05,2025-09-04,5,"RRH12318125",-1,1,1,1,0,5,1,0,0,25,0,12,1,116,204,1,1,1,0,0,25,0,12,0,2,101,205,56,1,1,1,0,0,25,0,0,-1,-1,-1,-1,0,0,0,0,0,0,-1,0,0,47,47,22,0,69,69,366,435,6,1,0,0,0,-1,607271242,"6.18"
"C30462",1,2025-05-29,2025-04-19,5,"NXS10719319",-1,9,0,1,0,5,1,0,0,25,0,2,-1,-1,-1,0,0,0,0,0,-1,0,12,1,1,101,420,163,0,0,1,0,0,25,0,0,-1,-1,-1,-1,0,0,0,0,0,0,-1,0,38,0,38,163,18,219,201,1,202,5,0,1,0,0,-1,607271242,"6.18"
"C30492",1,2025-03-08,2025-01-13,5,,-1,4,0,0,2,35,1,0,0,24,0,2,-1,-1,-1,0,0,0,0,0,-1,0,12,1,1,101,433,244,0,0,0,2,0,24,0,0,-1,-1,-1,-1,0,0,0,0,0,0,-1,0,184,0,184,113,22,319,297,683,980,5,0,1,0,0,-1,607271242,"6.18"
"C30495",1,2025-06-26,2025-06-25,5,,-1,0,0,0,0,5,1,0,0,55,0,12,1,116,410,0,0,0,0,0,55,0,0,-1,-1,-1,-1,0,0,0,0,0,0,-1,0,0,-1,-1,-1,-1,0,0,0,0,0,0,-1,0,131,0,131,0,0,131,131,35,166,1,1,0,0,0,-1,607271242,"6.18"
"C30498",2,2025-09-20,2025-09-19,5,"NXS10218083",-1,0,0,0,1,5,1,1,0,25,1,12,1,116,312,0,0,0,1,0,25,1,0,-1,-1,-1,-1,0,0,0,0,0,0,-1,0,0,-1,-1,-1,-1,0,0,0,0,0,0,-1,0,73,0,73,0,0,73,73,48,121,1,1,0,0,0,-1,607271242,"6.18"
"C30504",1,2026-05-18,2026-05-17,1,,-1,0,1,1,0,5,1,0,0,55,0,21,1,206,-1,0,1,1,0,0,55,0,0,-1,-1,-1,-1,0,0,0,0,0,0,-1,0,0,-1,-1,-1,-1,0,0,0,0,0,0,-1,0,136,0,136,0,0,136,136,7,143,1,1,0,0,0,-1,607271242,"6.18"
"C30528",1,2026-01-06,2026-01-05,3,"HAV13720655",144,1,1,1,2,5,2,0,0,25,0,22,1,116,314,1,1,1,2,0,25,0,0,-1,-1,-1,-1,0,0,0,0,0,0,-1,0,0,-1,-1,-1,-1,0,0,0,0,0,0,-1,0,25,0,25,0,0,25,25,30,55,1,1,0,0,0,-1,607271242,"6.18"
"C30549",2,2025-08-29,2025-02-07,5,"RRH12118453",-1,9,0,1,1,5,2,1,0,25,1,0,-1,-1,-1,0,0,0,0,0,-1,0,12,2,1,431,422,1,0,0,1,1,0,25,1,0,-1,-1,-1,-1,0,0,0,0,0,0,-1,0,0,0,0,114,144,258,114,107,221,4,0,1,0,0,-1,607271242,"6.18"
"C30558",1,2026-07-13,2026-07-12,1,,-1,0,0,1,0,3,1,0,0,25,0,21,1,99,-1,0,0,1,0,0,25,0,0,-1,-1,-1,-1,0,0,0,0,0,0,-1,0,0,-1,-1,-1,-1,0,0,0,0,0,0,-1,0,7,0,7,0,0,7,7,3,10,1,1,0,0,0,-1,607271242,"6.18"
"C30564",1,2026-05-15,2026-05-14,4,"NXS11118003",482,4,0,0,0,5,1,0,0,25,0,22,1,335,99,0,0,0,0,0,25,0,0,-1,-1,-1,-1,0,0,0,0,0,0,-1,0,0,-1,-1,-1,-1,0,0,0,0,0,0,-1,0,45,0,45,0,0,45,45,34,79,1,1,0,0,0,-1,607271242,"6.18"
"C30585",2,2026-02-24,2026-02-23,1,,-1,6,0,1,2,357,1,2,0,25,1,0,-1,-1,-1,0,0,0,0,0,-1,0,22,1,1,101,434,42,0,0,1,2,0,25,1,0,-1,-1,-1,-1,0,0,0,0,0,0,-1,0,0,0,0,42,58,100,42,285,327,4,0,1,0,0,-1,607271242,"6.18"
"C30600",1,2025-10-18,2025-10-17,4,"NXS10819381",162,1,0,1,0,5,1,0,0,25,0,22,3,206,431,1,0,1,0,0,25,0,0,-1,-1,-1,-1,0,0,0,0,0,0,-1,0,0,-1,-1,-1,-1,0,0,0,0,0,0,-1,0,57,0,57,0,0,57,57,48,105,1,1,0,0,0,-1,607271242,"6.18"
"C30603",1,2025-03-06,2025-01-14,5,,-1,1,0,1,2,367,1,0,0,25,0,2,-1,-1,-1,0,0,0,0,0,-1,0,12,0,1,101,410,272,1,0,1,2,0,25,0,0,-1,-1,-1,-1,0,0,0,0,0,0,-1,0,66,0,66,255,0,321,321,4091,4412,5,0,0,0,0,-1,607271242,"6.18"
"C30606",1,2025-01-21,2025-01-16,5,,-1,0,0,0,0,5,1,0,0,24,0,2,-1,-1,-1,0,0,0,0,0,-1,0,12,2,3,101,420,13,0,0,0,0,0,24,0,0,-1,-1,-1,-1,0,0,0,0,0,0,-1,0,17,0,17,0,376,393,17,74,91,5,0,1,0,0,-1,607271242,"6.18"
"C30648",1,2025-10-06,2025-10-05,2,"NXS13818165",242,0,0,0,0,5,1,0,0,25,0,0,-1,-1,-1,0,0,0,0,0,-1,0,0,-1,-1,-1,-1,0,0,0,0,0,0,-1,0,0,-1,-1,-1,-1,0,0,0,0,0,0,-1,0,0,0,0,0,0,0,0,15,15,12,0,0,0,22,0,607271242,"6.18"
"C30657",1,2025-03-06,2025-01-11,5,,-1,1,0,1,0,5,1,0,0,25,0,2,-1,-1,-1,0,0,0,0,0,-1,0,12,0,1,101,410,272,1,0,1,0,0,25,0,0,-1,-1,-1,-1,0,0,0,0,0,0,-1,0,67,0,67,257,0,324,324,0,324,5,0,0,0,0,-1,607271242,"6.18"
"C30672",1,2025-01-12,2025-01-11,5,,-1,4,0,0,2,2,2,0,0,25,0,0,-1,-1,-1,0,0,0,0,0,-1,0,12,0,1,101,99,297,0,0,0,2,0,25,0,0,-1,-1,-1,-1,0,0,0,0,0,0,-1,0,0,0,0,296,0,296,296,52,348,4,0,0,0,0,-1,607271242,"6.18"
"C30684",1,2025-04-07,2025-04-06,5,"NXS11018203",-1,0,0,1,2,5,1,0,0,18,0,22,1,336,422,0,0,1,2,0,18,0,12,2,1,336,423,13,0,0,1,2,0,18,0,0,-1,-1,-1,-1,0,0,0,0,0,0,-1,0,21,0,21,13,210,244,34,0,34,5,1,1,0,0,-1,607271242,"6.18"
"C30687",1,2026-07-06,2026-07-05,3,"NXS14718135",525,0,0,1,0,5,1,0,0,25,0,22,1,116,313,0,0,1,0,0,25,0,0,-1,-1,-1,-1,0,0,0,0,0,0,-1,0,0,-1,-1,-1,-1,0,0,0,0,0,0,-1,0,26,0,26,0,0,26,26,22,48,1,1,0,0,0,-1,607271242,"6.18"
"C30702",1,2026-04-27,2026-04-26,1,,-1,4,0,0,0,5,1,0,0,25,0,22,1,116,312,0,0,0,0,0,25,0,0,-1,-1,-1,-1,0,0,0,0,0,0,-1,0,0,-1,-1,-1,-1,0,0,0,0,0,0,-1,0,43,0,43,0,0,43,43,539,582,1,1,0,0,0,-1,607271242,"6.18"
"C30711",1,2026-02-23,2026-02-22,4,"NBN10518347",376,0,0,1,1,5,1,0,0,25,0,0,-1,-1,-1,0,0,0,0,0,-1,0,21,1,1,302,-1,133,0,0,1,1,0,25,0,0,-1,-1,-1,-1,0,0,0,0,0,0,-1,0,0,0,0,133,87,220,133,0,133,4,0,1,0,0,-1,607271242,"6.18"
"C30714",1,2025-02-04,2025-01-18,5,,-1,9,0,1,2,5,1,0,0,25,0,2,-1,-1,-1,0,0,0,0,0,-1,0,12,2,1,101,423,14,0,0,1,2,0,25,0,0,-1,-1,-1,-1,0,0,0,0,0,0,-1,0,28,0,28,0,253,281,28,5,33,5,0,1,0,0,-1,607271242,"6.18"
"C30720",1,2025-06-03,2025-01-22,5,"NBN10519111",-1,1,0,1,0,5,1,0,0,25,0,22,1,116,410,1,0,1,0,0,25,0,11,0,1,116,-1,485,1,0,1,0,0,25,0,0,-1,-1,-1,-1,0,0,0,0,0,0,-1,0,45,0,45,528,0,573,573,50,623,5,1,0,0,0,-1,607271242,"6.18"
"C30723",1,2025-08-25,2025-02-14,5,"NBN10518253",-1,1,0,1,0,25,1,0,0,55,0,21,1,99,-1,1,0,1,0,0,55,0,12,0,1,101,410,210,1,0,1,0,0,55,0,0,-1,-1,-1,-1,0,0,0,0,0,0,-1,0,40,0,40,244,0,284,284,270,554,5,1,0,0,0,-1,607271242,"6.18"
"C30726",1,2025-10-12,2025-10-11,1,,-1,4,0,0,0,3,1,0,0,18,0,0,-1,-1,-1,0,0,0,0,0,-1,0,22,1,3,101,420,13,0,0,0,0,0,18,0,0,-1,-1,-1,-1,0,0,0,0,0,0,-1,0,0,0,0,13,173,186,13,556,569,4,0,1,0,0,-1,607271242,"6.18"
"C30738",1,2025-02-08,2025-02-07,5,,-1,0,1,1,0,3,1,0,0,55,0,0,-1,-1,-1,0,0,0,0,0,-1,0,0,-1,-1,-1,-1,0,0,0,0,0,0,-1,0,11,2,1,116,-1,528,0,1,1,0,0,55,0,0,0,0,72,0,72,72,33,105,-1,0,0,1,0,-1,607271242,"6.18"
"C30777",1,2026-05-31,2026-05-30,1,,-1,0,0,1,2,15,1,0,0,25,0,21,1,116,-1,0,0,1,2,0,25,0,0,-1,-1,-1,-1,0,0,0,0,0,0,-1,0,0,-1,-1,-1,-1,0,0,0,0,0,0,-1,0,123,0,123,0,0,123,123,17,140,1,1,0,0,0,-1,607271242,"6.18"
"C30780",1,2025-11-21,2025-11-20,4,"NXS14718296",281,0,0,1,0,5,1,0,0,55,0,22,1,336,410,0,0,1,0,0,55,0,0,-1,-1,-1,-1,0,0,0,0,0,0,-1,0,0,-1,-1,-1,-1,0,0,0,0,0,0,-1,0,117,0,117,0,0,117,117,0,117,1,1,0,0,0,-1,607271242,"6.18"
"C30783",1,2025-02-07,2025-02-06,5,,-1,6,0,1,0,5,1,0,0,55,0,12,1,101,206,0,0,1,0,0,55,0,0,-1,-1,-1,-1,0,0,0,0,0,0,-1,0,0,-1,-1,-1,-1,0,0,0,0,0,0,-1,0,244,0,244,0,0,244,244,5,249,1,1,0,0,0,-1,607271242,"6.18"
"C30822",1,2025-11-24,2025-11-23,3,"NXS14718303",284,0,0,1,0,5,1,0,0,25,0,22,1,335,314,0,0,1,0,0,25,0,0,-1,-1,-1,-1,0,0,0,0,0,0,-1,0,0,-1,-1,-1,-1,0,0,0,0,0,0,-1,0,19,0,19,0,0,19,19,0,19,1,1,0,0,0,-1,607271242,"6.18"
"C30825",2,2025-02-10,2025-02-09,5,,-1,0,0,0,2,5,1,1,0,18,1,0,-1,-1,-1,0,0,0,0,0,-1,0,12,2,3,116,410,4,0,0,0,2,0,18,1,0,-1,-1,-1,-1,0,0,0,0,0,0,-1,0,0,0,0,4,249,253,4,27,31,4,0,1,0,0,-1,607271242,"6.18"
"C30849",1,2025-02-01,2025-01-31,5,,-1,4,0,0,0,5,3,0,0,25,1,0,-1,-1,-1,0,0,0,0,0,-1,0,12,1,3,116,99,358,0,0,0,0,0,25,1,0,-1,-1,-1,-1,0,0,0,0,0,0,-1,0,0,0,0,358,23,381,358,26,384,4,0,1,0,0,-1,607271242,"6.18"
"C30894",1,2026-05-25,2026-05-24,1,,-1,1,0,1,0,56,2,0,0,24,0,22,1,207,423,1,0,1,0,0,24,0,0,-1,-1,-1,-1,0,0,0,0,0,0,-1,0,0,-1,-1,-1,-1,0,0,0,0,0,0,-1,0,14,0,14,0,0,14,14,732,746,1,1,0,0,0,-1,607271242,"6.18"
"C30903",1,2026-02-16,2026-02-15,1,,-1,0,0,1,0,5,2,0,0,25,0,0,-1,-1,-1,0,0,0,0,0,-1,0,21,1,3,116,-1,5,0,0,1,0,0,25,0,0,-1,-1,-1,-1,0,0,0,0,0,0,-1,0,0,0,0,5,222,227,5,105,110,4,0,1,0,0,-1,607271242,"6.18"
"C30909",1,2026-04-17,2026-04-16,1,,-1,6,0,1,1,5,1,0,0,25,0,22,1,116,423,0,0,1,1,0,25,0,0,-1,-1,-1,-1,0,0,0,0,0,0,-1,0,0,-1,-1,-1,-1,0,0,0,0,0,0,-1,0,26,0,26,0,0,26,26,257,283,1,1,0,0,0,-1,607271242,"6.18"
"C30912",1,2026-07-20,2026-07-19,1,,-1,0,0,1,0,37,1,0,0,25,0,22,1,99,99,0,0,1,0,0,25,0,0,-1,-1,-1,-1,0,0,0,0,0,0,-1,0,0,-1,-1,-1,-1,0,0,0,0,0,0,-1,0,1,0,1,0,0,1,1,138,139,1,1,0,0,0,-1,607271242,"6.18"
"C30921",2,2025-03-09,2025-03-08,5,,-1,0,0,0,2,5,1,3,0,25,1,0,-1,-1,-1,0,0,0,0,0,-1,0,0,-1,-1,-1,-1,0,0,0,0,0,0,-1,0,11,2,1,101,-1,570,0,0,0,2,1,25,1,0,0,0,1,0,1,1,55,56,-1,0,0,1,0,-1,607271242,"6.18"
"C30924",1,2025-11-28,2025-11-27,1,,-1,9,0,1,0,5,1,0,0,55,0,22,1,207,314,0,0,1,0,0,55,0,0,-1,-1,-1,-1,0,0,0,0,0,0,-1,0,0,-1,-1,-1,-1,0,0,0,0,0,0,-1,0,55,0,55,0,0,55,55,0,55,1,1,0,0,0,-1,607271242,"6.18"
"C30936",2,2025-10-20,2025-10-19,2,"NXS11118404",238,0,0,1,0,5,2,2,0,25,1,22,1,336,440,0,0,1,0,0,25,1,0,-1,-1,-1,-1,0,0,0,0,0,0,-1,0,21,1,1,101,-1,309,0,0,1,0,0,25,1,36,0,36,1,0,37,37,19,56,9,1,0,1,0,-1,607271242,"6.18"
"C30954",1,2025-04-27,2025-04-26,5,,-1,1,0,1,1,56,1,0,0,25,0,12,3,116,312,1,0,1,1,0,25,0,12,0,1,101,207,263,1,0,1,1,0,25,0,0,-1,-1,-1,-1,0,0,0,0,0,0,-1,0,38,0,38,241,0,279,279,1073,1352,5,1,0,0,0,-1,607271242,"6.18"
"C30963",1,2025-12-07,2025-12-06,1,,-1,4,0,0,2,5,2,0,0,25,0,22,1,101,313,0,0,0,2,0,25,0,22,0,1,101,99,119,0,0,0,2,0,25,0,0,-1,-1,-1,-1,0,0,0,0,0,0,-1,0,186,0,186,7,0,193,193,471,664,5,1,0,0,0,-1,607271242,"6.18"
"C30966",2,2026-01-18,2026-01-17,1,,-1,4,0,0,2,5,2,3,0,25,1,0,-1,-1,-1,0,0,0,0,0,-1,0,21,0,3,116,-1,256,0,0,0,2,1,25,1,0,-1,-1,-1,-1,0,0,0,0,0,0,-1,0,0,0,0,256,0,256,256,85,341,4,0,0,0,0,-1,607271242,"6.18"
"C30969",1,2026-02-17,2026-02-16,4,"NXS10621053",151,1,0,1,1,3,1,0,0,25,0,22,1,336,98,1,0,1,1,0,25,0,0,-1,-1,-1,-1,0,0,0,0,0,0,-1,0,0,-1,-1,-1,-1,0,0,0,0,0,0,-1,0,21,0,21,0,0,21,21,15,36,1,1,0,0,0,-1,607271242,"6.18"
"C30978",1,2025-07-27,2025-07-26,5,,-1,6,0,1,2,5,1,0,0,25,0,0,-1,-1,-1,0,0,0,0,0,-1,0,12,0,1,116,99,130,0,0,1,2,0,25,0,0,-1,-1,-1,-1,0,0,0,0,0,0,-1,0,0,0,0,129,0,129,129,234,363,4,0,0,0,0,-1,607271242,"6.18"
"C30984",1,2025-07-18,2025-07-17,5,,-1,6,0,1,0,5,1,0,0,55,0,0,-1,-1,-1,0,0,0,0,0,-1,0,11,2,1,116,-1,51,0,0,1,0,0,55,0,0,-1,-1,-1,-1,0,0,0,0,0,0,-1,0,0,0,0,51,389,440,51,256,307,4,0,1,0,0,-1,607271242,"6.18"
"C31026",1,2026-02-13,2026-02-12,1,,-1,0,0,0,2,124,1,0,0,25,0,21,1,410,-1,0,0,0,2,0,25,0,0,-1,-1,-1,-1,0,0,0,0,0,0,-1,0,0,-1,-1,-1,-1,0,0,0,0,0,0,-1,0,112,0,112,0,0,112,112,7,119,1,1,0,0,0,-1,607271242,"6.18"
"C31029",1,2025-02-22,2025-02-21,5,,-1,1,0,1,1,125,1,0,0,25,0,0,-1,-1,-1,0,0,0,0,0,-1,0,12,1,3,116,410,345,1,0,1,1,0,25,0,0,-1,-1,-1,-1,0,0,0,0,0,0,-1,0,0,0,0,345,12,357,345,477,822,4,0,1,0,0,-1,607271242,"6.18"
"C31050",1,2026-07-11,2026-07-10,1,,-1,0,0,1,1,127,1,0,0,55,0,21,1,101,-1,0,0,1,1,0,55,0,0,-1,-1,-1,-1,0,0,0,0,0,0,-1,0,0,-1,-1,-1,-1,0,0,0,0,0,0,-1,0,82,0,82,0,0,82,82,6,88,1,1,0,0,0,-1,607271242,"6.18"
"C31053",1,2026-05-30,2026-05-29,3,"NXS11118490",459,0,0,1,2,5,1,0,0,25,0,22,1,206,422,0,0,1,2,0,25,0,0,-1,-1,-1,-1,0,0,0,0,0,0,-1,0,0,-1,-1,-1,-1,0,0,0,0,0,0,-1,0,21,0,21,0,0,21,21,3,24,1,1,0,0,0,-1,607271242,"6.18"
"C31059",1,2025-07-03,2025-06-22,5,"NBN10519914",-1,1,0,1,2,134,1,0,0,55,0,2,-1,-1,-1,0,0,0,0,0,-1,0,12,0,1,116,420,134,1,0,1,2,0,55,0,0,-1,-1,-1,-1,0,0,0,0,0,0,-1,0,12,0,12,129,0,141,141,2425,2566,5,0,0,0,0,-1,607271242,"6.18"
"C31062",1,2025-04-10,2025-04-07,5,,-1,1,0,1,2,35,1,0,0,55,0,2,-1,-1,-1,0,0,0,0,0,-1,0,12,2,1,101,433,51,1,0,1,2,0,55,0,0,-1,-1,-1,-1,0,0,0,0,0,0,-1,0,4,0,4,48,288,340,52,5270,5322,5,0,1,0,0,-1,607271242,"6.18"
"C31068",1,2025-12-06,2025-12-05,1,,-1,1,0,1,0,135,1,0,0,55,0,22,3,116,207,1,0,1,0,0,55,0,0,-1,-1,-1,-1,0,0,0,0,0,0,-1,0,0,-1,-1,-1,-1,0,0,0,0,0,0,-1,0,38,0,38,0,0,38,38,2123,2161,1,1,0,0,0,-1,607271242,"6.18"
"C31077",1,2026-07-25,2026-07-24,3,"NXS12718256",533,1,0,1,0,5,1,0,0,25,0,21,1,99,-1,1,0,1,0,0,25,0,0,-1,-1,-1,-1,0,0,0,0,0,0,-1,0,0,-1,-1,-1,-1,0,0,0,0,0,0,-1,0,4,0,4,0,0,4,4,563,567,1,1,0,0,0,-1,607271242,"6.18"
"C31086",1,2025-09-11,2025-09-10,5,,-1,0,0,0,2,136,1,0,0,25,0,12,3,207,302,0,0,0,2,0,25,0,0,-1,-1,-1,-1,0,0,0,0,0,0,-1,0,0,-1,-1,-1,-1,0,0,0,0,0,0,-1,0,88,0,88,0,0,88,88,0,88,1,1,0,0,0,-1,607271242,"6.18"
"C31098",1,2025-02-28,2025-02-27,5,,-1,0,0,0,0,5,1,0,0,25,0,12,1,101,410,0,0,0,0,0,25,0,0,-1,-1,-1,-1,0,0,0,0,0,0,-1,0,0,-1,-1,-1,-1,0,0,0,0,0,0,-1,0,267,0,267,0,0,267,267,23,290,1,1,0,0,0,-1,607271242,"6.18"
"C31119",1,2026-03-23,2026-03-22,3,"RRH14118716",213,0,0,1,0,5,1,0,0,25,0,22,1,314,101,0,0,1,0,0,25,0,0,-1,-1,-1,-1,0,0,0,0,0,0,-1,0,0,-1,-1,-1,-1,0,0,0,0,0,0,-1,0,47,0,47,0,0,47,47,15,62,1,1,0,0,0,-1,607271242,"6.18"
"C31122",1,2025-07-24,2025-07-23,5,"NBN10520168",-1,1,0,1,1,3,1,0,0,24,0,0,-1,-1,-1,0,0,0,0,0,-1,0,11,1,1,116,-1,362,1,0,1,1,0,24,0,0,-1,-1,-1,-1,0,0,0,0,0,0,-1,0,0,0,0,362,72,434,362,45,407,4,0,1,0,0,-1,607271242,"6.18"
"C31125",1,2025-10-05,2025-10-04,4,"NXS11020185",56,9,0,1,2,5,1,0,0,25,0,22,1,101,434,0,0,1,2,0,25,0,0,-1,-1,-1,-1,0,0,0,0,0,0,-1,0,0,-1,-1,-1,-1,0,0,0,0,0,0,-1,0,32,0,32,0,0,32,32,0,32,1,1,0,0,0,-1,607271242,"6.18"
"C31128",2,2025-09-07,2025-09-06,5,"NXS10218572",-1,0,0,0,1,3,1,1,0,18,1,22,1,336,99,0,0,0,1,0,18,1,12,2,1,101,410,1,0,0,0,1,0,18,1,0,-1,-1,-1,-1,0,0,0,0,0,0,-1,0,55,0,55,1,38,94,56,126,182,5,1,1,0,0,-1,607271242,"6.18"
"C31137",1,2025-11-08,2025-11-07,4,"NBN10518848",233,1,0,1,2,3,1,0,0,25,0,22,1,336,99,1,0,1,2,0,25,0,21,1,1,101,-1,15,1,0,1,2,0,25,0,0,-1,-1,-1,-1,0,0,0,0,0,0,-1,0,29,0,29,15,205,249,44,83,127,5,1,1,0,0,-1,607271242,"6.18"
"C31191",1,2025-03-20,2025-02-20,5,"NXS11118630",-1,6,0,1,2,246,1,0,0,55,0,2,-1,-1,-1,0,0,0,0,0,-1,0,0,-1,-1,-1,-1,0,0,0,0,0,0,-1,0,11,2,1,116,-1,559,0,0,1,2,0,55,0,23,0,23,1,0,24,24,297,321,-1,0,0,1,0,-1,607271242,"6.18"
"C31194",2,2025-02-23,2025-02-22,5,,-1,1,1,1,1,5,1,3,0,25,1,0,-1,-1,-1,0,0,0,0,0,-1,0,12,2,2,116,410,9,1,1,1,1,1,25,1,0,-1,-1,-1,-1,0,0,0,0,0,0,-1,0,0,0,0,9,225,234,9,3033,3042,4,0,1,0,0,-1,607271242,"6.18"
"C31215",1,2025-10-02,2025-10-01,1,,-1,0,0,0,0,256,1,0,0,18,0,22,1,116,101,0,0,0,0,0,18,0,0,-1,-1,-1,-1,0,0,0,0,0,0,-1,0,0,-1,-1,-1,-1,0,0,0,0,0,0,-1,0,45,0,45,0,0,45,45,6,51,1,1,0,0,0,-1,607271242,"6.18"
"C31221",1,2025-08-11,2025-08-10,5,"RRH14119039",-1,9,0,1,0,5,1,0,0,25,0,0,-1,-1,-1,0,0,0,0,0,-1,0,11,1,1,116,-1,116,0,0,1,0,0,25,0,0,-1,-1,-1,-1,0,0,0,0,0,0,-1,0,0,0,0,116,300,416,116,13,129,4,0,1,0,0,-1,607271242,"6.18"
"C31233",1,2025-08-03,2025-08-02,5,,-1,1,0,1,0,1,1,0,0,25,0,0,-1,-1,-1,0,0,0,0,0,-1,0,12,0,1,116,423,95,1,0,1,0,0,25,0,0,-1,-1,-1,-1,0,0,0,0,0,0,-1,0,0,0,0,94,0,94,94,1491,1585,4,0,0,0,0,-1,607271242,"6.18"
"C31239",1,2026-03-27,2026-03-26,2,"NXS11318673",349,0,0,1,2,5,1,0,0,55,0,22,1,336,99,0,0,1,2,0,55,0,0,-1,-1,-1,-1,0,0,0,0,0,0,-1,0,0,-1,-1,-1,-1,0,0,0,0,0,0,-1,0,20,0,20,0,0,20,20,0,20,1,1,0,0,0,-1,607271242,"6.18"
"C31251",1,2026-01-01,2025-12-31,2,"NXS11319444",225,0,0,1,1,5,1,0,0,24,0,22,1,335,423,0,0,1,1,0,24,0,0,-1,-1,-1,-1,0,0,0,0,0,0,-1,0,0,-1,-1,-1,-1,0,0,0,0,0,0,-1,0,45,0,45,0,0,45,45,0,45,1,1,0,0,0,-1,607271242,"6.18"
"C31275",1,2025-12-08,2025-12-07,1,,-1,1,0,1,0,5,1,0,0,25,0,0,-1,-1,-1,0,0,0,0,0,-1,0,22,0,2,207,99,160,1,0,1,0,0,25,0,0,-1,-1,-1,-1,0,0,0,0,0,0,-1,0,0,0,0,159,0,159,159,292,451,4,0,0,0,0,-1,607271242,"6.18"
"C31278",1,2025-11-02,2025-11-01,3,"NXS11320364",102,0,0,0,0,3,1,0,0,25,0,0,-1,-1,-1,0,0,0,0,0,-1,0,22,1,1,101,410,1,0,0,0,0,0,25,0,0,-1,-1,-1,-1,0,0,0,0,0,0,-1,0,0,0,0,1,272,273,1,91,92,4,0,1,0,0,-1,607271242,"6.18"
"C31281",1,2026-01-09,2026-01-08,1,,-1,0,0,1,0,5,1,0,0,25,0,22,1,205,206,0,0,1,0,0,25,0,0,-1,-1,-1,-1,0,0,0,0,0,0,-1,0,0,-1,-1,-1,-1,0,0,0,0,0,0,-1,0,0,55,55,0,0,55,55,0,55,2,1,0,0,0,-1,607271242,"6.18"
"C31287",1,2026-02-14,2026-02-13,1,,-1,0,0,1,0,5,1,0,0,55,0,22,3,335,434,0,0,1,0,0,55,0,0,-1,-1,-1,-1,0,0,0,0,0,0,-1,0,0,-1,-1,-1,-1,0,0,0,0,0,0,-1,0,92,0,92,0,0,92,92,54,146,1,1,0,0,0,-1,607271242,"6.18"
"C31293",1,2026-02-04,2026-02-03,1,,-1,1,0,1,0,367,1,0,0,25,0,22,1,99,99,1,0,1,0,0,25,0,0,-1,-1,-1,-1,0,0,0,0,0,0,-1,0,0,-1,-1,-1,-1,0,0,0,0,0,0,-1,0,38,0,38,0,0,38,38,381,419,1,1,0,0,0,-1,607271242,"6.18"
"C31296",1,2025-10-03,2025-10-02,5,"NXS11321996",-1,0,0,1,2,3,1,0,0,25,0,22,1,116,207,0,0,1,2,0,25,0,0,-1,-1,-1,-1,0,0,0,0,0,0,-1,0,0,-1,-1,-1,-1,0,0,0,0,0,0,-1,0,75,0,75,0,0,75,75,13,88,1,1,0,0,0,-1,607271242,"6.18"
"C31308",99,2026-01-06,2026-01-05,1,,-1,0,0,0,1,5,1,0,1,-1,1,22,1,314,99,0,0,0,1,0,-1,1,0,-1,-1,-1,-1,0,0,0,0,0,0,-1,0,0,-1,-1,-1,-1,0,0,0,0,0,0,-1,0,79,0,79,0,0,79,79,338,417,1,1,0,0,0,-1,607271242,"6.18"
"C31314",1,2026-02-13,2026-02-12,2,"NXS11318745",294,0,0,0,0,5,1,0,0,25,0,22,1,314,423,0,0,0,0,0,25,0,0,-1,-1,-1,-1,0,0,0,0,0,0,-1,0,0,-1,-1,-1,-1,0,0,0,0,0,0,-1,0,16,0,16,0,0,16,16,0,16,1,1,0,0,0,-1,607271242,"6.18"
"C31317",1,2025-11-30,2025-11-29,1,,-1,0,0,1,2,5,1,0,0,25,0,22,3,335,422,0,0,1,2,0,25,0,0,-1,-1,-1,-1,0,0,0,0,0,0,-1,0,0,-1,-1,-1,-1,0,0,0,0,0,0,-1,0,14,0,14,0,0,14,14,0,14,1,1,0,0,0,-1,607271242,"6.18"
"C31329",1,2026-01-05,2026-01-04,4,"NXS11118738",281,1,0,1,2,5,1,0,0,25,0,22,1,336,313,1,0,1,2,0,25,0,0,-1,-1,-1,-1,0,0,0,0,0,0,-1,0,0,-1,-1,-1,-1,0,0,0,0,0,0,-1,0,31,0,31,0,0,31,31,3138,3169,1,1,0,0,0,-1,607271242,"6.18"
"C31332",1,2025-06-03,2025-03-07,5,"NBN10519339",-1,6,0,1,2,5,1,0,0,55,0,12,1,101,431,0,0,1,2,0,55,0,12,1,2,101,410,176,0,0,1,2,0,55,0,0,-1,-1,-1,-1,0,0,0,0,0,0,-1,0,180,0,180,113,103,396,293,11,304,5,1,1,0,0,-1,607271242,"6.18"
"C31335",1,2025-08-30,2025-08-29,5,"NXS11118736",-1,1,0,1,0,5,1,0,0,55,0,12,1,101,312,1,0,1,0,0,55,0,0,-1,-1,-1,-1,0,0,0,0,0,0,-1,0,0,-1,-1,-1,-1,0,0,0,0,0,0,-1,0,47,0,47,0,0,47,47,15,62,1,1,0,0,0,-1,607271242,"6.18"
"C31347",1,2025-02-23,2025-02-22,5,,-1,0,0,0,0,3,1,0,0,18,0,0,-1,-1,-1,0,0,0,0,0,-1,0,12,2,3,207,410,11,0,0,0,0,0,18,0,0,-1,-1,-1,-1,0,0,0,0,0,0,-1,0,0,0,0,11,254,265,11,0,11,4,0,1,0,0,-1,607271242,"6.18"
"C31350",1,2025-06-29,2025-06-28,5,,-1,0,0,1,0,5,1,0,0,25,0,12,1,116,423,0,0,1,0,0,25,0,0,-1,-1,-1,-1,0,0,0,0,0,0,-1,0,0,-1,-1,-1,-1,0,0,0,0,0,0,-1,0,108,0,108,0,0,108,108,42,150,1,1,0,0,0,-1,607271242,"6.18"
"C31359",1,2026-01-20,2026-01-19,2,"NXS10918752",309,0,0,1,0,5,1,0,0,25,0,22,3,335,410,0,0,1,0,0,25,0,0,-1,-1,-1,-1,0,0,0,0,0,0,-1,0,0,-1,-1,-1,-1,0,0,0,0,0,0,-1,0,82,0,82,0,0,82,82,0,82,1,1,0,0,22,1,607271242,"6.18"
"C31365",1,2026-03-28,2026-03-27,2,"RRH15618948",283,0,0,1,0,5,1,0,0,25,0,22,1,116,99,0,0,1,0,0,25,0,0,-1,-1,-1,-1,0,0,0,0,0,0,-1,0,0,-1,-1,-1,-1,0,0,0,0,0,0,-1,0,56,0,56,0,0,56,56,2,58,1,1,0,0,0,-1,607271242,"6.18"
"C31368",1,2025-09-25,2025-09-24,5,,-1,0,0,0,2,346,1,0,0,25,0,0,-1,-1,-1,0,0,0,0,0,-1,0,11,1,1,116,-1,24,0,0,0,2,0,25,0,0,-1,-1,-1,-1,0,0,0,0,0,0,-1,0,0,0,0,24,347,371,24,133,157,4,0,1,0,0,-1,607271242,"6.18"
"C31380",1,2025-03-10,2025-03-05,5,,-1,9,1,1,1,3,1,0,0,25,0,2,-1,-1,-1,0,0,0,0,0,-1,0,12,2,2,101,419,10,0,1,1,1,0,25,0,0,-1,-1,-1,-1,0,0,0,0,0,0,-1,0,14,0,14,0,272,286,14,2,16,5,0,1,0,0,-1,607271242,"6.18"
"C31389",2,2026-04-21,2026-04-20,1,,-1,0,0,1,1,5,1,1,0,25,1,0,-1,-1,-1,0,0,0,0,0,-1,0,21,0,1,116,-1,163,0,0,1,1,0,25,1,0,-1,-1,-1,-1,0,0,0,0,0,0,-1,0,0,0,0,163,0,163,163,18,181,4,0,0,0,0,-1,607271242,"6.18"
"C31395",2,2025-08-08,2025-08-07,5,,-1,0,0,0,0,3,1,1,0,25,1,0,-1,-1,-1,0,0,0,0,0,-1,0,11,1,1,116,-1,92,0,0,0,0,0,25,1,0,-1,-1,-1,-1,0,0,0,0,0,0,-1,0,0,0,0,92,327,419,92,47,139,4,0,1,0,0,-1,607271242,"6.18"
"C31404",1,2025-09-19,2025-09-18,5,,-1,0,0,0,2,1,1,0,0,25,0,12,1,204,99,0,0,0,2,0,25,0,0,-1,-1,-1,-1,0,0,0,0,0,0,-1,0,0,-1,-1,-1,-1,0,0,0,0,0,0,-1,0,19,0,19,0,0,19,19,0,19,1,1,0,0,0,-1,607271242,"6.18"
"C31440",1,2025-11-11,2025-11-10,4,"NXS13820899",70,9,0,1,0,5,2,0,0,25,0,22,3,335,98,0,0,1,0,0,25,0,0,-1,-1,-1,-1,0,0,0,0,0,0,-1,0,0,-1,-1,-1,-1,0,0,0,0,0,0,-1,0,17,0,17,0,0,17,17,101,118,1,1,0,0,0,-1,607271242,"6.18"
"C31443",1,2026-01-23,2026-01-22,2,"NXS10918823",306,9,0,1,0,5,2,0,0,25,0,22,3,101,422,0,0,1,0,0,25,0,0,-1,-1,-1,-1,0,0,0,0,0,0,-1,0,0,-1,-1,-1,-1,0,0,0,0,0,0,-1,0,36,0,36,0,0,36,36,8,44,1,1,0,0,22,1,607271242,"6.18"
"C31449",1,2025-09-06,2025-03-10,5,"NBN10518825",-1,4,0,0,0,3,1,0,0,55,0,2,-1,-1,-1,0,0,0,0,0,-1,0,11,1,1,116,-1,112,0,0,0,0,0,55,0,0,-1,-1,-1,-1,0,0,0,0,0,0,-1,0,24,0,24,260,80,364,284,207,491,5,0,1,0,0,-1,607271242,"6.18"
"C31452",2,2026-07-10,2026-07-09,1,,-1,0,0,0,2,14,1,2,0,25,1,0,-1,-1,-1,0,0,0,0,0,-1,0,21,1,3,116,-1,6,0,0,0,2,0,25,1,0,-1,-1,-1,-1,0,0,0,0,0,0,-1,0,0,0,0,6,77,83,6,48,54,4,0,1,0,0,-1,607271242,"6.18"
"C31461",1,2025-03-16,2025-03-12,5,,-1,5,1,1,0,5,1,0,0,55,0,12,1,101,434,0,1,1,0,0,55,0,12,0,1,101,434,294,0,1,1,0,0,55,0,0,-1,-1,-1,-1,0,0,0,0,0,0,-1,0,287,0,287,9,0,296,296,0,296,5,1,0,0,0,-1,607271242,"6.18"
"C31476",1,2025-01-19,2025-01-18,1,,-1,0,0,0,1,16,1,0,0,25,0,0,-1,-1,-1,0,0,0,0,0,-1,0,0,-1,-1,-1,-1,0,0,0,0,0,0,-1,0,0,-1,-1,-1,-1,0,0,0,0,0,0,-1,0,0,0,0,0,0,0,0,3,3,12,0,0,0,12,2,607271242,"6.18"
"C31488",2,2025-10-19,2025-10-18,3,"NXS10218840",179,0,0,1,2,36,1,2,0,24,1,0,-1,-1,-1,0,0,0,0,0,-1,0,22,1,3,101,410,1,0,0,1,2,0,24,1,0,-1,-1,-1,-1,0,0,0,0,0,0,-1,0,0,0,0,1,132,133,1,51,52,4,0,1,0,0,-1,607271242,"6.18"
"C31500",1,2025-11-09,2025-11-08,4,"NXS11118785",166,0,0,1,0,5,2,0,0,55,0,22,1,116,312,0,0,1,0,0,55,0,0,-1,-1,-1,-1,0,0,0,0,0,0,-1,0,0,-1,-1,-1,-1,0,0,0,0,0,0,-1,0,62,0,62,0,0,62,62,5,67,1,1,0,0,0,-1,607271242,"6.18"
"C31506",2,2025-10-09,2025-10-08,1,,-1,0,0,1,0,5,2,2,0,25,1,22,1,434,423,0,0,1,0,0,25,1,0,-1,-1,-1,-1,0,0,0,0,0,0,-1,0,0,-1,-1,-1,-1,0,0,0,0,0,0,-1,0,100,0,100,0,0,100,100,0,100,1,1,0,0,0,-1,607271242,"6.18"
"C31518",2,2026-01-25,2026-01-24,1,,-1,0,0,0,1,5,1,2,0,25,1,0,-1,-1,-1,0,0,0,0,0,-1,0,22,0,1,302,99,158,0,0,0,1,0,25,1,0,-1,-1,-1,-1,0,0,0,0,0,0,-1,0,0,0,0,157,0,157,157,0,157,4,0,0,0,0,-1,607271242,"6.18"
"C31524",1,2026-01-04,2026-01-03,4,"NXS10620804",120,1,0,1,0,25,1,0,0,25,0,22,1,336,422,1,0,1,0,0,25,0,0,-1,-1,-1,-1,0,0,0,0,0,0,-1,0,0,-1,-1,-1,-1,0,0,0,0,0,0,-1,0,22,0,22,0,0,22,22,5,27,1,1,0,0,0,-1,607271242,"6.18"
"C31530",1,2025-03-27,2025-03-15,5,,-1,0,0,0,0,3,1,0,0,55,0,2,-1,-1,-1,0,0,0,0,0,-1,0,12,2,1,101,410,58,0,0,0,0,0,55,0,0,-1,-1,-1,-1,0,0,0,0,0,0,-1,0,69,0,69,0,187,256,69,13,82,5,0,1,0,0,-1,607271242,"6.18"
"C31533",1,2025-11-07,2025-11-06,3,"NXS11319199",178,1,0,1,0,3,1,0,0,25,0,22,1,116,423,1,0,1,0,0,25,0,0,-1,-1,-1,-1,0,0,0,0,0,0,-1,0,0,-1,-1,-1,-1,0,0,0,0,0,0,-1,0,22,0,22,0,0,22,22,249,271,1,1,0,0,0,-1,607271242,"6.18"
"C31536",1,2025-10-25,2025-10-24,1,,-1,1,0,1,2,26,1,0,0,25,0,22,1,336,422,1,0,1,2,0,25,0,0,-1,-1,-1,-1,0,0,0,0,0,0,-1,0,0,-1,-1,-1,-1,0,0,0,0,0,0,-1,0,26,0,26,0,0,26,26,0,26,1,1,0,0,0,-1,607271242,"6.18"
"C31539",1,2026-07-24,2026-07-23,4,"NXS13819258",423,0,0,1,0,3,1,0,0,55,0,21,1,116,-1,0,0,1,0,0,55,0,0,-1,-1,-1,-1,0,0,0,0,0,0,-1,0,0,-1,-1,-1,-1,0,0,0,0,0,0,-1,0,69,0,69,0,0,69,69,150,219,1,1,0,0,0,-1,607271242,"6.18"
"C31542",1,2025-10-14,2025-10-13,3,"NXS10919256",151,0,0,1,0,3,1,0,0,55,0,22,1,335,314,0,0,1,0,0,55,0,0,-1,-1,-1,-1,0,0,0,0,0,0,-1,0,0,-1,-1,-1,-1,0,0,0,0,0,0,-1,0,16,0,16,0,0,16,16,10,26,1,1,0,0,0,-1,607271242,"6.18"
"C31548",1,2025-08-08,2025-08-07,5,,-1,0,0,1,0,5,1,0,0,25,0,12,1,335,312,0,0,1,0,0,25,0,0,-1,-1,-1,-1,0,0,0,0,0,0,-1,0,0,-1,-1,-1,-1,0,0,0,0,0,0,-1,0,0,121,121,0,0,121,121,0,121,2,1,0,0,0,-1,607271242,"6.18"
"C31554",1,2025-11-07,2025-11-06,1,,-1,1,0,1,2,5,1,0,0,25,0,22,1,116,422,1,0,1,2,0,25,0,0,-1,-1,-1,-1,0,0,0,0,0,0,-1,0,0,-1,-1,-1,-1,0,0,0,0,0,0,-1,0,15,0,15,0,0,15,15,0,15,1,1,0,0,0,-1,607271242,"6.18"
"C31560",1,2025-10-23,2025-10-22,4,"TRN10418882",171,1,0,1,0,5,1,0,0,25,0,22,1,206,423,1,0,1,0,0,25,0,0,-1,-1,-1,-1,0,0,0,0,0,0,-1,0,0,-1,-1,-1,-1,0,0,0,0,0,0,-1,0,23,0,23,0,0,23,23,0,23,1,1,0,0,0,-1,607271242,"6.18"
"C31569",1,2025-06-06,2025-06-05,5,,-1,6,0,1,2,5,1,0,0,25,0,12,1,116,99,0,0,1,2,0,25,0,11,1,1,101,-1,119,0,0,1,2,0,25,0,0,-1,-1,-1,-1,0,0,0,0,0,0,-1,0,125,0,125,77,280,482,202,151,353,5,1,1,0,0,-1,607271242,"6.18"
"C31572",1,2026-06-08,2026-06-07,1,,-1,9,0,1,0,5,1,0,0,18,0,22,1,302,329,0,0,1,0,0,18,0,0,-1,-1,-1,-1,0,0,0,0,0,0,-1,0,0,-1,-1,-1,-1,0,0,0,0,0,0,-1,0,41,0,41,0,0,41,41,0,41,1,1,0,0,0,-1,607271242,"6.18"
"C31575",1,2025-09-20,2025-09-19,5,"NXS11318917",-1,0,0,0,0,5,1,0,0,55,0,12,1,116,423,0,0,0,0,0,55,0,0,-1,-1,-1,-1,0,0,0,0,0,0,-1,0,0,-1,-1,-1,-1,0,0,0,0,0,0,-1,0,172,0,172,0,0,172,172,185,357,1,1,0,0,0,-1,607271242,"6.18"
"C31578",1,2025-03-28,2025-03-27,5,,-1,9,1,1,0,5,1,0,0,25,0,2,-1,-1,-1,0,0,0,0,0,-1,0,12,2,2,101,410,35,0,1,1,0,0,25,0,0,-1,-1,-1,-1,0,0,0,0,0,0,-1,0,0,27,27,8,248,283,35,26,61,6,0,1,0,0,-1,607271242,"6.18"
"C31608",1,2025-08-28,2025-08-27,5,,-1,0,0,0,0,3,1,0,0,18,0,12,1,116,99,0,0,0,0,0,18,0,0,-1,-1,-1,-1,0,0,0,0,0,0,-1,0,0,-1,-1,-1,-1,0,0,0,0,0,0,-1,0,48,0,48,0,0,48,48,7,55,1,1,0,0,0,-1,607271242,"6.18"
"C31626",1,2025-03-27,2025-03-26,5,,-1,0,0,1,1,5,1,0,0,25,0,0,-1,-1,-1,0,0,0,0,0,-1,0,12,2,3,101,431,37,0,0,1,1,0,25,0,0,-1,-1,-1,-1,0,0,0,0,0,0,-1,0,0,0,0,37,155,192,37,35,72,4,0,1,0,0,-1,607271242,"6.18"
"C31629",2,2026-07-14,2026-07-13,1,,-1,0,0,0,1,3,1,1,0,25,1,21,1,335,-1,0,0,0,1,0,25,1,0,-1,-1,-1,-1,0,0,0,0,0,0,-1,0,0,-1,-1,-1,-1,0,0,0,0,0,0,-1,0,79,0,79,0,0,79,79,9,88,1,1,0,0,0,-1,607271242,"6.18"
"C31635",1,2025-03-27,2025-03-26,5,,-1,0,0,0,0,5,1,0,0,25,0,0,-1,-1,-1,0,0,0,0,0,-1,0,12,0,3,101,99,209,0,0,0,0,0,25,0,0,-1,-1,-1,-1,0,0,0,0,0,0,-1,0,0,0,0,208,0,208,208,27,235,4,0,0,0,0,-1,607271242,"6.18"
"C31650",1,2025-06-04,2025-04-25,5,"NBN10519069",-1,9,0,1,0,5,1,0,0,25,0,2,-1,-1,-1,0,0,0,0,0,-1,0,12,2,1,101,433,4,0,0,1,0,0,25,0,0,-1,-1,-1,-1,0,0,0,0,0,0,-1,0,18,0,18,4,413,435,22,64,86,5,0,1,0,0,-1,607271242,"6.18"
"C31665",1,2025-11-11,2025-11-10,2,"RRH12418979",136,0,1,1,0,5,1,0,0,55,0,0,-1,-1,-1,0,0,0,0,0,-1,0,22,1,1,101,410,6,0,1,1,0,0,55,0,0,-1,-1,-1,-1,0,0,0,0,0,0,-1,0,0,0,0,6,96,102,6,24,30,4,0,1,0,0,-1,607271242,"6.18"
"C31695",1,2025-05-29,2025-05-28,5,"NXS11118988",-1,1,0,1,2,5,1,0,0,25,0,0,-1,-1,-1,0,0,0,0,0,-1,0,11,0,3,101,-1,490,1,0,1,2,0,25,0,0,-1,-1,-1,-1,0,0,0,0,0,0,-1,0,0,0,0,490,0,490,490,67,557,4,0,0,0,0,-1,607271242,"6.18"
"C31704",2,2025-04-06,2025-04-05,5,,-1,9,1,1,0,5,2,1,0,25,1,0,-1,-1,-1,0,0,0,0,0,-1,0,12,2,1,101,410,22,0,1,1,0,0,25,1,0,-1,-1,-1,-1,0,0,0,0,0,0,-1,0,0,0,0,22,159,181,22,15,37,4,0,1,0,0,-1,607271242,"6.18"
"C31725",1,2026-03-20,2026-03-19,4,"NXS10619036",333,4,0,0,2,5,1,0,0,25,0,22,1,116,99,0,0,0,2,0,25,0,0,-1,-1,-1,-1,0,0,0,0,0,0,-1,0,0,-1,-1,-1,-1,0,0,0,0,0,0,-1,0,18,0,18,0,0,18,18,364,382,1,1,0,0,0,-1,607271242,"6.18"
"C31728",2,2026-01-26,2026-01-25,1,,-1,0,0,0,0,5,1,2,0,18,1,22,1,314,99,0,0,0,0,0,18,1,0,-1,-1,-1,-1,0,0,0,0,0,0,-1,0,0,-1,-1,-1,-1,0,0,0,0,0,0,-1,0,17,0,17,0,0,17,17,18,35,1,1,0,0,0,-1,607271242,"6.18"
"C31737",1,2025-03-07,2025-03-06,5,,-1,1,1,1,0,126,1,0,0,25,0,11,3,314,-1,1,1,1,0,0,25,0,0,-1,-1,-1,-1,0,0,0,0,0,0,-1,0,0,-1,-1,-1,-1,0,0,0,0,0,0,-1,0,573,0,573,0,0,573,573,5,578,1,1,0,0,0,-1,607271242,"6.18"
"C31761",1,2025-06-12,2025-06-11,5,,-1,4,0,0,2,56,1,0,0,55,0,12,1,116,116,0,0,0,2,0,55,0,0,-1,-1,-1,-1,0,0,0,0,0,0,-1,0,0,-1,-1,-1,-1,0,0,0,0,0,0,-1,0,168,0,168,0,0,168,168,356,524,1,1,0,0,0,-1,607271242,"6.18"
"C31764",1,2025-04-03,2025-04-02,5,,-1,1,0,1,2,5,1,0,0,25,0,0,-1,-1,-1,0,0,0,0,0,-1,0,12,0,3,116,99,361,1,0,1,2,0,25,0,0,-1,-1,-1,-1,0,0,0,0,0,0,-1,0,0,0,0,360,0,360,360,22,382,4,0,0,0,0,-1,607271242,"6.18"
"C31776",1,2025-10-27,2025-10-26,2,"RSO15219798",102,0,0,1,2,56,1,0,0,55,0,22,3,302,313,0,0,1,2,0,55,0,0,-1,-1,-1,-1,0,0,0,0,0,0,-1,0,0,-1,-1,-1,-1,0,0,0,0,0,0,-1,0,61,0,61,0,0,61,61,87,148,1,1,0,0,0,-1,607271242,"6.18"
"C31782",1,2025-09-06,2025-09-05,5,"NXS10621093",-1,6,0,1,0,136,1,0,0,18,0,0,-1,-1,-1,0,0,0,0,0,-1,0,12,1,2,101,410,96,0,0,1,0,0,18,0,0,-1,-1,-1,-1,0,0,0,0,0,0,-1,0,0,0,0,96,14,110,96,187,283,4,0,1,0,0,-1,607271242,"6.18"
"C31788",1,2025-04-27,2025-04-26,5,,-1,1,0,1,0,5,1,0,0,55,0,0,-1,-1,-1,0,0,0,0,0,-1,0,12,2,3,116,116,1,1,0,1,0,0,55,0,0,-1,-1,-1,-1,0,0,0,0,0,0,-1,0,0,0,0,1,176,177,1,84,85,4,0,1,0,0,-1,607271242,"6.18"
"C31791",1,2026-01-24,2026-01-23,1,,-1,0,0,1,2,3,2,0,0,25,0,0,-1,-1,-1,0,0,0,0,0,-1,0,22,0,1,101,99,104,0,0,1,2,0,25,0,0,-1,-1,-1,-1,0,0,0,0,0,0,-1,0,0,0,0,103,0,103,103,24,127,4,0,0,0,0,-1,607271242,"6.18"
"C31794",2,2025-08-10,2025-08-09,5,,-1,0,0,0,2,35,1,2,0,18,1,0,-1,-1,-1,0,0,0,0,0,-1,0,12,1,1,116,422,146,0,0,0,2,0,18,1,0,-1,-1,-1,-1,0,0,0,0,0,0,-1,0,0,0,0,146,82,228,146,44,190,4,0,1,0,0,-1,607271242,"6.18"
"C31818",1,2025-03-12,2025-03-11,5,,-1,4,0,0,0,5,1,0,0,25,0,11,3,118,-1,0,0,0,0,0,25,0,0,-1,-1,-1,-1,0,0,0,0,0,0,-1,0,0,-1,-1,-1,-1,0,0,0,0,0,0,-1,0,568,0,568,0,0,568,568,0,568,1,1,0,0,0,-1,607271242,"6.18"
"C31821",1,2025-05-15,2025-04-03,5,,-1,0,0,0,0,3,1,0,0,25,0,2,-1,-1,-1,0,0,0,0,0,-1,0,12,2,1,101,410,4,0,0,0,0,0,25,0,0,-1,-1,-1,-1,0,0,0,0,0,0,-1,0,45,0,45,0,291,336,45,0,45,5,0,1,0,0,-1,607271242,"6.18"
"C31833",2,2025-09-14,2025-09-13,5,,-1,0,0,1,2,5,2,1,0,25,1,0,-1,-1,-1,0,0,0,0,0,-1,0,12,1,1,101,410,29,0,0,1,2,0,25,1,0,-1,-1,-1,-1,0,0,0,0,0,0,-1,0,0,0,0,29,51,80,29,87,116,4,0,1,0,0,-1,607271242,"6.18"
"C31863",1,2025-05-12,2025-05-11,5,,-1,5,0,1,0,5,1,0,0,25,0,0,-1,-1,-1,0,0,0,0,0,-1,0,0,-1,-1,-1,-1,0,0,0,0,0,0,-1,0,12,0,1,101,205,0,0,0,1,0,0,25,0,0,0,0,204,0,204,204,111,315,8,0,0,0,0,-1,607271242,"6.18"
"C31878",1,2025-11-27,2025-11-26,1,,-1,0,0,1,1,5,1,0,0,25,0,22,1,336,410,0,0,1,1,0,25,0,0,-1,-1,-1,-1,0,0,0,0,0,0,-1,0,0,-1,-1,-1,-1,0,0,0,0,0,0,-1,0,66,0,66,0,0,66,66,0,66,1,1,0,0,0,-1,607271242,"6.18"
"C31881",1,2025-09-27,2025-09-26,5,,-1,0,0,0,2,235,1,0,0,24,0,12,1,99,99,0,0,0,2,0,24,0,21,1,1,116,-1,16,0,0,0,2,0,24,0,0,-1,-1,-1,-1,0,0,0,0,0,0,-1,0,23,0,23,16,129,168,39,49,88,5,1,1,0,0,-1,607271242,"6.18"
"C31884",1,2025-09-06,2025-09-05,5,,-1,0,0,0,0,56,1,0,0,55,0,12,3,410,434,0,0,0,0,0,55,0,0,-1,-1,-1,-1,0,0,0,0,0,0,-1,0,0,-1,-1,-1,-1,0,0,0,0,0,0,-1,0,221,0,221,0,0,221,221,4,225,1,1,0,0,22,1,607271242,"6.18"
"C31896",2,2025-04-01,2025-03-31,5,,-1,0,0,1,0,3,1,1,0,25,1,12,3,336,410,0,0,1,0,0,25,1,0,-1,-1,-1,-1,0,0,0,0,0,0,-1,0,0,-1,-1,-1,-1,0,0,0,0,0,0,-1,0,233,0,233,0,0,233,233,0,233,1,1,0,0,0,-1,607271242,"6.18"
"C31908",1,2025-12-13,2025-12-12,1,,-1,0,0,0,0,237,1,0,0,55,0,0,-1,-1,-1,0,0,0,0,0,-1,0,22,1,3,101,431,5,0,0,0,0,0,55,0,0,-1,-1,-1,-1,0,0,0,0,0,0,-1,0,0,0,0,5,12,17,5,3,8,4,0,1,0,0,-1,607271242,"6.18"
"C31914",2,2026-03-16,2026-03-15,1,,-1,4,0,1,2,5,2,1,0,25,1,22,1,116,116,0,0,1,2,0,25,1,0,-1,-1,-1,-1,0,0,0,0,0,0,-1,0,0,-1,-1,-1,-1,0,0,0,0,0,0,-1,0,26,0,26,0,0,26,26,12,38,1,1,0,0,0,-1,607271242,"6.18"
"C31923",1,2025-06-01,2025-04-27,5,"NBN10519138",-1,0,0,0,0,246,1,0,0,25,0,2,-1,-1,-1,0,0,0,0,0,-1,0,12,2,1,101,410,88,0,0,0,0,0,25,0,0,-1,-1,-1,-1,0,0,0,0,0,0,-1,0,14,0,14,84,75,173,98,53,151,5,0,1,0,0,-1,607271242,"6.18"
"C31929",1,2025-06-29,2025-04-08,5,"NBN10519140",-1,5,0,1,0,3,1,0,0,25,0,2,-1,-1,-1,0,0,0,0,0,-1,0,12,0,1,101,410,147,0,0,1,0,0,25,0,0,-1,-1,-1,-1,0,0,0,0,0,0,-1,0,35,0,35,157,0,192,192,128,320,5,0,0,0,0,-1,607271242,"6.18"
"C31941",1,2025-08-21,2025-08-20,5,"NXS15120796",-1,5,0,1,0,5,1,0,0,55,0,12,3,116,313,0,0,1,0,0,55,0,0,-1,-1,-1,-1,0,0,0,0,0,0,-1,0,0,-1,-1,-1,-1,0,0,0,0,0,0,-1,0,188,0,188,0,0,188,188,0,188,1,1,0,0,0,-1,607271242,"6.18"
"C31953",1,2025-05-05,2025-04-10,5,,-1,0,0,1,0,257,1,0,0,55,0,2,-1,-1,-1,0,0,0,0,0,-1,0,12,2,1,101,433,138,0,0,1,0,0,55,0,0,-1,-1,-1,-1,0,0,0,0,0,0,-1,0,61,0,61,87,63,211,148,51,199,5,0,1,0,0,-1,607271242,"6.18"
"C31959",1,2025-09-01,2025-08-31,5,"NXS10219126",-1,6,0,1,0,267,2,0,0,24,0,12,1,116,99,0,0,1,0,0,24,0,0,-1,-1,-1,-1,0,0,0,0,0,0,-1,0,0,-1,-1,-1,-1,0,0,0,0,0,0,-1,0,93,0,93,0,0,93,93,242,335,1,1,0,0,0,-1,607271242,"6.18"
"C31968",1,2025-04-18,2025-04-13,5,,-1,0,1,1,0,5,1,0,0,55,0,0,-1,-1,-1,0,0,0,0,0,-1,0,2,-1,-1,-1,-1,0,0,0,0,0,0,-1,0,11,2,1,116,-1,486,0,1,1,0,0,55,0,0,0,0,49,0,49,49,42,91,-1,0,0,1,0,-1,607271242,"6.18"
"C31977",1,2025-06-20,2025-04-27,5,,-1,0,1,1,0,345,2,0,0,25,0,0,-1,-1,-1,0,0,0,0,0,-1,0,12,2,1,116,410,0,0,1,1,0,0,25,0,0,-1,-1,-1,-1,0,0,0,0,0,0,-1,0,0,0,0,53,148,201,53,56,109,4,0,1,0,0,-1,607271242,"6.18"
"C31983",1,2026-05-26,2026-05-25,3,"NXS15119143",367,0,0,1,0,5,1,0,0,24,0,21,3,336,-1,0,0,1,0,0,24,0,0,-1,-1,-1,-1,0,0,0,0,0,0,-1,0,0,-1,-1,-1,-1,0,0,0,0,0,0,-1,0,128,0,128,0,0,128,128,414,542,1,1,0,0,0,-1,607271242,"6.18"
"C31986",1,2025-05-09,2025-04-14,5,,-1,0,0,0,0,3,1,0,0,25,0,2,-1,-1,-1,0,0,0,0,0,-1,0,12,2,1,101,420,26,0,0,0,0,0,25,0,0,-1,-1,-1,-1,0,0,0,0,0,0,-1,0,14,0,14,20,160,194,34,21,55,5,0,1,0,0,-1,607271242,"6.18"
"C31989",1,2025-08-10,2025-08-09,5,,-1,1,0,1,1,346,1,0,0,25,0,2,-1,-1,-1,0,0,0,0,0,-1,0,12,2,1,116,410,28,1,0,1,1,0,25,0,0,-1,-1,-1,-1,0,0,0,0,0,0,-1,0,17,0,17,11,87,115,28,413,441,5,0,1,0,0,-1,607271242,"6.18"
"C31998",2,2025-08-28,2025-08-27,5,,-1,0,0,1,0,5,2,2,0,25,1,0,-1,-1,-1,0,0,0,0,0,-1,0,12,1,3,336,410,73,0,0,1,0,0,25,1,0,-1,-1,-1,-1,0,0,0,0,0,0,-1,0,0,0,0,73,12,85,73,0,73,4,0,1,0,0,-1,607271242,"6.18"
"C32010",1,2025-11-10,2025-11-09,4,"NBN10519200",207,1,0,1,0,5,1,0,0,55,0,22,1,116,99,1,0,1,0,0,55,0,0,-1,-1,-1,-1,0,0,0,0,0,0,-1,0,0,-1,-1,-1,-1,0,0,0,0,0,0,-1,0,14,0,14,0,0,14,14,728,742,1,1,0,0,0,-1,607271242,"6.18"
"C32013",1,2025-06-01,2025-05-22,5,"NBN10519735",-1,9,0,1,0,3,1,0,0,25,0,2,-1,-1,-1,0,0,0,0,0,-1,0,12,2,1,101,433,69,0,0,1,0,0,25,0,0,-1,-1,-1,-1,0,0,0,0,0,0,-1,0,11,0,11,61,98,170,72,49,121,5,0,1,0,0,-1,607271242,"6.18"
"C32019",1,2026-04-12,2026-04-11,1,,-1,0,0,0,2,3,1,0,0,25,0,22,3,335,410,0,0,0,2,0,25,0,0,-1,-1,-1,-1,0,0,0,0,0,0,-1,0,0,-1,-1,-1,-1,0,0,0,0,0,0,-1,0,42,0,42,0,0,42,42,7,49,1,1,0,0,0,-1,607271242,"6.18"
"C32040",2,2025-05-30,2025-05-16,5,,-1,0,0,0,0,5,2,2,0,25,1,2,-1,-1,-1,0,0,0,0,0,-1,0,12,2,1,101,423,10,0,0,0,0,0,25,1,0,-1,-1,-1,-1,0,0,0,0,0,0,-1,0,6,0,6,9,155,170,15,131,146,5,0,1,0,0,-1,607271242,"6.18"
"C32067",1,2026-07-14,2026-07-13,1,,-1,0,0,1,0,3,1,0,0,55,0,21,1,99,-1,0,0,1,0,0,55,0,0,-1,-1,-1,-1,0,0,0,0,0,0,-1,0,0,-1,-1,-1,-1,0,0,0,0,0,0,-1,0,9,0,9,0,0,9,9,370,379,1,1,0,0,0,-1,607271242,"6.18"
"C32073",1,2026-01-09,2026-01-08,1,,-1,0,0,0,1,3,1,0,0,24,0,22,3,101,98,0,0,0,1,0,24,0,0,-1,-1,-1,-1,0,0,0,0,0,0,-1,0,0,-1,-1,-1,-1,0,0,0,0,0,0,-1,0,16,0,16,0,0,16,16,0,16,1,1,0,0,0,-1,607271242,"6.18"
"C32100",1,2025-11-30,2025-11-29,4,"NXS10919129",219,9,0,1,0,1,1,0,0,25,0,22,3,207,98,0,0,1,0,0,25,0,0,-1,-1,-1,-1,0,0,0,0,0,0,-1,0,0,-1,-1,-1,-1,0,0,0,0,0,0,-1,0,57,0,57,0,0,57,57,247,304,1,1,0,0,0,-1,607271242,"6.18"
"C32109",1,2025-05-22,2025-04-08,5,,-1,0,0,1,0,5,1,0,0,55,0,2,-1,-1,-1,0,0,0,0,0,-1,0,0,-1,-1,-1,-1,0,0,0,0,0,0,-1,0,11,2,1,101,-1,496,0,0,1,0,0,55,0,43,0,43,1,0,44,44,37,81,-1,0,0,1,0,-1,607271242,"6.18"
"C32118",1,2025-09-22,2025-09-21,5,"NXS11119044",-1,4,0,0,2,5,1,0,0,24,0,12,1,336,99,0,0,0,2,0,24,0,0,-1,-1,-1,-1,0,0,0,0,0,0,-1,0,0,-1,-1,-1,-1,0,0,0,0,0,0,-1,0,31,0,31,0,0,31,31,109,140,1,1,0,0,0,-1,607271242,"6.18"
"C32124",1,2026-02-01,2026-01-31,4,"NXS11619244",245,1,0,1,2,5,1,0,0,25,0,22,1,204,99,1,0,1,2,0,25,0,0,-1,-1,-1,-1,0,0,0,0,0,0,-1,0,0,-1,-1,-1,-1,0,0,0,0,0,0,-1,0,53,0,53,0,0,53,53,304,357,1,1,0,0,0,-1,607271242,"6.18"
"C32130",1,2025-05-02,2025-05-01,5,,-1,0,0,1,0,5,2,0,0,25,0,0,-1,-1,-1,0,0,0,0,0,-1,0,12,2,1,116,410,17,0,0,1,0,0,25,0,0,-1,-1,-1,-1,0,0,0,0,0,0,-1,0,0,0,0,17,178,195,17,46,63,4,0,1,0,0,-1,607271242,"6.18"
"C32136",1,2025-07-13,2025-07-12,5,"NBN10519903",-1,0,0,1,1,3,1,0,0,25,0,0,-1,-1,-1,0,0,0,0,0,-1,0,12,2,1,336,420,1,0,0,1,1,0,25,0,0,-1,-1,-1,-1,0,0,0,0,0,0,-1,0,0,0,0,1,122,123,1,0,1,4,0,1,0,0,-1,607271242,"6.18"
"C32148",1,2025-12-07,2025-12-06,1,,-1,0,0,1,0,3,1,0,0,25,0,22,1,101,204,0,0,1,0,0,25,0,0,-1,-1,-1,-1,0,0,0,0,0,0,-1,0,0,-1,-1,-1,-1,0,0,0,0,0,0,-1,0,21,0,21,0,0,21,21,243,264,1,1,0,0,0,-1,607271242,"6.18"
"C32154",1,2026-06-01,2026-05-31,1,,-1,1,1,1,2,5,1,0,0,25,0,21,1,116,-1,1,1,1,2,0,25,0,21,0,2,101,-1,116,1,1,1,2,0,25,0,0,-1,-1,-1,-1,0,0,0,0,0,0,-1,0,0,122,122,0,0,122,122,496,618,6,1,0,0,0,-1,607271242,"6.18"
"C32157",1,2025-10-20,2025-10-19,3,"NXS11319302",110,0,0,1,0,5,1,0,0,25,0,22,1,206,434,0,0,1,0,0,25,0,0,-1,-1,-1,-1,0,0,0,0,0,0,-1,0,0,-1,-1,-1,-1,0,0,0,0,0,0,-1,0,107,0,107,0,0,107,107,187,294,1,1,0,0,0,-1,607271242,"6.18"
"C32163",1,2025-05-15,2025-04-16,5,"NXS10619266",-1,0,0,1,0,5,1,0,0,25,0,12,1,204,431,0,0,1,0,0,25,0,12,2,1,101,410,37,0,0,1,0,0,25,0,0,-1,-1,-1,-1,0,0,0,0,0,0,-1,0,26,0,26,37,299,362,63,4,67,5,1,1,0,0,-1,607271242,"6.18"
"C32187",1,2025-04-25,2025-04-24,5,,-1,0,0,1,1,5,1,0,0,25,0,0,-1,-1,-1,0,0,0,0,0,-1,0,12,2,3,101,431,153,0,0,1,1,0,25,0,0,-1,-1,-1,-1,0,0,0,0,0,0,-1,0,0,0,0,153,12,165,153,62,215,4,0,1,0,0,-1,607271242,"6.18"
"C32220",1,2025-11-02,2025-11-01,1,,-1,0,0,1,2,3,1,0,0,25,0,22,1,431,423,0,0,1,2,0,25,0,22,1,1,101,101,4,0,0,1,2,0,25,0,0,-1,-1,-1,-1,0,0,0,0,0,0,-1,0,45,0,45,4,66,115,49,81,130,5,1,1,0,0,-1,607271242,"6.18"
"C32226",1,2025-11-30,2025-11-29,2,"NXS11119338",173,0,0,1,2,16,1,0,0,25,0,22,1,116,410,0,0,1,2,0,25,0,0,-1,-1,-1,-1,0,0,0,0,0,0,-1,0,0,-1,-1,-1,-1,0,0,0,0,0,0,-1,0,20,0,20,0,0,20,20,93,113,1,1,0,0,0,-1,607271242,"6.18"
"C32235",1,2025-10-12,2025-10-11,1,,-1,9,0,1,0,5,1,0,0,25,0,0,-1,-1,-1,0,0,0,0,0,-1,0,0,-1,-1,-1,-1,0,0,0,0,0,0,-1,0,0,-1,-1,-1,-1,0,0,0,0,0,0,-1,0,0,0,0,0,0,0,0,2,2,12,0,0,0,22,1,607271242,"6.18"
"C32259",2,2026-02-22,2026-02-21,1,,-1,0,0,1,2,5,1,3,0,25,1,0,-1,-1,-1,0,0,0,0,0,-1,0,21,1,1,101,-1,2,0,0,1,2,1,25,1,0,-1,-1,-1,-1,0,0,0,0,0,0,-1,0,0,0,0,2,219,221,2,39,41,4,0,1,0,0,-1,607271242,"6.18"
"C32271",1,2025-09-08,2025-09-07,5,,-1,6,0,1,2,5,1,0,0,55,0,22,1,101,313,0,0,1,2,0,55,0,11,1,1,101,-1,159,0,0,1,2,0,55,0,0,-1,-1,-1,-1,0,0,0,0,0,0,-1,0,91,0,91,68,229,388,159,127,286,5,1,1,0,0,-1,607271242,"6.18"
"C32274",1,2025-06-08,2025-05-04,5,"NBN10519764",-1,0,0,0,2,5,1,0,0,25,0,22,1,116,313,0,0,0,2,0,25,0,12,2,1,206,423,42,0,0,0,2,0,25,0,0,-1,-1,-1,-1,0,0,0,0,0,0,-1,0,53,0,53,10,230,293,63,41,104,5,1,1,0,0,-1,607271242,"6.18"
"C32280",1,2026-04-10,2026-04-09,1,,-1,0,0,1,2,5,1,0,0,55,0,22,1,116,302,0,0,1,2,0,55,0,22,0,1,116,302,113,0,0,1,2,0,55,0,0,-1,-1,-1,-1,0,0,0,0,0,0,-1,0,107,0,107,5,0,112,112,38,150,5,1,0,0,0,-1,607271242,"6.18"
"C32283",1,2025-07-24,2025-06-23,5,"NXS11320210",-1,4,0,0,2,5,1,0,0,25,0,12,1,116,99,0,0,0,2,0,25,0,0,-1,-1,-1,-1,0,0,0,0,0,0,-1,0,0,-1,-1,-1,-1,0,0,0,0,0,0,-1,0,214,0,214,0,0,214,214,186,400,1,1,0,0,0,-1,607271242,"6.18"
"C32289",1,2025-05-01,2025-04-30,5,,-1,4,1,0,0,5,1,0,0,55,0,0,-1,-1,-1,0,0,0,0,0,-1,0,12,2,2,116,419,34,0,1,0,0,0,55,0,0,-1,-1,-1,-1,0,0,0,0,0,0,-1,0,0,0,0,34,249,283,34,120,154,4,0,1,0,0,-1,607271242,"6.18"
"C32292",1,2025-04-28,2025-04-27,5,,-1,0,0,0,0,3,1,0,0,24,0,0,-1,-1,-1,0,0,0,0,0,-1,0,12,2,1,101,433,82,0,0,0,0,0,24,0,0,-1,-1,-1,-1,0,0,0,0,0,0,-1,0,0,0,0,82,98,180,82,18,100,4,0,1,0,0,-1,607271242,"6.18"
"C32298",1,2025-04-26,2025-04-25,5,,-1,0,0,1,2,5,1,0,0,25,0,12,1,314,99,0,0,1,2,0,25,0,0,-1,-1,-1,-1,0,0,0,0,0,0,-1,0,0,-1,-1,-1,-1,0,0,0,0,0,0,-1,0,0,194,194,0,0,194,194,0,194,2,1,0,0,0,-1,607271242,"6.18"
"C32301",2,2026-05-01,2026-04-30,4,"NXS10219396",338,4,0,1,1,3,2,2,0,25,1,22,1,336,313,0,0,1,1,0,25,1,0,-1,-1,-1,-1,0,0,0,0,0,0,-1,0,0,-1,-1,-1,-1,0,0,0,0,0,0,-1,0,35,0,35,0,0,35,35,91,126,1,1,0,0,0,-1,607271242,"6.18"
"C32319",1,2025-11-15,2025-11-14,1,,-1,1,0,1,0,3,1,0,0,25,0,22,1,101,423,1,0,1,0,0,25,0,21,0,1,116,-1,100,1,0,1,0,0,25,0,0,-1,-1,-1,-1,0,0,0,0,0,0,-1,0,50,0,50,76,0,126,126,403,529,5,1,0,0,0,-1,607271242,"6.18"
"C32322",1,2026-04-05,2026-04-04,1,,-1,0,0,1,0,5,1,0,0,25,0,21,1,205,-1,0,0,1,0,0,25,0,0,-1,-1,-1,-1,0,0,0,0,0,0,-1,0,0,-1,-1,-1,-1,0,0,0,0,0,0,-1,0,179,0,179,0,0,179,179,93,272,1,1,0,0,0,-1,607271242,"6.18"
"C32325",1,2025-05-02,2025-05-01,5,,-1,4,0,0,0,34,1,0,0,25,0,0,-1,-1,-1,0,0,0,0,0,-1,0,11,0,3,101,-1,517,0,0,0,0,0,25,0,0,-1,-1,-1,-1,0,0,0,0,0,0,-1,0,0,0,0,517,0,517,517,6,523,4,0,0,0,0,-1,607271242,"6.18"
"C32328",2,2026-03-06,2026-03-05,1,,-1,0,0,0,2,5,1,1,0,18,1,22,3,101,312,0,0,0,2,0,18,1,0,-1,-1,-1,-1,0,0,0,0,0,0,-1,0,0,-1,-1,-1,-1,0,0,0,0,0,0,-1,0,20,0,20,0,0,20,20,0,20,1,1,0,0,0,-1,607271242,"6.18"
"C32340",2,2025-05-30,2025-05-29,5,,-1,0,0,0,2,3,1,3,0,25,1,2,-1,-1,-1,0,0,0,0,0,-1,0,12,2,1,101,420,73,0,0,0,2,1,25,1,0,-1,-1,-1,-1,0,0,0,0,0,0,-1,0,7,0,7,66,187,260,73,122,195,5,0,1,0,0,-1,607271242,"6.18"
"C32355",1,2025-11-27,2025-11-26,3,"NBN10520315",144,1,0,1,0,56,1,0,0,25,0,22,1,116,99,1,0,1,0,0,25,0,0,-1,-1,-1,-1,0,0,0,0,0,0,-1,0,0,-1,-1,-1,-1,0,0,0,0,0,0,-1,0,58,0,58,0,0,58,58,152,210,1,1,0,0,0,-1,607271242,"6.18"
"C32361",1,2025-10-13,2025-10-12,3,"NXS11320235",94,1,0,1,1,5,1,0,0,25,0,22,1,206,423,1,0,1,1,0,25,0,0,-1,-1,-1,-1,0,0,0,0,0,0,-1,0,0,-1,-1,-1,-1,0,0,0,0,0,0,-1,0,38,0,38,0,0,38,38,0,38,1,1,0,0,0,-1,607271242,"6.18"
"C32364",1,2026-05-31,2026-05-30,2,"NXS11619174",401,0,0,1,0,37,1,0,0,25,0,22,1,116,207,0,0,1,0,0,25,0,0,-1,-1,-1,-1,0,0,0,0,0,0,-1,0,0,-1,-1,-1,-1,0,0,0,0,0,0,-1,0,33,0,33,0,0,33,33,18,51,1,1,0,0,0,-1,607271242,"6.18"
"C32367",2,2025-05-29,2025-05-28,5,,-1,0,0,0,2,5,2,3,0,25,1,0,-1,-1,-1,0,0,0,0,0,-1,0,12,1,3,101,410,162,0,0,0,2,1,25,1,0,-1,-1,-1,-1,0,0,0,0,0,0,-1,0,0,0,0,162,14,176,162,32,194,4,0,1,0,0,-1,607271242,"6.18"
"C32385",1,2025-09-26,2025-09-25,5,"NXS11319469",-1,0,1,0,0,3,1,0,0,55,0,12,1,336,410,0,1,0,0,0,55,0,0,-1,-1,-1,-1,0,0,0,0,0,0,-1,0,0,-1,-1,-1,-1,0,0,0,0,0,0,-1,0,95,0,95,0,0,95,95,148,243,1,1,0,0,0,-1,607271242,"6.18"
"C32388",1,2025-09-13,2025-09-12,5,"NXS11119224",-1,1,0,1,2,5,1,0,0,25,0,12,1,116,206,1,0,1,2,0,25,0,0,-1,-1,-1,-1,0,0,0,0,0,0,-1,0,0,-1,-1,-1,-1,0,0,0,0,0,0,-1,0,26,0,26,0,0,26,26,15,41,1,1,0,0,0,-1,607271242,"6.18"
"C32403",1,2025-11-30,2025-11-29,4,"NBN10519498",205,1,1,1,2,5,2,0,0,55,0,22,1,116,313,1,1,1,2,0,55,0,21,1,2,101,-1,40,1,1,1,2,0,55,0,0,-1,-1,-1,-1,0,0,0,0,0,0,-1,0,21,0,21,30,240,291,51,225,276,5,1,1,0,0,-1,607271242,"6.18"
"C32406",2,2026-07-11,2026-07-10,1,,-1,0,0,0,0,5,1,3,0,25,1,21,1,410,-1,0,0,0,0,1,25,1,0,-1,-1,-1,-1,0,0,0,0,0,0,-1,0,0,-1,-1,-1,-1,0,0,0,0,0,0,-1,0,82,0,82,0,0,82,82,0,82,1,1,0,0,0,-1,607271242,"6.18"
"C32421",1,2026-01-30,2026-01-29,2,"NXS10920956",164,0,0,0,0,56,1,0,0,25,0,22,3,101,410,0,0,0,0,0,25,0,0,-1,-1,-1,-1,0,0,0,0,0,0,-1,0,0,-1,-1,-1,-1,0,0,0,0,0,0,-1,0,59,0,59,0,0,59,59,179,238,1,1,0,0,21,0,607271242,"6.18"
"C32430",1,2025-05-03,2025-05-02,1,,-1,0,0,1,0,3,1,0,0,55,0,2,-1,-1,-1,0,0,0,0,0,-1,0,0,-1,-1,-1,-1,0,0,0,0,0,0,-1,0,0,-1,-1,-1,-1,0,0,0,0,0,0,-1,0,30,0,30,0,0,30,30,0,30,1,0,0,0,12,2,607271242,"6.18"
"C32433",1,2025-08-22,2025-08-21,5,,-1,9,0,1,0,5,1,0,0,24,0,0,-1,-1,-1,0,0,0,0,0,-1,0,11,1,1,116,-1,44,0,0,1,0,0,24,0,0,-1,-1,-1,-1,0,0,0,0,0,0,-1,0,0,0,0,44,361,405,44,113,157,4,0,1,0,0,-1,607271242,"6.18"
"C32445",1,2025-11-13,2025-11-12,1,,-1,0,0,1,0,5,1,0,0,25,0,22,1,440,313,0,0,1,0,0,25,0,0,-1,-1,-1,-1,0,0,0,0,0,0,-1,0,0,-1,-1,-1,-1,0,0,0,0,0,0,-1,0,26,0,26,0,0,26,26,0,26,1,1,0,0,0,-1,607271242,"6.18"
"C32451",1,2025-09-15,2025-09-14,5,,-1,0,0,1,0,5,1,0,0,55,0,12,1,116,423,0,0,1,0,0,55,0,0,-1,-1,-1,-1,0,0,0,0,0,0,-1,0,0,-1,-1,-1,-1,0,0,0,0,0,0,-1,0,18,0,18,0,0,18,18,207,225,1,1,0,0,0,-1,607271242,"6.18"
"C32454",1,2025-09-20,2025-09-19,5,"NXS11319504",-1,0,0,0,0,3,1,0,0,25,0,12,1,116,423,0,0,0,0,0,25,0,0,-1,-1,-1,-1,0,0,0,0,0,0,-1,0,0,-1,-1,-1,-1,0,0,0,0,0,0,-1,0,143,0,143,0,0,143,143,4,147,1,1,0,0,0,-1,607271242,"6.18"
"C32460",1,2025-05-25,2025-05-24,5,,-1,1,0,1,0,3,1,0,0,25,0,0,-1,-1,-1,0,0,0,0,0,-1,0,12,2,1,116,410,15,1,0,1,0,0,25,0,0,-1,-1,-1,-1,0,0,0,0,0,0,-1,0,0,0,0,15,250,265,15,52,67,4,0,1,0,0,-1,607271242,"6.18"
"C32466",1,2026-05-30,2026-05-29,1,,-1,0,0,1,2,5,1,0,0,25,0,0,-1,-1,-1,0,0,0,0,0,-1,0,21,0,1,116,-1,124,0,0,1,2,0,25,0,0,-1,-1,-1,-1,0,0,0,0,0,0,-1,0,0,0,0,124,0,124,124,29,153,4,0,0,0,0,-1,607271242,"6.18"
"C32481",1,2025-11-24,2025-11-23,3,"NXS13519771",163,0,0,0,0,5,1,0,0,25,0,22,3,336,116,0,0,0,0,0,25,0,0,-1,-1,-1,-1,0,0,0,0,0,0,-1,0,0,-1,-1,-1,-1,0,0,0,0,0,0,-1,0,37,0,37,0,0,37,37,221,258,1,1,0,0,0,-1,607271242,"6.18"
"C32496",1,2025-07-25,2025-07-24,5,,-1,0,0,1,2,5,1,0,0,25,0,0,-1,-1,-1,0,0,0,0,0,-1,0,12,0,3,116,433,92,0,0,1,2,0,25,0,0,-1,-1,-1,-1,0,0,0,0,0,0,-1,0,0,0,0,91,0,91,91,132,223,4,0,0,0,0,-1,607271242,"6.18"
"C32499",1,2026-03-22,2026-03-21,1,,-1,0,0,1,0,125,1,0,0,55,0,22,3,410,410,0,0,1,0,0,55,0,0,-1,-1,-1,-1,0,0,0,0,0,0,-1,0,0,-1,-1,-1,-1,0,0,0,0,0,0,-1,0,40,0,40,0,0,40,40,0,40,1,1,0,0,0,-1,607271242,"6.18"
"C32502",1,2026-04-10,2026-04-09,1,,-1,0,0,1,0,5,1,0,0,25,0,22,1,421,207,0,0,1,0,0,25,0,0,-1,-1,-1,-1,0,0,0,0,0,0,-1,0,0,-1,-1,-1,-1,0,0,0,0,0,0,-1,0,0,21,21,0,0,21,21,0,21,2,1,0,0,0,-1,607271242,"6.18"
"C32517",1,2025-07-11,2025-07-10,5,,-1,0,0,0,0,2,1,0,0,24,0,21,1,99,-1,0,0,0,0,0,24,0,11,2,1,116,-1,83,0,0,0,0,0,24,0,0,-1,-1,-1,-1,0,0,0,0,0,0,-1,0,14,0,14,82,223,319,96,143,239,5,1,1,0,0,-1,607271242,"6.18"
"C32520",2,2025-05-09,2025-05-08,5,,-1,1,0,1,0,5,2,1,0,25,1,11,1,116,-1,1,0,1,0,0,25,1,0,-1,-1,-1,-1,0,0,0,0,0,0,-1,0,0,-1,-1,-1,-1,0,0,0,0,0,0,-1,0,510,0,510,0,0,510,510,25,535,1,1,0,0,0,-1,607271242,"6.18"
"C32529",1,2025-10-24,2025-10-23,4,"NBN10519723",131,4,0,0,0,5,1,0,0,25,0,22,1,116,99,0,0,0,0,0,25,0,0,-1,-1,-1,-1,0,0,0,0,0,0,-1,0,0,-1,-1,-1,-1,0,0,0,0,0,0,-1,0,171,0,171,0,0,171,171,56,227,1,1,0,0,0,-1,607271242,"6.18"
"C32544",1,2025-11-09,2025-11-08,3,"NXS11319507",159,0,0,0,0,3,1,0,0,25,0,22,1,336,423,0,0,0,0,0,25,0,0,-1,-1,-1,-1,0,0,0,0,0,0,-1,0,0,-1,-1,-1,-1,0,0,0,0,0,0,-1,0,103,0,103,0,0,103,103,0,103,1,1,0,0,0,-1,607271242,"6.18"
"C32553",1,2025-12-27,2025-12-26,1,,-1,0,0,0,0,3,1,0,0,25,0,22,1,410,313,0,0,0,0,0,25,0,0,-1,-1,-1,-1,0,0,0,0,0,0,-1,0,0,-1,-1,-1,-1,0,0,0,0,0,0,-1,0,20,0,20,0,0,20,20,4,24,1,1,0,0,0,-1,607271242,"6.18"
"C32559",1,2025-05-12,2025-05-11,5,,-1,0,0,0,0,5,2,0,0,25,0,0,-1,-1,-1,0,0,0,0,0,-1,0,12,2,3,410,312,24,0,0,0,0,0,25,0,0,-1,-1,-1,-1,0,0,0,0,0,0,-1,0,0,0,0,24,275,299,24,0,24,4,0,1,0,0,-1,607271242,"6.18"
"C32565",1,2025-07-05,2025-07-04,5,"NBN10519608",-1,2,0,1,1,56,1,0,0,25,0,22,1,101,99,0,0,1,1,0,25,0,11,2,1,101,-1,278,0,0,1,1,0,25,0,0,-1,-1,-1,-1,0,0,0,0,0,0,-1,0,33,0,33,262,101,396,295,594,889,5,1,1,0,0,-1,607271242,"6.18"
"C32568",2,2025-06-22,2025-06-21,5,,-1,0,0,1,1,136,1,2,0,25,1,0,-1,-1,-1,0,0,0,0,0,-1,0,12,1,1,101,433,109,0,0,1,1,0,25,1,0,-1,-1,-1,-1,0,0,0,0,0,0,-1,0,0,0,0,109,21,130,109,71,180,4,0,1,0,0,-1,607271242,"6.18"
"C32577",2,2025-12-19,2025-12-18,2,"NXS11419610",207,0,0,0,1,137,1,2,0,25,1,22,1,335,422,0,0,0,1,0,25,1,0,-1,-1,-1,-1,0,0,0,0,0,0,-1,0,0,-1,-1,-1,-1,0,0,0,0,0,0,-1,0,25,0,25,0,0,25,25,0,25,1,1,0,0,0,-1,607271242,"6.18"
"C32586",1,2026-06-24,2026-06-23,4,"NXS11021374",280,0,0,0,0,3,1,0,0,24,0,21,1,336,-1,0,0,0,0,0,24,0,0,-1,-1,-1,-1,0,0,0,0,0,0,-1,0,0,-1,-1,-1,-1,0,0,0,0,0,0,-1,0,99,0,99,0,0,99,99,0,99,1,1,0,0,0,-1,607271242,"6.18"
"C32589",2,2025-12-13,2025-12-12,3,"NXS10219596",174,0,0,0,0,5,1,2,0,25,1,22,1,336,99,0,0,0,0,0,25,1,0,-1,-1,-1,-1,0,0,0,0,0,0,-1,0,0,-1,-1,-1,-1,0,0,0,0,0,0,-1,0,85,0,85,0,0,85,85,38,123,1,1,0,0,0,-1,607271242,"6.18"
"C32598",2,2025-06-07,2025-05-10,5,,-1,4,0,0,0,3,1,1,0,24,1,22,1,99,99,0,0,0,0,0,24,1,11,1,1,101,-1,9,0,0,0,0,0,24,1,0,-1,-1,-1,-1,0,0,0,0,0,0,-1,0,18,0,18,6,341,365,24,74,98,5,1,1,0,0,-1,607271242,"6.18"
"C32616",1,2025-09-16,2025-09-15,5,,-1,1,0,1,0,147,1,0,0,55,0,12,1,99,206,1,0,1,0,0,55,0,21,1,1,101,-1,2,1,0,1,0,0,55,0,0,-1,-1,-1,-1,0,0,0,0,0,0,-1,0,43,0,43,2,283,328,45,188,233,5,1,1,0,0,-1,607271242,"6.18"
"C32619",1,2026-04-17,2026-04-16,1,,-1,0,0,1,1,5,1,0,0,25,0,0,-1,-1,-1,0,0,0,0,0,-1,0,21,0,3,116,-1,167,0,0,1,1,0,25,0,0,-1,-1,-1,-1,0,0,0,0,0,0,-1,0,0,0,0,167,0,167,167,43,210,4,0,0,0,0,-1,607271242,"6.18"
"C32664",2,2025-05-16,2025-05-15,1,,-1,0,0,0,0,234,1,2,0,25,1,2,-1,-1,-1,0,0,0,0,0,-1,0,0,-1,-1,-1,-1,0,0,0,0,0,0,-1,0,0,-1,-1,-1,-1,0,0,0,0,0,0,-1,0,18,0,18,0,0,18,18,0,18,1,0,0,0,12,2,607271242,"6.18"
"C32682",2,2026-03-09,2026-03-08,1,,-1,0,0,0,2,235,1,3,0,25,1,22,1,302,98,0,0,0,2,1,25,1,0,-1,-1,-1,-1,0,0,0,0,0,0,-1,0,21,0,1,101,-1,0,0,0,0,2,1,25,1,12,0,12,192,0,204,204,2,206,9,1,0,0,0,-1,607271242,"6.18"
"C32691",1,2025-05-16,2025-05-15,5,,-1,1,0,1,0,5,1,0,0,25,0,12,1,101,431,1,0,1,0,0,25,0,0,-1,-1,-1,-1,0,0,0,0,0,0,-1,0,0,-1,-1,-1,-1,0,0,0,0,0,0,-1,0,203,0,203,0,0,203,203,572,775,1,1,0,0,0,-1,607271242,"6.18"
"C32700",1,2026-03-01,2026-02-28,1,,-1,0,0,1,0,3,1,0,0,25,0,22,1,410,99,0,0,1,0,0,25,0,0,-1,-1,-1,-1,0,0,0,0,0,0,-1,0,0,-1,-1,-1,-1,0,0,0,0,0,0,-1,0,28,0,28,0,0,28,28,15,43,1,1,0,0,0,-1,607271242,"6.18"
"C32703",1,2025-11-14,2025-11-13,4,"NBN10519718",139,4,0,0,2,237,1,0,0,18,0,22,1,335,99,0,0,0,2,0,18,0,21,1,1,101,-1,195,0,0,0,2,0,18,0,0,-1,-1,-1,-1,0,0,0,0,0,0,-1,0,25,0,25,178,118,321,203,285,488,5,1,1,0,0,-1,607271242,"6.18"
"C32706",1,2025-05-17,2025-05-16,5,,-1,1,1,1,0,5,1,0,0,55,0,12,3,116,99,1,1,1,0,0,55,0,0,-1,-1,-1,-1,0,0,0,0,0,0,-1,0,0,-1,-1,-1,-1,0,0,0,0,0,0,-1,0,138,0,138,0,0,138,138,925,1063,1,1,0,0,0,-1,607271242,"6.18"
"C32709",1,2025-10-23,2025-10-22,3,"NXS11320681",51,1,0,1,1,36,1,0,0,18,0,22,1,336,313,1,0,1,1,0,18,0,0,-1,-1,-1,-1,0,0,0,0,0,0,-1,0,0,-1,-1,-1,-1,0,0,0,0,0,0,-1,0,41,0,41,0,0,41,41,4,45,1,1,0,0,0,-1,607271242,"6.18"
"C32724",2,2026-07-12,2026-07-11,1,,-1,0,0,1,0,5,2,1,0,25,1,22,1,116,99,0,0,1,0,0,25,1,0,-1,-1,-1,-1,0,0,0,0,0,0,-1,0,0,-1,-1,-1,-1,0,0,0,0,0,0,-1,0,20,0,20,0,0,20,20,9,29,1,1,0,0,0,-1,607271242,"6.18"
"C32733",1,2025-10-09,2025-10-08,1,,-1,0,0,1,0,3,1,0,0,25,0,22,1,314,410,0,0,1,0,0,25,0,0,-1,-1,-1,-1,0,0,0,0,0,0,-1,0,0,-1,-1,-1,-1,0,0,0,0,0,0,-1,0,35,0,35,0,0,35,35,0,35,1,1,0,0,0,-1,607271242,"6.18"
"C32736",1,2025-10-15,2025-10-14,3,"NXS10919682",20,1,0,1,0,246,1,0,0,18,0,22,3,336,312,1,0,1,0,0,18,0,0,-1,-1,-1,-1,0,0,0,0,0,0,-1,0,0,-1,-1,-1,-1,0,0,0,0,0,0,-1,0,16,0,16,0,0,16,16,151,167,1,1,0,0,0,-1,607271242,"6.18"
"C32742",1,2026-01-19,2026-01-18,3,"NXS13519369",254,1,0,1,2,3,1,0,0,25,0,22,3,116,99,1,0,1,2,0,25,0,0,-1,-1,-1,-1,0,0,0,0,0,0,-1,0,0,-1,-1,-1,-1,0,0,0,0,0,0,-1,0,14,0,14,0,0,14,14,3,17,1,1,0,0,0,-1,607271242,"6.18"
"C32775",2,2025-11-20,2025-11-19,3,"NXS11119541",173,0,0,0,0,56,1,3,0,25,1,22,1,410,410,0,0,0,0,1,25,1,0,-1,-1,-1,-1,0,0,0,0,0,0,-1,0,0,-1,-1,-1,-1,0,0,0,0,0,0,-1,0,45,0,45,0,0,45,45,3,48,1,1,0,0,0,-1,607271242,"6.18"
"C32805",1,2025-12-27,2025-12-26,1,,-1,1,0,1,2,5,1,0,0,24,0,0,-1,-1,-1,0,0,0,0,0,-1,0,22,0,1,101,116,64,1,0,1,2,0,24,0,0,-1,-1,-1,-1,0,0,0,0,0,0,-1,0,0,0,0,63,0,63,63,963,1026,4,0,0,0,0,-1,607271242,"6.18"
"C32820",1,2025-07-03,2025-05-19,5,"NXS10919715",-1,0,1,0,0,5,1,0,0,55,0,2,-1,-1,-1,0,0,0,0,0,-1,0,0,-1,-1,-1,-1,0,0,0,0,0,0,-1,0,0,-1,-1,-1,-1,0,0,0,0,0,0,-1,0,43,0,43,0,0,43,43,1,44,1,0,0,0,11,2,607271242,"6.18"
"C32835",1,2025-09-21,2025-09-20,5,"NXS10619626",-1,9,0,1,2,5,1,0,0,55,0,12,1,116,314,0,0,1,2,0,55,0,0,-1,-1,-1,-1,0,0,0,0,0,0,-1,0,0,-1,-1,-1,-1,0,0,0,0,0,0,-1,0,54,0,54,0,0,54,54,111,165,1,1,0,0,0,-1,607271242,"6.18"
"C32853",1,2026-05-23,2026-05-22,3,"NXS10619815",317,0,0,1,2,5,1,0,0,24,0,22,1,116,204,0,0,1,2,0,24,0,0,-1,-1,-1,-1,0,0,0,0,0,0,-1,0,0,-1,-1,-1,-1,0,0,0,0,0,0,-1,0,23,0,23,0,0,23,23,123,146,1,1,0,0,0,-1,607271242,"6.18"
"C32859",1,2025-12-06,2025-12-05,3,"NXS13519797",179,0,0,0,0,13,1,0,0,25,0,22,3,116,116,0,0,0,0,0,25,0,0,-1,-1,-1,-1,0,0,0,0,0,0,-1,0,0,-1,-1,-1,-1,0,0,0,0,0,0,-1,0,65,0,65,0,0,65,65,32,97,1,1,0,0,0,-1,607271242,"6.18"
"C32862",1,2026-01-18,2026-01-17,4,"NXS11619741",215,0,0,1,0,3,1,0,0,18,0,22,1,116,98,0,0,1,0,0,18,0,0,-1,-1,-1,-1,0,0,0,0,0,0,-1,0,0,-1,-1,-1,-1,0,0,0,0,0,0,-1,0,46,0,46,0,0,46,46,2,48,1,1,0,0,0,-1,607271242,"6.18"
"C32868",1,2026-03-09,2026-03-08,3,"TRN10419736",257,0,0,1,2,5,1,0,0,25,0,22,1,204,205,0,0,1,2,0,25,0,0,-1,-1,-1,-1,0,0,0,0,0,0,-1,0,0,-1,-1,-1,-1,0,0,0,0,0,0,-1,0,75,0,75,0,0,75,75,193,268,1,1,0,0,0,-1,607271242,"6.18"
"C32886",1,2025-04-25,2025-04-24,5,,-1,0,0,1,0,5,1,0,0,18,0,0,-1,-1,-1,0,0,0,0,0,-1,0,12,2,3,206,410,0,0,0,1,0,0,18,0,0,-1,-1,-1,-1,0,0,0,0,0,0,-1,0,0,0,0,0,295,295,0,21,21,4,0,1,0,0,-1,607271242,"6.18"
"C32889",1,2025-05-16,2025-05-15,5,,-1,0,0,0,2,5,1,0,0,25,0,12,3,116,313,0,0,0,2,0,25,0,0,-1,-1,-1,-1,0,0,0,0,0,0,-1,0,0,-1,-1,-1,-1,0,0,0,0,0,0,-1,0,359,0,359,0,0,359,359,0,359,1,1,0,0,0,-1,607271242,"6.18"
"C32895",1,2025-06-15,2025-06-14,5,,-1,1,0,1,1,5,1,0,0,25,0,22,1,336,99,1,0,1,1,0,25,0,11,2,1,116,-1,164,1,0,1,1,0,25,0,0,-1,-1,-1,-1,0,0,0,0,0,0,-1,0,13,0,13,151,230,394,164,232,396,5,1,1,0,0,-1,607271242,"6.18"
"C32898",1,2025-08-25,2025-08-24,5,"NXS11319761",-1,1,0,1,1,3,2,0,0,25,0,22,1,431,314,1,0,1,1,0,25,0,12,2,1,116,314,14,1,0,1,1,0,25,0,0,-1,-1,-1,-1,0,0,0,0,0,0,-1,0,0,0,0,14,188,202,14,94,108,12,1,1,0,0,-1,607271242,"6.18"
"C32901",1,2026-07-13,2026-07-12,2,"RRH12219745",320,9,1,1,0,5,1,0,0,55,0,0,-1,-1,-1,0,0,0,0,0,-1,0,21,0,3,101,-1,80,0,1,1,0,0,55,0,0,-1,-1,-1,-1,0,0,0,0,0,0,-1,0,0,0,0,80,0,80,80,12,92,4,0,0,0,0,-1,607271242,"6.18"
"C32913",1,2025-05-30,2025-05-29,5,,-1,0,1,0,0,5,1,0,0,24,0,0,-1,-1,-1,0,0,0,0,0,-1,0,12,0,3,116,99,145,0,1,0,0,0,24,0,0,-1,-1,-1,-1,0,0,0,0,0,0,-1,0,0,0,0,144,0,144,144,14,158,4,0,0,0,0,-1,607271242,"6.18"
"C32916",1,2026-03-22,2026-03-21,3,"NXS10621760",178,0,0,1,1,3,1,0,0,25,0,22,1,336,99,0,0,1,1,0,25,0,0,-1,-1,-1,-1,0,0,0,0,0,0,-1,0,0,-1,-1,-1,-1,0,0,0,0,0,0,-1,0,21,0,21,0,0,21,21,2,23,1,1,0,0,0,-1,607271242,"6.18"
"C32922",1,2025-07-27,2025-07-26,5,,-1,0,1,1,2,5,1,0,0,25,0,0,-1,-1,-1,0,0,0,0,0,-1,0,12,1,1,116,410,83,0,1,1,2,0,25,0,0,-1,-1,-1,-1,0,0,0,0,0,0,-1,0,0,0,0,83,127,210,83,21,104,4,0,1,0,0,-1,607271242,"6.18"
"C32925",1,2025-09-11,2025-09-08,5,"NBN10521648",-1,9,1,1,0,5,1,0,0,55,0,12,1,101,411,0,1,1,0,0,55,0,0,-1,-1,-1,-1,0,0,0,0,0,0,-1,0,0,-1,-1,-1,-1,0,0,0,0,0,0,-1,0,1,54,55,0,0,55,55,130,185,3,1,0,0,0,-1,607271242,"6.18"
"C32928",1,2025-12-28,2025-12-27,3,"NXS10620716",142,1,1,1,0,1,1,0,0,55,0,22,1,206,99,1,1,1,0,0,55,0,0,-1,-1,-1,-1,0,0,0,0,0,0,-1,0,0,-1,-1,-1,-1,0,0,0,0,0,0,-1,0,19,0,19,0,0,19,19,142,161,1,1,0,0,0,-1,607271242,"6.18"
"C32940",1,2025-12-29,2025-12-28,1,,-1,1,0,1,2,5,1,0,0,25,0,0,-1,-1,-1,0,0,0,0,0,-1,0,22,0,1,116,99,42,1,0,1,2,0,25,0,0,-1,-1,-1,-1,0,0,0,0,0,0,-1,0,0,0,0,41,0,41,41,2978,3019,4,0,0,0,0,-1,607271242,"6.18"
"C32943",1,2025-07-24,2025-07-23,5,,-1,0,0,1,2,5,1,0,0,55,0,0,-1,-1,-1,0,0,0,0,0,-1,0,12,2,1,116,410,1,0,0,1,2,0,55,0,0,-1,-1,-1,-1,0,0,0,0,0,0,-1,0,0,0,0,1,337,338,1,70,71,4,0,1,0,0,-1,607271242,"6.18"
"C32952",1,2025-08-24,2025-08-23,1,,-1,0,0,1,2,5,1,0,0,55,0,2,-1,-1,-1,0,0,0,0,0,-1,0,0,-1,-1,-1,-1,0,0,0,0,0,0,-1,0,0,-1,-1,-1,-1,0,0,0,0,0,0,-1,0,23,0,23,0,0,23,23,110,133,1,0,0,0,12,2,607271242,"6.18"
"C32967",1,2025-11-13,2025-11-12,1,,-1,0,1,1,0,5,1,0,0,55,0,22,1,336,410,0,1,1,0,0,55,0,0,-1,-1,-1,-1,0,0,0,0,0,0,-1,0,0,-1,-1,-1,-1,0,0,0,0,0,0,-1,0,62,0,62,0,0,62,62,194,256,1,1,0,0,0,-1,607271242,"6.18"
"C32979",1,2025-08-30,2025-08-29,5,,-1,0,0,1,1,5,1,0,0,25,0,0,-1,-1,-1,0,0,0,0,0,-1,0,11,2,1,206,-1,6,0,0,1,1,0,25,0,0,-1,-1,-1,-1,0,0,0,0,0,0,-1,0,0,0,0,6,391,397,6,119,125,4,0,1,0,0,-1,607271242,"6.18"
"C32982",1,2025-10-30,2025-10-29,4,"NXS11619451",152,1,1,1,0,5,1,0,0,55,0,22,1,116,116,1,1,1,0,0,55,0,21,1,2,101,-1,89,1,1,1,0,0,55,0,0,-1,-1,-1,-1,0,0,0,0,0,0,-1,0,58,0,58,89,144,291,147,315,462,5,1,1,0,0,-1,607271242,"6.18"
"C33006",1,2026-07-14,2026-07-13,1,,-1,9,0,1,0,13,1,0,0,25,0,0,-1,-1,-1,0,0,0,0,0,-1,0,21,0,3,116,-1,79,0,0,1,0,0,25,0,0,-1,-1,-1,-1,0,0,0,0,0,0,-1,0,0,0,0,79,0,79,79,38,117,4,0,0,0,0,-1,607271242,"6.18"
"C33009",1,2025-10-14,2025-10-13,1,,-1,6,0,1,0,5,2,0,0,18,0,22,3,101,312,0,0,1,0,0,18,0,0,-1,-1,-1,-1,0,0,0,0,0,0,-1,0,0,-1,-1,-1,-1,0,0,0,0,0,0,-1,0,17,0,17,0,0,17,17,278,295,1,1,0,0,22,1,607271242,"6.18"
"C33024",1,2025-06-05,2025-06-04,5,,-1,0,1,1,0,5,1,0,0,25,0,0,-1,-1,-1,0,0,0,0,0,-1,0,12,2,2,101,420,2,0,1,1,0,0,25,0,0,-1,-1,-1,-1,0,0,0,0,0,0,-1,0,0,0,0,2,190,192,2,28,30,4,0,1,0,0,-1,607271242,"6.18"
"C33033",1,2025-08-11,2025-08-10,5,,-1,9,0,1,0,16,1,0,0,25,0,0,-1,-1,-1,0,0,0,0,0,-1,0,12,2,1,116,433,17,0,0,1,0,0,25,0,0,-1,-1,-1,-1,0,0,0,0,0,0,-1,0,0,0,0,17,84,101,17,72,89,4,0,1,0,0,-1,607271242,"6.18"
"C33036",2,2025-07-20,2025-07-19,5,,-1,0,0,0,1,5,2,1,0,25,1,0,-1,-1,-1,0,0,0,0,0,-1,0,12,2,1,116,410,50,0,0,0,1,0,25,1,0,-1,-1,-1,-1,0,0,0,0,0,0,-1,0,0,0,0,50,199,249,50,119,169,4,0,1,0,0,-1,607271242,"6.18"
"C33045",1,2025-12-12,2025-12-11,4,"NBN10519929",187,0,0,0,0,5,1,0,0,25,0,22,1,207,99,0,0,0,0,0,25,0,0,-1,-1,-1,-1,0,0,0,0,0,0,-1,0,0,-1,-1,-1,-1,0,0,0,0,0,0,-1,0,46,0,46,0,0,46,46,507,553,1,1,0,0,0,-1,607271242,"6.18"
"C33051",1,2025-06-02,2025-06-01,5,,-1,0,1,0,0,5,1,0,0,55,0,12,1,116,423,0,1,0,0,0,55,0,0,-1,-1,-1,-1,0,0,0,0,0,0,-1,0,0,-1,-1,-1,-1,0,0,0,0,0,0,-1,0,197,0,197,0,0,197,197,0,197,1,1,0,0,0,-1,607271242,"6.18"
"C33054",2,2026-02-24,2026-02-23,1,,-1,0,0,0,0,3,1,2,0,25,1,22,1,335,99,0,0,0,0,0,25,1,0,-1,-1,-1,-1,0,0,0,0,0,0,-1,0,0,-1,-1,-1,-1,0,0,0,0,0,0,-1,0,29,0,29,0,0,29,29,2,31,1,1,0,0,0,-1,607271242,"6.18"
"C33066",1,2025-10-17,2025-10-16,1,,-1,0,0,1,1,35,1,0,0,25,0,22,1,206,204,0,0,1,1,0,25,0,0,-1,-1,-1,-1,0,0,0,0,0,0,-1,0,0,-1,-1,-1,-1,0,0,0,0,0,0,-1,0,18,0,18,0,0,18,18,0,18,1,1,0,0,0,-1,607271242,"6.18"
"C33066",2,2025-08-11,2025-08-10,5,,-1,0,0,1,1,35,1,1,0,25,0,12,1,101,312,0,0,1,1,0,25,0,0,-1,-1,-1,-1,0,0,0,0,0,0,-1,0,0,-1,-1,-1,-1,0,0,0,0,0,0,-1,0,66,0,66,0,0,66,66,69,135,1,1,0,0,0,-1,607271242,"6.18"
"C33072",1,2026-01-06,2026-01-05,4,"NXS10620047",183,1,0,1,1,3,1,0,0,25,0,22,1,314,410,1,0,1,1,0,25,0,0,-1,-1,-1,-1,0,0,0,0,0,0,-1,0,0,-1,-1,-1,-1,0,0,0,0,0,0,-1,0,39,0,39,0,0,39,39,6,45,1,1,0,0,0,-1,607271242,"6.18"
"C33075",1,2025-06-06,2025-06-05,5,,-1,9,0,1,0,5,1,0,0,25,0,0,-1,-1,-1,0,0,0,0,0,-1,0,12,0,3,101,99,132,0,0,1,0,0,25,0,0,-1,-1,-1,-1,0,0,0,0,0,0,-1,0,0,0,0,131,0,131,131,99,230,4,0,0,0,0,-1,607271242,"6.18"
"C33078",2,2026-02-08,2026-02-07,1,,-1,0,0,0,0,5,1,1,0,25,1,22,1,335,99,0,0,0,0,0,25,1,0,-1,-1,-1,-1,0,0,0,0,0,0,-1,0,0,-1,-1,-1,-1,0,0,0,0,0,0,-1,0,43,0,43,0,0,43,43,29,72,1,1,0,0,0,-1,607271242,"6.18"
"C33093",1,2025-11-07,2025-11-06,3,"NXS11319930",118,5,0,1,0,3,1,0,0,25,0,22,1,116,99,0,0,1,0,0,25,0,21,1,1,101,-1,1,0,0,1,0,0,25,0,0,-1,-1,-1,-1,0,0,0,0,0,0,-1,0,29,0,29,1,228,258,30,243,273,5,1,1,0,0,-1,607271242,"6.18"
"C33099",1,2026-01-24,2026-01-23,3,"NXS11319962",158,6,0,1,0,56,1,0,0,25,0,21,1,116,-1,0,0,1,0,0,25,0,0,-1,-1,-1,-1,0,0,0,0,0,0,-1,0,0,-1,-1,-1,-1,0,0,0,0,0,0,-1,0,217,0,217,0,0,217,217,33,250,1,1,0,0,0,-1,607271242,"6.18"
"C33120",1,2025-12-07,2025-12-06,3,"NXS11419943",149,0,0,1,0,5,1,0,0,18,0,22,1,116,99,0,0,1,0,0,18,0,0,-1,-1,-1,-1,0,0,0,0,0,0,-1,0,0,-1,-1,-1,-1,0,0,0,0,0,0,-1,0,42,0,42,0,0,42,42,14,56,1,1,0,0,0,-1,607271242,"6.18"
"C33123",1,2025-06-15,2025-06-14,5,,-1,2,0,1,0,5,1,0,0,25,0,0,-1,-1,-1,0,0,0,0,0,-1,0,11,2,1,116,-1,50,0,0,1,0,0,25,0,0,-1,-1,-1,-1,0,0,0,0,0,0,-1,0,0,0,0,50,423,473,50,438,488,4,0,1,0,0,-1,607271242,"6.18"
"C33129",1,2026-03-10,2026-03-09,4,"NBN10519950",257,0,0,1,2,5,1,0,0,25,0,22,1,206,98,0,0,1,2,0,25,0,0,-1,-1,-1,-1,0,0,0,0,0,0,-1,0,0,-1,-1,-1,-1,0,0,0,0,0,0,-1,0,18,0,18,0,0,18,18,0,18,1,1,0,0,0,-1,607271242,"6.18"
"C33132",1,2025-10-04,2025-10-03,4,"NBN10520098",107,0,0,1,0,35,1,0,0,25,0,22,1,116,99,0,0,1,0,0,25,0,21,1,1,116,-1,6,0,0,1,0,0,25,0,0,-1,-1,-1,-1,0,0,0,0,0,0,-1,0,19,0,19,6,308,333,25,182,207,5,1,1,0,0,-1,607271242,"6.18"
"C33135",1,2025-09-08,2025-09-07,4,"NBN10521016",24,0,0,1,2,5,1,0,0,25,0,0,-1,-1,-1,0,0,0,0,0,-1,0,0,-1,-1,-1,-1,0,0,0,0,0,0,-1,0,0,-1,-1,-1,-1,0,0,0,0,0,0,-1,0,0,0,0,0,0,0,0,0,0,12,0,0,0,12,2,607271242,"6.18"
"C33153",3,2026-03-06,2026-03-05,4,"NXS10619955",253,0,0,0,0,5,0,1,0,-1,0,22,1,204,98,0,0,0,0,0,-1,0,0,-1,-1,-1,-1,0,0,0,0,0,0,-1,0,0,-1,-1,-1,-1,0,0,0,0,0,0,-1,0,14,0,14,0,0,14,14,0,14,1,1,0,0,0,-1,607271242,"6.18"
"C33159",2,2025-06-09,2025-06-08,1,,-1,0,0,0,1,56,1,2,0,25,1,0,-1,-1,-1,0,0,0,0,0,-1,0,0,-1,-1,-1,-1,0,0,0,0,0,0,-1,0,0,-1,-1,-1,-1,0,0,0,0,0,0,-1,0,0,0,0,0,0,0,0,71,71,12,0,0,0,12,2,607271242,"6.18"
"C33168",1,2025-09-01,2025-08-31,5,,-1,0,0,1,0,98,1,0,0,25,0,0,-1,-1,-1,0,0,0,0,0,-1,0,12,2,1,101,410,4,0,0,1,0,0,25,0,0,-1,-1,-1,-1,0,0,0,0,0,0,-1,0,0,0,0,4,328,332,4,87,91,4,0,1,0,0,-1,607271242,"6.18"
"C33171",2,2025-10-05,2025-10-04,1,,-1,0,0,0,0,3,1,2,0,25,1,22,1,410,410,0,0,0,0,0,25,1,0,-1,-1,-1,-1,0,0,0,0,0,0,-1,0,0,-1,-1,-1,-1,0,0,0,0,0,0,-1,0,53,0,53,0,0,53,53,2,55,1,1,0,0,0,-1,607271242,"6.18"
"C33180",1,2025-09-20,2025-09-19,5,"NBN10519998",-1,0,1,1,0,5,2,0,0,55,0,0,-1,-1,-1,0,0,0,0,0,-1,0,12,1,2,101,410,87,0,1,1,0,0,55,0,0,-1,-1,-1,-1,0,0,0,0,0,0,-1,0,0,0,0,87,13,100,87,170,257,4,0,1,0,0,-1,607271242,"6.18"
"C33186",1,2025-08-08,2025-08-07,5,"NBN10520002",-1,1,0,1,0,3,1,0,0,25,0,0,-1,-1,-1,0,0,0,0,0,-1,0,12,2,1,116,207,42,1,0,1,0,0,25,0,0,-1,-1,-1,-1,0,0,0,0,0,0,-1,0,0,0,0,42,222,264,42,60,102,4,0,1,0,0,-1,607271242,"6.18"
"C33189",2,2025-07-04,2025-06-28,5,"NBN10520008",-1,0,0,0,0,3,1,2,0,25,1,2,-1,-1,-1,0,0,0,0,0,-1,0,12,2,1,336,410,3,0,0,0,0,0,25,1,0,-1,-1,-1,-1,0,0,0,0,0,0,-1,0,4,0,4,2,335,341,6,19,25,5,0,1,0,0,-1,607271242,"6.18"
"C33216",1,2025-07-26,2025-07-25,5,,-1,0,0,0,0,5,1,0,0,25,0,0,-1,-1,-1,0,0,0,0,0,-1,0,12,2,1,101,410,1,0,0,0,0,0,25,0,0,-1,-1,-1,-1,0,0,0,0,0,0,-1,0,0,0,0,1,321,322,1,49,50,4,0,1,0,0,-1,607271242,"6.18"
"C33219",1,2025-06-14,2025-06-13,5,,-1,9,1,1,0,56,1,0,0,55,0,0,-1,-1,-1,0,0,0,0,0,-1,0,12,2,2,101,410,37,0,1,1,0,0,55,0,0,-1,-1,-1,-1,0,0,0,0,0,0,-1,0,0,0,0,37,246,283,37,17,54,4,0,1,0,0,-1,607271242,"6.18"
"C33222",1,2025-06-26,2025-06-25,5,,-1,0,1,1,0,5,1,0,0,24,0,0,-1,-1,-1,0,0,0,0,0,-1,0,12,2,1,101,410,49,0,1,1,0,0,24,0,0,-1,-1,-1,-1,0,0,0,0,0,0,-1,0,0,0,0,49,51,100,49,24,73,4,0,1,0,0,-1,607271242,"6.18"
"C33228",1,2025-08-16,2025-08-15,5,,-1,0,0,1,2,5,1,0,0,25,0,0,-1,-1,-1,0,0,0,0,0,-1,0,12,2,3,205,410,36,0,0,1,2,0,25,0,0,-1,-1,-1,-1,0,0,0,0,0,0,-1,0,0,0,0,36,12,48,36,0,36,4,0,1,0,0,-1,607271242,"6.18"
"C33231",1,2025-11-28,2025-11-27,2,"NXS13520513",104,0,0,0,0,57,1,0,0,25,0,22,3,336,207,0,0,0,0,0,25,0,0,-1,-1,-1,-1,0,0,0,0,0,0,-1,0,0,-1,-1,-1,-1,0,0,0,0,0,0,-1,0,18,0,18,0,0,18,18,32,50,1,1,0,0,0,-1,607271242,"6.18"
"C33246",1,2025-12-18,2025-12-17,1,,-1,1,0,1,0,5,2,0,0,25,0,0,-1,-1,-1,0,0,0,0,0,-1,0,21,1,1,116,-1,75,1,0,1,0,0,25,0,0,-1,-1,-1,-1,0,0,0,0,0,0,-1,0,0,0,0,75,212,287,75,1051,1126,4,0,1,0,0,-1,607271242,"6.18"
"C33249",1,2026-03-28,2026-03-27,4,"NXS11420371",226,1,0,1,1,5,1,0,0,24,0,22,1,101,313,1,0,1,1,0,24,0,22,0,1,101,99,61,1,0,1,1,0,24,0,0,-1,-1,-1,-1,0,0,0,0,0,0,-1,0,37,0,37,38,0,75,75,323,398,5,1,0,0,0,-1,607271242,"6.18"
"C33261",1,2026-04-13,2026-04-12,4,"NBN10520171",285,0,0,1,0,56,1,0,0,25,0,21,1,99,-1,0,0,1,0,0,25,0,0,-1,-1,-1,-1,0,0,0,0,0,0,-1,0,0,-1,-1,-1,-1,0,0,0,0,0,0,-1,0,15,0,15,0,0,15,15,136,151,1,1,0,0,0,-1,607271242,"6.18"
"C33267",1,2025-09-01,2025-08-31,5,,-1,0,0,0,2,5,1,0,0,18,0,12,1,336,423,0,0,0,2,0,18,0,0,-1,-1,-1,-1,0,0,0,0,0,0,-1,0,0,-1,-1,-1,-1,0,0,0,0,0,0,-1,0,145,0,145,0,0,145,145,12,157,1,1,0,0,0,-1,607271242,"6.18"
"C33279",1,2026-02-08,2026-02-07,4,"NXS11619990",228,0,0,1,2,5,1,0,0,25,0,0,-1,-1,-1,0,0,0,0,0,-1,0,21,1,1,336,-1,56,0,0,1,2,0,25,0,0,-1,-1,-1,-1,0,0,0,0,0,0,-1,0,0,0,0,56,179,235,56,0,56,4,0,1,0,0,-1,607271242,"6.18"
"C33294",1,2025-06-15,2025-06-14,5,,-1,0,0,1,1,5,1,0,0,25,0,0,-1,-1,-1,0,0,0,0,0,-1,0,12,2,1,101,410,1,0,0,1,1,0,25,0,0,-1,-1,-1,-1,0,0,0,0,0,0,-1,0,0,0,0,1,263,264,1,16,17,4,0,1,0,0,-1,607271242,"6.18"
"C33297",1,2026-03-03,2026-03-02,1,,-1,1,0,1,2,126,1,0,0,25,0,22,1,335,206,1,0,1,2,0,25,0,0,-1,-1,-1,-1,0,0,0,0,0,0,-1,0,0,-1,-1,-1,-1,0,0,0,0,0,0,-1,0,0,46,46,0,0,46,46,0,46,2,1,0,0,0,-1,607271242,"6.18"
"C33297",2,2026-05-04,2026-05-03,1,,-1,1,0,1,2,126,1,1,0,25,1,0,-1,-1,-1,0,0,0,0,0,-1,0,21,1,3,205,-1,1,1,0,1,2,0,25,1,0,-1,-1,-1,-1,0,0,0,0,0,0,-1,0,0,0,0,1,149,150,1,760,761,4,0,1,0,0,-1,607271242,"6.18"
"C33303",1,2025-06-15,2025-06-14,5,,-1,1,0,1,0,5,1,0,0,25,0,12,3,101,99,1,0,1,0,0,25,0,0,-1,-1,-1,-1,0,0,0,0,0,0,-1,0,0,-1,-1,-1,-1,0,0,0,0,0,0,-1,0,299,0,299,0,0,299,299,2586,2885,1,1,0,0,0,-1,607271242,"6.18"
"C33315",1,2025-07-11,2025-06-14,5,,-1,0,0,1,1,5,1,0,0,25,0,2,-1,-1,-1,0,0,0,0,0,-1,0,11,1,1,116,-1,83,0,0,1,1,0,25,0,0,-1,-1,-1,-1,0,0,0,0,0,0,-1,0,38,0,38,63,364,465,101,16,117,5,0,1,0,0,-1,607271242,"6.18"
"C33318",1,2025-08-02,2025-08-01,5,"NBN10520313",-1,0,0,0,0,5,1,0,0,55,0,0,-1,-1,-1,0,0,0,0,0,-1,0,12,2,1,116,410,5,0,0,0,0,0,55,0,0,-1,-1,-1,-1,0,0,0,0,0,0,-1,0,0,0,0,5,99,104,5,48,53,4,0,1,0,0,-1,607271242,"6.18"
"C33324",1,2025-09-25,2025-09-24,5,"NBN10521232",-1,9,0,1,0,3,1,0,0,25,0,0,-1,-1,-1,0,0,0,0,0,-1,0,12,1,1,116,433,10,0,0,1,0,0,25,0,0,-1,-1,-1,-1,0,0,0,0,0,0,-1,0,0,0,0,10,179,189,10,109,119,4,0,1,0,0,-1,607271242,"6.18"
"C33327",1,2025-09-08,2025-09-07,5,,-1,0,0,0,0,134,1,0,0,55,0,0,-1,-1,-1,0,0,0,0,0,-1,0,11,1,1,116,-1,42,0,0,0,0,0,55,0,0,-1,-1,-1,-1,0,0,0,0,0,0,-1,0,0,0,0,42,346,388,42,86,128,4,0,1,0,0,-1,607271242,"6.18"
"C33339",1,2025-07-11,2025-07-10,5,,-1,1,0,1,2,5,2,0,0,25,0,0,-1,-1,-1,0,0,0,0,0,-1,0,12,1,2,116,422,127,1,0,1,2,0,25,0,0,-1,-1,-1,-1,0,0,0,0,0,0,-1,0,0,0,0,127,119,246,127,190,317,4,0,1,0,0,-1,607271242,"6.18"
"C33345",1,2025-07-20,2025-07-19,5,,-1,0,0,1,0,135,1,0,0,55,0,0,-1,-1,-1,0,0,0,0,0,-1,0,12,2,1,116,410,25,0,0,1,0,0,55,0,0,-1,-1,-1,-1,0,0,0,0,0,0,-1,0,0,0,0,25,240,265,25,47,72,4,0,1,0,0,-1,607271242,"6.18"
"C33351",1,2025-07-03,2025-06-18,5,"RRH12220111",-1,0,1,1,0,5,1,0,0,55,0,12,3,101,314,0,1,1,0,0,55,0,2,-1,-1,-1,-1,0,0,0,0,0,0,-1,0,0,-1,-1,-1,-1,0,0,0,0,0,0,-1,0,134,0,134,11,0,145,145,0,145,5,1,0,0,0,-1,607271242,"6.18"
"C33354",1,2025-08-21,2025-08-02,5,"NBN10520961",-1,9,0,1,0,3,1,0,0,55,0,2,-1,-1,-1,0,0,0,0,0,-1,0,11,2,1,206,-1,2,0,0,1,0,0,55,0,0,-1,-1,-1,-1,0,0,0,0,0,0,-1,0,7,0,7,2,404,413,9,52,61,5,0,1,0,0,-1,607271242,"6.18"
"C33363",1,2026-02-19,2026-02-18,1,,-1,4,0,0,0,3,1,0,0,25,0,22,1,99,99,0,0,0,0,0,25,0,0,-1,-1,-1,-1,0,0,0,0,0,0,-1,0,0,-1,-1,-1,-1,0,0,0,0,0,0,-1,0,6,0,6,0,0,6,6,200,206,1,1,0,0,0,-1,607271242,"6.18"
"C33369",1,2025-04-27,2025-04-26,5,,-1,0,0,1,2,56,1,0,0,25,0,0,-1,-1,-1,0,0,0,0,0,-1,0,12,2,1,336,433,42,0,0,1,2,0,25,0,0,-1,-1,-1,-1,0,0,0,0,0,0,-1,0,0,0,0,42,160,202,42,0,42,4,0,1,0,0,-1,607271242,"6.18"
"C33375",1,2026-04-26,2026-04-25,4,"NXS13820194",288,0,0,0,2,145,1,0,0,55,0,22,1,116,99,0,0,0,2,0,55,0,0,-1,-1,-1,-1,0,0,0,0,0,0,-1,0,0,-1,-1,-1,-1,0,0,0,0,0,0,-1,0,17,0,17,0,0,17,17,5,22,1,1,0,0,0,-1,607271242,"6.18"
"C33378",1,2025-10-02,2025-10-01,5,"NXS10920880",-1,0,0,0,0,5,1,0,0,25,0,22,3,335,98,0,0,0,0,0,25,0,0,-1,-1,-1,-1,0,0,0,0,0,0,-1,0,0,-1,-1,-1,-1,0,0,0,0,0,0,-1,0,60,0,60,0,0,60,60,182,242,1,1,0,0,0,-1,607271242,"6.18"
"C33384",1,2025-10-05,2025-10-04,2,"NXS11320882",44,5,0,1,2,5,1,0,0,25,0,22,1,116,423,0,0,1,2,0,25,0,0,-1,-1,-1,-1,0,0,0,0,0,0,-1,0,0,-1,-1,-1,-1,0,0,0,0,0,0,-1,0,67,0,67,0,0,67,67,276,343,1,1,0,0,0,-1,607271242,"6.18"
"C33435",1,2025-11-09,2025-11-08,3,"NXS11319985",66,1,0,1,0,5,1,0,0,55,0,22,1,116,225,1,0,1,0,0,55,0,0,-1,-1,-1,-1,0,0,0,0,0,0,-1,0,0,-1,-1,-1,-1,0,0,0,0,0,0,-1,0,104,0,104,0,0,104,104,0,104,1,1,0,0,0,-1,607271242,"6.18"
"C33444",1,2026-01-16,2026-01-15,3,"NXS11320178",182,0,0,1,0,3,1,0,0,25,0,22,1,101,423,0,0,1,0,0,25,0,0,-1,-1,-1,-1,0,0,0,0,0,0,-1,0,0,-1,-1,-1,-1,0,0,0,0,0,0,-1,0,15,0,15,0,0,15,15,3,18,1,1,0,0,0,-1,607271242,"6.18"
"C33450",1,2025-07-14,2025-07-06,5,"NBN10520197",-1,9,0,1,0,3,1,0,0,25,0,12,1,99,99,0,0,1,0,0,25,0,11,1,1,206,-1,63,0,0,1,0,0,25,0,0,-1,-1,-1,-1,0,0,0,0,0,0,-1,0,21,0,21,53,349,423,74,70,144,5,1,1,0,0,-1,607271242,"6.18"
"C33453",1,2025-07-03,2025-06-26,5,,-1,0,0,1,2,5,1,0,0,25,0,2,-1,-1,-1,0,0,0,0,0,-1,0,12,2,1,101,410,8,0,0,1,2,0,25,0,0,-1,-1,-1,-1,0,0,0,0,0,0,-1,0,8,0,8,3,208,219,11,14,25,5,0,1,0,0,-1,607271242,"6.18"
"C33453",2,2025-12-09,2025-12-08,1,,-1,0,0,1,2,5,2,2,0,25,1,22,1,99,99,0,0,1,2,0,25,1,0,-1,-1,-1,-1,0,0,0,0,0,0,-1,0,0,-1,-1,-1,-1,0,0,0,0,0,0,-1,0,2,0,2,0,0,2,2,36,38,1,1,0,0,0,-1,607271242,"6.18"
"C33456",1,2025-07-26,2025-06-23,5,"NBN10520686",-1,0,0,0,0,3,1,0,0,25,0,2,-1,-1,-1,0,0,0,0,0,-1,0,12,1,1,116,422,98,0,0,0,0,0,25,0,0,-1,-1,-1,-1,0,0,0,0,0,0,-1,0,17,0,17,98,12,127,115,12,127,5,0,1,0,0,-1,607271242,"6.18"
"C33462",1,2025-06-26,2025-06-25,5,,-1,4,0,0,0,5,1,0,0,25,0,12,3,116,99,0,0,0,0,0,25,0,0,-1,-1,-1,-1,0,0,0,0,0,0,-1,0,0,-1,-1,-1,-1,0,0,0,0,0,0,-1,0,156,0,156,0,0,156,156,7420,7576,1,1,0,0,0,-1,607271242,"6.18"
"C33468",1,2025-09-04,2025-06-22,5,"NXS10920183",-1,0,0,0,0,5,1,0,0,25,0,2,-1,-1,-1,0,0,0,0,0,-1,0,0,-1,-1,-1,-1,0,0,0,0,0,0,-1,0,0,-1,-1,-1,-1,0,0,0,0,0,0,-1,0,72,0,72,0,0,72,72,0,72,1,0,0,0,11,0,607271242,"6.18"
"C33471",1,2026-04-04,2026-04-03,1,,-1,6,0,1,2,3,1,0,0,25,0,22,1,116,99,0,0,1,2,0,25,0,21,1,1,116,-1,4,0,0,1,2,0,25,0,0,-1,-1,-1,-1,0,0,0,0,0,0,-1,0,10,0,10,4,110,124,14,331,345,5,1,1,0,0,-1,607271242,"6.18"
"C33480",2,2025-10-13,2025-10-12,1,,-1,0,0,0,2,56,1,1,0,25,1,0,-1,-1,-1,0,0,0,0,0,-1,0,22,0,1,116,99,122,0,0,0,2,0,25,1,0,-1,-1,-1,-1,0,0,0,0,0,0,-1,0,0,0,0,121,0,121,121,163,284,4,0,0,0,0,-1,607271242,"6.18"
"C33489",1,2025-06-28,2025-06-27,5,,-1,1,1,1,0,5,1,0,0,55,0,0,-1,-1,-1,0,0,0,0,0,-1,0,12,0,2,116,419,264,1,1,1,0,0,55,0,21,0,1,116,-1,0,1,1,1,0,0,55,0,0,0,0,460,0,460,460,19,479,11,0,0,0,0,-1,607271242,"6.18"
"C33492",1,2026-04-17,2026-04-16,2,"NXS10819765",283,1,0,1,0,5,1,0,0,55,0,22,3,116,312,1,0,1,0,0,55,0,0,-1,-1,-1,-1,0,0,0,0,0,0,-1,0,0,-1,-1,-1,-1,0,0,0,0,0,0,-1,0,20,0,20,0,0,20,20,4,24,1,1,0,0,0,-1,607271242,"6.18"
"C33495",1,2025-07-20,2025-07-19,1,,-1,0,0,0,0,5,1,0,0,25,0,0,-1,-1,-1,0,0,0,0,0,-1,0,0,-1,-1,-1,-1,0,0,0,0,0,0,-1,0,0,-1,-1,-1,-1,0,0,0,0,0,0,-1,0,0,0,0,0,0,0,0,58,58,12,0,0,0,12,2,607271242,"6.18"
"C33498",1,2026-06-08,2026-06-07,4,"NXS11220174",335,0,0,1,2,3,1,0,0,25,0,21,3,204,-1,0,0,1,2,0,25,0,0,-1,-1,-1,-1,0,0,0,0,0,0,-1,0,0,-1,-1,-1,-1,0,0,0,0,0,0,-1,0,115,0,115,0,0,115,115,548,663,1,1,0,0,0,-1,607271242,"6.18"
"C33501",1,2025-11-02,2025-11-01,3,"NXS10820211",111,0,0,0,0,5,1,0,0,25,0,22,3,118,423,0,0,0,0,0,25,0,0,-1,-1,-1,-1,0,0,0,0,0,0,-1,0,0,-1,-1,-1,-1,0,0,0,0,0,0,-1,0,15,0,15,0,0,15,15,131,146,1,1,0,0,0,-1,607271242,"6.18"
"C33507",1,2026-02-20,2026-02-19,3,"NXS10819506",245,1,0,1,0,2,1,0,0,25,0,22,1,205,329,1,0,1,0,0,25,0,0,-1,-1,-1,-1,0,0,0,0,0,0,-1,0,0,-1,-1,-1,-1,0,0,0,0,0,0,-1,0,0,120,120,0,0,120,120,296,416,2,1,0,0,0,-1,607271242,"6.18"
"C33519",1,2025-08-04,2025-08-03,5,,-1,1,0,1,0,5,1,0,0,25,0,0,-1,-1,-1,0,0,0,0,0,-1,0,12,1,1,116,423,100,1,0,1,0,0,25,0,0,-1,-1,-1,-1,0,0,0,0,0,0,-1,0,0,0,0,100,13,113,100,62,162,4,0,1,0,0,-1,607271242,"6.18"
"C33522",1,2026-01-31,2026-01-30,1,,-1,0,0,1,2,5,1,0,0,25,0,0,-1,-1,-1,0,0,0,0,0,-1,0,21,1,1,116,-1,26,0,0,1,2,0,25,0,0,-1,-1,-1,-1,0,0,0,0,0,0,-1,0,0,0,0,26,217,243,26,19,45,4,0,1,0,0,-1,607271242,"6.18"
"C33525",2,2025-09-26,2025-09-25,5,,-1,0,0,0,1,3,1,2,0,25,1,12,1,335,99,0,0,0,1,0,25,1,0,-1,-1,-1,-1,0,0,0,0,0,0,-1,0,0,-1,-1,-1,-1,0,0,0,0,0,0,-1,0,20,0,20,0,0,20,20,24,44,1,1,0,0,0,-1,607271242,"6.18"
"C33534",2,2025-06-28,2025-06-27,5,,-1,0,0,0,0,56,1,2,0,25,1,0,-1,-1,-1,0,0,0,0,0,-1,0,12,2,1,116,433,20,0,0,0,0,0,25,1,0,-1,-1,-1,-1,0,0,0,0,0,0,-1,0,0,0,0,20,240,260,20,20,40,4,0,1,0,0,-1,607271242,"6.18"
"C33543",1,2025-11-22,2025-11-21,3,"NXS11020258",106,0,0,1,2,5,1,0,0,24,0,22,1,335,101,0,0,1,2,0,24,0,0,-1,-1,-1,-1,0,0,0,0,0,0,-1,0,0,-1,-1,-1,-1,0,0,0,0,0,0,-1,0,45,0,45,0,0,45,45,0,45,1,1,0,0,0,-1,607271242,"6.18"
"C33546",1,2025-06-29,2025-06-28,5,,-1,0,0,0,0,5,1,0,0,25,0,12,1,206,206,0,0,0,0,0,25,0,0,-1,-1,-1,-1,0,0,0,0,0,0,-1,0,0,-1,-1,-1,-1,0,0,0,0,0,0,-1,0,118,0,118,0,0,118,118,8,126,1,1,0,0,0,-1,607271242,"6.18"
"C33549",2,2025-09-08,2025-09-07,1,,-1,0,0,1,0,56,2,3,0,25,1,0,-1,-1,-1,0,0,0,0,0,-1,0,0,-1,-1,-1,-1,0,0,0,0,0,0,-1,0,0,-1,-1,-1,-1,0,0,0,0,0,0,-1,0,0,0,0,0,0,0,0,0,0,12,0,0,0,12,2,607271242,"6.18"
"C33552",2,2025-08-09,2025-08-08,5,,-1,0,0,1,0,3,1,2,0,25,1,0,-1,-1,-1,0,0,0,0,0,-1,0,12,2,1,101,433,41,0,0,1,0,0,25,1,0,-1,-1,-1,-1,0,0,0,0,0,0,-1,0,0,0,0,41,140,181,41,56,97,4,0,1,0,0,-1,607271242,"6.18"
"C33555",1,2025-10-09,2025-10-08,1,,-1,0,0,1,2,5,2,0,0,25,0,0,-1,-1,-1,0,0,0,0,0,-1,0,22,1,1,116,434,26,0,0,1,2,0,25,0,0,-1,-1,-1,-1,0,0,0,0,0,0,-1,0,0,0,0,26,25,51,26,161,187,4,0,1,0,0,-1,607271242,"6.18"
"C33561",2,2025-08-29,2025-08-28,1,,-1,0,0,0,0,256,1,1,0,25,1,0,-1,-1,-1,0,0,0,0,0,-1,0,0,-1,-1,-1,-1,0,0,0,0,0,0,-1,0,0,-1,-1,-1,-1,0,0,0,0,0,0,-1,0,0,0,0,0,0,0,0,0,0,12,0,0,0,11,2,607271242,"6.18"
"C33585",1,2026-03-01,2026-02-28,4,"NXS11119842",229,1,1,1,0,3,1,0,0,55,0,22,1,207,313,1,1,1,0,0,55,0,0,-1,-1,-1,-1,0,0,0,0,0,0,-1,0,0,-1,-1,-1,-1,0,0,0,0,0,0,-1,0,13,0,13,0,0,13,13,0,13,1,1,0,0,0,-1,607271242,"6.18"
"C33588",1,2025-07-05,2025-07-04,5,,-1,0,0,1,1,267,1,0,0,25,0,0,-1,-1,-1,0,0,0,0,0,-1,0,12,2,3,336,410,44,0,0,1,1,0,25,0,0,-1,-1,-1,-1,0,0,0,0,0,0,-1,0,0,0,0,44,167,211,44,0,44,4,0,1,0,0,-1,607271242,"6.18"
"C33600",1,2025-08-08,2025-06-29,5,,-1,0,0,0,2,3,1,0,0,25,0,2,-1,-1,-1,0,0,0,0,0,-1,0,12,2,1,335,420,44,0,0,0,2,0,25,0,0,-1,-1,-1,-1,0,0,0,0,0,0,-1,0,61,0,61,15,133,209,76,6,82,5,0,1,0,0,-1,607271242,"6.18"
"C33603",1,2025-11-13,2025-11-12,1,,-1,0,0,1,0,5,1,0,0,25,0,22,1,204,313,0,0,1,0,0,25,0,0,-1,-1,-1,-1,0,0,0,0,0,0,-1,0,0,-1,-1,-1,-1,0,0,0,0,0,0,-1,0,21,0,21,0,0,21,21,2,23,1,1,0,0,0,-1,607271242,"6.18"
"C33606",1,2025-07-01,2025-06-30,5,,-1,4,0,0,2,345,1,0,0,25,0,12,1,101,99,0,0,0,2,0,25,0,12,1,1,101,410,73,0,0,0,2,0,25,0,0,-1,-1,-1,-1,0,0,0,0,0,0,-1,0,103,0,103,1,86,190,104,1215,1319,5,1,1,0,0,-1,607271242,"6.18"
"C33609",1,2025-08-30,2025-08-29,5,"NXS10720245",-1,0,0,0,2,25,1,0,0,25,0,12,1,116,99,0,0,0,2,0,25,0,0,-1,-1,-1,-1,0,0,0,0,0,0,-1,0,0,-1,-1,-1,-1,0,0,0,0,0,0,-1,0,35,0,35,0,0,35,35,85,120,1,1,0,0,0,-1,607271242,"6.18"
"C33612",1,2026-04-14,2026-04-13,1,,-1,1,1,1,0,3,1,0,0,55,0,0,-1,-1,-1,0,0,0,0,0,-1,0,0,-1,-1,-1,-1,0,0,0,0,0,0,-1,0,21,0,1,116,-1,0,1,1,1,0,0,55,0,0,0,0,170,0,170,170,3509,3679,8,0,0,0,0,-1,607271242,"6.18"
"C33621",1,2026-05-16,2026-05-15,1,,-1,0,0,1,0,35,1,0,0,25,0,21,3,335,-1,0,0,1,0,0,25,0,0,-1,-1,-1,-1,0,0,0,0,0,0,-1,0,0,-1,-1,-1,-1,0,0,0,0,0,0,-1,0,136,0,136,0,0,136,136,2,138,1,1,0,0,21,0,607271242,"6.18"
"C33630",2,2025-09-08,2025-09-07,5,"NXS10220325",-1,1,0,1,1,3,1,2,0,25,1,0,-1,-1,-1,0,0,0,0,0,-1,0,12,2,1,101,410,3,1,0,1,1,0,25,1,0,-1,-1,-1,-1,0,0,0,0,0,0,-1,0,0,0,0,3,323,326,3,615,618,4,0,1,0,0,-1,607271242,"6.18"
"C33639",2,2025-07-26,2025-07-25,5,,-1,0,0,0,1,347,1,2,0,24,1,0,-1,-1,-1,0,0,0,0,0,-1,0,12,2,1,101,410,1,0,0,0,1,0,24,1,0,-1,-1,-1,-1,0,0,0,0,0,0,-1,0,0,0,0,1,336,337,1,39,40,4,0,1,0,0,-1,607271242,"6.18"
"C33642",1,2026-04-22,2026-04-21,1,,-1,0,0,1,0,5,1,0,0,25,0,22,1,116,99,0,0,1,0,0,25,0,0,-1,-1,-1,-1,0,0,0,0,0,0,-1,0,0,-1,-1,-1,-1,0,0,0,0,0,0,-1,0,23,0,23,0,0,23,23,6,29,1,1,0,0,0,-1,607271242,"6.18"
"C33654",1,2026-05-01,2026-04-30,1,,-1,1,0,1,1,5,1,0,0,25,0,0,-1,-1,-1,0,0,0,0,0,-1,0,0,-1,-1,-1,-1,0,0,0,0,0,0,-1,0,21,1,1,101,-1,153,1,0,1,1,0,25,0,0,0,0,0,0,0,0,8036,8036,8,0,0,1,0,-1,607271242,"6.18"
"C33663",1,2025-06-30,2025-06-29,5,,-1,1,0,1,0,5,1,0,0,55,0,11,3,98,-1,1,0,1,0,0,55,0,0,-1,-1,-1,-1,0,0,0,0,0,0,-1,0,0,-1,-1,-1,-1,0,0,0,0,0,0,-1,0,458,0,458,0,0,458,458,0,458,1,1,0,0,0,-1,607271242,"6.18"
"C33666",1,2026-04-05,2026-04-04,1,,-1,0,0,1,0,357,1,0,0,25,0,22,1,336,410,0,0,1,0,0,25,0,0,-1,-1,-1,-1,0,0,0,0,0,0,-1,0,0,-1,-1,-1,-1,0,0,0,0,0,0,-1,0,0,103,103,0,0,103,103,32,135,2,1,0,0,0,-1,607271242,"6.18"
"C33693",1,2025-07-06,2025-07-05,5,,-1,9,1,1,2,5,1,0,0,55,0,0,-1,-1,-1,0,0,0,0,0,-1,0,11,1,2,116,-1,139,0,1,1,2,0,55,0,0,-1,-1,-1,-1,0,0,0,0,0,0,-1,0,0,0,0,139,313,452,139,7,146,4,0,1,0,0,-1,607271242,"6.18"
"C33699",1,2025-08-14,2025-08-13,5,,-1,0,0,0,0,5,1,0,0,25,0,0,-1,-1,-1,0,0,0,0,0,-1,0,12,2,1,116,410,0,0,0,0,0,0,25,0,0,-1,-1,-1,-1,0,0,0,0,0,0,-1,0,0,0,0,0,310,310,0,79,79,4,0,1,0,0,-1,607271242,"6.18"
"C33702",1,2026-03-09,2026-03-08,2,"NXS11320367",181,1,0,1,2,5,1,0,0,25,0,22,1,116,99,1,0,1,2,0,25,0,0,-1,-1,-1,-1,0,0,0,0,0,0,-1,0,0,-1,-1,-1,-1,0,0,0,0,0,0,-1,0,57,0,57,0,0,57,57,380,437,1,1,0,0,0,-1,607271242,"6.18"
"C33705",1,2025-09-18,2025-09-17,5,"NXS11320390",-1,0,0,1,0,3,1,0,0,25,0,0,-1,-1,-1,0,0,0,0,0,-1,0,12,2,1,101,410,1,0,0,1,0,0,25,0,0,-1,-1,-1,-1,0,0,0,0,0,0,-1,0,0,0,0,1,317,318,1,66,67,4,0,1,0,0,-1,607271242,"6.18"
"C33708",1,2025-09-21,2025-09-20,5,"NXS11320361",-1,0,0,0,0,5,1,0,0,25,0,12,1,116,99,0,0,0,0,0,25,0,0,-1,-1,-1,-1,0,0,0,0,0,0,-1,0,0,-1,-1,-1,-1,0,0,0,0,0,0,-1,0,67,0,67,0,0,67,67,97,164,1,1,0,0,0,-1,607271242,"6.18"
"C33711",1,2025-10-24,2025-10-23,1,,-1,9,0,1,2,457,2,0,0,25,0,0,-1,-1,-1,0,0,0,0,0,-1,0,21,1,1,116,-1,79,0,0,1,2,0,25,0,0,-1,-1,-1,-1,0,0,0,0,0,0,-1,0,0,0,0,79,263,342,79,117,196,4,0,1,0,0,-1,607271242,"6.18"
"C33720",1,2025-08-03,2025-08-02,5,,-1,1,0,1,0,5,1,0,0,55,0,0,-1,-1,-1,0,0,0,0,0,-1,0,11,1,1,101,-1,218,1,0,1,0,0,55,0,0,-1,-1,-1,-1,0,0,0,0,0,0,-1,0,0,0,0,218,206,424,218,213,431,4,0,1,0,0,-1,607271242,"6.18"
"C33726",1,2025-10-26,2025-10-25,2,"NXS10620381",101,0,0,0,1,567,1,0,0,25,0,22,1,206,99,0,0,0,1,0,25,0,0,-1,-1,-1,-1,0,0,0,0,0,0,-1,0,0,-1,-1,-1,-1,0,0,0,0,0,0,-1,0,16,0,16,0,0,16,16,3,19,1,1,0,0,0,-1,607271242,"6.18"
"C33729",1,2025-06-27,2025-06-26,5,,-1,0,0,0,2,5,1,0,0,25,0,0,-1,-1,-1,0,0,0,0,0,-1,0,12,2,1,116,410,3,0,0,0,2,0,25,0,0,-1,-1,-1,-1,0,0,0,0,0,0,-1,0,0,0,0,3,257,260,3,204,207,4,0,1,0,0,-1,607271242,"6.18"
"C33750",1,2025-10-15,2025-10-14,4,"NXS11220213",89,4,0,0,0,5,1,0,0,25,0,22,3,116,99,0,0,0,0,0,25,0,0,-1,-1,-1,-1,0,0,0,0,0,0,-1,0,0,-1,-1,-1,-1,0,0,0,0,0,0,-1,0,55,0,55,0,0,55,55,849,904,1,1,0,0,0,-1,607271242,"6.18"
"C33753",2,2025-07-12,2025-07-11,1,,-1,9,0,1,2,56,1,1,0,18,1,0,-1,-1,-1,0,0,0,0,0,-1,0,0,-1,-1,-1,-1,0,0,0,0,0,0,-1,0,0,-1,-1,-1,-1,0,0,0,0,0,0,-1,0,0,0,0,0,0,0,0,0,0,12,0,0,0,12,0,607271242,"6.18"
"C33774",1,2025-07-07,2025-07-06,5,,-1,0,0,1,2,3,1,0,0,25,0,0,-1,-1,-1,0,0,0,0,0,-1,0,12,2,3,336,433,41,0,0,1,2,0,25,0,0,-1,-1,-1,-1,0,0,0,0,0,0,-1,0,0,0,0,41,175,216,41,0,41,4,0,1,0,0,-1,607271242,"6.18"
"C33801",2,2025-07-06,2025-07-05,5,,-1,9,1,1,1,5,1,2,0,25,1,0,-1,-1,-1,0,0,0,0,0,-1,0,12,2,1,118,410,11,0,1,1,1,0,25,1,0,-1,-1,-1,-1,0,0,0,0,0,0,-1,0,0,0,0,11,76,87,11,64,75,4,0,0,0,0,-1,607271242,"6.18"
"C33819",1,2025-12-21,2025-12-20,2,"NXS11320442",121,0,0,0,0,6,1,0,0,55,0,22,1,101,434,0,0,0,0,0,55,0,0,-1,-1,-1,-1,0,0,0,0,0,0,-1,0,0,-1,-1,-1,-1,0,0,0,0,0,0,-1,0,63,0,63,0,0,63,63,0,63,1,1,0,0,0,-1,607271242,"6.18"
"C33822",1,2025-09-18,2025-09-17,5,"NXS11320488",-1,6,0,1,1,3,1,0,0,25,0,12,1,116,101,0,0,1,1,0,25,0,0,-1,-1,-1,-1,0,0,0,0,0,0,-1,0,0,-1,-1,-1,-1,0,0,0,0,0,0,-1,0,47,0,47,0,0,47,47,287,334,1,1,0,0,0,-1,607271242,"6.18"
"C33825",1,2025-10-10,2025-10-09,3,"NXS11320489",71,0,0,1,0,3,1,0,0,25,0,22,1,335,314,0,0,1,0,0,25,0,0,-1,-1,-1,-1,0,0,0,0,0,0,-1,0,0,-1,-1,-1,-1,0,0,0,0,0,0,-1,0,18,0,18,0,0,18,18,0,18,1,1,0,0,0,-1,607271242,"6.18"
"C33834",1,2025-08-02,2025-08-01,5,,-1,4,0,0,0,3,1,0,0,55,0,0,-1,-1,-1,0,0,0,0,0,-1,0,11,2,1,116,-1,50,0,0,0,0,0,55,0,0,-1,-1,-1,-1,0,0,0,0,0,0,-1,0,0,0,0,50,375,425,50,567,617,4,0,1,0,0,-1,607271242,"6.18"
"C33837",1,2026-01-05,2026-01-04,4,"NXS10920466",165,4,0,0,0,7,1,0,0,25,0,0,-1,-1,-1,0,0,0,0,0,-1,0,0,-1,-1,-1,-1,0,0,0,0,0,0,-1,0,0,-1,-1,-1,-1,0,0,0,0,0,0,-1,0,0,0,0,0,0,0,0,183,183,12,0,0,0,22,1,607271242,"6.18"
"C33849",1,2026-03-29,2026-03-28,1,,-1,0,0,1,0,5,1,0,0,25,0,22,1,410,410,0,0,1,0,0,25,0,0,-1,-1,-1,-1,0,0,0,0,0,0,-1,0,0,-1,-1,-1,-1,0,0,0,0,0,0,-1,0,0,82,82,0,0,82,82,0,82,2,1,0,0,0,-1,607271242,"6.18"
"C33852",2,2025-07-25,2025-07-12,5,,-1,0,0,0,0,3,1,1,0,18,1,2,-1,-1,-1,0,0,0,0,0,-1,0,11,2,1,101,-1,55,0,0,0,0,0,18,1,0,-1,-1,-1,-1,0,0,0,0,0,0,-1,0,35,0,35,28,378,441,63,80,143,5,0,1,0,0,-1,607271242,"6.18"
"C33864",1,2025-07-11,2025-07-10,5,,-1,0,0,1,2,5,2,0,0,25,0,12,3,335,410,0,0,1,2,0,25,0,0,-1,-1,-1,-1,0,0,0,0,0,0,-1,0,0,-1,-1,-1,-1,0,0,0,0,0,0,-1,0,159,0,159,0,0,159,159,0,159,1,1,0,0,0,-1,607271242,"6.18"
"C33870",1,2025-06-15,2025-06-14,1,,-1,0,0,0,2,5,2,0,0,25,0,0,-1,-1,-1,0,0,0,0,0,-1,0,0,-1,-1,-1,-1,0,0,0,0,0,0,-1,0,0,-1,-1,-1,-1,0,0,0,0,0,0,-1,0,0,0,0,0,0,0,0,11,11,12,0,0,0,12,2,607271242,"6.18"
"C33879",2,2025-08-04,2025-08-03,5,,-1,0,0,1,0,14,2,2,0,25,1,12,1,101,422,0,0,1,0,0,25,1,0,-1,-1,-1,-1,0,0,0,0,0,0,-1,0,0,-1,-1,-1,-1,0,0,0,0,0,0,-1,0,73,0,73,0,0,73,73,6,79,1,1,0,0,0,-1,607271242,"6.18"
"C33885",1,2025-10-13,2025-10-12,1,,-1,6,0,1,2,5,2,0,0,25,0,22,1,116,423,0,0,1,2,0,25,0,0,-1,-1,-1,-1,0,0,0,0,0,0,-1,0,0,-1,-1,-1,-1,0,0,0,0,0,0,-1,0,24,0,24,0,0,24,24,312,336,1,1,0,0,0,-1,607271242,"6.18"
"C33921",1,2026-01-16,2026-01-15,4,"NXS11020563",164,0,0,1,2,5,1,0,0,25,0,22,1,206,422,0,0,1,2,0,25,0,0,-1,-1,-1,-1,0,0,0,0,0,0,-1,0,0,-1,-1,-1,-1,0,0,0,0,0,0,-1,0,15,0,15,0,0,15,15,0,15,1,1,0,0,0,-1,607271242,"6.18"
"C33936",1,2025-11-03,2025-11-02,1,,-1,6,0,1,0,3,1,0,0,25,0,22,1,99,431,0,0,1,0,0,25,0,0,-1,-1,-1,-1,0,0,0,0,0,0,-1,0,0,-1,-1,-1,-1,0,0,0,0,0,0,-1,0,40,0,40,0,0,40,40,263,303,1,1,0,0,0,-1,607271242,"6.18"
"C33951",1,2025-09-21,2025-09-20,5,,-1,0,0,1,0,3,1,0,0,25,0,12,1,116,410,0,0,1,0,0,25,0,0,-1,-1,-1,-1,0,0,0,0,0,0,-1,0,0,-1,-1,-1,-1,0,0,0,0,0,0,-1,0,90,0,90,0,0,90,90,96,186,1,1,0,0,0,-1,607271242,"6.18"
"C33984",2,2025-09-04,2025-09-03,5,,-1,0,0,1,2,5,1,2,0,25,1,0,-1,-1,-1,0,0,0,0,0,-1,0,12,2,1,101,410,1,0,0,1,2,0,25,1,0,-1,-1,-1,-1,0,0,0,0,0,0,-1,0,0,0,0,1,281,282,1,49,50,4,0,1,0,0,-1,607271242,"6.18"
"C33996",1,2025-07-12,2025-07-11,5,,-1,0,0,1,0,5,1,0,0,25,0,12,1,335,422,0,0,1,0,0,25,0,0,-1,-1,-1,-1,0,0,0,0,0,0,-1,0,0,-1,-1,-1,-1,0,0,0,0,0,0,-1,0,0,118,118,0,0,118,118,0,118,2,1,0,0,0,-1,607271242,"6.18"
"C33999",1,2025-08-23,2025-08-22,5,,-1,0,0,0,0,56,1,0,0,18,0,0,-1,-1,-1,0,0,0,0,0,-1,0,12,0,1,116,422,92,0,0,0,0,0,18,0,0,-1,-1,-1,-1,0,0,0,0,0,0,-1,0,0,0,0,91,0,91,91,173,264,4,0,0,0,0,-1,607271242,"6.18"
"C34002",1,2025-08-03,2025-07-19,5,"RRH12320657",-1,6,1,1,1,5,1,0,0,55,0,0,-1,-1,-1,0,0,0,0,0,-1,0,11,2,3,116,-1,108,0,1,1,1,0,55,0,0,-1,-1,-1,-1,0,0,0,0,0,0,-1,0,0,0,0,121,90,211,121,189,310,4,0,1,0,0,-1,607271242,"6.18"
"C34014",2,2025-07-24,2025-07-23,5,,-1,0,0,0,1,34,1,1,0,25,1,0,-1,-1,-1,0,0,0,0,0,-1,0,12,2,1,116,99,52,0,0,0,1,0,25,1,0,-1,-1,-1,-1,0,0,0,0,0,0,-1,0,0,0,0,52,275,327,52,143,195,4,0,1,0,0,-1,607271242,"6.18"
"C34026",1,2025-07-20,2025-07-19,5,,-1,0,0,1,2,5,1,0,0,55,0,0,-1,-1,-1,0,0,0,0,0,-1,0,12,1,3,410,410,91,0,0,1,2,0,55,0,0,-1,-1,-1,-1,0,0,0,0,0,0,-1,0,0,0,0,91,12,103,91,0,91,4,0,1,0,0,-1,607271242,"6.18"
"C34032",1,2025-07-26,2025-07-25,5,,-1,1,0,1,1,35,1,0,0,55,0,0,-1,-1,-1,0,0,0,0,0,-1,0,12,1,3,116,312,85,1,0,1,1,0,55,0,0,-1,-1,-1,-1,0,0,0,0,0,0,-1,0,0,0,0,85,40,125,85,1621,1706,4,0,1,0,0,-1,607271242,"6.18"
"C34047",1,2025-08-25,2025-08-24,5,,-1,1,0,1,2,5,1,0,0,25,0,0,-1,-1,-1,0,0,0,0,0,-1,0,12,1,3,314,410,46,1,0,1,2,0,25,0,0,-1,-1,-1,-1,0,0,0,0,0,0,-1,0,0,0,0,46,142,188,46,43,89,4,0,1,0,0,-1,607271242,"6.18"
"C34053",1,2025-08-24,2025-08-23,5,,-1,0,0,0,0,3,1,0,0,55,0,0,-1,-1,-1,0,0,0,0,0,-1,0,12,2,1,116,410,1,0,0,0,0,0,55,0,0,-1,-1,-1,-1,0,0,0,0,0,0,-1,0,0,0,0,1,208,209,1,36,37,4,0,1,0,0,-1,607271242,"6.18"
"C34059",1,2026-01-26,2026-01-25,2,"NXS11120629",157,4,0,0,0,5,1,0,0,25,0,22,1,335,410,0,0,0,0,0,25,0,0,-1,-1,-1,-1,0,0,0,0,0,0,-1,0,0,-1,-1,-1,-1,0,0,0,0,0,0,-1,0,187,0,187,0,0,187,187,3,190,1,1,0,0,0,-1,607271242,"6.18"
"C34065",1,2026-02-16,2026-02-15,3,"NXS11019636",139,6,0,1,0,37,1,0,0,55,0,21,1,206,-1,0,0,1,0,0,55,0,0,-1,-1,-1,-1,0,0,0,0,0,0,-1,0,0,-1,-1,-1,-1,0,0,0,0,0,0,-1,0,227,0,227,0,0,227,227,0,227,1,1,0,0,0,-1,607271242,"6.18"
"C34068",1,2025-07-26,2025-07-25,5,,-1,0,0,0,0,56,1,0,0,24,0,0,-1,-1,-1,0,0,0,0,0,-1,0,12,2,3,116,420,9,0,0,0,0,0,24,0,0,-1,-1,-1,-1,0,0,0,0,0,0,-1,0,0,0,0,9,286,295,9,43,52,4,0,1,0,0,-1,607271242,"6.18"
"C34071",1,2026-02-14,2026-02-13,4,"NXS10620663",182,0,0,1,0,5,1,0,0,25,0,22,1,99,99,0,0,1,0,0,25,0,0,-1,-1,-1,-1,0,0,0,0,0,0,-1,0,0,-1,-1,-1,-1,0,0,0,0,0,0,-1,0,5,0,5,0,0,5,5,22,27,1,1,0,0,0,-1,607271242,"6.18"
"C34074",1,2025-10-03,2025-10-02,1,,-1,0,0,1,0,5,1,0,0,25,0,0,-1,-1,-1,0,0,0,0,0,-1,0,22,1,3,116,431,10,0,0,1,0,0,25,0,0,-1,-1,-1,-1,0,0,0,0,0,0,-1,0,0,0,0,10,12,22,10,80,90,4,0,1,0,0,-1,607271242,"6.18"
"C34077",1,2025-09-08,2025-09-07,1,,-1,0,0,1,0,56,1,0,0,18,0,0,-1,-1,-1,0,0,0,0,0,-1,0,0,-1,-1,-1,-1,0,0,0,0,0,0,-1,0,0,-1,-1,-1,-1,0,0,0,0,0,0,-1,0,0,0,0,0,0,0,0,48,48,12,0,0,0,12,2,607271242,"6.18"
"C34083",1,2025-10-05,2025-10-04,1,,-1,0,0,1,0,45,1,0,0,25,0,22,1,207,410,0,0,1,0,0,25,0,0,-1,-1,-1,-1,0,0,0,0,0,0,-1,0,0,-1,-1,-1,-1,0,0,0,0,0,0,-1,0,68,0,68,0,0,68,68,0,68,1,1,0,0,0,-1,607271242,"6.18"
"C34086",1,2025-07-21,2025-07-20,5,,-1,9,0,1,0,5,1,0,0,55,0,12,3,116,99,0,0,1,0,0,55,0,0,-1,-1,-1,-1,0,0,0,0,0,0,-1,0,0,-1,-1,-1,-1,0,0,0,0,0,0,-1,0,87,0,87,0,0,87,87,140,227,1,1,0,0,0,-1,607271242,"6.18"
"C34107",1,2025-09-07,2025-09-06,5,"NXS11120591",-1,0,0,0,1,5,2,0,0,25,0,12,1,335,116,0,0,0,1,0,25,0,0,-1,-1,-1,-1,0,0,0,0,0,0,-1,0,0,-1,-1,-1,-1,0,0,0,0,0,0,-1,0,84,0,84,0,0,84,84,105,189,1,1,0,0,0,-1,607271242,"6.18"
"C34122",1,2025-08-04,2025-07-24,5,,-1,0,1,1,1,5,1,0,0,55,0,2,-1,-1,-1,0,0,0,0,0,-1,0,12,0,2,101,433,103,0,1,1,1,0,55,0,0,-1,-1,-1,-1,0,0,0,0,0,0,-1,0,0,32,32,80,0,112,112,27,139,6,0,0,0,0,-1,607271242,"6.18"
"C34134",1,2026-05-01,2026-04-30,2,"NXS11320748",260,0,0,0,2,3,1,0,0,25,0,22,1,336,410,0,0,0,2,0,25,0,0,-1,-1,-1,-1,0,0,0,0,0,0,-1,0,0,-1,-1,-1,-1,0,0,0,0,0,0,-1,0,14,0,14,0,0,14,14,288,302,1,1,0,0,0,-1,607271242,"6.18"
"C34140",1,2025-09-15,2025-09-14,5,,-1,0,0,1,2,3,2,0,0,25,0,0,-1,-1,-1,0,0,0,0,0,-1,0,11,2,1,101,-1,1,0,0,1,2,0,25,0,0,-1,-1,-1,-1,0,0,0,0,0,0,-1,0,0,0,0,1,380,381,1,54,55,4,0,1,0,0,-1,607271242,"6.18"
"C34143",1,2025-08-17,2025-08-01,5,,-1,0,0,0,0,5,1,0,0,18,0,12,3,204,423,0,0,0,0,0,18,0,12,0,1,101,423,144,0,0,0,0,0,18,0,0,-1,-1,-1,-1,0,0,0,0,0,0,-1,0,62,0,62,112,0,174,174,61,235,5,1,0,0,0,-1,607271242,"6.18"
"C34155",1,2025-07-14,2025-07-13,5,,-1,9,0,0,0,5,1,0,0,25,0,0,-1,-1,-1,0,0,0,0,0,-1,0,12,1,3,99,431,98,0,0,0,0,0,25,0,0,-1,-1,-1,-1,0,0,0,0,0,0,-1,0,0,0,0,98,12,110,98,0,98,4,0,1,0,0,-1,607271242,"6.18"
"C34164",1,2025-10-22,2025-10-21,1,,-1,6,0,1,2,5,1,0,0,25,0,22,3,116,98,0,0,1,2,0,25,0,0,-1,-1,-1,-1,0,0,0,0,0,0,-1,0,0,-1,-1,-1,-1,0,0,0,0,0,0,-1,0,47,0,47,0,0,47,47,170,217,1,1,0,0,22,0,607271242,"6.18"
"C34170",1,2025-07-27,2025-07-26,5,,-1,0,0,1,1,5,1,0,0,25,0,0,-1,-1,-1,0,0,0,0,0,-1,0,12,1,3,101,433,102,0,0,1,1,0,25,0,0,-1,-1,-1,-1,0,0,0,0,0,0,-1,0,0,0,0,102,22,124,102,32,134,4,0,1,0,0,-1,607271242,"6.18"
"C34176",1,2026-06-12,2026-06-11,1,,-1,0,0,1,0,5,1,0,0,25,0,22,1,204,207,0,0,1,0,0,25,0,0,-1,-1,-1,-1,0,0,0,0,0,0,-1,0,0,-1,-1,-1,-1,0,0,0,0,0,0,-1,0,14,0,14,0,0,14,14,7,21,1,1,0,0,0,-1,607271242,"6.18"
"C34191",1,2025-09-03,2025-09-02,5,,-1,9,0,1,0,56,1,0,0,25,0,0,-1,-1,-1,0,0,0,0,0,-1,0,12,0,1,101,423,72,0,0,1,0,0,25,0,0,-1,-1,-1,-1,0,0,0,0,0,0,-1,0,0,0,0,71,0,71,71,70,141,4,0,0,0,0,-1,607271242,"6.18"
"C34197",1,2026-06-06,2026-06-05,4,"NBN10520790",305,0,0,0,0,5,1,0,0,25,0,22,1,99,99,0,0,0,0,0,25,0,0,-1,-1,-1,-1,0,0,0,0,0,0,-1,0,0,-1,-1,-1,-1,0,0,0,0,0,0,-1,0,3,0,3,0,0,3,3,27,30,1,1,0,0,0,-1,607271242,"6.18"
"C34203",1,2025-09-13,2025-09-06,5,"NXS11021656",-1,1,0,1,0,3,1,0,0,25,0,12,1,335,99,1,0,1,0,0,25,0,0,-1,-1,-1,-1,0,0,0,0,0,0,-1,0,0,-1,-1,-1,-1,0,0,0,0,0,0,-1,0,75,0,75,0,0,75,75,168,243,1,1,0,0,0,-1,607271242,"6.18"
"C34206",2,2026-02-24,2026-02-23,1,,-1,0,0,0,0,3,1,2,0,18,1,22,1,335,99,0,0,0,0,0,18,1,0,-1,-1,-1,-1,0,0,0,0,0,0,-1,0,0,-1,-1,-1,-1,0,0,0,0,0,0,-1,0,61,0,61,0,0,61,61,23,84,1,1,0,0,0,-1,607271242,"6.18"
"C34209",1,2025-09-13,2025-09-01,5,"NBN10521216",-1,0,0,1,1,5,1,0,0,25,0,12,1,204,99,0,0,1,1,0,25,0,12,0,1,101,98,61,0,0,1,1,0,25,0,0,-1,-1,-1,-1,0,0,0,0,0,0,-1,0,19,0,19,47,0,66,66,35,101,5,1,0,0,0,-1,607271242,"6.18"
"C34221",1,2025-09-07,2025-09-06,5,,-1,1,0,1,0,3,2,0,0,25,1,0,-1,-1,-1,0,0,0,0,0,-1,0,12,2,1,116,410,4,1,0,1,0,0,25,1,0,-1,-1,-1,-1,0,0,0,0,0,0,-1,0,0,0,0,4,267,271,4,368,372,4,0,1,0,0,-1,607271242,"6.18"
"C34239",1,2026-01-12,2026-01-11,4,"NXS10920799",121,0,0,0,0,5,1,0,0,18,0,22,1,336,423,0,0,0,0,0,18,0,0,-1,-1,-1,-1,0,0,0,0,0,0,-1,0,0,-1,-1,-1,-1,0,0,0,0,0,0,-1,0,14,0,14,0,0,14,14,0,14,1,1,0,0,0,-1,607271242,"6.18"
"C34242",2,2025-07-31,2025-07-30,5,,-1,0,0,1,2,5,1,2,0,24,1,12,1,118,314,0,0,1,2,0,24,1,0,-1,-1,-1,-1,0,0,0,0,0,0,-1,0,0,-1,-1,-1,-1,0,0,0,0,0,0,-1,0,97,0,97,0,0,97,97,0,97,1,1,0,0,0,-1,607271242,"6.18"
"C34251",1,2025-07-19,2025-07-18,5,,-1,0,0,1,2,5,1,0,0,25,0,12,1,336,410,0,0,1,2,0,25,0,0,-1,-1,-1,-1,0,0,0,0,0,0,-1,0,0,-1,-1,-1,-1,0,0,0,0,0,0,-1,0,0,82,82,0,0,82,82,0,82,2,1,0,0,0,-1,607271242,"6.18"
"C34257",1,2026-03-27,2026-03-26,4,"NXS11221190",199,0,0,1,1,5,1,0,0,25,0,22,1,116,101,0,0,1,1,0,25,0,0,-1,-1,-1,-1,0,0,0,0,0,0,-1,0,0,-1,-1,-1,-1,0,0,0,0,0,0,-1,0,17,0,17,0,0,17,17,31,48,1,1,0,0,0,-1,607271242,"6.18"
"C34260",1,2025-10-05,2025-10-04,3,"NXS11320831",47,0,0,1,0,3,1,0,0,25,0,22,1,206,422,0,0,1,0,0,25,0,0,-1,-1,-1,-1,0,0,0,0,0,0,-1,0,0,-1,-1,-1,-1,0,0,0,0,0,0,-1,0,146,0,146,0,0,146,146,0,146,1,1,0,0,0,-1,607271242,"6.18"
"C34269",1,2025-08-21,2025-07-22,5,"NXS11220694",-1,1,0,1,2,5,1,0,0,25,0,11,1,314,-1,1,0,1,2,0,25,0,21,0,1,101,-1,220,1,0,1,2,0,25,0,0,-1,-1,-1,-1,0,0,0,0,0,0,-1,0,188,0,188,191,0,379,379,59,438,5,1,0,0,0,-1,607271242,"6.18"
"C34272",1,2025-08-03,2025-08-02,5,,-1,4,0,0,0,3,1,0,0,25,0,12,1,116,314,0,0,0,0,0,25,0,0,-1,-1,-1,-1,0,0,0,0,0,0,-1,0,0,-1,-1,-1,-1,0,0,0,0,0,0,-1,0,90,0,90,0,0,90,90,366,456,1,1,0,0,0,-1,607271242,"6.18"
"C34317",1,2025-08-03,2025-08-02,5,,-1,0,0,0,2,5,1,0,0,55,0,12,1,116,99,0,0,0,2,0,55,0,12,1,1,116,410,50,0,0,0,2,0,55,0,0,-1,-1,-1,-1,0,0,0,0,0,0,-1,0,55,0,55,14,226,295,69,68,137,5,1,1,0,0,-1,607271242,"6.18"
"C34326",1,2025-08-04,2025-08-03,1,,-1,0,0,1,0,5,2,0,0,25,0,0,-1,-1,-1,0,0,0,0,0,-1,0,0,-1,-1,-1,-1,0,0,0,0,0,0,-1,0,0,-1,-1,-1,-1,0,0,0,0,0,0,-1,0,0,0,0,0,0,0,0,12,12,12,0,0,0,12,1,607271242,"6.18"
"C34332",1,2025-08-04,2025-08-03,5,,-1,1,0,1,0,145,1,0,0,55,0,0,-1,-1,-1,0,0,0,0,0,-1,0,12,2,1,101,410,1,1,0,1,0,0,55,0,0,-1,-1,-1,-1,0,0,0,0,0,0,-1,0,0,0,0,1,77,78,1,1096,1097,4,0,1,0,0,-1,607271242,"6.18"
"C34338",1,2025-11-14,2025-11-13,1,,-1,0,0,1,0,5,1,0,0,55,0,22,3,411,410,0,0,1,0,0,55,0,0,-1,-1,-1,-1,0,0,0,0,0,0,-1,0,0,-1,-1,-1,-1,0,0,0,0,0,0,-1,0,26,0,26,0,0,26,26,57,83,1,1,0,0,0,-1,607271242,"6.18"
"C34341",1,2026-04-11,2026-04-10,2,"NXS11320997",221,1,0,1,0,56,1,0,0,25,0,22,1,116,99,1,0,1,0,0,25,0,0,-1,-1,-1,-1,0,0,0,0,0,0,-1,0,0,-1,-1,-1,-1,0,0,0,0,0,0,-1,0,72,0,72,0,0,72,72,60,132,1,1,0,0,0,-1,607271242,"6.18"
"C34344",2,2025-08-31,2025-08-30,5,,-1,0,0,0,0,3,1,1,0,25,1,0,-1,-1,-1,0,0,0,0,0,-1,0,12,2,1,101,410,1,0,0,0,0,0,25,1,0,-1,-1,-1,-1,0,0,0,0,0,0,-1,0,0,0,0,1,191,192,1,150,151,4,0,1,0,0,-1,607271242,"6.18"
"C34347",1,2025-10-14,2025-10-13,2,"RRH16021276",21,1,0,1,0,5,1,0,0,25,0,22,3,101,410,1,0,1,0,0,25,0,0,-1,-1,-1,-1,0,0,0,0,0,0,-1,0,0,-1,-1,-1,-1,0,0,0,0,0,0,-1,0,31,0,31,0,0,31,31,254,285,1,1,0,0,22,0,607271242,"6.18"
"C34356",1,2025-08-02,2025-08-01,5,,-1,0,1,0,0,3,1,0,0,18,0,12,1,335,410,0,1,0,0,0,18,0,0,-1,-1,-1,-1,0,0,0,0,0,0,-1,0,0,-1,-1,-1,-1,0,0,0,0,0,0,-1,0,70,0,70,0,0,70,70,33,103,1,1,0,0,0,-1,607271242,"6.18"
"C34362",2,2025-08-04,2025-08-03,5,,-1,0,0,1,2,147,1,3,0,25,1,12,3,335,431,0,0,1,2,1,25,1,0,-1,-1,-1,-1,0,0,0,0,0,0,-1,0,0,-1,-1,-1,-1,0,0,0,0,0,0,-1,0,117,0,117,0,0,117,117,0,117,1,1,0,0,22,1,607271242,"6.18"
"C34377",2,2025-08-07,2025-08-06,1,,-1,0,0,0,0,5,2,2,0,25,1,0,-1,-1,-1,0,0,0,0,0,-1,0,0,-1,-1,-1,-1,0,0,0,0,0,0,-1,0,0,-1,-1,-1,-1,0,0,0,0,0,0,-1,0,0,0,0,0,0,0,0,50,50,12,0,0,0,12,1,607271242,"6.18"
"C34389",1,2025-08-10,2025-08-09,5,,-1,4,0,0,0,5,1,0,0,25,0,0,-1,-1,-1,0,0,0,0,0,-1,0,11,0,3,116,-1,417,0,0,0,0,0,25,0,0,-1,-1,-1,-1,0,0,0,0,0,0,-1,0,0,0,0,417,0,417,417,37,454,4,0,0,0,0,-1,607271242,"6.18"
"C34392",1,2025-08-07,2025-08-06,5,,-1,0,0,0,0,5,1,0,0,24,0,12,3,116,99,0,0,0,0,0,24,0,0,-1,-1,-1,-1,0,0,0,0,0,0,-1,0,0,-1,-1,-1,-1,0,0,0,0,0,0,-1,0,75,0,75,0,0,75,75,20,95,1,1,0,0,0,-1,607271242,"6.18"
"C34398",1,2026-07-04,2026-07-03,1,,-1,0,0,1,0,56,1,0,0,25,0,21,1,336,-1,0,0,1,0,0,25,0,0,-1,-1,-1,-1,0,0,0,0,0,0,-1,0,0,-1,-1,-1,-1,0,0,0,0,0,0,-1,0,89,0,89,0,0,89,89,5,94,1,1,0,0,0,-1,607271242,"6.18"
"C34398",2,2025-08-08,2025-08-07,5,,-1,0,0,1,0,56,2,1,0,25,1,12,1,314,312,0,0,1,0,0,25,1,0,-1,-1,-1,-1,0,0,0,0,0,0,-1,0,0,-1,-1,-1,-1,0,0,0,0,0,0,-1,0,69,0,69,0,0,69,69,30,99,1,1,0,0,0,-1,607271242,"6.18"
"C34422",2,2025-08-04,2025-08-03,5,,-1,0,0,0,0,3,2,3,0,25,1,12,1,410,99,0,0,0,0,1,25,1,0,-1,-1,-1,-1,0,0,0,0,0,0,-1,0,0,-1,-1,-1,-1,0,0,0,0,0,0,-1,0,73,0,73,0,0,73,73,0,73,1,1,0,0,0,-1,607271242,"6.18"
"C34437",1,2025-08-08,2025-08-07,5,,-1,1,0,1,0,5,1,0,0,55,0,12,1,118,24,1,0,1,0,0,55,0,0,-1,-1,-1,-1,0,0,0,0,0,0,-1,0,0,-1,-1,-1,-1,0,0,0,0,0,0,-1,0,83,0,83,0,0,83,83,2,85,1,1,0,0,0,-1,607271242,"6.18"
"C34449",2,2025-08-14,2025-08-13,5,,-1,1,1,1,0,5,2,2,0,25,1,0,-1,-1,-1,0,0,0,0,0,-1,0,12,2,1,116,411,17,1,1,1,0,0,25,1,0,-1,-1,-1,-1,0,0,0,0,0,0,-1,0,0,0,0,17,235,252,17,436,453,4,0,1,0,0,-1,607271242,"6.18"
"C34464",99,2026-01-27,2026-01-26,1,,-1,9,0,1,2,5,1,0,1,-1,1,21,3,336,-1,0,0,1,2,0,-1,1,0,-1,-1,-1,-1,0,0,0,0,0,0,-1,0,0,-1,-1,-1,-1,0,0,0,0,0,0,-1,0,247,0,247,0,0,247,247,0,247,1,1,0,0,0,-1,607271242,"6.18"
"C34470",1,2025-09-26,2025-09-25,5,,-1,0,0,0,0,3,1,0,0,18,0,0,-1,-1,-1,0,0,0,0,0,-1,0,12,0,1,116,422,54,0,0,0,0,0,18,0,0,-1,-1,-1,-1,0,0,0,0,0,0,-1,0,0,0,0,53,0,53,53,236,289,4,0,0,0,0,-1,607271242,"6.18"
"C34473",3,2025-08-30,2025-08-29,5,,-1,0,0,0,0,3,0,1,0,-1,0,0,-1,-1,-1,0,0,0,0,0,-1,0,12,0,1,116,423,96,0,0,0,0,0,-1,0,0,-1,-1,-1,-1,0,0,0,0,0,0,-1,0,0,0,0,95,0,95,95,180,275,4,0,0,0,0,-1,607271242,"6.18"
"C34476",1,2025-09-07,2025-09-06,5,"NXS11320995",-1,1,0,1,0,5,1,0,0,25,0,11,1,116,-1,1,0,1,0,0,25,0,0,-1,-1,-1,-1,0,0,0,0,0,0,-1,0,0,-1,-1,-1,-1,0,0,0,0,0,0,-1,0,268,0,268,0,0,268,268,153,421,1,1,0,0,0,-1,607271242,"6.18"
"C34479",1,2025-12-31,2025-12-30,3,"NXS11620960",119,0,0,0,2,245,1,0,0,25,0,22,1,206,98,0,0,0,2,0,25,0,0,-1,-1,-1,-1,0,0,0,0,0,0,-1,0,0,-1,-1,-1,-1,0,0,0,0,0,0,-1,0,29,0,29,0,0,29,29,2,31,1,1,0,0,0,-1,607271242,"6.18"
"C34491",1,2025-08-07,2025-08-06,5,,-1,0,1,1,0,5,1,0,0,55,0,0,-1,-1,-1,0,0,0,0,0,-1,0,11,2,1,116,-1,46,0,1,1,0,0,55,0,0,-1,-1,-1,-1,0,0,0,0,0,0,-1,0,0,0,0,46,374,420,46,76,122,4,0,1,0,0,-1,607271242,"6.18"
"C34497",1,2025-11-03,2025-11-02,1,,-1,4,0,0,0,56,1,0,0,25,0,22,1,116,116,0,0,0,0,0,25,0,0,-1,-1,-1,-1,0,0,0,0,0,0,-1,0,0,-1,-1,-1,-1,0,0,0,0,0,0,-1,0,74,0,74,0,0,74,74,282,356,1,1,0,0,0,-1,607271242,"6.18"
"C34503",2,2026-03-06,2026-03-05,1,,-1,0,0,0,0,5,1,1,0,24,1,0,-1,-1,-1,0,0,0,0,0,-1,0,21,1,3,335,-1,60,0,0,0,0,0,24,1,0,-1,-1,-1,-1,0,0,0,0,0,0,-1,0,0,0,0,60,149,209,60,0,60,4,0,1,0,0,-1,607271242,"6.18"
"C34512",2,2025-10-03,2025-10-02,1,,-1,0,0,0,0,247,1,3,0,25,1,22,1,116,433,0,0,0,0,1,25,1,0,-1,-1,-1,-1,0,0,0,0,0,0,-1,0,0,-1,-1,-1,-1,0,0,0,0,0,0,-1,0,88,0,88,0,0,88,88,67,155,1,1,0,0,0,-1,607271242,"6.18"
"C34533",2,2025-07-25,2025-07-24,5,,-1,0,0,0,1,98,1,3,0,25,1,12,1,116,118,0,0,0,1,1,25,1,0,-1,-1,-1,-1,0,0,0,0,0,0,-1,0,0,-1,-1,-1,-1,0,0,0,0,0,0,-1,0,102,0,102,0,0,102,102,3,105,1,1,0,0,0,-1,607271242,"6.18"
"C34545",1,2025-08-20,2025-08-19,1,,-1,0,0,1,0,5,1,0,0,55,0,0,-1,-1,-1,0,0,0,0,0,-1,0,0,-1,-1,-1,-1,0,0,0,0,0,0,-1,0,0,-1,-1,-1,-1,0,0,0,0,0,0,-1,0,0,0,0,0,0,0,0,0,0,12,0,0,0,12,1,607271242,"6.18"
"C34551",1,2025-08-09,2025-08-08,5,,-1,0,0,0,0,5,2,0,0,25,0,12,1,116,99,0,0,0,0,0,25,0,0,-1,-1,-1,-1,0,0,0,0,0,0,-1,0,0,-1,-1,-1,-1,0,0,0,0,0,0,-1,0,81,0,81,0,0,81,81,14,95,1,1,0,0,0,-1,607271242,"6.18"
"C34557",1,2025-08-08,2025-08-07,5,,-1,0,0,0,0,3,1,0,0,25,0,12,1,116,116,0,0,0,0,0,25,0,0,-1,-1,-1,-1,0,0,0,0,0,0,-1,0,0,-1,-1,-1,-1,0,0,0,0,0,0,-1,0,103,0,103,0,0,103,103,94,197,1,1,0,0,0,-1,607271242,"6.18"
"C34563",1,2026-03-22,2026-03-21,3,"NXS11321034",190,4,0,0,2,5,1,0,0,25,0,22,3,116,99,0,0,0,2,0,25,0,0,-1,-1,-1,-1,0,0,0,0,0,0,-1,0,0,-1,-1,-1,-1,0,0,0,0,0,0,-1,0,35,0,35,0,0,35,35,854,889,1,1,0,0,0,-1,607271242,"6.18"
"C34566",1,2025-11-09,2025-11-08,1,,-1,0,0,0,0,267,1,0,0,25,0,22,1,116,423,0,0,0,0,0,25,0,0,-1,-1,-1,-1,0,0,0,0,0,0,-1,0,0,-1,-1,-1,-1,0,0,0,0,0,0,-1,0,87,0,87,0,0,87,87,206,293,1,1,0,0,0,-1,607271242,"6.18"
"C34572",1,2025-08-10,2025-08-09,5,,-1,0,0,0,0,3,1,0,0,25,0,12,3,329,99,0,0,0,0,0,25,0,0,-1,-1,-1,-1,0,0,0,0,0,0,-1,0,0,-1,-1,-1,-1,0,0,0,0,0,0,-1,0,114,0,114,0,0,114,114,0,114,1,1,0,0,0,-1,607271242,"6.18"
"C34575",1,2025-10-10,2025-10-09,1,,-1,0,0,0,0,3,1,0,0,18,0,0,-1,-1,-1,0,0,0,0,0,-1,0,22,1,1,116,420,3,0,0,0,0,0,18,0,0,-1,-1,-1,-1,0,0,0,0,0,0,-1,0,0,0,0,3,104,107,3,236,239,4,0,1,0,0,-1,607271242,"6.18"
"C34578",1,2026-06-15,2026-06-14,1,,-1,1,0,1,0,5,1,0,0,55,0,0,-1,-1,-1,0,0,0,0,0,-1,0,21,0,1,336,-1,108,1,0,1,0,0,55,0,0,-1,-1,-1,-1,0,0,0,0,0,0,-1,0,0,0,0,108,0,108,108,0,108,4,0,0,0,0,-1,607271242,"6.18"
"C34581",1,2025-12-02,2025-12-01,1,,-1,0,0,0,0,345,1,0,0,25,0,22,1,99,99,0,0,0,0,0,25,0,0,-1,-1,-1,-1,0,0,0,0,0,0,-1,0,0,-1,-1,-1,-1,0,0,0,0,0,0,-1,0,56,0,56,0,0,56,56,126,182,1,1,0,0,0,-1,607271242,"6.18"
"C34590",1,2025-09-11,2025-08-11,5,"NXS12921103",-1,0,1,0,0,5,1,0,0,25,0,12,3,336,99,0,1,0,0,0,25,0,0,-1,-1,-1,-1,0,0,0,0,0,0,-1,0,0,-1,-1,-1,-1,0,0,0,0,0,0,-1,0,193,0,193,0,0,193,193,57,250,1,1,0,0,0,-1,607271242,"6.18"
"C34602",2,2026-03-16,2026-03-15,1,,-1,0,0,0,0,5,1,1,0,25,1,22,1,116,98,0,0,0,0,0,25,1,0,-1,-1,-1,-1,0,0,0,0,0,0,-1,0,0,-1,-1,-1,-1,0,0,0,0,0,0,-1,0,47,0,47,0,0,47,47,18,65,1,1,0,0,0,-1,607271242,"6.18"
"C34608",2,2025-08-12,2025-08-11,5,,-1,9,0,0,2,5,2,1,0,25,1,12,3,116,312,0,0,0,2,0,25,1,0,-1,-1,-1,-1,0,0,0,0,0,0,-1,0,0,-1,-1,-1,-1,0,0,0,0,0,0,-1,0,103,0,103,0,0,103,103,0,103,1,1,0,0,0,-1,607271242,"6.18"
"C34626",3,2025-08-22,2025-08-21,5,,-1,0,0,0,1,5,0,1,0,-1,0,12,1,116,204,0,0,0,1,0,-1,0,0,-1,-1,-1,-1,0,0,0,0,0,0,-1,0,0,-1,-1,-1,-1,0,0,0,0,0,0,-1,0,47,0,47,0,0,47,47,141,188,1,1,0,0,0,-1,607271242,"6.18"
"C34629",1,2025-11-07,2025-11-06,1,,-1,0,0,1,0,5,1,0,0,25,0,22,1,116,313,0,0,1,0,0,25,0,0,-1,-1,-1,-1,0,0,0,0,0,0,-1,0,0,-1,-1,-1,-1,0,0,0,0,0,0,-1,0,58,0,58,0,0,58,58,95,153,1,1,0,0,0,-1,607271242,"6.18"
"C34632",1,2025-10-12,2025-10-11,1,,-1,9,0,1,2,356,3,0,0,25,1,0,-1,-1,-1,0,0,0,0,0,-1,0,22,1,3,335,431,29,0,0,1,2,0,25,1,0,-1,-1,-1,-1,0,0,0,0,0,0,-1,0,0,0,0,29,29,58,29,0,29,4,0,1,0,0,-1,607271242,"6.18"
"C34641",1,2025-08-15,2025-08-14,5,,-1,0,0,1,1,5,1,0,0,55,0,12,3,116,434,0,0,1,1,0,55,0,0,-1,-1,-1,-1,0,0,0,0,0,0,-1,0,0,-1,-1,-1,-1,0,0,0,0,0,0,-1,0,206,0,206,0,0,206,206,12,218,1,1,0,0,22,1,607271242,"6.18"
"C34644",1,2025-12-25,2025-12-24,1,,-1,0,0,1,0,5,1,0,0,25,0,22,1,101,99,0,0,1,0,0,25,0,0,-1,-1,-1,-1,0,0,0,0,0,0,-1,0,0,-1,-1,-1,-1,0,0,0,0,0,0,-1,0,95,0,95,0,0,95,95,39,134,1,1,0,0,0,-1,607271242,"6.18"
"C34665",1,2025-08-15,2025-08-14,5,,-1,0,0,0,0,367,1,0,0,24,0,12,1,116,99,0,0,0,0,0,24,0,0,-1,-1,-1,-1,0,0,0,0,0,0,-1,0,0,-1,-1,-1,-1,0,0,0,0,0,0,-1,0,52,0,52,0,0,52,52,0,52,1,1,0,0,0,-1,607271242,"6.18"
"C34692",2,2025-09-13,2025-09-12,5,,-1,1,0,1,0,56,1,1,0,25,1,0,-1,-1,-1,0,0,0,0,0,-1,0,12,2,1,101,410,2,1,0,1,0,0,25,1,0,-1,-1,-1,-1,0,0,0,0,0,0,-1,0,0,0,0,2,321,323,2,57,59,4,0,1,0,0,-1,607271242,"6.18"
"C34698",1,2026-03-09,2026-03-08,1,,-1,0,0,0,0,16,1,0,0,25,0,21,1,101,-1,0,0,0,0,0,25,0,0,-1,-1,-1,-1,0,0,0,0,0,0,-1,0,0,-1,-1,-1,-1,0,0,0,0,0,0,-1,0,206,0,206,0,0,206,206,15,221,1,1,0,0,0,-1,607271242,"6.18"
"C34701",2,2025-08-21,2025-08-20,5,,-1,0,0,0,1,457,1,1,0,25,1,0,-1,-1,-1,0,0,0,0,0,-1,0,12,2,3,335,431,29,0,0,0,1,0,25,1,0,-1,-1,-1,-1,0,0,0,0,0,0,-1,0,0,0,0,29,12,41,29,0,29,4,0,0,0,0,-1,607271242,"6.18"
"C34707",1,2025-09-04,2025-09-03,5,,-1,0,0,0,0,15,1,0,0,55,0,0,-1,-1,-1,0,0,0,0,0,-1,0,12,0,1,116,423,41,0,0,0,0,0,55,0,0,-1,-1,-1,-1,0,0,0,0,0,0,-1,0,0,0,0,40,0,40,40,32,72,4,0,0,0,0,-1,607271242,"6.18"
"C34710",2,2025-08-16,2025-08-15,5,,-1,0,0,0,1,3,1,1,0,25,1,12,1,314,410,0,0,0,1,0,25,1,0,-1,-1,-1,-1,0,0,0,0,0,0,-1,0,0,-1,-1,-1,-1,0,0,0,0,0,0,-1,0,100,0,100,0,0,100,100,121,221,1,1,0,0,0,-1,607271242,"6.18"
"C34716",1,2025-08-23,2025-08-22,5,,-1,0,0,1,2,3,1,0,0,25,0,0,-1,-1,-1,0,0,0,0,0,-1,0,11,2,1,116,-1,21,0,0,1,2,0,25,0,0,-1,-1,-1,-1,0,0,0,0,0,0,-1,0,0,0,0,21,383,404,21,142,163,4,0,1,0,0,-1,607271242,"6.18"
"C34719",1,2025-08-16,2025-08-15,5,,-1,9,0,1,1,467,2,0,0,25,1,0,-1,-1,-1,0,0,0,0,0,-1,0,12,2,1,101,410,2,0,0,1,1,0,25,1,0,-1,-1,-1,-1,0,0,0,0,0,0,-1,0,0,0,0,2,346,348,2,74,76,4,0,1,0,0,-1,607271242,"6.18"
"C34731",1,2026-05-23,2026-05-22,1,,-1,0,0,1,2,5,1,0,0,25,0,22,1,101,99,0,0,1,2,0,25,0,21,0,2,101,-1,123,0,0,1,2,0,25,0,0,-1,-1,-1,-1,0,0,0,0,0,0,-1,0,40,0,40,91,0,131,131,28,159,5,1,0,0,0,-1,607271242,"6.18"
"C34737",1,2025-07-19,2025-07-18,5,,-1,0,0,1,2,567,1,0,0,25,0,12,1,335,410,0,0,1,2,0,25,0,0,-1,-1,-1,-1,0,0,0,0,0,0,-1,0,0,-1,-1,-1,-1,0,0,0,0,0,0,-1,0,0,82,82,0,0,82,82,0,82,2,1,0,0,0,-1,607271242,"6.18"
"C34743",1,2025-08-22,2025-08-21,5,,-1,0,0,1,0,5,1,0,0,55,0,0,-1,-1,-1,0,0,0,0,0,-1,0,12,2,3,116,431,34,0,0,1,0,0,55,0,0,-1,-1,-1,-1,0,0,0,0,0,0,-1,0,0,0,0,34,12,46,34,52,86,4,0,1,0,0,-1,607271242,"6.18"
"C34746",1,2026-06-27,2026-06-26,1,,-1,0,0,0,0,3,1,0,0,18,0,0,-1,-1,-1,0,0,0,0,0,-1,0,21,0,1,336,-1,96,0,0,0,0,0,18,0,0,-1,-1,-1,-1,0,0,0,0,0,0,-1,0,0,0,0,96,0,96,96,28,124,4,0,0,0,0,-1,607271242,"6.18"
"C34767",1,2025-08-16,2025-08-15,5,,-1,0,0,0,1,5,1,0,0,25,0,12,1,116,423,0,0,0,1,0,25,0,0,-1,-1,-1,-1,0,0,0,0,0,0,-1,0,0,-1,-1,-1,-1,0,0,0,0,0,0,-1,0,122,0,122,0,0,122,122,123,245,1,1,0,0,0,-1,607271242,"6.18"
"C34770",1,2025-09-13,2025-09-12,5,"NXS10921202",-1,9,0,1,0,5,1,0,0,25,0,0,-1,-1,-1,0,0,0,0,0,-1,0,0,-1,-1,-1,-1,0,0,0,0,0,0,-1,0,0,-1,-1,-1,-1,0,0,0,0,0,0,-1,0,0,0,0,0,0,0,0,28,28,12,0,0,0,12,2,607271242,"6.18"
"C34773",1,2025-08-28,2025-08-27,5,,-1,0,0,0,0,5,1,0,0,18,0,12,1,99,99,0,0,0,0,0,18,0,12,1,1,116,410,109,0,0,0,0,0,18,0,0,-1,-1,-1,-1,0,0,0,0,0,0,-1,0,24,0,24,90,134,248,114,17,131,5,1,1,0,0,-1,607271242,"6.18"
"C34776",1,2025-09-11,2025-09-10,5,,-1,0,0,1,0,3,1,0,0,25,0,0,-1,-1,-1,0,0,0,0,0,-1,0,11,1,1,335,-1,124,0,0,1,0,0,25,0,0,-1,-1,-1,-1,0,0,0,0,0,0,-1,0,0,0,0,124,261,385,124,0,124,4,0,1,0,0,-1,607271242,"6.18"
"C34779",2,2025-08-31,2025-08-20,5,,-1,0,0,0,0,3,1,1,0,25,1,2,-1,-1,-1,0,0,0,0,0,-1,0,12,2,1,116,420,25,0,0,0,0,0,25,1,0,-1,-1,-1,-1,0,0,0,0,0,0,-1,0,14,0,14,16,129,159,30,10,40,5,0,1,0,0,-1,607271242,"6.18"
"C34794",2,2025-10-04,2025-10-03,1,,-1,0,0,0,0,5,2,3,0,25,1,22,1,101,410,0,0,0,0,1,25,1,0,-1,-1,-1,-1,0,0,0,0,0,0,-1,0,0,-1,-1,-1,-1,0,0,0,0,0,0,-1,0,74,0,74,0,0,74,74,123,197,1,1,0,0,0,-1,607271242,"6.18"
"C34800",1,2025-08-22,2025-08-21,5,,-1,5,1,1,0,3,1,0,0,55,0,0,-1,-1,-1,0,0,0,0,0,-1,0,12,1,2,101,419,51,0,1,1,0,0,55,0,21,0,1,101,-1,0,0,1,1,0,0,55,0,0,0,0,280,125,405,280,12,292,11,0,1,0,0,-1,607271242,"6.18"
"C34812",2,2025-08-21,2025-08-20,5,,-1,0,0,1,0,5,2,1,0,25,1,12,1,336,422,0,0,1,0,0,25,1,0,-1,-1,-1,-1,0,0,0,0,0,0,-1,0,0,-1,-1,-1,-1,0,0,0,0,0,0,-1,0,99,0,99,0,0,99,99,15,114,1,1,0,0,0,-1,607271242,"6.18"
"C34824",1,2025-08-16,2025-08-15,5,,-1,0,0,0,0,5,1,0,0,25,0,12,1,335,314,0,0,0,0,0,25,0,0,-1,-1,-1,-1,0,0,0,0,0,0,-1,0,0,-1,-1,-1,-1,0,0,0,0,0,0,-1,0,68,0,68,0,0,68,68,6,74,1,1,0,0,0,-1,607271242,"6.18"
"C34827",1,2025-11-01,2025-10-31,2,"NXS11121000",60,1,0,1,0,6,1,0,0,25,0,22,1,116,314,1,0,1,0,0,25,0,0,-1,-1,-1,-1,0,0,0,0,0,0,-1,0,0,-1,-1,-1,-1,0,0,0,0,0,0,-1,0,49,0,49,0,0,49,49,484,533,1,1,0,0,0,-1,607271242,"6.18"
"C34833",1,2025-08-18,2025-08-17,5,,-1,0,0,1,0,5,1,0,0,55,0,12,3,206,313,0,0,1,0,0,55,0,0,-1,-1,-1,-1,0,0,0,0,0,0,-1,0,0,-1,-1,-1,-1,0,0,0,0,0,0,-1,0,102,0,102,0,0,102,102,0,102,1,1,0,0,0,-1,607271242,"6.18"
"C34845",3,2025-10-03,2025-10-02,3,"TRN11721175",15,9,0,1,0,7,0,1,0,-1,0,22,1,215,99,0,0,1,0,0,-1,0,0,-1,-1,-1,-1,0,0,0,0,0,0,-1,0,0,-1,-1,-1,-1,0,0,0,0,0,0,-1,0,0,15,15,0,0,15,15,0,15,2,1,0,0,0,-1,607271242,"6.18"
"C34851",1,2025-08-21,2025-08-20,5,,-1,6,0,1,2,5,1,0,0,25,0,12,3,336,410,0,0,1,2,0,25,0,0,-1,-1,-1,-1,0,0,0,0,0,0,-1,0,0,-1,-1,-1,-1,0,0,0,0,0,0,-1,0,322,0,322,0,0,322,322,0,322,1,1,0,0,0,-1,607271242,"6.18"
"C34854",1,2025-08-23,2025-08-22,5,,-1,0,1,1,0,5,1,0,0,55,0,12,1,101,313,0,1,1,0,0,55,0,12,0,2,101,99,72,0,1,1,0,0,55,0,0,-1,-1,-1,-1,0,0,0,0,0,0,-1,0,0,73,73,10,0,83,83,202,285,6,1,0,0,0,-1,607271242,"6.18"
"C34857",1,2025-11-15,2025-11-14,4,"NBN10521386",76,4,0,0,0,3,1,0,0,18,0,22,1,335,313,0,0,0,0,0,18,0,0,-1,-1,-1,-1,0,0,0,0,0,0,-1,0,0,-1,-1,-1,-1,0,0,0,0,0,0,-1,0,23,0,23,0,0,23,23,3,26,1,1,0,0,0,-1,607271242,"6.18"
"C34863",1,2025-08-22,2025-08-21,5,,-1,0,0,0,0,12,1,0,0,55,0,12,3,116,314,0,0,0,0,0,55,0,0,-1,-1,-1,-1,0,0,0,0,0,0,-1,0,0,-1,-1,-1,-1,0,0,0,0,0,0,-1,0,67,0,67,0,0,67,67,172,239,1,1,0,0,0,-1,607271242,"6.18"
"C34866",1,2025-09-19,2025-09-04,5,"NXS11321589",-1,0,0,0,0,3,1,0,0,55,0,2,-1,-1,-1,0,0,0,0,0,-1,0,12,2,1,101,410,2,0,0,0,0,0,55,0,0,-1,-1,-1,-1,0,0,0,0,0,0,-1,0,10,0,10,2,314,326,12,129,141,5,0,1,0,0,-1,607271242,"6.18"
"C34878",1,2025-09-25,2025-09-24,5,"NBN10521299",-1,0,1,1,0,13,1,0,0,55,0,12,1,101,99,0,1,1,0,0,55,0,11,1,2,116,-1,28,0,1,1,0,0,55,0,0,-1,-1,-1,-1,0,0,0,0,0,0,-1,0,18,0,18,10,343,371,28,79,107,5,1,1,0,0,-1,607271242,"6.18"
"C34884",1,2026-01-30,2026-01-29,4,"NXS11121240",148,1,1,1,2,5,2,0,0,24,0,0,-1,-1,-1,0,0,0,0,0,-1,0,21,1,1,116,-1,101,1,1,1,2,0,24,0,0,-1,-1,-1,-1,0,0,0,0,0,0,-1,0,0,0,0,101,143,244,101,18,119,4,0,1,0,0,-1,607271242,"6.18"
"C34893",2,2026-02-22,2026-02-21,1,,-1,0,0,0,0,14,1,1,0,18,1,22,1,116,410,0,0,0,0,0,18,1,0,-1,-1,-1,-1,0,0,0,0,0,0,-1,0,0,-1,-1,-1,-1,0,0,0,0,0,0,-1,0,32,0,32,0,0,32,32,8,40,1,1,0,0,0,-1,607271242,"6.18"
"C34899",1,2025-09-08,2025-09-07,5,,-1,4,0,0,0,3,1,0,0,25,0,0,-1,-1,-1,0,0,0,0,0,-1,0,12,2,1,101,410,5,0,0,0,0,0,25,0,0,-1,-1,-1,-1,0,0,0,0,0,0,-1,0,0,0,0,5,320,325,5,97,102,4,0,1,0,0,-1,607271242,"6.18"
"C34902",2,2025-08-23,2025-08-22,5,,-1,0,0,1,0,5,1,1,0,25,1,12,1,314,410,0,0,1,0,0,25,1,0,-1,-1,-1,-1,0,0,0,0,0,0,-1,0,0,-1,-1,-1,-1,0,0,0,0,0,0,-1,0,66,0,66,0,0,66,66,9,75,1,1,0,0,0,-1,607271242,"6.18"
"C34911",2,2025-08-23,2025-08-22,5,,-1,0,0,0,0,15,1,1,0,25,1,12,1,116,410,0,0,0,0,0,25,1,0,-1,-1,-1,-1,0,0,0,0,0,0,-1,0,0,-1,-1,-1,-1,0,0,0,0,0,0,-1,0,57,0,57,0,0,57,57,36,93,1,1,0,0,0,-1,607271242,"6.18"
"C34917",2,2025-08-29,2025-08-28,5,,-1,0,0,1,0,5,1,1,0,25,1,0,-1,-1,-1,0,0,0,0,0,-1,0,12,2,3,314,431,6,0,0,1,0,0,25,1,0,-1,-1,-1,-1,0,0,0,0,0,0,-1,0,0,0,0,6,40,46,6,0,6,4,0,1,0,0,-1,607271242,"6.18"
"C34923",1,2025-09-15,2025-09-14,5,,-1,0,0,0,0,5,1,0,0,25,0,0,-1,-1,-1,0,0,0,0,0,-1,0,12,2,1,101,423,4,0,0,0,0,0,25,0,0,-1,-1,-1,-1,0,0,0,0,0,0,-1,0,0,0,0,4,191,195,4,135,139,4,0,1,0,0,-1,607271242,"6.18"
"C34926",1,2025-09-08,2025-09-07,5,"NBN10521349",-1,0,1,1,0,5,1,0,0,25,0,0,-1,-1,-1,0,0,0,0,0,-1,0,12,2,2,101,24,3,0,1,1,0,0,25,0,0,-1,-1,-1,-1,0,0,0,0,0,0,-1,0,0,0,0,3,28,31,3,49,52,4,0,1,0,0,-1,607271242,"6.18"
"C34929",1,2025-08-25,2025-08-24,1,,-1,0,0,1,0,16,2,0,0,25,0,0,-1,-1,-1,0,0,0,0,0,-1,0,0,-1,-1,-1,-1,0,0,0,0,0,0,-1,0,0,-1,-1,-1,-1,0,0,0,0,0,0,-1,0,0,0,0,0,0,0,0,71,71,12,0,0,0,12,2,607271242,"6.18"
"C34941",1,2025-08-26,2025-08-25,5,,-1,0,0,0,2,5,1,0,0,25,0,12,1,336,206,0,0,0,2,0,25,0,0,-1,-1,-1,-1,0,0,0,0,0,0,-1,0,0,-1,-1,-1,-1,0,0,0,0,0,0,-1,0,118,0,118,0,0,118,118,78,196,1,1,0,0,0,-1,607271242,"6.18"
"C34947",1,2025-08-25,2025-08-24,5,,-1,0,0,1,0,17,1,0,0,25,0,12,1,336,312,0,0,1,0,0,25,0,0,-1,-1,-1,-1,0,0,0,0,0,0,-1,0,0,-1,-1,-1,-1,0,0,0,0,0,0,-1,0,0,92,92,0,0,92,92,0,92,2,1,0,0,0,-1,607271242,"6.18"
"C34953",1,2025-08-25,2025-08-24,5,,-1,0,0,1,0,5,1,0,0,55,0,12,1,329,410,0,0,1,0,0,55,0,0,-1,-1,-1,-1,0,0,0,0,0,0,-1,0,0,-1,-1,-1,-1,0,0,0,0,0,0,-1,0,45,0,45,0,0,45,45,62,107,1,1,0,0,0,-1,607271242,"6.18"
"C34956",2,2025-11-08,2025-11-07,1,,-1,6,0,1,2,5,1,2,0,25,1,0,-1,-1,-1,0,0,0,0,0,-1,0,0,-1,-1,-1,-1,0,0,0,0,0,0,-1,0,0,-1,-1,-1,-1,0,0,0,0,0,0,-1,0,0,0,0,0,0,0,0,97,97,12,0,0,0,22,0,607271242,"6.18"
"C34968",2,2025-10-16,2025-10-15,1,,-1,0,0,0,2,5,2,2,0,25,1,22,1,314,422,0,0,0,2,0,25,1,0,-1,-1,-1,-1,0,0,0,0,0,0,-1,0,0,-1,-1,-1,-1,0,0,0,0,0,0,-1,0,70,0,70,0,0,70,70,69,139,1,1,0,0,0,-1,607271242,"6.18"
"C34980",1,2025-09-19,2025-08-24,5,"NXS11421364",-1,9,1,1,0,5,1,0,0,55,0,2,-1,-1,-1,0,0,0,0,0,-1,0,12,1,2,116,410,23,0,1,1,0,0,55,0,0,-1,-1,-1,-1,0,0,0,0,0,0,-1,0,23,0,23,23,260,306,46,359,405,5,0,1,0,0,-1,607271242,"6.18"
"C34983",1,2025-09-19,2025-09-18,5,,-1,0,0,1,2,24,1,0,0,24,0,12,1,101,99,0,0,1,2,0,24,0,0,-1,-1,-1,-1,0,0,0,0,0,0,-1,0,0,-1,-1,-1,-1,0,0,0,0,0,0,-1,0,35,0,35,0,0,35,35,47,82,1,1,0,0,0,-1,607271242,"6.18"
"C34986",1,2025-11-30,2025-11-29,1,,-1,4,0,0,0,3,1,0,0,25,0,0,-1,-1,-1,0,0,0,0,0,-1,0,21,0,1,116,-1,305,0,0,0,0,0,25,0,0,-1,-1,-1,-1,0,0,0,0,0,0,-1,0,0,0,0,305,0,305,305,391,696,4,0,0,0,0,-1,607271242,"6.18"
"C34989",1,2025-11-29,2025-11-28,1,,-1,9,0,1,2,5,3,0,0,25,1,0,-1,-1,-1,0,0,0,0,0,-1,0,22,0,3,116,99,120,0,0,1,2,0,25,1,0,-1,-1,-1,-1,0,0,0,0,0,0,-1,0,0,0,0,119,0,119,119,148,267,4,0,0,0,0,-1,607271242,"6.18"
"C35001",1,2026-01-04,2026-01-03,4,"NXS12921423",106,9,0,1,0,25,1,0,0,55,0,22,3,116,98,0,0,1,0,0,55,0,0,-1,-1,-1,-1,0,0,0,0,0,0,-1,0,0,-1,-1,-1,-1,0,0,0,0,0,0,-1,0,25,0,25,0,0,25,25,132,157,1,1,0,0,0,-1,607271242,"6.18"
"C35007",2,2025-08-31,2025-08-30,5,,-1,0,0,0,0,3,2,2,0,25,1,12,1,116,410,0,0,0,0,0,25,1,0,-1,-1,-1,-1,0,0,0,0,0,0,-1,0,0,-1,-1,-1,-1,0,0,0,0,0,0,-1,0,118,0,118,0,0,118,118,2,120,1,1,0,0,0,-1,607271242,"6.18"
"C35013",1,2025-08-29,2025-08-28,5,,-1,0,0,0,2,5,1,0,0,25,0,0,-1,-1,-1,0,0,0,0,0,-1,0,12,0,3,101,99,269,0,0,0,2,0,25,0,0,-1,-1,-1,-1,0,0,0,0,0,0,-1,0,0,0,0,268,0,268,268,68,336,4,0,0,0,0,-1,607271242,"6.18"
"C35022",2,2025-09-04,2025-09-03,5,,-1,0,0,0,0,5,1,2,0,25,1,0,-1,-1,-1,0,0,0,0,0,-1,0,12,1,3,410,433,45,0,0,0,0,0,25,1,0,-1,-1,-1,-1,0,0,0,0,0,0,-1,0,0,0,0,45,12,57,45,0,45,4,0,1,0,0,-1,607271242,"6.18"
"C35034",2,2025-08-25,2025-08-24,5,,-1,0,0,1,1,3,1,3,0,25,1,12,1,336,99,0,0,1,1,1,25,1,0,-1,-1,-1,-1,0,0,0,0,0,0,-1,0,0,-1,-1,-1,-1,0,0,0,0,0,0,-1,0,42,0,42,0,0,42,42,22,64,1,1,0,0,0,-1,607271242,"6.18"
"C35049",1,2025-10-24,2025-10-23,1,,-1,0,0,1,0,34,1,0,0,25,0,21,1,116,-1,0,0,1,0,0,25,0,0,-1,-1,-1,-1,0,0,0,0,0,0,-1,0,0,-1,-1,-1,-1,0,0,0,0,0,0,-1,0,0,285,285,0,0,285,285,93,378,2,1,0,0,0,-1,607271242,"6.18"
"C35073",2,2025-08-28,2025-08-27,5,,-1,0,0,1,0,3,1,2,0,24,1,12,1,336,410,0,0,1,0,0,24,1,0,-1,-1,-1,-1,0,0,0,0,0,0,-1,0,0,-1,-1,-1,-1,0,0,0,0,0,0,-1,0,49,0,49,0,0,49,49,77,126,1,1,0,0,0,-1,607271242,"6.18"
"C35082",1,2025-09-13,2025-09-12,5,,-1,4,0,0,1,46,1,0,0,25,0,0,-1,-1,-1,0,0,0,0,0,-1,0,12,1,1,116,410,22,0,0,0,1,0,25,0,0,-1,-1,-1,-1,0,0,0,0,0,0,-1,0,0,0,0,22,175,197,22,344,366,4,0,1,0,0,-1,607271242,"6.18"
"C35085",1,2025-08-30,2025-08-29,5,,-1,1,0,1,1,36,1,0,0,25,0,12,1,99,99,1,0,1,1,0,25,0,12,1,1,116,410,28,1,0,1,1,0,25,0,0,-1,-1,-1,-1,0,0,0,0,0,0,-1,0,25,0,25,8,132,165,33,7243,7276,5,1,1,0,0,-1,607271242,"6.18"
"C35088",1,2025-09-05,2025-08-29,5,"NBN10521438",-1,9,1,1,0,3,1,0,0,55,0,12,1,116,313,0,1,1,0,0,55,0,0,-1,-1,-1,-1,0,0,0,0,0,0,-1,0,0,-1,-1,-1,-1,0,0,0,0,0,0,-1,0,1,33,34,0,0,34,34,30,64,3,1,0,0,0,-1,607271242,"6.18"
"C35097",1,2025-09-29,2025-09-28,5,"NXS10820793",-1,0,0,1,1,5,1,0,0,25,0,12,1,314,314,0,0,1,1,0,25,0,0,-1,-1,-1,-1,0,0,0,0,0,0,-1,0,0,-1,-1,-1,-1,0,0,0,0,0,0,-1,0,48,0,48,0,0,48,48,210,258,1,1,0,0,0,-1,607271242,"6.18"
"C35103",1,2025-09-06,2025-09-05,5,,-1,1,0,1,2,5,1,0,0,25,0,0,-1,-1,-1,0,0,0,0,0,-1,0,12,1,1,116,410,40,1,0,1,2,0,25,0,0,-1,-1,-1,-1,0,0,0,0,0,0,-1,0,0,0,0,40,113,153,40,582,622,4,0,1,0,0,-1,607271242,"6.18"
"C35106",2,2025-10-03,2025-10-02,1,,-1,0,0,0,0,56,2,3,0,25,1,0,-1,-1,-1,0,0,0,0,0,-1,0,22,1,3,336,431,1,0,0,0,0,1,25,1,0,-1,-1,-1,-1,0,0,0,0,0,0,-1,0,0,0,0,1,12,13,1,0,1,4,0,1,0,0,-1,607271242,"6.18"
"C35121",1,2026-02-02,2026-02-01,1,,-1,1,0,1,2,5,1,0,0,25,0,21,1,101,-1,1,0,1,2,0,25,0,21,0,1,101,-1,107,1,0,1,2,0,25,0,0,-1,-1,-1,-1,0,0,0,0,0,0,-1,0,239,0,239,0,0,239,239,179,418,5,1,0,0,0,-1,607271242,"6.18"
"C35130",1,2025-09-04,2025-09-03,5,,-1,0,1,1,1,5,1,0,0,25,0,2,-1,-1,-1,0,0,0,0,0,-1,0,11,1,2,116,-1,35,0,1,1,1,0,25,0,0,-1,-1,-1,-1,0,0,0,0,0,0,-1,0,1,0,1,34,357,392,35,35,70,5,0,1,0,0,-1,607271242,"6.18"
"C35133",2,2025-08-30,2025-08-29,5,,-1,0,0,0,1,3,1,3,0,25,1,12,1,116,410,0,0,0,1,1,25,1,0,-1,-1,-1,-1,0,0,0,0,0,0,-1,0,0,-1,-1,-1,-1,0,0,0,0,0,0,-1,0,38,0,38,0,0,38,38,17,55,1,1,0,0,0,-1,607271242,"6.18"
"C35157",1,2025-09-27,2025-08-28,5,"NXS11321449",-1,0,0,1,0,5,1,0,0,55,0,12,1,206,24,0,0,1,0,0,55,0,0,-1,-1,-1,-1,0,0,0,0,0,0,-1,0,0,-1,-1,-1,-1,0,0,0,0,0,0,-1,0,92,0,92,0,0,92,92,30,122,1,1,0,0,0,-1,607271242,"6.18"
"C35160",1,2025-09-20,2025-09-19,5,,-1,1,0,1,2,5,1,0,0,25,0,12,1,335,312,1,0,1,2,0,25,0,0,-1,-1,-1,-1,0,0,0,0,0,0,-1,0,0,-1,-1,-1,-1,0,0,0,0,0,0,-1,0,31,0,31,0,0,31,31,0,31,1,1,0,0,0,-1,607271242,"6.18"
"C35166",1,2025-10-09,2025-10-08,1,,-1,0,1,1,1,5,1,0,0,25,0,0,-1,-1,-1,0,0,0,0,0,-1,0,22,1,2,101,410,1,0,1,1,1,0,25,0,0,-1,-1,-1,-1,0,0,0,0,0,0,-1,0,0,0,0,1,12,13,1,38,39,4,0,1,0,0,-1,607271242,"6.18"
"C35172",1,2025-09-21,2025-09-20,5,,-1,0,0,1,1,3,1,0,0,25,0,12,3,116,410,0,0,1,1,0,25,0,0,-1,-1,-1,-1,0,0,0,0,0,0,-1,0,0,-1,-1,-1,-1,0,0,0,0,0,0,-1,0,40,0,40,0,0,40,40,22,62,1,1,0,0,0,-1,607271242,"6.18"
"C35178",1,2025-11-20,2025-11-19,4,"NBN10521548",69,0,1,1,2,57,1,0,0,55,0,22,1,101,206,0,1,1,2,0,55,0,22,1,1,101,420,37,0,1,1,2,0,55,0,0,-1,-1,-1,-1,0,0,0,0,0,0,-1,0,33,0,33,37,80,150,70,97,167,5,1,1,0,0,-1,607271242,"6.18"
"C35184",3,2025-09-10,2025-08-22,5,"TRN11721296",-1,1,0,1,0,5,0,1,0,-1,0,12,1,116,215,1,0,1,0,0,-1,0,0,-1,-1,-1,-1,0,0,0,0,0,0,-1,0,0,-1,-1,-1,-1,0,0,0,0,0,0,-1,0,0,52,52,0,0,52,52,0,52,2,1,0,0,0,-1,607271242,"6.18"
"C35187",3,2025-08-29,2025-08-28,5,,-1,0,0,0,0,3,0,1,0,-1,0,12,1,207,207,0,0,0,0,0,-1,0,0,-1,-1,-1,-1,0,0,0,0,0,0,-1,0,0,-1,-1,-1,-1,0,0,0,0,0,0,-1,0,0,85,85,0,0,85,85,0,85,2,1,0,0,0,-1,607271242,"6.18"
"C35196",2,2026-06-29,2026-06-28,1,,-1,1,0,1,2,67,1,1,0,25,1,22,1,101,423,1,0,1,2,0,25,1,0,-1,-1,-1,-1,0,0,0,0,0,0,-1,0,0,-1,-1,-1,-1,0,0,0,0,0,0,-1,0,18,0,18,0,0,18,18,0,18,1,1,0,0,0,-1,607271242,"6.18"
"C35205",1,2025-08-30,2025-08-29,5,,-1,0,0,1,0,5,1,0,0,55,0,12,3,410,225,0,0,1,0,0,55,0,0,-1,-1,-1,-1,0,0,0,0,0,0,-1,0,0,-1,-1,-1,-1,0,0,0,0,0,0,-1,0,176,0,176,0,0,176,176,0,176,1,1,0,0,0,-1,607271242,"6.18"
"C35208",1,2025-08-30,2025-08-29,5,,-1,0,0,1,0,5,1,0,0,55,0,12,3,410,431,0,0,1,0,0,55,0,0,-1,-1,-1,-1,0,0,0,0,0,0,-1,0,0,-1,-1,-1,-1,0,0,0,0,0,0,-1,0,176,0,176,0,0,176,176,0,176,1,1,0,0,22,0,607271242,"6.18"
"C35211",1,2025-11-14,2025-11-13,1,,-1,0,0,0,0,56,1,0,0,55,0,22,1,116,431,0,0,0,0,0,55,0,21,1,1,116,-1,2,0,0,0,0,0,55,0,0,-1,-1,-1,-1,0,0,0,0,0,0,-1,0,0,0,0,2,319,321,2,107,109,12,1,1,0,0,-1,607271242,"6.18"
"C35214",1,2025-10-03,2025-10-02,1,,-1,0,0,0,0,23,1,0,0,25,0,0,-1,-1,-1,0,0,0,0,0,-1,0,21,1,1,116,-1,38,0,0,0,0,0,25,0,0,-1,-1,-1,-1,0,0,0,0,0,0,-1,0,0,0,0,38,325,363,38,183,221,4,0,1,0,0,-1,607271242,"6.18"
"C35217",1,2026-01-09,2026-01-08,4,"NXS11021561",107,1,0,1,2,15,1,0,0,25,0,22,1,206,99,1,0,1,2,0,25,0,0,-1,-1,-1,-1,0,0,0,0,0,0,-1,0,0,-1,-1,-1,-1,0,0,0,0,0,0,-1,0,18,0,18,0,0,18,18,128,146,1,1,0,0,0,-1,607271242,"6.18"
"C35223",1,2025-09-04,2025-09-03,5,,-1,1,0,1,0,3,1,0,0,25,0,12,1,99,99,1,0,1,0,0,25,0,0,-1,-1,-1,-1,0,0,0,0,0,0,-1,0,0,-1,-1,-1,-1,0,0,0,0,0,0,-1,0,25,0,25,0,0,25,25,140,165,1,1,0,0,0,-1,607271242,"6.18"
"C35226",1,2025-12-07,2025-12-06,1,,-1,4,0,0,0,56,1,0,0,25,0,22,1,116,423,0,0,0,0,0,25,0,0,-1,-1,-1,-1,0,0,0,0,0,0,-1,0,0,-1,-1,-1,-1,0,0,0,0,0,0,-1,0,65,0,65,0,0,65,65,919,984,1,1,0,0,0,-1,607271242,"6.18"
"C35229",1,2025-10-02,2025-10-01,5,"TRN11821578",-1,0,1,0,0,5,1,0,0,25,0,22,1,314,302,0,1,0,0,0,25,0,0,-1,-1,-1,-1,0,0,0,0,0,0,-1,0,0,-1,-1,-1,-1,0,0,0,0,0,0,-1,0,0,22,22,0,0,22,22,0,22,2,1,0,0,0,-1,607271242,"6.18"
"C35232",1,2025-09-05,2025-09-04,5,,-1,0,0,0,0,3,1,0,0,25,0,12,3,116,99,0,0,0,0,0,25,0,0,-1,-1,-1,-1,0,0,0,0,0,0,-1,0,0,-1,-1,-1,-1,0,0,0,0,0,0,-1,0,45,0,45,0,0,45,45,19,64,1,1,0,0,0,-1,607271242,"6.18"
"C35238",1,2025-12-12,2025-12-11,1,,-1,9,0,1,0,3,1,0,0,25,0,22,1,116,314,0,0,1,0,0,25,0,0,-1,-1,-1,-1,0,0,0,0,0,0,-1,0,0,-1,-1,-1,-1,0,0,0,0,0,0,-1,0,61,0,61,0,0,61,61,25,86,1,1,0,0,0,-1,607271242,"6.18"
"C35241",2,2025-09-06,2025-09-05,5,,-1,0,0,0,0,3,1,3,0,25,1,12,1,335,410,0,0,0,0,1,25,1,0,-1,-1,-1,-1,0,0,0,0,0,0,-1,0,0,-1,-1,-1,-1,0,0,0,0,0,0,-1,0,40,0,40,0,0,40,40,3,43,1,1,0,0,0,-1,607271242,"6.18"
"C35256",2,2025-09-06,2025-09-05,5,,-1,0,0,0,0,5,2,1,0,25,1,12,1,116,422,0,0,0,0,0,25,1,0,-1,-1,-1,-1,0,0,0,0,0,0,-1,0,0,-1,-1,-1,-1,0,0,0,0,0,0,-1,0,42,0,42,0,0,42,42,14,56,1,1,0,0,0,-1,607271242,"6.18"
"C35265",1,2025-10-12,2025-10-11,1,,-1,0,0,0,0,124,1,0,0,25,0,0,-1,-1,-1,0,0,0,0,0,-1,0,22,1,1,101,422,1,0,0,0,0,0,25,0,0,-1,-1,-1,-1,0,0,0,0,0,0,-1,0,0,0,0,1,217,218,1,36,37,4,0,1,0,0,-1,607271242,"6.18"
"C35268",1,2026-07-03,2026-07-02,1,,-1,0,0,1,0,56,1,0,0,25,0,0,-1,-1,-1,0,0,0,0,0,-1,0,21,1,1,116,-1,2,0,0,1,0,0,25,0,0,-1,-1,-1,-1,0,0,0,0,0,0,-1,0,0,0,0,2,88,90,2,57,59,4,0,1,0,0,-1,607271242,"6.18"
"C35271",2,2025-09-08,2025-09-07,5,,-1,0,1,0,0,5,2,3,0,25,1,0,-1,-1,-1,0,0,0,0,0,-1,0,12,2,3,101,431,11,0,1,0,0,1,25,1,0,-1,-1,-1,-1,0,0,0,0,0,0,-1,0,0,0,0,11,12,23,11,7,18,4,0,0,0,0,-1,607271242,"6.18"
"C35286",1,2025-10-12,2025-10-11,1,,-1,0,0,1,1,5,1,0,0,25,0,22,1,116,302,0,0,1,1,0,25,0,0,-1,-1,-1,-1,0,0,0,0,0,0,-1,0,0,-1,-1,-1,-1,0,0,0,0,0,0,-1,0,45,0,45,0,0,45,45,70,115,1,1,0,0,0,-1,607271242,"6.18"
"C35289",1,2025-09-07,2025-09-06,5,,-1,0,1,0,0,5,1,0,0,55,0,12,3,98,99,0,1,0,0,0,55,0,0,-1,-1,-1,-1,0,0,0,0,0,0,-1,0,0,-1,-1,-1,-1,0,0,0,0,0,0,-1,0,54,0,54,0,0,54,54,5,59,1,1,0,0,0,-1,607271242,"6.18"
"C35292",1,2025-09-07,2025-09-06,5,,-1,1,0,1,0,5,1,0,0,25,0,11,3,118,-1,1,0,1,0,0,25,0,0,-1,-1,-1,-1,0,0,0,0,0,0,-1,0,0,-1,-1,-1,-1,0,0,0,0,0,0,-1,0,345,0,345,0,0,345,345,55,400,1,1,0,0,0,-1,607271242,"6.18"
"C35295",2,2025-09-13,2025-09-12,5,,-1,0,0,0,1,5,1,3,0,25,1,0,-1,-1,-1,0,0,0,0,0,-1,0,12,2,3,101,433,8,0,0,0,1,1,25,1,0,-1,-1,-1,-1,0,0,0,0,0,0,-1,0,0,0,0,8,12,20,8,9,17,4,0,1,0,0,-1,607271242,"6.18"
"C35313",1,2025-09-26,2025-09-06,5,"NXS10621660",-1,0,0,1,2,5,1,0,0,25,0,12,1,116,207,0,0,1,2,0,25,0,0,-1,-1,-1,-1,0,0,0,0,0,0,-1,0,0,-1,-1,-1,-1,0,0,0,0,0,0,-1,0,64,0,64,0,0,64,64,6,70,1,1,0,0,0,-1,607271242,"6.18"
"C35316",1,2025-09-07,2025-09-06,5,,-1,0,0,0,0,127,1,0,0,55,0,12,1,116,206,0,0,0,0,0,55,0,0,-1,-1,-1,-1,0,0,0,0,0,0,-1,0,0,-1,-1,-1,-1,0,0,0,0,0,0,-1,0,24,0,24,0,0,24,24,214,238,1,0,0,0,0,-1,607271242,"6.18"
"C35319",1,2025-09-13,2025-09-12,5,,-1,1,1,1,2,1,1,0,0,25,0,0,-1,-1,-1,0,0,0,0,0,-1,0,12,2,1,101,410,14,1,1,1,2,0,25,0,0,-1,-1,-1,-1,0,0,0,0,0,0,-1,0,0,0,0,14,134,148,14,71,85,4,0,1,0,0,-1,607271242,"6.18"
"C35325",1,2025-09-08,2025-09-07,5,,-1,0,0,0,0,56,1,0,0,24,0,12,1,116,423,0,0,0,0,0,24,0,0,-1,-1,-1,-1,0,0,0,0,0,0,-1,0,0,-1,-1,-1,-1,0,0,0,0,0,0,-1,0,29,0,29,0,0,29,29,22,51,1,1,0,0,0,-1,607271242,"6.18"
"C35337",1,2025-09-10,2025-09-09,5,,-1,0,0,0,0,1,1,0,0,55,0,12,1,116,99,0,0,0,0,0,55,0,0,-1,-1,-1,-1,0,0,0,0,0,0,-1,0,0,-1,-1,-1,-1,0,0,0,0,0,0,-1,0,7,0,7,0,0,7,7,3,10,1,1,0,0,0,-1,607271242,"6.18"
"C35340",1,2025-09-12,2025-09-11,5,,-1,0,0,1,2,5,1,0,0,18,0,0,-1,-1,-1,0,0,0,0,0,-1,0,11,2,3,336,-1,1,0,0,1,2,0,18,0,0,-1,-1,-1,-1,0,0,0,0,0,0,-1,0,0,0,0,1,383,384,1,0,1,4,0,1,0,0,-1,607271242,"6.18"
"C35343",1,2025-12-29,2025-12-28,1,,-1,4,0,0,0,56,1,0,0,25,0,0,-1,-1,-1,0,0,0,0,0,-1,0,21,1,1,116,-1,161,0,0,0,0,0,25,0,0,-1,-1,-1,-1,0,0,0,0,0,0,-1,0,0,0,0,161,115,276,161,270,431,4,0,1,0,0,-1,607271242,"6.18"
"C35346",1,2025-10-31,2025-10-30,1,,-1,0,0,1,0,5,1,0,0,25,0,0,-1,-1,-1,0,0,0,0,0,-1,0,22,1,1,335,410,6,0,0,1,0,0,25,0,0,-1,-1,-1,-1,0,0,0,0,0,0,-1,0,0,0,0,6,219,225,6,0,6,4,0,1,0,0,-1,607271242,"6.18"
"C35349",1,2025-09-08,2025-09-07,5,,-1,0,0,1,0,135,1,0,0,25,0,12,1,116,423,0,0,1,0,0,25,0,0,-1,-1,-1,-1,0,0,0,0,0,0,-1,0,0,-1,-1,-1,-1,0,0,0,0,0,0,-1,0,23,0,23,0,0,23,23,97,120,1,0,0,0,0,-1,607271242,"6.18"
"C35352",2,2025-09-07,2025-09-06,5,,-1,0,0,0,0,3,2,1,0,24,1,12,1,335,423,0,0,0,0,0,24,1,0,-1,-1,-1,-1,0,0,0,0,0,0,-1,0,0,-1,-1,-1,-1,0,0,0,0,0,0,-1,0,56,0,56,0,0,56,56,0,56,1,1,0,0,0,-1,607271242,"6.18"
"C35364",1,2025-11-23,2025-11-22,1,,-1,0,0,1,0,35,1,0,0,25,0,22,1,99,99,0,0,1,0,0,25,0,0,-1,-1,-1,-1,0,0,0,0,0,0,-1,0,0,-1,-1,-1,-1,0,0,0,0,0,0,-1,0,3,0,3,0,0,3,3,3,6,1,1,0,0,0,-1,607271242,"6.18"
"C35367",2,2025-09-08,2025-09-07,5,,-1,0,0,0,0,136,1,3,0,25,1,11,1,335,-1,0,0,0,0,1,25,1,0,-1,-1,-1,-1,0,0,0,0,0,0,-1,0,0,-1,-1,-1,-1,0,0,0,0,0,0,-1,0,144,0,144,0,0,144,144,66,210,1,1,0,0,0,-1,607271242,"6.18"
"C35370",1,2025-09-10,2025-09-09,5,,-1,0,0,1,0,5,1,0,0,25,0,12,1,116,207,0,0,1,0,0,25,0,0,-1,-1,-1,-1,0,0,0,0,0,0,-1,0,0,-1,-1,-1,-1,0,0,0,0,0,0,-1,0,49,0,49,0,0,49,49,15,64,1,1,0,0,0,-1,607271242,"6.18"
"C35379",1,2025-09-25,2025-09-03,5,"NXS10921831",-1,0,0,1,0,5,2,0,0,18,0,12,3,116,431,0,0,1,0,0,18,0,0,-1,-1,-1,-1,0,0,0,0,0,0,-1,0,0,-1,-1,-1,-1,0,0,0,0,0,0,-1,0,146,0,146,0,0,146,146,72,218,1,1,0,0,22,1,607271242,"6.18"
"C35382",1,2025-10-13,2025-10-12,1,,-1,0,0,1,0,3,1,0,0,25,0,0,-1,-1,-1,0,0,0,0,0,-1,0,22,1,1,116,410,3,0,0,1,0,0,25,0,0,-1,-1,-1,-1,0,0,0,0,0,0,-1,0,0,0,0,3,149,152,3,57,60,4,0,1,0,0,-1,607271242,"6.18"
"C35394",1,2025-09-14,2025-09-09,5,"NBN10521712",-1,1,1,1,2,5,1,0,0,25,0,12,1,116,116,1,1,1,2,0,25,0,0,-1,-1,-1,-1,0,0,0,0,0,0,-1,0,21,0,1,101,-1,0,1,1,1,2,0,25,0,3,59,62,308,0,370,370,1363,1733,12,1,0,0,0,-1,607271242,"6.18"
"C35397",1,2025-09-11,2025-09-10,5,,-1,0,0,0,0,3,1,0,0,25,0,12,3,336,99,0,0,0,0,0,25,0,0,-1,-1,-1,-1,0,0,0,0,0,0,-1,0,0,-1,-1,-1,-1,0,0,0,0,0,0,-1,0,51,0,51,0,0,51,51,133,184,1,1,0,0,0,-1,607271242,"6.18"
"C35400",1,2025-12-26,2025-12-25,1,,-1,1,0,1,0,5,1,0,0,25,0,22,1,116,101,1,0,1,0,0,25,0,21,1,1,116,-1,100,1,0,1,0,0,25,0,0,-1,-1,-1,-1,0,0,0,0,0,0,-1,0,0,34,34,66,179,279,100,145,245,6,1,1,0,0,-1,607271242,"6.18"
"C35406",1,2026-03-21,2026-03-20,1,,-1,0,0,1,2,56,1,0,0,25,0,22,3,335,312,0,0,1,2,0,25,0,0,-1,-1,-1,-1,0,0,0,0,0,0,-1,0,0,-1,-1,-1,-1,0,0,0,0,0,0,-1,0,67,0,67,0,0,67,67,25,92,1,1,0,0,0,-1,607271242,"6.18"
"C35412",1,2025-10-09,2025-10-08,1,,-1,1,0,1,0,5,1,0,0,25,0,0,-1,-1,-1,0,0,0,0,0,-1,0,0,-1,-1,-1,-1,0,0,0,0,0,0,-1,0,21,1,1,101,-1,357,1,0,1,0,0,25,0,0,0,0,0,0,0,0,3475,3475,8,0,0,1,0,-1,607271242,"6.18"
"C35415",1,2025-09-12,2025-09-11,1,,-1,0,0,0,0,56,2,0,0,25,0,22,3,314,410,0,0,0,0,0,25,0,0,-1,-1,-1,-1,0,0,0,0,0,0,-1,0,0,-1,-1,-1,-1,0,0,0,0,0,0,-1,0,13,0,13,0,0,13,13,2,15,1,1,0,0,12,0,607271242,"6.18"
"C35421",2,2025-09-13,2025-09-12,5,,-1,0,0,0,1,146,1,3,0,25,1,11,1,116,-1,0,0,0,1,1,25,1,0,-1,-1,-1,-1,0,0,0,0,0,0,-1,0,0,-1,-1,-1,-1,0,0,0,0,0,0,-1,0,192,0,192,0,0,192,192,53,245,1,1,0,0,0,-1,607271242,"6.18"
"C35436",1,2025-09-08,2025-09-07,5,,-1,1,1,1,0,5,1,0,0,55,0,0,-1,-1,-1,0,0,0,0,0,-1,0,12,0,3,116,419,157,1,1,1,0,0,55,0,0,-1,-1,-1,-1,0,0,0,0,0,0,-1,0,0,0,0,156,0,156,156,36,192,4,0,0,0,0,-1,607271242,"6.18"
"C35439",1,2025-10-17,2025-10-16,1,,-1,0,0,0,0,147,2,0,0,25,0,0,-1,-1,-1,0,0,0,0,0,-1,0,22,1,1,116,410,3,0,0,0,0,0,25,0,0,-1,-1,-1,-1,0,0,0,0,0,0,-1,0,0,0,0,3,160,163,3,72,75,4,0,1,0,0,-1,607271242,"6.18"
"C35451",2,2025-09-12,2025-09-11,1,,-1,0,0,0,1,5,1,2,0,25,1,0,-1,-1,-1,0,0,0,0,0,-1,0,0,-1,-1,-1,-1,0,0,0,0,0,0,-1,0,0,-1,-1,-1,-1,0,0,0,0,0,0,-1,0,0,0,0,0,0,0,0,0,0,12,0,0,0,12,1,607271242,"6.18"
"C35460",1,2025-10-18,2025-10-17,1,,-1,1,1,1,0,5,1,0,0,55,0,22,1,101,101,1,1,1,0,0,55,0,21,1,2,101,-1,186,1,1,1,0,0,55,0,0,-1,-1,-1,-1,0,0,0,0,0,0,-1,0,0,184,184,15,149,348,199,1065,1264,6,1,1,0,0,-1,607271242,"6.18"
"C35463",1,2025-09-12,2025-09-11,5,,-1,0,0,1,2,2,1,0,0,25,0,12,1,336,313,0,0,1,2,0,25,0,0,-1,-1,-1,-1,0,0,0,0,0,0,-1,0,0,-1,-1,-1,-1,0,0,0,0,0,0,-1,0,112,0,112,0,0,112,112,30,142,1,1,0,0,0,-1,607271242,"6.18"
"C35466",2,2025-09-11,2025-09-10,5,,-1,0,0,0,0,35,1,3,0,25,1,12,1,116,99,0,0,0,0,1,25,1,0,-1,-1,-1,-1,0,0,0,0,0,0,-1,0,0,-1,-1,-1,-1,0,0,0,0,0,0,-1,0,64,0,64,0,0,64,64,24,88,1,1,0,0,0,-1,607271242,"6.18"
"C35481",2,2025-09-14,2025-09-13,5,,-1,0,1,1,0,5,2,1,0,25,0,0,-1,-1,-1,0,0,0,0,0,-1,0,12,1,2,116,420,27,0,1,1,0,0,25,0,0,-1,-1,-1,-1,0,0,0,0,0,0,-1,0,0,0,0,27,122,149,27,150,177,4,0,1,0,0,-1,607271242,"6.18"
"C35487",2,2025-09-19,2025-09-18,5,,-1,0,0,1,1,167,1,3,0,25,1,12,1,335,410,0,0,1,1,1,25,1,0,-1,-1,-1,-1,0,0,0,0,0,0,-1,0,0,-1,-1,-1,-1,0,0,0,0,0,0,-1,0,14,0,14,0,0,14,14,0,14,1,1,0,0,0,-1,607271242,"6.18"
"C35499",2,2026-02-01,2026-01-31,1,,-1,0,0,0,2,5,1,1,0,25,1,22,1,336,99,0,0,0,2,0,25,1,0,-1,-1,-1,-1,0,0,0,0,0,0,-1,0,0,-1,-1,-1,-1,0,0,0,0,0,0,-1,0,19,0,19,0,0,19,19,59,78,1,1,0,0,0,-1,607271242,"6.18"
"C35508",1,2025-09-15,2025-09-14,5,,-1,0,0,0,0,5,1,0,0,55,0,12,1,116,422,0,0,0,0,0,55,0,0,-1,-1,-1,-1,0,0,0,0,0,0,-1,0,0,-1,-1,-1,-1,0,0,0,0,0,0,-1,0,32,0,32,0,0,32,32,0,32,1,1,0,0,0,-1,607271242,"6.18"
"C35511",1,2025-10-04,2025-10-03,1,,-1,0,0,1,0,3,1,0,0,55,0,0,-1,-1,-1,0,0,0,0,0,-1,0,21,1,1,101,-1,1,0,0,1,0,0,55,0,0,-1,-1,-1,-1,0,0,0,0,0,0,-1,0,0,0,0,1,361,362,1,31,32,4,0,1,0,0,-1,607271242,"6.18"
"C35514",1,2025-09-13,2025-09-12,5,,-1,4,0,0,0,5,1,0,0,25,0,12,1,116,422,0,0,0,0,0,25,0,0,-1,-1,-1,-1,0,0,0,0,0,0,-1,0,0,-1,-1,-1,-1,0,0,0,0,0,0,-1,0,25,0,25,0,0,25,25,365,390,1,1,0,0,0,-1,607271242,"6.18"
"C35517",1,2025-09-13,2025-09-12,5,,-1,4,0,0,0,5,1,0,0,55,0,12,1,116,434,0,0,0,0,0,55,0,0,-1,-1,-1,-1,0,0,0,0,0,0,-1,0,0,-1,-1,-1,-1,0,0,0,0,0,0,-1,0,175,0,175,0,0,175,175,365,540,1,1,0,0,0,-1,607271242,"6.18"
"C35520",1,2025-09-14,2025-09-13,5,,-1,0,0,0,0,5,1,0,0,55,0,12,3,206,98,0,0,0,0,0,55,0,0,-1,-1,-1,-1,0,0,0,0,0,0,-1,0,0,-1,-1,-1,-1,0,0,0,0,0,0,-1,0,37,0,37,0,0,37,37,0,37,1,1,0,0,0,-1,607271242,"6.18"
"C35523",3,2025-09-12,2025-09-11,5,,-1,0,0,0,0,235,0,1,0,-1,0,12,1,410,410,0,0,0,0,0,-1,0,0,-1,-1,-1,-1,0,0,0,0,0,0,-1,0,0,-1,-1,-1,-1,0,0,0,0,0,0,-1,0,34,0,34,0,0,34,34,0,34,1,1,0,0,0,-1,607271242,"6.18"
"C35526",1,2025-09-19,2025-09-18,5,,-1,9,1,1,2,5,1,0,0,25,0,0,-1,-1,-1,0,0,0,0,0,-1,0,12,1,2,101,410,23,0,1,1,2,0,25,0,0,-1,-1,-1,-1,0,0,0,0,0,0,-1,0,0,0,0,23,79,102,23,8,31,4,0,1,0,0,-1,607271242,"6.18"
"C35532",1,2025-09-15,2025-09-14,5,,-1,0,0,0,0,3,1,0,0,24,0,12,1,116,423,0,0,0,0,0,24,0,0,-1,-1,-1,-1,0,0,0,0,0,0,-1,0,0,-1,-1,-1,-1,0,0,0,0,0,0,-1,0,22,0,22,0,0,22,22,3,25,1,1,0,0,0,-1,607271242,"6.18"
"C35538",1,2025-09-21,2025-09-20,5,,-1,1,0,1,2,236,1,0,0,55,0,0,-1,-1,-1,0,0,0,0,0,-1,0,12,0,1,116,204,134,1,0,1,2,0,55,0,0,-1,-1,-1,-1,0,0,0,0,0,0,-1,0,0,0,0,133,0,133,133,37,170,4,0,0,0,0,-1,607271242,"6.18"
"C35541",1,2025-10-23,2025-10-22,1,,-1,0,0,0,0,3,1,0,0,25,0,22,1,207,101,0,0,0,0,0,25,0,0,-1,-1,-1,-1,0,0,0,0,0,0,-1,0,0,-1,-1,-1,-1,0,0,0,0,0,0,-1,0,21,0,21,0,0,21,21,36,57,1,1,0,0,0,-1,607271242,"6.18"
"C35544",1,2025-09-15,2025-09-14,5,,-1,1,0,1,1,5,1,0,0,24,0,12,1,336,423,1,0,1,1,0,24,0,0,-1,-1,-1,-1,0,0,0,0,0,0,-1,0,0,-1,-1,-1,-1,0,0,0,0,0,0,-1,0,57,0,57,0,0,57,57,10,67,1,1,0,0,0,-1,607271242,"6.18"
"C35547",1,2025-09-15,2025-09-14,5,,-1,9,0,1,0,5,1,0,0,25,0,12,1,116,99,0,0,1,0,0,25,0,21,1,1,116,-1,99,0,0,1,0,0,25,0,0,-1,-1,-1,-1,0,0,0,0,0,0,-1,0,102,0,102,27,247,376,129,9,138,5,1,1,0,0,-1,607271242,"6.18"
"C35550",1,2025-09-17,2025-09-16,5,,-1,0,0,0,0,5,1,0,0,25,0,12,3,116,99,0,0,0,0,0,25,0,0,-1,-1,-1,-1,0,0,0,0,0,0,-1,0,0,-1,-1,-1,-1,0,0,0,0,0,0,-1,0,98,0,98,0,0,98,98,0,98,1,1,0,0,0,-1,607271242,"6.18"
"C35553",1,2025-09-20,2025-09-19,5,,-1,0,1,0,0,3,1,0,0,55,0,12,1,101,428,0,1,0,0,0,55,0,0,-1,-1,-1,-1,0,0,0,0,0,0,-1,0,0,-1,-1,-1,-1,0,0,0,0,0,0,-1,0,123,0,123,0,0,123,123,78,201,1,1,0,0,0,-1,607271242,"6.18"
"C35556",1,2025-10-04,2025-10-03,5,"NXS11321891",-1,0,0,0,0,237,1,0,0,25,0,22,1,336,99,0,0,0,0,0,25,0,0,-1,-1,-1,-1,0,0,0,0,0,0,-1,0,0,-1,-1,-1,-1,0,0,0,0,0,0,-1,0,80,0,80,0,0,80,80,0,80,1,1,0,0,0,-1,607271242,"6.18"
"C35562",1,2025-09-17,2025-09-16,5,,-1,0,0,1,0,5,1,0,0,55,0,12,1,206,204,0,0,1,0,0,55,0,0,-1,-1,-1,-1,0,0,0,0,0,0,-1,0,0,-1,-1,-1,-1,0,0,0,0,0,0,-1,0,17,0,17,0,0,17,17,6,23,1,1,0,0,0,-1,607271242,"6.18"
"C35565",1,2025-09-18,2025-09-17,5,,-1,4,0,0,0,35,1,0,0,25,0,12,1,116,313,0,0,0,0,0,25,0,0,-1,-1,-1,-1,0,0,0,0,0,0,-1,0,0,-1,-1,-1,-1,0,0,0,0,0,0,-1,0,118,0,118,0,0,118,118,322,440,1,1,0,0,0,-1,607271242,"6.18"
"C35574",1,2025-09-25,2025-09-03,5,"NXS10921830",-1,0,0,0,0,56,1,0,0,18,0,12,3,116,431,0,0,0,0,0,18,0,0,-1,-1,-1,-1,0,0,0,0,0,0,-1,0,0,-1,-1,-1,-1,0,0,0,0,0,0,-1,0,146,0,146,0,0,146,146,90,236,1,1,0,0,0,-1,607271242,"6.18"
"C35577",1,2025-09-17,2025-09-16,5,,-1,0,0,0,0,5,1,0,0,25,0,12,1,116,99,0,0,0,0,0,25,0,22,1,1,116,410,21,0,0,0,0,0,25,0,0,-1,-1,-1,-1,0,0,0,0,0,0,-1,0,34,0,34,12,126,172,46,262,308,5,1,1,0,0,-1,607271242,"6.18"
"C35580",1,2025-10-16,2025-10-15,1,,-1,1,0,1,0,3,1,0,0,55,0,0,-1,-1,-1,0,0,0,0,0,-1,0,22,1,1,116,410,2,1,0,1,0,0,55,0,0,-1,-1,-1,-1,0,0,0,0,0,0,-1,0,0,0,0,2,175,177,2,438,440,4,0,1,0,0,-1,607271242,"6.18"
"C35583",1,2025-09-18,2025-09-17,5,,-1,0,1,1,0,5,1,0,0,55,0,12,1,99,422,0,1,1,0,0,55,0,22,0,2,101,99,104,0,1,1,0,0,55,0,0,-1,-1,-1,-1,0,0,0,0,0,0,-1,0,100,0,100,29,0,129,129,44,173,5,1,0,0,0,-1,607271242,"6.18"
"C35586",1,2025-09-25,2025-09-24,1,,-1,1,0,1,0,246,1,0,0,25,0,0,-1,-1,-1,0,0,0,0,0,-1,0,0,-1,-1,-1,-1,0,0,0,0,0,0,-1,0,0,-1,-1,-1,-1,0,0,0,0,0,0,-1,0,0,0,0,0,0,0,0,0,0,12,0,0,0,12,0,607271242,"6.18"
"C35589",1,2025-09-08,2025-09-07,5,,-1,0,0,1,0,5,1,0,0,25,0,12,3,116,423,0,0,1,0,0,25,0,0,-1,-1,-1,-1,0,0,0,0,0,0,-1,0,0,-1,-1,-1,-1,0,0,0,0,0,0,-1,0,43,0,43,0,0,43,43,15,58,1,1,0,0,0,-1,607271242,"6.18"
"C35592",1,2025-09-20,2025-09-19,5,,-1,0,1,1,0,5,1,0,0,25,0,0,-1,-1,-1,0,0,0,0,0,-1,0,11,1,2,101,-1,22,0,1,1,0,0,25,0,0,-1,-1,-1,-1,0,0,0,0,0,0,-1,0,0,0,0,22,354,376,22,17,39,4,0,1,0,0,-1,607271242,"6.18"
"C35607",1,2025-11-06,2025-11-05,1,,-1,0,0,1,0,5,1,0,0,25,0,0,-1,-1,-1,0,0,0,0,0,-1,0,22,1,3,116,410,2,0,0,1,0,0,25,0,0,-1,-1,-1,-1,0,0,0,0,0,0,-1,0,0,0,0,2,68,70,2,125,127,4,0,1,0,0,-1,607271242,"6.18"
"C35610",1,2025-09-04,2025-09-03,5,,-1,0,0,1,0,3,1,0,0,55,0,12,1,206,431,0,0,1,0,0,55,0,0,-1,-1,-1,-1,0,0,0,0,0,0,-1,0,0,-1,-1,-1,-1,0,0,0,0,0,0,-1,0,44,0,44,0,0,44,44,0,44,1,1,0,0,0,-1,607271242,"6.18"
"C35613",1,2025-09-19,2025-09-18,5,,-1,4,0,0,0,5,1,0,0,25,0,12,1,116,423,0,0,0,0,0,25,0,0,-1,-1,-1,-1,0,0,0,0,0,0,-1,0,0,-1,-1,-1,-1,0,0,0,0,0,0,-1,0,163,0,163,0,0,163,163,68,231,1,1,0,0,0,-1,607271242,"6.18"
"C35616",1,2025-09-19,2025-09-18,5,,-1,0,0,1,0,3,1,0,0,25,0,12,1,205,423,0,0,1,0,0,25,0,0,-1,-1,-1,-1,0,0,0,0,0,0,-1,0,0,-1,-1,-1,-1,0,0,0,0,0,0,-1,0,28,0,28,0,0,28,28,0,28,1,1,0,0,0,-1,607271242,"6.18"
"C35619",1,2025-09-19,2025-09-18,5,,-1,9,1,1,0,5,1,0,0,55,0,0,-1,-1,-1,0,0,0,0,0,-1,0,11,2,3,101,-1,10,0,1,1,0,0,55,0,0,-1,-1,-1,-1,0,0,0,0,0,0,-1,0,0,0,0,10,367,377,10,6,16,4,0,1,0,0,-1,607271242,"6.18"
"C35622",2,2025-09-15,2025-09-14,5,,-1,0,0,1,0,256,1,1,0,25,1,12,1,116,99,0,0,1,0,0,25,1,0,-1,-1,-1,-1,0,0,0,0,0,0,-1,0,0,-1,-1,-1,-1,0,0,0,0,0,0,-1,0,31,0,31,0,0,31,31,3,34,1,1,0,0,0,-1,607271242,"6.18"
"C35628",2,2025-10-02,2025-10-01,1,,-1,0,0,0,0,5,1,2,0,25,1,0,-1,-1,-1,0,0,0,0,0,-1,0,0,-1,-1,-1,-1,0,0,0,0,0,0,-1,0,0,-1,-1,-1,-1,0,0,0,0,0,0,-1,0,0,0,0,0,0,0,0,0,0,12,0,0,0,22,1,607271242,"6.18"
"C35637",2,2025-09-15,2025-09-14,5,,-1,9,0,1,0,3,1,1,0,25,1,12,1,116,410,0,0,1,0,0,25,1,0,-1,-1,-1,-1,0,0,0,0,0,0,-1,0,0,-1,-1,-1,-1,0,0,0,0,0,0,-1,0,89,0,89,0,0,89,89,105,194,1,1,0,0,0,-1,607271242,"6.18"
"C35643",1,2025-09-27,2025-09-26,5,,-1,0,0,1,0,5,1,0,0,25,0,0,-1,-1,-1,0,0,0,0,0,-1,0,11,0,3,335,-1,369,0,0,1,0,0,25,0,0,-1,-1,-1,-1,0,0,0,0,0,0,-1,0,0,0,0,369,0,369,369,0,369,4,0,0,0,0,-1,607271242,"6.18"
"C35646",2,2025-12-31,2025-12-30,1,,-1,0,0,1,0,5,1,1,0,25,1,22,3,335,431,0,0,1,0,0,25,1,0,-1,-1,-1,-1,0,0,0,0,0,0,-1,0,0,-1,-1,-1,-1,0,0,0,0,0,0,-1,0,122,0,122,0,0,122,122,25,147,1,1,0,0,22,1,607271242,"6.18"
"C35652",2,2025-09-18,2025-09-17,5,,-1,4,0,0,0,5,1,1,0,25,1,12,1,101,302,0,0,0,0,0,25,1,0,-1,-1,-1,-1,0,0,0,0,0,0,-1,0,0,-1,-1,-1,-1,0,0,0,0,0,0,-1,0,82,0,82,0,0,82,82,0,82,1,1,0,0,0,-1,607271242,"6.18"
"C35661",2,2025-09-26,2025-09-25,5,,-1,0,0,0,0,5,2,3,0,25,1,0,-1,-1,-1,0,0,0,0,0,-1,0,12,1,3,314,431,38,0,0,0,0,1,25,1,0,-1,-1,-1,-1,0,0,0,0,0,0,-1,0,0,0,0,38,16,54,38,0,38,4,0,1,0,0,-1,607271242,"6.18"
"C35679",1,2025-09-19,2025-09-18,5,,-1,0,0,0,0,5,1,0,0,18,0,12,1,116,313,0,0,0,0,0,18,0,0,-1,-1,-1,-1,0,0,0,0,0,0,-1,0,0,-1,-1,-1,-1,0,0,0,0,0,0,-1,0,17,0,17,0,0,17,17,77,94,1,1,0,0,0,-1,607271242,"6.18"
"C35682",1,2025-09-20,2025-09-19,5,,-1,0,0,0,0,5,1,0,0,25,0,12,1,314,423,0,0,0,0,0,25,0,0,-1,-1,-1,-1,0,0,0,0,0,0,-1,0,0,-1,-1,-1,-1,0,0,0,0,0,0,-1,0,144,0,144,0,0,144,144,0,144,1,1,0,0,0,-1,607271242,"6.18"
"C35685",2,2025-08-25,2025-08-24,5,,-1,0,0,0,0,346,1,2,0,25,1,12,1,118,410,0,0,0,0,0,25,1,0,-1,-1,-1,-1,0,0,0,0,0,0,-1,0,0,-1,-1,-1,-1,0,0,0,0,0,0,-1,0,68,0,68,0,0,68,68,31,99,1,1,0,0,0,-1,607271242,"6.18"
"C35694",1,2025-10-05,2025-10-04,1,,-1,1,1,1,0,5,1,0,0,25,0,22,1,101,312,1,1,1,0,0,25,0,0,-1,-1,-1,-1,0,0,0,0,0,0,-1,0,0,-1,-1,-1,-1,0,0,0,0,0,0,-1,0,157,0,157,0,0,157,157,335,492,1,1,0,0,0,-1,607271242,"6.18"
"C35697",1,2025-09-06,2025-09-05,5,,-1,4,0,0,0,5,1,0,0,25,0,0,-1,-1,-1,0,0,0,0,0,-1,0,12,2,1,101,410,2,0,0,0,0,0,25,0,0,-1,-1,-1,-1,0,0,0,0,0,0,-1,0,0,0,0,2,181,183,2,1251,1253,4,0,1,0,0,-1,607271242,"6.18"
"C35700",1,2025-09-20,2025-09-19,5,,-1,1,0,1,2,3,1,0,0,25,0,12,1,101,99,1,0,1,2,0,25,0,21,1,1,116,-1,16,1,0,1,2,0,25,0,0,-1,-1,-1,-1,0,0,0,0,0,0,-1,0,47,0,47,15,156,218,62,328,390,5,1,1,0,0,-1,607271242,"6.18"
"C35703",1,2025-09-19,2025-09-18,5,,-1,0,0,0,0,347,1,0,0,55,0,12,1,314,99,0,0,0,0,0,55,0,0,-1,-1,-1,-1,0,0,0,0,0,0,-1,0,0,-1,-1,-1,-1,0,0,0,0,0,0,-1,0,15,0,15,0,0,15,15,6,21,1,1,0,0,0,-1,607271242,"6.18"
"C35706",2,2025-09-20,2025-09-19,5,,-1,0,0,0,1,5,1,2,0,25,1,12,1,336,431,0,0,0,1,0,25,1,0,-1,-1,-1,-1,0,0,0,0,0,0,-1,0,0,-1,-1,-1,-1,0,0,0,0,0,0,-1,0,119,0,119,0,0,119,119,0,119,1,1,0,0,0,-1,607271242,"6.18"
"C35715",2,2025-08-18,2025-08-17,5,,-1,0,0,0,1,3,1,2,0,25,1,12,1,335,302,0,0,0,1,0,25,1,0,-1,-1,-1,-1,0,0,0,0,0,0,-1,0,0,-1,-1,-1,-1,0,0,0,0,0,0,-1,0,71,0,71,0,0,71,71,19,90,1,1,0,0,0,-1,607271242,"6.18"
"C35724",1,2025-09-19,2025-09-18,5,,-1,0,0,1,0,3,1,0,0,24,0,12,1,116,410,0,0,1,0,0,24,0,0,-1,-1,-1,-1,0,0,0,0,0,0,-1,0,0,-1,-1,-1,-1,0,0,0,0,0,0,-1,0,48,0,48,0,0,48,48,2,50,1,1,0,0,0,-1,607271242,"6.18"
"C35727",1,2026-05-09,2026-05-08,1,,-1,0,0,1,0,5,1,0,0,55,0,0,-1,-1,-1,0,0,0,0,0,-1,0,21,1,3,116,-1,0,0,0,1,0,0,55,0,0,-1,-1,-1,-1,0,0,0,0,0,0,-1,0,0,0,0,0,145,145,0,250,250,4,0,1,0,0,-1,607271242,"6.18"
"C35730",1,2025-09-21,2025-09-20,5,,-1,0,0,0,0,3,1,0,0,25,0,12,1,116,422,0,0,0,0,0,25,0,0,-1,-1,-1,-1,0,0,0,0,0,0,-1,0,0,-1,-1,-1,-1,0,0,0,0,0,0,-1,0,44,0,44,0,0,44,44,18,62,1,1,0,0,0,-1,607271242,"6.18"
"C35733",1,2025-09-27,2025-09-26,5,,-1,0,0,0,0,357,1,0,0,25,0,0,-1,-1,-1,0,0,0,0,0,-1,0,11,0,3,410,-1,369,0,0,0,0,0,25,0,0,-1,-1,-1,-1,0,0,0,0,0,0,-1,0,0,0,0,369,0,369,369,0,369,4,0,0,0,0,-1,607271242,"6.18"
"C35736",2,2025-09-18,2025-09-17,5,,-1,0,0,1,0,3,1,1,0,25,1,0,-1,-1,-1,0,0,0,0,0,-1,0,11,2,1,336,-1,5,0,0,1,0,0,25,1,0,-1,-1,-1,-1,0,0,0,0,0,0,-1,0,0,0,0,5,373,378,5,0,5,4,0,1,0,0,-1,607271242,"6.18"
"C35742",2,2025-09-21,2025-09-20,5,,-1,0,0,0,1,5,1,2,0,25,1,12,1,335,410,0,0,0,1,0,25,1,0,-1,-1,-1,-1,0,0,0,0,0,0,-1,0,0,-1,-1,-1,-1,0,0,0,0,0,0,-1,0,16,0,16,0,0,16,16,0,16,1,1,0,0,0,-1,607271242,"6.18"
"C35751",1,2025-09-22,2025-09-21,5,,-1,0,0,1,0,367,1,0,0,25,0,12,1,99,99,0,0,1,0,0,25,0,0,-1,-1,-1,-1,0,0,0,0,0,0,-1,0,0,-1,-1,-1,-1,0,0,0,0,0,0,-1,0,33,0,33,0,0,33,33,106,139,1,1,0,0,0,-1,607271242,"6.18"
"C35754",1,2026-06-05,2026-06-04,1,,-1,1,0,1,0,5,1,0,0,55,0,0,-1,-1,-1,0,0,0,0,0,-1,0,21,0,3,116,-1,118,1,0,1,0,0,55,0,0,-1,-1,-1,-1,0,0,0,0,0,0,-1,0,0,0,0,118,0,118,118,336,454,4,0,0,0,0,-1,607271242,"6.18"
"C35757",1,2025-09-10,2025-09-09,5,,-1,0,0,0,2,5,1,0,0,25,0,12,1,116,410,0,0,0,2,0,25,0,0,-1,-1,-1,-1,0,0,0,0,0,0,-1,0,0,-1,-1,-1,-1,0,0,0,0,0,0,-1,0,57,0,57,0,0,57,57,6,63,1,1,0,0,0,-1,607271242,"6.18"
"C35760",1,2025-09-10,2025-09-09,5,,-1,6,0,1,1,5,1,0,0,25,0,12,1,116,313,0,0,1,1,0,25,0,0,-1,-1,-1,-1,0,0,0,0,0,0,-1,0,0,-1,-1,-1,-1,0,0,0,0,0,0,-1,0,64,0,64,0,0,64,64,279,343,1,1,0,0,0,-1,607271242,"6.18"
"C35763",1,2025-10-05,2025-10-04,1,,-1,0,0,0,0,5,1,0,0,25,0,0,-1,-1,-1,0,0,0,0,0,-1,0,0,-1,-1,-1,-1,0,0,0,0,0,0,-1,0,0,-1,-1,-1,-1,0,0,0,0,0,0,-1,0,0,0,0,0,0,0,0,45,45,12,0,0,0,22,0,607271242,"6.18"
"C35766",1,2025-09-19,2025-09-18,5,,-1,0,0,0,0,5,1,0,0,25,0,12,3,101,99,0,0,0,0,0,25,0,0,-1,-1,-1,-1,0,0,0,0,0,0,-1,0,0,-1,-1,-1,-1,0,0,0,0,0,0,-1,0,17,0,17,0,0,17,17,2,19,1,1,0,0,0,-1,607271242,"6.18"
"C35769",1,2025-09-14,2025-09-13,5,,-1,0,0,0,1,456,1,0,0,25,0,12,3,336,99,0,0,0,1,0,25,0,0,-1,-1,-1,-1,0,0,0,0,0,0,-1,0,0,-1,-1,-1,-1,0,0,0,0,0,0,-1,0,17,0,17,0,0,17,17,0,17,1,0,0,0,0,-1,607271242,"6.18"
"C35772",2,2026-05-02,2026-05-01,1,,-1,0,0,1,2,5,1,2,0,25,1,0,-1,-1,-1,0,0,0,0,0,-1,0,22,1,1,101,433,70,0,0,1,2,0,25,1,0,-1,-1,-1,-1,0,0,0,0,0,0,-1,0,0,0,0,70,22,92,70,154,224,4,0,1,0,0,-1,607271242,"6.18"
"C35781",1,2025-09-27,2025-09-26,5,,-1,4,0,0,0,5,1,0,0,25,0,0,-1,-1,-1,0,0,0,0,0,-1,0,12,1,3,116,431,44,0,0,0,0,0,25,0,0,-1,-1,-1,-1,0,0,0,0,0,0,-1,0,0,0,0,44,18,62,44,40,84,4,0,1,0,0,-1,607271242,"6.18"
"C35784",1,2025-09-28,2025-09-27,5,,-1,0,0,0,0,5,1,0,0,24,0,12,1,336,206,0,0,0,0,0,24,0,21,1,1,101,-1,2,0,0,0,0,0,24,0,0,-1,-1,-1,-1,0,0,0,0,0,0,-1,0,13,0,13,2,271,286,15,105,120,5,1,1,0,0,-1,607271242,"6.18"
"C35787",2,2025-09-20,2025-09-19,5,,-1,0,1,0,0,457,2,1,0,25,1,0,-1,-1,-1,0,0,0,0,0,-1,0,11,1,1,116,-1,19,0,1,0,0,0,25,1,0,-1,-1,-1,-1,0,0,0,0,0,0,-1,0,0,0,0,19,357,376,19,17,36,4,0,1,0,0,-1,607271242,"6.18"
"C35796",1,2025-09-23,2025-09-22,5,,-1,0,0,1,1,56,1,0,0,24,0,12,1,206,431,0,0,1,1,0,24,0,0,-1,-1,-1,-1,0,0,0,0,0,0,-1,0,0,-1,-1,-1,-1,0,0,0,0,0,0,-1,0,49,0,49,0,0,49,49,150,199,1,1,0,0,0,-1,607271242,"6.18"
"C35799",1,2025-09-24,2025-09-23,5,,-1,1,0,1,0,5,1,0,0,55,0,11,3,206,-1,1,0,1,0,0,55,0,0,-1,-1,-1,-1,0,0,0,0,0,0,-1,0,0,-1,-1,-1,-1,0,0,0,0,0,0,-1,0,372,0,372,0,0,372,372,21,393,1,1,0,0,0,-1,607271242,"6.18"
"C35802",1,2025-09-25,2025-09-24,5,,-1,9,0,1,1,3,1,0,0,25,0,12,1,116,410,0,0,1,1,0,25,0,0,-1,-1,-1,-1,0,0,0,0,0,0,-1,0,0,-1,-1,-1,-1,0,0,0,0,0,0,-1,0,111,0,111,0,0,111,111,85,196,1,1,0,0,0,-1,607271242,"6.18"
"C35808",1,2025-09-25,2025-09-24,5,,-1,0,1,1,0,15,1,0,0,25,0,12,1,116,422,0,1,1,0,0,25,0,0,-1,-1,-1,-1,0,0,0,0,0,0,-1,0,0,-1,-1,-1,-1,0,0,0,0,0,0,-1,0,58,0,58,0,0,58,58,20,78,1,1,0,0,0,-1,607271242,"6.18"
"C35811",1,2025-09-25,2025-09-24,5,,-1,0,0,1,0,5,1,0,0,25,0,12,1,335,422,0,0,1,0,0,25,0,0,-1,-1,-1,-1,0,0,0,0,0,0,-1,0,0,-1,-1,-1,-1,0,0,0,0,0,0,-1,0,13,0,13,0,0,13,13,0,13,1,1,0,0,0,-1,607271242,"6.18"
"C35814",1,2025-09-25,2025-09-24,5,,-1,0,0,1,2,5,1,0,0,25,0,12,1,335,204,0,0,1,2,0,25,0,0,-1,-1,-1,-1,0,0,0,0,0,0,-1,0,0,-1,-1,-1,-1,0,0,0,0,0,0,-1,0,40,0,40,0,0,40,40,0,40,1,1,0,0,0,-1,607271242,"6.18"
"C35817",1,2025-09-21,2025-09-20,5,,-1,0,0,1,0,5,1,0,0,25,0,12,3,207,313,0,0,1,0,0,25,0,0,-1,-1,-1,-1,0,0,0,0,0,0,-1,0,0,-1,-1,-1,-1,0,0,0,0,0,0,-1,0,19,0,19,0,0,19,19,0,19,1,1,0,0,0,-1,607271242,"6.18"
"C35820",1,2025-09-24,2025-09-23,5,,-1,0,0,1,2,56,1,0,0,25,0,12,3,101,205,0,0,1,2,0,25,0,0,-1,-1,-1,-1,0,0,0,0,0,0,-1,0,0,-1,-1,-1,-1,0,0,0,0,0,0,-1,0,51,0,51,0,0,51,51,18,69,1,1,0,0,0,-1,607271242,"6.18"
"C35820",2,2026-03-20,2026-03-19,1,,-1,0,0,1,2,56,1,1,0,25,1,22,3,205,207,0,0,1,2,0,25,1,0,-1,-1,-1,-1,0,0,0,0,0,0,-1,0,0,-1,-1,-1,-1,0,0,0,0,0,0,-1,0,64,0,64,0,0,64,64,63,127,1,1,0,0,0,-1,607271242,"6.18"
"C35823",1,2025-09-22,2025-09-21,5,,-1,4,0,0,0,567,1,0,0,25,0,12,1,98,99,0,0,0,0,0,25,0,0,-1,-1,-1,-1,0,0,0,0,0,0,-1,0,0,-1,-1,-1,-1,0,0,0,0,0,0,-1,0,31,0,31,0,0,31,31,62,93,1,1,0,0,0,-1,607271242,"6.18"
"C35826",1,2025-09-25,2025-09-24,5,,-1,1,0,1,1,5,1,0,0,55,0,0,-1,-1,-1,0,0,0,0,0,-1,0,12,0,3,116,410,134,1,0,1,1,0,55,0,0,-1,-1,-1,-1,0,0,0,0,0,0,-1,0,0,0,0,133,0,133,133,406,539,4,0,0,0,0,-1,607271242,"6.18"
"C35832",1,2025-09-22,2025-09-21,5,,-1,0,0,1,2,15,1,0,0,18,0,12,1,336,410,0,0,1,2,0,18,0,0,-1,-1,-1,-1,0,0,0,0,0,0,-1,0,0,-1,-1,-1,-1,0,0,0,0,0,0,-1,0,40,0,40,0,0,40,40,0,40,1,1,0,0,0,-1,607271242,"6.18"
"C35835",2,2025-09-25,2025-09-24,5,,-1,0,0,0,0,3,1,2,0,25,0,0,-1,-1,-1,0,0,0,0,0,-1,0,11,1,1,335,-1,44,0,0,0,0,0,25,0,0,-1,-1,-1,-1,0,0,0,0,0,0,-1,0,0,0,0,44,327,371,44,13,57,4,0,1,0,0,-1,607271242,"6.18"
"C35844",1,2025-12-11,2025-12-10,1,,-1,0,0,1,0,5,1,0,0,55,0,0,-1,-1,-1,0,0,0,0,0,-1,0,21,0,3,336,-1,294,0,0,1,0,0,55,0,0,-1,-1,-1,-1,0,0,0,0,0,0,-1,0,0,0,0,294,0,294,294,0,294,4,0,0,0,0,-1,607271242,"6.18"
"C35847",1,2025-12-29,2025-12-28,1,,-1,1,0,1,0,5,1,0,0,25,0,0,-1,-1,-1,0,0,0,0,0,-1,0,21,1,1,116,-1,161,1,0,1,0,0,25,0,0,-1,-1,-1,-1,0,0,0,0,0,0,-1,0,0,0,0,161,115,276,161,209,370,4,0,1,0,0,-1,607271242,"6.18"
"C35853",2,2025-10-03,2025-10-02,1,,-1,0,0,0,0,5,1,1,0,25,1,0,-1,-1,-1,0,0,0,0,0,-1,0,22,1,3,314,431,17,0,0,0,0,0,25,1,0,-1,-1,-1,-1,0,0,0,0,0,0,-1,0,0,0,0,17,26,43,17,0,17,4,0,1,0,0,-1,607271242,"6.18"
"C35859",2,2025-09-13,2025-09-12,5,,-1,0,0,0,0,2,1,1,0,25,1,12,1,314,312,0,0,0,0,0,25,1,0,-1,-1,-1,-1,0,0,0,0,0,0,-1,0,0,-1,-1,-1,-1,0,0,0,0,0,0,-1,0,55,0,55,0,0,55,55,0,55,1,1,0,0,0,-1,607271242,"6.18"
"C35865",1,2025-11-10,2025-11-09,1,,-1,0,0,0,0,3,1,0,0,25,0,22,1,99,99,0,0,0,0,0,25,0,0,-1,-1,-1,-1,0,0,0,0,0,0,-1,0,0,-1,-1,-1,-1,0,0,0,0,0,0,-1,0,3,0,3,0,0,3,3,77,80,1,1,0,0,0,-1,607271242,"6.18"
"C35865",2,2025-09-26,2025-09-25,5,,-1,0,0,0,0,3,1,2,0,25,1,12,1,336,99,0,0,0,0,0,25,1,22,1,1,101,207,2,0,0,0,0,0,25,1,0,-1,-1,-1,-1,0,0,0,0,0,0,-1,0,10,0,10,2,187,199,12,78,90,5,1,1,0,0,-1,607271242,"6.18"
"C35874",1,2025-09-26,2025-09-25,5,,-1,0,0,1,0,5,1,0,0,25,0,12,1,336,99,0,0,1,0,0,25,0,0,-1,-1,-1,-1,0,0,0,0,0,0,-1,0,0,-1,-1,-1,-1,0,0,0,0,0,0,-1,0,23,0,23,0,0,23,23,3,26,1,1,0,0,0,-1,607271242,"6.18"
"C35877",1,2025-09-25,2025-09-24,5,,-1,0,0,0,0,3,1,0,0,25,0,12,1,116,98,0,0,0,0,0,25,0,0,-1,-1,-1,-1,0,0,0,0,0,0,-1,0,0,-1,-1,-1,-1,0,0,0,0,0,0,-1,0,19,0,19,0,0,19,19,0,19,1,1,0,0,0,-1,607271242,"6.18"
"C35880",2,2025-10-20,2025-10-19,1,,-1,0,0,0,1,3,1,2,0,25,1,0,-1,-1,-1,0,0,0,0,0,-1,0,0,-1,-1,-1,-1,0,0,0,0,0,0,-1,0,0,-1,-1,-1,-1,0,0,0,0,0,0,-1,0,0,0,0,0,0,0,0,0,0,12,0,0,0,22,1,607271242,"6.18"
"C35892",2,2025-09-22,2025-09-21,5,,-1,0,0,1,1,3,1,2,0,25,1,12,1,314,312,0,0,1,1,0,25,1,0,-1,-1,-1,-1,0,0,0,0,0,0,-1,0,0,-1,-1,-1,-1,0,0,0,0,0,0,-1,0,126,0,126,0,0,126,126,18,144,1,1,0,0,0,-1,607271242,"6.18"
"C35904",1,2025-09-27,2025-09-26,5,,-1,0,0,0,0,5,1,0,0,55,0,12,1,336,116,0,0,0,0,0,55,0,0,-1,-1,-1,-1,0,0,0,0,0,0,-1,0,0,-1,-1,-1,-1,0,0,0,0,0,0,-1,0,82,0,82,0,0,82,82,34,116,1,1,0,0,0,-1,607271242,"6.18"
"C35907",1,2025-09-27,2025-09-26,5,,-1,0,0,0,0,3,1,0,0,25,0,12,1,116,99,0,0,0,0,0,25,0,0,-1,-1,-1,-1,0,0,0,0,0,0,-1,0,0,-1,-1,-1,-1,0,0,0,0,0,0,-1,0,86,0,86,0,0,86,86,138,224,1,1,0,0,0,-1,607271242,"6.18"
"C35910",1,2025-10-02,2025-10-01,1,,-1,1,0,1,0,5,1,0,0,25,0,22,1,99,99,1,0,1,0,0,25,0,0,-1,-1,-1,-1,0,0,0,0,0,0,-1,0,0,-1,-1,-1,-1,0,0,0,0,0,0,-1,0,78,0,78,0,0,78,78,3329,3407,1,1,0,0,0,-1,607271242,"6.18"
"C35913",1,2025-09-28,2025-09-27,5,,-1,9,0,1,0,3,1,0,0,25,0,12,3,99,99,0,0,1,0,0,25,0,0,-1,-1,-1,-1,0,0,0,0,0,0,-1,0,0,-1,-1,-1,-1,0,0,0,0,0,0,-1,0,18,0,18,0,0,18,18,0,18,1,1,0,0,0,-1,607271242,"6.18"
"C35916",2,2025-09-26,2025-09-25,5,,-1,0,0,0,0,56,1,2,0,25,1,12,3,101,411,0,0,0,0,0,25,1,0,-1,-1,-1,-1,0,0,0,0,0,0,-1,0,0,-1,-1,-1,-1,0,0,0,0,0,0,-1,0,42,0,42,0,0,42,42,0,42,1,1,0,0,0,-1,607271242,"6.18"
"C35925",1,2025-09-29,2025-09-28,5,,-1,0,1,0,0,6,1,0,0,55,0,12,1,206,411,0,1,0,0,0,55,0,0,-1,-1,-1,-1,0,0,0,0,0,0,-1,0,0,-1,-1,-1,-1,0,0,0,0,0,0,-1,0,16,0,16,0,0,16,16,5,21,1,1,0,0,0,-1,607271242,"6.18"
"C35928",1,2025-09-29,2025-09-28,5,,-1,0,1,0,0,5,1,0,0,25,0,12,3,206,434,0,1,0,0,0,25,0,0,-1,-1,-1,-1,0,0,0,0,0,0,-1,0,0,-1,-1,-1,-1,0,0,0,0,0,0,-1,0,302,0,302,0,0,302,302,0,302,1,1,0,0,0,-1,607271242,"6.18"
"C35931",1,2025-10-09,2025-10-08,1,,-1,0,0,0,0,3,1,0,0,18,0,0,-1,-1,-1,0,0,0,0,0,-1,0,22,1,1,101,410,7,0,0,0,0,0,18,0,0,-1,-1,-1,-1,0,0,0,0,0,0,-1,0,0,0,0,7,142,149,7,8,15,4,0,1,0,0,-1,607271242,"6.18"
"C35934",2,2025-09-27,2025-09-26,5,,-1,0,0,0,0,1,1,2,0,25,1,12,1,336,99,0,0,0,0,0,25,1,0,-1,-1,-1,-1,0,0,0,0,0,0,-1,0,0,-1,-1,-1,-1,0,0,0,0,0,0,-1,0,71,0,71,0,0,71,71,55,126,1,1,0,0,0,-1,607271242,"6.18"
"C35943",2,2026-07-13,2026-07-12,1,,-1,0,0,0,2,5,2,3,0,25,1,21,1,116,-1,0,0,0,2,1,25,1,0,-1,-1,-1,-1,0,0,0,0,0,0,-1,0,0,-1,-1,-1,-1,0,0,0,0,0,0,-1,0,80,0,80,0,0,80,80,17,97,1,1,0,0,0,-1,607271242,"6.18"
"C35961",1,2025-10-03,2025-10-02,1,,-1,0,0,0,0,5,1,0,0,25,0,0,-1,-1,-1,0,0,0,0,0,-1,0,22,0,3,116,312,127,0,0,0,0,0,25,0,0,-1,-1,-1,-1,0,0,0,0,0,0,-1,0,0,0,0,126,0,126,126,68,194,4,0,0,0,0,-1,607271242,"6.18"
"C35964",1,2025-10-01,2025-09-30,1,,-1,0,0,0,0,5,1,0,0,25,0,22,1,118,422,0,0,0,0,0,25,0,0,-1,-1,-1,-1,0,0,0,0,0,0,-1,0,0,-1,-1,-1,-1,0,0,0,0,0,0,-1,0,15,0,15,0,0,15,15,0,15,1,1,0,0,0,-1,607271242,"6.18"
"C35970",1,2025-10-02,2025-10-01,1,,-1,0,0,0,0,3,1,0,0,25,0,22,3,118,99,0,0,0,0,0,25,0,0,-1,-1,-1,-1,0,0,0,0,0,0,-1,0,0,-1,-1,-1,-1,0,0,0,0,0,0,-1,0,41,0,41,0,0,41,41,3,44,1,1,0,0,0,-1,607271242,"6.18"
"C35973",1,2025-10-02,2025-10-01,1,,-1,0,0,1,2,5,1,0,0,25,0,22,1,410,410,0,0,1,2,0,25,0,0,-1,-1,-1,-1,0,0,0,0,0,0,-1,0,0,-1,-1,-1,-1,0,0,0,0,0,0,-1,0,202,0,202,0,0,202,202,0,202,1,1,0,0,0,-1,607271242,"6.18"
"C35976",1,2025-10-03,2025-10-02,1,,-1,0,0,1,1,13,1,0,0,18,0,22,1,206,423,0,0,1,1,0,18,0,0,-1,-1,-1,-1,0,0,0,0,0,0,-1,0,0,-1,-1,-1,-1,0,0,0,0,0,0,-1,0,13,0,13,0,0,13,13,0,13,1,1,0,0,0,-1,607271242,"6.18"
"C35979",1,2025-10-03,2025-10-02,1,,-1,6,0,1,1,5,1,0,0,55,0,22,1,116,99,0,0,1,1,0,55,0,22,1,1,101,420,195,0,0,1,1,0,55,0,0,-1,-1,-1,-1,0,0,0,0,0,0,-1,0,113,0,113,92,17,222,205,112,317,5,1,1,0,0,-1,607271242,"6.18"
"C35982",2,2025-10-01,2025-09-30,1,,-1,0,0,1,0,3,1,2,0,25,1,22,1,101,99,0,0,1,0,0,25,1,0,-1,-1,-1,-1,0,0,0,0,0,0,-1,0,0,-1,-1,-1,-1,0,0,0,0,0,0,-1,0,23,0,23,0,0,23,23,4,27,1,1,0,0,0,-1,607271242,"6.18"
"C35991",1,2025-10-20,2025-10-19,1,,-1,0,0,1,1,5,1,0,0,25,0,22,1,336,99,0,0,1,1,0,25,0,0,-1,-1,-1,-1,0,0,0,0,0,0,-1,0,0,-1,-1,-1,-1,0,0,0,0,0,0,-1,0,5,0,5,0,0,5,5,0,5,1,1,0,0,0,-1,607271242,"6.18"
"C35994",1,2025-10-03,2025-10-02,1,,-1,0,0,1,2,15,1,0,0,55,0,22,1,116,99,0,0,1,2,0,55,0,0,-1,-1,-1,-1,0,0,0,0,0,0,-1,0,0,-1,-1,-1,-1,0,0,0,0,0,0,-1,0,23,0,23,0,0,23,23,83,106,1,1,0,0,0,-1,607271242,"6.18"
"C35997",3,2025-09-16,2025-09-15,5,,-1,0,0,1,0,5,0,1,0,-1,0,12,1,116,99,0,0,1,0,0,-1,0,0,-1,-1,-1,-1,0,0,0,0,0,0,-1,0,0,-1,-1,-1,-1,0,0,0,0,0,0,-1,0,0,27,27,0,0,27,27,2,29,2,1,0,0,0,-1,607271242,"6.18"
"C36000",3,2025-09-21,2025-09-20,5,,-1,0,0,1,0,5,0,1,0,-1,0,12,1,335,206,0,0,1,0,0,-1,0,0,-1,-1,-1,-1,0,0,0,0,0,0,-1,0,0,-1,-1,-1,-1,0,0,0,0,0,0,-1,0,0,17,17,0,0,17,17,0,17,2,1,0,0,0,-1,607271242,"6.18"
"C36003",1,2025-12-20,2025-12-19,1,,-1,0,0,1,0,3,1,0,0,55,0,22,1,116,225,0,0,1,0,0,55,0,0,-1,-1,-1,-1,0,0,0,0,0,0,-1,0,0,-1,-1,-1,-1,0,0,0,0,0,0,-1,0,83,0,83,0,0,83,83,154,237,1,1,0,0,0,-1,607271242,"6.18"
"C36006",2,2025-10-03,2025-10-02,1,,-1,0,0,0,1,15,1,1,0,25,1,22,1,314,410,0,0,0,1,0,25,1,0,-1,-1,-1,-1,0,0,0,0,0,0,-1,0,0,-1,-1,-1,-1,0,0,0,0,0,0,-1,0,78,0,78,0,0,78,78,12,90,1,1,0,0,0,-1,607271242,"6.18"
"C36012",1,2025-10-03,2025-10-02,1,,-1,0,0,0,0,5,1,0,0,25,0,22,1,116,98,0,0,0,0,0,25,0,0,-1,-1,-1,-1,0,0,0,0,0,0,-1,0,0,-1,-1,-1,-1,0,0,0,0,0,0,-1,0,53,0,53,0,0,53,53,6,59,1,1,0,0,0,-1,607271242,"6.18"
"C36015",1,2025-10-04,2025-10-03,1,,-1,0,0,0,0,3,1,0,0,25,0,22,1,336,423,0,0,0,0,0,25,0,0,-1,-1,-1,-1,0,0,0,0,0,0,-1,0,0,-1,-1,-1,-1,0,0,0,0,0,0,-1,0,26,0,26,0,0,26,26,0,26,1,1,0,0,0,-1,607271242,"6.18"
"C36024",1,2025-10-04,2025-10-03,1,,-1,1,0,1,2,16,1,0,0,55,0,22,1,116,99,1,0,1,2,0,55,0,22,0,1,101,423,31,1,0,1,2,0,55,0,0,-1,-1,-1,-1,0,0,0,0,0,0,-1,0,187,0,187,30,0,217,217,321,538,5,1,0,0,0,-1,607271242,"6.18"
"C36027",2,2025-10-05,2025-10-04,1,,-1,0,0,1,2,5,1,2,0,25,1,0,-1,-1,-1,0,0,0,0,0,-1,0,22,0,3,336,99,193,0,0,1,2,0,25,1,0,-1,-1,-1,-1,0,0,0,0,0,0,-1,0,0,0,0,192,0,192,192,0,192,4,0,0,0,0,-1,607271242,"6.18"
"C36036",1,2025-10-04,2025-10-03,1,,-1,4,0,0,2,5,1,0,0,25,0,22,1,204,423,0,0,0,2,0,25,0,0,-1,-1,-1,-1,0,0,0,0,0,0,-1,0,0,-1,-1,-1,-1,0,0,0,0,0,0,-1,0,37,0,37,0,0,37,37,0,37,1,1,0,0,0,-1,607271242,"6.18"
"C36039",1,2025-10-06,2025-10-05,1,,-1,0,0,1,0,3,1,0,0,55,0,22,1,99,99,0,0,1,0,0,55,0,21,1,1,101,-1,2,0,0,1,0,0,55,0,0,-1,-1,-1,-1,0,0,0,0,0,0,-1,0,45,0,45,2,268,315,47,48,95,5,1,1,0,0,-1,607271242,"6.18"
"C36042",1,2025-10-05,2025-10-04,1,,-1,0,0,1,0,17,1,0,0,25,0,22,1,116,313,0,0,1,0,0,25,0,0,-1,-1,-1,-1,0,0,0,0,0,0,-1,0,0,-1,-1,-1,-1,0,0,0,0,0,0,-1,0,51,0,51,0,0,51,51,14,65,1,1,0,0,0,-1,607271242,"6.18"
"C36051",1,2025-09-22,2025-09-21,5,,-1,1,0,1,2,5,2,0,0,25,0,0,-1,-1,-1,0,0,0,0,0,-1,0,12,2,3,116,410,1,1,0,1,2,0,25,0,0,-1,-1,-1,-1,0,0,0,0,0,0,-1,0,0,0,0,1,114,115,1,409,410,4,0,1,0,0,-1,607271242,"6.18"
"C36057",1,2025-10-09,2025-10-08,1,,-1,0,1,1,0,5,1,0,0,55,0,0,-1,-1,-1,0,0,0,0,0,-1,0,21,1,2,101,-1,227,0,1,1,0,0,55,0,0,-1,-1,-1,-1,0,0,0,0,0,0,-1,0,0,0,0,227,130,357,227,41,268,4,0,1,0,0,-1,607271242,"6.18"
"C36060",2,2025-09-09,2025-09-08,5,,-1,9,0,0,0,23,2,1,0,25,1,0,-1,-1,-1,0,0,0,0,0,-1,0,12,1,3,99,431,40,0,0,0,0,0,25,1,0,-1,-1,-1,-1,0,0,0,0,0,0,-1,0,0,0,0,40,12,52,40,0,40,4,0,1,0,0,-1,607271242,"6.18"
"C36069",1,2025-09-19,2025-09-18,5,,-1,9,0,1,0,5,1,0,0,25,0,12,3,206,434,0,0,1,0,0,25,0,0,-1,-1,-1,-1,0,0,0,0,0,0,-1,0,0,-1,-1,-1,-1,0,0,0,0,0,0,-1,0,52,0,52,0,0,52,52,0,52,1,1,0,0,21,0,607271242,"6.18"
"C36072",1,2025-10-06,2025-10-05,1,,-1,0,0,1,0,5,1,0,0,25,0,0,-1,-1,-1,0,0,0,0,0,-1,0,22,1,3,335,433,28,0,0,1,0,0,25,0,0,-1,-1,-1,-1,0,0,0,0,0,0,-1,0,0,0,0,28,12,40,28,0,28,4,0,1,0,0,-1,607271242,"6.18"
"C36075",1,2025-10-05,2025-10-04,1,,-1,0,0,0,0,5,1,0,0,55,0,22,1,410,99,0,0,0,0,0,55,0,0,-1,-1,-1,-1,0,0,0,0,0,0,-1,0,0,-1,-1,-1,-1,0,0,0,0,0,0,-1,0,15,0,15,0,0,15,15,20,35,1,1,0,0,0,-1,607271242,"6.18"
"C36078",1,2025-10-17,2025-10-16,1,,-1,0,0,1,0,24,1,0,0,25,0,22,1,116,99,0,0,1,0,0,25,0,0,-1,-1,-1,-1,0,0,0,0,0,0,-1,0,0,-1,-1,-1,-1,0,0,0,0,0,0,-1,0,17,0,17,0,0,17,17,15,32,1,1,0,0,0,-1,607271242,"6.18"
"C36084",1,2025-10-06,2025-10-05,1,,-1,1,1,1,0,3,1,0,0,55,0,22,1,116,422,1,1,1,0,0,55,0,0,-1,-1,-1,-1,0,0,0,0,0,0,-1,0,0,-1,-1,-1,-1,0,0,0,0,0,0,-1,0,91,0,91,0,0,91,91,389,480,1,1,0,0,0,-1,607271242,"6.18"
"C36087",1,2025-11-13,2025-11-12,1,,-1,1,0,1,0,5,1,0,0,25,0,0,-1,-1,-1,0,0,0,0,0,-1,0,22,1,2,101,410,10,1,0,1,0,0,25,0,0,-1,-1,-1,-1,0,0,0,0,0,0,-1,0,0,0,0,10,205,215,10,1502,1512,4,0,1,0,0,-1,607271242,"6.18"
"C36090",2,2026-03-08,2026-03-07,1,,-1,1,0,1,2,5,1,1,0,24,1,0,-1,-1,-1,0,0,0,0,0,-1,0,21,1,1,205,-1,65,1,0,1,2,0,24,1,0,-1,-1,-1,-1,0,0,0,0,0,0,-1,0,0,0,0,65,142,207,65,309,374,4,0,1,0,0,-1,607271242,"6.18"
"C36096",1,2025-10-06,2025-10-05,1,,-1,0,0,1,0,25,1,0,0,25,0,22,1,314,423,0,0,1,0,0,25,0,0,-1,-1,-1,-1,0,0,0,0,0,0,-1,0,0,-1,-1,-1,-1,0,0,0,0,0,0,-1,0,17,0,17,0,0,17,17,0,17,1,1,0,0,0,-1,607271242,"6.18"
"C36099",1,2025-10-07,2025-10-06,1,,-1,1,0,1,0,5,1,0,0,25,0,22,1,99,99,1,0,1,0,0,25,0,0,-1,-1,-1,-1,0,0,0,0,0,0,-1,0,0,-1,-1,-1,-1,0,0,0,0,0,0,-1,0,38,0,38,0,0,38,38,908,946,1,1,0,0,0,-1,607271242,"6.18"
"C36102",1,2025-10-06,2025-10-05,1,,-1,9,0,1,2,5,1,0,0,25,0,22,1,101,312,0,0,1,2,0,25,0,0,-1,-1,-1,-1,0,0,0,0,0,0,-1,0,0,-1,-1,-1,-1,0,0,0,0,0,0,-1,0,5,57,62,0,0,62,62,202,264,3,1,0,0,0,-1,607271242,"6.18"
"C36105",1,2025-10-06,2025-10-05,1,,-1,1,0,1,0,3,1,0,0,25,0,22,1,116,99,1,0,1,0,0,25,0,22,1,1,116,433,139,1,0,1,0,0,25,0,21,1,2,116,-1,159,1,0,1,0,0,25,0,65,0,65,100,0,165,165,433,598,10,1,1,1,0,-1,607271242,"6.18"
"C36108",1,2025-10-08,2025-10-07,1,,-1,0,0,0,0,5,1,0,0,25,0,22,1,99,423,0,0,0,0,0,25,0,21,1,1,116,-1,1,0,0,0,0,0,25,0,0,-1,-1,-1,-1,0,0,0,0,0,0,-1,0,62,0,62,1,88,151,63,241,304,5,1,1,0,0,-1,607271242,"6.18"
"C36111",2,2025-10-08,2025-10-07,1,,-1,0,0,1,2,26,1,2,0,25,1,22,1,99,99,0,0,1,2,0,25,1,0,-1,-1,-1,-1,0,0,0,0,0,0,-1,0,0,-1,-1,-1,-1,0,0,0,0,0,0,-1,0,11,0,11,0,0,11,11,37,48,1,1,0,0,0,-1,607271242,"6.18"
"C36114",1,2025-10-09,2025-10-08,1,,-1,0,0,1,0,3,1,0,0,25,0,22,1,314,422,0,0,1,0,0,25,0,0,-1,-1,-1,-1,0,0,0,0,0,0,-1,0,0,-1,-1,-1,-1,0,0,0,0,0,0,-1,0,140,0,140,0,0,140,140,2,142,1,1,0,0,0,-1,607271242,"6.18"
"C36117",1,2025-10-09,2025-10-08,1,,-1,4,0,0,0,3,1,0,0,55,0,22,1,116,410,0,0,0,0,0,55,0,0,-1,-1,-1,-1,0,0,0,0,0,0,-1,0,0,-1,-1,-1,-1,0,0,0,0,0,0,-1,0,132,0,132,0,0,132,132,4,136,1,1,0,0,0,-1,607271242,"6.18"
"C36120",1,2025-10-09,2025-10-08,1,,-1,0,0,0,0,5,1,0,0,25,0,22,1,335,423,0,0,0,0,0,25,0,0,-1,-1,-1,-1,0,0,0,0,0,0,-1,0,0,-1,-1,-1,-1,0,0,0,0,0,0,-1,0,20,0,20,0,0,20,20,0,20,1,1,0,0,0,-1,607271242,"6.18"
"C36126",1,2025-10-08,2025-10-07,1,,-1,0,0,1,0,5,1,0,0,25,0,22,1,410,423,0,0,1,0,0,25,0,0,-1,-1,-1,-1,0,0,0,0,0,0,-1,0,0,-1,-1,-1,-1,0,0,0,0,0,0,-1,0,19,0,19,0,0,19,19,0,19,1,1,0,0,0,-1,607271242,"6.18"
"C36129",1,2025-11-11,2025-11-10,1,,-1,0,1,1,0,27,1,0,0,55,0,0,-1,-1,-1,0,0,0,0,0,-1,0,22,0,1,101,314,46,0,1,1,0,0,55,0,22,0,1,101,101,0,0,1,1,0,0,55,0,0,0,0,106,0,106,106,123,229,11,0,0,0,0,-1,607271242,"6.18"
"C36132",1,2025-10-09,2025-10-08,1,,-1,0,0,1,2,5,1,0,0,25,0,22,1,116,314,0,0,1,2,0,25,0,0,-1,-1,-1,-1,0,0,0,0,0,0,-1,0,0,-1,-1,-1,-1,0,0,0,0,0,0,-1,0,20,0,20,0,0,20,20,123,143,1,1,0,0,0,-1,607271242,"6.18"
"C36135",2,2025-10-06,2025-10-05,1,,-1,0,0,1,2,5,1,3,0,25,1,22,1,314,302,0,0,1,2,1,25,1,0,-1,-1,-1,-1,0,0,0,0,0,0,-1,0,0,-1,-1,-1,-1,0,0,0,0,0,0,-1,0,39,0,39,0,0,39,39,0,39,1,1,0,0,0,-1,607271242,"6.18"
"C36153",1,2025-10-11,2025-10-10,1,,-1,0,0,0,2,5,1,0,0,25,0,0,-1,-1,-1,0,0,0,0,0,-1,0,22,0,3,116,99,170,0,0,0,2,0,25,0,0,-1,-1,-1,-1,0,0,0,0,0,0,-1,0,0,0,0,169,0,169,169,38,207,4,0,0,0,0,-1,607271242,"6.18"
"C36156",1,2025-10-04,2025-10-03,1,,-1,1,0,1,2,3,1,0,0,25,0,22,1,336,313,1,0,1,2,0,25,0,0,-1,-1,-1,-1,0,0,0,0,0,0,-1,0,0,-1,-1,-1,-1,0,0,0,0,0,0,-1,0,60,0,60,0,0,60,60,1431,1491,1,1,0,0,0,-1,607271242,"6.18"
"C36159",1,2025-10-06,2025-10-05,1,,-1,0,0,0,1,3,1,0,0,25,0,22,1,206,410,0,0,0,1,0,25,0,0,-1,-1,-1,-1,0,0,0,0,0,0,-1,0,0,-1,-1,-1,-1,0,0,0,0,0,0,-1,0,15,0,15,0,0,15,15,0,15,1,1,0,0,0,-1,607271242,"6.18"
"C36162",1,2025-10-09,2025-10-08,1,,-1,0,0,0,0,5,1,0,0,25,0,22,1,206,101,0,0,0,0,0,25,0,0,-1,-1,-1,-1,0,0,0,0,0,0,-1,0,0,-1,-1,-1,-1,0,0,0,0,0,0,-1,0,129,0,129,0,0,129,129,0,129,1,1,0,0,0,-1,607271242,"6.18"
"C36165",1,2025-10-10,2025-10-09,1,,-1,0,0,0,1,35,1,0,0,25,0,22,1,116,99,0,0,0,1,0,25,0,0,-1,-1,-1,-1,0,0,0,0,0,0,-1,0,0,-1,-1,-1,-1,0,0,0,0,0,0,-1,0,39,0,39,0,0,39,39,142,181,1,1,0,0,0,-1,607271242,"6.18"
"C36168",1,2025-10-10,2025-10-09,1,,-1,0,0,0,0,5,1,0,0,25,0,22,1,116,423,0,0,0,0,0,25,0,0,-1,-1,-1,-1,0,0,0,0,0,0,-1,0,0,-1,-1,-1,-1,0,0,0,0,0,0,-1,0,105,0,105,0,0,105,105,0,105,1,1,0,0,0,-1,607271242,"6.18"
"C36171",1,2025-10-10,2025-10-09,1,,-1,0,0,0,0,5,1,0,0,25,0,0,-1,-1,-1,0,0,0,0,0,-1,0,22,1,3,116,431,53,0,0,0,0,0,25,0,0,-1,-1,-1,-1,0,0,0,0,0,0,-1,0,0,0,0,53,14,67,53,190,243,4,0,1,0,0,-1,607271242,"6.18"
"C36174",1,2025-10-12,2025-10-11,1,,-1,0,0,0,2,5,1,0,0,18,0,0,-1,-1,-1,0,0,0,0,0,-1,0,22,1,3,116,423,28,0,0,0,2,0,18,0,0,-1,-1,-1,-1,0,0,0,0,0,0,-1,0,0,0,0,28,158,186,28,131,159,4,0,1,0,0,-1,607271242,"6.18"
"C36177",1,2025-09-21,2025-09-20,5,,-1,0,0,1,2,5,2,0,0,25,0,12,3,336,313,0,0,1,2,0,25,0,0,-1,-1,-1,-1,0,0,0,0,0,0,-1,0,0,-1,-1,-1,-1,0,0,0,0,0,0,-1,0,56,0,56,0,0,56,56,0,56,1,1,0,0,0,-1,607271242,"6.18"
"C36183",2,2025-10-09,2025-10-08,1,,-1,0,0,0,1,36,1,1,0,25,1,22,1,314,422,0,0,0,1,0,25,1,0,-1,-1,-1,-1,0,0,0,0,0,0,-1,0,0,-1,-1,-1,-1,0,0,0,0,0,0,-1,0,44,0,44,0,0,44,44,31,75,1,1,0,0,0,-1,607271242,"6.18"
"C36189",1,2025-09-18,2025-09-17,5,,-1,0,0,0,2,5,1,0,0,25,0,12,3,336,312,0,0,0,2,0,25,0,0,-1,-1,-1,-1,0,0,0,0,0,0,-1,0,0,-1,-1,-1,-1,0,0,0,0,0,0,-1,0,28,0,28,0,0,28,28,0,28,1,1,0,0,0,-1,607271242,"6.18"
"C36192",1,2025-10-10,2025-10-09,1,,-1,0,0,0,2,56,1,0,0,18,0,22,1,335,410,0,0,0,2,0,18,0,0,-1,-1,-1,-1,0,0,0,0,0,0,-1,0,0,-1,-1,-1,-1,0,0,0,0,0,0,-1,0,54,0,54,0,0,54,54,0,54,1,1,0,0,0,-1,607271242,"6.18"
"C36195",2,2025-10-05,2025-10-04,1,,-1,0,0,1,2,5,1,2,0,25,1,22,3,314,313,0,0,1,2,0,25,1,0,-1,-1,-1,-1,0,0,0,0,0,0,-1,0,0,-1,-1,-1,-1,0,0,0,0,0,0,-1,0,41,0,41,0,0,41,41,0,41,1,1,0,0,0,-1,607271242,"6.18"
"C36198",2,2026-04-18,2026-04-17,1,,-1,0,0,0,0,3,1,1,0,25,1,22,1,314,410,0,0,0,0,0,25,1,0,-1,-1,-1,-1,0,0,0,0,0,0,-1,0,0,-1,-1,-1,-1,0,0,0,0,0,0,-1,0,33,0,33,0,0,33,33,227,260,1,1,0,0,0,-1,607271242,"6.18"
"C36204",1,2025-10-05,2025-10-04,1,,-1,1,0,1,0,13,1,0,0,55,0,22,1,99,423,1,0,1,0,0,55,0,0,-1,-1,-1,-1,0,0,0,0,0,0,-1,0,0,-1,-1,-1,-1,0,0,0,0,0,0,-1,0,48,0,48,0,0,48,48,117,165,1,1,0,0,0,-1,607271242,"6.18"
"C36207",1,2026-04-25,2026-04-24,1,,-1,1,0,1,0,5,1,0,0,55,0,0,-1,-1,-1,0,0,0,0,0,-1,0,0,-1,-1,-1,-1,0,0,0,0,0,0,-1,0,21,1,2,116,-1,158,1,0,1,0,0,55,0,0,0,0,1,0,1,1,3484,3485,8,0,0,1,0,-1,607271242,"6.18"
"C36210",1,2025-12-04,2025-12-03,1,,-1,0,0,1,0,5,1,0,0,25,0,22,1,101,99,0,0,1,0,0,25,0,0,-1,-1,-1,-1,0,0,0,0,0,0,-1,0,0,-1,-1,-1,-1,0,0,0,0,0,0,-1,0,101,0,101,0,0,101,101,153,254,1,1,0,0,0,-1,607271242,"6.18"
"C36213",1,2025-11-08,2025-11-07,1,,-1,0,0,1,0,5,1,0,0,25,0,22,1,336,410,0,0,1,0,0,25,0,0,-1,-1,-1,-1,0,0,0,0,0,0,-1,0,0,-1,-1,-1,-1,0,0,0,0,0,0,-1,0,56,0,56,0,0,56,56,0,56,1,1,0,0,0,-1,607271242,"6.18"
"C36216",1,2025-10-13,2025-10-12,1,,-1,0,0,0,0,5,1,0,0,25,0,0,-1,-1,-1,0,0,0,0,0,-1,0,22,1,3,314,431,54,0,0,0,0,0,25,0,0,-1,-1,-1,-1,0,0,0,0,0,0,-1,0,0,0,0,54,12,66,54,0,54,4,0,1,0,0,-1,607271242,"6.18"
"C36219",1,2025-10-11,2025-10-10,1,,-1,0,0,0,0,3,1,0,0,55,0,22,1,99,312,0,0,0,0,0,55,0,0,-1,-1,-1,-1,0,0,0,0,0,0,-1,0,0,-1,-1,-1,-1,0,0,0,0,0,0,-1,0,52,0,52,0,0,52,52,238,290,1,1,0,0,0,-1,607271242,"6.18"
"C36222",2,2025-11-02,2025-11-01,1,,-1,1,0,1,0,35,1,3,0,25,1,0,-1,-1,-1,0,0,0,0,0,-1,0,21,1,1,116,-1,62,1,0,1,0,1,25,1,0,-1,-1,-1,-1,0,0,0,0,0,0,-1,0,0,0,0,62,271,333,62,1550,1612,4,0,1,0,0,-1,607271242,"6.18"
"C36225",1,2025-10-11,2025-10-10,1,,-1,4,0,0,0,5,1,0,0,25,0,22,1,116,422,0,0,0,0,0,25,0,0,-1,-1,-1,-1,0,0,0,0,0,0,-1,0,0,-1,-1,-1,-1,0,0,0,0,0,0,-1,0,25,0,25,0,0,25,25,268,293,1,1,0,0,0,-1,607271242,"6.18"
"C36228",1,2025-10-09,2025-10-08,1,,-1,0,0,1,2,5,1,0,0,25,0,22,1,336,423,0,0,1,2,0,25,0,0,-1,-1,-1,-1,0,0,0,0,0,0,-1,0,0,-1,-1,-1,-1,0,0,0,0,0,0,-1,0,35,0,35,0,0,35,35,0,35,1,1,0,0,0,-1,607271242,"6.18"
"C36231",2,2025-10-19,2025-10-18,1,,-1,0,0,0,1,5,1,2,0,25,1,0,-1,-1,-1,0,0,0,0,0,-1,0,22,1,3,335,410,6,0,0,0,1,0,25,1,0,-1,-1,-1,-1,0,0,0,0,0,0,-1,0,0,0,0,6,148,154,6,0,6,4,0,1,0,0,-1,607271242,"6.18"
"C36240",1,2025-10-11,2025-10-10,1,,-1,0,0,0,2,3,1,0,0,25,0,22,1,116,423,0,0,0,2,0,25,0,0,-1,-1,-1,-1,0,0,0,0,0,0,-1,0,0,-1,-1,-1,-1,0,0,0,0,0,0,-1,0,17,0,17,0,0,17,17,8,25,1,1,0,0,0,-1,607271242,"6.18"
"C36243",1,2025-10-11,2025-10-10,1,,-1,9,1,1,0,3,1,0,0,55,0,0,-1,-1,-1,0,0,0,0,0,-1,0,22,0,3,101,101,56,0,1,1,0,0,55,0,0,-1,-1,-1,-1,0,0,0,0,0,0,-1,0,0,0,0,55,0,55,55,6,61,4,0,0,0,0,-1,607271242,"6.18"
"C36246",1,2025-10-09,2025-10-08,1,,-1,0,0,1,0,5,1,0,0,25,0,22,1,204,99,0,0,1,0,0,25,0,0,-1,-1,-1,-1,0,0,0,0,0,0,-1,0,0,-1,-1,-1,-1,0,0,0,0,0,0,-1,0,40,0,40,0,0,40,40,2,42,1,1,0,0,0,-1,607271242,"6.18"
"C36249",2,2025-10-11,2025-10-10,1,,-1,0,0,0,0,36,1,1,0,18,1,22,1,335,99,0,0,0,0,0,18,1,0,-1,-1,-1,-1,0,0,0,0,0,0,-1,0,0,-1,-1,-1,-1,0,0,0,0,0,0,-1,0,31,0,31,0,0,31,31,130,161,1,1,0,0,0,-1,607271242,"6.18"
"C36255",1,2025-10-09,2025-10-08,1,,-1,0,0,0,1,3,1,0,0,18,0,22,1,116,99,0,0,0,1,0,18,0,0,-1,-1,-1,-1,0,0,0,0,0,0,-1,0,0,-1,-1,-1,-1,0,0,0,0,0,0,-1,0,14,0,14,0,0,14,14,0,14,1,1,0,0,0,-1,607271242,"6.18"
"C36258",2,2025-10-09,2025-10-08,1,,-1,1,0,1,1,5,1,1,0,25,1,0,-1,-1,-1,0,0,0,0,0,-1,0,22,1,3,101,410,1,1,0,1,1,0,25,1,0,-1,-1,-1,-1,0,0,0,0,0,0,-1,0,0,0,0,1,118,119,1,377,378,4,0,1,0,0,-1,607271242,"6.18"
"C36264",1,2025-10-10,2025-10-09,1,,-1,1,0,1,1,56,1,0,0,25,0,22,1,336,312,1,0,1,1,0,25,0,0,-1,-1,-1,-1,0,0,0,0,0,0,-1,0,0,-1,-1,-1,-1,0,0,0,0,0,0,-1,0,15,0,15,0,0,15,15,2,17,1,1,0,0,0,-1,607271242,"6.18"
"C36267",1,2025-10-10,2025-10-09,1,,-1,1,0,1,2,56,1,0,0,55,0,22,1,116,116,1,0,1,2,0,55,0,0,-1,-1,-1,-1,0,0,0,0,0,0,-1,0,0,-1,-1,-1,-1,0,0,0,0,0,0,-1,0,47,0,47,0,0,47,47,54,101,1,1,0,0,0,-1,607271242,"6.18"
"C36270",1,2025-10-10,2025-10-09,1,,-1,0,0,1,0,5,1,0,0,25,0,22,1,116,99,0,0,1,0,0,25,0,0,-1,-1,-1,-1,0,0,0,0,0,0,-1,0,0,-1,-1,-1,-1,0,0,0,0,0,0,-1,0,39,0,39,0,0,39,39,15,54,1,1,0,0,0,-1,607271242,"6.18"
"C36273",2,2025-10-11,2025-10-10,1,,-1,0,0,0,1,3,2,3,0,25,1,22,1,101,99,0,0,0,1,1,25,1,0,-1,-1,-1,-1,0,0,0,0,0,0,-1,0,0,-1,-1,-1,-1,0,0,0,0,0,0,-1,0,16,0,16,0,0,16,16,69,85,1,1,0,0,0,-1,607271242,"6.18"
"C36276",2,2025-11-06,2025-11-05,1,,-1,0,0,0,0,3,1,1,0,18,1,22,1,335,99,0,0,0,0,0,18,1,0,-1,-1,-1,-1,0,0,0,0,0,0,-1,0,0,-1,-1,-1,-1,0,0,0,0,0,0,-1,0,25,0,25,0,0,25,25,95,120,1,1,0,0,0,-1,607271242,"6.18"
"C36288",1,2026-05-12,2026-05-11,1,,-1,0,1,1,0,5,1,0,0,55,0,0,-1,-1,-1,0,0,0,0,0,-1,0,21,0,2,207,-1,142,0,1,1,0,0,55,0,0,-1,-1,-1,-1,0,0,0,0,0,0,-1,0,0,0,0,142,0,142,142,28,170,4,0,0,0,0,-1,607271242,"6.18"
"C36291",1,2025-10-18,2025-10-17,1,,-1,0,1,1,0,3,1,0,0,55,0,0,-1,-1,-1,0,0,0,0,0,-1,0,22,1,2,116,410,7,0,1,1,0,0,55,0,0,-1,-1,-1,-1,0,0,0,0,0,0,-1,0,0,0,0,7,182,189,7,45,52,4,0,1,0,0,-1,607271242,"6.18"
"C36294",1,2025-10-11,2025-10-10,1,,-1,0,0,1,0,5,1,0,0,25,0,22,1,206,99,0,0,1,0,0,25,0,0,-1,-1,-1,-1,0,0,0,0,0,0,-1,0,0,-1,-1,-1,-1,0,0,0,0,0,0,-1,0,17,0,17,0,0,17,17,8,25,1,1,0,0,0,-1,607271242,"6.18"
"C36300",1,2025-10-19,2025-10-18,1,,-1,1,1,1,0,67,1,0,0,55,0,0,-1,-1,-1,0,0,0,0,0,-1,0,22,1,2,116,419,11,1,1,1,0,0,55,0,0,-1,-1,-1,-1,0,0,0,0,0,0,-1,0,0,0,0,11,150,161,11,380,391,4,0,1,0,0,-1,607271242,"6.18"
"C36303",1,2025-11-23,2025-11-22,1,,-1,4,0,0,1,35,1,0,0,24,0,22,1,116,99,0,0,0,1,0,24,0,0,-1,-1,-1,-1,0,0,0,0,0,0,-1,0,0,-1,-1,-1,-1,0,0,0,0,0,0,-1,0,32,0,32,0,0,32,32,415,447,1,1,0,0,0,-1,607271242,"6.18"
"C36306",1,2025-10-11,2025-10-10,1,,-1,9,0,1,0,5,1,0,0,55,0,0,-1,-1,-1,0,0,0,0,0,-1,0,0,-1,-1,-1,-1,0,0,0,0,0,0,-1,0,0,-1,-1,-1,-1,0,0,0,0,0,0,-1,0,0,0,0,0,0,0,0,2,2,12,0,0,0,22,1,607271242,"6.18"
"C36309",1,2025-10-10,2025-10-09,1,,-1,0,1,0,0,3,1,0,0,25,0,0,-1,-1,-1,0,0,0,0,0,-1,0,22,1,1,116,410,6,0,1,0,0,0,25,0,0,-1,-1,-1,-1,0,0,0,0,0,0,-1,0,0,0,0,6,148,154,6,98,104,4,0,1,0,0,-1,607271242,"6.18"
"C36312",1,2026-04-24,2026-04-23,4,"NXS11118710",359,0,0,0,1,5,1,0,0,25,0,22,1,116,313,0,0,0,1,0,25,0,0,-1,-1,-1,-1,0,0,0,0,0,0,-1,0,0,-1,-1,-1,-1,0,0,0,0,0,0,-1,0,19,0,19,0,0,19,19,11,30,1,1,0,0,0,-1,607271242,"6.18"
"C36315",1,2025-10-14,2025-10-13,1,,-1,1,0,1,0,5,1,0,0,25,0,22,1,99,99,1,0,1,0,0,25,0,0,-1,-1,-1,-1,0,0,0,0,0,0,-1,0,0,-1,-1,-1,-1,0,0,0,0,0,0,-1,0,11,0,11,0,0,11,11,2559,2570,1,1,0,0,0,-1,607271242,"6.18"
"C36318",2,2025-10-12,2025-10-11,1,,-1,0,0,0,0,5,1,2,0,25,1,22,1,336,411,0,0,0,0,0,25,1,0,-1,-1,-1,-1,0,0,0,0,0,0,-1,0,0,-1,-1,-1,-1,0,0,0,0,0,0,-1,0,23,0,23,0,0,23,23,11,34,1,1,0,0,0,-1,607271242,"6.18"
"C36327",1,2025-10-22,2025-10-21,1,,-1,0,0,1,0,15,1,0,0,55,0,22,1,99,99,0,0,1,0,0,55,0,0,-1,-1,-1,-1,0,0,0,0,0,0,-1,0,0,-1,-1,-1,-1,0,0,0,0,0,0,-1,0,14,0,14,0,0,14,14,212,226,1,1,0,0,0,-1,607271242,"6.18"
"C36339",1,2025-06-24,2025-06-23,5,,-1,0,0,1,2,3,1,0,0,25,0,12,1,116,302,0,0,1,2,0,25,0,0,-1,-1,-1,-1,0,0,0,0,0,0,-1,0,0,-1,-1,-1,-1,0,0,0,0,0,0,-1,0,168,0,168,0,0,168,168,82,250,1,1,0,0,0,-1,607271242,"6.18"
"C36342",1,2025-11-08,2025-11-07,1,,-1,1,0,1,2,5,1,0,0,25,0,0,-1,-1,-1,0,0,0,0,0,-1,0,21,0,1,101,-1,327,1,0,1,2,0,25,0,0,-1,-1,-1,-1,0,0,0,0,0,0,-1,0,0,0,0,327,0,327,327,1069,1396,4,0,0,0,0,-1,607271242,"6.18"
"C36345",1,2025-10-13,2025-10-12,1,,-1,1,0,1,1,5,1,0,0,25,0,22,1,118,99,1,0,1,1,0,25,0,21,1,1,116,-1,22,1,0,1,1,0,25,0,0,-1,-1,-1,-1,0,0,0,0,0,0,-1,0,94,0,94,22,79,195,116,2257,2373,5,1,1,0,0,-1,607271242,"6.18"
"C36348",1,2025-10-13,2025-10-12,1,,-1,0,0,1,2,3,1,0,0,55,0,22,1,101,410,0,0,1,2,0,55,0,0,-1,-1,-1,-1,0,0,0,0,0,0,-1,0,0,-1,-1,-1,-1,0,0,0,0,0,0,-1,0,61,0,61,0,0,61,61,0,61,1,1,0,0,0,-1,607271242,"6.18"
"C36351",1,2025-10-13,2025-10-12,1,,-1,1,0,1,0,123,1,0,0,25,0,22,1,116,423,1,0,1,0,0,25,0,0,-1,-1,-1,-1,0,0,0,0,0,0,-1,0,0,-1,-1,-1,-1,0,0,0,0,0,0,-1,0,17,0,17,0,0,17,17,365,382,1,1,0,0,0,-1,607271242,"6.18"
"C36354",1,2025-10-13,2025-10-12,1,,-1,0,0,1,0,5,1,0,0,55,0,21,1,314,-1,0,0,1,0,0,55,0,0,-1,-1,-1,-1,0,0,0,0,0,0,-1,0,0,-1,-1,-1,-1,0,0,0,0,0,0,-1,0,148,0,148,0,0,148,148,205,353,1,1,0,0,0,-1,607271242,"6.18"
"C36357",3,2025-10-12,2025-10-11,1,,-1,0,0,0,2,5,0,1,0,-1,0,22,1,336,312,0,0,0,2,0,-1,0,0,-1,-1,-1,-1,0,0,0,0,0,0,-1,0,0,-1,-1,-1,-1,0,0,0,0,0,0,-1,0,217,0,217,0,0,217,217,0,217,1,1,0,0,0,-1,607271242,"6.18"
"C36360",1,2025-10-15,2025-10-14,1,,-1,0,0,0,0,3,1,0,0,25,0,22,1,205,99,0,0,0,0,0,25,0,0,-1,-1,-1,-1,0,0,0,0,0,0,-1,0,0,-1,-1,-1,-1,0,0,0,0,0,0,-1,0,25,0,25,0,0,25,25,13,38,1,1,0,0,0,-1,607271242,"6.18"
"C36363",1,2025-10-14,2025-10-13,1,,-1,0,0,0,0,16,1,0,0,24,0,22,1,99,99,0,0,0,0,0,24,0,0,-1,-1,-1,-1,0,0,0,0,0,0,-1,0,0,-1,-1,-1,-1,0,0,0,0,0,0,-1,0,17,0,17,0,0,17,17,6,23,1,1,0,0,0,-1,607271242,"6.18"
"C36366",1,2025-10-13,2025-10-12,1,,-1,9,0,1,0,5,1,0,0,25,0,22,3,118,99,0,0,1,0,0,25,0,0,-1,-1,-1,-1,0,0,0,0,0,0,-1,0,0,-1,-1,-1,-1,0,0,0,0,0,0,-1,0,32,0,32,0,0,32,32,0,32,1,1,0,0,0,-1,607271242,"6.18"
"C36369",1,2025-10-16,2025-10-15,1,,-1,0,0,0,0,124,1,0,0,25,0,22,1,116,423,0,0,0,0,0,25,0,0,-1,-1,-1,-1,0,0,0,0,0,0,-1,0,0,-1,-1,-1,-1,0,0,0,0,0,0,-1,0,122,0,122,0,0,122,122,0,122,1,1,0,0,0,-1,607271242,"6.18"
"C36372",1,2025-10-16,2025-10-15,1,,-1,0,0,1,2,5,1,0,0,25,0,22,1,336,423,0,0,1,2,0,25,0,0,-1,-1,-1,-1,0,0,0,0,0,0,-1,0,0,-1,-1,-1,-1,0,0,0,0,0,0,-1,0,20,0,20,0,0,20,20,0,20,1,1,0,0,0,-1,607271242,"6.18"
"C36375",1,2025-10-16,2025-10-15,1,,-1,0,0,1,2,3,1,0,0,55,0,22,1,410,312,0,0,1,2,0,55,0,0,-1,-1,-1,-1,0,0,0,0,0,0,-1,0,0,-1,-1,-1,-1,0,0,0,0,0,0,-1,0,77,0,77,0,0,77,77,3,80,1,1,0,0,0,-1,607271242,"6.18"
"C36378",2,2026-03-09,2026-03-08,1,,-1,0,0,0,2,5,1,2,0,25,1,0,-1,-1,-1,0,0,0,0,0,-1,0,21,1,3,116,-1,27,0,0,0,2,0,25,1,0,-1,-1,-1,-1,0,0,0,0,0,0,-1,0,0,0,0,27,179,206,27,148,175,4,0,1,0,0,-1,607271242,"6.18"
"C36393",1,2025-10-13,2025-10-12,1,,-1,1,0,1,0,5,1,0,0,25,0,22,1,207,99,1,0,1,0,0,25,0,0,-1,-1,-1,-1,0,0,0,0,0,0,-1,0,0,-1,-1,-1,-1,0,0,0,0,0,0,-1,0,35,0,35,0,0,35,35,184,219,1,1,0,0,0,-1,607271242,"6.18"
"C36396",1,2025-10-14,2025-10-13,1,,-1,0,0,0,0,35,1,0,0,25,0,22,1,116,99,0,0,0,0,0,25,0,0,-1,-1,-1,-1,0,0,0,0,0,0,-1,0,0,-1,-1,-1,-1,0,0,0,0,0,0,-1,0,23,0,23,0,0,23,23,5,28,1,1,0,0,0,-1,607271242,"6.18"
"C36399",2,2025-10-14,2025-10-13,1,,-1,0,0,0,1,35,2,1,0,25,1,22,1,314,99,0,0,0,1,0,25,1,21,1,1,101,-1,2,0,0,0,1,0,25,1,0,-1,-1,-1,-1,0,0,0,0,0,0,-1,0,21,0,21,2,165,188,23,175,198,5,1,1,0,0,-1,607271242,"6.18"
"C36408",1,2025-10-16,2025-10-15,1,,-1,0,0,1,0,36,1,0,0,25,0,22,1,410,99,0,0,1,0,0,25,0,0,-1,-1,-1,-1,0,0,0,0,0,0,-1,0,0,-1,-1,-1,-1,0,0,0,0,0,0,-1,0,2,0,2,0,0,2,2,0,2,1,1,0,0,0,-1,607271242,"6.18"
"C36411",1,2025-11-07,2025-11-06,1,,-1,0,0,1,0,5,1,0,0,55,0,22,1,99,99,0,0,1,0,0,55,0,0,-1,-1,-1,-1,0,0,0,0,0,0,-1,0,0,-1,-1,-1,-1,0,0,0,0,0,0,-1,0,8,0,8,0,0,8,8,23,31,1,1,0,0,0,-1,607271242,"6.18"
"C36414",1,2025-10-17,2025-10-16,1,,-1,0,0,0,0,3,1,0,0,24,0,22,1,99,99,0,0,0,0,0,24,0,0,-1,-1,-1,-1,0,0,0,0,0,0,-1,0,0,-1,-1,-1,-1,0,0,0,0,0,0,-1,0,9,0,9,0,0,9,9,2,11,1,1,0,0,0,-1,607271242,"6.18"
"C36417",1,2025-10-14,2025-10-13,1,,-1,0,0,0,0,5,1,0,0,18,0,22,1,99,313,0,0,0,0,0,18,0,0,-1,-1,-1,-1,0,0,0,0,0,0,-1,0,0,-1,-1,-1,-1,0,0,0,0,0,0,-1,0,30,0,30,0,0,30,30,0,30,1,1,0,0,0,-1,607271242,"6.18"
"C36420",1,2025-10-15,2025-10-14,1,,-1,0,0,1,0,127,1,0,0,24,0,22,1,116,423,0,0,1,0,0,24,0,0,-1,-1,-1,-1,0,0,0,0,0,0,-1,0,0,-1,-1,-1,-1,0,0,0,0,0,0,-1,0,115,0,115,0,0,115,115,3,118,1,1,0,0,0,-1,607271242,"6.18"
"C36423",1,2025-10-16,2025-10-15,1,,-1,0,0,0,0,5,1,0,0,25,0,22,1,336,423,0,0,0,0,0,25,0,0,-1,-1,-1,-1,0,0,0,0,0,0,-1,0,0,-1,-1,-1,-1,0,0,0,0,0,0,-1,0,34,0,34,0,0,34,34,0,34,1,1,0,0,0,-1,607271242,"6.18"
"C36426",1,2025-10-17,2025-10-16,1,,-1,0,1,1,0,5,1,0,0,55,0,22,1,206,410,0,1,1,0,0,55,0,0,-1,-1,-1,-1,0,0,0,0,0,0,-1,0,0,-1,-1,-1,-1,0,0,0,0,0,0,-1,0,28,0,28,0,0,28,28,0,28,1,1,0,0,0,-1,607271242,"6.18"
"C36429",1,2025-10-17,2025-10-16,1,,-1,4,0,0,0,25,1,0,0,25,0,22,1,116,99,0,0,0,0,0,25,0,0,-1,-1,-1,-1,0,0,0,0,0,0,-1,0,0,-1,-1,-1,-1,0,0,0,0,0,0,-1,0,74,0,74,0,0,74,74,149,223,1,1,0,0,0,-1,607271242,"6.18"
"C36432",1,2025-10-04,2025-10-03,1,,-1,0,1,1,2,5,1,0,0,55,0,22,3,419,206,0,1,1,2,0,55,0,0,-1,-1,-1,-1,0,0,0,0,0,0,-1,0,0,-1,-1,-1,-1,0,0,0,0,0,0,-1,0,14,0,14,0,0,14,14,0,14,1,1,0,0,0,-1,607271242,"6.18"
"C36438",1,2025-10-16,2025-10-15,1,,-1,0,0,1,0,134,3,0,0,25,1,22,1,314,101,0,0,1,0,0,25,1,0,-1,-1,-1,-1,0,0,0,0,0,0,-1,0,0,-1,-1,-1,-1,0,0,0,0,0,0,-1,0,34,0,34,0,0,34,34,104,138,1,1,0,0,0,-1,607271242,"6.18"
"C36447",2,2025-10-17,2025-10-16,1,,-1,0,0,0,1,1,1,2,0,25,1,22,1,116,423,0,0,0,1,0,25,1,0,-1,-1,-1,-1,0,0,0,0,0,0,-1,0,0,-1,-1,-1,-1,0,0,0,0,0,0,-1,0,36,0,36,0,0,36,36,14,50,1,1,0,0,0,-1,607271242,"6.18"
"C36456",1,2025-10-14,2025-10-13,1,,-1,0,0,1,0,5,1,0,0,25,0,22,3,116,206,0,0,1,0,0,25,0,0,-1,-1,-1,-1,0,0,0,0,0,0,-1,0,0,-1,-1,-1,-1,0,0,0,0,0,0,-1,0,16,0,16,0,0,16,16,6,22,1,1,0,0,0,-1,607271242,"6.18"
"C36459",3,2025-09-15,2025-09-14,5,,-1,0,0,0,0,5,0,1,0,-1,0,12,3,421,314,0,0,0,0,0,-1,0,0,-1,-1,-1,-1,0,0,0,0,0,0,-1,0,0,-1,-1,-1,-1,0,0,0,0,0,0,-1,0,51,0,51,0,0,51,51,0,51,1,1,0,0,0,-1,607271242,"6.18"
"C36462",1,2025-09-14,2025-09-13,5,,-1,0,0,1,0,5,1,0,0,25,0,12,3,116,302,0,0,1,0,0,25,0,0,-1,-1,-1,-1,0,0,0,0,0,0,-1,0,0,-1,-1,-1,-1,0,0,0,0,0,0,-1,0,61,0,61,0,0,61,61,3,64,1,1,0,0,0,-1,607271242,"6.18"
"C36465",1,2025-10-17,2025-10-16,1,,-1,0,0,0,1,5,1,0,0,24,0,22,3,116,422,0,0,0,1,0,24,0,0,-1,-1,-1,-1,0,0,0,0,0,0,-1,0,0,-1,-1,-1,-1,0,0,0,0,0,0,-1,0,14,0,14,0,0,14,14,48,62,1,1,0,0,0,-1,607271242,"6.18"
"C36471",2,2025-10-16,2025-10-15,1,,-1,0,0,0,1,136,1,1,0,25,1,22,1,336,99,0,0,0,1,0,25,1,0,-1,-1,-1,-1,0,0,0,0,0,0,-1,0,0,-1,-1,-1,-1,0,0,0,0,0,0,-1,0,17,0,17,0,0,17,17,0,17,1,1,0,0,0,-1,607271242,"6.18"
"C36474",1,2025-10-11,2025-10-10,1,,-1,0,0,1,0,5,1,0,0,25,0,22,1,99,99,0,0,1,0,0,25,0,0,-1,-1,-1,-1,0,0,0,0,0,0,-1,0,0,-1,-1,-1,-1,0,0,0,0,0,0,-1,0,12,0,12,0,0,12,12,2,14,1,1,0,0,0,-1,607271242,"6.18"
"C36477",1,2025-10-25,2025-10-24,1,,-1,1,0,1,0,5,1,0,0,55,0,22,1,116,99,1,0,1,0,0,55,0,0,-1,-1,-1,-1,0,0,0,0,0,0,-1,0,21,1,2,116,-1,163,1,0,1,0,0,55,0,78,0,78,1,0,79,79,1704,1783,9,1,0,1,0,-1,607271242,"6.18"
"C36480",1,2025-10-17,2025-10-16,1,,-1,0,0,1,0,3,1,0,0,25,0,22,1,336,422,0,0,1,0,0,25,0,0,-1,-1,-1,-1,0,0,0,0,0,0,-1,0,0,-1,-1,-1,-1,0,0,0,0,0,0,-1,0,19,0,19,0,0,19,19,0,19,1,1,0,0,0,-1,607271242,"6.18"
"C36483",1,2025-12-26,2025-12-25,1,,-1,0,1,0,0,3,1,0,0,25,0,22,1,336,423,0,1,0,0,0,25,0,0,-1,-1,-1,-1,0,0,0,0,0,0,-1,0,0,-1,-1,-1,-1,0,0,0,0,0,0,-1,0,19,0,19,0,0,19,19,0,19,1,1,0,0,0,-1,607271242,"6.18"
"C36495",1,2025-11-14,2025-11-13,1,,-1,0,0,1,1,56,1,0,0,24,0,0,-1,-1,-1,0,0,0,0,0,-1,0,21,1,1,101,-1,23,0,0,1,1,0,24,0,0,-1,-1,-1,-1,0,0,0,0,0,0,-1,0,0,0,0,23,298,321,23,164,187,4,0,1,0,0,-1,607271242,"6.18"
"C36498",1,2025-10-18,2025-10-17,1,,-1,0,0,1,1,5,1,0,0,55,0,22,1,206,302,0,0,1,1,0,55,0,0,-1,-1,-1,-1,0,0,0,0,0,0,-1,0,0,-1,-1,-1,-1,0,0,0,0,0,0,-1,0,92,0,92,0,0,92,92,0,92,1,1,0,0,0,-1,607271242,"6.18"
"C36501",1,2025-10-19,2025-10-18,1,,-1,0,0,1,0,3,1,0,0,55,0,22,1,314,314,0,0,1,0,0,55,0,0,-1,-1,-1,-1,0,0,0,0,0,0,-1,0,0,-1,-1,-1,-1,0,0,0,0,0,0,-1,0,147,0,147,0,0,147,147,0,147,1,1,0,0,0,-1,607271242,"6.18"
"C36504",2,2025-10-18,2025-10-17,1,,-1,0,0,0,0,145,1,1,0,25,1,22,3,99,422,0,0,0,0,0,25,1,0,-1,-1,-1,-1,0,0,0,0,0,0,-1,0,0,-1,-1,-1,-1,0,0,0,0,0,0,-1,0,17,0,17,0,0,17,17,0,17,1,1,0,0,0,-1,607271242,"6.18"
"C36507",1,2025-10-10,2025-10-09,1,,-1,0,1,1,2,3,1,0,0,55,0,22,3,101,302,0,1,1,2,0,55,0,0,-1,-1,-1,-1,0,0,0,0,0,0,-1,0,0,-1,-1,-1,-1,0,0,0,0,0,0,-1,0,15,0,15,0,0,15,15,48,63,1,1,0,0,0,-1,607271242,"6.18"
"C36510",1,2025-10-22,2025-10-21,1,,-1,4,1,0,0,5,1,0,0,55,0,22,1,99,423,0,1,0,0,0,55,0,0,-1,-1,-1,-1,0,0,0,0,0,0,-1,0,0,-1,-1,-1,-1,0,0,0,0,0,0,-1,0,32,20,52,0,0,52,52,23054,23106,3,1,0,0,0,-1,607271242,"6.18"
"C36513",1,2025-10-20,2025-10-19,1,,-1,0,1,0,0,15,1,0,0,25,0,0,-1,-1,-1,0,0,0,0,0,-1,0,22,1,3,101,312,33,0,1,0,0,0,25,0,0,-1,-1,-1,-1,0,0,0,0,0,0,-1,0,0,0,0,33,138,171,33,4,37,4,0,1,0,0,-1,607271242,"6.18"
"C36522",2,2025-10-20,2025-10-19,1,,-1,1,0,1,0,146,2,3,0,25,1,0,-1,-1,-1,0,0,0,0,0,-1,0,22,1,3,101,431,18,1,0,1,0,1,25,1,0,-1,-1,-1,-1,0,0,0,0,0,0,-1,0,0,0,0,18,12,30,18,24,42,4,0,1,0,0,-1,607271242,"6.18"
"C36537",1,2025-10-27,2025-10-26,1,,-1,0,1,0,0,5,1,0,0,25,0,0,-1,-1,-1,0,0,0,0,0,-1,0,22,1,3,116,434,46,0,1,0,0,0,25,0,0,-1,-1,-1,-1,0,0,0,0,0,0,-1,0,0,0,0,46,12,58,46,279,325,4,0,1,0,0,-1,607271242,"6.18"
"C36543",1,2025-10-30,2025-10-29,1,,-1,0,0,0,0,5,2,0,0,25,0,0,-1,-1,-1,0,0,0,0,0,-1,0,22,0,3,101,313,162,0,0,0,0,0,25,0,0,-1,-1,-1,-1,0,0,0,0,0,0,-1,0,0,0,0,161,0,161,161,22,183,4,0,0,0,0,-1,607271242,"6.18"
"C36546",1,2025-10-22,2025-10-21,1,,-1,4,0,0,2,3,1,0,0,25,0,22,3,116,99,0,0,0,2,0,25,0,0,-1,-1,-1,-1,0,0,0,0,0,0,-1,0,0,-1,-1,-1,-1,0,0,0,0,0,0,-1,0,23,0,23,0,0,23,23,2211,2234,1,1,0,0,0,-1,607271242,"6.18"
"C36549",1,2025-10-23,2025-10-22,1,,-1,0,0,0,2,3,1,0,0,25,0,22,1,101,423,0,0,0,2,0,25,0,21,0,3,101,-1,283,0,0,0,2,0,25,0,0,-1,-1,-1,-1,0,0,0,0,0,0,-1,0,50,0,50,283,0,333,333,10,343,5,1,0,0,0,-1,607271242,"6.18"
"C36552",1,2025-10-21,2025-10-20,1,,-1,0,0,1,0,5,1,0,0,25,0,22,1,335,312,0,0,1,0,0,25,0,0,-1,-1,-1,-1,0,0,0,0,0,0,-1,0,0,-1,-1,-1,-1,0,0,0,0,0,0,-1,0,17,0,17,0,0,17,17,2,19,1,1,0,0,0,-1,607271242,"6.18"
"C36561",1,2025-10-23,2025-10-22,1,,-1,0,0,1,0,5,1,0,0,55,0,22,1,207,423,0,0,1,0,0,55,0,0,-1,-1,-1,-1,0,0,0,0,0,0,-1,0,0,-1,-1,-1,-1,0,0,0,0,0,0,-1,0,27,0,27,0,0,27,27,0,27,1,1,0,0,0,-1,607271242,"6.18"
"C36564",1,2025-10-23,2025-10-22,1,,-1,0,0,1,2,16,1,0,0,25,0,22,1,116,423,0,0,1,2,0,25,0,0,-1,-1,-1,-1,0,0,0,0,0,0,-1,0,0,-1,-1,-1,-1,0,0,0,0,0,0,-1,0,109,0,109,0,0,109,109,0,109,1,1,0,0,0,-1,607271242,"6.18"
"C36567",1,2025-10-20,2025-10-19,1,,-1,1,0,1,1,1,1,0,0,25,0,22,1,314,101,1,0,1,1,0,25,0,0,-1,-1,-1,-1,0,0,0,0,0,0,-1,0,0,-1,-1,-1,-1,0,0,0,0,0,0,-1,0,194,0,194,0,0,194,194,0,194,1,1,0,0,0,-1,607271242,"6.18"
"C36570",2,2026-05-09,2026-05-08,1,,-1,0,0,0,2,5,2,1,0,25,1,0,-1,-1,-1,0,0,0,0,0,-1,0,21,0,3,314,-1,145,0,0,0,2,0,25,1,0,-1,-1,-1,-1,0,0,0,0,0,0,-1,0,0,0,0,145,0,145,145,0,145,4,0,0,0,0,-1,607271242,"6.18"
"C36573",1,2025-12-25,2025-12-24,1,,-1,0,0,0,2,5,2,0,0,25,0,0,-1,-1,-1,0,0,0,0,0,-1,0,22,0,1,101,99,92,0,0,0,2,0,25,0,0,-1,-1,-1,-1,0,0,0,0,0,0,-1,0,0,0,0,91,0,91,91,76,167,4,0,0,0,0,-1,607271242,"6.18"
"C36576",1,2025-11-16,2025-11-15,1,,-1,0,1,1,0,157,1,0,0,55,0,0,-1,-1,-1,0,0,0,0,0,-1,0,22,1,2,101,410,33,0,1,1,0,0,55,0,0,-1,-1,-1,-1,0,0,0,0,0,0,-1,0,0,0,0,33,148,181,33,60,93,4,0,1,0,0,-1,607271242,"6.18"
"C36579",1,2025-10-23,2025-10-22,1,,-1,0,0,0,1,3,1,0,0,18,0,22,1,101,431,0,0,0,1,0,18,0,0,-1,-1,-1,-1,0,0,0,0,0,0,-1,0,0,-1,-1,-1,-1,0,0,0,0,0,0,-1,0,78,0,78,0,0,78,78,73,151,1,1,0,0,0,-1,607271242,"6.18"
"C36582",2,2025-11-08,2025-11-07,1,,-1,0,0,0,1,3,1,1,0,25,1,0,-1,-1,-1,0,0,0,0,0,-1,0,0,-1,-1,-1,-1,0,0,0,0,0,0,-1,0,0,-1,-1,-1,-1,0,0,0,0,0,0,-1,0,0,0,0,0,0,0,0,0,0,12,0,0,0,22,0,607271242,"6.18"
"C36588",2,2026-07-18,2026-07-17,1,,-1,0,0,0,1,3,1,1,0,24,1,21,1,116,-1,0,0,0,1,0,24,1,0,-1,-1,-1,-1,0,0,0,0,0,0,-1,0,0,-1,-1,-1,-1,0,0,0,0,0,0,-1,0,75,0,75,0,0,75,75,22,97,1,1,0,0,0,-1,607271242,"6.18"
"C36591",2,2026-01-01,2025-12-31,1,,-1,9,0,1,1,167,1,2,0,25,1,0,-1,-1,-1,0,0,0,0,0,-1,0,0,-1,-1,-1,-1,0,0,0,0,0,0,-1,0,0,-1,-1,-1,-1,0,0,0,0,0,0,-1,0,0,0,0,0,0,0,0,107,107,12,0,0,0,22,1,607271242,"6.18"
"C36594",2,2025-10-24,2025-10-23,1,,-1,0,0,0,0,5,1,3,0,25,1,0,-1,-1,-1,0,0,0,0,0,-1,0,0,-1,-1,-1,-1,0,0,0,0,0,0,-1,0,0,-1,-1,-1,-1,0,0,0,0,0,0,-1,0,0,0,0,0,0,0,0,174,174,12,0,0,0,22,1,607271242,"6.18"
"C36606",1,2025-10-25,2025-10-24,1,,-1,0,0,0,0,234,1,0,0,25,0,0,-1,-1,-1,0,0,0,0,0,-1,0,21,0,3,116,-1,341,0,0,0,0,0,25,0,0,-1,-1,-1,-1,0,0,0,0,0,0,-1,0,0,0,0,341,0,341,341,15,356,4,0,0,0,0,-1,607271242,"6.18"
"C36609",1,2025-10-24,2025-10-23,1,,-1,0,0,0,0,56,1,0,0,25,0,22,1,314,423,0,0,0,0,0,25,0,0,-1,-1,-1,-1,0,0,0,0,0,0,-1,0,0,-1,-1,-1,-1,0,0,0,0,0,0,-1,0,20,0,20,0,0,20,20,0,20,1,1,0,0,0,-1,607271242,"6.18"
"C36618",1,2025-10-23,2025-10-22,1,,-1,0,0,1,0,6,1,0,0,25,0,22,1,116,410,0,0,1,0,0,25,0,0,-1,-1,-1,-1,0,0,0,0,0,0,-1,0,0,-1,-1,-1,-1,0,0,0,0,0,0,-1,0,72,0,72,0,0,72,72,8,80,1,1,0,0,0,-1,607271242,"6.18"
"C36624",1,2025-11-21,2025-11-20,1,,-1,6,0,1,0,3,1,0,0,55,0,22,3,99,431,0,0,1,0,0,25,0,0,-1,-1,-1,-1,0,0,0,0,0,0,-1,0,0,-1,-1,-1,-1,0,0,0,0,0,0,-1,0,19,0,19,0,0,19,19,72,91,1,1,0,0,21,0,607271242,"6.18"
"C36627",1,2025-10-30,2025-10-29,1,,-1,0,0,0,0,5,1,0,0,25,0,0,-1,-1,-1,0,0,0,0,0,-1,0,22,1,3,335,431,28,0,0,0,0,0,25,0,0,-1,-1,-1,-1,0,0,0,0,0,0,-1,0,0,0,0,28,12,40,28,0,28,4,0,1,0,0,-1,607271242,"6.18"
"C36630",1,2025-12-19,2025-12-18,1,,-1,0,1,1,0,5,2,0,0,25,1,0,-1,-1,-1,0,0,0,0,0,-1,0,22,1,2,101,434,35,0,1,1,0,0,25,1,0,-1,-1,-1,-1,0,0,0,0,0,0,-1,0,0,0,0,35,64,99,35,21,56,4,0,1,0,0,-1,607271242,"6.18"
"C36633",1,2025-10-19,2025-10-18,1,,-1,0,0,0,0,3,1,0,0,25,0,0,-1,-1,-1,0,0,0,0,0,-1,0,22,1,1,116,410,1,0,0,0,0,0,25,0,0,-1,-1,-1,-1,0,0,0,0,0,0,-1,0,0,0,0,1,138,139,1,351,352,4,0,1,0,0,-1,607271242,"6.18"
"C36636",1,2025-10-25,2025-10-24,1,,-1,0,0,1,0,5,1,0,0,55,0,22,1,207,422,0,0,1,0,0,55,0,0,-1,-1,-1,-1,0,0,0,0,0,0,-1,0,0,-1,-1,-1,-1,0,0,0,0,0,0,-1,0,40,0,40,0,0,40,40,0,40,1,1,0,0,0,-1,607271242,"6.18"
"C36639",3,2025-10-23,2025-10-22,1,,-1,0,0,1,0,236,0,1,0,-1,0,22,1,336,313,0,0,1,0,0,-1,0,0,-1,-1,-1,-1,0,0,0,0,0,0,-1,0,0,-1,-1,-1,-1,0,0,0,0,0,0,-1,0,33,0,33,0,0,33,33,0,33,1,1,0,0,0,-1,607271242,"6.18"
"C36642",1,2025-09-07,2025-09-06,5,,-1,0,1,0,0,5,1,0,0,25,0,12,3,206,99,0,1,0,0,0,25,0,0,-1,-1,-1,-1,0,0,0,0,0,0,-1,0,0,-1,-1,-1,-1,0,0,0,0,0,0,-1,0,66,0,66,0,0,66,66,8,74,1,1,0,0,0,-1,607271242,"6.18"
"C36651",1,2025-10-25,2025-10-24,1,,-1,1,0,1,2,237,1,0,0,25,0,21,1,99,-1,1,0,1,2,0,25,0,22,0,2,101,24,133,1,0,1,2,0,25,0,0,-1,-1,-1,-1,0,0,0,0,0,0,-1,0,341,0,341,0,0,341,341,906,1247,5,1,0,0,0,-1,607271242,"6.18"
"C36654",1,2025-10-19,2025-10-18,1,,-1,0,0,1,0,5,1,0,0,25,0,22,3,335,98,0,0,1,0,0,25,0,0,-1,-1,-1,-1,0,0,0,0,0,0,-1,0,0,-1,-1,-1,-1,0,0,0,0,0,0,-1,0,17,0,17,0,0,17,17,0,17,1,1,0,0,0,-1,607271242,"6.18"
"C36657",1,2025-10-26,2025-10-25,1,,-1,0,0,1,0,56,1,0,0,25,0,22,1,99,99,0,0,1,0,0,25,0,21,1,1,101,-1,76,0,0,1,0,0,25,0,0,-1,-1,-1,-1,0,0,0,0,0,0,-1,0,26,0,26,61,228,315,87,27,114,5,1,1,0,0,-1,607271242,"6.18"
"C36660",1,2025-10-31,2025-10-30,1,,-1,0,0,0,0,3,1,0,0,25,0,22,1,116,313,0,0,0,0,0,25,0,0,-1,-1,-1,-1,0,0,0,0,0,0,-1,0,0,-1,-1,-1,-1,0,0,0,0,0,0,-1,0,33,0,33,0,0,33,33,14,47,1,1,0,0,0,-1,607271242,"6.18"
"C36663",1,2025-10-29,2025-10-28,1,,-1,0,0,1,0,5,1,0,0,25,0,22,1,99,99,0,0,1,0,0,25,0,0,-1,-1,-1,-1,0,0,0,0,0,0,-1,0,0,-1,-1,-1,-1,0,0,0,0,0,0,-1,0,15,0,15,0,0,15,15,42,57,1,1,0,0,0,-1,607271242,"6.18"
"C36666",1,2025-11-18,2025-11-17,1,,-1,4,0,0,0,5,1,0,0,25,0,22,1,336,423,0,0,0,0,0,25,0,0,-1,-1,-1,-1,0,0,0,0,0,0,-1,0,0,-1,-1,-1,-1,0,0,0,0,0,0,-1,0,13,0,13,0,0,13,13,2,15,1,1,0,0,0,-1,607271242,"6.18"
"C36669",1,2025-10-24,2025-10-23,1,,-1,9,0,1,0,245,1,0,0,25,0,22,3,101,410,0,0,1,0,0,25,0,0,-1,-1,-1,-1,0,0,0,0,0,0,-1,0,0,-1,-1,-1,-1,0,0,0,0,0,0,-1,0,54,0,54,0,0,54,54,2,56,1,1,0,0,0,-1,607271242,"6.18"
"C36672",2,2025-10-30,2025-10-29,1,,-1,0,0,0,1,15,2,1,0,25,1,0,-1,-1,-1,0,0,0,0,0,-1,0,21,0,3,335,-1,336,0,0,0,1,0,25,1,0,-1,-1,-1,-1,0,0,0,0,0,0,-1,0,0,0,0,336,0,336,336,0,336,4,0,0,0,0,-1,607271242,"6.18"
"C36681",1,2025-10-19,2025-10-18,1,,-1,9,0,1,0,56,1,0,0,18,0,22,1,101,215,0,0,1,0,0,18,0,0,-1,-1,-1,-1,0,0,0,0,0,0,-1,0,0,-1,-1,-1,-1,0,0,0,0,0,0,-1,0,0,37,37,0,0,37,37,0,37,2,1,0,0,0,-1,607271242,"6.18"
"C36684",3,2025-10-11,2025-10-10,1,,-1,0,0,0,0,5,0,1,0,-1,0,22,1,101,225,0,0,0,0,0,-1,0,0,-1,-1,-1,-1,0,0,0,0,0,0,-1,0,0,-1,-1,-1,-1,0,0,0,0,0,0,-1,0,0,47,47,0,0,47,47,0,47,2,1,0,0,0,-1,607271242,"6.18"
"C36687",1,2025-11-01,2025-10-31,1,,-1,0,0,0,1,246,1,0,0,25,0,0,-1,-1,-1,0,0,0,0,0,-1,0,22,1,3,336,431,14,0,0,0,1,0,25,0,0,-1,-1,-1,-1,0,0,0,0,0,0,-1,0,0,0,0,14,12,26,14,0,14,4,0,1,0,0,-1,607271242,"6.18"
"C36690",1,2025-10-25,2025-10-24,1,,-1,0,0,1,0,5,1,0,0,55,0,22,3,207,423,0,0,1,0,0,55,0,0,-1,-1,-1,-1,0,0,0,0,0,0,-1,0,0,-1,-1,-1,-1,0,0,0,0,0,0,-1,0,13,0,13,0,0,13,13,0,13,1,1,0,0,0,-1,607271242,"6.18"
"C36693",3,2025-10-05,2025-10-04,1,,-1,0,0,0,0,5,0,1,0,-1,0,22,1,215,215,0,0,0,0,0,-1,0,0,-1,-1,-1,-1,0,0,0,0,0,0,-1,0,0,-1,-1,-1,-1,0,0,0,0,0,0,-1,0,0,230,230,0,0,230,230,0,230,2,1,0,0,0,-1,607271242,"6.18"
"C36696",3,2025-10-09,2025-10-08,1,,-1,9,0,1,0,35,0,1,0,-1,0,22,1,207,215,0,0,1,0,0,-1,0,0,-1,-1,-1,-1,0,0,0,0,0,0,-1,0,0,-1,-1,-1,-1,0,0,0,0,0,0,-1,0,0,47,47,0,0,47,47,0,47,2,1,0,0,0,-1,607271242,"6.18"
"C36699",1,2025-10-26,2025-10-25,1,,-1,0,0,0,0,5,1,0,0,25,0,22,1,116,313,0,0,0,0,0,25,0,0,-1,-1,-1,-1,0,0,0,0,0,0,-1,0,0,-1,-1,-1,-1,0,0,0,0,0,0,-1,0,29,0,29,0,0,29,29,114,143,1,1,0,0,0,-1,607271242,"6.18"
"C36702",1,2025-10-26,2025-10-25,1,,-1,0,0,1,0,5,1,0,0,25,0,22,1,336,99,0,0,1,0,0,25,0,0,-1,-1,-1,-1,0,0,0,0,0,0,-1,0,0,-1,-1,-1,-1,0,0,0,0,0,0,-1,0,100,0,100,0,0,100,100,6,106,1,1,0,0,0,-1,607271242,"6.18"
"C36705",1,2025-10-30,2025-10-29,1,,-1,0,0,0,0,3,1,0,0,25,0,22,1,99,99,0,0,0,0,0,25,0,0,-1,-1,-1,-1,0,0,0,0,0,0,-1,0,0,-1,-1,-1,-1,0,0,0,0,0,0,-1,0,15,0,15,0,0,15,15,2,17,1,1,0,0,0,-1,607271242,"6.18"
"C36708",1,2025-10-30,2025-10-29,1,,-1,0,0,1,0,3,1,0,0,25,0,0,-1,-1,-1,0,0,0,0,0,-1,0,22,0,3,336,99,70,0,0,1,0,0,25,0,0,-1,-1,-1,-1,0,0,0,0,0,0,-1,0,0,0,0,69,0,69,69,0,69,4,0,0,0,0,-1,607271242,"6.18"
"C36714",1,2026-03-15,2026-03-14,1,,-1,0,0,1,1,35,1,0,0,24,0,22,1,207,99,0,0,1,1,0,24,0,0,-1,-1,-1,-1,0,0,0,0,0,0,-1,0,0,-1,-1,-1,-1,0,0,0,0,0,0,-1,0,15,0,15,0,0,15,15,72,87,1,1,0,0,0,-1,607271242,"6.18"
"C36714",2,2026-06-29,2026-06-28,1,,-1,0,0,1,1,35,1,1,0,24,1,21,1,116,-1,0,0,1,1,0,24,1,21,0,1,116,-1,94,0,0,1,1,0,24,1,0,-1,-1,-1,-1,0,0,0,0,0,0,-1,0,83,0,83,11,0,94,94,25,119,5,1,0,0,0,-1,607271242,"6.18"
"C36720",1,2025-10-30,2025-10-29,1,,-1,0,0,1,0,256,1,0,0,55,0,22,1,101,423,0,0,1,0,0,55,0,0,-1,-1,-1,-1,0,0,0,0,0,0,-1,0,0,-1,-1,-1,-1,0,0,0,0,0,0,-1,0,99,0,99,0,0,99,99,2,101,1,1,0,0,0,-1,607271242,"6.18"
"C36723",1,2025-10-24,2025-10-23,1,,-1,0,0,0,0,5,1,0,0,25,0,22,1,206,99,0,0,0,0,0,25,0,0,-1,-1,-1,-1,0,0,0,0,0,0,-1,0,0,-1,-1,-1,-1,0,0,0,0,0,0,-1,0,22,0,22,0,0,22,22,174,196,1,1,0,0,0,-1,607271242,"6.18"
"C36726",1,2025-11-01,2025-10-31,1,,-1,0,0,1,0,3,1,0,0,25,0,22,1,101,422,0,0,1,0,0,25,0,0,-1,-1,-1,-1,0,0,0,0,0,0,-1,0,0,-1,-1,-1,-1,0,0,0,0,0,0,-1,0,49,0,49,0,0,49,49,0,49,1,1,0,0,0,-1,607271242,"6.18"
"C36729",1,2025-11-01,2025-10-31,1,,-1,0,0,0,0,5,1,0,0,55,0,0,-1,-1,-1,0,0,0,0,0,-1,0,22,0,3,314,99,155,0,0,0,0,0,55,0,0,-1,-1,-1,-1,0,0,0,0,0,0,-1,0,0,0,0,154,0,154,154,0,154,4,0,0,0,0,-1,607271242,"6.18"
"C36732",1,2025-10-25,2025-10-24,1,,-1,6,1,1,0,5,1,0,0,55,0,0,-1,-1,-1,0,0,0,0,0,-1,0,22,1,1,116,419,41,0,1,1,0,0,55,0,0,-1,-1,-1,-1,0,0,0,0,0,0,-1,0,0,0,0,41,35,76,41,296,337,4,0,1,0,0,-1,607271242,"6.18"
"C36735",1,2025-10-30,2025-10-29,1,,-1,0,0,0,2,3,1,0,0,25,0,22,1,116,422,0,0,0,2,0,25,0,0,-1,-1,-1,-1,0,0,0,0,0,0,-1,0,0,-1,-1,-1,-1,0,0,0,0,0,0,-1,0,116,0,116,0,0,116,116,65,181,1,1,0,0,0,-1,607271242,"6.18"
"C36738",1,2025-10-14,2025-10-13,1,,-1,0,0,0,0,56,1,0,0,25,0,22,1,206,423,0,0,0,0,0,25,0,0,-1,-1,-1,-1,0,0,0,0,0,0,-1,0,0,-1,-1,-1,-1,0,0,0,0,0,0,-1,0,82,0,82,0,0,82,82,0,82,1,1,0,0,0,-1,607271242,"6.18"
"C36744",1,2025-10-30,2025-10-29,1,,-1,0,0,0,0,5,1,0,0,25,0,22,3,116,99,0,0,0,0,0,25,0,0,-1,-1,-1,-1,0,0,0,0,0,0,-1,0,0,-1,-1,-1,-1,0,0,0,0,0,0,-1,0,41,0,41,0,0,41,41,74,115,1,1,0,0,0,-1,607271242,"6.18"
"C36747",1,2025-10-22,2025-10-21,1,,-1,0,0,0,0,5,1,0,0,25,0,22,1,116,423,0,0,0,0,0,25,0,0,-1,-1,-1,-1,0,0,0,0,0,0,-1,0,0,-1,-1,-1,-1,0,0,0,0,0,0,-1,0,110,0,110,0,0,110,110,0,110,1,1,0,0,0,-1,607271242,"6.18"
"C36750",2,2025-10-27,2025-10-26,1,,-1,0,0,1,0,5,3,1,0,25,1,22,1,410,410,0,0,1,0,0,25,1,0,-1,-1,-1,-1,0,0,0,0,0,0,-1,0,0,-1,-1,-1,-1,0,0,0,0,0,0,-1,0,101,0,101,0,0,101,101,4,105,1,1,0,0,0,-1,607271242,"6.18"
"C36774",1,2025-10-27,2025-10-26,1,,-1,0,0,0,0,5,1,0,0,25,0,22,1,314,314,0,0,0,0,0,25,0,0,-1,-1,-1,-1,0,0,0,0,0,0,-1,0,0,-1,-1,-1,-1,0,0,0,0,0,0,-1,0,40,0,40,0,0,40,40,13,53,1,1,0,0,0,-1,607271242,"6.18"
"C36777",1,2025-11-01,2025-10-31,1,,-1,0,0,0,1,3,1,0,0,25,0,22,1,116,99,0,0,0,1,0,25,0,0,-1,-1,-1,-1,0,0,0,0,0,0,-1,0,0,-1,-1,-1,-1,0,0,0,0,0,0,-1,0,14,0,14,0,0,14,14,13,27,1,1,0,0,0,-1,607271242,"6.18"
"C36780",1,2025-10-30,2025-10-29,1,,-1,4,0,0,0,3,1,0,0,18,0,22,1,206,422,0,0,0,0,0,18,0,0,-1,-1,-1,-1,0,0,0,0,0,0,-1,0,0,-1,-1,-1,-1,0,0,0,0,0,0,-1,0,22,0,22,0,0,22,22,2,24,1,1,0,0,0,-1,607271242,"6.18"
"C36786",1,2025-10-31,2025-10-30,1,,-1,6,0,1,0,5,1,0,0,25,0,21,1,302,-1,0,0,1,0,0,25,0,0,-1,-1,-1,-1,0,0,0,0,0,0,-1,0,0,-1,-1,-1,-1,0,0,0,0,0,0,-1,0,299,0,299,0,0,299,299,32,331,1,1,0,0,0,-1,607271242,"6.18"
"C36789",1,2025-10-31,2025-10-30,1,,-1,0,0,1,2,346,1,0,0,25,0,22,1,206,422,0,0,1,2,0,25,0,0,-1,-1,-1,-1,0,0,0,0,0,0,-1,0,0,-1,-1,-1,-1,0,0,0,0,0,0,-1,0,154,0,154,0,0,154,154,11,165,1,1,0,0,0,-1,607271242,"6.18"
"C36792",1,2025-11-02,2025-11-01,1,,-1,4,0,0,0,36,1,0,0,25,0,21,1,101,-1,0,0,0,0,0,25,0,0,-1,-1,-1,-1,0,0,0,0,0,0,-1,0,0,-1,-1,-1,-1,0,0,0,0,0,0,-1,0,333,0,333,0,0,333,333,3,336,1,1,0,0,0,-1,607271242,"6.18"
"C36798",2,2025-11-01,2025-10-31,1,,-1,0,0,0,1,3,1,2,0,25,1,22,1,116,313,0,0,0,1,0,25,1,0,-1,-1,-1,-1,0,0,0,0,0,0,-1,0,0,-1,-1,-1,-1,0,0,0,0,0,0,-1,0,54,0,54,0,0,54,54,69,123,1,1,0,0,0,-1,607271242,"6.18"
"C36807",1,2025-10-31,2025-10-30,1,,-1,0,0,0,0,347,1,0,0,25,0,22,3,314,313,0,0,0,0,0,25,0,0,-1,-1,-1,-1,0,0,0,0,0,0,-1,0,0,-1,-1,-1,-1,0,0,0,0,0,0,-1,0,13,0,13,0,0,13,13,0,13,1,1,0,0,0,-1,607271242,"6.18"
"C36810",2,2025-11-01,2025-10-31,1,,-1,0,0,0,0,5,2,1,0,25,1,22,1,101,99,0,0,0,0,0,25,1,0,-1,-1,-1,-1,0,0,0,0,0,0,-1,0,0,-1,-1,-1,-1,0,0,0,0,0,0,-1,0,83,0,83,0,0,83,83,15,98,1,1,0,0,0,-1,607271242,"6.18"
"C36819",2,2025-10-11,2025-10-10,1,,-1,0,0,0,2,5,1,2,0,25,1,22,1,336,422,0,0,0,2,0,25,1,0,-1,-1,-1,-1,0,0,0,0,0,0,-1,0,0,-1,-1,-1,-1,0,0,0,0,0,0,-1,0,13,0,13,0,0,13,13,0,13,1,1,0,0,0,-1,607271242,"6.18"
"C36828",1,2025-11-02,2025-11-01,1,,-1,0,0,0,0,3,1,0,0,18,0,22,1,116,101,0,0,0,0,0,18,0,0,-1,-1,-1,-1,0,0,0,0,0,0,-1,0,0,-1,-1,-1,-1,0,0,0,0,0,0,-1,0,89,0,89,0,0,89,89,0,89,1,1,0,0,0,-1,607271242,"6.18"
"C36831",1,2025-11-02,2025-11-01,1,,-1,0,1,0,0,3,1,0,0,25,0,22,1,101,423,0,1,0,0,0,25,0,0,-1,-1,-1,-1,0,0,0,0,0,0,-1,0,0,-1,-1,-1,-1,0,0,0,0,0,0,-1,0,41,0,41,0,0,41,41,0,41,1,1,0,0,0,-1,607271242,"6.18"
"C36834",1,2025-10-23,2025-10-22,1,,-1,9,1,1,0,5,1,0,0,25,0,0,-1,-1,-1,0,0,0,0,0,-1,0,22,1,3,116,410,43,0,1,1,0,0,25,0,0,-1,-1,-1,-1,0,0,0,0,0,0,-1,0,0,0,0,43,103,146,43,3,46,4,0,1,0,0,-1,607271242,"6.18"
"C36837",1,2025-10-20,2025-10-19,1,,-1,9,0,1,0,5,1,0,0,25,0,22,3,118,99,0,0,1,0,0,25,0,0,-1,-1,-1,-1,0,0,0,0,0,0,-1,0,0,-1,-1,-1,-1,0,0,0,0,0,0,-1,0,27,0,27,0,0,27,27,139,166,1,1,0,0,0,-1,607271242,"6.18"
"C36840",1,2025-10-31,2025-10-30,1,,-1,0,0,1,0,5,1,0,0,25,0,22,3,206,312,0,0,1,0,0,25,0,0,-1,-1,-1,-1,0,0,0,0,0,0,-1,0,0,-1,-1,-1,-1,0,0,0,0,0,0,-1,0,13,0,13,0,0,13,13,0,13,1,1,0,0,0,-1,607271242,"6.18"
"C36849",2,2025-11-02,2025-11-01,1,,-1,0,0,0,1,3,1,2,0,25,1,22,1,116,410,0,0,0,1,0,25,1,0,-1,-1,-1,-1,0,0,0,0,0,0,-1,0,0,-1,-1,-1,-1,0,0,0,0,0,0,-1,0,76,0,76,0,0,76,76,6,82,1,1,0,0,0,-1,607271242,"6.18"
"C36858",1,2025-11-01,2025-10-31,1,,-1,9,0,1,0,367,1,0,0,25,0,22,3,336,99,0,0,1,0,0,25,0,0,-1,-1,-1,-1,0,0,0,0,0,0,-1,0,0,-1,-1,-1,-1,0,0,0,0,0,0,-1,0,31,0,31,0,0,31,31,0,31,1,1,0,0,0,-1,607271242,"6.18"
"C36864",2,2026-03-03,2026-03-02,1,,-1,0,0,1,2,5,2,2,0,25,1,22,1,335,99,0,0,1,2,0,25,1,0,-1,-1,-1,-1,0,0,0,0,0,0,-1,0,0,-1,-1,-1,-1,0,0,0,0,0,0,-1,0,16,0,16,0,0,16,16,29,45,1,1,0,0,0,-1,607271242,"6.18"
"C36873",1,2025-11-06,2025-11-05,1,,-1,0,0,1,0,5,1,0,0,25,0,22,1,410,313,0,0,1,0,0,25,0,0,-1,-1,-1,-1,0,0,0,0,0,0,-1,0,0,-1,-1,-1,-1,0,0,0,0,0,0,-1,0,33,0,33,0,0,33,33,0,33,1,1,0,0,0,-1,607271242,"6.18"
"C36876",1,2025-11-06,2025-11-05,1,,-1,0,0,1,0,35,1,0,0,25,0,22,1,314,423,0,0,1,0,0,25,0,0,-1,-1,-1,-1,0,0,0,0,0,0,-1,0,0,-1,-1,-1,-1,0,0,0,0,0,0,-1,0,29,0,29,0,0,29,29,0,29,1,1,0,0,0,-1,607271242,"6.18"
"C36879",1,2026-06-09,2026-06-08,1,,-1,0,0,1,0,15,1,0,0,25,0,22,1,336,312,0,0,1,0,0,25,0,0,-1,-1,-1,-1,0,0,0,0,0,0,-1,0,0,-1,-1,-1,-1,0,0,0,0,0,0,-1,0,20,0,20,0,0,20,20,64,84,1,1,0,0,0,-1,607271242,"6.18"
"C36882",2,2025-11-08,2025-11-07,1,,-1,0,0,0,1,5,1,3,0,25,1,0,-1,-1,-1,0,0,0,0,0,-1,0,21,1,3,101,-1,32,0,0,0,1,1,25,1,0,-1,-1,-1,-1,0,0,0,0,0,0,-1,0,0,0,0,32,107,139,32,6,38,4,0,1,0,0,-1,607271242,"6.18"
"C36894",1,2025-11-05,2025-11-04,1,,-1,4,0,0,0,98,1,0,0,25,0,22,1,116,99,0,0,0,0,0,25,0,0,-1,-1,-1,-1,0,0,0,0,0,0,-1,0,0,-1,-1,-1,-1,0,0,0,0,0,0,-1,0,40,0,40,0,0,40,40,1097,1137,1,1,0,0,0,-1,607271242,"6.18"
"C36897",1,2025-11-07,2025-11-06,1,,-1,0,0,0,0,5,1,0,0,25,0,22,1,314,423,0,0,0,0,0,25,0,0,-1,-1,-1,-1,0,0,0,0,0,0,-1,0,0,-1,-1,-1,-1,0,0,0,0,0,0,-1,0,28,0,28,0,0,28,28,0,28,1,1,0,0,0,-1,607271242,"6.18"
"C36900",1,2025-11-07,2025-11-06,1,,-1,0,0,0,0,13,1,0,0,25,0,22,1,116,423,0,0,0,0,0,25,0,0,-1,-1,-1,-1,0,0,0,0,0,0,-1,0,0,-1,-1,-1,-1,0,0,0,0,0,0,-1,0,54,0,54,0,0,54,54,62,116,1,1,0,0,0,-1,607271242,"6.18"
"C36903",1,2025-11-07,2025-11-06,1,,-1,0,0,0,0,467,1,0,0,24,0,22,1,116,423,0,0,0,0,0,24,0,0,-1,-1,-1,-1,0,0,0,0,0,0,-1,0,0,-1,-1,-1,-1,0,0,0,0,0,0,-1,0,27,0,27,0,0,27,27,0,27,1,1,0,0,0,-1,607271242,"6.18"
"C36906",1,2025-10-11,2025-10-10,1,,-1,0,0,1,2,35,2,0,0,18,0,22,3,116,313,0,0,1,2,0,18,0,0,-1,-1,-1,-1,0,0,0,0,0,0,-1,0,0,-1,-1,-1,-1,0,0,0,0,0,0,-1,0,31,0,31,0,0,31,31,0,31,1,1,0,0,0,-1,607271242,"6.18"
"C36909",1,2025-11-13,2025-11-12,1,,-1,0,0,1,2,5,2,0,0,18,0,0,-1,-1,-1,0,0,0,0,0,-1,0,22,1,3,116,410,12,0,0,1,2,0,18,0,0,-1,-1,-1,-1,0,0,0,0,0,0,-1,0,0,0,0,12,87,99,12,34,46,4,0,1,0,0,-1,607271242,"6.18"
"C36912",1,2025-11-07,2025-11-06,1,,-1,0,0,0,1,5,1,0,0,25,0,22,1,410,423,0,0,0,1,0,25,0,0,-1,-1,-1,-1,0,0,0,0,0,0,-1,0,0,-1,-1,-1,-1,0,0,0,0,0,0,-1,0,35,0,35,0,0,35,35,0,35,1,1,0,0,0,-1,607271242,"6.18"
"C36915",2,2025-11-27,2025-11-26,1,,-1,0,0,1,1,5,1,1,0,24,1,0,-1,-1,-1,0,0,0,0,0,-1,0,21,1,1,101,-1,4,0,0,1,1,0,24,1,0,-1,-1,-1,-1,0,0,0,0,0,0,-1,0,0,0,0,4,304,308,4,26,30,4,0,1,0,0,-1,607271242,"6.18"
"C36921",1,2025-11-07,2025-11-06,1,,-1,1,0,1,0,567,1,0,0,25,0,22,1,336,313,1,0,1,0,0,25,0,0,-1,-1,-1,-1,0,0,0,0,0,0,-1,0,0,-1,-1,-1,-1,0,0,0,0,0,0,-1,0,27,0,27,0,0,27,27,36,63,1,1,0,0,0,-1,607271242,"6.18"
"C36924",1,2025-11-07,2025-11-06,1,,-1,1,0,1,1,56,1,0,0,18,0,22,1,314,423,1,0,1,1,0,18,0,0,-1,-1,-1,-1,0,0,0,0,0,0,-1,0,0,-1,-1,-1,-1,0,0,0,0,0,0,-1,0,27,0,27,0,0,27,27,13,40,1,1,0,0,0,-1,607271242,"6.18"
"C36927",1,2025-11-06,2025-11-05,1,,-1,0,0,0,0,3,1,0,0,25,0,22,1,207,99,0,0,0,0,0,25,0,0,-1,-1,-1,-1,0,0,0,0,0,0,-1,0,0,-1,-1,-1,-1,0,0,0,0,0,0,-1,0,10,0,10,0,0,10,10,0,10,1,1,0,0,0,-1,607271242,"6.18"
"C36930",1,2025-10-10,2025-10-09,1,,-1,0,0,0,0,3,1,0,0,25,0,22,3,116,99,0,0,0,0,0,25,0,0,-1,-1,-1,-1,0,0,0,0,0,0,-1,0,0,-1,-1,-1,-1,0,0,0,0,0,0,-1,0,37,0,37,0,0,37,37,7,44,1,1,0,0,0,-1,607271242,"6.18"
"C36933",1,2025-11-25,2025-11-24,1,,-1,1,0,1,0,3,1,0,0,25,0,22,1,101,116,1,0,1,0,0,25,0,22,0,1,101,99,241,1,0,1,0,0,25,0,0,-1,-1,-1,-1,0,0,0,0,0,0,-1,0,157,0,157,93,0,250,250,39,289,5,1,0,0,0,-1,607271242,"6.18"
"C36936",1,2025-11-15,2025-11-14,1,,-1,0,0,0,0,3,1,0,0,25,0,22,1,99,99,0,0,0,0,0,25,0,0,-1,-1,-1,-1,0,0,0,0,0,0,-1,0,0,-1,-1,-1,-1,0,0,0,0,0,0,-1,0,18,0,18,0,0,18,18,23,41,1,1,0,0,0,-1,607271242,"6.18"
"C36939",1,2025-11-08,2025-11-07,1,,-1,4,0,0,0,1,1,0,0,25,0,22,1,116,422,0,0,0,0,0,25,0,0,-1,-1,-1,-1,0,0,0,0,0,0,-1,0,0,-1,-1,-1,-1,0,0,0,0,0,0,-1,0,21,0,21,0,0,21,21,3,24,1,1,0,0,0,-1,607271242,"6.18"
"C36942",1,2025-11-04,2025-11-03,1,,-1,0,0,0,0,5,1,0,0,25,0,22,1,116,410,0,0,0,0,0,25,0,0,-1,-1,-1,-1,0,0,0,0,0,0,-1,0,0,-1,-1,-1,-1,0,0,0,0,0,0,-1,0,101,0,101,0,0,101,101,20,121,1,1,0,0,0,-1,607271242,"6.18"
"C36945",1,2025-11-08,2025-11-07,1,,-1,0,0,0,2,3,1,0,0,18,0,22,1,336,422,0,0,0,2,0,18,0,0,-1,-1,-1,-1,0,0,0,0,0,0,-1,0,0,-1,-1,-1,-1,0,0,0,0,0,0,-1,0,26,0,26,0,0,26,26,0,26,1,1,0,0,0,-1,607271242,"6.18"
"C36948",1,2025-11-06,2025-11-05,1,,-1,0,0,1,0,5,1,0,0,24,0,22,3,116,423,0,0,1,0,0,24,0,0,-1,-1,-1,-1,0,0,0,0,0,0,-1,0,0,-1,-1,-1,-1,0,0,0,0,0,0,-1,0,59,0,59,0,0,59,59,3,62,1,1,0,0,0,-1,607271242,"6.18"
"C36951",1,2025-11-08,2025-11-07,1,,-1,0,0,1,0,5,1,0,0,25,0,22,1,314,431,0,0,1,0,0,25,0,0,-1,-1,-1,-1,0,0,0,0,0,0,-1,0,0,-1,-1,-1,-1,0,0,0,0,0,0,-1,0,41,0,41,0,0,41,41,5,46,1,1,0,0,0,-1,607271242,"6.18"
"C36954",1,2025-11-08,2025-11-07,1,,-1,9,1,1,0,5,1,0,0,25,0,22,1,116,423,0,1,1,0,0,25,0,0,-1,-1,-1,-1,0,0,0,0,0,0,-1,0,21,1,2,206,-1,129,0,1,1,0,0,25,0,87,0,87,1,0,88,88,170,258,9,1,0,1,0,-1,607271242,"6.18"
"C36957",1,2025-11-09,2025-11-08,1,,-1,0,0,1,0,2,1,0,0,25,0,22,1,206,410,0,0,1,0,0,25,0,0,-1,-1,-1,-1,0,0,0,0,0,0,-1,0,0,-1,-1,-1,-1,0,0,0,0,0,0,-1,0,20,0,20,0,0,20,20,0,20,1,1,0,0,0,-1,607271242,"6.18"
"C36960",1,2025-11-13,2025-11-12,1,,-1,0,0,0,0,5,1,0,0,25,0,0,-1,-1,-1,0,0,0,0,0,-1,0,22,1,3,314,431,4,0,0,0,0,0,25,0,0,-1,-1,-1,-1,0,0,0,0,0,0,-1,0,0,0,0,4,12,16,4,0,4,4,0,1,0,0,-1,607271242,"6.18"
"C36963",1,2025-11-14,2025-11-13,1,,-1,0,0,0,0,5,1,0,0,25,0,22,1,116,207,0,0,0,0,0,25,0,0,-1,-1,-1,-1,0,0,0,0,0,0,-1,0,0,-1,-1,-1,-1,0,0,0,0,0,0,-1,0,33,0,33,0,0,33,33,225,258,1,1,0,0,0,-1,607271242,"6.18"
"C36966",2,2026-03-27,2026-03-26,1,,-1,0,0,1,0,3,2,3,0,25,1,22,1,116,410,0,0,1,0,1,25,1,0,-1,-1,-1,-1,0,0,0,0,0,0,-1,0,0,-1,-1,-1,-1,0,0,0,0,0,0,-1,0,21,0,21,0,0,21,21,21,42,1,1,0,0,0,-1,607271242,"6.18"
"C36981",1,2025-11-10,2025-11-09,1,,-1,0,0,1,1,5,1,0,0,25,0,0,-1,-1,-1,0,0,0,0,0,-1,0,22,0,3,116,99,53,0,0,1,1,0,25,0,0,-1,-1,-1,-1,0,0,0,0,0,0,-1,0,0,0,0,52,0,52,52,53,105,4,0,0,0,0,-1,607271242,"6.18"
"C36984",1,2025-11-10,2025-11-09,1,,-1,0,0,1,0,5,1,0,0,25,0,22,1,101,206,0,0,1,0,0,25,0,0,-1,-1,-1,-1,0,0,0,0,0,0,-1,0,0,-1,-1,-1,-1,0,0,0,0,0,0,-1,0,73,0,73,0,0,73,73,9,82,1,1,0,0,0,-1,607271242,"6.18"
"C36987",2,2025-12-12,2025-12-11,1,,-1,0,0,1,1,5,1,2,0,25,1,0,-1,-1,-1,0,0,0,0,0,-1,0,22,1,1,101,434,22,0,0,1,1,0,25,1,0,-1,-1,-1,-1,0,0,0,0,0,0,-1,0,0,0,0,22,163,185,22,9,31,4,0,1,0,0,-1,607271242,"6.18"
"C36993",1,2025-11-08,2025-11-07,1,,-1,0,0,1,2,4,2,0,0,25,1,22,1,336,314,0,0,1,2,0,25,1,0,-1,-1,-1,-1,0,0,0,0,0,0,-1,0,0,-1,-1,-1,-1,0,0,0,0,0,0,-1,0,72,0,72,0,0,72,72,0,72,1,1,0,0,0,-1,607271242,"6.18"
"C36996",1,2025-12-08,2025-12-07,1,,-1,0,0,1,0,5,1,0,0,25,0,0,-1,-1,-1,0,0,0,0,0,-1,0,21,0,3,410,-1,297,0,0,1,0,0,25,0,0,-1,-1,-1,-1,0,0,0,0,0,0,-1,0,0,0,0,297,0,297,297,0,297,4,0,0,0,0,-1,607271242,"6.18"
"C36999",1,2025-11-09,2025-11-08,1,,-1,9,0,1,0,5,1,0,0,25,0,22,3,335,99,0,0,1,0,0,25,0,0,-1,-1,-1,-1,0,0,0,0,0,0,-1,0,0,-1,-1,-1,-1,0,0,0,0,0,0,-1,0,71,0,71,0,0,71,71,6,77,1,1,0,0,0,-1,607271242,"6.18"
"C37002",1,2025-11-06,2025-11-05,1,,-1,0,0,1,2,5,1,0,0,55,0,22,1,206,99,0,0,1,2,0,55,0,0,-1,-1,-1,-1,0,0,0,0,0,0,-1,0,0,-1,-1,-1,-1,0,0,0,0,0,0,-1,0,43,0,43,0,0,43,43,21,64,1,1,0,0,0,-1,607271242,"6.18"
"C37005",1,2025-11-10,2025-11-09,1,,-1,0,0,0,0,3,1,0,0,25,0,22,1,336,423,0,0,0,0,0,25,0,0,-1,-1,-1,-1,0,0,0,0,0,0,-1,0,0,-1,-1,-1,-1,0,0,0,0,0,0,-1,0,35,0,35,0,0,35,35,0,35,1,1,0,0,0,-1,607271242,"6.18"
"C37008",1,2025-11-25,2025-11-24,1,,-1,0,0,1,0,5,1,0,0,25,0,22,3,116,410,0,0,1,0,0,25,0,0,-1,-1,-1,-1,0,0,0,0,0,0,-1,0,0,-1,-1,-1,-1,0,0,0,0,0,0,-1,0,80,0,80,0,0,80,80,16,96,1,1,0,0,0,-1,607271242,"6.18"
"C37011",1,2025-10-06,2025-10-05,1,,-1,1,1,1,0,5,1,0,0,25,0,0,-1,-1,-1,0,0,0,0,0,-1,0,22,1,2,101,419,113,1,1,1,0,0,25,0,0,-1,-1,-1,-1,0,0,0,0,0,0,-1,0,0,0,0,113,54,167,113,1129,1242,4,0,1,0,0,-1,607271242,"6.18"
"C37014",2,2025-11-09,2025-11-08,1,,-1,0,0,0,2,5,1,1,0,18,0,22,3,335,313,0,0,0,2,0,18,0,0,-1,-1,-1,-1,0,0,0,0,0,0,-1,0,0,-1,-1,-1,-1,0,0,0,0,0,0,-1,0,13,0,13,0,0,13,13,0,13,1,1,0,0,0,-1,607271242,"6.18"
"C37023",2,2025-11-23,2025-11-22,1,,-1,0,0,0,0,35,1,1,0,25,1,0,-1,-1,-1,0,0,0,0,0,-1,0,22,1,3,335,410,2,0,0,0,0,0,25,1,0,-1,-1,-1,-1,0,0,0,0,0,0,-1,0,0,0,0,2,117,119,2,0,2,4,0,1,0,0,-1,607271242,"6.18"
"C37026",1,2025-11-15,2025-11-14,1,,-1,0,0,0,0,5,1,0,0,24,0,22,1,99,99,0,0,0,0,0,24,0,0,-1,-1,-1,-1,0,0,0,0,0,0,-1,0,0,-1,-1,-1,-1,0,0,0,0,0,0,-1,0,2,0,2,0,0,2,2,6,8,1,1,0,0,0,-1,607271242,"6.18"
"C37029",2,2025-11-09,2025-11-08,1,,-1,4,0,0,2,6,1,2,0,24,1,22,1,335,99,0,0,0,2,0,24,1,0,-1,-1,-1,-1,0,0,0,0,0,0,-1,0,0,-1,-1,-1,-1,0,0,0,0,0,0,-1,0,20,0,20,0,0,20,20,2,22,1,1,0,0,0,-1,607271242,"6.18"
"C37038",1,2025-12-14,2025-12-13,1,,-1,0,0,1,0,5,1,0,0,55,0,22,1,116,314,0,0,1,0,0,55,0,0,-1,-1,-1,-1,0,0,0,0,0,0,-1,0,0,-1,-1,-1,-1,0,0,0,0,0,0,-1,0,55,0,55,0,0,55,55,96,151,1,1,0,0,0,-1,607271242,"6.18"
"C37041",1,2025-11-10,2025-11-09,1,,-1,6,0,1,0,3,1,0,0,25,0,22,1,101,99,0,0,1,0,0,25,0,0,-1,-1,-1,-1,0,0,0,0,0,0,-1,0,0,-1,-1,-1,-1,0,0,0,0,0,0,-1,0,92,0,92,0,0,92,92,192,284,1,1,0,0,0,-1,607271242,"6.18"
"C37044",1,2026-01-03,2026-01-02,1,,-1,0,0,0,1,3,1,0,0,24,0,22,1,101,423,0,0,0,1,0,24,0,0,-1,-1,-1,-1,0,0,0,0,0,0,-1,0,0,-1,-1,-1,-1,0,0,0,0,0,0,-1,0,53,0,53,0,0,53,53,12,65,1,1,0,0,0,-1,607271242,"6.18"
"C37047",1,2025-11-09,2025-11-08,1,,-1,0,0,1,2,7,1,0,0,25,0,22,1,336,314,0,0,1,2,0,25,0,0,-1,-1,-1,-1,0,0,0,0,0,0,-1,0,0,-1,-1,-1,-1,0,0,0,0,0,0,-1,0,77,0,77,0,0,77,77,65,142,1,1,0,0,0,-1,607271242,"6.18"
"C37050",1,2025-11-09,2025-11-08,1,,-1,0,0,0,0,5,1,0,0,55,0,22,1,336,99,0,0,0,0,0,55,0,0,-1,-1,-1,-1,0,0,0,0,0,0,-1,0,0,-1,-1,-1,-1,0,0,0,0,0,0,-1,0,1,0,1,0,0,1,1,0,1,1,1,0,0,0,-1,607271242,"6.18"
"C37053",1,2025-11-12,2025-11-11,1,,-1,0,0,0,2,5,1,0,0,25,0,22,1,335,116,0,0,0,2,0,25,0,0,-1,-1,-1,-1,0,0,0,0,0,0,-1,0,0,-1,-1,-1,-1,0,0,0,0,0,0,-1,0,13,0,13,0,0,13,13,4,17,1,1,0,0,0,-1,607271242,"6.18"
"C37056",1,2025-11-13,2025-11-12,1,,-1,0,0,1,0,5,1,0,0,55,0,22,1,335,312,0,0,1,0,0,55,0,0,-1,-1,-1,-1,0,0,0,0,0,0,-1,0,0,-1,-1,-1,-1,0,0,0,0,0,0,-1,0,21,0,21,0,0,21,21,0,21,1,1,0,0,0,-1,607271242,"6.18"
"C37059",1,2025-11-13,2025-11-12,1,,-1,0,0,0,0,5,1,0,0,25,0,22,1,101,423,0,0,0,0,0,25,0,0,-1,-1,-1,-1,0,0,0,0,0,0,-1,0,0,-1,-1,-1,-1,0,0,0,0,0,0,-1,0,90,0,90,0,0,90,90,4,94,1,1,0,0,0,-1,607271242,"6.18"
"C37062",1,2025-11-13,2025-11-12,1,,-1,1,0,1,0,98,1,0,0,25,0,22,1,116,422,1,0,1,0,0,25,0,0,-1,-1,-1,-1,0,0,0,0,0,0,-1,0,0,-1,-1,-1,-1,0,0,0,0,0,0,-1,0,23,0,23,0,0,23,23,732,755,1,1,0,0,0,-1,607271242,"6.18"
"C37068",1,2025-11-13,2025-11-12,1,,-1,0,0,0,0,3,1,0,0,25,0,22,1,116,423,0,0,0,0,0,25,0,0,-1,-1,-1,-1,0,0,0,0,0,0,-1,0,0,-1,-1,-1,-1,0,0,0,0,0,0,-1,0,38,0,38,0,0,38,38,26,64,1,1,0,0,0,-1,607271242,"6.18"
"C37071",1,2025-11-13,2025-11-12,1,,-1,0,0,1,0,13,1,0,0,55,0,22,1,336,422,0,0,1,0,0,55,0,0,-1,-1,-1,-1,0,0,0,0,0,0,-1,0,0,-1,-1,-1,-1,0,0,0,0,0,0,-1,0,21,0,21,0,0,21,21,0,21,1,1,0,0,0,-1,607271242,"6.18"
"C37074",2,2025-11-13,2025-11-12,1,,-1,0,0,0,1,5,1,1,0,25,1,21,1,314,-1,0,0,0,1,0,25,1,0,-1,-1,-1,-1,0,0,0,0,0,0,-1,0,0,-1,-1,-1,-1,0,0,0,0,0,0,-1,0,322,0,322,0,0,322,322,95,417,1,1,0,0,0,-1,607271242,"6.18"
"C37077",1,2025-11-13,2025-11-12,1,,-1,0,0,1,2,3,1,0,0,25,0,22,1,116,423,0,0,1,2,0,25,0,0,-1,-1,-1,-1,0,0,0,0,0,0,-1,0,0,-1,-1,-1,-1,0,0,0,0,0,0,-1,0,34,0,34,0,0,34,34,62,96,1,1,0,0,0,-1,607271242,"6.18"
"C37086",1,2025-11-07,2025-11-06,1,,-1,9,0,1,0,3,1,0,0,55,0,22,3,99,312,0,0,1,0,0,55,0,0,-1,-1,-1,-1,0,0,0,0,0,0,-1,0,0,-1,-1,-1,-1,0,0,0,0,0,0,-1,0,29,0,29,0,0,29,29,3,32,1,1,0,0,0,-1,607271242,"6.18"
"C37089",1,2025-11-09,2025-11-08,1,,-1,0,0,1,0,3,1,0,0,18,0,22,3,336,99,0,0,1,0,0,18,0,0,-1,-1,-1,-1,0,0,0,0,0,0,-1,0,0,-1,-1,-1,-1,0,0,0,0,0,0,-1,0,32,0,32,0,0,32,32,24,56,1,1,0,0,0,-1,607271242,"6.18"
"C37092",1,2025-11-10,2025-11-09,1,,-1,1,0,1,1,5,1,0,0,24,0,22,1,205,302,1,0,1,1,0,24,0,0,-1,-1,-1,-1,0,0,0,0,0,0,-1,0,0,-1,-1,-1,-1,0,0,0,0,0,0,-1,0,0,75,75,0,0,75,75,468,543,2,1,0,0,0,-1,607271242,"6.18"
"C37098",1,2025-11-17,2025-11-16,1,,-1,0,0,0,0,3,1,0,0,25,0,22,1,116,423,0,0,0,0,0,25,0,0,-1,-1,-1,-1,0,0,0,0,0,0,-1,0,0,-1,-1,-1,-1,0,0,0,0,0,0,-1,0,42,0,42,0,0,42,42,106,148,1,1,0,0,0,-1,607271242,"6.18"
"C37101",1,2025-11-10,2025-11-09,1,,-1,0,0,1,0,14,1,0,0,25,0,22,1,336,313,0,0,1,0,0,25,0,0,-1,-1,-1,-1,0,0,0,0,0,0,-1,0,0,-1,-1,-1,-1,0,0,0,0,0,0,-1,0,38,0,38,0,0,38,38,5,43,1,1,0,0,0,-1,607271242,"6.18"
"C37104",2,2025-11-08,2025-11-07,1,,-1,0,0,0,0,3,1,2,0,18,1,22,3,336,410,0,0,0,0,0,18,1,0,-1,-1,-1,-1,0,0,0,0,0,0,-1,0,0,-1,-1,-1,-1,0,0,0,0,0,0,-1,0,24,0,24,0,0,24,24,2,26,1,1,0,0,0,-1,607271242,"6.18"
"C37107",2,2025-11-13,2025-11-12,1,,-1,0,0,0,1,56,1,1,0,25,1,22,1,336,116,0,0,0,1,0,25,1,0,-1,-1,-1,-1,0,0,0,0,0,0,-1,0,0,-1,-1,-1,-1,0,0,0,0,0,0,-1,0,63,0,63,0,0,63,63,325,388,1,1,0,0,0,-1,607271242,"6.18"
"C37113",1,2025-12-14,2025-12-13,1,,-1,0,0,0,0,5,1,0,0,25,0,21,3,410,-1,0,0,0,0,0,25,0,0,-1,-1,-1,-1,0,0,0,0,0,0,-1,0,0,-1,-1,-1,-1,0,0,0,0,0,0,-1,0,291,0,291,0,0,291,291,0,291,1,1,0,0,0,-1,607271242,"6.18"
"C37116",1,2025-11-14,2025-11-13,1,,-1,1,0,1,0,5,1,0,0,55,0,22,1,336,313,1,0,1,0,0,55,0,0,-1,-1,-1,-1,0,0,0,0,0,0,-1,0,0,-1,-1,-1,-1,0,0,0,0,0,0,-1,0,30,0,30,0,0,30,30,758,788,1,1,0,0,0,-1,607271242,"6.18"
"C37119",1,2025-11-14,2025-11-13,1,,-1,0,0,0,0,15,1,0,0,25,0,22,1,207,116,0,0,0,0,0,25,0,0,-1,-1,-1,-1,0,0,0,0,0,0,-1,0,0,-1,-1,-1,-1,0,0,0,0,0,0,-1,0,17,0,17,0,0,17,17,6,23,1,1,0,0,0,-1,607271242,"6.18"
"C37122",1,2026-01-25,2026-01-24,1,,-1,9,1,1,0,56,1,0,0,55,0,21,1,336,-1,0,1,1,0,0,55,0,0,-1,-1,-1,-1,0,0,0,0,0,0,-1,0,0,-1,-1,-1,-1,0,0,0,0,0,0,-1,0,13,229,242,0,0,242,242,73,315,3,1,0,0,0,-1,607271242,"6.18"
"C37125",1,2025-11-15,2025-11-14,1,,-1,0,0,1,0,13,1,0,0,24,0,22,1,410,410,0,0,1,0,0,24,0,0,-1,-1,-1,-1,0,0,0,0,0,0,-1,0,0,-1,-1,-1,-1,0,0,0,0,0,0,-1,0,34,0,34,0,0,34,34,0,34,1,1,0,0,0,-1,607271242,"6.18"
"C37128",1,2025-11-15,2025-11-14,1,,-1,0,0,0,0,5,1,0,0,25,0,22,1,335,423,0,0,0,0,0,25,0,0,-1,-1,-1,-1,0,0,0,0,0,0,-1,0,0,-1,-1,-1,-1,0,0,0,0,0,0,-1,0,27,0,27,0,0,27,27,0,27,1,1,0,0,0,-1,607271242,"6.18"
"C37131",1,2025-11-13,2025-11-12,1,,-1,0,0,1,0,5,1,0,0,25,0,22,1,205,302,0,0,1,0,0,25,0,0,-1,-1,-1,-1,0,0,0,0,0,0,-1,0,0,-1,-1,-1,-1,0,0,0,0,0,0,-1,0,0,28,28,0,0,28,28,0,28,2,1,0,0,0,-1,607271242,"6.18"
"C37134",1,2025-09-27,2025-09-26,5,,-1,0,0,1,0,5,1,0,0,25,0,12,1,336,302,0,0,1,0,0,25,0,0,-1,-1,-1,-1,0,0,0,0,0,0,-1,0,0,-1,-1,-1,-1,0,0,0,0,0,0,-1,0,0,175,175,0,0,175,175,0,175,2,1,0,0,0,-1,607271242,"6.18"
"C37137",1,2026-05-04,2026-05-03,1,,-1,0,0,1,0,16,1,0,0,25,0,0,-1,-1,-1,0,0,0,0,0,-1,0,21,1,3,314,-1,1,0,0,1,0,0,25,0,0,-1,-1,-1,-1,0,0,0,0,0,0,-1,0,0,0,0,1,149,150,1,0,1,4,0,1,0,0,-1,607271242,"6.18"
"C37140",1,2025-11-15,2025-11-14,1,,-1,0,0,0,0,3,1,0,0,24,0,22,1,336,422,0,0,0,0,0,24,0,0,-1,-1,-1,-1,0,0,0,0,0,0,-1,0,0,-1,-1,-1,-1,0,0,0,0,0,0,-1,0,19,0,19,0,0,19,19,0,19,1,1,0,0,0,-1,607271242,"6.18"
"C37143",1,2025-11-15,2025-11-14,1,,-1,0,0,0,0,98,1,0,0,25,0,22,1,336,423,0,0,0,0,0,25,0,0,-1,-1,-1,-1,0,0,0,0,0,0,-1,0,0,-1,-1,-1,-1,0,0,0,0,0,0,-1,0,90,0,90,0,0,90,90,1,91,1,1,0,0,0,-1,607271242,"6.18"
"C37146",2,2025-11-15,2025-11-14,1,,-1,0,0,0,0,3,1,1,0,25,1,22,1,116,99,0,0,0,0,0,25,1,0,-1,-1,-1,-1,0,0,0,0,0,0,-1,0,0,-1,-1,-1,-1,0,0,0,0,0,0,-1,0,61,0,61,0,0,61,61,6,67,1,1,0,0,0,-1,607271242,"6.18"
"C37152",1,2025-11-26,2025-11-25,1,,-1,0,0,1,1,5,1,0,0,25,0,22,1,314,98,0,0,1,1,0,25,0,0,-1,-1,-1,-1,0,0,0,0,0,0,-1,0,0,-1,-1,-1,-1,0,0,0,0,0,0,-1,0,24,0,24,0,0,24,24,0,24,1,1,0,0,0,-1,607271242,"6.18"
"C37155",2,2025-11-15,2025-11-14,1,,-1,9,0,1,0,17,1,3,0,25,1,22,1,336,99,0,0,1,0,1,25,1,0,-1,-1,-1,-1,0,0,0,0,0,0,-1,0,0,-1,-1,-1,-1,0,0,0,0,0,0,-1,0,55,0,55,0,0,55,55,0,55,1,1,0,0,0,-1,607271242,"6.18"
"C37167",1,2025-11-16,2025-11-15,1,,-1,0,0,1,0,5,1,0,0,55,0,22,1,410,422,0,0,1,0,0,55,0,0,-1,-1,-1,-1,0,0,0,0,0,0,-1,0,0,-1,-1,-1,-1,0,0,0,0,0,0,-1,0,76,0,76,0,0,76,76,0,76,1,1,0,0,0,-1,607271242,"6.18"
"C37170",1,2025-11-13,2025-11-12,1,,-1,9,1,1,1,5,1,0,0,25,0,0,-1,-1,-1,0,0,0,0,0,-1,0,21,1,3,116,-1,22,0,1,1,1,0,25,0,0,-1,-1,-1,-1,0,0,0,0,0,0,-1,0,0,0,0,22,300,322,22,0,22,4,0,1,0,0,-1,607271242,"6.18"
"C37173",1,2026-01-13,2026-01-12,1,,-1,0,1,1,0,23,1,0,0,25,0,0,-1,-1,-1,0,0,0,0,0,-1,0,22,0,2,116,99,76,0,1,1,0,0,25,0,0,-1,-1,-1,-1,0,0,0,0,0,0,-1,0,0,0,0,75,0,75,75,5,80,4,0,0,0,0,-1,607271242,"6.18"
"C37176",1,2025-11-15,2025-11-14,1,,-1,0,0,1,0,5,1,0,0,25,0,0,-1,-1,-1,0,0,0,0,0,-1,0,22,1,3,101,410,8,0,0,1,0,0,25,0,0,-1,-1,-1,-1,0,0,0,0,0,0,-1,0,0,0,0,8,133,141,8,34,42,4,0,1,0,0,-1,607271242,"6.18"
"C37179",1,2026-01-10,2026-01-09,1,,-1,1,0,1,1,3,1,0,0,25,0,21,1,116,-1,1,0,1,1,0,25,0,22,0,1,101,99,107,1,0,1,1,0,25,0,0,-1,-1,-1,-1,0,0,0,0,0,0,-1,0,69,0,69,106,0,175,175,104,279,5,1,0,0,0,-1,607271242,"6.18"
"C37182",1,2025-11-15,2025-11-14,1,,-1,0,0,1,2,5,1,0,0,25,0,0,-1,-1,-1,0,0,0,0,0,-1,0,22,1,3,101,410,15,0,0,1,2,0,25,0,0,-1,-1,-1,-1,0,0,0,0,0,0,-1,0,0,0,0,15,45,60,15,93,108,4,0,1,0,0,-1,607271242,"6.18"
"C37185",1,2025-11-15,2025-11-14,1,,-1,9,0,1,0,3,1,0,0,25,0,22,3,206,423,0,0,1,0,0,25,0,0,-1,-1,-1,-1,0,0,0,0,0,0,-1,0,0,-1,-1,-1,-1,0,0,0,0,0,0,-1,0,60,0,60,0,0,60,60,0,60,1,1,0,0,0,-1,607271242,"6.18"
"C37188",1,2026-01-03,2026-01-02,1,,-1,0,0,1,2,5,1,0,0,25,0,22,1,314,98,0,0,1,2,0,25,0,0,-1,-1,-1,-1,0,0,0,0,0,0,-1,0,0,-1,-1,-1,-1,0,0,0,0,0,0,-1,0,39,0,39,0,0,39,39,0,39,1,1,0,0,0,-1,607271242,"6.18"
"C37194",1,2025-11-17,2025-11-16,1,,-1,0,0,0,0,5,1,0,0,25,0,22,1,116,422,0,0,0,0,0,25,0,0,-1,-1,-1,-1,0,0,0,0,0,0,-1,0,0,-1,-1,-1,-1,0,0,0,0,0,0,-1,0,20,0,20,0,0,20,20,3,23,1,1,0,0,0,-1,607271242,"6.18"
"C37197",1,2025-11-17,2025-11-16,1,,-1,0,1,1,0,5,1,0,0,55,0,22,1,336,207,0,1,1,0,0,55,0,0,-1,-1,-1,-1,0,0,0,0,0,0,-1,0,0,-1,-1,-1,-1,0,0,0,0,0,0,-1,0,121,0,121,0,0,121,121,0,121,1,1,0,0,0,-1,607271242,"6.18"
"C37200",1,2026-02-21,2026-02-20,1,,-1,0,0,0,1,5,1,0,0,25,0,22,1,336,410,0,0,0,1,0,25,0,0,-1,-1,-1,-1,0,0,0,0,0,0,-1,0,0,-1,-1,-1,-1,0,0,0,0,0,0,-1,0,102,0,102,0,0,102,102,0,102,1,1,0,0,0,-1,607271242,"6.18"
"C37206",2,2025-11-17,2025-11-16,1,,-1,0,0,0,1,356,1,1,0,24,1,22,1,116,99,0,0,0,1,0,24,1,0,-1,-1,-1,-1,0,0,0,0,0,0,-1,0,0,-1,-1,-1,-1,0,0,0,0,0,0,-1,0,42,0,42,0,0,42,42,8,50,1,1,0,0,0,-1,607271242,"6.18"
"C37212",1,2025-11-17,2025-11-16,1,,-1,0,0,1,2,5,1,0,0,55,0,22,1,116,423,0,0,1,2,0,55,0,0,-1,-1,-1,-1,0,0,0,0,0,0,-1,0,0,-1,-1,-1,-1,0,0,0,0,0,0,-1,0,33,0,33,0,0,33,33,5,38,1,1,0,0,0,-1,607271242,"6.18"
"C37215",1,2025-11-17,2025-11-16,1,,-1,0,0,0,0,3,1,0,0,24,0,22,1,335,423,0,0,0,0,0,24,0,0,-1,-1,-1,-1,0,0,0,0,0,0,-1,0,0,-1,-1,-1,-1,0,0,0,0,0,0,-1,0,13,0,13,0,0,13,13,0,13,1,1,0,0,0,-1,607271242,"6.18"
"C37218",1,2025-11-19,2025-11-18,1,,-1,4,0,0,0,5,1,0,0,25,0,22,1,99,99,0,0,0,0,0,25,0,0,-1,-1,-1,-1,0,0,0,0,0,0,-1,0,0,-1,-1,-1,-1,0,0,0,0,0,0,-1,0,4,0,4,0,0,4,4,440,444,1,1,0,0,0,-1,607271242,"6.18"
"C37224",2,2025-11-10,2025-11-09,1,,-1,9,0,0,0,5,1,1,0,25,0,22,3,99,314,0,0,0,0,0,25,0,0,-1,-1,-1,-1,0,0,0,0,0,0,-1,0,0,-1,-1,-1,-1,0,0,0,0,0,0,-1,0,13,0,13,0,0,13,13,0,13,1,1,0,0,0,-1,607271242,"6.18"
"C37227",1,2025-11-29,2025-11-28,1,,-1,0,0,0,0,26,1,0,0,25,0,22,3,116,99,0,0,0,0,0,25,0,0,-1,-1,-1,-1,0,0,0,0,0,0,-1,0,0,-1,-1,-1,-1,0,0,0,0,0,0,-1,0,39,0,39,0,0,39,39,48,87,1,1,0,0,0,-1,607271242,"6.18"
"C37230",1,2025-11-23,2025-11-22,1,,-1,6,1,1,0,5,1,0,0,25,0,21,3,206,-1,0,1,1,0,0,25,0,0,-1,-1,-1,-1,0,0,0,0,0,0,-1,0,0,-1,-1,-1,-1,0,0,0,0,0,0,-1,0,310,0,310,0,0,310,310,10,320,1,1,0,0,0,-1,607271242,"6.18"
"C37233",1,2025-11-19,2025-11-18,1,,-1,0,0,0,0,2,1,0,0,25,0,22,1,116,116,0,0,0,0,0,25,0,0,-1,-1,-1,-1,0,0,0,0,0,0,-1,0,0,-1,-1,-1,-1,0,0,0,0,0,0,-1,0,14,0,14,0,0,14,14,32,46,1,1,0,0,0,-1,607271242,"6.18"
"C37236",1,2025-11-18,2025-11-17,1,,-1,0,0,1,0,5,1,0,0,25,0,22,3,336,410,0,0,1,0,0,25,0,0,-1,-1,-1,-1,0,0,0,0,0,0,-1,0,0,-1,-1,-1,-1,0,0,0,0,0,0,-1,0,13,0,13,0,0,13,13,0,13,1,1,0,0,0,-1,607271242,"6.18"
"C37239",2,2025-12-14,2025-12-13,1,,-1,0,0,1,2,5,1,2,0,25,1,0,-1,-1,-1,0,0,0,0,0,-1,0,21,1,1,101,-1,5,0,0,1,2,0,25,1,0,-1,-1,-1,-1,0,0,0,0,0,0,-1,0,0,0,0,5,286,291,5,30,35,4,0,1,0,0,-1,607271242,"6.18"
"C37242",1,2025-11-16,2025-11-15,1,,-1,0,1,1,0,3,1,0,0,55,0,22,1,336,312,0,1,1,0,0,55,0,0,-1,-1,-1,-1,0,0,0,0,0,0,-1,0,0,-1,-1,-1,-1,0,0,0,0,0,0,-1,0,15,0,15,0,0,15,15,2,17,1,1,0,0,0,-1,607271242,"6.18"
"C37245",1,2025-11-19,2025-11-18,1,,-1,0,0,1,2,27,1,0,0,24,0,22,1,335,98,0,0,1,2,0,24,0,0,-1,-1,-1,-1,0,0,0,0,0,0,-1,0,0,-1,-1,-1,-1,0,0,0,0,0,0,-1,0,20,0,20,0,0,20,20,0,20,1,1,0,0,0,-1,607271242,"6.18"
"C37248",1,2025-11-17,2025-11-16,1,,-1,0,0,1,1,5,1,0,0,25,0,22,1,116,99,0,0,1,1,0,25,0,0,-1,-1,-1,-1,0,0,0,0,0,0,-1,0,0,-1,-1,-1,-1,0,0,0,0,0,0,-1,0,33,0,33,0,0,33,33,2,35,1,1,0,0,0,-1,607271242,"6.18"
"C37251",1,2025-11-17,2025-11-16,1,,-1,0,0,1,1,5,1,0,0,55,0,22,1,206,314,0,0,1,1,0,55,0,0,-1,-1,-1,-1,0,0,0,0,0,0,-1,0,0,-1,-1,-1,-1,0,0,0,0,0,0,-1,0,33,0,33,0,0,33,33,11,44,1,1,0,0,0,-1,607271242,"6.18"
"C37254",1,2025-11-16,2025-11-15,1,,-1,0,0,0,1,5,2,0,0,25,0,22,1,116,431,0,0,0,1,0,25,0,0,-1,-1,-1,-1,0,0,0,0,0,0,-1,0,0,-1,-1,-1,-1,0,0,0,0,0,0,-1,0,33,0,33,0,0,33,33,32,65,1,1,0,0,0,-1,607271242,"6.18"
"C37260",1,2025-11-17,2025-11-16,1,,-1,0,0,1,2,5,1,0,0,25,0,22,1,335,420,0,0,1,2,0,25,0,0,-1,-1,-1,-1,0,0,0,0,0,0,-1,0,0,-1,-1,-1,-1,0,0,0,0,0,0,-1,0,38,0,38,0,0,38,38,0,38,1,1,0,0,0,-1,607271242,"6.18"
"C37266",1,2025-11-20,2025-11-19,1,,-1,0,0,0,0,3,1,0,0,55,0,22,1,336,313,0,0,0,0,0,55,0,21,1,1,116,-1,10,0,0,0,0,0,55,0,0,-1,-1,-1,-1,0,0,0,0,0,0,-1,0,16,0,16,10,276,302,26,20,46,5,1,1,0,0,-1,607271242,"6.18"
"C37269",1,2025-11-21,2025-11-20,1,,-1,0,0,1,1,3,1,0,0,55,0,22,1,116,411,0,0,1,1,0,55,0,0,-1,-1,-1,-1,0,0,0,0,0,0,-1,0,0,-1,-1,-1,-1,0,0,0,0,0,0,-1,0,100,0,100,0,0,100,100,0,100,1,1,0,0,0,-1,607271242,"6.18"
"C37272",1,2025-11-21,2025-11-20,1,,-1,4,0,0,0,3,1,0,0,25,0,22,1,116,314,0,0,0,0,0,25,0,0,-1,-1,-1,-1,0,0,0,0,0,0,-1,0,0,-1,-1,-1,-1,0,0,0,0,0,0,-1,0,15,0,15,0,0,15,15,0,15,1,1,0,0,0,-1,607271242,"6.18"
"C37275",1,2025-11-21,2025-11-20,1,,-1,4,0,0,0,5,1,0,0,25,0,22,1,207,423,0,0,0,0,0,25,0,0,-1,-1,-1,-1,0,0,0,0,0,0,-1,0,0,-1,-1,-1,-1,0,0,0,0,0,0,-1,0,22,0,22,0,0,22,22,0,22,1,1,0,0,0,-1,607271242,"6.18"
"C37278",1,2025-11-21,2025-11-20,1,,-1,0,0,0,0,3,1,0,0,25,0,22,1,116,422,0,0,0,0,0,25,0,0,-1,-1,-1,-1,0,0,0,0,0,0,-1,0,0,-1,-1,-1,-1,0,0,0,0,0,0,-1,0,14,0,14,0,0,14,14,0,14,1,1,0,0,0,-1,607271242,"6.18"
"C37281",1,2025-11-11,2025-11-10,1,,-1,9,0,1,0,35,1,0,0,25,0,22,3,118,98,0,0,1,0,0,25,0,0,-1,-1,-1,-1,0,0,0,0,0,0,-1,0,0,-1,-1,-1,-1,0,0,0,0,0,0,-1,0,71,0,71,0,0,71,71,0,71,1,1,0,0,0,-1,607271242,"6.18"
"C37284",1,2025-11-12,2025-11-11,1,,-1,9,1,1,1,5,1,0,0,25,0,22,3,118,99,0,1,1,1,0,25,0,0,-1,-1,-1,-1,0,0,0,0,0,0,-1,0,0,-1,-1,-1,-1,0,0,0,0,0,0,-1,0,16,0,16,0,0,16,16,0,16,1,1,0,0,0,-1,607271242,"6.18"
"C37287",1,2025-11-28,2025-11-27,1,,-1,0,0,0,0,3,1,0,0,25,0,22,1,116,422,0,0,0,0,0,25,0,0,-1,-1,-1,-1,0,0,0,0,0,0,-1,0,0,-1,-1,-1,-1,0,0,0,0,0,0,-1,0,62,0,62,0,0,62,62,4,66,1,1,0,0,0,-1,607271242,"6.18"
"C37290",2,2025-11-20,2025-11-19,1,,-1,0,0,0,1,56,1,1,0,25,1,0,-1,-1,-1,0,0,0,0,0,-1,0,0,-1,-1,-1,-1,0,0,0,0,0,0,-1,0,0,-1,-1,-1,-1,0,0,0,0,0,0,-1,0,0,0,0,0,0,0,0,0,0,12,0,0,0,22,1,607271242,"6.18"
"C37296",2,2025-11-15,2025-11-14,1,,-1,0,0,0,0,13,1,3,0,25,1,22,1,336,99,0,0,0,0,1,25,1,0,-1,-1,-1,-1,0,0,0,0,0,0,-1,0,0,-1,-1,-1,-1,0,0,0,0,0,0,-1,0,16,0,16,0,0,16,16,182,198,1,1,0,0,0,-1,607271242,"6.18"
"C37311",2,2025-11-17,2025-11-16,1,,-1,0,0,0,2,5,1,1,0,25,1,22,1,314,422,0,0,0,2,0,25,1,0,-1,-1,-1,-1,0,0,0,0,0,0,-1,0,0,-1,-1,-1,-1,0,0,0,0,0,0,-1,0,67,0,67,0,0,67,67,107,174,1,1,0,0,0,-1,607271242,"6.18"
"C37317",1,2025-11-15,2025-11-14,1,,-1,0,0,0,0,37,1,0,0,25,0,22,1,99,99,0,0,0,0,0,25,0,0,-1,-1,-1,-1,0,0,0,0,0,0,-1,0,0,-1,-1,-1,-1,0,0,0,0,0,0,-1,0,6,0,6,0,0,6,6,139,145,1,1,0,0,0,-1,607271242,"6.18"
"C37320",1,2025-11-16,2025-11-15,1,,-1,0,0,0,0,5,1,0,0,25,0,22,1,99,99,0,0,0,0,0,25,0,0,-1,-1,-1,-1,0,0,0,0,0,0,-1,0,0,-1,-1,-1,-1,0,0,0,0,0,0,-1,0,5,0,5,0,0,5,5,2,7,1,1,0,0,0,-1,607271242,"6.18"
"C37326",2,2026-02-03,2026-02-02,1,,-1,0,0,0,2,3,1,1,0,25,1,0,-1,-1,-1,0,0,0,0,0,-1,0,21,1,1,302,-1,7,0,0,0,2,0,25,1,0,-1,-1,-1,-1,0,0,0,0,0,0,-1,0,0,0,0,7,233,240,7,0,7,4,0,1,0,0,-1,607271242,"6.18"
"C37332",1,2025-11-22,2025-11-21,1,,-1,1,0,1,2,5,1,0,0,25,0,22,1,99,99,1,0,1,2,0,25,0,0,-1,-1,-1,-1,0,0,0,0,0,0,-1,0,0,-1,-1,-1,-1,0,0,0,0,0,0,-1,0,22,0,22,0,0,22,22,73,95,1,1,0,0,0,-1,607271242,"6.18"
"C37335",2,2025-11-11,2025-11-10,1,,-1,0,0,0,0,45,1,3,0,25,1,22,1,336,99,0,0,0,0,1,25,1,0,-1,-1,-1,-1,0,0,0,0,0,0,-1,0,0,-1,-1,-1,-1,0,0,0,0,0,0,-1,0,7,0,7,0,0,7,7,0,7,1,1,0,0,0,-1,607271242,"6.18"
"C37347",1,2025-11-20,2025-11-19,1,,-1,0,0,1,0,3,1,0,0,25,0,22,1,99,99,0,0,1,0,0,25,0,0,-1,-1,-1,-1,0,0,0,0,0,0,-1,0,0,-1,-1,-1,-1,0,0,0,0,0,0,-1,0,1,0,1,0,0,1,1,34,35,1,1,0,0,0,-1,607271242,"6.18"
"C37350",1,2025-11-22,2025-11-21,1,,-1,0,0,1,2,46,1,0,0,55,0,22,1,314,101,0,0,1,2,0,55,0,0,-1,-1,-1,-1,0,0,0,0,0,0,-1,0,0,-1,-1,-1,-1,0,0,0,0,0,0,-1,0,39,0,39,0,0,39,39,0,39,1,1,0,0,0,-1,607271242,"6.18"
"C37353",1,2026-03-09,2026-03-08,1,,-1,0,0,1,0,5,1,0,0,25,0,22,1,207,431,0,0,1,0,0,25,0,0,-1,-1,-1,-1,0,0,0,0,0,0,-1,0,0,-1,-1,-1,-1,0,0,0,0,0,0,-1,0,33,0,33,0,0,33,33,551,584,1,1,0,0,0,-1,607271242,"6.18"
"C37356",1,2025-11-14,2025-11-13,1,,-1,6,0,1,2,3,1,0,0,25,0,21,3,410,-1,0,0,1,2,0,25,0,0,-1,-1,-1,-1,0,0,0,0,0,0,-1,0,0,-1,-1,-1,-1,0,0,0,0,0,0,-1,0,321,0,321,0,0,321,321,0,321,1,1,0,0,0,-1,607271242,"6.18"
"C37359",1,2025-12-28,2025-12-27,1,,-1,9,0,1,1,5,2,0,0,25,0,0,-1,-1,-1,0,0,0,0,0,-1,0,21,1,3,101,-1,77,0,0,1,1,0,25,0,0,-1,-1,-1,-1,0,0,0,0,0,0,-1,0,0,0,0,77,200,277,77,186,263,4,0,1,0,0,-1,607271242,"6.18"
"C37365",1,2025-11-20,2025-11-19,1,,-1,0,0,1,0,5,1,0,0,25,0,22,1,118,313,0,0,1,0,0,25,0,0,-1,-1,-1,-1,0,0,0,0,0,0,-1,0,0,-1,-1,-1,-1,0,0,0,0,0,0,-1,0,13,0,13,0,0,13,13,11,24,1,1,0,0,0,-1,607271242,"6.18"
"C37368",2,2025-11-22,2025-11-21,1,,-1,0,0,0,0,47,1,3,0,25,1,22,1,336,98,0,0,0,0,1,25,1,0,-1,-1,-1,-1,0,0,0,0,0,0,-1,0,0,-1,-1,-1,-1,0,0,0,0,0,0,-1,0,102,0,102,0,0,102,102,81,183,1,1,0,0,0,-1,607271242,"6.18"
"C37380",2,2025-11-22,2025-11-21,1,,-1,0,0,0,1,5,1,2,0,18,1,22,1,336,312,0,0,0,1,0,18,1,0,-1,-1,-1,-1,0,0,0,0,0,0,-1,0,0,-1,-1,-1,-1,0,0,0,0,0,0,-1,0,13,0,13,0,0,13,13,80,93,1,1,0,0,0,-1,607271242,"6.18"
"C37389",1,2025-11-21,2025-11-20,1,,-1,0,0,0,2,5,1,0,0,25,0,22,1,336,313,0,0,0,2,0,25,0,0,-1,-1,-1,-1,0,0,0,0,0,0,-1,0,0,-1,-1,-1,-1,0,0,0,0,0,0,-1,0,14,0,14,0,0,14,14,0,14,1,1,0,0,0,-1,607271242,"6.18"
"C37392",1,2025-11-22,2025-11-21,1,,-1,4,0,0,2,35,1,0,0,25,0,22,1,336,101,0,0,0,2,0,25,0,0,-1,-1,-1,-1,0,0,0,0,0,0,-1,0,0,-1,-1,-1,-1,0,0,0,0,0,0,-1,0,40,0,40,0,0,40,40,15,55,1,1,0,0,0,-1,607271242,"6.18"
"C37395",1,2025-11-23,2025-11-22,1,,-1,5,0,1,0,5,1,0,0,25,0,22,1,116,423,0,0,1,0,0,25,0,21,1,3,116,-1,36,0,0,1,0,0,25,0,0,-1,-1,-1,-1,0,0,0,0,0,0,-1,0,35,0,35,36,149,220,71,204,275,5,1,1,0,0,-1,607271242,"6.18"
"C37398",1,2025-11-23,2025-11-22,1,,-1,0,1,0,0,5,1,0,0,25,0,22,1,336,422,0,1,0,0,0,25,0,0,-1,-1,-1,-1,0,0,0,0,0,0,-1,0,0,-1,-1,-1,-1,0,0,0,0,0,0,-1,0,16,0,16,0,0,16,16,0,16,1,1,0,0,0,-1,607271242,"6.18"
"C37401",1,2025-11-23,2025-11-22,1,,-1,0,0,0,0,3,2,0,0,25,0,22,1,314,422,0,0,0,0,0,25,0,0,-1,-1,-1,-1,0,0,0,0,0,0,-1,0,0,-1,-1,-1,-1,0,0,0,0,0,0,-1,0,71,0,71,0,0,71,71,51,122,1,1,0,0,0,-1,607271242,"6.18"
"C37407",1,2025-11-22,2025-11-21,1,,-1,0,0,1,0,5,1,0,0,18,0,22,1,336,313,0,0,1,0,0,18,0,0,-1,-1,-1,-1,0,0,0,0,0,0,-1,0,0,-1,-1,-1,-1,0,0,0,0,0,0,-1,0,17,0,17,0,0,17,17,0,17,1,1,0,0,0,-1,607271242,"6.18"
"C37410",1,2025-10-24,2025-10-23,1,,-1,0,0,1,1,5,1,0,0,25,0,22,1,314,101,0,0,1,1,0,25,0,0,-1,-1,-1,-1,0,0,0,0,0,0,-1,0,0,-1,-1,-1,-1,0,0,0,0,0,0,-1,0,97,0,97,0,0,97,97,0,97,1,1,0,0,0,-1,607271242,"6.18"
"C37413",1,2025-11-23,2025-11-22,1,,-1,0,0,1,0,35,1,0,0,25,0,22,1,336,313,0,0,1,0,0,25,0,0,-1,-1,-1,-1,0,0,0,0,0,0,-1,0,0,-1,-1,-1,-1,0,0,0,0,0,0,-1,0,24,0,24,0,0,24,24,21,45,1,1,0,0,0,-1,607271242,"6.18"
"C37416",1,2025-11-24,2025-11-23,1,,-1,0,0,1,0,5,1,0,0,25,0,22,1,101,422,0,0,1,0,0,25,0,0,-1,-1,-1,-1,0,0,0,0,0,0,-1,0,0,-1,-1,-1,-1,0,0,0,0,0,0,-1,0,67,0,67,0,0,67,67,2,69,1,1,0,0,0,-1,607271242,"6.18"
"C37419",1,2025-11-24,2025-11-23,1,,-1,0,0,0,2,3,1,0,0,25,0,22,1,335,422,0,0,0,2,0,25,0,0,-1,-1,-1,-1,0,0,0,0,0,0,-1,0,0,-1,-1,-1,-1,0,0,0,0,0,0,-1,0,17,0,17,0,0,17,17,0,17,1,1,0,0,0,-1,607271242,"6.18"
"C37422",3,2025-11-16,2025-11-15,1,,-1,0,0,1,2,5,0,1,0,-1,0,22,3,336,313,0,0,1,2,0,-1,0,0,-1,-1,-1,-1,0,0,0,0,0,0,-1,0,0,-1,-1,-1,-1,0,0,0,0,0,0,-1,0,24,0,24,0,0,24,24,0,24,1,1,0,0,0,-1,607271242,"6.18"
"C37425",1,2025-11-23,2025-11-22,1,,-1,1,0,1,2,15,1,0,0,25,0,22,1,336,98,1,0,1,2,0,25,0,21,0,1,101,-1,124,1,0,1,2,0,25,0,0,-1,-1,-1,-1,0,0,0,0,0,0,-1,0,208,0,208,96,0,304,304,8,312,5,1,0,0,0,-1,607271242,"6.18"
"C37428",1,2025-12-26,2025-12-25,1,,-1,0,0,0,0,3,1,0,0,18,0,22,1,101,423,0,0,0,0,0,18,0,0,-1,-1,-1,-1,0,0,0,0,0,0,-1,0,0,-1,-1,-1,-1,0,0,0,0,0,0,-1,0,27,0,27,0,0,27,27,0,27,1,1,0,0,0,-1,607271242,"6.18"
"C37431",1,2025-11-23,2025-11-22,1,,-1,0,0,1,0,3,1,0,0,55,0,22,1,101,99,0,0,1,0,0,55,0,0,-1,-1,-1,-1,0,0,0,0,0,0,-1,0,0,-1,-1,-1,-1,0,0,0,0,0,0,-1,0,16,0,16,0,0,16,16,8,24,1,1,0,0,0,-1,607271242,"6.18"
"C37434",1,2025-12-13,2025-12-12,1,,-1,0,0,1,1,5,1,0,0,25,0,0,-1,-1,-1,0,0,0,0,0,-1,0,22,0,3,116,99,100,0,0,1,1,0,25,0,0,-1,-1,-1,-1,0,0,0,0,0,0,-1,0,0,0,0,99,0,99,99,162,261,4,0,0,0,0,-1,607271242,"6.18"
"C37437",1,2025-11-24,2025-11-23,1,,-1,0,0,1,0,5,1,0,0,25,0,22,1,336,313,0,0,1,0,0,25,0,0,-1,-1,-1,-1,0,0,0,0,0,0,-1,0,0,-1,-1,-1,-1,0,0,0,0,0,0,-1,0,13,0,13,0,0,13,13,15,28,1,1,0,0,0,-1,607271242,"6.18"
"C37440",1,2025-12-01,2025-11-30,1,,-1,1,0,1,0,5,2,0,0,25,0,22,1,101,420,1,0,1,0,0,25,0,22,1,1,101,314,65,1,0,1,0,0,25,0,0,-1,-1,-1,-1,0,0,0,0,0,0,-1,0,42,0,42,35,104,181,77,349,426,5,1,1,0,0,-1,607271242,"6.18"
"C37446",1,2025-11-27,2025-11-26,1,,-1,4,1,0,0,5,1,0,0,25,0,22,1,99,99,0,1,0,0,0,25,0,0,-1,-1,-1,-1,0,0,0,0,0,0,-1,0,0,-1,-1,-1,-1,0,0,0,0,0,0,-1,0,34,0,34,0,0,34,34,803,837,1,1,0,0,0,-1,607271242,"6.18"
"C37449",1,2025-12-12,2025-12-11,1,,-1,0,0,0,1,5,1,0,0,25,0,0,-1,-1,-1,0,0,0,0,0,-1,0,21,1,1,101,-1,36,0,0,0,1,0,25,0,0,-1,-1,-1,-1,0,0,0,0,0,0,-1,0,0,0,0,36,257,293,36,18,54,4,0,1,0,0,-1,607271242,"6.18"
"C37452",1,2025-11-27,2025-11-26,1,,-1,0,0,1,2,5,1,0,0,25,0,22,1,206,423,0,0,1,2,0,25,0,0,-1,-1,-1,-1,0,0,0,0,0,0,-1,0,0,-1,-1,-1,-1,0,0,0,0,0,0,-1,0,16,0,16,0,0,16,16,5,21,1,1,0,0,0,-1,607271242,"6.18"
"C37455",1,2025-11-28,2025-11-27,1,,-1,6,0,1,0,5,2,0,0,25,0,0,-1,-1,-1,0,0,0,0,0,-1,0,21,0,3,101,-1,307,0,0,1,0,0,25,0,0,-1,-1,-1,-1,0,0,0,0,0,0,-1,0,0,0,0,307,0,307,307,16,323,4,0,0,0,0,-1,607271242,"6.18"
"C37461",2,2025-11-24,2025-11-23,1,,-1,0,0,1,1,5,1,2,0,25,1,22,1,335,420,0,0,1,1,0,25,1,0,-1,-1,-1,-1,0,0,0,0,0,0,-1,0,0,-1,-1,-1,-1,0,0,0,0,0,0,-1,0,47,0,47,0,0,47,47,0,47,1,1,0,0,0,-1,607271242,"6.18"
"C37464",1,2025-11-21,2025-11-20,1,,-1,0,0,0,0,5,1,0,0,25,0,0,-1,-1,-1,0,0,0,0,0,-1,0,0,-1,-1,-1,-1,0,0,0,0,0,0,-1,0,0,-1,-1,-1,-1,0,0,0,0,0,0,-1,0,0,0,0,0,0,0,0,0,0,12,0,0,0,22,1,607271242,"6.18"
"C37470",1,2025-11-27,2025-11-26,1,,-1,0,0,0,0,5,1,0,0,55,0,22,1,336,314,0,0,0,0,0,55,0,0,-1,-1,-1,-1,0,0,0,0,0,0,-1,0,0,-1,-1,-1,-1,0,0,0,0,0,0,-1,0,19,0,19,0,0,19,19,0,19,1,1,0,0,0,-1,607271242,"6.18"
"C37473",2,2026-01-19,2026-01-18,1,,-1,0,0,0,2,3,1,3,0,25,1,22,1,410,410,0,0,0,2,1,25,1,0,-1,-1,-1,-1,0,0,0,0,0,0,-1,0,0,-1,-1,-1,-1,0,0,0,0,0,0,-1,0,27,0,27,0,0,27,27,0,27,1,1,0,0,0,-1,607271242,"6.18"
"C37476",2,2025-11-21,2025-11-20,1,,-1,0,0,1,0,5,1,1,0,25,1,22,3,335,312,0,0,1,0,0,25,1,0,-1,-1,-1,-1,0,0,0,0,0,0,-1,0,0,-1,-1,-1,-1,0,0,0,0,0,0,-1,0,18,0,18,0,0,18,18,0,18,1,1,0,0,0,-1,607271242,"6.18"
"C37482",1,2025-11-27,2025-11-26,1,,-1,0,0,1,0,5,1,0,0,55,0,22,1,206,420,0,0,1,0,0,55,0,0,-1,-1,-1,-1,0,0,0,0,0,0,-1,0,0,-1,-1,-1,-1,0,0,0,0,0,0,-1,0,108,0,108,0,0,108,108,0,108,1,1,0,0,0,-1,607271242,"6.18"
"C37485",1,2025-11-22,2025-11-21,1,,-1,0,0,0,0,124,1,0,0,25,0,22,1,207,99,0,0,0,0,0,25,0,21,1,1,116,-1,18,0,0,0,0,0,25,0,0,-1,-1,-1,-1,0,0,0,0,0,0,-1,0,104,0,104,18,86,208,122,108,230,5,1,1,0,0,-1,607271242,"6.18"
"C37488",1,2025-11-24,2025-11-23,1,,-1,0,0,1,0,5,1,0,0,25,0,22,3,206,206,0,0,1,0,0,25,0,0,-1,-1,-1,-1,0,0,0,0,0,0,-1,0,0,-1,-1,-1,-1,0,0,0,0,0,0,-1,0,18,0,18,0,0,18,18,0,18,1,1,0,0,0,-1,607271242,"6.18"
"C37509",1,2025-12-27,2025-12-26,1,,-1,0,1,1,0,5,1,0,0,55,0,0,-1,-1,-1,0,0,0,0,0,-1,0,22,1,2,101,410,41,0,1,1,0,0,55,0,0,-1,-1,-1,-1,0,0,0,0,0,0,-1,0,0,0,0,41,63,104,41,81,122,4,0,1,0,0,-1,607271242,"6.18"
"C37512",1,2025-11-23,2025-11-22,1,,-1,0,0,1,2,3,1,0,0,25,0,22,3,336,313,0,0,1,2,0,25,0,0,-1,-1,-1,-1,0,0,0,0,0,0,-1,0,0,-1,-1,-1,-1,0,0,0,0,0,0,-1,0,62,0,62,0,0,62,62,1,63,1,1,0,0,0,-1,607271242,"6.18"
"C37515",1,2025-11-27,2025-11-26,1,,-1,0,0,1,0,3,1,0,0,55,0,22,1,207,423,0,0,1,0,0,55,0,0,-1,-1,-1,-1,0,0,0,0,0,0,-1,0,0,-1,-1,-1,-1,0,0,0,0,0,0,-1,0,13,0,13,0,0,13,13,4,17,1,1,0,0,0,-1,607271242,"6.18"
"C37518",2,2025-11-23,2025-11-22,1,,-1,0,0,1,2,5,1,3,0,25,1,22,3,336,423,0,0,1,2,1,25,1,0,-1,-1,-1,-1,0,0,0,0,0,0,-1,0,0,-1,-1,-1,-1,0,0,0,0,0,0,-1,0,37,0,37,0,0,37,37,85,122,1,1,0,0,0,-1,607271242,"6.18"
"C37530",1,2025-11-22,2025-11-21,1,,-1,0,0,0,2,5,1,0,0,25,0,22,1,336,423,0,0,0,2,0,25,0,0,-1,-1,-1,-1,0,0,0,0,0,0,-1,0,0,-1,-1,-1,-1,0,0,0,0,0,0,-1,0,44,0,44,0,0,44,44,659,703,1,1,0,0,0,-1,607271242,"6.18"
"C37533",1,2025-11-23,2025-11-22,1,,-1,9,0,1,0,5,1,0,0,55,0,22,1,99,422,0,0,1,0,0,55,0,0,-1,-1,-1,-1,0,0,0,0,0,0,-1,0,0,-1,-1,-1,-1,0,0,0,0,0,0,-1,0,16,0,16,0,0,16,16,0,16,1,1,0,0,0,-1,607271242,"6.18"
"C37536",1,2025-11-18,2025-11-17,1,,-1,0,0,1,2,5,1,0,0,25,0,22,1,336,99,0,0,1,2,0,25,0,0,-1,-1,-1,-1,0,0,0,0,0,0,-1,0,0,-1,-1,-1,-1,0,0,0,0,0,0,-1,0,54,0,54,0,0,54,54,107,161,1,1,0,0,0,-1,607271242,"6.18"
"C37539",1,2025-11-28,2025-11-27,1,,-1,0,0,1,0,127,1,0,0,25,0,22,1,101,423,0,0,1,0,0,25,0,0,-1,-1,-1,-1,0,0,0,0,0,0,-1,0,0,-1,-1,-1,-1,0,0,0,0,0,0,-1,0,22,0,22,0,0,22,22,4,26,1,1,0,0,0,-1,607271242,"6.18"
"C37542",1,2025-11-28,2025-11-27,1,,-1,0,0,0,0,5,1,0,0,25,0,22,1,101,422,0,0,0,0,0,25,0,0,-1,-1,-1,-1,0,0,0,0,0,0,-1,0,0,-1,-1,-1,-1,0,0,0,0,0,0,-1,0,34,0,34,0,0,34,34,0,34,1,1,0,0,0,-1,607271242,"6.18"
"C37545",1,2025-11-28,2025-11-27,1,,-1,9,0,1,1,5,1,0,0,25,0,22,1,116,99,0,0,1,1,0,25,0,0,-1,-1,-1,-1,0,0,0,0,0,0,-1,0,0,-1,-1,-1,-1,0,0,0,0,0,0,-1,0,43,0,43,0,0,43,43,195,238,1,1,0,0,0,-1,607271242,"6.18"
"C37548",1,2025-11-28,2025-11-27,1,,-1,1,0,1,0,5,1,0,0,25,0,22,1,314,423,1,0,1,0,0,25,0,0,-1,-1,-1,-1,0,0,0,0,0,0,-1,0,0,-1,-1,-1,-1,0,0,0,0,0,0,-1,0,37,0,37,0,0,37,37,0,37,1,1,0,0,0,-1,607271242,"6.18"
"C37551",1,2025-11-27,2025-11-26,1,,-1,0,0,0,0,5,1,0,0,18,0,22,3,336,207,0,0,0,0,0,18,0,0,-1,-1,-1,-1,0,0,0,0,0,0,-1,0,0,-1,-1,-1,-1,0,0,0,0,0,0,-1,0,47,0,47,0,0,47,47,0,47,1,1,0,0,0,-1,607271242,"6.18"
"C37554",1,2025-11-28,2025-11-27,1,,-1,0,0,1,2,5,1,0,0,25,0,22,1,336,313,0,0,1,2,0,25,0,0,-1,-1,-1,-1,0,0,0,0,0,0,-1,0,0,-1,-1,-1,-1,0,0,0,0,0,0,-1,0,15,0,15,0,0,15,15,0,15,1,1,0,0,0,-1,607271242,"6.18"
"C37557",1,2025-12-13,2025-12-12,1,,-1,0,0,1,0,134,1,0,0,25,0,22,1,116,422,0,0,1,0,0,25,0,0,-1,-1,-1,-1,0,0,0,0,0,0,-1,0,0,-1,-1,-1,-1,0,0,0,0,0,0,-1,0,68,0,68,0,0,68,68,10,78,1,1,0,0,0,-1,607271242,"6.18"
"C37560",1,2025-11-27,2025-11-26,1,,-1,1,0,1,0,5,1,0,0,25,0,22,1,205,99,1,0,1,0,0,25,0,0,-1,-1,-1,-1,0,0,0,0,0,0,-1,0,0,-1,-1,-1,-1,0,0,0,0,0,0,-1,0,29,0,29,0,0,29,29,7,36,1,1,0,0,0,-1,607271242,"6.18"
"C37563",1,2025-11-29,2025-11-28,1,,-1,0,0,0,1,3,1,0,0,25,0,22,1,116,116,0,0,0,1,0,25,0,0,-1,-1,-1,-1,0,0,0,0,0,0,-1,0,0,-1,-1,-1,-1,0,0,0,0,0,0,-1,0,13,0,13,0,0,13,13,0,13,1,1,0,0,0,-1,607271242,"6.18"
"C37566",1,2025-12-11,2025-12-10,1,,-1,6,1,1,0,5,1,0,0,25,0,22,1,101,422,0,1,1,0,0,25,0,0,-1,-1,-1,-1,0,0,0,0,0,0,-1,0,0,-1,-1,-1,-1,0,0,0,0,0,0,-1,0,198,0,198,0,0,198,198,84,282,1,1,0,0,0,-1,607271242,"6.18"
"C37569",1,2025-11-29,2025-11-28,1,,-1,0,0,0,0,3,1,0,0,25,0,22,1,336,422,0,0,0,0,0,25,0,0,-1,-1,-1,-1,0,0,0,0,0,0,-1,0,0,-1,-1,-1,-1,0,0,0,0,0,0,-1,0,21,0,21,0,0,21,21,0,21,1,1,0,0,0,-1,607271242,"6.18"
"C37572",1,2025-11-21,2025-11-20,1,,-1,0,0,1,2,5,1,0,0,25,0,22,3,336,207,0,0,1,2,0,25,0,0,-1,-1,-1,-1,0,0,0,0,0,0,-1,0,0,-1,-1,-1,-1,0,0,0,0,0,0,-1,0,28,0,28,0,0,28,28,0,28,1,1,0,0,0,-1,607271242,"6.18"
"C37575",1,2025-11-28,2025-11-27,1,,-1,9,0,1,0,135,1,0,0,25,0,22,3,99,312,0,0,1,0,0,25,0,0,-1,-1,-1,-1,0,0,0,0,0,0,-1,0,0,-1,-1,-1,-1,0,0,0,0,0,0,-1,0,19,0,19,0,0,19,19,0,19,1,1,0,0,0,-1,607271242,"6.18"
"C37578",1,2025-11-28,2025-11-27,1,,-1,9,0,0,0,5,1,0,0,25,0,22,3,99,423,0,0,0,0,0,25,0,0,-1,-1,-1,-1,0,0,0,0,0,0,-1,0,0,-1,-1,-1,-1,0,0,0,0,0,0,-1,0,22,0,22,0,0,22,22,0,22,1,1,0,0,0,-1,607271242,"6.18"
"C37581",1,2025-11-27,2025-11-26,1,,-1,0,0,0,0,5,1,0,0,25,0,22,3,116,410,0,0,0,0,0,25,0,0,-1,-1,-1,-1,0,0,0,0,0,0,-1,0,0,-1,-1,-1,-1,0,0,0,0,0,0,-1,0,49,0,49,0,0,49,49,0,49,1,1,0,0,0,-1,607271242,"6.18"
"C37584",1,2025-11-29,2025-11-28,1,,-1,4,0,0,1,5,1,0,0,25,0,22,1,314,423,0,0,0,1,0,25,0,0,-1,-1,-1,-1,0,0,0,0,0,0,-1,0,0,-1,-1,-1,-1,0,0,0,0,0,0,-1,0,37,0,37,0,0,37,37,0,37,1,1,0,0,0,-1,607271242,"6.18"
"C37587",1,2025-11-29,2025-11-28,1,,-1,0,0,0,0,5,1,0,0,24,0,22,1,314,422,0,0,0,0,0,24,0,0,-1,-1,-1,-1,0,0,0,0,0,0,-1,0,0,-1,-1,-1,-1,0,0,0,0,0,0,-1,0,17,0,17,0,0,17,17,0,17,1,1,0,0,0,-1,607271242,"6.18"
"C37590",1,2025-11-29,2025-11-28,1,,-1,4,0,0,0,5,1,0,0,25,0,21,3,207,-1,0,0,0,0,0,25,0,0,-1,-1,-1,-1,0,0,0,0,0,0,-1,0,0,-1,-1,-1,-1,0,0,0,0,0,0,-1,0,268,0,268,0,0,268,268,38,306,1,1,0,0,0,-1,607271242,"6.18"
"C37593",1,2025-12-04,2025-12-03,1,,-1,6,0,1,1,136,1,0,0,55,0,0,-1,-1,-1,0,0,0,0,0,-1,0,21,0,3,101,-1,301,0,0,1,1,0,55,0,0,-1,-1,-1,-1,0,0,0,0,0,0,-1,0,0,0,0,301,0,301,301,22,323,4,0,0,0,0,-1,607271242,"6.18"
"C37596",1,2025-11-28,2025-11-27,1,,-1,0,0,0,0,3,1,0,0,25,0,22,1,207,423,0,0,0,0,0,25,0,0,-1,-1,-1,-1,0,0,0,0,0,0,-1,0,0,-1,-1,-1,-1,0,0,0,0,0,0,-1,0,78,0,78,0,0,78,78,1,79,1,1,0,0,0,-1,607271242,"6.18"
"C37599",1,2025-12-04,2025-12-03,1,,-1,0,0,0,0,5,1,0,0,25,0,0,-1,-1,-1,0,0,0,0,0,-1,0,22,0,3,101,410,127,0,0,0,0,0,25,0,0,-1,-1,-1,-1,0,0,0,0,0,0,-1,0,0,0,0,126,0,126,126,71,197,4,0,0,0,0,-1,607271242,"6.18"
"C37602",1,2025-12-01,2025-11-30,1,,-1,0,0,1,2,3,1,0,0,25,0,22,1,101,410,0,0,1,2,0,25,0,0,-1,-1,-1,-1,0,0,0,0,0,0,-1,0,0,-1,-1,-1,-1,0,0,0,0,0,0,-1,0,41,0,41,0,0,41,41,0,41,1,1,0,0,0,-1,607271242,"6.18"
"C37605",1,2025-11-30,2025-11-29,1,,-1,9,1,1,0,5,1,0,0,55,0,0,-1,-1,-1,0,0,0,0,0,-1,0,21,1,3,101,-1,34,0,1,1,0,0,55,0,0,-1,-1,-1,-1,0,0,0,0,0,0,-1,0,0,0,0,34,271,305,34,3,37,4,0,1,0,0,-1,607271242,"6.18"
"C37608",1,2025-11-29,2025-11-28,1,,-1,0,0,1,0,5,1,0,0,55,0,22,3,336,420,0,0,1,0,0,55,0,0,-1,-1,-1,-1,0,0,0,0,0,0,-1,0,0,-1,-1,-1,-1,0,0,0,0,0,0,-1,0,157,0,157,0,0,157,157,0,157,1,1,0,0,22,1,607271242,"6.18"
"C37611",1,2025-12-15,2025-12-14,1,,-1,0,0,0,2,137,1,0,0,25,0,0,-1,-1,-1,0,0,0,0,0,-1,0,22,1,1,116,410,15,0,0,0,2,0,25,0,0,-1,-1,-1,-1,0,0,0,0,0,0,-1,0,0,0,0,15,29,44,15,11,26,4,0,1,0,0,-1,607271242,"6.18"
"C37614",1,2025-12-08,2025-12-07,1,,-1,4,0,0,0,5,1,0,0,55,0,0,-1,-1,-1,0,0,0,0,0,-1,0,22,1,3,116,431,17,0,0,0,0,0,55,0,0,-1,-1,-1,-1,0,0,0,0,0,0,-1,0,0,0,0,17,13,30,17,888,905,4,0,1,0,0,-1,607271242,"6.18"
"C37617",1,2025-12-01,2025-11-30,1,,-1,0,0,0,2,5,1,0,0,25,0,22,3,101,314,0,0,0,2,0,25,0,0,-1,-1,-1,-1,0,0,0,0,0,0,-1,0,0,-1,-1,-1,-1,0,0,0,0,0,0,-1,0,46,0,46,0,0,46,46,40,86,1,1,0,0,0,-1,607271242,"6.18"
"C37620",3,2025-11-27,2025-11-26,1,,-1,0,0,0,0,5,0,1,0,-1,0,22,1,335,101,0,0,0,0,0,-1,0,0,-1,-1,-1,-1,0,0,0,0,0,0,-1,0,0,-1,-1,-1,-1,0,0,0,0,0,0,-1,0,0,20,20,0,0,20,20,0,20,2,1,0,0,0,-1,607271242,"6.18"
"C37623",2,2025-12-01,2025-11-30,1,,-1,0,0,0,0,3,1,1,0,25,1,22,1,116,410,0,0,0,0,0,25,1,0,-1,-1,-1,-1,0,0,0,0,0,0,-1,0,0,-1,-1,-1,-1,0,0,0,0,0,0,-1,0,39,0,39,0,0,39,39,32,71,1,1,0,0,0,-1,607271242,"6.18"
"C37629",1,2025-11-30,2025-11-29,1,,-1,9,0,0,0,145,2,0,0,25,1,0,-1,-1,-1,0,0,0,0,0,-1,0,22,1,1,99,410,1,0,0,0,0,0,25,1,0,-1,-1,-1,-1,0,0,0,0,0,0,-1,0,0,0,0,1,207,208,1,0,1,4,0,1,0,0,-1,607271242,"6.18"
"C37632",1,2025-12-04,2025-12-03,1,,-1,0,0,0,2,5,1,0,0,24,0,22,1,336,422,0,0,0,2,0,24,0,0,-1,-1,-1,-1,0,0,0,0,0,0,-1,0,0,-1,-1,-1,-1,0,0,0,0,0,0,-1,0,13,0,13,0,0,13,13,0,13,1,1,0,0,0,-1,607271242,"6.18"
"C37644",2,2025-12-04,2025-12-03,1,,-1,0,0,0,0,3,1,1,0,18,1,22,1,336,99,0,0,0,0,0,18,1,0,-1,-1,-1,-1,0,0,0,0,0,0,-1,0,0,-1,-1,-1,-1,0,0,0,0,0,0,-1,0,23,0,23,0,0,23,23,22,45,1,1,0,0,0,-1,607271242,"6.18"
"C37650",1,2025-12-02,2025-12-01,1,,-1,0,0,1,0,5,1,0,0,25,0,22,1,336,205,0,0,1,0,0,25,0,0,-1,-1,-1,-1,0,0,0,0,0,0,-1,0,0,-1,-1,-1,-1,0,0,0,0,0,0,-1,0,38,0,38,0,0,38,38,2,40,1,1,0,0,0,-1,607271242,"6.18"
"C37653",1,2025-12-02,2025-12-01,1,,-1,0,0,1,0,5,1,0,0,25,0,22,1,206,423,0,0,1,0,0,25,0,0,-1,-1,-1,-1,0,0,0,0,0,0,-1,0,0,-1,-1,-1,-1,0,0,0,0,0,0,-1,0,47,0,47,0,0,47,47,15,62,1,1,0,0,0,-1,607271242,"6.18"
"C37656",1,2025-12-04,2025-12-03,1,,-1,1,0,1,2,5,1,0,0,24,0,22,1,116,423,1,0,1,2,0,24,0,0,-1,-1,-1,-1,0,0,0,0,0,0,-1,0,0,-1,-1,-1,-1,0,0,0,0,0,0,-1,0,30,0,30,0,0,30,30,0,30,1,1,0,0,0,-1,607271242,"6.18"
"C37659",1,2025-11-29,2025-11-28,1,,-1,0,0,0,0,5,1,0,0,25,0,22,1,116,313,0,0,0,0,0,25,0,0,-1,-1,-1,-1,0,0,0,0,0,0,-1,0,0,-1,-1,-1,-1,0,0,0,0,0,0,-1,0,13,0,13,0,0,13,13,57,70,1,1,0,0,0,-1,607271242,"6.18"
"C37662",1,2025-12-18,2025-12-17,1,,-1,0,0,0,0,5,1,0,0,25,0,22,3,101,116,0,0,0,0,0,25,0,0,-1,-1,-1,-1,0,0,0,0,0,0,-1,0,0,-1,-1,-1,-1,0,0,0,0,0,0,-1,0,23,0,23,0,0,23,23,16,39,1,1,0,0,0,-1,607271242,"6.18"
"C37665",1,2025-12-03,2025-12-02,1,,-1,0,0,0,0,147,1,0,0,25,0,22,3,98,99,0,0,0,0,0,25,0,0,-1,-1,-1,-1,0,0,0,0,0,0,-1,0,0,-1,-1,-1,-1,0,0,0,0,0,0,-1,0,13,0,13,0,0,13,13,0,13,1,1,0,0,0,-1,607271242,"6.18"
"C37668",1,2025-12-05,2025-12-04,1,,-1,0,0,1,2,56,1,0,0,25,0,22,1,101,423,0,0,1,2,0,25,0,0,-1,-1,-1,-1,0,0,0,0,0,0,-1,0,0,-1,-1,-1,-1,0,0,0,0,0,0,-1,0,21,0,21,0,0,21,21,0,21,1,1,0,0,0,-1,607271242,"6.18"
"C37671",1,2025-12-05,2025-12-04,1,,-1,0,0,1,0,3,1,0,0,24,0,22,1,101,423,0,0,1,0,0,24,0,0,-1,-1,-1,-1,0,0,0,0,0,0,-1,0,0,-1,-1,-1,-1,0,0,0,0,0,0,-1,0,84,0,84,0,0,84,84,0,84,1,1,0,0,0,-1,607271242,"6.18"
"C37674",2,2025-12-21,2025-12-20,1,,-1,0,0,0,0,5,1,1,0,24,1,0,-1,-1,-1,0,0,0,0,0,-1,0,22,1,1,205,410,44,0,0,0,0,0,24,1,0,-1,-1,-1,-1,0,0,0,0,0,0,-1,0,0,0,0,44,132,176,44,75,119,4,0,1,0,0,-1,607271242,"6.18"
"C37677",1,2025-12-05,2025-12-04,1,,-1,0,0,0,0,3,1,0,0,25,0,22,1,410,423,0,0,0,0,0,25,0,0,-1,-1,-1,-1,0,0,0,0,0,0,-1,0,0,-1,-1,-1,-1,0,0,0,0,0,0,-1,0,19,0,19,0,0,19,19,0,19,1,1,0,0,0,-1,607271242,"6.18"
"C37680",2,2025-12-19,2025-12-18,1,,-1,4,0,0,2,3,2,2,0,25,1,21,1,336,-1,0,0,0,2,0,25,1,21,0,1,101,-1,244,0,0,0,2,0,25,1,0,-1,-1,-1,-1,0,0,0,0,0,0,-1,0,286,0,286,0,0,286,286,365,651,5,1,0,0,0,-1,607271242,"6.18"
"C37692",1,2025-12-05,2025-12-04,1,,-1,0,0,1,0,5,1,0,0,55,0,22,1,421,423,0,0,1,0,0,55,0,0,-1,-1,-1,-1,0,0,0,0,0,0,-1,0,0,-1,-1,-1,-1,0,0,0,0,0,0,-1,0,35,0,35,0,0,35,35,0,35,1,1,0,0,0,-1,607271242,"6.18"
"C37695",2,2026-06-30,2026-06-29,1,,-1,0,0,0,1,56,1,3,0,25,1,22,1,410,99,0,0,0,1,1,25,1,0,-1,-1,-1,-1,0,0,0,0,0,0,-1,0,0,-1,-1,-1,-1,0,0,0,0,0,0,-1,0,17,0,17,0,0,17,17,0,17,1,1,0,0,0,-1,607271242,"6.18"
"C37707",1,2026-03-18,2026-03-17,1,,-1,0,0,1,0,56,1,0,0,25,0,22,1,116,99,0,0,1,0,0,25,0,0,-1,-1,-1,-1,0,0,0,0,0,0,-1,0,0,-1,-1,-1,-1,0,0,0,0,0,0,-1,0,19,0,19,0,0,19,19,30,49,1,1,0,0,0,-1,607271242,"6.18"
"C37710",1,2025-12-07,2025-12-06,1,,-1,1,0,1,2,5,2,0,0,25,0,0,-1,-1,-1,0,0,0,0,0,-1,0,22,1,3,116,410,5,1,0,1,2,0,25,0,0,-1,-1,-1,-1,0,0,0,0,0,0,-1,0,0,0,0,5,103,108,5,398,403,4,0,1,0,0,-1,607271242,"6.18"
"C37716",2,2026-01-09,2026-01-08,1,,-1,0,0,1,2,5,1,1,0,24,1,22,1,336,98,0,0,1,2,0,24,1,0,-1,-1,-1,-1,0,0,0,0,0,0,-1,0,0,-1,-1,-1,-1,0,0,0,0,0,0,-1,0,25,0,25,0,0,25,25,5,30,1,1,0,0,0,-1,607271242,"6.18"
"C37722",1,2025-12-04,2025-12-03,1,,-1,0,0,1,0,5,1,0,0,25,0,22,1,314,116,0,0,1,0,0,25,0,0,-1,-1,-1,-1,0,0,0,0,0,0,-1,0,0,-1,-1,-1,-1,0,0,0,0,0,0,-1,0,34,0,34,0,0,34,34,366,400,1,1,0,0,0,-1,607271242,"6.18"
"C37725",2,2025-12-04,2025-12-03,1,,-1,0,0,1,1,5,1,2,0,25,1,22,1,336,99,0,0,1,1,0,25,1,0,-1,-1,-1,-1,0,0,0,0,0,0,-1,0,0,-1,-1,-1,-1,0,0,0,0,0,0,-1,0,43,0,43,0,0,43,43,0,43,1,1,0,0,0,-1,607271242,"6.18"
"C37734",1,2025-12-12,2025-12-11,1,,-1,0,0,0,0,234,1,0,0,18,0,0,-1,-1,-1,0,0,0,0,0,-1,0,21,1,3,116,-1,29,0,0,0,0,0,18,0,0,-1,-1,-1,-1,0,0,0,0,0,0,-1,0,0,0,0,29,264,293,29,44,73,4,0,1,0,0,-1,607271242,"6.18"
"C37737",1,2025-12-05,2025-12-04,1,,-1,9,0,1,0,5,1,0,0,25,0,22,3,116,410,0,0,1,0,0,25,0,0,-1,-1,-1,-1,0,0,0,0,0,0,-1,0,0,-1,-1,-1,-1,0,0,0,0,0,0,-1,0,209,0,209,0,0,209,209,0,209,1,1,0,0,0,-1,607271242,"6.18"
"C37740",1,2025-12-06,2025-12-05,1,,-1,0,0,1,0,3,1,0,0,25,0,22,1,101,101,0,0,1,0,0,25,0,0,-1,-1,-1,-1,0,0,0,0,0,0,-1,0,0,-1,-1,-1,-1,0,0,0,0,0,0,-1,0,141,0,141,0,0,141,141,4,145,1,1,0,0,0,-1,607271242,"6.18"
"C37743",1,2025-12-06,2025-12-05,1,,-1,0,0,1,1,5,1,0,0,25,0,22,1,116,422,0,0,1,1,0,25,0,0,-1,-1,-1,-1,0,0,0,0,0,0,-1,0,0,-1,-1,-1,-1,0,0,0,0,0,0,-1,0,13,0,13,0,0,13,13,32,45,1,1,0,0,0,-1,607271242,"6.18"
"C37746",3,2025-12-06,2025-12-05,1,,-1,0,0,1,2,5,0,1,0,-1,0,22,1,101,423,0,0,1,2,0,-1,0,0,-1,-1,-1,-1,0,0,0,0,0,0,-1,0,0,-1,-1,-1,-1,0,0,0,0,0,0,-1,0,69,0,69,0,0,69,69,2,71,1,1,0,0,0,-1,607271242,"6.18"
"C37749",1,2025-12-18,2025-12-17,1,,-1,1,0,1,0,5,1,0,0,25,0,0,-1,-1,-1,0,0,0,0,0,-1,0,21,1,1,116,-1,40,1,0,1,0,0,25,0,0,-1,-1,-1,-1,0,0,0,0,0,0,-1,0,0,0,0,40,247,287,40,1490,1530,4,0,1,0,0,-1,607271242,"6.18"
"C37752",1,2025-11-30,2025-11-29,1,,-1,0,0,0,0,235,1,0,0,25,0,22,3,314,116,0,0,0,0,0,25,0,0,-1,-1,-1,-1,0,0,0,0,0,0,-1,0,0,-1,-1,-1,-1,0,0,0,0,0,0,-1,0,13,0,13,0,0,13,13,2,15,1,1,0,0,0,-1,607271242,"6.18"
"C37755",1,2025-12-05,2025-12-04,1,,-1,0,0,0,0,5,1,0,0,25,0,21,3,335,-1,0,0,0,0,0,25,0,0,-1,-1,-1,-1,0,0,0,0,0,0,-1,0,0,-1,-1,-1,-1,0,0,0,0,0,0,-1,0,300,0,300,0,0,300,300,2,302,1,1,0,0,0,-1,607271242,"6.18"
"C37758",1,2025-12-05,2025-12-04,1,,-1,4,0,0,0,5,1,0,0,25,0,22,3,101,410,0,0,0,0,0,25,0,0,-1,-1,-1,-1,0,0,0,0,0,0,-1,0,0,-1,-1,-1,-1,0,0,0,0,0,0,-1,0,48,0,48,0,0,48,48,396,444,1,1,0,0,0,-1,607271242,"6.18"
"C37761",1,2026-01-20,2026-01-19,1,,-1,0,0,1,1,5,1,0,0,55,0,0,-1,-1,-1,0,0,0,0,0,-1,0,21,1,3,116,-1,1,0,0,1,1,0,55,0,0,-1,-1,-1,-1,0,0,0,0,0,0,-1,0,0,0,0,1,253,254,1,67,68,4,0,1,0,0,-1,607271242,"6.18"
"C37764",1,2025-12-07,2025-12-06,1,,-1,0,0,1,0,5,1,0,0,25,0,22,1,314,423,0,0,1,0,0,25,0,0,-1,-1,-1,-1,0,0,0,0,0,0,-1,0,0,-1,-1,-1,-1,0,0,0,0,0,0,-1,0,16,0,16,0,0,16,16,0,16,1,1,0,0,0,-1,607271242,"6.18"
"C37767",1,2026-03-21,2026-03-20,1,,-1,0,0,0,2,5,1,0,0,55,0,22,1,116,440,0,0,0,2,0,55,0,0,-1,-1,-1,-1,0,0,0,0,0,0,-1,0,0,-1,-1,-1,-1,0,0,0,0,0,0,-1,0,118,0,118,0,0,118,118,12,130,1,1,0,0,0,-1,607271242,"6.18"
"C37770",1,2026-03-16,2026-03-15,1,,-1,1,0,1,2,236,1,0,0,55,0,0,-1,-1,-1,0,0,0,0,0,-1,0,21,1,1,116,-1,32,1,0,1,2,0,55,0,0,-1,-1,-1,-1,0,0,0,0,0,0,-1,0,0,0,0,32,167,199,32,833,865,4,0,1,0,0,-1,607271242,"6.18"
"C37773",1,2025-12-07,2025-12-06,1,,-1,0,0,0,0,3,1,0,0,25,0,22,1,101,423,0,0,0,0,0,25,0,0,-1,-1,-1,-1,0,0,0,0,0,0,-1,0,0,-1,-1,-1,-1,0,0,0,0,0,0,-1,0,54,0,54,0,0,54,54,0,54,1,1,0,0,0,-1,607271242,"6.18"
"C37776",2,2025-12-04,2025-12-03,1,,-1,0,0,0,0,5,2,2,0,25,1,22,1,116,434,0,0,0,0,0,25,1,0,-1,-1,-1,-1,0,0,0,0,0,0,-1,0,0,-1,-1,-1,-1,0,0,0,0,0,0,-1,0,137,0,137,0,0,137,137,165,302,1,1,0,0,0,-1,607271242,"6.18"
"C37788",2,2025-12-07,2025-12-06,1,,-1,0,0,0,0,237,1,3,0,25,1,22,1,314,99,0,0,0,0,1,25,1,0,-1,-1,-1,-1,0,0,0,0,0,0,-1,0,0,-1,-1,-1,-1,0,0,0,0,0,0,-1,0,19,0,19,0,0,19,19,4,23,1,1,0,0,0,-1,607271242,"6.18"
"C37800",1,2025-12-05,2025-12-04,1,,-1,0,0,1,0,5,1,0,0,25,0,22,1,336,99,0,0,1,0,0,25,0,0,-1,-1,-1,-1,0,0,0,0,0,0,-1,0,0,-1,-1,-1,-1,0,0,0,0,0,0,-1,0,47,0,47,0,0,47,47,222,269,1,1,0,0,0,-1,607271242,"6.18"
"C37803",1,2025-12-08,2025-12-07,1,,-1,6,1,1,0,56,1,0,0,55,0,0,-1,-1,-1,0,0,0,0,0,-1,0,21,0,2,116,-1,297,0,1,1,0,0,55,0,0,-1,-1,-1,-1,0,0,0,0,0,0,-1,0,0,0,0,297,0,297,297,66,363,4,0,0,0,0,-1,607271242,"6.18"
"C37806",1,2025-12-05,2025-12-04,1,,-1,0,1,1,0,245,1,0,0,55,0,22,1,116,440,0,1,1,0,0,55,0,0,-1,-1,-1,-1,0,0,0,0,0,0,-1,0,0,-1,-1,-1,-1,0,0,0,0,0,0,-1,0,26,0,26,0,0,26,26,78,104,1,1,0,0,0,-1,607271242,"6.18"
"C37809",2,2025-12-07,2025-12-06,1,,-1,0,0,0,0,5,2,2,0,25,1,22,1,116,313,0,0,0,0,0,25,1,0,-1,-1,-1,-1,0,0,0,0,0,0,-1,0,0,-1,-1,-1,-1,0,0,0,0,0,0,-1,0,49,0,49,0,0,49,49,24,73,1,1,0,0,0,-1,607271242,"6.18"
"C37821",1,2025-12-06,2025-12-05,1,,-1,4,0,0,0,5,1,0,0,25,0,22,3,206,207,0,0,0,0,0,25,0,0,-1,-1,-1,-1,0,0,0,0,0,0,-1,0,0,-1,-1,-1,-1,0,0,0,0,0,0,-1,0,25,0,25,0,0,25,25,65,90,1,1,0,0,0,-1,607271242,"6.18"
"C37824",2,2025-12-08,2025-12-07,1,,-1,0,0,0,0,246,1,1,0,18,0,0,-1,-1,-1,0,0,0,0,0,-1,0,22,1,3,116,431,4,0,0,0,0,0,18,0,0,-1,-1,-1,-1,0,0,0,0,0,0,-1,0,0,0,0,4,12,16,4,21,25,4,0,1,0,0,-1,607271242,"6.18"
"C37830",1,2025-12-07,2025-12-06,1,,-1,0,0,1,2,5,1,0,0,55,0,22,3,410,116,0,0,1,2,0,55,0,0,-1,-1,-1,-1,0,0,0,0,0,0,-1,0,0,-1,-1,-1,-1,0,0,0,0,0,0,-1,0,69,0,69,0,0,69,69,429,498,1,1,0,0,0,-1,607271242,"6.18"
"C37833",1,2025-12-07,2025-12-06,1,,-1,0,0,0,0,3,1,0,0,55,0,22,3,336,99,0,0,0,0,0,55,0,0,-1,-1,-1,-1,0,0,0,0,0,0,-1,0,0,-1,-1,-1,-1,0,0,0,0,0,0,-1,0,176,0,176,0,0,176,176,0,176,1,1,0,0,0,-1,607271242,"6.18"
"C37836",3,2025-12-07,2025-12-06,1,,-1,0,0,0,0,5,0,1,0,-1,0,22,3,118,99,0,0,0,0,0,-1,0,0,-1,-1,-1,-1,0,0,0,0,0,0,-1,0,0,-1,-1,-1,-1,0,0,0,0,0,0,-1,0,67,0,67,0,0,67,67,0,67,1,1,0,0,0,-1,607271242,"6.18"
"C37839",1,2025-12-05,2025-12-04,1,,-1,0,0,0,2,247,1,0,0,25,0,22,3,335,423,0,0,0,2,0,25,0,0,-1,-1,-1,-1,0,0,0,0,0,0,-1,0,0,-1,-1,-1,-1,0,0,0,0,0,0,-1,0,22,0,22,0,0,22,22,2,24,1,1,0,0,0,-1,607271242,"6.18"
"C37842",1,2026-01-09,2026-01-08,1,,-1,0,0,0,0,5,1,0,0,55,0,22,1,101,422,0,0,0,0,0,55,0,0,-1,-1,-1,-1,0,0,0,0,0,0,-1,0,0,-1,-1,-1,-1,0,0,0,0,0,0,-1,0,75,0,75,0,0,75,75,35,110,1,1,0,0,0,-1,607271242,"6.18"
"C37845",1,2025-12-12,2025-12-11,1,,-1,0,1,1,0,5,2,0,0,25,0,0,-1,-1,-1,0,0,0,0,0,-1,0,21,1,2,116,-1,53,0,1,1,0,0,25,0,0,-1,-1,-1,-1,0,0,0,0,0,0,-1,0,0,0,0,53,240,293,53,39,92,4,0,1,0,0,-1,607271242,"6.18"
"C37851",1,2025-12-08,2025-12-07,1,,-1,0,0,1,0,256,1,0,0,25,0,22,1,335,410,0,0,1,0,0,25,0,0,-1,-1,-1,-1,0,0,0,0,0,0,-1,0,0,-1,-1,-1,-1,0,0,0,0,0,0,-1,0,51,0,51,0,0,51,51,0,51,1,1,0,0,0,-1,607271242,"6.18"
"C37854",1,2025-12-07,2025-12-06,1,,-1,0,0,1,2,5,1,0,0,55,0,22,3,116,313,0,0,1,2,0,55,0,0,-1,-1,-1,-1,0,0,0,0,0,0,-1,0,0,-1,-1,-1,-1,0,0,0,0,0,0,-1,0,14,0,14,0,0,14,14,0,14,1,1,0,0,0,-1,607271242,"6.18"
"C37857",1,2025-11-30,2025-11-29,1,,-1,0,0,1,0,5,1,0,0,25,0,22,3,335,410,0,0,1,0,0,25,0,0,-1,-1,-1,-1,0,0,0,0,0,0,-1,0,0,-1,-1,-1,-1,0,0,0,0,0,0,-1,0,55,0,55,0,0,55,55,0,55,1,1,0,0,0,-1,607271242,"6.18"
"C37860",3,2025-12-08,2025-12-07,1,,-1,0,0,0,0,5,0,1,0,-1,0,22,1,335,423,0,0,0,0,0,-1,0,0,-1,-1,-1,-1,0,0,0,0,0,0,-1,0,0,-1,-1,-1,-1,0,0,0,0,0,0,-1,0,23,0,23,0,0,23,23,0,23,1,1,0,0,0,-1,607271242,"6.18"
"C37863",1,2025-12-09,2025-12-08,1,,-1,1,0,1,0,3,1,0,0,55,0,22,1,101,422,1,0,1,0,0,55,0,0,-1,-1,-1,-1,0,0,0,0,0,0,-1,0,0,-1,-1,-1,-1,0,0,0,0,0,0,-1,0,144,0,144,0,0,144,144,0,144,1,1,0,0,0,-1,607271242,"6.18"
"C37866",1,2025-12-11,2025-12-10,1,,-1,0,0,0,0,5,1,0,0,25,0,22,1,314,423,0,0,0,0,0,25,0,0,-1,-1,-1,-1,0,0,0,0,0,0,-1,0,0,-1,-1,-1,-1,0,0,0,0,0,0,-1,0,80,0,80,0,0,80,80,0,80,1,1,0,0,0,-1,607271242,"6.18"
"C37869",2,2025-12-08,2025-12-07,1,,-1,0,0,0,0,5,1,3,0,25,1,22,1,314,410,0,0,0,0,1,25,1,0,-1,-1,-1,-1,0,0,0,0,0,0,-1,0,0,-1,-1,-1,-1,0,0,0,0,0,0,-1,0,43,0,43,0,0,43,43,26,69,1,1,0,0,0,-1,607271242,"6.18"
"C37884",1,2025-12-07,2025-12-06,1,,-1,1,0,1,0,3,1,0,0,25,0,22,1,204,99,1,0,1,0,0,25,0,0,-1,-1,-1,-1,0,0,0,0,0,0,-1,0,0,-1,-1,-1,-1,0,0,0,0,0,0,-1,0,34,0,34,0,0,34,34,2,36,1,1,0,0,0,-1,607271242,"6.18"
"C37887",1,2025-12-11,2025-12-10,1,,-1,0,0,0,0,35,1,0,0,24,0,22,1,101,423,0,0,0,0,0,24,0,0,-1,-1,-1,-1,0,0,0,0,0,0,-1,0,0,-1,-1,-1,-1,0,0,0,0,0,0,-1,0,19,0,19,0,0,19,19,0,19,1,1,0,0,0,-1,607271242,"6.18"
"C37890",1,2025-12-11,2025-12-10,1,,-1,0,0,0,1,56,1,0,0,18,0,22,1,116,423,0,0,0,1,0,18,0,0,-1,-1,-1,-1,0,0,0,0,0,0,-1,0,0,-1,-1,-1,-1,0,0,0,0,0,0,-1,0,26,0,26,0,0,26,26,4,30,1,1,0,0,0,-1,607271242,"6.18"
"C37893",1,2025-12-11,2025-12-10,1,,-1,0,0,0,0,345,1,0,0,25,0,0,-1,-1,-1,0,0,0,0,0,-1,0,0,-1,-1,-1,-1,0,0,0,0,0,0,-1,0,0,-1,-1,-1,-1,0,0,0,0,0,0,-1,0,0,0,0,0,0,0,0,0,0,12,0,0,0,22,1,607271242,"6.18"
"C37896",1,2025-12-11,2025-12-10,1,,-1,0,0,1,2,5,1,0,0,55,0,22,1,314,423,0,0,1,2,0,55,0,0,-1,-1,-1,-1,0,0,0,0,0,0,-1,0,0,-1,-1,-1,-1,0,0,0,0,0,0,-1,0,13,0,13,0,0,13,13,43,56,1,1,0,0,0,-1,607271242,"6.18"
"C37899",1,2025-12-09,2025-12-08,1,,-1,0,0,1,0,5,1,0,0,25,0,22,1,204,423,0,0,1,0,0,25,0,0,-1,-1,-1,-1,0,0,0,0,0,0,-1,0,0,-1,-1,-1,-1,0,0,0,0,0,0,-1,0,18,0,18,0,0,18,18,31,49,1,1,0,0,0,-1,607271242,"6.18"
"C37902",1,2025-12-12,2025-12-11,1,,-1,0,0,0,0,5,1,0,0,25,0,22,1,116,410,0,0,0,0,0,25,0,0,-1,-1,-1,-1,0,0,0,0,0,0,-1,0,0,-1,-1,-1,-1,0,0,0,0,0,0,-1,0,48,0,48,0,0,48,48,8,56,1,1,0,0,0,-1,607271242,"6.18"
"C37905",1,2025-12-12,2025-12-11,1,,-1,0,0,0,0,3,1,0,0,25,0,22,1,101,423,0,0,0,0,0,25,0,0,-1,-1,-1,-1,0,0,0,0,0,0,-1,0,0,-1,-1,-1,-1,0,0,0,0,0,0,-1,0,28,0,28,0,0,28,28,0,28,1,1,0,0,0,-1,607271242,"6.18"
"C37908",1,2025-12-08,2025-12-07,1,,-1,0,0,0,0,5,1,0,0,24,0,22,3,335,99,0,0,0,0,0,24,0,0,-1,-1,-1,-1,0,0,0,0,0,0,-1,0,0,-1,-1,-1,-1,0,0,0,0,0,0,-1,0,15,0,15,0,0,15,15,157,172,1,1,0,0,0,-1,607271242,"6.18"
"C37911",1,2025-12-11,2025-12-10,1,,-1,0,0,1,0,346,1,0,0,25,0,22,1,116,206,0,0,1,0,0,25,0,0,-1,-1,-1,-1,0,0,0,0,0,0,-1,0,0,-1,-1,-1,-1,0,0,0,0,0,0,-1,0,99,0,99,0,0,99,99,1,100,1,1,0,0,0,-1,607271242,"6.18"
"C37914",1,2025-12-11,2025-12-10,1,,-1,0,0,0,0,3,1,0,0,25,0,22,3,99,99,0,0,0,0,0,25,0,0,-1,-1,-1,-1,0,0,0,0,0,0,-1,0,0,-1,-1,-1,-1,0,0,0,0,0,0,-1,0,13,0,13,0,0,13,13,0,13,1,1,0,0,0,-1,607271242,"6.18"
"C37917",1,2025-12-26,2025-12-25,1,,-1,1,1,1,0,3,1,0,0,55,0,0,-1,-1,-1,0,0,0,0,0,-1,0,22,1,2,101,419,39,1,1,1,0,0,55,0,0,-1,-1,-1,-1,0,0,0,0,0,0,-1,0,0,0,0,39,59,98,39,644,683,4,0,1,0,0,-1,607271242,"6.18"
"C37920",1,2025-12-12,2025-12-11,1,,-1,0,0,1,2,1,1,0,0,18,0,22,1,336,422,0,0,1,2,0,18,0,0,-1,-1,-1,-1,0,0,0,0,0,0,-1,0,0,-1,-1,-1,-1,0,0,0,0,0,0,-1,0,65,0,65,0,0,65,65,0,65,1,1,0,0,0,-1,607271242,"6.18"
"C37923",1,2025-12-12,2025-12-11,1,,-1,0,0,0,0,5,1,0,0,25,0,22,1,336,410,0,0,0,0,0,25,0,0,-1,-1,-1,-1,0,0,0,0,0,0,-1,0,0,-1,-1,-1,-1,0,0,0,0,0,0,-1,0,85,0,85,0,0,85,85,0,85,1,1,0,0,0,-1,607271242,"6.18"
"C37926",2,2025-12-11,2025-12-10,1,,-1,4,0,0,1,5,1,1,0,25,1,22,1,336,314,0,0,0,1,0,25,1,0,-1,-1,-1,-1,0,0,0,0,0,0,-1,0,0,-1,-1,-1,-1,0,0,0,0,0,0,-1,0,103,0,103,0,0,103,103,372,475,1,1,0,0,0,-1,607271242,"6.18"
"C37950",3,2025-11-24,2025-11-23,1,,-1,0,0,0,0,5,0,1,0,-1,0,22,3,98,99,0,0,0,0,0,-1,0,0,-1,-1,-1,-1,0,0,0,0,0,0,-1,0,0,-1,-1,-1,-1,0,0,0,0,0,0,-1,0,13,0,13,0,0,13,13,0,13,1,1,0,0,0,-1,607271242,"6.18"
"C37953",1,2025-12-11,2025-12-10,1,,-1,0,0,1,0,56,1,0,0,55,0,22,3,116,312,0,0,1,0,0,55,0,0,-1,-1,-1,-1,0,0,0,0,0,0,-1,0,0,-1,-1,-1,-1,0,0,0,0,0,0,-1,0,13,0,13,0,0,13,13,17,30,1,1,0,0,0,-1,607271242,"6.18"
"C37956",1,2025-12-07,2025-12-06,1,,-1,0,0,1,0,5,1,0,0,25,0,22,3,206,312,0,0,1,0,0,25,0,0,-1,-1,-1,-1,0,0,0,0,0,0,-1,0,0,-1,-1,-1,-1,0,0,0,0,0,0,-1,0,37,0,37,0,0,37,37,0,37,1,1,0,0,0,-1,607271242,"6.18"
"C37965",1,2025-12-11,2025-12-10,1,,-1,0,0,1,0,56,1,0,0,25,0,22,1,336,99,0,0,1,0,0,25,0,0,-1,-1,-1,-1,0,0,0,0,0,0,-1,0,0,-1,-1,-1,-1,0,0,0,0,0,0,-1,0,4,0,4,0,0,4,4,1,5,1,1,0,0,0,-1,607271242,"6.18"
"C37968",2,2025-12-08,2025-12-07,1,,-1,0,0,1,0,15,1,1,0,25,1,22,1,99,99,0,0,1,0,0,25,1,0,-1,-1,-1,-1,0,0,0,0,0,0,-1,0,0,-1,-1,-1,-1,0,0,0,0,0,0,-1,0,7,0,7,0,0,7,7,36,43,1,1,0,0,0,-1,607271242,"6.18"
"C37971",1,2025-12-09,2025-12-08,1,,-1,0,1,1,0,3,1,0,0,25,0,22,1,99,99,0,1,1,0,0,25,0,0,-1,-1,-1,-1,0,0,0,0,0,0,-1,0,0,-1,-1,-1,-1,0,0,0,0,0,0,-1,0,1,0,1,0,0,1,1,4,5,1,1,0,0,0,-1,607271242,"6.18"
"C37974",2,2025-12-19,2025-12-18,1,,-1,4,0,0,0,3,1,2,0,18,1,22,1,99,99,0,0,0,0,0,18,1,21,1,1,116,-1,5,0,0,0,0,0,18,1,0,-1,-1,-1,-1,0,0,0,0,0,0,-1,0,11,0,11,5,235,251,16,74,90,5,1,1,0,0,-1,607271242,"6.18"
"C37983",1,2025-12-13,2025-12-12,1,,-1,0,0,1,0,5,1,0,0,18,0,22,1,336,422,0,0,1,0,0,18,0,0,-1,-1,-1,-1,0,0,0,0,0,0,-1,0,0,-1,-1,-1,-1,0,0,0,0,0,0,-1,0,17,0,17,0,0,17,17,0,17,1,1,0,0,0,-1,607271242,"6.18"
"C37986",1,2025-12-13,2025-12-12,1,,-1,0,0,0,1,5,1,0,0,25,0,22,1,336,410,0,0,0,1,0,25,0,0,-1,-1,-1,-1,0,0,0,0,0,0,-1,0,0,-1,-1,-1,-1,0,0,0,0,0,0,-1,0,43,0,43,0,0,43,43,0,43,1,1,0,0,0,-1,607271242,"6.18"
"C37989",1,2025-12-13,2025-12-12,1,,-1,0,0,1,2,5,1,0,0,25,0,22,1,314,422,0,0,1,2,0,25,0,0,-1,-1,-1,-1,0,0,0,0,0,0,-1,0,0,-1,-1,-1,-1,0,0,0,0,0,0,-1,0,17,0,17,0,0,17,17,0,17,1,1,0,0,0,-1,607271242,"6.18"
"C37992",1,2025-12-13,2025-12-12,1,,-1,0,0,0,0,5,1,0,0,25,0,0,-1,-1,-1,0,0,0,0,0,-1,0,22,1,3,101,431,5,0,0,0,0,0,25,0,0,-1,-1,-1,-1,0,0,0,0,0,0,-1,0,0,0,0,5,12,17,5,0,5,4,0,1,0,0,-1,607271242,"6.18"
"C37995",1,2025-12-12,2025-12-11,1,,-1,0,0,1,0,5,1,0,0,25,0,22,1,336,302,0,0,1,0,0,25,0,0,-1,-1,-1,-1,0,0,0,0,0,0,-1,0,0,-1,-1,-1,-1,0,0,0,0,0,0,-1,0,63,0,63,0,0,63,63,0,63,1,1,0,0,0,-1,607271242,"6.18"
"C37998",1,2025-12-26,2025-12-25,1,,-1,0,0,1,0,456,1,0,0,25,0,0,-1,-1,-1,0,0,0,0,0,-1,0,22,1,3,116,433,72,0,0,1,0,0,25,0,0,-1,-1,-1,-1,0,0,0,0,0,0,-1,0,0,0,0,72,17,89,72,42,114,4,0,1,0,0,-1,607271242,"6.18"
"C38001",2,2025-12-12,2025-12-11,1,,-1,0,0,1,0,5,2,1,0,25,1,22,1,336,410,0,0,1,0,0,25,1,0,-1,-1,-1,-1,0,0,0,0,0,0,-1,0,0,-1,-1,-1,-1,0,0,0,0,0,0,-1,0,41,0,41,0,0,41,41,15,56,1,1,0,0,0,-1,607271242,"6.18"
"C38010",1,2025-12-11,2025-12-10,1,,-1,4,0,0,0,4,1,0,0,25,0,22,3,116,98,0,0,0,0,0,25,0,0,-1,-1,-1,-1,0,0,0,0,0,0,-1,0,0,-1,-1,-1,-1,0,0,0,0,0,0,-1,0,51,0,51,0,0,51,51,396,447,1,1,0,0,0,-1,607271242,"6.18"
"C38013",1,2025-12-12,2025-12-11,1,,-1,0,0,1,2,5,1,0,0,25,0,22,1,336,420,0,0,1,2,0,25,0,0,-1,-1,-1,-1,0,0,0,0,0,0,-1,0,0,-1,-1,-1,-1,0,0,0,0,0,0,-1,0,42,0,42,0,0,42,42,0,42,1,1,0,0,0,-1,607271242,"6.18"
"C38016",1,2025-12-14,2025-12-13,1,,-1,0,0,1,2,457,1,0,0,25,0,22,1,101,423,0,0,1,2,0,25,0,0,-1,-1,-1,-1,0,0,0,0,0,0,-1,0,0,-1,-1,-1,-1,0,0,0,0,0,0,-1,0,20,0,20,0,0,20,20,0,20,1,1,0,0,0,-1,607271242,"6.18"
"C38019",1,2025-12-27,2025-12-26,1,,-1,0,1,1,0,5,1,0,0,55,0,0,-1,-1,-1,0,0,0,0,0,-1,0,21,1,3,116,-1,74,0,1,1,0,0,55,0,0,-1,-1,-1,-1,0,0,0,0,0,0,-1,0,0,0,0,74,204,278,74,106,180,4,0,1,0,0,-1,607271242,"6.18"
"C38022",99,2025-12-14,2025-12-13,1,,-1,0,0,0,0,1,0,0,1,-1,0,22,1,101,422,0,0,0,0,0,-1,0,0,-1,-1,-1,-1,0,0,0,0,0,0,-1,0,0,-1,-1,-1,-1,0,0,0,0,0,0,-1,0,16,0,16,0,0,16,16,0,16,1,1,0,0,0,-1,607271242,"6.18"
"C38025",1,2025-12-14,2025-12-13,1,,-1,1,1,1,0,56,1,0,0,55,0,22,1,101,420,1,1,1,0,0,55,0,0,-1,-1,-1,-1,0,0,0,0,0,0,-1,0,0,-1,-1,-1,-1,0,0,0,0,0,0,-1,0,77,0,77,0,0,77,77,2,79,1,1,0,0,0,-1,607271242,"6.18"
"C38028",2,2026-04-14,2026-04-13,1,,-1,0,0,0,0,5,1,1,0,18,1,22,1,411,313,0,0,0,0,0,18,1,0,-1,-1,-1,-1,0,0,0,0,0,0,-1,0,0,-1,-1,-1,-1,0,0,0,0,0,0,-1,0,14,0,14,0,0,14,14,0,14,1,1,0,0,0,-1,607271242,"6.18"
"C38031",2,2026-01-05,2026-01-04,1,,-1,0,0,1,0,5,1,1,0,25,1,22,1,314,434,0,0,1,0,0,25,1,0,-1,-1,-1,-1,0,0,0,0,0,0,-1,0,0,-1,-1,-1,-1,0,0,0,0,0,0,-1,0,52,0,52,0,0,52,52,85,137,1,1,0,0,0,-1,607271242,"6.18"
"C38037",1,2025-12-13,2025-12-12,1,,-1,0,0,1,1,5,1,0,0,25,0,22,1,206,98,0,0,1,1,0,25,0,0,-1,-1,-1,-1,0,0,0,0,0,0,-1,0,0,-1,-1,-1,-1,0,0,0,0,0,0,-1,0,61,0,61,0,0,61,61,0,61,1,1,0,0,0,-1,607271242,"6.18"
"C38040",1,2025-12-13,2025-12-12,1,,-1,0,0,1,2,3,1,0,0,25,0,22,1,206,98,0,0,1,2,0,25,0,0,-1,-1,-1,-1,0,0,0,0,0,0,-1,0,0,-1,-1,-1,-1,0,0,0,0,0,0,-1,0,19,0,19,0,0,19,19,2,21,1,1,0,0,0,-1,607271242,"6.18"
"C38049",1,2025-12-13,2025-12-12,1,,-1,0,0,1,0,56,1,0,0,25,0,22,1,116,99,0,0,1,0,0,25,0,0,-1,-1,-1,-1,0,0,0,0,0,0,-1,0,0,-1,-1,-1,-1,0,0,0,0,0,0,-1,0,17,0,17,0,0,17,17,22,39,1,1,0,0,0,-1,607271242,"6.18"
"C38052",1,2025-12-13,2025-12-12,1,,-1,1,0,1,1,567,1,0,0,25,0,22,1,116,423,1,0,1,1,0,25,0,0,-1,-1,-1,-1,0,0,0,0,0,0,-1,0,0,-1,-1,-1,-1,0,0,0,0,0,0,-1,0,30,0,30,0,0,30,30,197,227,1,1,0,0,0,-1,607271242,"6.18"
"C38055",1,2025-12-15,2025-12-14,1,,-1,0,0,1,1,5,1,0,0,25,0,22,1,116,422,0,0,1,1,0,25,0,0,-1,-1,-1,-1,0,0,0,0,0,0,-1,0,0,-1,-1,-1,-1,0,0,0,0,0,0,-1,0,15,0,15,0,0,15,15,0,15,1,1,0,0,0,-1,607271242,"6.18"
"C38058",1,2025-12-14,2025-12-13,1,,-1,0,0,1,0,5,1,0,0,18,0,22,1,410,313,0,0,1,0,0,18,0,0,-1,-1,-1,-1,0,0,0,0,0,0,-1,0,0,-1,-1,-1,-1,0,0,0,0,0,0,-1,0,47,0,47,0,0,47,47,0,47,1,1,0,0,0,-1,607271242,"6.18"
"C38061",1,2025-12-14,2025-12-13,1,,-1,1,0,1,0,5,1,0,0,25,0,22,1,336,314,1,0,1,0,0,25,0,0,-1,-1,-1,-1,0,0,0,0,0,0,-1,0,0,-1,-1,-1,-1,0,0,0,0,0,0,-1,0,39,0,39,0,0,39,39,255,294,1,1,0,0,0,-1,607271242,"6.18"
"C38064",1,2025-12-14,2025-12-13,1,,-1,0,1,1,2,5,1,0,0,55,0,22,1,335,422,0,1,1,2,0,55,0,0,-1,-1,-1,-1,0,0,0,0,0,0,-1,0,0,-1,-1,-1,-1,0,0,0,0,0,0,-1,0,39,0,39,0,0,39,39,0,39,1,1,0,0,0,-1,607271242,"6.18"
"C38070",2,2026-03-28,2026-03-27,1,,-1,0,0,0,2,1,1,1,0,25,1,0,-1,-1,-1,0,0,0,0,0,-1,0,21,1,3,410,-1,69,0,0,0,2,0,25,1,0,-1,-1,-1,-1,0,0,0,0,0,0,-1,0,0,0,0,69,118,187,69,0,69,4,0,1,0,0,-1,607271242,"6.18"
"C38076",1,2025-12-14,2025-12-13,1,,-1,1,0,1,2,5,1,0,0,25,0,22,1,336,312,1,0,1,2,0,25,0,0,-1,-1,-1,-1,0,0,0,0,0,0,-1,0,0,-1,-1,-1,-1,0,0,0,0,0,0,-1,0,15,0,15,0,0,15,15,4,19,1,1,0,0,0,-1,607271242,"6.18"
"C38079",1,2026-05-12,2026-05-11,1,,-1,0,0,0,0,5,1,0,0,25,0,0,-1,-1,-1,0,0,0,0,0,-1,0,21,1,1,116,-1,12,0,0,0,0,0,25,0,0,-1,-1,-1,-1,0,0,0,0,0,0,-1,0,0,0,0,12,130,142,12,27,39,4,0,1,0,0,-1,607271242,"6.18"
"C38082",1,2026-04-11,2026-04-10,1,,-1,0,0,1,1,3,1,0,0,55,0,22,1,101,99,0,0,1,1,0,55,0,22,0,1,101,101,44,0,0,1,1,0,55,0,0,-1,-1,-1,-1,0,0,0,0,0,0,-1,0,61,0,61,25,0,86,86,117,203,5,1,0,0,0,-1,607271242,"6.18"
"C38085",1,2025-12-14,2025-12-13,1,,-1,0,0,0,0,5,1,0,0,25,0,22,3,335,423,0,0,0,0,0,25,0,0,-1,-1,-1,-1,0,0,0,0,0,0,-1,0,0,-1,-1,-1,-1,0,0,0,0,0,0,-1,0,35,0,35,0,0,35,35,0,35,1,1,0,0,0,-1,607271242,"6.18"
"C38091",1,2025-12-13,2025-12-12,1,,-1,0,0,1,0,5,2,0,0,25,0,22,1,335,98,0,0,1,0,0,25,0,0,-1,-1,-1,-1,0,0,0,0,0,0,-1,0,0,-1,-1,-1,-1,0,0,0,0,0,0,-1,0,32,0,32,0,0,32,32,6,38,1,1,0,0,0,-1,607271242,"6.18"
"C38094",1,2025-12-14,2025-12-13,1,,-1,0,0,1,0,5,1,0,0,25,0,22,1,204,312,0,0,1,0,0,25,0,0,-1,-1,-1,-1,0,0,0,0,0,0,-1,0,0,-1,-1,-1,-1,0,0,0,0,0,0,-1,0,31,0,31,0,0,31,31,14,45,1,1,0,0,0,-1,607271242,"6.18"
"C38097",1,2025-12-14,2025-12-13,1,,-1,1,0,1,2,5,1,0,0,25,0,22,1,101,99,1,0,1,2,0,25,0,0,-1,-1,-1,-1,0,0,0,0,0,0,-1,0,0,-1,-1,-1,-1,0,0,0,0,0,0,-1,0,29,0,29,0,0,29,29,541,570,1,1,0,0,0,-1,607271242,"6.18"
"C38100",1,2025-12-11,2025-12-10,1,,-1,0,0,0,0,3,1,0,0,55,0,22,1,101,99,0,0,0,0,0,55,0,0,-1,-1,-1,-1,0,0,0,0,0,0,-1,0,0,-1,-1,-1,-1,0,0,0,0,0,0,-1,0,5,0,5,0,0,5,5,34,39,1,1,0,0,0,-1,607271242,"6.18"
"C38106",1,2025-12-18,2025-12-17,1,,-1,0,0,0,1,3,1,0,0,25,0,22,3,336,313,0,0,0,1,0,25,0,0,-1,-1,-1,-1,0,0,0,0,0,0,-1,0,0,-1,-1,-1,-1,0,0,0,0,0,0,-1,0,13,0,13,0,0,13,13,2,15,1,1,0,0,0,-1,607271242,"6.18"
"C38109",1,2025-12-14,2025-12-13,1,,-1,0,0,0,0,5,1,0,0,25,0,22,3,116,314,0,0,0,0,0,25,0,0,-1,-1,-1,-1,0,0,0,0,0,0,-1,0,0,-1,-1,-1,-1,0,0,0,0,0,0,-1,0,62,0,62,0,0,62,62,185,247,1,1,0,0,0,-1,607271242,"6.18"
"C38112",2,2025-12-15,2025-12-14,1,,-1,0,0,0,0,3,1,3,0,25,1,22,1,336,422,0,0,0,0,1,25,1,0,-1,-1,-1,-1,0,0,0,0,0,0,-1,0,0,-1,-1,-1,-1,0,0,0,0,0,0,-1,0,22,0,22,0,0,22,22,77,99,1,1,0,0,0,-1,607271242,"6.18"
"C38124",1,2025-12-16,2025-12-15,1,,-1,0,0,0,0,4,1,0,0,25,0,22,3,336,423,0,0,0,0,0,25,0,0,-1,-1,-1,-1,0,0,0,0,0,0,-1,0,0,-1,-1,-1,-1,0,0,0,0,0,0,-1,0,13,0,13,0,0,13,13,2,15,1,1,0,0,0,-1,607271242,"6.18"
"C38127",1,2025-12-18,2025-12-17,1,,-1,0,0,0,0,3,1,0,0,24,0,22,1,314,423,0,0,0,0,0,24,0,0,-1,-1,-1,-1,0,0,0,0,0,0,-1,0,0,-1,-1,-1,-1,0,0,0,0,0,0,-1,0,34,0,34,0,0,34,34,0,34,1,1,0,0,0,-1,607271242,"6.18"
"C38130",1,2026-01-31,2026-01-30,1,,-1,0,0,0,1,5,2,0,0,25,1,22,1,101,313,0,0,0,1,0,25,1,0,-1,-1,-1,-1,0,0,0,0,0,0,-1,0,0,-1,-1,-1,-1,0,0,0,0,0,0,-1,0,26,0,26,0,0,26,26,190,216,1,1,0,0,0,-1,607271242,"6.18"
"C38136",1,2025-12-17,2025-12-16,1,,-1,0,0,1,1,5,1,0,0,25,0,22,1,336,98,0,0,1,1,0,25,0,0,-1,-1,-1,-1,0,0,0,0,0,0,-1,0,0,-1,-1,-1,-1,0,0,0,0,0,0,-1,0,34,0,34,0,0,34,34,4,38,1,1,0,0,0,-1,607271242,"6.18"
"C38139",1,2026-01-13,2026-01-12,1,,-1,0,0,1,2,5,1,0,0,25,0,22,1,314,410,0,0,1,2,0,25,0,0,-1,-1,-1,-1,0,0,0,0,0,0,-1,0,0,-1,-1,-1,-1,0,0,0,0,0,0,-1,0,30,0,30,0,0,30,30,435,465,1,1,0,0,0,-1,607271242,"6.18"
"C38142",1,2025-12-18,2025-12-17,1,,-1,0,0,1,1,5,1,0,0,18,0,22,1,101,422,0,0,1,1,0,18,0,0,-1,-1,-1,-1,0,0,0,0,0,0,-1,0,0,-1,-1,-1,-1,0,0,0,0,0,0,-1,0,21,0,21,0,0,21,21,0,21,1,1,0,0,0,-1,607271242,"6.18"
"C38145",1,2025-12-18,2025-12-17,1,,-1,1,0,1,2,3,1,0,0,25,0,22,1,336,99,1,0,1,2,0,25,0,21,1,1,101,-1,4,1,0,1,2,0,25,0,0,-1,-1,-1,-1,0,0,0,0,0,0,-1,0,11,0,11,3,118,132,14,207,221,5,1,1,0,0,-1,607271242,"6.18"
"C38157",1,2025-12-19,2025-12-18,1,,-1,0,0,1,0,98,1,0,0,55,0,22,1,116,422,0,0,1,0,0,55,0,0,-1,-1,-1,-1,0,0,0,0,0,0,-1,0,0,-1,-1,-1,-1,0,0,0,0,0,0,-1,0,20,0,20,0,0,20,20,0,20,1,1,0,0,0,-1,607271242,"6.18"
"C38160",1,2025-12-19,2025-12-18,1,,-1,0,1,1,0,6,1,0,0,55,0,22,1,314,423,0,1,1,0,0,55,0,0,-1,-1,-1,-1,0,0,0,0,0,0,-1,0,0,-1,-1,-1,-1,0,0,0,0,0,0,-1,0,18,0,18,0,0,18,18,0,18,1,1,0,0,0,-1,607271242,"6.18"
"C38163",1,2026-01-05,2026-01-04,1,,-1,1,0,1,0,5,1,0,0,25,0,22,1,336,116,1,0,1,0,0,25,0,21,1,1,116,-1,30,1,0,1,0,0,25,0,0,-1,-1,-1,-1,0,0,0,0,0,0,-1,0,9,0,9,30,179,218,39,100,139,5,1,1,0,0,-1,607271242,"6.18"
"C38166",1,2025-12-18,2025-12-17,1,,-1,0,0,0,0,5,1,0,0,18,0,22,3,99,99,0,0,0,0,0,18,0,0,-1,-1,-1,-1,0,0,0,0,0,0,-1,0,0,-1,-1,-1,-1,0,0,0,0,0,0,-1,0,14,0,14,0,0,14,14,0,14,1,1,0,0,0,-1,607271242,"6.18"
"C38169",1,2025-12-18,2025-12-17,1,,-1,0,0,0,0,3,1,0,0,25,0,22,3,118,99,0,0,0,0,0,25,0,0,-1,-1,-1,-1,0,0,0,0,0,0,-1,0,0,-1,-1,-1,-1,0,0,0,0,0,0,-1,0,42,0,42,0,0,42,42,0,42,1,1,0,0,0,-1,607271242,"6.18"
"C38172",1,2025-12-19,2025-12-18,1,,-1,5,0,1,0,5,1,0,0,25,0,21,3,118,-1,0,0,1,0,0,25,0,0,-1,-1,-1,-1,0,0,0,0,0,0,-1,0,0,-1,-1,-1,-1,0,0,0,0,0,0,-1,0,286,0,286,0,0,286,286,0,286,1,1,0,0,0,-1,607271242,"6.18"
"C38175",1,2025-12-14,2025-12-13,1,,-1,0,0,1,0,5,1,0,0,55,0,22,1,101,422,0,0,1,0,0,55,0,0,-1,-1,-1,-1,0,0,0,0,0,0,-1,0,0,-1,-1,-1,-1,0,0,0,0,0,0,-1,0,38,0,38,0,0,38,38,0,38,1,1,0,0,0,-1,607271242,"6.18"
"C38178",1,2026-06-26,2026-06-25,1,,-1,0,0,1,0,7,1,0,0,55,0,0,-1,-1,-1,0,0,0,0,0,-1,0,21,0,1,116,-1,97,0,0,1,0,0,55,0,0,-1,-1,-1,-1,0,0,0,0,0,0,-1,0,0,0,0,97,0,97,97,115,212,4,0,0,0,0,-1,607271242,"6.18"
"C38181",1,2025-12-26,2025-12-25,1,,-1,0,0,1,1,5,1,0,0,55,0,0,-1,-1,-1,0,0,0,0,0,-1,0,22,1,3,116,99,51,0,0,1,1,0,55,0,0,-1,-1,-1,-1,0,0,0,0,0,0,-1,0,0,0,0,51,34,85,51,113,164,4,0,1,0,0,-1,607271242,"6.18"
"C38184",1,2025-12-20,2025-12-19,1,,-1,0,0,1,0,5,1,0,0,25,0,22,1,101,422,0,0,1,0,0,25,0,0,-1,-1,-1,-1,0,0,0,0,0,0,-1,0,0,-1,-1,-1,-1,0,0,0,0,0,0,-1,0,107,0,107,0,0,107,107,15,122,1,1,0,0,0,-1,607271242,"6.18"
"C38187",1,2025-12-19,2025-12-18,1,,-1,0,0,1,0,3,1,0,0,55,0,22,1,116,314,0,0,1,0,0,55,0,0,-1,-1,-1,-1,0,0,0,0,0,0,-1,0,0,-1,-1,-1,-1,0,0,0,0,0,0,-1,0,58,0,58,0,0,58,58,4,62,1,1,0,0,0,-1,607271242,"6.18"
"C38190",1,2025-12-21,2025-12-20,1,,-1,0,0,0,2,5,1,0,0,25,0,0,-1,-1,-1,0,0,0,0,0,-1,0,22,0,3,116,99,155,0,0,0,2,0,25,0,0,-1,-1,-1,-1,0,0,0,0,0,0,-1,0,0,0,0,154,0,154,154,17,171,4,0,0,0,0,-1,607271242,"6.18"
"C38193",2,2025-12-14,2025-12-13,1,,-1,0,0,1,1,15,1,2,0,25,1,22,1,101,411,0,0,1,1,0,25,1,0,-1,-1,-1,-1,0,0,0,0,0,0,-1,0,0,-1,-1,-1,-1,0,0,0,0,0,0,-1,0,21,0,21,0,0,21,21,11,32,1,1,0,0,0,-1,607271242,"6.18"
"C38202",2,2026-02-02,2026-02-01,1,,-1,0,0,0,2,5,1,1,0,25,1,0,-1,-1,-1,0,0,0,0,0,-1,0,22,1,3,116,433,1,0,0,0,2,0,25,1,0,-1,-1,-1,-1,0,0,0,0,0,0,-1,0,0,0,0,1,72,73,1,84,85,4,0,1,0,0,-1,607271242,"6.18"
"C38205",1,2025-12-13,2025-12-12,1,,-1,0,0,1,0,3,1,0,0,25,0,22,1,101,99,0,0,1,0,0,25,0,0,-1,-1,-1,-1,0,0,0,0,0,0,-1,0,0,-1,-1,-1,-1,0,0,0,0,0,0,-1,0,140,0,140,0,0,140,140,40,180,1,1,0,0,0,-1,607271242,"6.18"
"C38208",1,2025-12-20,2025-12-19,1,,-1,0,0,1,0,3,1,0,0,25,0,22,1,206,99,0,0,1,0,0,25,0,0,-1,-1,-1,-1,0,0,0,0,0,0,-1,0,0,-1,-1,-1,-1,0,0,0,0,0,0,-1,0,5,0,5,0,0,5,5,20,25,1,1,0,0,0,-1,607271242,"6.18"
"C38211",1,2025-12-20,2025-12-19,1,,-1,0,0,1,0,1,1,0,0,25,0,22,1,116,99,0,0,1,0,0,25,0,0,-1,-1,-1,-1,0,0,0,0,0,0,-1,0,0,-1,-1,-1,-1,0,0,0,0,0,0,-1,0,13,0,13,0,0,13,13,16,29,1,1,0,0,0,-1,607271242,"6.18"
"C38214",1,2025-12-21,2025-12-20,1,,-1,0,0,0,0,13,1,0,0,25,0,22,1,410,423,0,0,0,0,0,25,0,0,-1,-1,-1,-1,0,0,0,0,0,0,-1,0,0,-1,-1,-1,-1,0,0,0,0,0,0,-1,0,66,0,66,0,0,66,66,0,66,1,1,0,0,0,-1,607271242,"6.18"
"C38220",1,2025-12-19,2025-12-18,1,,-1,1,0,1,2,5,1,0,0,24,0,0,-1,-1,-1,0,0,0,0,0,-1,0,21,1,3,116,-1,17,1,0,1,2,0,24,0,0,-1,-1,-1,-1,0,0,0,0,0,0,-1,0,0,0,0,17,269,286,17,485,502,4,0,1,0,0,-1,607271242,"6.18"
"C38223",1,2025-12-18,2025-12-17,1,,-1,0,0,1,1,5,1,0,0,55,0,22,3,336,431,0,0,1,1,0,55,0,0,-1,-1,-1,-1,0,0,0,0,0,0,-1,0,0,-1,-1,-1,-1,0,0,0,0,0,0,-1,0,59,0,59,0,0,59,59,0,59,1,1,0,0,0,-1,607271242,"6.18"
"C38226",1,2025-12-19,2025-12-18,1,,-1,1,0,1,0,5,1,0,0,24,0,0,-1,-1,-1,0,0,0,0,0,-1,0,22,0,3,116,313,45,1,0,1,0,0,24,0,0,-1,-1,-1,-1,0,0,0,0,0,0,-1,0,0,0,0,44,0,44,44,306,350,4,0,0,0,0,-1,607271242,"6.18"
"C38229",1,2025-10-02,2025-10-01,1,,-1,9,1,0,0,5,1,0,0,25,0,0,-1,-1,-1,0,0,0,0,0,-1,0,0,-1,-1,-1,-1,0,0,0,0,0,0,-1,0,22,0,1,99,419,0,0,1,0,0,0,25,0,0,0,0,194,0,194,194,0,194,8,0,0,0,0,-1,607271242,"6.18"
"C38232",1,2025-12-21,2025-12-20,1,,-1,9,1,1,0,5,1,0,0,55,0,0,-1,-1,-1,0,0,0,0,0,-1,0,21,1,3,116,-1,27,0,1,1,0,0,55,0,0,-1,-1,-1,-1,0,0,0,0,0,0,-1,0,0,0,0,27,257,284,27,156,183,4,0,1,0,0,-1,607271242,"6.18"
"C38241",1,2025-12-22,2025-12-21,1,,-1,0,0,0,0,3,1,0,0,55,0,22,1,116,422,0,0,0,0,0,55,0,0,-1,-1,-1,-1,0,0,0,0,0,0,-1,0,0,-1,-1,-1,-1,0,0,0,0,0,0,-1,0,20,0,20,0,0,20,20,5,25,1,1,0,0,0,-1,607271242,"6.18"
"C38244",3,2025-12-21,2025-12-20,1,,-1,0,0,1,1,5,0,1,0,-1,0,22,1,204,302,0,0,1,1,0,-1,0,0,-1,-1,-1,-1,0,0,0,0,0,0,-1,0,0,-1,-1,-1,-1,0,0,0,0,0,0,-1,0,42,0,42,0,0,42,42,119,161,1,1,0,0,0,-1,607271242,"6.18"
"C38247",1,2025-12-21,2025-12-20,1,,-1,0,0,0,0,15,1,0,0,25,0,22,1,116,313,0,0,0,0,0,25,0,0,-1,-1,-1,-1,0,0,0,0,0,0,-1,0,0,-1,-1,-1,-1,0,0,0,0,0,0,-1,0,19,0,19,0,0,19,19,18,37,1,1,0,0,0,-1,607271242,"6.18"
"C38250",1,2025-12-23,2025-12-22,1,,-1,0,0,1,0,5,1,0,0,25,0,22,3,314,313,0,0,1,0,0,25,0,0,-1,-1,-1,-1,0,0,0,0,0,0,-1,0,0,-1,-1,-1,-1,0,0,0,0,0,0,-1,0,60,0,60,0,0,60,60,13,73,1,1,0,0,0,-1,607271242,"6.18"
"C38253",2,2026-05-26,2026-05-25,1,,-1,0,0,0,1,5,1,2,0,25,1,0,-1,-1,-1,0,0,0,0,0,-1,0,21,0,3,116,-1,128,0,0,0,1,0,25,1,0,-1,-1,-1,-1,0,0,0,0,0,0,-1,0,0,0,0,128,0,128,128,43,171,4,0,0,0,0,-1,607271242,"6.18"
"C38259",2,2025-12-18,2025-12-17,1,,-1,0,0,1,1,5,2,3,0,25,1,22,1,116,99,0,0,1,1,1,25,1,0,-1,-1,-1,-1,0,0,0,0,0,0,-1,0,0,-1,-1,-1,-1,0,0,0,0,0,0,-1,0,48,0,48,0,0,48,48,5,53,1,1,0,0,0,-1,607271242,"6.18"
"C38274",1,2025-12-27,2025-12-26,1,,-1,9,1,1,0,5,1,0,0,25,0,22,1,99,206,0,1,1,0,0,25,0,0,-1,-1,-1,-1,0,0,0,0,0,0,-1,0,0,-1,-1,-1,-1,0,0,0,0,0,0,-1,0,9,33,42,0,0,42,42,210,252,3,1,0,0,0,-1,607271242,"6.18"
"C38277",2,2026-01-18,2026-01-17,1,,-1,0,0,0,0,5,1,2,0,25,1,0,-1,-1,-1,0,0,0,0,0,-1,0,21,0,3,336,-1,256,0,0,0,0,0,25,1,0,-1,-1,-1,-1,0,0,0,0,0,0,-1,0,0,0,0,256,0,256,256,0,256,4,0,0,0,0,-1,607271242,"6.18"
"C38280",1,2025-12-25,2025-12-24,1,,-1,0,0,0,0,5,1,0,0,55,0,22,1,336,423,0,0,0,0,0,55,0,0,-1,-1,-1,-1,0,0,0,0,0,0,-1,0,0,-1,-1,-1,-1,0,0,0,0,0,0,-1,0,16,0,16,0,0,16,16,3,19,1,1,0,0,0,-1,607271242,"6.18"
"C38283",1,2025-12-24,2025-12-23,1,,-1,0,0,1,2,17,1,0,0,55,0,22,1,206,99,0,0,1,2,0,55,0,0,-1,-1,-1,-1,0,0,0,0,0,0,-1,0,0,-1,-1,-1,-1,0,0,0,0,0,0,-1,0,18,0,18,0,0,18,18,0,18,1,1,0,0,0,-1,607271242,"6.18"
"C38286",1,2025-12-25,2025-12-24,1,,-1,0,0,1,2,5,1,0,0,25,0,22,1,101,313,0,0,1,2,0,25,0,0,-1,-1,-1,-1,0,0,0,0,0,0,-1,0,0,-1,-1,-1,-1,0,0,0,0,0,0,-1,0,25,0,25,0,0,25,25,26,51,1,1,0,0,0,-1,607271242,"6.18"
"C38289",1,2025-12-25,2025-12-24,1,,-1,9,0,0,0,5,1,0,0,25,0,22,1,99,313,0,0,0,0,0,25,0,0,-1,-1,-1,-1,0,0,0,0,0,0,-1,0,0,-1,-1,-1,-1,0,0,0,0,0,0,-1,0,20,0,20,0,0,20,20,0,20,1,1,0,0,0,-1,607271242,"6.18"
"C38292",1,2025-12-26,2025-12-25,1,,-1,0,0,1,0,5,1,0,0,25,0,22,1,101,410,0,0,1,0,0,25,0,0,-1,-1,-1,-1,0,0,0,0,0,0,-1,0,0,-1,-1,-1,-1,0,0,0,0,0,0,-1,0,138,0,138,0,0,138,138,0,138,1,1,0,0,0,-1,607271242,"6.18"
"C38295",1,2025-12-25,2025-12-24,1,,-1,0,0,0,0,5,1,0,0,25,0,21,1,314,-1,0,0,0,0,0,25,0,0,-1,-1,-1,-1,0,0,0,0,0,0,-1,0,0,-1,-1,-1,-1,0,0,0,0,0,0,-1,0,280,0,280,0,0,280,280,0,280,1,1,0,0,0,-1,607271242,"6.18"
"C38298",1,2026-02-03,2026-02-02,1,,-1,4,0,0,0,3,1,0,0,25,0,22,1,101,423,0,0,0,0,0,25,0,0,-1,-1,-1,-1,0,0,0,0,0,0,-1,0,0,-1,-1,-1,-1,0,0,0,0,0,0,-1,0,23,0,23,0,0,23,23,42,65,1,1,0,0,0,-1,607271242,"6.18"
"C38301",2,2026-01-01,2025-12-31,1,,-1,0,0,0,1,23,2,3,0,25,1,0,-1,-1,-1,0,0,0,0,0,-1,0,21,0,3,116,-1,273,0,0,0,1,1,25,1,0,-1,-1,-1,-1,0,0,0,0,0,0,-1,0,0,0,0,273,0,273,273,28,301,4,0,0,0,0,-1,607271242,"6.18"
"C38316",1,2025-12-26,2025-12-25,1,,-1,0,0,1,0,3,1,0,0,25,0,22,1,101,422,0,0,1,0,0,25,0,0,-1,-1,-1,-1,0,0,0,0,0,0,-1,0,0,-1,-1,-1,-1,0,0,0,0,0,0,-1,0,19,0,19,0,0,19,19,0,19,1,1,0,0,0,-1,607271242,"6.18"
"C38319",1,2025-12-23,2025-12-22,1,,-1,0,0,1,0,24,1,0,0,25,0,22,3,207,116,0,0,1,0,0,25,0,0,-1,-1,-1,-1,0,0,0,0,0,0,-1,0,0,-1,-1,-1,-1,0,0,0,0,0,0,-1,0,15,0,15,0,0,15,15,0,15,1,1,0,0,0,-1,607271242,"6.18"
"C38322",1,2025-12-26,2025-12-25,1,,-1,0,0,0,0,56,1,0,0,25,0,22,1,410,423,0,0,0,0,0,25,0,0,-1,-1,-1,-1,0,0,0,0,0,0,-1,0,0,-1,-1,-1,-1,0,0,0,0,0,0,-1,0,14,0,14,0,0,14,14,0,14,1,1,0,0,0,-1,607271242,"6.18"
"C38325",1,2025-12-26,2025-12-25,1,,-1,0,0,1,2,56,2,0,0,25,0,22,1,116,116,0,0,1,2,0,25,0,0,-1,-1,-1,-1,0,0,0,0,0,0,-1,0,0,-1,-1,-1,-1,0,0,0,0,0,0,-1,0,55,0,55,0,0,55,55,24,79,1,1,0,0,0,-1,607271242,"6.18"
"C38331",1,2025-12-26,2025-12-25,1,,-1,0,0,1,0,56,1,0,0,25,0,22,1,101,422,0,0,1,0,0,25,0,0,-1,-1,-1,-1,0,0,0,0,0,0,-1,0,0,-1,-1,-1,-1,0,0,0,0,0,0,-1,0,26,0,26,0,0,26,26,0,26,1,1,0,0,0,-1,607271242,"6.18"
"C38334",1,2025-12-26,2025-12-25,1,,-1,0,0,0,0,5,1,0,0,25,0,22,1,206,99,0,0,0,0,0,25,0,0,-1,-1,-1,-1,0,0,0,0,0,0,-1,0,0,-1,-1,-1,-1,0,0,0,0,0,0,-1,0,78,0,78,0,0,78,78,0,78,1,1,0,0,0,-1,607271242,"6.18"
"C38337",1,2025-12-26,2025-12-25,1,,-1,0,0,0,0,25,1,0,0,25,0,22,1,101,423,0,0,0,0,0,25,0,0,-1,-1,-1,-1,0,0,0,0,0,0,-1,0,0,-1,-1,-1,-1,0,0,0,0,0,0,-1,0,15,0,15,0,0,15,15,5,20,1,1,0,0,0,-1,607271242,"6.18"
"C38340",2,2025-12-25,2025-12-24,1,,-1,0,0,0,1,3,1,1,0,25,1,22,1,314,99,0,0,0,1,0,25,1,0,-1,-1,-1,-1,0,0,0,0,0,0,-1,0,0,-1,-1,-1,-1,0,0,0,0,0,0,-1,0,17,0,17,0,0,17,17,21,38,1,1,0,0,0,-1,607271242,"6.18"
"C38349",1,2025-12-26,2025-12-25,1,,-1,0,0,1,2,3,1,0,0,25,0,22,1,335,423,0,0,1,2,0,25,0,0,-1,-1,-1,-1,0,0,0,0,0,0,-1,0,0,-1,-1,-1,-1,0,0,0,0,0,0,-1,0,52,0,52,0,0,52,52,5,57,1,1,0,0,0,-1,607271242,"6.18"
"C38352",1,2026-01-06,2026-01-05,1,,-1,0,0,1,0,5,1,0,0,55,0,22,1,206,423,0,0,1,0,0,55,0,0,-1,-1,-1,-1,0,0,0,0,0,0,-1,0,0,-1,-1,-1,-1,0,0,0,0,0,0,-1,0,28,0,28,0,0,28,28,0,28,1,1,0,0,0,-1,607271242,"6.18"
"C38358",1,2025-12-25,2025-12-24,1,,-1,0,0,0,0,3,1,0,0,25,0,22,3,336,98,0,0,0,0,0,25,0,0,-1,-1,-1,-1,0,0,0,0,0,0,-1,0,0,-1,-1,-1,-1,0,0,0,0,0,0,-1,0,24,0,24,0,0,24,24,0,24,1,1,0,0,0,-1,607271242,"6.18"
"C38361",1,2025-12-25,2025-12-24,1,,-1,0,0,0,2,1,1,0,0,25,0,22,3,314,313,0,0,0,2,0,25,0,0,-1,-1,-1,-1,0,0,0,0,0,0,-1,0,0,-1,-1,-1,-1,0,0,0,0,0,0,-1,0,25,0,25,0,0,25,25,2,27,1,1,0,0,0,-1,607271242,"6.18"
"C38364",1,2025-12-20,2025-12-19,1,,-1,0,0,0,0,5,1,0,0,18,0,21,3,336,-1,0,0,0,0,0,18,0,0,-1,-1,-1,-1,0,0,0,0,0,0,-1,0,0,-1,-1,-1,-1,0,0,0,0,0,0,-1,0,106,0,106,0,0,106,106,2,108,1,1,0,0,0,-1,607271242,"6.18"
"C38367",1,2025-12-27,2025-12-26,1,,-1,1,0,1,2,27,1,0,0,25,0,21,1,205,-1,1,0,1,2,0,25,0,22,1,1,101,423,55,1,0,1,2,0,25,0,0,-1,-1,-1,-1,0,0,0,0,0,0,-1,0,71,0,71,54,1,126,125,585,710,5,1,1,0,0,-1,607271242,"6.18"
"C38370",1,2025-12-27,2025-12-26,1,,-1,0,0,0,0,3,1,0,0,25,0,22,1,410,313,0,0,0,0,0,25,0,21,1,1,101,-1,1,0,0,0,0,0,25,0,0,-1,-1,-1,-1,0,0,0,0,0,0,-1,0,79,0,79,1,179,259,80,19,99,5,1,1,0,0,-1,607271242,"6.18"
"C38373",1,2025-12-26,2025-12-25,1,,-1,0,0,1,1,5,1,0,0,24,0,22,1,336,98,0,0,1,1,0,24,0,0,-1,-1,-1,-1,0,0,0,0,0,0,-1,0,0,-1,-1,-1,-1,0,0,0,0,0,0,-1,0,28,0,28,0,0,28,28,0,28,1,1,0,0,0,-1,607271242,"6.18"
"C38379",1,2025-12-27,2025-12-26,1,,-1,0,0,1,2,5,2,0,0,25,1,21,1,116,-1,0,0,1,2,0,25,1,0,-1,-1,-1,-1,0,0,0,0,0,0,-1,0,0,-1,-1,-1,-1,0,0,0,0,0,0,-1,0,142,0,142,0,0,142,142,2,144,1,1,0,0,0,-1,607271242,"6.18"
"C38382",1,2026-07-11,2026-07-10,1,,-1,0,0,1,2,5,1,0,0,25,0,21,1,101,-1,0,0,1,2,0,25,0,0,-1,-1,-1,-1,0,0,0,0,0,0,-1,0,0,-1,-1,-1,-1,0,0,0,0,0,0,-1,0,82,0,82,0,0,82,82,3,85,1,1,0,0,0,-1,607271242,"6.18"
"C38385",1,2025-12-28,2025-12-27,1,,-1,0,0,0,0,34,1,0,0,25,0,22,1,336,422,0,0,0,0,0,25,0,0,-1,-1,-1,-1,0,0,0,0,0,0,-1,0,0,-1,-1,-1,-1,0,0,0,0,0,0,-1,0,24,0,24,0,0,24,24,2,26,1,1,0,0,0,-1,607271242,"6.18"
"C38397",1,2025-11-10,2025-11-09,1,,-1,9,0,1,0,5,1,0,0,25,0,22,1,206,206,0,0,1,0,0,25,0,0,-1,-1,-1,-1,0,0,0,0,0,0,-1,0,0,-1,-1,-1,-1,0,0,0,0,0,0,-1,0,44,0,44,0,0,44,44,0,44,1,1,0,0,0,-1,607271242,"6.18"
"C38400",1,2026-01-24,2026-01-23,1,,-1,0,0,1,0,56,1,0,0,55,0,22,1,99,99,0,0,1,0,0,55,0,0,-1,-1,-1,-1,0,0,0,0,0,0,-1,0,0,-1,-1,-1,-1,0,0,0,0,0,0,-1,0,4,0,4,0,0,4,4,99,103,1,1,0,0,0,-1,607271242,"6.18"
"C38406",2,2026-02-13,2026-02-12,1,,-1,0,0,0,0,3,2,3,0,25,1,22,1,335,116,0,0,0,0,1,25,1,21,0,1,101,-1,200,0,0,0,0,1,25,1,0,-1,-1,-1,-1,0,0,0,0,0,0,-1,0,48,0,48,182,0,230,230,0,230,5,1,0,0,0,-1,607271242,"6.18"
"C38409",1,2025-12-29,2025-12-28,1,,-1,0,0,0,0,3,1,0,0,25,0,22,1,336,423,0,0,0,0,0,25,0,0,-1,-1,-1,-1,0,0,0,0,0,0,-1,0,0,-1,-1,-1,-1,0,0,0,0,0,0,-1,0,23,0,23,0,0,23,23,0,23,1,1,0,0,0,-1,607271242,"6.18"
"C38412",1,2025-12-14,2025-12-13,1,,-1,0,0,1,0,5,1,0,0,25,0,22,1,206,410,0,0,1,0,0,25,0,0,-1,-1,-1,-1,0,0,0,0,0,0,-1,0,0,-1,-1,-1,-1,0,0,0,0,0,0,-1,0,0,98,98,0,0,98,98,18,116,2,1,0,0,0,-1,607271242,"6.18"
"C38415",2,2026-02-04,2026-02-03,1,,-1,0,0,0,0,5,2,3,0,25,1,22,1,410,422,0,0,0,0,1,25,1,0,-1,-1,-1,-1,0,0,0,0,0,0,-1,0,0,-1,-1,-1,-1,0,0,0,0,0,0,-1,0,16,0,16,0,0,16,16,0,16,1,1,0,0,0,-1,607271242,"6.18"
"C38436",1,2025-12-31,2025-12-30,1,,-1,0,1,1,0,3,1,0,0,25,0,22,1,99,99,0,1,1,0,0,25,0,0,-1,-1,-1,-1,0,0,0,0,0,0,-1,0,0,-1,-1,-1,-1,0,0,0,0,0,0,-1,0,1,0,1,0,0,1,1,26,27,1,1,0,0,0,-1,607271242,"6.18"
"C38439",1,2026-01-29,2026-01-28,1,,-1,0,0,0,0,37,1,0,0,55,0,22,1,99,99,0,0,0,0,0,55,0,0,-1,-1,-1,-1,0,0,0,0,0,0,-1,0,0,-1,-1,-1,-1,0,0,0,0,0,0,-1,0,4,0,4,0,0,4,4,31,35,1,1,0,0,0,-1,607271242,"6.18"
"C38442",1,2026-02-26,2026-02-25,1,,-1,0,0,1,0,5,1,0,0,55,0,22,3,336,312,0,0,1,0,0,55,0,0,-1,-1,-1,-1,0,0,0,0,0,0,-1,0,0,-1,-1,-1,-1,0,0,0,0,0,0,-1,0,13,0,13,0,0,13,13,0,13,1,1,0,0,0,-1,607271242,"6.18"
"C38445",1,2026-01-01,2025-12-31,1,,-1,4,0,0,0,98,1,0,0,25,0,22,1,116,422,0,0,0,0,0,25,0,0,-1,-1,-1,-1,0,0,0,0,0,0,-1,0,0,-1,-1,-1,-1,0,0,0,0,0,0,-1,0,20,0,20,0,0,20,20,0,20,1,1,0,0,0,-1,607271242,"6.18"
"C38448",2,2026-01-04,2026-01-03,1,,-1,0,0,1,1,5,1,3,0,25,1,22,1,101,410,0,0,1,1,1,25,1,0,-1,-1,-1,-1,0,0,0,0,0,0,-1,0,0,-1,-1,-1,-1,0,0,0,0,0,0,-1,0,42,0,42,0,0,42,42,10,52,1,1,0,0,0,-1,607271242,"6.18"
"C38451",1,2025-12-30,2025-12-29,1,,-1,1,0,1,0,5,1,0,0,55,0,22,1,116,204,1,0,1,0,0,55,0,0,-1,-1,-1,-1,0,0,0,0,0,0,-1,0,0,-1,-1,-1,-1,0,0,0,0,0,0,-1,0,15,0,15,0,0,15,15,2,17,1,1,0,0,0,-1,607271242,"6.18"
"C38454",1,2025-11-13,2025-11-12,1,,-1,0,0,1,0,3,1,0,0,25,0,22,1,335,410,0,0,1,0,0,25,0,0,-1,-1,-1,-1,0,0,0,0,0,0,-1,0,0,-1,-1,-1,-1,0,0,0,0,0,0,-1,0,0,166,166,0,0,166,166,0,166,2,1,0,0,0,-1,607271242,"6.18"
"C38460",1,2026-01-01,2025-12-31,1,,-1,0,0,1,0,5,1,0,0,25,0,22,1,205,410,0,0,1,0,0,25,0,0,-1,-1,-1,-1,0,0,0,0,0,0,-1,0,0,-1,-1,-1,-1,0,0,0,0,0,0,-1,0,0,31,31,0,0,31,31,0,31,2,1,0,0,0,-1,607271242,"6.18"
"C38463",1,2025-12-30,2025-12-29,1,,-1,0,0,0,0,36,1,0,0,18,0,22,1,336,99,0,0,0,0,0,18,0,0,-1,-1,-1,-1,0,0,0,0,0,0,-1,0,0,-1,-1,-1,-1,0,0,0,0,0,0,-1,0,19,0,19,0,0,19,19,0,19,1,1,0,0,0,-1,607271242,"6.18"
"C38466",1,2025-12-31,2025-12-30,1,,-1,0,0,1,2,5,1,0,0,25,0,22,1,101,423,0,0,1,2,0,25,0,0,-1,-1,-1,-1,0,0,0,0,0,0,-1,0,0,-1,-1,-1,-1,0,0,0,0,0,0,-1,0,31,0,31,0,0,31,31,0,31,1,1,0,0,0,-1,607271242,"6.18"
"C38469",1,2025-12-31,2025-12-30,1,,-1,0,0,1,2,56,1,0,0,18,0,22,1,116,314,0,0,1,2,0,18,0,0,-1,-1,-1,-1,0,0,0,0,0,0,-1,0,0,-1,-1,-1,-1,0,0,0,0,0,0,-1,0,42,0,42,0,0,42,42,5,47,1,1,0,0,0,-1,607271242,"6.18"
"C38472",1,2025-12-27,2025-12-26,1,,-1,0,0,1,0,5,1,0,0,25,0,22,1,101,312,0,0,1,0,0,25,0,0,-1,-1,-1,-1,0,0,0,0,0,0,-1,0,0,-1,-1,-1,-1,0,0,0,0,0,0,-1,0,62,0,62,0,0,62,62,6,68,1,1,0,0,0,-1,607271242,"6.18"
"C38475",1,2026-02-01,2026-01-31,1,,-1,0,0,1,0,46,2,0,0,25,0,0,-1,-1,-1,0,0,0,0,0,-1,0,21,0,3,116,-1,242,0,0,1,0,0,25,0,0,-1,-1,-1,-1,0,0,0,0,0,0,-1,0,0,0,0,242,0,242,242,23,265,4,0,0,0,0,-1,607271242,"6.18"
"C38481",1,2026-01-24,2026-01-23,1,,-1,0,0,1,0,5,1,0,0,25,0,22,1,410,410,0,0,1,0,0,25,0,0,-1,-1,-1,-1,0,0,0,0,0,0,-1,0,0,-1,-1,-1,-1,0,0,0,0,0,0,-1,0,0,93,93,0,0,93,93,0,93,2,1,0,0,0,-1,607271242,"6.18"
"C38484",1,2025-12-30,2025-12-29,1,,-1,9,0,1,0,5,1,0,0,25,0,22,3,440,422,0,0,1,0,0,25,0,0,-1,-1,-1,-1,0,0,0,0,0,0,-1,0,0,-1,-1,-1,-1,0,0,0,0,0,0,-1,0,37,0,37,0,0,37,37,8,45,1,1,0,0,0,-1,607271242,"6.18"
"C38487",3,2025-12-05,2025-12-04,1,,-1,1,0,1,0,35,0,1,0,-1,0,22,1,206,99,1,0,1,0,0,-1,0,0,-1,-1,-1,-1,0,0,0,0,0,0,-1,0,0,-1,-1,-1,-1,0,0,0,0,0,0,-1,0,0,146,146,0,0,146,146,0,146,2,1,0,0,0,-1,607271242,"6.18"
"C38490",3,2025-12-06,2025-12-05,1,,-1,0,0,0,0,2,0,1,0,-1,0,22,1,335,215,0,0,0,0,0,-1,0,0,-1,-1,-1,-1,0,0,0,0,0,0,-1,0,0,-1,-1,-1,-1,0,0,0,0,0,0,-1,0,0,68,68,0,0,68,68,0,68,2,1,0,0,0,-1,607271242,"6.18"
"C38493",3,2025-12-11,2025-12-10,1,,-1,1,0,1,0,47,0,1,0,-1,0,22,1,215,99,1,0,1,0,0,-1,0,0,-1,-1,-1,-1,0,0,0,0,0,0,-1,0,0,-1,-1,-1,-1,0,0,0,0,0,0,-1,0,0,31,31,0,0,31,31,0,31,2,1,0,0,0,-1,607271242,"6.18"
"C38496",3,2025-12-26,2025-12-25,1,,-1,9,0,1,0,56,0,1,0,-1,0,22,1,206,99,0,0,1,0,0,-1,0,0,-1,-1,-1,-1,0,0,0,0,0,0,-1,0,0,-1,-1,-1,-1,0,0,0,0,0,0,-1,0,0,24,24,0,0,24,24,0,24,2,1,0,0,0,-1,607271242,"6.18"
"C38499",1,2025-12-27,2025-12-26,1,,-1,0,0,0,0,5,1,0,0,25,0,22,3,118,99,0,0,0,0,0,25,0,0,-1,-1,-1,-1,0,0,0,0,0,0,-1,0,0,-1,-1,-1,-1,0,0,0,0,0,0,-1,0,33,0,33,0,0,33,33,0,33,1,1,0,0,0,-1,607271242,"6.18"
"C38502",1,2025-12-31,2025-12-30,1,,-1,0,0,0,0,5,1,0,0,25,0,22,3,118,99,0,0,0,0,0,25,0,0,-1,-1,-1,-1,0,0,0,0,0,0,-1,0,0,-1,-1,-1,-1,0,0,0,0,0,0,-1,0,29,0,29,0,0,29,29,3,32,1,1,0,0,0,-1,607271242,"6.18"
"C38505",1,2026-01-01,2025-12-31,1,,-1,0,0,1,0,4,1,0,0,25,0,22,1,101,423,0,0,1,0,0,25,0,0,-1,-1,-1,-1,0,0,0,0,0,0,-1,0,0,-1,-1,-1,-1,0,0,0,0,0,0,-1,0,20,0,20,0,0,20,20,0,20,1,1,0,0,0,-1,607271242,"6.18"
"C38508",1,2026-01-03,2026-01-02,1,,-1,0,0,0,0,3,1,0,0,55,0,22,1,101,423,0,0,0,0,0,55,0,0,-1,-1,-1,-1,0,0,0,0,0,0,-1,0,0,-1,-1,-1,-1,0,0,0,0,0,0,-1,0,18,0,18,0,0,18,18,0,18,1,1,0,0,0,-1,607271242,"6.18"
"C38511",1,2026-01-03,2026-01-02,1,,-1,0,0,0,0,56,1,0,0,25,0,0,-1,-1,-1,0,0,0,0,0,-1,0,21,1,1,101,-1,6,0,0,0,0,0,25,0,0,-1,-1,-1,-1,0,0,0,0,0,0,-1,0,0,0,0,6,265,271,6,0,6,4,0,1,0,0,-1,607271242,"6.18"
"C38514",1,2026-02-14,2026-02-13,1,,-1,9,1,1,0,5,1,0,0,25,0,0,-1,-1,-1,0,0,0,0,0,-1,0,21,1,2,101,-1,6,0,1,1,0,0,25,0,0,-1,-1,-1,-1,0,0,0,0,0,0,-1,0,0,0,0,6,223,229,6,11,17,4,0,1,0,0,-1,607271242,"6.18"
"C38517",2,2025-12-29,2025-12-28,1,,-1,0,0,0,0,3,1,1,0,25,1,22,1,116,410,0,0,0,0,0,25,1,0,-1,-1,-1,-1,0,0,0,0,0,0,-1,0,0,-1,-1,-1,-1,0,0,0,0,0,0,-1,0,55,0,55,0,0,55,55,87,142,1,1,0,0,0,-1,607271242,"6.18"
"C38523",1,2025-12-22,2025-12-21,1,,-1,0,0,0,0,5,1,0,0,25,0,22,1,116,312,0,0,0,0,0,25,0,0,-1,-1,-1,-1,0,0,0,0,0,0,-1,0,0,-1,-1,-1,-1,0,0,0,0,0,0,-1,0,48,0,48,0,0,48,48,263,311,1,1,0,0,0,-1,607271242,"6.18"
"C38526",1,2025-12-26,2025-12-25,1,,-1,0,0,0,0,57,1,0,0,25,0,21,1,314,-1,0,0,0,0,0,25,0,0,-1,-1,-1,-1,0,0,0,0,0,0,-1,0,0,-1,-1,-1,-1,0,0,0,0,0,0,-1,0,116,0,116,0,0,116,116,18,134,1,1,0,0,0,-1,607271242,"6.18"
"C38529",2,2026-01-01,2025-12-31,1,,-1,0,0,0,2,3,1,2,0,24,1,22,1,336,99,0,0,0,2,0,24,1,0,-1,-1,-1,-1,0,0,0,0,0,0,-1,0,0,-1,-1,-1,-1,0,0,0,0,0,0,-1,0,24,0,24,0,0,24,24,27,51,1,1,0,0,0,-1,607271242,"6.18"
"C38538",2,2026-01-01,2025-12-31,1,,-1,0,0,0,2,3,1,3,0,25,1,22,1,434,410,0,0,0,2,1,25,1,0,-1,-1,-1,-1,0,0,0,0,0,0,-1,0,0,-1,-1,-1,-1,0,0,0,0,0,0,-1,0,41,0,41,0,0,41,41,0,41,1,1,0,0,0,-1,607271242,"6.18"
"C38541",1,2026-01-04,2026-01-03,1,,-1,1,0,1,2,67,1,0,0,25,0,22,1,99,99,1,0,1,2,0,25,0,21,1,1,116,-1,125,1,0,1,2,0,25,0,0,-1,-1,-1,-1,0,0,0,0,0,0,-1,0,7,0,7,124,12,143,131,2745,2876,5,1,1,0,0,-1,607271242,"6.18"
"C38559",2,2026-01-03,2026-01-02,1,,-1,0,0,0,0,5,2,1,0,25,1,22,1,314,410,0,0,0,0,0,25,1,0,-1,-1,-1,-1,0,0,0,0,0,0,-1,0,0,-1,-1,-1,-1,0,0,0,0,0,0,-1,0,42,0,42,0,0,42,42,57,99,1,1,0,0,0,-1,607271242,"6.18"
"C38568",1,2026-01-03,2026-01-02,1,,-1,0,1,0,2,1,1,0,0,18,0,22,3,336,410,0,1,0,2,0,18,0,0,-1,-1,-1,-1,0,0,0,0,0,0,-1,0,0,-1,-1,-1,-1,0,0,0,0,0,0,-1,0,14,0,14,0,0,14,14,0,14,1,1,0,0,0,-1,607271242,"6.18"
"C38571",1,2026-01-14,2026-01-13,1,,-1,4,0,0,0,23,1,0,0,25,0,22,1,116,204,0,0,0,0,0,25,0,0,-1,-1,-1,-1,0,0,0,0,0,0,-1,0,0,-1,-1,-1,-1,0,0,0,0,0,0,-1,0,15,0,15,0,0,15,15,2204,2219,1,1,0,0,0,-1,607271242,"6.18"
"C38574",1,2026-01-01,2025-12-31,1,,-1,0,0,1,2,15,1,0,0,25,0,22,1,336,313,0,0,1,2,0,25,0,0,-1,-1,-1,-1,0,0,0,0,0,0,-1,0,0,-1,-1,-1,-1,0,0,0,0,0,0,-1,0,15,0,15,0,0,15,15,7,22,1,1,0,0,0,-1,607271242,"6.18"
"C38577",1,2026-01-11,2026-01-10,1,,-1,0,1,0,0,5,1,0,0,55,0,22,1,116,431,0,1,0,0,0,55,0,0,-1,-1,-1,-1,0,0,0,0,0,0,-1,0,0,-1,-1,-1,-1,0,0,0,0,0,0,-1,0,0,133,133,0,0,133,133,253,386,2,1,0,0,0,-1,607271242,"6.18"
"C38580",1,2026-01-03,2026-01-02,1,,-1,0,0,1,0,5,1,0,0,25,0,22,1,336,423,0,0,1,0,0,25,0,0,-1,-1,-1,-1,0,0,0,0,0,0,-1,0,0,-1,-1,-1,-1,0,0,0,0,0,0,-1,0,13,0,13,0,0,13,13,0,13,1,1,0,0,0,-1,607271242,"6.18"
"C38583",1,2026-01-17,2026-01-16,1,,-1,6,0,1,0,5,1,0,0,25,0,22,1,101,313,0,0,1,0,0,25,0,21,0,1,101,-1,111,0,0,1,0,0,25,0,0,-1,-1,-1,-1,0,0,0,0,0,0,-1,0,91,0,91,75,0,166,166,134,300,5,1,0,0,0,-1,607271242,"6.18"
"C38586",1,2026-02-03,2026-02-02,1,,-1,4,0,0,0,5,1,0,0,25,0,21,1,101,-1,0,0,0,0,0,25,0,0,-1,-1,-1,-1,0,0,0,0,0,0,-1,0,0,-1,-1,-1,-1,0,0,0,0,0,0,-1,0,240,0,240,0,0,240,240,184,424,1,1,0,0,0,-1,607271242,"6.18"
"C38589",1,2025-12-27,2025-12-26,1,,-1,0,0,0,1,5,1,0,0,25,0,22,3,314,99,0,0,0,1,0,25,0,0,-1,-1,-1,-1,0,0,0,0,0,0,-1,0,0,-1,-1,-1,-1,0,0,0,0,0,0,-1,0,34,0,34,0,0,34,34,4,38,1,1,0,0,0,-1,607271242,"6.18"
"C38592",1,2025-12-23,2025-12-22,1,,-1,1,0,1,0,5,1,0,0,25,0,22,1,116,312,1,0,1,0,0,25,0,0,-1,-1,-1,-1,0,0,0,0,0,0,-1,0,0,-1,-1,-1,-1,0,0,0,0,0,0,-1,0,15,0,15,0,0,15,15,81,96,1,1,0,0,0,-1,607271242,"6.18"
"C38595",1,2026-01-05,2026-01-04,1,,-1,1,1,1,0,123,1,0,0,25,0,0,-1,-1,-1,0,0,0,0,0,-1,0,22,1,2,116,410,32,1,1,1,0,0,25,0,0,-1,-1,-1,-1,0,0,0,0,0,0,-1,0,0,0,0,32,160,192,32,611,643,4,0,1,0,0,-1,607271242,"6.18"
"C38598",1,2026-01-03,2026-01-02,1,,-1,0,0,1,0,5,1,0,0,25,0,22,3,206,313,0,0,1,0,0,25,0,0,-1,-1,-1,-1,0,0,0,0,0,0,-1,0,0,-1,-1,-1,-1,0,0,0,0,0,0,-1,0,53,0,53,0,0,53,53,17,70,1,1,0,0,0,-1,607271242,"6.18"
"C38607",2,2026-01-04,2026-01-03,1,,-1,0,0,1,0,5,1,2,0,25,1,22,1,434,302,0,0,1,0,0,25,1,0,-1,-1,-1,-1,0,0,0,0,0,0,-1,0,0,-1,-1,-1,-1,0,0,0,0,0,0,-1,0,49,0,49,0,0,49,49,0,49,1,1,0,0,0,-1,607271242,"6.18"
"C38610",1,2026-01-01,2025-12-31,1,,-1,0,0,0,1,124,1,0,0,25,0,22,1,116,99,0,0,0,1,0,25,0,0,-1,-1,-1,-1,0,0,0,0,0,0,-1,0,0,-1,-1,-1,-1,0,0,0,0,0,0,-1,0,18,0,18,0,0,18,18,21,39,1,1,0,0,0,-1,607271242,"6.18"
"C38613",2,2026-01-03,2026-01-02,1,,-1,9,0,0,0,3,1,1,0,25,1,22,1,99,312,0,0,0,0,0,25,1,0,-1,-1,-1,-1,0,0,0,0,0,0,-1,0,0,-1,-1,-1,-1,0,0,0,0,0,0,-1,0,16,0,16,0,0,16,16,0,16,1,1,0,0,0,-1,607271242,"6.18"
"C38628",1,2026-01-10,2026-01-09,1,,-1,9,0,1,2,125,1,0,0,55,0,0,-1,-1,-1,0,0,0,0,0,-1,0,21,0,3,101,-1,264,0,0,1,2,0,55,0,0,-1,-1,-1,-1,0,0,0,0,0,0,-1,0,0,0,0,264,0,264,264,4,268,4,0,0,0,0,-1,607271242,"6.18"
"C38631",1,2026-01-09,2026-01-08,1,,-1,0,0,0,0,3,1,0,0,25,0,22,1,336,99,0,0,0,0,0,25,0,0,-1,-1,-1,-1,0,0,0,0,0,0,-1,0,0,-1,-1,-1,-1,0,0,0,0,0,0,-1,0,8,0,8,0,0,8,8,128,136,1,1,0,0,0,-1,607271242,"6.18"
"C38634",1,2026-01-06,2026-01-05,1,,-1,1,0,1,2,5,1,0,0,18,0,22,1,116,116,1,0,1,2,0,18,0,0,-1,-1,-1,-1,0,0,0,0,0,0,-1,0,0,-1,-1,-1,-1,0,0,0,0,0,0,-1,0,81,0,81,0,0,81,81,5,86,1,1,0,0,0,-1,607271242,"6.18"
"C38643",1,2026-06-14,2026-06-13,1,,-1,0,0,1,0,5,1,0,0,18,0,22,1,335,99,0,0,1,0,0,18,0,0,-1,-1,-1,-1,0,0,0,0,0,0,-1,0,0,-1,-1,-1,-1,0,0,0,0,0,0,-1,0,17,0,17,0,0,17,17,2,19,1,1,0,0,0,-1,607271242,"6.18"
"C38646",1,2026-01-06,2026-01-05,1,,-1,1,0,1,2,126,1,0,0,25,0,22,1,116,423,1,0,1,2,0,25,0,0,-1,-1,-1,-1,0,0,0,0,0,0,-1,0,0,-1,-1,-1,-1,0,0,0,0,0,0,-1,0,16,0,16,0,0,16,16,0,16,1,1,0,0,0,-1,607271242,"6.18"
"C38649",1,2026-01-10,2026-01-09,1,,-1,0,0,1,0,3,1,0,0,25,0,22,1,99,99,0,0,1,0,0,25,0,0,-1,-1,-1,-1,0,0,0,0,0,0,-1,0,0,-1,-1,-1,-1,0,0,0,0,0,0,-1,0,26,0,26,0,0,26,26,106,132,1,1,0,0,0,-1,607271242,"6.18"
"C38652",1,2026-01-03,2026-01-02,1,,-1,0,0,0,0,56,1,0,0,25,0,22,3,336,422,0,0,0,0,0,25,0,0,-1,-1,-1,-1,0,0,0,0,0,0,-1,0,0,-1,-1,-1,-1,0,0,0,0,0,0,-1,0,16,0,16,0,0,16,16,0,16,1,1,0,0,0,-1,607271242,"6.18"
"C38655",1,2026-01-03,2026-01-02,1,,-1,0,0,0,0,56,1,0,0,25,0,22,3,410,98,0,0,0,0,0,25,0,0,-1,-1,-1,-1,0,0,0,0,0,0,-1,0,0,-1,-1,-1,-1,0,0,0,0,0,0,-1,0,18,0,18,0,0,18,18,0,18,1,1,0,0,0,-1,607271242,"6.18"
"C38658",1,2026-01-07,2026-01-06,1,,-1,1,0,1,0,3,1,0,0,55,0,22,1,99,99,1,0,1,0,0,55,0,0,-1,-1,-1,-1,0,0,0,0,0,0,-1,0,0,-1,-1,-1,-1,0,0,0,0,0,0,-1,0,1,0,1,0,0,1,1,429,430,1,1,0,0,0,-1,607271242,"6.18"
"C38661",1,2026-01-06,2026-01-05,1,,-1,0,0,0,0,56,1,0,0,55,0,22,1,116,99,0,0,0,0,0,55,0,0,-1,-1,-1,-1,0,0,0,0,0,0,-1,0,0,-1,-1,-1,-1,0,0,0,0,0,0,-1,0,16,0,16,0,0,16,16,0,16,1,1,0,0,0,-1,607271242,"6.18"
"C38664",1,2026-01-05,2026-01-04,1,,-1,1,0,1,1,3,2,0,0,25,0,22,1,116,410,1,0,1,1,0,25,0,0,-1,-1,-1,-1,0,0,0,0,0,0,-1,0,0,-1,-1,-1,-1,0,0,0,0,0,0,-1,0,16,0,16,0,0,16,16,155,171,1,1,0,0,0,-1,607271242,"6.18"
"C38670",1,2026-01-04,2026-01-03,1,,-1,1,0,1,0,3,1,0,0,25,0,22,1,116,101,1,0,1,0,0,25,0,0,-1,-1,-1,-1,0,0,0,0,0,0,-1,0,0,-1,-1,-1,-1,0,0,0,0,0,0,-1,0,15,0,15,0,0,15,15,548,563,1,1,0,0,0,-1,607271242,"6.18"
"C38673",1,2026-01-06,2026-01-05,1,,-1,0,0,1,0,5,1,0,0,25,0,22,1,335,410,0,0,1,0,0,25,0,0,-1,-1,-1,-1,0,0,0,0,0,0,-1,0,0,-1,-1,-1,-1,0,0,0,0,0,0,-1,0,54,0,54,0,0,54,54,0,54,1,1,0,0,0,-1,607271242,"6.18"
"C38676",1,2026-01-07,2026-01-06,1,,-1,0,0,1,0,134,1,0,0,25,0,22,1,101,206,0,0,1,0,0,25,0,0,-1,-1,-1,-1,0,0,0,0,0,0,-1,0,0,-1,-1,-1,-1,0,0,0,0,0,0,-1,0,57,0,57,0,0,57,57,38,95,1,1,0,0,0,-1,607271242,"6.18"
"C38679",1,2026-01-09,2026-01-08,1,,-1,0,0,0,0,5,1,0,0,25,0,22,1,116,423,0,0,0,0,0,25,0,0,-1,-1,-1,-1,0,0,0,0,0,0,-1,0,0,-1,-1,-1,-1,0,0,0,0,0,0,-1,0,24,0,24,0,0,24,24,3,27,1,1,0,0,0,-1,607271242,"6.18"
"C38700",1,2025-11-10,2025-11-09,1,,-1,0,0,0,0,5,1,0,0,24,0,22,1,101,99,0,0,0,0,0,24,0,0,-1,-1,-1,-1,0,0,0,0,0,0,-1,0,0,-1,-1,-1,-1,0,0,0,0,0,0,-1,0,13,0,13,0,0,13,13,2,15,1,1,0,0,0,-1,607271242,"6.18"
"C38703",1,2026-01-06,2026-01-05,1,,-1,0,0,1,0,5,1,0,0,25,0,22,1,101,116,0,0,1,0,0,25,0,0,-1,-1,-1,-1,0,0,0,0,0,0,-1,0,0,-1,-1,-1,-1,0,0,0,0,0,0,-1,0,48,0,48,0,0,48,48,6,54,1,1,0,0,0,-1,607271242,"6.18"
"C38706",1,2026-01-09,2026-01-08,1,,-1,1,0,1,0,1,1,0,0,25,0,22,1,116,423,1,0,1,0,0,25,0,0,-1,-1,-1,-1,0,0,0,0,0,0,-1,0,0,-1,-1,-1,-1,0,0,0,0,0,0,-1,0,37,0,37,0,0,37,37,366,403,1,1,0,0,0,-1,607271242,"6.18"
"C38709",1,2026-01-09,2026-01-08,1,,-1,0,0,1,0,5,1,0,0,25,0,22,1,101,423,0,0,1,0,0,25,0,0,-1,-1,-1,-1,0,0,0,0,0,0,-1,0,0,-1,-1,-1,-1,0,0,0,0,0,0,-1,0,19,0,19,0,0,19,19,0,19,1,1,0,0,0,-1,607271242,"6.18"
"C38712",1,2026-01-23,2026-01-22,1,,-1,1,0,1,2,136,1,0,0,25,0,0,-1,-1,-1,0,0,0,0,0,-1,0,21,1,1,101,-1,15,1,0,1,2,0,25,0,0,-1,-1,-1,-1,0,0,0,0,0,0,-1,0,0,0,0,15,236,251,15,1176,1191,4,0,1,0,0,-1,607271242,"6.18"
"C38715",1,2026-01-10,2026-01-09,1,,-1,0,0,1,2,5,1,0,0,25,0,22,1,101,422,0,0,1,2,0,25,0,0,-1,-1,-1,-1,0,0,0,0,0,0,-1,0,0,-1,-1,-1,-1,0,0,0,0,0,0,-1,0,35,0,35,0,0,35,35,5,40,1,1,0,0,0,-1,607271242,"6.18"
"C38718",1,2026-01-09,2026-01-08,1,,-1,0,0,1,0,5,1,0,0,25,0,22,1,204,225,0,0,1,0,0,25,0,0,-1,-1,-1,-1,0,0,0,0,0,0,-1,0,0,-1,-1,-1,-1,0,0,0,0,0,0,-1,0,13,0,13,0,0,13,13,0,13,1,1,0,0,0,-1,607271242,"6.18"
"C38721",1,2026-01-09,2026-01-08,1,,-1,0,0,1,2,3,1,0,0,25,0,22,1,101,98,0,0,1,2,0,25,0,0,-1,-1,-1,-1,0,0,0,0,0,0,-1,0,0,-1,-1,-1,-1,0,0,0,0,0,0,-1,0,16,0,16,0,0,16,16,0,16,1,1,0,0,0,-1,607271242,"6.18"
"C38733",2,2026-01-09,2026-01-08,1,,-1,0,0,0,0,5,1,1,0,25,1,22,1,101,99,0,0,0,0,0,25,1,0,-1,-1,-1,-1,0,0,0,0,0,0,-1,0,0,-1,-1,-1,-1,0,0,0,0,0,0,-1,0,36,0,36,0,0,36,36,3,39,1,1,0,0,0,-1,607271242,"6.18"
"C38739",1,2026-01-10,2026-01-09,1,,-1,1,0,1,0,5,1,0,0,55,0,22,3,116,101,1,0,1,0,0,55,0,0,-1,-1,-1,-1,0,0,0,0,0,0,-1,0,0,-1,-1,-1,-1,0,0,0,0,0,0,-1,0,28,0,28,0,0,28,28,3654,3682,1,1,0,0,0,-1,607271242,"6.18"
"C38742",1,2026-01-09,2026-01-08,1,,-1,0,0,1,0,5,1,0,0,25,0,22,3,336,312,0,0,1,0,0,25,0,0,-1,-1,-1,-1,0,0,0,0,0,0,-1,0,0,-1,-1,-1,-1,0,0,0,0,0,0,-1,0,23,0,23,0,0,23,23,0,23,1,1,0,0,0,-1,607271242,"6.18"
"C38745",2,2026-01-10,2026-01-09,1,,-1,0,0,0,0,5,1,1,0,25,1,22,1,116,99,0,0,0,0,0,25,1,0,-1,-1,-1,-1,0,0,0,0,0,0,-1,0,0,-1,-1,-1,-1,0,0,0,0,0,0,-1,0,15,0,15,0,0,15,15,6,21,1,1,0,0,0,-1,607271242,"6.18"
"C38751",1,2026-01-13,2026-01-12,1,,-1,0,0,0,0,5,1,0,0,25,0,22,1,99,99,0,0,0,0,0,25,0,0,-1,-1,-1,-1,0,0,0,0,0,0,-1,0,0,-1,-1,-1,-1,0,0,0,0,0,0,-1,0,7,0,7,0,0,7,7,8,15,1,1,0,0,0,-1,607271242,"6.18"
"C38754",2,2026-01-10,2026-01-09,1,,-1,0,0,0,0,98,1,1,0,25,1,22,1,335,314,0,0,0,0,0,25,1,0,-1,-1,-1,-1,0,0,0,0,0,0,-1,0,0,-1,-1,-1,-1,0,0,0,0,0,0,-1,0,33,0,33,0,0,33,33,68,101,1,1,0,0,0,-1,607271242,"6.18"
"C38760",1,2026-01-10,2026-01-09,1,,-1,6,0,1,2,15,1,0,0,25,0,22,1,205,99,0,0,1,2,0,25,0,21,0,1,101,-1,219,0,0,1,2,0,25,0,0,-1,-1,-1,-1,0,0,0,0,0,0,-1,0,39,0,39,191,0,230,230,95,325,5,1,0,0,0,-1,607271242,"6.18"
"C38763",1,2026-01-05,2026-01-04,1,,-1,9,0,1,0,5,1,0,0,25,0,22,1,116,116,0,0,1,0,0,25,0,0,-1,-1,-1,-1,0,0,0,0,0,0,-1,0,0,-1,-1,-1,-1,0,0,0,0,0,0,-1,0,34,0,34,0,0,34,34,94,128,1,1,0,0,0,-1,607271242,"6.18"
"C38766",1,2026-01-09,2026-01-08,1,,-1,0,0,1,0,146,1,0,0,25,0,22,1,116,423,0,0,1,0,0,25,0,0,-1,-1,-1,-1,0,0,0,0,0,0,-1,0,0,-1,-1,-1,-1,0,0,0,0,0,0,-1,0,24,0,24,0,0,24,24,16,40,1,1,0,0,0,-1,607271242,"6.18"
"C38769",1,2026-01-11,2026-01-10,1,,-1,0,0,0,0,3,1,0,0,25,0,22,1,101,423,0,0,0,0,0,25,0,0,-1,-1,-1,-1,0,0,0,0,0,0,-1,0,0,-1,-1,-1,-1,0,0,0,0,0,0,-1,0,17,0,17,0,0,17,17,30,47,1,1,0,0,0,-1,607271242,"6.18"
"C38772",1,2026-01-10,2026-01-09,1,,-1,1,0,1,0,3,1,0,0,25,0,22,1,116,99,1,0,1,0,0,25,0,0,-1,-1,-1,-1,0,0,0,0,0,0,-1,0,0,-1,-1,-1,-1,0,0,0,0,0,0,-1,0,28,0,28,0,0,28,28,2,30,1,1,0,0,0,-1,607271242,"6.18"
"C38775",1,2026-01-04,2026-01-03,1,,-1,0,0,1,0,5,1,0,0,25,0,21,3,335,-1,0,0,1,0,0,25,0,0,-1,-1,-1,-1,0,0,0,0,0,0,-1,0,0,-1,-1,-1,-1,0,0,0,0,0,0,-1,0,112,0,112,0,0,112,112,0,112,1,1,0,0,0,-1,607271242,"6.18"
"C38778",1,2026-02-28,2026-02-27,1,,-1,0,0,1,0,5,1,0,0,55,0,0,-1,-1,-1,0,0,0,0,0,-1,0,21,1,1,101,-1,3,0,0,1,0,0,55,0,0,-1,-1,-1,-1,0,0,0,0,0,0,-1,0,0,0,0,3,212,215,3,49,52,4,0,1,0,0,-1,607271242,"6.18"
"C38781",1,2026-01-11,2026-01-10,1,,-1,0,0,1,1,147,1,0,0,25,0,22,1,206,313,0,0,1,1,0,25,0,0,-1,-1,-1,-1,0,0,0,0,0,0,-1,0,0,-1,-1,-1,-1,0,0,0,0,0,0,-1,0,42,0,42,0,0,42,42,0,42,1,1,0,0,0,-1,607271242,"6.18"
"C38784",1,2026-01-06,2026-01-05,1,,-1,4,0,0,0,5,1,0,0,25,0,22,3,207,207,0,0,0,0,0,25,0,0,-1,-1,-1,-1,0,0,0,0,0,0,-1,0,0,-1,-1,-1,-1,0,0,0,0,0,0,-1,0,59,0,59,0,0,59,59,150,209,1,1,0,0,0,-1,607271242,"6.18"
"C38787",1,2026-01-11,2026-01-10,1,,-1,0,1,1,2,3,1,0,0,25,0,22,1,336,313,0,1,1,2,0,25,0,0,-1,-1,-1,-1,0,0,0,0,0,0,-1,0,0,-1,-1,-1,-1,0,0,0,0,0,0,-1,0,49,0,49,0,0,49,49,2,51,1,1,0,0,0,-1,607271242,"6.18"
"C38793",1,2026-01-12,2026-01-11,1,,-1,1,0,1,0,23,1,0,0,25,0,22,1,116,423,1,0,1,0,0,25,0,0,-1,-1,-1,-1,0,0,0,0,0,0,-1,0,21,1,2,116,-1,158,1,0,1,0,0,25,0,16,0,16,1,0,17,17,453,470,9,1,0,1,0,-1,607271242,"6.18"
"C38796",1,2026-01-12,2026-01-11,1,,-1,0,0,1,1,23,1,0,0,25,0,22,1,101,99,0,0,1,1,0,25,0,0,-1,-1,-1,-1,0,0,0,0,0,0,-1,0,0,-1,-1,-1,-1,0,0,0,0,0,0,-1,0,12,0,12,0,0,12,12,4,16,1,1,0,0,0,-1,607271242,"6.18"
"C38799",1,2026-01-13,2026-01-12,1,,-1,0,0,0,0,156,1,0,0,25,0,22,1,116,99,0,0,0,0,0,25,0,0,-1,-1,-1,-1,0,0,0,0,0,0,-1,0,0,-1,-1,-1,-1,0,0,0,0,0,0,-1,0,18,0,18,0,0,18,18,2,20,1,1,0,0,0,-1,607271242,"6.18"
"C38802",1,2026-01-12,2026-01-11,1,,-1,0,0,0,0,5,1,0,0,25,0,22,3,116,313,0,0,0,0,0,25,0,0,-1,-1,-1,-1,0,0,0,0,0,0,-1,0,0,-1,-1,-1,-1,0,0,0,0,0,0,-1,0,18,0,18,0,0,18,18,30,48,1,1,0,0,0,-1,607271242,"6.18"
"C38805",1,2026-01-16,2026-01-15,1,,-1,4,0,0,1,5,1,0,0,25,0,0,-1,-1,-1,0,0,0,0,0,-1,0,21,1,3,116,-1,129,0,0,0,1,0,25,0,0,-1,-1,-1,-1,0,0,0,0,0,0,-1,0,0,0,0,129,129,258,129,76,205,4,0,1,0,0,-1,607271242,"6.18"
"C38808",2,2026-01-12,2026-01-11,1,,-1,0,0,0,0,3,1,1,0,25,1,22,1,335,434,0,0,0,0,0,25,1,0,-1,-1,-1,-1,0,0,0,0,0,0,-1,0,0,-1,-1,-1,-1,0,0,0,0,0,0,-1,0,35,0,35,0,0,35,35,0,35,1,1,0,0,0,-1,607271242,"6.18"
"C38814",3,2026-02-02,2026-02-01,1,,-1,0,0,0,1,5,0,1,0,-1,0,0,-1,-1,-1,0,0,0,0,0,-1,0,21,1,3,116,-1,9,0,0,0,1,0,-1,0,0,-1,-1,-1,-1,0,0,0,0,0,0,-1,0,0,0,0,9,232,241,9,41,50,4,0,1,0,0,-1,607271242,"6.18"
"C38817",1,2026-01-12,2026-01-11,1,,-1,0,0,1,0,157,1,0,0,25,0,22,3,335,207,0,0,1,0,0,25,0,0,-1,-1,-1,-1,0,0,0,0,0,0,-1,0,0,-1,-1,-1,-1,0,0,0,0,0,0,-1,0,63,0,63,0,0,63,63,33,96,1,1,0,0,0,-1,607271242,"6.18"
"C38820",1,2026-01-13,2026-01-12,1,,-1,0,0,0,0,5,1,0,0,55,0,22,1,101,423,0,0,0,0,0,55,0,0,-1,-1,-1,-1,0,0,0,0,0,0,-1,0,0,-1,-1,-1,-1,0,0,0,0,0,0,-1,0,129,0,129,0,0,129,129,32,161,1,1,0,0,0,-1,607271242,"6.18"
"C38823",1,2026-01-26,2026-01-25,1,,-1,0,0,0,0,5,1,0,0,25,0,22,3,101,410,0,0,0,0,0,25,0,0,-1,-1,-1,-1,0,0,0,0,0,0,-1,0,0,-1,-1,-1,-1,0,0,0,0,0,0,-1,0,62,0,62,0,0,62,62,115,177,1,1,0,0,0,-1,607271242,"6.18"
"C38826",1,2026-01-16,2026-01-15,1,,-1,0,0,0,0,5,1,0,0,25,0,22,1,101,423,0,0,0,0,0,25,0,0,-1,-1,-1,-1,0,0,0,0,0,0,-1,0,0,-1,-1,-1,-1,0,0,0,0,0,0,-1,0,26,0,26,0,0,26,26,3,29,1,1,0,0,0,-1,607271242,"6.18"
"C38829",1,2026-01-16,2026-01-15,1,,-1,0,0,0,0,5,1,0,0,25,0,22,1,101,422,0,0,0,0,0,25,0,0,-1,-1,-1,-1,0,0,0,0,0,0,-1,0,0,-1,-1,-1,-1,0,0,0,0,0,0,-1,0,15,0,15,0,0,15,15,2,17,1,1,0,0,0,-1,607271242,"6.18"
"C38832",1,2026-01-13,2026-01-12,1,,-1,0,0,1,2,5,1,0,0,25,0,22,3,116,116,0,0,1,2,0,25,0,0,-1,-1,-1,-1,0,0,0,0,0,0,-1,0,0,-1,-1,-1,-1,0,0,0,0,0,0,-1,0,17,0,17,0,0,17,17,7,24,1,1,0,0,0,-1,607271242,"6.18"
"C38835",1,2026-01-15,2026-01-14,1,,-1,0,0,1,2,167,1,0,0,25,0,22,1,314,98,0,0,1,2,0,25,0,0,-1,-1,-1,-1,0,0,0,0,0,0,-1,0,0,-1,-1,-1,-1,0,0,0,0,0,0,-1,0,18,0,18,0,0,18,18,0,18,1,1,0,0,0,-1,607271242,"6.18"
"C38838",1,2026-01-16,2026-01-15,1,,-1,0,0,1,0,3,1,0,0,25,0,22,1,101,423,0,0,1,0,0,25,0,0,-1,-1,-1,-1,0,0,0,0,0,0,-1,0,0,-1,-1,-1,-1,0,0,0,0,0,0,-1,0,26,0,26,0,0,26,26,3,29,1,1,0,0,0,-1,607271242,"6.18"
"C38841",1,2026-02-09,2026-02-08,1,,-1,1,0,1,2,5,1,0,0,18,0,0,-1,-1,-1,0,0,0,0,0,-1,0,22,1,3,101,410,5,1,0,1,2,0,18,0,0,-1,-1,-1,-1,0,0,0,0,0,0,-1,0,0,0,0,5,13,18,5,460,465,4,0,1,0,0,-1,607271242,"6.18"
"C38844",1,2026-01-16,2026-01-15,1,,-1,0,0,1,0,5,1,0,0,55,0,22,1,101,423,0,0,1,0,0,55,0,0,-1,-1,-1,-1,0,0,0,0,0,0,-1,0,0,-1,-1,-1,-1,0,0,0,0,0,0,-1,0,40,0,40,0,0,40,40,0,40,1,1,0,0,0,-1,607271242,"6.18"
"C38847",1,2026-02-03,2026-02-02,1,,-1,0,0,0,0,5,1,0,0,25,0,22,3,336,431,0,0,0,0,0,25,0,0,-1,-1,-1,-1,0,0,0,0,0,0,-1,0,0,-1,-1,-1,-1,0,0,0,0,0,0,-1,0,29,0,29,0,0,29,29,0,29,1,1,0,0,22,1,607271242,"6.18"
"C38850",1,2026-01-17,2026-01-16,1,,-1,6,0,1,0,5,1,0,0,25,0,0,-1,-1,-1,0,0,0,0,0,-1,0,21,0,3,116,-1,257,0,0,1,0,0,25,0,0,-1,-1,-1,-1,0,0,0,0,0,0,-1,0,0,0,0,257,0,257,257,84,341,4,0,0,0,0,-1,607271242,"6.18"
"C38853",1,2026-01-14,2026-01-13,1,,-1,0,0,0,0,234,1,0,0,25,0,22,3,410,410,0,0,0,0,0,25,0,0,-1,-1,-1,-1,0,0,0,0,0,0,-1,0,0,-1,-1,-1,-1,0,0,0,0,0,0,-1,0,77,0,77,0,0,77,77,0,77,1,1,0,0,0,-1,607271242,"6.18"
"C38856",1,2026-04-07,2026-04-06,1,,-1,1,0,1,1,3,1,0,0,55,0,22,1,99,101,1,0,1,1,0,55,0,21,0,1,116,-1,79,1,0,1,1,0,55,0,0,-1,-1,-1,-1,0,0,0,0,0,0,-1,0,45,0,45,79,0,124,124,168,292,5,1,0,0,0,-1,607271242,"6.18"
"C38859",1,2026-01-14,2026-01-13,1,,-1,0,0,1,0,3,1,0,0,25,0,22,1,336,99,0,0,1,0,0,25,0,0,-1,-1,-1,-1,0,0,0,0,0,0,-1,0,0,-1,-1,-1,-1,0,0,0,0,0,0,-1,0,13,0,13,0,0,13,13,5,18,1,1,0,0,0,-1,607271242,"6.18"
"C38862",1,2026-01-12,2026-01-11,1,,-1,0,0,1,0,3,1,0,0,55,0,22,1,204,410,0,0,1,0,0,55,0,0,-1,-1,-1,-1,0,0,0,0,0,0,-1,0,0,-1,-1,-1,-1,0,0,0,0,0,0,-1,0,34,0,34,0,0,34,34,6,40,1,1,0,0,0,-1,607271242,"6.18"
"C38865",1,2026-01-24,2026-01-23,1,,-1,0,0,1,0,36,1,0,0,25,0,0,-1,-1,-1,0,0,0,0,0,-1,0,21,1,1,101,-1,91,0,0,1,0,0,25,0,0,-1,-1,-1,-1,0,0,0,0,0,0,-1,0,0,0,0,91,159,250,91,22,113,4,0,1,0,0,-1,607271242,"6.18"
"C38868",1,2026-01-14,2026-01-13,1,,-1,1,0,1,0,5,1,0,0,25,0,22,1,314,312,1,0,1,0,0,25,0,0,-1,-1,-1,-1,0,0,0,0,0,0,-1,0,0,-1,-1,-1,-1,0,0,0,0,0,0,-1,0,46,0,46,0,0,46,46,2,48,1,1,0,0,0,-1,607271242,"6.18"
"C38871",1,2026-05-12,2026-05-11,1,,-1,4,0,0,0,235,1,0,0,25,0,22,1,336,99,0,0,0,0,0,25,0,0,-1,-1,-1,-1,0,0,0,0,0,0,-1,0,0,-1,-1,-1,-1,0,0,0,0,0,0,-1,0,53,0,53,0,0,53,53,2,55,1,1,0,0,0,-1,607271242,"6.18"
"C38874",1,2026-01-17,2026-01-16,1,,-1,0,0,1,0,5,1,0,0,55,0,22,1,314,423,0,0,1,0,0,55,0,0,-1,-1,-1,-1,0,0,0,0,0,0,-1,0,0,-1,-1,-1,-1,0,0,0,0,0,0,-1,0,41,0,41,0,0,41,41,0,41,1,1,0,0,0,-1,607271242,"6.18"
"C38877",1,2026-01-12,2026-01-11,1,,-1,0,0,0,0,5,1,0,0,25,0,22,1,314,410,0,0,0,0,0,25,0,0,-1,-1,-1,-1,0,0,0,0,0,0,-1,0,0,-1,-1,-1,-1,0,0,0,0,0,0,-1,0,48,0,48,0,0,48,48,8,56,1,1,0,0,0,-1,607271242,"6.18"
"C38880",1,2026-01-17,2026-01-16,1,,-1,0,0,0,0,5,1,0,0,25,0,22,1,335,423,0,0,0,0,0,25,0,0,-1,-1,-1,-1,0,0,0,0,0,0,-1,0,0,-1,-1,-1,-1,0,0,0,0,0,0,-1,0,13,0,13,0,0,13,13,18,31,1,1,0,0,0,-1,607271242,"6.18"
"C38883",3,2026-01-18,2026-01-17,1,,-1,0,0,0,0,5,0,1,0,-1,0,22,1,101,422,0,0,0,0,0,-1,0,0,-1,-1,-1,-1,0,0,0,0,0,0,-1,0,0,-1,-1,-1,-1,0,0,0,0,0,0,-1,0,74,0,74,0,0,74,74,0,74,1,1,0,0,0,-1,607271242,"6.18"
"C38886",1,2026-01-30,2026-01-29,1,,-1,1,0,1,2,236,2,0,0,25,0,0,-1,-1,-1,0,0,0,0,0,-1,0,22,1,3,314,433,53,1,0,1,2,0,25,0,0,-1,-1,-1,-1,0,0,0,0,0,0,-1,0,0,0,0,53,47,100,53,119,172,4,0,1,0,0,-1,607271242,"6.18"
"C38892",1,2026-01-18,2026-01-17,1,,-1,0,0,0,0,56,1,0,0,24,0,22,1,101,423,0,0,0,0,0,24,0,0,-1,-1,-1,-1,0,0,0,0,0,0,-1,0,0,-1,-1,-1,-1,0,0,0,0,0,0,-1,0,24,0,24,0,0,24,24,0,24,1,1,0,0,0,-1,607271242,"6.18"
"C38898",1,2026-01-16,2026-01-15,1,,-1,1,0,1,2,1,1,0,0,18,0,22,3,206,422,1,0,1,2,0,18,0,0,-1,-1,-1,-1,0,0,0,0,0,0,-1,0,0,-1,-1,-1,-1,0,0,0,0,0,0,-1,0,13,0,13,0,0,13,13,0,13,1,1,0,0,0,-1,607271242,"6.18"
"C38904",1,2026-01-16,2026-01-15,1,,-1,0,0,1,2,5,1,0,0,25,0,22,1,101,410,0,0,1,2,0,25,0,0,-1,-1,-1,-1,0,0,0,0,0,0,-1,0,0,-1,-1,-1,-1,0,0,0,0,0,0,-1,0,27,0,27,0,0,27,27,0,27,1,1,0,0,0,-1,607271242,"6.18"
"C38907",1,2026-01-17,2026-01-16,1,,-1,0,0,0,0,2,1,0,0,18,0,22,1,204,101,0,0,0,0,0,18,0,0,-1,-1,-1,-1,0,0,0,0,0,0,-1,0,0,-1,-1,-1,-1,0,0,0,0,0,0,-1,0,32,0,32,0,0,32,32,2,34,1,1,0,0,0,-1,607271242,"6.18"
"C38910",3,2026-01-25,2026-01-24,1,,-1,0,0,1,0,5,0,1,0,-1,0,0,-1,-1,-1,0,0,0,0,0,-1,0,22,1,3,410,420,9,0,0,1,0,0,-1,0,0,-1,-1,-1,-1,0,0,0,0,0,0,-1,0,0,0,0,9,133,142,9,0,9,4,0,1,0,0,-1,607271242,"6.18"
"C38913",1,2026-01-17,2026-01-16,1,,-1,0,0,1,2,3,1,0,0,25,0,22,1,335,313,0,0,1,2,0,25,0,0,-1,-1,-1,-1,0,0,0,0,0,0,-1,0,0,-1,-1,-1,-1,0,0,0,0,0,0,-1,0,42,0,42,0,0,42,42,0,42,1,1,0,0,0,-1,607271242,"6.18"
"C38916",1,2026-01-17,2026-01-16,1,,-1,0,0,1,0,56,2,0,0,25,0,22,1,116,313,0,0,1,0,0,25,0,0,-1,-1,-1,-1,0,0,0,0,0,0,-1,0,0,-1,-1,-1,-1,0,0,0,0,0,0,-1,0,40,0,40,0,0,40,40,61,101,1,1,0,0,0,-1,607271242,"6.18"
"C38922",1,2025-10-06,2025-10-05,1,,-1,9,1,1,0,5,1,0,0,55,0,0,-1,-1,-1,0,0,0,0,0,-1,0,0,-1,-1,-1,-1,0,0,0,0,0,0,-1,0,22,1,1,99,98,239,0,1,1,0,0,55,0,0,0,0,29,0,29,29,0,29,8,0,0,1,0,-1,607271242,"6.18"
"C38925",1,2026-01-07,2026-01-06,1,,-1,0,0,1,2,3,2,0,0,25,0,21,3,335,-1,0,0,1,2,0,25,0,0,-1,-1,-1,-1,0,0,0,0,0,0,-1,0,0,-1,-1,-1,-1,0,0,0,0,0,0,-1,0,267,0,267,0,0,267,267,0,267,1,1,0,0,0,-1,607271242,"6.18"
"C38931",2,2026-01-18,2026-01-17,1,,-1,0,0,0,0,3,1,3,0,25,1,22,1,101,420,0,0,0,0,1,25,1,0,-1,-1,-1,-1,0,0,0,0,0,0,-1,0,0,-1,-1,-1,-1,0,0,0,0,0,0,-1,0,49,0,49,0,0,49,49,76,125,1,1,0,0,0,-1,607271242,"6.18"
"C38949",1,2026-01-18,2026-01-17,1,,-1,0,0,0,0,3,1,0,0,25,0,22,1,116,99,0,0,0,0,0,25,0,0,-1,-1,-1,-1,0,0,0,0,0,0,-1,0,0,-1,-1,-1,-1,0,0,0,0,0,0,-1,0,3,0,3,0,0,3,3,18,21,1,1,0,0,0,-1,607271242,"6.18"
"C38952",1,2026-01-17,2026-01-16,1,,-1,1,0,1,0,5,1,0,0,24,0,22,1,116,206,1,0,1,0,0,24,0,0,-1,-1,-1,-1,0,0,0,0,0,0,-1,0,0,-1,-1,-1,-1,0,0,0,0,0,0,-1,0,21,0,21,0,0,21,21,6,27,1,1,0,0,0,-1,607271242,"6.18"
"C38955",1,2026-01-18,2026-01-17,1,,-1,9,0,1,0,247,1,0,0,25,0,22,1,206,422,0,0,1,0,0,25,0,0,-1,-1,-1,-1,0,0,0,0,0,0,-1,0,0,-1,-1,-1,-1,0,0,0,0,0,0,-1,0,13,0,13,0,0,13,13,0,13,1,1,0,0,0,-1,607271242,"6.18"
"C38958",3,2026-01-12,2026-01-11,1,,-1,0,0,1,0,5,0,1,0,-1,0,22,1,335,422,0,0,1,0,0,-1,0,0,-1,-1,-1,-1,0,0,0,0,0,0,-1,0,0,-1,-1,-1,-1,0,0,0,0,0,0,-1,0,0,15,15,0,0,15,15,0,15,2,1,0,0,0,-1,607271242,"6.18"
"C38961",1,2026-03-07,2026-03-06,1,,-1,0,0,0,1,5,1,0,0,25,0,0,-1,-1,-1,0,0,0,0,0,-1,0,21,1,1,116,-1,13,0,0,0,1,0,25,0,0,-1,-1,-1,-1,0,0,0,0,0,0,-1,0,0,0,0,13,195,208,13,50,63,4,0,1,0,0,-1,607271242,"6.18"
"C38964",1,2026-01-24,2026-01-23,1,,-1,0,0,1,0,5,1,0,0,25,0,22,1,99,99,0,0,1,0,0,25,0,0,-1,-1,-1,-1,0,0,0,0,0,0,-1,0,0,-1,-1,-1,-1,0,0,0,0,0,0,-1,0,3,0,3,0,0,3,3,630,633,1,1,0,0,0,-1,607271242,"6.18"
"C38967",2,2026-01-18,2026-01-17,1,,-1,0,0,0,0,34,1,1,0,25,1,22,3,101,434,0,0,0,0,0,25,1,0,-1,-1,-1,-1,0,0,0,0,0,0,-1,0,0,-1,-1,-1,-1,0,0,0,0,0,0,-1,0,44,0,44,0,0,44,44,7,51,1,1,0,0,0,-1,607271242,"6.18"
"C38970",2,2026-03-28,2026-03-27,1,,-1,6,0,1,2,5,1,3,0,25,1,0,-1,-1,-1,0,0,0,0,0,-1,0,21,0,3,101,-1,187,0,0,1,2,1,25,1,0,-1,-1,-1,-1,0,0,0,0,0,0,-1,0,0,0,0,187,0,187,187,98,285,4,0,0,0,0,-1,607271242,"6.18"
"C38991",1,2026-01-23,2026-01-22,1,,-1,0,1,1,2,257,2,0,0,25,0,0,-1,-1,-1,0,0,0,0,0,-1,0,22,1,2,101,410,11,0,1,1,2,0,25,0,0,-1,-1,-1,-1,0,0,0,0,0,0,-1,0,0,0,0,11,181,192,11,13,24,4,0,1,0,0,-1,607271242,"6.18"
"C38994",1,2026-01-20,2026-01-19,1,,-1,0,0,0,0,3,1,0,0,25,0,22,1,207,422,0,0,0,0,0,25,0,0,-1,-1,-1,-1,0,0,0,0,0,0,-1,0,0,-1,-1,-1,-1,0,0,0,0,0,0,-1,0,16,0,16,0,0,16,16,0,16,1,1,0,0,0,-1,607271242,"6.18"
"C39000",1,2026-02-17,2026-02-16,1,,-1,4,1,0,0,5,1,0,0,25,0,22,1,116,422,0,1,0,0,0,25,0,0,-1,-1,-1,-1,0,0,0,0,0,0,-1,0,0,-1,-1,-1,-1,0,0,0,0,0,0,-1,0,87,0,87,0,0,87,87,58,145,1,1,0,0,0,-1,607271242,"6.18"
"C39003",2,2026-02-07,2026-02-06,1,,-1,0,0,0,1,56,1,3,0,25,1,0,-1,-1,-1,0,0,0,0,0,-1,0,22,1,3,336,99,76,0,0,0,1,1,25,1,0,-1,-1,-1,-1,0,0,0,0,0,0,-1,0,0,0,0,76,12,88,76,0,76,4,0,1,0,0,-1,607271242,"6.18"
"C39015",1,2026-01-20,2026-01-19,1,,-1,0,0,1,0,35,1,0,0,25,0,22,1,336,423,0,0,1,0,0,25,0,0,-1,-1,-1,-1,0,0,0,0,0,0,-1,0,0,-1,-1,-1,-1,0,0,0,0,0,0,-1,0,15,0,15,0,0,15,15,0,15,1,1,0,0,0,-1,607271242,"6.18"
"C39018",1,2026-01-23,2026-01-22,1,,-1,0,0,1,2,5,1,0,0,24,0,22,1,410,312,0,0,1,2,0,24,0,0,-1,-1,-1,-1,0,0,0,0,0,0,-1,0,0,-1,-1,-1,-1,0,0,0,0,0,0,-1,0,0,56,56,0,0,56,56,0,56,2,1,0,0,0,-1,607271242,"6.18"
"C39021",1,2026-01-19,2026-01-18,1,,-1,0,0,1,2,5,2,0,0,25,0,22,1,335,99,0,0,1,2,0,25,0,0,-1,-1,-1,-1,0,0,0,0,0,0,-1,0,0,-1,-1,-1,-1,0,0,0,0,0,0,-1,0,18,0,18,0,0,18,18,0,18,1,1,0,0,0,-1,607271242,"6.18"
"C39027",1,2026-01-23,2026-01-22,1,,-1,0,0,0,0,3,1,0,0,55,0,22,1,99,99,0,0,0,0,0,55,0,21,1,1,336,-1,9,0,0,0,0,0,55,0,0,-1,-1,-1,-1,0,0,0,0,0,0,-1,0,5,0,5,9,206,220,14,112,126,5,1,1,0,0,-1,607271242,"6.18"
"C39030",1,2026-01-23,2026-01-22,1,,-1,4,0,0,2,5,1,0,0,25,0,22,1,116,423,0,0,0,2,0,25,0,0,-1,-1,-1,-1,0,0,0,0,0,0,-1,0,0,-1,-1,-1,-1,0,0,0,0,0,0,-1,0,13,0,13,0,0,13,13,5,18,1,1,0,0,0,-1,607271242,"6.18"
"C39033",1,2026-01-23,2026-01-22,1,,-1,0,0,1,0,5,1,0,0,25,0,22,1,101,118,0,0,1,0,0,25,0,0,-1,-1,-1,-1,0,0,0,0,0,0,-1,0,0,-1,-1,-1,-1,0,0,0,0,0,0,-1,0,15,0,15,0,0,15,15,3,18,1,1,0,0,0,-1,607271242,"6.18"
"C39036",1,2026-01-23,2026-01-22,1,,-1,0,1,1,0,5,1,0,0,25,0,22,1,101,423,0,1,1,0,0,25,0,0,-1,-1,-1,-1,0,0,0,0,0,0,-1,0,0,-1,-1,-1,-1,0,0,0,0,0,0,-1,0,19,0,19,0,0,19,19,0,19,1,1,0,0,0,-1,607271242,"6.18"
"C39039",1,2026-01-23,2026-01-22,1,,-1,0,0,1,0,5,1,0,0,55,0,22,1,206,99,0,0,1,0,0,55,0,0,-1,-1,-1,-1,0,0,0,0,0,0,-1,0,0,-1,-1,-1,-1,0,0,0,0,0,0,-1,0,11,0,11,0,0,11,11,9,20,1,1,0,0,0,-1,607271242,"6.18"
"C39042",1,2026-01-23,2026-01-22,1,,-1,0,0,1,0,346,1,0,0,55,0,22,1,314,434,0,0,1,0,0,55,0,0,-1,-1,-1,-1,0,0,0,0,0,0,-1,0,0,-1,-1,-1,-1,0,0,0,0,0,0,-1,0,51,0,51,0,0,51,51,0,51,1,1,0,0,0,-1,607271242,"6.18"
"C39045",1,2026-01-23,2026-01-22,1,,-1,0,0,1,0,5,1,0,0,25,0,22,1,101,101,0,0,1,0,0,25,0,0,-1,-1,-1,-1,0,0,0,0,0,0,-1,0,0,-1,-1,-1,-1,0,0,0,0,0,0,-1,0,23,0,23,0,0,23,23,3,26,1,1,0,0,0,-1,607271242,"6.18"
"C39048",1,2026-01-19,2026-01-18,1,,-1,0,0,0,0,3,1,0,0,25,0,22,3,336,312,0,0,0,0,0,25,0,0,-1,-1,-1,-1,0,0,0,0,0,0,-1,0,0,-1,-1,-1,-1,0,0,0,0,0,0,-1,0,30,0,30,0,0,30,30,62,92,1,1,0,0,0,-1,607271242,"6.18"
"C39051",1,2026-01-16,2026-01-15,1,,-1,0,0,0,2,3,1,0,0,24,0,0,-1,-1,-1,0,0,0,0,0,-1,0,22,0,1,101,101,104,0,0,0,2,0,24,0,0,-1,-1,-1,-1,0,0,0,0,0,0,-1,0,0,0,0,103,0,103,103,196,299,4,0,0,0,0,-1,607271242,"6.18"
"C39054",1,2026-01-23,2026-01-22,1,,-1,0,0,1,0,5,1,0,0,55,0,21,1,101,-1,0,0,1,0,0,55,0,0,-1,-1,-1,-1,0,0,0,0,0,0,-1,0,0,-1,-1,-1,-1,0,0,0,0,0,0,-1,0,99,0,99,0,0,99,99,159,258,1,1,0,0,0,-1,607271242,"6.18"
"C39057",3,2025-12-28,2025-12-27,1,,-1,9,0,1,0,347,0,1,0,-1,0,22,1,204,98,0,0,1,0,0,-1,0,0,-1,-1,-1,-1,0,0,0,0,0,0,-1,0,0,-1,-1,-1,-1,0,0,0,0,0,0,-1,0,0,10,10,0,0,10,10,0,10,2,1,0,0,0,-1,607271242,"6.18"
"C39060",3,2025-12-28,2025-12-27,1,,-1,0,0,1,0,3,0,1,0,-1,0,22,1,101,98,0,0,1,0,0,-1,0,0,-1,-1,-1,-1,0,0,0,0,0,0,-1,0,0,-1,-1,-1,-1,0,0,0,0,0,0,-1,0,0,12,12,0,0,12,12,0,12,2,1,0,0,0,-1,607271242,"6.18"
"C39063",1,2026-01-19,2026-01-18,1,,-1,1,0,1,1,5,2,0,0,25,0,0,-1,-1,-1,0,0,0,0,0,-1,0,21,1,1,206,-1,11,1,0,1,1,0,25,0,0,-1,-1,-1,-1,0,0,0,0,0,0,-1,0,0,0,0,11,244,255,11,17,28,4,0,1,0,0,-1,607271242,"6.18"
"C39066",1,2026-01-23,2026-01-22,1,,-1,0,1,0,0,3,1,0,0,55,0,22,1,116,423,0,1,0,0,0,55,0,0,-1,-1,-1,-1,0,0,0,0,0,0,-1,0,0,-1,-1,-1,-1,0,0,0,0,0,0,-1,0,33,0,33,0,0,33,33,0,33,1,1,0,0,0,-1,607271242,"6.18"
"C39069",1,2026-02-03,2026-02-02,1,,-1,0,0,1,2,15,1,0,0,55,0,0,-1,-1,-1,0,0,0,0,0,-1,0,21,1,3,116,-1,6,0,0,1,2,0,55,0,0,-1,-1,-1,-1,0,0,0,0,0,0,-1,0,0,0,0,6,234,240,6,112,118,4,0,1,0,0,-1,607271242,"6.18"
"C39072",1,2026-01-21,2026-01-20,1,,-1,0,1,0,0,356,1,0,0,55,0,22,1,410,423,0,1,0,0,0,55,0,0,-1,-1,-1,-1,0,0,0,0,0,0,-1,0,0,-1,-1,-1,-1,0,0,0,0,0,0,-1,0,13,0,13,0,0,13,13,0,13,1,1,0,0,0,-1,607271242,"6.18"
"C39075",1,2026-03-05,2026-03-04,1,,-1,0,0,1,0,5,1,0,0,25,0,0,-1,-1,-1,0,0,0,0,0,-1,0,21,1,3,336,-1,18,0,0,1,0,0,25,0,0,-1,-1,-1,-1,0,0,0,0,0,0,-1,0,0,0,0,18,192,210,18,0,18,4,0,1,0,0,-1,607271242,"6.18"
"C39078",2,2026-01-23,2026-01-22,1,,-1,0,0,0,1,3,1,3,0,25,1,22,1,336,101,0,0,0,1,1,25,1,0,-1,-1,-1,-1,0,0,0,0,0,0,-1,0,0,-1,-1,-1,-1,0,0,0,0,0,0,-1,0,48,0,48,0,0,48,48,142,190,1,1,0,0,0,-1,607271242,"6.18"
"C39093",3,2026-01-21,2026-01-20,1,,-1,0,0,1,0,5,0,1,0,-1,0,22,1,101,329,0,0,1,0,0,-1,0,0,-1,-1,-1,-1,0,0,0,0,0,0,-1,0,0,-1,-1,-1,-1,0,0,0,0,0,0,-1,0,32,0,32,0,0,32,32,3,35,1,1,0,0,0,-1,607271242,"6.18"
"C39096",1,2026-03-09,2026-03-08,1,,-1,0,0,0,0,5,1,0,0,25,0,0,-1,-1,-1,0,0,0,0,0,-1,0,22,0,3,207,207,27,0,0,0,0,0,25,0,0,-1,-1,-1,-1,0,0,0,0,0,0,-1,0,0,0,0,26,0,26,26,0,26,4,0,0,0,0,-1,607271242,"6.18"
"C39099",1,2026-01-14,2026-01-13,1,,-1,1,0,1,0,1,1,0,0,25,0,22,1,204,116,1,0,1,0,0,25,0,0,-1,-1,-1,-1,0,0,0,0,0,0,-1,0,0,-1,-1,-1,-1,0,0,0,0,0,0,-1,0,23,0,23,0,0,23,23,4084,4107,1,1,0,0,0,-1,607271242,"6.18"
"C39102",1,2026-01-24,2026-01-23,1,,-1,0,0,0,0,3,1,0,0,25,0,22,1,116,99,0,0,0,0,0,25,0,0,-1,-1,-1,-1,0,0,0,0,0,0,-1,0,0,-1,-1,-1,-1,0,0,0,0,0,0,-1,0,60,0,60,0,0,60,60,0,60,1,1,0,0,0,-1,607271242,"6.18"
"C39105",1,2026-01-20,2026-01-19,1,,-1,0,0,1,0,5,1,0,0,25,0,21,1,207,-1,0,0,1,0,0,25,0,0,-1,-1,-1,-1,0,0,0,0,0,0,-1,0,0,-1,-1,-1,-1,0,0,0,0,0,0,-1,0,199,0,199,0,0,199,199,6,205,1,1,0,0,0,-1,607271242,"6.18"
"C39108",1,2026-01-26,2026-01-25,1,,-1,0,0,0,0,367,1,0,0,25,0,0,-1,-1,-1,0,0,0,0,0,-1,0,22,0,3,116,99,119,0,0,0,0,0,25,0,0,-1,-1,-1,-1,0,0,0,0,0,0,-1,0,0,0,0,118,0,118,118,39,157,4,0,0,0,0,-1,607271242,"6.18"
"C39111",2,2026-01-21,2026-01-20,1,,-1,9,0,1,0,5,2,2,0,25,0,22,1,101,314,0,0,1,0,0,25,0,0,-1,-1,-1,-1,0,0,0,0,0,0,-1,0,0,-1,-1,-1,-1,0,0,0,0,0,0,-1,0,80,0,80,0,0,80,80,0,80,1,1,0,0,0,-1,607271242,"6.18"
"C39123",1,2026-01-22,2026-01-21,1,,-1,0,0,0,0,3,1,0,0,25,0,22,1,336,422,0,0,0,0,0,25,0,0,-1,-1,-1,-1,0,0,0,0,0,0,-1,0,0,-1,-1,-1,-1,0,0,0,0,0,0,-1,0,13,0,13,0,0,13,13,2,15,1,1,0,0,0,-1,607271242,"6.18"
"C39126",1,2026-01-19,2026-01-18,1,,-1,9,1,1,0,5,1,0,0,55,0,0,-1,-1,-1,0,0,0,0,0,-1,0,0,-1,-1,-1,-1,0,0,0,0,0,0,-1,0,21,0,1,99,-1,0,0,1,1,0,0,55,0,0,0,0,255,0,255,255,0,255,8,0,0,0,0,-1,607271242,"6.18"
"C39141",2,2026-01-20,2026-01-19,1,,-1,0,0,0,1,5,2,1,0,25,1,22,1,314,410,0,0,0,1,0,25,1,0,-1,-1,-1,-1,0,0,0,0,0,0,-1,0,0,-1,-1,-1,-1,0,0,0,0,0,0,-1,0,97,0,97,0,0,97,97,30,127,1,1,0,0,0,-1,607271242,"6.18"
"C39150",1,2026-06-09,2026-06-08,1,,-1,0,0,0,0,5,2,0,0,25,0,0,-1,-1,-1,0,0,0,0,0,-1,0,21,1,3,116,-1,0,0,0,0,0,0,25,0,0,-1,-1,-1,-1,0,0,0,0,0,0,-1,0,0,0,0,0,114,114,0,214,214,4,0,1,0,0,-1,607271242,"6.18"
"C39156",2,2026-01-27,2026-01-26,1,,-1,0,0,0,2,467,1,1,0,24,1,0,-1,-1,-1,0,0,0,0,0,-1,0,21,0,3,335,-1,247,0,0,0,2,0,24,1,0,-1,-1,-1,-1,0,0,0,0,0,0,-1,0,0,0,0,247,0,247,247,0,247,4,0,0,0,0,-1,607271242,"6.18"
"C39162",1,2026-01-25,2026-01-24,1,,-1,0,0,1,0,3,1,0,0,55,0,22,1,335,423,0,0,1,0,0,55,0,0,-1,-1,-1,-1,0,0,0,0,0,0,-1,0,0,-1,-1,-1,-1,0,0,0,0,0,0,-1,0,17,0,17,0,0,17,17,0,17,1,1,0,0,0,-1,607271242,"6.18"
"C39165",1,2026-02-07,2026-02-06,1,,-1,1,0,1,0,3,1,0,0,25,0,0,-1,-1,-1,0,0,0,0,0,-1,0,21,1,1,101,-1,37,1,0,1,0,0,25,0,0,-1,-1,-1,-1,0,0,0,0,0,0,-1,0,0,0,0,37,199,236,37,108,145,4,0,1,0,0,-1,607271242,"6.18"
"C39168",2,2026-03-24,2026-03-23,1,,-1,0,1,1,0,5,1,1,0,25,1,0,-1,-1,-1,0,0,0,0,0,-1,0,21,1,3,101,-1,17,0,1,1,0,0,25,1,0,-1,-1,-1,-1,0,0,0,0,0,0,-1,0,0,0,0,17,174,191,17,89,106,4,0,1,0,0,-1,607271242,"6.18"
"C39174",2,2026-03-10,2026-03-09,1,,-1,0,0,0,1,567,1,3,0,18,1,0,-1,-1,-1,0,0,0,0,0,-1,0,0,-1,-1,-1,-1,0,0,0,0,0,0,-1,0,0,-1,-1,-1,-1,0,0,0,0,0,0,-1,0,0,0,0,0,0,0,0,53,53,12,0,0,0,22,1,607271242,"6.18"
"C39186",1,2026-02-01,2026-01-31,1,,-1,0,0,1,0,5,1,0,0,55,0,22,3,335,422,0,0,1,0,0,55,0,0,-1,-1,-1,-1,0,0,0,0,0,0,-1,0,0,-1,-1,-1,-1,0,0,0,0,0,0,-1,0,19,0,19,0,0,19,19,0,19,1,1,0,0,0,-1,607271242,"6.18"
"C39189",1,2026-01-24,2026-01-23,1,,-1,0,0,1,2,5,1,0,0,25,0,22,1,314,312,0,0,1,2,0,25,0,0,-1,-1,-1,-1,0,0,0,0,0,0,-1,0,0,-1,-1,-1,-1,0,0,0,0,0,0,-1,0,39,0,39,0,0,39,39,3,42,1,1,0,0,0,-1,607271242,"6.18"
"C39192",1,2026-02-06,2026-02-05,1,,-1,9,0,1,2,1,1,0,0,25,0,0,-1,-1,-1,0,0,0,0,0,-1,0,21,1,3,101,-1,4,0,0,1,2,0,25,0,0,-1,-1,-1,-1,0,0,0,0,0,0,-1,0,0,0,0,4,233,237,4,35,39,4,0,1,0,0,-1,607271242,"6.18"
"C39195",1,2026-01-25,2026-01-24,1,,-1,0,0,1,1,5,1,0,0,25,0,22,1,207,99,0,0,1,1,0,25,0,0,-1,-1,-1,-1,0,0,0,0,0,0,-1,0,0,-1,-1,-1,-1,0,0,0,0,0,0,-1,0,17,0,17,0,0,17,17,2568,2585,1,1,0,0,0,-1,607271242,"6.18"
"C39204",1,2026-01-26,2026-01-25,1,,-1,1,0,1,0,5,1,0,0,55,0,22,1,116,423,1,0,1,0,0,55,0,0,-1,-1,-1,-1,0,0,0,0,0,0,-1,0,0,-1,-1,-1,-1,0,0,0,0,0,0,-1,0,49,0,49,0,0,49,49,368,417,1,1,0,0,0,-1,607271242,"6.18"
"C39207",1,2026-01-25,2026-01-24,1,,-1,0,1,1,0,5,1,0,0,25,0,22,1,410,428,0,1,1,0,0,25,0,0,-1,-1,-1,-1,0,0,0,0,0,0,-1,0,0,-1,-1,-1,-1,0,0,0,0,0,0,-1,0,0,153,153,0,0,153,153,0,153,2,1,0,0,0,-1,607271242,"6.18"
"C39210",1,2026-01-26,2026-01-25,1,,-1,0,0,1,0,3,2,0,0,25,0,22,3,116,434,0,0,1,0,0,25,0,0,-1,-1,-1,-1,0,0,0,0,0,0,-1,0,0,-1,-1,-1,-1,0,0,0,0,0,0,-1,0,47,0,47,0,0,47,47,6,53,1,1,0,0,0,-1,607271242,"6.18"
"C39216",1,2026-01-24,2026-01-23,1,,-1,9,0,1,0,5,1,0,0,25,0,22,3,410,313,0,0,1,0,0,25,0,0,-1,-1,-1,-1,0,0,0,0,0,0,-1,0,0,-1,-1,-1,-1,0,0,0,0,0,0,-1,0,13,0,13,0,0,13,13,0,13,1,1,0,0,0,-1,607271242,"6.18"
"C39219",1,2026-01-26,2026-01-25,1,,-1,0,0,0,0,36,1,0,0,24,0,22,1,116,101,0,0,0,0,0,24,0,0,-1,-1,-1,-1,0,0,0,0,0,0,-1,0,0,-1,-1,-1,-1,0,0,0,0,0,0,-1,0,14,0,14,0,0,14,14,0,14,1,1,0,0,0,-1,607271242,"6.18"
"C39222",1,2026-01-27,2026-01-26,1,,-1,0,0,1,0,3,1,0,0,25,0,21,1,101,-1,0,0,1,0,0,25,0,0,-1,-1,-1,-1,0,0,0,0,0,0,-1,0,0,-1,-1,-1,-1,0,0,0,0,0,0,-1,0,107,0,107,0,0,107,107,7,114,1,1,0,0,0,-1,607271242,"6.18"
"C39225",1,2026-01-30,2026-01-29,1,,-1,9,1,1,1,5,1,0,0,25,0,0,-1,-1,-1,0,0,0,0,0,-1,0,22,1,2,118,410,18,0,1,1,1,0,25,0,0,-1,-1,-1,-1,0,0,0,0,0,0,-1,0,0,0,0,18,84,102,18,8,26,4,0,1,0,0,-1,607271242,"6.18"
"C39228",1,2026-01-24,2026-01-23,1,,-1,0,1,1,0,5,1,0,0,25,0,22,1,336,302,0,1,1,0,0,25,0,0,-1,-1,-1,-1,0,0,0,0,0,0,-1,0,0,-1,-1,-1,-1,0,0,0,0,0,0,-1,0,0,48,48,0,0,48,48,0,48,2,1,0,0,0,-1,607271242,"6.18"
"C39231",1,2026-01-27,2026-01-26,1,,-1,1,0,1,1,3,1,0,0,25,0,21,1,116,-1,1,0,1,1,0,25,0,0,-1,-1,-1,-1,0,0,0,0,0,0,-1,0,0,-1,-1,-1,-1,0,0,0,0,0,0,-1,0,20,0,20,0,0,20,20,1833,1853,1,1,0,0,0,-1,607271242,"6.18"
"C39234",1,2026-01-27,2026-01-26,1,,-1,4,0,0,0,4,1,0,0,25,0,22,1,116,423,0,0,0,0,0,25,0,0,-1,-1,-1,-1,0,0,0,0,0,0,-1,0,0,-1,-1,-1,-1,0,0,0,0,0,0,-1,0,13,0,13,0,0,13,13,366,379,1,1,0,0,0,-1,607271242,"6.18"
"C39240",2,2026-01-27,2026-01-26,1,,-1,0,0,0,1,3,1,1,0,25,1,22,1,335,99,0,0,0,1,0,25,1,0,-1,-1,-1,-1,0,0,0,0,0,0,-1,0,0,-1,-1,-1,-1,0,0,0,0,0,0,-1,0,15,0,15,0,0,15,15,224,239,1,1,0,0,0,-1,607271242,"6.18"
"C39246",1,2026-01-28,2026-01-27,1,,-1,0,0,1,2,5,1,0,0,55,0,22,1,101,98,0,0,1,2,0,55,0,0,-1,-1,-1,-1,0,0,0,0,0,0,-1,0,0,-1,-1,-1,-1,0,0,0,0,0,0,-1,0,16,0,16,0,0,16,16,55,71,1,1,0,0,0,-1,607271242,"6.18"
"C39249",1,2026-01-29,2026-01-28,1,,-1,0,0,1,0,3,1,0,0,25,0,22,1,335,423,0,0,1,0,0,25,0,0,-1,-1,-1,-1,0,0,0,0,0,0,-1,0,0,-1,-1,-1,-1,0,0,0,0,0,0,-1,0,15,0,15,0,0,15,15,0,15,1,1,0,0,0,-1,607271242,"6.18"
"C39252",1,2026-01-29,2026-01-28,1,,-1,0,0,1,0,5,1,0,0,55,0,22,1,204,410,0,0,1,0,0,55,0,0,-1,-1,-1,-1,0,0,0,0,0,0,-1,0,0,-1,-1,-1,-1,0,0,0,0,0,0,-1,0,38,0,38,0,0,38,38,4,42,1,1,0,0,0,-1,607271242,"6.18"
"C39255",1,2026-01-30,2026-01-29,1,,-1,0,0,0,0,3,1,0,0,25,0,21,1,336,-1,0,0,0,0,0,25,0,0,-1,-1,-1,-1,0,0,0,0,0,0,-1,0,0,-1,-1,-1,-1,0,0,0,0,0,0,-1,0,244,0,244,0,0,244,244,0,244,1,1,0,0,0,-1,607271242,"6.18"
"C39258",1,2026-01-30,2026-01-29,1,,-1,0,0,1,1,5,1,0,0,55,0,22,1,205,98,0,0,1,1,0,55,0,22,1,1,101,410,27,0,0,1,1,0,55,0,0,-1,-1,-1,-1,0,0,0,0,0,0,-1,0,39,0,39,27,13,79,66,78,144,5,1,1,0,0,-1,607271242,"6.18"
"C39261",1,2026-01-27,2026-01-26,1,,-1,0,0,1,2,5,1,0,0,25,0,22,1,420,420,0,0,1,2,0,25,0,0,-1,-1,-1,-1,0,0,0,0,0,0,-1,0,0,-1,-1,-1,-1,0,0,0,0,0,0,-1,0,0,126,126,0,0,126,126,0,126,2,1,0,0,0,-1,607271242,"6.18"
"C39264",1,2026-05-05,2026-05-04,1,,-1,0,0,0,0,2,1,0,0,25,0,0,-1,-1,-1,0,0,0,0,0,-1,0,22,1,3,116,410,4,0,0,0,0,0,25,0,0,-1,-1,-1,-1,0,0,0,0,0,0,-1,0,0,0,0,4,86,90,4,116,120,4,0,1,0,0,-1,607271242,"6.18"
"C39267",1,2026-01-29,2026-01-28,1,,-1,0,0,1,0,5,1,0,0,25,0,22,1,204,98,0,0,1,0,0,25,0,0,-1,-1,-1,-1,0,0,0,0,0,0,-1,0,0,-1,-1,-1,-1,0,0,0,0,0,0,-1,0,41,0,41,0,0,41,41,4,45,1,1,0,0,0,-1,607271242,"6.18"
"C39270",1,2026-01-27,2026-01-26,1,,-1,9,0,0,0,6,1,0,0,18,0,22,3,99,312,0,0,0,0,0,18,0,0,-1,-1,-1,-1,0,0,0,0,0,0,-1,0,0,-1,-1,-1,-1,0,0,0,0,0,0,-1,0,15,0,15,0,0,15,15,0,15,1,1,0,0,0,-1,607271242,"6.18"
"C39273",1,2026-01-31,2026-01-30,1,,-1,1,0,1,2,5,1,0,0,25,0,22,1,225,99,1,0,1,2,0,25,0,0,-1,-1,-1,-1,0,0,0,0,0,0,-1,0,0,-1,-1,-1,-1,0,0,0,0,0,0,-1,0,70,0,70,0,0,70,70,7,77,1,1,0,0,0,-1,607271242,"6.18"
"C39276",1,2026-01-30,2026-01-29,1,,-1,4,0,0,0,5,1,0,0,25,0,22,3,335,312,0,0,0,0,0,25,0,0,-1,-1,-1,-1,0,0,0,0,0,0,-1,0,0,-1,-1,-1,-1,0,0,0,0,0,0,-1,0,21,0,21,0,0,21,21,0,21,1,1,0,0,0,-1,607271242,"6.18"
"C39279",2,2026-06-29,2026-06-28,1,,-1,0,0,1,0,5,1,1,0,18,1,21,1,101,-1,0,0,1,0,0,18,1,0,-1,-1,-1,-1,0,0,0,0,0,0,-1,0,0,-1,-1,-1,-1,0,0,0,0,0,0,-1,0,94,0,94,0,0,94,94,68,162,1,1,0,0,0,-1,607271242,"6.18"
"C39282",1,2026-01-27,2026-01-26,1,,-1,0,0,0,0,5,1,0,0,55,0,22,3,116,314,0,0,0,0,0,55,0,0,-1,-1,-1,-1,0,0,0,0,0,0,-1,0,0,-1,-1,-1,-1,0,0,0,0,0,0,-1,0,60,0,60,0,0,60,60,2,62,1,1,0,0,0,-1,607271242,"6.18"
"C39285",2,2026-01-27,2026-01-26,1,,-1,9,1,1,1,5,1,3,0,25,1,0,-1,-1,-1,0,0,0,0,0,-1,0,21,1,3,118,-1,37,0,1,1,1,1,25,1,0,-1,-1,-1,-1,0,0,0,0,0,0,-1,0,0,0,0,37,210,247,37,8,45,4,0,1,0,0,-1,607271242,"6.18"
"C39291",1,2026-03-07,2026-03-06,1,,-1,4,0,0,0,3,1,0,0,25,0,0,-1,-1,-1,0,0,0,0,0,-1,0,21,1,1,116,-1,10,0,0,0,0,0,25,0,0,-1,-1,-1,-1,0,0,0,0,0,0,-1,0,0,0,0,10,198,208,10,360,370,4,0,1,0,0,-1,607271242,"6.18"
"C39294",1,2026-07-07,2026-07-06,1,,-1,0,0,1,0,3,1,0,0,25,0,21,1,116,-1,0,0,1,0,0,25,0,0,-1,-1,-1,-1,0,0,0,0,0,0,-1,0,0,-1,-1,-1,-1,0,0,0,0,0,0,-1,0,22,0,22,0,0,22,22,8,30,1,1,0,0,0,-1,607271242,"6.18"
"C39297",1,2026-01-30,2026-01-29,1,,-1,0,0,0,0,5,1,0,0,55,0,22,1,410,410,0,0,0,0,0,55,0,0,-1,-1,-1,-1,0,0,0,0,0,0,-1,0,0,-1,-1,-1,-1,0,0,0,0,0,0,-1,0,37,0,37,0,0,37,37,0,37,1,1,0,0,0,-1,607271242,"6.18"
"C39300",1,2026-01-28,2026-01-27,1,,-1,0,0,0,0,26,1,0,0,55,0,21,3,118,-1,0,0,0,0,0,55,0,0,-1,-1,-1,-1,0,0,0,0,0,0,-1,0,0,-1,-1,-1,-1,0,0,0,0,0,0,-1,0,246,0,246,0,0,246,246,0,246,1,1,0,0,0,-1,607271242,"6.18"
"C39303",2,2026-01-31,2026-01-30,1,,-1,0,0,1,0,5,1,1,0,25,1,22,1,336,302,0,0,1,0,0,25,1,0,-1,-1,-1,-1,0,0,0,0,0,0,-1,0,0,-1,-1,-1,-1,0,0,0,0,0,0,-1,0,88,0,88,0,0,88,88,0,88,1,1,0,0,0,-1,607271242,"6.18"
"C39306",1,2026-01-23,2026-01-22,1,,-1,0,0,1,0,12,1,0,0,25,0,22,1,410,420,0,0,1,0,0,25,0,0,-1,-1,-1,-1,0,0,0,0,0,0,-1,0,0,-1,-1,-1,-1,0,0,0,0,0,0,-1,0,0,121,121,0,0,121,121,0,121,2,1,0,0,0,-1,607271242,"6.18"
"C39309",1,2026-01-10,2026-01-09,1,,-1,0,0,1,0,56,1,0,0,25,0,22,1,336,422,0,0,1,0,0,25,0,0,-1,-1,-1,-1,0,0,0,0,0,0,-1,0,0,-1,-1,-1,-1,0,0,0,0,0,0,-1,0,0,55,55,0,0,55,55,0,55,2,1,0,0,0,-1,607271242,"6.18"
"C39312",1,2026-01-16,2026-01-15,1,,-1,0,0,1,0,5,1,0,0,25,0,22,1,411,411,0,0,1,0,0,25,0,0,-1,-1,-1,-1,0,0,0,0,0,0,-1,0,0,-1,-1,-1,-1,0,0,0,0,0,0,-1,0,0,42,42,0,0,42,42,0,42,2,1,0,0,0,-1,607271242,"6.18"
"C39315",1,2026-01-28,2026-01-27,1,,-1,0,0,0,0,5,1,0,0,25,0,22,3,116,99,0,0,0,0,0,25,0,0,-1,-1,-1,-1,0,0,0,0,0,0,-1,0,0,-1,-1,-1,-1,0,0,0,0,0,0,-1,0,28,0,28,0,0,28,28,8,36,1,1,0,0,0,-1,607271242,"6.18"
"C39318",1,2026-01-17,2026-01-16,1,,-1,0,0,1,0,5,1,0,0,25,0,22,1,410,410,0,0,1,0,0,25,0,0,-1,-1,-1,-1,0,0,0,0,0,0,-1,0,0,-1,-1,-1,-1,0,0,0,0,0,0,-1,0,0,43,43,0,0,43,43,0,43,2,1,0,0,0,-1,607271242,"6.18"
"C39321",1,2026-01-30,2026-01-29,1,,-1,0,0,0,0,5,1,0,0,25,0,22,3,336,313,0,0,0,0,0,25,0,0,-1,-1,-1,-1,0,0,0,0,0,0,-1,0,0,-1,-1,-1,-1,0,0,0,0,0,0,-1,0,59,0,59,0,0,59,59,0,59,1,1,0,0,0,-1,607271242,"6.18"
"C39324",1,2026-01-18,2026-01-17,1,,-1,0,0,0,0,13,1,0,0,25,0,22,3,118,99,0,0,0,0,0,25,0,0,-1,-1,-1,-1,0,0,0,0,0,0,-1,0,0,-1,-1,-1,-1,0,0,0,0,0,0,-1,0,58,0,58,0,0,58,58,0,58,1,1,0,0,0,-1,607271242,"6.18"
"C39336",1,2026-01-30,2026-01-29,1,,-1,0,0,1,0,6,1,0,0,25,0,22,3,207,422,0,0,1,0,0,25,0,0,-1,-1,-1,-1,0,0,0,0,0,0,-1,0,0,-1,-1,-1,-1,0,0,0,0,0,0,-1,0,13,0,13,0,0,13,13,0,13,1,1,0,0,0,-1,607271242,"6.18"
"C39339",1,2026-01-24,2026-01-23,1,,-1,0,0,1,0,5,1,0,0,25,0,22,1,410,420,0,0,1,0,0,25,0,0,-1,-1,-1,-1,0,0,0,0,0,0,-1,0,0,-1,-1,-1,-1,0,0,0,0,0,0,-1,0,0,129,129,0,0,129,129,0,129,2,1,0,0,0,-1,607271242,"6.18"
"C39342",1,2026-01-13,2026-01-12,1,,-1,0,0,1,0,14,1,0,0,25,0,21,3,336,-1,0,0,1,0,0,25,0,0,-1,-1,-1,-1,0,0,0,0,0,0,-1,0,0,-1,-1,-1,-1,0,0,0,0,0,0,-1,0,261,0,261,0,0,261,261,11,272,1,1,0,0,0,-1,607271242,"6.18"
"C39345",1,2026-02-04,2026-02-03,1,,-1,0,0,1,0,5,1,0,0,24,0,22,1,99,99,0,0,1,0,0,24,0,0,-1,-1,-1,-1,0,0,0,0,0,0,-1,0,0,-1,-1,-1,-1,0,0,0,0,0,0,-1,0,26,0,26,0,0,26,26,41,67,1,1,0,0,0,-1,607271242,"6.18"
"C39348",1,2026-02-02,2026-02-01,1,,-1,4,1,0,0,3,1,0,0,25,0,22,1,206,313,0,1,0,0,0,25,0,0,-1,-1,-1,-1,0,0,0,0,0,0,-1,0,0,-1,-1,-1,-1,0,0,0,0,0,0,-1,0,13,0,13,0,0,13,13,0,13,1,1,0,0,0,-1,607271242,"6.18"
"C39351",1,2026-02-01,2026-01-31,1,,-1,0,0,1,0,5,1,0,0,18,0,0,-1,-1,-1,0,0,0,0,0,-1,0,22,1,3,116,420,23,0,0,1,0,0,18,0,0,-1,-1,-1,-1,0,0,0,0,0,0,-1,0,0,0,0,23,112,135,23,9,32,4,0,1,0,0,-1,607271242,"6.18"
"C39354",2,2026-02-02,2026-02-01,1,,-1,0,0,0,0,1,2,1,0,25,1,22,1,314,99,0,0,0,0,0,25,1,0,-1,-1,-1,-1,0,0,0,0,0,0,-1,0,0,-1,-1,-1,-1,0,0,0,0,0,0,-1,0,41,0,41,0,0,41,41,169,210,1,1,0,0,0,-1,607271242,"6.18"
"C39363",1,2026-02-02,2026-02-01,1,,-1,0,0,1,1,5,1,0,0,55,0,22,1,116,434,0,0,1,1,0,55,0,0,-1,-1,-1,-1,0,0,0,0,0,0,-1,0,0,-1,-1,-1,-1,0,0,0,0,0,0,-1,0,61,0,61,0,0,61,61,2,63,1,1,0,0,0,-1,607271242,"6.18"
"C39366",1,2026-02-03,2026-02-02,1,,-1,0,0,0,0,5,1,0,0,25,0,22,1,116,423,0,0,0,0,0,25,0,0,-1,-1,-1,-1,0,0,0,0,0,0,-1,0,0,-1,-1,-1,-1,0,0,0,0,0,0,-1,0,36,0,36,0,0,36,36,0,36,1,1,0,0,0,-1,607271242,"6.18"
"C39369",1,2026-02-03,2026-02-02,1,,-1,4,0,0,2,5,1,0,0,25,0,22,1,314,423,0,0,0,2,0,25,0,0,-1,-1,-1,-1,0,0,0,0,0,0,-1,0,0,-1,-1,-1,-1,0,0,0,0,0,0,-1,0,26,0,26,0,0,26,26,0,26,1,1,0,0,0,-1,607271242,"6.18"
"C39372",1,2026-02-03,2026-02-02,1,,-1,0,0,0,0,16,1,0,0,25,0,22,3,116,312,0,0,0,0,0,25,0,0,-1,-1,-1,-1,0,0,0,0,0,0,-1,0,0,-1,-1,-1,-1,0,0,0,0,0,0,-1,0,13,0,13,0,0,13,13,61,74,1,1,0,0,0,-1,607271242,"6.18"
"C39375",1,2026-01-29,2026-01-28,1,,-1,9,0,1,1,2,1,0,0,55,0,22,3,336,423,0,0,1,1,0,55,0,0,-1,-1,-1,-1,0,0,0,0,0,0,-1,0,0,-1,-1,-1,-1,0,0,0,0,0,0,-1,0,22,0,22,0,0,22,22,3,25,1,1,0,0,0,-1,607271242,"6.18"
"C39378",1,2026-01-18,2026-01-17,1,,-1,9,0,1,0,5,1,0,0,55,0,22,3,434,434,0,0,1,0,0,55,0,0,-1,-1,-1,-1,0,0,0,0,0,0,-1,0,0,-1,-1,-1,-1,0,0,0,0,0,0,-1,0,62,0,62,0,0,62,62,2,64,1,1,0,0,0,-1,607271242,"6.18"
"C39381",1,2026-02-02,2026-02-01,1,,-1,0,0,0,2,5,1,0,0,55,0,22,1,336,410,0,0,0,2,0,55,0,0,-1,-1,-1,-1,0,0,0,0,0,0,-1,0,0,-1,-1,-1,-1,0,0,0,0,0,0,-1,0,41,0,41,0,0,41,41,7,48,1,1,0,0,0,-1,607271242,"6.18"
"C39384",1,2026-02-04,2026-02-03,1,,-1,0,0,0,0,3,1,0,0,25,0,22,1,99,99,0,0,0,0,0,25,0,0,-1,-1,-1,-1,0,0,0,0,0,0,-1,0,0,-1,-1,-1,-1,0,0,0,0,0,0,-1,0,5,0,5,0,0,5,5,338,343,1,1,0,0,0,-1,607271242,"6.18"
"C39387",1,2026-01-30,2026-01-29,1,,-1,0,0,1,1,3,1,0,0,18,0,22,1,101,99,0,0,1,1,0,18,0,0,-1,-1,-1,-1,0,0,0,0,0,0,-1,0,0,-1,-1,-1,-1,0,0,0,0,0,0,-1,0,59,0,59,0,0,59,59,160,219,1,1,0,0,0,-1,607271242,"6.18"
"C39390",1,2026-02-04,2026-02-03,1,,-1,0,0,0,0,17,1,0,0,25,0,22,1,116,116,0,0,0,0,0,25,0,0,-1,-1,-1,-1,0,0,0,0,0,0,-1,0,0,-1,-1,-1,-1,0,0,0,0,0,0,-1,0,70,0,70,0,0,70,70,6,76,1,1,0,0,0,-1,607271242,"6.18"
"C39393",1,2026-02-05,2026-02-04,1,,-1,4,0,0,0,1,1,0,0,25,0,22,1,207,99,0,0,0,0,0,25,0,0,-1,-1,-1,-1,0,0,0,0,0,0,-1,0,0,-1,-1,-1,-1,0,0,0,0,0,0,-1,0,4,0,4,0,0,4,4,9,13,1,1,0,0,0,-1,607271242,"6.18"
"C39396",1,2026-02-05,2026-02-04,1,,-1,9,0,1,0,5,1,0,0,25,0,22,3,118,99,0,0,1,0,0,25,0,0,-1,-1,-1,-1,0,0,0,0,0,0,-1,0,0,-1,-1,-1,-1,0,0,0,0,0,0,-1,0,29,0,29,0,0,29,29,0,29,1,1,0,0,0,-1,607271242,"6.18"
"C39399",1,2026-02-08,2026-02-07,1,,-1,0,0,1,2,5,1,0,0,25,0,0,-1,-1,-1,0,0,0,0,0,-1,0,22,1,1,116,433,1,0,0,1,2,0,25,0,0,-1,-1,-1,-1,0,0,0,0,0,0,-1,0,0,0,0,1,104,105,1,37,38,4,0,1,0,0,-1,607271242,"6.18"
"C39402",1,2026-01-31,2026-01-30,1,,-1,1,0,1,2,5,1,0,0,25,0,22,1,207,206,1,0,1,2,0,25,0,0,-1,-1,-1,-1,0,0,0,0,0,0,-1,0,0,-1,-1,-1,-1,0,0,0,0,0,0,-1,0,0,29,29,0,0,29,29,1185,1214,2,1,0,0,0,-1,607271242,"6.18"
"C39405",1,2026-02-03,2026-02-02,1,,-1,0,0,1,0,35,1,0,0,25,0,22,1,204,410,0,0,1,0,0,25,0,0,-1,-1,-1,-1,0,0,0,0,0,0,-1,0,0,-1,-1,-1,-1,0,0,0,0,0,0,-1,0,40,0,40,0,0,40,40,5,45,1,1,0,0,0,-1,607271242,"6.18"
"C39408",1,2026-02-06,2026-02-05,1,,-1,0,0,0,0,23,1,0,0,25,0,22,1,335,422,0,0,0,0,0,25,0,0,-1,-1,-1,-1,0,0,0,0,0,0,-1,0,0,-1,-1,-1,-1,0,0,0,0,0,0,-1,0,23,0,23,0,0,23,23,0,23,1,1,0,0,0,-1,607271242,"6.18"
"C39411",1,2026-02-06,2026-02-05,1,,-1,0,0,0,0,5,1,0,0,25,0,22,3,118,99,0,0,0,0,0,25,0,0,-1,-1,-1,-1,0,0,0,0,0,0,-1,0,0,-1,-1,-1,-1,0,0,0,0,0,0,-1,0,36,0,36,0,0,36,36,0,36,1,1,0,0,0,-1,607271242,"6.18"
"C39414",1,2026-02-06,2026-02-05,1,,-1,1,0,1,0,5,1,0,0,55,0,21,3,118,-1,1,0,1,0,0,55,0,0,-1,-1,-1,-1,0,0,0,0,0,0,-1,0,0,-1,-1,-1,-1,0,0,0,0,0,0,-1,0,237,0,237,0,0,237,237,248,485,1,1,0,0,0,-1,607271242,"6.18"
"C39417",1,2026-04-06,2026-04-05,1,,-1,0,0,0,2,5,1,0,0,25,0,0,-1,-1,-1,0,0,0,0,0,-1,0,21,0,3,336,-1,178,0,0,0,2,0,25,0,0,-1,-1,-1,-1,0,0,0,0,0,0,-1,0,0,0,0,178,0,178,178,0,178,4,0,0,0,0,-1,607271242,"6.18"
"C39420",1,2026-02-03,2026-02-02,1,,-1,9,0,1,1,6,1,0,0,25,0,22,3,336,312,0,0,1,1,0,25,0,0,-1,-1,-1,-1,0,0,0,0,0,0,-1,0,0,-1,-1,-1,-1,0,0,0,0,0,0,-1,0,41,0,41,0,0,41,41,0,41,1,1,0,0,0,-1,607271242,"6.18"
"C39423",1,2026-02-05,2026-02-04,1,,-1,9,0,1,0,5,1,0,0,25,0,22,3,99,313,0,0,1,0,0,25,0,0,-1,-1,-1,-1,0,0,0,0,0,0,-1,0,0,-1,-1,-1,-1,0,0,0,0,0,0,-1,0,22,0,22,0,0,22,22,0,22,1,1,0,0,0,-1,607271242,"6.18"
"C39426",1,2026-02-01,2026-01-31,1,,-1,0,0,0,1,24,2,0,0,25,1,22,1,335,312,0,0,0,1,0,25,1,0,-1,-1,-1,-1,0,0,0,0,0,0,-1,0,0,-1,-1,-1,-1,0,0,0,0,0,0,-1,0,34,0,34,0,0,34,34,2,36,1,1,0,0,0,-1,607271242,"6.18"
"C39432",1,2026-01-31,2026-01-30,1,,-1,0,0,0,0,5,1,0,0,55,0,22,3,336,422,0,0,0,0,0,55,0,0,-1,-1,-1,-1,0,0,0,0,0,0,-1,0,0,-1,-1,-1,-1,0,0,0,0,0,0,-1,0,34,0,34,0,0,34,34,211,245,1,1,0,0,0,-1,607271242,"6.18"
"C39435",1,2026-02-01,2026-01-31,1,,-1,0,0,0,0,3,1,0,0,24,0,22,3,336,312,0,0,0,0,0,24,0,0,-1,-1,-1,-1,0,0,0,0,0,0,-1,0,0,-1,-1,-1,-1,0,0,0,0,0,0,-1,0,104,0,104,0,0,104,104,0,104,1,1,0,0,0,-1,607271242,"6.18"
"C39438",1,2026-02-07,2026-02-06,1,,-1,1,0,1,0,3,1,0,0,55,0,22,1,116,312,1,0,1,0,0,55,0,0,-1,-1,-1,-1,0,0,0,0,0,0,-1,0,0,-1,-1,-1,-1,0,0,0,0,0,0,-1,0,0,13,13,0,0,13,13,554,567,2,1,0,0,0,-1,607271242,"6.18"
"C39447",2,2026-02-06,2026-02-05,1,,-1,0,0,0,0,5,1,2,0,24,1,22,1,335,99,0,0,0,0,0,24,1,0,-1,-1,-1,-1,0,0,0,0,0,0,-1,0,0,-1,-1,-1,-1,0,0,0,0,0,0,-1,0,26,0,26,0,0,26,26,7,33,1,1,0,0,0,-1,607271242,"6.18"
"C39459",1,2026-02-05,2026-02-04,1,,-1,9,0,1,2,26,1,0,0,55,0,22,3,206,422,0,0,1,2,0,55,0,0,-1,-1,-1,-1,0,0,0,0,0,0,-1,0,0,-1,-1,-1,-1,0,0,0,0,0,0,-1,0,44,0,44,0,0,44,44,0,44,1,1,0,0,0,-1,607271242,"6.18"
"C39462",1,2026-02-06,2026-02-05,1,,-1,0,0,1,0,5,1,0,0,25,0,22,3,336,422,0,0,1,0,0,25,0,0,-1,-1,-1,-1,0,0,0,0,0,0,-1,0,0,-1,-1,-1,-1,0,0,0,0,0,0,-1,0,42,0,42,0,0,42,42,35,77,1,1,0,0,0,-1,607271242,"6.18"
"C39465",1,2026-02-07,2026-02-06,1,,-1,0,0,0,0,5,1,0,0,25,0,22,1,116,99,0,0,0,0,0,25,0,0,-1,-1,-1,-1,0,0,0,0,0,0,-1,0,0,-1,-1,-1,-1,0,0,0,0,0,0,-1,0,16,0,16,0,0,16,16,4,20,1,1,0,0,0,-1,607271242,"6.18"
"C39468",1,2026-02-07,2026-02-06,1,,-1,0,0,1,2,1,1,0,0,25,0,22,1,410,422,0,0,1,2,0,25,0,0,-1,-1,-1,-1,0,0,0,0,0,0,-1,0,0,-1,-1,-1,-1,0,0,0,0,0,0,-1,0,91,0,91,0,0,91,91,0,91,1,1,0,0,0,-1,607271242,"6.18"
"C39471",1,2026-02-18,2026-02-17,1,,-1,0,0,1,2,5,1,0,0,55,0,22,1,99,99,0,0,1,2,0,55,0,21,1,1,101,-1,3,0,0,1,2,0,55,0,0,-1,-1,-1,-1,0,0,0,0,0,0,-1,0,12,0,12,3,163,178,15,123,138,5,1,1,0,0,-1,607271242,"6.18"
"C39474",2,2026-02-08,2026-02-07,1,,-1,0,0,1,0,27,2,3,0,25,1,22,1,314,99,0,0,1,0,1,25,1,0,-1,-1,-1,-1,0,0,0,0,0,0,-1,0,0,-1,-1,-1,-1,0,0,0,0,0,0,-1,0,73,0,73,0,0,73,73,20,93,1,1,0,0,0,-1,607271242,"6.18"
"C39489",1,2026-02-01,2026-01-31,1,,-1,1,0,1,1,5,1,0,0,25,0,22,3,116,434,1,0,1,1,0,25,0,0,-1,-1,-1,-1,0,0,0,0,0,0,-1,0,0,-1,-1,-1,-1,0,0,0,0,0,0,-1,0,26,0,26,0,0,26,26,275,301,1,1,0,0,0,-1,607271242,"6.18"
"C39492",1,2026-02-07,2026-02-06,1,,-1,0,0,1,0,34,1,0,0,55,0,22,1,206,99,0,0,1,0,0,55,0,21,1,1,116,-1,15,0,0,1,0,0,55,0,0,-1,-1,-1,-1,0,0,0,0,0,0,-1,0,2,0,2,15,191,208,17,33,50,5,1,1,0,0,-1,607271242,"6.18"
"C39495",1,2026-02-06,2026-02-05,1,,-1,0,0,0,0,5,1,0,0,25,0,22,1,336,98,0,0,0,0,0,25,0,0,-1,-1,-1,-1,0,0,0,0,0,0,-1,0,0,-1,-1,-1,-1,0,0,0,0,0,0,-1,0,15,0,15,0,0,15,15,84,99,1,1,0,0,0,-1,607271242,"6.18"
"C39498",2,2026-02-08,2026-02-07,1,,-1,0,0,0,2,5,1,2,0,25,1,22,1,101,312,0,0,0,2,0,25,1,0,-1,-1,-1,-1,0,0,0,0,0,0,-1,0,0,-1,-1,-1,-1,0,0,0,0,0,0,-1,0,15,0,15,0,0,15,15,5,20,1,1,0,0,0,-1,607271242,"6.18"
"C39507",1,2026-02-08,2026-02-07,1,,-1,0,0,1,0,5,1,0,0,25,0,22,1,336,99,0,0,1,0,0,25,0,0,-1,-1,-1,-1,0,0,0,0,0,0,-1,0,0,-1,-1,-1,-1,0,0,0,0,0,0,-1,0,17,0,17,0,0,17,17,0,17,1,1,0,0,0,-1,607271242,"6.18"
"C39510",1,2026-02-08,2026-02-07,1,,-1,9,0,1,0,35,1,0,0,25,0,22,3,118,99,0,0,1,0,0,25,0,0,-1,-1,-1,-1,0,0,0,0,0,0,-1,0,0,-1,-1,-1,-1,0,0,0,0,0,0,-1,0,46,0,46,0,0,46,46,0,46,1,1,0,0,0,-1,607271242,"6.18"
"C39513",1,2025-12-08,2025-12-07,1,,-1,9,0,1,0,5,1,0,0,25,0,22,3,207,99,0,0,1,0,0,25,0,0,-1,-1,-1,-1,0,0,0,0,0,0,-1,0,0,-1,-1,-1,-1,0,0,0,0,0,0,-1,0,75,0,75,0,0,75,75,90,165,1,1,0,0,0,-1,607271242,"6.18"
"C39516",1,2026-02-07,2026-02-06,1,,-1,0,0,1,0,3,1,0,0,55,0,22,1,116,313,0,0,1,0,0,55,0,0,-1,-1,-1,-1,0,0,0,0,0,0,-1,0,0,-1,-1,-1,-1,0,0,0,0,0,0,-1,0,23,0,23,0,0,23,23,7,30,1,1,0,0,0,-1,607271242,"6.18"
"C39519",1,2026-02-06,2026-02-05,1,,-1,1,0,1,2,56,1,0,0,25,0,22,1,336,313,1,0,1,2,0,25,0,0,-1,-1,-1,-1,0,0,0,0,0,0,-1,0,0,-1,-1,-1,-1,0,0,0,0,0,0,-1,0,39,0,39,0,0,39,39,732,771,1,1,0,0,0,-1,607271242,"6.18"
"C39522",1,2026-02-16,2026-02-15,1,,-1,4,0,0,2,5,1,0,0,18,0,22,1,314,423,0,0,0,2,0,18,0,0,-1,-1,-1,-1,0,0,0,0,0,0,-1,0,0,-1,-1,-1,-1,0,0,0,0,0,0,-1,0,13,0,13,0,0,13,13,2,15,1,1,0,0,0,-1,607271242,"6.18"
"C39525",1,2026-02-06,2026-02-05,1,,-1,0,0,0,0,5,1,0,0,18,0,22,3,336,313,0,0,0,0,0,18,0,0,-1,-1,-1,-1,0,0,0,0,0,0,-1,0,0,-1,-1,-1,-1,0,0,0,0,0,0,-1,0,15,0,15,0,0,15,15,0,15,1,1,0,0,0,-1,607271242,"6.18"
"C39528",1,2026-02-06,2026-02-05,1,,-1,4,0,0,0,36,1,0,0,55,0,22,3,116,116,0,0,0,0,0,55,0,0,-1,-1,-1,-1,0,0,0,0,0,0,-1,0,0,-1,-1,-1,-1,0,0,0,0,0,0,-1,0,37,0,37,0,0,37,37,7764,7801,1,1,0,0,0,-1,607271242,"6.18"
"C39531",2,2026-02-09,2026-02-08,1,,-1,0,0,1,0,56,1,1,0,25,1,22,1,116,99,0,0,1,0,0,25,1,0,-1,-1,-1,-1,0,0,0,0,0,0,-1,0,0,-1,-1,-1,-1,0,0,0,0,0,0,-1,0,41,0,41,0,0,41,41,16,57,1,1,0,0,0,-1,607271242,"6.18"
"C39537",1,2026-02-09,2026-02-08,1,,-1,0,0,1,2,5,1,0,0,25,0,22,1,215,313,0,0,1,2,0,25,0,0,-1,-1,-1,-1,0,0,0,0,0,0,-1,0,0,-1,-1,-1,-1,0,0,0,0,0,0,-1,0,130,0,130,0,0,130,130,0,130,1,1,0,0,0,-1,607271242,"6.18"
"C39540",1,2026-02-10,2026-02-09,1,,-1,0,0,1,0,5,1,0,0,25,0,22,1,207,312,0,0,1,0,0,25,0,0,-1,-1,-1,-1,0,0,0,0,0,0,-1,0,0,-1,-1,-1,-1,0,0,0,0,0,0,-1,0,0,18,18,0,0,18,18,0,18,2,1,0,0,0,-1,607271242,"6.18"
"C39543",1,2026-02-09,2026-02-08,1,,-1,0,0,0,2,37,1,0,0,24,0,22,1,335,422,0,0,0,2,0,24,0,0,-1,-1,-1,-1,0,0,0,0,0,0,-1,0,0,-1,-1,-1,-1,0,0,0,0,0,0,-1,0,17,0,17,0,0,17,17,10,27,1,1,0,0,0,-1,607271242,"6.18"
"C39546",1,2026-02-12,2026-02-11,1,,-1,0,0,1,0,5,1,0,0,55,0,22,1,116,101,0,0,1,0,0,55,0,0,-1,-1,-1,-1,0,0,0,0,0,0,-1,0,0,-1,-1,-1,-1,0,0,0,0,0,0,-1,0,0,16,16,0,0,16,16,194,210,2,1,0,0,0,-1,607271242,"6.18"
"C39549",1,2026-05-04,2026-05-03,1,,-1,0,0,1,0,5,1,0,0,25,0,0,-1,-1,-1,0,0,0,0,0,-1,0,21,1,1,99,-1,19,0,0,1,0,0,25,0,0,-1,-1,-1,-1,0,0,0,0,0,0,-1,0,0,0,0,19,131,150,19,81,100,4,0,1,0,0,-1,607271242,"6.18"
"C39552",1,2026-02-10,2026-02-09,1,,-1,0,0,1,0,5,1,0,0,55,0,22,1,336,423,0,0,1,0,0,55,0,0,-1,-1,-1,-1,0,0,0,0,0,0,-1,0,0,-1,-1,-1,-1,0,0,0,0,0,0,-1,0,19,0,19,0,0,19,19,0,19,1,1,0,0,0,-1,607271242,"6.18"
"C39555",1,2026-02-11,2026-02-10,1,,-1,0,0,1,0,3,1,0,0,55,0,22,1,116,410,0,0,1,0,0,55,0,0,-1,-1,-1,-1,0,0,0,0,0,0,-1,0,0,-1,-1,-1,-1,0,0,0,0,0,0,-1,0,84,0,84,0,0,84,84,0,84,1,1,0,0,0,-1,607271242,"6.18"
"C39558",1,2026-02-10,2026-02-09,1,,-1,1,1,1,0,45,1,0,0,55,0,22,1,116,423,1,1,1,0,0,55,0,0,-1,-1,-1,-1,0,0,0,0,0,0,-1,0,0,-1,-1,-1,-1,0,0,0,0,0,0,-1,0,23,0,23,0,0,23,23,0,23,1,1,0,0,0,-1,607271242,"6.18"
"C39561",2,2026-02-10,2026-02-09,1,,-1,0,1,1,2,5,2,2,0,25,1,22,1,335,410,0,1,1,2,0,25,1,0,-1,-1,-1,-1,0,0,0,0,0,0,-1,0,0,-1,-1,-1,-1,0,0,0,0,0,0,-1,0,127,0,127,0,0,127,127,251,378,1,1,0,0,0,-1,607271242,"6.18"
"C39573",1,2026-02-10,2026-02-09,1,,-1,9,1,1,0,5,1,0,0,25,0,0,-1,-1,-1,0,0,0,0,0,-1,0,22,1,3,116,410,0,0,1,1,0,0,25,0,0,-1,-1,-1,-1,0,0,0,0,0,0,-1,0,0,0,0,0,101,101,0,39,39,4,0,1,0,0,-1,607271242,"6.18"
"C39576",1,2026-02-07,2026-02-06,1,,-1,0,0,0,2,46,1,0,0,25,0,22,3,101,312,0,0,0,2,0,25,0,0,-1,-1,-1,-1,0,0,0,0,0,0,-1,0,0,-1,-1,-1,-1,0,0,0,0,0,0,-1,0,13,0,13,0,0,13,13,2,15,1,1,0,0,0,-1,607271242,"6.18"
"C39579",1,2026-02-10,2026-02-09,1,,-1,9,0,1,2,16,1,0,0,25,0,22,3,206,423,0,0,1,2,0,25,0,0,-1,-1,-1,-1,0,0,0,0,0,0,-1,0,0,-1,-1,-1,-1,0,0,0,0,0,0,-1,0,16,0,16,0,0,16,16,0,16,1,1,0,0,0,-1,607271242,"6.18"
"C39582",1,2026-04-28,2026-04-27,1,,-1,4,0,0,0,3,2,0,0,25,0,0,-1,-1,-1,0,0,0,0,0,-1,0,21,0,3,116,-1,156,0,0,0,0,0,25,0,0,-1,-1,-1,-1,0,0,0,0,0,0,-1,0,0,0,0,156,0,156,156,237,393,4,0,0,0,0,-1,607271242,"6.18"
"C39588",1,2026-02-12,2026-02-11,1,,-1,0,0,1,0,5,1,0,0,25,0,22,3,336,312,0,0,1,0,0,25,0,0,-1,-1,-1,-1,0,0,0,0,0,0,-1,0,0,-1,-1,-1,-1,0,0,0,0,0,0,-1,0,13,0,13,0,0,13,13,0,13,1,1,0,0,0,-1,607271242,"6.18"
"C39591",1,2026-02-11,2026-02-10,1,,-1,0,0,0,0,3,1,0,0,25,0,22,3,335,312,0,0,0,0,0,25,0,0,-1,-1,-1,-1,0,0,0,0,0,0,-1,0,0,-1,-1,-1,-1,0,0,0,0,0,0,-1,0,14,0,14,0,0,14,14,0,14,1,1,0,0,0,-1,607271242,"6.18"
"C39594",1,2026-02-12,2026-02-11,1,,-1,0,0,0,2,47,1,0,0,25,0,22,3,336,410,0,0,0,2,0,25,0,0,-1,-1,-1,-1,0,0,0,0,0,0,-1,0,0,-1,-1,-1,-1,0,0,0,0,0,0,-1,0,43,0,43,0,0,43,43,0,43,1,1,0,0,0,-1,607271242,"6.18"
"C39597",1,2026-02-13,2026-02-12,1,,-1,0,0,1,0,5,1,0,0,55,0,22,1,335,420,0,0,1,0,0,55,0,0,-1,-1,-1,-1,0,0,0,0,0,0,-1,0,0,-1,-1,-1,-1,0,0,0,0,0,0,-1,0,0,109,109,0,0,109,109,0,109,2,1,0,0,0,-1,607271242,"6.18"
"C39600",1,2026-02-12,2026-02-11,1,,-1,0,0,1,2,5,1,0,0,25,0,22,1,206,206,0,0,1,2,0,25,0,0,-1,-1,-1,-1,0,0,0,0,0,0,-1,0,0,-1,-1,-1,-1,0,0,0,0,0,0,-1,0,36,0,36,0,0,36,36,0,36,1,1,0,0,0,-1,607271242,"6.18"
"C39603",1,2026-04-10,2026-04-09,1,,-1,0,0,0,0,5,1,0,0,25,0,0,-1,-1,-1,0,0,0,0,0,-1,0,21,1,1,101,-1,1,0,0,0,0,0,25,0,0,-1,-1,-1,-1,0,0,0,0,0,0,-1,0,0,0,0,1,173,174,1,60,61,4,0,1,0,0,-1,607271242,"6.18"
"C39606",1,2026-02-11,2026-02-10,1,,-1,0,0,1,2,3,1,0,0,55,0,22,1,336,98,0,0,1,2,0,55,0,0,-1,-1,-1,-1,0,0,0,0,0,0,-1,0,0,-1,-1,-1,-1,0,0,0,0,0,0,-1,0,15,0,15,0,0,15,15,2,17,1,1,0,0,0,-1,607271242,"6.18"
"C39609",1,2026-02-11,2026-02-10,1,,-1,0,0,0,0,3,1,0,0,18,0,22,1,336,98,0,0,0,0,0,18,0,0,-1,-1,-1,-1,0,0,0,0,0,0,-1,0,0,-1,-1,-1,-1,0,0,0,0,0,0,-1,0,15,0,15,0,0,15,15,2,17,1,1,0,0,0,-1,607271242,"6.18"
"C39612",1,2026-02-14,2026-02-13,1,,-1,1,0,1,2,56,1,0,0,55,0,22,1,101,101,1,0,1,2,0,55,0,0,-1,-1,-1,-1,0,0,0,0,0,0,-1,0,0,-1,-1,-1,-1,0,0,0,0,0,0,-1,0,48,0,48,0,0,48,48,0,48,1,1,0,0,0,-1,607271242,"6.18"
"C39615",1,2026-02-14,2026-02-13,1,,-1,0,0,1,0,5,1,0,0,25,0,22,1,116,99,0,0,1,0,0,25,0,0,-1,-1,-1,-1,0,0,0,0,0,0,-1,0,0,-1,-1,-1,-1,0,0,0,0,0,0,-1,0,39,0,39,0,0,39,39,10,49,1,1,0,0,0,-1,607271242,"6.18"
"C39618",1,2026-02-10,2026-02-09,1,,-1,0,0,0,2,3,1,0,0,25,0,22,3,336,410,0,0,0,2,0,25,0,0,-1,-1,-1,-1,0,0,0,0,0,0,-1,0,0,-1,-1,-1,-1,0,0,0,0,0,0,-1,0,51,0,51,0,0,51,51,0,51,1,1,0,0,0,-1,607271242,"6.18"
"C39621",1,2026-02-13,2026-02-12,1,,-1,0,0,0,0,3,1,0,0,25,0,22,3,314,312,0,0,0,0,0,25,0,0,-1,-1,-1,-1,0,0,0,0,0,0,-1,0,0,-1,-1,-1,-1,0,0,0,0,0,0,-1,0,134,0,134,0,0,134,134,7,141,1,1,0,0,0,-1,607271242,"6.18"
"C39624",1,2026-02-09,2026-02-08,1,,-1,1,0,1,0,15,1,0,0,25,0,22,1,205,423,1,0,1,0,0,25,0,0,-1,-1,-1,-1,0,0,0,0,0,0,-1,0,0,-1,-1,-1,-1,0,0,0,0,0,0,-1,0,32,0,32,0,0,32,32,0,32,1,1,0,0,0,-1,607271242,"6.18"
"C39627",2,2026-02-14,2026-02-13,1,,-1,0,0,0,0,3,1,1,0,25,1,22,1,336,99,0,0,0,0,0,25,1,0,-1,-1,-1,-1,0,0,0,0,0,0,-1,0,0,-1,-1,-1,-1,0,0,0,0,0,0,-1,0,3,0,3,0,0,3,3,0,3,1,1,0,0,0,-1,607271242,"6.18"
"C39633",1,2026-02-11,2026-02-10,1,,-1,4,0,0,0,56,1,0,0,25,0,22,1,336,423,0,0,0,0,0,25,0,0,-1,-1,-1,-1,0,0,0,0,0,0,-1,0,0,-1,-1,-1,-1,0,0,0,0,0,0,-1,0,47,0,47,0,0,47,47,15,62,1,1,0,0,0,-1,607271242,"6.18"
"C39636",1,2026-02-23,2026-02-22,1,,-1,0,1,1,0,3,1,0,0,55,0,0,-1,-1,-1,0,0,0,0,0,-1,0,22,1,2,101,410,15,0,1,1,0,0,55,0,0,-1,-1,-1,-1,0,0,0,0,0,0,-1,0,0,0,0,15,103,118,15,15,30,4,0,1,0,0,-1,607271242,"6.18"
"C39639",1,2026-02-15,2026-02-14,1,,-1,1,0,1,2,35,1,0,0,18,0,22,1,99,99,1,0,1,2,0,18,0,22,0,1,101,99,111,1,0,1,2,0,18,0,0,-1,-1,-1,-1,0,0,0,0,0,0,-1,0,5,0,5,108,0,113,113,64,177,5,1,0,0,0,-1,607271242,"6.18"
"C39642",1,2026-02-14,2026-02-13,1,,-1,0,0,1,0,5,1,0,0,25,0,22,3,205,313,0,0,1,0,0,25,0,0,-1,-1,-1,-1,0,0,0,0,0,0,-1,0,0,-1,-1,-1,-1,0,0,0,0,0,0,-1,0,56,0,56,0,0,56,56,105,161,1,1,0,0,0,-1,607271242,"6.18"
"C39657",2,2026-02-15,2026-02-14,1,,-1,9,0,1,1,3,1,2,0,25,1,22,1,98,99,0,0,1,1,0,25,1,21,1,1,101,-1,20,0,0,1,1,0,25,1,0,-1,-1,-1,-1,0,0,0,0,0,0,-1,0,42,0,42,7,179,228,49,42,91,5,1,1,0,0,-1,607271242,"6.18"
"C39660",2,2026-02-15,2026-02-14,1,,-1,0,0,1,0,3,1,3,0,25,1,22,1,410,99,0,0,1,0,1,25,1,0,-1,-1,-1,-1,0,0,0,0,0,0,-1,0,0,-1,-1,-1,-1,0,0,0,0,0,0,-1,0,144,0,144,0,0,144,144,2,146,1,1,0,0,0,-1,607271242,"6.18"
"C39672",1,2026-02-17,2026-02-16,1,,-1,0,1,1,0,5,1,0,0,25,0,22,1,116,422,0,1,1,0,0,25,0,0,-1,-1,-1,-1,0,0,0,0,0,0,-1,0,0,-1,-1,-1,-1,0,0,0,0,0,0,-1,0,68,0,68,0,0,68,68,6,74,1,1,0,0,0,-1,607271242,"6.18"
"C39675",2,2026-04-19,2026-04-18,1,,-1,0,0,0,2,5,1,2,0,25,1,21,1,101,-1,0,0,0,2,0,25,1,0,-1,-1,-1,-1,0,0,0,0,0,0,-1,0,0,-1,-1,-1,-1,0,0,0,0,0,0,-1,0,165,0,165,0,0,165,165,63,228,1,1,0,0,0,-1,607271242,"6.18"
"C39684",2,2026-02-15,2026-02-14,1,,-1,0,0,1,1,3,1,3,0,25,1,22,1,335,313,0,0,1,1,1,25,1,0,-1,-1,-1,-1,0,0,0,0,0,0,-1,0,0,-1,-1,-1,-1,0,0,0,0,0,0,-1,0,17,0,17,0,0,17,17,2,19,1,1,0,0,0,-1,607271242,"6.18"
"C39696",3,2026-02-16,2026-02-15,1,,-1,0,0,0,2,35,0,2,0,-1,1,22,1,314,314,0,0,0,2,0,-1,1,0,-1,-1,-1,-1,0,0,0,0,0,0,-1,0,0,-1,-1,-1,-1,0,0,0,0,0,0,-1,0,13,0,13,0,0,13,13,2,15,1,1,0,0,0,-1,607271242,"6.18"
"C39702",1,2026-02-14,2026-02-13,1,,-1,0,0,1,0,5,1,0,0,25,0,22,1,205,410,0,0,1,0,0,25,0,0,-1,-1,-1,-1,0,0,0,0,0,0,-1,0,0,-1,-1,-1,-1,0,0,0,0,0,0,-1,0,110,0,110,0,0,110,110,0,110,1,1,0,0,0,-1,607271242,"6.18"
"C39705",1,2026-06-19,2026-06-18,1,,-1,4,0,0,2,5,2,0,0,25,0,0,-1,-1,-1,0,0,0,0,0,-1,0,21,0,1,116,-1,104,0,0,0,2,0,25,0,0,-1,-1,-1,-1,0,0,0,0,0,0,-1,0,0,0,0,104,0,104,104,291,395,4,0,0,0,0,-1,607271242,"6.18"
"C39708",1,2026-02-16,2026-02-15,1,,-1,0,0,1,2,124,1,0,0,25,0,22,1,314,101,0,0,1,2,0,25,0,0,-1,-1,-1,-1,0,0,0,0,0,0,-1,0,0,-1,-1,-1,-1,0,0,0,0,0,0,-1,0,19,0,19,0,0,19,19,0,19,1,1,0,0,0,-1,607271242,"6.18"
"C39711",1,2026-02-28,2026-02-27,1,,-1,0,0,1,1,3,1,0,0,25,0,0,-1,-1,-1,0,0,0,0,0,-1,0,21,1,1,335,-1,66,0,0,1,1,0,25,0,0,-1,-1,-1,-1,0,0,0,0,0,0,-1,0,0,0,0,66,149,215,66,0,66,4,0,1,0,0,-1,607271242,"6.18"
"C39714",1,2026-02-14,2026-02-13,1,,-1,0,0,1,2,5,1,0,0,25,0,22,1,336,99,0,0,1,2,0,25,0,0,-1,-1,-1,-1,0,0,0,0,0,0,-1,0,0,-1,-1,-1,-1,0,0,0,0,0,0,-1,0,24,0,24,0,0,24,24,43,67,1,1,0,0,0,-1,607271242,"6.18"
"C39717",1,2026-02-17,2026-02-16,1,,-1,9,0,1,1,3,1,0,0,25,0,22,1,116,422,0,0,1,1,0,25,0,0,-1,-1,-1,-1,0,0,0,0,0,0,-1,0,0,-1,-1,-1,-1,0,0,0,0,0,0,-1,0,45,0,45,0,0,45,45,0,45,1,1,0,0,0,-1,607271242,"6.18"
"C39720",1,2026-02-15,2026-02-14,1,,-1,0,0,0,0,56,1,0,0,25,0,22,3,336,98,0,0,0,0,0,25,0,0,-1,-1,-1,-1,0,0,0,0,0,0,-1,0,0,-1,-1,-1,-1,0,0,0,0,0,0,-1,0,17,0,17,0,0,17,17,0,17,1,1,0,0,0,-1,607271242,"6.18"
"C39723",1,2026-02-14,2026-02-13,1,,-1,0,0,0,0,5,1,0,0,25,0,21,3,118,-1,0,0,0,0,0,25,0,0,-1,-1,-1,-1,0,0,0,0,0,0,-1,0,0,-1,-1,-1,-1,0,0,0,0,0,0,-1,0,229,0,229,0,0,229,229,12,241,1,1,0,0,0,-1,607271242,"6.18"
"C39726",1,2026-02-14,2026-02-13,1,,-1,4,0,0,1,125,1,0,0,25,0,22,3,118,99,0,0,0,1,0,25,0,0,-1,-1,-1,-1,0,0,0,0,0,0,-1,0,0,-1,-1,-1,-1,0,0,0,0,0,0,-1,0,29,0,29,0,0,29,29,13367,13396,1,1,0,0,0,-1,607271242,"6.18"
"C39729",2,2026-04-25,2026-04-24,1,,-1,1,0,1,1,13,1,2,0,25,1,22,1,116,312,1,0,1,1,0,25,1,21,0,1,101,-1,152,1,0,1,1,0,25,1,0,-1,-1,-1,-1,0,0,0,0,0,0,-1,0,33,0,33,126,0,159,159,357,516,5,1,0,0,0,-1,607271242,"6.18"
"C39738",1,2026-02-20,2026-02-19,1,,-1,0,0,1,0,3,1,0,0,25,0,22,1,410,410,0,0,1,0,0,25,0,0,-1,-1,-1,-1,0,0,0,0,0,0,-1,0,0,-1,-1,-1,-1,0,0,0,0,0,0,-1,0,0,35,35,0,0,35,35,0,35,2,1,0,0,0,-1,607271242,"6.18"
"C39741",1,2026-03-26,2026-03-25,1,,-1,9,0,1,0,5,1,0,0,55,0,21,1,99,-1,0,0,1,0,0,55,0,0,-1,-1,-1,-1,0,0,0,0,0,0,-1,0,0,-1,-1,-1,-1,0,0,0,0,0,0,-1,0,5,0,5,0,0,5,5,298,303,1,1,0,0,0,-1,607271242,"6.18"
"C39744",2,2026-02-17,2026-02-16,1,,-1,0,0,1,0,126,2,1,0,25,1,22,3,116,431,0,0,1,0,0,25,1,0,-1,-1,-1,-1,0,0,0,0,0,0,-1,0,0,-1,-1,-1,-1,0,0,0,0,0,0,-1,0,127,0,127,0,0,127,127,8,135,1,1,0,0,0,-1,607271242,"6.18"
"C39759",2,2026-02-27,2026-02-26,1,,-1,0,0,0,0,36,1,1,0,25,1,0,-1,-1,-1,0,0,0,0,0,-1,0,21,1,3,116,-1,0,0,0,0,0,0,25,1,0,-1,-1,-1,-1,0,0,0,0,0,0,-1,0,0,0,0,0,216,216,0,15,15,4,0,1,0,0,-1,607271242,"6.18"
"C39765",2,2026-02-20,2026-02-19,1,,-1,0,0,0,2,5,2,1,0,25,1,22,1,116,99,0,0,0,2,0,25,1,0,-1,-1,-1,-1,0,0,0,0,0,0,-1,0,0,-1,-1,-1,-1,0,0,0,0,0,0,-1,0,48,0,48,0,0,48,48,20,68,1,1,0,0,0,-1,607271242,"6.18"
"C39771",1,2026-02-13,2026-02-12,1,,-1,0,0,0,0,5,1,0,0,25,0,22,1,99,99,0,0,0,0,0,25,0,0,-1,-1,-1,-1,0,0,0,0,0,0,-1,0,0,-1,-1,-1,-1,0,0,0,0,0,0,-1,0,1,0,1,0,0,1,1,11,12,1,1,0,0,0,-1,607271242,"6.18"
"C39774",1,2026-02-20,2026-02-19,1,,-1,0,0,1,2,5,1,0,0,18,0,21,1,101,-1,0,0,1,2,0,18,0,0,-1,-1,-1,-1,0,0,0,0,0,0,-1,0,0,-1,-1,-1,-1,0,0,0,0,0,0,-1,0,223,0,223,0,0,223,223,0,223,1,1,0,0,0,-1,607271242,"6.18"
"C39777",2,2026-03-03,2026-03-02,1,,-1,0,0,0,1,35,1,1,0,18,1,22,1,335,410,0,0,0,1,0,18,1,0,-1,-1,-1,-1,0,0,0,0,0,0,-1,0,0,-1,-1,-1,-1,0,0,0,0,0,0,-1,0,94,0,94,0,0,94,94,8,102,1,1,0,0,0,-1,607271242,"6.18"
"C39783",2,2026-06-08,2026-06-07,1,,-1,9,0,1,2,5,2,3,0,25,1,21,1,116,-1,0,0,1,2,1,25,1,0,-1,-1,-1,-1,0,0,0,0,0,0,-1,0,0,-1,-1,-1,-1,0,0,0,0,0,0,-1,0,115,0,115,0,0,115,115,65,180,1,1,0,0,0,-1,607271242,"6.18"
"C39795",1,2026-02-20,2026-02-19,1,,-1,0,0,1,1,5,1,0,0,55,0,22,1,314,99,0,0,1,1,0,55,0,21,1,1,101,-1,34,0,0,1,1,0,55,0,0,-1,-1,-1,-1,0,0,0,0,0,0,-1,0,15,0,15,30,166,211,45,19,64,5,1,1,0,0,-1,607271242,"6.18"
"C39798",1,2026-02-15,2026-02-14,1,,-1,0,0,0,0,135,1,0,0,55,0,22,1,116,116,0,0,0,0,0,55,0,0,-1,-1,-1,-1,0,0,0,0,0,0,-1,0,0,-1,-1,-1,-1,0,0,0,0,0,0,-1,0,39,0,39,0,0,39,39,15,54,1,1,0,0,0,-1,607271242,"6.18"
"C39801",1,2026-02-19,2026-02-18,1,,-1,0,0,1,0,3,1,0,0,55,0,22,1,116,99,0,0,1,0,0,55,0,0,-1,-1,-1,-1,0,0,0,0,0,0,-1,0,0,-1,-1,-1,-1,0,0,0,0,0,0,-1,0,69,0,69,0,0,69,69,12,81,1,1,0,0,0,-1,607271242,"6.18"
"C39804",1,2026-02-17,2026-02-16,1,,-1,0,0,1,2,5,1,0,0,25,0,22,1,101,410,0,0,1,2,0,25,0,0,-1,-1,-1,-1,0,0,0,0,0,0,-1,0,0,-1,-1,-1,-1,0,0,0,0,0,0,-1,0,43,0,43,0,0,43,43,15,58,1,1,0,0,0,-1,607271242,"6.18"
"C39807",2,2026-02-16,2026-02-15,1,,-1,0,0,0,2,3,1,3,0,25,1,22,1,336,99,0,0,0,2,1,25,1,0,-1,-1,-1,-1,0,0,0,0,0,0,-1,0,0,-1,-1,-1,-1,0,0,0,0,0,0,-1,0,71,0,71,0,0,71,71,4,75,1,1,0,0,0,-1,607271242,"6.18"
"C39819",1,2026-02-19,2026-02-18,1,,-1,4,0,0,0,5,1,0,0,55,0,22,1,116,99,0,0,0,0,0,55,0,0,-1,-1,-1,-1,0,0,0,0,0,0,-1,0,0,-1,-1,-1,-1,0,0,0,0,0,0,-1,0,44,0,44,0,0,44,44,839,883,1,1,0,0,0,-1,607271242,"6.18"
"C39822",1,2026-02-20,2026-02-19,1,,-1,9,0,1,0,5,1,0,0,25,0,22,3,204,422,0,0,1,0,0,25,0,0,-1,-1,-1,-1,0,0,0,0,0,0,-1,0,0,-1,-1,-1,-1,0,0,0,0,0,0,-1,0,14,0,14,0,0,14,14,0,14,1,1,0,0,0,-1,607271242,"6.18"
"C39825",1,2026-02-20,2026-02-19,1,,-1,4,0,0,0,3,1,0,0,55,0,22,3,335,99,0,0,0,0,0,55,0,0,-1,-1,-1,-1,0,0,0,0,0,0,-1,0,0,-1,-1,-1,-1,0,0,0,0,0,0,-1,0,59,0,59,0,0,59,59,131,190,1,1,0,0,0,-1,607271242,"6.18"
"C39828",2,2026-05-01,2026-04-30,1,,-1,0,0,0,2,5,1,2,0,25,1,0,-1,-1,-1,0,0,0,0,0,-1,0,21,0,3,314,-1,153,0,0,0,2,0,25,1,0,-1,-1,-1,-1,0,0,0,0,0,0,-1,0,0,0,0,153,0,153,153,0,153,4,0,0,0,0,-1,607271242,"6.18"
"C39837",1,2026-05-03,2026-05-02,1,,-1,1,0,1,0,5,1,0,0,25,0,0,-1,-1,-1,0,0,0,0,0,-1,0,21,1,1,116,-1,2,1,0,1,0,0,25,0,0,-1,-1,-1,-1,0,0,0,0,0,0,-1,0,0,0,0,2,149,151,2,455,457,4,0,1,0,0,-1,607271242,"6.18"
"C39840",1,2026-02-20,2026-02-19,1,,-1,0,0,1,0,3,1,0,0,25,0,22,1,314,410,0,0,1,0,0,25,0,0,-1,-1,-1,-1,0,0,0,0,0,0,-1,0,0,-1,-1,-1,-1,0,0,0,0,0,0,-1,0,50,0,50,0,0,50,50,7,57,1,1,0,0,0,-1,607271242,"6.18"
"C39843",1,2026-02-20,2026-02-19,1,,-1,0,0,1,2,5,2,0,0,25,1,22,1,314,314,0,0,1,2,0,25,1,0,-1,-1,-1,-1,0,0,0,0,0,0,-1,0,0,-1,-1,-1,-1,0,0,0,0,0,0,-1,0,15,0,15,0,0,15,15,61,76,1,1,0,0,0,-1,607271242,"6.18"
"C39849",1,2026-03-03,2026-03-02,1,,-1,0,0,0,0,5,1,0,0,18,0,0,-1,-1,-1,0,0,0,0,0,-1,0,21,1,3,116,-1,2,0,0,0,0,0,18,0,0,-1,-1,-1,-1,0,0,0,0,0,0,-1,0,0,0,0,2,210,212,2,8,10,4,0,1,0,0,-1,607271242,"6.18"
"C39852",2,2026-03-02,2026-03-01,1,,-1,0,0,0,0,145,1,3,0,25,1,22,1,116,99,0,0,0,0,1,25,1,0,-1,-1,-1,-1,0,0,0,0,0,0,-1,0,0,-1,-1,-1,-1,0,0,0,0,0,0,-1,0,24,0,24,0,0,24,24,2,26,1,1,0,0,0,-1,607271242,"6.18"
"C39867",1,2026-03-14,2026-03-13,1,,-1,0,0,0,0,3,1,0,0,25,0,22,1,99,99,0,0,0,0,0,25,0,21,0,1,116,-1,179,0,0,0,0,0,25,0,0,-1,-1,-1,-1,0,0,0,0,0,0,-1,0,3,0,3,179,0,182,182,60,242,5,1,0,0,0,-1,607271242,"6.18"
"C39867",2,2026-02-16,2026-02-15,1,,-1,0,0,0,0,3,1,2,0,25,1,22,1,116,99,0,0,0,0,0,25,1,0,-1,-1,-1,-1,0,0,0,0,0,0,-1,0,0,-1,-1,-1,-1,0,0,0,0,0,0,-1,0,9,0,9,0,0,9,9,66,75,1,1,0,0,0,-1,607271242,"6.18"
"C39870",2,2026-02-22,2026-02-21,1,,-1,0,0,0,0,146,1,3,0,25,1,22,1,116,99,0,0,0,0,1,25,1,0,-1,-1,-1,-1,0,0,0,0,0,0,-1,0,0,-1,-1,-1,-1,0,0,0,0,0,0,-1,0,28,0,28,0,0,28,28,36,64,1,1,0,0,0,-1,607271242,"6.18"
"C39882",1,2026-02-22,2026-02-21,1,,-1,0,1,1,0,56,1,0,0,25,0,0,-1,-1,-1,0,0,0,0,0,-1,0,21,1,1,336,-1,5,0,1,1,0,0,25,0,0,-1,-1,-1,-1,0,0,0,0,0,0,-1,0,0,0,0,5,216,221,5,0,5,4,0,1,0,0,-1,607271242,"6.18"
"C39885",1,2026-02-21,2026-02-20,1,,-1,9,0,1,0,16,1,0,0,24,0,22,3,99,422,0,0,1,0,0,24,0,0,-1,-1,-1,-1,0,0,0,0,0,0,-1,0,0,-1,-1,-1,-1,0,0,0,0,0,0,-1,0,36,0,36,0,0,36,36,0,36,1,1,0,0,0,-1,607271242,"6.18"
"C39888",1,2026-02-23,2026-02-22,1,,-1,0,1,0,0,147,1,0,0,25,0,0,-1,-1,-1,0,0,0,0,0,-1,0,21,1,2,116,-1,57,0,1,0,0,0,25,0,0,-1,-1,-1,-1,0,0,0,0,0,0,-1,0,0,0,0,57,163,220,57,13,70,4,0,1,0,0,-1,607271242,"6.18"
"C39891",1,2026-02-22,2026-02-21,1,,-1,0,0,1,2,5,1,0,0,24,0,0,-1,-1,-1,0,0,0,0,0,-1,0,22,1,3,116,420,7,0,0,1,2,0,24,0,0,-1,-1,-1,-1,0,0,0,0,0,0,-1,0,0,0,0,7,131,138,7,31,38,4,0,1,0,0,-1,607271242,"6.18"
"C39894",1,2026-03-01,2026-02-28,1,,-1,0,0,1,0,5,1,0,0,25,0,22,1,101,423,0,0,1,0,0,25,0,0,-1,-1,-1,-1,0,0,0,0,0,0,-1,0,0,-1,-1,-1,-1,0,0,0,0,0,0,-1,0,14,0,14,0,0,14,14,2,16,1,1,0,0,0,-1,607271242,"6.18"
"C39897",1,2026-02-22,2026-02-21,1,,-1,0,0,1,0,98,1,0,0,18,0,22,1,336,313,0,0,1,0,0,18,0,0,-1,-1,-1,-1,0,0,0,0,0,0,-1,0,0,-1,-1,-1,-1,0,0,0,0,0,0,-1,0,13,0,13,0,0,13,13,0,13,1,1,0,0,0,-1,607271242,"6.18"
"C39900",1,2026-02-19,2026-02-18,1,,-1,0,0,1,2,5,1,0,0,25,0,22,1,336,98,0,0,1,2,0,25,0,0,-1,-1,-1,-1,0,0,0,0,0,0,-1,0,0,-1,-1,-1,-1,0,0,0,0,0,0,-1,0,20,0,20,0,0,20,20,0,20,1,1,0,0,0,-1,607271242,"6.18"
"C39903",1,2026-02-20,2026-02-19,1,,-1,9,0,1,0,5,1,0,0,18,0,22,1,116,302,0,0,1,0,0,18,0,0,-1,-1,-1,-1,0,0,0,0,0,0,-1,0,0,-1,-1,-1,-1,0,0,0,0,0,0,-1,0,41,0,41,0,0,41,41,160,201,1,1,0,0,0,-1,607271242,"6.18"
"C39906",1,2026-02-23,2026-02-22,1,,-1,0,1,0,0,3,1,0,0,25,0,22,1,335,204,0,1,0,0,0,25,0,0,-1,-1,-1,-1,0,0,0,0,0,0,-1,0,0,-1,-1,-1,-1,0,0,0,0,0,0,-1,0,139,0,139,0,0,139,139,0,139,1,1,0,0,0,-1,607271242,"6.18"
"C39909",2,2026-02-22,2026-02-21,1,,-1,0,0,0,2,3,1,1,0,24,1,22,1,116,422,0,0,0,2,0,24,1,0,-1,-1,-1,-1,0,0,0,0,0,0,-1,0,0,-1,-1,-1,-1,0,0,0,0,0,0,-1,0,18,0,18,0,0,18,18,8,26,1,1,0,0,0,-1,607271242,"6.18"
"C39918",2,2026-02-23,2026-02-22,1,,-1,0,0,1,1,3,1,3,0,25,1,22,1,314,410,0,0,1,1,1,25,1,0,-1,-1,-1,-1,0,0,0,0,0,0,-1,0,0,-1,-1,-1,-1,0,0,0,0,0,0,-1,0,65,0,65,0,0,65,65,22,87,1,1,0,0,0,-1,607271242,"6.18"
"C39933",1,2026-03-15,2026-03-14,1,,-1,0,0,1,2,3,1,0,0,55,0,22,1,99,99,0,0,1,2,0,55,0,21,1,1,116,-1,1,0,0,1,2,0,55,0,0,-1,-1,-1,-1,0,0,0,0,0,0,-1,0,7,0,7,1,121,129,8,112,120,5,1,1,0,0,-1,607271242,"6.18"
"C39939",1,2026-02-23,2026-02-22,1,,-1,0,0,1,1,5,1,0,0,55,0,22,1,101,411,0,0,1,1,0,55,0,0,-1,-1,-1,-1,0,0,0,0,0,0,-1,0,0,-1,-1,-1,-1,0,0,0,0,0,0,-1,0,40,0,40,0,0,40,40,38,78,1,1,0,0,0,-1,607271242,"6.18"
"C39942",1,2026-02-23,2026-02-22,1,,-1,0,1,0,0,3,1,0,0,25,0,22,1,314,314,0,1,0,0,0,25,0,0,-1,-1,-1,-1,0,0,0,0,0,0,-1,0,0,-1,-1,-1,-1,0,0,0,0,0,0,-1,0,16,0,16,0,0,16,16,5,21,1,1,0,0,0,-1,607271242,"6.18"
"C39945",2,2026-03-05,2026-03-04,1,,-1,0,0,0,0,5,1,1,0,25,1,0,-1,-1,-1,0,0,0,0,0,-1,0,21,1,3,116,-1,0,0,0,0,0,0,25,1,0,-1,-1,-1,-1,0,0,0,0,0,0,-1,0,0,0,0,0,210,210,0,38,38,4,0,1,0,0,-1,607271242,"6.18"
"C39951",1,2026-02-23,2026-02-22,1,,-1,0,0,1,2,5,1,0,0,25,0,22,1,206,312,0,0,1,2,0,25,0,0,-1,-1,-1,-1,0,0,0,0,0,0,-1,0,0,-1,-1,-1,-1,0,0,0,0,0,0,-1,0,13,0,13,0,0,13,13,0,13,1,1,0,0,0,-1,607271242,"6.18"
"C39954",1,2026-02-24,2026-02-23,1,,-1,0,0,1,2,234,1,0,0,25,0,22,1,204,313,0,0,1,2,0,25,0,0,-1,-1,-1,-1,0,0,0,0,0,0,-1,0,0,-1,-1,-1,-1,0,0,0,0,0,0,-1,0,25,0,25,0,0,25,25,0,25,1,1,0,0,0,-1,607271242,"6.18"
"C39957",1,2026-03-08,2026-03-07,1,,-1,0,0,0,0,5,1,0,0,18,0,22,1,335,422,0,0,0,0,0,18,0,0,-1,-1,-1,-1,0,0,0,0,0,0,-1,0,0,-1,-1,-1,-1,0,0,0,0,0,0,-1,0,18,0,18,0,0,18,18,4,22,1,1,0,0,0,-1,607271242,"6.18"
"C39960",2,2026-02-18,2026-02-17,1,,-1,0,0,0,0,5,2,1,0,25,1,22,1,410,99,0,0,0,0,0,25,1,0,-1,-1,-1,-1,0,0,0,0,0,0,-1,0,0,-1,-1,-1,-1,0,0,0,0,0,0,-1,0,65,0,65,0,0,65,65,2,67,1,1,0,0,0,-1,607271242,"6.18"
"C39969",2,2026-02-24,2026-02-23,1,,-1,0,0,1,2,5,1,2,0,25,1,22,1,335,410,0,0,1,2,0,25,1,0,-1,-1,-1,-1,0,0,0,0,0,0,-1,0,0,-1,-1,-1,-1,0,0,0,0,0,0,-1,0,32,0,32,0,0,32,32,0,32,1,1,0,0,0,-1,607271242,"6.18"
"C39981",2,2026-02-24,2026-02-23,1,,-1,0,0,0,0,3,1,2,0,18,1,22,1,314,99,0,0,0,0,0,18,1,0,-1,-1,-1,-1,0,0,0,0,0,0,-1,0,0,-1,-1,-1,-1,0,0,0,0,0,0,-1,0,25,0,25,0,0,25,25,22,47,1,1,0,0,0,-1,607271242,"6.18"
"C39993",2,2026-02-27,2026-02-26,1,,-1,0,0,1,2,3,1,1,0,25,1,22,1,335,99,0,0,1,2,0,25,1,0,-1,-1,-1,-1,0,0,0,0,0,0,-1,0,0,-1,-1,-1,-1,0,0,0,0,0,0,-1,0,23,0,23,0,0,23,23,7,30,1,1,0,0,0,-1,607271242,"6.18"
"C39999",1,2026-03-02,2026-03-01,1,,-1,0,0,0,2,5,1,0,0,25,0,22,1,116,313,0,0,0,2,0,25,0,0,-1,-1,-1,-1,0,0,0,0,0,0,-1,0,0,-1,-1,-1,-1,0,0,0,0,0,0,-1,0,2,0,2,0,0,2,2,28,30,1,1,0,0,0,-1,607271242,"6.18"
"C40002",1,2026-02-27,2026-02-26,1,,-1,0,0,1,0,5,1,0,0,25,0,22,1,335,312,0,0,1,0,0,25,0,0,-1,-1,-1,-1,0,0,0,0,0,0,-1,0,0,-1,-1,-1,-1,0,0,0,0,0,0,-1,0,0,43,43,0,0,43,43,0,43,2,1,0,0,0,-1,607271242,"6.18"
"C40005",1,2026-02-24,2026-02-23,1,,-1,1,0,1,0,5,1,0,0,25,0,22,3,98,313,1,0,1,0,0,25,0,0,-1,-1,-1,-1,0,0,0,0,0,0,-1,0,0,-1,-1,-1,-1,0,0,0,0,0,0,-1,0,16,0,16,0,0,16,16,12386,12402,1,1,0,0,0,-1,607271242,"6.18"
"C40008",2,2026-02-07,2026-02-06,1,,-1,0,0,1,0,237,1,1,0,24,1,22,1,335,420,0,0,1,0,0,24,1,0,-1,-1,-1,-1,0,0,0,0,0,0,-1,0,0,-1,-1,-1,-1,0,0,0,0,0,0,-1,0,36,0,36,0,0,36,36,0,36,1,1,0,0,0,-1,607271242,"6.18"
"C40014",1,2026-02-23,2026-02-22,1,,-1,0,0,1,0,5,1,0,0,25,0,22,3,116,313,0,0,1,0,0,25,0,0,-1,-1,-1,-1,0,0,0,0,0,0,-1,0,0,-1,-1,-1,-1,0,0,0,0,0,0,-1,0,22,0,22,0,0,22,22,3,25,1,1,0,0,0,-1,607271242,"6.18"
"C40017",1,2026-02-27,2026-02-26,1,,-1,0,0,1,0,5,1,0,0,25,0,22,1,410,410,0,0,1,0,0,25,0,0,-1,-1,-1,-1,0,0,0,0,0,0,-1,0,0,-1,-1,-1,-1,0,0,0,0,0,0,-1,0,0,50,50,0,0,50,50,0,50,2,1,0,0,0,-1,607271242,"6.18"
"C40020",1,2026-03-02,2026-03-01,1,,-1,0,0,1,0,34,1,0,0,55,0,22,1,99,99,0,0,1,0,0,55,0,0,-1,-1,-1,-1,0,0,0,0,0,0,-1,0,0,-1,-1,-1,-1,0,0,0,0,0,0,-1,0,3,0,3,0,0,3,3,5,8,1,1,0,0,0,-1,607271242,"6.18"
"C40023",1,2026-02-09,2026-02-08,1,,-1,0,0,0,0,245,1,0,0,25,0,22,1,314,314,0,0,0,0,0,25,0,0,-1,-1,-1,-1,0,0,0,0,0,0,-1,0,0,-1,-1,-1,-1,0,0,0,0,0,0,-1,0,40,0,40,0,0,40,40,0,40,1,1,0,0,0,-1,607271242,"6.18"
"C40035",1,2026-02-20,2026-02-19,1,,-1,0,0,0,0,36,1,0,0,25,0,22,1,335,314,0,0,0,0,0,25,0,0,-1,-1,-1,-1,0,0,0,0,0,0,-1,0,0,-1,-1,-1,-1,0,0,0,0,0,0,-1,0,18,0,18,0,0,18,18,8,26,1,1,0,0,0,-1,607271242,"6.18"
"C40038",1,2026-02-25,2026-02-24,1,,-1,0,0,1,1,35,1,0,0,25,0,22,1,336,410,0,0,1,1,0,25,0,0,-1,-1,-1,-1,0,0,0,0,0,0,-1,0,0,-1,-1,-1,-1,0,0,0,0,0,0,-1,0,38,0,38,0,0,38,38,19,57,1,1,0,0,0,-1,607271242,"6.18"
"C40041",1,2026-02-28,2026-02-27,1,,-1,0,0,1,0,246,1,0,0,24,0,22,3,336,312,0,0,1,0,0,24,0,0,-1,-1,-1,-1,0,0,0,0,0,0,-1,0,0,-1,-1,-1,-1,0,0,0,0,0,0,-1,0,47,0,47,0,0,47,47,6,53,1,1,0,0,0,-1,607271242,"6.18"
"C40044",2,2026-03-09,2026-03-08,1,,-1,0,0,0,0,5,1,1,0,25,1,0,-1,-1,-1,0,0,0,0,0,-1,0,21,0,3,116,-1,206,0,0,0,0,0,25,1,0,-1,-1,-1,-1,0,0,0,0,0,0,-1,0,0,0,0,206,0,206,206,35,241,4,0,0,0,0,-1,607271242,"6.18"
"C40050",1,2026-03-01,2026-02-28,1,,-1,0,0,1,2,35,1,0,0,25,0,22,1,336,410,0,0,1,2,0,25,0,0,-1,-1,-1,-1,0,0,0,0,0,0,-1,0,0,-1,-1,-1,-1,0,0,0,0,0,0,-1,0,86,0,86,0,0,86,86,0,86,1,1,0,0,0,-1,607271242,"6.18"
"C40053",1,2026-03-01,2026-02-28,1,,-1,0,0,0,0,35,1,0,0,25,0,22,1,411,99,0,0,0,0,0,25,0,0,-1,-1,-1,-1,0,0,0,0,0,0,-1,0,0,-1,-1,-1,-1,0,0,0,0,0,0,-1,0,57,0,57,0,0,57,57,71,128,1,1,0,0,0,-1,607271242,"6.18"
"C40056",1,2026-02-27,2026-02-26,1,,-1,9,0,1,2,5,1,0,0,25,0,22,1,116,205,0,0,1,2,0,25,0,0,-1,-1,-1,-1,0,0,0,0,0,0,-1,0,0,-1,-1,-1,-1,0,0,0,0,0,0,-1,0,39,0,39,0,0,39,39,0,39,1,1,0,0,0,-1,607271242,"6.18"
"C40059",1,2026-02-26,2026-02-25,1,,-1,0,0,0,0,5,1,0,0,25,0,22,1,116,116,0,0,0,0,0,25,0,0,-1,-1,-1,-1,0,0,0,0,0,0,-1,0,0,-1,-1,-1,-1,0,0,0,0,0,0,-1,0,50,0,50,0,0,50,50,2,52,1,1,0,0,0,-1,607271242,"6.18"
"C40062",1,2026-02-27,2026-02-26,1,,-1,0,1,1,0,5,1,0,0,55,0,22,1,205,98,0,1,1,0,0,55,0,0,-1,-1,-1,-1,0,0,0,0,0,0,-1,0,0,-1,-1,-1,-1,0,0,0,0,0,0,-1,0,14,0,14,0,0,14,14,15,29,1,1,0,0,0,-1,607271242,"6.18"
"C40065",1,2026-03-17,2026-03-16,1,,-1,0,0,1,0,5,1,0,0,25,0,0,-1,-1,-1,0,0,0,0,0,-1,0,21,1,1,101,-1,19,0,0,1,0,0,25,0,0,-1,-1,-1,-1,0,0,0,0,0,0,-1,0,0,0,0,19,179,198,19,31,50,4,0,1,0,0,-1,607271242,"6.18"
"C40077",1,2026-02-27,2026-02-26,1,,-1,1,0,1,0,5,1,0,0,25,0,22,1,116,98,1,0,1,0,0,25,0,0,-1,-1,-1,-1,0,0,0,0,0,0,-1,0,0,-1,-1,-1,-1,0,0,0,0,0,0,-1,0,15,0,15,0,0,15,15,187,202,1,1,0,0,0,-1,607271242,"6.18"
"C40080",1,2026-03-29,2026-03-28,1,,-1,0,0,0,1,5,1,0,0,25,0,0,-1,-1,-1,0,0,0,0,0,-1,0,21,1,3,302,-1,0,0,0,0,1,0,25,0,0,-1,-1,-1,-1,0,0,0,0,0,0,-1,0,0,0,0,0,186,186,0,0,0,4,0,1,0,0,-1,607271242,"6.18"
"C40083",1,2026-02-17,2026-02-16,1,,-1,0,0,1,0,5,1,0,0,25,0,22,1,335,312,0,0,1,0,0,25,0,0,-1,-1,-1,-1,0,0,0,0,0,0,-1,0,0,-1,-1,-1,-1,0,0,0,0,0,0,-1,0,20,0,20,0,0,20,20,0,20,1,1,0,0,0,-1,607271242,"6.18"
"C40086",2,2026-03-20,2026-03-19,1,,-1,0,0,1,0,5,2,2,0,25,1,0,-1,-1,-1,0,0,0,0,0,-1,0,21,0,3,314,-1,195,0,0,1,0,0,25,1,0,-1,-1,-1,-1,0,0,0,0,0,0,-1,0,0,0,0,195,0,195,195,22,217,4,0,0,0,0,-1,607271242,"6.18"
"C40098",1,2026-02-28,2026-02-27,1,,-1,0,0,0,0,5,1,0,0,55,0,22,3,206,313,0,0,0,0,0,55,0,0,-1,-1,-1,-1,0,0,0,0,0,0,-1,0,0,-1,-1,-1,-1,0,0,0,0,0,0,-1,0,23,0,23,0,0,23,23,0,23,1,1,0,0,0,-1,607271242,"6.18"
"C40101",2,2026-03-01,2026-02-28,1,,-1,0,0,0,1,3,1,2,0,18,1,22,1,335,99,0,0,0,1,0,18,1,0,-1,-1,-1,-1,0,0,0,0,0,0,-1,0,0,-1,-1,-1,-1,0,0,0,0,0,0,-1,0,61,0,61,0,0,61,61,114,175,1,1,0,0,0,-1,607271242,"6.18"
"C40110",1,2026-02-27,2026-02-26,1,,-1,9,0,1,0,5,1,0,0,25,0,22,3,410,312,0,0,1,0,0,25,0,0,-1,-1,-1,-1,0,0,0,0,0,0,-1,0,0,-1,-1,-1,-1,0,0,0,0,0,0,-1,0,13,0,13,0,0,13,13,0,13,1,1,0,0,0,-1,607271242,"6.18"
"C40113",1,2026-03-01,2026-02-28,1,,-1,0,0,0,0,3,2,0,0,25,0,22,1,335,99,0,0,0,0,0,25,0,21,1,1,101,-1,58,0,0,0,0,0,25,0,0,-1,-1,-1,-1,0,0,0,0,0,0,-1,0,14,0,14,53,136,203,67,19,86,5,1,1,0,0,-1,607271242,"6.18"
"C40116",1,2026-02-28,2026-02-27,1,,-1,0,0,0,1,5,1,0,0,25,0,22,1,116,99,0,0,0,1,0,25,0,0,-1,-1,-1,-1,0,0,0,0,0,0,-1,0,0,-1,-1,-1,-1,0,0,0,0,0,0,-1,0,40,0,40,0,0,40,40,7,47,1,1,0,0,0,-1,607271242,"6.18"
"C40128",1,2026-04-05,2026-04-04,1,,-1,1,0,1,2,5,1,0,0,25,0,22,1,116,423,1,0,1,2,0,25,0,0,-1,-1,-1,-1,0,0,0,0,0,0,-1,0,0,-1,-1,-1,-1,0,0,0,0,0,0,-1,0,17,0,17,0,0,17,17,93,110,1,1,0,0,0,-1,607271242,"6.18"
"C40131",1,2026-03-01,2026-02-28,1,,-1,0,0,0,0,3,1,0,0,25,0,22,1,336,99,0,0,0,0,0,25,0,0,-1,-1,-1,-1,0,0,0,0,0,0,-1,0,0,-1,-1,-1,-1,0,0,0,0,0,0,-1,0,9,0,9,0,0,9,9,42,51,1,1,0,0,0,-1,607271242,"6.18"
"C40134",1,2026-02-28,2026-02-27,1,,-1,0,0,0,0,56,1,0,0,25,0,22,3,420,99,0,0,0,0,0,25,0,0,-1,-1,-1,-1,0,0,0,0,0,0,-1,0,0,-1,-1,-1,-1,0,0,0,0,0,0,-1,0,29,0,29,0,0,29,29,0,29,1,1,0,0,0,-1,607271242,"6.18"
"C40137",1,2026-03-02,2026-03-01,1,,-1,0,0,0,0,5,1,0,0,25,0,22,3,116,98,0,0,0,0,0,25,0,0,-1,-1,-1,-1,0,0,0,0,0,0,-1,0,0,-1,-1,-1,-1,0,0,0,0,0,0,-1,0,67,0,67,0,0,67,67,4,71,1,1,0,0,0,-1,607271242,"6.18"
"C40140",1,2026-03-02,2026-03-01,1,,-1,0,0,1,0,346,1,0,0,25,0,22,3,116,99,0,0,1,0,0,25,0,0,-1,-1,-1,-1,0,0,0,0,0,0,-1,0,0,-1,-1,-1,-1,0,0,0,0,0,0,-1,0,16,0,16,0,0,16,16,33,49,1,1,0,0,0,-1,607271242,"6.18"
"C40143",1,2026-02-14,2026-02-13,1,,-1,0,0,0,0,5,1,0,0,25,0,22,3,206,101,0,0,0,0,0,25,0,0,-1,-1,-1,-1,0,0,0,0,0,0,-1,0,0,-1,-1,-1,-1,0,0,0,0,0,0,-1,0,13,0,13,0,0,13,13,12,25,1,1,0,0,0,-1,607271242,"6.18"
"C40146",1,2026-03-04,2026-03-03,1,,-1,0,0,0,0,5,1,0,0,55,0,22,1,336,99,0,0,0,0,0,55,0,0,-1,-1,-1,-1,0,0,0,0,0,0,-1,0,0,-1,-1,-1,-1,0,0,0,0,0,0,-1,0,1,0,1,0,0,1,1,4,5,1,1,0,0,0,-1,607271242,"6.18"
"C40149",1,2026-03-07,2026-03-06,1,,-1,9,0,1,0,5,3,0,0,25,1,0,-1,-1,-1,0,0,0,0,0,-1,0,22,0,3,116,312,86,0,0,1,0,0,25,1,0,-1,-1,-1,-1,0,0,0,0,0,0,-1,0,0,0,0,85,0,85,85,6,91,4,0,0,0,0,-1,607271242,"6.18"
"C40161",1,2026-03-05,2026-03-04,1,,-1,0,0,1,0,5,1,0,0,25,0,22,1,99,99,0,0,1,0,0,25,0,0,-1,-1,-1,-1,0,0,0,0,0,0,-1,0,0,-1,-1,-1,-1,0,0,0,0,0,0,-1,0,11,0,11,0,0,11,11,64,75,1,1,0,0,0,-1,607271242,"6.18"
"C40164",1,2026-02-26,2026-02-25,1,,-1,0,0,0,0,1,1,0,0,25,0,22,3,336,431,0,0,0,0,0,25,0,0,-1,-1,-1,-1,0,0,0,0,0,0,-1,0,0,-1,-1,-1,-1,0,0,0,0,0,0,-1,0,79,0,79,0,0,79,79,193,272,1,1,0,0,22,1,607271242,"6.18"
"C40167",2,2026-03-03,2026-03-02,1,,-1,0,0,0,2,3,2,1,0,25,1,22,1,410,410,0,0,0,2,0,25,1,0,-1,-1,-1,-1,0,0,0,0,0,0,-1,0,0,-1,-1,-1,-1,0,0,0,0,0,0,-1,0,59,0,59,0,0,59,59,2,61,1,1,0,0,0,-1,607271242,"6.18"
"C40176",2,2026-03-22,2026-03-21,1,,-1,0,0,0,2,56,1,3,0,25,1,22,1,116,99,0,0,0,2,1,25,1,0,-1,-1,-1,-1,0,0,0,0,0,0,-1,0,0,-1,-1,-1,-1,0,0,0,0,0,0,-1,0,28,0,28,0,0,28,28,27,55,1,1,0,0,0,-1,607271242,"6.18"
"C40191",1,2026-03-03,2026-03-02,1,,-1,0,0,1,2,5,1,0,0,25,0,22,3,206,422,0,0,1,2,0,25,0,0,-1,-1,-1,-1,0,0,0,0,0,0,-1,0,0,-1,-1,-1,-1,0,0,0,0,0,0,-1,0,22,0,22,0,0,22,22,5,27,1,1,0,0,0,-1,607271242,"6.18"
"C40194",1,2026-03-03,2026-03-02,1,,-1,9,0,0,0,5,2,0,0,25,0,21,1,99,-1,0,0,0,0,0,25,0,0,-1,-1,-1,-1,0,0,0,0,0,0,-1,0,0,-1,-1,-1,-1,0,0,0,0,0,0,-1,0,212,0,212,0,0,212,212,0,212,1,1,0,0,0,-1,607271242,"6.18"
"C40197",1,2026-05-15,2026-05-14,1,,-1,9,0,1,1,5,1,0,0,25,0,0,-1,-1,-1,0,0,0,0,0,-1,0,21,1,3,101,-1,1,0,0,1,1,0,25,0,0,-1,-1,-1,-1,0,0,0,0,0,0,-1,0,0,0,0,1,138,139,1,74,75,4,0,1,0,0,-1,607271242,"6.18"
"C40203",1,2025-12-12,2025-12-11,1,,-1,9,1,1,0,5,1,0,0,25,0,22,3,99,99,0,1,1,0,0,25,0,0,-1,-1,-1,-1,0,0,0,0,0,0,-1,0,0,-1,-1,-1,-1,0,0,0,0,0,0,-1,0,95,0,95,0,0,95,95,770,865,1,1,0,0,0,-1,607271242,"6.18"
"C40206",1,2026-03-03,2026-03-02,1,,-1,0,0,0,0,367,1,0,0,18,0,21,3,118,-1,0,0,0,0,0,18,0,0,-1,-1,-1,-1,0,0,0,0,0,0,-1,0,0,-1,-1,-1,-1,0,0,0,0,0,0,-1,0,212,0,212,0,0,212,212,0,212,1,1,0,0,0,-1,607271242,"6.18"
"C40209",2,2026-03-15,2026-03-14,1,,-1,0,0,1,1,5,1,1,0,25,1,22,1,314,422,0,0,1,1,0,25,1,0,-1,-1,-1,-1,0,0,0,0,0,0,-1,0,0,-1,-1,-1,-1,0,0,0,0,0,0,-1,0,17,0,17,0,0,17,17,0,17,1,1,0,0,0,-1,607271242,"6.18"
"C40215",1,2026-03-04,2026-03-03,1,,-1,0,0,1,1,5,1,0,0,25,0,21,1,101,-1,0,0,1,1,0,25,0,0,-1,-1,-1,-1,0,0,0,0,0,0,-1,0,0,-1,-1,-1,-1,0,0,0,0,0,0,-1,0,3,0,3,0,0,3,3,104,107,1,1,0,0,0,-1,607271242,"6.18"
"C40218",1,2026-03-05,2026-03-04,1,,-1,0,0,1,2,5,1,0,0,25,0,22,3,116,116,0,0,1,2,0,25,0,0,-1,-1,-1,-1,0,0,0,0,0,0,-1,0,0,-1,-1,-1,-1,0,0,0,0,0,0,-1,0,31,0,31,0,0,31,31,33,64,1,1,0,0,0,-1,607271242,"6.18"
"C40221",1,2026-02-15,2026-02-14,1,,-1,0,0,0,0,3,1,0,0,24,0,22,3,116,313,0,0,0,0,0,24,0,0,-1,-1,-1,-1,0,0,0,0,0,0,-1,0,0,-1,-1,-1,-1,0,0,0,0,0,0,-1,0,31,0,31,0,0,31,31,8,39,1,1,0,0,0,-1,607271242,"6.18"
"C40224",1,2026-04-12,2026-04-11,1,,-1,0,1,1,0,456,1,0,0,55,0,0,-1,-1,-1,0,0,0,0,0,-1,0,21,0,1,101,-1,172,0,1,1,0,0,55,0,0,-1,-1,-1,-1,0,0,0,0,0,0,-1,0,0,0,0,172,0,172,172,9,181,4,0,0,0,0,-1,607271242,"6.18"
"C40227",1,2026-03-02,2026-03-01,1,,-1,1,0,1,0,5,1,0,0,25,0,22,1,116,99,1,0,1,0,0,25,0,0,-1,-1,-1,-1,0,0,0,0,0,0,-1,0,0,-1,-1,-1,-1,0,0,0,0,0,0,-1,0,19,0,19,0,0,19,19,731,750,1,1,0,0,0,-1,607271242,"6.18"
"C40230",1,2026-04-13,2026-04-12,1,,-1,1,1,1,2,5,1,0,0,25,0,21,3,116,-1,1,1,1,2,0,25,0,21,0,1,101,-1,131,1,1,1,2,0,25,0,0,-1,-1,-1,-1,0,0,0,0,0,0,-1,0,171,0,171,0,0,171,171,429,600,5,1,0,0,0,-1,607271242,"6.18"
"C40233",1,2026-02-23,2026-02-22,1,,-1,0,0,0,2,5,1,0,0,25,0,22,1,116,313,0,0,0,2,0,25,0,0,-1,-1,-1,-1,0,0,0,0,0,0,-1,0,0,-1,-1,-1,-1,0,0,0,0,0,0,-1,0,16,0,16,0,0,16,16,32,48,1,1,0,0,0,-1,607271242,"6.18"
"C40236",2,2026-03-06,2026-03-05,1,,-1,0,0,0,2,356,1,1,0,25,1,22,1,116,99,0,0,0,2,0,25,1,0,-1,-1,-1,-1,0,0,0,0,0,0,-1,0,0,-1,-1,-1,-1,0,0,0,0,0,0,-1,0,20,0,20,0,0,20,20,14,34,1,1,0,0,0,-1,607271242,"6.18"
"C40245",1,2026-03-06,2026-03-05,1,,-1,0,0,0,2,56,1,0,0,25,0,22,3,204,302,0,0,0,2,0,25,0,0,-1,-1,-1,-1,0,0,0,0,0,0,-1,0,0,-1,-1,-1,-1,0,0,0,0,0,0,-1,0,40,0,40,0,0,40,40,0,40,1,1,0,0,0,-1,607271242,"6.18"
"C40260",1,2026-03-02,2026-03-01,1,,-1,0,0,0,0,467,1,0,0,18,0,22,3,434,422,0,0,0,0,0,18,0,0,-1,-1,-1,-1,0,0,0,0,0,0,-1,0,0,-1,-1,-1,-1,0,0,0,0,0,0,-1,0,39,0,39,0,0,39,39,0,39,1,1,0,0,0,-1,607271242,"6.18"
"C40266",1,2026-03-06,2026-03-05,1,,-1,0,0,1,2,5,1,0,0,25,0,22,3,101,410,0,0,1,2,0,25,0,0,-1,-1,-1,-1,0,0,0,0,0,0,-1,0,0,-1,-1,-1,-1,0,0,0,0,0,0,-1,0,36,0,36,0,0,36,36,32,68,1,1,0,0,0,-1,607271242,"6.18"
"C40269",2,2026-03-06,2026-03-05,1,,-1,0,0,1,2,1,1,1,0,18,1,22,1,116,99,0,0,1,2,0,18,1,0,-1,-1,-1,-1,0,0,0,0,0,0,-1,0,0,-1,-1,-1,-1,0,0,0,0,0,0,-1,0,16,0,16,0,0,16,16,79,95,1,1,0,0,0,-1,607271242,"6.18"
"C40275",2,2026-05-15,2026-05-14,1,,-1,0,0,1,2,5,1,1,0,25,1,22,1,335,410,0,0,1,2,0,25,1,0,-1,-1,-1,-1,0,0,0,0,0,0,-1,0,0,-1,-1,-1,-1,0,0,0,0,0,0,-1,0,49,0,49,0,0,49,49,0,49,1,1,0,0,0,-1,607271242,"6.18"
"C40284",1,2026-03-28,2026-03-27,1,,-1,0,0,1,0,5,1,0,0,25,0,21,1,101,-1,0,0,1,0,0,25,0,0,-1,-1,-1,-1,0,0,0,0,0,0,-1,0,0,-1,-1,-1,-1,0,0,0,0,0,0,-1,0,187,0,187,0,0,187,187,23,210,1,1,0,0,0,-1,607271242,"6.18"
"C40287",1,2026-03-06,2026-03-05,1,,-1,1,0,1,0,5,1,0,0,25,0,22,1,101,422,1,0,1,0,0,25,0,0,-1,-1,-1,-1,0,0,0,0,0,0,-1,0,0,-1,-1,-1,-1,0,0,0,0,0,0,-1,0,20,0,20,0,0,20,20,368,388,1,1,0,0,0,-1,607271242,"6.18"
"C40293",1,2026-03-14,2026-03-13,1,,-1,1,1,1,0,1,1,0,0,55,0,0,-1,-1,-1,0,0,0,0,0,-1,0,22,1,2,116,419,31,1,1,1,0,0,55,0,0,-1,-1,-1,-1,0,0,0,0,0,0,-1,0,0,0,0,31,61,92,31,140,171,4,0,1,0,0,-1,607271242,"6.18"
"C40296",1,2026-03-07,2026-03-06,1,,-1,0,0,1,2,5,1,0,0,18,0,22,1,336,410,0,0,1,2,0,18,0,0,-1,-1,-1,-1,0,0,0,0,0,0,-1,0,0,-1,-1,-1,-1,0,0,0,0,0,0,-1,0,44,0,44,0,0,44,44,0,44,1,1,0,0,0,-1,607271242,"6.18"
"C40299",1,2026-03-07,2026-03-06,1,,-1,9,0,1,0,5,1,0,0,25,0,22,1,99,314,0,0,1,0,0,25,0,0,-1,-1,-1,-1,0,0,0,0,0,0,-1,0,0,-1,-1,-1,-1,0,0,0,0,0,0,-1,0,44,0,44,0,0,44,44,7,51,1,1,0,0,0,-1,607271242,"6.18"
"C40302",1,2026-03-08,2026-03-07,1,,-1,0,0,1,2,5,1,0,0,55,0,22,1,314,422,0,0,1,2,0,55,0,0,-1,-1,-1,-1,0,0,0,0,0,0,-1,0,0,-1,-1,-1,-1,0,0,0,0,0,0,-1,0,34,0,34,0,0,34,34,379,413,1,1,0,0,0,-1,607271242,"6.18"
"C40305",1,2026-06-06,2026-06-05,1,,-1,1,1,1,0,5,1,0,0,55,0,0,-1,-1,-1,0,0,0,0,0,-1,0,21,1,3,116,-1,0,1,1,1,0,0,55,0,0,-1,-1,-1,-1,0,0,0,0,0,0,-1,0,0,0,0,0,117,117,0,460,460,4,0,1,0,0,-1,607271242,"6.18"
"C40308",1,2026-03-06,2026-03-05,1,,-1,0,0,1,2,5,1,0,0,25,0,22,1,336,312,0,0,1,2,0,25,0,0,-1,-1,-1,-1,0,0,0,0,0,0,-1,0,0,-1,-1,-1,-1,0,0,0,0,0,0,-1,0,0,25,25,0,0,25,25,0,25,2,1,0,0,0,-1,607271242,"6.18"
"C40311",1,2026-05-17,2026-05-16,1,,-1,0,1,1,0,2,1,0,0,55,0,22,1,314,434,0,1,1,0,0,55,0,0,-1,-1,-1,-1,0,0,0,0,0,0,-1,0,0,-1,-1,-1,-1,0,0,0,0,0,0,-1,0,31,0,31,0,0,31,31,5,36,1,1,0,0,0,-1,607271242,"6.18"
"C40314",1,2026-03-07,2026-03-06,1,,-1,0,0,1,0,3,1,0,0,55,0,21,1,116,-1,0,0,1,0,0,55,0,0,-1,-1,-1,-1,0,0,0,0,0,0,-1,0,0,-1,-1,-1,-1,0,0,0,0,0,0,-1,0,117,0,117,0,0,117,117,34,151,1,1,0,0,0,-1,607271242,"6.18"
"C40317",1,2026-03-14,2026-03-13,1,,-1,1,0,1,0,5,1,0,0,25,0,0,-1,-1,-1,0,0,0,0,0,-1,0,21,1,3,116,-1,46,1,0,1,0,0,25,0,0,-1,-1,-1,-1,0,0,0,0,0,0,-1,0,0,0,0,46,155,201,46,1224,1270,4,0,1,0,0,-1,607271242,"6.18"
"C40320",3,2026-02-18,2026-02-17,1,,-1,0,0,1,0,5,0,1,0,-1,0,22,1,206,99,0,0,1,0,0,-1,0,0,-1,-1,-1,-1,0,0,0,0,0,0,-1,0,0,-1,-1,-1,-1,0,0,0,0,0,0,-1,0,14,0,14,0,0,14,14,671,685,1,1,0,0,0,-1,607271242,"6.18"
"C40323",2,2026-03-14,2026-03-13,1,,-1,0,0,0,1,5,1,2,0,25,1,0,-1,-1,-1,0,0,0,0,0,-1,0,21,0,3,335,-1,201,0,0,0,1,0,25,1,0,-1,-1,-1,-1,0,0,0,0,0,0,-1,0,0,0,0,201,0,201,201,6,207,4,0,0,0,0,-1,607271242,"6.18"
"C40332",1,2026-03-20,2026-03-19,1,,-1,0,0,0,0,5,1,0,0,55,0,22,1,116,99,0,0,0,0,0,55,0,0,-1,-1,-1,-1,0,0,0,0,0,0,-1,0,0,-1,-1,-1,-1,0,0,0,0,0,0,-1,0,83,0,83,0,0,83,83,16,99,1,1,0,0,0,-1,607271242,"6.18"
"C40335",1,2026-03-10,2026-03-09,1,,-1,0,0,1,0,5,1,0,0,55,0,22,1,116,99,0,0,1,0,0,55,0,0,-1,-1,-1,-1,0,0,0,0,0,0,-1,0,0,-1,-1,-1,-1,0,0,0,0,0,0,-1,0,24,0,24,0,0,24,24,15,39,1,1,0,0,0,-1,607271242,"6.18"
"C40341",1,2026-03-09,2026-03-08,1,,-1,0,0,1,1,3,1,0,0,25,0,22,1,336,225,0,0,1,1,0,25,0,0,-1,-1,-1,-1,0,0,0,0,0,0,-1,0,0,-1,-1,-1,-1,0,0,0,0,0,0,-1,0,95,0,95,0,0,95,95,0,95,1,1,0,0,0,-1,607271242,"6.18"
"C40344",1,2026-03-09,2026-03-08,1,,-1,0,0,1,2,5,1,0,0,55,0,22,1,335,422,0,0,1,2,0,55,0,0,-1,-1,-1,-1,0,0,0,0,0,0,-1,0,0,-1,-1,-1,-1,0,0,0,0,0,0,-1,0,50,0,50,0,0,50,50,0,50,1,1,0,0,0,-1,607271242,"6.18"
"C40347",1,2026-03-19,2026-03-18,1,,-1,0,0,0,0,4,1,0,0,25,0,0,-1,-1,-1,0,0,0,0,0,-1,0,21,1,3,116,-1,9,0,0,0,0,0,25,0,0,-1,-1,-1,-1,0,0,0,0,0,0,-1,0,0,0,0,9,187,196,9,104,113,4,0,1,0,0,-1,607271242,"6.18"
"C40350",1,2026-03-09,2026-03-08,1,,-1,0,0,1,2,35,1,0,0,25,0,21,3,205,-1,0,0,1,2,0,25,0,0,-1,-1,-1,-1,0,0,0,0,0,0,-1,0,0,-1,-1,-1,-1,0,0,0,0,0,0,-1,0,206,0,206,0,0,206,206,0,206,1,1,0,0,0,-1,607271242,"6.18"
"C40353",2,2026-04-18,2026-04-17,1,,-1,0,0,0,2,5,2,1,0,25,1,0,-1,-1,-1,0,0,0,0,0,-1,0,21,0,1,116,-1,166,0,0,0,2,0,25,1,0,-1,-1,-1,-1,0,0,0,0,0,0,-1,0,0,0,0,166,0,166,166,76,242,4,0,0,0,0,-1,607271242,"6.18"
"C40356",1,2026-03-10,2026-03-09,1,,-1,0,0,1,2,5,1,0,0,25,0,22,1,101,99,0,0,1,2,0,25,0,0,-1,-1,-1,-1,0,0,0,0,0,0,-1,0,0,-1,-1,-1,-1,0,0,0,0,0,0,-1,0,34,0,34,0,0,34,34,13,47,1,1,0,0,0,-1,607271242,"6.18"
"C40359",1,2026-02-23,2026-02-22,1,,-1,0,0,1,0,5,1,0,0,55,0,22,3,336,410,0,0,1,0,0,55,0,0,-1,-1,-1,-1,0,0,0,0,0,0,-1,0,0,-1,-1,-1,-1,0,0,0,0,0,0,-1,0,73,0,73,0,0,73,73,0,73,1,1,0,0,0,-1,607271242,"6.18"
"C40362",1,2026-03-10,2026-03-09,1,,-1,4,0,0,0,3,1,0,0,25,0,22,1,116,99,0,0,0,0,0,25,0,0,-1,-1,-1,-1,0,0,0,0,0,0,-1,0,0,-1,-1,-1,-1,0,0,0,0,0,0,-1,0,7,0,7,0,0,7,7,375,382,1,1,0,0,0,-1,607271242,"6.18"
"C40365",1,2026-03-12,2026-03-11,1,,-1,9,0,1,1,5,1,0,0,25,0,22,1,336,99,0,0,1,1,0,25,0,0,-1,-1,-1,-1,0,0,0,0,0,0,-1,0,0,-1,-1,-1,-1,0,0,0,0,0,0,-1,0,18,0,18,0,0,18,18,51,69,1,1,0,0,0,-1,607271242,"6.18"
"C40368",1,2026-05-05,2026-05-04,1,,-1,1,0,1,2,5,1,0,0,55,0,0,-1,-1,-1,0,0,0,0,0,-1,0,21,1,3,116,-1,31,1,0,1,2,0,55,0,0,-1,-1,-1,-1,0,0,0,0,0,0,-1,0,0,0,0,31,118,149,31,1768,1799,4,0,1,0,0,-1,607271242,"6.18"
"C40371",1,2026-03-06,2026-03-05,1,,-1,0,0,1,2,5,1,0,0,55,0,21,3,207,-1,0,0,1,2,0,55,0,0,-1,-1,-1,-1,0,0,0,0,0,0,-1,0,0,-1,-1,-1,-1,0,0,0,0,0,0,-1,0,209,0,209,0,0,209,209,0,209,1,1,0,0,0,-1,607271242,"6.18"
"C40377",1,2026-04-06,2026-04-05,1,,-1,0,0,0,0,3,1,0,0,25,0,22,1,335,99,0,0,0,0,0,25,0,0,-1,-1,-1,-1,0,0,0,0,0,0,-1,0,0,-1,-1,-1,-1,0,0,0,0,0,0,-1,0,16,0,16,0,0,16,16,25,41,1,1,0,0,0,-1,607271242,"6.18"
"C40380",1,2026-03-13,2026-03-12,1,,-1,0,0,0,0,5,1,0,0,24,0,22,1,116,116,0,0,0,0,0,24,0,0,-1,-1,-1,-1,0,0,0,0,0,0,-1,0,0,-1,-1,-1,-1,0,0,0,0,0,0,-1,0,44,0,44,0,0,44,44,54,98,1,1,0,0,0,-1,607271242,"6.18"
"C40383",2,2026-03-10,2026-03-09,1,,-1,0,0,0,1,6,1,2,0,25,1,22,1,335,410,0,0,0,1,0,25,1,0,-1,-1,-1,-1,0,0,0,0,0,0,-1,0,0,-1,-1,-1,-1,0,0,0,0,0,0,-1,0,22,0,22,0,0,22,22,8,30,1,1,0,0,0,-1,607271242,"6.18"
"C40392",1,2026-03-13,2026-03-12,1,,-1,0,0,0,0,3,1,0,0,25,0,22,1,101,422,0,0,0,0,0,25,0,0,-1,-1,-1,-1,0,0,0,0,0,0,-1,0,0,-1,-1,-1,-1,0,0,0,0,0,0,-1,0,104,0,104,0,0,104,104,0,104,1,1,0,0,0,-1,607271242,"6.18"
"C40395",1,2026-03-10,2026-03-09,1,,-1,0,0,0,0,5,1,0,0,25,0,22,3,116,99,0,0,0,0,0,25,0,0,-1,-1,-1,-1,0,0,0,0,0,0,-1,0,0,-1,-1,-1,-1,0,0,0,0,0,0,-1,0,19,0,19,0,0,19,19,2,21,1,1,0,0,0,-1,607271242,"6.18"
"C40398",1,2026-03-14,2026-03-13,1,,-1,4,0,0,2,5,1,0,0,25,0,0,-1,-1,-1,0,0,0,0,0,-1,0,21,1,3,116,-1,17,0,0,0,2,0,25,0,0,-1,-1,-1,-1,0,0,0,0,0,0,-1,0,0,0,0,17,184,201,17,464,481,4,0,1,0,0,-1,607271242,"6.18"
"C40401",1,2026-03-13,2026-03-12,1,,-1,0,1,1,0,7,1,0,0,55,0,22,1,335,410,0,1,1,0,0,55,0,0,-1,-1,-1,-1,0,0,0,0,0,0,-1,0,0,-1,-1,-1,-1,0,0,0,0,0,0,-1,0,34,0,34,0,0,34,34,0,34,1,1,0,0,0,-1,607271242,"6.18"
"C40404",2,2026-03-10,2026-03-09,1,,-1,0,0,1,0,3,1,1,0,25,1,22,1,336,312,0,0,1,0,0,25,1,0,-1,-1,-1,-1,0,0,0,0,0,0,-1,0,0,-1,-1,-1,-1,0,0,0,0,0,0,-1,0,49,0,49,0,0,49,49,2,51,1,1,0,0,0,-1,607271242,"6.18"
"C40410",1,2026-03-10,2026-03-09,1,,-1,0,0,1,1,5,1,0,0,25,0,22,1,336,99,0,0,1,1,0,25,0,0,-1,-1,-1,-1,0,0,0,0,0,0,-1,0,0,-1,-1,-1,-1,0,0,0,0,0,0,-1,0,5,0,5,0,0,5,5,0,5,1,1,0,0,0,-1,607271242,"6.18"
"C40413",1,2026-03-08,2026-03-07,1,,-1,0,0,1,0,5,1,0,0,18,0,22,1,410,422,0,0,1,0,0,18,0,0,-1,-1,-1,-1,0,0,0,0,0,0,-1,0,0,-1,-1,-1,-1,0,0,0,0,0,0,-1,0,0,18,18,0,0,18,18,0,18,2,1,0,0,0,-1,607271242,"6.18"
"C40416",1,2026-03-15,2026-03-14,1,,-1,0,0,1,2,3,1,0,0,55,0,22,1,99,99,0,0,1,2,0,55,0,21,1,1,434,-1,9,0,0,1,2,0,55,0,0,-1,-1,-1,-1,0,0,0,0,0,0,-1,0,13,0,13,8,164,185,21,2,23,5,1,1,0,0,-1,607271242,"6.18"
"C40419",1,2026-03-14,2026-03-13,1,,-1,9,0,1,1,12,1,0,0,25,0,22,1,116,99,0,0,1,1,0,25,0,0,-1,-1,-1,-1,0,0,0,0,0,0,-1,0,0,-1,-1,-1,-1,0,0,0,0,0,0,-1,0,34,0,34,0,0,34,34,10,44,1,1,0,0,0,-1,607271242,"6.18"
"C40422",1,2026-03-14,2026-03-13,1,,-1,0,1,1,0,5,1,0,0,25,0,0,-1,-1,-1,0,0,0,0,0,-1,0,21,1,2,116,-1,83,0,1,1,0,0,25,0,0,-1,-1,-1,-1,0,0,0,0,0,0,-1,0,0,0,0,83,118,201,83,14,97,4,0,1,0,0,-1,607271242,"6.18"
"C40425",1,2026-03-10,2026-03-09,1,,-1,0,0,0,0,56,1,0,0,18,0,21,1,215,-1,0,0,0,0,0,18,0,21,0,1,101,-1,125,0,0,0,0,0,18,0,0,-1,-1,-1,-1,0,0,0,0,0,0,-1,0,205,0,205,0,0,205,205,0,205,5,1,0,0,0,-1,607271242,"6.18"
"C40428",2,2026-03-13,2026-03-12,1,,-1,0,0,0,0,5,2,3,0,25,1,22,1,410,99,0,0,0,0,1,25,1,0,-1,-1,-1,-1,0,0,0,0,0,0,-1,0,0,-1,-1,-1,-1,0,0,0,0,0,0,-1,0,23,0,23,0,0,23,23,0,23,1,1,0,0,0,-1,607271242,"6.18"
"C40446",1,2026-03-14,2026-03-13,1,,-1,0,0,1,2,5,1,0,0,25,0,22,1,116,99,0,0,1,2,0,25,0,0,-1,-1,-1,-1,0,0,0,0,0,0,-1,0,0,-1,-1,-1,-1,0,0,0,0,0,0,-1,0,18,0,18,0,0,18,18,2,20,1,1,0,0,0,-1,607271242,"6.18"
"C40449",2,2026-03-13,2026-03-12,1,,-1,4,0,0,1,3,1,3,0,25,1,22,1,314,101,0,0,0,1,1,25,1,0,-1,-1,-1,-1,0,0,0,0,0,0,-1,0,0,-1,-1,-1,-1,0,0,0,0,0,0,-1,0,42,0,42,0,0,42,42,5,47,1,1,0,0,0,-1,607271242,"6.18"
"C40464",1,2026-03-06,2026-03-05,1,,-1,0,0,1,0,5,1,0,0,25,0,22,3,116,312,0,0,1,0,0,25,0,0,-1,-1,-1,-1,0,0,0,0,0,0,-1,0,0,-1,-1,-1,-1,0,0,0,0,0,0,-1,0,29,0,29,0,0,29,29,104,133,1,1,0,0,0,-1,607271242,"6.18"
"C40467",1,2026-03-16,2026-03-15,1,,-1,0,1,0,0,3,1,0,0,25,0,22,1,118,207,0,1,0,0,0,25,0,0,-1,-1,-1,-1,0,0,0,0,0,0,-1,0,0,-1,-1,-1,-1,0,0,0,0,0,0,-1,0,26,0,26,0,0,26,26,11,37,1,1,0,0,0,-1,607271242,"6.18"
"C40470",1,2026-03-23,2026-03-22,1,,-1,0,0,1,0,3,1,0,0,25,0,22,1,206,99,0,0,1,0,0,25,0,0,-1,-1,-1,-1,0,0,0,0,0,0,-1,0,0,-1,-1,-1,-1,0,0,0,0,0,0,-1,0,26,0,26,0,0,26,26,78,104,1,1,0,0,0,-1,607271242,"6.18"
"C40473",1,2026-03-13,2026-03-12,1,,-1,0,0,1,0,15,1,0,0,18,0,22,1,336,422,0,0,1,0,0,18,0,0,-1,-1,-1,-1,0,0,0,0,0,0,-1,0,0,-1,-1,-1,-1,0,0,0,0,0,0,-1,0,0,17,17,0,0,17,17,0,17,2,1,0,0,0,-1,607271242,"6.18"
"C40476",1,2026-07-13,2026-07-12,1,,-1,6,0,1,2,5,1,0,0,25,0,0,-1,-1,-1,0,0,0,0,0,-1,0,0,-1,-1,-1,-1,0,0,0,0,0,0,-1,0,21,1,2,116,-1,76,0,0,1,2,0,25,0,0,0,0,4,0,4,4,304,308,8,0,0,1,0,-1,607271242,"6.18"
"C40485",1,2026-03-15,2026-03-14,1,,-1,6,0,1,0,5,1,0,0,55,0,22,1,116,99,0,0,1,0,0,55,0,0,-1,-1,-1,-1,0,0,0,0,0,0,-1,0,0,-1,-1,-1,-1,0,0,0,0,0,0,-1,0,105,0,105,0,0,105,105,214,319,1,1,0,0,0,-1,607271242,"6.18"
"C40488",2,2026-03-14,2026-03-13,1,,-1,0,0,0,1,5,1,3,0,25,1,22,1,314,99,0,0,0,1,1,25,1,0,-1,-1,-1,-1,0,0,0,0,0,0,-1,0,0,-1,-1,-1,-1,0,0,0,0,0,0,-1,0,17,0,17,0,0,17,17,10,27,1,1,0,0,0,-1,607271242,"6.18"
"C40500",1,2026-03-10,2026-03-09,1,,-1,1,1,1,0,5,1,0,0,25,0,0,-1,-1,-1,0,0,0,0,0,-1,0,22,1,3,116,410,27,1,1,1,0,0,25,0,0,-1,-1,-1,-1,0,0,0,0,0,0,-1,0,0,0,0,27,75,102,27,382,409,4,0,1,0,0,-1,607271242,"6.18"
"C40503",1,2026-03-09,2026-03-08,1,,-1,0,0,1,2,5,1,0,0,24,0,21,1,410,-1,0,0,1,2,0,24,0,0,-1,-1,-1,-1,0,0,0,0,0,0,-1,0,0,-1,-1,-1,-1,0,0,0,0,0,0,-1,0,0,206,206,0,0,206,206,0,206,2,1,0,0,0,-1,607271242,"6.18"
"C40506",1,2026-03-14,2026-03-13,1,,-1,0,0,1,0,5,1,0,0,55,0,22,3,116,99,0,0,1,0,0,55,0,0,-1,-1,-1,-1,0,0,0,0,0,0,-1,0,0,-1,-1,-1,-1,0,0,0,0,0,0,-1,0,15,0,15,0,0,15,15,40,55,1,1,0,0,0,-1,607271242,"6.18"
"C40509",1,2026-03-08,2026-03-07,1,,-1,0,0,0,0,17,1,0,0,25,0,21,3,116,-1,0,0,0,0,0,25,0,0,-1,-1,-1,-1,0,0,0,0,0,0,-1,0,0,-1,-1,-1,-1,0,0,0,0,0,0,-1,0,207,0,207,0,0,207,207,0,207,1,1,0,0,0,-1,607271242,"6.18"
"C40512",1,2026-03-14,2026-03-13,1,,-1,0,0,1,2,5,1,0,0,24,0,22,1,336,313,0,0,1,2,0,24,0,0,-1,-1,-1,-1,0,0,0,0,0,0,-1,0,0,-1,-1,-1,-1,0,0,0,0,0,0,-1,0,32,0,32,0,0,32,32,6,38,1,1,0,0,0,-1,607271242,"6.18"
"C40515",2,2026-03-13,2026-03-12,1,,-1,0,0,1,0,5,1,2,0,24,1,22,1,335,423,0,0,1,0,0,24,1,0,-1,-1,-1,-1,0,0,0,0,0,0,-1,0,0,-1,-1,-1,-1,0,0,0,0,0,0,-1,0,18,0,18,0,0,18,18,6,24,1,1,0,0,0,-1,607271242,"6.18"
"C40524",1,2026-03-23,2026-03-22,1,,-1,0,0,1,2,5,1,0,0,25,0,0,-1,-1,-1,0,0,0,0,0,-1,0,21,0,3,410,-1,192,0,0,1,2,0,25,0,0,-1,-1,-1,-1,0,0,0,0,0,0,-1,0,0,0,0,192,0,192,192,0,192,4,0,0,0,0,-1,607271242,"6.18"
"C40527",1,2026-03-16,2026-03-15,1,,-1,0,0,1,2,23,1,0,0,25,0,22,1,116,422,0,0,1,2,0,25,0,0,-1,-1,-1,-1,0,0,0,0,0,0,-1,0,0,-1,-1,-1,-1,0,0,0,0,0,0,-1,0,55,0,55,0,0,55,55,166,221,1,1,0,0,0,-1,607271242,"6.18"
"C40530",1,2026-04-22,2026-04-21,1,,-1,0,0,1,0,5,1,0,0,55,0,22,3,116,312,0,0,1,0,0,55,0,0,-1,-1,-1,-1,0,0,0,0,0,0,-1,0,0,-1,-1,-1,-1,0,0,0,0,0,0,-1,0,14,0,14,0,0,14,14,15,29,1,1,0,0,0,-1,607271242,"6.18"
"C40533",1,2026-03-16,2026-03-15,1,,-1,0,0,0,0,5,1,0,0,55,0,22,1,116,423,0,0,0,0,0,55,0,0,-1,-1,-1,-1,0,0,0,0,0,0,-1,0,0,-1,-1,-1,-1,0,0,0,0,0,0,-1,0,17,0,17,0,0,17,17,59,76,1,1,0,0,0,-1,607271242,"6.18"
"C40536",2,2026-07-14,2026-07-13,1,,-1,0,0,0,0,5,1,1,0,25,1,0,-1,-1,-1,0,0,0,0,0,-1,0,21,0,3,410,-1,79,0,0,0,0,0,25,1,0,-1,-1,-1,-1,0,0,0,0,0,0,-1,0,0,0,0,79,0,79,79,0,79,4,0,0,0,0,-1,607271242,"6.18"
"C40539",1,2026-04-05,2026-04-04,1,,-1,0,0,0,1,24,1,0,0,25,0,0,-1,-1,-1,0,0,0,0,0,-1,0,21,1,3,314,-1,30,0,0,0,1,0,25,0,0,-1,-1,-1,-1,0,0,0,0,0,0,-1,0,0,0,0,30,149,179,30,24,54,4,0,1,0,0,-1,607271242,"6.18"
"C40542",1,2026-04-10,2026-04-09,1,,-1,9,0,1,2,13,1,0,0,25,0,0,-1,-1,-1,0,0,0,0,0,-1,0,21,1,1,101,-1,1,0,0,1,2,0,25,0,0,-1,-1,-1,-1,0,0,0,0,0,0,-1,0,0,0,0,1,173,174,1,28,29,4,0,1,0,0,-1,607271242,"6.18"
"C40545",1,2026-03-19,2026-03-18,1,,-1,0,0,0,0,5,1,0,0,25,0,0,-1,-1,-1,0,0,0,0,0,-1,0,21,1,3,336,-1,12,0,0,0,0,0,25,0,0,-1,-1,-1,-1,0,0,0,0,0,0,-1,0,0,0,0,12,184,196,12,0,12,4,0,1,0,0,-1,607271242,"6.18"
"C40548",1,2026-03-22,2026-03-21,1,,-1,0,1,1,0,5,1,0,0,25,0,0,-1,-1,-1,0,0,0,0,0,-1,0,21,1,2,116,-1,14,0,1,1,0,0,25,0,0,-1,-1,-1,-1,0,0,0,0,0,0,-1,0,0,0,0,14,179,193,14,18,32,4,0,1,0,0,-1,607271242,"6.18"
"C40551",1,2026-03-04,2026-03-03,1,,-1,4,0,0,0,5,1,0,0,55,0,22,1,116,116,0,0,0,0,0,55,0,0,-1,-1,-1,-1,0,0,0,0,0,0,-1,0,0,-1,-1,-1,-1,0,0,0,0,0,0,-1,0,39,0,39,0,0,39,39,731,770,1,1,0,0,0,-1,607271242,"6.18"
"C40557",2,2026-03-12,2026-03-11,1,,-1,0,0,0,0,25,2,3,0,25,1,22,1,335,312,0,0,0,0,1,25,1,0,-1,-1,-1,-1,0,0,0,0,0,0,-1,0,0,-1,-1,-1,-1,0,0,0,0,0,0,-1,0,13,0,13,0,0,13,13,0,13,1,1,0,0,0,-1,607271242,"6.18"
"C40569",1,2026-03-15,2026-03-14,1,,-1,0,0,1,0,5,1,0,0,25,0,22,3,116,207,0,0,1,0,0,25,0,0,-1,-1,-1,-1,0,0,0,0,0,0,-1,0,0,-1,-1,-1,-1,0,0,0,0,0,0,-1,0,23,0,23,0,0,23,23,62,85,1,1,0,0,0,-1,607271242,"6.18"
"C40575",1,2026-03-17,2026-03-16,1,,-1,4,0,0,2,26,1,0,0,25,0,22,1,116,99,0,0,0,2,0,25,0,0,-1,-1,-1,-1,0,0,0,0,0,0,-1,0,0,-1,-1,-1,-1,0,0,0,0,0,0,-1,0,6,0,6,0,0,6,6,651,657,1,1,0,0,0,-1,607271242,"6.18"
"C40584",2,2026-03-20,2026-03-19,1,,-1,0,0,0,2,3,2,1,0,25,1,22,1,99,99,0,0,0,2,0,25,1,21,0,1,101,-1,158,0,0,0,2,0,25,1,0,-1,-1,-1,-1,0,0,0,0,0,0,-1,0,15,0,15,150,0,165,165,107,272,5,1,0,0,0,-1,607271242,"6.18"
"C40587",1,2026-03-20,2026-03-19,1,,-1,0,0,0,0,3,1,0,0,18,0,22,1,99,99,0,0,0,0,0,18,0,0,-1,-1,-1,-1,0,0,0,0,0,0,-1,0,0,-1,-1,-1,-1,0,0,0,0,0,0,-1,0,1,0,1,0,0,1,1,77,78,1,1,0,0,0,-1,607271242,"6.18"
"C40590",1,2026-03-19,2026-03-18,1,,-1,1,0,1,0,3,1,0,0,25,0,22,1,101,99,1,0,1,0,0,25,0,0,-1,-1,-1,-1,0,0,0,0,0,0,-1,0,0,-1,-1,-1,-1,0,0,0,0,0,0,-1,0,45,0,45,0,0,45,45,4315,4360,1,1,0,0,0,-1,607271242,"6.18"
"C40593",1,2026-03-30,2026-03-29,1,,-1,1,0,1,1,5,1,0,0,25,0,0,-1,-1,-1,0,0,0,0,0,-1,0,22,1,3,101,423,6,1,0,1,1,0,25,0,0,-1,-1,-1,-1,0,0,0,0,0,0,-1,0,0,0,0,6,63,69,6,787,793,4,0,1,0,0,-1,607271242,"6.18"
"C40596",1,2026-03-26,2026-03-25,1,,-1,0,0,0,2,34,1,0,0,25,0,0,-1,-1,-1,0,0,0,0,0,-1,0,21,1,3,116,-1,1,0,0,0,2,0,25,0,0,-1,-1,-1,-1,0,0,0,0,0,0,-1,0,0,0,0,1,188,189,1,20,21,4,0,1,0,0,-1,607271242,"6.18"
"C40599",1,2026-03-17,2026-03-16,1,,-1,4,0,0,0,5,1,0,0,25,0,22,3,116,99,0,0,0,0,0,25,0,0,-1,-1,-1,-1,0,0,0,0,0,0,-1,0,0,-1,-1,-1,-1,0,0,0,0,0,0,-1,0,14,0,14,0,0,14,14,13,27,1,1,0,0,0,-1,607271242,"6.18"
"C40602",1,2026-03-18,2026-03-17,1,,-1,4,0,0,0,5,1,0,0,25,0,22,3,116,410,0,0,0,0,0,25,0,0,-1,-1,-1,-1,0,0,0,0,0,0,-1,0,0,-1,-1,-1,-1,0,0,0,0,0,0,-1,0,69,0,69,0,0,69,69,468,537,1,1,0,0,0,-1,607271242,"6.18"
"C40605",2,2026-03-28,2026-03-27,1,,-1,0,0,1,2,5,1,2,0,25,1,0,-1,-1,-1,0,0,0,0,0,-1,0,21,1,3,335,-1,69,0,0,1,2,0,25,1,0,-1,-1,-1,-1,0,0,0,0,0,0,-1,0,0,0,0,69,118,187,69,0,69,4,0,1,0,0,-1,607271242,"6.18"
"C40614",1,2026-03-10,2026-03-09,1,,-1,0,0,1,0,35,1,0,0,25,0,22,1,336,312,0,0,1,0,0,25,0,0,-1,-1,-1,-1,0,0,0,0,0,0,-1,0,0,-1,-1,-1,-1,0,0,0,0,0,0,-1,0,0,46,46,0,0,46,46,0,46,2,1,0,0,0,-1,607271242,"6.18"
"C40617",1,2026-03-18,2026-03-17,1,,-1,1,0,1,0,5,1,0,0,25,0,22,3,101,99,1,0,1,0,0,25,0,0,-1,-1,-1,-1,0,0,0,0,0,0,-1,0,0,-1,-1,-1,-1,0,0,0,0,0,0,-1,0,13,0,13,0,0,13,13,1098,1111,1,1,0,0,0,-1,607271242,"6.18"
"C40620",1,2026-03-10,2026-03-09,1,,-1,0,0,1,1,5,1,0,0,55,0,22,1,411,329,0,0,1,1,0,55,0,0,-1,-1,-1,-1,0,0,0,0,0,0,-1,0,0,-1,-1,-1,-1,0,0,0,0,0,0,-1,0,0,130,130,0,0,130,130,0,130,2,1,0,0,0,-1,607271242,"6.18"
"C40623",2,2026-03-18,2026-03-17,1,,-1,0,0,1,0,5,1,1,0,25,1,22,3,335,312,0,0,1,0,0,25,1,0,-1,-1,-1,-1,0,0,0,0,0,0,-1,0,0,-1,-1,-1,-1,0,0,0,0,0,0,-1,0,95,0,95,0,0,95,95,0,95,1,1,0,0,0,-1,607271242,"6.18"
"C40629",1,2026-03-17,2026-03-16,1,,-1,0,0,1,0,5,1,0,0,55,0,22,1,314,101,0,0,1,0,0,55,0,0,-1,-1,-1,-1,0,0,0,0,0,0,-1,0,0,-1,-1,-1,-1,0,0,0,0,0,0,-1,0,43,0,43,0,0,43,43,2,45,1,1,0,0,0,-1,607271242,"6.18"
"C40632",1,2026-03-20,2026-03-19,1,,-1,0,0,1,2,36,1,0,0,25,0,22,1,336,312,0,0,1,2,0,25,0,0,-1,-1,-1,-1,0,0,0,0,0,0,-1,0,0,-1,-1,-1,-1,0,0,0,0,0,0,-1,0,17,0,17,0,0,17,17,0,17,1,1,0,0,0,-1,607271242,"6.18"
"C40635",1,2026-04-06,2026-04-05,1,,-1,0,0,1,2,5,2,0,0,25,0,0,-1,-1,-1,0,0,0,0,0,-1,0,22,1,1,116,422,54,0,0,1,2,0,25,0,0,-1,-1,-1,-1,0,0,0,0,0,0,-1,0,0,0,0,54,12,66,54,94,148,4,0,1,0,0,-1,607271242,"6.18"
"C40641",1,2026-03-21,2026-03-20,1,,-1,0,0,1,0,5,1,0,0,55,0,21,1,116,-1,0,0,1,0,0,55,0,0,-1,-1,-1,-1,0,0,0,0,0,0,-1,0,0,-1,-1,-1,-1,0,0,0,0,0,0,-1,0,194,0,194,0,0,194,194,2,196,1,1,0,0,0,-1,607271242,"6.18"
"C40644",1,2026-05-10,2026-05-09,1,,-1,6,0,1,2,5,1,0,0,25,0,22,1,116,99,0,0,1,2,0,25,0,0,-1,-1,-1,-1,0,0,0,0,0,0,-1,0,0,-1,-1,-1,-1,0,0,0,0,0,0,-1,0,20,0,20,0,0,20,20,3,23,1,1,0,0,0,-1,607271242,"6.18"
"C40644",2,2026-03-25,2026-03-24,1,,-1,6,0,1,2,5,1,1,0,25,1,22,1,99,99,0,0,1,2,0,25,1,21,0,1,101,-1,159,0,0,1,2,0,25,1,0,-1,-1,-1,-1,0,0,0,0,0,0,-1,0,4,0,4,159,0,163,163,169,332,5,1,0,0,0,-1,607271242,"6.18"
"C40647",1,2026-03-20,2026-03-19,1,,-1,4,0,0,0,37,1,0,0,55,0,22,3,116,98,0,0,0,0,0,55,0,0,-1,-1,-1,-1,0,0,0,0,0,0,-1,0,0,-1,-1,-1,-1,0,0,0,0,0,0,-1,0,13,0,13,0,0,13,13,13532,13545,1,1,0,0,0,-1,607271242,"6.18"
"C40650",1,2026-03-24,2026-03-23,1,,-1,1,1,1,2,98,1,0,0,25,0,22,1,99,99,1,1,1,2,0,25,0,21,1,1,101,-1,6,1,1,1,2,0,25,0,0,-1,-1,-1,-1,0,0,0,0,0,0,-1,0,35,0,35,3,89,127,38,876,914,5,1,1,0,0,-1,607271242,"6.18"
"C40653",1,2026-03-14,2026-03-13,1,,-1,1,0,1,0,5,1,0,0,25,0,21,1,206,-1,1,0,1,0,0,25,0,21,0,1,101,-1,130,1,0,1,0,0,25,0,0,-1,-1,-1,-1,0,0,0,0,0,0,-1,0,53,0,53,118,0,171,171,5550,5721,5,1,0,0,0,-1,607271242,"6.18"
"C40656",1,2026-03-15,2026-03-14,1,,-1,1,0,1,0,5,1,0,0,25,0,22,1,116,116,1,0,1,0,0,25,0,0,-1,-1,-1,-1,0,0,0,0,0,0,-1,0,0,-1,-1,-1,-1,0,0,0,0,0,0,-1,0,73,0,73,0,0,73,73,26,99,1,1,0,0,0,-1,607271242,"6.18"
"C40659",1,2026-03-15,2026-03-14,1,,-1,0,0,1,0,3,1,0,0,25,0,22,1,335,99,0,0,1,0,0,25,0,0,-1,-1,-1,-1,0,0,0,0,0,0,-1,0,0,-1,-1,-1,-1,0,0,0,0,0,0,-1,0,36,0,36,0,0,36,36,1,37,1,1,0,0,0,-1,607271242,"6.18"
"C40662",1,2026-03-16,2026-03-15,1,,-1,0,0,1,1,5,1,0,0,55,0,22,1,116,98,0,0,1,1,0,55,0,0,-1,-1,-1,-1,0,0,0,0,0,0,-1,0,0,-1,-1,-1,-1,0,0,0,0,0,0,-1,0,16,0,16,0,0,16,16,3,19,1,1,0,0,0,-1,607271242,"6.18"
"C40665",1,2026-03-10,2026-03-09,1,,-1,0,0,0,2,45,2,0,0,25,0,22,1,116,410,0,0,0,2,0,25,0,0,-1,-1,-1,-1,0,0,0,0,0,0,-1,0,0,-1,-1,-1,-1,0,0,0,0,0,0,-1,0,37,0,37,0,0,37,37,3,40,1,1,0,0,0,-1,607271242,"6.18"
"C40671",1,2026-03-22,2026-03-21,1,,-1,0,0,0,0,98,1,0,0,25,0,22,1,314,99,0,0,0,0,0,25,0,0,-1,-1,-1,-1,0,0,0,0,0,0,-1,0,0,-1,-1,-1,-1,0,0,0,0,0,0,-1,0,18,0,18,0,0,18,18,0,18,1,1,0,0,0,-1,607271242,"6.18"
"C40674",1,2026-05-10,2026-05-09,1,,-1,0,0,1,2,16,1,0,0,24,0,0,-1,-1,-1,0,0,0,0,0,-1,0,21,1,1,101,-1,30,0,0,1,2,0,24,0,0,-1,-1,-1,-1,0,0,0,0,0,0,-1,0,0,0,0,30,114,144,30,53,83,4,0,1,0,0,-1,607271242,"6.18"
"C40677",2,2026-03-21,2026-03-20,1,,-1,0,0,0,0,3,1,1,0,25,1,22,1,116,99,0,0,0,0,0,25,1,0,-1,-1,-1,-1,0,0,0,0,0,0,-1,0,0,-1,-1,-1,-1,0,0,0,0,0,0,-1,0,42,0,42,0,0,42,42,17,59,1,1,0,0,0,-1,607271242,"6.18"
"C40689",1,2026-03-19,2026-03-18,1,,-1,0,0,1,0,5,1,0,0,25,0,22,1,116,116,0,0,1,0,0,25,0,0,-1,-1,-1,-1,0,0,0,0,0,0,-1,0,0,-1,-1,-1,-1,0,0,0,0,0,0,-1,0,24,0,24,0,0,24,24,244,268,1,1,0,0,0,-1,607271242,"6.18"
"C40692",1,2026-03-22,2026-03-21,1,,-1,0,0,1,1,5,1,0,0,55,0,22,1,336,314,0,0,1,1,0,55,0,0,-1,-1,-1,-1,0,0,0,0,0,0,-1,0,0,-1,-1,-1,-1,0,0,0,0,0,0,-1,0,25,0,25,0,0,25,25,0,25,1,1,0,0,0,-1,607271242,"6.18"
"C40701",1,2026-03-23,2026-03-22,1,,-1,0,0,1,2,47,1,0,0,25,0,22,1,336,99,0,0,1,2,0,25,0,0,-1,-1,-1,-1,0,0,0,0,0,0,-1,0,0,-1,-1,-1,-1,0,0,0,0,0,0,-1,0,31,0,31,0,0,31,31,2,33,1,1,0,0,0,-1,607271242,"6.18"
"C40704",1,2026-03-23,2026-03-22,1,,-1,0,0,0,0,3,1,0,0,24,0,22,3,336,423,0,0,0,0,0,24,0,0,-1,-1,-1,-1,0,0,0,0,0,0,-1,0,0,-1,-1,-1,-1,0,0,0,0,0,0,-1,0,17,0,17,0,0,17,17,0,17,1,1,0,0,0,-1,607271242,"6.18"
"C40707",1,2026-06-01,2026-05-31,1,,-1,4,0,0,0,3,1,0,0,25,0,0,-1,-1,-1,0,0,0,0,0,-1,0,21,1,1,116,-1,4,0,0,0,0,0,25,0,0,-1,-1,-1,-1,0,0,0,0,0,0,-1,0,0,0,0,4,118,122,4,515,519,4,0,1,0,0,-1,607271242,"6.18"
"C40710",1,2026-03-26,2026-03-25,1,,-1,1,0,1,0,5,1,0,0,25,0,22,1,99,422,1,0,1,0,0,25,0,0,-1,-1,-1,-1,0,0,0,0,0,0,-1,0,0,-1,-1,-1,-1,0,0,0,0,0,0,-1,0,56,0,56,0,0,56,56,400,456,1,1,0,0,0,-1,607271242,"6.18"
"C40713",1,2026-03-05,2026-03-04,1,,-1,9,1,1,0,5,1,0,0,55,0,22,3,118,99,0,1,1,0,0,55,0,0,-1,-1,-1,-1,0,0,0,0,0,0,-1,0,0,-1,-1,-1,-1,0,0,0,0,0,0,-1,0,33,0,33,0,0,33,33,0,33,1,1,0,0,0,-1,607271242,"6.18"
"C40716",1,2026-03-05,2026-03-04,1,,-1,9,1,1,0,5,1,0,0,55,0,22,3,118,99,0,1,1,0,0,55,0,0,-1,-1,-1,-1,0,0,0,0,0,0,-1,0,0,-1,-1,-1,-1,0,0,0,0,0,0,-1,0,33,0,33,0,0,33,33,0,33,1,1,0,0,0,-1,607271242,"6.18"
"C40719",1,2026-03-24,2026-03-23,1,,-1,0,0,1,0,56,1,0,0,25,0,22,1,336,312,0,0,1,0,0,25,0,0,-1,-1,-1,-1,0,0,0,0,0,0,-1,0,0,-1,-1,-1,-1,0,0,0,0,0,0,-1,0,19,0,19,0,0,19,19,0,19,1,1,0,0,0,-1,607271242,"6.18"
"C40722",1,2026-03-27,2026-03-26,1,,-1,0,0,1,2,5,1,0,0,25,0,22,1,336,423,0,0,1,2,0,25,0,0,-1,-1,-1,-1,0,0,0,0,0,0,-1,0,0,-1,-1,-1,-1,0,0,0,0,0,0,-1,0,20,0,20,0,0,20,20,0,20,1,1,0,0,0,-1,607271242,"6.18"
"C40725",2,2026-03-24,2026-03-23,1,,-1,4,0,0,0,3,1,1,0,24,1,22,1,335,99,0,0,0,0,0,24,1,0,-1,-1,-1,-1,0,0,0,0,0,0,-1,0,0,-1,-1,-1,-1,0,0,0,0,0,0,-1,0,24,0,24,0,0,24,24,90,114,1,1,0,0,0,-1,607271242,"6.18"
"C40731",1,2026-03-23,2026-03-22,1,,-1,0,0,0,0,5,1,0,0,25,0,22,3,336,116,0,0,0,0,0,25,0,0,-1,-1,-1,-1,0,0,0,0,0,0,-1,0,0,-1,-1,-1,-1,0,0,0,0,0,0,-1,0,72,0,72,0,0,72,72,0,72,1,1,0,0,0,-1,607271242,"6.18"
"C40734",2,2026-04-05,2026-04-04,1,,-1,0,0,0,0,5,1,1,0,24,1,0,-1,-1,-1,0,0,0,0,0,-1,0,21,1,3,410,-1,10,0,0,0,0,0,24,1,0,-1,-1,-1,-1,0,0,0,0,0,0,-1,0,0,0,0,10,169,179,10,0,10,4,0,1,0,0,-1,607271242,"6.18"
"C40740",1,2026-03-16,2026-03-15,1,,-1,0,0,0,0,13,1,0,0,18,0,22,3,116,99,0,0,0,0,0,18,0,0,-1,-1,-1,-1,0,0,0,0,0,0,-1,0,0,-1,-1,-1,-1,0,0,0,0,0,0,-1,0,104,0,104,0,0,104,104,0,104,1,1,0,0,0,-1,607271242,"6.18"
"C40743",1,2026-03-16,2026-03-15,1,,-1,9,0,1,0,3,1,0,0,25,0,21,3,118,-1,0,0,1,0,0,25,0,0,-1,-1,-1,-1,0,0,0,0,0,0,-1,0,0,-1,-1,-1,-1,0,0,0,0,0,0,-1,0,199,0,199,0,0,199,199,0,199,1,1,0,0,0,-1,607271242,"6.18"
"C40749",2,2026-03-22,2026-03-21,1,,-1,0,0,0,0,5,1,2,0,25,1,22,1,336,99,0,0,0,0,0,25,1,0,-1,-1,-1,-1,0,0,0,0,0,0,-1,0,0,-1,-1,-1,-1,0,0,0,0,0,0,-1,0,35,0,35,0,0,35,35,7,42,1,1,0,0,0,-1,607271242,"6.18"
"C40752",1,2026-03-27,2026-03-26,1,,-1,0,0,0,1,3,1,0,0,25,0,22,1,314,410,0,0,0,1,0,25,0,0,-1,-1,-1,-1,0,0,0,0,0,0,-1,0,0,-1,-1,-1,-1,0,0,0,0,0,0,-1,0,90,0,90,0,0,90,90,25,115,1,1,0,0,0,-1,607271242,"6.18"
"C40761",2,2026-03-22,2026-03-21,1,,-1,0,0,0,2,3,1,3,0,25,1,22,1,116,99,0,0,0,2,1,25,1,0,-1,-1,-1,-1,0,0,0,0,0,0,-1,0,0,-1,-1,-1,-1,0,0,0,0,0,0,-1,0,28,0,28,0,0,28,28,43,71,1,1,0,0,0,-1,607271242,"6.18"
"C40779",2,2026-03-21,2026-03-20,1,,-1,0,0,1,1,3,1,2,0,18,1,22,1,314,99,0,0,1,1,0,18,1,0,-1,-1,-1,-1,0,0,0,0,0,0,-1,0,0,-1,-1,-1,-1,0,0,0,0,0,0,-1,0,56,0,56,0,0,56,56,31,87,1,1,0,0,0,-1,607271242,"6.18"
"C40788",1,2026-04-05,2026-04-04,1,,-1,1,0,1,2,5,1,0,0,25,0,0,-1,-1,-1,0,0,0,0,0,-1,0,21,1,3,101,-1,9,1,0,1,2,0,25,0,0,-1,-1,-1,-1,0,0,0,0,0,0,-1,0,0,0,0,9,170,179,9,18,27,4,0,1,0,0,-1,607271242,"6.18"
"C40791",1,2026-03-27,2026-03-26,1,,-1,0,0,0,0,3,1,0,0,25,0,22,1,116,423,0,0,0,0,0,25,0,0,-1,-1,-1,-1,0,0,0,0,0,0,-1,0,0,-1,-1,-1,-1,0,0,0,0,0,0,-1,0,49,0,49,0,0,49,49,6,55,1,1,0,0,0,-1,607271242,"6.18"
"C40794",1,2026-03-27,2026-03-26,1,,-1,0,0,1,0,5,1,0,0,25,0,22,1,410,410,0,0,1,0,0,25,0,0,-1,-1,-1,-1,0,0,0,0,0,0,-1,0,0,-1,-1,-1,-1,0,0,0,0,0,0,-1,0,0,15,15,0,0,15,15,0,15,2,1,0,0,0,-1,607271242,"6.18"
"C40797",1,2026-03-27,2026-03-26,1,,-1,0,0,0,0,3,1,0,0,25,0,22,1,410,99,0,0,0,0,0,25,0,0,-1,-1,-1,-1,0,0,0,0,0,0,-1,0,0,-1,-1,-1,-1,0,0,0,0,0,0,-1,0,104,0,104,0,0,104,104,0,104,1,1,0,0,0,-1,607271242,"6.18"
"C40800",1,2026-03-24,2026-03-23,1,,-1,0,0,1,2,5,1,0,0,25,0,22,1,314,420,0,0,1,2,0,25,0,0,-1,-1,-1,-1,0,0,0,0,0,0,-1,0,0,-1,-1,-1,-1,0,0,0,0,0,0,-1,0,41,0,41,0,0,41,41,4,45,1,1,0,0,0,-1,607271242,"6.18"
"C40803",1,2026-03-27,2026-03-26,1,,-1,0,0,1,0,5,1,0,0,25,0,22,1,207,302,0,0,1,0,0,25,0,0,-1,-1,-1,-1,0,0,0,0,0,0,-1,0,0,-1,-1,-1,-1,0,0,0,0,0,0,-1,0,0,43,43,0,0,43,43,0,43,2,1,0,0,0,-1,607271242,"6.18"
"C40806",1,2026-03-27,2026-03-26,1,,-1,0,0,1,2,56,1,0,0,25,0,22,3,335,312,0,0,1,2,0,25,0,0,-1,-1,-1,-1,0,0,0,0,0,0,-1,0,0,-1,-1,-1,-1,0,0,0,0,0,0,-1,0,65,0,65,0,0,65,65,180,245,1,1,0,0,0,-1,607271242,"6.18"
"C40809",1,2026-03-29,2026-03-28,1,,-1,0,1,1,0,123,1,0,0,55,0,0,-1,-1,-1,0,0,0,0,0,-1,0,21,0,2,116,-1,186,0,1,1,0,0,55,0,0,-1,-1,-1,-1,0,0,0,0,0,0,-1,0,0,0,0,186,0,186,186,25,211,4,0,0,0,0,-1,607271242,"6.18"
"C40815",1,2026-03-28,2026-03-27,1,,-1,4,0,0,0,3,1,0,0,25,0,22,3,116,99,0,0,0,0,0,25,0,0,-1,-1,-1,-1,0,0,0,0,0,0,-1,0,0,-1,-1,-1,-1,0,0,0,0,0,0,-1,0,14,0,14,0,0,14,14,1098,1112,1,1,0,0,0,-1,607271242,"6.18"
"C40818",2,2026-03-26,2026-03-25,1,,-1,0,0,1,1,5,1,3,0,25,1,22,3,116,410,0,0,1,1,1,25,1,0,-1,-1,-1,-1,0,0,0,0,0,0,-1,0,0,-1,-1,-1,-1,0,0,0,0,0,0,-1,0,17,0,17,0,0,17,17,18,35,1,1,0,0,0,-1,607271242,"6.18"
"C40821",1,2026-03-27,2026-03-26,1,,-1,0,0,0,2,3,1,0,0,25,0,22,1,116,410,0,0,0,2,0,25,0,0,-1,-1,-1,-1,0,0,0,0,0,0,-1,0,0,-1,-1,-1,-1,0,0,0,0,0,0,-1,0,37,0,37,0,0,37,37,22,59,1,1,0,0,0,-1,607271242,"6.18"
"C40824",1,2026-03-29,2026-03-28,1,,-1,4,0,0,0,3,1,0,0,24,0,22,1,116,99,0,0,0,0,0,24,0,0,-1,-1,-1,-1,0,0,0,0,0,0,-1,0,0,-1,-1,-1,-1,0,0,0,0,0,0,-1,0,18,0,18,0,0,18,18,23,41,1,1,0,0,0,-1,607271242,"6.18"
"C40827",1,2026-05-04,2026-05-03,1,,-1,0,0,1,2,124,1,0,0,55,0,0,-1,-1,-1,0,0,0,0,0,-1,0,22,1,1,101,434,34,0,0,1,2,0,55,0,0,-1,-1,-1,-1,0,0,0,0,0,0,-1,0,0,0,0,34,46,80,34,37,71,4,0,1,0,0,-1,607271242,"6.18"
"C40830",1,2026-03-28,2026-03-27,1,,-1,1,0,1,1,56,1,0,0,55,0,22,1,116,116,1,0,1,1,0,55,0,0,-1,-1,-1,-1,0,0,0,0,0,0,-1,0,0,-1,-1,-1,-1,0,0,0,0,0,0,-1,0,28,0,28,0,0,28,28,167,195,1,1,0,0,0,-1,607271242,"6.18"
"C40833",2,2026-04-10,2026-04-09,1,,-1,6,0,1,0,5,1,1,0,25,1,0,-1,-1,-1,0,0,0,0,0,-1,0,21,0,3,101,-1,174,0,0,1,0,0,25,1,0,-1,-1,-1,-1,0,0,0,0,0,0,-1,0,0,0,0,174,0,174,174,127,301,4,0,0,0,0,-1,607271242,"6.18"
"C40839",1,2026-03-24,2026-03-23,1,,-1,0,0,0,0,3,1,0,0,25,0,22,1,116,312,0,0,0,0,0,25,0,0,-1,-1,-1,-1,0,0,0,0,0,0,-1,0,0,-1,-1,-1,-1,0,0,0,0,0,0,-1,0,41,0,41,0,0,41,41,15,56,1,1,0,0,0,-1,607271242,"6.18"
"C40842",1,2026-03-27,2026-03-26,1,,-1,0,0,0,0,3,1,0,0,25,0,22,1,335,116,0,0,0,0,0,25,0,0,-1,-1,-1,-1,0,0,0,0,0,0,-1,0,0,-1,-1,-1,-1,0,0,0,0,0,0,-1,0,40,0,40,0,0,40,40,2,42,1,1,0,0,0,-1,607271242,"6.18"
"C40845",1,2026-03-24,2026-03-23,1,,-1,0,0,1,0,125,1,0,0,25,0,22,1,314,410,0,0,1,0,0,25,0,0,-1,-1,-1,-1,0,0,0,0,0,0,-1,0,0,-1,-1,-1,-1,0,0,0,0,0,0,-1,0,41,0,41,0,0,41,41,2,43,1,1,0,0,0,-1,607271242,"6.18"
"C40848",1,2026-03-29,2026-03-28,1,,-1,0,0,1,2,3,1,0,0,25,0,22,1,336,410,0,0,1,2,0,25,0,0,-1,-1,-1,-1,0,0,0,0,0,0,-1,0,0,-1,-1,-1,-1,0,0,0,0,0,0,-1,0,73,0,73,0,0,73,73,0,73,1,1,0,0,0,-1,607271242,"6.18"
"C40851",1,2026-03-31,2026-03-30,1,,-1,1,0,1,0,5,1,0,0,25,0,22,1,99,99,1,0,1,0,0,25,0,0,-1,-1,-1,-1,0,0,0,0,0,0,-1,0,0,-1,-1,-1,-1,0,0,0,0,0,0,-1,0,4,0,4,0,0,4,4,167,171,1,1,0,0,0,-1,607271242,"6.18"
"C40854",1,2026-03-30,2026-03-29,1,,-1,1,0,1,1,3,1,0,0,25,0,22,1,335,99,1,0,1,1,0,25,0,0,-1,-1,-1,-1,0,0,0,0,0,0,-1,0,0,-1,-1,-1,-1,0,0,0,0,0,0,-1,0,33,0,33,0,0,33,33,76,109,1,1,0,0,0,-1,607271242,"6.18"
"C40863",1,2026-03-30,2026-03-29,1,,-1,1,0,1,0,36,1,0,0,25,0,22,1,335,98,1,0,1,0,0,25,0,0,-1,-1,-1,-1,0,0,0,0,0,0,-1,0,0,-1,-1,-1,-1,0,0,0,0,0,0,-1,0,26,0,26,0,0,26,26,1006,1032,1,1,0,0,0,-1,607271242,"6.18"
"C40866",1,2026-04-10,2026-04-09,1,,-1,0,1,1,0,5,1,0,0,25,0,0,-1,-1,-1,0,0,0,0,0,-1,0,21,1,2,116,-1,56,0,1,1,0,0,25,0,0,-1,-1,-1,-1,0,0,0,0,0,0,-1,0,0,0,0,56,118,174,56,53,109,4,0,1,0,0,-1,607271242,"6.18"
"C40869",2,2026-03-29,2026-03-28,1,,-1,0,0,0,2,5,1,3,0,25,1,22,1,410,99,0,0,0,2,1,25,1,21,1,1,116,-1,63,0,0,0,2,1,25,1,0,-1,-1,-1,-1,0,0,0,0,0,0,-1,0,19,0,19,63,87,169,82,19,101,5,1,1,0,0,-1,607271242,"6.18"
"C40881",1,2026-03-31,2026-03-30,1,,-1,0,1,0,0,5,1,0,0,55,0,0,-1,-1,-1,0,0,0,0,0,-1,0,21,1,2,116,-1,46,0,1,0,0,0,55,0,0,-1,-1,-1,-1,0,0,0,0,0,0,-1,0,0,0,0,46,138,184,46,33,79,4,0,1,0,0,-1,607271242,"6.18"
"C40884",1,2026-05-16,2026-05-15,1,,-1,9,0,1,0,5,1,0,0,25,0,0,-1,-1,-1,0,0,0,0,0,-1,0,22,1,3,116,434,31,0,0,1,0,0,25,0,0,-1,-1,-1,-1,0,0,0,0,0,0,-1,0,0,0,0,31,39,70,31,54,85,4,0,1,0,0,-1,607271242,"6.18"
"C40887",1,2026-06-05,2026-06-04,1,,-1,0,0,1,0,5,1,0,0,25,0,0,-1,-1,-1,0,0,0,0,0,-1,0,21,1,3,116,-1,0,0,0,1,0,0,25,0,0,-1,-1,-1,-1,0,0,0,0,0,0,-1,0,0,0,0,0,118,118,0,28,28,4,0,1,0,0,-1,607271242,"6.18"
"C40890",1,2026-03-28,2026-03-27,1,,-1,9,0,1,0,5,1,0,0,25,0,22,3,99,98,0,0,1,0,0,25,0,0,-1,-1,-1,-1,0,0,0,0,0,0,-1,0,0,-1,-1,-1,-1,0,0,0,0,0,0,-1,0,28,0,28,0,0,28,28,0,28,1,1,0,0,0,-1,607271242,"6.18"
"C40893",1,2026-03-30,2026-03-29,1,,-1,0,0,0,2,3,1,0,0,24,0,22,1,336,313,0,0,0,2,0,24,0,0,-1,-1,-1,-1,0,0,0,0,0,0,-1,0,0,-1,-1,-1,-1,0,0,0,0,0,0,-1,0,16,0,16,0,0,16,16,0,16,1,1,0,0,0,-1,607271242,"6.18"
"C40896",1,2026-03-30,2026-03-29,1,,-1,0,0,1,0,134,2,0,0,25,0,22,3,116,98,0,0,1,0,0,25,0,0,-1,-1,-1,-1,0,0,0,0,0,0,-1,0,0,-1,-1,-1,-1,0,0,0,0,0,0,-1,0,37,0,37,0,0,37,37,62,99,1,1,0,0,0,-1,607271242,"6.18"
"C40902",1,2026-03-28,2026-03-27,1,,-1,4,0,0,1,5,1,0,0,25,0,22,3,207,313,0,0,0,1,0,25,0,0,-1,-1,-1,-1,0,0,0,0,0,0,-1,0,0,-1,-1,-1,-1,0,0,0,0,0,0,-1,0,18,0,18,0,0,18,18,145,163,1,1,0,0,0,-1,607271242,"6.18"
"C40905",3,2026-04-13,2026-04-12,1,,-1,0,0,1,0,15,0,1,0,-1,0,0,-1,-1,-1,0,0,0,0,0,-1,0,21,1,3,101,-1,5,0,0,1,0,0,-1,0,0,-1,-1,-1,-1,0,0,0,0,0,0,-1,0,0,0,0,5,166,171,5,40,45,4,0,1,0,0,-1,607271242,"6.18"
"C40908",1,2026-03-30,2026-03-29,1,,-1,0,0,0,0,5,1,0,0,55,0,22,3,336,312,0,0,0,0,0,55,0,0,-1,-1,-1,-1,0,0,0,0,0,0,-1,0,0,-1,-1,-1,-1,0,0,0,0,0,0,-1,0,14,0,14,0,0,14,14,0,14,1,1,0,0,0,-1,607271242,"6.18"
"C40911",1,2026-04-26,2026-04-25,1,,-1,1,0,1,1,36,1,0,0,25,0,0,-1,-1,-1,0,0,0,0,0,-1,0,21,1,1,101,-1,2,1,0,1,1,0,25,0,0,-1,-1,-1,-1,0,0,0,0,0,0,-1,0,0,0,0,2,156,158,2,448,450,4,0,1,0,0,-1,607271242,"6.18"
"C40920",1,2026-04-13,2026-04-12,1,,-1,0,0,1,0,5,1,0,0,25,0,21,1,116,-1,0,0,1,0,0,25,0,0,-1,-1,-1,-1,0,0,0,0,0,0,-1,0,0,-1,-1,-1,-1,0,0,0,0,0,0,-1,0,171,0,171,0,0,171,171,16,187,1,1,0,0,0,-1,607271242,"6.18"
"C40923",1,2026-03-29,2026-03-28,1,,-1,0,0,1,2,5,1,0,0,55,0,22,1,314,313,0,0,1,2,0,55,0,0,-1,-1,-1,-1,0,0,0,0,0,0,-1,0,0,-1,-1,-1,-1,0,0,0,0,0,0,-1,0,24,0,24,0,0,24,24,3,27,1,1,0,0,0,-1,607271242,"6.18"
"C40926",1,2026-03-27,2026-03-26,1,,-1,0,0,1,0,56,1,0,0,55,0,22,1,116,313,0,0,1,0,0,55,0,0,-1,-1,-1,-1,0,0,0,0,0,0,-1,0,0,-1,-1,-1,-1,0,0,0,0,0,0,-1,0,50,0,50,0,0,50,50,4,54,1,1,0,0,0,-1,607271242,"6.18"
"C40929",1,2026-04-01,2026-03-31,1,,-1,0,0,0,0,5,1,0,0,55,0,22,1,411,204,0,0,0,0,0,55,0,0,-1,-1,-1,-1,0,0,0,0,0,0,-1,0,0,-1,-1,-1,-1,0,0,0,0,0,0,-1,0,17,0,17,0,0,17,17,2,19,1,1,0,0,0,-1,607271242,"6.18"
"C40932",1,2026-04-01,2026-03-31,1,,-1,9,1,1,0,136,1,0,0,55,0,22,3,101,312,0,1,1,0,0,55,0,0,-1,-1,-1,-1,0,0,0,0,0,0,-1,0,0,-1,-1,-1,-1,0,0,0,0,0,0,-1,0,13,0,13,0,0,13,13,0,13,1,1,0,0,0,-1,607271242,"6.18"
"C40935",2,2026-03-28,2026-03-27,1,,-1,0,0,0,1,3,1,2,0,25,1,22,1,314,313,0,0,0,1,0,25,1,0,-1,-1,-1,-1,0,0,0,0,0,0,-1,0,0,-1,-1,-1,-1,0,0,0,0,0,0,-1,0,37,0,37,0,0,37,37,23,60,1,1,0,0,0,-1,607271242,"6.18"
"C40944",1,2026-04-04,2026-04-03,1,,-1,9,0,1,0,3,1,0,0,25,0,22,1,116,204,0,0,1,0,0,25,0,0,-1,-1,-1,-1,0,0,0,0,0,0,-1,0,0,-1,-1,-1,-1,0,0,0,0,0,0,-1,0,49,0,49,0,0,49,49,15,64,1,1,0,0,0,-1,607271242,"6.18"
"C40947",1,2026-04-05,2026-04-04,1,,-1,1,1,1,0,5,2,0,0,25,0,0,-1,-1,-1,0,0,0,0,0,-1,0,21,1,2,101,-1,43,1,1,1,0,0,25,0,0,-1,-1,-1,-1,0,0,0,0,0,0,-1,0,0,0,0,43,136,179,43,398,441,4,0,1,0,0,-1,607271242,"6.18"
"C40950",1,2026-05-04,2026-05-03,1,,-1,0,0,1,0,137,1,0,0,24,0,22,3,116,312,0,0,1,0,0,24,0,0,-1,-1,-1,-1,0,0,0,0,0,0,-1,0,0,-1,-1,-1,-1,0,0,0,0,0,0,-1,0,13,0,13,0,0,13,13,93,106,1,1,0,0,0,-1,607271242,"6.18"
"C40953",1,2026-05-02,2026-05-01,1,,-1,0,0,0,0,5,1,0,0,55,0,0,-1,-1,-1,0,0,0,0,0,-1,0,21,1,1,116,-1,56,0,0,0,0,0,55,0,0,-1,-1,-1,-1,0,0,0,0,0,0,-1,0,0,0,0,56,96,152,56,272,328,4,0,1,0,0,-1,607271242,"6.18"
"C40956",1,2026-04-04,2026-04-03,1,,-1,0,0,0,2,356,1,0,0,25,0,22,1,335,422,0,0,0,2,0,25,0,0,-1,-1,-1,-1,0,0,0,0,0,0,-1,0,0,-1,-1,-1,-1,0,0,0,0,0,0,-1,0,15,0,15,0,0,15,15,94,109,1,1,0,0,0,-1,607271242,"6.18"
"C40959",1,2026-04-10,2026-04-09,1,,-1,0,0,0,0,5,1,0,0,25,0,0,-1,-1,-1,0,0,0,0,0,-1,0,21,1,3,101,-1,1,0,0,0,0,0,25,0,0,-1,-1,-1,-1,0,0,0,0,0,0,-1,0,0,0,0,1,173,174,1,37,38,4,0,1,0,0,-1,607271242,"6.18"
"C40983",1,2026-04-04,2026-04-03,1,,-1,1,0,1,1,5,1,0,0,55,0,22,1,101,99,1,0,1,1,0,55,0,0,-1,-1,-1,-1,0,0,0,0,0,0,-1,0,0,-1,-1,-1,-1,0,0,0,0,0,0,-1,0,18,0,18,0,0,18,18,352,370,1,1,0,0,0,-1,607271242,"6.18"
"C40986",1,2026-03-25,2026-03-24,1,,-1,0,0,1,2,146,1,0,0,18,0,22,3,336,312,0,0,1,2,0,18,0,0,-1,-1,-1,-1,0,0,0,0,0,0,-1,0,0,-1,-1,-1,-1,0,0,0,0,0,0,-1,0,15,0,15,0,0,15,15,0,15,1,1,0,0,0,-1,607271242,"6.18"
"C40989",3,2026-03-30,2026-03-29,1,,-1,0,0,0,2,5,0,1,0,-1,0,22,3,336,312,0,0,0,2,0,-1,0,0,-1,-1,-1,-1,0,0,0,0,0,0,-1,0,0,-1,-1,-1,-1,0,0,0,0,0,0,-1,0,25,0,25,0,0,25,25,0,25,1,1,0,0,0,-1,607271242,"6.18"
"C40992",2,2026-03-24,2026-03-23,1,,-1,0,0,0,2,5,1,1,0,25,1,22,1,116,99,0,0,0,2,0,25,1,0,-1,-1,-1,-1,0,0,0,0,0,0,-1,0,0,-1,-1,-1,-1,0,0,0,0,0,0,-1,0,33,0,33,0,0,33,33,8,41,1,1,0,0,0,-1,607271242,"6.18"
"C40998",1,2026-04-10,2026-04-09,1,,-1,0,0,1,2,5,1,0,0,25,0,0,-1,-1,-1,0,0,0,0,0,-1,0,21,1,3,116,-1,4,0,0,1,2,0,25,0,0,-1,-1,-1,-1,0,0,0,0,0,0,-1,0,0,0,0,4,170,174,4,181,185,4,0,1,0,0,-1,607271242,"6.18"
"C41001",1,2026-04-04,2026-04-03,1,,-1,0,0,1,2,5,1,0,0,55,0,22,1,411,411,0,0,1,2,0,55,0,0,-1,-1,-1,-1,0,0,0,0,0,0,-1,0,0,-1,-1,-1,-1,0,0,0,0,0,0,-1,0,0,35,35,0,0,35,35,0,35,2,1,0,0,0,-1,607271242,"6.18"
"C41004",1,2026-04-28,2026-04-27,1,,-1,0,0,0,0,147,1,0,0,25,0,0,-1,-1,-1,0,0,0,0,0,-1,0,21,1,3,116,-1,1,0,0,0,0,0,25,0,0,-1,-1,-1,-1,0,0,0,0,0,0,-1,0,0,0,0,1,155,156,1,55,56,4,0,1,0,0,-1,607271242,"6.18"
"C41007",1,2026-04-05,2026-04-04,1,,-1,0,0,1,2,98,1,0,0,25,0,22,1,116,99,0,0,1,2,0,25,0,0,-1,-1,-1,-1,0,0,0,0,0,0,-1,0,0,-1,-1,-1,-1,0,0,0,0,0,0,-1,0,17,0,17,0,0,17,17,4,21,1,1,0,0,0,-1,607271242,"6.18"
"C41010",1,2026-04-04,2026-04-03,1,,-1,0,0,1,2,3,1,0,0,25,0,22,1,335,420,0,0,1,2,0,25,0,0,-1,-1,-1,-1,0,0,0,0,0,0,-1,0,0,-1,-1,-1,-1,0,0,0,0,0,0,-1,0,112,0,112,0,0,112,112,0,112,1,1,0,0,0,-1,607271242,"6.18"
"C41013",2,2026-04-04,2026-04-03,1,,-1,0,0,1,1,5,1,3,0,25,1,0,-1,-1,-1,0,0,0,0,0,-1,0,21,1,1,101,-1,3,0,0,1,1,1,25,1,0,-1,-1,-1,-1,0,0,0,0,0,0,-1,0,0,0,0,3,177,180,3,8,11,4,0,1,0,0,-1,607271242,"6.18"
"C41025",1,2026-03-20,2026-03-19,1,,-1,4,0,0,0,5,1,0,0,55,0,22,1,116,314,0,0,0,0,0,55,0,0,-1,-1,-1,-1,0,0,0,0,0,0,-1,0,0,-1,-1,-1,-1,0,0,0,0,0,0,-1,0,38,0,38,0,0,38,38,1276,1314,1,1,0,0,0,-1,607271242,"6.18"
"C41028",1,2026-04-04,2026-04-03,1,,-1,1,0,1,1,1,1,0,0,18,0,22,1,116,410,1,0,1,1,0,18,0,0,-1,-1,-1,-1,0,0,0,0,0,0,-1,0,0,-1,-1,-1,-1,0,0,0,0,0,0,-1,0,41,0,41,0,0,41,41,730,771,1,1,0,0,0,-1,607271242,"6.18"
"C41031",1,2026-03-31,2026-03-30,1,,-1,0,0,1,2,5,1,0,0,25,0,22,3,116,98,0,0,1,2,0,25,0,0,-1,-1,-1,-1,0,0,0,0,0,0,-1,0,0,-1,-1,-1,-1,0,0,0,0,0,0,-1,0,23,0,23,0,0,23,23,148,171,1,1,0,0,0,-1,607271242,"6.18"
"C41034",2,2026-04-04,2026-04-03,1,,-1,9,0,1,0,5,2,1,0,25,1,22,1,421,410,0,0,1,0,0,25,1,0,-1,-1,-1,-1,0,0,0,0,0,0,-1,0,0,-1,-1,-1,-1,0,0,0,0,0,0,-1,0,54,0,54,0,0,54,54,0,54,1,1,0,0,0,-1,607271242,"6.18"
"C41040",1,2026-03-22,2026-03-21,1,,-1,0,0,0,0,157,1,0,0,25,0,22,1,336,312,0,0,0,0,0,25,0,0,-1,-1,-1,-1,0,0,0,0,0,0,-1,0,0,-1,-1,-1,-1,0,0,0,0,0,0,-1,0,17,0,17,0,0,17,17,0,17,1,1,0,0,0,-1,607271242,"6.18"
"C41043",1,2026-03-21,2026-03-20,1,,-1,1,0,1,0,5,1,0,0,55,0,22,1,116,205,1,0,1,0,0,55,0,0,-1,-1,-1,-1,0,0,0,0,0,0,-1,0,0,-1,-1,-1,-1,0,0,0,0,0,0,-1,0,24,0,24,0,0,24,24,731,755,1,1,0,0,0,-1,607271242,"6.18"
"C41046",1,2026-07-05,2026-07-04,1,,-1,9,0,1,1,5,1,0,0,25,0,0,-1,-1,-1,0,0,0,0,0,-1,0,21,0,1,116,-1,88,0,0,1,1,0,25,0,0,-1,-1,-1,-1,0,0,0,0,0,0,-1,0,0,0,0,88,0,88,88,92,180,4,0,0,0,0,-1,607271242,"6.18"
"C41049",1,2026-04-05,2026-04-04,1,,-1,0,0,1,0,5,1,0,0,25,0,22,1,206,422,0,0,1,0,0,25,0,0,-1,-1,-1,-1,0,0,0,0,0,0,-1,0,0,-1,-1,-1,-1,0,0,0,0,0,0,-1,0,63,0,63,0,0,63,63,16,79,1,1,0,0,0,-1,607271242,"6.18"
"C41052",1,2026-04-04,2026-04-03,1,,-1,0,0,1,2,3,1,0,0,25,0,21,1,335,-1,0,0,1,2,0,25,0,0,-1,-1,-1,-1,0,0,0,0,0,0,-1,0,0,-1,-1,-1,-1,0,0,0,0,0,0,-1,0,111,0,111,0,0,111,111,3,114,1,1,0,0,0,-1,607271242,"6.18"
"C41055",1,2026-04-06,2026-04-05,1,,-1,1,0,1,2,167,1,0,0,25,0,22,1,116,99,1,0,1,2,0,25,0,0,-1,-1,-1,-1,0,0,0,0,0,0,-1,0,0,-1,-1,-1,-1,0,0,0,0,0,0,-1,0,17,0,17,0,0,17,17,8,25,1,1,0,0,0,-1,607271242,"6.18"
"C41058",1,2026-05-25,2026-05-24,1,,-1,1,1,1,2,5,2,0,0,25,0,0,-1,-1,-1,0,0,0,0,0,-1,0,21,0,2,116,-1,129,1,1,1,2,0,25,0,0,-1,-1,-1,-1,0,0,0,0,0,0,-1,0,0,0,0,129,0,129,129,16231,16360,4,0,0,0,0,-1,607271242,"6.18"
"C41061",2,2026-04-05,2026-04-04,1,,-1,0,0,1,1,3,1,3,0,25,1,22,1,336,410,0,0,1,1,1,25,1,0,-1,-1,-1,-1,0,0,0,0,0,0,-1,0,0,-1,-1,-1,-1,0,0,0,0,0,0,-1,0,26,0,26,0,0,26,26,2,28,1,1,0,0,0,-1,607271242,"6.18"
"C41064",1,2026-06-07,2026-06-06,1,,-1,0,0,1,0,3,1,0,0,25,0,22,1,335,99,0,0,1,0,0,25,0,0,-1,-1,-1,-1,0,0,0,0,0,0,-1,0,0,-1,-1,-1,-1,0,0,0,0,0,0,-1,0,27,0,27,0,0,27,27,31,58,1,1,0,0,0,-1,607271242,"6.18"
"C41067",1,2026-04-06,2026-04-05,1,,-1,4,0,0,1,3,1,0,0,18,0,22,3,434,410,0,0,0,1,0,18,0,0,-1,-1,-1,-1,0,0,0,0,0,0,-1,0,0,-1,-1,-1,-1,0,0,0,0,0,0,-1,0,26,0,26,0,0,26,26,0,26,1,1,0,0,0,-1,607271242,"6.18"
"C41070",1,2026-07-18,2026-07-17,1,,-1,0,0,0,1,5,1,0,0,25,0,21,3,336,-1,0,0,0,1,0,25,0,0,-1,-1,-1,-1,0,0,0,0,0,0,-1,0,0,-1,-1,-1,-1,0,0,0,0,0,0,-1,0,75,0,75,0,0,75,75,0,75,1,1,0,0,0,-1,607271242,"6.18"
"C41073",1,2026-04-08,2026-04-07,1,,-1,1,0,1,0,234,1,0,0,55,0,22,1,99,99,1,0,1,0,0,55,0,21,0,1,116,-1,124,1,0,1,0,0,55,0,0,-1,-1,-1,-1,0,0,0,0,0,0,-1,0,13,0,13,124,0,137,137,352,489,5,1,0,0,0,-1,607271242,"6.18"
"C41079",1,2026-04-11,2026-04-10,1,,-1,1,0,1,0,56,1,0,0,55,0,0,-1,-1,-1,0,0,0,0,0,-1,0,21,0,3,116,-1,173,1,0,1,0,0,55,0,0,-1,-1,-1,-1,0,0,0,0,0,0,-1,0,0,0,0,173,0,173,173,373,546,4,0,0,0,0,-1,607271242,"6.18"
"C41082",1,2026-06-02,2026-06-01,1,,-1,0,0,0,0,35,1,0,0,25,0,0,-1,-1,-1,0,0,0,0,0,-1,0,21,1,1,101,-1,7,0,0,0,0,0,25,0,0,-1,-1,-1,-1,0,0,0,0,0,0,-1,0,0,0,0,7,114,121,7,18,25,4,0,1,0,0,-1,607271242,"6.18"
"C41085",1,2026-04-06,2026-04-05,1,,-1,0,0,1,0,5,1,0,0,25,0,22,1,204,410,0,0,1,0,0,25,0,0,-1,-1,-1,-1,0,0,0,0,0,0,-1,0,0,-1,-1,-1,-1,0,0,0,0,0,0,-1,0,38,0,38,0,0,38,38,2,40,1,1,0,0,0,-1,607271242,"6.18"
"C41088",1,2026-04-06,2026-04-05,1,,-1,0,0,1,2,5,1,0,0,25,0,22,1,204,99,0,0,1,2,0,25,0,0,-1,-1,-1,-1,0,0,0,0,0,0,-1,0,0,-1,-1,-1,-1,0,0,0,0,0,0,-1,0,14,0,14,0,0,14,14,2,16,1,1,0,0,0,-1,607271242,"6.18"
"C41091",1,2026-04-05,2026-04-04,1,,-1,0,1,1,0,235,1,0,0,25,0,22,3,116,312,0,1,1,0,0,25,0,0,-1,-1,-1,-1,0,0,0,0,0,0,-1,0,0,-1,-1,-1,-1,0,0,0,0,0,0,-1,0,18,0,18,0,0,18,18,117,135,1,1,0,0,0,-1,607271242,"6.18"
"C41094",1,2026-04-08,2026-04-07,1,,-1,0,0,1,0,5,1,0,0,25,0,22,1,99,99,0,0,1,0,0,25,0,0,-1,-1,-1,-1,0,0,0,0,0,0,-1,0,0,-1,-1,-1,-1,0,0,0,0,0,0,-1,0,1,0,1,0,0,1,1,105,106,1,1,0,0,0,-1,607271242,"6.18"
"C41097",1,2026-04-09,2026-04-08,1,,-1,0,0,1,2,3,1,0,0,25,0,22,1,206,99,0,0,1,2,0,25,0,0,-1,-1,-1,-1,0,0,0,0,0,0,-1,0,0,-1,-1,-1,-1,0,0,0,0,0,0,-1,0,18,0,18,0,0,18,18,16,34,1,1,0,0,0,-1,607271242,"6.18"
"C41100",1,2026-04-10,2026-04-09,1,,-1,0,0,1,2,35,1,0,0,25,0,22,1,116,410,0,0,1,2,0,25,0,0,-1,-1,-1,-1,0,0,0,0,0,0,-1,0,0,-1,-1,-1,-1,0,0,0,0,0,0,-1,0,57,0,57,0,0,57,57,65,122,1,1,0,0,0,-1,607271242,"6.18"
"C41103",1,2026-04-08,2026-04-07,1,,-1,0,0,1,0,3,1,0,0,55,0,22,1,336,314,0,0,1,0,0,55,0,0,-1,-1,-1,-1,0,0,0,0,0,0,-1,0,0,-1,-1,-1,-1,0,0,0,0,0,0,-1,0,87,0,87,0,0,87,87,0,87,1,1,0,0,0,-1,607271242,"6.18"
"C41106",1,2026-05-22,2026-05-21,1,,-1,0,1,1,0,5,1,0,0,55,0,0,-1,-1,-1,0,0,0,0,0,-1,0,22,1,2,101,422,16,0,1,1,0,0,55,0,0,-1,-1,-1,-1,0,0,0,0,0,0,-1,0,0,0,0,16,13,29,16,109,125,4,0,1,0,0,-1,607271242,"6.18"
"C41109",1,2026-04-10,2026-04-09,1,,-1,0,0,0,0,236,1,0,0,25,0,22,1,116,99,0,0,0,0,0,25,0,0,-1,-1,-1,-1,0,0,0,0,0,0,-1,0,0,-1,-1,-1,-1,0,0,0,0,0,0,-1,0,75,0,75,0,0,75,75,3,78,1,1,0,0,0,-1,607271242,"6.18"
"C41112",1,2026-04-05,2026-04-04,1,,-1,1,1,1,0,5,1,0,0,25,0,22,3,116,423,1,1,1,0,0,25,0,0,-1,-1,-1,-1,0,0,0,0,0,0,-1,0,0,-1,-1,-1,-1,0,0,0,0,0,0,-1,0,27,0,27,0,0,27,27,1248,1275,1,1,0,0,0,-1,607271242,"6.18"
"C41115",99,2026-04-07,2026-04-06,1,,-1,0,0,1,0,56,0,0,1,-1,0,22,1,205,410,0,0,1,0,0,-1,0,0,-1,-1,-1,-1,0,0,0,0,0,0,-1,0,0,-1,-1,-1,-1,0,0,0,0,0,0,-1,0,27,0,27,0,0,27,27,4,31,1,1,0,0,0,-1,607271242,"6.18"
"C41118",1,2026-04-07,2026-04-06,1,,-1,0,0,1,0,1,1,0,0,25,0,22,1,205,207,0,0,1,0,0,25,0,0,-1,-1,-1,-1,0,0,0,0,0,0,-1,0,0,-1,-1,-1,-1,0,0,0,0,0,0,-1,0,29,0,29,0,0,29,29,15,44,1,1,0,0,0,-1,607271242,"6.18"
"C41121",1,2026-04-10,2026-04-09,1,,-1,9,1,1,0,5,1,0,0,25,0,22,1,314,101,0,1,1,0,0,25,0,0,-1,-1,-1,-1,0,0,0,0,0,0,-1,0,0,-1,-1,-1,-1,0,0,0,0,0,0,-1,0,20,0,20,0,0,20,20,184,204,1,1,0,0,0,-1,607271242,"6.18"
"C41124",1,2026-04-06,2026-04-05,1,,-1,0,0,1,0,5,1,0,0,25,0,22,3,101,204,0,0,1,0,0,25,0,0,-1,-1,-1,-1,0,0,0,0,0,0,-1,0,0,-1,-1,-1,-1,0,0,0,0,0,0,-1,0,13,0,13,0,0,13,13,24,37,1,1,0,0,0,-1,607271242,"6.18"
"C41127",1,2026-04-24,2026-04-23,1,,-1,9,0,1,0,237,1,0,0,25,0,0,-1,-1,-1,0,0,0,0,0,-1,0,21,1,3,116,-1,42,0,0,1,0,0,25,0,0,-1,-1,-1,-1,0,0,0,0,0,0,-1,0,0,0,0,42,118,160,42,34,76,4,0,1,0,0,-1,607271242,"6.18"
"C41130",1,2026-04-11,2026-04-10,1,,-1,0,0,1,0,16,1,0,0,55,0,22,1,314,410,0,0,1,0,0,55,0,0,-1,-1,-1,-1,0,0,0,0,0,0,-1,0,0,-1,-1,-1,-1,0,0,0,0,0,0,-1,0,112,0,112,0,0,112,112,0,112,1,1,0,0,0,-1,607271242,"6.18"
"C41133",1,2026-05-02,2026-05-01,1,,-1,0,0,1,2,5,2,0,0,55,0,0,-1,-1,-1,0,0,0,0,0,-1,0,21,1,1,116,-1,16,0,0,1,2,0,55,0,0,-1,-1,-1,-1,0,0,0,0,0,0,-1,0,0,0,0,16,136,152,16,29,45,4,0,1,0,0,-1,607271242,"6.18"
"C41139",1,2026-05-16,2026-05-15,1,,-1,0,0,1,1,5,1,0,0,25,0,0,-1,-1,-1,0,0,0,0,0,-1,0,22,1,1,116,434,49,0,0,1,1,0,25,0,0,-1,-1,-1,-1,0,0,0,0,0,0,-1,0,0,0,0,49,13,62,49,66,115,4,0,1,0,0,-1,607271242,"6.18"
"C41142",1,2026-04-10,2026-04-09,1,,-1,0,0,1,0,5,1,0,0,25,0,22,1,116,410,0,0,1,0,0,25,0,0,-1,-1,-1,-1,0,0,0,0,0,0,-1,0,0,-1,-1,-1,-1,0,0,0,0,0,0,-1,0,43,0,43,0,0,43,43,2,45,1,1,0,0,0,-1,607271242,"6.18"
"C41145",1,2026-04-10,2026-04-09,1,,-1,0,0,1,0,245,1,0,0,18,0,22,1,410,99,0,0,1,0,0,18,0,0,-1,-1,-1,-1,0,0,0,0,0,0,-1,0,0,-1,-1,-1,-1,0,0,0,0,0,0,-1,0,29,0,29,0,0,29,29,0,29,1,1,0,0,0,-1,607271242,"6.18"
"C41148",1,2026-04-08,2026-04-07,1,,-1,0,0,0,0,56,1,0,0,25,0,22,3,116,99,0,0,0,0,0,25,0,0,-1,-1,-1,-1,0,0,0,0,0,0,-1,0,0,-1,-1,-1,-1,0,0,0,0,0,0,-1,0,17,0,17,0,0,17,17,4,21,1,1,0,0,0,-1,607271242,"6.18"
"C41151",1,2026-04-10,2026-04-09,1,,-1,0,0,1,2,5,1,0,0,25,0,22,1,314,410,0,0,1,2,0,25,0,0,-1,-1,-1,-1,0,0,0,0,0,0,-1,0,0,-1,-1,-1,-1,0,0,0,0,0,0,-1,0,23,0,23,0,0,23,23,0,23,1,1,0,0,0,-1,607271242,"6.18"
"C41157",1,2026-04-11,2026-04-10,1,,-1,0,0,0,0,5,1,0,0,25,0,22,1,116,99,0,0,0,0,0,25,0,0,-1,-1,-1,-1,0,0,0,0,0,0,-1,0,0,-1,-1,-1,-1,0,0,0,0,0,0,-1,0,20,0,20,0,0,20,20,38,58,1,1,0,0,0,-1,607271242,"6.18"
"C41160",1,2026-04-12,2026-04-11,1,,-1,9,0,1,0,5,1,0,0,25,0,22,1,101,329,0,0,1,0,0,25,0,0,-1,-1,-1,-1,0,0,0,0,0,0,-1,0,0,-1,-1,-1,-1,0,0,0,0,0,0,-1,0,0,47,47,0,0,47,47,13,60,2,1,0,0,0,-1,607271242,"6.18"
"C41163",1,2026-04-11,2026-04-10,1,,-1,1,0,1,2,246,1,0,0,25,0,22,1,116,410,1,0,1,2,0,25,0,0,-1,-1,-1,-1,0,0,0,0,0,0,-1,0,0,-1,-1,-1,-1,0,0,0,0,0,0,-1,0,15,0,15,0,0,15,15,0,15,1,1,0,0,0,-1,607271242,"6.18"
"C41166",1,2026-04-12,2026-04-11,1,,-1,0,0,1,0,5,1,0,0,55,0,22,1,314,205,0,0,1,0,0,55,0,0,-1,-1,-1,-1,0,0,0,0,0,0,-1,0,0,-1,-1,-1,-1,0,0,0,0,0,0,-1,0,61,0,61,0,0,61,61,2,63,1,1,0,0,0,-1,607271242,"6.18"
"C41169",2,2026-07-19,2026-07-18,1,,-1,0,0,0,0,5,2,2,0,25,1,22,1,314,312,0,0,0,0,0,25,1,0,-1,-1,-1,-1,0,0,0,0,0,0,-1,0,0,-1,-1,-1,-1,0,0,0,0,0,0,-1,0,13,0,13,0,0,13,13,0,13,1,1,0,0,0,-1,607271242,"6.18"
"C41178",1,2026-04-11,2026-04-10,1,,-1,0,0,0,2,3,1,0,0,25,0,22,1,335,410,0,0,0,2,0,25,0,0,-1,-1,-1,-1,0,0,0,0,0,0,-1,0,0,-1,-1,-1,-1,0,0,0,0,0,0,-1,0,43,0,43,0,0,43,43,2,45,1,1,0,0,0,-1,607271242,"6.18"
"C41181",1,2026-04-11,2026-04-10,1,,-1,0,0,1,0,247,1,0,0,25,0,22,1,116,422,0,0,1,0,0,25,0,0,-1,-1,-1,-1,0,0,0,0,0,0,-1,0,0,-1,-1,-1,-1,0,0,0,0,0,0,-1,0,19,0,19,0,0,19,19,2,21,1,1,0,0,0,-1,607271242,"6.18"
"C41184",1,2026-04-13,2026-04-12,1,,-1,9,0,1,0,3,1,0,0,25,0,22,1,99,313,0,0,1,0,0,25,0,21,1,1,116,-1,1,0,0,1,0,0,25,0,0,-1,-1,-1,-1,0,0,0,0,0,0,-1,0,10,0,10,1,128,139,11,119,130,5,1,1,0,0,-1,607271242,"6.18"
"C41187",1,2026-05-02,2026-05-01,1,,-1,0,0,0,2,5,1,0,0,25,0,0,-1,-1,-1,0,0,0,0,0,-1,0,22,0,1,116,99,83,0,0,0,2,0,25,0,0,-1,-1,-1,-1,0,0,0,0,0,0,-1,0,0,0,0,82,0,82,82,38,120,4,0,0,0,0,-1,607271242,"6.18"
"C41190",1,2026-04-12,2026-04-11,1,,-1,0,0,1,0,3,1,0,0,55,0,22,1,410,99,0,0,1,0,0,55,0,0,-1,-1,-1,-1,0,0,0,0,0,0,-1,0,0,-1,-1,-1,-1,0,0,0,0,0,0,-1,0,28,0,28,0,0,28,28,2,30,1,1,0,0,0,-1,607271242,"6.18"
"C41193",1,2026-05-15,2026-05-14,1,,-1,1,0,1,2,5,2,0,0,25,0,0,-1,-1,-1,0,0,0,0,0,-1,0,21,0,2,116,-1,139,1,0,1,2,0,25,0,0,-1,-1,-1,-1,0,0,0,0,0,0,-1,0,0,0,0,139,0,139,139,72,211,4,0,0,0,0,-1,607271242,"6.18"
"C41199",1,2026-04-12,2026-04-11,1,,-1,0,0,1,1,256,1,0,0,25,0,22,3,336,101,0,0,1,1,0,25,0,0,-1,-1,-1,-1,0,0,0,0,0,0,-1,0,0,-1,-1,-1,-1,0,0,0,0,0,0,-1,0,31,0,31,0,0,31,31,0,31,1,1,0,0,0,-1,607271242,"6.18"
"C41205",1,2026-05-15,2026-05-14,1,,-1,1,0,1,2,5,1,0,0,25,0,0,-1,-1,-1,0,0,0,0,0,-1,0,21,0,3,116,-1,139,1,0,1,2,0,25,0,0,-1,-1,-1,-1,0,0,0,0,0,0,-1,0,0,0,0,139,0,139,139,771,910,4,0,0,0,0,-1,607271242,"6.18"
"C41208",2,2026-04-14,2026-04-13,1,,-1,0,0,1,0,5,2,2,0,25,1,22,3,410,99,0,0,1,0,0,25,1,0,-1,-1,-1,-1,0,0,0,0,0,0,-1,0,0,-1,-1,-1,-1,0,0,0,0,0,0,-1,0,45,0,45,0,0,45,45,0,45,1,1,0,0,0,-1,607271242,"6.18"
"C41220",1,2026-04-08,2026-04-07,1,,-1,1,0,1,0,56,1,0,0,55,0,22,1,116,313,1,0,1,0,0,55,0,0,-1,-1,-1,-1,0,0,0,0,0,0,-1,0,0,-1,-1,-1,-1,0,0,0,0,0,0,-1,0,36,0,36,0,0,36,36,1098,1134,1,1,0,0,0,-1,607271242,"6.18"
"C41226",1,2026-04-07,2026-04-06,1,,-1,0,0,1,0,56,1,0,0,25,0,22,1,204,410,0,0,1,0,0,25,0,0,-1,-1,-1,-1,0,0,0,0,0,0,-1,0,0,-1,-1,-1,-1,0,0,0,0,0,0,-1,0,16,0,16,0,0,16,16,115,131,1,1,0,0,0,-1,607271242,"6.18"
"C41229",1,2026-04-05,2026-04-04,1,,-1,0,0,0,0,5,1,0,0,24,0,22,1,336,411,0,0,0,0,0,24,0,0,-1,-1,-1,-1,0,0,0,0,0,0,-1,0,0,-1,-1,-1,-1,0,0,0,0,0,0,-1,0,26,0,26,0,0,26,26,0,26,1,1,0,0,0,-1,607271242,"6.18"
"C41232",1,2026-04-23,2026-04-22,1,,-1,0,0,1,1,35,1,0,0,25,0,21,1,116,-1,0,0,1,1,0,25,0,0,-1,-1,-1,-1,0,0,0,0,0,0,-1,0,0,-1,-1,-1,-1,0,0,0,0,0,0,-1,0,31,0,31,0,0,31,31,3,34,1,1,0,0,0,-1,607271242,"6.18"
"C41235",1,2026-04-14,2026-04-13,1,,-1,9,0,1,0,267,1,0,0,25,0,22,3,116,313,0,0,1,0,0,25,0,0,-1,-1,-1,-1,0,0,0,0,0,0,-1,0,0,-1,-1,-1,-1,0,0,0,0,0,0,-1,0,26,0,26,0,0,26,26,32,58,1,1,0,0,0,-1,607271242,"6.18"
"C41238",2,2026-04-17,2026-04-16,1,,-1,0,0,0,0,3,1,1,0,18,1,22,1,116,99,0,0,0,0,0,18,1,0,-1,-1,-1,-1,0,0,0,0,0,0,-1,0,0,-1,-1,-1,-1,0,0,0,0,0,0,-1,0,13,0,13,0,0,13,13,18,31,1,1,0,0,0,-1,607271242,"6.18"
"C41244",2,2026-04-17,2026-04-16,1,,-1,0,0,0,1,3,1,2,0,25,1,22,1,116,99,0,0,0,1,0,25,1,0,-1,-1,-1,-1,0,0,0,0,0,0,-1,0,0,-1,-1,-1,-1,0,0,0,0,0,0,-1,0,16,0,16,0,0,16,16,26,42,1,1,0,0,0,-1,607271242,"6.18"
"C41256",2,2026-04-17,2026-04-16,1,,-1,0,0,0,1,36,1,2,0,25,1,22,1,116,99,0,0,0,1,0,25,1,0,-1,-1,-1,-1,0,0,0,0,0,0,-1,0,0,-1,-1,-1,-1,0,0,0,0,0,0,-1,0,13,0,13,0,0,13,13,15,28,1,1,0,0,0,-1,607271242,"6.18"
"C41265",2,2026-04-17,2026-04-16,1,,-1,4,0,0,0,3,1,1,1,-1,1,21,1,101,-1,0,0,0,0,0,-1,1,0,-1,-1,-1,-1,0,0,0,0,0,0,-1,0,0,-1,-1,-1,-1,0,0,0,0,0,0,-1,0,167,0,167,0,0,167,167,3292,3459,1,1,0,0,0,-1,607271242,"6.18"
"C41274",2,2026-04-19,2026-04-18,1,,-1,0,0,1,0,5,2,1,0,25,1,22,1,116,410,0,0,1,0,0,25,1,0,-1,-1,-1,-1,0,0,0,0,0,0,-1,0,0,-1,-1,-1,-1,0,0,0,0,0,0,-1,0,102,0,102,0,0,102,102,109,211,1,1,0,0,0,-1,607271242,"6.18"
"C41283",1,2026-04-17,2026-04-16,1,,-1,0,1,1,0,5,1,0,0,55,0,0,-1,-1,-1,0,0,0,0,0,-1,0,22,1,1,101,410,32,0,1,1,0,0,55,0,0,-1,-1,-1,-1,0,0,0,0,0,0,-1,0,0,0,0,32,12,44,32,40,72,4,0,1,0,0,-1,607271242,"6.18"
"C41286",1,2026-06-21,2026-06-20,1,,-1,0,0,1,0,347,1,0,0,25,0,0,-1,-1,-1,0,0,0,0,0,-1,0,21,0,3,336,-1,102,0,0,1,0,0,25,0,0,-1,-1,-1,-1,0,0,0,0,0,0,-1,0,0,0,0,102,0,102,102,73,175,4,0,0,0,0,-1,607271242,"6.18"
"C41289",1,2026-04-18,2026-04-17,1,,-1,0,1,1,0,5,1,0,0,25,0,0,-1,-1,-1,0,0,0,0,0,-1,0,21,1,2,207,-1,37,0,1,1,0,0,25,0,0,-1,-1,-1,-1,0,0,0,0,0,0,-1,0,0,0,0,37,129,166,37,137,174,4,0,1,0,0,-1,607271242,"6.18"
"C41292",1,2026-04-28,2026-04-27,1,,-1,0,0,1,0,5,1,0,0,25,0,22,1,101,99,0,0,1,0,0,25,0,0,-1,-1,-1,-1,0,0,0,0,0,0,-1,0,0,-1,-1,-1,-1,0,0,0,0,0,0,-1,0,1,0,1,0,0,1,1,47,48,1,1,0,0,0,-1,607271242,"6.18"
"C41295",1,2026-04-26,2026-04-25,1,,-1,0,0,1,1,5,1,0,0,25,0,22,1,99,99,0,0,1,1,0,25,0,22,0,1,116,422,61,0,0,1,1,0,25,0,0,-1,-1,-1,-1,0,0,0,0,0,0,-1,0,1,0,1,60,0,61,61,59,120,5,1,0,0,0,-1,607271242,"6.18"
"C41298",1,2026-04-18,2026-04-17,1,,-1,1,0,1,0,56,1,0,0,25,0,21,1,116,-1,1,0,1,0,0,25,0,0,-1,-1,-1,-1,0,0,0,0,0,0,-1,0,0,-1,-1,-1,-1,0,0,0,0,0,0,-1,0,166,0,166,0,0,166,166,60,226,1,1,0,0,0,-1,607271242,"6.18"
"C41301",1,2026-04-18,2026-04-17,1,,-1,0,0,1,0,5,1,0,0,25,0,22,1,336,99,0,0,1,0,0,25,0,0,-1,-1,-1,-1,0,0,0,0,0,0,-1,0,0,-1,-1,-1,-1,0,0,0,0,0,0,-1,0,55,0,55,0,0,55,55,3,58,1,1,0,0,0,-1,607271242,"6.18"
"C41316",2,2026-04-17,2026-04-16,1,,-1,0,0,0,0,35,1,3,0,25,1,22,1,335,313,0,0,0,0,1,25,1,0,-1,-1,-1,-1,0,0,0,0,0,0,-1,0,0,-1,-1,-1,-1,0,0,0,0,0,0,-1,0,55,0,55,0,0,55,55,13,68,1,1,0,0,0,-1,607271242,"6.18"
"C41328",1,2026-04-14,2026-04-13,1,,-1,0,0,1,2,5,1,0,0,18,0,22,3,336,312,0,0,1,2,0,18,0,0,-1,-1,-1,-1,0,0,0,0,0,0,-1,0,0,-1,-1,-1,-1,0,0,0,0,0,0,-1,0,16,0,16,0,0,16,16,0,16,1,1,0,0,0,-1,607271242,"6.18"
"C41334",1,2026-04-19,2026-04-18,1,,-1,0,0,1,0,5,1,0,0,25,0,22,1,336,99,0,0,1,0,0,25,0,0,-1,-1,-1,-1,0,0,0,0,0,0,-1,0,0,-1,-1,-1,-1,0,0,0,0,0,0,-1,0,17,0,17,0,0,17,17,3,20,1,1,0,0,0,-1,607271242,"6.18"
"C41337",1,2026-04-19,2026-04-18,1,,-1,0,1,1,0,367,1,0,0,55,0,22,1,116,225,0,1,1,0,0,55,0,0,-1,-1,-1,-1,0,0,0,0,0,0,-1,0,0,-1,-1,-1,-1,0,0,0,0,0,0,-1,0,42,0,42,0,0,42,42,15,57,1,1,0,0,0,-1,607271242,"6.18"
"C41340",2,2026-04-19,2026-04-18,1,,-1,0,0,0,1,3,1,3,0,25,1,22,1,101,312,0,0,0,1,1,25,1,0,-1,-1,-1,-1,0,0,0,0,0,0,-1,0,0,-1,-1,-1,-1,0,0,0,0,0,0,-1,0,71,0,71,0,0,71,71,10,81,1,1,0,0,0,-1,607271242,"6.18"
"C41352",1,2026-04-16,2026-04-15,1,,-1,0,0,0,0,5,1,0,0,25,0,22,1,336,422,0,0,0,0,0,25,0,0,-1,-1,-1,-1,0,0,0,0,0,0,-1,0,0,-1,-1,-1,-1,0,0,0,0,0,0,-1,0,14,0,14,0,0,14,14,2,16,1,1,0,0,0,-1,607271242,"6.18"
"C41355",2,2026-04-19,2026-04-18,1,,-1,0,0,0,1,456,1,3,0,25,1,22,1,335,312,0,0,0,1,1,25,1,0,-1,-1,-1,-1,0,0,0,0,0,0,-1,0,0,-1,-1,-1,-1,0,0,0,0,0,0,-1,0,102,0,102,0,0,102,102,15,117,1,1,0,0,0,-1,607271242,"6.18"
"C41373",1,2026-04-15,2026-04-14,1,,-1,0,0,1,0,457,1,0,0,55,0,22,1,204,99,0,0,1,0,0,55,0,0,-1,-1,-1,-1,0,0,0,0,0,0,-1,0,0,-1,-1,-1,-1,0,0,0,0,0,0,-1,0,25,0,25,0,0,25,25,2,27,1,1,0,0,0,-1,607271242,"6.18"
"C41376",1,2026-04-19,2026-04-18,1,,-1,1,0,1,0,5,1,0,0,18,0,22,3,101,410,1,0,1,0,0,18,0,0,-1,-1,-1,-1,0,0,0,0,0,0,-1,0,0,-1,-1,-1,-1,0,0,0,0,0,0,-1,0,38,0,38,0,0,38,38,8,46,1,1,0,0,0,-1,607271242,"6.18"
"C41379",1,2026-04-12,2026-04-11,1,,-1,0,0,0,0,3,1,0,0,25,0,22,3,116,98,0,0,0,0,0,25,0,0,-1,-1,-1,-1,0,0,0,0,0,0,-1,0,0,-1,-1,-1,-1,0,0,0,0,0,0,-1,0,13,0,13,0,0,13,13,8,21,1,1,0,0,0,-1,607271242,"6.18"
"C41382",1,2026-04-14,2026-04-13,1,,-1,4,0,0,0,5,1,0,0,25,0,22,3,116,207,0,0,0,0,0,25,0,0,-1,-1,-1,-1,0,0,0,0,0,0,-1,0,0,-1,-1,-1,-1,0,0,0,0,0,0,-1,0,13,0,13,0,0,13,13,1257,1270,1,1,0,0,0,-1,607271242,"6.18"
"C41385",1,2026-06-01,2026-05-31,1,,-1,0,1,1,0,5,1,0,0,55,0,0,-1,-1,-1,0,0,0,0,0,-1,0,22,1,3,335,434,0,0,1,1,0,0,55,0,0,-1,-1,-1,-1,0,0,0,0,0,0,-1,0,0,0,0,0,54,54,0,0,0,4,0,1,0,0,-1,607271242,"6.18"
"C41388",1,2026-04-18,2026-04-17,1,,-1,0,0,1,2,5,1,0,0,25,0,22,1,207,206,0,0,1,2,0,25,0,0,-1,-1,-1,-1,0,0,0,0,0,0,-1,0,0,-1,-1,-1,-1,0,0,0,0,0,0,-1,0,52,0,52,0,0,52,52,0,52,1,1,0,0,0,-1,607271242,"6.18"
"C41391",1,2026-04-06,2026-04-05,1,,-1,4,0,0,0,467,1,0,0,25,0,22,3,116,98,0,0,0,0,0,25,0,0,-1,-1,-1,-1,0,0,0,0,0,0,-1,0,0,-1,-1,-1,-1,0,0,0,0,0,0,-1,0,13,0,13,0,0,13,13,368,381,1,1,0,0,0,-1,607271242,"6.18"
"C41394",1,2026-04-20,2026-04-19,1,,-1,0,0,1,1,5,1,0,0,55,0,22,1,410,423,0,0,1,1,0,55,0,0,-1,-1,-1,-1,0,0,0,0,0,0,-1,0,0,-1,-1,-1,-1,0,0,0,0,0,0,-1,0,17,0,17,0,0,17,17,0,17,1,1,0,0,0,-1,607271242,"6.18"
"C41397",2,2026-04-15,2026-04-14,1,,-1,9,0,1,0,5,1,3,0,25,1,22,3,434,422,0,0,1,0,1,25,1,0,-1,-1,-1,-1,0,0,0,0,0,0,-1,0,0,-1,-1,-1,-1,0,0,0,0,0,0,-1,0,30,0,30,0,0,30,30,2,32,1,1,0,0,0,-1,607271242,"6.18"
"C41415",1,2026-04-20,2026-04-19,1,,-1,0,0,1,0,15,1,0,0,55,0,22,1,116,99,0,0,1,0,0,55,0,0,-1,-1,-1,-1,0,0,0,0,0,0,-1,0,0,-1,-1,-1,-1,0,0,0,0,0,0,-1,0,19,0,19,0,0,19,19,32,51,1,1,0,0,0,-1,607271242,"6.18"
"C41418",1,2026-04-20,2026-04-19,1,,-1,0,0,0,0,5,1,0,0,25,0,22,3,116,410,0,0,0,0,0,25,0,0,-1,-1,-1,-1,0,0,0,0,0,0,-1,0,0,-1,-1,-1,-1,0,0,0,0,0,0,-1,0,37,0,37,0,0,37,37,49,86,1,1,0,0,0,-1,607271242,"6.18"
"C41421",1,2026-05-09,2026-05-08,1,,-1,0,0,1,2,5,1,0,0,25,0,0,-1,-1,-1,0,0,0,0,0,-1,0,21,0,3,336,-1,145,0,0,1,2,0,25,0,0,-1,-1,-1,-1,0,0,0,0,0,0,-1,0,0,0,0,145,0,145,145,0,145,4,0,0,0,0,-1,607271242,"6.18"
"C41430",1,2026-04-20,2026-04-19,1,,-1,0,0,1,2,13,1,0,0,25,0,22,3,335,312,0,0,1,2,0,25,0,0,-1,-1,-1,-1,0,0,0,0,0,0,-1,0,0,-1,-1,-1,-1,0,0,0,0,0,0,-1,0,43,0,43,0,0,43,43,0,43,1,1,0,0,0,-1,607271242,"6.18"
"C41433",1,2026-04-18,2026-04-17,1,,-1,0,0,1,0,5,1,0,0,25,0,22,1,207,329,0,0,1,0,0,25,0,0,-1,-1,-1,-1,0,0,0,0,0,0,-1,0,0,-1,-1,-1,-1,0,0,0,0,0,0,-1,0,13,0,13,0,0,13,13,0,13,1,1,0,0,0,-1,607271242,"6.18"
"C41436",2,2026-04-20,2026-04-19,1,,-1,0,0,1,2,56,1,2,0,24,1,22,1,116,99,0,0,1,2,0,24,1,0,-1,-1,-1,-1,0,0,0,0,0,0,-1,0,0,-1,-1,-1,-1,0,0,0,0,0,0,-1,0,20,0,20,0,0,20,20,108,128,1,1,0,0,0,-1,607271242,"6.18"
"C41445",1,2026-04-18,2026-04-17,1,,-1,9,0,1,1,2,1,0,0,55,0,22,3,118,313,0,0,1,1,0,55,0,0,-1,-1,-1,-1,0,0,0,0,0,0,-1,0,0,-1,-1,-1,-1,0,0,0,0,0,0,-1,0,16,0,16,0,0,16,16,9,25,1,1,0,0,0,-1,607271242,"6.18"
"C41448",1,2026-04-21,2026-04-20,1,,-1,0,0,0,2,3,1,0,0,55,0,22,1,99,99,0,0,0,2,0,55,0,21,0,1,116,-1,90,0,0,0,2,0,55,0,0,-1,-1,-1,-1,0,0,0,0,0,0,-1,0,8,0,8,89,0,97,97,145,242,5,1,0,0,0,-1,607271242,"6.18"
"C41451",1,2026-04-19,2026-04-18,1,,-1,0,0,1,0,5,1,0,0,25,0,22,1,411,411,0,0,1,0,0,25,0,0,-1,-1,-1,-1,0,0,0,0,0,0,-1,0,0,-1,-1,-1,-1,0,0,0,0,0,0,-1,0,0,55,55,0,0,55,55,0,55,2,1,0,0,0,-1,607271242,"6.18"
"C41454",1,2026-04-25,2026-04-24,1,,-1,0,1,1,0,15,1,0,0,55,0,0,-1,-1,-1,0,0,0,0,0,-1,0,22,1,1,335,434,55,0,1,1,0,0,55,0,0,-1,-1,-1,-1,0,0,0,0,0,0,-1,0,0,0,0,55,23,78,55,0,55,4,0,1,0,0,-1,607271242,"6.18"
"C41457",1,2026-04-20,2026-04-19,1,,-1,0,0,1,0,5,1,0,0,55,0,22,1,116,422,0,0,1,0,0,55,0,0,-1,-1,-1,-1,0,0,0,0,0,0,-1,0,0,-1,-1,-1,-1,0,0,0,0,0,0,-1,0,21,0,21,0,0,21,21,18,39,1,1,0,0,0,-1,607271242,"6.18"
"C41460",1,2026-04-20,2026-04-19,1,,-1,0,0,1,0,5,1,0,0,55,0,22,1,206,312,0,0,1,0,0,55,0,0,-1,-1,-1,-1,0,0,0,0,0,0,-1,0,0,-1,-1,-1,-1,0,0,0,0,0,0,-1,0,16,0,16,0,0,16,16,4,20,1,1,0,0,0,-1,607271242,"6.18"
"C41463",1,2026-04-21,2026-04-20,1,,-1,0,0,0,1,3,1,0,0,25,0,22,1,206,101,0,0,0,1,0,25,0,0,-1,-1,-1,-1,0,0,0,0,0,0,-1,0,0,-1,-1,-1,-1,0,0,0,0,0,0,-1,0,42,0,42,0,0,42,42,5,47,1,1,0,0,0,-1,607271242,"6.18"
"C41466",1,2026-05-18,2026-05-17,1,,-1,4,0,0,0,35,1,0,0,25,0,0,-1,-1,-1,0,0,0,0,0,-1,0,21,1,1,101,-1,18,0,0,0,0,0,25,0,0,-1,-1,-1,-1,0,0,0,0,0,0,-1,0,0,0,0,18,118,136,18,136,154,4,0,1,0,0,-1,607271242,"6.18"
"C41469",2,2026-04-24,2026-04-23,1,,-1,1,1,1,0,25,2,2,0,25,1,0,-1,-1,-1,0,0,0,0,0,-1,0,21,1,2,116,-1,50,1,1,1,0,0,25,1,0,-1,-1,-1,-1,0,0,0,0,0,0,-1,0,0,0,0,50,110,160,50,18,68,4,0,1,0,0,-1,607271242,"6.18"
"C41481",1,2026-04-22,2026-04-21,1,,-1,0,0,1,0,4,1,0,0,25,0,22,1,410,312,0,0,1,0,0,25,0,0,-1,-1,-1,-1,0,0,0,0,0,0,-1,0,0,-1,-1,-1,-1,0,0,0,0,0,0,-1,0,0,78,78,0,0,78,78,0,78,2,1,0,0,0,-1,607271242,"6.18"
"C41484",1,2026-04-24,2026-04-23,1,,-1,0,0,1,1,5,1,0,0,25,0,22,1,336,118,0,0,1,1,0,25,0,0,-1,-1,-1,-1,0,0,0,0,0,0,-1,0,0,-1,-1,-1,-1,0,0,0,0,0,0,-1,0,30,0,30,0,0,30,30,2,32,1,1,0,0,0,-1,607271242,"6.18"
"C41487",1,2026-04-22,2026-04-21,1,,-1,0,0,0,2,3,1,0,0,55,0,22,3,116,98,0,0,0,2,0,55,0,0,-1,-1,-1,-1,0,0,0,0,0,0,-1,0,0,-1,-1,-1,-1,0,0,0,0,0,0,-1,0,64,0,64,0,0,64,64,2,66,1,1,0,0,0,-1,607271242,"6.18"
"C41490",2,2026-07-24,2026-07-23,1,,-1,0,0,0,0,56,1,2,0,25,1,21,3,335,-1,0,0,0,0,0,25,1,0,-1,-1,-1,-1,0,0,0,0,0,0,-1,0,0,-1,-1,-1,-1,0,0,0,0,0,0,-1,0,69,0,69,0,0,69,69,3549,3618,1,1,0,0,21,0,607271242,"6.18"
"C41493",1,2026-04-22,2026-04-21,1,,-1,9,0,1,0,56,1,0,0,25,0,22,3,98,207,0,0,1,0,0,25,0,0,-1,-1,-1,-1,0,0,0,0,0,0,-1,0,0,-1,-1,-1,-1,0,0,0,0,0,0,-1,0,21,0,21,0,0,21,21,0,21,1,1,0,0,0,-1,607271242,"6.18"
"C41496",1,2026-05-16,2026-05-15,1,,-1,1,0,1,0,5,1,0,0,55,0,0,-1,-1,-1,0,0,0,0,0,-1,0,21,1,1,101,-1,13,1,0,1,0,0,55,0,0,-1,-1,-1,-1,0,0,0,0,0,0,-1,0,0,0,0,13,125,138,13,772,785,4,0,1,0,0,-1,607271242,"6.18"
"C41499",1,2026-04-24,2026-04-23,1,,-1,0,1,0,0,5,1,0,0,25,0,0,-1,-1,-1,0,0,0,0,0,-1,0,21,1,1,116,-1,31,0,1,0,0,0,25,0,0,-1,-1,-1,-1,0,0,0,0,0,0,-1,0,0,0,0,31,129,160,31,51,82,4,0,1,0,0,-1,607271242,"6.18"
"C41502",1,2026-04-22,2026-04-21,1,,-1,0,0,1,0,5,1,0,0,25,0,22,1,410,410,0,0,1,0,0,25,0,0,-1,-1,-1,-1,0,0,0,0,0,0,-1,0,0,-1,-1,-1,-1,0,0,0,0,0,0,-1,0,0,45,45,0,0,45,45,0,45,2,1,0,0,0,-1,607271242,"6.18"
"C41505",1,2026-06-09,2026-06-08,1,,-1,1,0,1,2,3,1,0,0,25,0,21,1,336,-1,1,0,1,2,0,25,0,0,-1,-1,-1,-1,0,0,0,0,0,0,-1,0,0,-1,-1,-1,-1,0,0,0,0,0,0,-1,0,55,0,55,0,0,55,55,1679,1734,1,1,0,0,0,-1,607271242,"6.18"
"C41508",1,2026-04-23,2026-04-22,1,,-1,0,0,1,0,5,1,0,0,25,0,21,3,336,-1,0,0,1,0,0,25,0,0,-1,-1,-1,-1,0,0,0,0,0,0,-1,0,0,-1,-1,-1,-1,0,0,0,0,0,0,-1,0,161,0,161,0,0,161,161,0,161,1,1,0,0,0,-1,607271242,"6.18"
"C41511",1,2026-04-07,2026-04-06,1,,-1,0,0,1,2,5,1,0,0,25,0,21,3,335,-1,0,0,1,2,0,25,0,0,-1,-1,-1,-1,0,0,0,0,0,0,-1,0,0,-1,-1,-1,-1,0,0,0,0,0,0,-1,0,177,0,177,0,0,177,177,0,177,1,1,0,0,0,-1,607271242,"6.18"
"C41514",2,2026-04-24,2026-04-23,1,,-1,0,0,1,2,6,1,3,0,25,1,22,1,335,98,0,0,1,2,1,25,1,0,-1,-1,-1,-1,0,0,0,0,0,0,-1,0,0,-1,-1,-1,-1,0,0,0,0,0,0,-1,0,13,0,13,0,0,13,13,0,13,1,1,0,0,0,-1,607271242,"6.18"
"C41517",1,2026-04-24,2026-04-23,1,,-1,4,0,0,2,5,1,0,0,55,0,21,3,335,-1,0,0,0,2,0,55,0,0,-1,-1,-1,-1,0,0,0,0,0,0,-1,0,0,-1,-1,-1,-1,0,0,0,0,0,0,-1,0,160,0,160,0,0,160,160,1966,2126,1,1,0,0,0,-1,607271242,"6.18"
"C41535",2,2026-07-03,2026-07-02,1,,-1,0,0,0,1,136,1,2,0,25,1,22,1,116,312,0,0,0,1,0,25,1,0,-1,-1,-1,-1,0,0,0,0,0,0,-1,0,0,-1,-1,-1,-1,0,0,0,0,0,0,-1,0,13,0,13,0,0,13,13,32,45,1,1,0,0,0,-1,607271242,"6.18"
"C41541",1,2026-04-23,2026-04-22,1,,-1,0,1,1,0,45,1,0,0,55,0,22,1,335,312,0,1,1,0,0,55,0,0,-1,-1,-1,-1,0,0,0,0,0,0,-1,0,0,-1,-1,-1,-1,0,0,0,0,0,0,-1,0,35,0,35,0,0,35,35,0,35,1,1,0,0,0,-1,607271242,"6.18"
"C41544",2,2026-06-05,2026-06-04,1,,-1,1,0,1,0,5,1,1,0,25,1,0,-1,-1,-1,0,0,0,0,0,-1,0,22,1,3,205,434,21,1,0,1,0,0,25,1,0,-1,-1,-1,-1,0,0,0,0,0,0,-1,0,0,0,0,21,29,50,21,398,419,4,0,1,0,0,-1,607271242,"6.18"
"C41550",1,2026-04-25,2026-04-24,1,,-1,0,0,1,0,12,1,0,0,55,0,22,1,336,410,0,0,1,0,0,55,0,0,-1,-1,-1,-1,0,0,0,0,0,0,-1,0,0,-1,-1,-1,-1,0,0,0,0,0,0,-1,0,98,0,98,0,0,98,98,4,102,1,1,0,0,0,-1,607271242,"6.18"
"C41553",2,2026-05-18,2026-05-17,1,,-1,0,0,1,0,5,2,2,0,25,1,22,1,116,410,0,0,1,0,0,25,1,0,-1,-1,-1,-1,0,0,0,0,0,0,-1,0,0,-1,-1,-1,-1,0,0,0,0,0,0,-1,0,62,0,62,0,0,62,62,2,64,1,1,0,0,0,-1,607271242,"6.18"
"C41565",1,2026-04-21,2026-04-20,1,,-1,1,0,1,0,3,1,0,0,55,0,22,3,204,313,1,0,1,0,0,55,0,0,-1,-1,-1,-1,0,0,0,0,0,0,-1,0,0,-1,-1,-1,-1,0,0,0,0,0,0,-1,0,71,0,71,0,0,71,71,0,71,1,1,0,0,0,-1,607271242,"6.18"
"C41568",2,2026-05-04,2026-05-03,1,,-1,1,0,1,1,13,1,1,0,25,1,0,-1,-1,-1,0,0,0,0,0,-1,0,21,0,3,205,-1,150,1,0,1,1,0,25,1,0,-1,-1,-1,-1,0,0,0,0,0,0,-1,0,0,0,0,150,0,150,150,407,557,4,0,0,0,0,-1,607271242,"6.18"
"C41574",2,2026-04-24,2026-04-23,1,,-1,0,0,0,2,5,1,2,0,24,1,22,1,116,420,0,0,0,2,0,24,1,0,-1,-1,-1,-1,0,0,0,0,0,0,-1,0,0,-1,-1,-1,-1,0,0,0,0,0,0,-1,0,47,0,47,0,0,47,47,27,74,1,1,0,0,0,-1,607271242,"6.18"
"C41583",1,2026-04-17,2026-04-16,1,,-1,0,0,1,0,56,1,0,0,25,0,22,1,314,329,0,0,1,0,0,25,0,0,-1,-1,-1,-1,0,0,0,0,0,0,-1,0,0,-1,-1,-1,-1,0,0,0,0,0,0,-1,0,34,0,34,0,0,34,34,0,34,1,1,0,0,0,-1,607271242,"6.18"
"C41586",1,2026-04-13,2026-04-12,1,,-1,0,0,0,2,14,1,0,0,25,0,22,1,207,312,0,0,0,2,0,25,0,0,-1,-1,-1,-1,0,0,0,0,0,0,-1,0,0,-1,-1,-1,-1,0,0,0,0,0,0,-1,0,13,0,13,0,0,13,13,0,13,1,1,0,0,0,-1,607271242,"6.18"
"C41589",1,2026-04-06,2026-04-05,1,,-1,0,0,1,0,5,1,0,0,25,0,22,1,314,98,0,0,1,0,0,25,0,0,-1,-1,-1,-1,0,0,0,0,0,0,-1,0,0,-1,-1,-1,-1,0,0,0,0,0,0,-1,0,16,0,16,0,0,16,16,7309,7325,1,1,0,0,0,-1,607271242,"6.18"
"C41592",1,2026-04-05,2026-04-04,1,,-1,0,0,0,0,56,1,0,0,25,0,22,1,336,314,0,0,0,0,0,25,0,0,-1,-1,-1,-1,0,0,0,0,0,0,-1,0,0,-1,-1,-1,-1,0,0,0,0,0,0,-1,0,13,0,13,0,0,13,13,0,13,1,1,0,0,0,-1,607271242,"6.18"
"C41595",1,2026-04-26,2026-04-25,1,,-1,0,0,0,0,5,1,0,0,25,0,22,3,207,101,0,0,0,0,0,25,0,0,-1,-1,-1,-1,0,0,0,0,0,0,-1,0,0,-1,-1,-1,-1,0,0,0,0,0,0,-1,0,37,0,37,0,0,37,37,388,425,1,1,0,0,0,-1,607271242,"6.18"
"C41598",1,2026-06-26,2026-06-25,1,,-1,1,0,1,2,5,1,0,0,25,0,0,-1,-1,-1,0,0,0,0,0,-1,0,21,1,1,116,-1,4,1,0,1,2,0,25,0,0,-1,-1,-1,-1,0,0,0,0,0,0,-1,0,0,0,0,4,93,97,4,115,119,4,0,1,0,0,-1,607271242,"6.18"
"C41601",1,2026-04-26,2026-04-25,1,,-1,0,0,0,0,3,1,0,0,25,0,21,3,336,-1,0,0,0,0,0,25,0,0,-1,-1,-1,-1,0,0,0,0,0,0,-1,0,0,-1,-1,-1,-1,0,0,0,0,0,0,-1,0,158,0,158,0,0,158,158,103,261,1,1,0,0,0,-1,607271242,"6.18"
"C41604",1,2026-06-08,2026-06-07,1,,-1,1,0,1,0,15,1,0,0,25,0,22,1,206,313,1,0,1,0,0,25,0,0,-1,-1,-1,-1,0,0,0,0,0,0,-1,0,0,-1,-1,-1,-1,0,0,0,0,0,0,-1,0,21,0,21,0,0,21,21,41,62,1,1,0,0,0,-1,607271242,"6.18"
"C41607",1,2026-05-15,2026-05-14,1,,-1,0,0,0,0,3,1,0,0,25,0,22,1,207,98,0,0,0,0,0,25,0,0,-1,-1,-1,-1,0,0,0,0,0,0,-1,0,0,-1,-1,-1,-1,0,0,0,0,0,0,-1,0,22,0,22,0,0,22,22,0,22,1,1,0,0,0,-1,607271242,"6.18"
"C41610",1,2026-04-25,2026-04-24,1,,-1,1,0,1,0,5,1,0,0,25,0,22,1,336,99,1,0,1,0,0,25,0,0,-1,-1,-1,-1,0,0,0,0,0,0,-1,0,0,-1,-1,-1,-1,0,0,0,0,0,0,-1,0,36,0,36,0,0,36,36,2,38,1,1,0,0,0,-1,607271242,"6.18"
"C41613",1,2026-04-25,2026-04-24,1,,-1,0,0,1,0,15,1,0,0,25,0,22,1,204,410,0,0,1,0,0,25,0,0,-1,-1,-1,-1,0,0,0,0,0,0,-1,0,0,-1,-1,-1,-1,0,0,0,0,0,0,-1,0,19,0,19,0,0,19,19,4,23,1,1,0,0,0,-1,607271242,"6.18"
"C41616",2,2026-04-25,2026-04-24,1,,-1,0,0,0,0,3,1,3,0,24,1,22,1,116,410,0,0,0,0,1,24,1,0,-1,-1,-1,-1,0,0,0,0,0,0,-1,0,0,-1,-1,-1,-1,0,0,0,0,0,0,-1,0,18,0,18,0,0,18,18,15,33,1,1,0,0,0,-1,607271242,"6.18"
"C41628",2,2026-04-25,2026-04-24,1,,-1,0,0,1,0,5,2,1,0,25,1,22,1,116,116,0,0,1,0,0,25,1,0,-1,-1,-1,-1,0,0,0,0,0,0,-1,0,0,-1,-1,-1,-1,0,0,0,0,0,0,-1,0,47,0,47,0,0,47,47,31,78,1,1,0,0,0,-1,607271242,"6.18"
"C41637",1,2026-05-11,2026-05-10,1,,-1,0,0,1,0,17,1,0,0,55,0,0,-1,-1,-1,0,0,0,0,0,-1,0,22,1,3,116,434,42,0,0,1,0,0,55,0,0,-1,-1,-1,-1,0,0,0,0,0,0,-1,0,0,0,0,42,33,75,42,37,79,4,0,1,0,0,-1,607271242,"6.18"
"C41640",1,2026-06-07,2026-06-06,1,,-1,0,0,1,0,5,1,0,0,25,0,0,-1,-1,-1,0,0,0,0,0,-1,0,21,1,3,116,-1,21,0,0,1,0,0,25,0,0,-1,-1,-1,-1,0,0,0,0,0,0,-1,0,0,0,0,21,95,116,21,81,102,4,0,1,0,0,-1,607271242,"6.18"
"C41643",1,2026-05-04,2026-05-03,1,,-1,0,0,1,0,5,1,0,0,25,0,0,-1,-1,-1,0,0,0,0,0,-1,0,22,1,3,204,207,1,0,0,1,0,0,25,0,0,-1,-1,-1,-1,0,0,0,0,0,0,-1,0,0,0,0,1,79,80,1,0,1,4,0,1,0,0,-1,607271242,"6.18"
"C41646",1,2026-05-09,2026-05-08,1,,-1,0,0,0,2,5,1,0,0,25,0,0,-1,-1,-1,0,0,0,0,0,-1,0,21,0,3,116,-1,145,0,0,0,2,0,25,0,0,-1,-1,-1,-1,0,0,0,0,0,0,-1,0,0,0,0,145,0,145,145,26,171,4,0,0,0,0,-1,607271242,"6.18"
"C41649",1,2026-04-26,2026-04-25,1,,-1,0,0,0,2,23,1,0,0,18,0,22,1,336,420,0,0,0,2,0,18,0,0,-1,-1,-1,-1,0,0,0,0,0,0,-1,0,0,-1,-1,-1,-1,0,0,0,0,0,0,-1,0,38,0,38,0,0,38,38,2,40,1,1,0,0,0,-1,607271242,"6.18"
"C41652",1,2026-04-26,2026-04-25,1,,-1,0,0,1,0,3,1,0,0,55,0,22,1,335,312,0,0,1,0,0,55,0,0,-1,-1,-1,-1,0,0,0,0,0,0,-1,0,0,-1,-1,-1,-1,0,0,0,0,0,0,-1,0,18,0,18,0,0,18,18,2,20,1,1,0,0,0,-1,607271242,"6.18"
"C41655",2,2026-05-03,2026-05-02,1,,-1,0,0,0,2,3,1,3,0,24,1,22,1,336,99,0,0,0,2,1,24,1,0,-1,-1,-1,-1,0,0,0,0,0,0,-1,0,0,-1,-1,-1,-1,0,0,0,0,0,0,-1,0,31,0,31,0,0,31,31,243,274,1,1,0,0,0,-1,607271242,"6.18"
"C41670",1,2026-04-27,2026-04-26,1,,-1,0,0,1,2,3,1,0,0,25,0,22,1,206,312,0,0,1,2,0,25,0,0,-1,-1,-1,-1,0,0,0,0,0,0,-1,0,0,-1,-1,-1,-1,0,0,0,0,0,0,-1,0,90,0,90,0,0,90,90,0,90,1,1,0,0,0,-1,607271242,"6.18"
"C41673",1,2026-04-25,2026-04-24,1,,-1,1,0,1,2,5,1,0,0,24,0,22,3,336,313,1,0,1,2,0,24,0,0,-1,-1,-1,-1,0,0,0,0,0,0,-1,0,0,-1,-1,-1,-1,0,0,0,0,0,0,-1,0,16,0,16,0,0,16,16,366,382,1,1,0,0,0,-1,607271242,"6.18"
"C41676",1,2026-04-26,2026-04-25,1,,-1,0,0,1,2,3,1,0,0,25,0,22,1,335,410,0,0,1,2,0,25,0,0,-1,-1,-1,-1,0,0,0,0,0,0,-1,0,0,-1,-1,-1,-1,0,0,0,0,0,0,-1,0,20,0,20,0,0,20,20,0,20,1,1,0,0,0,-1,607271242,"6.18"
"C41679",2,2026-05-19,2026-05-18,1,,-1,0,0,0,2,5,1,1,0,25,1,0,-1,-1,-1,0,0,0,0,0,-1,0,21,0,3,335,-1,135,0,0,0,2,0,25,1,0,-1,-1,-1,-1,0,0,0,0,0,0,-1,0,0,0,0,135,0,135,135,0,135,4,0,0,0,0,-1,607271242,"6.18"
"C41685",3,2026-05-04,2026-05-03,1,,-1,0,0,1,1,25,0,1,0,-1,0,0,-1,-1,-1,0,0,0,0,0,-1,0,21,0,3,336,-1,150,0,0,1,1,0,-1,0,0,-1,-1,-1,-1,0,0,0,0,0,0,-1,0,0,0,0,150,0,150,150,0,150,4,0,0,0,0,-1,607271242,"6.18"
"C41688",1,2026-04-28,2026-04-27,1,,-1,4,0,0,0,56,1,0,0,25,0,22,3,116,116,0,0,0,0,0,25,0,0,-1,-1,-1,-1,0,0,0,0,0,0,-1,0,0,-1,-1,-1,-1,0,0,0,0,0,0,-1,0,46,0,46,0,0,46,46,511,557,1,1,0,0,0,-1,607271242,"6.18"
"C41691",1,2026-04-26,2026-04-25,1,,-1,0,0,1,0,5,1,0,0,55,0,22,1,116,101,0,0,1,0,0,55,0,0,-1,-1,-1,-1,0,0,0,0,0,0,-1,0,0,-1,-1,-1,-1,0,0,0,0,0,0,-1,0,21,0,21,0,0,21,21,53,74,1,1,0,0,0,-1,607271242,"6.18"
"C41694",1,2026-04-13,2026-04-12,1,,-1,1,0,1,0,5,1,0,0,25,0,22,1,329,116,1,0,1,0,0,25,0,0,-1,-1,-1,-1,0,0,0,0,0,0,-1,0,0,-1,-1,-1,-1,0,0,0,0,0,0,-1,0,56,0,56,0,0,56,56,43,99,1,1,0,0,0,-1,607271242,"6.18"
"C41703",1,2026-05-01,2026-04-30,1,,-1,0,0,1,0,26,1,0,0,25,0,22,1,116,422,0,0,1,0,0,25,0,0,-1,-1,-1,-1,0,0,0,0,0,0,-1,0,0,-1,-1,-1,-1,0,0,0,0,0,0,-1,0,33,0,33,0,0,33,33,15,48,1,1,0,0,0,-1,607271242,"6.18"
"C41706",1,2026-05-01,2026-04-30,1,,-1,0,0,0,0,5,1,0,0,25,0,22,1,116,99,0,0,0,0,0,25,0,0,-1,-1,-1,-1,0,0,0,0,0,0,-1,0,0,-1,-1,-1,-1,0,0,0,0,0,0,-1,0,19,0,19,0,0,19,19,15,34,1,1,0,0,0,-1,607271242,"6.18"
"C41709",1,2026-05-01,2026-04-30,1,,-1,0,0,0,0,3,1,0,0,25,0,22,1,116,410,0,0,0,0,0,25,0,0,-1,-1,-1,-1,0,0,0,0,0,0,-1,0,0,-1,-1,-1,-1,0,0,0,0,0,0,-1,0,44,0,44,0,0,44,44,88,132,1,1,0,0,0,-1,607271242,"6.18"
"C41712",1,2026-04-28,2026-04-27,1,,-1,0,0,0,2,3,1,0,0,25,0,22,1,101,313,0,0,0,2,0,25,0,0,-1,-1,-1,-1,0,0,0,0,0,0,-1,0,0,-1,-1,-1,-1,0,0,0,0,0,0,-1,0,14,0,14,0,0,14,14,12,26,1,1,0,0,0,-1,607271242,"6.18"
"C41715",1,2026-04-26,2026-04-25,1,,-1,9,0,1,0,56,1,0,0,25,0,22,1,116,434,0,0,1,0,0,25,0,0,-1,-1,-1,-1,0,0,0,0,0,0,-1,0,0,-1,-1,-1,-1,0,0,0,0,0,0,-1,0,14,0,14,0,0,14,14,3,17,1,1,0,0,0,-1,607271242,"6.18"
"C41718",1,2026-04-28,2026-04-27,1,,-1,0,0,0,0,5,1,0,0,25,0,22,1,207,312,0,0,0,0,0,25,0,0,-1,-1,-1,-1,0,0,0,0,0,0,-1,0,0,-1,-1,-1,-1,0,0,0,0,0,0,-1,0,71,0,71,0,0,71,71,3,74,1,1,0,0,0,-1,607271242,"6.18"
"C41721",2,2026-05-01,2026-04-30,1,,-1,0,0,0,1,27,1,1,0,18,1,22,1,335,312,0,0,0,1,0,18,1,0,-1,-1,-1,-1,0,0,0,0,0,0,-1,0,0,-1,-1,-1,-1,0,0,0,0,0,0,-1,0,41,0,41,0,0,41,41,15,56,1,1,0,0,0,-1,607271242,"6.18"
"C41730",1,2026-04-30,2026-04-29,1,,-1,0,0,1,1,13,1,0,0,25,0,22,1,116,116,0,0,1,1,0,25,0,0,-1,-1,-1,-1,0,0,0,0,0,0,-1,0,0,-1,-1,-1,-1,0,0,0,0,0,0,-1,0,42,0,42,0,0,42,42,3,45,1,1,0,0,0,-1,607271242,"6.18"
"C41733",1,2026-04-29,2026-04-28,1,,-1,0,0,0,0,3,1,0,0,25,0,22,1,410,314,0,0,0,0,0,25,0,0,-1,-1,-1,-1,0,0,0,0,0,0,-1,0,0,-1,-1,-1,-1,0,0,0,0,0,0,-1,0,48,0,48,0,0,48,48,2,50,1,1,0,0,0,-1,607271242,"6.18"
"C41736",1,2026-05-01,2026-04-30,1,,-1,0,1,0,0,5,1,0,0,25,0,0,-1,-1,-1,0,0,0,0,0,-1,0,22,0,3,101,207,36,0,1,0,0,0,25,0,0,-1,-1,-1,-1,0,0,0,0,0,0,-1,0,0,0,0,35,0,35,35,301,336,4,0,0,0,0,-1,607271242,"6.18"
"C41739",2,2026-06-13,2026-06-12,1,,-1,0,0,0,1,34,1,3,0,25,1,0,-1,-1,-1,0,0,0,0,0,-1,0,21,0,1,101,-1,110,0,0,0,1,1,25,1,0,-1,-1,-1,-1,0,0,0,0,0,0,-1,0,0,0,0,110,0,110,110,105,215,4,0,0,0,0,-1,607271242,"6.18"
"C41751",1,2026-05-02,2026-05-01,1,,-1,0,0,1,0,5,1,0,0,25,0,22,1,335,99,0,0,1,0,0,25,0,0,-1,-1,-1,-1,0,0,0,0,0,0,-1,0,0,-1,-1,-1,-1,0,0,0,0,0,0,-1,0,21,0,21,0,0,21,21,0,21,1,1,0,0,0,-1,607271242,"6.18"
"C41754",1,2026-05-02,2026-05-01,1,,-1,0,0,1,0,5,1,0,0,25,0,22,1,116,314,0,0,1,0,0,25,0,0,-1,-1,-1,-1,0,0,0,0,0,0,-1,0,0,-1,-1,-1,-1,0,0,0,0,0,0,-1,0,19,0,19,0,0,19,19,180,199,1,1,0,0,0,-1,607271242,"6.18"
"C41757",1,2026-05-24,2026-05-23,1,,-1,0,0,0,0,35,1,0,0,25,0,22,1,116,99,0,0,0,0,0,25,0,0,-1,-1,-1,-1,0,0,0,0,0,0,-1,0,0,-1,-1,-1,-1,0,0,0,0,0,0,-1,0,17,0,17,0,0,17,17,4,21,1,1,0,0,0,-1,607271242,"6.18"
"C41760",1,2026-05-12,2026-05-11,1,,-1,4,0,0,0,3,1,0,0,25,0,0,-1,-1,-1,0,0,0,0,0,-1,0,21,1,1,116,-1,24,0,0,0,0,0,25,0,0,-1,-1,-1,-1,0,0,0,0,0,0,-1,0,0,0,0,24,118,142,24,207,231,4,0,1,0,0,-1,607271242,"6.18"
"C41763",1,2026-05-03,2026-05-02,1,,-1,1,0,1,2,5,1,0,0,55,0,22,1,99,99,1,0,1,2,0,55,0,0,-1,-1,-1,-1,0,0,0,0,0,0,-1,0,0,-1,-1,-1,-1,0,0,0,0,0,0,-1,0,19,0,19,0,0,19,19,1031,1050,1,1,0,0,0,-1,607271242,"6.18"
"C41766",1,2026-05-04,2026-05-03,1,,-1,0,0,1,0,13,1,0,0,25,0,22,1,99,99,0,0,1,0,0,25,0,22,0,1,101,422,29,0,0,1,0,0,25,0,0,-1,-1,-1,-1,0,0,0,0,0,0,-1,0,5,0,5,28,0,33,33,235,268,5,1,0,0,0,-1,607271242,"6.18"
"C41769",1,2026-06-07,2026-06-06,1,,-1,1,0,1,2,5,1,0,0,25,0,0,-1,-1,-1,0,0,0,0,0,-1,0,21,0,1,116,-1,116,1,0,1,2,0,25,0,0,-1,-1,-1,-1,0,0,0,0,0,0,-1,0,0,0,0,116,0,116,116,18,134,4,0,0,0,0,-1,607271242,"6.18"
"C41772",1,2026-05-03,2026-05-02,1,,-1,1,0,1,0,3,1,0,0,25,0,0,-1,-1,-1,0,0,0,0,0,-1,0,0,-1,-1,-1,-1,0,0,0,0,0,0,-1,0,21,1,2,116,-1,149,1,0,1,0,0,25,0,0,0,0,2,0,2,2,5286,5288,8,0,0,1,0,-1,607271242,"6.18"
"C41775",1,2026-05-03,2026-05-02,1,,-1,0,0,1,0,36,1,0,0,25,0,22,1,336,99,0,0,1,0,0,25,0,0,-1,-1,-1,-1,0,0,0,0,0,0,-1,0,0,-1,-1,-1,-1,0,0,0,0,0,0,-1,0,26,0,26,0,0,26,26,324,350,1,1,0,0,0,-1,607271242,"6.18"
"C41778",1,2026-05-21,2026-05-20,1,,-1,0,0,0,1,5,1,0,0,25,0,22,3,410,422,0,0,0,1,0,25,0,0,-1,-1,-1,-1,0,0,0,0,0,0,-1,0,0,-1,-1,-1,-1,0,0,0,0,0,0,-1,0,25,0,25,0,0,25,25,0,25,1,1,0,0,0,-1,607271242,"6.18"
"C41781",2,2026-05-03,2026-05-02,1,,-1,0,0,0,0,3,1,3,0,25,1,22,1,116,313,0,0,0,0,1,25,1,0,-1,-1,-1,-1,0,0,0,0,0,0,-1,0,0,-1,-1,-1,-1,0,0,0,0,0,0,-1,0,70,0,70,0,0,70,70,11,81,1,1,0,0,0,-1,607271242,"6.18"
"C41793",1,2026-05-02,2026-05-01,1,,-1,0,0,1,0,37,1,0,0,55,0,22,3,410,313,0,0,1,0,0,55,0,0,-1,-1,-1,-1,0,0,0,0,0,0,-1,0,0,-1,-1,-1,-1,0,0,0,0,0,0,-1,0,52,0,52,0,0,52,52,12,64,1,1,0,0,0,-1,607271242,"6.18"
"C41796",1,2026-05-02,2026-05-01,1,,-1,0,0,1,2,5,1,0,0,25,0,22,1,204,98,0,0,1,2,0,25,0,0,-1,-1,-1,-1,0,0,0,0,0,0,-1,0,0,-1,-1,-1,-1,0,0,0,0,0,0,-1,0,40,0,40,0,0,40,40,2,42,1,1,0,0,0,-1,607271242,"6.18"
"C41799",1,2026-05-02,2026-05-01,1,,-1,0,0,1,0,5,1,0,0,25,0,22,1,205,410,0,0,1,0,0,25,0,0,-1,-1,-1,-1,0,0,0,0,0,0,-1,0,0,-1,-1,-1,-1,0,0,0,0,0,0,-1,0,32,0,32,0,0,32,32,275,307,1,1,0,0,0,-1,607271242,"6.18"
"C41802",1,2026-05-02,2026-05-01,1,,-1,0,0,1,1,5,1,0,0,18,0,22,1,206,312,0,0,1,1,0,18,0,0,-1,-1,-1,-1,0,0,0,0,0,0,-1,0,0,-1,-1,-1,-1,0,0,0,0,0,0,-1,0,17,0,17,0,0,17,17,2,19,1,1,0,0,0,-1,607271242,"6.18"
"C41805",1,2026-05-05,2026-05-04,1,,-1,0,0,1,0,5,1,0,0,55,0,0,-1,-1,-1,0,0,0,0,0,-1,0,21,1,3,116,-1,3,0,0,1,0,0,55,0,0,-1,-1,-1,-1,0,0,0,0,0,0,-1,0,0,0,0,3,146,149,3,109,112,4,0,1,0,0,-1,607271242,"6.18"
"C41808",2,2026-05-23,2026-05-22,1,,-1,0,0,1,1,5,1,3,0,25,1,0,-1,-1,-1,0,0,0,0,0,-1,0,21,0,1,116,-1,131,0,0,1,1,1,25,1,0,-1,-1,-1,-1,0,0,0,0,0,0,-1,0,0,0,0,131,0,131,131,28,159,4,0,0,0,0,-1,607271242,"6.18"
"C41820",2,2026-05-18,2026-05-17,1,,-1,0,0,0,2,5,1,1,0,25,1,0,-1,-1,-1,0,0,0,0,0,-1,0,22,0,3,410,313,67,0,0,0,2,0,25,1,0,-1,-1,-1,-1,0,0,0,0,0,0,-1,0,0,0,0,66,0,66,66,0,66,4,0,0,0,0,-1,607271242,"6.18"
"C41826",1,2026-05-02,2026-05-01,1,,-1,0,0,1,0,46,1,0,0,55,0,22,1,205,99,0,0,1,0,0,55,0,0,-1,-1,-1,-1,0,0,0,0,0,0,-1,0,0,-1,-1,-1,-1,0,0,0,0,0,0,-1,0,19,0,19,0,0,19,19,59,78,1,1,0,0,0,-1,607271242,"6.18"
"C41829",1,2026-05-08,2026-05-07,1,,-1,4,0,0,2,3,1,0,0,25,0,22,1,99,99,0,0,0,2,0,25,0,21,1,1,101,-1,21,0,0,0,2,0,25,0,0,-1,-1,-1,-1,0,0,0,0,0,0,-1,0,10,0,10,14,114,138,24,1069,1093,5,1,1,0,0,-1,607271242,"6.18"
"C41832",1,2026-05-05,2026-05-04,1,,-1,1,0,1,1,5,1,0,0,25,0,22,1,101,99,1,0,1,1,0,25,0,0,-1,-1,-1,-1,0,0,0,0,0,0,-1,0,0,-1,-1,-1,-1,0,0,0,0,0,0,-1,0,5,0,5,0,0,5,5,1750,1755,1,1,0,0,0,-1,607271242,"6.18"
"C41835",1,2026-05-04,2026-05-03,1,,-1,0,0,0,0,3,1,0,0,25,0,21,1,207,-1,0,0,0,0,0,25,0,0,-1,-1,-1,-1,0,0,0,0,0,0,-1,0,0,-1,-1,-1,-1,0,0,0,0,0,0,-1,0,82,0,82,0,0,82,82,16,98,1,1,0,0,0,-1,607271242,"6.18"
"C41838",1,2026-05-06,2026-05-05,1,,-1,0,0,0,0,3,1,0,0,25,0,21,1,99,-1,0,0,0,0,0,25,0,0,-1,-1,-1,-1,0,0,0,0,0,0,-1,0,0,-1,-1,-1,-1,0,0,0,0,0,0,-1,0,78,0,78,0,0,78,78,65,143,1,1,0,0,0,-1,607271242,"6.18"
"C41841",1,2026-05-16,2026-05-15,1,,-1,1,0,1,0,5,1,0,0,55,0,22,1,99,99,1,0,1,0,0,55,0,0,-1,-1,-1,-1,0,0,0,0,0,0,-1,0,0,-1,-1,-1,-1,0,0,0,0,0,0,-1,0,6,0,6,0,0,6,6,925,931,1,1,0,0,0,-1,607271242,"6.18"
"C41844",3,2026-05-08,2026-05-07,1,,-1,0,0,0,0,47,0,1,0,-1,0,22,3,335,422,0,0,0,0,0,-1,0,0,-1,-1,-1,-1,0,0,0,0,0,0,-1,0,0,-1,-1,-1,-1,0,0,0,0,0,0,-1,0,33,0,33,0,0,33,33,2,35,1,1,0,0,0,-1,607271242,"6.18"
"C41847",1,2026-05-15,2026-05-14,1,,-1,0,0,0,0,5,1,0,0,55,0,0,-1,-1,-1,0,0,0,0,0,-1,0,21,0,3,116,-1,139,0,0,0,0,0,55,0,0,-1,-1,-1,-1,0,0,0,0,0,0,-1,0,0,0,0,139,0,139,139,88,227,4,0,0,0,0,-1,607271242,"6.18"
"C41850",1,2026-05-07,2026-05-06,1,,-1,0,0,1,1,3,1,0,0,25,0,21,1,336,-1,0,0,1,1,0,25,0,0,-1,-1,-1,-1,0,0,0,0,0,0,-1,0,0,-1,-1,-1,-1,0,0,0,0,0,0,-1,0,147,0,147,0,0,147,147,0,147,1,1,0,0,0,-1,607271242,"6.18"
"C41853",1,2026-05-05,2026-05-04,1,,-1,0,0,1,0,5,1,0,0,55,0,22,1,204,99,0,0,1,0,0,55,0,0,-1,-1,-1,-1,0,0,0,0,0,0,-1,0,0,-1,-1,-1,-1,0,0,0,0,0,0,-1,0,29,0,29,0,0,29,29,2,31,1,1,0,0,0,-1,607271242,"6.18"
"C41856",1,2026-05-07,2026-05-06,1,,-1,0,0,1,2,5,1,0,0,25,0,22,1,204,423,0,0,1,2,0,25,0,0,-1,-1,-1,-1,0,0,0,0,0,0,-1,0,0,-1,-1,-1,-1,0,0,0,0,0,0,-1,0,17,0,17,0,0,17,17,2,19,1,1,0,0,0,-1,607271242,"6.18"
"C41859",1,2026-05-29,2026-05-28,1,,-1,1,1,1,2,5,1,0,0,55,0,0,-1,-1,-1,0,0,0,0,0,-1,0,22,1,1,116,410,4,1,1,1,2,0,55,0,0,-1,-1,-1,-1,0,0,0,0,0,0,-1,0,0,0,0,4,23,27,4,176,180,4,0,1,0,0,-1,607271242,"6.18"
"C41862",2,2026-05-05,2026-05-04,1,,-1,0,0,0,0,56,1,1,0,25,1,22,1,116,99,0,0,0,0,0,25,1,0,-1,-1,-1,-1,0,0,0,0,0,0,-1,0,0,-1,-1,-1,-1,0,0,0,0,0,0,-1,0,16,0,16,0,0,16,16,30,46,1,1,0,0,0,-1,607271242,"6.18"
"C41868",2,2026-05-09,2026-05-08,1,,-1,0,0,0,2,36,2,3,0,25,1,22,1,116,314,0,0,0,2,1,25,1,0,-1,-1,-1,-1,0,0,0,0,0,0,-1,0,0,-1,-1,-1,-1,0,0,0,0,0,0,-1,0,14,0,14,0,0,14,14,96,110,1,1,0,0,0,-1,607271242,"6.18"
"C41886",1,2026-05-08,2026-05-07,1,,-1,6,0,1,0,3,1,0,0,25,0,0,-1,-1,-1,0,0,0,0,0,-1,0,21,0,1,101,-1,146,0,0,1,0,0,25,0,0,-1,-1,-1,-1,0,0,0,0,0,0,-1,0,0,0,0,146,0,146,146,186,332,4,0,0,0,0,-1,607271242,"6.18"
"C41889",1,2026-07-11,2026-07-10,1,,-1,0,0,1,0,5,1,0,0,25,0,0,-1,-1,-1,0,0,0,0,0,-1,0,21,0,1,116,-1,82,0,0,1,0,0,25,0,0,-1,-1,-1,-1,0,0,0,0,0,0,-1,0,0,0,0,82,0,82,82,62,144,4,0,0,0,0,-1,607271242,"6.18"
"C41892",1,2026-05-09,2026-05-08,1,,-1,0,0,1,0,5,1,0,0,25,0,22,1,116,99,0,0,1,0,0,25,0,0,-1,-1,-1,-1,0,0,0,0,0,0,-1,0,0,-1,-1,-1,-1,0,0,0,0,0,0,-1,0,32,0,32,0,0,32,32,68,100,1,1,0,0,0,-1,607271242,"6.18"
"C41898",2,2026-05-09,2026-05-08,1,,-1,0,0,0,2,36,1,3,0,24,1,22,1,336,313,0,0,0,2,1,24,1,0,-1,-1,-1,-1,0,0,0,0,0,0,-1,0,0,-1,-1,-1,-1,0,0,0,0,0,0,-1,0,13,0,13,0,0,13,13,0,13,1,1,0,0,0,-1,607271242,"6.18"
"C41913",2,2026-05-26,2026-05-25,1,,-1,9,1,1,1,5,2,2,0,25,1,0,-1,-1,-1,0,0,0,0,0,-1,0,21,1,3,101,-1,21,0,1,1,1,0,25,1,0,-1,-1,-1,-1,0,0,0,0,0,0,-1,0,0,0,0,21,107,128,21,38,59,4,0,1,0,0,-1,607271242,"6.18"
"C41916",2,2026-05-07,2026-05-06,1,,-1,0,0,0,2,3,1,1,0,25,1,22,1,116,312,0,0,0,2,0,25,1,0,-1,-1,-1,-1,0,0,0,0,0,0,-1,0,0,-1,-1,-1,-1,0,0,0,0,0,0,-1,0,23,0,23,0,0,23,23,22,45,1,1,0,0,0,-1,607271242,"6.18"
"C41922",1,2026-05-11,2026-05-10,1,,-1,0,1,1,2,56,1,0,0,25,0,0,-1,-1,-1,0,0,0,0,0,-1,0,21,1,2,116,-1,25,0,1,1,2,0,25,0,0,-1,-1,-1,-1,0,0,0,0,0,0,-1,0,0,0,0,25,118,143,25,42,67,4,0,1,0,0,-1,607271242,"6.18"
"C41925",1,2026-05-08,2026-05-07,1,,-1,0,0,1,2,5,1,0,0,25,0,22,1,335,207,0,0,1,2,0,25,0,0,-1,-1,-1,-1,0,0,0,0,0,0,-1,0,0,-1,-1,-1,-1,0,0,0,0,0,0,-1,0,19,0,19,0,0,19,19,2,21,1,1,0,0,0,-1,607271242,"6.18"
"C41928",1,2026-06-07,2026-06-06,1,,-1,0,1,1,0,5,1,0,0,55,0,0,-1,-1,-1,0,0,0,0,0,-1,0,21,0,2,101,-1,116,0,1,1,0,0,55,0,0,-1,-1,-1,-1,0,0,0,0,0,0,-1,0,0,0,0,116,0,116,116,44,160,4,0,0,0,0,-1,607271242,"6.18"
"C41931",2,2026-05-11,2026-05-10,1,,-1,0,0,0,0,5,1,2,0,25,1,22,1,336,99,0,0,0,0,0,25,1,0,-1,-1,-1,-1,0,0,0,0,0,0,-1,0,0,-1,-1,-1,-1,0,0,0,0,0,0,-1,0,16,0,16,0,0,16,16,46,62,1,1,0,0,0,-1,607271242,"6.18"
"C41940",2,2026-05-05,2026-05-04,1,,-1,1,0,1,0,36,1,1,0,25,1,22,1,336,99,1,0,1,0,0,25,1,0,-1,-1,-1,-1,0,0,0,0,0,0,-1,0,0,-1,-1,-1,-1,0,0,0,0,0,0,-1,0,32,0,32,0,0,32,32,0,32,1,1,0,0,0,-1,607271242,"6.18"
"C41946",1,2026-05-05,2026-05-04,1,,-1,0,0,1,0,5,1,0,0,55,0,21,3,314,-1,0,0,1,0,0,55,0,0,-1,-1,-1,-1,0,0,0,0,0,0,-1,0,0,-1,-1,-1,-1,0,0,0,0,0,0,-1,0,149,0,149,0,0,149,149,264,413,1,1,0,0,0,-1,607271242,"6.18"
"C41949",1,2026-05-09,2026-05-08,1,,-1,0,0,0,0,123,1,0,0,25,0,22,3,116,99,0,0,0,0,0,25,0,0,-1,-1,-1,-1,0,0,0,0,0,0,-1,0,0,-1,-1,-1,-1,0,0,0,0,0,0,-1,0,15,0,15,0,0,15,15,147,162,1,1,0,0,0,-1,607271242,"6.18"
"C41952",1,2026-05-01,2026-04-30,1,,-1,0,0,0,0,3,1,0,0,24,0,22,3,336,434,0,0,0,0,0,24,0,0,-1,-1,-1,-1,0,0,0,0,0,0,-1,0,0,-1,-1,-1,-1,0,0,0,0,0,0,-1,0,36,0,36,0,0,36,36,0,36,1,1,0,0,0,-1,607271242,"6.18"
"C41955",2,2026-05-11,2026-05-10,1,,-1,9,0,1,0,3,2,3,0,25,1,22,1,336,302,0,0,1,0,1,25,1,0,-1,-1,-1,-1,0,0,0,0,0,0,-1,0,0,-1,-1,-1,-1,0,0,0,0,0,0,-1,0,45,0,45,0,0,45,45,0,45,1,1,0,0,0,-1,607271242,"6.18"
"C41958",1,2026-04-29,2026-04-28,1,,-1,0,1,0,0,3,1,0,0,55,0,22,3,116,410,0,1,0,0,0,55,0,21,0,3,116,-1,103,0,1,0,0,0,55,0,0,-1,-1,-1,-1,0,0,0,0,0,0,-1,0,25,0,25,103,0,128,128,27,155,5,1,0,0,0,-1,607271242,"6.18"
"C41976",1,2026-05-11,2026-05-10,1,,-1,0,0,1,0,5,1,0,0,25,0,22,1,116,99,0,0,1,0,0,25,0,0,-1,-1,-1,-1,0,0,0,0,0,0,-1,0,0,-1,-1,-1,-1,0,0,0,0,0,0,-1,0,31,0,31,0,0,31,31,32,63,1,1,0,0,0,-1,607271242,"6.18"
"C41979",1,2026-05-11,2026-05-10,1,,-1,4,0,0,0,3,1,0,0,25,0,22,1,116,99,0,0,0,0,0,25,0,0,-1,-1,-1,-1,0,0,0,0,0,0,-1,0,0,-1,-1,-1,-1,0,0,0,0,0,0,-1,0,34,0,34,0,0,34,34,183,217,1,1,0,0,0,-1,607271242,"6.18"
"C41982",1,2026-05-11,2026-05-10,1,,-1,0,0,1,0,5,1,0,0,25,0,21,1,206,-1,0,0,1,0,0,25,0,0,-1,-1,-1,-1,0,0,0,0,0,0,-1,0,0,-1,-1,-1,-1,0,0,0,0,0,0,-1,0,143,0,143,0,0,143,143,17,160,1,1,0,0,0,-1,607271242,"6.18"
"C41985",1,2026-05-09,2026-05-08,1,,-1,0,0,1,0,125,1,0,0,25,0,22,1,314,314,0,0,1,0,0,25,0,0,-1,-1,-1,-1,0,0,0,0,0,0,-1,0,0,-1,-1,-1,-1,0,0,0,0,0,0,-1,0,52,0,52,0,0,52,52,7,59,1,1,0,0,0,-1,607271242,"6.18"
"C41988",1,2026-05-09,2026-05-08,1,,-1,0,0,1,0,5,1,0,0,55,0,22,1,314,314,0,0,1,0,0,55,0,0,-1,-1,-1,-1,0,0,0,0,0,0,-1,0,0,-1,-1,-1,-1,0,0,0,0,0,0,-1,0,53,0,53,0,0,53,53,6,59,1,1,0,0,0,-1,607271242,"6.18"
"C41991",2,2026-05-11,2026-05-10,1,,-1,0,1,1,2,5,2,3,0,25,1,0,-1,-1,-1,0,0,0,0,0,-1,0,21,1,2,116,-1,1,0,1,1,2,1,25,1,0,-1,-1,-1,-1,0,0,0,0,0,0,-1,0,0,0,0,1,142,143,1,14,15,4,0,1,0,0,-1,607271242,"6.18"
"C42024",1,2026-05-12,2026-05-11,1,,-1,1,0,1,0,5,1,0,0,25,0,22,1,116,99,1,0,1,0,0,25,0,0,-1,-1,-1,-1,0,0,0,0,0,0,-1,0,0,-1,-1,-1,-1,0,0,0,0,0,0,-1,0,40,0,40,0,0,40,40,3,43,1,1,0,0,0,-1,607271242,"6.18"
"C42027",1,2026-05-12,2026-05-11,1,,-1,9,1,1,0,5,1,0,0,55,0,22,1,116,99,0,1,1,0,0,55,0,0,-1,-1,-1,-1,0,0,0,0,0,0,-1,0,0,-1,-1,-1,-1,0,0,0,0,0,0,-1,0,16,0,16,0,0,16,16,4,20,1,1,0,0,0,-1,607271242,"6.18"
"C42039",1,2026-05-11,2026-05-10,1,,-1,0,0,0,0,134,1,0,0,25,0,22,1,314,410,0,0,0,0,0,25,0,0,-1,-1,-1,-1,0,0,0,0,0,0,-1,0,0,-1,-1,-1,-1,0,0,0,0,0,0,-1,0,40,0,40,0,0,40,40,2,42,1,1,0,0,0,-1,607271242,"6.18"
"C42042",1,2026-05-12,2026-05-11,1,,-1,4,0,0,2,3,1,0,0,25,0,22,1,335,420,0,0,0,2,0,25,0,0,-1,-1,-1,-1,0,0,0,0,0,0,-1,0,0,-1,-1,-1,-1,0,0,0,0,0,0,-1,0,51,0,51,0,0,51,51,2,53,1,1,0,0,0,-1,607271242,"6.18"
"C42045",1,2026-07-24,2026-07-23,1,,-1,0,0,1,0,5,1,0,0,24,0,0,-1,-1,-1,0,0,0,0,0,-1,0,21,0,3,410,-1,69,0,0,1,0,0,24,0,0,-1,-1,-1,-1,0,0,0,0,0,0,-1,0,0,0,0,69,0,69,69,0,69,4,0,0,0,0,-1,607271242,"6.18"
"C42048",2,2026-05-26,2026-05-25,1,,-1,0,0,0,1,5,1,1,0,25,1,21,1,101,-1,0,0,0,1,0,25,1,0,-1,-1,-1,-1,0,0,0,0,0,0,-1,0,0,-1,-1,-1,-1,0,0,0,0,0,0,-1,0,128,0,128,0,0,128,128,35,163,1,1,0,0,0,-1,607271242,"6.18"
"C42054",1,2026-05-20,2026-05-19,1,,-1,0,0,0,0,135,1,0,0,25,0,0,-1,-1,-1,0,0,0,0,0,-1,0,21,1,3,116,-1,0,0,0,0,0,0,25,0,0,-1,-1,-1,-1,0,0,0,0,0,0,-1,0,0,0,0,0,134,134,0,22,22,4,0,1,0,0,-1,607271242,"6.18"
"C42057",1,2026-05-12,2026-05-11,1,,-1,0,0,0,0,5,1,0,0,55,0,22,1,410,99,0,0,0,0,0,55,0,0,-1,-1,-1,-1,0,0,0,0,0,0,-1,0,0,-1,-1,-1,-1,0,0,0,0,0,0,-1,0,25,0,25,0,0,25,25,0,25,1,1,0,0,0,-1,607271242,"6.18"
"C42060",1,2026-05-25,2026-05-24,1,,-1,9,0,1,0,5,1,0,0,24,0,0,-1,-1,-1,0,0,0,0,0,-1,0,21,0,3,116,-1,129,0,0,1,0,0,24,0,0,-1,-1,-1,-1,0,0,0,0,0,0,-1,0,0,0,0,129,0,129,129,82,211,4,0,0,0,0,-1,607271242,"6.18"
"C42063",2,2026-05-12,2026-05-11,1,,-1,0,0,1,1,56,1,2,0,25,1,22,3,434,312,0,0,1,1,0,25,1,0,-1,-1,-1,-1,0,0,0,0,0,0,-1,0,0,-1,-1,-1,-1,0,0,0,0,0,0,-1,0,29,0,29,0,0,29,29,0,29,1,1,0,0,0,-1,607271242,"6.18"
"C42066",1,2026-05-11,2026-05-10,1,,-1,0,0,1,0,5,1,0,0,24,0,0,-1,-1,-1,0,0,0,0,0,-1,0,21,1,3,116,-1,27,0,0,1,0,0,24,0,0,-1,-1,-1,-1,0,0,0,0,0,0,-1,0,0,0,0,27,116,143,27,220,247,4,0,1,0,0,-1,607271242,"6.18"
"C42069",1,2026-05-19,2026-05-18,1,,-1,0,0,0,1,5,1,0,0,25,0,0,-1,-1,-1,0,0,0,0,0,-1,0,21,1,3,336,-1,0,0,0,0,1,0,25,0,0,-1,-1,-1,-1,0,0,0,0,0,0,-1,0,0,0,0,0,135,135,0,0,0,4,0,1,0,0,-1,607271242,"6.18"
"C42072",1,2026-05-10,2026-05-09,1,,-1,1,0,1,0,136,1,0,0,25,0,22,1,116,101,1,0,1,0,0,25,0,0,-1,-1,-1,-1,0,0,0,0,0,0,-1,0,0,-1,-1,-1,-1,0,0,0,0,0,0,-1,0,14,0,14,0,0,14,14,1361,1375,1,1,0,0,0,-1,607271242,"6.18"
"C42075",2,2026-05-01,2026-04-30,1,,-1,0,0,0,0,3,1,3,0,24,1,22,1,335,98,0,0,0,0,1,24,1,0,-1,-1,-1,-1,0,0,0,0,0,0,-1,0,0,-1,-1,-1,-1,0,0,0,0,0,0,-1,0,43,0,43,0,0,43,43,2,45,1,1,0,0,0,-1,607271242,"6.18"
"C42090",1,2026-05-15,2026-05-14,1,,-1,0,0,1,0,137,2,0,0,18,0,22,1,314,422,0,0,1,0,0,18,0,0,-1,-1,-1,-1,0,0,0,0,0,0,-1,0,0,-1,-1,-1,-1,0,0,0,0,0,0,-1,0,23,0,23,0,0,23,23,41,64,1,1,0,0,0,-1,607271242,"6.18"
"C42096",1,2026-05-17,2026-05-16,1,,-1,0,0,0,0,3,1,0,0,25,0,22,3,116,116,0,0,0,0,0,25,0,0,-1,-1,-1,-1,0,0,0,0,0,0,-1,0,0,-1,-1,-1,-1,0,0,0,0,0,0,-1,0,16,0,16,0,0,16,16,195,211,1,1,0,0,0,-1,607271242,"6.18"
"C42105",1,2026-05-14,2026-05-13,1,,-1,0,0,1,0,145,1,0,0,55,0,22,1,335,116,0,0,1,0,0,55,0,0,-1,-1,-1,-1,0,0,0,0,0,0,-1,0,0,-1,-1,-1,-1,0,0,0,0,0,0,-1,0,75,0,75,0,0,75,75,13,88,1,1,0,0,0,-1,607271242,"6.18"
"C42108",1,2026-05-17,2026-05-16,1,,-1,0,0,0,0,5,1,0,0,25,0,22,1,101,116,0,0,0,0,0,25,0,0,-1,-1,-1,-1,0,0,0,0,0,0,-1,0,0,-1,-1,-1,-1,0,0,0,0,0,0,-1,0,49,0,49,0,0,49,49,3,52,1,1,0,0,0,-1,607271242,"6.18"
"C42111",1,2026-06-21,2026-06-20,1,,-1,0,0,1,0,5,1,0,0,25,0,0,-1,-1,-1,0,0,0,0,0,-1,0,21,1,3,101,-1,15,0,0,1,0,0,25,0,0,-1,-1,-1,-1,0,0,0,0,0,0,-1,0,0,0,0,15,87,102,15,95,110,4,0,1,0,0,-1,607271242,"6.18"
"C42114",1,2026-06-05,2026-06-04,1,,-1,0,0,1,0,5,2,0,0,25,0,0,-1,-1,-1,0,0,0,0,0,-1,0,21,0,3,116,-1,118,0,0,1,0,0,25,0,0,-1,-1,-1,-1,0,0,0,0,0,0,-1,0,0,0,0,118,0,118,118,68,186,4,0,0,0,0,-1,607271242,"6.18"
"C42120",1,2026-05-28,2026-05-27,1,,-1,0,0,0,0,2,1,0,0,25,0,21,1,99,-1,0,0,0,0,0,25,0,0,-1,-1,-1,-1,0,0,0,0,0,0,-1,0,0,-1,-1,-1,-1,0,0,0,0,0,0,-1,0,20,0,20,0,0,20,20,57,77,1,1,0,0,0,-1,607271242,"6.18"
"C42123",1,2026-05-17,2026-05-16,1,,-1,0,0,1,2,56,1,0,0,55,0,0,-1,-1,-1,0,0,0,0,0,-1,0,22,1,3,116,420,2,0,0,1,2,0,55,0,0,-1,-1,-1,-1,0,0,0,0,0,0,-1,0,0,0,0,2,12,14,2,9,11,4,0,1,0,0,-1,607271242,"6.18"
"C42126",2,2026-06-15,2026-06-14,1,,-1,0,0,0,0,3,1,3,0,25,1,22,1,335,312,0,0,0,0,1,25,1,0,-1,-1,-1,-1,0,0,0,0,0,0,-1,0,0,-1,-1,-1,-1,0,0,0,0,0,0,-1,0,18,0,18,0,0,18,18,0,18,1,1,0,0,0,-1,607271242,"6.18"
"C42138",1,2026-05-18,2026-05-17,1,,-1,1,1,1,0,5,2,0,0,25,0,0,-1,-1,-1,0,0,0,0,0,-1,0,21,1,2,116,-1,49,1,1,1,0,0,25,0,0,-1,-1,-1,-1,0,0,0,0,0,0,-1,0,0,0,0,49,87,136,49,542,591,4,0,1,0,0,-1,607271242,"6.18"
"C42144",1,2026-05-16,2026-05-15,1,,-1,0,0,1,0,3,1,0,0,25,0,22,1,206,99,0,0,1,0,0,25,0,0,-1,-1,-1,-1,0,0,0,0,0,0,-1,0,0,-1,-1,-1,-1,0,0,0,0,0,0,-1,0,47,0,47,0,0,47,47,5,52,1,1,0,0,0,-1,607271242,"6.18"
"C42147",1,2026-05-18,2026-05-17,1,,-1,0,0,0,0,5,1,0,0,25,0,22,1,101,101,0,0,0,0,0,25,0,0,-1,-1,-1,-1,0,0,0,0,0,0,-1,0,0,-1,-1,-1,-1,0,0,0,0,0,0,-1,0,33,0,33,0,0,33,33,7,40,1,1,0,0,0,-1,607271242,"6.18"
"C42150",1,2026-05-18,2026-05-17,1,,-1,0,0,0,0,1,1,0,0,18,0,22,1,116,302,0,0,0,0,0,18,0,0,-1,-1,-1,-1,0,0,0,0,0,0,-1,0,0,-1,-1,-1,-1,0,0,0,0,0,0,-1,0,52,0,52,0,0,52,52,6,58,1,1,0,0,0,-1,607271242,"6.18"
"C42156",1,2026-05-19,2026-05-18,1,,-1,0,0,0,0,5,1,0,0,18,0,21,3,207,-1,0,0,0,0,0,18,0,0,-1,-1,-1,-1,0,0,0,0,0,0,-1,0,0,-1,-1,-1,-1,0,0,0,0,0,0,-1,0,135,0,135,0,0,135,135,0,135,1,1,0,0,0,-1,607271242,"6.18"
"C42159",1,2026-05-09,2026-05-08,1,,-1,9,0,1,0,5,1,0,0,55,0,22,3,99,99,0,0,1,0,0,55,0,0,-1,-1,-1,-1,0,0,0,0,0,0,-1,0,0,-1,-1,-1,-1,0,0,0,0,0,0,-1,0,22,0,22,0,0,22,22,0,22,1,1,0,0,0,-1,607271242,"6.18"
"C42162",1,2026-04-12,2026-04-11,1,,-1,9,0,1,0,157,1,0,0,25,0,22,3,99,99,0,0,1,0,0,25,0,0,-1,-1,-1,-1,0,0,0,0,0,0,-1,0,0,-1,-1,-1,-1,0,0,0,0,0,0,-1,0,23,0,23,0,0,23,23,0,23,1,1,0,0,0,-1,607271242,"6.18"
"C42165",3,2026-01-17,2026-01-16,1,,-1,0,0,0,0,26,0,1,0,-1,0,22,3,118,99,0,0,0,0,0,-1,0,0,-1,-1,-1,-1,0,0,0,0,0,0,-1,0,0,-1,-1,-1,-1,0,0,0,0,0,0,-1,0,102,0,102,0,0,102,102,0,102,1,1,0,0,0,-1,607271242,"6.18"
"C42168",1,2026-04-08,2026-04-07,1,,-1,9,0,1,0,5,1,0,0,25,0,22,3,101,99,0,0,1,0,0,25,0,0,-1,-1,-1,-1,0,0,0,0,0,0,-1,0,0,-1,-1,-1,-1,0,0,0,0,0,0,-1,0,19,0,19,0,0,19,19,0,19,1,1,0,0,0,-1,607271242,"6.18"
"C42171",1,2026-05-19,2026-05-18,1,,-1,5,0,1,2,3,1,0,0,25,0,22,1,116,99,0,0,1,2,0,25,0,21,0,1,101,-1,100,0,0,1,2,0,25,0,0,-1,-1,-1,-1,0,0,0,0,0,0,-1,0,38,0,38,89,0,127,127,205,332,5,1,0,0,0,-1,607271242,"6.18"
"C42174",1,2026-04-09,2026-04-08,1,,-1,0,0,0,0,3,1,0,0,25,0,22,3,225,434,0,0,0,0,0,25,0,0,-1,-1,-1,-1,0,0,0,0,0,0,-1,0,0,-1,-1,-1,-1,0,0,0,0,0,0,-1,0,64,0,64,0,0,64,64,0,64,1,1,0,0,0,-1,607271242,"6.18"
"C42177",1,2026-03-28,2026-03-27,1,,-1,0,0,0,0,167,1,0,0,55,0,21,3,118,-1,0,0,0,0,0,55,0,0,-1,-1,-1,-1,0,0,0,0,0,0,-1,0,0,-1,-1,-1,-1,0,0,0,0,0,0,-1,0,187,0,187,0,0,187,187,0,187,1,1,0,0,0,-1,607271242,"6.18"
"C42180",1,2026-05-12,2026-05-11,1,,-1,9,0,1,0,6,1,0,0,25,0,22,3,99,99,0,0,1,0,0,25,0,0,-1,-1,-1,-1,0,0,0,0,0,0,-1,0,0,-1,-1,-1,-1,0,0,0,0,0,0,-1,0,15,0,15,0,0,15,15,0,15,1,1,0,0,0,-1,607271242,"6.18"
"C42183",1,2026-05-22,2026-05-21,1,,-1,0,0,0,0,3,1,0,0,25,0,22,1,335,99,0,0,0,0,0,25,0,0,-1,-1,-1,-1,0,0,0,0,0,0,-1,0,0,-1,-1,-1,-1,0,0,0,0,0,0,-1,0,32,0,32,0,0,32,32,96,128,1,1,0,0,0,-1,607271242,"6.18"
"C42186",1,2026-05-18,2026-05-17,1,,-1,0,0,1,2,5,1,0,0,25,0,22,3,116,116,0,0,1,2,0,25,0,0,-1,-1,-1,-1,0,0,0,0,0,0,-1,0,0,-1,-1,-1,-1,0,0,0,0,0,0,-1,0,18,0,18,0,0,18,18,196,214,1,1,0,0,0,-1,607271242,"6.18"
"C42189",1,2026-05-21,2026-05-20,1,,-1,0,0,1,2,5,1,0,0,25,0,22,3,335,312,0,0,1,2,0,25,0,0,-1,-1,-1,-1,0,0,0,0,0,0,-1,0,0,-1,-1,-1,-1,0,0,0,0,0,0,-1,0,20,0,20,0,0,20,20,744,764,1,1,0,0,0,-1,607271242,"6.18"
"C42192",1,2026-06-05,2026-06-04,1,,-1,0,0,1,2,5,2,0,0,25,0,0,-1,-1,-1,0,0,0,0,0,-1,0,22,0,1,116,101,23,0,0,1,2,0,25,0,0,-1,-1,-1,-1,0,0,0,0,0,0,-1,0,0,0,0,22,0,22,22,32,54,4,0,0,0,0,-1,607271242,"6.18"
"C42195",1,2026-04-24,2026-04-23,1,,-1,0,0,0,0,234,1,0,0,25,0,22,3,99,422,0,0,0,0,0,25,0,0,-1,-1,-1,-1,0,0,0,0,0,0,-1,0,0,-1,-1,-1,-1,0,0,0,0,0,0,-1,0,22,0,22,0,0,22,22,0,22,1,1,0,0,0,-1,607271242,"6.18"
"C42201",1,2026-05-18,2026-05-17,1,,-1,1,0,1,0,5,1,0,0,25,0,22,3,116,99,1,0,1,0,0,25,0,0,-1,-1,-1,-1,0,0,0,0,0,0,-1,0,0,-1,-1,-1,-1,0,0,0,0,0,0,-1,0,15,0,15,0,0,15,15,827,842,1,1,0,0,0,-1,607271242,"6.18"
"C42204",1,2026-05-21,2026-05-20,1,,-1,9,0,1,1,5,1,0,0,25,0,22,1,116,99,0,0,1,1,0,25,0,21,0,1,101,-1,122,0,0,1,1,0,25,0,0,-1,-1,-1,-1,0,0,0,0,0,0,-1,0,35,0,35,98,0,133,133,36,169,5,1,0,0,0,-1,607271242,"6.18"
"C42207",1,2026-05-19,2026-05-18,1,,-1,0,0,0,0,5,1,0,0,55,0,22,1,410,98,0,0,0,0,0,55,0,0,-1,-1,-1,-1,0,0,0,0,0,0,-1,0,0,-1,-1,-1,-1,0,0,0,0,0,0,-1,0,15,0,15,0,0,15,15,0,15,1,1,0,0,0,-1,607271242,"6.18"
"C42210",2,2026-05-22,2026-05-21,1,,-1,4,0,0,0,5,1,1,0,24,1,22,3,336,434,0,0,0,0,0,24,1,0,-1,-1,-1,-1,0,0,0,0,0,0,-1,0,0,-1,-1,-1,-1,0,0,0,0,0,0,-1,0,36,0,36,0,0,36,36,12,48,1,1,0,0,22,1,607271242,"6.18"
"C42216",2,2026-05-24,2026-05-23,1,,-1,1,1,1,1,1,1,2,0,25,1,0,-1,-1,-1,0,0,0,0,0,-1,0,21,1,2,116,-1,20,1,1,1,1,0,25,1,0,-1,-1,-1,-1,0,0,0,0,0,0,-1,0,0,0,0,20,110,130,20,22,42,4,0,1,0,0,-1,607271242,"6.18"
"C42225",1,2026-05-19,2026-05-18,1,,-1,0,0,0,0,3,1,0,0,25,0,22,3,336,422,0,0,0,0,0,25,0,0,-1,-1,-1,-1,0,0,0,0,0,0,-1,0,0,-1,-1,-1,-1,0,0,0,0,0,0,-1,0,31,0,31,0,0,31,31,197,228,1,1,0,0,0,-1,607271242,"6.18"
"C42228",1,2026-05-24,2026-05-23,1,,-1,1,1,1,1,236,1,0,0,25,0,0,-1,-1,-1,0,0,0,0,0,-1,0,22,0,2,116,99,27,1,1,1,1,0,25,0,0,-1,-1,-1,-1,0,0,0,0,0,0,-1,0,0,0,0,26,0,26,26,365,391,4,0,0,0,0,-1,607271242,"6.18"
"C42237",1,2026-05-22,2026-05-21,1,,-1,0,0,0,0,3,1,0,0,55,0,22,1,335,312,0,0,0,0,0,55,0,0,-1,-1,-1,-1,0,0,0,0,0,0,-1,0,0,-1,-1,-1,-1,0,0,0,0,0,0,-1,0,42,0,42,0,0,42,42,0,42,1,1,0,0,0,-1,607271242,"6.18"
"C42240",1,2026-05-22,2026-05-21,1,,-1,9,0,1,0,5,1,0,0,55,0,22,1,98,420,0,0,1,0,0,55,0,0,-1,-1,-1,-1,0,0,0,0,0,0,-1,0,0,-1,-1,-1,-1,0,0,0,0,0,0,-1,0,34,0,34,0,0,34,34,2,36,1,1,0,0,0,-1,607271242,"6.18"
"C42243",1,2026-05-23,2026-05-22,1,,-1,0,0,1,1,5,1,0,0,18,0,22,1,207,207,0,0,1,1,0,18,0,0,-1,-1,-1,-1,0,0,0,0,0,0,-1,0,0,-1,-1,-1,-1,0,0,0,0,0,0,-1,0,19,0,19,0,0,19,19,0,19,1,1,0,0,0,-1,607271242,"6.18"
"C42252",1,2026-05-24,2026-05-23,1,,-1,0,0,0,0,5,1,0,0,25,0,22,1,116,99,0,0,0,0,0,25,0,0,-1,-1,-1,-1,0,0,0,0,0,0,-1,0,0,-1,-1,-1,-1,0,0,0,0,0,0,-1,0,38,0,38,0,0,38,38,15,53,1,1,0,0,0,-1,607271242,"6.18"
"C42255",2,2026-05-26,2026-05-25,1,,-1,0,0,0,2,3,1,1,0,18,1,22,1,101,312,0,0,0,2,0,18,1,0,-1,-1,-1,-1,0,0,0,0,0,0,-1,0,0,-1,-1,-1,-1,0,0,0,0,0,0,-1,0,47,0,47,0,0,47,47,5,52,1,1,0,0,0,-1,607271242,"6.18"
"C42258",2,2026-05-23,2026-05-22,1,,-1,0,0,0,0,3,2,3,0,25,1,0,-1,-1,-1,0,0,0,0,0,-1,0,21,1,1,101,-1,20,0,0,0,0,1,25,1,0,-1,-1,-1,-1,0,0,0,0,0,0,-1,0,0,0,0,20,111,131,20,76,96,4,0,1,0,0,-1,607271242,"6.18"
"C42267",1,2026-05-24,2026-05-23,1,,-1,0,0,1,1,3,1,0,0,25,0,22,1,116,313,0,0,1,1,0,25,0,0,-1,-1,-1,-1,0,0,0,0,0,0,-1,0,0,-1,-1,-1,-1,0,0,0,0,0,0,-1,0,50,0,50,0,0,50,50,55,105,1,1,0,0,0,-1,607271242,"6.18"
"C42270",1,2026-05-24,2026-05-23,1,,-1,0,1,0,2,5,1,0,0,25,0,22,3,206,312,0,1,0,2,0,25,0,0,-1,-1,-1,-1,0,0,0,0,0,0,-1,0,0,-1,-1,-1,-1,0,0,0,0,0,0,-1,0,23,0,23,0,0,23,23,20,43,1,1,0,0,0,-1,607271242,"6.18"
"C42273",1,2026-06-05,2026-06-04,1,,-1,0,0,0,0,5,1,0,0,25,0,0,-1,-1,-1,0,0,0,0,0,-1,0,21,1,3,101,-1,1,0,0,0,0,0,25,0,0,-1,-1,-1,-1,0,0,0,0,0,0,-1,0,0,0,0,1,117,118,1,154,155,4,0,1,0,0,-1,607271242,"6.18"
"C42276",1,2026-05-25,2026-05-24,1,,-1,9,1,1,0,5,1,0,0,55,0,0,-1,-1,-1,0,0,0,0,0,-1,0,21,1,2,101,-1,11,0,1,1,0,0,55,0,0,-1,-1,-1,-1,0,0,0,0,0,0,-1,0,0,0,0,11,118,129,11,7,18,4,0,1,0,0,-1,607271242,"6.18"
"C42279",1,2026-05-23,2026-05-22,1,,-1,0,0,1,1,5,1,0,0,24,0,22,1,204,422,0,0,1,1,0,24,0,0,-1,-1,-1,-1,0,0,0,0,0,0,-1,0,0,-1,-1,-1,-1,0,0,0,0,0,0,-1,0,13,0,13,0,0,13,13,19,32,1,1,0,0,0,-1,607271242,"6.18"
"C42282",1,2026-05-24,2026-05-23,1,,-1,0,0,1,2,246,1,0,0,25,0,22,1,101,312,0,0,1,2,0,25,0,0,-1,-1,-1,-1,0,0,0,0,0,0,-1,0,0,-1,-1,-1,-1,0,0,0,0,0,0,-1,0,34,0,34,0,0,34,34,0,34,1,1,0,0,0,-1,607271242,"6.18"
"C42285",1,2026-06-07,2026-06-06,1,,-1,0,0,1,0,5,1,0,0,55,0,0,-1,-1,-1,0,0,0,0,0,-1,0,21,0,3,410,-1,116,0,0,1,0,0,55,0,0,-1,-1,-1,-1,0,0,0,0,0,0,-1,0,0,0,0,116,0,116,116,0,116,4,0,0,0,0,-1,607271242,"6.18"
"C42288",1,2026-05-25,2026-05-24,1,,-1,0,0,1,0,5,1,0,0,55,0,21,1,206,-1,0,0,1,0,0,55,0,0,-1,-1,-1,-1,0,0,0,0,0,0,-1,0,0,-1,-1,-1,-1,0,0,0,0,0,0,-1,0,129,0,129,0,0,129,129,32,161,1,1,0,0,0,-1,607271242,"6.18"
"C42294",1,2026-05-23,2026-05-22,1,,-1,0,0,1,0,5,1,0,0,25,0,22,3,116,410,0,0,1,0,0,25,0,0,-1,-1,-1,-1,0,0,0,0,0,0,-1,0,0,-1,-1,-1,-1,0,0,0,0,0,0,-1,0,28,0,28,0,0,28,28,51,79,1,1,0,0,0,-1,607271242,"6.18"
"C42306",1,2026-05-25,2026-05-24,1,,-1,0,1,1,0,3,1,0,0,55,0,0,-1,-1,-1,0,0,0,0,0,-1,0,22,1,2,116,422,19,0,1,1,0,0,55,0,0,-1,-1,-1,-1,0,0,0,0,0,0,-1,0,0,0,0,19,13,32,19,26,45,4,0,1,0,0,-1,607271242,"6.18"
"C42309",2,2026-05-30,2026-05-29,1,,-1,4,0,1,2,5,2,2,0,25,1,0,-1,-1,-1,0,0,0,0,0,-1,0,21,0,3,335,-1,124,0,0,1,2,0,25,1,0,-1,-1,-1,-1,0,0,0,0,0,0,-1,0,0,0,0,124,0,124,124,0,124,4,0,0,0,0,-1,607271242,"6.18"
"C42318",1,2026-07-14,2026-07-13,1,,-1,1,1,1,2,5,1,0,0,55,0,0,-1,-1,-1,0,0,0,0,0,-1,0,21,1,3,116,-1,11,1,1,1,2,0,55,0,0,-1,-1,-1,-1,0,0,0,0,0,0,-1,0,0,0,0,11,68,79,11,417,428,4,0,1,0,0,-1,607271242,"6.18"
"C42321",1,2026-07-11,2026-07-10,1,,-1,4,0,0,0,5,1,0,0,25,0,0,-1,-1,-1,0,0,0,0,0,-1,0,21,0,3,116,-1,82,0,0,0,0,0,25,0,0,-1,-1,-1,-1,0,0,0,0,0,0,-1,0,0,0,0,82,0,82,82,434,516,4,0,0,0,0,-1,607271242,"6.18"
"C42324",1,2026-05-24,2026-05-23,1,,-1,0,0,1,2,5,1,0,0,55,0,22,1,116,434,0,0,1,2,0,55,0,0,-1,-1,-1,-1,0,0,0,0,0,0,-1,0,0,-1,-1,-1,-1,0,0,0,0,0,0,-1,0,32,0,32,0,0,32,32,15,47,1,1,0,0,0,-1,607271242,"6.18"
"C42330",1,2026-05-27,2026-05-26,1,,-1,0,0,1,0,257,1,0,0,25,0,22,1,116,99,0,0,1,0,0,25,0,0,-1,-1,-1,-1,0,0,0,0,0,0,-1,0,0,-1,-1,-1,-1,0,0,0,0,0,0,-1,0,11,0,11,0,0,11,11,27,38,1,1,0,0,0,-1,607271242,"6.18"
"C42336",1,2026-05-29,2026-05-28,1,,-1,1,0,1,0,3,1,0,0,25,0,22,1,206,99,1,0,1,0,0,25,0,0,-1,-1,-1,-1,0,0,0,0,0,0,-1,0,0,-1,-1,-1,-1,0,0,0,0,0,0,-1,0,16,0,16,0,0,16,16,38,54,1,1,0,0,0,-1,607271242,"6.18"
"C42339",1,2026-05-26,2026-05-25,1,,-1,0,0,1,0,35,1,0,0,25,0,21,1,434,-1,0,0,1,0,0,25,0,0,-1,-1,-1,-1,0,0,0,0,0,0,-1,0,0,-1,-1,-1,-1,0,0,0,0,0,0,-1,0,128,0,128,0,0,128,128,0,128,1,1,0,0,0,-1,607271242,"6.18"
"C42342",1,2026-05-26,2026-05-25,1,,-1,0,0,1,0,5,1,0,0,25,0,22,1,314,313,0,0,1,0,0,25,0,0,-1,-1,-1,-1,0,0,0,0,0,0,-1,0,0,-1,-1,-1,-1,0,0,0,0,0,0,-1,0,0,56,56,0,0,56,56,0,56,2,1,0,0,0,-1,607271242,"6.18"
"C42345",1,2026-05-27,2026-05-26,1,,-1,0,0,1,2,5,1,0,0,25,0,22,1,336,101,0,0,1,2,0,25,0,0,-1,-1,-1,-1,0,0,0,0,0,0,-1,0,0,-1,-1,-1,-1,0,0,0,0,0,0,-1,0,25,0,25,0,0,25,25,0,25,1,1,0,0,0,-1,607271242,"6.18"
"C42348",1,2026-05-29,2026-05-28,1,,-1,0,0,0,0,267,1,0,0,25,0,22,1,118,99,0,0,0,0,0,25,0,0,-1,-1,-1,-1,0,0,0,0,0,0,-1,0,0,-1,-1,-1,-1,0,0,0,0,0,0,-1,0,29,0,29,0,0,29,29,39,68,1,1,0,0,0,-1,607271242,"6.18"
"C42351",2,2026-07-07,2026-07-06,1,,-1,0,0,1,0,5,2,2,0,25,1,0,-1,-1,-1,0,0,0,0,0,-1,0,21,0,3,410,-1,86,0,0,1,0,0,25,1,0,-1,-1,-1,-1,0,0,0,0,0,0,-1,0,0,0,0,86,0,86,86,0,86,4,0,0,0,0,-1,607271242,"6.18"
"C42363",1,2026-05-24,2026-05-23,1,,-1,0,0,1,0,345,1,0,0,55,0,21,3,116,-1,0,0,1,0,0,55,0,0,-1,-1,-1,-1,0,0,0,0,0,0,-1,0,0,-1,-1,-1,-1,0,0,0,0,0,0,-1,0,130,0,130,0,0,130,130,0,130,1,1,0,0,0,-1,607271242,"6.18"
"C42366",1,2026-05-30,2026-05-29,1,,-1,0,0,0,0,3,1,0,0,18,0,22,1,116,422,0,0,0,0,0,18,0,0,-1,-1,-1,-1,0,0,0,0,0,0,-1,0,0,-1,-1,-1,-1,0,0,0,0,0,0,-1,0,13,0,13,0,0,13,13,2,15,1,1,0,0,0,-1,607271242,"6.18"
"C42372",1,2026-06-02,2026-06-01,1,,-1,0,0,0,0,3,1,0,0,55,0,22,1,116,423,0,0,0,0,0,55,0,0,-1,-1,-1,-1,0,0,0,0,0,0,-1,0,0,-1,-1,-1,-1,0,0,0,0,0,0,-1,0,52,0,52,0,0,52,52,3,55,1,1,0,0,0,-1,607271242,"6.18"
"C42375",1,2026-05-26,2026-05-25,1,,-1,0,0,1,0,5,1,0,0,25,0,22,1,206,99,0,0,1,0,0,25,0,0,-1,-1,-1,-1,0,0,0,0,0,0,-1,0,0,-1,-1,-1,-1,0,0,0,0,0,0,-1,0,47,0,47,0,0,47,47,86,133,1,1,0,0,0,-1,607271242,"6.18"
"C42378",1,2026-05-27,2026-05-26,1,,-1,0,0,0,2,5,1,0,0,18,0,22,1,116,99,0,0,0,2,0,18,0,0,-1,-1,-1,-1,0,0,0,0,0,0,-1,0,0,-1,-1,-1,-1,0,0,0,0,0,0,-1,0,20,0,20,0,0,20,20,18,38,1,1,0,0,0,-1,607271242,"6.18"
"C42381",2,2026-07-04,2026-07-03,1,,-1,1,0,1,2,346,1,1,0,25,1,0,-1,-1,-1,0,0,0,0,0,-1,0,21,1,1,101,-1,7,1,0,1,2,0,25,1,0,-1,-1,-1,-1,0,0,0,0,0,0,-1,0,0,0,0,7,82,89,7,61,68,4,0,1,0,0,-1,607271242,"6.18"
"C42384",1,2026-05-27,2026-05-26,1,,-1,0,0,0,0,3,1,0,0,25,0,22,1,336,422,0,0,0,0,0,25,0,0,-1,-1,-1,-1,0,0,0,0,0,0,-1,0,0,-1,-1,-1,-1,0,0,0,0,0,0,-1,0,24,0,24,0,0,24,24,0,24,1,1,0,0,0,-1,607271242,"6.18"
"C42387",1,2026-05-26,2026-05-25,1,,-1,4,0,0,0,3,1,0,0,24,0,22,1,336,99,0,0,0,0,0,24,0,0,-1,-1,-1,-1,0,0,0,0,0,0,-1,0,0,-1,-1,-1,-1,0,0,0,0,0,0,-1,0,18,0,18,0,0,18,18,0,18,1,1,0,0,0,-1,607271242,"6.18"
"C42393",1,2026-05-30,2026-05-29,1,,-1,0,0,0,0,5,1,0,0,25,0,22,1,204,99,0,0,0,0,0,25,0,0,-1,-1,-1,-1,0,0,0,0,0,0,-1,0,0,-1,-1,-1,-1,0,0,0,0,0,0,-1,0,25,0,25,0,0,25,25,3,28,1,1,0,0,0,-1,607271242,"6.18"
"C42396",2,2026-07-26,2026-07-25,1,,-1,0,0,0,1,15,1,1,0,25,1,21,1,101,-1,0,0,0,1,0,25,1,0,-1,-1,-1,-1,0,0,0,0,0,0,-1,0,0,-1,-1,-1,-1,0,0,0,0,0,0,-1,0,67,0,67,0,0,67,67,66,133,1,1,0,0,0,-1,607271242,"6.18"
"C42402",1,2026-05-29,2026-05-28,1,,-1,0,1,1,1,5,1,0,0,25,0,22,1,336,98,0,1,1,1,0,25,0,0,-1,-1,-1,-1,0,0,0,0,0,0,-1,0,0,-1,-1,-1,-1,0,0,0,0,0,0,-1,0,13,0,13,0,0,13,13,5,18,1,1,0,0,0,-1,607271242,"6.18"
"C42405",1,2026-05-30,2026-05-29,1,,-1,0,1,1,1,5,1,0,0,25,0,22,1,335,99,0,1,1,1,0,25,0,0,-1,-1,-1,-1,0,0,0,0,0,0,-1,0,0,-1,-1,-1,-1,0,0,0,0,0,0,-1,0,38,0,38,0,0,38,38,10,48,1,1,0,0,0,-1,607271242,"6.18"
"C42408",2,2026-06-01,2026-05-31,1,,-1,0,0,0,0,5,1,3,0,25,1,22,1,101,313,0,0,0,0,1,25,1,0,-1,-1,-1,-1,0,0,0,0,0,0,-1,0,0,-1,-1,-1,-1,0,0,0,0,0,0,-1,0,61,0,61,0,0,61,61,29,90,1,1,0,0,0,-1,607271242,"6.18"
"C42411",1,2026-05-30,2026-05-29,1,,-1,0,0,1,2,3,1,0,0,55,0,22,1,314,206,0,0,1,2,0,55,0,0,-1,-1,-1,-1,0,0,0,0,0,0,-1,0,0,-1,-1,-1,-1,0,0,0,0,0,0,-1,0,47,0,47,0,0,47,47,2,49,1,1,0,0,0,-1,607271242,"6.18"
"C42414",1,2026-05-28,2026-05-27,1,,-1,0,0,0,0,5,1,0,0,25,0,22,3,336,420,0,0,0,0,0,25,0,0,-1,-1,-1,-1,0,0,0,0,0,0,-1,0,0,-1,-1,-1,-1,0,0,0,0,0,0,-1,0,44,0,44,0,0,44,44,0,44,1,1,0,0,21,0,607271242,"6.18"
"C42417",3,2026-05-23,2026-05-22,1,,-1,0,0,0,1,356,0,1,0,-1,0,22,3,314,116,0,0,0,1,0,-1,0,0,-1,-1,-1,-1,0,0,0,0,0,0,-1,0,0,-1,-1,-1,-1,0,0,0,0,0,0,-1,0,14,0,14,0,0,14,14,0,14,1,1,0,0,0,-1,607271242,"6.18"
"C42420",1,2026-05-29,2026-05-28,1,,-1,0,0,1,0,5,1,0,0,55,0,21,3,116,-1,0,0,1,0,0,55,0,0,-1,-1,-1,-1,0,0,0,0,0,0,-1,0,0,-1,-1,-1,-1,0,0,0,0,0,0,-1,0,125,0,125,0,0,125,125,15,140,1,1,0,0,0,-1,607271242,"6.18"
"C42423",1,2026-05-25,2026-05-24,1,,-1,0,0,1,0,3,1,0,0,25,0,21,1,116,-1,0,0,1,0,0,25,0,0,-1,-1,-1,-1,0,0,0,0,0,0,-1,0,0,-1,-1,-1,-1,0,0,0,0,0,0,-1,0,129,0,129,0,0,129,129,139,268,1,1,0,0,0,-1,607271242,"6.18"
"C42426",1,2026-05-29,2026-05-28,1,,-1,0,0,0,0,56,1,0,0,25,0,22,1,336,312,0,0,0,0,0,25,0,0,-1,-1,-1,-1,0,0,0,0,0,0,-1,0,0,-1,-1,-1,-1,0,0,0,0,0,0,-1,0,13,0,13,0,0,13,13,0,13,1,1,0,0,0,-1,607271242,"6.18"
"C42429",1,2026-06-02,2026-06-01,1,,-1,0,0,0,0,3,1,0,0,25,0,22,1,99,99,0,0,0,0,0,25,0,0,-1,-1,-1,-1,0,0,0,0,0,0,-1,0,0,-1,-1,-1,-1,0,0,0,0,0,0,-1,0,5,0,5,0,0,5,5,14,19,1,1,0,0,0,-1,607271242,"6.18"
"C42432",1,2026-05-30,2026-05-29,1,,-1,1,0,1,1,357,1,0,0,25,0,22,1,207,312,1,0,1,1,0,25,0,0,-1,-1,-1,-1,0,0,0,0,0,0,-1,0,0,-1,-1,-1,-1,0,0,0,0,0,0,-1,0,33,0,33,0,0,33,33,0,33,1,1,0,0,0,-1,607271242,"6.18"
"C42435",1,2026-05-30,2026-05-29,1,,-1,0,0,1,0,5,1,0,0,25,0,22,1,101,101,0,0,1,0,0,25,0,0,-1,-1,-1,-1,0,0,0,0,0,0,-1,0,0,-1,-1,-1,-1,0,0,0,0,0,0,-1,0,15,0,15,0,0,15,15,0,15,1,1,0,0,0,-1,607271242,"6.18"
"C42438",1,2026-05-31,2026-05-30,1,,-1,0,1,0,0,3,1,0,0,55,0,21,1,410,-1,0,1,0,0,0,55,0,0,-1,-1,-1,-1,0,0,0,0,0,0,-1,0,0,-1,-1,-1,-1,0,0,0,0,0,0,-1,0,0,123,123,0,0,123,123,0,123,2,1,0,0,0,-1,607271242,"6.18"
"C42441",1,2026-06-07,2026-06-06,1,,-1,0,1,1,0,5,1,0,0,55,0,22,1,99,99,0,1,1,0,0,55,0,0,-1,-1,-1,-1,0,0,0,0,0,0,-1,0,0,-1,-1,-1,-1,0,0,0,0,0,0,-1,0,1,0,1,0,0,1,1,9,10,1,1,0,0,0,-1,607271242,"6.18"
"C42444",1,2026-05-31,2026-05-30,1,,-1,0,0,1,2,56,1,0,0,25,0,21,1,116,-1,0,0,1,2,0,25,0,0,-1,-1,-1,-1,0,0,0,0,0,0,-1,0,0,-1,-1,-1,-1,0,0,0,0,0,0,-1,0,45,0,45,0,0,45,45,165,210,1,1,0,0,0,-1,607271242,"6.18"
"C42447",1,2026-06-27,2026-06-26,1,,-1,1,0,1,0,5,1,0,0,25,0,22,1,99,99,1,0,1,0,0,25,0,0,-1,-1,-1,-1,0,0,0,0,0,0,-1,0,0,-1,-1,-1,-1,0,0,0,0,0,0,-1,0,1,0,1,0,0,1,1,1331,1332,1,1,0,0,0,-1,607271242,"6.18"
"C42450",1,2026-06-03,2026-06-02,1,,-1,0,0,0,1,367,1,0,0,25,0,21,3,410,-1,0,0,0,1,0,25,0,0,-1,-1,-1,-1,0,0,0,0,0,0,-1,0,0,-1,-1,-1,-1,0,0,0,0,0,0,-1,0,120,0,120,0,0,120,120,4,124,1,1,0,0,0,-1,607271242,"6.18"
"C42453",2,2026-06-01,2026-05-31,1,,-1,0,0,0,2,3,2,2,0,25,1,21,1,116,-1,0,0,0,2,0,25,1,0,-1,-1,-1,-1,0,0,0,0,0,0,-1,0,0,-1,-1,-1,-1,0,0,0,0,0,0,-1,0,122,0,122,0,0,122,122,14,136,1,1,0,0,0,-1,607271242,"6.18"
"C42459",1,2026-05-17,2026-05-16,1,,-1,0,1,0,0,5,1,0,0,25,0,0,-1,-1,-1,0,0,0,0,0,-1,0,21,1,3,101,-1,15,0,1,0,0,0,25,0,0,-1,-1,-1,-1,0,0,0,0,0,0,-1,0,0,0,0,15,122,137,15,2,17,4,0,1,0,0,-1,607271242,"6.18"
"C42468",2,2026-05-31,2026-05-30,1,,-1,0,0,0,1,456,1,2,0,25,1,21,1,335,-1,0,0,0,1,0,25,1,0,-1,-1,-1,-1,0,0,0,0,0,0,-1,0,0,-1,-1,-1,-1,0,0,0,0,0,0,-1,0,123,0,123,0,0,123,123,2,125,1,1,0,0,0,-1,607271242,"6.18"
"C42477",2,2026-05-31,2026-05-30,1,,-1,0,0,1,0,5,2,2,0,25,1,22,1,335,313,0,0,1,0,0,25,1,0,-1,-1,-1,-1,0,0,0,0,0,0,-1,0,0,-1,-1,-1,-1,0,0,0,0,0,0,-1,0,28,0,28,0,0,28,28,2,30,1,1,0,0,0,-1,607271242,"6.18"
"C42489",1,2026-06-10,2026-06-09,1,,-1,0,0,0,0,3,1,0,0,25,0,22,1,99,99,0,0,0,0,0,25,0,0,-1,-1,-1,-1,0,0,0,0,0,0,-1,0,0,-1,-1,-1,-1,0,0,0,0,0,0,-1,0,22,0,22,0,0,22,22,106,128,1,1,0,0,0,-1,607271242,"6.18"
"C42492",1,2026-06-08,2026-06-07,1,,-1,0,0,0,0,5,1,0,0,25,0,0,-1,-1,-1,0,0,0,0,0,-1,0,21,0,3,410,-1,115,0,0,0,0,0,25,0,0,-1,-1,-1,-1,0,0,0,0,0,0,-1,0,0,0,0,115,0,115,115,0,115,4,0,0,0,0,-1,607271242,"6.18"
"C42495",1,2026-06-01,2026-05-31,1,,-1,0,0,1,2,5,1,0,0,18,0,21,3,314,-1,0,0,1,2,0,18,0,0,-1,-1,-1,-1,0,0,0,0,0,0,-1,0,0,-1,-1,-1,-1,0,0,0,0,0,0,-1,0,122,0,122,0,0,122,122,210,332,1,1,0,0,0,-1,607271242,"6.18"
"C42498",1,2026-06-01,2026-05-31,1,,-1,0,1,1,1,5,1,0,0,55,0,0,-1,-1,-1,0,0,0,0,0,-1,0,21,0,2,118,-1,122,0,1,1,1,0,55,0,0,-1,-1,-1,-1,0,0,0,0,0,0,-1,0,0,0,0,122,0,122,122,10,132,4,0,0,0,0,-1,607271242,"6.18"
"C42501",1,2026-06-05,2026-06-04,1,,-1,1,1,1,0,5,1,0,0,55,0,0,-1,-1,-1,0,0,0,0,0,-1,0,21,0,2,116,-1,118,1,1,1,0,0,55,0,0,-1,-1,-1,-1,0,0,0,0,0,0,-1,0,0,0,0,118,0,118,118,1053,1171,4,0,0,0,0,-1,607271242,"6.18"
"C42504",2,2026-06-02,2026-06-01,1,,-1,0,0,0,1,467,1,1,0,24,1,22,1,116,312,0,0,0,1,0,24,1,0,-1,-1,-1,-1,0,0,0,0,0,0,-1,0,0,-1,-1,-1,-1,0,0,0,0,0,0,-1,0,45,0,45,0,0,45,45,5,50,1,1,0,0,0,-1,607271242,"6.18"
"C42525",2,2026-06-01,2026-05-31,1,,-1,0,0,0,2,56,1,1,0,25,1,22,1,116,313,0,0,0,2,0,25,1,0,-1,-1,-1,-1,0,0,0,0,0,0,-1,0,0,-1,-1,-1,-1,0,0,0,0,0,0,-1,0,19,0,19,0,0,19,19,144,163,1,1,0,0,0,-1,607271242,"6.18"
"C42531",1,2026-06-06,2026-06-05,1,,-1,0,0,0,2,15,1,0,0,25,0,22,1,116,410,0,0,0,2,0,25,0,0,-1,-1,-1,-1,0,0,0,0,0,0,-1,0,0,-1,-1,-1,-1,0,0,0,0,0,0,-1,0,39,0,39,0,0,39,39,12,51,1,1,0,0,0,-1,607271242,"6.18"
"C42534",1,2026-06-01,2026-05-31,1,,-1,0,0,0,0,3,1,0,0,25,0,22,1,336,99,0,0,0,0,0,25,0,21,0,1,101,-1,87,0,0,0,0,0,25,0,0,-1,-1,-1,-1,0,0,0,0,0,0,-1,0,3,0,3,87,0,90,90,226,316,5,1,0,0,0,-1,607271242,"6.18"
"C42537",1,2026-06-02,2026-06-01,1,,-1,0,0,1,1,3,1,0,0,25,0,22,1,116,313,0,0,1,1,0,25,0,0,-1,-1,-1,-1,0,0,0,0,0,0,-1,0,0,-1,-1,-1,-1,0,0,0,0,0,0,-1,0,21,0,21,0,0,21,21,5,26,1,1,0,0,0,-1,607271242,"6.18"
"C42540",1,2026-06-05,2026-06-04,1,,-1,0,0,0,0,5,1,0,0,18,0,22,1,116,422,0,0,0,0,0,18,0,0,-1,-1,-1,-1,0,0,0,0,0,0,-1,0,0,-1,-1,-1,-1,0,0,0,0,0,0,-1,0,14,0,14,0,0,14,14,5,19,1,1,0,0,0,-1,607271242,"6.18"
"C42543",1,2026-05-30,2026-05-29,1,,-1,0,0,1,2,5,1,0,0,25,0,22,1,204,313,0,0,1,2,0,25,0,0,-1,-1,-1,-1,0,0,0,0,0,0,-1,0,0,-1,-1,-1,-1,0,0,0,0,0,0,-1,0,41,0,41,0,0,41,41,6,47,1,1,0,0,0,-1,607271242,"6.18"
"C42546",1,2026-06-04,2026-06-03,1,,-1,0,0,0,0,3,1,0,0,25,0,22,1,116,423,0,0,0,0,0,25,0,0,-1,-1,-1,-1,0,0,0,0,0,0,-1,0,0,-1,-1,-1,-1,0,0,0,0,0,0,-1,0,13,0,13,0,0,13,13,15,28,1,1,0,0,0,-1,607271242,"6.18"
"C42549",1,2026-05-31,2026-05-30,1,,-1,0,0,1,0,5,1,0,0,25,0,22,1,335,99,0,0,1,0,0,25,0,0,-1,-1,-1,-1,0,0,0,0,0,0,-1,0,0,-1,-1,-1,-1,0,0,0,0,0,0,-1,0,13,0,13,0,0,13,13,2,15,1,1,0,0,0,-1,607271242,"6.18"
"C42558",1,2026-07-11,2026-07-10,1,,-1,0,0,1,0,5,1,0,0,25,0,0,-1,-1,-1,0,0,0,0,0,-1,0,21,1,3,205,-1,3,0,0,1,0,0,25,0,0,-1,-1,-1,-1,0,0,0,0,0,0,-1,0,0,0,0,3,79,82,3,68,71,4,0,1,0,0,-1,607271242,"6.18"
"C42561",2,2026-05-31,2026-05-30,1,,-1,0,0,1,0,3,2,3,0,25,1,22,1,336,99,0,0,1,0,1,25,1,0,-1,-1,-1,-1,0,0,0,0,0,0,-1,0,0,-1,-1,-1,-1,0,0,0,0,0,0,-1,0,31,0,31,0,0,31,31,4,35,1,1,0,0,0,-1,607271242,"6.18"
"C42576",1,2026-06-05,2026-06-04,1,,-1,0,0,0,0,5,1,0,0,55,0,22,3,314,410,0,0,0,0,0,55,0,0,-1,-1,-1,-1,0,0,0,0,0,0,-1,0,0,-1,-1,-1,-1,0,0,0,0,0,0,-1,0,30,0,30,0,0,30,30,0,30,1,1,0,0,0,-1,607271242,"6.18"
"C42579",1,2026-06-06,2026-06-05,1,,-1,0,0,0,0,5,1,0,0,18,0,22,1,116,99,0,0,0,0,0,18,0,0,-1,-1,-1,-1,0,0,0,0,0,0,-1,0,0,-1,-1,-1,-1,0,0,0,0,0,0,-1,0,15,0,15,0,0,15,15,5,20,1,1,0,0,0,-1,607271242,"6.18"
"C42582",1,2026-06-05,2026-06-04,1,,-1,0,0,1,0,56,1,0,0,55,0,22,3,434,410,0,0,1,0,0,55,0,0,-1,-1,-1,-1,0,0,0,0,0,0,-1,0,0,-1,-1,-1,-1,0,0,0,0,0,0,-1,0,50,0,50,0,0,50,50,0,50,1,1,0,0,0,-1,607271242,"6.18"
"C42585",2,2026-06-26,2026-06-25,1,,-1,4,0,0,2,3,1,3,0,25,1,0,-1,-1,-1,0,0,0,0,0,-1,0,21,1,1,101,-1,10,0,0,0,2,1,25,1,0,-1,-1,-1,-1,0,0,0,0,0,0,-1,0,0,0,0,10,87,97,10,600,610,4,0,1,0,0,-1,607271242,"6.18"
"C42597",1,2026-06-05,2026-06-04,1,,-1,0,1,1,2,5,1,0,0,55,0,22,1,116,101,0,1,1,2,0,55,0,0,-1,-1,-1,-1,0,0,0,0,0,0,-1,0,0,-1,-1,-1,-1,0,0,0,0,0,0,-1,0,19,0,19,0,0,19,19,13,32,1,1,0,0,0,-1,607271242,"6.18"
"C42600",1,2026-06-05,2026-06-04,1,,-1,0,0,1,1,3,1,0,0,25,0,22,1,116,410,0,0,1,1,0,25,0,0,-1,-1,-1,-1,0,0,0,0,0,0,-1,0,0,-1,-1,-1,-1,0,0,0,0,0,0,-1,0,40,0,40,0,0,40,40,5,45,1,1,0,0,0,-1,607271242,"6.18"
"C42603",1,2026-06-06,2026-06-05,1,,-1,9,1,1,0,5,1,0,0,55,0,0,-1,-1,-1,0,0,0,0,0,-1,0,21,1,2,101,-1,7,0,1,1,0,0,55,0,0,-1,-1,-1,-1,0,0,0,0,0,0,-1,0,0,0,0,7,110,117,7,6,13,4,0,1,0,0,-1,607271242,"6.18"
"C42606",1,2026-07-12,2026-07-11,1,,-1,0,0,1,0,5,1,0,0,25,0,0,-1,-1,-1,0,0,0,0,0,-1,0,21,1,1,116,-1,12,0,0,1,0,0,25,0,0,-1,-1,-1,-1,0,0,0,0,0,0,-1,0,0,0,0,12,69,81,12,191,203,4,0,1,0,0,-1,607271242,"6.18"
"C42609",1,2026-06-06,2026-06-05,1,,-1,0,0,1,0,56,1,0,0,25,0,22,1,206,99,0,0,1,0,0,25,0,0,-1,-1,-1,-1,0,0,0,0,0,0,-1,0,0,-1,-1,-1,-1,0,0,0,0,0,0,-1,0,15,0,15,0,0,15,15,2,17,1,1,0,0,0,-1,607271242,"6.18"
"C42612",1,2026-05-22,2026-05-21,1,,-1,0,0,0,0,5,1,0,0,25,0,22,1,336,422,0,0,0,0,0,25,0,0,-1,-1,-1,-1,0,0,0,0,0,0,-1,0,0,-1,-1,-1,-1,0,0,0,0,0,0,-1,0,27,0,27,0,0,27,27,62,89,1,1,0,0,0,-1,607271242,"6.18"
"C42615",1,2026-06-07,2026-06-06,1,,-1,0,0,1,0,3,1,0,0,25,0,22,1,116,99,0,0,1,0,0,25,0,0,-1,-1,-1,-1,0,0,0,0,0,0,-1,0,0,-1,-1,-1,-1,0,0,0,0,0,0,-1,0,53,0,53,0,0,53,53,3,56,1,1,0,0,0,-1,607271242,"6.18"
"C42618",1,2026-06-12,2026-06-11,1,,-1,0,0,1,2,56,2,0,0,25,1,0,-1,-1,-1,0,0,0,0,0,-1,0,22,1,1,101,410,13,0,0,1,2,0,25,1,0,-1,-1,-1,-1,0,0,0,0,0,0,-1,0,0,0,0,13,13,26,13,33,46,4,0,1,0,0,-1,607271242,"6.18"
"C42624",1,2026-06-20,2026-06-19,1,,-1,0,0,0,0,6,1,0,0,55,0,0,-1,-1,-1,0,0,0,0,0,-1,0,21,1,3,116,-1,20,0,0,0,0,0,55,0,0,-1,-1,-1,-1,0,0,0,0,0,0,-1,0,0,0,0,20,83,103,20,21,41,4,0,1,0,0,-1,607271242,"6.18"
"C42627",2,2026-06-07,2026-06-06,1,,-1,0,0,0,0,5,2,1,0,25,1,22,1,101,99,0,0,0,0,0,25,1,0,-1,-1,-1,-1,0,0,0,0,0,0,-1,0,0,-1,-1,-1,-1,0,0,0,0,0,0,-1,0,19,0,19,0,0,19,19,34,53,1,1,0,0,0,-1,607271242,"6.18"
"C42630",1,2026-07-11,2026-07-10,1,,-1,0,0,1,2,3,1,0,0,55,0,0,-1,-1,-1,0,0,0,0,0,-1,0,21,1,1,101,-1,1,0,0,1,2,0,55,0,0,-1,-1,-1,-1,0,0,0,0,0,0,-1,0,0,0,0,1,81,82,1,60,61,4,0,1,0,0,-1,607271242,"6.18"
"C42633",1,2026-06-08,2026-06-07,1,,-1,0,0,1,0,5,1,0,0,25,0,22,1,204,312,0,0,1,0,0,25,0,0,-1,-1,-1,-1,0,0,0,0,0,0,-1,0,0,-1,-1,-1,-1,0,0,0,0,0,0,-1,0,27,0,27,0,0,27,27,39,66,1,1,0,0,0,-1,607271242,"6.18"
"C42636",1,2026-06-06,2026-06-05,1,,-1,9,0,1,0,5,1,0,0,25,0,21,1,116,-1,0,0,1,0,0,25,0,0,-1,-1,-1,-1,0,0,0,0,0,0,-1,0,0,-1,-1,-1,-1,0,0,0,0,0,0,-1,0,0,117,117,0,0,117,117,0,117,2,1,0,0,0,-1,607271242,"6.18"
"C42645",1,2026-06-10,2026-06-09,1,,-1,0,0,0,0,3,1,0,0,25,0,21,3,116,-1,0,0,0,0,0,25,0,0,-1,-1,-1,-1,0,0,0,0,0,0,-1,0,0,-1,-1,-1,-1,0,0,0,0,0,0,-1,0,113,0,113,0,0,113,113,67,180,1,1,0,0,0,-1,607271242,"6.18"
"C42648",1,2026-07-07,2026-07-06,1,,-1,1,0,1,2,3,1,0,0,25,0,21,1,116,-1,1,0,1,2,0,25,0,21,0,1,116,-1,86,1,0,1,2,0,25,0,0,-1,-1,-1,-1,0,0,0,0,0,0,-1,0,79,0,79,7,0,86,86,338,424,5,1,0,0,0,-1,607271242,"6.18"
"C42651",1,2026-06-07,2026-06-06,1,,-1,0,0,1,1,5,1,0,0,55,0,22,1,335,314,0,0,1,1,0,55,0,0,-1,-1,-1,-1,0,0,0,0,0,0,-1,0,0,-1,-1,-1,-1,0,0,0,0,0,0,-1,0,47,0,47,0,0,47,47,0,47,1,1,0,0,0,-1,607271242,"6.18"
"C42654",1,2026-06-13,2026-06-12,1,,-1,0,0,1,0,5,1,0,0,55,0,0,-1,-1,-1,0,0,0,0,0,-1,0,21,0,3,314,-1,110,0,0,1,0,0,55,0,0,-1,-1,-1,-1,0,0,0,0,0,0,-1,0,0,0,0,110,0,110,110,0,110,4,0,0,0,0,-1,607271242,"6.18"
"C42657",1,2026-06-08,2026-06-07,1,,-1,0,0,0,0,5,1,0,0,24,0,22,3,335,313,0,0,0,0,0,24,0,0,-1,-1,-1,-1,0,0,0,0,0,0,-1,0,0,-1,-1,-1,-1,0,0,0,0,0,0,-1,0,46,0,46,0,0,46,46,0,46,1,1,0,0,0,-1,607271242,"6.18"
"C42660",1,2026-06-08,2026-06-07,1,,-1,0,0,0,0,3,1,0,0,25,0,22,3,336,313,0,0,0,0,0,25,0,0,-1,-1,-1,-1,0,0,0,0,0,0,-1,0,0,-1,-1,-1,-1,0,0,0,0,0,0,-1,0,21,0,21,0,0,21,21,32,53,1,1,0,0,0,-1,607271242,"6.18"
"C42663",1,2026-06-13,2026-06-12,1,,-1,9,0,1,2,5,1,0,0,55,0,0,-1,-1,-1,0,0,0,0,0,-1,0,21,1,3,116,-1,8,0,0,1,2,0,55,0,0,-1,-1,-1,-1,0,0,0,0,0,0,-1,0,0,0,0,8,102,110,8,9,17,4,0,1,0,0,-1,607271242,"6.18"
"C42669",1,2026-06-09,2026-06-08,1,,-1,0,1,0,0,13,1,0,0,25,0,22,1,207,410,0,1,0,0,0,25,0,0,-1,-1,-1,-1,0,0,0,0,0,0,-1,0,0,-1,-1,-1,-1,0,0,0,0,0,0,-1,0,37,0,37,0,0,37,37,0,37,1,1,0,0,0,-1,607271242,"6.18"
"C42672",2,2026-06-10,2026-06-09,1,,-1,0,0,0,1,5,1,1,0,25,1,22,1,335,99,0,0,0,1,0,25,1,0,-1,-1,-1,-1,0,0,0,0,0,0,-1,0,0,-1,-1,-1,-1,0,0,0,0,0,0,-1,0,2,0,2,0,0,2,2,24,26,1,1,0,0,0,-1,607271242,"6.18"
"C42678",2,2026-06-09,2026-06-08,1,,-1,0,0,0,1,14,1,1,0,25,1,21,1,314,-1,0,0,0,1,0,25,1,0,-1,-1,-1,-1,0,0,0,0,0,0,-1,0,0,-1,-1,-1,-1,0,0,0,0,0,0,-1,0,114,0,114,0,0,114,114,10,124,1,1,0,0,0,-1,607271242,"6.18"
"C42681",1,2026-06-09,2026-06-08,1,,-1,0,0,1,0,5,1,0,0,55,0,21,1,204,-1,0,0,1,0,0,55,0,0,-1,-1,-1,-1,0,0,0,0,0,0,-1,0,0,-1,-1,-1,-1,0,0,0,0,0,0,-1,0,114,0,114,0,0,114,114,15,129,1,1,0,0,0,-1,607271242,"6.18"
"C42684",1,2026-06-13,2026-06-12,1,,-1,9,1,1,0,5,1,0,0,55,0,0,-1,-1,-1,0,0,0,0,0,-1,0,21,1,2,101,-1,24,0,1,1,0,0,55,0,0,-1,-1,-1,-1,0,0,0,0,0,0,-1,0,0,0,0,24,86,110,24,190,214,4,0,1,0,0,-1,607271242,"6.18"
"C42687",1,2026-06-08,2026-06-07,1,,-1,0,0,1,0,3,1,0,0,55,0,22,1,116,99,0,0,1,0,0,55,0,0,-1,-1,-1,-1,0,0,0,0,0,0,-1,0,0,-1,-1,-1,-1,0,0,0,0,0,0,-1,0,40,0,40,0,0,40,40,15,55,1,1,0,0,0,-1,607271242,"6.18"
"C42693",1,2026-04-27,2026-04-26,1,,-1,0,1,1,2,56,1,0,0,25,0,0,-1,-1,-1,0,0,0,0,0,-1,0,0,-1,-1,-1,-1,0,0,0,0,0,0,-1,0,22,0,1,335,410,0,0,1,1,2,0,25,0,0,0,0,80,0,80,80,0,80,8,0,0,0,0,-1,607271242,"6.18"
"C42696",1,2026-06-05,2026-06-04,1,,-1,9,1,1,0,15,1,0,0,55,0,0,-1,-1,-1,0,0,0,0,0,-1,0,0,-1,-1,-1,-1,0,0,0,0,0,0,-1,0,21,0,1,99,-1,0,0,1,1,0,0,55,0,0,0,0,118,0,118,118,0,118,8,0,0,0,0,-1,607271242,"6.18"
"C42699",1,2026-07-11,2026-07-10,1,,-1,1,0,1,0,5,1,0,0,25,0,21,1,116,-1,1,0,1,0,0,25,0,21,0,1,116,-1,82,1,0,1,0,0,25,0,0,-1,-1,-1,-1,0,0,0,0,0,0,-1,0,79,0,79,3,0,82,82,327,409,5,1,0,0,0,-1,607271242,"6.18"
"C42702",1,2026-06-15,2026-06-14,1,,-1,0,0,1,0,5,1,0,0,55,0,22,1,116,410,0,0,1,0,0,55,0,0,-1,-1,-1,-1,0,0,0,0,0,0,-1,0,0,-1,-1,-1,-1,0,0,0,0,0,0,-1,0,33,0,33,0,0,33,33,4,37,1,1,0,0,0,-1,607271242,"6.18"
"C42705",2,2026-06-18,2026-06-17,1,,-1,0,0,0,0,5,1,1,0,25,1,21,1,99,-1,0,0,0,0,0,25,1,0,-1,-1,-1,-1,0,0,0,0,0,0,-1,0,0,-1,-1,-1,-1,0,0,0,0,0,0,-1,0,10,0,10,0,0,10,10,0,10,1,1,0,0,0,-1,607271242,"6.18"
"C42711",1,2026-06-19,2026-06-18,1,,-1,0,0,1,0,16,1,0,0,55,0,21,1,116,-1,0,0,1,0,0,55,0,0,-1,-1,-1,-1,0,0,0,0,0,0,-1,0,0,-1,-1,-1,-1,0,0,0,0,0,0,-1,0,104,0,104,0,0,104,104,13,117,1,1,0,0,0,-1,607271242,"6.18"
"C42714",2,2026-06-19,2026-06-18,1,,-1,0,0,0,2,3,1,3,0,25,1,0,-1,-1,-1,0,0,0,0,0,-1,0,21,0,3,116,-1,104,0,0,0,2,1,25,1,0,-1,-1,-1,-1,0,0,0,0,0,0,-1,0,0,0,0,104,0,104,104,6,110,4,0,0,0,0,-1,607271242,"6.18"
"C42726",1,2026-06-17,2026-06-16,1,,-1,0,0,0,0,3,1,0,0,55,0,22,1,116,422,0,0,0,0,0,55,0,0,-1,-1,-1,-1,0,0,0,0,0,0,-1,0,0,-1,-1,-1,-1,0,0,0,0,0,0,-1,0,26,0,26,0,0,26,26,6,32,1,1,0,0,0,-1,607271242,"6.18"
"C42729",2,2026-06-14,2026-06-13,1,,-1,4,0,0,1,17,2,2,0,25,1,22,1,101,410,0,0,0,1,0,25,1,0,-1,-1,-1,-1,0,0,0,0,0,0,-1,0,0,-1,-1,-1,-1,0,0,0,0,0,0,-1,0,19,0,19,0,0,19,19,376,395,1,1,0,0,0,-1,607271242,"6.18"
"C42741",1,2026-06-20,2026-06-19,1,,-1,1,0,1,0,5,1,0,0,55,0,0,-1,-1,-1,0,0,0,0,0,-1,0,21,0,3,410,-1,103,1,0,1,0,0,55,0,0,-1,-1,-1,-1,0,0,0,0,0,0,-1,0,0,0,0,103,0,103,103,0,103,4,0,0,0,0,-1,607271242,"6.18"
"C42744",2,2026-06-21,2026-06-20,1,,-1,0,0,0,1,5,1,2,0,25,1,0,-1,-1,-1,0,0,0,0,0,-1,0,21,1,3,101,-1,2,0,0,0,1,0,25,1,0,-1,-1,-1,-1,0,0,0,0,0,0,-1,0,0,0,0,2,100,102,2,11,13,4,0,1,0,0,-1,607271242,"6.18"
"C42753",2,2026-06-14,2026-06-13,1,,-1,0,0,0,1,3,1,2,0,25,1,22,1,116,312,0,0,0,1,0,25,1,0,-1,-1,-1,-1,0,0,0,0,0,0,-1,0,0,-1,-1,-1,-1,0,0,0,0,0,0,-1,0,17,0,17,0,0,17,17,37,54,1,1,0,0,0,-1,607271242,"6.18"
"C42762",2,2026-06-14,2026-06-13,1,,-1,0,0,0,0,5,1,3,0,25,1,21,1,336,-1,0,0,0,0,1,25,1,0,-1,-1,-1,-1,0,0,0,0,0,0,-1,0,0,-1,-1,-1,-1,0,0,0,0,0,0,-1,0,109,0,109,0,0,109,109,0,109,1,1,0,0,0,-1,607271242,"6.18"
"C42774",1,2026-06-13,2026-06-12,1,,-1,1,1,1,0,5,1,0,0,25,0,22,1,116,422,1,1,1,0,0,25,0,0,-1,-1,-1,-1,0,0,0,0,0,0,-1,0,0,-1,-1,-1,-1,0,0,0,0,0,0,-1,0,13,0,13,0,0,13,13,7315,7328,1,1,0,0,0,-1,607271242,"6.18"
"C42777",1,2026-06-08,2026-06-07,1,,-1,0,0,0,0,5,1,0,0,25,0,22,1,116,101,0,0,0,0,0,25,0,0,-1,-1,-1,-1,0,0,0,0,0,0,-1,0,0,-1,-1,-1,-1,0,0,0,0,0,0,-1,0,13,0,13,0,0,13,13,4,17,1,1,0,0,0,-1,607271242,"6.18"
"C42780",1,2026-06-09,2026-06-08,1,,-1,0,0,1,0,5,1,0,0,25,0,21,1,204,-1,0,0,1,0,0,25,0,0,-1,-1,-1,-1,0,0,0,0,0,0,-1,0,0,-1,-1,-1,-1,0,0,0,0,0,0,-1,0,114,0,114,0,0,114,114,127,241,1,1,0,0,0,-1,607271242,"6.18"
"C42783",1,2026-06-06,2026-06-05,1,,-1,0,0,0,0,25,1,0,0,25,0,22,3,336,313,0,0,0,0,0,25,0,0,-1,-1,-1,-1,0,0,0,0,0,0,-1,0,0,-1,-1,-1,-1,0,0,0,0,0,0,-1,0,15,0,15,0,0,15,15,0,15,1,1,0,0,0,-1,607271242,"6.18"
"C42786",1,2026-06-12,2026-06-11,1,,-1,1,0,1,0,3,1,0,0,25,0,21,3,116,-1,1,0,1,0,0,25,0,0,-1,-1,-1,-1,0,0,0,0,0,0,-1,0,0,-1,-1,-1,-1,0,0,0,0,0,0,-1,0,111,0,111,0,0,111,111,7306,7417,1,1,0,0,0,-1,607271242,"6.18"
"C42789",1,2026-06-14,2026-06-13,1,,-1,0,0,0,1,3,1,0,0,55,0,21,1,116,-1,0,0,0,1,0,55,0,0,-1,-1,-1,-1,0,0,0,0,0,0,-1,0,0,-1,-1,-1,-1,0,0,0,0,0,0,-1,0,109,0,109,0,0,109,109,3,112,1,1,0,0,0,-1,607271242,"6.18"
"C42792",1,2026-06-15,2026-06-14,1,,-1,0,0,1,0,5,1,0,0,25,0,21,1,206,-1,0,0,1,0,0,25,0,0,-1,-1,-1,-1,0,0,0,0,0,0,-1,0,0,-1,-1,-1,-1,0,0,0,0,0,0,-1,0,108,0,108,0,0,108,108,4,112,1,1,0,0,0,-1,607271242,"6.18"
"C42795",2,2026-06-13,2026-06-12,1,,-1,0,0,1,0,5,3,3,0,25,1,22,1,314,314,0,0,1,0,1,25,1,0,-1,-1,-1,-1,0,0,0,0,0,0,-1,0,0,-1,-1,-1,-1,0,0,0,0,0,0,-1,0,20,0,20,0,0,20,20,3,23,1,1,0,0,0,-1,607271242,"6.18"
"C42819",2,2026-06-14,2026-06-13,1,,-1,0,0,0,2,3,1,1,0,24,1,22,1,335,312,0,0,0,2,0,24,1,0,-1,-1,-1,-1,0,0,0,0,0,0,-1,0,0,-1,-1,-1,-1,0,0,0,0,0,0,-1,0,49,0,49,0,0,49,49,0,49,1,1,0,0,0,-1,607271242,"6.18"
"C42825",1,2026-06-13,2026-06-12,1,,-1,0,0,0,2,56,1,0,0,25,0,22,1,336,410,0,0,0,2,0,25,0,0,-1,-1,-1,-1,0,0,0,0,0,0,-1,0,0,-1,-1,-1,-1,0,0,0,0,0,0,-1,0,34,0,34,0,0,34,34,0,34,1,1,0,0,0,-1,607271242,"6.18"
"C42834",1,2026-06-23,2026-06-22,1,,-1,1,0,1,0,34,1,0,0,55,0,22,1,116,206,1,0,1,0,0,55,0,0,-1,-1,-1,-1,0,0,0,0,0,0,-1,0,0,-1,-1,-1,-1,0,0,0,0,0,0,-1,0,31,0,31,0,0,31,31,374,405,1,1,0,0,0,-1,607271242,"6.18"
"C42837",1,2026-06-16,2026-06-15,1,,-1,0,0,0,0,3,1,0,0,18,0,22,1,314,410,0,0,0,0,0,18,0,0,-1,-1,-1,-1,0,0,0,0,0,0,-1,0,0,-1,-1,-1,-1,0,0,0,0,0,0,-1,0,15,0,15,0,0,15,15,0,15,1,1,0,0,0,-1,607271242,"6.18"
"C42840",2,2026-05-18,2026-05-17,1,,-1,0,0,1,0,5,1,1,0,25,1,22,1,335,314,0,0,1,0,0,25,1,0,-1,-1,-1,-1,0,0,0,0,0,0,-1,0,0,-1,-1,-1,-1,0,0,0,0,0,0,-1,0,40,0,40,0,0,40,40,8,48,1,1,0,0,0,-1,607271242,"6.18"
"C42846",1,2026-07-09,2026-07-08,1,,-1,0,0,0,0,3,1,0,0,55,0,21,1,99,-1,0,0,0,0,0,55,0,0,-1,-1,-1,-1,0,0,0,0,0,0,-1,0,0,-1,-1,-1,-1,0,0,0,0,0,0,-1,0,5,0,5,0,0,5,5,54,59,1,1,0,0,0,-1,607271242,"6.18"
"C42849",1,2026-06-19,2026-06-18,1,,-1,0,0,1,1,35,1,0,0,24,0,22,1,116,99,0,0,1,1,0,24,0,0,-1,-1,-1,-1,0,0,0,0,0,0,-1,0,0,-1,-1,-1,-1,0,0,0,0,0,0,-1,0,22,0,22,0,0,22,22,10,32,1,1,0,0,0,-1,607271242,"6.18"
"C42852",1,2026-06-15,2026-06-14,1,,-1,0,0,1,0,5,1,0,0,18,0,22,3,335,99,0,0,1,0,0,18,0,0,-1,-1,-1,-1,0,0,0,0,0,0,-1,0,0,-1,-1,-1,-1,0,0,0,0,0,0,-1,0,24,0,24,0,0,24,24,0,24,1,1,0,0,0,-1,607271242,"6.18"
"C42855",2,2026-06-14,2026-06-13,1,,-1,0,0,0,0,5,1,2,0,25,1,22,1,410,312,0,0,0,0,0,25,1,0,-1,-1,-1,-1,0,0,0,0,0,0,-1,0,0,-1,-1,-1,-1,0,0,0,0,0,0,-1,0,49,0,49,0,0,49,49,0,49,1,1,0,0,0,-1,607271242,"6.18"
"C42864",1,2026-06-19,2026-06-18,1,,-1,0,0,1,0,5,1,0,0,55,0,21,1,314,-1,0,0,1,0,0,55,0,0,-1,-1,-1,-1,0,0,0,0,0,0,-1,0,0,-1,-1,-1,-1,0,0,0,0,0,0,-1,0,104,0,104,0,0,104,104,5,109,1,1,0,0,0,-1,607271242,"6.18"
"C42870",1,2026-07-12,2026-07-11,1,,-1,0,1,1,0,3,1,0,0,55,0,0,-1,-1,-1,0,0,0,0,0,-1,0,21,0,1,116,-1,81,0,1,1,0,0,55,0,0,-1,-1,-1,-1,0,0,0,0,0,0,-1,0,0,0,0,81,0,81,81,41,122,4,0,0,0,0,-1,607271242,"6.18"
"C42873",1,2026-06-18,2026-06-17,1,,-1,0,0,0,2,3,1,0,0,25,0,22,1,336,99,0,0,0,2,0,25,0,0,-1,-1,-1,-1,0,0,0,0,0,0,-1,0,0,-1,-1,-1,-1,0,0,0,0,0,0,-1,0,27,0,27,0,0,27,27,2,29,1,1,0,0,0,-1,607271242,"6.18"
"C42876",1,2026-06-20,2026-06-19,1,,-1,1,0,1,0,3,1,0,0,55,0,22,1,101,99,1,0,1,0,0,55,0,0,-1,-1,-1,-1,0,0,0,0,0,0,-1,0,0,-1,-1,-1,-1,0,0,0,0,0,0,-1,0,19,0,19,0,0,19,19,5,24,1,1,0,0,0,-1,607271242,"6.18"
"C42879",3,2026-06-20,2026-06-19,1,,-1,0,0,1,0,3,0,1,0,-1,0,22,1,336,99,0,0,1,0,0,-1,0,0,-1,-1,-1,-1,0,0,0,0,0,0,-1,0,0,-1,-1,-1,-1,0,0,0,0,0,0,-1,0,20,0,20,0,0,20,20,184,204,1,1,0,0,0,-1,607271242,"6.18"
"C42882",1,2026-06-20,2026-06-19,1,,-1,0,0,1,0,5,1,0,0,25,0,22,1,116,99,0,0,1,0,0,25,0,0,-1,-1,-1,-1,0,0,0,0,0,0,-1,0,0,-1,-1,-1,-1,0,0,0,0,0,0,-1,0,25,0,25,0,0,25,25,6,31,1,1,0,0,0,-1,607271242,"6.18"
"C42885",1,2026-06-20,2026-06-19,1,,-1,0,0,1,0,37,1,0,0,25,0,22,1,116,422,0,0,1,0,0,25,0,0,-1,-1,-1,-1,0,0,0,0,0,0,-1,0,0,-1,-1,-1,-1,0,0,0,0,0,0,-1,0,14,0,14,0,0,14,14,3,17,1,1,0,0,0,-1,607271242,"6.18"
"C42888",1,2026-06-20,2026-06-19,1,,-1,1,0,1,2,5,1,0,0,25,0,22,1,206,98,1,0,1,2,0,25,0,0,-1,-1,-1,-1,0,0,0,0,0,0,-1,0,0,-1,-1,-1,-1,0,0,0,0,0,0,-1,0,15,0,15,0,0,15,15,2,17,1,1,0,0,0,-1,607271242,"6.18"
"C42891",1,2026-06-28,2026-06-27,1,,-1,0,0,1,2,5,1,0,0,18,0,22,1,116,204,0,0,1,2,0,18,0,0,-1,-1,-1,-1,0,0,0,0,0,0,-1,0,0,-1,-1,-1,-1,0,0,0,0,0,0,-1,0,36,0,36,0,0,36,36,85,121,1,1,0,0,0,-1,607271242,"6.18"
"C42894",1,2026-06-21,2026-06-20,1,,-1,1,0,1,0,5,1,0,0,55,0,21,1,116,-1,1,0,1,0,0,55,0,0,-1,-1,-1,-1,0,0,0,0,0,0,-1,0,0,-1,-1,-1,-1,0,0,0,0,0,0,-1,0,102,0,102,0,0,102,102,24,126,1,1,0,0,0,-1,607271242,"6.18"
"C42906",1,2026-06-14,2026-06-13,1,,-1,0,0,1,2,35,1,0,0,25,0,22,1,116,312,0,0,1,2,0,25,0,0,-1,-1,-1,-1,0,0,0,0,0,0,-1,0,0,-1,-1,-1,-1,0,0,0,0,0,0,-1,0,41,0,41,0,0,41,41,2,43,1,1,0,0,0,-1,607271242,"6.18"
"C42909",1,2026-06-21,2026-06-20,1,,-1,0,1,1,0,3,1,0,0,25,0,22,1,410,312,0,1,1,0,0,25,0,0,-1,-1,-1,-1,0,0,0,0,0,0,-1,0,0,-1,-1,-1,-1,0,0,0,0,0,0,-1,0,0,32,32,0,0,32,32,0,32,2,1,0,0,0,-1,607271242,"6.18"
"C42912",1,2026-06-21,2026-06-20,1,,-1,4,1,0,0,46,1,0,0,25,0,21,1,116,-1,0,1,0,0,0,25,0,0,-1,-1,-1,-1,0,0,0,0,0,0,-1,0,0,-1,-1,-1,-1,0,0,0,0,0,0,-1,0,0,102,102,0,0,102,102,1325,1427,2,1,0,0,0,-1,607271242,"6.18"
"C42915",1,2026-06-23,2026-06-22,1,,-1,0,1,0,0,3,1,0,0,25,0,21,1,99,-1,0,1,0,0,0,25,0,0,-1,-1,-1,-1,0,0,0,0,0,0,-1,0,0,-1,-1,-1,-1,0,0,0,0,0,0,-1,0,22,0,22,0,0,22,22,1327,1349,1,1,0,0,0,-1,607271242,"6.18"
"C42918",1,2026-06-21,2026-06-20,1,,-1,0,0,0,0,47,1,0,0,25,0,22,1,116,410,0,0,0,0,0,25,0,0,-1,-1,-1,-1,0,0,0,0,0,0,-1,0,0,-1,-1,-1,-1,0,0,0,0,0,0,-1,0,35,0,35,0,0,35,35,10,45,1,1,0,0,0,-1,607271242,"6.18"
"C42921",1,2026-06-20,2026-06-19,1,,-1,9,0,1,0,2,1,0,0,25,0,22,3,116,99,0,0,1,0,0,25,0,0,-1,-1,-1,-1,0,0,0,0,0,0,-1,0,0,-1,-1,-1,-1,0,0,0,0,0,0,-1,0,27,0,27,0,0,27,27,47,74,1,1,0,0,0,-1,607271242,"6.18"
"C42924",1,2026-07-25,2026-07-24,1,,-1,1,0,1,0,5,1,0,0,25,0,0,-1,-1,-1,0,0,0,0,0,-1,0,21,1,1,101,-1,1,1,0,1,0,0,25,0,0,-1,-1,-1,-1,0,0,0,0,0,0,-1,0,0,0,0,1,67,68,1,143,144,4,0,1,0,0,-1,607271242,"6.18"
"C42927",1,2026-06-18,2026-06-17,1,,-1,9,0,1,0,5,1,0,0,24,0,21,3,314,-1,0,0,1,0,0,24,0,0,-1,-1,-1,-1,0,0,0,0,0,0,-1,0,0,-1,-1,-1,-1,0,0,0,0,0,0,-1,0,105,0,105,0,0,105,105,0,105,1,1,0,0,21,0,607271242,"6.18"
"C42930",1,2026-06-15,2026-06-14,1,,-1,1,1,1,0,5,1,0,0,25,0,22,3,101,99,1,1,1,0,0,25,0,0,-1,-1,-1,-1,0,0,0,0,0,0,-1,0,0,-1,-1,-1,-1,0,0,0,0,0,0,-1,0,24,0,24,0,0,24,24,408,432,1,1,0,0,0,-1,607271242,"6.18"
"C42933",2,2026-07-24,2026-07-23,1,,-1,0,0,1,1,5,1,2,0,25,1,0,-1,-1,-1,0,0,0,0,0,-1,0,21,0,3,205,-1,69,0,0,1,1,0,25,1,0,-1,-1,-1,-1,0,0,0,0,0,0,-1,0,0,0,0,69,0,69,69,0,69,4,0,0,0,0,-1,607271242,"6.18"
"C42951",1,2026-07-04,2026-07-03,1,,-1,0,0,0,0,1,1,0,0,18,0,22,1,116,99,0,0,0,0,0,18,0,0,-1,-1,-1,-1,0,0,0,0,0,0,-1,0,0,-1,-1,-1,-1,0,0,0,0,0,0,-1,0,28,0,28,0,0,28,28,32,60,1,1,0,0,0,-1,607271242,"6.18"
"C42954",1,2026-06-20,2026-06-19,1,,-1,0,0,0,0,57,1,0,0,25,0,21,3,116,-1,0,0,0,0,0,25,0,0,-1,-1,-1,-1,0,0,0,0,0,0,-1,0,0,-1,-1,-1,-1,0,0,0,0,0,0,-1,0,103,0,103,0,0,103,103,47,150,1,1,0,0,0,-1,607271242,"6.18"
"C42957",1,2026-06-22,2026-06-21,1,,-1,1,0,1,0,36,1,0,0,25,0,22,3,116,313,1,0,1,0,0,25,0,0,-1,-1,-1,-1,0,0,0,0,0,0,-1,0,0,-1,-1,-1,-1,0,0,0,0,0,0,-1,0,19,0,19,0,0,19,19,3426,3445,1,1,0,0,0,-1,607271242,"6.18"
"C42963",2,2026-06-23,2026-06-22,1,,-1,0,0,0,1,13,1,1,0,25,1,22,1,116,312,0,0,0,1,0,25,1,0,-1,-1,-1,-1,0,0,0,0,0,0,-1,0,0,-1,-1,-1,-1,0,0,0,0,0,0,-1,0,19,0,19,0,0,19,19,49,68,1,1,0,0,0,-1,607271242,"6.18"
"C42966",1,2026-06-27,2026-06-26,1,,-1,1,0,1,0,5,1,0,0,55,0,21,1,116,-1,1,0,1,0,0,55,0,0,-1,-1,-1,-1,0,0,0,0,0,0,-1,0,0,-1,-1,-1,-1,0,0,0,0,0,0,-1,0,96,0,96,0,0,96,96,32,128,1,1,0,0,0,-1,607271242,"6.18"
"C42969",1,2026-06-22,2026-06-21,1,,-1,0,0,0,0,3,1,0,0,25,0,0,-1,-1,-1,0,0,0,0,0,-1,0,21,1,1,116,-1,4,0,0,0,0,0,25,0,0,-1,-1,-1,-1,0,0,0,0,0,0,-1,0,0,0,0,4,97,101,4,62,66,4,0,1,0,0,-1,607271242,"6.18"
"C42972",1,2026-06-22,2026-06-21,1,,-1,0,0,1,2,3,1,0,0,25,0,22,1,206,204,0,0,1,2,0,25,0,0,-1,-1,-1,-1,0,0,0,0,0,0,-1,0,0,-1,-1,-1,-1,0,0,0,0,0,0,-1,0,26,0,26,0,0,26,26,0,26,1,1,0,0,0,-1,607271242,"6.18"
"C42975",1,2026-06-22,2026-06-21,1,,-1,0,0,1,2,5,1,0,0,25,0,22,1,204,99,0,0,1,2,0,25,0,0,-1,-1,-1,-1,0,0,0,0,0,0,-1,0,0,-1,-1,-1,-1,0,0,0,0,0,0,-1,0,14,0,14,0,0,14,14,2,16,1,1,0,0,0,-1,607271242,"6.18"
"C42978",2,2026-06-26,2026-06-25,1,,-1,0,0,1,2,5,3,3,0,25,1,21,1,314,-1,0,0,1,2,1,25,1,0,-1,-1,-1,-1,0,0,0,0,0,0,-1,0,0,-1,-1,-1,-1,0,0,0,0,0,0,-1,0,97,0,97,0,0,97,97,22,119,1,1,0,0,0,-1,607271242,"6.18"
"C42996",1,2026-06-25,2026-06-24,1,,-1,0,0,0,0,5,1,0,0,55,0,21,3,314,-1,0,0,0,0,0,55,0,0,-1,-1,-1,-1,0,0,0,0,0,0,-1,0,0,-1,-1,-1,-1,0,0,0,0,0,0,-1,0,98,0,98,0,0,98,98,0,98,1,1,0,0,0,-1,607271242,"6.18"
"C43005",1,2026-06-25,2026-06-24,1,,-1,0,0,0,1,3,1,0,0,25,0,22,1,116,312,0,0,0,1,0,25,0,0,-1,-1,-1,-1,0,0,0,0,0,0,-1,0,0,-1,-1,-1,-1,0,0,0,0,0,0,-1,0,18,0,18,0,0,18,18,17,35,1,1,0,0,0,-1,607271242,"6.18"
"C43008",1,2026-06-27,2026-06-26,1,,-1,0,0,0,2,5,1,0,0,25,0,21,1,116,-1,0,0,0,2,0,25,0,0,-1,-1,-1,-1,0,0,0,0,0,0,-1,0,0,-1,-1,-1,-1,0,0,0,0,0,0,-1,0,96,0,96,0,0,96,96,5,101,1,1,0,0,0,-1,607271242,"6.18"
"C43011",1,2026-06-27,2026-06-26,1,,-1,0,0,0,0,3,1,0,0,25,0,22,1,335,313,0,0,0,0,0,25,0,0,-1,-1,-1,-1,0,0,0,0,0,0,-1,0,0,-1,-1,-1,-1,0,0,0,0,0,0,-1,0,14,0,14,0,0,14,14,5,19,1,1,0,0,0,-1,607271242,"6.18"
"C43014",1,2026-06-20,2026-06-19,1,,-1,0,0,0,2,3,1,0,0,25,0,21,1,336,-1,0,0,0,2,0,25,0,0,-1,-1,-1,-1,0,0,0,0,0,0,-1,0,0,-1,-1,-1,-1,0,0,0,0,0,0,-1,0,103,0,103,0,0,103,103,2,105,1,1,0,0,0,-1,607271242,"6.18"
"C43017",1,2026-06-27,2026-06-26,1,,-1,0,0,0,0,5,1,0,0,25,0,21,1,116,-1,0,0,0,0,0,25,0,0,-1,-1,-1,-1,0,0,0,0,0,0,-1,0,0,-1,-1,-1,-1,0,0,0,0,0,0,-1,0,96,0,96,0,0,96,96,2,98,1,1,0,0,0,-1,607271242,"6.18"
"C43020",1,2026-07-14,2026-07-13,1,,-1,0,0,1,1,123,1,0,0,25,0,0,-1,-1,-1,0,0,0,0,0,-1,0,21,0,3,116,-1,79,0,0,1,1,0,25,0,0,-1,-1,-1,-1,0,0,0,0,0,0,-1,0,0,0,0,79,0,79,79,48,127,4,0,0,0,0,-1,607271242,"6.18"
"C43023",1,2026-06-22,2026-06-21,1,,-1,9,0,1,2,5,1,0,0,25,0,22,1,314,410,0,0,1,2,0,25,0,0,-1,-1,-1,-1,0,0,0,0,0,0,-1,0,0,-1,-1,-1,-1,0,0,0,0,0,0,-1,0,31,0,31,0,0,31,31,0,31,1,1,0,0,0,-1,607271242,"6.18"
"C43026",1,2026-06-22,2026-06-21,1,,-1,0,0,0,0,5,1,0,0,55,0,22,1,116,410,0,0,0,0,0,55,0,0,-1,-1,-1,-1,0,0,0,0,0,0,-1,0,0,-1,-1,-1,-1,0,0,0,0,0,0,-1,0,42,0,42,0,0,42,42,23,65,1,1,0,0,0,-1,607271242,"6.18"
"C43029",1,2026-06-23,2026-06-22,1,,-1,0,0,0,1,3,1,0,0,24,0,22,1,116,99,0,0,0,1,0,24,0,0,-1,-1,-1,-1,0,0,0,0,0,0,-1,0,0,-1,-1,-1,-1,0,0,0,0,0,0,-1,0,14,0,14,0,0,14,14,5,19,1,1,0,0,0,-1,607271242,"6.18"
"C43032",1,2026-06-27,2026-06-26,1,,-1,0,0,0,0,5,1,0,0,25,0,22,3,99,99,0,0,0,0,0,25,0,0,-1,-1,-1,-1,0,0,0,0,0,0,-1,0,0,-1,-1,-1,-1,0,0,0,0,0,0,-1,0,21,0,21,0,0,21,21,12,33,1,1,0,0,0,-1,607271242,"6.18"
"C43035",1,2026-06-26,2026-06-25,1,,-1,0,0,1,2,124,1,0,0,55,0,22,1,204,99,0,0,1,2,0,55,0,0,-1,-1,-1,-1,0,0,0,0,0,0,-1,0,0,-1,-1,-1,-1,0,0,0,0,0,0,-1,0,17,0,17,0,0,17,17,6,23,1,1,0,0,0,-1,607271242,"6.18"
"C43038",1,2026-07-05,2026-07-04,1,,-1,0,0,0,0,3,1,0,0,25,0,22,1,336,410,0,0,0,0,0,25,0,0,-1,-1,-1,-1,0,0,0,0,0,0,-1,0,0,-1,-1,-1,-1,0,0,0,0,0,0,-1,0,26,0,26,0,0,26,26,2,28,1,1,0,0,0,-1,607271242,"6.18"
"C43041",1,2026-06-28,2026-06-27,1,,-1,4,0,0,0,5,1,0,0,55,0,22,1,116,99,0,0,0,0,0,55,0,0,-1,-1,-1,-1,0,0,0,0,0,0,-1,0,0,-1,-1,-1,-1,0,0,0,0,0,0,-1,0,17,0,17,0,0,17,17,6,23,1,1,0,0,0,-1,607271242,"6.18"
"C43044",1,2026-06-29,2026-06-28,1,,-1,0,0,0,0,4,1,0,0,25,0,21,1,99,-1,0,0,0,0,0,25,0,0,-1,-1,-1,-1,0,0,0,0,0,0,-1,0,0,-1,-1,-1,-1,0,0,0,0,0,0,-1,0,14,0,14,0,0,14,14,316,330,1,1,0,0,0,-1,607271242,"6.18"
"C43047",1,2026-07-11,2026-07-10,1,,-1,0,0,0,2,5,1,0,0,25,0,21,1,101,-1,0,0,0,2,0,25,0,0,-1,-1,-1,-1,0,0,0,0,0,0,-1,0,0,-1,-1,-1,-1,0,0,0,0,0,0,-1,0,82,0,82,0,0,82,82,12,94,1,1,0,0,0,-1,607271242,"6.18"
"C43050",1,2026-06-28,2026-06-27,1,,-1,0,0,0,0,5,1,0,0,25,0,21,3,335,-1,0,0,0,0,0,25,0,0,-1,-1,-1,-1,0,0,0,0,0,0,-1,0,0,-1,-1,-1,-1,0,0,0,0,0,0,-1,0,95,0,95,0,0,95,95,0,95,1,1,0,0,21,0,607271242,"6.18"
"C43053",1,2026-06-25,2026-06-24,1,,-1,0,0,0,2,125,1,0,0,25,0,21,3,116,-1,0,0,0,2,0,25,0,0,-1,-1,-1,-1,0,0,0,0,0,0,-1,0,0,-1,-1,-1,-1,0,0,0,0,0,0,-1,0,98,0,98,0,0,98,98,4,102,1,1,0,0,0,-1,607271242,"6.18"
"C43056",1,2026-06-29,2026-06-28,1,,-1,0,0,0,0,3,1,0,0,18,0,22,1,116,302,0,0,0,0,0,18,0,0,-1,-1,-1,-1,0,0,0,0,0,0,-1,0,0,-1,-1,-1,-1,0,0,0,0,0,0,-1,0,26,0,26,0,0,26,26,0,26,1,1,0,0,0,-1,607271242,"6.18"
"C43059",2,2026-06-22,2026-06-21,1,,-1,0,0,1,0,5,1,1,0,25,1,21,1,101,-1,0,0,1,0,0,25,1,0,-1,-1,-1,-1,0,0,0,0,0,0,-1,0,0,-1,-1,-1,-1,0,0,0,0,0,0,-1,0,101,0,101,0,0,101,101,0,101,1,1,0,0,0,-1,607271242,"6.18"
"C43062",1,2026-07-25,2026-07-24,1,,-1,0,0,0,0,3,1,0,0,55,0,21,1,116,-1,0,0,0,0,0,55,0,0,-1,-1,-1,-1,0,0,0,0,0,0,-1,0,0,-1,-1,-1,-1,0,0,0,0,0,0,-1,0,68,0,68,0,0,68,68,51,119,1,1,0,0,0,-1,607271242,"6.18"
"C43068",1,2026-07-03,2026-07-02,1,,-1,0,0,0,0,5,1,0,0,55,0,21,1,116,-1,0,0,0,0,0,55,0,0,-1,-1,-1,-1,0,0,0,0,0,0,-1,0,0,-1,-1,-1,-1,0,0,0,0,0,0,-1,0,90,0,90,0,0,90,90,5,95,1,1,0,0,0,-1,607271242,"6.18"
"C43071",1,2026-07-01,2026-06-30,1,,-1,1,0,1,2,126,1,0,0,25,0,22,1,335,101,1,0,1,2,0,25,0,0,-1,-1,-1,-1,0,0,0,0,0,0,-1,0,0,-1,-1,-1,-1,0,0,0,0,0,0,-1,0,24,0,24,0,0,24,24,0,24,1,1,0,0,0,-1,607271242,"6.18"
"C43074",1,2026-06-27,2026-06-26,1,,-1,0,0,0,2,35,1,0,0,25,0,22,3,335,313,0,0,0,2,0,25,0,0,-1,-1,-1,-1,0,0,0,0,0,0,-1,0,0,-1,-1,-1,-1,0,0,0,0,0,0,-1,0,34,0,34,0,0,34,34,0,34,1,1,0,0,0,-1,607271242,"6.18"
"C43077",1,2026-06-28,2026-06-27,1,,-1,0,0,0,0,5,1,0,0,25,0,21,3,116,-1,0,0,0,0,0,25,0,0,-1,-1,-1,-1,0,0,0,0,0,0,-1,0,0,-1,-1,-1,-1,0,0,0,0,0,0,-1,0,95,0,95,0,0,95,95,24,119,1,1,0,0,0,-1,607271242,"6.18"
"C43083",2,2026-07-03,2026-07-02,1,,-1,0,0,0,0,3,1,1,0,25,1,21,1,335,-1,0,0,0,0,0,25,1,0,-1,-1,-1,-1,0,0,0,0,0,0,-1,0,0,-1,-1,-1,-1,0,0,0,0,0,0,-1,0,90,0,90,0,0,90,90,60,150,1,1,0,0,0,-1,607271242,"6.18"
"C43089",1,2026-07-03,2026-07-02,1,,-1,4,1,0,0,127,1,0,0,25,0,22,1,336,422,0,1,0,0,0,25,0,0,-1,-1,-1,-1,0,0,0,0,0,0,-1,0,0,-1,-1,-1,-1,0,0,0,0,0,0,-1,0,0,14,14,0,0,14,14,0,14,2,1,0,0,0,-1,607271242,"6.18"
"C43092",1,2026-07-02,2026-07-01,1,,-1,0,0,0,0,3,1,0,0,25,0,22,3,116,313,0,0,0,0,0,25,0,0,-1,-1,-1,-1,0,0,0,0,0,0,-1,0,0,-1,-1,-1,-1,0,0,0,0,0,0,-1,0,25,0,25,0,0,25,25,2,27,1,1,0,0,0,-1,607271242,"6.18"
"C43095",1,2026-07-03,2026-07-02,1,,-1,0,0,1,0,5,1,0,0,25,0,21,1,336,-1,0,0,1,0,0,25,0,0,-1,-1,-1,-1,0,0,0,0,0,0,-1,0,0,-1,-1,-1,-1,0,0,0,0,0,0,-1,0,90,0,90,0,0,90,90,0,90,1,1,0,0,0,-1,607271242,"6.18"
"C43098",1,2026-07-04,2026-07-03,1,,-1,0,0,0,0,3,1,0,0,25,0,21,1,116,-1,0,0,0,0,0,25,0,0,-1,-1,-1,-1,0,0,0,0,0,0,-1,0,0,-1,-1,-1,-1,0,0,0,0,0,0,-1,0,89,0,89,0,0,89,89,8,97,1,1,0,0,0,-1,607271242,"6.18"
"C43101",1,2026-07-04,2026-07-03,1,,-1,1,1,1,2,5,1,0,0,25,0,0,-1,-1,-1,0,0,0,0,0,-1,0,21,1,1,116,-1,2,1,1,1,2,0,25,0,0,-1,-1,-1,-1,0,0,0,0,0,0,-1,0,0,0,0,2,87,89,2,5235,5237,4,0,1,0,0,-1,607271242,"6.18"
"C43104",1,2026-07-31,2026-07-30,1,,-1,0,0,1,0,5,1,0,0,55,0,0,-1,-1,-1,0,0,0,0,0,-1,0,21,0,3,116,-1,62,0,0,1,0,0,55,0,0,-1,-1,-1,-1,0,0,0,0,0,0,-1,0,0,0,0,62,0,62,62,58,120,4,0,0,0,0,-1,607271242,"6.18"
"C43107",1,2026-07-03,2026-07-02,1,,-1,0,0,0,0,134,1,0,0,24,0,22,1,314,99,0,0,0,0,0,24,0,0,-1,-1,-1,-1,0,0,0,0,0,0,-1,0,0,-1,-1,-1,-1,0,0,0,0,0,0,-1,0,13,0,13,0,0,13,13,0,13,1,1,0,0,0,-1,607271242,"6.18"
"C43110",1,2026-07-03,2026-07-02,1,,-1,0,0,0,0,3,1,0,0,18,0,22,1,314,99,0,0,0,0,0,18,0,0,-1,-1,-1,-1,0,0,0,0,0,0,-1,0,0,-1,-1,-1,-1,0,0,0,0,0,0,-1,0,13,0,13,0,0,13,13,0,13,1,1,0,0,0,-1,607271242,"6.18"
"C43113",1,2026-07-04,2026-07-03,1,,-1,0,0,1,2,5,1,0,0,25,0,21,1,116,-1,0,0,1,2,0,25,0,0,-1,-1,-1,-1,0,0,0,0,0,0,-1,0,0,-1,-1,-1,-1,0,0,0,0,0,0,-1,0,89,0,89,0,0,89,89,0,89,1,1,0,0,0,-1,607271242,"6.18"
"C43116",1,2026-07-04,2026-07-03,1,,-1,0,0,1,2,3,1,0,0,25,0,22,1,116,422,0,0,1,2,0,25,0,0,-1,-1,-1,-1,0,0,0,0,0,0,-1,0,0,-1,-1,-1,-1,0,0,0,0,0,0,-1,0,16,0,16,0,0,16,16,0,16,1,1,0,0,0,-1,607271242,"6.18"
"C43119",1,2026-07-04,2026-07-03,1,,-1,0,0,0,0,5,1,0,0,55,0,21,3,314,-1,0,0,0,0,0,55,0,0,-1,-1,-1,-1,0,0,0,0,0,0,-1,0,0,-1,-1,-1,-1,0,0,0,0,0,0,-1,0,89,0,89,0,0,89,89,0,89,1,1,0,0,0,-1,607271242,"6.18"
"C43122",1,2026-07-11,2026-07-10,1,,-1,0,0,1,2,5,1,0,0,25,0,21,1,116,-1,0,0,1,2,0,25,0,0,-1,-1,-1,-1,0,0,0,0,0,0,-1,0,0,-1,-1,-1,-1,0,0,0,0,0,0,-1,0,82,0,82,0,0,82,82,94,176,1,1,0,0,0,-1,607271242,"6.18"
"C43125",1,2026-07-06,2026-07-05,1,,-1,0,1,1,0,135,1,0,0,25,0,21,1,336,-1,0,1,1,0,0,25,0,0,-1,-1,-1,-1,0,0,0,0,0,0,-1,0,0,-1,-1,-1,-1,0,0,0,0,0,0,-1,0,87,0,87,0,0,87,87,3,90,1,1,0,0,0,-1,607271242,"6.18"
"C43131",1,2026-07-06,2026-07-05,1,,-1,0,0,1,0,2,1,0,0,25,0,21,1,116,-1,0,0,1,0,0,25,0,0,-1,-1,-1,-1,0,0,0,0,0,0,-1,0,0,-1,-1,-1,-1,0,0,0,0,0,0,-1,0,87,0,87,0,0,87,87,2,89,1,1,0,0,0,-1,607271242,"6.18"
"C43134",2,2026-07-05,2026-07-04,1,,-1,0,0,0,1,3,1,2,0,18,1,22,1,101,99,0,0,0,1,0,18,1,0,-1,-1,-1,-1,0,0,0,0,0,0,-1,0,0,-1,-1,-1,-1,0,0,0,0,0,0,-1,0,19,0,19,0,0,19,19,52,71,1,1,0,0,0,-1,607271242,"6.18"
"C43143",2,2026-07-05,2026-07-04,1,,-1,0,0,0,2,136,1,2,0,25,1,21,1,101,-1,0,0,0,2,0,25,1,0,-1,-1,-1,-1,0,0,0,0,0,0,-1,0,0,-1,-1,-1,-1,0,0,0,0,0,0,-1,0,88,0,88,0,0,88,88,0,88,1,1,0,0,0,-1,607271242,"6.18"
"C43152",2,2026-07-05,2026-07-04,1,,-1,0,0,0,0,98,1,1,0,25,1,22,1,116,313,0,0,0,0,0,25,1,0,-1,-1,-1,-1,0,0,0,0,0,0,-1,0,0,-1,-1,-1,-1,0,0,0,0,0,0,-1,0,14,0,14,0,0,14,14,31,45,1,1,0,0,0,-1,607271242,"6.18"
"C43161",2,2026-07-05,2026-07-04,1,,-1,0,0,0,1,137,1,3,0,25,1,22,1,336,312,0,0,0,1,1,25,1,0,-1,-1,-1,-1,0,0,0,0,0,0,-1,0,0,-1,-1,-1,-1,0,0,0,0,0,0,-1,0,15,0,15,0,0,15,15,31,46,1,1,0,0,0,-1,607271242,"6.18"
"C43173",2,2026-07-06,2026-07-05,1,,-1,1,1,1,0,5,1,2,0,25,1,0,-1,-1,-1,0,0,0,0,0,-1,0,21,0,2,116,-1,87,1,1,1,0,0,25,1,0,-1,-1,-1,-1,0,0,0,0,0,0,-1,0,0,0,0,87,0,87,87,1585,1672,4,0,0,0,0,-1,607271242,"6.18"
"C43182",1,2026-07-06,2026-07-05,1,,-1,3,0,0,0,5,1,0,0,55,0,22,1,206,99,0,0,0,0,0,55,0,0,-1,-1,-1,-1,0,0,0,0,0,0,-1,0,0,-1,-1,-1,-1,0,0,0,0,0,0,-1,0,26,0,26,0,0,26,26,6,32,1,1,0,0,0,-1,607271242,"6.18"
"C43185",1,2026-07-14,2026-07-13,1,,-1,0,0,1,2,5,1,0,0,55,0,22,1,116,411,0,0,1,2,0,55,0,0,-1,-1,-1,-1,0,0,0,0,0,0,-1,0,0,-1,-1,-1,-1,0,0,0,0,0,0,-1,0,19,0,19,0,0,19,19,12,31,1,1,0,0,0,-1,607271242,"6.18"
"C43188",1,2026-07-26,2026-07-25,1,,-1,0,0,0,0,5,1,0,0,24,0,0,-1,-1,-1,0,0,0,0,0,-1,0,21,0,1,116,-1,67,0,0,0,0,0,24,0,0,-1,-1,-1,-1,0,0,0,0,0,0,-1,0,0,0,0,67,0,67,67,113,180,4,0,0,0,0,-1,607271242,"6.18"
"C43191",1,2026-07-05,2026-07-04,1,,-1,0,0,0,0,3,1,0,0,24,0,21,1,101,-1,0,0,0,0,0,24,0,0,-1,-1,-1,-1,0,0,0,0,0,0,-1,0,0,-1,-1,-1,-1,0,0,0,0,0,0,-1,0,88,0,88,0,0,88,88,33,121,1,1,0,0,0,-1,607271242,"6.18"
"C43194",1,2026-07-06,2026-07-05,1,,-1,0,1,1,0,5,1,0,0,25,0,0,-1,-1,-1,0,0,0,0,0,-1,0,21,0,1,116,-1,87,0,1,1,0,0,25,0,0,-1,-1,-1,-1,0,0,0,0,0,0,-1,0,0,0,0,87,0,87,87,32,119,4,0,0,0,0,-1,607271242,"6.18"
"C43197",1,2026-07-02,2026-07-01,1,,-1,9,0,0,0,146,1,0,0,18,0,22,1,207,99,0,0,0,0,0,18,0,0,-1,-1,-1,-1,0,0,0,0,0,0,-1,0,0,-1,-1,-1,-1,0,0,0,0,0,0,-1,0,17,0,17,0,0,17,17,0,17,1,1,0,0,0,-1,607271242,"6.18"
"C43200",1,2026-07-02,2026-07-01,1,,-1,0,0,0,0,3,1,0,0,25,0,21,1,336,-1,0,0,0,0,0,25,0,0,-1,-1,-1,-1,0,0,0,0,0,0,-1,0,0,-1,-1,-1,-1,0,0,0,0,0,0,-1,0,91,0,91,0,0,91,91,5,96,1,1,0,0,0,-1,607271242,"6.18"
"C43203",1,2026-07-06,2026-07-05,1,,-1,4,0,0,2,4,1,0,0,25,0,21,1,116,-1,0,0,0,2,0,25,0,0,-1,-1,-1,-1,0,0,0,0,0,0,-1,0,0,-1,-1,-1,-1,0,0,0,0,0,0,-1,0,22,0,22,0,0,22,22,5845,5867,1,1,0,0,0,-1,607271242,"6.18"
"C43206",1,2026-07-06,2026-07-05,1,,-1,0,0,0,1,5,1,0,0,25,0,22,1,410,312,0,0,0,1,0,25,0,0,-1,-1,-1,-1,0,0,0,0,0,0,-1,0,0,-1,-1,-1,-1,0,0,0,0,0,0,-1,0,15,0,15,0,0,15,15,0,15,1,1,0,0,0,-1,607271242,"6.18"
"C43209",1,2026-07-08,2026-07-07,1,,-1,0,0,1,0,147,1,0,0,25,0,21,1,116,-1,0,0,1,0,0,25,0,0,-1,-1,-1,-1,0,0,0,0,0,0,-1,0,0,-1,-1,-1,-1,0,0,0,0,0,0,-1,0,85,0,85,0,0,85,85,3,88,1,1,0,0,0,-1,607271242,"6.18"
"C43212",1,2026-07-17,2026-07-16,1,,-1,1,0,1,2,5,1,0,0,24,0,0,-1,-1,-1,0,0,0,0,0,-1,0,21,1,3,116,-1,19,1,0,1,2,0,24,0,0,-1,-1,-1,-1,0,0,0,0,0,0,-1,0,0,0,0,19,57,76,19,1282,1301,4,0,1,0,0,-1,607271242,"6.18"
"C43215",1,2026-07-06,2026-07-05,1,,-1,0,0,1,0,5,1,0,0,55,0,21,3,336,-1,0,0,1,0,0,55,0,0,-1,-1,-1,-1,0,0,0,0,0,0,-1,0,0,-1,-1,-1,-1,0,0,0,0,0,0,-1,0,87,0,87,0,0,87,87,0,87,1,1,0,0,0,-1,607271242,"6.18"
"C43218",2,2026-07-09,2026-07-08,1,,-1,4,0,0,0,3,1,2,0,25,1,21,1,99,-1,0,0,0,0,0,25,1,21,0,1,101,-1,66,0,0,0,0,0,25,1,0,-1,-1,-1,-1,0,0,0,0,0,0,-1,0,16,0,16,61,0,77,77,10,87,5,1,0,0,0,-1,607271242,"6.18"
"C43227",2,2026-07-11,2026-07-10,1,,-1,4,0,0,1,156,1,1,0,25,1,21,1,101,-1,0,0,0,1,0,25,1,0,-1,-1,-1,-1,0,0,0,0,0,0,-1,0,0,-1,-1,-1,-1,0,0,0,0,0,0,-1,0,7,0,7,0,0,7,7,1112,1119,1,1,0,0,0,-1,607271242,"6.18"
"C43230",1,2026-07-11,2026-07-10,1,,-1,0,0,0,0,6,1,0,0,55,0,0,-1,-1,-1,0,0,0,0,0,-1,0,21,1,3,421,-1,2,0,0,0,0,0,55,0,0,-1,-1,-1,-1,0,0,0,0,0,0,-1,0,0,0,0,2,80,82,2,0,2,4,0,1,0,0,-1,607271242,"6.18"
"C43233",1,2026-07-07,2026-07-06,1,,-1,0,0,0,0,56,1,0,0,25,0,21,1,116,-1,0,0,0,0,0,25,0,0,-1,-1,-1,-1,0,0,0,0,0,0,-1,0,0,-1,-1,-1,-1,0,0,0,0,0,0,-1,0,4,0,4,0,0,4,4,9,13,1,1,0,0,0,-1,607271242,"6.18"
"C43236",1,2026-07-09,2026-07-08,1,,-1,0,0,1,0,5,1,0,0,25,0,21,1,314,-1,0,0,1,0,0,25,0,0,-1,-1,-1,-1,0,0,0,0,0,0,-1,0,0,-1,-1,-1,-1,0,0,0,0,0,0,-1,0,22,0,22,0,0,22,22,4265,4287,1,1,0,0,0,-1,607271242,"6.18"
"C43239",1,2026-07-13,2026-07-12,1,,-1,0,0,0,0,56,1,0,0,25,0,21,1,99,-1,0,0,0,0,0,25,0,0,-1,-1,-1,-1,0,0,0,0,0,0,-1,0,0,-1,-1,-1,-1,0,0,0,0,0,0,-1,0,10,0,10,0,0,10,10,20,30,1,1,0,0,0,-1,607271242,"6.18"
"C43242",2,2026-07-12,2026-07-11,1,,-1,0,0,0,0,157,3,3,0,25,1,0,-1,-1,-1,0,0,0,0,0,-1,0,21,1,3,335,-1,13,0,0,0,0,1,25,1,0,-1,-1,-1,-1,0,0,0,0,0,0,-1,0,0,0,0,13,68,81,13,0,13,4,0,1,0,0,-1,607271242,"6.18"
"C43269",1,2026-07-12,2026-07-11,1,,-1,0,0,1,2,5,2,0,0,25,0,0,-1,-1,-1,0,0,0,0,0,-1,0,21,0,3,434,-1,81,0,0,1,2,0,25,0,0,-1,-1,-1,-1,0,0,0,0,0,0,-1,0,0,0,0,81,0,81,81,0,81,4,0,0,0,0,-1,607271242,"6.18"
"C43275",1,2026-07-11,2026-07-10,1,,-1,9,1,1,0,5,1,0,0,55,0,0,-1,-1,-1,0,0,0,0,0,-1,0,21,0,2,116,-1,82,0,1,1,0,0,55,0,0,-1,-1,-1,-1,0,0,0,0,0,0,-1,0,0,0,0,82,0,82,82,15,97,4,0,0,0,0,-1,607271242,"6.18"
"C43278",1,2026-07-09,2026-07-08,1,,-1,0,0,0,0,5,1,0,0,24,0,22,1,336,423,0,0,0,0,0,24,0,0,-1,-1,-1,-1,0,0,0,0,0,0,-1,0,0,-1,-1,-1,-1,0,0,0,0,0,0,-1,0,13,0,13,0,0,13,13,0,13,1,1,0,0,0,-1,607271242,"6.18"
"C43281",1,2026-07-08,2026-07-07,1,,-1,0,0,0,1,235,2,0,0,25,1,21,3,116,-1,0,0,0,1,0,25,1,0,-1,-1,-1,-1,0,0,0,0,0,0,-1,0,0,-1,-1,-1,-1,0,0,0,0,0,0,-1,0,85,0,85,0,0,85,85,6,91,1,1,0,0,0,-1,607271242,"6.18"
"C43287",2,2026-07-14,2026-07-13,1,,-1,0,0,1,2,5,1,2,0,25,1,0,-1,-1,-1,0,0,0,0,0,-1,0,21,0,3,335,-1,79,0,0,1,2,0,25,1,0,-1,-1,-1,-1,0,0,0,0,0,0,-1,0,0,0,0,79,0,79,79,0,79,4,0,0,0,0,-1,607271242,"6.18"
"C43296",1,2026-07-08,2026-07-07,1,,-1,0,0,1,2,3,1,0,0,55,0,21,1,410,-1,0,0,1,2,0,55,0,0,-1,-1,-1,-1,0,0,0,0,0,0,-1,0,0,-1,-1,-1,-1,0,0,0,0,0,0,-1,0,85,0,85,0,0,85,85,0,85,1,1,0,0,0,-1,607271242,"6.18"
"C43299",1,2026-07-09,2026-07-08,1,,-1,0,0,0,2,236,1,0,0,24,0,22,1,336,99,0,0,0,2,0,24,0,0,-1,-1,-1,-1,0,0,0,0,0,0,-1,0,0,-1,-1,-1,-1,0,0,0,0,0,0,-1,0,14,0,14,0,0,14,14,6,20,1,1,0,0,0,-1,607271242,"6.18"
"C43302",1,2026-07-01,2026-06-30,1,,-1,4,0,0,0,3,1,0,0,24,0,22,1,116,207,0,0,0,0,0,24,0,0,-1,-1,-1,-1,0,0,0,0,0,0,-1,0,0,-1,-1,-1,-1,0,0,0,0,0,0,-1,0,27,0,27,0,0,27,27,971,998,1,1,0,0,0,-1,607271242,"6.18"
"C43305",2,2026-07-11,2026-07-10,1,,-1,0,0,0,0,4,1,2,0,25,1,22,1,335,423,0,0,0,0,0,25,1,0,-1,-1,-1,-1,0,0,0,0,0,0,-1,0,0,-1,-1,-1,-1,0,0,0,0,0,0,-1,0,14,0,14,0,0,14,14,0,14,1,1,0,0,0,-1,607271242,"6.18"
"C43314",2,2026-07-12,2026-07-11,1,,-1,1,0,1,0,3,1,2,0,25,1,21,1,101,-1,1,0,1,0,0,25,1,0,-1,-1,-1,-1,0,0,0,0,0,0,-1,0,0,-1,-1,-1,-1,0,0,0,0,0,0,-1,0,81,0,81,0,0,81,81,1462,1543,1,1,0,0,0,-1,607271242,"6.18"
"C43323",2,2026-07-12,2026-07-11,1,,-1,0,0,0,1,3,2,1,0,25,1,21,1,314,-1,0,0,0,1,0,25,1,0,-1,-1,-1,-1,0,0,0,0,0,0,-1,0,0,-1,-1,-1,-1,0,0,0,0,0,0,-1,0,81,0,81,0,0,81,81,5,86,1,1,0,0,0,-1,607271242,"6.18"
"C43332",1,2026-07-13,2026-07-12,1,,-1,0,0,1,1,3,1,0,0,25,0,21,1,314,-1,0,0,1,1,0,25,0,0,-1,-1,-1,-1,0,0,0,0,0,0,-1,0,0,-1,-1,-1,-1,0,0,0,0,0,0,-1,0,80,0,80,0,0,80,80,42,122,1,1,0,0,0,-1,607271242,"6.18"
"C43335",1,2026-07-12,2026-07-11,1,,-1,0,0,0,1,245,1,0,0,25,0,21,1,314,-1,0,0,0,1,0,25,0,0,-1,-1,-1,-1,0,0,0,0,0,0,-1,0,0,-1,-1,-1,-1,0,0,0,0,0,0,-1,0,81,0,81,0,0,81,81,0,81,1,1,0,0,0,-1,607271242,"6.18"
"C43338",2,2026-07-12,2026-07-11,1,,-1,0,0,0,1,5,1,2,0,25,1,22,1,336,312,0,0,0,1,0,25,1,0,-1,-1,-1,-1,0,0,0,0,0,0,-1,0,0,-1,-1,-1,-1,0,0,0,0,0,0,-1,0,13,0,13,0,0,13,13,0,13,1,1,0,0,0,-1,607271242,"6.18"
"C43347",2,2026-07-06,2026-07-05,1,,-1,0,0,0,0,5,1,2,0,24,1,21,1,314,-1,0,0,0,0,0,24,1,0,-1,-1,-1,-1,0,0,0,0,0,0,-1,0,0,-1,-1,-1,-1,0,0,0,0,0,0,-1,0,87,0,87,0,0,87,87,0,87,1,1,0,0,0,-1,607271242,"6.18"
"C43356",2,2026-07-13,2026-07-12,1,,-1,0,0,0,2,3,1,2,0,25,1,21,1,336,-1,0,0,0,2,0,25,1,0,-1,-1,-1,-1,0,0,0,0,0,0,-1,0,0,-1,-1,-1,-1,0,0,0,0,0,0,-1,0,80,0,80,0,0,80,80,3,83,1,1,0,0,0,-1,607271242,"6.18"
"C43365",1,2026-07-13,2026-07-12,1,,-1,0,0,1,0,3,1,0,0,55,0,21,1,99,-1,0,0,1,0,0,55,0,0,-1,-1,-1,-1,0,0,0,0,0,0,-1,0,0,-1,-1,-1,-1,0,0,0,0,0,0,-1,0,9,0,9,0,0,9,9,100,109,1,1,0,0,0,-1,607271242,"6.18"
"C43368",1,2026-07-23,2026-07-22,1,,-1,0,0,1,0,247,1,0,0,24,0,21,1,99,-1,0,0,1,0,0,24,0,0,-1,-1,-1,-1,0,0,0,0,0,0,-1,0,0,-1,-1,-1,-1,0,0,0,0,0,0,-1,0,2,0,2,0,0,2,2,262,264,1,1,0,0,0,-1,607271242,"6.18"
"C43371",2,2026-07-12,2026-07-11,1,,-1,0,0,0,0,35,1,1,0,25,1,21,1,99,-1,0,0,0,0,0,25,1,0,-1,-1,-1,-1,0,0,0,0,0,0,-1,0,0,-1,-1,-1,-1,0,0,0,0,0,0,-1,0,14,0,14,0,0,14,14,330,344,1,1,0,0,0,-1,607271242,"6.18"
"C43377",1,2026-07-16,2026-07-15,1,,-1,1,0,1,0,25,1,0,0,55,0,22,1,99,99,1,0,1,0,0,55,0,0,-1,-1,-1,-1,0,0,0,0,0,0,-1,0,0,-1,-1,-1,-1,0,0,0,0,0,0,-1,0,1,0,1,0,0,1,1,4355,4356,1,1,0,0,0,-1,607271242,"6.18"
"C43380",1,2026-07-18,2026-07-17,1,,-1,1,1,1,0,5,1,0,0,25,0,0,-1,-1,-1,0,0,0,0,0,-1,0,21,0,2,101,-1,75,1,1,1,0,0,25,0,0,-1,-1,-1,-1,0,0,0,0,0,0,-1,0,0,0,0,75,0,75,75,602,677,4,0,0,0,0,-1,607271242,"6.18"
"C43383",2,2026-07-14,2026-07-13,1,,-1,0,0,1,0,3,2,3,0,25,1,22,1,116,116,0,0,1,0,1,25,1,0,-1,-1,-1,-1,0,0,0,0,0,0,-1,0,0,-1,-1,-1,-1,0,0,0,0,0,0,-1,0,18,0,18,0,0,18,18,13,31,1,1,0,0,0,-1,607271242,"6.18"
"C43398",2,2026-07-25,2026-07-24,1,,-1,0,0,0,0,5,1,1,0,25,1,0,-1,-1,-1,0,0,0,0,0,-1,0,21,0,3,335,-1,68,0,0,0,0,0,25,1,0,-1,-1,-1,-1,0,0,0,0,0,0,-1,0,0,0,0,68,0,68,68,0,68,4,0,0,0,0,-1,607271242,"6.18"
"C43407",1,2026-07-14,2026-07-13,1,,-1,0,0,1,0,5,1,0,0,25,0,22,1,206,99,0,0,1,0,0,25,0,0,-1,-1,-1,-1,0,0,0,0,0,0,-1,0,0,-1,-1,-1,-1,0,0,0,0,0,0,-1,0,19,0,19,0,0,19,19,558,577,1,1,0,0,0,-1,607271242,"6.18"
"C43410",1,2026-07-21,2026-07-20,1,,-1,1,0,1,0,5,1,0,0,55,0,21,1,99,-1,1,0,1,0,0,55,0,0,-1,-1,-1,-1,0,0,0,0,0,0,-1,0,0,-1,-1,-1,-1,0,0,0,0,0,0,-1,0,9,0,9,0,0,9,9,2208,2217,1,1,0,0,0,-1,607271242,"6.18"
"C43413",1,2026-07-06,2026-07-05,1,,-1,0,0,0,0,5,1,0,0,25,0,22,1,116,99,0,0,0,0,0,25,0,0,-1,-1,-1,-1,0,0,0,0,0,0,-1,0,0,-1,-1,-1,-1,0,0,0,0,0,0,-1,0,16,0,16,0,0,16,16,30,46,1,1,0,0,0,-1,607271242,"6.18"
"C43416",1,2026-07-12,2026-07-11,1,,-1,0,0,0,0,3,1,0,0,25,0,21,1,207,-1,0,0,0,0,0,25,0,0,-1,-1,-1,-1,0,0,0,0,0,0,-1,0,0,-1,-1,-1,-1,0,0,0,0,0,0,-1,0,81,0,81,0,0,81,81,0,81,1,1,0,0,0,-1,607271242,"6.18"
"C43419",1,2026-07-08,2026-07-07,1,,-1,0,0,0,0,5,1,0,0,25,0,21,1,336,-1,0,0,0,0,0,25,0,0,-1,-1,-1,-1,0,0,0,0,0,0,-1,0,0,-1,-1,-1,-1,0,0,0,0,0,0,-1,0,85,0,85,0,0,85,85,6,91,1,1,0,0,0,-1,607271242,"6.18"
"C43422",1,2026-07-15,2026-07-14,1,,-1,0,0,0,0,267,1,0,0,18,0,21,1,116,-1,0,0,0,0,0,18,0,0,-1,-1,-1,-1,0,0,0,0,0,0,-1,0,0,-1,-1,-1,-1,0,0,0,0,0,0,-1,0,13,0,13,0,0,13,13,188,201,1,1,0,0,0,-1,607271242,"6.18"
"C43425",2,2026-07-14,2026-07-13,1,,-1,0,0,1,2,5,1,1,0,25,1,21,1,335,-1,0,0,1,2,0,25,1,0,-1,-1,-1,-1,0,0,0,0,0,0,-1,0,0,-1,-1,-1,-1,0,0,0,0,0,0,-1,0,79,0,79,0,0,79,79,0,79,1,1,0,0,0,-1,607271242,"6.18"
"C43431",1,2026-07-13,2026-07-12,1,,-1,0,0,1,1,3,1,0,0,25,0,21,1,335,-1,0,0,1,1,0,25,0,0,-1,-1,-1,-1,0,0,0,0,0,0,-1,0,0,-1,-1,-1,-1,0,0,0,0,0,0,-1,0,80,0,80,0,0,80,80,0,80,1,1,0,0,0,-1,607271242,"6.18"
"C43440",1,2026-07-15,2026-07-14,1,,-1,1,0,1,0,345,1,0,0,25,0,22,3,335,313,1,0,1,0,0,25,0,0,-1,-1,-1,-1,0,0,0,0,0,0,-1,0,0,-1,-1,-1,-1,0,0,0,0,0,0,-1,0,16,0,16,0,0,16,16,0,16,1,1,0,0,0,-1,607271242,"6.18"
"C43443",1,2026-07-17,2026-07-16,1,,-1,0,0,1,0,5,1,0,0,25,0,21,1,116,-1,0,0,1,0,0,25,0,0,-1,-1,-1,-1,0,0,0,0,0,0,-1,0,0,-1,-1,-1,-1,0,0,0,0,0,0,-1,0,76,0,76,0,0,76,76,5,81,1,1,0,0,0,-1,607271242,"6.18"
"C43446",2,2026-07-18,2026-07-17,1,,-1,0,0,0,0,3,1,1,0,24,1,21,1,99,-1,0,0,0,0,0,24,1,0,-1,-1,-1,-1,0,0,0,0,0,0,-1,0,0,-1,-1,-1,-1,0,0,0,0,0,0,-1,0,12,0,12,0,0,12,12,23,35,1,1,0,0,0,-1,607271242,"6.18"
"C43452",1,2026-07-13,2026-07-12,1,,-1,0,0,0,0,5,1,0,0,25,0,22,3,116,99,0,0,0,0,0,25,0,0,-1,-1,-1,-1,0,0,0,0,0,0,-1,0,0,-1,-1,-1,-1,0,0,0,0,0,0,-1,0,17,0,17,0,0,17,17,122,139,1,1,0,0,0,-1,607271242,"6.18"
"C43455",99,2026-07-11,2026-07-10,1,,-1,9,0,1,0,346,0,0,1,-1,0,21,3,99,-1,0,0,1,0,0,-1,0,0,-1,-1,-1,-1,0,0,0,0,0,0,-1,0,0,-1,-1,-1,-1,0,0,0,0,0,0,-1,0,82,0,82,0,0,82,82,32,114,1,1,0,0,0,-1,607271242,"6.18"
"C43458",1,2026-07-12,2026-07-11,1,,-1,9,0,1,0,5,1,0,0,18,0,22,3,101,99,0,0,1,0,0,18,0,0,-1,-1,-1,-1,0,0,0,0,0,0,-1,0,0,-1,-1,-1,-1,0,0,0,0,0,0,-1,0,14,0,14,0,0,14,14,0,14,1,1,0,0,0,-1,607271242,"6.18"
"C43461",1,2026-07-12,2026-07-11,1,,-1,1,0,1,0,5,1,0,0,18,0,21,3,101,-1,1,0,1,0,0,18,0,0,-1,-1,-1,-1,0,0,0,0,0,0,-1,0,0,-1,-1,-1,-1,0,0,0,0,0,0,-1,0,81,0,81,0,0,81,81,0,81,1,1,0,0,0,-1,607271242,"6.18"
"C43464",2,2026-07-18,2026-07-17,1,,-1,0,0,0,1,35,1,1,0,25,1,21,1,116,-1,0,0,0,1,0,25,1,0,-1,-1,-1,-1,0,0,0,0,0,0,-1,0,0,-1,-1,-1,-1,0,0,0,0,0,0,-1,0,75,0,75,0,0,75,75,12,87,1,1,0,0,0,-1,607271242,"6.18"
"C43467",1,2026-07-13,2026-07-12,1,,-1,9,0,1,0,5,1,0,0,25,0,21,3,118,-1,0,0,1,0,0,25,0,0,-1,-1,-1,-1,0,0,0,0,0,0,-1,0,0,-1,-1,-1,-1,0,0,0,0,0,0,-1,0,80,0,80,0,0,80,80,0,80,1,1,0,0,0,-1,607271242,"6.18"
"C43473",1,2026-07-18,2026-07-17,1,,-1,1,0,1,2,347,1,0,0,25,0,22,1,101,99,1,0,1,2,0,25,0,0,-1,-1,-1,-1,0,0,0,0,0,0,-1,0,0,-1,-1,-1,-1,0,0,0,0,0,0,-1,0,14,0,14,0,0,14,14,215,229,1,1,0,0,0,-1,607271242,"6.18"
"C43476",1,2026-07-18,2026-07-17,1,,-1,0,0,0,0,13,1,0,0,55,0,21,1,336,-1,0,0,0,0,0,55,0,0,-1,-1,-1,-1,0,0,0,0,0,0,-1,0,0,-1,-1,-1,-1,0,0,0,0,0,0,-1,0,13,0,13,0,0,13,13,0,13,1,1,0,0,0,-1,607271242,"6.18"
"C43479",1,2026-07-18,2026-07-17,1,,-1,0,0,1,1,5,1,0,0,24,0,21,1,336,-1,0,0,1,1,0,24,0,0,-1,-1,-1,-1,0,0,0,0,0,0,-1,0,0,-1,-1,-1,-1,0,0,0,0,0,0,-1,0,16,0,16,0,0,16,16,44,60,1,1,0,0,0,-1,607271242,"6.18"
"C43482",3,2026-07-16,2026-07-15,1,,-1,0,0,1,0,5,0,1,0,-1,0,21,3,336,-1,0,0,1,0,0,-1,0,0,-1,-1,-1,-1,0,0,0,0,0,0,-1,0,0,-1,-1,-1,-1,0,0,0,0,0,0,-1,0,77,0,77,0,0,77,77,11,88,1,1,0,0,0,-1,607271242,"6.18"
"C43485",2,2026-07-19,2026-07-18,1,,-1,0,0,1,0,5,2,1,0,25,1,21,1,116,-1,0,0,1,0,0,25,1,0,-1,-1,-1,-1,0,0,0,0,0,0,-1,0,0,-1,-1,-1,-1,0,0,0,0,0,0,-1,0,74,0,74,0,0,74,74,4,78,1,1,0,0,0,-1,607271242,"6.18"
"C43497",1,2026-07-18,2026-07-17,1,,-1,9,0,1,0,3,1,0,0,25,0,21,1,335,-1,0,0,1,0,0,25,0,0,-1,-1,-1,-1,0,0,0,0,0,0,-1,0,0,-1,-1,-1,-1,0,0,0,0,0,0,-1,0,75,0,75,0,0,75,75,0,75,1,1,0,0,0,-1,607271242,"6.18"
"C43500",1,2026-07-18,2026-07-17,1,,-1,0,0,0,0,3,1,0,0,25,0,21,1,335,-1,0,0,0,0,0,25,0,0,-1,-1,-1,-1,0,0,0,0,0,0,-1,0,0,-1,-1,-1,-1,0,0,0,0,0,0,-1,0,75,0,75,0,0,75,75,0,75,1,1,0,0,0,-1,607271242,"6.18"
"C43503",1,2026-07-11,2026-07-10,1,,-1,0,0,0,0,5,1,0,0,25,0,22,1,205,423,0,0,0,0,0,25,0,0,-1,-1,-1,-1,0,0,0,0,0,0,-1,0,0,-1,-1,-1,-1,0,0,0,0,0,0,-1,0,19,0,19,0,0,19,19,7,26,1,1,0,0,0,-1,607271242,"6.18"
"C43506",1,2026-07-11,2026-07-10,1,,-1,0,1,0,0,357,1,0,0,55,0,21,1,421,-1,0,1,0,0,0,55,0,0,-1,-1,-1,-1,0,0,0,0,0,0,-1,0,0,-1,-1,-1,-1,0,0,0,0,0,0,-1,0,82,0,82,0,0,82,82,0,82,1,1,0,0,0,-1,607271242,"6.18"
"C43509",1,2026-07-17,2026-07-16,1,,-1,0,0,1,0,5,1,0,0,25,0,21,1,116,-1,0,0,1,0,0,25,0,0,-1,-1,-1,-1,0,0,0,0,0,0,-1,0,0,-1,-1,-1,-1,0,0,0,0,0,0,-1,0,76,0,76,0,0,76,76,43,119,1,1,0,0,0,-1,607271242,"6.18"
"C43512",1,2026-07-11,2026-07-10,1,,-1,4,0,0,0,5,1,0,0,55,0,22,1,101,410,0,0,0,0,0,55,0,0,-1,-1,-1,-1,0,0,0,0,0,0,-1,0,0,-1,-1,-1,-1,0,0,0,0,0,0,-1,0,21,0,21,0,0,21,21,357,378,1,1,0,0,0,-1,607271242,"6.18"
"C43527",1,2026-06-06,2026-06-05,1,,-1,9,1,1,0,5,1,0,0,55,0,0,-1,-1,-1,0,0,0,0,0,-1,0,21,0,2,116,-1,117,0,1,1,0,0,55,0,0,-1,-1,-1,-1,0,0,0,0,0,0,-1,0,0,0,0,117,0,117,117,11,128,4,0,0,0,0,-1,607271242,"6.18"
"C43530",1,2026-07-21,2026-07-20,1,,-1,0,0,1,2,5,1,0,0,25,0,21,1,206,-1,0,0,1,2,0,25,0,0,-1,-1,-1,-1,0,0,0,0,0,0,-1,0,0,-1,-1,-1,-1,0,0,0,0,0,0,-1,0,72,0,72,0,0,72,72,0,72,1,1,0,0,0,-1,607271242,"6.18"
"C43533",1,2026-07-21,2026-07-20,1,,-1,0,0,0,0,5,1,0,0,25,0,21,1,207,-1,0,0,0,0,0,25,0,0,-1,-1,-1,-1,0,0,0,0,0,0,-1,0,0,-1,-1,-1,-1,0,0,0,0,0,0,-1,0,72,0,72,0,0,72,72,0,72,1,1,0,0,0,-1,607271242,"6.18"
"C43536",1,2026-07-21,2026-07-20,1,,-1,0,0,0,1,56,1,0,0,24,0,21,1,116,-1,0,0,0,1,0,24,0,0,-1,-1,-1,-1,0,0,0,0,0,0,-1,0,0,-1,-1,-1,-1,0,0,0,0,0,0,-1,0,9,0,9,0,0,9,9,324,333,1,1,0,0,0,-1,607271242,"6.18"
"C43539",2,2026-07-20,2026-07-19,1,,-1,0,0,0,2,456,1,2,0,25,1,21,1,335,-1,0,0,0,2,0,25,1,0,-1,-1,-1,-1,0,0,0,0,0,0,-1,0,0,-1,-1,-1,-1,0,0,0,0,0,0,-1,0,2,0,2,0,0,2,2,124,126,1,1,0,0,0,-1,607271242,"6.18"
"C43548",1,2026-07-19,2026-07-18,1,,-1,4,0,0,0,6,1,0,0,25,0,21,1,116,-1,0,0,0,0,0,25,0,0,-1,-1,-1,-1,0,0,0,0,0,0,-1,0,0,-1,-1,-1,-1,0,0,0,0,0,0,-1,0,74,0,74,0,0,74,74,382,456,1,1,0,0,0,-1,607271242,"6.18"
"C43551",1,2026-07-19,2026-07-18,1,,-1,0,0,0,0,5,1,0,0,25,0,21,1,206,-1,0,0,0,0,0,25,0,0,-1,-1,-1,-1,0,0,0,0,0,0,-1,0,0,-1,-1,-1,-1,0,0,0,0,0,0,-1,0,74,0,74,0,0,74,74,7,81,1,1,0,0,0,-1,607271242,"6.18"
"C43554",2,2026-07-17,2026-07-16,1,,-1,0,0,1,0,5,2,1,0,25,1,21,3,336,-1,0,0,1,0,0,25,1,0,-1,-1,-1,-1,0,0,0,0,0,0,-1,0,0,-1,-1,-1,-1,0,0,0,0,0,0,-1,0,76,0,76,0,0,76,76,2,78,1,1,0,0,0,-1,607271242,"6.18"
"C43563",1,2026-07-23,2026-07-22,1,,-1,0,0,1,2,3,1,0,0,55,0,21,1,116,-1,0,0,1,2,0,55,0,0,-1,-1,-1,-1,0,0,0,0,0,0,-1,0,0,-1,-1,-1,-1,0,0,0,0,0,0,-1,0,70,0,70,0,0,70,70,45,115,1,1,0,0,0,-1,607271242,"6.18"
"C43566",1,2026-07-22,2026-07-21,1,,-1,4,0,0,2,3,1,0,0,25,0,21,1,335,-1,0,0,0,2,0,25,0,0,-1,-1,-1,-1,0,0,0,0,0,0,-1,0,0,-1,-1,-1,-1,0,0,0,0,0,0,-1,0,71,0,71,0,0,71,71,0,71,1,1,0,0,0,-1,607271242,"6.18"
"C43569",1,2026-07-26,2026-07-25,1,,-1,0,1,1,0,5,1,0,0,25,0,0,-1,-1,-1,0,0,0,0,0,-1,0,21,0,2,116,-1,67,0,1,1,0,0,25,0,0,-1,-1,-1,-1,0,0,0,0,0,0,-1,0,0,0,0,67,0,67,67,33,100,4,0,0,0,0,-1,607271242,"6.18"
"C43572",1,2026-07-19,2026-07-18,1,,-1,0,0,1,0,5,1,0,0,25,0,21,3,116,-1,0,0,1,0,0,25,0,0,-1,-1,-1,-1,0,0,0,0,0,0,-1,0,0,-1,-1,-1,-1,0,0,0,0,0,0,-1,0,74,0,74,0,0,74,74,167,241,1,1,0,0,0,-1,607271242,"6.18"
"C43575",1,2026-07-22,2026-07-21,1,,-1,1,0,1,2,467,1,0,0,55,0,21,1,116,-1,1,0,1,2,0,55,0,0,-1,-1,-1,-1,0,0,0,0,0,0,-1,0,0,-1,-1,-1,-1,0,0,0,0,0,0,-1,0,71,0,71,0,0,71,71,0,71,1,1,0,0,0,-1,607271242,"6.18"
"C43578",1,2026-07-21,2026-07-20,1,,-1,0,0,0,2,5,1,0,0,25,0,21,3,335,-1,0,0,0,2,0,25,0,0,-1,-1,-1,-1,0,0,0,0,0,0,-1,0,0,-1,-1,-1,-1,0,0,0,0,0,0,-1,0,72,0,72,0,0,72,72,0,72,1,1,0,0,0,-1,607271242,"6.18"
"C43581",2,2026-07-21,2026-07-20,1,,-1,0,0,0,2,5,1,2,0,24,1,21,1,335,-1,0,0,0,2,0,24,1,0,-1,-1,-1,-1,0,0,0,0,0,0,-1,0,0,-1,-1,-1,-1,0,0,0,0,0,0,-1,0,72,0,72,0,0,72,72,0,72,1,1,0,0,0,-1,607271242,"6.18"
"C43590",1,2026-07-23,2026-07-22,1,,-1,0,0,0,0,35,1,0,0,25,0,21,1,116,-1,0,0,0,0,0,25,0,0,-1,-1,-1,-1,0,0,0,0,0,0,-1,0,0,-1,-1,-1,-1,0,0,0,0,0,0,-1,0,70,0,70,0,0,70,70,19,89,1,1,0,0,0,-1,607271242,"6.18"
"C43593",1,2026-07-18,2026-07-17,1,,-1,0,0,0,0,567,1,0,0,25,0,21,3,314,-1,0,0,0,0,0,25,0,0,-1,-1,-1,-1,0,0,0,0,0,0,-1,0,0,-1,-1,-1,-1,0,0,0,0,0,0,-1,0,75,0,75,0,0,75,75,63,138,1,1,0,0,0,-1,607271242,"6.18"
"C43596",1,2026-07-17,2026-07-16,1,,-1,0,0,1,0,5,1,0,0,55,0,21,1,101,-1,0,0,1,0,0,55,0,0,-1,-1,-1,-1,0,0,0,0,0,0,-1,0,0,-1,-1,-1,-1,0,0,0,0,0,0,-1,0,76,0,76,0,0,76,76,32,108,1,1,0,0,0,-1,607271242,"6.18"
"C43599",1,2026-07-23,2026-07-22,1,,-1,9,0,1,0,5,1,0,0,25,0,21,3,98,-1,0,0,1,0,0,25,0,0,-1,-1,-1,-1,0,0,0,0,0,0,-1,0,0,-1,-1,-1,-1,0,0,0,0,0,0,-1,0,70,0,70,0,0,70,70,0,70,1,1,0,0,0,-1,607271242,"6.18"
"C43602",2,2026-07-21,2026-07-20,1,,-1,0,0,0,0,35,1,1,0,18,1,21,1,314,-1,0,0,0,0,0,18,1,0,-1,-1,-1,-1,0,0,0,0,0,0,-1,0,0,-1,-1,-1,-1,0,0,0,0,0,0,-1,0,72,0,72,0,0,72,72,7,79,1,1,0,0,0,-1,607271242,"6.18"
"C43605",1,2026-07-26,2026-07-25,1,,-1,0,1,1,0,1,1,0,0,25,0,0,-1,-1,-1,0,0,0,0,0,-1,0,21,0,2,116,-1,67,0,1,1,0,0,25,0,0,-1,-1,-1,-1,0,0,0,0,0,0,-1,0,0,0,0,67,0,67,67,50,117,4,0,0,0,0,-1,607271242,"6.18"
"C43608",2,2026-07-25,2026-07-24,1,,-1,0,0,1,1,5,1,1,0,25,1,21,1,410,-1,0,0,1,1,0,25,1,0,-1,-1,-1,-1,0,0,0,0,0,0,-1,0,0,-1,-1,-1,-1,0,0,0,0,0,0,-1,0,68,0,68,0,0,68,68,0,68,1,1,0,0,0,-1,607271242,"6.18"
"C43614",1,2026-07-25,2026-07-24,1,,-1,0,1,0,0,5,1,0,0,55,0,0,-1,-1,-1,0,0,0,0,0,-1,0,21,0,1,116,-1,68,0,1,0,0,0,55,0,0,-1,-1,-1,-1,0,0,0,0,0,0,-1,0,0,0,0,68,0,68,68,92,160,4,0,0,0,0,-1,607271242,"6.18"
"C43617",1,2026-07-26,2026-07-25,1,,-1,1,1,1,0,5,1,0,0,25,0,0,-1,-1,-1,0,0,0,0,0,-1,0,21,0,3,206,-1,67,1,1,1,0,0,25,0,0,-1,-1,-1,-1,0,0,0,0,0,0,-1,0,0,0,0,67,0,67,67,1191,1258,4,0,0,0,0,-1,607271242,"6.18"
"C43620",1,2026-07-22,2026-07-21,1,,-1,0,0,0,0,5,1,0,0,25,0,21,3,116,-1,0,0,0,0,0,25,0,0,-1,-1,-1,-1,0,0,0,0,0,0,-1,0,0,-1,-1,-1,-1,0,0,0,0,0,0,-1,0,71,0,71,0,0,71,71,2,73,1,1,0,0,0,-1,607271242,"6.18"
"C43623",3,2026-07-26,2026-07-25,1,,-1,0,0,1,0,2,0,1,0,-1,0,21,3,336,-1,0,0,1,0,0,-1,0,0,-1,-1,-1,-1,0,0,0,0,0,0,-1,0,0,-1,-1,-1,-1,0,0,0,0,0,0,-1,0,67,0,67,0,0,67,67,2,69,1,1,0,0,0,-1,607271242,"6.18"
"C43626",1,2026-07-25,2026-07-24,1,,-1,0,0,1,0,5,1,0,0,24,0,21,3,335,-1,0,0,1,0,0,24,0,0,-1,-1,-1,-1,0,0,0,0,0,0,-1,0,0,-1,-1,-1,-1,0,0,0,0,0,0,-1,0,68,0,68,0,0,68,68,0,68,1,1,0,0,0,-1,607271242,"6.18"
"C43629",1,2026-07-21,2026-07-20,1,,-1,0,1,0,0,5,1,0,0,55,0,21,3,314,-1,0,1,0,0,0,55,0,0,-1,-1,-1,-1,0,0,0,0,0,0,-1,0,0,-1,-1,-1,-1,0,0,0,0,0,0,-1,0,72,0,72,0,0,72,72,0,72,1,1,0,0,0,-1,607271242,"6.18"
"C43632",1,2026-07-25,2026-07-24,1,,-1,9,0,1,0,5,1,0,0,55,0,21,3,207,-1,0,0,1,0,0,55,0,0,-1,-1,-1,-1,0,0,0,0,0,0,-1,0,0,-1,-1,-1,-1,0,0,0,0,0,0,-1,0,68,0,68,0,0,68,68,0,68,1,1,0,0,0,-1,607271242,"6.18"
"C43638",1,2026-07-25,2026-07-24,1,,-1,0,0,1,2,5,1,0,0,18,0,21,3,335,-1,0,0,1,2,0,18,0,0,-1,-1,-1,-1,0,0,0,0,0,0,-1,0,0,-1,-1,-1,-1,0,0,0,0,0,0,-1,0,68,0,68,0,0,68,68,0,68,1,1,0,0,0,-1,607271242,"6.18"
"C43641",1,2026-07-24,2026-07-23,1,,-1,0,0,1,0,5,1,0,0,18,0,21,1,314,-1,0,0,1,0,0,18,0,0,-1,-1,-1,-1,0,0,0,0,0,0,-1,0,0,-1,-1,-1,-1,0,0,0,0,0,0,-1,0,69,0,69,0,0,69,69,0,69,1,1,0,0,0,-1,607271242,"6.18"
"C43644",1,2026-07-19,2026-07-18,1,,-1,0,0,0,0,5,1,0,0,25,0,22,3,336,312,0,0,0,0,0,25,0,0,-1,-1,-1,-1,0,0,0,0,0,0,-1,0,0,-1,-1,-1,-1,0,0,0,0,0,0,-1,0,13,0,13,0,0,13,13,0,13,1,1,0,0,0,-1,607271242,"6.18"
"C43647",1,2026-07-22,2026-07-21,1,,-1,0,1,1,0,5,1,0,0,55,0,21,3,434,-1,0,1,1,0,0,55,0,0,-1,-1,-1,-1,0,0,0,0,0,0,-1,0,0,-1,-1,-1,-1,0,0,0,0,0,0,-1,0,71,0,71,0,0,71,71,0,71,1,1,0,0,0,-1,607271242,"6.18"
"C43650",1,2026-07-20,2026-07-19,1,,-1,9,0,1,0,5,1,0,0,25,0,21,1,116,-1,0,0,1,0,0,25,0,0,-1,-1,-1,-1,0,0,0,0,0,0,-1,0,0,-1,-1,-1,-1,0,0,0,0,0,0,-1,0,73,0,73,0,0,73,73,8,81,1,1,0,0,0,-1,607271242,"6.18"
"C43653",1,2026-07-31,2026-07-30,1,,-1,0,0,1,0,5,1,0,0,55,0,21,1,116,-1,0,0,1,0,0,55,0,0,-1,-1,-1,-1,0,0,0,0,0,0,-1,0,0,-1,-1,-1,-1,0,0,0,0,0,0,-1,0,62,0,62,0,0,62,62,7,69,1,1,0,0,0,-1,607271242,"6.18"
"C43654",1,2022-08-05,2022-08-04,5,,-1,0,1,1,0,15,1,0,0,25,0,0,-1,-1,-1,0,0,0,0,0,-1,0,0,-1,-1,-1,-1,0,0,0,0,0,0,-1,0,12,2,2,101,426,1400,0,1,1,0,0,25,0,0,0,0,20,0,20,20,597,617,-1,0,0,1,0,-1,607271242,"6.18"
"C43655",1,2022-08-24,2022-08-23,5,,-1,0,1,1,0,5,1,0,0,25,0,0,-1,-1,-1,0,0,0,0,0,-1,0,0,-1,-1,-1,-1,0,0,0,0,0,0,-1,0,12,2,2,116,422,1200,0,1,1,0,0,25,0,0,0,0,56,0,56,56,522,578,-1,0,0,1,0,-1,607271242,"6.18"
"C43656",1,2022-09-12,2022-09-11,5,,-1,0,1,1,0,3,1,0,0,25,0,0,-1,-1,-1,0,0,0,0,0,-1,0,0,-1,-1,-1,-1,0,0,0,0,0,0,-1,0,12,2,2,101,423,1100,0,1,1,0,0,25,0,0,0,0,49,0,49,49,463,512,-1,0,0,1,0,-1,607271242,"6.18"
"C43657",1,2022-10-01,2022-09-30,5,,-1,0,1,1,0,5,1,0,0,25,0,0,-1,-1,-1,0,0,0,0,0,-1,0,0,-1,-1,-1,-1,0,0,0,0,0,0,-1,0,12,2,2,206,410,1080,0,1,1,0,0,25,0,0,0,0,26,0,26,26,413,439,-1,0,0,1,0,-1,607271242,"6.18"
"C43658",1,2022-10-20,2022-10-19,5,,-1,0,1,1,0,3,1,0,0,25,0,0,-1,-1,-1,0,0,0,0,0,-1,0,0,-1,-1,-1,-1,0,0,0,0,0,0,-1,0,12,2,2,101,24,1151,0,1,1,0,0,25,0,0,0,0,52,0,52,52,703,755,-1,0,0,1,0,-1,607271242,"6.18"
"C43659",1,2022-11-08,2022-11-07,5,,-1,0,1,1,0,5,1,0,0,25,0,0,-1,-1,-1,0,0,0,0,0,-1,0,0,-1,-1,-1,-1,0,0,0,0,0,0,-1,0,12,2,2,101,422,1200,0,1,1,0,0,25,0,0,0,0,25,0,25,25,705,730,-1,0,0,1,0,-1,607271242,"6.18"
"C43660",1,2022-11-27,2022-11-26,5,,-1,0,1,1,0,5,1,0,0,25,0,0,-1,-1,-1,0,0,0,0,0,-1,0,0,-1,-1,-1,-1,0,0,0,0,0,0,-1,0,12,2,2,116,423,1300,0,1,1,0,0,25,0,0,0,0,43,0,43,43,505,548,-1,0,0,1,0,-1,607271242,"6.18"
"C43661",1,2022-12-16,2022-12-15,5,,-1,0,1,1,0,5,1,0,0,25,0,0,-1,-1,-1,0,0,0,0,0,-1,0,0,-1,-1,-1,-1,0,0,0,0,0,0,-1,0,12,2,2,101,410,1200,0,1,1,0,0,25,0,0,0,0,31,0,31,31,336,367,-1,0,0,1,0,-1,607271242,"6.18"
"C43662",1,2023-01-04,2023-01-03,5,,-1,0,1,1,0,1,1,0,0,25,0,0,-1,-1,-1,0,0,0,0,0,-1,0,0,-1,-1,-1,-1,0,0,0,0,0,0,-1,0,12,2,2,101,24,1009,0,1,1,0,0,25,0,0,0,0,51,0,51,51,411,462,-1,0,0,1,0,-1,607271242,"6.18"
"C43663",1,2023-01-23,2023-01-22,5,,-1,0,1,1,0,3,1,0,0,25,0,0,-1,-1,-1,0,0,0,0,0,-1,0,0,-1,-1,-1,-1,0,0,0,0,0,0,-1,0,11,2,2,101,-1,1291,0,1,1,0,0,25,0,0,0,0,56,0,56,56,498,554,-1,0,0,1,0,-1,607271242,"6.18"
"C43664",1,2023-02-11,2023-02-10,5,,-1,0,1,1,0,5,1,0,0,25,0,0,-1,-1,-1,0,0,0,0,0,-1,0,0,-1,-1,-1,-1,0,0,0,0,0,0,-1,0,12,2,2,101,419,1151,0,1,1,0,0,25,0,0,0,0,47,0,47,47,372,419,-1,0,0,1,0,-1,607271242,"6.18"
"C43666",1,2023-03-21,2023-03-20,5,,-1,0,1,1,0,5,1,0,0,25,0,0,-1,-1,-1,0,0,0,0,0,-1,0,0,-1,-1,-1,-1,0,0,0,0,0,0,-1,0,11,2,2,101,-1,1280,0,1,1,0,0,25,0,0,0,0,10,0,10,10,346,356,-1,0,0,1,0,-1,607271242,"6.18"
"C43667",1,2023-04-09,2023-04-08,5,,-1,0,1,1,0,5,1,0,0,25,0,0,-1,-1,-1,0,0,0,0,0,-1,0,0,-1,-1,-1,-1,0,0,0,0,0,0,-1,0,12,2,2,205,422,999,0,1,1,0,0,25,0,0,0,0,28,0,28,28,621,649,-1,0,0,1,0,-1,607271242,"6.18"
"C43668",1,2023-04-28,2023-04-27,5,,-1,0,1,1,0,3,1,0,0,25,0,0,-1,-1,-1,0,0,0,0,0,-1,0,0,-1,-1,-1,-1,0,0,0,0,0,0,-1,0,11,2,2,101,-1,1220,0,1,1,0,0,25,0,0,0,0,32,0,32,32,633,665,-1,0,0,1,0,-1,607271242,"6.18"
"C43669",1,2023-05-17,2023-05-16,5,,-1,0,1,1,0,5,1,0,0,25,0,0,-1,-1,-1,0,0,0,0,0,-1,0,0,-1,-1,-1,-1,0,0,0,0,0,0,-1,0,12,2,2,101,434,1000,0,1,1,0,0,25,0,0,0,0,27,0,27,27,709,736,-1,0,0,1,0,-1,607271242,"6.18"
"C43670",1,2023-06-05,2023-06-04,5,,-1,0,1,1,0,3,1,0,0,25,0,0,-1,-1,-1,0,0,0,0,0,-1,0,0,-1,-1,-1,-1,0,0,0,0,0,0,-1,0,11,2,2,336,-1,1162,0,1,1,0,0,25,0,0,0,0,52,0,52,52,683,735,-1,0,0,1,0,-1,607271242,"6.18"
"C43671",1,2023-06-24,2023-06-23,5,,-1,0,1,1,0,3,1,0,0,25,0,0,-1,-1,-1,0,0,0,0,0,-1,0,0,-1,-1,-1,-1,0,0,0,0,0,0,-1,0,12,2,2,101,24,1111,0,1,1,0,0,25,0,0,0,0,14,0,14,14,404,418,-1,0,0,1,0,-1,607271242,"6.18"
"C43672",1,2023-07-13,2023-07-12,5,,-1,0,1,1,0,5,1,0,0,25,0,0,-1,-1,-1,0,0,0,0,0,-1,0,0,-1,-1,-1,-1,0,0,0,0,0,0,-1,0,11,2,2,206,-1,1148,0,1,1,0,0,25,0,0,0,0,28,0,28,28,710,738,-1,0,0,1,0,-1,607271242,"6.18"
"C43673",1,2023-08-01,2023-07-31,5,,-1,0,1,1,0,5,1,0,0,25,0,0,-1,-1,-1,0,0,0,0,0,-1,0,0,-1,-1,-1,-1,0,0,0,0,0,0,-1,0,11,2,2,101,-1,1127,0,1,1,0,0,25,0,0,0,0,30,0,30,30,694,724,-1,0,0,1,0,-1,607271242,"6.18"
"C43674",1,2023-08-20,2023-08-19,5,,-1,0,1,1,0,5,1,0,0,25,0,0,-1,-1,-1,0,0,0,0,0,-1,0,0,-1,-1,-1,-1,0,0,0,0,0,0,-1,0,11,2,2,101,-1,1103,0,1,1,0,0,25,0,0,0,0,35,0,35,35,509,544,-1,0,0,1,0,-1,607271242,"6.18"
"C43675",1,2023-09-08,2023-09-07,5,,-1,0,1,1,0,3,1,0,0,25,0,0,-1,-1,-1,0,0,0,0,0,-1,0,0,-1,-1,-1,-1,0,0,0,0,0,0,-1,0,11,2,2,336,-1,1107,0,1,1,0,0,25,0,0,0,0,12,0,12,12,695,707,-1,0,0,1,0,-1,607271242,"6.18"
"C43676",1,2023-09-27,2023-09-26,5,,-1,0,1,1,2,5,1,0,0,25,0,0,-1,-1,-1,0,0,0,0,0,-1,0,0,-1,-1,-1,-1,0,0,0,0,0,0,-1,0,12,2,2,101,410,999,0,1,1,2,0,25,0,0,0,0,23,0,23,23,704,727,-1,0,0,1,0,-1,607271242,"6.18"
"C43677",1,2023-10-16,2023-10-15,5,,-1,0,1,1,0,5,1,0,0,25,0,0,-1,-1,-1,0,0,0,0,0,-1,0,0,-1,-1,-1,-1,0,0,0,0,0,0,-1,0,11,2,2,118,-1,1058,0,1,1,0,0,25,0,0,0,0,23,0,23,23,566,589,-1,0,0,1,0,-1,607271242,"6.18"
"C43678",1,2023-11-04,2023-11-03,5,,-1,0,1,1,0,5,1,0,0,25,0,0,-1,-1,-1,0,0,0,0,0,-1,0,0,-1,-1,-1,-1,0,0,0,0,0,0,-1,0,11,2,2,101,-1,1022,0,1,1,0,0,25,0,0,0,0,40,0,40,40,326,366,-1,0,0,1,0,-1,607271242,"6.18"
"C43679",1,2023-11-23,2023-11-22,5,,-1,0,1,1,0,3,1,0,0,25,0,0,-1,-1,-1,0,0,0,0,0,-1,0,0,-1,-1,-1,-1,0,0,0,0,0,0,-1,0,12,2,2,101,434,888,0,1,1,0,0,25,0,0,0,0,28,0,28,28,290,318,-1,0,0,1,0,-1,607271242,"6.18"
"C43680",1,2023-12-12,2023-12-11,5,,-1,0,1,1,0,5,1,0,0,25,0,0,-1,-1,-1,0,0,0,0,0,-1,0,0,-1,-1,-1,-1,0,0,0,0,0,0,-1,0,11,2,2,116,-1,988,0,1,1,0,0,25,0,0,0,0,36,0,36,36,543,579,-1,0,0,1,0,-1,607271242,"6.18"
"C43681",1,2023-12-31,2023-12-30,5,,-1,6,1,1,0,5,1,0,0,25,0,0,-1,-1,-1,0,0,0,0,0,-1,0,0,-1,-1,-1,-1,0,0,0,0,0,0,-1,0,12,2,2,101,440,777,0,1,1,0,0,25,0,0,0,0,27,0,27,27,444,471,-1,0,0,1,0,-1,607271242,"6.18"
"C43682",1,2024-01-19,2024-01-18,5,,-1,0,1,1,0,5,1,0,0,25,0,0,-1,-1,-1,0,0,0,0,0,-1,0,0,-1,-1,-1,-1,0,0,0,0,0,0,-1,0,11,2,2,205,-1,942,0,1,1,0,0,25,0,0,0,0,44,0,44,44,705,749,-1,0,0,1,0,-1,607271242,"6.18"
"C43683",1,2024-02-07,2024-02-06,5,,-1,0,1,1,0,3,1,0,0,25,0,0,-1,-1,-1,0,0,0,0,0,-1,0,0,-1,-1,-1,-1,0,0,0,0,0,0,-1,0,11,2,2,101,-1,926,0,1,1,0,0,25,0,0,0,0,41,0,41,41,589,630,-1,0,0,1,0,-1,607271242,"6.18"
"C43684",1,2024-02-26,2024-02-25,5,,-1,0,1,1,0,5,1,0,0,25,0,0,-1,-1,-1,0,0,0,0,0,-1,0,0,-1,-1,-1,-1,0,0,0,0,0,0,-1,0,11,2,2,101,-1,944,0,1,1,0,0,25,0,0,0,0,4,0,4,4,654,658,-1,0,0,1,0,-1,607271242,"6.18"
"C43685",1,2024-03-17,2024-03-16,5,,-1,0,1,1,0,5,1,0,0,25,0,0,-1,-1,-1,0,0,0,0,0,-1,0,0,-1,-1,-1,-1,0,0,0,0,0,0,-1,0,11,2,2,116,-1,894,0,1,1,0,0,25,0,0,0,0,34,0,34,34,307,341,-1,0,0,1,0,-1,607271242,"6.18"
"C43686",1,2024-04-05,2024-04-04,5,,-1,0,1,1,1,5,1,0,0,25,0,0,-1,-1,-1,0,0,0,0,0,-1,0,0,-1,-1,-1,-1,0,0,0,0,0,0,-1,0,11,2,2,101,-1,888,0,1,1,1,0,25,0,0,0,0,21,0,21,21,558,579,-1,0,0,1,0,-1,607271242,"6.18"
"C43687",1,2024-04-24,2024-04-23,5,,-1,0,1,1,0,5,1,0,0,25,0,0,-1,-1,-1,0,0,0,0,0,-1,0,0,-1,-1,-1,-1,0,0,0,0,0,0,-1,0,11,2,2,204,-1,886,0,1,1,0,0,25,0,0,0,0,4,0,4,4,393,397,-1,0,0,1,0,-1,607271242,"6.18"
"C43688",1,2024-05-13,2024-05-12,5,,-1,0,1,1,0,46,1,0,0,25,0,0,-1,-1,-1,0,0,0,0,0,-1,0,0,-1,-1,-1,-1,0,0,0,0,0,0,-1,0,11,2,2,101,-1,867,0,1,1,0,0,25,0,0,0,0,4,0,4,4,386,390,-1,0,0,1,0,-1,607271242,"6.18"
"C43689",1,2024-06-01,2024-05-31,5,,-1,0,1,1,0,5,1,0,0,25,0,0,-1,-1,-1,0,0,0,0,0,-1,0,0,-1,-1,-1,-1,0,0,0,0,0,0,-1,0,11,2,2,101,-1,845,0,1,1,0,0,25,0,0,0,0,7,0,7,7,487,494,-1,0,0,1,0,-1,607271242,"6.18"
"C43690",1,2024-06-20,2024-06-19,5,,-1,6,1,1,0,5,1,0,0,25,0,0,-1,-1,-1,0,0,0,0,0,-1,0,0,-1,-1,-1,-1,0,0,0,0,0,0,-1,0,11,2,2,116,-1,817,0,1,1,0,0,25,0,0,0,0,16,0,16,16,703,719,-1,0,0,1,0,-1,607271242,"6.18"
"C43691",1,2024-07-09,2024-07-08,5,,-1,6,1,1,0,1,1,0,0,25,0,0,-1,-1,-1,0,0,0,0,0,-1,0,0,-1,-1,-1,-1,0,0,0,0,0,0,-1,0,11,2,2,101,-1,792,0,1,1,0,0,25,0,0,0,0,22,0,22,22,529,551,-1,0,0,1,0,-1,607271242,"6.18"
"C43692",1,2024-07-28,2024-07-27,5,,-1,6,1,1,0,35,1,0,0,25,0,0,-1,-1,-1,0,0,0,0,0,-1,0,0,-1,-1,-1,-1,0,0,0,0,0,0,-1,0,11,2,2,118,-1,760,0,1,1,0,0,25,0,0,0,0,35,0,35,35,376,411,-1,0,0,1,0,-1,607271242,"6.18"
"C43693",1,2024-08-16,2024-08-15,5,,-1,6,1,1,0,25,1,0,0,25,0,0,-1,-1,-1,0,0,0,0,0,-1,0,0,-1,-1,-1,-1,0,0,0,0,0,0,-1,0,11,2,2,101,-1,761,0,1,1,0,0,25,0,0,0,0,15,0,15,15,386,401,-1,0,0,1,0,-1,607271242,"6.18"
"C43694",1,2024-09-04,2024-09-03,5,,-1,2,1,1,0,5,1,0,0,25,0,0,-1,-1,-1,0,0,0,0,0,-1,0,0,-1,-1,-1,-1,0,0,0,0,0,0,-1,0,11,2,2,101,-1,723,0,1,1,0,0,25,0,0,0,0,34,0,34,34,708,742,-1,0,0,1,0,-1,607271242,"6.18"
"C43695",1,2024-09-23,2024-09-22,5,,-1,2,1,1,0,5,1,0,0,25,0,0,-1,-1,-1,0,0,0,0,0,-1,0,0,-1,-1,-1,-1,0,0,0,0,0,0,-1,0,11,2,2,116,-1,685,0,1,1,0,0,25,0,0,0,0,53,0,53,53,329,382,-1,0,0,1,0,-1,607271242,"6.18"
"C43696",1,2024-10-12,2024-10-11,5,,-1,2,1,1,0,35,1,0,0,25,0,0,-1,-1,-1,0,0,0,0,0,-1,0,0,-1,-1,-1,-1,0,0,0,0,0,0,-1,0,11,2,2,101,-1,664,0,1,1,0,0,25,0,0,0,0,55,0,55,55,675,730,-1,0,0,1,0,-1,607271242,"6.18"
"C43697",1,2024-10-31,2024-10-30,5,,-1,6,1,1,0,3,1,0,0,25,0,0,-1,-1,-1,0,0,0,0,0,-1,0,0,-1,-1,-1,-1,0,0,0,0,0,0,-1,0,11,2,2,206,-1,654,0,1,1,0,0,25,0,0,0,0,46,0,46,46,290,336,-1,0,0,1,0,-1,607271242,"6.18"
"C43698",1,2024-11-19,2024-11-18,5,,-1,2,1,1,0,5,1,0,0,25,0,0,-1,-1,-1,0,0,0,0,0,-1,0,0,-1,-1,-1,-1,0,0,0,0,0,0,-1,0,11,2,2,101,-1,643,0,1,1,0,0,25,0,0,0,0,38,0,38,38,599,637,-1,0,0,1,0,-1,607271242,"6.18"
"C43699",1,2024-12-08,2024-12-07,5,,-1,2,1,1,0,3,1,0,0,25,0,0,-1,-1,-1,0,0,0,0,0,-1,0,0,-1,-1,-1,-1,0,0,0,0,0,0,-1,0,11,2,2,101,-1,610,0,1,1,0,0,25,0,0,0,0,52,0,52,52,449,501,-1,0,0,1,0,-1,607271242,"6.18"
"C43700",1,2024-12-27,2024-12-26,5,,-1,6,1,1,0,3,1,0,0,25,0,0,-1,-1,-1,0,0,0,0,0,-1,0,0,-1,-1,-1,-1,0,0,0,0,0,0,-1,0,11,2,2,116,-1,607,0,1,1,0,0,25,0,0,0,0,36,0,36,36,278,314,-1,0,0,1,0,-1,607271242,"6.18"
"C43701",1,2025-01-15,2025-01-14,5,,-1,2,1,1,0,5,1,0,0,25,0,0,-1,-1,-1,0,0,0,0,0,-1,0,0,-1,-1,-1,-1,0,0,0,0,0,0,-1,0,11,2,2,101,-1,621,0,1,1,0,0,25,0,0,0,0,3,0,3,3,560,563,-1,0,0,1,0,-1,607271242,"6.18"
"C43702",1,2025-02-03,2025-02-02,5,,-1,6,1,1,1,5,1,0,0,25,0,0,-1,-1,-1,0,0,0,0,0,-1,0,0,-1,-1,-1,-1,0,0,0,0,0,0,-1,0,11,2,2,118,-1,552,0,1,1,1,0,25,0,0,0,0,53,0,53,53,281,334,-1,0,0,1,0,-1,607271242,"6.18"
"C43703",1,2025-02-22,2025-02-21,5,,-1,0,1,1,0,5,1,0,0,55,0,0,-1,-1,-1,0,0,0,0,0,-1,0,0,-1,-1,-1,-1,0,0,0,0,0,0,-1,0,11,2,2,101,-1,558,0,1,1,0,0,55,0,0,0,0,28,0,28,28,71,99,-1,0,0,1,0,-1,607271242,"6.18"
"C43704",1,2025-03-12,2025-03-11,5,,-1,2,1,1,0,5,1,0,0,25,0,0,-1,-1,-1,0,0,0,0,0,-1,0,0,-1,-1,-1,-1,0,0,0,0,0,0,-1,0,11,2,2,101,-1,540,0,1,1,0,0,25,0,0,0,0,28,0,28,28,504,532,-1,0,0,1,0,-1,607271242,"6.18"
"C43705",1,2025-03-31,2025-03-30,5,,-1,2,1,1,0,5,1,0,0,25,0,0,-1,-1,-1,0,0,0,0,0,-1,0,0,-1,-1,-1,-1,0,0,0,0,0,0,-1,0,11,2,2,116,-1,544,0,1,1,0,0,25,0,0,0,0,5,0,5,5,670,675,-1,0,0,1,0,-1,607271242,"6.18"
"C43706",1,2025-04-19,2025-04-18,5,,-1,2,1,1,0,5,1,0,0,25,0,0,-1,-1,-1,0,0,0,0,0,-1,0,0,-1,-1,-1,-1,0,0,0,0,0,0,-1,0,11,2,2,101,-1,477,0,1,1,0,0,25,0,0,0,0,53,0,53,53,421,474,-1,0,0,1,0,-1,607271242,"6.18"
"C43707",1,2025-05-08,2025-05-07,5,,-1,2,1,1,0,15,1,0,0,25,0,0,-1,-1,-1,0,0,0,0,0,-1,0,0,-1,-1,-1,-1,0,0,0,0,0,0,-1,0,11,2,2,336,-1,455,0,1,1,0,0,25,0,0,0,0,56,0,56,56,555,611,-1,0,0,1,0,-1,607271242,"6.18"
"C43708",1,2025-05-27,2025-05-26,5,,-1,2,1,1,0,5,1,0,0,25,0,0,-1,-1,-1,0,0,0,0,0,-1,0,0,-1,-1,-1,-1,0,0,0,0,0,0,-1,0,11,2,2,101,-1,446,0,1,1,0,0,25,0,0,0,0,46,0,46,46,480,526,-1,0,0,1,0,-1,607271242,"6.18"
"C43709",1,2025-06-15,2025-06-14,5,,-1,2,1,1,0,3,1,0,0,25,0,0,-1,-1,-1,0,0,0,0,0,-1,0,0,-1,-1,-1,-1,0,0,0,0,0,0,-1,0,11,2,2,101,-1,456,0,1,1,0,0,25,0,0,0,0,17,0,17,17,604,621,-1,0,0,1,0,-1,607271242,"6.18"
"C43710",1,2025-07-04,2025-07-03,5,,-1,2,1,1,0,5,1,0,0,55,0,0,-1,-1,-1,0,0,0,0,0,-1,0,0,-1,-1,-1,-1,0,0,0,0,0,0,-1,0,11,2,2,116,-1,412,0,1,1,0,0,55,0,0,0,0,42,0,42,42,493,535,-1,0,0,1,0,-1,607271242,"6.18"
"C43711",1,2025-07-23,2025-07-22,5,,-1,0,1,1,0,5,1,0,0,25,0,0,-1,-1,-1,0,0,0,0,0,-1,0,0,-1,-1,-1,-1,0,0,0,0,0,0,-1,0,11,2,2,101,-1,381,0,1,1,0,0,25,0,0,0,0,54,0,54,54,51,105,-1,0,0,1,0,-1,607271242,"6.18"
"C43712",1,2025-08-11,2025-08-10,5,,-1,2,1,1,0,1,1,0,0,24,0,0,-1,-1,-1,0,0,0,0,0,-1,0,0,-1,-1,-1,-1,0,0,0,0,0,0,-1,0,11,2,2,118,-1,409,0,1,1,0,0,24,0,0,0,0,7,0,7,7,496,503,-1,0,0,1,0,-1,607271242,"6.18"
"C43713",1,2025-08-30,2025-08-29,5,,-1,2,1,1,2,5,1,0,0,25,0,0,-1,-1,-1,0,0,0,0,0,-1,0,0,-1,-1,-1,-1,0,0,0,0,0,0,-1,0,11,2,2,101,-1,372,0,1,1,2,0,25,0,0,0,0,25,0,25,25,374,399,-1,0,0,1,0,-1,607271242,"6.18"
"C43714",1,2025-09-18,2025-09-17,5,,-1,1,1,1,2,1,1,0,0,25,0,0,-1,-1,-1,0,0,0,0,0,-1,0,0,-1,-1,-1,-1,0,0,0,0,0,0,-1,0,11,1,2,101,-1,351,1,1,1,2,0,25,0,0,0,0,27,0,27,27,693,720,8,0,0,1,0,-1,607271242,"6.18"
"C43715",1,2025-10-07,2025-10-06,1,,-1,1,1,1,0,5,1,0,0,25,0,0,-1,-1,-1,0,0,0,0,0,-1,0,0,-1,-1,-1,-1,0,0,0,0,0,0,-1,0,21,1,2,116,-1,335,1,1,1,0,0,25,0,0,0,0,24,0,24,24,317,341,8,0,0,1,0,-1,607271242,"6.18"
"C43716",1,2025-10-26,2025-10-25,1,,-1,1,1,1,2,5,1,0,0,25,0,0,-1,-1,-1,0,0,0,0,0,-1,0,0,-1,-1,-1,-1,0,0,0,0,0,0,-1,0,21,1,2,101,-1,336,1,1,1,2,0,25,0,0,0,0,4,0,4,4,431,435,8,0,0,1,0,-1,607271242,"6.18"
"C43717",1,2025-11-14,2025-11-13,1,,-1,1,1,1,0,3,1,0,0,24,0,0,-1,-1,-1,0,0,0,0,0,-1,0,0,-1,-1,-1,-1,0,0,0,0,0,0,-1,0,21,1,2,204,-1,277,1,1,1,0,0,24,0,0,0,0,44,0,44,44,470,514,8,0,0,1,0,-1,607271242,"6.18"
"C43718",1,2025-12-03,2025-12-02,1,,-1,1,1,1,0,5,1,0,0,24,0,0,-1,-1,-1,0,0,0,0,0,-1,0,0,-1,-1,-1,-1,0,0,0,0,0,0,-1,0,21,1,2,101,-1,253,1,1,1,0,0,24,0,0,0,0,49,0,49,49,630,679,8,0,0,1,0,-1,607271242,"6.18"
"C43719",1,2025-12-22,2025-12-21,1,,-1,1,1,1,0,3,1,0,0,25,0,0,-1,-1,-1,0,0,0,0,0,-1,0,0,-1,-1,-1,-1,0,0,0,0,0,0,-1,0,21,1,2,101,-1,276,1,1,1,0,0,25,0,0,0,0,7,0,7,7,23,30,8,0,0,1,0,-1,607271242,"6.18"
"C43720",1,2026-01-10,2026-01-09,1,,-1,1,1,1,0,5,1,0,0,25,0,0,-1,-1,-1,0,0,0,0,0,-1,0,0,-1,-1,-1,-1,0,0,0,0,0,0,-1,0,21,1,2,116,-1,225,1,1,1,0,0,25,0,0,0,0,39,0,39,39,520,559,8,0,0,1,0,-1,607271242,"6.18"
"C43721",1,2026-01-29,2026-01-28,1,,-1,1,1,1,0,5,1,0,0,25,0,0,-1,-1,-1,0,0,0,0,0,-1,0,0,-1,-1,-1,-1,0,0,0,0,0,0,-1,0,21,1,2,101,-1,213,1,1,1,0,0,25,0,0,0,0,32,0,32,32,352,384,8,0,0,1,0,-1,607271242,"6.18"
"C43722",1,2026-02-17,2026-02-16,1,,-1,1,1,1,0,3,1,0,0,55,0,0,-1,-1,-1,0,0,0,0,0,-1,0,0,-1,-1,-1,-1,0,0,0,0,0,0,-1,0,21,1,2,329,-1,178,1,1,1,0,0,55,0,0,0,0,48,0,48,48,552,600,8,0,0,1,0,-1,607271242,"6.18"
"C43723",1,2026-03-08,2026-03-07,1,,-1,1,1,1,0,56,1,0,0,55,0,0,-1,-1,-1,0,0,0,0,0,-1,0,0,-1,-1,-1,-1,0,0,0,0,0,0,-1,0,21,1,2,101,-1,161,1,1,1,0,0,55,0,0,0,0,46,0,46,46,547,593,8,0,0,1,0,-1,607271242,"6.18"
"C43724",1,2026-03-27,2026-03-26,1,,-1,1,1,1,0,5,1,0,0,24,0,0,-1,-1,-1,0,0,0,0,0,-1,0,0,-1,-1,-1,-1,0,0,0,0,0,0,-1,0,21,1,2,101,-1,153,1,1,1,0,0,24,0,0,0,0,35,0,35,35,283,318,8,0,0,1,0,-1,607271242,"6.18"
"C43725",1,2026-04-15,2026-04-14,1,,-1,1,1,1,0,5,1,0,0,25,0,0,-1,-1,-1,0,0,0,0,0,-1,0,0,-1,-1,-1,-1,0,0,0,0,0,0,-1,0,21,1,2,205,-1,140,1,1,1,0,0,25,0,0,0,0,29,0,29,29,375,404,8,0,0,1,0,-1,607271242,"6.18"
"C43726",1,2026-05-04,2026-05-03,1,,-1,1,1,1,0,5,1,0,0,25,0,0,-1,-1,-1,0,0,0,0,0,-1,0,0,-1,-1,-1,-1,0,0,0,0,0,0,-1,0,21,1,2,101,-1,104,1,1,1,0,0,25,0,0,0,0,46,0,46,46,91,137,8,0,0,1,0,-1,607271242,"6.18"
"C43727",1,2026-05-23,2026-05-22,1,,-1,1,1,1,2,15,1,0,0,55,0,0,-1,-1,-1,0,0,0,0,0,-1,0,0,-1,-1,-1,-1,0,0,0,0,0,0,-1,0,21,1,2,314,-1,97,1,1,1,2,0,55,0,0,0,0,34,0,34,34,664,698,8,0,0,1,0,-1,607271242,"6.18"
"C43728",1,2026-06-11,2026-06-10,1,,-1,1,1,1,0,3,1,0,0,25,0,0,-1,-1,-1,0,0,0,0,0,-1,0,0,-1,-1,-1,-1,0,0,0,0,0,0,-1,0,21,1,2,101,-1,59,1,1,1,0,0,25,0,0,0,0,53,0,53,53,414,467,8,0,0,1,0,-1,607271242,"6.18"
